path,source,generator,calibration_fold,voice_present,music_present,vp_panns_16k,mp_panns_16k,vp_panns_legacy,mp_panns_legacy,vp_model,mp_model
MIX::data\raw\ajaykarthick_wavefake-audio\wavefake_ajay_LJ028-0411.wav|data/raw/gtzan_unique_v2/metal.00042.wav,split_internal_mix,mix::WF3::GTZAN_genre_6,cal_b,1,1,0.28524744510650635,0.590653121471405,0.5020134449005127,0.5032715201377869,0.8882091641426086,0.7028234601020813
MIX::data\raw\openslr_librispeech_asr\librispeech_dev_2428-83699-0013.flac|data/raw/gtzan_unique_v2/rock.00084.wav,split_internal_mix,mix::LibriSpeech::GTZAN_genre_9,cal_c,1,1,0.28108033537864685,0.5725606083869934,0.502551794052124,0.5043082237243652,0.876249372959137,0.7053309082984924
data\raw\openslr_librispeech_asr\librispeech_dev_3752-4943-0023.flac,librispeech_dev,LibriSpeech,cal_b,1,0,0.8388499617576599,0.015652742236852646,0.5029786229133606,0.5062260031700134,0.9656276106834412,0.1053096503019332
data/raw/gtzan_unique_v2/reggae.00053.wav,gtzan_real_v2,GTZAN_genre_8,cal_c,0,1,0.023932604119181633,0.8796795010566711,0.5017048716545105,0.5033177733421326,0.8721457123756409,0.9968979954719543
data/raw/gtzan_unique_v2/rock.00057.wav,gtzan_real_v2,GTZAN_genre_9,cal_c,0,1,0.034941453486680984,0.8421035408973694,0.5010780692100525,0.5019813179969788,0.7944765090942383,0.9999930262565612
MIX::data\raw\openslr_librispeech_asr\librispeech_dev_3752-4943-0018.flac|data\raw\fake_music_generated\fake_music_MusicGen_0196.wav,split_internal_mix,mix::LibriSpeech::MusicGen,cal_b,1,1,0.7829558849334717,0.042867034673690796,0.5032253265380859,0.505811333656311,0.9551592469215392,0.0939478203654289
data\raw\ajaykarthick_wavefake-audio\wavefake_ajay_LJ019-0389.wav,wavefake_ajay,WF5,cal_a,1,0,0.8546460866928101,0.026536978781223297,0.5039110779762268,0.5064590573310852,0.9751232266426086,0.081877663731575
data\raw\ajaykarthick_wavefake-audio\wavefake_ajay_LJ002-0032.wav,wavefake_ajay,WF3,cal_b,1,0,0.8049678206443787,0.025776516646146774,0.5029056072235107,0.5057262778282166,0.9546757340431212,0.1336308568716049
MIX::data\raw\openslr_librispeech_asr\librispeech_dev_2428-83699-0012.flac|data\raw\fake_music_generated\fake_music_AudioLDM2_0157.wav,split_internal_mix,mix::LibriSpeech::AudioLDM2,cal_c,1,1,0.19325880706310272,0.017112549394369125,0.5020867586135864,0.5028432607650757,0.7317761182785034,0.9994641542434692
MIX::data\raw\ajaykarthick_wavefake-audio\wavefake_ajay_LJ015-0100.wav|data\raw\fake_music_generated\fake_music_AudioLDM2_0095.wav,split_internal_mix,mix::R::AudioLDM2,cal_a,1,1,0.6853231191635132,0.054692018777132034,0.5030156373977661,0.5057746767997742,0.9649447202682496,0.3686091303825378
MIX::data\raw\openslr_librispeech_asr\librispeech_dev_3752-4943-0021.flac|data/raw/gtzan_unique_v2/jazz.00078.wav,split_internal_mix,mix::LibriSpeech::GTZAN_genre_5,cal_b,1,1,0.28937774896621704,0.4585953950881958,0.5017297863960266,0.5032158493995667,0.8415172696113586,0.7881271839141846
data\raw\fake_music_generated\fake_music_AudioLDM2_0053.wav,fake_music_generated,AudioLDM2,cal_b,0,1,0.014867923222482204,0.02872021496295929,0.5013247728347778,0.5020115971565247,0.6811188459396362,0.9998787641525269
MIX::data\raw\ajaykarthick_wavefake-audio\wavefake_ajay_LJ019-0347.wav|data/raw/gtzan_unique_v2/jazz.00099.wav,split_internal_mix,mix::WF2::GTZAN_genre_5,cal_c,1,1,0.02171468548476696,0.6910886764526367,0.5012524724006653,0.5020720362663269,0.7684841156005859,0.999998152256012
MIX::data\raw\openslr_librispeech_asr\librispeech_dev_8842-302196-0006.flac|data/raw/gtzan_unique_v2/rock.00006.wav,split_internal_mix,mix::LibriSpeech::GTZAN_genre_9,cal_c,1,1,0.027413034811615944,0.8749920725822449,0.5013668537139893,0.5023393630981445,0.7483237385749817,0.9999907612800598
data\raw\ajaykarthick_wavefake-audio\wavefake_ajay_LJ043-0044.wav,wavefake_ajay,WF6,cal_c,1,0,0.8380040526390076,0.03141520917415619,0.5025309920310974,0.5047205090522766,0.9694800972938538,0.1101244688034057
data\raw\ajaykarthick_wavefake-audio\wavefake_ajay_LJ050-0248.wav,wavefake_ajay,WF4,cal_a,1,0,0.7857949733734131,0.03649669885635376,0.5029404163360596,0.5050281286239624,0.9723076820373536,0.0905753076076507
data\raw\openslr_librispeech_asr\librispeech_dev_2428-83705-0015.flac,librispeech_dev,LibriSpeech,cal_c,1,0,0.7915083765983582,0.026833653450012207,0.5027523040771484,0.5052897334098816,0.9609168767929076,0.0794260501861572
MIX::data\raw\openslr_librispeech_asr\librispeech_dev_2428-83705-0007.flac|data/raw/gtzan_unique_v2/pop.00089.wav,split_internal_mix,mix::LibriSpeech::GTZAN_genre_7,cal_c,1,1,0.23341704905033112,0.8304656147956848,0.5011968016624451,0.5024365782737732,0.8821030259132385,0.9714655876159668
MIX::data\raw\Bisher_ASVspoof_2019_LA\asvspoof2019_LA_T_9457505.flac|data/raw/gtzan_unique_v2/blues.00062.wav,split_internal_mix,mix::bonafide::GTZAN_genre_0,cal_b,1,1,0.16115692257881165,0.8585349917411804,0.501112163066864,0.5019071102142334,0.8314138054847717,0.9999442100524902
data\raw\openslr_librispeech_asr\librispeech_dev_3752-4943-0028.flac,librispeech_dev,LibriSpeech,cal_b,1,0,0.9097028970718384,0.016451016068458557,0.5023998022079468,0.5042182207107544,0.9254737496376038,0.1267727017402649
data\raw\ajaykarthick_wavefake-audio\wavefake_ajay_LJ017-0031.wav,wavefake_ajay,WF4,cal_a,1,0,0.7997974753379822,0.04024709761142731,0.5024785995483398,0.5047724843025208,0.954927921295166,0.1177599877119064
MIX::data\raw\ajaykarthick_wavefake-audio\wavefake_ajay_LJ028-0343.wav|data/raw/gtzan_unique_v2/metal.00086.wav,split_internal_mix,mix::WF7::GTZAN_genre_6,cal_b,1,1,0.28008732199668884,0.5535455346107483,0.5014737248420715,0.5027278065681458,0.890495240688324,0.7098175883293152
MIX::data\raw\ajaykarthick_wavefake-audio\wavefake_ajay_LJ017-0043_WF7_2.wav|data\raw\fake_music_generated\fake_music_AudioLDM2_0223.wav,split_internal_mix,mix::WF7::AudioLDM2,cal_a,1,1,0.8293589353561401,0.023783840239048004,0.5029190182685852,0.5053945779800415,0.963064193725586,0.13241907954216
data/raw/gtzan_unique_v2/reggae.00013.wav,gtzan_real_v2,GTZAN_genre_8,cal_a,0,1,0.026833442971110344,0.7944815158843994,0.5013943314552307,0.5024471282958984,0.8482292294502258,0.9981089234352112
MIX::data\raw\ajaykarthick_wavefake-audio\wavefake_ajay_LJ015-0113.wav|data\raw\fake_music_generated\fake_music_AudioLDM2_0043.wav,split_internal_mix,mix::WF2::AudioLDM2,cal_a,1,1,0.16784247756004333,0.04050320386886597,0.5031157732009888,0.5048890113830566,0.8055160045623779,0.9991707801818848
data/raw/gtzan_unique_v2/pop.00011.wav,gtzan_real_v2,GTZAN_genre_7,cal_b,0,1,0.01688413880765438,0.7986354827880859,0.5013999938964844,0.5024465918540955,0.796347439289093,0.999999701976776
MIX::data\raw\ajaykarthick_wavefake-audio\wavefake_ajay_LJ043-0043.wav|data\raw\fake_music_generated\fake_music_AudioLDM2_0147.wav,split_internal_mix,mix::WF2::AudioLDM2,cal_a,1,1,0.32134273648262024,0.0643850639462471,0.5012785196304321,0.5020211935043335,0.6970065832138062,0.9996310472488404
data\raw\openslr_librispeech_asr\librispeech_dev_3752-4943-0014.flac,librispeech_dev,LibriSpeech,cal_b,1,0,0.8458963632583618,0.02378986030817032,0.5032555460929871,0.5061410665512085,0.956064760684967,0.0762681514024734
MIX::data\raw\ajaykarthick_wavefake-audio\wavefake_ajay_LJ015-0100.wav|data/raw/gtzan_unique_v2/jazz.00091.wav,split_internal_mix,mix::R::GTZAN_genre_5,cal_a,1,1,0.3613092005252838,0.7015312314033508,0.5012640953063965,0.5024083256721497,0.6468400359153748,0.9999999403953552
MIX::data\raw\ajaykarthick_wavefake-audio\wavefake_ajay_LJ045-0176.wav|data/raw/gtzan_unique_v2/pop.00020.wav,split_internal_mix,mix::WF3::GTZAN_genre_7,cal_c,1,1,0.29368698596954346,0.5522370338439941,0.5014050602912903,0.5026114583015442,0.898911714553833,0.7032988667488098
data\raw\fake_music_generated\fake_music_MusicGen_0082.wav,fake_music_generated,MusicGen,cal_c,0,1,0.015020595863461494,0.04116196185350418,0.50162273645401,0.5022554993629456,0.6667109727859497,0.9998953342437744
data/raw/gtzan_unique_v2/disco.00093.wav,gtzan_real_v2,GTZAN_genre_3,cal_c,0,1,0.024465173482894897,0.8692348003387451,0.5012006163597107,0.5022462010383606,0.7896440625190735,0.9999942779541016
data\raw\fake_music_generated\fake_music_MusicGen_0104.wav,fake_music_generated,MusicGen,cal_b,0,1,0.012879451736807823,0.018514998257160187,0.5013971924781799,0.5020313858985901,0.6642419099807739,0.999964952468872
data/raw/gtzan_unique_v2/country.00036.wav,gtzan_real_v2,GTZAN_genre_2,cal_b,0,1,0.1601259559392929,0.7893136143684387,0.502173900604248,0.503613293170929,0.8622932434082031,0.9999893307685852
MIX::data\raw\ajaykarthick_wavefake-audio\wavefake_ajay_LJ017-0043.wav|data/raw/gtzan_unique_v2/pop.00013.wav,split_internal_mix,mix::WF5::GTZAN_genre_7,cal_a,1,1,0.28634387254714966,0.5441057682037354,0.5027318000793457,0.505048930644989,0.8608136177062988,0.7125063538551331
data\raw\fake_music_generated\fake_music_AudioLDM2_0167.wav,fake_music_generated,AudioLDM2,cal_a,0,1,0.013555165380239487,0.011500298045575619,0.5011563301086426,0.5019202828407288,0.6698628067970276,0.9999728202819824
MIX::data\raw\ajaykarthick_wavefake-audio\wavefake_ajay_LJ019-0320.wav|data/raw/gtzan_unique_v2/reggae.00019.wav,split_internal_mix,mix::WF7::GTZAN_genre_8,cal_a,1,1,0.02785174362361431,0.8824755549430847,0.5015363097190857,0.5027549266815186,0.817192018032074,0.9998294711112976
data\raw\ajaykarthick_wavefake-audio\wavefake_ajay_LJ008-0306.wav,wavefake_ajay,WF7,cal_b,1,0,0.7782099843025208,0.03458378091454506,0.5024069547653198,0.5048280954360962,0.9515224695205688,0.159717708826065
MIX::data\raw\Bisher_ASVspoof_2019_LA\asvspoof2019_LA_T_3103059.flac|data\raw\fake_music_generated\fake_music_AudioLDM2_0241.wav,split_internal_mix,mix::A01::AudioLDM2,cal_b,1,1,0.7428301572799683,0.03066112846136093,0.5027275681495667,0.5042777061462402,0.963339865207672,0.0884886384010315
MIX::data\raw\Bisher_ASVspoof_2019_LA\asvspoof2019_LA_T_8700513.flac|data/raw/gtzan_unique_v2/disco.00090.wav,split_internal_mix,mix::bonafide::GTZAN_genre_3,cal_b,1,1,0.01849728636443615,0.8661797642707825,0.5008292198181152,0.5014756321907043,0.8498851656913757,0.9999942779541016
MIX::data\raw\openslr_librispeech_asr\librispeech_dev_3752-4943-0021.flac|data\raw\fake_music_generated\fake_music_MusicGen_0196.wav,split_internal_mix,mix::LibriSpeech::MusicGen,cal_b,1,1,0.4247121512889862,0.05137954652309418,0.502140462398529,0.5038124322891235,0.8329588174819946,0.679584264755249
MIX::data\raw\Bisher_ASVspoof_2019_LA\asvspoof2019_LA_T_3103059.flac|data/raw/gtzan_unique_v2/jazz.00001.wav,split_internal_mix,mix::A01::GTZAN_genre_5,cal_b,1,1,0.2327767014503479,0.5070866942405701,0.5017405152320862,0.5032718777656555,0.8664194941520691,0.6980328559875488
data/raw/gtzan_unique_v2/blues.00025.wav,gtzan_real_v2,GTZAN_genre_0,cal_c,0,1,0.22918610274791718,0.8392925262451172,0.501893937587738,0.5033542513847351,0.7760448455810547,0.9993513226509094
data/raw/gtzan_unique_v2/pop.00081.wav,gtzan_real_v2,GTZAN_genre_7,cal_c,0,1,0.02062525600194931,0.8338907361030579,0.5010537505149841,0.5018027424812317,0.8241917490959167,0.9999373555183412
data\raw\Bisher_ASVspoof_2019_LA\asvspoof2019_LA_T_5061056.flac,asvspoof2019,A01,cal_b,1,0,0.797893762588501,0.039393503218889236,0.504445493221283,0.5079047679901123,0.98279470205307,0.0335341989994049
MIX::data\raw\openslr_librispeech_asr\librispeech_dev_3752-4943-0014.flac|data\raw\fake_music_generated\fake_music_MusicGen_0196.wav,split_internal_mix,mix::LibriSpeech::MusicGen,cal_b,1,1,0.010341432876884937,0.048614077270030975,0.5010790228843689,0.5016367435455322,0.6713176965713501,0.9997358918190002
data/raw/gtzan_unique_v2/pop.00019.wav,gtzan_real_v2,GTZAN_genre_7,cal_a,0,1,0.024014392867684364,0.8155574798583984,0.5014522075653076,0.502810537815094,0.700293242931366,0.99997216463089
MIX::data\raw\ajaykarthick_wavefake-audio\wavefake_ajay_LJ015-0100.wav|data\raw\fake_music_generated\fake_music_AudioLDM2_0103.wav,split_internal_mix,mix::R::AudioLDM2,cal_a,1,1,0.15685757994651794,0.027894752100110054,0.5030653476715088,0.504610538482666,0.827362060546875,0.999154806137085
MIX::data\raw\openslr_librispeech_asr\librispeech_dev_2428-83699-0004.flac|data\raw\fake_music_generated\fake_music_AudioLDM2_0295.wav,split_internal_mix,mix::LibriSpeech::AudioLDM2,cal_c,1,1,0.6123139262199402,0.04306257516145706,0.5034008026123047,0.5062244534492493,0.9205885529518129,0.9701565504074096
data/raw/gtzan_unique_v2/country.00060.wav,gtzan_real_v2,GTZAN_genre_2,cal_b,0,1,0.026145106181502342,0.8428874015808105,0.5011675357818604,0.5020244121551514,0.7273697853088379,1.0
data\raw\fake_music_generated\fake_music_MusicGen_0196.wav,fake_music_generated,MusicGen,cal_b,0,1,0.01052842102944851,0.0509829968214035,0.5012076497077942,0.5017548203468323,0.6831739544868469,0.9997572302818298
data/raw/gtzan_unique_v2/rock.00076.wav,gtzan_real_v2,GTZAN_genre_9,cal_a,0,1,0.024619361385703087,0.8498983383178711,0.5010557174682617,0.5019156336784363,0.7515397667884827,0.9999985098838806
MIX::data\raw\ajaykarthick_wavefake-audio\wavefake_ajay_LJ043-0044.wav|data/raw/gtzan_unique_v2/pop.00073.wav,split_internal_mix,mix::WF6::GTZAN_genre_7,cal_c,1,1,0.027665158733725548,0.8138497471809387,0.5009834170341492,0.5019599795341492,0.7845415472984314,0.9999964833259584
MIX::data\raw\ajaykarthick_wavefake-audio\wavefake_ajay_LJ042-0239.wav|data\raw\fake_music_generated\fake_music_AudioLDM2_0011.wav,split_internal_mix,mix::WF7::AudioLDM2,cal_a,1,1,0.40885862708091736,0.04008541256189346,0.5028306841850281,0.5048359632492065,0.8795512914657593,0.5599119067192078
MIX::data\raw\ajaykarthick_wavefake-audio\wavefake_ajay_LJ043-0063.wav|data/raw/gtzan_unique_v2/disco.00019.wav,split_internal_mix,mix::WF1::GTZAN_genre_3,cal_c,1,1,0.02069658227264881,0.8536181449890137,0.5015704035758972,0.5027167201042175,0.7768653035163879,0.99998277425766
data/raw/gtzan_unique_v2/hiphop.00021.wav,gtzan_real_v2,GTZAN_genre_4,cal_c,0,1,0.03511548414826393,0.829805850982666,0.5014131665229797,0.5026975870132446,0.7050830721855164,0.9999708533287048
data\raw\openslr_librispeech_asr\librispeech_dev_2428-83705-0007.flac,librispeech_dev,LibriSpeech,cal_c,1,0,0.8912255764007568,0.013204878196120262,0.5029535889625549,0.5057480335235596,0.9592375159263612,0.0648945420980453
MIX::data\raw\ajaykarthick_wavefake-audio\wavefake_ajay_LJ028-0343.wav|data/raw/gtzan_unique_v2/metal.00086.wav,split_internal_mix,mix::WF7::GTZAN_genre_6,cal_b,1,1,0.022159511223435402,0.793864905834198,0.5013524293899536,0.5025797486305237,0.754352331161499,0.999866247177124
MIX::data\raw\ajaykarthick_wavefake-audio\wavefake_ajay_LJ043-0044_WF3_1.wav|data\raw\fake_music_generated\fake_music_MusicGen_0122.wav,split_internal_mix,mix::WF3::MusicGen,cal_c,1,1,0.29986798763275146,0.0884309634566307,0.50136798620224,0.5018672347068787,0.6751397848129272,0.9988570213317872
data/raw/gtzan_unique_v2/blues.00062.wav,gtzan_real_v2,GTZAN_genre_0,cal_b,0,1,0.03265802189707756,0.8618924021720886,0.5009991526603699,0.501952588558197,0.7940681576728821,0.999964952468872
MIX::data\raw\openslr_librispeech_asr\librispeech_dev_2428-83705-0015.flac|data/raw/gtzan_unique_v2/pop.00054.wav,split_internal_mix,mix::LibriSpeech::GTZAN_genre_7,cal_c,1,1,0.03046179749071598,0.8035674095153809,0.5010897517204285,0.5021142959594727,0.7904184460639954,0.9995376467704772
data\raw\Bisher_ASVspoof_2019_LA\asvspoof2019_LA_T_6556926.flac,asvspoof2019,A01,cal_b,1,0,0.7841447591781616,0.03764010965824127,0.5044300556182861,0.5076029896736145,0.9689285159111024,0.0348005071282386
MIX::data\raw\openslr_librispeech_asr\librispeech_dev_2428-83705-0029.flac|data/raw/gtzan_unique_v2/metal.00039.wav,split_internal_mix,mix::LibriSpeech::GTZAN_genre_6,cal_c,1,1,0.28726282715797424,0.5898993611335754,0.5022904872894287,0.5036497116088867,0.8667311668395996,0.6945567727088928
MIX::data\raw\ajaykarthick_wavefake-audio\wavefake_ajay_LJ030-0001.wav|data\raw\fake_music_generated\fake_music_AudioLDM2_0157.wav,split_internal_mix,mix::WF3::AudioLDM2,cal_c,1,1,0.7188957929611206,0.04439067840576172,0.5029313564300537,0.5053079128265381,0.964245855808258,0.0901583135128021
MIX::data\raw\openslr_librispeech_asr\librispeech_dev_8842-304647-0013.flac|data/raw/gtzan_unique_v2/metal.00050.wav,split_internal_mix,mix::LibriSpeech::GTZAN_genre_6,cal_c,1,1,0.059318993240594864,0.8499693870544434,0.500739574432373,0.5015793442726135,0.8519911766052246,0.9999048113822936
MIX::data\raw\ajaykarthick_wavefake-audio\wavefake_ajay_LJ019-0269_WF1_1.wav|data/raw/gtzan_unique_v2/rock.00006.wav,split_internal_mix,mix::WF1::GTZAN_genre_9,cal_c,1,1,0.028510278090834618,0.8628480434417725,0.5011292695999146,0.5020266175270081,0.797823429107666,0.9999950528144836
MIX::data\raw\openslr_librispeech_asr\librispeech_dev_3752-4944-0066.flac|data/raw/gtzan_unique_v2/country.00036.wav,split_internal_mix,mix::LibriSpeech::GTZAN_genre_2,cal_b,1,1,0.4063090980052948,0.7766520977020264,0.5020089745521545,0.5032449960708618,0.8592996597290039,0.9973708987236024
MIX::data\raw\openslr_librispeech_asr\librispeech_dev_2428-83705-0026.flac|data\raw\fake_music_generated\fake_music_AudioLDM2_0175.wav,split_internal_mix,mix::LibriSpeech::AudioLDM2,cal_c,1,1,0.40236616134643555,0.05215853452682495,0.5034934282302856,0.5061334371566772,0.9105930924415588,0.5573092699050903
data/raw/gtzan_unique_v2/disco.00067.wav,gtzan_real_v2,GTZAN_genre_3,cal_b,0,1,0.022411078214645386,0.838668167591095,0.5011253952980042,0.5020005106925964,0.8162137866020203,0.9999933242797852
data\raw\openslr_librispeech_asr\librispeech_dev_1462-170138-0014.flac,librispeech_dev,LibriSpeech,cal_b,1,0,0.7823730111122131,0.018870798870921135,0.5030356049537659,0.5054560303688049,0.9369090795516968,0.1678299158811569
data/raw/gtzan_unique_v2/rock.00086.wav,gtzan_real_v2,GTZAN_genre_9,cal_b,0,1,0.026379957795143127,0.8186197280883789,0.5013108849525452,0.5025249123573303,0.8034964203834534,0.9999114871025084
data\raw\ajaykarthick_wavefake-audio\wavefake_ajay_LJ015-0113.wav,wavefake_ajay,WF2,cal_a,1,0,0.7776839733123779,0.019785908982157707,0.5030176043510437,0.5058602690696716,0.9671351313591005,0.0853648111224174
MIX::data\raw\ajaykarthick_wavefake-audio\wavefake_ajay_LJ028-0411.wav|data/raw/gtzan_unique_v2/reggae.00060.wav,split_internal_mix,mix::WF3::GTZAN_genre_8,cal_b,1,1,0.02858249843120575,0.8670473098754883,0.5010793209075928,0.502051830291748,0.7443225383758545,0.9999375343322754
MIX::data\raw\ajaykarthick_wavefake-audio\wavefake_ajay_LJ050-0242.wav|data\raw\fake_music_generated\fake_music_AudioLDM2_0263.wav,split_internal_mix,mix::WF2::AudioLDM2,cal_c,1,1,0.269747793674469,0.04661683738231659,0.5016436576843262,0.5023256540298462,0.7283221483230591,0.9996240139007568
MIX::data\raw\ajaykarthick_wavefake-audio\wavefake_ajay_LJ002-0032_WF1_1.wav|data/raw/gtzan_unique_v2/metal.00086.wav,split_internal_mix,mix::WF1::GTZAN_genre_6,cal_b,1,1,0.018562084063887596,0.8090836405754089,0.50101637840271,0.5020434260368347,0.8114233613014221,0.9999939799308776
MIX::data\raw\Bisher_ASVspoof_2019_LA\asvspoof2019_LA_T_7598099.flac|data\raw\fake_music_generated\fake_music_AudioLDM2_0241.wav,split_internal_mix,mix::A01::AudioLDM2,cal_b,1,1,0.3373730480670929,0.08313494175672531,0.5021442174911499,0.5030609369277954,0.8267148733139038,0.9980257749557496
MIX::data\raw\openslr_librispeech_asr\librispeech_dev_8842-304647-0013.flac|data\raw\fake_music_generated\fake_music_AudioLDM2_0263.wav,split_internal_mix,mix::LibriSpeech::AudioLDM2,cal_c,1,1,0.48731184005737305,0.2316431701183319,0.5024106502532959,0.5041468739509583,0.8872281312942505,0.9533859491348268
data\raw\ajaykarthick_wavefake-audio\wavefake_ajay_LJ050-0187.wav,wavefake_ajay,WF4,cal_a,1,0,0.7923976182937622,0.036862026900053024,0.5027483701705933,0.505416989326477,0.9675558805465698,0.1051466539502143
data/raw/gtzan_unique_v2/jazz.00092.wav,gtzan_real_v2,GTZAN_genre_5,cal_c,0,1,0.01580272801220417,0.7032129764556885,0.5019304752349854,0.5033799409866333,0.6810194849967957,0.999983549118042
MIX::data\raw\openslr_librispeech_asr\librispeech_dev_1462-170142-0024.flac|data\raw\fake_music_generated\fake_music_AudioLDM2_0159.wav,split_internal_mix,mix::LibriSpeech::AudioLDM2,cal_b,1,1,0.016376426443457603,0.03093249723315239,0.502604603767395,0.5033983588218689,0.7629669308662415,0.9999325275421144
data/raw/gtzan_unique_v2/reggae.00019.wav,gtzan_real_v2,GTZAN_genre_8,cal_a,0,1,0.035129446536302567,0.8784410357475281,0.5014858841896057,0.5027358531951904,0.8141692280769348,0.9997240900993348
data\raw\fake_music_generated\fake_music_AudioLDM2_0067.wav,fake_music_generated,AudioLDM2,cal_c,0,1,0.01595706306397915,0.030899660661816597,0.5012284517288208,0.5019610524177551,0.6840566992759705,0.999935746192932
MIX::data\raw\ajaykarthick_wavefake-audio\wavefake_ajay_LJ015-0100.wav|data/raw/gtzan_unique_v2/classical.00002.wav,split_internal_mix,mix::R::GTZAN_genre_1,cal_a,1,1,0.017671367153525352,0.6548272967338562,0.5011973977088928,0.5019120573997498,0.7713732719421387,1.0
MIX::data\raw\openslr_librispeech_asr\librispeech_dev_3752-4944-0066.flac|data\raw\fake_music_generated\fake_music_AudioLDM2_0161.wav,split_internal_mix,mix::LibriSpeech::AudioLDM2,cal_b,1,1,0.40342140197753906,0.21253545582294464,0.5019740462303162,0.5032346844673157,0.7754124402999878,0.9985550045967102
data/raw/gtzan_unique_v2/blues.00066.wav,gtzan_real_v2,GTZAN_genre_0,cal_a,0,1,0.024974381551146507,0.8626958727836609,0.5009300112724304,0.5017103552818298,0.7960963249206543,0.9999995231628418
MIX::data\raw\openslr_librispeech_asr\librispeech_dev_2428-83699-0039.flac|data\raw\fake_music_generated\fake_music_AudioLDM2_0067.wav,split_internal_mix,mix::LibriSpeech::AudioLDM2,cal_c,1,1,0.5009194016456604,0.5401317477226257,0.5036983489990234,0.5066388845443726,0.9383177757263184,0.997546136379242
data\raw\Bisher_ASVspoof_2019_LA\asvspoof2019_LA_T_4252818.flac,asvspoof2019,A01,cal_b,1,0,0.6457506418228149,0.04787134379148483,0.5038388967514038,0.5068190097808838,0.964791774749756,0.0522256270051002
MIX::data\raw\ajaykarthick_wavefake-audio\wavefake_ajay_LJ015-0100.wav|data\raw\fake_music_generated\fake_music_AudioLDM2_0011.wav,split_internal_mix,mix::R::AudioLDM2,cal_a,1,1,0.24474379420280457,0.05195099115371704,0.5032276511192322,0.5052465200424194,0.8490029573440552,0.9969395399093628
MIX::data\raw\openslr_librispeech_asr\librispeech_dev_2428-83705-0015.flac|data\raw\fake_music_generated\fake_music_AudioLDM2_0171.wav,split_internal_mix,mix::LibriSpeech::AudioLDM2,cal_c,1,1,0.41762876510620117,0.4733351469039917,0.5025715231895447,0.5042927265167236,0.8726182579994202,0.9662927389144896
MIX::data\raw\ajaykarthick_wavefake-audio\wavefake_ajay_LJ028-0375.wav|data\raw\fake_music_generated\fake_music_MusicGen_0154.wav,split_internal_mix,mix::R::MusicGen,cal_c,1,1,0.7131145000457764,0.1914743334054947,0.5029792785644531,0.5056483745574951,0.9529160261154176,0.2042067945003509
MIX::data\raw\ajaykarthick_wavefake-audio\wavefake_ajay_LJ015-0100.wav|data/raw/gtzan_unique_v2/disco.00052.wav,split_internal_mix,mix::R::GTZAN_genre_3,cal_a,1,1,0.26901528239250183,0.586215615272522,0.5014244318008423,0.5026126503944397,0.9052887558937072,0.6966342926025391
data/raw/gtzan_unique_v2/classical.00048.wav,gtzan_real_v2,GTZAN_genre_1,cal_a,0,1,0.020484542474150658,0.6806624531745911,0.5015616416931152,0.5027394890785217,0.6626021862030029,1.0
data/raw/gtzan_unique_v2/classical.00002.wav,gtzan_real_v2,GTZAN_genre_1,cal_a,0,1,0.01886872388422489,0.6414241194725037,0.5009700655937195,0.5019447207450867,0.8197360634803772,0.9999999403953552
MIX::data\raw\ajaykarthick_wavefake-audio\wavefake_ajay_LJ050-0187.wav|data\raw\fake_music_generated\fake_music_AudioLDM2_0043.wav,split_internal_mix,mix::WF4::AudioLDM2,cal_a,1,1,0.8021315932273865,0.03633797541260719,0.5029404759407043,0.5053560733795166,0.9665775299072266,0.0958300083875656
data\raw\fake_music_generated\fake_music_MusicGen_0060.wav,fake_music_generated,MusicGen,cal_a,0,1,0.015348108485341072,0.014637401327490807,0.5012478828430176,0.5021523237228394,0.6569733619689941,0.999305248260498
MIX::data\raw\ajaykarthick_wavefake-audio\wavefake_ajay_LJ016-0393.wav|data\raw\fake_music_generated\fake_music_AudioLDM2_0157.wav,split_internal_mix,mix::WF7::AudioLDM2,cal_c,1,1,0.020109914243221283,0.03501296788454056,0.5029954314231873,0.5044467449188232,0.755052924156189,0.999902606010437
data\raw\ajaykarthick_wavefake-audio\wavefake_ajay_LJ050-0190.wav,wavefake_ajay,WF7,cal_a,1,0,0.8195128440856934,0.028374984860420227,0.502896249294281,0.5049242377281189,0.9637998342514038,0.1257071495056152
MIX::data\raw\ajaykarthick_wavefake-audio\wavefake_ajay_LJ050-0187.wav|data\raw\fake_music_generated\fake_music_AudioLDM2_0223.wav,split_internal_mix,mix::WF4::AudioLDM2,cal_a,1,1,0.39616385102272034,0.06874454021453857,0.5019663572311401,0.5028277635574341,0.815471887588501,0.9933100938796996
data/raw/gtzan_unique_v2/pop.00029.wav,gtzan_real_v2,GTZAN_genre_7,cal_c,0,1,0.03861546143889427,0.7903094291687012,0.5012717843055725,0.5023797154426575,0.7095330357551575,0.9999983906745912
MIX::data\raw\openslr_librispeech_asr\librispeech_dev_2428-83699-0033.flac|data\raw\fake_music_generated\fake_music_AudioLDM2_0175.wav,split_internal_mix,mix::LibriSpeech::AudioLDM2,cal_c,1,1,0.019839176908135414,0.07480303198099136,0.5027262568473816,0.503659725189209,0.7279826402664185,0.9999291896820068
MIX::data\raw\ajaykarthick_wavefake-audio\wavefake_ajay_LJ015-0100.wav|data/raw/gtzan_unique_v2/reggae.00012.wav,split_internal_mix,mix::R::GTZAN_genre_8,cal_a,1,1,0.02418227680027485,0.8814792037010193,0.501075804233551,0.5018061995506287,0.8571906089782715,0.9991968274116516
MIX::data\raw\Bisher_ASVspoof_2019_LA\asvspoof2019_LA_T_8130994.flac|data/raw/gtzan_unique_v2/blues.00078.wav,split_internal_mix,mix::A01::GTZAN_genre_0,cal_b,1,1,0.033509280532598495,0.9065095782279968,0.5016931891441345,0.5031647682189941,0.6687186360359192,0.9999882578849792
MIX::data\raw\ajaykarthick_wavefake-audio\wavefake_ajay_LJ028-0356.wav|data\raw\fake_music_generated\fake_music_AudioLDM2_0069.wav,split_internal_mix,mix::WF5::AudioLDM2,cal_c,1,1,0.363582968711853,0.04232894256711006,0.5020660161972046,0.5033084750175476,0.8911982178688049,0.975507915019989
MIX::data\raw\ajaykarthick_wavefake-audio\wavefake_ajay_LJ019-0269.wav|data\raw\fake_music_generated\fake_music_AudioLDM2_0275.wav,split_internal_mix,mix::WF7::AudioLDM2,cal_c,1,1,0.01505146361887455,0.031922027468681335,0.5023419857025146,0.5031294822692871,0.7057561278343201,0.999836802482605
data\raw\Bisher_ASVspoof_2019_LA\asvspoof2019_LA_T_5554253.flac,asvspoof2019,bonafide,cal_b,1,0,0.6598231792449951,0.014203364960849285,0.5028150081634521,0.5054455995559692,0.9456617832183838,0.1391439586877823
MIX::data\raw\openslr_librispeech_asr\librispeech_dev_3752-4944-0025.flac|data/raw/gtzan_unique_v2/hiphop.00055.wav,split_internal_mix,mix::LibriSpeech::GTZAN_genre_4,cal_b,1,1,0.06288670003414154,0.8682923316955566,0.5011188387870789,0.5017597675323486,0.8013136982917786,0.9998435378074646
MIX::data\raw\openslr_librispeech_asr\librispeech_dev_2428-83705-0029.flac|data\raw\fake_music_generated\fake_music_AudioLDM2_0005.wav,split_internal_mix,mix::LibriSpeech::AudioLDM2,cal_c,1,1,0.5654715895652771,0.3871038854122162,0.5012492537498474,0.501839816570282,0.6787605285644531,0.9994599223136902
data\raw\openslr_librispeech_asr\librispeech_dev_2428-83705-0026.flac,librispeech_dev,LibriSpeech,cal_c,1,0,0.7765041589736938,0.024817004799842834,0.5030599236488342,0.505622386932373,0.9614440202713012,0.0735638588666915
data/raw/gtzan_unique_v2/classical.00088.wav,gtzan_real_v2,GTZAN_genre_1,cal_a,0,1,0.0200446005910635,0.578529953956604,0.5010085105895996,0.5027121901512146,0.8446299433708191,0.9999985694885254
data\raw\openslr_librispeech_asr\librispeech_dev_1462-170145-0021.flac,librispeech_dev,LibriSpeech,cal_b,1,0,0.7448624968528748,0.027781212702393532,0.5039055347442627,0.5069966316223145,0.9568765163421632,0.0494459867477417
MIX::data\raw\openslr_librispeech_asr\librispeech_dev_3752-4944-0050.flac|data/raw/gtzan_unique_v2/country.00093.wav,split_internal_mix,mix::LibriSpeech::GTZAN_genre_2,cal_b,1,1,0.022576840594410896,0.8676331043243408,0.5012966990470886,0.502187192440033,0.7027958035469055,0.9999990463256836
data\raw\openslr_librispeech_asr\librispeech_dev_1462-170142-0037.flac,librispeech_dev,LibriSpeech,cal_b,1,0,0.7222179174423218,0.021079735830426216,0.5026479959487915,0.5047754645347595,0.9259781241416932,0.1363742500543594
MIX::data\raw\ajaykarthick_wavefake-audio\wavefake_ajay_LJ048-0162.wav|data/raw/gtzan_unique_v2/blues.00062.wav,split_internal_mix,mix::WF7::GTZAN_genre_0,cal_b,1,1,0.026887884363532066,0.8657248616218567,0.5010054707527161,0.5020932555198669,0.7538525462150574,0.9999747276306152
MIX::data\raw\ajaykarthick_wavefake-audio\wavefake_ajay_LJ017-0043_WF3_1.wav|data\raw\fake_music_generated\fake_music_MusicGen_0060.wav,split_internal_mix,mix::WF3::MusicGen,cal_a,1,1,0.8235740661621094,0.022582435980439186,0.5029048919677734,0.5053474307060242,0.9641835689544678,0.1285678297281265
MIX::data\raw\ajaykarthick_wavefake-audio\wavefake_ajay_LJ015-0100.wav|data\raw\fake_music_generated\fake_music_MusicGen_0060.wav,split_internal_mix,mix::R::MusicGen,cal_a,1,1,0.46460115909576416,0.05892814323306084,0.5011618137359619,0.5020121335983276,0.6832611560821533,0.9853860139846802
MIX::data\raw\openslr_librispeech_asr\librispeech_dev_8842-302201-0005.flac|data\raw\fake_music_generated\fake_music_AudioLDM2_0069.wav,split_internal_mix,mix::LibriSpeech::AudioLDM2,cal_c,1,1,0.6043698191642761,0.03890189155936241,0.5021920800209045,0.5037350058555603,0.9303045272827148,0.3980979025363922
data\raw\Bisher_ASVspoof_2019_LA\asvspoof2019_LA_T_6066800.flac,asvspoof2019,bonafide,cal_b,1,0,0.816926896572113,0.012191267684102058,0.5032677054405212,0.5057666301727295,0.970370888710022,0.1014634147286415
data\raw\Bisher_ASVspoof_2019_LA\asvspoof2019_LA_T_9745018.flac,asvspoof2019,bonafide,cal_b,1,0,0.6910325884819031,0.009439798071980476,0.503187358379364,0.5062332153320312,0.9702853560447692,0.0866946652531623
MIX::data\raw\ajaykarthick_wavefake-audio\wavefake_ajay_LJ019-0365.wav|data\raw\fake_music_generated\fake_music_AudioLDM2_0091.wav,split_internal_mix,mix::WF5::AudioLDM2,cal_b,1,1,0.7882241010665894,0.024481836706399918,0.5025113821029663,0.5048376321792603,0.9653356075286864,0.1142661496996879
data\raw\ajaykarthick_wavefake-audio\wavefake_ajay_LJ045-0176.wav,wavefake_ajay,WF3,cal_c,1,0,0.7979335188865662,0.03141368180513382,0.5025135278701782,0.5051056742668152,0.9579054713249208,0.1116504073143005
MIX::data\raw\ajaykarthick_wavefake-audio\wavefake_ajay_LJ030-0001_WF4_1.wav|data/raw/gtzan_unique_v2/reggae.00050.wav,split_internal_mix,mix::WF4::GTZAN_genre_8,cal_c,1,1,0.07315292954444885,0.8966957926750183,0.5009210109710693,0.5016695857048035,0.8692968487739563,0.9998744130134584
data\raw\fake_music_generated\fake_music_MusicGen_0154.wav,fake_music_generated,MusicGen,cal_c,0,1,0.01600545272231102,0.013499869033694267,0.5015718340873718,0.502310574054718,0.658039391040802,0.9999402761459352
data/raw/gtzan_unique_v2/metal.00042.wav,gtzan_real_v2,GTZAN_genre_6,cal_b,0,1,0.020009547472000122,0.8086785674095154,0.5011410713195801,0.5021764039993286,0.8247995972633362,0.9999650120735168
MIX::data\raw\ajaykarthick_wavefake-audio\wavefake_ajay_LJ015-0100.wav|data\raw\fake_music_generated\fake_music_AudioLDM2_0043.wav,split_internal_mix,mix::R::AudioLDM2,cal_a,1,1,0.797569990158081,0.24670366942882538,0.5024043321609497,0.5050417184829712,0.9481130242347716,0.3243358731269836
data/raw/gtzan_unique_v2/country.00034.wav,gtzan_real_v2,GTZAN_genre_2,cal_a,0,1,0.03307480737566948,0.8775103688240051,0.501069962978363,0.5019274950027466,0.8452551364898682,0.9994810223579408
MIX::data\raw\ajaykarthick_wavefake-audio\wavefake_ajay_LJ015-0100.wav|data/raw/gtzan_unique_v2/metal.00069.wav,split_internal_mix,mix::R::GTZAN_genre_6,cal_a,1,1,0.2928414046764374,0.5828588008880615,0.5030106902122498,0.5052966475486755,0.8679253458976746,0.7210955619812012
MIX::data\raw\ajaykarthick_wavefake-audio\wavefake_ajay_LJ015-0100.wav|data\raw\fake_music_generated\fake_music_MusicGen_0052.wav,split_internal_mix,mix::R::MusicGen,cal_a,1,1,0.6878159642219543,0.1276991367340088,0.5027881860733032,0.5053771734237671,0.9545049667358398,0.3389672040939331
MIX::data\raw\openslr_librispeech_asr\librispeech_dev_8842-304647-0001.flac|data/raw/gtzan_unique_v2/pop.00020.wav,split_internal_mix,mix::LibriSpeech::GTZAN_genre_7,cal_c,1,1,0.02352781593799591,0.7726859450340271,0.5016456246376038,0.5031198263168335,0.690152645111084,0.999976634979248
MIX::data\raw\Bisher_ASVspoof_2019_LA\asvspoof2019_LA_T_8130994.flac|data/raw/gtzan_unique_v2/metal.00042.wav,split_internal_mix,mix::A01::GTZAN_genre_6,cal_b,1,1,0.2038368135690689,0.78982013463974,0.5014727711677551,0.5022844672203064,0.8821787238121033,0.9893184304237366
MIX::data\raw\ajaykarthick_wavefake-audio\wavefake_ajay_LJ029-0162.wav|data\raw\fake_music_generated\fake_music_AudioLDM2_0053.wav,split_internal_mix,mix::WF7::AudioLDM2,cal_b,1,1,0.3945888876914978,0.2716183066368103,0.5021946430206299,0.5034789443016052,0.8917151689529419,0.9380961656570436
MIX::data\raw\openslr_librispeech_asr\librispeech_dev_8842-302196-0003.flac|data\raw\fake_music_generated\fake_music_AudioLDM2_0015.wav,split_internal_mix,mix::LibriSpeech::AudioLDM2,cal_c,1,1,0.8214668035507202,0.026483260095119476,0.5018836259841919,0.5030578374862671,0.9086387157440186,0.1173021495342254
data/raw/gtzan_unique_v2/reggae.00030.wav,gtzan_real_v2,GTZAN_genre_8,cal_c,0,1,0.018038542941212654,0.8996427059173584,0.5018388628959656,0.5034969449043274,0.9011735916137696,0.9928338527679444
data\raw\openslr_librispeech_asr\librispeech_dev_1462-170138-0003.flac,librispeech_dev,LibriSpeech,cal_b,1,0,0.8329495787620544,0.033196821808815,0.504051685333252,0.5071871280670166,0.9626434445381165,0.0768211781978607
MIX::data\raw\Bisher_ASVspoof_2019_LA\asvspoof2019_LA_T_9457505.flac|data/raw/gtzan_unique_v2/jazz.00001.wav,split_internal_mix,mix::bonafide::GTZAN_genre_5,cal_b,1,1,0.2335136979818344,0.4942878484725952,0.502143383026123,0.5044102668762207,0.8588535785675049,0.7021989226341248
MIX::data\raw\openslr_librispeech_asr\librispeech_dev_8842-302201-0005.flac|data/raw/gtzan_unique_v2/rock.00079.wav,split_internal_mix,mix::LibriSpeech::GTZAN_genre_9,cal_c,1,1,0.016525328159332275,0.8443401455879211,0.5014561414718628,0.5027903318405151,0.6989416480064392,0.9999353289604188
MIX::data\raw\ajaykarthick_wavefake-audio\wavefake_ajay_LJ015-0100.wav|data/raw/gtzan_unique_v2/metal.00003.wav,split_internal_mix,mix::R::GTZAN_genre_6,cal_a,1,1,0.021774889901280403,0.8588691353797913,0.501498818397522,0.5029188990592957,0.7287092804908752,0.999979555606842
data/raw/gtzan_unique_v2/blues.00016.wav,gtzan_real_v2,GTZAN_genre_0,cal_c,0,1,0.03512699156999588,0.7677111029624939,0.5015721321105957,0.5031675100326538,0.7717952728271484,0.998028039932251
MIX::data\raw\ajaykarthick_wavefake-audio\wavefake_ajay_LJ015-0100.wav|data\raw\fake_music_generated\fake_music_AudioLDM2_0223.wav,split_internal_mix,mix::R::AudioLDM2,cal_a,1,1,0.18071557581424713,0.07318700850009918,0.5020816922187805,0.5027952790260315,0.7868989706039429,0.9969707727432252
MIX::data\raw\ajaykarthick_wavefake-audio\wavefake_ajay_LJ017-0043.wav|data/raw/gtzan_unique_v2/rock.00008.wav,split_internal_mix,mix::WF5::GTZAN_genre_9,cal_a,1,1,0.18311433494091034,0.8372220993041992,0.501733660697937,0.5029402375221252,0.6604484915733337,0.9999315142631532
data\raw\ajaykarthick_wavefake-audio\wavefake_ajay_LJ045-0153.wav,wavefake_ajay,WF6,cal_b,1,0,0.806637704372406,0.022726915776729584,0.503034234046936,0.5054944753646851,0.9703410267829896,0.1636925488710403
data\raw\openslr_librispeech_asr\librispeech_dev_1462-170145-0014.flac,librispeech_dev,LibriSpeech,cal_b,1,0,0.819388210773468,0.02267874777317047,0.5039929747581482,0.5067291259765625,0.9612407684326172,0.0745429471135139
data\raw\ajaykarthick_wavefake-audio\wavefake_ajay_LJ008-0307.wav,wavefake_ajay,WF5,cal_a,1,0,0.8337332010269165,0.040356360375881195,0.5030394792556763,0.5054351687431335,0.9657464623451232,0.13278229534626
data\raw\fake_music_generated\fake_music_AudioLDM2_0107.wav,fake_music_generated,AudioLDM2,cal_a,0,1,0.012797589413821697,0.026643143966794014,0.5017431974411011,0.5023137927055359,0.6665527820587158,0.9999693632125854
MIX::data\raw\ajaykarthick_wavefake-audio\wavefake_ajay_LJ043-0044.wav|data/raw/gtzan_unique_v2/pop.00073.wav,split_internal_mix,mix::WF6::GTZAN_genre_7,cal_c,1,1,0.30837759375572205,0.5448521971702576,0.5014761090278625,0.502604603767395,0.8900802731513977,0.70941561460495
data/raw/gtzan_unique_v2/jazz.00091.wav,gtzan_real_v2,GTZAN_genre_5,cal_a,0,1,0.022056760266423225,0.6732866168022156,0.5022091269493103,0.5037237405776978,0.6949024200439453,1.0
data\raw\ajaykarthick_wavefake-audio\wavefake_ajay_LJ044-0100_WF7_1.wav,wavefake_ajay,WF7,cal_a,1,0,0.8097372055053711,0.028553852811455727,0.5027105808258057,0.5048327445983887,0.95017409324646,0.1148252710700035
data/raw/gtzan_unique_v2/disco.00052.wav,gtzan_real_v2,GTZAN_genre_3,cal_a,0,1,0.017590299248695374,0.8660526275634766,0.5013387203216553,0.5026229619979858,0.782520055770874,0.9999966621398926
data\raw\ajaykarthick_wavefake-audio\wavefake_ajay_LJ050-0242.wav,wavefake_ajay,WF2,cal_c,1,0,0.8261997699737549,0.03310966119170189,0.5027325749397278,0.5046796202659607,0.9660427570343018,0.0934137552976608
data/raw/gtzan_unique_v2/pop.00064.wav,gtzan_real_v2,GTZAN_genre_7,cal_b,0,1,0.051122475415468216,0.863034725189209,0.5012179613113403,0.5024244785308838,0.7989811897277832,0.9987804889678956
MIX::data\raw\ajaykarthick_wavefake-audio\wavefake_ajay_LJ015-0100.wav|data\raw\fake_music_generated\fake_music_AudioLDM2_0167.wav,split_internal_mix,mix::R::AudioLDM2,cal_a,1,1,0.00820527970790863,0.012202277779579163,0.5011272430419922,0.5023084282875061,0.6965392827987671,0.9998437166213988
MIX::data\raw\ajaykarthick_wavefake-audio\wavefake_ajay_LJ015-0113_WF5_1.wav|data\raw\fake_music_generated\fake_music_AudioLDM2_0003.wav,split_internal_mix,mix::WF5::AudioLDM2,cal_a,1,1,0.39025476574897766,0.0497342012822628,0.5019229650497437,0.503063440322876,0.8648456335067749,0.9171071648597716
data\raw\openslr_librispeech_asr\librispeech_dev_2428-83705-0029.flac,librispeech_dev,LibriSpeech,cal_c,1,0,0.7956895232200623,0.03077845089137554,0.5028189420700073,0.5052114129066467,0.9500941038131714,0.080887421965599
MIX::data\raw\ajaykarthick_wavefake-audio\wavefake_ajay_LJ015-0100.wav|data\raw\fake_music_generated\fake_music_AudioLDM2_0089.wav,split_internal_mix,mix::R::AudioLDM2,cal_a,1,1,0.8091585636138916,0.028915809467434883,0.5027412176132202,0.5054724216461182,0.9528659582138062,0.1268425583839416
data\raw\openslr_librispeech_asr\librispeech_dev_2428-83699-0039.flac,librispeech_dev,LibriSpeech,cal_c,1,0,0.8147727847099304,0.039348848164081573,0.5040764212608337,0.5074087977409363,0.9625057578086852,0.0408116765320301
data/raw/gtzan_unique_v2/rock.00006.wav,gtzan_real_v2,GTZAN_genre_9,cal_c,0,1,0.02945307455956936,0.8539614081382751,0.5015082955360413,0.5025897026062012,0.7130317091941833,0.9999982714653016
data\raw\fake_music_generated\fake_music_AudioLDM2_0181.wav,fake_music_generated,AudioLDM2,cal_b,0,1,0.015854695811867714,0.021348007023334503,0.5013338923454285,0.5021077990531921,0.6610854268074036,0.99997878074646
data\raw\openslr_librispeech_asr\librispeech_dev_2428-83699-0033.flac,librispeech_dev,LibriSpeech,cal_c,1,0,0.8310335278511047,0.02539132721722126,0.5027258396148682,0.5051473379135132,0.9532597064971924,0.0654733628034591
MIX::data\raw\Bisher_ASVspoof_2019_LA\asvspoof2019_LA_T_9110555.flac|data\raw\fake_music_generated\fake_music_AudioLDM2_0033.wav,split_internal_mix,mix::bonafide::AudioLDM2,cal_b,1,1,0.008531971834599972,0.007886291481554508,0.5015548467636108,0.502501368522644,0.6269208788871765,0.9996039867401124
MIX::data\raw\openslr_librispeech_asr\librispeech_dev_8842-302203-0002.flac|data/raw/gtzan_unique_v2/rock.00006.wav,split_internal_mix,mix::LibriSpeech::GTZAN_genre_9,cal_c,1,1,0.5621188282966614,0.29827532172203064,0.5025815367698669,0.5047743916511536,0.9279209971427916,0.4246083498001098
data\raw\Bisher_ASVspoof_2019_LA\asvspoof2019_LA_T_6208966.flac,asvspoof2019,A01,cal_b,1,0,0.7905204892158508,0.04228919744491577,0.5038314461708069,0.506774365901947,0.9679188132286072,0.0363795235753059
MIX::data\raw\openslr_librispeech_asr\librispeech_dev_2428-83705-0037.flac|data\raw\fake_music_generated\fake_music_AudioLDM2_0175.wav,split_internal_mix,mix::LibriSpeech::AudioLDM2,cal_c,1,1,0.15263518691062927,0.03200245648622513,0.503423810005188,0.5054818391799927,0.8422774076461792,0.991188943386078
data\raw\ajaykarthick_wavefake-audio\wavefake_ajay_LJ019-0320_WF2_1.wav,wavefake_ajay,WF2,cal_a,1,0,0.8060339689254761,0.03445643559098244,0.5025928020477295,0.5044772624969482,0.9631062150001526,0.1936988085508346
data/raw/gtzan_unique_v2/jazz.00014.wav,gtzan_real_v2,GTZAN_genre_5,cal_c,0,1,0.021796949207782745,0.6804723739624023,0.5023528933525085,0.5044370293617249,0.6978183388710022,0.99992436170578
MIX::data\raw\ajaykarthick_wavefake-audio\wavefake_ajay_LJ042-0239.wav|data/raw/gtzan_unique_v2/classical.00037.wav,split_internal_mix,mix::WF7::GTZAN_genre_1,cal_a,1,1,0.2816573679447174,0.45227256417274475,0.5015677213668823,0.502848744392395,0.8587697148323059,0.7084543108940125
data\raw\ajaykarthick_wavefake-audio\wavefake_ajay_LJ042-0239.wav,wavefake_ajay,WF7,cal_a,1,0,0.8064165711402893,0.03483322635293007,0.5025533437728882,0.5045413374900818,0.9662453532218932,0.1253633648157119
data\raw\ajaykarthick_wavefake-audio\wavefake_ajay_LJ028-0369.wav,wavefake_ajay,WF7,cal_a,1,0,0.9032139778137207,0.01326744444668293,0.5032053589820862,0.5052850246429443,0.968344748020172,0.0920959711074829
data/raw/gtzan_unique_v2/hiphop.00012.wav,gtzan_real_v2,GTZAN_genre_4,cal_a,0,1,0.08117956668138504,0.8630461692810059,0.501265823841095,0.5023138523101807,0.7406327724456787,0.999995231628418
MIX::data\raw\ajaykarthick_wavefake-audio\wavefake_ajay_LJ008-0269.wav|data\raw\fake_music_generated\fake_music_AudioLDM2_0241.wav,split_internal_mix,mix::WF3::AudioLDM2,cal_b,1,1,0.20906725525856018,0.03516419231891632,0.5020840764045715,0.503078818321228,0.7877938747406006,0.999093532562256
data\raw\ajaykarthick_wavefake-audio\wavefake_ajay_LJ008-0257.wav,wavefake_ajay,R,cal_c,1,0,0.7803489565849304,0.029324393719434738,0.5027751922607422,0.5051309466362,0.9593024253845216,0.2037302851676941
data\raw\openslr_librispeech_asr\librispeech_dev_8842-302196-0008.flac,librispeech_dev,LibriSpeech,cal_c,1,0,0.790204644203186,0.02849881909787655,0.5019734501838684,0.5029756426811218,0.925155520439148,0.1083233729004859
MIX::data\raw\ajaykarthick_wavefake-audio\wavefake_ajay_LJ048-0167.wav|data\raw\fake_music_generated\fake_music_AudioLDM2_0067.wav,split_internal_mix,mix::WF5::AudioLDM2,cal_c,1,1,0.8041491508483887,0.03210422024130821,0.5024767518043518,0.504403829574585,0.9696733951568604,0.0775981396436691
data/raw/gtzan_unique_v2/reggae.00026.wav,gtzan_real_v2,GTZAN_genre_8,cal_c,0,1,0.016923105344176292,0.8892340064048767,0.5013111233711243,0.502229630947113,0.7857370376586914,0.9999683499336244
MIX::data\raw\ajaykarthick_wavefake-audio\wavefake_ajay_LJ019-0365.wav|data/raw/gtzan_unique_v2/pop.00011.wav,split_internal_mix,mix::WF5::GTZAN_genre_7,cal_b,1,1,0.4500734508037567,0.7357824444770813,0.5018513798713684,0.503836452960968,0.8810407519340515,0.91226464509964
MIX::data\raw\ajaykarthick_wavefake-audio\wavefake_ajay_LJ015-0100.wav|data\raw\fake_music_generated\fake_music_AudioLDM2_0011.wav,split_internal_mix,mix::R::AudioLDM2,cal_a,1,1,0.28412842750549316,0.051059626042842865,0.5023407936096191,0.5036550760269165,0.7780120372772217,0.9961174726486206
MIX::data\raw\ajaykarthick_wavefake-audio\wavefake_ajay_LJ015-0100.wav|data/raw/gtzan_unique_v2/classical.00002.wav,split_internal_mix,mix::R::GTZAN_genre_1,cal_a,1,1,0.017572583630681038,0.6412180662155151,0.5012821555137634,0.5020717978477478,0.7464458346366882,1.0
data\raw\fake_music_generated\fake_music_AudioLDM2_0063.wav,fake_music_generated,AudioLDM2,cal_c,0,1,0.010469668544828892,0.016414199024438858,0.5013298988342285,0.5020204186439514,0.646109938621521,0.999919295310974
data\raw\fake_music_generated\fake_music_AudioLDM2_0175.wav,fake_music_generated,AudioLDM2,cal_c,0,1,0.017195016145706177,0.019051505252718925,0.5015315413475037,0.5022425651550293,0.6562318801879883,0.9999345541000366
data\raw\Bisher_ASVspoof_2019_LA\asvspoof2019_LA_T_5937046.flac,asvspoof2019,bonafide,cal_b,1,0,0.7830297350883484,0.017595402896404266,0.5035105347633362,0.5071442723274231,0.9654710292816162,0.0892336592078208
MIX::data\raw\openslr_librispeech_asr\librispeech_dev_2428-83699-0031.flac|data/raw/gtzan_unique_v2/pop.00089.wav,split_internal_mix,mix::LibriSpeech::GTZAN_genre_7,cal_c,1,1,0.3032046854496002,0.796811580657959,0.5029558539390564,0.5050227046012878,0.9111625552177428,0.7406189441680908
data/raw/gtzan_unique_v2/reggae.00040.wav,gtzan_real_v2,GTZAN_genre_8,cal_a,0,1,0.06757864356040955,0.6671199202537537,0.5015958547592163,0.503011167049408,0.8992994427680969,0.9978418350219728
data/raw/gtzan_unique_v2/rock.00008.wav,gtzan_real_v2,GTZAN_genre_9,cal_a,0,1,0.15153369307518005,0.8026261329650879,0.5019214153289795,0.5032352805137634,0.6202759742736816,0.9999718070030212
MIX::data\raw\ajaykarthick_wavefake-audio\wavefake_ajay_LJ015-0100.wav|data/raw/gtzan_unique_v2/country.00074.wav,split_internal_mix,mix::R::GTZAN_genre_2,cal_a,1,1,0.28713276982307434,0.5903847813606262,0.5016088485717773,0.5033347606658936,0.881781816482544,0.7395739555358887
data\raw\Bisher_ASVspoof_2019_LA\asvspoof2019_LA_T_9048829.flac,asvspoof2019,A01,cal_b,1,0,0.687533438205719,0.045316144824028015,0.5039116740226746,0.5069168210029602,0.973908305168152,0.0458724722266197
MIX::data\raw\Bisher_ASVspoof_2019_LA\asvspoof2019_LA_T_8722988.flac|data\raw\fake_music_generated\fake_music_AudioLDM2_0297.wav,split_internal_mix,mix::A01::AudioLDM2,cal_b,1,1,0.4184403419494629,0.03484950214624405,0.5037662982940674,0.5066616535186768,0.945503830909729,0.8900282382965088
MIX::data\raw\ajaykarthick_wavefake-audio\wavefake_ajay_LJ017-0017.wav|data/raw/gtzan_unique_v2/classical.00026.wav,split_internal_mix,mix::WF1::GTZAN_genre_1,cal_a,1,1,0.2813582122325897,0.7115254402160645,0.5020923018455505,0.5048490166664124,0.8698785305023193,0.9910996556282043
MIX::data\raw\ajaykarthick_wavefake-audio\wavefake_ajay_LJ043-0044_WF3_1.wav|data\raw\fake_music_generated\fake_music_AudioLDM2_0175.wav,split_internal_mix,mix::WF3::AudioLDM2,cal_c,1,1,0.5306947231292725,0.6277391910552979,0.5019524097442627,0.503625750541687,0.9288175106048584,0.8265476822853088
MIX::data\raw\Bisher_ASVspoof_2019_LA\asvspoof2019_LA_T_3103059.flac|data\raw\fake_music_generated\fake_music_MusicGen_0258.wav,split_internal_mix,mix::A01::MusicGen,cal_b,1,1,0.48523303866386414,0.19597572088241577,0.5019060969352722,0.5026995539665222,0.8943356275558472,0.6600751280784607
MIX::data\raw\ajaykarthick_wavefake-audio\wavefake_ajay_LJ043-0043.wav|data\raw\fake_music_generated\fake_music_AudioLDM2_0147.wav,split_internal_mix,mix::WF2::AudioLDM2,cal_a,1,1,0.8057339191436768,0.02508869767189026,0.5025678873062134,0.5049186944961548,0.956746518611908,0.1218351125717163
data\raw\ajaykarthick_wavefake-audio\wavefake_ajay_LJ028-0364.wav,wavefake_ajay,WF3,cal_c,1,0,0.8747887015342712,0.030569421127438545,0.5040038824081421,0.5067902207374573,0.9736610651016236,0.0832912325859069
data\raw\ajaykarthick_wavefake-audio\wavefake_ajay_LJ019-0269_WF1_1.wav,wavefake_ajay,WF1,cal_c,1,0,0.79596346616745,0.028288327157497406,0.5035844445228577,0.5064923167228699,0.9686667919158936,0.0734750628471374
data\raw\ajaykarthick_wavefake-audio\wavefake_ajay_LJ048-0178.wav,wavefake_ajay,WF7,cal_b,1,0,0.8325267434120178,0.032545700669288635,0.5027626156806946,0.5045691728591919,0.9640765190124512,0.0922599732875824
MIX::data\raw\ajaykarthick_wavefake-audio\wavefake_ajay_LJ019-0347.wav|data/raw/gtzan_unique_v2/metal.00039.wav,split_internal_mix,mix::WF2::GTZAN_genre_6,cal_c,1,1,0.2871307134628296,0.5752812027931213,0.5012112855911255,0.5021480917930603,0.8807551264762878,0.7010504603385925
MIX::data\raw\ajaykarthick_wavefake-audio\wavefake_ajay_LJ017-0043.wav|data/raw/gtzan_unique_v2/disco.00052.wav,split_internal_mix,mix::WF5::GTZAN_genre_3,cal_a,1,1,0.01950308494269848,0.859071671962738,0.5013964176177979,0.5026276707649231,0.7812722325325012,0.9999954104423524
MIX::data\raw\ajaykarthick_wavefake-audio\wavefake_ajay_LJ017-0043_WF7_2.wav|data/raw/gtzan_unique_v2/blues.00098.wav,split_internal_mix,mix::WF7::GTZAN_genre_0,cal_a,1,1,0.20944535732269287,0.8027483820915222,0.5009955763816833,0.5019811391830444,0.8118441104888916,0.9999182224273682
MIX::data\raw\ajaykarthick_wavefake-audio\wavefake_ajay_LJ043-0044.wav|data/raw/gtzan_unique_v2/metal.00050.wav,split_internal_mix,mix::WF6::GTZAN_genre_6,cal_c,1,1,0.3561820685863495,0.5950424671173096,0.5016718506813049,0.5027483105659485,0.8936701416969299,0.691942036151886
MIX::data\raw\ajaykarthick_wavefake-audio\wavefake_ajay_LJ030-0001_WF4_1.wav|data\raw\fake_music_generated\fake_music_AudioLDM2_0069.wav,split_internal_mix,mix::WF4::AudioLDM2,cal_c,1,1,0.28290361166000366,0.01753198727965355,0.5021731853485107,0.503353476524353,0.8460221290588379,0.9499448537826538
MIX::data\raw\openslr_librispeech_asr\librispeech_dev_8842-304647-0001.flac|data/raw/gtzan_unique_v2/blues.00047.wav,split_internal_mix,mix::LibriSpeech::GTZAN_genre_0,cal_c,1,1,0.016392044723033905,0.8404425978660583,0.5008962750434875,0.5014470219612122,0.8208429217338562,0.9999988079071044
data\raw\fake_music_generated\fake_music_AudioLDM2_0025.wav,fake_music_generated,AudioLDM2,cal_b,0,1,0.014156438410282135,0.03057975135743618,0.5013113617897034,0.5020225644111633,0.6577643156051636,0.9999295473098756
data\raw\openslr_librispeech_asr\librispeech_dev_1462-170145-0001.flac,librispeech_dev,LibriSpeech,cal_b,1,0,0.7689918875694275,0.03542907163500786,0.5028402805328369,0.5048046112060547,0.9166988134384156,0.1468471735715866
MIX::data\raw\ajaykarthick_wavefake-audio\wavefake_ajay_LJ043-0043.wav|data/raw/gtzan_unique_v2/blues.00084.wav,split_internal_mix,mix::WF2::GTZAN_genre_0,cal_a,1,1,0.027842968702316284,0.8117392659187317,0.5010830760002136,0.5016422867774963,0.8434990048408508,0.9999966621398926
data\raw\openslr_librispeech_asr\librispeech_dev_2428-83699-0031.flac,librispeech_dev,LibriSpeech,cal_c,1,0,0.8864991068840027,0.016558781266212463,0.5033482909202576,0.5060245990753174,0.9639317393302916,0.0655650347471237
data/raw/gtzan_unique_v2/hiphop.00053.wav,gtzan_real_v2,GTZAN_genre_4,cal_a,0,1,0.05340331792831421,0.8716446757316589,0.5014033317565918,0.5024167895317078,0.8890113830566406,0.992976188659668
data/raw/gtzan_unique_v2/reggae.00003.wav,gtzan_real_v2,GTZAN_genre_8,cal_a,0,1,0.021635450422763824,0.885204017162323,0.5012982487678528,0.5022109150886536,0.8287530541419983,0.9999697804450988
MIX::data\raw\ajaykarthick_wavefake-audio\wavefake_ajay_LJ045-0153.wav|data/raw/gtzan_unique_v2/reggae.00060.wav,split_internal_mix,mix::WF6::GTZAN_genre_8,cal_b,1,1,0.026677444577217102,0.8629780411720276,0.5011224150657654,0.5018523335456848,0.7739661335945129,0.9999865889549256
data/raw/gtzan_unique_v2/rock.00011.wav,gtzan_real_v2,GTZAN_genre_9,cal_b,0,1,0.06633426994085312,0.8731886744499207,0.5011006593704224,0.5017073750495911,0.7907924652099609,0.9999983310699464
MIX::data\raw\ajaykarthick_wavefake-audio\wavefake_ajay_LJ015-0100.wav|data\raw\fake_music_generated\fake_music_AudioLDM2_0089.wav,split_internal_mix,mix::R::AudioLDM2,cal_a,1,1,0.22917230427265167,0.0495738759636879,0.5019074082374573,0.5030549168586731,0.7723957300186157,0.9894773960113524
MIX::data\raw\ajaykarthick_wavefake-audio\wavefake_ajay_LJ048-0167.wav|data/raw/gtzan_unique_v2/disco.00098.wav,split_internal_mix,mix::WF5::GTZAN_genre_3,cal_c,1,1,0.29189011454582214,0.5787115693092346,0.5015368461608887,0.5025267004966736,0.9095621705055236,0.6929711699485779
MIX::data\raw\ajaykarthick_wavefake-audio\wavefake_ajay_LJ015-0100.wav|data\raw\fake_music_generated\fake_music_AudioLDM2_0011.wav,split_internal_mix,mix::R::AudioLDM2,cal_a,1,1,0.27091360092163086,0.06819947063922882,0.5027917623519897,0.504435658454895,0.8139766454696655,0.9961451292037964
MIX::data\raw\openslr_librispeech_asr\librispeech_dev_1462-170145-0021.flac|data/raw/gtzan_unique_v2/disco.00067.wav,split_internal_mix,mix::LibriSpeech::GTZAN_genre_3,cal_b,1,1,0.02097918651998043,0.8365192413330078,0.5014156699180603,0.5025377869606018,0.7471420168876648,0.9999964833259584
data\raw\fake_music_generated\fake_music_AudioLDM2_0007.wav,fake_music_generated,AudioLDM2,cal_b,0,1,0.01117376796901226,0.007693801540881395,0.5013576149940491,0.502301037311554,0.6513715386390686,0.9994593262672424
MIX::data\raw\ajaykarthick_wavefake-audio\wavefake_ajay_LJ017-0017.wav|data/raw/gtzan_unique_v2/reggae.00017.wav,split_internal_mix,mix::WF1::GTZAN_genre_8,cal_a,1,1,0.27595585584640503,0.5846773982048035,0.503089964389801,0.5054062008857727,0.8999244570732117,0.6967179179191589
data/raw/gtzan_unique_v2/reggae.00069.wav,gtzan_real_v2,GTZAN_genre_8,cal_a,0,1,0.021986888721585274,0.8290281295776367,0.501196026802063,0.5021460652351379,0.795762836933136,0.999947726726532
MIX::data\raw\ajaykarthick_wavefake-audio\wavefake_ajay_LJ028-0364.wav|data/raw/gtzan_unique_v2/reggae.00026.wav,split_internal_mix,mix::WF3::GTZAN_genre_8,cal_c,1,1,0.040524791926145554,0.8781124949455261,0.5022920370101929,0.5038143992424011,0.8533313870429993,0.9999385476112366
MIX::data\raw\ajaykarthick_wavefake-audio\wavefake_ajay_LJ015-0113_WF5_1.wav|data\raw\fake_music_generated\fake_music_AudioLDM2_0103.wav,split_internal_mix,mix::WF5::AudioLDM2,cal_a,1,1,0.49646228551864624,0.4505835175514221,0.5026460886001587,0.5052536129951477,0.9474141001701356,0.7351586222648621
MIX::data\raw\ajaykarthick_wavefake-audio\wavefake_ajay_LJ015-0100.wav|data\raw\fake_music_generated\fake_music_AudioLDM2_0107.wav,split_internal_mix,mix::R::AudioLDM2,cal_a,1,1,0.8097857236862183,0.02848268672823906,0.5024421215057373,0.5049460530281067,0.9393882751464844,0.1017320156097412
data\raw\Bisher_ASVspoof_2019_LA\asvspoof2019_LA_T_8130994.flac,asvspoof2019,A01,cal_b,1,0,0.7943861484527588,0.031303517520427704,0.5039283037185669,0.5069797039031982,0.9588590264320374,0.0356002636253833
data\raw\fake_music_generated\fake_music_AudioLDM2_0241.wav,fake_music_generated,AudioLDM2,cal_b,0,1,0.016243144869804382,0.02847130037844181,0.501255989074707,0.5019717216491699,0.6740343570709229,0.9999775886535645
MIX::data\raw\Bisher_ASVspoof_2019_LA\asvspoof2019_LA_T_9457505.flac|data\raw\fake_music_generated\fake_music_AudioLDM2_0227.wav,split_internal_mix,mix::bonafide::AudioLDM2,cal_b,1,1,0.018389791250228882,0.020459484308958054,0.5022257566452026,0.5029894113540649,0.6931352019309998,0.9997963905334472
data\raw\openslr_librispeech_asr\librispeech_dev_1462-170142-0024.flac,librispeech_dev,LibriSpeech,cal_b,1,0,0.8488395810127258,0.03044607862830162,0.504246711730957,0.5073550343513489,0.9507743716239928,0.0467539578676223
data\raw\ajaykarthick_wavefake-audio\wavefake_ajay_LJ028-0411.wav,wavefake_ajay,WF3,cal_b,1,0,0.8044955730438232,0.04040178656578064,0.5024579167366028,0.5047558546066284,0.956421971321106,0.1010093167424202
data/raw/gtzan_unique_v2/pop.00070.wav,gtzan_real_v2,GTZAN_genre_7,cal_b,0,1,0.03204268217086792,0.825328528881073,0.5014950633049011,0.5030028820037842,0.8251304030418396,0.9994807839393616
MIX::data\raw\ajaykarthick_wavefake-audio\wavefake_ajay_LJ030-0001.wav|data/raw/gtzan_unique_v2/reggae.00026.wav,split_internal_mix,mix::WF3::GTZAN_genre_8,cal_c,1,1,0.5006567239761353,0.7696563601493835,0.501963198184967,0.503320574760437,0.8854474425315857,0.9447765350341796
MIX::data\raw\ajaykarthick_wavefake-audio\wavefake_ajay_LJ050-0242.wav|data\raw\fake_music_generated\fake_music_AudioLDM2_0157.wav,split_internal_mix,mix::WF2::AudioLDM2,cal_c,1,1,0.2642744183540344,0.022146236151456833,0.5022008419036865,0.5030003190040588,0.7282243371009827,0.999556601047516
MIX::data\raw\ajaykarthick_wavefake-audio\wavefake_ajay_LJ008-0269.wav|data\raw\fake_music_generated\fake_music_AudioLDM2_0297.wav,split_internal_mix,mix::WF3::AudioLDM2,cal_b,1,1,0.7606922388076782,0.05487310513854027,0.5031651258468628,0.5057956576347351,0.9601277112960817,0.2474672496318817
data\raw\fake_music_generated\fake_music_AudioLDM2_0263.wav,fake_music_generated,AudioLDM2,cal_c,0,1,0.013090236112475395,0.026708681136369705,0.5015637874603271,0.5021642446517944,0.6649949550628662,0.9999443292617798
MIX::data\raw\openslr_librispeech_asr\librispeech_dev_3752-4943-0018.flac|data/raw/gtzan_unique_v2/disco.00095.wav,split_internal_mix,mix::LibriSpeech::GTZAN_genre_3,cal_b,1,1,0.326707124710083,0.8669455647468567,0.5031735301017761,0.5051944851875305,0.8937312960624695,0.9832237362861632
data\raw\fake_music_generated\fake_music_AudioLDM2_0005.wav,fake_music_generated,AudioLDM2,cal_c,0,1,0.011617159470915794,0.04261225089430809,0.5013272166252136,0.5019481182098389,0.6619619727134705,0.999885320663452
MIX::data\raw\openslr_librispeech_asr\librispeech_dev_3752-4944-0050.flac|data\raw\fake_music_generated\fake_music_AudioLDM2_0033.wav,split_internal_mix,mix::LibriSpeech::AudioLDM2,cal_b,1,1,0.33357298374176025,0.055821001529693604,0.5026113986968994,0.5045487880706787,0.8872557878494263,0.9192222356796264
data/raw/gtzan_unique_v2/pop.00020.wav,gtzan_real_v2,GTZAN_genre_7,cal_c,0,1,0.02246118150651455,0.7778798937797546,0.5017991662025452,0.5033605098724365,0.6463913321495056,0.9999821782112122
data/raw/gtzan_unique_v2/metal.00009.wav,gtzan_real_v2,GTZAN_genre_6,cal_c,0,1,0.029978161677718163,0.8962728977203369,0.5015665888786316,0.5028660893440247,0.6390228867530823,0.9999966025352478
data/raw/gtzan_unique_v2/blues.00087.wav,gtzan_real_v2,GTZAN_genre_0,cal_c,0,1,0.0335492305457592,0.8697495460510254,0.5011951327323914,0.5020198225975037,0.7729793190956116,0.9999935626983644
data\raw\Bisher_ASVspoof_2019_LA\asvspoof2019_LA_T_1056690.flac,asvspoof2019,A02,cal_b,1,0,0.5930051207542419,0.05196509510278702,0.5020474195480347,0.5034154653549194,0.9373198747634888,0.0557073317468166
MIX::data\raw\ajaykarthick_wavefake-audio\wavefake_ajay_LJ017-0043.wav|data\raw\fake_music_generated\fake_music_AudioLDM2_0103.wav,split_internal_mix,mix::WF5::AudioLDM2,cal_a,1,1,0.8171712160110474,0.025877442210912704,0.5035046935081482,0.5061603784561157,0.9728108644485474,0.1501616835594177
MIX::data\raw\openslr_librispeech_asr\librispeech_dev_3752-4944-0014.flac|data/raw/gtzan_unique_v2/jazz.00078.wav,split_internal_mix,mix::LibriSpeech::GTZAN_genre_5,cal_b,1,1,0.15776100754737854,0.6624729633331299,0.5012805461883545,0.5024323463439941,0.7574329376220703,0.9997729659080504
data\raw\Bisher_ASVspoof_2019_LA\asvspoof2019_LA_T_5636788.flac,asvspoof2019,A01,cal_b,1,0,0.8257578611373901,0.02766047604382038,0.5032939910888672,0.5059295296669006,0.970630705356598,0.0517761521041393
MIX::data\raw\ajaykarthick_wavefake-audio\wavefake_ajay_LJ015-0100.wav|data/raw/gtzan_unique_v2/pop.00017.wav,split_internal_mix,mix::R::GTZAN_genre_7,cal_a,1,1,0.043801795691251755,0.824805736541748,0.5011584162712097,0.5021098256111145,0.7925839424133301,0.999987542629242
MIX::data\raw\ajaykarthick_wavefake-audio\wavefake_ajay_LJ008-0257.wav|data/raw/gtzan_unique_v2/disco.00093.wav,split_internal_mix,mix::R::GTZAN_genre_3,cal_c,1,1,0.023373454809188843,0.8608739972114563,0.5010477900505066,0.5018227696418762,0.8391191363334656,0.9999130368232728
MIX::data\raw\ajaykarthick_wavefake-audio\wavefake_ajay_LJ017-0017_WF4_1.wav|data\raw\fake_music_generated\fake_music_AudioLDM2_0223.wav,split_internal_mix,mix::WF4::AudioLDM2,cal_a,1,1,0.1736321598291397,0.03672682121396065,0.5024235844612122,0.503515362739563,0.8181989192962646,0.997673273086548
MIX::data\raw\ajaykarthick_wavefake-audio\wavefake_ajay_LJ028-0364.wav|data/raw/gtzan_unique_v2/reggae.00026.wav,split_internal_mix,mix::WF3::GTZAN_genre_8,cal_c,1,1,0.01954788714647293,0.8813838362693787,0.5013396739959717,0.502295196056366,0.7790701389312744,0.9999639391899108
MIX::data\raw\ajaykarthick_wavefake-audio\wavefake_ajay_LJ015-0100.wav|data\raw\fake_music_generated\fake_music_AudioLDM2_0147.wav,split_internal_mix,mix::R::AudioLDM2,cal_a,1,1,0.5839692950248718,0.08556432276964188,0.5021234154701233,0.5039975643157959,0.8930380940437317,0.6348451972007751
data/raw/gtzan_unique_v2/classical.00020.wav,gtzan_real_v2,GTZAN_genre_1,cal_b,0,1,0.022124378010630608,0.7384384274482727,0.5012710094451904,0.5026673674583435,0.7772364020347595,1.0
data\raw\openslr_librispeech_asr\librispeech_dev_8842-302201-0005.flac,librispeech_dev,LibriSpeech,cal_c,1,0,0.8115969300270081,0.02756793610751629,0.5026669502258301,0.5044411420822144,0.9549494981765748,0.1025411263108253
data/raw/gtzan_unique_v2/metal.00080.wav,gtzan_real_v2,GTZAN_genre_6,cal_c,0,1,0.03843075782060623,0.857734203338623,0.501058042049408,0.5020621418952942,0.7867458462715149,0.9997704029083252
MIX::data\raw\openslr_librispeech_asr\librispeech_dev_3752-4944-0025.flac|data/raw/gtzan_unique_v2/country.00036.wav,split_internal_mix,mix::LibriSpeech::GTZAN_genre_2,cal_b,1,1,0.3544999659061432,0.5583012700080872,0.503350019454956,0.5058050155639648,0.9049577713012696,0.7424597144126892
MIX::data\raw\openslr_librispeech_asr\librispeech_dev_3752-4943-0018.flac|data/raw/gtzan_unique_v2/disco.00095.wav,split_internal_mix,mix::LibriSpeech::GTZAN_genre_3,cal_b,1,1,0.28289899230003357,0.6068307757377625,0.5030750036239624,0.5051605701446533,0.8923582434654236,0.7035514712333679
data/raw/gtzan_unique_v2/disco.00016.wav,gtzan_real_v2,GTZAN_genre_3,cal_c,0,1,0.026401422917842865,0.8124111294746399,0.501402735710144,0.5025812983512878,0.714687168598175,0.9999960064888
data\raw\ajaykarthick_wavefake-audio\wavefake_ajay_LJ050-0208.wav,wavefake_ajay,WF1,cal_b,1,0,0.7617419958114624,0.027927331626415253,0.5025950074195862,0.5047725439071655,0.9588008522987366,0.1266618818044662
MIX::data\raw\openslr_librispeech_asr\librispeech_dev_8842-302201-0009.flac|data\raw\fake_music_generated\fake_music_MusicGen_0154.wav,split_internal_mix,mix::LibriSpeech::MusicGen,cal_c,1,1,0.01362019032239914,0.013503873720765114,0.5022518038749695,0.5030579566955566,0.7107747197151184,0.999897599220276
data\raw\fake_music_generated\fake_music_AudioLDM2_0033.wav,fake_music_generated,AudioLDM2,cal_b,0,1,0.007382132112979889,0.007127952761948109,0.5015467405319214,0.5025057792663574,0.6304091215133667,0.9996337890625
MIX::data\raw\ajaykarthick_wavefake-audio\wavefake_ajay_LJ015-0100.wav|data/raw/gtzan_unique_v2/country.00034.wav,split_internal_mix,mix::R::GTZAN_genre_2,cal_a,1,1,0.5472182035446167,0.8156531453132629,0.5028337836265564,0.5052833557128906,0.9054091572761536,0.9416839480400084
MIX::data\raw\Bisher_ASVspoof_2019_LA\asvspoof2019_LA_T_6556926.flac|data/raw/gtzan_unique_v2/blues.00071.wav,split_internal_mix,mix::A01::GTZAN_genre_0,cal_b,1,1,0.022323692217469215,0.807142972946167,0.5013588070869446,0.5025491118431091,0.6715442538261414,1.0
MIX::data\raw\ajaykarthick_wavefake-audio\wavefake_ajay_LJ044-0100_WF7_1.wav|data/raw/gtzan_unique_v2/reggae.00012.wav,split_internal_mix,mix::WF7::GTZAN_genre_8,cal_a,1,1,0.022131478413939476,0.8813663125038147,0.5011051297187805,0.5018662214279175,0.8351161479949951,0.9982123374938964
MIX::data\raw\Bisher_ASVspoof_2019_LA\asvspoof2019_LA_T_9110555.flac|data\raw\fake_music_generated\fake_music_AudioLDM2_0025.wav,split_internal_mix,mix::bonafide::AudioLDM2,cal_b,1,1,0.33366113901138306,0.06117591634392738,0.5025538206100464,0.5043903589248657,0.9044818878173828,0.9959120750427246
MIX::data\raw\Bisher_ASVspoof_2019_LA\asvspoof2019_LA_T_5554253.flac|data\raw\fake_music_generated\fake_music_AudioLDM2_0007.wav,split_internal_mix,mix::bonafide::AudioLDM2,cal_b,1,1,0.5927655100822449,0.04380926862359047,0.503285825252533,0.5061451196670532,0.9451861381530762,0.2442965805530548
MIX::data\raw\openslr_librispeech_asr\librispeech_dev_3752-4943-0029.flac|data/raw/gtzan_unique_v2/metal.00086.wav,split_internal_mix,mix::LibriSpeech::GTZAN_genre_6,cal_b,1,1,0.019778022542595863,0.7851879596710205,0.501301109790802,0.5025284290313721,0.7607695460319519,0.999845325946808
data\raw\Bisher_ASVspoof_2019_LA\asvspoof2019_LA_T_8700513.flac,asvspoof2019,bonafide,cal_b,1,0,0.7220974564552307,0.017496731132268906,0.5020463466644287,0.5040654540061951,0.9365030527114868,0.0897662490606308
MIX::data\raw\openslr_librispeech_asr\librispeech_dev_3752-4943-0023.flac|data\raw\fake_music_generated\fake_music_MusicGen_0104.wav,split_internal_mix,mix::LibriSpeech::MusicGen,cal_b,1,1,0.5830772519111633,0.05154600739479065,0.5024928450584412,0.5042955875396729,0.8974984884262085,0.8873730897903442
MIX::data\raw\ajaykarthick_wavefake-audio\wavefake_ajay_LJ048-0167.wav|data\raw\fake_music_generated\fake_music_AudioLDM2_0067.wav,split_internal_mix,mix::WF5::AudioLDM2,cal_c,1,1,0.49708229303359985,0.04258140176534653,0.5027421712875366,0.504472017288208,0.9037121534347534,0.5500437617301941
MIX::data\raw\openslr_librispeech_asr\librispeech_dev_2428-83699-0012.flac|data/raw/gtzan_unique_v2/reggae.00030.wav,split_internal_mix,mix::LibriSpeech::GTZAN_genre_8,cal_c,1,1,0.024267038330435753,0.8166049122810364,0.5026760697364807,0.5049583911895752,0.9117291569709778,0.9512354731559752
MIX::data\raw\ajaykarthick_wavefake-audio\wavefake_ajay_LJ043-0044_WF3_1.wav|data/raw/gtzan_unique_v2/reggae.00026.wav,split_internal_mix,mix::WF3::GTZAN_genre_8,cal_c,1,1,0.2971644997596741,0.5705225467681885,0.5032019019126892,0.5056676864624023,0.9196524024009703,0.7091002464294434
data/raw/gtzan_unique_v2/metal.00014.wav,gtzan_real_v2,GTZAN_genre_6,cal_c,0,1,0.026872172951698303,0.9040136337280273,0.5008572936058044,0.5019524097442627,0.8327295780181885,0.9999103546142578
MIX::data\raw\ajaykarthick_wavefake-audio\wavefake_ajay_LJ015-0100.wav|data/raw/gtzan_unique_v2/reggae.00017.wav,split_internal_mix,mix::R::GTZAN_genre_8,cal_a,1,1,0.23912222683429718,0.8149178624153137,0.501370370388031,0.5025710463523865,0.8370367884635925,0.9243693351745604
data/raw/gtzan_unique_v2/rock.00084.wav,gtzan_real_v2,GTZAN_genre_9,cal_c,0,1,0.023509303107857704,0.8231198191642761,0.5009937882423401,0.5019696354866028,0.7989490628242493,0.9999993443489076
MIX::data\raw\ajaykarthick_wavefake-audio\wavefake_ajay_LJ015-0100.wav|data\raw\fake_music_generated\fake_music_AudioLDM2_0095.wav,split_internal_mix,mix::R::AudioLDM2,cal_a,1,1,0.7235032916069031,0.6728453636169434,0.5026429295539856,0.5053242444992065,0.9476884007453918,0.7678209543228149
MIX::data\raw\ajaykarthick_wavefake-audio\wavefake_ajay_LJ019-0365.wav|data/raw/gtzan_unique_v2/hiphop.00055.wav,split_internal_mix,mix::WF5::GTZAN_genre_4,cal_b,1,1,0.3111381530761719,0.5980079770088196,0.5026772618293762,0.5046715140342712,0.8814223408699036,0.7047171592712402
MIX::data\raw\ajaykarthick_wavefake-audio\wavefake_ajay_LJ019-0269.wav|data/raw/gtzan_unique_v2/rock.00079.wav,split_internal_mix,mix::WF7::GTZAN_genre_9,cal_c,1,1,0.26804763078689575,0.7863497138023376,0.5017465949058533,0.5031396746635437,0.8955284953117371,0.7427753806114197
MIX::data\raw\ajaykarthick_wavefake-audio\wavefake_ajay_LJ015-0100.wav|data\raw\fake_music_generated\fake_music_AudioLDM2_0235.wav,split_internal_mix,mix::R::AudioLDM2,cal_a,1,1,0.22368401288986206,0.013416910544037819,0.5031036138534546,0.5044219493865967,0.8319501876831055,0.9938244819641112
MIX::data\raw\openslr_librispeech_asr\librispeech_dev_2428-83705-0037.flac|data\raw\fake_music_generated\fake_music_AudioLDM2_0069.wav,split_internal_mix,mix::LibriSpeech::AudioLDM2,cal_c,1,1,0.16806793212890625,0.015163585543632507,0.5029152035713196,0.5044524669647217,0.826835036277771,0.975456714630127
MIX::data\raw\ajaykarthick_wavefake-audio\wavefake_ajay_LJ015-0100.wav|data\raw\fake_music_generated\fake_music_MusicGen_0270.wav,split_internal_mix,mix::R::MusicGen,cal_a,1,1,0.15091891586780548,0.025011837482452393,0.5016790628433228,0.5023467540740967,0.7401750087738037,0.9994055032730104
data\raw\openslr_librispeech_asr\librispeech_dev_3752-4943-0025.flac,librispeech_dev,LibriSpeech,cal_b,1,0,0.833484411239624,0.029200872406363487,0.5027973055839539,0.5048825740814209,0.9273727536201476,0.107173278927803
MIX::data\raw\Bisher_ASVspoof_2019_LA\asvspoof2019_LA_T_6208966.flac|data\raw\fake_music_generated\fake_music_AudioLDM2_0241.wav,split_internal_mix,mix::A01::AudioLDM2,cal_b,1,1,0.05063684657216072,0.08189620822668076,0.501154899597168,0.501861572265625,0.6740455031394958,0.9999520778656006
data\raw\fake_music_generated\fake_music_AudioLDM2_0103.wav,fake_music_generated,AudioLDM2,cal_a,0,1,0.018394991755485535,0.016994085162878036,0.5015929937362671,0.5024450421333313,0.6676971912384033,0.9999778270721436
MIX::data\raw\Bisher_ASVspoof_2019_LA\asvspoof2019_LA_T_6556926.flac|data\raw\fake_music_generated\fake_music_AudioLDM2_0007.wav,split_internal_mix,mix::A01::AudioLDM2,cal_b,1,1,0.014401416294276714,0.009777429513633251,0.5020021796226501,0.5027647018432617,0.6790199279785156,0.999563992023468
data\raw\ajaykarthick_wavefake-audio\wavefake_ajay_LJ017-0043.wav,wavefake_ajay,WF5,cal_a,1,0,0.8366503119468689,0.023277007043361664,0.5030520558357239,0.5053977370262146,0.9673519134521484,0.1107013821601867
MIX::data\raw\openslr_librispeech_asr\librispeech_dev_8842-304647-0013.flac|data\raw\fake_music_generated\fake_music_MusicGen_0082.wav,split_internal_mix,mix::LibriSpeech::MusicGen,cal_c,1,1,0.4170350432395935,0.029544953256845474,0.5025514364242554,0.5040284395217896,0.8346693515777588,0.5463885068893433
MIX::data\raw\ajaykarthick_wavefake-audio\wavefake_ajay_LJ008-0257.wav|data/raw/gtzan_unique_v2/blues.00080.wav,split_internal_mix,mix::R::GTZAN_genre_0,cal_c,1,1,0.5242847800254822,0.8301764130592346,0.5019658207893372,0.5036823153495789,0.8786249160766602,0.993638515472412
data\raw\openslr_librispeech_asr\librispeech_dev_1462-170138-0001.flac,librispeech_dev,LibriSpeech,cal_b,1,0,0.813681960105896,0.027840498834848404,0.5030235052108765,0.50556480884552,0.9460666179656982,0.0994209349155426
data\raw\ajaykarthick_wavefake-audio\wavefake_ajay_LJ029-0136.wav,wavefake_ajay,WF1,cal_b,1,0,0.8604095578193665,0.01832365058362484,0.5030795335769653,0.5055285692214966,0.966486632823944,0.0835427194833755
data\raw\openslr_librispeech_asr\librispeech_dev_3752-4943-0029.flac,librispeech_dev,LibriSpeech,cal_b,1,0,0.8609944581985474,0.011226549744606018,0.502268373966217,0.5042409896850586,0.9091380834579468,0.1331807523965835
MIX::data\raw\Bisher_ASVspoof_2019_LA\asvspoof2019_LA_T_9745018.flac|data\raw\fake_music_generated\fake_music_AudioLDM2_0159.wav,split_internal_mix,mix::bonafide::AudioLDM2,cal_b,1,1,0.015982134267687798,0.026017606258392334,0.5024473667144775,0.5033096075057983,0.7594980597496033,0.9999167919158936
data\raw\openslr_librispeech_asr\librispeech_dev_1462-170145-0010.flac,librispeech_dev,LibriSpeech,cal_b,1,0,0.8089808225631714,0.016118943691253662,0.5036929845809937,0.50680011510849,0.9573314189910888,0.0733460187911987
data\raw\ajaykarthick_wavefake-audio\wavefake_ajay_LJ048-0167.wav,wavefake_ajay,WF5,cal_c,1,0,0.8085217475891113,0.03487122431397438,0.5025225877761841,0.5043944716453552,0.969631552696228,0.0912579074501991
MIX::data\raw\ajaykarthick_wavefake-audio\wavefake_ajay_LJ050-0242.wav|data/raw/gtzan_unique_v2/metal.00014.wav,split_internal_mix,mix::WF2::GTZAN_genre_6,cal_c,1,1,0.30993977189064026,0.6036664843559265,0.5024285316467285,0.5035700798034668,0.8852174878120422,0.7018005847930908
MIX::data\raw\ajaykarthick_wavefake-audio\wavefake_ajay_LJ050-0242.wav|data\raw\fake_music_generated\fake_music_AudioLDM2_0295.wav,split_internal_mix,mix::WF2::AudioLDM2,cal_c,1,1,0.8297853469848633,0.030555354431271553,0.5022879242897034,0.5041627883911133,0.962226152420044,0.0922330543398857
data\raw\openslr_librispeech_asr\librispeech_dev_3752-4944-0039.flac,librispeech_dev,LibriSpeech,cal_b,1,0,0.7974796891212463,0.024179328233003616,0.5025889277458191,0.5050696730613708,0.9476338028907776,0.0953414887189865
data\raw\openslr_librispeech_asr\librispeech_dev_3752-4943-0018.flac,librispeech_dev,LibriSpeech,cal_b,1,0,0.8000822067260742,0.05894770100712776,0.5028844475746155,0.5049002766609192,0.9302936792373656,0.1243608817458152
data\raw\openslr_librispeech_asr\librispeech_dev_2428-83699-0013.flac,librispeech_dev,LibriSpeech,cal_c,1,0,0.8894446492195129,0.01473788172006607,0.5031628012657166,0.5057275295257568,0.9698382019996644,0.0799723267555236
MIX::data\raw\ajaykarthick_wavefake-audio\wavefake_ajay_LJ015-0100.wav|data/raw/gtzan_unique_v2/classical.00088.wav,split_internal_mix,mix::R::GTZAN_genre_1,cal_a,1,1,0.27126094698905945,0.6523067355155945,0.501216471195221,0.5031188726425171,0.8628140091896057,0.985484778881073
data\raw\openslr_librispeech_asr\librispeech_dev_3752-4944-0038.flac,librispeech_dev,LibriSpeech,cal_b,1,0,0.7305351495742798,0.030780896544456482,0.5034355521202087,0.5064603090286255,0.9584919810295104,0.0568059310317039
MIX::data\raw\ajaykarthick_wavefake-audio\wavefake_ajay_LJ043-0063.wav|data\raw\fake_music_generated\fake_music_AudioLDM2_0275.wav,split_internal_mix,mix::WF1::AudioLDM2,cal_c,1,1,0.7977179884910583,0.040968604385852814,0.503095269203186,0.5052981972694397,0.9750862121582032,0.1329428106546402
MIX::data\raw\ajaykarthick_wavefake-audio\wavefake_ajay_LJ050-0248.wav|data\raw\fake_music_generated\fake_music_AudioLDM2_0011.wav,split_internal_mix,mix::WF4::AudioLDM2,cal_a,1,1,0.3515612781047821,0.2463446855545044,0.5026429891586304,0.5048028230667114,0.939214050769806,0.978005349636078
MIX::data\raw\openslr_librispeech_asr\librispeech_dev_1462-170145-0015.flac|data\raw\fake_music_generated\fake_music_AudioLDM2_0051.wav,split_internal_mix,mix::LibriSpeech::AudioLDM2,cal_b,1,1,0.013151897117495537,0.026663288474082947,0.5014849305152893,0.5024604201316833,0.7175669074058533,0.9999358057975768
data\raw\openslr_librispeech_asr\librispeech_dev_2428-83705-0035.flac,librispeech_dev,LibriSpeech,cal_c,1,0,0.7990038990974426,0.028863657265901566,0.5024150609970093,0.504725992679596,0.959725022315979,0.104805439710617
MIX::data\raw\openslr_librispeech_asr\librispeech_dev_1462-170138-0014.flac|data/raw/gtzan_unique_v2/country.00039.wav,split_internal_mix,mix::LibriSpeech::GTZAN_genre_2,cal_b,1,1,0.26227006316185,0.5840559601783752,0.5020366311073303,0.5035189390182495,0.9092548489570618,0.7354790568351746
data/raw/gtzan_unique_v2/rock.00072.wav,gtzan_real_v2,GTZAN_genre_9,cal_c,0,1,0.02635871432721615,0.8424645066261292,0.501194179058075,0.5022565722465515,0.7182548642158508,0.9999988675117492
MIX::data\raw\ajaykarthick_wavefake-audio\wavefake_ajay_LJ019-0269.wav|data/raw/gtzan_unique_v2/rock.00057.wav,split_internal_mix,mix::WF7::GTZAN_genre_9,cal_c,1,1,0.036863092333078384,0.8415969014167786,0.5011339783668518,0.5020896792411804,0.7800641059875488,0.9999926686286926
MIX::data\raw\ajaykarthick_wavefake-audio\wavefake_ajay_LJ044-0100_WF7_1.wav|data/raw/gtzan_unique_v2/reggae.00040.wav,split_internal_mix,mix::WF7::GTZAN_genre_8,cal_a,1,1,0.23165839910507202,0.6429591178894043,0.5012696385383606,0.5022701621055603,0.8644978404045105,0.9920459389686584
MIX::data\raw\openslr_librispeech_asr\librispeech_dev_1462-170145-0014.flac|data/raw/gtzan_unique_v2/disco.00095.wav,split_internal_mix,mix::LibriSpeech::GTZAN_genre_3,cal_b,1,1,0.2898246943950653,0.8380529284477234,0.5023166537284851,0.5038425922393799,0.8813454508781433,0.9692789912223816
MIX::data\raw\openslr_librispeech_asr\librispeech_dev_1462-170138-0017.flac|data\raw\fake_music_generated\fake_music_AudioLDM2_0087.wav,split_internal_mix,mix::LibriSpeech::AudioLDM2,cal_b,1,1,0.8035823106765747,0.021653316915035248,0.502078652381897,0.5042414665222168,0.9157168865203856,0.1030668914318084
MIX::data\raw\Bisher_ASVspoof_2019_LA\asvspoof2019_LA_T_4252818.flac|data/raw/gtzan_unique_v2/rock.00007.wav,split_internal_mix,mix::A01::GTZAN_genre_9,cal_b,1,1,0.1791895031929016,0.783863365650177,0.5014342665672302,0.5033679604530334,0.8578739166259766,0.962888240814209
MIX::data\raw\ajaykarthick_wavefake-audio\wavefake_ajay_LJ008-0307.wav|data\raw\fake_music_generated\fake_music_AudioLDM2_0043.wav,split_internal_mix,mix::WF5::AudioLDM2,cal_a,1,1,0.19296975433826447,0.03964276611804962,0.5028558969497681,0.5043079853057861,0.8028514385223389,0.9984896183013916
MIX::data\raw\openslr_librispeech_asr\librispeech_dev_1462-170138-0003.flac|data\raw\fake_music_generated\fake_music_AudioLDM2_0297.wav,split_internal_mix,mix::LibriSpeech::AudioLDM2,cal_b,1,1,0.011419695802032948,0.027233758941292763,0.5023602247238159,0.5035374164581299,0.7328900098800659,0.9998562335968018
MIX::data\raw\ajaykarthick_wavefake-audio\wavefake_ajay_LJ030-0001_WF4_1.wav|data\raw\fake_music_generated\fake_music_AudioLDM2_0015.wav,split_internal_mix,mix::WF4::AudioLDM2,cal_c,1,1,0.5035343766212463,0.04099319130182266,0.5023728609085083,0.5040006637573242,0.9076314568519592,0.5378767251968384
MIX::data\raw\ajaykarthick_wavefake-audio\wavefake_ajay_LJ043-0044.wav|data\raw\fake_music_generated\fake_music_AudioLDM2_0175.wav,split_internal_mix,mix::WF6::AudioLDM2,cal_c,1,1,0.8305178880691528,0.028748411685228348,0.5031419396400452,0.5056296586990356,0.973189651966095,0.1423618197441101
MIX::data\raw\openslr_librispeech_asr\librispeech_dev_2428-83699-0011.flac|data\raw\fake_music_generated\fake_music_AudioLDM2_0015.wav,split_internal_mix,mix::LibriSpeech::AudioLDM2,cal_c,1,1,0.010683668777346611,0.09894400089979172,0.5016826391220093,0.5026431083679199,0.6906337738037109,0.9998640418052672
data\raw\fake_music_generated\fake_music_AudioLDM2_0161.wav,fake_music_generated,AudioLDM2,cal_b,0,1,0.011103457771241665,0.025860294699668884,0.501308798789978,0.5019225478172302,0.6904434561729431,0.9999549388885498
data/raw/gtzan_unique_v2/pop.00050.wav,gtzan_real_v2,GTZAN_genre_7,cal_a,0,1,0.030966510996222496,0.6979796290397644,0.5010893940925598,0.5022158026695251,0.7562659382820129,0.9997493624687196
MIX::data\raw\Bisher_ASVspoof_2019_LA\asvspoof2019_LA_T_8130994.flac|data\raw\fake_music_generated\fake_music_AudioLDM2_0087.wav,split_internal_mix,mix::A01::AudioLDM2,cal_b,1,1,0.3402605950832367,0.060514505952596664,0.5010570883750916,0.5018640756607056,0.708714485168457,0.9998652935028076
MIX::data\raw\Bisher_ASVspoof_2019_LA\asvspoof2019_LA_T_5937046.flac|data/raw/gtzan_unique_v2/rock.00021.wav,split_internal_mix,mix::bonafide::GTZAN_genre_9,cal_b,1,1,0.05169649049639702,0.8803744316101074,0.5014763474464417,0.5026671886444092,0.7328880429267883,0.9999821782112122
data\raw\fake_music_generated\fake_music_AudioLDM2_0015.wav,fake_music_generated,AudioLDM2,cal_c,0,1,0.011657191440463066,0.10356049239635468,0.5013386011123657,0.5020690560340881,0.6737040877342224,0.9998397827148438
MIX::data\raw\ajaykarthick_wavefake-audio\wavefake_ajay_LJ016-0420.wav|data\raw\fake_music_generated\fake_music_AudioLDM2_0241.wav,split_internal_mix,mix::WF7::AudioLDM2,cal_b,1,1,0.2794272005558014,0.03612930700182915,0.5023955702781677,0.5031811594963074,0.7823231816291809,0.9998931884765624
data\raw\fake_music_generated\fake_music_AudioLDM2_0289.wav,fake_music_generated,AudioLDM2,cal_a,0,1,0.011115129105746746,0.022504165768623352,0.5015416741371155,0.5022492408752441,0.6248264908790588,0.9999629259109496
data\raw\Bisher_ASVspoof_2019_LA\asvspoof2019_LA_T_1178897.flac,asvspoof2019,bonafide,cal_b,1,0,0.7990477681159973,0.013365468941628933,0.5032156109809875,0.5064214468002319,0.969351589679718,0.1060995161533355
data\raw\openslr_librispeech_asr\librispeech_dev_3752-4944-0042.flac,librispeech_dev,LibriSpeech,cal_b,1,0,0.8705962896347046,0.014583723619580269,0.503135621547699,0.5062799453735352,0.9513091444969176,0.0937732607126236
data\raw\fake_music_generated\fake_music_AudioLDM2_0275.wav,fake_music_generated,AudioLDM2,cal_c,0,1,0.012078460305929184,0.021670278161764145,0.501443088054657,0.5018672347068787,0.642159104347229,0.9997286200523376
data\raw\openslr_librispeech_asr\librispeech_dev_3752-4943-0021.flac,librispeech_dev,LibriSpeech,cal_b,1,0,0.8157455325126648,0.028163636103272438,0.5025314092636108,0.5048196911811829,0.921460211277008,0.2836175262928009
MIX::data\raw\ajaykarthick_wavefake-audio\wavefake_ajay_LJ019-0320.wav|data/raw/gtzan_unique_v2/rock.00008.wav,split_internal_mix,mix::WF7::GTZAN_genre_9,cal_a,1,1,0.15778477489948273,0.8361027836799622,0.5018591284751892,0.5031642317771912,0.6238723397254944,0.9999491572380066
data\raw\fake_music_generated\fake_music_AudioLDM2_0297.wav,fake_music_generated,AudioLDM2,cal_b,0,1,0.010036442428827286,0.025140784680843353,0.5014689564704895,0.5021597146987915,0.6655052900314331,0.9997982382774352
MIX::data\raw\ajaykarthick_wavefake-audio\wavefake_ajay_LJ019-0269_WF1_1.wav|data\raw\fake_music_generated\fake_music_AudioLDM2_0067.wav,split_internal_mix,mix::WF1::AudioLDM2,cal_c,1,1,0.6813905239105225,0.08642490208148956,0.5039127469062805,0.5066426992416382,0.9658198356628418,0.3453773558139801
data\raw\fake_music_generated\fake_music_MusicGen_0270.wav,fake_music_generated,MusicGen,cal_a,0,1,0.021287400275468826,0.0263403058052063,0.5015774369239807,0.50222247838974,0.6861671805381775,0.9999321699142456
data/raw/gtzan_unique_v2/jazz.00099.wav,gtzan_real_v2,GTZAN_genre_5,cal_c,0,1,0.018809860572218895,0.6389163136482239,0.5019505023956299,0.5037218928337097,0.786273181438446,0.999995231628418
MIX::data\raw\openslr_librispeech_asr\librispeech_dev_2428-83705-0013.flac|data\raw\fake_music_generated\fake_music_MusicGen_0122.wav,split_internal_mix,mix::LibriSpeech::MusicGen,cal_c,1,1,0.5190216302871704,0.1567690074443817,0.5017273426055908,0.5025481581687927,0.7993631958961487,0.988524615764618
MIX::data\raw\ajaykarthick_wavefake-audio\wavefake_ajay_LJ050-0190.wav|data/raw/gtzan_unique_v2/jazz.00091.wav,split_internal_mix,mix::WF7::GTZAN_genre_5,cal_a,1,1,0.279994398355484,0.4309827387332916,0.5025074481964111,0.5040833353996277,0.7631316781044006,0.707751452922821
data/raw/gtzan_unique_v2/rock.00015.wav,gtzan_real_v2,GTZAN_genre_9,cal_a,0,1,0.16594822704792023,0.7849557995796204,0.501255214214325,0.5019846558570862,0.8758147358894348,0.9896332621574402
data\raw\ajaykarthick_wavefake-audio\wavefake_ajay_LJ044-0100.wav,wavefake_ajay,WF5,cal_a,1,0,0.8097372055053711,0.028553852811455727,0.5027308464050293,0.5048855543136597,0.9529816508293152,0.1205675899982452
data\raw\fake_music_generated\fake_music_AudioLDM2_0003.wav,fake_music_generated,AudioLDM2,cal_a,0,1,0.009595688432455063,0.012093672528862953,0.501081645488739,0.501916229724884,0.6828274726867676,0.9992515444755554
MIX::data\raw\openslr_librispeech_asr\librispeech_dev_1462-170138-0001.flac|data\raw\fake_music_generated\fake_music_AudioLDM2_0051.wav,split_internal_mix,mix::LibriSpeech::AudioLDM2,cal_b,1,1,0.737969160079956,0.03949125483632088,0.5035203695297241,0.5062808990478516,0.9535784721374512,0.1576654911041259
MIX::data\raw\Bisher_ASVspoof_2019_LA\asvspoof2019_LA_T_3103059.flac|data\raw\fake_music_generated\fake_music_MusicGen_0290.wav,split_internal_mix,mix::A01::MusicGen,cal_b,1,1,0.7588571310043335,0.030612127855420113,0.5028371810913086,0.5044262409210205,0.9654117822647096,0.109770730137825
MIX::data\raw\openslr_librispeech_asr\librispeech_dev_8842-302196-0003.flac|data\raw\fake_music_generated\fake_music_MusicGen_0116.wav,split_internal_mix,mix::LibriSpeech::MusicGen,cal_c,1,1,0.1588369607925415,0.016465039923787117,0.5019084215164185,0.5027952194213867,0.7384800910949707,0.9997501373291016
MIX::data\raw\ajaykarthick_wavefake-audio\wavefake_ajay_LJ017-0031.wav|data\raw\fake_music_generated\fake_music_AudioLDM2_0095.wav,split_internal_mix,mix::WF4::AudioLDM2,cal_a,1,1,0.8100779056549072,0.03816840425133705,0.5027563571929932,0.505147397518158,0.9612727165222168,0.1357412040233612
MIX::data\raw\ajaykarthick_wavefake-audio\wavefake_ajay_LJ015-0100.wav|data\raw\fake_music_generated\fake_music_AudioLDM2_0107.wav,split_internal_mix,mix::R::AudioLDM2,cal_a,1,1,0.6030824780464172,0.48645007610321045,0.5023788213729858,0.5046596527099609,0.9374299645423888,0.9453928470611572
MIX::data\raw\openslr_librispeech_asr\librispeech_dev_1462-170145-0002.flac|data\raw\fake_music_generated\fake_music_MusicGen_0258.wav,split_internal_mix,mix::LibriSpeech::MusicGen,cal_b,1,1,0.6271514892578125,0.07667908072471619,0.5044915676116943,0.50792396068573,0.959497332572937,0.5230611562728882
MIX::data\raw\openslr_librispeech_asr\librispeech_dev_3752-4944-0038.flac|data/raw/gtzan_unique_v2/reggae.00075.wav,split_internal_mix,mix::LibriSpeech::GTZAN_genre_8,cal_b,1,1,0.049620483070611954,0.8837735652923584,0.5014024972915649,0.5025959610939026,0.7397211194038391,0.999980926513672
data/raw/gtzan_unique_v2/rock.00039.wav,gtzan_real_v2,GTZAN_genre_9,cal_b,0,1,0.01734202541410923,0.8355050086975098,0.5015414357185364,0.5026621222496033,0.7236862778663635,0.9999930262565612
data\raw\ajaykarthick_wavefake-audio\wavefake_ajay_LJ028-0356.wav,wavefake_ajay,WF5,cal_c,1,0,0.7973917126655579,0.0301833339035511,0.5022956728935242,0.5037952065467834,0.9619126915931702,0.1351802945137024
data/raw/gtzan_unique_v2/disco.00022.wav,gtzan_real_v2,GTZAN_genre_3,cal_a,0,1,0.02360706962645054,0.848731517791748,0.5008573532104492,0.5016792416572571,0.8173692226409912,0.999811351299286
data\raw\openslr_librispeech_asr\librispeech_dev_1462-170145-0015.flac,librispeech_dev,LibriSpeech,cal_b,1,0,0.7675855159759521,0.027657803148031235,0.5027830004692078,0.5052075386047363,0.9215478897094728,0.114266999065876
data\raw\ajaykarthick_wavefake-audio\wavefake_ajay_LJ029-0162.wav,wavefake_ajay,WF7,cal_b,1,0,0.8689071536064148,0.01687031425535679,0.5026894211769104,0.5047231316566467,0.9413104057312012,0.0753314048051834
data\raw\fake_music_generated\fake_music_AudioLDM2_0095.wav,fake_music_generated,AudioLDM2,cal_a,0,1,0.014232068322598934,0.030446171760559082,0.5016396641731262,0.5020971894264221,0.6534313559532166,0.9998173117637634
data\raw\fake_music_generated\fake_music_MusicGen_0226.wav,fake_music_generated,MusicGen,cal_b,0,1,0.013605372980237007,0.020039457827806473,0.501285195350647,0.501732587814331,0.6499283909797668,0.9997097849845886
MIX::data\raw\Bisher_ASVspoof_2019_LA\asvspoof2019_LA_T_8897400.flac|data\raw\fake_music_generated\fake_music_MusicGen_0104.wav,split_internal_mix,mix::A01::MusicGen,cal_b,1,1,0.2911246418952942,0.03924402594566345,0.5016623139381409,0.5022585988044739,0.7423112392425537,0.9993168115615844
MIX::data\raw\ajaykarthick_wavefake-audio\wavefake_ajay_LJ019-0347.wav|data/raw/gtzan_unique_v2/reggae.00026.wav,split_internal_mix,mix::WF2::GTZAN_genre_8,cal_c,1,1,0.2698541581630707,0.5842235684394836,0.5032371878623962,0.5055932998657227,0.9084170460700988,0.7114308476448059
MIX::data\raw\ajaykarthick_wavefake-audio\wavefake_ajay_LJ019-0320.wav|data/raw/gtzan_unique_v2/rock.00008.wav,split_internal_mix,mix::WF7::GTZAN_genre_9,cal_a,1,1,0.47260987758636475,0.5225222110748291,0.5007423162460327,0.5017989277839661,0.8541147112846375,0.9867834448814392
MIX::data\raw\ajaykarthick_wavefake-audio\wavefake_ajay_LJ015-0113.wav|data\raw\fake_music_generated\fake_music_AudioLDM2_0223.wav,split_internal_mix,mix::WF2::AudioLDM2,cal_a,1,1,0.8310956954956055,0.015258273109793663,0.5032890439033508,0.5058181881904602,0.9597502946853638,0.0691475644707679
data\raw\fake_music_generated\fake_music_AudioLDM2_0159.wav,fake_music_generated,AudioLDM2,cal_b,0,1,0.011510259471833706,0.029856719076633453,0.5013489723205566,0.5019814372062683,0.693253755569458,0.9999366998672484
MIX::data\raw\openslr_librispeech_asr\librispeech_dev_3752-4944-0042.flac|data/raw/gtzan_unique_v2/jazz.00078.wav,split_internal_mix,mix::LibriSpeech::GTZAN_genre_5,cal_b,1,1,0.01594196818768978,0.6668078899383545,0.5011946558952332,0.5022647380828857,0.7869585156440735,0.9999291896820068
MIX::data\raw\ajaykarthick_wavefake-audio\wavefake_ajay_LJ030-0001.wav|data\raw\fake_music_generated\fake_music_MusicGen_0154.wav,split_internal_mix,mix::WF3::MusicGen,cal_c,1,1,0.3350144326686859,0.13021790981292725,0.5018531680107117,0.5026817917823792,0.7761881351470947,0.9994540810585022
MIX::data\raw\Bisher_ASVspoof_2019_LA\asvspoof2019_LA_T_8700513.flac|data\raw\fake_music_generated\fake_music_AudioLDM2_0091.wav,split_internal_mix,mix::bonafide::AudioLDM2,cal_b,1,1,0.3032708764076233,0.25976791977882385,0.5018913149833679,0.5030152201652527,0.8430449962615967,0.8951337337493896
data/raw/gtzan_unique_v2/pop.00054.wav,gtzan_real_v2,GTZAN_genre_7,cal_c,0,1,0.027502261102199554,0.8182024359703064,0.5012299418449402,0.502366840839386,0.7387756705284119,0.9998972415924072
MIX::data\raw\openslr_librispeech_asr\librispeech_dev_2428-83699-0033.flac|data\raw\fake_music_generated\fake_music_AudioLDM2_0063.wav,split_internal_mix,mix::LibriSpeech::AudioLDM2,cal_c,1,1,0.016433387994766235,0.016184668987989426,0.5022335052490234,0.5028862953186035,0.6917181015014648,0.99991637468338
data\raw\fake_music_generated\fake_music_MusicGen_0122.wav,fake_music_generated,MusicGen,cal_c,0,1,0.014256340451538563,0.01729544997215271,0.5014950633049011,0.5019691586494446,0.6409571170806885,0.9998019337654114
data\raw\ajaykarthick_wavefake-audio\wavefake_ajay_LJ043-0044_WF3_1.wav,wavefake_ajay,WF3,cal_c,1,0,0.8380040526390076,0.03141520917415619,0.5024558901786804,0.5045046806335449,0.960408627986908,0.0974534004926681
data\raw\openslr_librispeech_asr\librispeech_dev_3752-4944-0000.flac,librispeech_dev,LibriSpeech,cal_b,1,0,0.8618234992027283,0.014193047769367695,0.5024030208587646,0.5056702494621277,0.951597273349762,0.0606917440891265
data/raw/gtzan_unique_v2/rock.00021.wav,gtzan_real_v2,GTZAN_genre_9,cal_b,0,1,0.033032212406396866,0.8550782203674316,0.5014397501945496,0.5026988387107849,0.725315272808075,0.9999950528144836
MIX::data\raw\ajaykarthick_wavefake-audio\wavefake_ajay_LJ030-0001.wav|data\raw\fake_music_generated\fake_music_MusicGen_0116.wav,split_internal_mix,mix::WF3::MusicGen,cal_c,1,1,0.3908785581588745,0.07309721410274506,0.5018293261528015,0.5031005144119263,0.896543025970459,0.9561504125595092
MIX::data\raw\openslr_librispeech_asr\librispeech_dev_2428-83699-0031.flac|data/raw/gtzan_unique_v2/metal.00050.wav,split_internal_mix,mix::LibriSpeech::GTZAN_genre_6,cal_c,1,1,0.029343178495764732,0.8522350788116455,0.5012481212615967,0.5024015307426453,0.7652743458747864,0.9999716877937316
MIX::data\raw\openslr_librispeech_asr\librispeech_dev_3752-4943-0025.flac|data\raw\fake_music_generated\fake_music_AudioLDM2_0277.wav,split_internal_mix,mix::LibriSpeech::AudioLDM2,cal_b,1,1,0.019214030355215073,0.034617822617292404,0.50190669298172,0.5025814771652222,0.6760441660881042,0.999982476234436
MIX::data\raw\ajaykarthick_wavefake-audio\wavefake_ajay_LJ015-0100.wav|data/raw/gtzan_unique_v2/hiphop.00012.wav,split_internal_mix,mix::R::GTZAN_genre_4,cal_a,1,1,0.04374319314956665,0.8673093914985657,0.500845730304718,0.5012075304985046,0.8486419320106506,0.999966323375702
data/raw/gtzan_unique_v2/reggae.00070.wav,gtzan_real_v2,GTZAN_genre_8,cal_a,0,1,0.019702453166246414,0.8823652863502502,0.5010221004486084,0.501839816570282,0.8150033950805664,0.9997541904449464
MIX::data\raw\ajaykarthick_wavefake-audio\wavefake_ajay_LJ019-0320_WF2_1.wav|data/raw/gtzan_unique_v2/metal.00003.wav,split_internal_mix,mix::WF2::GTZAN_genre_6,cal_a,1,1,0.023458927869796753,0.8621940612792969,0.5014908909797668,0.5028517842292786,0.7351412177085876,0.9999740719795228
MIX::data\raw\openslr_librispeech_asr\librispeech_dev_2428-83705-0037.flac|data\raw\fake_music_generated\fake_music_AudioLDM2_0005.wav,split_internal_mix,mix::LibriSpeech::AudioLDM2,cal_c,1,1,0.4327595829963684,0.390337198972702,0.5022233724594116,0.5040386915206909,0.9119809865951538,0.8971227407455444
MIX::data\raw\ajaykarthick_wavefake-audio\wavefake_ajay_LJ002-0021.wav|data\raw\fake_music_generated\fake_music_AudioLDM2_0275.wav,split_internal_mix,mix::R::AudioLDM2,cal_c,1,1,0.10551325231790543,0.039066918194293976,0.5031799077987671,0.5047062635421753,0.8319511413574219,0.9898569583892822
data\raw\openslr_librispeech_asr\librispeech_dev_8842-302196-0002.flac,librispeech_dev,LibriSpeech,cal_c,1,0,0.7976035475730896,0.019327476620674133,0.501860499382019,0.503365159034729,0.9124348163604736,0.122711069881916
data\raw\openslr_librispeech_asr\librispeech_dev_1462-170145-0002.flac,librispeech_dev,LibriSpeech,cal_b,1,0,0.841821551322937,0.026232393458485603,0.5042427182197571,0.5075528621673584,0.960946559906006,0.0667883083224296
data/raw/gtzan_unique_v2/metal.00086.wav,gtzan_real_v2,GTZAN_genre_6,cal_b,0,1,0.01562904566526413,0.821395218372345,0.5009042024612427,0.5018566250801086,0.8250529766082764,0.9999893307685852
data\raw\ajaykarthick_wavefake-audio\wavefake_ajay_LJ017-0043_WF3_1.wav,wavefake_ajay,WF3,cal_a,1,0,0.8366503119468689,0.023277007043361664,0.5030701756477356,0.5054358243942261,0.9676989912986756,0.111751765012741
data\raw\ajaykarthick_wavefake-audio\wavefake_ajay_LJ019-0347.wav,wavefake_ajay,WF2,cal_c,1,0,0.814944863319397,0.026304278522729874,0.502616286277771,0.5047881603240967,0.9594724178314208,0.1060528010129928
data\raw\fake_music_generated\fake_music_AudioLDM2_0295.wav,fake_music_generated,AudioLDM2,cal_c,0,1,0.010480429045855999,0.035955511033535004,0.5013065934181213,0.50197434425354,0.6619094014167786,0.9999032020568848
data\raw\fake_music_generated\fake_music_AudioLDM2_0235.wav,fake_music_generated,AudioLDM2,cal_a,0,1,0.011599607765674591,0.00904515478760004,0.5013043284416199,0.5021907091140747,0.671999990940094,0.9991310238838196
data\raw\Bisher_ASVspoof_2019_LA\asvspoof2019_LA_T_2682925.flac,asvspoof2019,A02,cal_b,1,0,0.7704470753669739,0.01454444695264101,0.5026282072067261,0.506110668182373,0.9478752613067628,0.055192794650793
MIX::data\raw\ajaykarthick_wavefake-audio\wavefake_ajay_LJ019-0365.wav|data\raw\fake_music_generated\fake_music_MusicGen_0196.wav,split_internal_mix,mix::WF5::MusicGen,cal_b,1,1,0.7938374280929565,0.02219676971435547,0.5025063753128052,0.5047354698181152,0.9617279767990112,0.1058276891708374
data\raw\fake_music_generated\fake_music_AudioLDM2_0069.wav,fake_music_generated,AudioLDM2,cal_c,0,1,0.010519672185182571,0.009853381663560867,0.5011516809463501,0.5019845962524414,0.6577703952789307,0.9995367527008056
MIX::data\raw\openslr_librispeech_asr\librispeech_dev_8842-302196-0003.flac|data\raw\fake_music_generated\fake_music_AudioLDM2_0275.wav,split_internal_mix,mix::LibriSpeech::AudioLDM2,cal_c,1,1,0.13707734644412994,0.038265302777290344,0.5030714273452759,0.5044670701026917,0.8075202703475952,0.9948906898498536
MIX::data\raw\ajaykarthick_wavefake-audio\wavefake_ajay_LJ019-0365.wav|data\raw\fake_music_generated\fake_music_MusicGen_0258.wav,split_internal_mix,mix::WF5::MusicGen,cal_b,1,1,0.7572266459465027,0.08306954801082611,0.5027851462364197,0.505072832107544,0.96254700422287,0.1581827104091644
MIX::data\raw\ajaykarthick_wavefake-audio\wavefake_ajay_LJ044-0100.wav|data/raw/gtzan_unique_v2/country.00074.wav,split_internal_mix,mix::WF5::GTZAN_genre_2,cal_a,1,1,0.28138458728790283,0.5898433923721313,0.5023784041404724,0.504589319229126,0.8938145637512207,0.7150304913520813
MIX::data\raw\ajaykarthick_wavefake-audio\wavefake_ajay_LJ019-0320.wav|data/raw/gtzan_unique_v2/hiphop.00053.wav,split_internal_mix,mix::WF7::GTZAN_genre_4,cal_a,1,1,0.36523404717445374,0.5809688568115234,0.503619909286499,0.506496250629425,0.9428541660308838,0.6934989094734192
data\raw\ajaykarthick_wavefake-audio\wavefake_ajay_LJ019-0269.wav,wavefake_ajay,WF7,cal_c,1,0,0.79596346616745,0.028288327157497406,0.5035377740859985,0.5063323378562927,0.965125560760498,0.0706325843930244
MIX::data\raw\ajaykarthick_wavefake-audio\wavefake_ajay_LJ015-0100.wav|data/raw/gtzan_unique_v2/metal.00069.wav,split_internal_mix,mix::R::GTZAN_genre_6,cal_a,1,1,0.017966600134968758,0.8002498745918274,0.5010788440704346,0.5019023418426514,0.7513844966888428,0.999997854232788
MIX::data\raw\Bisher_ASVspoof_2019_LA\asvspoof2019_LA_T_4252818.flac|data/raw/gtzan_unique_v2/rock.00007.wav,split_internal_mix,mix::A01::GTZAN_genre_9,cal_b,1,1,0.01964753307402134,0.8510259985923767,0.5011327266693115,0.5020297169685364,0.7765496373176575,0.9999958872795104
data\raw\ajaykarthick_wavefake-audio\wavefake_ajay_LJ016-0420.wav,wavefake_ajay,WF7,cal_b,1,0,0.8894779682159424,0.014769676141440868,0.5027748942375183,0.5054613351821899,0.962615430355072,0.1250872015953064
data\raw\ajaykarthick_wavefake-audio\wavefake_ajay_LJ015-0100.wav,wavefake_ajay,R,cal_a,1,0,0.8064289689064026,0.031252674758434296,0.5023835897445679,0.504953145980835,0.9480156302452089,0.133864939212799
MIX::data\raw\openslr_librispeech_asr\librispeech_dev_2428-83705-0026.flac|data\raw\fake_music_generated\fake_music_AudioLDM2_0013.wav,split_internal_mix,mix::LibriSpeech::AudioLDM2,cal_c,1,1,0.7496668100357056,0.039815060794353485,0.5032896399497986,0.5058732032775879,0.9647067189216614,0.0988404676318168
data\raw\openslr_librispeech_asr\librispeech_dev_1462-170145-0016.flac,librispeech_dev,LibriSpeech,cal_b,1,0,0.7168346047401428,0.024398811161518097,0.5029555559158325,0.5053781867027283,0.9271165728569032,0.1725842952728271
MIX::data\raw\openslr_librispeech_asr\librispeech_dev_1462-170145-0016.flac|data\raw\fake_music_generated\fake_music_MusicGen_0196.wav,split_internal_mix,mix::LibriSpeech::MusicGen,cal_b,1,1,0.31722941994667053,0.10673800110816956,0.5010194182395935,0.501668393611908,0.6748137474060059,0.9990925788879396
MIX::data\raw\openslr_librispeech_asr\librispeech_dev_1462-170138-0003.flac|data\raw\fake_music_generated\fake_music_MusicGen_0196.wav,split_internal_mix,mix::LibriSpeech::MusicGen,cal_b,1,1,0.011557681486010551,0.08570297062397003,0.5022709965705872,0.5035999417304993,0.7645702362060547,0.9998421669006348
MIX::data\raw\ajaykarthick_wavefake-audio\wavefake_ajay_LJ015-0113.wav|data\raw\fake_music_generated\fake_music_AudioLDM2_0167.wav,split_internal_mix,mix::WF2::AudioLDM2,cal_a,1,1,0.3023492395877838,0.038169484585523605,0.5017219185829163,0.5024440288543701,0.768927812576294,0.9995893836021424
MIX::data\raw\ajaykarthick_wavefake-audio\wavefake_ajay_LJ030-0001.wav|data\raw\fake_music_generated\fake_music_AudioLDM2_0013.wav,split_internal_mix,mix::WF3::AudioLDM2,cal_c,1,1,0.11740729957818985,0.012486375868320465,0.5021003484725952,0.5029586553573608,0.7498213052749634,0.9973347187042236
MIX::data\raw\Bisher_ASVspoof_2019_LA\asvspoof2019_LA_T_6208966.flac|data/raw/gtzan_unique_v2/blues.00062.wav,split_internal_mix,mix::A01::GTZAN_genre_0,cal_b,1,1,0.08519616723060608,0.8621415495872498,0.5010342001914978,0.5018112063407898,0.8190398812294006,0.9999691843986512
data\raw\fake_music_generated\fake_music_AudioLDM2_0087.wav,fake_music_generated,AudioLDM2,cal_b,0,1,0.015572510659694672,0.03366672247648239,0.5010954737663269,0.5018665194511414,0.7101398706436157,0.9999626874923706
MIX::data\raw\openslr_librispeech_asr\librispeech_dev_1462-170145-0014.flac|data\raw\fake_music_generated\fake_music_AudioLDM2_0053.wav,split_internal_mix,mix::LibriSpeech::AudioLDM2,cal_b,1,1,0.29333367943763733,0.048621177673339844,0.5031979084014893,0.5052308440208435,0.8883653283119202,0.9878941178321838
data\raw\Bisher_ASVspoof_2019_LA\asvspoof2019_LA_T_7381944.flac,asvspoof2019,A01,cal_b,1,0,0.7678276300430298,0.037604182958602905,0.5024178624153137,0.503836452960968,0.9713588953018188,0.0570102632045745
MIX::data\raw\ajaykarthick_wavefake-audio\wavefake_ajay_LJ015-0100.wav|data\raw\fake_music_generated\fake_music_AudioLDM2_0095.wav,split_internal_mix,mix::R::AudioLDM2,cal_a,1,1,0.23135125637054443,0.027027083560824394,0.502016544342041,0.5034099817276001,0.7495055198669434,0.9942095279693604
MIX::data\raw\ajaykarthick_wavefake-audio\wavefake_ajay_LJ015-0100.wav|data/raw/gtzan_unique_v2/reggae.00069.wav,split_internal_mix,mix::R::GTZAN_genre_8,cal_a,1,1,0.020053960382938385,0.8191445469856262,0.5015266537666321,0.5029111504554749,0.8542289733886719,0.9998631477355956
MIX::data\raw\openslr_librispeech_asr\librispeech_dev_2428-83705-0015.flac|data/raw/gtzan_unique_v2/blues.00025.wav,split_internal_mix,mix::LibriSpeech::GTZAN_genre_0,cal_c,1,1,0.24491290748119354,0.7879393696784973,0.5018026232719421,0.502901554107666,0.763516902923584,0.9921681880950928
data\raw\openslr_librispeech_asr\librispeech_dev_2428-83699-0011.flac,librispeech_dev,LibriSpeech,cal_c,1,0,0.8233163952827454,0.03771002218127251,0.5037943124771118,0.506559431552887,0.9429296851158142,0.0607295855879783
data\raw\fake_music_generated\fake_music_AudioLDM2_0147.wav,fake_music_generated,AudioLDM2,cal_a,0,1,0.011679990217089653,0.019149174913764,0.5014011263847351,0.5022619962692261,0.6671636700630188,0.999962329864502
data/raw/gtzan_unique_v2/classical.00026.wav,gtzan_real_v2,GTZAN_genre_1,cal_a,0,1,0.026528410613536835,0.7216029167175293,0.5015559196472168,0.5037050247192383,0.7880663871765137,0.9999982714653016
data/raw/gtzan_unique_v2/country.00039.wav,gtzan_real_v2,GTZAN_genre_2,cal_b,0,1,0.021596523001790047,0.8685173988342285,0.5008559823036194,0.501872181892395,0.831471860408783,0.9999796748161316
MIX::data\raw\Bisher_ASVspoof_2019_LA\asvspoof2019_LA_T_5937046.flac|data/raw/gtzan_unique_v2/country.00039.wav,split_internal_mix,mix::bonafide::GTZAN_genre_2,cal_b,1,1,0.019424758851528168,0.8877858519554138,0.5010319352149963,0.5021979212760925,0.7909365296363831,0.9999899864196776
data\raw\openslr_librispeech_asr\librispeech_dev_1462-170142-0039.flac,librispeech_dev,LibriSpeech,cal_b,1,0,0.7955316305160522,0.028323311358690262,0.5029528737068176,0.5050244927406311,0.9021683931350708,0.2094265520572662
MIX::data\raw\openslr_librispeech_asr\librispeech_dev_8842-302196-0003.flac|data\raw\fake_music_generated\fake_music_AudioLDM2_0067.wav,split_internal_mix,mix::LibriSpeech::AudioLDM2,cal_c,1,1,0.8103469610214233,0.033939290791749954,0.5017186403274536,0.5028151273727417,0.9038629531860352,0.1027461290359497
MIX::data\raw\ajaykarthick_wavefake-audio\wavefake_ajay_LJ043-0044.wav|data\raw\fake_music_generated\fake_music_MusicGen_0082.wav,split_internal_mix,mix::WF6::MusicGen,cal_c,1,1,0.7926173806190491,0.16289785504341125,0.5025299787521362,0.5047756433486938,0.9643559455871582,0.2455983310937881
data\raw\ajaykarthick_wavefake-audio\wavefake_ajay_LJ008-0269.wav,wavefake_ajay,WF3,cal_b,1,0,0.7968313694000244,0.025924205780029297,0.5025560855865479,0.5052092671394348,0.962861180305481,0.1776127517223358
MIX::data\raw\ajaykarthick_wavefake-audio\wavefake_ajay_LJ015-0100.wav|data/raw/gtzan_unique_v2/country.00074.wav,split_internal_mix,mix::R::GTZAN_genre_2,cal_a,1,1,0.2844250500202179,0.5933687090873718,0.5015798211097717,0.5034583210945129,0.8846269249916077,0.711523711681366
MIX::data\raw\ajaykarthick_wavefake-audio\wavefake_ajay_LJ015-0100.wav|data/raw/gtzan_unique_v2/blues.00066.wav,split_internal_mix,mix::R::GTZAN_genre_0,cal_a,1,1,0.19780121743679047,0.8064958453178406,0.5011991858482361,0.502417802810669,0.7958037853240967,0.9998862743377686
data/raw/gtzan_unique_v2/blues.00080.wav,gtzan_real_v2,GTZAN_genre_0,cal_c,0,1,0.01772914081811905,0.8681793212890625,0.5015278458595276,0.5028436183929443,0.6787089705467224,0.9999961853027344
MIX::data\raw\ajaykarthick_wavefake-audio\wavefake_ajay_LJ050-0190.wav|data/raw/gtzan_unique_v2/reggae.00040.wav,split_internal_mix,mix::WF7::GTZAN_genre_8,cal_a,1,1,0.07273513078689575,0.6409171223640442,0.501253604888916,0.5023271441459656,0.8579315543174744,0.9951415061950684
MIX::data\raw\ajaykarthick_wavefake-audio\wavefake_ajay_LJ044-0100_WF7_1.wav|data/raw/gtzan_unique_v2/pop.00045.wav,split_internal_mix,mix::WF7::GTZAN_genre_7,cal_a,1,1,0.38626715540885925,0.7768108248710632,0.5014517903327942,0.5026912093162537,0.8725367188453674,0.9988171458244324
MIX::data\raw\ajaykarthick_wavefake-audio\wavefake_ajay_LJ015-0100.wav|data/raw/gtzan_unique_v2/pop.00019.wav,split_internal_mix,mix::R::GTZAN_genre_7,cal_a,1,1,0.026213644072413445,0.7926176190376282,0.501264750957489,0.5024247169494629,0.7573959231376648,0.9999637603759766
MIX::data\raw\ajaykarthick_wavefake-audio\wavefake_ajay_LJ043-0044_WF3_1.wav|data/raw/gtzan_unique_v2/rock.00084.wav,split_internal_mix,mix::WF3::GTZAN_genre_9,cal_c,1,1,0.020766908302903175,0.8347068428993225,0.5007646083831787,0.5013865232467651,0.8576019406318665,0.9999960064888
data\raw\openslr_librispeech_asr\librispeech_dev_3752-4944-0050.flac,librispeech_dev,LibriSpeech,cal_b,1,0,0.8196594715118408,0.026945222169160843,0.5030364990234375,0.5058157444000244,0.9507080912590028,0.0519375242292881
data/raw/gtzan_unique_v2/blues.00071.wav,gtzan_real_v2,GTZAN_genre_0,cal_b,0,1,0.030973076820373535,0.8284991383552551,0.5009720921516418,0.5018742680549622,0.7882471084594727,0.9999997615814208
data\raw\Bisher_ASVspoof_2019_LA\asvspoof2019_LA_T_8897400.flac,asvspoof2019,A01,cal_b,1,0,0.792527973651886,0.019016418606042862,0.5023175477981567,0.5037634968757629,0.966985821723938,0.0632159635424614
MIX::data\raw\ajaykarthick_wavefake-audio\wavefake_ajay_LJ017-0043_WF7_2.wav|data/raw/gtzan_unique_v2/metal.00069.wav,split_internal_mix,mix::WF7::GTZAN_genre_6,cal_a,1,1,0.016450928524136543,0.820910632610321,0.5010116100311279,0.5018379092216492,0.7552438378334045,0.999993860721588
MIX::data\raw\ajaykarthick_wavefake-audio\wavefake_ajay_LJ043-0044_WF3_1.wav|data/raw/gtzan_unique_v2/pop.00029.wav,split_internal_mix,mix::WF3::GTZAN_genre_7,cal_c,1,1,0.04240855947136879,0.7670660018920898,0.5010375380516052,0.5019277334213257,0.8454493880271912,0.9999523758888244
MIX::data\raw\openslr_librispeech_asr\librispeech_dev_3752-4944-0038.flac|data/raw/gtzan_unique_v2/rock.00086.wav,split_internal_mix,mix::LibriSpeech::GTZAN_genre_9,cal_b,1,1,0.23697493970394135,0.7031599879264832,0.5015177726745605,0.5028306841850281,0.8920741081237793,0.7754164338111877
data\raw\fake_music_generated\fake_music_AudioLDM2_0223.wav,fake_music_generated,AudioLDM2,cal_a,0,1,0.01721147820353508,0.023251842707395554,0.5014973878860474,0.5021663904190063,0.6806190609931946,0.9999589920043944
data/raw/gtzan_unique_v2/rock.00079.wav,gtzan_real_v2,GTZAN_genre_9,cal_c,0,1,0.018581554293632507,0.8479093909263611,0.5010308623313904,0.5019746422767639,0.7991685271263123,0.999958336353302
MIX::data\raw\ajaykarthick_wavefake-audio\wavefake_ajay_LJ015-0100.wav|data\raw\fake_music_generated\fake_music_AudioLDM2_0107.wav,split_internal_mix,mix::R::AudioLDM2,cal_a,1,1,0.41250136494636536,0.031606465578079224,0.5024518966674805,0.5040822625160217,0.8336892127990723,0.5571613907814026
MIX::data\raw\Bisher_ASVspoof_2019_LA\asvspoof2019_LA_T_6556926.flac|data/raw/gtzan_unique_v2/country.00039.wav,split_internal_mix,mix::A01::GTZAN_genre_2,cal_b,1,1,0.019522616639733315,0.8678492903709412,0.5010225176811218,0.502220630645752,0.7835740447044373,0.9999931454658508
MIX::data\raw\openslr_librispeech_asr\librispeech_dev_1462-170145-0021.flac|data/raw/gtzan_unique_v2/reggae.00075.wav,split_internal_mix,mix::LibriSpeech::GTZAN_genre_8,cal_b,1,1,0.2820519804954529,0.8310799598693848,0.5013286471366882,0.5027166604995728,0.8637320399284363,0.9853724837303162
MIX::data\raw\Bisher_ASVspoof_2019_LA\asvspoof2019_LA_T_9457505.flac|data\raw\fake_music_generated\fake_music_MusicGen_0226.wav,split_internal_mix,mix::bonafide::MusicGen,cal_b,1,1,0.3122413158416748,0.03800079599022865,0.5016410946846008,0.5024391412734985,0.7631596326828003,0.9975783228874208
MIX::data\raw\ajaykarthick_wavefake-audio\wavefake_ajay_LJ044-0100.wav|data\raw\fake_music_generated\fake_music_AudioLDM2_0147.wav,split_internal_mix,mix::WF5::AudioLDM2,cal_a,1,1,0.07411012053489685,0.012376085855066776,0.5016332268714905,0.5025622248649597,0.7548245191574097,0.9988778233528136
data/raw/gtzan_unique_v2/pop.00049.wav,gtzan_real_v2,GTZAN_genre_7,cal_b,0,1,0.033676501363515854,0.8630968928337097,0.5014191269874573,0.5023937821388245,0.7506675720214844,0.9999987483024596
data/raw/gtzan_unique_v2/classical.00090.wav,gtzan_real_v2,GTZAN_genre_1,cal_b,0,1,0.02451791614294052,0.7447405457496643,0.5022730827331543,0.502936840057373,0.725641667842865,1.0
MIX::data\raw\ajaykarthick_wavefake-audio\wavefake_ajay_LJ015-0100.wav|data\raw\fake_music_generated\fake_music_AudioLDM2_0107.wav,split_internal_mix,mix::R::AudioLDM2,cal_a,1,1,0.8097857236862183,0.02848268672823906,0.5024521350860596,0.5049848556518555,0.9427377581596376,0.1061618775129318
MIX::data\raw\ajaykarthick_wavefake-audio\wavefake_ajay_LJ030-0001_WF4_1.wav|data/raw/gtzan_unique_v2/metal.00039.wav,split_internal_mix,mix::WF4::GTZAN_genre_6,cal_c,1,1,0.5741564631462097,0.7899945378303528,0.5017494559288025,0.5026379823684692,0.8404737114906311,0.9978459477424622
data\raw\openslr_librispeech_asr\librispeech_dev_3752-4944-0014.flac,librispeech_dev,LibriSpeech,cal_b,1,0,0.8271217942237854,0.03095935471355915,0.5039019584655762,0.5071680545806885,0.952528953552246,0.0892635211348533
MIX::data\raw\openslr_librispeech_asr\librispeech_dev_1462-170145-0012.flac|data\raw\fake_music_generated\fake_music_AudioLDM2_0277.wav,split_internal_mix,mix::LibriSpeech::AudioLDM2,cal_b,1,1,0.2845657467842102,0.04255006089806557,0.5024248361587524,0.5035847425460815,0.7258877158164978,0.999848246574402
data\raw\ajaykarthick_wavefake-audio\wavefake_ajay_LJ028-0343.wav,wavefake_ajay,WF7,cal_b,1,0,0.806713879108429,0.02983701601624489,0.5027764439582825,0.5049967169761658,0.9552769660949708,0.115709088742733
MIX::data\raw\ajaykarthick_wavefake-audio\wavefake_ajay_LJ028-0356.wav|data\raw\fake_music_generated\fake_music_AudioLDM2_0263.wav,split_internal_mix,mix::WF5::AudioLDM2,cal_c,1,1,0.3999726474285126,0.17103761434555054,0.502019464969635,0.5032134652137756,0.8620622754096985,0.9985380172729492
data/raw/gtzan_unique_v2/pop.00045.wav,gtzan_real_v2,GTZAN_genre_7,cal_a,0,1,0.05091297626495361,0.811579704284668,0.5013256669044495,0.5025103092193604,0.7413291335105896,0.9999982714653016
MIX::data\raw\ajaykarthick_wavefake-audio\wavefake_ajay_LJ015-0100.wav|data\raw\fake_music_generated\fake_music_AudioLDM2_0107.wav,split_internal_mix,mix::R::AudioLDM2,cal_a,1,1,0.5376600027084351,0.4245334565639496,0.5020905137062073,0.5036928653717041,0.9033794403076172,0.97502201795578
MIX::data\raw\ajaykarthick_wavefake-audio\wavefake_ajay_LJ019-0347.wav|data/raw/gtzan_unique_v2/rock.00054.wav,split_internal_mix,mix::WF2::GTZAN_genre_9,cal_c,1,1,0.05871512368321419,0.8286203742027283,0.5010824203491211,0.5020955204963684,0.7630572319030762,0.9999974370002748
data/raw/gtzan_unique_v2/metal.00027.wav,gtzan_real_v2,GTZAN_genre_6,cal_a,0,1,0.01998733915388584,0.8639447093009949,0.5014790892601013,0.5027344226837158,0.7479524612426758,0.999575138092041
data/raw/gtzan_unique_v2/pop.00042.wav,gtzan_real_v2,GTZAN_genre_7,cal_b,0,1,0.022523894906044006,0.8337370753288269,0.5013887882232666,0.5026636719703674,0.6494222283363342,0.9999684691429138
MIX::data\raw\ajaykarthick_wavefake-audio\wavefake_ajay_LJ048-0162.wav|data/raw/gtzan_unique_v2/pop.00011.wav,split_internal_mix,mix::WF7::GTZAN_genre_7,cal_b,1,1,0.2870647609233856,0.5740525722503662,0.5018325448036194,0.5037075877189636,0.8701605796813965,0.7061254382133484
data\raw\ajaykarthick_wavefake-audio\wavefake_ajay_LJ043-0043.wav,wavefake_ajay,WF2,cal_a,1,0,0.7973945140838623,0.02526627853512764,0.5029739737510681,0.5054170489311218,0.9563514590263368,0.1512771844863891
data/raw/gtzan_unique_v2/metal.00003.wav,gtzan_real_v2,GTZAN_genre_6,cal_a,0,1,0.03152189031243324,0.8348002433776855,0.5013186931610107,0.5026333928108215,0.7685293555259705,0.9999787211418152
data/raw/gtzan_unique_v2/rock.00007.wav,gtzan_real_v2,GTZAN_genre_9,cal_b,0,1,0.017102038487792015,0.7952650189399719,0.5012311935424805,0.5020760893821716,0.743445634841919,0.9999920725822448
data\raw\openslr_librispeech_asr\librispeech_dev_2428-83699-0012.flac,librispeech_dev,LibriSpeech,cal_c,1,0,0.8341637849807739,0.03352748975157738,0.5025900602340698,0.5044952630996704,0.9538999795913696,0.1085578054189682
MIX::data\raw\Bisher_ASVspoof_2019_LA\asvspoof2019_LA_T_8722988.flac|data\raw\fake_music_generated\fake_music_AudioLDM2_0227.wav,split_internal_mix,mix::A01::AudioLDM2,cal_b,1,1,0.3062437176704407,0.01804126426577568,0.5025104880332947,0.5042147040367126,0.8805691599845886,0.9176241755485536
MIX::data\raw\openslr_librispeech_asr\librispeech_dev_2428-83699-0004.flac|data/raw/gtzan_unique_v2/rock.00054.wav,split_internal_mix,mix::LibriSpeech::GTZAN_genre_9,cal_c,1,1,0.3818012475967407,0.8282553553581238,0.5013102889060974,0.5027420520782471,0.8846469521522522,0.997880756855011
data/raw/gtzan_unique_v2/disco.00098.wav,gtzan_real_v2,GTZAN_genre_3,cal_c,0,1,0.04098653793334961,0.8779440522193909,0.5009433627128601,0.5018043518066406,0.8254840970039368,0.9995190501213074
data/raw/gtzan_unique_v2/pop.00089.wav,gtzan_real_v2,GTZAN_genre_7,cal_c,0,1,0.029523691162467003,0.8484447598457336,0.501269519329071,0.5026426911354065,0.7254142165184021,0.9998998045921326
MIX::data\raw\ajaykarthick_wavefake-audio\wavefake_ajay_LJ019-0320.wav|data\raw\fake_music_generated\fake_music_AudioLDM2_0147.wav,split_internal_mix,mix::WF7::AudioLDM2,cal_a,1,1,0.6917986869812012,0.06420355290174484,0.5033290386199951,0.5059128999710083,0.9648938179016112,0.3459232747554779
data/raw/gtzan_unique_v2/country.00074.wav,gtzan_real_v2,GTZAN_genre_2,cal_a,0,1,0.03398234024643898,0.8689687848091125,0.5012215971946716,0.5022881627082825,0.7659780383110046,0.999999225139618
MIX::data\raw\Bisher_ASVspoof_2019_LA\asvspoof2019_LA_T_8897400.flac|data/raw/gtzan_unique_v2/rock.00039.wav,split_internal_mix,mix::A01::GTZAN_genre_9,cal_b,1,1,0.23946481943130493,0.6620251536369324,0.5014520883560181,0.5023869276046753,0.8707075119018555,0.6833782196044922
MIX::data\raw\ajaykarthick_wavefake-audio\wavefake_ajay_LJ050-0187.wav|data/raw/gtzan_unique_v2/reggae.00040.wav,split_internal_mix,mix::WF4::GTZAN_genre_8,cal_a,1,1,0.05954672023653984,0.7028160691261292,0.5012502074241638,0.5022748112678528,0.8546271920204163,0.9974541068077089
data\raw\fake_music_generated\fake_music_AudioLDM2_0013.wav,fake_music_generated,AudioLDM2,cal_c,0,1,0.010822175070643425,0.016101742163300514,0.5015134811401367,0.5023612976074219,0.6623901128768921,0.999570906162262
data/raw/gtzan_unique_v2/blues.00097.wav,gtzan_real_v2,GTZAN_genre_0,cal_c,0,1,0.03662065416574478,0.8647060990333557,0.5012717247009277,0.5022560954093933,0.7426372170448303,0.9999915957450868
data\raw\fake_music_generated\fake_music_MusicGen_0052.wav,fake_music_generated,MusicGen,cal_a,0,1,0.017171308398246765,0.016989251598715782,0.5011647343635559,0.5018852353096008,0.6751747727394104,0.9999464750289916
MIX::data\raw\ajaykarthick_wavefake-audio\wavefake_ajay_LJ028-0375.wav|data/raw/gtzan_unique_v2/pop.00020.wav,split_internal_mix,mix::R::GTZAN_genre_7,cal_c,1,1,0.32196497917175293,0.8355019092559814,0.5023419857025146,0.5039200782775879,0.8645150065422058,0.9892799854278564
data\raw\openslr_librispeech_asr\librispeech_dev_1462-170138-0013.flac,librispeech_dev,LibriSpeech,cal_b,1,0,0.7554003596305847,0.02749899961054325,0.5030814409255981,0.5054464340209961,0.934676468372345,0.0991292670369148
MIX::data\raw\ajaykarthick_wavefake-audio\wavefake_ajay_LJ017-0043_WF7_2.wav|data/raw/gtzan_unique_v2/classical.00002.wav,split_internal_mix,mix::WF7::GTZAN_genre_1,cal_a,1,1,0.018102267757058144,0.6626509428024292,0.5012578368186951,0.502085268497467,0.7447898387908936,1.0
MIX::data\raw\ajaykarthick_wavefake-audio\wavefake_ajay_LJ015-0100.wav|data/raw/gtzan_unique_v2/rock.00015.wav,split_internal_mix,mix::R::GTZAN_genre_9,cal_a,1,1,0.3972298800945282,0.5080893039703369,0.5017648339271545,0.5032874941825867,0.9000076651573181,0.7052127718925476
MIX::data\raw\openslr_librispeech_asr\librispeech_dev_2428-83699-0011.flac|data/raw/gtzan_unique_v2/jazz.00099.wav,split_internal_mix,mix::LibriSpeech::GTZAN_genre_5,cal_c,1,1,0.21862097084522247,0.6638901233673096,0.501769483089447,0.5033698678016663,0.7923962473869324,0.999992847442627
MIX::data\raw\ajaykarthick_wavefake-audio\wavefake_ajay_LJ017-0043_WF7_2.wav|data/raw/gtzan_unique_v2/disco.00052.wav,split_internal_mix,mix::WF7::GTZAN_genre_3,cal_a,1,1,0.01716340146958828,0.8574187159538269,0.5013852715492249,0.5026690363883972,0.7778182029724121,0.9999969601631165
data\raw\openslr_librispeech_asr\librispeech_dev_8842-304647-0013.flac,librispeech_dev,LibriSpeech,cal_c,1,0,0.8040554523468018,0.024279989302158356,0.502668023109436,0.5046181678771973,0.94308340549469,0.1167599931359291
MIX::data\raw\Bisher_ASVspoof_2019_LA\asvspoof2019_LA_T_8722988.flac|data/raw/gtzan_unique_v2/reggae.00060.wav,split_internal_mix,mix::A01::GTZAN_genre_8,cal_b,1,1,0.20816421508789062,0.8498833775520325,0.5013515949249268,0.5023407340049744,0.8096697926521301,0.9974334239959716
MIX::data\raw\openslr_librispeech_asr\librispeech_dev_8842-304647-0013.flac|data/raw/gtzan_unique_v2/blues.00025.wav,split_internal_mix,mix::LibriSpeech::GTZAN_genre_0,cal_c,1,1,0.10099483281373978,0.820964515209198,0.5019159317016602,0.5033244490623474,0.7941542267799377,0.9994396567344666
data\raw\ajaykarthick_wavefake-audio\wavefake_ajay_LJ015-0113_WF5_1.wav,wavefake_ajay,WF5,cal_a,1,0,0.7776839733123779,0.019785908982157707,0.5030109286308289,0.5058361887931824,0.9673845171928406,0.0857583135366439
data\raw\openslr_librispeech_asr\librispeech_dev_1462-170142-0026.flac,librispeech_dev,LibriSpeech,cal_b,1,0,0.7920712232589722,0.025912227109074593,0.5032052397727966,0.5054786205291748,0.9224923849105836,0.1471127271652221
MIX::data\raw\ajaykarthick_wavefake-audio\wavefake_ajay_LJ015-0100.wav|data\raw\fake_music_generated\fake_music_AudioLDM2_0223.wav,split_internal_mix,mix::R::AudioLDM2,cal_a,1,1,0.8044072389602661,0.029245086014270782,0.502628743648529,0.5053246021270752,0.952165424823761,0.1232948899269104
data\raw\fake_music_generated\fake_music_MusicGen_0278.wav,fake_music_generated,MusicGen,cal_b,0,1,0.015562842600047588,0.013914838433265686,0.5013427138328552,0.5022395253181458,0.6698712706565857,0.9999641180038452
MIX::data\raw\Bisher_ASVspoof_2019_LA\asvspoof2019_LA_T_5636788.flac|data\raw\fake_music_generated\fake_music_AudioLDM2_0161.wav,split_internal_mix,mix::A01::AudioLDM2,cal_b,1,1,0.009972533211112022,0.022280378267169,0.50113445520401,0.5018594861030579,0.6695995330810547,0.9999599456787108
MIX::data\raw\openslr_librispeech_asr\librispeech_dev_8842-304647-0013.flac|data\raw\fake_music_generated\fake_music_MusicGen_0154.wav,split_internal_mix,mix::LibriSpeech::MusicGen,cal_c,1,1,0.015727439895272255,0.01425227988511324,0.5015360713005066,0.5032821893692017,0.7376949787139893,0.9976689219474792
MIX::data\raw\ajaykarthick_wavefake-audio\wavefake_ajay_LJ029-0162.wav|data\raw\fake_music_generated\fake_music_MusicGen_0290.wav,split_internal_mix,mix::WF7::MusicGen,cal_b,1,1,0.013314994983375072,0.030918151140213013,0.5011866688728333,0.5016971230506897,0.6593021154403687,0.9998076558113098
data/raw/gtzan_unique_v2/blues.00047.wav,gtzan_real_v2,GTZAN_genre_0,cal_c,0,1,0.01721191219985485,0.8733307719230652,0.5008109211921692,0.5015215277671814,0.7773154377937317,0.9999995231628418
data\raw\Bisher_ASVspoof_2019_LA\asvspoof2019_LA_T_9110555.flac,asvspoof2019,bonafide,cal_b,1,0,0.848587155342102,0.010921796783804893,0.5025225877761841,0.5059376358985901,0.9735671281814576,0.0725325420498848
data/raw/gtzan_unique_v2/reggae.00060.wav,gtzan_real_v2,GTZAN_genre_8,cal_b,0,1,0.028377240523695946,0.8579487800598145,0.5020412802696228,0.5030889511108398,0.8090326189994812,0.999989688396454
MIX::data\raw\ajaykarthick_wavefake-audio\wavefake_ajay_LJ048-0178.wav|data\raw\fake_music_generated\fake_music_MusicGen_0258.wav,split_internal_mix,mix::WF7::MusicGen,cal_b,1,1,0.2737239897251129,0.018601542338728905,0.5015690326690674,0.5023220777511597,0.7729600667953491,0.9973334074020386
data\raw\fake_music_generated\fake_music_AudioLDM2_0277.wav,fake_music_generated,AudioLDM2,cal_b,0,1,0.017161622643470764,0.03543657064437866,0.5015410780906677,0.5023102760314941,0.6619130373001099,0.9999819993972778
MIX::data\raw\openslr_librispeech_asr\librispeech_dev_8842-302201-0009.flac|data/raw/gtzan_unique_v2/rock.00072.wav,split_internal_mix,mix::LibriSpeech::GTZAN_genre_9,cal_c,1,1,0.026996394619345665,0.8422322273254395,0.5011498332023621,0.5020741820335388,0.7482597231864929,0.9999985694885254
data\raw\Bisher_ASVspoof_2019_LA\asvspoof2019_LA_T_9457505.flac,asvspoof2019,bonafide,cal_b,1,0,0.8214331269264221,0.011795004829764366,0.5022522211074829,0.5051392316818237,0.9462265968322754,0.1100790351629257
MIX::data\raw\openslr_librispeech_asr\librispeech_dev_8842-304647-0001.flac|data/raw/gtzan_unique_v2/reggae.00053.wav,split_internal_mix,mix::LibriSpeech::GTZAN_genre_8,cal_c,1,1,0.025045126676559448,0.8670918941497803,0.5013025999069214,0.5024423599243164,0.8454974293708801,0.9980106353759766
MIX::data\raw\ajaykarthick_wavefake-audio\wavefake_ajay_LJ050-0242.wav|data/raw/gtzan_unique_v2/rock.00006.wav,split_internal_mix,mix::WF2::GTZAN_genre_9,cal_c,1,1,0.03880930691957474,0.8714815974235535,0.5010884404182434,0.5019652247428894,0.8267415165901184,0.9999305605888368
MIX::data\raw\ajaykarthick_wavefake-audio\wavefake_ajay_LJ017-0031.wav|data/raw/gtzan_unique_v2/classical.00037.wav,split_internal_mix,mix::WF4::GTZAN_genre_1,cal_a,1,1,0.2826053202152252,0.41938576102256775,0.5017374157905579,0.5038719177246094,0.906080424785614,0.7137846946716309
data\raw\ajaykarthick_wavefake-audio\wavefake_ajay_LJ043-0063.wav,wavefake_ajay,WF1,cal_c,1,0,0.7916865348815918,0.03429148346185684,0.502844512462616,0.5048616528511047,0.971836507320404,0.1102968603372573
MIX::data\raw\openslr_librispeech_asr\librispeech_dev_3752-4943-0028.flac|data/raw/gtzan_unique_v2/classical.00090.wav,split_internal_mix,mix::LibriSpeech::GTZAN_genre_1,cal_b,1,1,0.02363928221166134,0.7288517951965332,0.5012905597686768,0.5020949244499207,0.6368024349212646,0.9999998211860656
MIX::data\raw\ajaykarthick_wavefake-audio\wavefake_ajay_LJ030-0001_WF4_1.wav|data\raw\fake_music_generated\fake_music_AudioLDM2_0157.wav,split_internal_mix,mix::WF4::AudioLDM2,cal_c,1,1,0.1018628254532814,0.02669745683670044,0.5027503967285156,0.5038784742355347,0.8002597689628601,0.9975048303604126
data\raw\ajaykarthick_wavefake-audio\wavefake_ajay_LJ015-0119.wav,wavefake_ajay,WF7,cal_b,1,0,0.8267249464988708,0.030428694561123848,0.5023740530014038,0.504516065120697,0.9556364417076112,0.0955032408237457
MIX::data\raw\openslr_librispeech_asr\librispeech_dev_2428-83699-0031.flac|data\raw\fake_music_generated\fake_music_MusicGen_0082.wav,split_internal_mix,mix::LibriSpeech::MusicGen,cal_c,1,1,0.02184210903942585,0.04911570996046066,0.5033520460128784,0.5052651166915894,0.8032654523849487,0.9998974204063416
data\raw\fake_music_generated\fake_music_MusicGen_0290.wav,fake_music_generated,MusicGen,cal_b,0,1,0.013192412443459034,0.03475498408079147,0.5013675093650818,0.5019837021827698,0.6726611256599426,0.999827206134796
data/raw/gtzan_unique_v2/blues.00078.wav,gtzan_real_v2,GTZAN_genre_0,cal_b,0,1,0.03346863016486168,0.9079915881156921,0.5017113089561462,0.5031864047050476,0.6647160649299622,0.999988615512848
data\raw\fake_music_generated\fake_music_AudioLDM2_0089.wav,fake_music_generated,AudioLDM2,cal_a,0,1,0.014712471514940262,0.028120897710323334,0.5012725591659546,0.5017134547233582,0.6649637222290039,0.999757707118988
MIX::data\raw\ajaykarthick_wavefake-audio\wavefake_ajay_LJ015-0100.wav|data/raw/gtzan_unique_v2/classical.00088.wav,split_internal_mix,mix::R::GTZAN_genre_1,cal_a,1,1,0.27050888538360596,0.4113962650299072,0.5021032691001892,0.5048842430114746,0.9002615809440613,0.7108834385871887
data\raw\fake_music_generated\fake_music_AudioLDM2_0157.wav,fake_music_generated,AudioLDM2,cal_c,0,1,0.016431445255875587,0.014559375122189522,0.501418948173523,0.5018925666809082,0.6388963460922241,0.9998511075973512
MIX::data\raw\ajaykarthick_wavefake-audio\wavefake_ajay_LJ015-0100.wav|data\raw\fake_music_generated\fake_music_AudioLDM2_0147.wav,split_internal_mix,mix::R::AudioLDM2,cal_a,1,1,0.6591221690177917,0.5582067966461182,0.502008855342865,0.5033277273178101,0.8719894289970398,0.9769549369812012
MIX::data\raw\ajaykarthick_wavefake-audio\wavefake_ajay_LJ019-0269.wav|data\raw\fake_music_generated\fake_music_AudioLDM2_0171.wav,split_internal_mix,mix::WF7::AudioLDM2,cal_c,1,1,0.014793192967772484,0.020645733922719955,0.5018564462661743,0.5027010440826416,0.719192624092102,0.9999557733535768
MIX::data\raw\openslr_librispeech_asr\librispeech_dev_1462-170142-0039.flac|data/raw/gtzan_unique_v2/blues.00078.wav,split_internal_mix,mix::LibriSpeech::GTZAN_genre_0,cal_b,1,1,0.2834753096103668,0.610988974571228,0.5016382336616516,0.502740204334259,0.8911082744598389,0.7472843527793884
MIX::data\raw\ajaykarthick_wavefake-audio\wavefake_ajay_LJ019-0347.wav|data/raw/gtzan_unique_v2/disco.00098.wav,split_internal_mix,mix::WF2::GTZAN_genre_3,cal_c,1,1,0.04112841561436653,0.8845164179801941,0.5010347366333008,0.5020102858543396,0.7974651455879211,0.999636709690094
data/raw/gtzan_unique_v2/metal.00069.wav,gtzan_real_v2,GTZAN_genre_6,cal_a,0,1,0.016760503873229027,0.8242513537406921,0.500887930393219,0.5015897750854492,0.7845696806907654,0.999991238117218
MIX::data\raw\openslr_librispeech_asr\librispeech_dev_8842-302196-0008.flac|data/raw/gtzan_unique_v2/reggae.00030.wav,split_internal_mix,mix::LibriSpeech::GTZAN_genre_8,cal_c,1,1,0.035423729568719864,0.8834466338157654,0.5019234418869019,0.503628134727478,0.8999381065368652,0.9918184280395508
MIX::data\raw\ajaykarthick_wavefake-audio\wavefake_ajay_LJ008-0257.wav|data\raw\fake_music_generated\fake_music_AudioLDM2_0275.wav,split_internal_mix,mix::R::AudioLDM2,cal_c,1,1,0.6631761193275452,0.41207394003868103,0.5031886100769043,0.5058431625366211,0.95931875705719,0.815638542175293
data/raw/gtzan_unique_v2/rock.00030.wav,gtzan_real_v2,GTZAN_genre_9,cal_b,0,1,0.0627933219075203,0.8853294253349304,0.50104159116745,0.5020268559455872,0.810060441493988,0.9999547004699708
data\raw\fake_music_generated\fake_music_AudioLDM2_0171.wav,fake_music_generated,AudioLDM2,cal_c,0,1,0.018983101472258568,0.021228544414043427,0.5016126036643982,0.5023685693740845,0.6793568134307861,0.9999792575836182
MIX::data\raw\ajaykarthick_wavefake-audio\wavefake_ajay_LJ019-0320.wav|data/raw/gtzan_unique_v2/classical.00037.wav,split_internal_mix,mix::WF7::GTZAN_genre_1,cal_a,1,1,0.28215688467025757,0.4206618368625641,0.5020861029624939,0.5042888522148132,0.8870026469230652,0.7391500473022461
MIX::data\raw\ajaykarthick_wavefake-audio\wavefake_ajay_LJ015-0100.wav|data/raw/gtzan_unique_v2/disco.00022.wav,split_internal_mix,mix::R::GTZAN_genre_3,cal_a,1,1,0.019733846187591553,0.8430900573730469,0.5010725259780884,0.5020597577095032,0.7774426937103271,0.9999051690101624
data/raw/gtzan_unique_v2/blues.00098.wav,gtzan_real_v2,GTZAN_genre_0,cal_a,0,1,0.023532496765255928,0.8650743961334229,0.5011119842529297,0.5022401213645935,0.7562422156333923,0.9999950528144836
data\raw\Bisher_ASVspoof_2019_LA\asvspoof2019_LA_T_3103059.flac,asvspoof2019,A01,cal_b,1,0,0.6504189968109131,0.04066479951143265,0.5021985769271851,0.5031814575195312,0.9577771425247192,0.0773639604449272
data/raw/gtzan_unique_v2/blues.00084.wav,gtzan_real_v2,GTZAN_genre_0,cal_a,0,1,0.019312957301735878,0.7894307971000671,0.5016754269599915,0.5030790567398071,0.648230254650116,0.9999993443489076
MIX::data\raw\openslr_librispeech_asr\librispeech_dev_8842-304647-0013.flac|data/raw/gtzan_unique_v2/pop.00020.wav,split_internal_mix,mix::LibriSpeech::GTZAN_genre_7,cal_c,1,1,0.29970166087150574,0.5595075488090515,0.5013924241065979,0.5023622512817383,0.8895660042762756,0.6960495114326477
MIX::data\raw\openslr_librispeech_asr\librispeech_dev_2428-83699-0031.flac|data\raw\fake_music_generated\fake_music_AudioLDM2_0275.wav,split_internal_mix,mix::LibriSpeech::AudioLDM2,cal_c,1,1,0.6472373604774475,0.07573944330215454,0.5037240982055664,0.5061095952987671,0.9573724269866944,0.3102427423000335
data/raw/gtzan_unique_v2/reggae.00050.wav,gtzan_real_v2,GTZAN_genre_8,cal_c,0,1,0.04335276782512665,0.9045377373695374,0.5010115504264832,0.5019515156745911,0.8538567423820496,0.999910831451416
data/raw/gtzan_unique_v2/blues.00079.wav,gtzan_real_v2,GTZAN_genre_0,cal_a,0,1,0.01769927330315113,0.864870548248291,0.5016040802001953,0.5030997395515442,0.627798318862915,0.999999225139618
MIX::data\raw\ajaykarthick_wavefake-audio\wavefake_ajay_LJ015-0100.wav|data/raw/gtzan_unique_v2/reggae.00080.wav,split_internal_mix,mix::R::GTZAN_genre_8,cal_a,1,1,0.08794621378183365,0.8594069480895996,0.5011109709739685,0.5020672678947449,0.8193719983100891,0.9995402693748474
MIX::data\raw\ajaykarthick_wavefake-audio\wavefake_ajay_LJ017-0017.wav|data\raw\fake_music_generated\fake_music_AudioLDM2_0095.wav,split_internal_mix,mix::WF1::AudioLDM2,cal_a,1,1,0.013958741910755634,0.026681434363126755,0.5016710758209229,0.5031620264053345,0.7355817556381226,0.995915710926056
MIX::data\raw\ajaykarthick_wavefake-audio\wavefake_ajay_LJ015-0100.wav|data\raw\fake_music_generated\fake_music_AudioLDM2_0107.wav,split_internal_mix,mix::R::AudioLDM2,cal_a,1,1,0.40823227167129517,0.035652853548526764,0.5032585859298706,0.5052785873413086,0.8912353515625,0.600409984588623
MIX::data\raw\ajaykarthick_wavefake-audio\wavefake_ajay_LJ015-0100.wav|data\raw\fake_music_generated\fake_music_AudioLDM2_0089.wav,split_internal_mix,mix::R::AudioLDM2,cal_a,1,1,0.5995090007781982,0.08615992963314056,0.5029228925704956,0.5050164461135864,0.92911559343338,0.5568817257881165
data/raw/gtzan_unique_v2/hiphop.00055.wav,gtzan_real_v2,GTZAN_genre_4,cal_b,0,1,0.06274908781051636,0.8745829463005066,0.5011281967163086,0.5017909407615662,0.8049812316894531,0.99984472990036
data/raw/gtzan_unique_v2/disco.00090.wav,gtzan_real_v2,GTZAN_genre_3,cal_b,0,1,0.018852204084396362,0.8725674748420715,0.5008615851402283,0.5015469789505005,0.8486928343772888,0.9999749064445496
MIX::data\raw\ajaykarthick_wavefake-audio\wavefake_ajay_LJ043-0043.wav|data\raw\fake_music_generated\fake_music_MusicGen_0060.wav,split_internal_mix,mix::WF2::MusicGen,cal_a,1,1,0.23906970024108887,0.014709044247865677,0.5019147396087646,0.5027211308479309,0.716583251953125,0.998971939086914
MIX::data\raw\ajaykarthick_wavefake-audio\wavefake_ajay_LJ019-0320_WF2_1.wav|data\raw\fake_music_generated\fake_music_AudioLDM2_0089.wav,split_internal_mix,mix::WF2::AudioLDM2,cal_a,1,1,0.542527437210083,0.08776787668466568,0.5020126104354858,0.5030505061149597,0.8259783387184143,0.995053231716156
MIX::data\raw\ajaykarthick_wavefake-audio\wavefake_ajay_LJ028-0364.wav|data\raw\fake_music_generated\fake_music_AudioLDM2_0067.wav,split_internal_mix,mix::WF3::AudioLDM2,cal_c,1,1,0.6421457529067993,0.05227923393249512,0.5039929151535034,0.5063148140907288,0.9604027271270752,0.6917968988418579
MIX::data\raw\openslr_librispeech_asr\librispeech_dev_3752-4944-0038.flac|data/raw/gtzan_unique_v2/jazz.00078.wav,split_internal_mix,mix::LibriSpeech::GTZAN_genre_5,cal_b,1,1,0.059493016451597214,0.7001659870147705,0.5012407302856445,0.5022008419036865,0.750166118144989,0.9997469782829284
MIX::data\raw\ajaykarthick_wavefake-audio\wavefake_ajay_LJ044-0100_WF7_1.wav|data\raw\fake_music_generated\fake_music_AudioLDM2_0095.wav,split_internal_mix,mix::WF7::AudioLDM2,cal_a,1,1,0.802605152130127,0.028396449983119965,0.50324547290802,0.505570650100708,0.9617847204208374,0.1423594951629638
data\raw\openslr_librispeech_asr\librispeech_dev_8842-302196-0003.flac,librispeech_dev,LibriSpeech,cal_c,1,0,0.826856791973114,0.026012785732746124,0.5019255876541138,0.5030022859573364,0.9112335443496704,0.1185062825679779
data/raw/gtzan_unique_v2/rock.00054.wav,gtzan_real_v2,GTZAN_genre_9,cal_c,0,1,0.10430862754583359,0.7986344695091248,0.5008733868598938,0.5016021132469177,0.8459686636924744,0.9999741911888124
MIX::data\raw\ajaykarthick_wavefake-audio\wavefake_ajay_LJ007-0200.wav|data/raw/gtzan_unique_v2/rock.00061.wav,split_internal_mix,mix::WF7::GTZAN_genre_9,cal_a,1,1,0.2894896864891052,0.5477584004402161,0.5019243359565735,0.5035433769226074,0.8690137267112732,0.7036833167076111
MIX::data\raw\openslr_librispeech_asr\librispeech_dev_3752-4944-0025.flac|data/raw/gtzan_unique_v2/disco.00095.wav,split_internal_mix,mix::LibriSpeech::GTZAN_genre_3,cal_b,1,1,0.3090084195137024,0.594188392162323,0.5028055906295776,0.5049195885658264,0.8907682299613953,0.7687870860099792
MIX::data\raw\ajaykarthick_wavefake-audio\wavefake_ajay_LJ015-0100.wav|data/raw/gtzan_unique_v2/pop.00013.wav,split_internal_mix,mix::R::GTZAN_genre_7,cal_a,1,1,0.28147563338279724,0.8202818036079407,0.5015227794647217,0.5029297471046448,0.8031379580497742,0.9999915957450868
MIX::data\raw\Bisher_ASVspoof_2019_LA\asvspoof2019_LA_T_9110555.flac|data\raw\fake_music_generated\fake_music_AudioLDM2_0033.wav,split_internal_mix,mix::bonafide::AudioLDM2,cal_b,1,1,0.6429269313812256,0.022150538861751556,0.5036648511886597,0.5061480402946472,0.946967363357544,0.662966251373291
data/raw/gtzan_unique_v2/reggae.00080.wav,gtzan_real_v2,GTZAN_genre_8,cal_a,0,1,0.03456304967403412,0.8481626510620117,0.5010971426963806,0.5021560192108154,0.8132946491241455,0.9992793202400208
data/raw/gtzan_unique_v2/hiphop.00060.wav,gtzan_real_v2,GTZAN_genre_4,cal_a,0,1,0.08403828740119934,0.8368403315544128,0.5011751651763916,0.5019210577011108,0.817539393901825,0.9996172785758972
MIX::data\raw\openslr_librispeech_asr\librispeech_dev_3752-4944-0039.flac|data\raw\fake_music_generated\fake_music_MusicGen_0278.wav,split_internal_mix,mix::LibriSpeech::MusicGen,cal_b,1,1,0.009221715852618217,0.019791584461927414,0.5013179779052734,0.502453088760376,0.7109673619270325,0.9998021125793456
MIX::data\raw\ajaykarthick_wavefake-audio\wavefake_ajay_LJ029-0136.wav|data/raw/gtzan_unique_v2/rock.00007.wav,split_internal_mix,mix::WF1::GTZAN_genre_9,cal_b,1,1,0.022129157558083534,0.8479530811309814,0.5011888146400452,0.5021242499351501,0.7768089771270752,0.9999915957450868
MIX::data\raw\Bisher_ASVspoof_2019_LA\asvspoof2019_LA_T_5636788.flac|data/raw/gtzan_unique_v2/country.00060.wav,split_internal_mix,mix::A01::GTZAN_genre_2,cal_b,1,1,0.2538350820541382,0.8256919384002686,0.5022310018539429,0.5043196678161621,0.848217248916626,0.9279919266700744
MIX::data\raw\ajaykarthick_wavefake-audio\wavefake_ajay_LJ029-0136.wav|data\raw\fake_music_generated\fake_music_MusicGen_0258.wav,split_internal_mix,mix::WF1::MusicGen,cal_b,1,1,0.5027628540992737,0.16068848967552185,0.5021688342094421,0.5035994052886963,0.8830853700637817,0.9824175238609314
data/raw/gtzan_unique_v2/jazz.00002.wav,gtzan_real_v2,GTZAN_genre_5,cal_b,0,1,0.020015953108668327,0.7100763320922852,0.5013608932495117,0.5028570294380188,0.7724122405052185,0.9999890327453612
MIX::data\raw\ajaykarthick_wavefake-audio\wavefake_ajay_LJ042-0239.wav|data/raw/gtzan_unique_v2/rock.00008.wav,split_internal_mix,mix::WF7::GTZAN_genre_9,cal_a,1,1,0.519041121006012,0.42984020709991455,0.5015249848365784,0.5035245418548584,0.8846302032470703,0.6939888000488281
data\raw\ajaykarthick_wavefake-audio\wavefake_ajay_LJ017-0017_WF4_1.wav,wavefake_ajay,WF4,cal_a,1,0,0.715041995048523,0.02865905500948429,0.5022233724594116,0.5045340061187744,0.9546528458595276,0.0807414874434471
data\raw\ajaykarthick_wavefake-audio\wavefake_ajay_LJ016-0393.wav,wavefake_ajay,WF7,cal_c,1,0,0.85257488489151,0.02473992295563221,0.502692699432373,0.5049631595611572,0.96258944272995,0.1057298257946968
MIX::data\raw\Bisher_ASVspoof_2019_LA\asvspoof2019_LA_T_8130994.flac|data\raw\fake_music_generated\fake_music_AudioLDM2_0007.wav,split_internal_mix,mix::A01::AudioLDM2,cal_b,1,1,0.5012001395225525,0.0327068567276001,0.5039582848548889,0.5065114498138428,0.944329023361206,0.6779139041900635
data/raw/gtzan_unique_v2/metal.00050.wav,gtzan_real_v2,GTZAN_genre_6,cal_c,0,1,0.0314067006111145,0.8401763439178467,0.5017572045326233,0.5032010078430176,0.6156757473945618,0.9999887347221376
MIX::data\raw\ajaykarthick_wavefake-audio\wavefake_ajay_LJ050-0187.wav|data\raw\fake_music_generated\fake_music_AudioLDM2_0011.wav,split_internal_mix,mix::WF4::AudioLDM2,cal_a,1,1,0.2649011015892029,0.11015941202640533,0.5027249455451965,0.5042725801467896,0.8226312398910522,0.9849040508270264
MIX::data\raw\ajaykarthick_wavefake-audio\wavefake_ajay_LJ043-0044.wav|data/raw/gtzan_unique_v2/blues.00016.wav,split_internal_mix,mix::WF6::GTZAN_genre_0,cal_c,1,1,0.34701022505760193,0.33699676394462585,0.5034623146057129,0.5061097145080566,0.9193375706672668,0.6774408221244812
data\raw\fake_music_generated\fake_music_AudioLDM2_0055.wav,fake_music_generated,AudioLDM2,cal_b,0,1,0.01490005012601614,0.03457580506801605,0.5014529824256897,0.5020898580551147,0.6767208576202393,0.9999438524246216
MIX::data\raw\ajaykarthick_wavefake-audio\wavefake_ajay_LJ015-0100.wav|data\raw\fake_music_generated\fake_music_AudioLDM2_0147.wav,split_internal_mix,mix::R::AudioLDM2,cal_a,1,1,0.16723942756652832,0.020666737109422684,0.5019499063491821,0.5026484727859497,0.7261714339256287,0.999874711036682
MIX::data\raw\ajaykarthick_wavefake-audio\wavefake_ajay_LJ029-0136.wav|data\raw\fake_music_generated\fake_music_AudioLDM2_0161.wav,split_internal_mix,mix::WF1::AudioLDM2,cal_b,1,1,0.4933805465698242,0.07248903065919876,0.5026384592056274,0.5047996044158936,0.933289110660553,0.9476183652877808
data/raw/gtzan_unique_v2/metal.00039.wav,gtzan_real_v2,GTZAN_genre_6,cal_c,0,1,0.01880543678998947,0.8736849427223206,0.5009799599647522,0.5019456744194031,0.7721397876739502,0.9999999403953552
data\raw\fake_music_generated\fake_music_MusicGen_0258.wav,fake_music_generated,MusicGen,cal_b,0,1,0.01961098611354828,0.025101887062191963,0.5011887550354004,0.5018394589424133,0.6924874782562256,0.9998900890350342
data\raw\Bisher_ASVspoof_2019_LA\asvspoof2019_LA_T_7598099.flac,asvspoof2019,A01,cal_b,1,0,0.8017305731773376,0.016765356063842773,0.5030661225318909,0.5051237344741821,0.9686861634254456,0.0507272407412529
MIX::data\raw\openslr_librispeech_asr\librispeech_dev_1462-170142-0037.flac|data/raw/gtzan_unique_v2/jazz.00078.wav,split_internal_mix,mix::LibriSpeech::GTZAN_genre_5,cal_b,1,1,0.016365837305784225,0.6498731970787048,0.5013483166694641,0.5024577379226685,0.6980149149894714,0.99993896484375
MIX::data\raw\openslr_librispeech_asr\librispeech_dev_1462-170145-0016.flac|data\raw\fake_music_generated\fake_music_AudioLDM2_0181.wav,split_internal_mix,mix::LibriSpeech::AudioLDM2,cal_b,1,1,0.009827294386923313,0.02703011780977249,0.5013099312782288,0.5029373168945312,0.7245781421661377,0.99960196018219
MIX::data\raw\ajaykarthick_wavefake-audio\wavefake_ajay_LJ050-0248.wav|data\raw\fake_music_generated\fake_music_AudioLDM2_0107.wav,split_internal_mix,mix::WF4::AudioLDM2,cal_a,1,1,0.4521223306655884,0.11906308680772781,0.5026326775550842,0.5042702555656433,0.909944474697113,0.993872880935669
MIX::data\raw\ajaykarthick_wavefake-audio\wavefake_ajay_LJ050-0242.wav|data/raw/gtzan_unique_v2/metal.00050.wav,split_internal_mix,mix::WF2::GTZAN_genre_6,cal_c,1,1,0.30431753396987915,0.5841972827911377,0.5013716816902161,0.5025655627250671,0.8760805726051331,0.6945392489433289
MIX::data\raw\ajaykarthick_wavefake-audio\wavefake_ajay_LJ015-0100.wav|data/raw/gtzan_unique_v2/reggae.00019.wav,split_internal_mix,mix::R::GTZAN_genre_8,cal_a,1,1,0.5330464243888855,0.8394247889518738,0.5028854012489319,0.505111038684845,0.8999195694923401,0.972136914730072
data/raw/gtzan_unique_v2/disco.00035.wav,gtzan_real_v2,GTZAN_genre_3,cal_c,0,1,0.02947275899350643,0.8412792086601257,0.5010653138160706,0.5020920634269714,0.8012344837188721,0.9999528527259828
data/raw/gtzan_unique_v2/disco.00095.wav,gtzan_real_v2,GTZAN_genre_3,cal_b,0,1,0.031899046152830124,0.8525952696800232,0.5012446045875549,0.5021545886993408,0.8459545969963074,0.9997074604034424
MIX::data\raw\ajaykarthick_wavefake-audio\wavefake_ajay_LJ030-0001_WF4_1.wav|data\raw\fake_music_generated\fake_music_MusicGen_0154.wav,split_internal_mix,mix::WF4::MusicGen,cal_c,1,1,0.7385071516036987,0.04288851469755173,0.5030025243759155,0.5054457187652588,0.969980239868164,0.0992912128567695
data\raw\Bisher_ASVspoof_2019_LA\asvspoof2019_LA_T_8722988.flac,asvspoof2019,A01,cal_b,1,0,0.8197199106216431,0.03838101029396057,0.5038793683052063,0.5069740414619446,0.972063422203064,0.0349263921380043
data\raw\openslr_librispeech_asr\librispeech_dev_2428-83705-0013.flac,librispeech_dev,LibriSpeech,cal_c,1,0,0.7900767922401428,0.035522203892469406,0.5027178525924683,0.5047927498817444,0.963715434074402,0.0747938305139541
MIX::data\raw\ajaykarthick_wavefake-audio\wavefake_ajay_LJ050-0242.wav|data/raw/gtzan_unique_v2/pop.00081.wav,split_internal_mix,mix::WF2::GTZAN_genre_7,cal_c,1,1,0.020536622032523155,0.8365705609321594,0.501229465007782,0.5020769238471985,0.7921273112297058,0.9999478459358216
MIX::data\raw\ajaykarthick_wavefake-audio\wavefake_ajay_LJ015-0100.wav|data/raw/gtzan_unique_v2/reggae.00069.wav,split_internal_mix,mix::R::GTZAN_genre_8,cal_a,1,1,0.02035270631313324,0.8038497567176819,0.501176655292511,0.502146303653717,0.8081097602844238,0.9998703002929688
data\raw\openslr_librispeech_asr\librispeech_dev_1462-170145-0006.flac,librispeech_dev,LibriSpeech,cal_b,1,0,0.8943527936935425,0.009634662419557571,0.5031824111938477,0.5061330199241638,0.9420167207717896,0.1162991821765899
MIX::data\raw\ajaykarthick_wavefake-audio\wavefake_ajay_LJ050-0248.wav|data\raw\fake_music_generated\fake_music_MusicGen_0052.wav,split_internal_mix,mix::WF4::MusicGen,cal_a,1,1,0.35009267926216125,0.06774578243494034,0.502188503742218,0.5033314228057861,0.8165459632873535,0.9995641708374025
MIX::data\raw\ajaykarthick_wavefake-audio\wavefake_ajay_LJ008-0269.wav|data\raw\fake_music_generated\fake_music_AudioLDM2_0241.wav,split_internal_mix,mix::WF3::AudioLDM2,cal_b,1,1,0.14271776378154755,0.03247324749827385,0.5019992589950562,0.503662109375,0.7956125736236572,0.9963696599006652
data\raw\Bisher_ASVspoof_2019_LA\asvspoof2019_LA_T_6094233.flac,asvspoof2019,A02,cal_b,1,0,0.815729022026062,0.02484908141195774,0.5038703083992004,0.5076190233230591,0.9684621691703796,0.0480733923614025
MIX::data\raw\ajaykarthick_wavefake-audio\wavefake_ajay_LJ019-0389.wav|data\raw\fake_music_generated\fake_music_AudioLDM2_0167.wav,split_internal_mix,mix::WF5::AudioLDM2,cal_a,1,1,0.015512429177761078,0.010896347463130951,0.5011889338493347,0.5019635558128357,0.6662281155586243,0.9999774694442748
MIX::data\raw\openslr_librispeech_asr\librispeech_dev_2428-83699-0039.flac|data/raw/gtzan_unique_v2/hiphop.00087.wav,split_internal_mix,mix::LibriSpeech::GTZAN_genre_4,cal_c,1,1,0.32895219326019287,0.8945184350013733,0.5012329816818237,0.5020176768302917,0.866622269153595,0.9955518841743468
data\raw\openslr_librispeech_asr\librispeech_dev_8842-304647-0001.flac,librispeech_dev,LibriSpeech,cal_c,1,0,0.8394336104393005,0.027577480301260948,0.5039530396461487,0.5065928101539612,0.9649624824523926,0.0765705928206443
data/raw/gtzan_unique_v2/reggae.00023.wav,gtzan_real_v2,GTZAN_genre_8,cal_c,0,1,0.0191215667873621,0.8720625042915344,0.5011818408966064,0.5018847584724426,0.8066878318786621,0.9999954104423524
MIX::data\raw\ajaykarthick_wavefake-audio\wavefake_ajay_LJ015-0100.wav|data\raw\fake_music_generated\fake_music_AudioLDM2_0095.wav,split_internal_mix,mix::R::AudioLDM2,cal_a,1,1,0.7906222343444824,0.027572494000196457,0.5026963353157043,0.5050913095474243,0.9529569149017334,0.1120853573083877
MIX::data\raw\ajaykarthick_wavefake-audio\wavefake_ajay_LJ048-0167.wav|data\raw\fake_music_generated\fake_music_AudioLDM2_0157.wav,split_internal_mix,mix::WF5::AudioLDM2,cal_c,1,1,0.7653498649597168,0.18732000887393951,0.5024540424346924,0.5043340921401978,0.9681799411773682,0.1324010491371154
data\raw\openslr_librispeech_asr\librispeech_dev_2428-83699-0021.flac,librispeech_dev,LibriSpeech,cal_c,1,0,0.8501316905021667,0.04402339458465576,0.5038196444511414,0.5065460801124573,0.9701712727546692,0.0532096773386001
MIX::data\raw\ajaykarthick_wavefake-audio\wavefake_ajay_LJ028-0356.wav|data\raw\fake_music_generated\fake_music_AudioLDM2_0157.wav,split_internal_mix,mix::WF5::AudioLDM2,cal_c,1,1,0.7524114847183228,0.034759923815727234,0.5027551651000977,0.5050538778305054,0.9674042463302612,0.1331813782453537
data\raw\ajaykarthick_wavefake-audio\wavefake_ajay_LJ002-0032_WF1_1.wav,wavefake_ajay,WF1,cal_b,1,0,0.8049678206443787,0.025776516646146774,0.5028720498085022,0.505622386932373,0.9499412178993224,0.123715341091156
data\raw\openslr_librispeech_asr\librispeech_dev_8842-302196-0006.flac,librispeech_dev,LibriSpeech,cal_c,1,0,0.7949298620223999,0.03360021859407425,0.5021488666534424,0.5031787753105164,0.9289493560791016,0.1156171262264251
data\raw\openslr_librispeech_asr\librispeech_dev_2428-83699-0004.flac,librispeech_dev,LibriSpeech,cal_c,1,0,0.8726767897605896,0.030857089906930923,0.5039429664611816,0.5072841048240662,0.9689984321594238,0.0582746006548404
data/raw/gtzan_unique_v2/classical.00037.wav,gtzan_real_v2,GTZAN_genre_1,cal_a,0,1,0.017436882480978966,0.6563263535499573,0.5011929869651794,0.5024850368499756,0.8192009329795837,0.9999989867210388
MIX::data\raw\Bisher_ASVspoof_2019_LA\asvspoof2019_LA_T_9745018.flac|data/raw/gtzan_unique_v2/rock.00086.wav,split_internal_mix,mix::bonafide::GTZAN_genre_9,cal_b,1,1,0.019074510782957077,0.8228456377983093,0.5014371275901794,0.5025454759597778,0.7792274951934814,0.994828164577484
data/raw/gtzan_unique_v2/pop.00073.wav,gtzan_real_v2,GTZAN_genre_7,cal_c,0,1,0.02627241052687168,0.8134444355964661,0.5014013648033142,0.5027348399162292,0.667205274105072,0.9999986290931702
data\raw\fake_music_generated\fake_music_AudioLDM2_0051.wav,fake_music_generated,AudioLDM2,cal_b,0,1,0.016271689906716347,0.02164532244205475,0.5011976957321167,0.5019776821136475,0.6586318612098694,0.999982476234436
data/raw/gtzan_unique_v2/reggae.00017.wav,gtzan_real_v2,GTZAN_genre_8,cal_a,0,1,0.020466990768909454,0.8791918754577637,0.5012518763542175,0.5020681619644165,0.7840113043785095,0.9999651312828064
data/raw/gtzan_unique_v2/disco.00019.wav,gtzan_real_v2,GTZAN_genre_3,cal_c,0,1,0.06066085025668144,0.842475175857544,0.5015223622322083,0.5027369856834412,0.7529206871986389,0.9999993443489076
data/raw/gtzan_unique_v2/jazz.00001.wav,gtzan_real_v2,GTZAN_genre_5,cal_b,0,1,0.01951693557202816,0.7620304226875305,0.5016077756881714,0.5035470128059387,0.8103847503662109,0.999994933605194
data\raw\fake_music_generated\fake_music_AudioLDM2_0011.wav,fake_music_generated,AudioLDM2,cal_a,0,1,0.010454337112605572,0.043055325746536255,0.5017262697219849,0.5026020407676697,0.6527391076087952,0.9996739625930786
MIX::data\raw\ajaykarthick_wavefake-audio\wavefake_ajay_LJ017-0031.wav|data/raw/gtzan_unique_v2/hiphop.00060.wav,split_internal_mix,mix::WF4::GTZAN_genre_4,cal_a,1,1,0.5218663811683655,0.7959451675415039,0.5026527643203735,0.5041832327842712,0.870999813079834,0.9882605075836182
data\raw\ajaykarthick_wavefake-audio\wavefake_ajay_LJ017-0017.wav,wavefake_ajay,WF1,cal_a,1,0,0.715041995048523,0.02865905500948429,0.5022192001342773,0.5045123100280762,0.95375794172287,0.0798714831471443
data\raw\ajaykarthick_wavefake-audio\wavefake_ajay_LJ048-0162.wav,wavefake_ajay,WF7,cal_b,1,0,0.8186911344528198,0.03269336372613907,0.5022786259651184,0.5048736929893494,0.9510547518730164,0.1095329225063324
data/raw/gtzan_unique_v2/rock.00061.wav,gtzan_real_v2,GTZAN_genre_9,cal_a,0,1,0.019251642748713493,0.8070982098579407,0.5013702511787415,0.5024218559265137,0.7996003031730652,0.9999780654907228
MIX::data\raw\openslr_librispeech_asr\librispeech_dev_1462-170145-0001.flac|data\raw\fake_music_generated\fake_music_AudioLDM2_0091.wav,split_internal_mix,mix::LibriSpeech::AudioLDM2,cal_b,1,1,0.5262455940246582,0.5806421637535095,0.503002941608429,0.5054982900619507,0.9075352549552916,0.7260528206825256
data/raw/gtzan_unique_v2/pop.00013.wav,gtzan_real_v2,GTZAN_genre_7,cal_a,0,1,0.0290965735912323,0.8226326107978821,0.5013184547424316,0.5022743344306946,0.7456043362617493,0.9999997615814208
data\raw\ajaykarthick_wavefake-audio\wavefake_ajay_LJ030-0001_WF4_1.wav,wavefake_ajay,WF4,cal_c,1,0,0.6989165544509888,0.043919194489717484,0.502514123916626,0.5046960115432739,0.964941143989563,0.0810952484607696
data\raw\openslr_librispeech_asr\librispeech_dev_3752-4944-0066.flac,librispeech_dev,LibriSpeech,cal_b,1,0,0.8036967515945435,0.023925460875034332,0.5025365948677063,0.5040334463119507,0.925587236881256,0.1911514699459076
data\raw\openslr_librispeech_asr\librispeech_dev_1462-170138-0017.flac,librispeech_dev,LibriSpeech,cal_b,1,0,0.8132181763648987,0.02922709286212921,0.502460777759552,0.5042723417282104,0.9152296781539916,0.1332167237997055
data/raw/gtzan_unique_v2/country.00093.wav,gtzan_real_v2,GTZAN_genre_2,cal_b,0,1,0.01993265189230442,0.8806741833686829,0.5012060403823853,0.5020368695259094,0.7699525952339172,0.9999988675117492
MIX::data\raw\ajaykarthick_wavefake-audio\wavefake_ajay_LJ015-0100.wav|data/raw/gtzan_unique_v2/country.00034.wav,split_internal_mix,mix::R::GTZAN_genre_2,cal_a,1,1,0.30396509170532227,0.5978946089744568,0.5016196370124817,0.5032851099967957,0.8909962773323059,0.7042986750602722
MIX::data\raw\openslr_librispeech_asr\librispeech_dev_2428-83699-0021.flac|data/raw/gtzan_unique_v2/blues.00097.wav,split_internal_mix,mix::LibriSpeech::GTZAN_genre_0,cal_c,1,1,0.07202285528182983,0.863926887512207,0.5013549327850342,0.5030501484870911,0.8141272068023682,0.9999842643737792
MIX::data\raw\ajaykarthick_wavefake-audio\wavefake_ajay_LJ015-0100.wav|data\raw\fake_music_generated\fake_music_AudioLDM2_0011.wav,split_internal_mix,mix::R::AudioLDM2,cal_a,1,1,0.6976363062858582,0.5510082244873047,0.5016965866088867,0.5027384757995605,0.7949809432029724,0.9783024787902832
data/raw/gtzan_unique_v2/jazz.00078.wav,gtzan_real_v2,GTZAN_genre_5,cal_b,0,1,0.016675064340233803,0.6794679760932922,0.5012649893760681,0.5022830963134766,0.7327765822410583,0.9997761845588684
MIX::data\raw\ajaykarthick_wavefake-audio\wavefake_ajay_LJ017-0017.wav|data\raw\fake_music_generated\fake_music_AudioLDM2_0223.wav,split_internal_mix,mix::WF1::AudioLDM2,cal_a,1,1,0.4792073965072632,0.15144479274749756,0.5019407272338867,0.5033518671989441,0.904246985912323,0.8690847158432007
data\raw\fake_music_generated\fake_music_AudioLDM2_0227.wav,fake_music_generated,AudioLDM2,cal_b,0,1,0.011270551942288876,0.01631670631468296,0.5015323162078857,0.5019495487213135,0.6446338891983032,0.9996720552444458
MIX::data\raw\ajaykarthick_wavefake-audio\wavefake_ajay_LJ045-0176.wav|data\raw\fake_music_generated\fake_music_MusicGen_0122.wav,split_internal_mix,mix::WF3::MusicGen,cal_c,1,1,0.015850506722927094,0.019219480454921722,0.5018511414527893,0.5025910139083862,0.6754641532897949,0.999850571155548
MIX::data\raw\Bisher_ASVspoof_2019_LA\asvspoof2019_LA_T_8722988.flac|data\raw\fake_music_generated\fake_music_AudioLDM2_0297.wav,split_internal_mix,mix::A01::AudioLDM2,cal_b,1,1,0.4322596490383148,0.020478174090385437,0.5031399726867676,0.5052528977394104,0.912581980228424,0.9819536209106444
MIX::data\raw\ajaykarthick_wavefake-audio\wavefake_ajay_LJ019-0269.wav|data/raw/gtzan_unique_v2/reggae.00050.wav,split_internal_mix,mix::WF7::GTZAN_genre_8,cal_c,1,1,0.3027034401893616,0.8318881988525391,0.503485381603241,0.5057533383369446,0.9177036881446838,0.8440671563148499
MIX::data\raw\Bisher_ASVspoof_2019_LA\asvspoof2019_LA_T_6094233.flac|data\raw\fake_music_generated\fake_music_AudioLDM2_0277.wav,split_internal_mix,mix::A02::AudioLDM2,cal_b,1,1,0.523063600063324,0.0375327542424202,0.5040298700332642,0.5066417455673218,0.9197919964790344,0.9005061984062195
MIX::data\raw\Bisher_ASVspoof_2019_LA\asvspoof2019_LA_T_9048829.flac|data/raw/gtzan_unique_v2/metal.00042.wav,split_internal_mix,mix::A01::GTZAN_genre_6,cal_b,1,1,0.13302792608737946,0.7804258465766907,0.5015040040016174,0.5029448866844177,0.794842004776001,0.9971558451652528
data\raw\ajaykarthick_wavefake-audio\wavefake_ajay_LJ019-0320.wav,wavefake_ajay,WF7,cal_a,1,0,0.8060339689254761,0.03445643559098244,0.5025767087936401,0.5044288635253906,0.9592154026031494,0.1879021525382995
data\raw\ajaykarthick_wavefake-audio\wavefake_ajay_LJ030-0001.wav,wavefake_ajay,WF3,cal_c,1,0,0.6989165544509888,0.043919194489717484,0.502511739730835,0.5046896934509277,0.9626010656356812,0.0789166390895843
MIX::data\raw\Bisher_ASVspoof_2019_LA\asvspoof2019_LA_T_8130994.flac|data/raw/gtzan_unique_v2/metal.00086.wav,split_internal_mix,mix::A01::GTZAN_genre_6,cal_b,1,1,0.01484128087759018,0.8190271258354187,0.5012666583061218,0.5024601221084595,0.7603330016136169,0.9999973177909852
MIX::data\raw\openslr_librispeech_asr\librispeech_dev_3752-4943-0023.flac|data\raw\fake_music_generated\fake_music_AudioLDM2_0181.wav,split_internal_mix,mix::LibriSpeech::AudioLDM2,cal_b,1,1,0.31596440076828003,0.06710518151521683,0.502204954624176,0.5032712817192078,0.7647663950920105,0.999366581439972
data\raw\ajaykarthick_wavefake-audio\wavefake_ajay_LJ007-0200.wav,wavefake_ajay,WF7,cal_a,1,0,0.8285650610923767,0.02610752545297146,0.5025434494018555,0.5050320029258728,0.9520803093910216,0.1291486471891403
data\raw\ajaykarthick_wavefake-audio\wavefake_ajay_LJ017-0043_WF7_2.wav,wavefake_ajay,WF7,cal_a,1,0,0.8366503119468689,0.023277007043361664,0.503043532371521,0.5053780674934387,0.9626897573471068,0.0999543890357017
MIX::data\raw\ajaykarthick_wavefake-audio\wavefake_ajay_LJ015-0100.wav|data/raw/gtzan_unique_v2/rock.00015.wav,split_internal_mix,mix::R::GTZAN_genre_9,cal_a,1,1,0.0624307356774807,0.7899705767631531,0.5012086033821106,0.501911997795105,0.8628023266792297,0.9978771209716796
MIX::data\raw\openslr_librispeech_asr\librispeech_dev_1462-170142-0039.flac|data\raw\fake_music_generated\fake_music_AudioLDM2_0055.wav,split_internal_mix,mix::LibriSpeech::AudioLDM2,cal_b,1,1,0.733620285987854,0.1312820017337799,0.5035083889961243,0.5061044692993164,0.9210799932479858,0.5462092161178589
data/raw/gtzan_unique_v2/reggae.00075.wav,gtzan_real_v2,GTZAN_genre_8,cal_b,0,1,0.04886576905846596,0.8732486367225647,0.5013525485992432,0.5024994611740112,0.7387790083885193,0.999988853931427
data\raw\ajaykarthick_wavefake-audio\wavefake_ajay_LJ019-0365.wav,wavefake_ajay,WF5,cal_b,1,0,0.7817937731742859,0.02116253226995468,0.502536416053772,0.5049048662185669,0.966747522354126,0.1199171245098114
MIX::data\raw\ajaykarthick_wavefake-audio\wavefake_ajay_LJ019-0320_WF2_1.wav|data\raw\fake_music_generated\fake_music_AudioLDM2_0003.wav,split_internal_mix,mix::WF2::AudioLDM2,cal_a,1,1,0.41233381628990173,0.025635268539190292,0.5029287338256836,0.5045255422592163,0.8759257197380066,0.6107144355773926
MIX::data\raw\openslr_librispeech_asr\librispeech_dev_8842-302201-0009.flac|data/raw/gtzan_unique_v2/pop.00020.wav,split_internal_mix,mix::LibriSpeech::GTZAN_genre_7,cal_c,1,1,0.300067275762558,0.5477211475372314,0.5013683438301086,0.5025627613067627,0.8995683193206787,0.6898816227912903
data\raw\ajaykarthick_wavefake-audio\wavefake_ajay_LJ028-0375.wav,wavefake_ajay,R,cal_c,1,0,0.8337886333465576,0.03209109231829643,0.5030149817466736,0.5056375861167908,0.958851158618927,0.1317136734724044
MIX::data\raw\ajaykarthick_wavefake-audio\wavefake_ajay_LJ028-0375.wav|data/raw/gtzan_unique_v2/blues.00025.wav,split_internal_mix,mix::R::GTZAN_genre_0,cal_c,1,1,0.5061169862747192,0.8533787727355957,0.5028171539306641,0.505081832408905,0.8561758995056152,0.9919021725654602
data\raw\Bisher_ASVspoof_2019_LA\asvspoof2019_LA_T_8239480.flac,asvspoof2019,A01,cal_b,1,0,0.7172731161117554,0.04613204300403595,0.5040398836135864,0.506725013256073,0.974974811077118,0.039699949324131
MIX::data\raw\openslr_librispeech_asr\librispeech_dev_1462-170145-0021.flac|data/raw/gtzan_unique_v2/rock.00086.wav,split_internal_mix,mix::LibriSpeech::GTZAN_genre_9,cal_b,1,1,0.1901034265756607,0.7655668258666992,0.5016019940376282,0.5032207369804382,0.8571701049804688,0.9932313561439514
MIX::data\raw\ajaykarthick_wavefake-audio\wavefake_ajay_LJ045-0176.wav|data\raw\fake_music_generated\fake_music_AudioLDM2_0005.wav,split_internal_mix,mix::WF3::AudioLDM2,cal_c,1,1,0.21766509115695953,0.0377136692404747,0.5014448165893555,0.502185583114624,0.717926025390625,0.9992442727088928
data/raw/gtzan_unique_v2/reggae.00012.wav,gtzan_real_v2,GTZAN_genre_8,cal_a,0,1,0.03154359757900238,0.8787115216255188,0.5011040568351746,0.5019045472145081,0.85728520154953,0.9987651705741882
MIX::data\raw\ajaykarthick_wavefake-audio\wavefake_ajay_LJ029-0162.wav|data/raw/gtzan_unique_v2/reggae.00060.wav,split_internal_mix,mix::WF7::GTZAN_genre_8,cal_b,1,1,0.02683950960636139,0.862021267414093,0.5011839866638184,0.5018762946128845,0.7821643948554993,0.9999861121177672
MIX::data\raw\Bisher_ASVspoof_2019_LA\asvspoof2019_LA_T_6556926.flac|data/raw/gtzan_unique_v2/disco.00067.wav,split_internal_mix,mix::A01::GTZAN_genre_3,cal_b,1,1,0.06757804751396179,0.815755307674408,0.5014632344245911,0.5027413964271545,0.7562524676322937,0.9999963641166688
MIX::data\raw\ajaykarthick_wavefake-audio\wavefake_ajay_LJ017-0031.wav|data\raw\fake_music_generated\fake_music_MusicGen_0270.wav,split_internal_mix,mix::WF4::MusicGen,cal_a,1,1,0.8025765419006348,0.038681693375110626,0.5030755996704102,0.5056500434875488,0.964051365852356,0.1591452062129974
MIX::data\raw\ajaykarthick_wavefake-audio\wavefake_ajay_LJ016-0393.wav|data/raw/gtzan_unique_v2/reggae.00030.wav,split_internal_mix,mix::WF7::GTZAN_genre_8,cal_c,1,1,0.28660187125205994,0.7975060343742371,0.5028306841850281,0.5051293969154358,0.924595296382904,0.8399044871330261
MIX::data\raw\openslr_librispeech_asr\librispeech_dev_2428-83705-0037.flac|data\raw\fake_music_generated\fake_music_AudioLDM2_0275.wav,split_internal_mix,mix::LibriSpeech::AudioLDM2,cal_c,1,1,0.769898533821106,0.030718466266989708,0.5031958222389221,0.5052352547645569,0.9729083776474,0.1393220424652099
data/raw/gtzan_unique_v2/pop.00017.wav,gtzan_real_v2,GTZAN_genre_7,cal_a,0,1,0.04144717752933502,0.806873083114624,0.5012534856796265,0.502318799495697,0.7575204372406006,0.9999847412109376
MIX::data\raw\openslr_librispeech_asr\librispeech_dev_2428-83705-0037.flac|data\raw\fake_music_generated\fake_music_AudioLDM2_0063.wav,split_internal_mix,mix::LibriSpeech::AudioLDM2,cal_c,1,1,0.7813081741333008,0.02459004893898964,0.5022605657577515,0.5042593479156494,0.9619842767715454,0.0750400945544242
MIX::data\raw\Bisher_ASVspoof_2019_LA\asvspoof2019_LA_T_9048829.flac|data\raw\fake_music_generated\fake_music_AudioLDM2_0181.wav,split_internal_mix,mix::A01::AudioLDM2,cal_b,1,1,0.015764106065034866,0.01380215771496296,0.5014792680740356,0.5023015141487122,0.667777955532074,0.9999784231185912
MIX::data\raw\ajaykarthick_wavefake-audio\wavefake_ajay_LJ015-0100.wav|data\raw\fake_music_generated\fake_music_AudioLDM2_0223.wav,split_internal_mix,mix::R::AudioLDM2,cal_a,1,1,0.7315102219581604,0.07223404943943024,0.5023415088653564,0.505189836025238,0.9459317922592164,0.2485646456480026
data\raw\fake_music_generated\fake_music_MusicGen_0116.wav,fake_music_generated,MusicGen,cal_c,0,1,0.015911580994725227,0.014341950416564941,0.5015048980712891,0.5022866129875183,0.6880353093147278,0.9999765157699584
MIX::data\raw\Bisher_ASVspoof_2019_LA\asvspoof2019_LA_T_8239480.flac|data/raw/gtzan_unique_v2/jazz.00002.wav,split_internal_mix,mix::A01::GTZAN_genre_5,cal_b,1,1,0.19018150866031647,0.6672713160514832,0.5017327070236206,0.5034602284431458,0.8174421191215515,0.9717702865600586
MIX::data\raw\Bisher_ASVspoof_2019_LA\asvspoof2019_LA_T_8897400.flac|data\raw\fake_music_generated\fake_music_MusicGen_0290.wav,split_internal_mix,mix::A01::MusicGen,cal_b,1,1,0.3045329451560974,0.25517529249191284,0.501395583152771,0.5019835233688354,0.7197780013084412,0.9985583424568176
MIX::data\raw\openslr_librispeech_asr\librispeech_dev_2428-83699-0013.flac|data/raw/gtzan_unique_v2/blues.00047.wav,split_internal_mix,mix::LibriSpeech::GTZAN_genre_0,cal_c,1,1,0.23471587896347046,0.5585949420928955,0.5030446648597717,0.505329966545105,0.88539057970047,0.6885995864868164
MIX::data\raw\ajaykarthick_wavefake-audio\wavefake_ajay_LJ030-0001.wav|data\raw\fake_music_generated\fake_music_AudioLDM2_0069.wav,split_internal_mix,mix::WF3::AudioLDM2,cal_c,1,1,0.5585618019104004,0.06009627878665924,0.5023525953292847,0.5044379830360413,0.9546247720718384,0.3162511587142944
data\raw\fake_music_generated\fake_music_AudioLDM2_0091.wav,fake_music_generated,AudioLDM2,cal_b,0,1,0.011481004767119884,0.021933171898126602,0.5014838576316833,0.5024544596672058,0.654246985912323,0.9994326233863832
data\raw\Bisher_ASVspoof_2019_LA\asvspoof2019_LA_T_2321728.flac,asvspoof2019,A01,cal_b,1,0,0.8548881411552429,0.023918205872178078,0.5028936266899109,0.5046767592430115,0.967310905456543,0.0663885548710823
MIX::data\raw\ajaykarthick_wavefake-audio\wavefake_ajay_LJ015-0100.wav|data/raw/gtzan_unique_v2/reggae.00040.wav,split_internal_mix,mix::R::GTZAN_genre_8,cal_a,1,1,0.31123611330986023,0.3984020948410034,0.5023307800292969,0.5043602585792542,0.9220501780509948,0.7357566952705383
MIX::data\raw\ajaykarthick_wavefake-audio\wavefake_ajay_LJ048-0162.wav|data/raw/gtzan_unique_v2/rock.00086.wav,split_internal_mix,mix::WF7::GTZAN_genre_9,cal_b,1,1,0.2828816771507263,0.8405406475067139,0.5011959671974182,0.5020521283149719,0.8755102753639221,0.9994305968284608
MIX::data\raw\openslr_librispeech_asr\librispeech_dev_3752-4944-0014.flac|data/raw/gtzan_unique_v2/country.00093.wav,split_internal_mix,mix::LibriSpeech::GTZAN_genre_2,cal_b,1,1,0.1743784099817276,0.8319717049598694,0.5018436908721924,0.5037588477134705,0.8595818877220154,0.9986453652381896
data\raw\openslr_librispeech_asr\librispeech_dev_8842-302203-0002.flac,librispeech_dev,LibriSpeech,cal_c,1,0,0.823226809501648,0.038132429122924805,0.5021008253097534,0.5043648481369019,0.935794234275818,0.1299683153629303
MIX::data\raw\Bisher_ASVspoof_2019_LA\asvspoof2019_LA_T_8722988.flac|data\raw\fake_music_generated\fake_music_AudioLDM2_0227.wav,split_internal_mix,mix::A01::AudioLDM2,cal_b,1,1,0.3681889474391937,0.023137196898460388,0.5026108026504517,0.5039896368980408,0.8927035927772522,0.9421820044517516
data/raw/gtzan_unique_v2/jazz.00052.wav,gtzan_real_v2,GTZAN_genre_5,cal_a,0,1,0.020546168088912964,0.7727611660957336,0.5011109113693237,0.5019915103912354,0.6735023856163025,1.0
data\raw\ajaykarthick_wavefake-audio\wavefake_ajay_LJ002-0021.wav,wavefake_ajay,R,cal_c,1,0,0.8143753409385681,0.036369457840919495,0.5023230910301208,0.5042998790740967,0.9634225368499756,0.1190546676516532
MIX::data\raw\openslr_librispeech_asr\librispeech_dev_3752-4944-0050.flac|data/raw/gtzan_unique_v2/metal.00042.wav,split_internal_mix,mix::LibriSpeech::GTZAN_genre_6,cal_b,1,1,0.16883689165115356,0.8001911640167236,0.5014740824699402,0.502902090549469,0.7712697982788086,0.9999465942382812
data\raw\openslr_librispeech_asr\librispeech_dev_2428-83705-0037.flac,librispeech_dev,LibriSpeech,cal_c,1,0,0.7591960430145264,0.024598047137260437,0.5025895833969116,0.504648745059967,0.9682140350341796,0.0899780392646789
data\raw\openslr_librispeech_asr\librispeech_dev_8842-302201-0009.flac,librispeech_dev,LibriSpeech,cal_c,1,0,0.8212980031967163,0.03212239593267441,0.5028619766235352,0.5048420429229736,0.9625177383422852,0.0637498199939727
MIX::data\raw\Bisher_ASVspoof_2019_LA\asvspoof2019_LA_T_7598099.flac|data\raw\fake_music_generated\fake_music_MusicGen_0278.wav,split_internal_mix,mix::A01::MusicGen,cal_b,1,1,0.018143298104405403,0.025043673813343048,0.5026777982711792,0.503604531288147,0.762602686882019,0.9999611973762512
MIX::data\raw\ajaykarthick_wavefake-audio\wavefake_ajay_LJ017-0017_WF4_1.wav|data/raw/gtzan_unique_v2/disco.00052.wav,split_internal_mix,mix::WF4::GTZAN_genre_3,cal_a,1,1,0.2660764455795288,0.5879283547401428,0.5014040470123291,0.5026042461395264,0.9067910313606262,0.6953231692314148
MIX::data\raw\ajaykarthick_wavefake-audio\wavefake_ajay_LJ048-0167.wav|data/raw/gtzan_unique_v2/rock.00054.wav,split_internal_mix,mix::WF5::GTZAN_genre_9,cal_c,1,1,0.02845863439142704,0.8215124011039734,0.5011701583862305,0.5022173523902893,0.7609028816223145,0.9999967217445374
MIX::data\raw\ajaykarthick_wavefake-audio\wavefake_ajay_LJ017-0043_WF3_1.wav|data/raw/gtzan_unique_v2/pop.00019.wav,split_internal_mix,mix::WF3::GTZAN_genre_7,cal_a,1,1,0.02349627949297428,0.7883193492889404,0.5011618733406067,0.5022027492523193,0.7935400009155273,0.9999472498893738
data\raw\openslr_librispeech_asr\librispeech_dev_1462-170145-0012.flac,librispeech_dev,LibriSpeech,cal_b,1,0,0.8277904987335205,0.03482942655682564,0.5042775869369507,0.5076122283935547,0.961812436580658,0.0653224065899849
MIX::data\raw\ajaykarthick_wavefake-audio\wavefake_ajay_LJ015-0100.wav|data/raw/gtzan_unique_v2/metal.00003.wav,split_internal_mix,mix::R::GTZAN_genre_6,cal_a,1,1,0.2852860391139984,0.5952565670013428,0.5012004971504211,0.5024222135543823,0.8926706314086914,0.7287071347236633
MIX::data\raw\ajaykarthick_wavefake-audio\wavefake_ajay_LJ015-0100.wav|data/raw/gtzan_unique_v2/classical.00088.wav,split_internal_mix,mix::R::GTZAN_genre_1,cal_a,1,1,0.2839457392692566,0.4044238030910492,0.5017632842063904,0.5044642090797424,0.8944358229637146,0.7129002213478088
MIX::data\raw\openslr_librispeech_asr\librispeech_dev_2428-83705-0013.flac|data/raw/gtzan_unique_v2/blues.00025.wav,split_internal_mix,mix::LibriSpeech::GTZAN_genre_0,cal_c,1,1,0.41870740056037903,0.5555039048194885,0.5040967464447021,0.5067890882492065,0.9376692175865172,0.6966832280158997
data\raw\fake_music_generated\fake_music_AudioLDM2_0043.wav,fake_music_generated,AudioLDM2,cal_a,0,1,0.017692090943455696,0.03195592761039734,0.5018132925033569,0.5024594068527222,0.6535894870758057,0.999947428703308
data\raw\openslr_librispeech_asr\librispeech_dev_3752-4944-0025.flac,librispeech_dev,LibriSpeech,cal_b,1,0,0.8603312373161316,0.00986397173255682,0.5032338500022888,0.5065417289733887,0.9456665515899658,0.3751802146434784
data/raw/gtzan_unique_v2/hiphop.00087.wav,gtzan_real_v2,GTZAN_genre_4,cal_c,0,1,0.08494120836257935,0.9144393801689148,0.500836968421936,0.501283586025238,0.860171377658844,0.9985749125480652
MIX::data\raw\Bisher_ASVspoof_2019_LA\asvspoof2019_LA_T_8130994.flac|data/raw/gtzan_unique_v2/rock.00086.wav,split_internal_mix,mix::A01::GTZAN_genre_9,cal_b,1,1,0.2305508852005005,0.8351176381111145,0.501053512096405,0.502024233341217,0.871598482131958,0.9996313452720642
MIX::data\raw\ajaykarthick_wavefake-audio\wavefake_ajay_LJ048-0162.wav|data/raw/gtzan_unique_v2/country.00036.wav,split_internal_mix,mix::WF7::GTZAN_genre_2,cal_b,1,1,0.46842023730278015,0.5253816246986389,0.5015607476234436,0.5029969215393066,0.871590793132782,0.7057017683982849
