split,calibration_fold,source,generator,is_mixed,y_file_fake,y_voice_fake,y_music_fake,y_voice_present,y_music_present,df,df_primary,df_second,df_has_second,df_used,duration_sec,vf,mf,vfile,mfile,vp_model,mp_model,vp_panns,mp_panns,baseline_vf,baseline_mf,baseline_vfile,baseline_mfile,baseline_vp_model,baseline_mp_model
fusion_calibration,cal_b,split_internal_mix,mix::WF3::GTZAN_genre_6,True,1.0,1.0,0.0,1.0,1.0,0.9951571535793696,0.9921251748531765,0.9981891323055627,True,True,38.0955,0.7457810044288635,0.284335732460022,0.7476851940155029,0.2912644147872925,0.8962083458900452,0.7028234601020813,0.28524744510650635,0.590653121471405,0.3457522392272949,0.16249021887779236,0.34939637780189514,0.20140698552131653,0.8772373795509338,0.1521553248167038
fusion_calibration,cal_c,split_internal_mix,mix::LibriSpeech::GTZAN_genre_9,True,0.0,0.0,0.0,1.0,1.0,0.16323057205022445,0.020021787552805422,0.3064393565476435,True,True,33.803375,0.735283374786377,0.15115991234779358,0.7401769161224365,0.1471831053495407,0.9162976145744324,0.7053309082984924,0.28108033537864685,0.5725606083869934,0.05759575217962265,0.1310979723930359,0.059966620057821274,0.16232487559318542,0.7586949467658997,0.20617608726024628
fusion_calibration,cal_b,librispeech_dev,LibriSpeech,False,0.0,0.0,0.0,1.0,0.0,0.019627814075450885,0.019627814075450885,,False,True,3.055,0.7162764668464661,0.3587456941604614,0.7305094599723816,0.34876537322998047,0.9820564985275269,0.10530965030193329,0.8388499617576599,0.015652742236852646,0.08477102220058441,0.08713148534297943,0.08812221884727478,0.147446870803833,0.9987385869026184,0.001039718626998365
fusion_calibration,cal_c,gtzan_real_v2,GTZAN_genre_8,False,0.0,0.0,0.0,0.0,1.0,0.4982221845245593,0.4596325877077888,0.5368117813413298,True,True,30.0001875,0.6992722749710083,0.0011970007326453924,0.7018879652023315,0.0011703064665198326,0.8303406834602356,0.9968979954719543,0.023932604119181633,0.8796795010566711,0.14821293950080872,0.07181441783905029,0.14803025126457214,0.08213470876216888,0.43897080421447754,0.343107134103775
fusion_calibration,cal_c,gtzan_real_v2,GTZAN_genre_9,False,0.0,0.0,0.0,0.0,1.0,0.32955370260723754,0.36832732197404994,0.29078008324042515,True,True,30.013375,0.6991086006164551,4.615163106791442e-06,0.676789402961731,4.330665433371905e-06,0.41718387603759766,0.9999930262565613,0.034941453486680984,0.8421035408973694,0.4727441072463989,0.003932745195925236,0.4853377342224121,0.004189501516520977,0.01259548868983984,0.9697408676147461
fusion_calibration,cal_b,split_internal_mix,mix::LibriSpeech::MusicGen,True,1.0,0.0,1.0,1.0,1.0,0.06899665739473115,0.011197279470344882,0.12679603531911743,True,True,9.714375,0.7522492408752441,0.35467538237571716,0.763036847114563,0.3472367525100708,0.9851363897323608,0.09394782036542892,0.7829558849334717,0.042867034673690796,0.02488524280488491,0.0883210152387619,0.0263607669621706,0.13911351561546326,0.9991048574447632,0.003764239838346839
fusion_calibration,cal_a,wavefake_ajay,WF5,False,1.0,1.0,0.0,1.0,0.0,0.9975692871784115,0.9975692871784115,,False,True,2.728375,0.72142493724823,0.4611600339412689,0.7354354858398438,0.45984452962875366,0.9850014448165894,0.08187766373157501,0.8546460866928101,0.026536978781223297,0.703598141670227,0.11002809554338455,0.7068619728088379,0.18106213212013245,0.996868908405304,0.0013227226445451379
fusion_calibration,cal_b,wavefake_ajay,WF3,False,1.0,1.0,0.0,1.0,0.0,0.9987620988177042,0.9987620988177042,,False,True,3.993875,0.7376093864440918,0.3522966802120209,0.7490398287773132,0.3482302725315094,0.9744611382484436,0.13363085687160492,0.8049678206443787,0.025776516646146774,0.7225686311721802,0.11488752067089081,0.7262447476387024,0.1669069230556488,0.9921850562095642,0.010319894179701805
fusion_calibration,cal_c,split_internal_mix,mix::LibriSpeech::AudioLDM2,True,1.0,0.0,1.0,1.0,1.0,0.5110610264355695,0.9523891870617521,0.06973286580938687,True,True,13.0561875,0.7421639561653137,0.9994772672653198,0.7462762594223022,0.9994556903839111,0.7482093572616577,0.9994641542434692,0.19325880706310272,0.017112549394369125,0.5632995963096619,0.9971326589584351,0.5617027878761292,0.9973312020301819,0.1153402030467987,0.885906994342804
fusion_calibration,cal_a,split_internal_mix,mix::R::AudioLDM2,True,1.0,0.0,1.0,1.0,1.0,0.21941177316144378,0.28389369446219453,0.154929851860693,True,True,12.2894375,0.7315781116485596,0.6634272933006287,0.7442049384117126,0.664195716381073,0.9803600311279297,0.36860913038253784,0.6853231191635132,0.054692018777132034,0.45324090123176575,0.1949530392885208,0.4510948061943054,0.27745839953422546,0.948225736618042,0.007446896284818649
fusion_calibration,cal_b,split_internal_mix,mix::LibriSpeech::GTZAN_genre_5,True,0.0,0.0,0.0,1.0,1.0,0.3475273764387051,0.014192323129394491,0.6808624297480158,True,True,35.528375,0.7136683464050293,0.09751427173614502,0.7141485214233398,0.09710603952407837,0.7225546836853027,0.7881271839141846,0.28937774896621704,0.4585953950881958,0.1892346441745758,0.32003721594810486,0.19671465456485748,0.3130384087562561,0.3387477695941925,0.5428450107574463
fusion_calibration,cal_b,fake_music_generated,AudioLDM2,False,1.0,0.0,1.0,0.0,1.0,0.8976938907552359,0.8976938907552359,,False,True,4.0666875,0.7313981056213379,0.999818742275238,0.7185066342353821,0.9998053908348083,0.5477848052978516,0.9998787641525269,0.014867923222482204,0.02872021496295929,0.8078625202178955,0.9994161128997803,0.8150027394294739,0.9994550347328186,0.0240672305226326,0.9615938067436218
fusion_calibration,cal_c,split_internal_mix,mix::WF2::GTZAN_genre_5,True,1.0,1.0,0.0,1.0,1.0,0.6635247757368284,0.8330098639895616,0.49403968748409527,True,True,32.0276875,0.6798148155212402,1.3514846841644612e-06,0.6737017035484314,1.27657335724507e-06,0.5688266754150391,0.999998152256012,0.02171468548476696,0.6910886764526367,0.35444921255111694,0.2618468701839447,0.37380242347717285,0.25200599431991577,0.0031905684154480696,0.8378071784973145
fusion_calibration,cal_c,split_internal_mix,mix::LibriSpeech::GTZAN_genre_9,True,0.0,0.0,0.0,1.0,1.0,0.494992772597708,0.41482149760765713,0.575164047587759,True,True,34.841875,0.7128039598464966,4.378009180072695e-06,0.6925876140594482,4.1454786696704105e-06,0.4246070086956024,0.9999907612800598,0.027413034811615944,0.8749920725822449,0.4576833248138428,0.01030823215842247,0.4699881672859192,0.010732254013419151,0.011122987605631351,0.9392635822296143
fusion_calibration,cal_c,wavefake_ajay,WF6,False,1.0,1.0,0.0,1.0,0.0,0.9948171769739109,0.9986498895618408,0.9909844643859811,True,True,8.31275,0.7861571311950684,0.5280663967132568,0.7915469408035278,0.5422981977462769,0.9817731380462646,0.11012446880340576,0.8380040526390076,0.03141520917415619,0.7718918323516846,0.14624568819999695,0.778795063495636,0.20134319365024567,0.9972757697105408,0.014105038717389107
fusion_calibration,cal_a,wavefake_ajay,WF4,False,1.0,1.0,0.0,1.0,0.0,0.9993524374449008,0.9993524374449008,,False,True,5.1665,0.8176038265228271,0.5406296849250793,0.8217164874076843,0.5540726184844971,0.9909948706626892,0.09057530760765076,0.7857949733734131,0.03649669885635376,0.8570131063461304,0.15843787789344788,0.8617865443229675,0.21759943664073944,0.9987053871154785,0.010763420723378658
fusion_calibration,cal_c,librispeech_dev,LibriSpeech,False,0.0,0.0,0.0,1.0,0.0,0.015781132292970877,0.01978340898534791,0.011778855600593842,True,True,10.985,0.7678864002227783,0.48152631521224976,0.7755688428878784,0.4881196916103363,0.981525719165802,0.07942605018615723,0.7915083765983582,0.026833653450012207,0.3763940930366516,0.1280393898487091,0.38270658254623413,0.18896134197711945,0.9981126189231873,0.004781791009008884
fusion_calibration,cal_c,split_internal_mix,mix::LibriSpeech::GTZAN_genre_7,True,0.0,0.0,0.0,1.0,1.0,0.23844390081856126,0.12211651682878494,0.3547712848083376,True,True,31.6651875,0.6692350506782532,0.005343944299966097,0.671675443649292,0.005132599268108606,0.7289126515388489,0.9714655876159668,0.23341704905033112,0.8304656147956848,0.32139429450035095,0.0361393541097641,0.32259705662727356,0.04342448711395264,0.3392592668533325,0.49206051230430603
fusion_calibration,cal_b,split_internal_mix,mix::bonafide::GTZAN_genre_0,True,0.0,0.0,0.0,1.0,1.0,0.12197430359524111,0.14609826669546944,0.0978503404950128,True,True,30.013375,0.6707531213760376,4.0084225474856794e-05,0.6631166338920593,3.9234550058608875e-05,0.5621302127838135,0.9999442100524902,0.16115692257881165,0.8585349917411804,0.28460493683815,0.12000465393066406,0.2993355989456177,0.1175108402967453,0.0022585736587643623,0.8838145732879639
fusion_calibration,cal_b,librispeech_dev,LibriSpeech,False,0.0,0.0,0.0,1.0,0.0,0.02818510625317619,0.02818510625317619,,False,True,3.76,0.7405938506126404,0.27789920568466187,0.7495065927505493,0.2698845863342285,0.9473059177398682,0.1267727017402649,0.9097028970718384,0.016451016068458557,0.04631507396697998,0.06070403382182121,0.048553310334682465,0.08941472321748734,0.9977166652679443,0.013014002703130245
fusion_calibration,cal_a,wavefake_ajay,WF4,False,1.0,1.0,0.0,1.0,0.0,0.9987749853060611,0.9994206168063855,0.9981293538057368,True,True,8.904875,0.7814902067184448,0.4618009328842163,0.7853437662124634,0.4682884216308594,0.973152756690979,0.11775998771190643,0.7997974753379822,0.04024709761142731,0.7944670915603638,0.13166461884975433,0.7993621826171875,0.1718321293592453,0.9937781095504761,0.03341376781463623
fusion_calibration,cal_b,split_internal_mix,mix::WF7::GTZAN_genre_6,True,1.0,1.0,0.0,1.0,1.0,0.6910875675064748,0.9904079788476939,0.39176715616525576,True,True,34.8154375,0.7082148790359497,0.2354263812303543,0.7080782651901245,0.23821315169334412,0.6766185760498047,0.7098175883293152,0.28008732199668884,0.5535455346107483,0.5487318634986877,0.08124054223299026,0.5579283237457275,0.11076818406581879,0.35302734375,0.5959888100624084
fusion_calibration,cal_a,split_internal_mix,mix::WF7::AudioLDM2,True,1.0,1.0,1.0,1.0,1.0,0.9918631526924429,0.9857484938449129,0.9979778115399728,True,True,10.83275,0.7886685132980347,0.5106382369995117,0.7936102151870728,0.5209438800811768,0.9838919639587402,0.13241907954216003,0.8293589353561401,0.023783840239048004,0.7566483020782471,0.17313849925994873,0.7639845013618469,0.23844917118549347,0.9981660842895508,0.00980955921113491
fusion_calibration,cal_a,gtzan_real_v2,GTZAN_genre_8,False,0.0,0.0,0.0,0.0,1.0,0.10484268660163135,0.08003936706858363,0.12964600613467908,True,True,30.013375,0.6936783790588379,0.0006339128594845533,0.6932777166366577,0.0006169523694552481,0.6651191115379333,0.9981089234352112,0.026833442971110344,0.7944815158843994,0.3722318708896637,0.051235489547252655,0.36716777086257935,0.053787752985954285,0.0675145611166954,0.6611766815185547
fusion_calibration,cal_a,split_internal_mix,mix::WF2::AudioLDM2,True,1.0,1.0,1.0,1.0,1.0,0.9169168856115868,0.8879365863620124,0.9458971848611613,True,True,9.482625,0.726124107837677,0.9992927312850952,0.7396007180213928,0.9992810487747192,0.8538709878921509,0.9991707801818848,0.16784247756004333,0.04050320386886597,0.8232465982437134,0.9799814224243164,0.8203537464141846,0.9839013814926147,0.05003682151436806,0.7047683000564575
fusion_calibration,cal_b,gtzan_real_v2,GTZAN_genre_7,False,0.0,0.0,0.0,0.0,1.0,0.14029051915100738,0.10600853317661295,0.1745725051254018,True,True,30.0001875,0.6846349239349365,4.860442459175829e-06,0.6827303171157837,4.57970418210607e-06,0.6409187912940979,0.9999997019767761,0.01688413880765438,0.7986354827880859,0.3776986002922058,0.46245694160461426,0.40108194947242737,0.4532773494720459,0.0008026103605516255,0.843222439289093
fusion_calibration,cal_a,split_internal_mix,mix::WF2::AudioLDM2,True,1.0,1.0,1.0,1.0,1.0,0.8709071719541284,0.754295117633342,0.9875192262749146,True,True,8.0691875,0.7375409603118896,0.9996058940887451,0.7226067781448364,0.9995817542076111,0.5377094745635986,0.9996310472488403,0.32134273648262024,0.0643850639462471,0.7274593114852905,0.9983649253845215,0.7321681976318359,0.9984472990036011,0.031343549489974976,0.9243156909942627
fusion_calibration,cal_b,librispeech_dev,LibriSpeech,False,0.0,0.0,0.0,1.0,0.0,0.021453504372886345,0.021453504372886345,,False,True,2.99,0.7115593552589417,0.3581100404262543,0.7226093411445618,0.34721270203590393,0.9732320308685303,0.07626815140247345,0.8458963632583618,0.02378986030817032,0.08819884806871414,0.08486419171094894,0.09123562276363373,0.13689932227134705,0.9989532232284546,0.0016151659656316042
fusion_calibration,cal_a,split_internal_mix,mix::R::GTZAN_genre_5,True,0.0,0.0,0.0,1.0,1.0,0.8111498053038008,0.873573015749443,0.7487265948581585,True,True,30.013375,0.691132664680481,1.9051446997764288e-06,0.6724415421485901,1.8022265066974796e-06,0.45907655358314514,0.9999999403953552,0.3613092005252838,0.7015312314033508,0.34912383556365967,0.9900487661361694,0.38248997926712036,0.9884824752807617,0.00019435495778452605,0.9593527913093567
fusion_calibration,cal_c,split_internal_mix,mix::WF3::GTZAN_genre_7,True,1.0,1.0,0.0,1.0,1.0,0.8462236380719721,0.993309748007553,0.6991375281363911,True,True,33.860125,0.7078750133514404,0.2525528371334076,0.7104288339614868,0.2571396231651306,0.7695809006690979,0.7032988667488098,0.29368698596954346,0.5522370338439941,0.474670946598053,0.08136293292045593,0.4792160391807556,0.10854088515043259,0.394915908575058,0.43903717398643494
fusion_calibration,cal_c,fake_music_generated,MusicGen,False,1.0,0.0,1.0,0.0,1.0,0.9290206710429793,0.9290206710429793,,False,True,5.577,0.7345401644706726,0.9998410940170288,0.7231279015541077,0.9998286962509155,0.5619135499000549,0.9998953342437744,0.015020595863461494,0.04116196185350418,0.7985027432441711,0.999476969242096,0.8085488080978394,0.9995114803314209,0.01516734529286623,0.9663829803466797
fusion_calibration,cal_c,gtzan_real_v2,GTZAN_genre_3,False,0.0,0.0,0.0,0.0,1.0,0.5488467634685296,0.47102426126848457,0.6266692656685746,True,True,30.0001875,0.7055193185806274,2.573093297542073e-06,0.682489275932312,2.4288899567181943e-06,0.4100930690765381,0.9999942779541016,0.024465173482894897,0.8692348003387451,0.5099243521690369,0.005202231928706169,0.5220292210578918,0.005503559019416571,0.008816310204565525,0.9693633913993835
fusion_calibration,cal_b,fake_music_generated,MusicGen,False,1.0,0.0,1.0,0.0,1.0,0.8639368016582089,0.8639368016582089,,False,True,5.07025,0.7353528738021851,0.9999369382858276,0.7223532199859619,0.9999309778213501,0.5614473819732666,0.9999649524688721,0.012879451736807823,0.018514998257160187,0.6517751216888428,0.9997733235359192,0.6533318161964417,0.9997949004173279,0.008806883357465267,0.978660523891449
fusion_calibration,cal_b,gtzan_real_v2,GTZAN_genre_2,False,0.0,0.0,0.0,0.0,1.0,0.4964172651956194,0.2005747198275367,0.7922598105637021,True,True,30.013375,0.6847857236862183,1.1274075404799078e-05,0.6874246597290039,1.102599435398588e-05,0.8452243208885193,0.9999893307685852,0.1601259559392929,0.7893136143684387,0.026295192539691925,0.10733023285865784,0.02859623357653618,0.12212524563074112,0.235224187374115,0.43202462792396545
fusion_calibration,cal_a,split_internal_mix,mix::WF5::GTZAN_genre_7,True,1.0,1.0,0.0,1.0,1.0,0.6898453018167982,0.9817057682196774,0.397984835413919,True,True,37.75725,0.722812294960022,0.2562572658061981,0.7287429571151733,0.26175957918167114,0.8828728199005127,0.7125063538551331,0.28634387254714966,0.5441057682037354,0.355538010597229,0.15025818347930908,0.3606986701488495,0.1925499141216278,0.3777966797351837,0.2175157070159912
fusion_calibration,cal_a,fake_music_generated,AudioLDM2,False,1.0,0.0,1.0,0.0,1.0,0.9310688006179231,0.9310688006179231,,False,True,5.8966875,0.7298468351364136,0.9999552965164185,0.7150245904922485,0.9999507665634155,0.5357265472412109,0.9999728202819824,0.013555165380239487,0.011500298045575619,0.6338446736335754,0.999586284160614,0.6366722583770752,0.9996196031570435,0.01769121363759041,0.967625081539154
fusion_calibration,cal_a,split_internal_mix,mix::WF7::GTZAN_genre_8,True,1.0,1.0,0.0,1.0,1.0,0.15996219430631395,0.16769035161506868,0.15223403699755922,True,True,36.9453125,0.7128331065177917,3.979696339229122e-05,0.7085657119750977,3.7929057725705206e-05,0.638125479221344,0.9998294711112976,0.02785174362361431,0.8824755549430847,0.31062620878219604,0.10153095424175262,0.31491565704345703,0.10441328585147858,0.04234577342867851,0.675839900970459
fusion_calibration,cal_b,wavefake_ajay,WF7,False,1.0,1.0,0.0,1.0,0.0,0.978409143166938,0.978409143166938,,False,True,5.61925,0.7782694697380066,0.6211954355239868,0.7831709980964661,0.6312896609306335,0.9739194512367249,0.15971770882606506,0.7782099843025208,0.03458378091454506,0.7781915068626404,0.229415625333786,0.782063364982605,0.2897603213787079,0.9845712184906006,0.03117217868566513
fusion_calibration,cal_b,split_internal_mix,mix::A01::AudioLDM2,True,1.0,1.0,1.0,1.0,1.0,0.9953120666109785,0.99971760854766,0.9909065246742971,True,True,10.7151875,0.8136777281761169,0.5469909310340881,0.8181926012039185,0.5584163665771484,0.9875444173812866,0.0884886384010315,0.7428301572799683,0.03066112846136093,0.7619892358779907,0.19346511363983154,0.7669821977615356,0.2721419930458069,0.9989651441574097,0.007446847390383482
fusion_calibration,cal_b,split_internal_mix,mix::bonafide::GTZAN_genre_3,True,0.0,0.0,0.0,1.0,1.0,0.5993692613619519,0.6065418729727337,0.5921966497511703,True,True,34.310375,0.668338418006897,2.1553969418164343e-06,0.6569077372550964,2.0247082375135506e-06,0.5176592469215393,0.9999942779541016,0.01849728636443615,0.8661797642707825,0.469230979681015,0.005714313127100468,0.47512945532798767,0.006223946809768677,0.023635266348719597,0.8986609578132629
fusion_calibration,cal_b,split_internal_mix,mix::LibriSpeech::MusicGen,True,1.0,0.0,1.0,1.0,1.0,0.47041684029170144,0.014323280452014456,0.9265104001313884,True,True,8.864375,0.7387607097625732,0.5975726842880249,0.7459635138511658,0.5970630645751953,0.835544228553772,0.679584264755249,0.4247121512889862,0.05137954652309418,0.47475579380989075,0.5261003971099854,0.47606536746025085,0.538811445236206,0.5334979891777039,0.44448307156562805
fusion_calibration,cal_b,split_internal_mix,mix::A01::GTZAN_genre_5,True,1.0,1.0,0.0,1.0,1.0,0.7221289140417877,0.99971760854766,0.4445402195359154,True,True,35.49675,0.7411282062530518,0.28181934356689453,0.7423267960548401,0.2888977825641632,0.7910006642341614,0.6980328559875488,0.2327767014503479,0.5070866942405701,0.4760972261428833,0.13657520711421967,0.48047754168510437,0.17909303307533264,0.3388287127017975,0.4631527364253998
fusion_calibration,cal_c,gtzan_real_v2,GTZAN_genre_0,False,0.0,0.0,0.0,0.0,1.0,0.11474464563035032,0.07042644142426771,0.15906284983643293,True,True,30.013375,0.7015990018844604,0.0002604771580081433,0.7058279514312744,0.00025158521020784974,0.6975846290588379,0.9993513226509094,0.22918610274791718,0.8392925262451172,0.1397944986820221,0.0960640162229538,0.1449466049671173,0.09957334399223328,0.012902912683784962,0.7286952137947083
fusion_calibration,cal_c,gtzan_real_v2,GTZAN_genre_7,False,0.0,0.0,0.0,0.0,1.0,0.7153329932828347,0.8998059126559136,0.530860073909756,True,True,30.0001875,0.6934884786605835,2.5014131097123027e-05,0.6804475784301758,2.379434954491444e-05,0.5152052044868469,0.9999373555183411,0.02062525600194931,0.8338907361030579,0.5011302828788757,0.006921457126736641,0.5086448788642883,0.007375124841928482,0.023929959163069725,0.8866815567016602
fusion_calibration,cal_b,asvspoof2019,A01,False,1.0,1.0,0.0,1.0,0.0,0.9998320112178222,0.9998320112178222,,False,True,1.369625,0.699291467666626,0.45565006136894226,0.724331796169281,0.4449271261692047,0.9905121922492981,0.03353419899940491,0.797893762588501,0.039393503218889236,0.8126159310340881,0.08390900492668152,0.8082135319709778,0.17173351347446442,0.9995288848876953,6.441026198444888e-05
fusion_calibration,cal_b,split_internal_mix,mix::LibriSpeech::MusicGen,True,1.0,0.0,1.0,1.0,1.0,0.4869608431674296,0.9380410980286852,0.03588058830617402,True,True,7.040375,0.7229105830192566,0.99962317943573,0.7065510749816895,0.9996015429496765,0.48249366879463196,0.9997358918190002,0.010341432876884937,0.048614077270030975,0.8589329719543457,0.997157096862793,0.8650102615356445,0.99733966588974,0.08215749263763428,0.8262740969657898
fusion_calibration,cal_a,gtzan_real_v2,GTZAN_genre_7,False,0.0,0.0,0.0,0.0,1.0,0.8483059194137723,0.8072593879478126,0.8893524508797319,True,True,30.0001875,0.7445286512374878,1.2770051398547366e-05,0.7146987915039062,1.2005484677501954e-05,0.3351631462574005,0.9999721646308899,0.024014392867684364,0.8155574798583984,0.5016568899154663,0.003556314157322049,0.5166838765144348,0.0037410357035696507,0.011108160018920898,0.9804945588111877
fusion_calibration,cal_a,split_internal_mix,mix::R::AudioLDM2,True,1.0,0.0,1.0,1.0,1.0,0.619782015437104,0.9123086783622374,0.3272553525119706,True,True,12.4355625,0.7217241525650024,0.9991828799247742,0.733552873134613,0.9991742372512817,0.8556080460548401,0.999154806137085,0.15685757994651794,0.027894752100110054,0.6920313239097595,0.9641581177711487,0.6859759092330933,0.9702185392379761,0.09074502438306808,0.6623665690422058
fusion_calibration,cal_c,split_internal_mix,mix::LibriSpeech::AudioLDM2,True,1.0,0.0,1.0,1.0,1.0,0.5154114532413665,0.1191462289903027,0.9116766774924303,True,True,7.30575,0.6348026990890503,0.9864155650138855,0.6473742127418518,0.986311137676239,0.9188414216041565,0.9701565504074097,0.6123139262199402,0.04306257516145706,0.009292397648096085,0.20921456813812256,0.009511423297226429,0.29438358545303345,0.9835668802261353,0.005592695437371731
fusion_calibration,cal_b,gtzan_real_v2,GTZAN_genre_2,False,0.0,0.0,0.0,0.0,1.0,0.32675652677671474,0.4043868166673857,0.2491262368860438,True,True,30.013375,0.6949574947357178,1.7404719443447902e-08,0.6774795055389404,1.6086540099990998e-08,0.4852999150753021,1.0,0.026145106181502342,0.8428874015808105,0.46755510568618774,0.16989150643348694,0.4915945529937744,0.16319318115711212,0.0006579447654075921,0.9058895707130432
fusion_calibration,cal_b,fake_music_generated,MusicGen,False,1.0,0.0,1.0,0.0,1.0,0.9385162516182747,0.9385162516182747,,False,True,4.349375,0.7223421931266785,0.9996377229690552,0.7072667479515076,0.9996166229248047,0.5037166476249695,0.9997572302818298,0.01052842102944851,0.0509829968214035,0.8681687116622925,0.9969672560691833,0.87455153465271,0.9971534013748169,0.07575767487287521,0.8255353569984436
fusion_calibration,cal_a,gtzan_real_v2,GTZAN_genre_9,False,0.0,0.0,0.0,0.0,1.0,0.27311095096068866,0.23133297362852034,0.314888928292857,True,True,30.013375,0.6977527141571045,7.014372158664628e-07,0.678917646408081,6.520911028928822e-07,0.4478827714920044,0.9999985098838806,0.024619361385703087,0.8498983383178711,0.49910104274749756,0.014550257474184036,0.5136251449584961,0.014796281233429909,0.00638980558142066,0.9260066151618958
fusion_calibration,cal_c,split_internal_mix,mix::WF6::GTZAN_genre_7,True,1.0,1.0,0.0,1.0,1.0,0.9253901584348656,0.9429828315530905,0.9077974853166407,True,True,37.8129375,0.7093799114227295,1.6979088286461774e-06,0.6842763423919678,1.5983694083843147e-06,0.4264715611934662,0.9999964833259583,0.027665158733725548,0.8138497471809387,0.5240018367767334,0.009553602896630764,0.5388473272323608,0.00983078870922327,0.01334729790687561,0.9471071362495422
fusion_calibration,cal_a,split_internal_mix,mix::WF7::AudioLDM2,True,1.0,1.0,1.0,1.0,1.0,0.9638761715269493,0.9986005006853214,0.9291518423685772,True,True,10.3706875,0.7629334330558777,0.7606984972953796,0.7698596715927124,0.7673666477203369,0.9008203744888306,0.5599119067192078,0.40885862708091736,0.04008541256189346,0.8241147994995117,0.5839018821716309,0.8285187482833862,0.6154217720031738,0.5188637375831604,0.37823620438575745
fusion_calibration,cal_c,split_internal_mix,mix::WF1::GTZAN_genre_3,True,1.0,1.0,0.0,1.0,1.0,0.7390907187402898,0.5485831591406501,0.9295982783399295,True,True,38.6360625,0.7211797833442688,5.462033641379094e-06,0.6969752311706543,5.122277343616588e-06,0.4418238699436188,0.9999827742576599,0.02069658227264881,0.8536181449890137,0.5110979080200195,0.014432328753173351,0.526719331741333,0.014877740293741226,0.01005862932652235,0.9313446879386902
fusion_calibration,cal_c,gtzan_real_v2,GTZAN_genre_4,False,0.0,0.0,0.0,0.0,1.0,0.4679251443356054,0.5341945157648346,0.40165577290637616,True,True,30.013375,0.7462295293807983,1.730135591060389e-05,0.7158769965171814,1.621260162210092e-05,0.33311694860458374,0.9999708533287048,0.03511548414826393,0.829805850982666,0.5291590690612793,0.0022055567242205143,0.542733907699585,0.002365096937865019,0.011646580882370472,0.9863328337669373
fusion_calibration,cal_c,librispeech_dev,LibriSpeech,False,0.0,0.0,0.0,1.0,0.0,0.01605053355758011,0.01605053355758011,,False,True,3.33,0.7118650674819946,0.49290579557418823,0.7211892604827881,0.4952526390552521,0.9732243418693542,0.06489454209804535,0.8912255764007568,0.013204878196120262,0.4214014708995819,0.12487626075744629,0.42371484637260437,0.19484862685203552,0.9994118213653564,0.0019340576836839318
fusion_calibration,cal_b,split_internal_mix,mix::WF7::GTZAN_genre_6,True,1.0,1.0,0.0,1.0,1.0,0.38490453867257735,0.33561667691234687,0.4341924004328079,True,True,36.9205625,0.7367500066757202,9.454322571400553e-05,0.70654296875,8.936951780924574e-05,0.3526351749897003,0.999866247177124,0.022159511223435402,0.793864905834198,0.5078755617141724,0.0006581361521966755,0.5204833149909973,0.0007416346343234181,0.011507600545883179,0.9920823574066162
fusion_calibration,cal_c,split_internal_mix,mix::WF3::MusicGen,True,1.0,1.0,1.0,1.0,1.0,0.7145831291850484,0.45974360793405994,0.9694226504360368,True,True,9.7158125,0.7317529916763306,0.9990853071212769,0.7179399132728577,0.9990552663803101,0.5307667851448059,0.9988570213317871,0.29986798763275146,0.0884309634566307,0.7195048332214355,0.9987735748291016,0.7261447906494141,0.998828113079071,0.04960166662931442,0.9213093519210815
fusion_calibration,cal_b,gtzan_real_v2,GTZAN_genre_0,False,0.0,0.0,0.0,0.0,1.0,0.17111161645229117,0.12005047796436612,0.22217275494021624,True,True,30.013375,0.6877623796463013,3.0133791369735263e-05,0.6693834066390991,2.943382060038857e-05,0.46600040793418884,0.9999649524688721,0.03265802189707756,0.8618924021720886,0.43100714683532715,0.153944194316864,0.452375590801239,0.14815732836723328,0.001826502732001245,0.9370751976966858
fusion_calibration,cal_c,split_internal_mix,mix::LibriSpeech::GTZAN_genre_7,True,0.0,0.0,0.0,1.0,1.0,0.18660224077755327,0.22155449186549556,0.151649989689611,True,True,41.9851875,0.7039439678192139,0.000548649113625288,0.684086799621582,0.0005471649928949773,0.4427323043346405,0.9995376467704773,0.03046179749071598,0.8035674095153809,0.41582033038139343,0.09867993742227554,0.4230470657348633,0.09831699728965759,0.02247040905058384,0.8612430691719055
fusion_calibration,cal_b,asvspoof2019,A01,False,1.0,1.0,0.0,1.0,0.0,0.9996616502295254,0.9996616502295254,,False,True,1.508,0.6763774156570435,0.4709415137767792,0.6972896456718445,0.45987436175346375,0.9812940359115601,0.03480050712823868,0.7841447591781616,0.03764010965824127,0.8042028546333313,0.1191139817237854,0.7985308170318604,0.2126181572675705,0.9989978671073914,0.0002690450637601316
fusion_calibration,cal_c,split_internal_mix,mix::LibriSpeech::GTZAN_genre_6,True,0.0,0.0,0.0,1.0,1.0,0.09005982549737937,0.04012977032343479,0.13998988067132395,True,True,36.3301875,0.6914570927619934,0.23200416564941406,0.6949627995491028,0.2332817018032074,0.8317057490348816,0.6945567727088928,0.28726282715797424,0.5898993611335754,0.23431231081485748,0.11065918952226639,0.23681479692459106,0.14593356847763062,0.3983537256717682,0.3114873170852661
fusion_calibration,cal_c,split_internal_mix,mix::WF3::AudioLDM2,True,1.0,1.0,1.0,1.0,1.0,0.9993967193409237,0.999530950170878,0.9992624885109694,True,True,16.556625,0.7601191401481628,0.48486757278442383,0.7664619088172913,0.4907124638557434,0.9818713665008545,0.09015831351280212,0.7188957929611206,0.04439067840576172,0.7210773229598999,0.16075825691223145,0.7277523279190063,0.2218085378408432,0.997288703918457,0.011254343204200268
fusion_calibration,cal_c,split_internal_mix,mix::LibriSpeech::GTZAN_genre_6,True,0.0,0.0,0.0,1.0,1.0,0.30875698131932405,0.43817811146748725,0.17933585117116088,True,True,38.888375,0.6682569980621338,4.40053700003773e-05,0.6544408798217773,4.126217027078383e-05,0.4913140833377838,0.9999048113822937,0.059318993240594864,0.8499693870544434,0.48721998929977417,0.0049067297950387,0.48988163471221924,0.00534409424290061,0.037937913089990616,0.9268247485160828
fusion_calibration,cal_c,split_internal_mix,mix::WF1::GTZAN_genre_9,True,1.0,1.0,0.0,1.0,1.0,0.31155173976686124,0.38250668113045505,0.24059679840326742,True,True,32.773,0.6939089894294739,1.8141292912332574e-06,0.6803857088088989,1.712901507744391e-06,0.49452710151672363,0.9999950528144836,0.028510278090834618,0.8628480434417725,0.4092048704624176,0.015940874814987183,0.4207149147987366,0.01647770404815674,0.01355720590800047,0.8840844035148621
fusion_calibration,cal_b,split_internal_mix,mix::LibriSpeech::GTZAN_genre_2,True,0.0,0.0,0.0,1.0,1.0,0.08736651985831305,0.053136806043749554,0.12159623367287654,True,True,30.013375,0.6901459097862244,0.0008642299799248576,0.691909909248352,0.0008415714255534112,0.8251205086708069,0.9973708987236023,0.4063090980052948,0.7766520977020264,0.03305020183324814,0.07656820118427277,0.03521263226866722,0.08388906717300415,0.29687419533729553,0.4322086274623871
fusion_calibration,cal_c,split_internal_mix,mix::LibriSpeech::AudioLDM2,True,1.0,0.0,1.0,1.0,1.0,0.41102560224280216,0.04003402471996212,0.7820171797656422,True,True,14.8465,0.6856814622879028,0.6795880794525146,0.7002077698707581,0.6762164235115051,0.9028147459030151,0.5573092699050903,0.40236616134643555,0.05215853452682495,0.577872097492218,0.51594078540802,0.5788734555244446,0.5587958693504333,0.501859724521637,0.09390732645988464
fusion_calibration,cal_b,gtzan_real_v2,GTZAN_genre_3,False,0.0,0.0,0.0,0.0,1.0,0.26127596123942554,0.2511878316789378,0.27136409079991325,True,True,30.0001875,0.7001807689666748,2.595701971586095e-06,0.6782900094985962,2.458983772157808e-06,0.43816712498664856,0.9999933242797852,0.022411078214645386,0.838668167591095,0.4685887098312378,0.0031553038861602545,0.47298067808151245,0.003451306838542223,0.03219480440020561,0.9608017802238464
fusion_calibration,cal_b,librispeech_dev,LibriSpeech,False,0.0,0.0,0.0,1.0,0.0,0.018888718606250056,0.018888718606250056,,False,True,4.92,0.7495816349983215,0.45170074701309204,0.7567206621170044,0.45208388566970825,0.9688795804977417,0.16782991588115692,0.7823730111122131,0.018870798870921135,0.038856882601976395,0.24434442818164825,0.04153298959136009,0.332326740026474,0.9987449645996094,0.009548114612698555
fusion_calibration,cal_b,gtzan_real_v2,GTZAN_genre_9,False,0.0,0.0,0.0,0.0,1.0,0.6996812370396375,0.5812442339271017,0.8181182401521733,True,True,30.013375,0.7114826440811157,4.705990431830287e-05,0.6956380605697632,4.517098204814829e-05,0.4780026376247406,0.9999114871025085,0.026379957795143127,0.8186197280883789,0.44821375608444214,0.005182531662285328,0.46002694964408875,0.00560831930488348,0.06824754923582077,0.9512246251106262
fusion_calibration,cal_a,wavefake_ajay,WF2,False,1.0,1.0,0.0,1.0,0.0,0.9977942978296735,0.9977942978296735,,False,True,4.8065625,0.7538857460021973,0.5212828516960144,0.7628233432769775,0.5322965979576111,0.980120837688446,0.08536481112241745,0.7776839733123779,0.019785908982157707,0.8363884091377258,0.13799341022968292,0.8404572606086731,0.199844628572464,0.9978821873664856,0.006206133868545294
fusion_calibration,cal_b,split_internal_mix,mix::WF3::GTZAN_genre_8,True,1.0,1.0,0.0,1.0,1.0,0.23990831518512692,0.15479523670658712,0.3250213936636667,True,True,37.0823125,0.69237220287323,8.348850678885356e-05,0.6746654510498047,8.371047442778945e-05,0.46304383873939514,0.9999375343322754,0.02858249843120575,0.8670473098754883,0.33908116817474365,0.27520930767059326,0.35671648383140564,0.2649793028831482,0.002179998205974698,0.8827049136161804
fusion_calibration,cal_c,split_internal_mix,mix::WF2::AudioLDM2,True,1.0,1.0,1.0,1.0,1.0,0.6829033877244088,0.370083376561464,0.9957233988873536,True,True,9.089625,0.740336537361145,0.9994388818740845,0.7339804172515869,0.9994074702262878,0.6217607855796814,0.9996240139007568,0.269747793674469,0.04661683738231659,0.8004640340805054,0.9961203932762146,0.8056017160415649,0.9960697293281555,0.02649151161313057,0.9275494813919067
fusion_calibration,cal_b,split_internal_mix,mix::WF1::GTZAN_genre_6,True,1.0,1.0,0.0,1.0,1.0,0.46259868703345275,0.5155220021115354,0.40967537195537007,True,True,33.9440625,0.703041672706604,3.616373305703746e-06,0.6790411472320557,3.39113148584147e-06,0.41999557614326477,0.9999939799308777,0.018562084063887596,0.8090836405754089,0.4891972541809082,0.0022973711602389812,0.5021662712097168,0.002511153928935528,0.01390302274376154,0.9773983359336853
fusion_calibration,cal_b,split_internal_mix,mix::A01::AudioLDM2,True,1.0,1.0,1.0,1.0,1.0,0.9949150634413643,0.9949150634413643,,False,True,4.7318125,0.7471210956573486,0.9972555041313171,0.7514898777008057,0.997186005115509,0.8198952078819275,0.9980257749557495,0.3373730480670929,0.08313494175672531,0.6687937378883362,0.9574759602546692,0.6609999537467957,0.9560658931732178,0.11862005293369293,0.7717073559761047
fusion_calibration,cal_c,split_internal_mix,mix::LibriSpeech::AudioLDM2,True,1.0,0.0,1.0,1.0,1.0,0.19977925456535472,0.3714296082437912,0.028128900886918263,True,True,8.875,0.7309539318084717,0.9807028770446777,0.7388533353805542,0.9807006120681763,0.8973325490951538,0.9533859491348267,0.48731184005737305,0.2316431701183319,0.5134210586547852,0.6327362060546875,0.5050078630447388,0.6738452911376953,0.40396806597709656,0.26560959219932556
fusion_calibration,cal_a,wavefake_ajay,WF4,False,1.0,1.0,0.0,1.0,0.0,0.9987960483549738,0.9985298838765874,0.9990622128333603,True,True,9.20675,0.7710989713668823,0.532433271408081,0.7785849571228027,0.544482946395874,0.9802155494689941,0.10514665395021439,0.7923976182937622,0.036862026900053024,0.8450032472610474,0.14821720123291016,0.846136748790741,0.20869946479797363,0.9955817461013794,0.009910764172673225
fusion_calibration,cal_c,gtzan_real_v2,GTZAN_genre_5,False,0.0,0.0,0.0,0.0,1.0,0.9008043115442376,0.9173500214499642,0.8842586016385109,True,True,30.013375,0.6653006076812744,0.00020260666497051716,0.663360595703125,0.00019211304606869817,0.6007614731788635,0.999983549118042,0.01580272801220417,0.7032129764556885,0.16476242244243622,0.951959490776062,0.18432113528251648,0.9469286203384399,0.015960074961185455,0.8572281002998352
fusion_calibration,cal_b,split_internal_mix,mix::LibriSpeech::AudioLDM2,True,1.0,0.0,1.0,1.0,1.0,0.5570708264808402,0.9356974853472705,0.17844416761440973,True,True,7.6658125,0.7213977575302124,0.999859094619751,0.7284263968467712,0.9998496770858765,0.7953047156333923,0.9999325275421143,0.016376426443457603,0.03093249723315239,0.44598865509033203,0.9954519867897034,0.44582274556159973,0.9957214593887329,0.007295515388250351,0.9341039061546326
fusion_calibration,cal_a,gtzan_real_v2,GTZAN_genre_8,False,0.0,0.0,0.0,0.0,1.0,0.15213413427570643,0.1649738305272865,0.1392944380241264,True,True,30.013375,0.7099661827087402,5.907795639359392e-05,0.707182765007019,5.6353754189331084e-05,0.6319234371185303,0.9997240900993347,0.035129446536302567,0.8784410357475281,0.3396652340888977,0.13645850121974945,0.3462114930152893,0.13622677326202393,0.02853231690824032,0.6978670954704285
fusion_calibration,cal_c,fake_music_generated,AudioLDM2,False,1.0,0.0,1.0,0.0,1.0,0.9412816301473012,0.9412816301473012,,False,True,4.0153125,0.7312242984771729,0.9999017715454102,0.7179518938064575,0.999893307685852,0.5379428267478943,0.9999357461929321,0.01595706306397915,0.030899660661816597,0.8115289807319641,0.9993382096290588,0.8209457993507385,0.999386191368103,0.018155494704842567,0.9553698897361755
fusion_calibration,cal_a,split_internal_mix,mix::R::GTZAN_genre_1,True,0.0,0.0,0.0,1.0,1.0,0.28145700563108034,0.1720743334578695,0.39083967780429113,True,True,36.560875,0.6893287897109985,1.0766949998242126e-08,0.6715508699417114,9.947136447863159e-09,0.4504302442073822,1.0,0.017671367153525352,0.6548272967338562,0.4126960039138794,0.014011712744832039,0.42973655462265015,0.014254899695515633,0.0009009649511426687,0.9576205611228943
fusion_calibration,cal_b,split_internal_mix,mix::LibriSpeech::AudioLDM2,True,1.0,0.0,1.0,1.0,1.0,0.17216092217668777,0.17216092217668777,,False,True,7.125,0.7003849744796753,0.987036406993866,0.7017000317573547,0.9870251417160034,0.6842993497848511,0.9985550045967102,0.40342140197753906,0.21253545582294464,0.09052626043558121,0.8388367891311646,0.09454794973134995,0.8323239684104919,0.023349551483988762,0.7483611702919006
fusion_calibration,cal_a,gtzan_real_v2,GTZAN_genre_0,False,0.0,0.0,0.0,0.0,1.0,0.17079300989543267,0.03285343260468498,0.30873258718618035,True,True,30.013375,0.683820366859436,2.107014296370835e-07,0.6653774976730347,1.9691071884153644e-07,0.44647979736328125,0.9999995231628418,0.024974381551146507,0.8626958727836609,0.4954467713832855,0.014107810333371162,0.5132005214691162,0.014303476549685001,0.0036421765107661486,0.9516973495483398
fusion_calibration,cal_c,split_internal_mix,mix::LibriSpeech::AudioLDM2,True,1.0,0.0,1.0,1.0,1.0,0.27495742329183914,0.27495742329183914,,False,True,4.0153125,0.6496025919914246,0.9970859885215759,0.6629679799079895,0.9970623850822449,0.9393879175186157,0.9975461363792419,0.5009194016456604,0.5401317477226257,0.6924275755882263,0.1839548647403717,0.6803255081176758,0.2549716532230377,0.1775611937046051,0.010570812970399857
fusion_calibration,cal_b,asvspoof2019,A01,False,1.0,1.0,0.0,1.0,0.0,0.9997334899803644,0.9997334899803644,,False,True,1.9745625,0.6995849013328552,0.510816216468811,0.7179141044616699,0.5079672336578369,0.9783651828765869,0.05222562700510025,0.6457506418228149,0.04787134379148483,0.7385353446006775,0.1240786463022232,0.7357661128044128,0.2165101170539856,0.9989162683486938,0.000419092015363276
fusion_calibration,cal_a,split_internal_mix,mix::R::AudioLDM2,True,1.0,0.0,1.0,1.0,1.0,0.5797433062935603,0.9240873393677479,0.23539927321937265,True,True,11.5245625,0.7267469763755798,0.9970349073410034,0.736894428730011,0.997050404548645,0.8743826150894165,0.9969395399093628,0.24474379420280457,0.05195099115371704,0.8553726673126221,0.9229633808135986,0.8500455021858215,0.9365166425704956,0.1587095558643341,0.4605688452720642
fusion_calibration,cal_c,split_internal_mix,mix::LibriSpeech::AudioLDM2,True,1.0,0.0,1.0,1.0,1.0,0.42293282644622643,0.8269790616078865,0.018886591284566358,True,True,12.204125,0.7241115570068359,0.9887794256210327,0.7312602996826172,0.9888337254524231,0.8722238540649414,0.9662927389144897,0.41762876510620117,0.4733351469039917,0.49267780780792236,0.7339913249015808,0.4856058955192566,0.7676911354064941,0.46945780515670776,0.32413503527641296
fusion_calibration,cal_c,split_internal_mix,mix::R::MusicGen,True,1.0,0.0,1.0,1.0,1.0,0.4471514995512325,0.7392210207980616,0.15508197830440337,True,True,10.9235625,0.7287007570266724,0.5440226197242737,0.7407573461532593,0.5425187349319458,0.9685319662094116,0.20420679450035095,0.7131145000457764,0.1914743334054947,0.7809641361236572,0.21325775980949402,0.7818690538406372,0.2923106849193573,0.9630212783813477,0.01169799454510212
fusion_calibration,cal_a,split_internal_mix,mix::R::GTZAN_genre_3,True,0.0,0.0,0.0,1.0,1.0,0.6661678372535222,0.7312949434378178,0.6010407310692266,True,True,38.2751875,0.724280595779419,0.2872849702835083,0.7262847423553467,0.29457077383995056,0.8684014678001404,0.6966342926025391,0.26901528239250183,0.586215615272522,0.4832354784011841,0.08759868890047073,0.4832165241241455,0.11177852749824524,0.4141829013824463,0.2842901945114136
fusion_calibration,cal_a,gtzan_real_v2,GTZAN_genre_1,False,0.0,0.0,0.0,0.0,1.0,0.3886656285489958,0.36577193151633763,0.411559325581654,True,True,30.091625,0.7499361038208008,7.870217810790336e-10,0.721160352230072,7.161976012248772e-10,0.34055861830711365,1.0,0.020484542474150658,0.6806624531745911,0.5103209614753723,0.024741241708397865,0.52739018201828,0.024078622460365295,0.0013149717124179006,0.9883177876472473
fusion_calibration,cal_a,gtzan_real_v2,GTZAN_genre_1,False,0.0,0.0,0.0,0.0,1.0,0.2034805474638039,0.16652155091629053,0.24043954401131726,True,True,30.013375,0.6518746614456177,6.225564419537477e-08,0.6491401195526123,5.874267472449901e-08,0.5938775539398193,0.9999999403953552,0.01886872388422489,0.6414241194725037,0.12326416373252869,0.03383014351129532,0.13184544444084167,0.034586101770401,0.0016861382173374295,0.875954806804657
fusion_calibration,cal_a,split_internal_mix,mix::WF4::AudioLDM2,True,1.0,1.0,1.0,1.0,1.0,0.9984218597449972,0.9977337697906905,0.9991099496993038,True,True,13.3828125,0.768200159072876,0.501029372215271,0.7750731706619263,0.5090981721878052,0.9802471995353699,0.09583000838756561,0.8021315932273865,0.03633797541260719,0.850136935710907,0.14869597554206848,0.8520306348800659,0.2102786898612976,0.9964680671691895,0.007646649144589901
fusion_calibration,cal_a,fake_music_generated,MusicGen,False,1.0,0.0,1.0,0.0,1.0,0.916918023355469,0.916918023355469,,False,True,5.556,0.7341209650039673,0.9993535876274109,0.7207693457603455,0.9993300437927246,0.5518262982368469,0.999305248260498,0.015348108485341072,0.014637401327490807,0.6092384457588196,0.9997833371162415,0.6129869222640991,0.999800980091095,0.009044179692864418,0.9791733026504517
fusion_calibration,cal_c,split_internal_mix,mix::WF7::AudioLDM2,True,1.0,1.0,1.0,1.0,1.0,0.9547855610189722,0.9114231661226097,0.9981479559153346,True,True,9.2604375,0.730408787727356,0.9998307824134827,0.7397007346153259,0.9998206496238708,0.8112735748291016,0.999902606010437,0.020109914243221283,0.03501296788454056,0.44151344895362854,0.992476224899292,0.4489021897315979,0.9931657314300537,0.014581959694623947,0.9207571744918823
fusion_calibration,cal_a,wavefake_ajay,WF7,False,1.0,1.0,0.0,1.0,0.0,0.997364282885328,0.9994034773552112,0.9953250884154446,True,True,8.510125,0.7828288078308105,0.5401276350021362,0.7871255278587341,0.5534547567367554,0.9809551239013672,0.12570714950561523,0.8195128440856934,0.028374984860420227,0.7395275831222534,0.1736537665128708,0.7458341121673584,0.23797273635864258,0.9971400499343872,0.011222373694181442
fusion_calibration,cal_a,split_internal_mix,mix::WF4::AudioLDM2,True,1.0,1.0,1.0,1.0,1.0,0.866467100639498,0.7366816374096842,0.9962525638693116,True,True,10.2381875,0.7336422801017761,0.9945294857025146,0.7348978519439697,0.9945298433303833,0.72735595703125,0.9933100938796997,0.39616385102272034,0.06874454021453857,0.8558094501495361,0.9616572856903076,0.8563894033432007,0.9660053849220276,0.20332451164722443,0.638974666595459
fusion_calibration,cal_c,gtzan_real_v2,GTZAN_genre_7,False,0.0,0.0,0.0,0.0,1.0,0.3033826813265728,0.4258081143710813,0.1809572482820643,True,True,30.0001875,0.7320278882980347,6.507439707092999e-07,0.7037272453308105,6.072228870834806e-07,0.36116912961006165,0.9999983906745911,0.03861546143889427,0.7903094291687012,0.5294238328933716,0.018849892541766167,0.5435818433761597,0.018837224692106247,0.011670480482280254,0.9670795798301697
fusion_calibration,cal_c,split_internal_mix,mix::LibriSpeech::AudioLDM2,True,1.0,0.0,1.0,1.0,1.0,0.4427600794250419,0.8659057182874416,0.019614440562642298,True,True,8.3115,0.7423018217086792,0.9998641610145569,0.750550389289856,0.999854564666748,0.7859382629394531,0.9999291896820068,0.019839176908135414,0.07480303198099136,0.8314271569252014,0.9970517158508301,0.83089280128479,0.9972089529037476,0.014449942857027054,0.9480024576187134
fusion_calibration,cal_a,split_internal_mix,mix::R::GTZAN_genre_8,True,0.0,0.0,0.0,1.0,1.0,0.16286705253020123,0.24555763663381644,0.08017646842658599,True,True,37.188375,0.6711529493331909,0.00020917216897942126,0.6684359312057495,0.00020096494699828327,0.6250928044319153,0.9991968274116516,0.02418227680027485,0.8814792037010193,0.4146832227706909,0.0207033883780241,0.41147705912590027,0.021933147683739662,0.12743544578552246,0.669700562953949
fusion_calibration,cal_b,split_internal_mix,mix::A01::GTZAN_genre_0,True,1.0,1.0,0.0,1.0,1.0,0.18750690783172683,0.17394804263876207,0.20106577302469159,True,True,30.013375,0.758894681930542,4.401075329951709e-06,0.728340744972229,4.149763299210463e-06,0.30007967352867126,0.9999882578849792,0.033509280532598495,0.9065095782279968,0.5064219236373901,0.0008910828619264066,0.5184322595596313,0.000982648110948503,0.014298300258815289,0.9913097023963928
fusion_calibration,cal_c,split_internal_mix,mix::WF5::AudioLDM2,True,1.0,1.0,1.0,1.0,1.0,0.8457958776289446,0.8457958776289446,,False,True,4.66725,0.7567727565765381,0.9753943681716919,0.7606819272041321,0.9757571816444397,0.8963733911514282,0.975507915019989,0.363582968711853,0.04232894256711006,0.5323346853256226,0.9018054008483887,0.5230934619903564,0.9010279178619385,0.0533597394824028,0.7022312879562378
fusion_calibration,cal_c,split_internal_mix,mix::WF7::AudioLDM2,True,1.0,1.0,1.0,1.0,1.0,0.9596943739537303,0.9387320766212284,0.980656671286232,True,True,7.677875,0.7456860542297363,0.9997759461402893,0.7514103651046753,0.9997618794441223,0.7548436522483826,0.999836802482605,0.01505146361887455,0.031922027468681335,0.5813491940498352,0.9984501600265503,0.5818243622779846,0.9985023736953735,0.026836596429347992,0.9611493945121765
fusion_calibration,cal_b,asvspoof2019,bonafide,False,0.0,0.0,0.0,1.0,0.0,0.022919598031948426,0.022919598031948426,,False,True,4.605,0.7462679147720337,0.3007602095603943,0.756439745426178,0.2956821024417877,0.9749569892883301,0.1391439586877823,0.6598231792449951,0.014203364960849285,0.056080251932144165,0.15389277040958405,0.05895846709609032,0.22460907697677612,0.9992307424545288,0.004843441769480705
fusion_calibration,cal_b,split_internal_mix,mix::LibriSpeech::GTZAN_genre_4,True,0.0,0.0,0.0,1.0,1.0,0.27770163560846395,0.46170795992708796,0.0936953112898399,True,True,33.374875,0.6774943470954895,2.5775039830477908e-05,0.6693993210792542,2.43276335822884e-05,0.5394899249076843,0.9998435378074646,0.06288670003414154,0.8682923316955566,0.3983963429927826,0.026647891849279404,0.40439727902412415,0.026715479791164398,0.050814930349588394,0.8496038317680359
fusion_calibration,cal_c,split_internal_mix,mix::LibriSpeech::AudioLDM2,True,1.0,0.0,1.0,1.0,1.0,0.49651064800610184,0.49651064800610184,,False,True,5.83,0.7269259691238403,0.9993398785591125,0.7102724313735962,0.99930739402771,0.4858095645904541,0.9994599223136902,0.5654715895652771,0.3871038854122162,0.8131563663482666,0.9922675490379333,0.8160852193832397,0.9925939440727234,0.10504639893770218,0.7482308149337769
fusion_calibration,cal_c,librispeech_dev,LibriSpeech,False,0.0,0.0,0.0,1.0,0.0,0.028141304606635338,0.040570949408028564,0.01571165980524211,True,True,10.205,0.7377125024795532,0.45556628704071045,0.7468299865722656,0.4576109051704407,0.9757343530654907,0.07356385886669159,0.7765041589736938,0.024817004799842834,0.23141640424728394,0.1148398220539093,0.23655925691127777,0.17671078443527222,0.9986966848373413,0.0029415427707135677
fusion_calibration,cal_a,gtzan_real_v2,GTZAN_genre_1,False,0.0,0.0,0.0,0.0,1.0,0.17749007985018567,0.16722878718929113,0.1877513725110802,True,True,30.013375,0.6518542766571045,5.81155347845197e-07,0.6532803773880005,5.529130362447177e-07,0.7045761942863464,0.9999985694885254,0.0200446005910635,0.578529953956604,0.061770886182785034,0.042027778923511505,0.06595570594072342,0.04679818078875542,0.10249665379524231,0.6459106802940369
fusion_calibration,cal_b,librispeech_dev,LibriSpeech,False,0.0,0.0,0.0,1.0,0.0,0.021309698546433532,0.021309698546433532,,False,True,2.555,0.6716611981391907,0.44937628507614136,0.6910773515701294,0.44089335203170776,0.974838137626648,0.0494459867477417,0.7448624968528748,0.027781212702393532,0.0743524581193924,0.15140172839164734,0.0771109089255333,0.24861222505569458,0.9992172718048096,0.0006861096480861306
fusion_calibration,cal_b,split_internal_mix,mix::LibriSpeech::GTZAN_genre_2,True,0.0,0.0,0.0,1.0,1.0,0.33696297580559587,0.32978211784571165,0.34414383376548,True,True,33.733375,0.7149461507797241,7.945911306705966e-07,0.6939733028411865,7.575590643682517e-07,0.45213592052459717,0.9999990463256836,0.022576840594410896,0.8676331043243408,0.4259394407272339,0.33236077427864075,0.4472883343696594,0.31498831510543823,0.0008170839282684028,0.930755078792572
fusion_calibration,cal_b,librispeech_dev,LibriSpeech,False,0.0,0.0,0.0,1.0,0.0,0.025831415632316522,0.025831415632316522,,False,True,4.325,0.7406960725784302,0.6246822476387024,0.7467608451843262,0.6341953873634338,0.9581143260002136,0.13637425005435944,0.7222179174423218,0.021079735830426216,0.04243040084838867,0.3005724847316742,0.04499615356326103,0.3975907266139984,0.9992952346801758,0.011561560444533825
fusion_calibration,cal_b,split_internal_mix,mix::WF7::GTZAN_genre_0,True,1.0,1.0,0.0,1.0,1.0,0.19646139833728543,0.3045101434263956,0.08841265324817528,True,True,33.7169375,0.7041289210319519,1.674530540185515e-05,0.6807485222816467,1.626611265237443e-05,0.41090941429138184,0.9999747276306152,0.026887884363532066,0.8657248616218567,0.5000137090682983,0.1900523155927658,0.5195211172103882,0.18081901967525482,0.002946743741631508,0.9467666149139404
fusion_calibration,cal_a,split_internal_mix,mix::WF3::MusicGen,True,1.0,1.0,1.0,1.0,1.0,0.5938615280184998,0.9636966620329164,0.2240263940040831,True,True,12.3130625,0.785413384437561,0.4924616813659668,0.7908341884613037,0.5024334192276001,0.9859039783477783,0.12856782972812653,0.8235740661621094,0.022582435980439186,0.7552762031555176,0.1677304208278656,0.7629034519195557,0.2343250811100006,0.9984950423240662,0.007636583875864744
fusion_calibration,cal_a,split_internal_mix,mix::R::MusicGen,True,1.0,0.0,1.0,1.0,1.0,0.33588211346919,0.48783372443754397,0.183930502500836,True,True,7.275,0.7382249236106873,0.9913874268531799,0.7231513261795044,0.9914848208427429,0.5285127758979797,0.9853860139846802,0.46460115909576416,0.05892814323306084,0.6823786497116089,0.9986374974250793,0.6816795468330383,0.9986781477928162,0.03026961348950863,0.9446401000022888
fusion_calibration,cal_c,split_internal_mix,mix::LibriSpeech::AudioLDM2,True,1.0,0.0,1.0,1.0,1.0,0.15973485126162576,0.033876270838243176,0.28559343168500834,True,True,11.216625,0.7663426399230957,0.7475863695144653,0.7694674730300903,0.756521463394165,0.9365665912628174,0.3980979025363922,0.6043698191642761,0.03890189155936241,0.25112488865852356,0.3466627299785614,0.25549525022506714,0.39393845200538635,0.9701241254806519,0.0874432697892189
fusion_calibration,cal_b,asvspoof2019,bonafide,False,0.0,0.0,0.0,1.0,0.0,0.03161717222622366,0.03161717222622366,,False,True,3.5826875,0.7159354090690613,0.39522722363471985,0.7280265688896179,0.3902381658554077,0.9794633388519287,0.10146341472864151,0.816926896572113,0.012191267684102058,0.19331111013889313,0.0847281739115715,0.19740067422389984,0.1422419250011444,0.9995961785316467,0.0010119210928678513
fusion_calibration,cal_b,asvspoof2019,bonafide,False,0.0,0.0,0.0,1.0,0.0,0.017809347455494905,0.017809347455494905,,False,True,4.0473125,0.7401351928710938,0.5112181305885315,0.7530720829963684,0.5170910358428955,0.9850526452064514,0.08669466525316238,0.6910325884819031,0.009439798071980476,0.09997733682394028,0.13259027898311615,0.1033787876367569,0.21958687901496887,0.9996007084846497,0.000910627655684948
fusion_calibration,cal_b,split_internal_mix,mix::WF5::AudioLDM2,True,1.0,1.0,1.0,1.0,1.0,0.9885980615499015,0.9937148483179274,0.9834812747818754,True,True,12.779375,0.7608485221862793,0.4893723130226135,0.7676377296447754,0.4986194372177124,0.9733424186706543,0.11426614969968796,0.7882241010665894,0.024481836706399918,0.7997437715530396,0.1156613826751709,0.8051156997680664,0.16281837224960327,0.9973599910736084,0.014746750704944134
fusion_calibration,cal_c,wavefake_ajay,WF3,False,1.0,1.0,0.0,1.0,0.0,0.9926457611837882,0.9926457611837882,,False,True,4.1099375,0.7610809803009033,0.50870680809021,0.7694671750068665,0.5184643268585205,0.9786819815635681,0.11165040731430054,0.7979335188865662,0.03141368180513382,0.7807661294937134,0.1372538059949875,0.7852413058280945,0.19261212646961212,0.9946107864379883,0.012607663869857788
fusion_calibration,cal_c,split_internal_mix,mix::WF4::GTZAN_genre_8,True,1.0,1.0,0.0,1.0,1.0,0.5254034669793303,0.7421264480445652,0.3086804859140954,True,True,35.0389375,0.6779422760009766,3.1808427593205124e-05,0.6771789789199829,3.0176222935551777e-05,0.6098389029502869,0.9998744130134583,0.07315292954444885,0.8966957926750183,0.5885500907897949,0.009846298955380917,0.5818110704421997,0.010494313202798367,0.14101235568523407,0.8325783610343933
fusion_calibration,cal_c,fake_music_generated,MusicGen,False,1.0,0.0,1.0,0.0,1.0,0.9272692945300012,0.9272692945300012,,False,True,5.6141875,0.7404660582542419,0.9998984336853027,0.7283170819282532,0.9998902082443237,0.5547032952308655,0.9999402761459351,0.01600545272231102,0.013499869033694267,0.8302571773529053,0.9995404481887817,0.8395814895629883,0.99957674741745,0.017378326505422592,0.9648066759109497
fusion_calibration,cal_b,gtzan_real_v2,GTZAN_genre_6,False,0.0,0.0,0.0,0.0,1.0,0.6073670363464492,0.42193724698841495,0.7927968257044834,True,True,30.013375,0.6859266757965088,2.134686292265542e-05,0.6668864488601685,2.029323331953492e-05,0.44330647587776184,0.9999650120735168,0.020009547472000122,0.8086785674095154,0.4492258131504059,0.0035592999774962664,0.4592505693435669,0.003843605052679777,0.019612452015280724,0.9603894352912903
fusion_calibration,cal_a,split_internal_mix,mix::R::AudioLDM2,True,1.0,0.0,1.0,1.0,1.0,0.3063098560321601,0.4226702242520339,0.18994948781228627,True,True,8.319,0.7520443201065063,0.700522780418396,0.7612918615341187,0.7041631937026978,0.9590888619422913,0.32433587312698364,0.797569990158081,0.24670366942882538,0.769689679145813,0.2480110228061676,0.7681745290756226,0.30952852964401245,0.9154461622238159,0.04086745157837868
fusion_calibration,cal_a,gtzan_real_v2,GTZAN_genre_2,False,0.0,0.0,0.0,0.0,1.0,0.09424058424860801,0.13490179335285193,0.05357937514436409,True,True,30.013375,0.6745057106018066,0.00016890530241653323,0.6673494577407837,0.00016260785923805088,0.5658533573150635,0.9994810223579407,0.03307480737566948,0.8775103688240051,0.42549973726272583,0.022960565984249115,0.43114686012268066,0.023521780967712402,0.049924615770578384,0.8006467819213867
fusion_calibration,cal_a,split_internal_mix,mix::R::GTZAN_genre_6,True,0.0,0.0,0.0,1.0,1.0,0.2697179153896228,0.3332215670162014,0.2062142637630442,True,True,35.4564375,0.7145980596542358,0.25578078627586365,0.7212603092193604,0.2557804584503174,0.9086729884147644,0.7210955619812012,0.2928414046764374,0.5828588008880615,0.34308749437332153,0.22526538372039795,0.3435398042201996,0.273747980594635,0.9568882584571838,0.05689641833305359
fusion_calibration,cal_a,split_internal_mix,mix::R::MusicGen,True,1.0,0.0,1.0,1.0,1.0,0.22721621727152017,0.3332215670162014,0.12121086752683892,True,True,10.1078125,0.7521418333053589,0.6770565509796143,0.7615742683410645,0.6784045100212097,0.9713380336761475,0.3389672040939331,0.6878159642219543,0.1276991367340088,0.699755072593689,0.20156598091125488,0.6994705200195312,0.2657024562358856,0.9203360080718994,0.025478731840848923
fusion_calibration,cal_c,split_internal_mix,mix::LibriSpeech::GTZAN_genre_7,True,0.0,0.0,0.0,1.0,1.0,0.7090231172339791,0.8753505233676334,0.5426957111003249,True,True,30.0001875,0.7540104985237122,9.625332495488692e-06,0.7237737774848938,9.04970511328429e-06,0.3197270333766937,0.999976634979248,0.02352781593799591,0.7726859450340271,0.49189600348472595,0.001457747770473361,0.5037479400634766,0.0016053547151386738,0.014817810617387295,0.985447883605957
fusion_calibration,cal_b,split_internal_mix,mix::A01::GTZAN_genre_6,True,1.0,1.0,0.0,1.0,1.0,0.6068140483304904,0.9899222201233632,0.22370587653761748,True,True,31.6958125,0.7000788450241089,0.0032365957740694284,0.6987177729606628,0.0031378897838294506,0.8348860144615173,0.9893184304237366,0.2038368135690689,0.78982013463974,0.10614669322967529,0.13563485443592072,0.1073460653424263,0.16026657819747925,0.6188709139823914,0.16870035231113434
fusion_calibration,cal_b,split_internal_mix,mix::WF7::AudioLDM2,True,1.0,1.0,1.0,1.0,1.0,0.324970287359973,0.324970287359973,,False,True,5.721125,0.7621027827262878,0.9644829630851746,0.7670643925666809,0.9644962549209595,0.9145187735557556,0.9380961656570435,0.3945888876914978,0.2716183066368103,0.8209019303321838,0.7519704699516296,0.8155658841133118,0.7672030925750732,0.3995213806629181,0.39162641763687134
fusion_calibration,cal_c,split_internal_mix,mix::LibriSpeech::AudioLDM2,True,1.0,0.0,1.0,1.0,1.0,0.025919312115239353,0.024217101631960877,0.02762152259851783,True,True,15.7265,0.7441606521606445,0.5846582651138306,0.7448155879974365,0.5955718755722046,0.9235644340515137,0.11730214953422546,0.8214668035507202,0.026483260095119476,0.041344013065099716,0.12298321723937988,0.04425147920846939,0.1585853397846222,0.9989065527915955,0.02797718532383442
fusion_calibration,cal_c,gtzan_real_v2,GTZAN_genre_8,False,0.0,0.0,0.0,0.0,1.0,0.46284435336540364,0.47701737059640786,0.44867133613439947,True,True,30.013375,0.7325509786605835,0.0026973949279636145,0.7358991503715515,0.0026577478274703026,0.8438003063201904,0.9928338527679443,0.018038542941212654,0.8996427059173584,0.12151584774255753,0.04480714350938797,0.12511195242404938,0.05437754839658737,0.5036191344261169,0.39604654908180237
fusion_calibration,cal_b,librispeech_dev,LibriSpeech,False,0.0,0.0,0.0,1.0,0.0,0.009663492243152093,0.009663492243152093,,False,True,2.32,0.6789469718933105,0.3972932994365692,0.7006102204322815,0.3850485682487488,0.9803095459938049,0.07682117819786072,0.8329495787620544,0.033196821808815,0.14221812784671783,0.11720770597457886,0.14423443377017975,0.206041157245636,0.9983258843421936,0.00043776066740974784
fusion_calibration,cal_b,split_internal_mix,mix::bonafide::GTZAN_genre_5,True,0.0,0.0,0.0,1.0,1.0,0.1577222644058299,0.04485934852936851,0.2705851802822913,True,True,34.1644375,0.6660154461860657,0.19576585292816162,0.6745201349258423,0.19407354295253754,0.8245034217834473,0.7021989226341248,0.2335136979818344,0.4942878484725952,0.09680428355932236,0.10593223571777344,0.100892573595047,0.14986646175384521,0.3411933481693268,0.28891974687576294
fusion_calibration,cal_c,split_internal_mix,mix::LibriSpeech::GTZAN_genre_9,True,0.0,0.0,0.0,1.0,1.0,0.3544406435777937,0.15921339469553522,0.5496678924600522,True,True,39.858375,0.7470111846923828,3.0789393349550664e-05,0.717409074306488,2.9201439247117378e-05,0.3320501446723938,0.9999353289604187,0.016525328159332275,0.8443401455879211,0.532787561416626,0.001580722164362669,0.5488263368606567,0.001728639705106616,0.009241699241101742,0.9872815012931824
fusion_calibration,cal_a,split_internal_mix,mix::R::GTZAN_genre_6,True,0.0,0.0,0.0,1.0,1.0,0.7302337238458392,0.8831645081109828,0.5773029395806956,True,True,36.5476875,0.7419195771217346,1.169876031781314e-05,0.71150803565979,1.0937075785477646e-05,0.33076807856559753,0.999979555606842,0.021774889901280403,0.8588691353797913,0.5177866220474243,0.00043255434138700366,0.5303923487663269,0.0004887506365776062,0.008185968734323978,0.9942731857299805
fusion_calibration,cal_c,gtzan_real_v2,GTZAN_genre_0,False,0.0,0.0,0.0,0.0,1.0,0.07784768795283145,0.06483798758881014,0.09085738831685278,True,True,30.013375,0.6796966791152954,0.001560996170155704,0.6790516376495361,0.0015612777788192034,0.6301335692405701,0.998028039932251,0.03512699156999588,0.7677111029624939,0.16126748919487,0.2772578001022339,0.16679070889949799,0.27512505650520325,0.023478329181671143,0.7573863863945007
fusion_calibration,cal_a,split_internal_mix,mix::R::AudioLDM2,True,1.0,0.0,1.0,1.0,1.0,0.7765605513899592,0.9418603437853155,0.6112607589946029,True,True,10.988125,0.7493730783462524,0.9982613325119019,0.7525750994682312,0.9982693195343018,0.7719488739967346,0.9969707727432251,0.18071557581424713,0.07318700850009918,0.8036799430847168,0.9808140397071838,0.8039183616638184,0.9816340208053589,0.14382073283195496,0.7868479490280151
fusion_calibration,cal_a,split_internal_mix,mix::WF5::GTZAN_genre_9,True,1.0,1.0,0.0,1.0,1.0,0.31818318302945403,0.32037552380472534,0.31599084225418267,True,True,36.7204375,0.7500619888305664,4.404260835144669e-05,0.7213361859321594,4.1260205762228e-05,0.32458004355430603,0.9999315142631531,0.18311433494091034,0.8372220993041992,0.5335747003555298,0.01111610047519207,0.5495790243148804,0.01096426136791706,0.005705458577722311,0.986996591091156
fusion_calibration,cal_b,wavefake_ajay,WF6,False,1.0,1.0,0.0,1.0,0.0,0.9986408781582151,0.9986408781582151,,False,True,4.5046875,0.7720727920532227,0.48722338676452637,0.7784795761108398,0.49417367577552795,0.9848231077194214,0.16369254887104034,0.806637704372406,0.022726915776729584,0.690898060798645,0.1785711646080017,0.6956889629364014,0.2469026893377304,0.994763970375061,0.00887675303965807
fusion_calibration,cal_b,librispeech_dev,LibriSpeech,False,0.0,0.0,0.0,1.0,0.0,0.04229314181673605,0.04229314181673605,,False,True,2.97,0.6948186755180359,0.5089153051376343,0.7124199867248535,0.5097526907920837,0.9794971942901611,0.07454294711351395,0.819388210773468,0.02267874777317047,0.06197424605488777,0.16244372725486755,0.06484919786453247,0.2645282745361328,0.9991076588630676,0.0007947387639433146
fusion_calibration,cal_a,wavefake_ajay,WF5,False,1.0,1.0,0.0,1.0,0.0,0.9988297600981894,0.9988297600981894,,False,True,6.4668125,0.7541552782058716,0.4581039845943451,0.7640753984451294,0.46099793910980225,0.982216477394104,0.13278229534626007,0.8337332010269165,0.040356360375881195,0.7447995543479919,0.15288399159908295,0.7472110390663147,0.21783292293548584,0.9927485585212708,0.008184739388525486
fusion_calibration,cal_a,fake_music_generated,AudioLDM2,False,1.0,0.0,1.0,0.0,1.0,0.8816097086086979,0.8816097086086979,,False,True,4.603875,0.7422917485237122,0.9999449253082275,0.7322105169296265,0.9999396800994873,0.601360023021698,0.9999693632125854,0.012797589413821697,0.026643143966794014,0.7175223231315613,0.999744713306427,0.7211472988128662,0.9997685551643372,0.010179296135902405,0.9799990653991699
fusion_calibration,cal_c,split_internal_mix,mix::WF6::GTZAN_genre_7,True,1.0,1.0,0.0,1.0,1.0,0.903962686946749,0.9216645865899199,0.8862607873035782,True,True,36.23475,0.7219675779342651,0.2589186131954193,0.7237516641616821,0.2650875151157379,0.741776168346405,0.70941561460495,0.30837759375572205,0.5448521971702576,0.48580050468444824,0.09831730276346207,0.49582812190055847,0.12781479954719543,0.3388979136943817,0.4622856378555298
fusion_calibration,cal_a,gtzan_real_v2,GTZAN_genre_5,False,0.0,0.0,0.0,0.0,1.0,0.8078813259631312,0.8323235573558387,0.7834390945704238,True,True,30.013375,0.6472563743591309,1.0551743798714597e-06,0.6470123529434204,1.002350927592488e-06,0.6110177636146545,1.0,0.022056760266423225,0.6732866168022156,0.019984785467386246,0.942999005317688,0.023750970140099525,0.940986156463623,0.004582766909152269,0.7680543065071106
fusion_calibration,cal_a,wavefake_ajay,WF7,False,1.0,1.0,0.0,1.0,0.0,0.9626172312463581,0.982078381831392,0.9431560806613244,True,True,9.4505625,0.7704195976257324,0.4861689805984497,0.775215208530426,0.4946003258228302,0.9741320610046387,0.11482527107000351,0.8097372055053711,0.028553852811455727,0.7395069599151611,0.16878166794776917,0.7458109855651855,0.2263752669095993,0.9968503713607788,0.01717405579984188
fusion_calibration,cal_a,gtzan_real_v2,GTZAN_genre_3,False,0.0,0.0,0.0,0.0,1.0,0.3934055310035704,0.42224028522779933,0.36457077677934147,True,True,30.0001875,0.7137349843978882,1.2036900898237946e-06,0.6876341104507446,1.132085913013725e-06,0.38514629006385803,0.9999966621398926,0.017590299248695374,0.8660526275634766,0.41277897357940674,0.0018343611154705286,0.4239071011543274,0.002039103303104639,0.015901269391179085,0.9790970683097839
fusion_calibration,cal_c,wavefake_ajay,WF2,False,1.0,1.0,0.0,1.0,0.0,0.9972786943922037,0.9987212863893739,0.9958361023950336,True,True,7.5929375,0.8036544919013977,0.5075432658195496,0.8065271377563477,0.520097017288208,0.9850950241088867,0.09341375529766083,0.8261997699737549,0.03310966119170189,0.7785200476646423,0.14960241317749023,0.7869752049446106,0.20417504012584686,0.9990441203117371,0.01246995385736227
fusion_calibration,cal_b,gtzan_real_v2,GTZAN_genre_7,False,0.0,0.0,0.0,0.0,1.0,0.21768337071779428,0.2065809657252711,0.22878577571031747,True,True,30.0001875,0.7192796468734741,0.0012873640516772866,0.7013007402420044,0.0012992011616006494,0.4800690710544586,0.9987804889678955,0.051122475415468216,0.863034725189209,0.4330396056175232,0.07544443756341934,0.43167221546173096,0.07446900010108948,0.027032747864723206,0.9275557398796082
fusion_calibration,cal_a,split_internal_mix,mix::R::AudioLDM2,True,1.0,0.0,1.0,1.0,1.0,0.7862666042759173,0.9293239776157041,0.6432092309361306,True,True,14.1716875,0.7207300662994385,0.99988853931427,0.7139416337013245,0.9998823404312134,0.590800940990448,0.9998437166213989,0.00820527970790863,0.012202277779579163,0.6663616895675659,0.9991335868835449,0.6610846519470215,0.9992876648902893,0.11404652893543243,0.8699790239334106
fusion_calibration,cal_a,split_internal_mix,mix::WF5::AudioLDM2,True,1.0,1.0,1.0,1.0,1.0,0.9952209134913682,0.9952209134913682,,False,True,5.2960625,0.7442498803138733,0.9448431134223938,0.7480505704879761,0.9447973370552063,0.817561686038971,0.9171071648597717,0.39025476574897766,0.0497342012822628,0.7761440277099609,0.8533316254615784,0.7704011797904968,0.8507452607154846,0.16935379803180695,0.6534033417701721
fusion_calibration,cal_c,librispeech_dev,LibriSpeech,False,0.0,0.0,0.0,1.0,0.0,0.03782372034516799,0.03782372034516799,,False,True,5.83,0.7467108964920044,0.4819660186767578,0.755419909954071,0.4882110357284546,0.9749030470848083,0.08088742196559906,0.7956895232200623,0.03077845089137554,0.4806293249130249,0.1575908064842224,0.48594701290130615,0.22377122938632965,0.9971975088119507,0.0074305664747953415
fusion_calibration,cal_a,split_internal_mix,mix::R::AudioLDM2,True,1.0,0.0,1.0,1.0,1.0,0.28309170965133246,0.2790843793546018,0.2870990399480632,True,True,12.0176875,0.7519449591636658,0.5210450887680054,0.7605192065238953,0.5244137048721313,0.9721272587776184,0.12684255838394165,0.8091585636138916,0.028915809467434883,0.6630172729492188,0.18213480710983276,0.6646876335144043,0.2423347383737564,0.96367347240448,0.023707520216703415
fusion_calibration,cal_c,librispeech_dev,LibriSpeech,False,0.0,0.0,0.0,1.0,0.0,0.014321954299423005,0.014321954299423005,,False,True,1.98,0.654456377029419,0.44068291783332825,0.6749258637428284,0.42890429496765137,0.9713238477706909,0.040811676532030106,0.8147727847099304,0.039348848164081573,0.3513665795326233,0.09588819742202759,0.3506356179714203,0.16958552598953247,0.9986569881439209,0.0004453230067156255
fusion_calibration,cal_c,gtzan_real_v2,GTZAN_genre_9,False,0.0,0.0,0.0,0.0,1.0,0.3549303601085065,0.5327648339293406,0.1770958862876724,True,True,30.013375,0.7238787412643433,5.405071306086029e-07,0.7013252973556519,5.055821930000093e-07,0.39575329422950745,0.9999982714653015,0.02945307455956936,0.8539614081382751,0.48974233865737915,0.01057787798345089,0.5041158199310303,0.010930638760328293,0.008840038441121578,0.948952853679657
fusion_calibration,cal_b,fake_music_generated,AudioLDM2,False,1.0,0.0,1.0,0.0,1.0,0.934146155241483,0.934146155241483,,False,True,4.42275,0.733045220375061,0.9999619722366333,0.719436526298523,0.9999580383300781,0.5544539093971252,0.99997878074646,0.015854695811867714,0.021348007023334503,0.6157469153404236,0.9996672868728638,0.6285194754600525,0.9996944665908813,0.006961748003959656,0.972824215888977
fusion_calibration,cal_c,librispeech_dev,LibriSpeech,False,0.0,0.0,0.0,1.0,0.0,0.012179644417554956,0.012179644417554956,,False,True,3.92,0.7332361936569214,0.43921124935150146,0.7420473694801331,0.4391838312149048,0.9741275906562805,0.06547336280345917,0.8310335278511047,0.02539132721722126,0.04408121854066849,0.10897541791200638,0.04675037041306496,0.16274210810661316,0.9992327690124512,0.0042332010343670845
fusion_calibration,cal_b,split_internal_mix,mix::bonafide::AudioLDM2,True,1.0,0.0,1.0,1.0,1.0,0.4911547712138317,0.8818424436137352,0.10046709881392826,True,True,8.01775,0.7449770569801331,0.9995637536048889,0.7340288162231445,0.999543309211731,0.586857259273529,0.9996039867401123,0.008531971834599972,0.007886291481554508,0.6863648891448975,0.9998486638069153,0.698832631111145,0.9998626708984375,0.005414232611656189,0.9850966930389404
fusion_calibration,cal_c,split_internal_mix,mix::LibriSpeech::GTZAN_genre_9,True,0.0,0.0,0.0,1.0,1.0,0.0163348340069731,0.02190885143484284,0.01076081657910336,True,True,45.733375,0.768457293510437,0.5399172902107239,0.7730165719985962,0.5513254404067993,0.952140748500824,0.42460834980010986,0.5621188282966614,0.29827532172203064,0.14260223507881165,0.16689011454582214,0.1462247669696808,0.23138315975666046,0.7308669686317444,0.11657655984163284
fusion_calibration,cal_b,asvspoof2019,A01,False,1.0,1.0,0.0,1.0,0.0,0.9998570255548097,0.9998570255548097,,False,True,1.989125,0.7009768486022949,0.48438721895217896,0.7169238328933716,0.4801146984100342,0.9819490313529968,0.03637952357530594,0.7905204892158508,0.04228919744491577,0.8402145504951477,0.11729465425014496,0.8386077880859375,0.20403867959976196,0.9996724128723145,0.000424311263486743
fusion_calibration,cal_c,split_internal_mix,mix::LibriSpeech::AudioLDM2,True,1.0,0.0,1.0,1.0,1.0,0.4684497744217615,0.8204360351211859,0.11646351372233704,True,True,14.7565,0.7160396575927734,0.9971041679382324,0.7298864126205444,0.9970803260803223,0.8767646551132202,0.9911889433860779,0.15263518691062927,0.03200245648622513,0.8638984560966492,0.9139078259468079,0.8615052700042725,0.9424878358840942,0.3808516561985016,0.48100244998931885
fusion_calibration,cal_a,wavefake_ajay,WF2,False,1.0,1.0,0.0,1.0,0.0,0.9982358175128049,0.9982358175128049,,False,True,6.4319375,0.8054835200309753,0.6302446722984314,0.8094301819801331,0.6425012350082397,0.9827308058738708,0.19369880855083466,0.8060339689254761,0.03445643559098244,0.6237396597862244,0.24893681704998016,0.6313101649284363,0.3114987015724182,0.9899349808692932,0.03280728682875633
fusion_calibration,cal_c,gtzan_real_v2,GTZAN_genre_5,False,0.0,0.0,0.0,0.0,1.0,0.8073821934865735,0.8051225256839286,0.8096418612892184,True,True,30.013375,0.6812939047813416,0.1769220232963562,0.689183235168457,0.18067800998687744,0.7457818984985352,0.99992436170578,0.021796949207782745,0.6804723739624023,0.12607361376285553,0.9822845458984375,0.13678249716758728,0.9830506443977356,0.003725515678524971,0.6418654918670654
fusion_calibration,cal_a,split_internal_mix,mix::WF7::GTZAN_genre_1,True,1.0,1.0,0.0,1.0,1.0,0.1872694358236563,0.20952227386370867,0.16501659778360395,True,True,36.9345,0.7354392409324646,0.2588684558868408,0.7342406511306763,0.2655435800552368,0.7063906788825989,0.7084543108940125,0.2816573679447174,0.45227256417274475,0.5269360542297363,0.18935248255729675,0.5375291109085083,0.21828924119472504,0.3338940441608429,0.606909453868866
fusion_calibration,cal_a,wavefake_ajay,WF7,False,1.0,1.0,0.0,1.0,0.0,0.9987305605679562,0.9987305605679562,,False,True,5.921125,0.8066131472587585,0.5177367925643921,0.809849739074707,0.5310870409011841,0.9854375123977661,0.12536336481571198,0.8064165711402893,0.03483322635293007,0.7384824752807617,0.182988703250885,0.7483000159263611,0.244157075881958,0.9986948370933533,0.014298370108008385
fusion_calibration,cal_a,wavefake_ajay,WF7,False,1.0,1.0,0.0,1.0,0.0,0.9961043410995851,0.9961043410995851,,False,True,3.4365625,0.7671204209327698,0.5194340348243713,0.7758747339248657,0.5285248160362244,0.986215353012085,0.09209597110748291,0.9032139778137207,0.01326744444668293,0.6557839512825012,0.13729898631572723,0.6636356711387634,0.19862578809261322,0.9984356760978699,0.005805575288832188
fusion_calibration,cal_a,gtzan_real_v2,GTZAN_genre_4,False,0.0,0.0,0.0,0.0,1.0,0.45297253860413667,0.4502589871820721,0.4556860900262012,True,True,30.013375,0.7230987548828125,2.618921371322358e-06,0.6955239772796631,2.4711994228709955e-06,0.37029457092285156,0.999995231628418,0.08117956668138504,0.8630461692810059,0.5326821804046631,0.0075431508012115955,0.5454917550086975,0.007678741589188576,0.015007096342742443,0.9741069674491882
fusion_calibration,cal_b,split_internal_mix,mix::WF3::AudioLDM2,True,1.0,1.0,1.0,1.0,1.0,0.9308574532495896,0.8725543453454022,0.9891605611537769,True,True,12.735625,0.7342022657394409,0.9993029832839966,0.7380720376968384,0.9992920160293579,0.7745040655136108,0.9990935325622559,0.20906725525856018,0.03516419231891632,0.6511812210083008,0.9888981580734253,0.6505842804908752,0.989836573600769,0.12939563393592834,0.7859843969345093
fusion_calibration,cal_c,wavefake_ajay,R,False,0.0,0.0,0.0,1.0,0.0,0.3122567919733882,0.5535714826325004,0.07094210131427588,True,True,8.93525,0.7663989067077637,0.4822537302970886,0.7736798524856567,0.4889886677265167,0.9769420027732849,0.2037302851676941,0.7803489565849304,0.029324393719434738,0.7233495712280273,0.21283255517482758,0.7270960807800293,0.2822750508785248,0.9792121648788452,0.017977677285671234
fusion_calibration,cal_c,librispeech_dev,LibriSpeech,False,0.0,0.0,0.0,1.0,0.0,0.012640198890585878,0.012640198890585878,,False,True,5.31,0.7490901350975037,0.5710123777389526,0.7492429614067078,0.5811447501182556,0.9140463471412659,0.10832337290048599,0.790204644203186,0.02849881909787655,0.0859781950712204,0.1036495715379715,0.09090134501457214,0.1364050805568695,0.9988971948623657,0.022195588797330856
fusion_calibration,cal_c,split_internal_mix,mix::WF5::AudioLDM2,True,1.0,1.0,1.0,1.0,1.0,0.9976827471201868,0.999518776722765,0.9958467175176086,True,True,12.463875,0.8044447898864746,0.5432908535003662,0.8086273670196533,0.5583056807518005,0.9842287302017212,0.07759813964366913,0.8041491508483887,0.03210422024130821,0.8745490312576294,0.16700950264930725,0.8779114484786987,0.22759667038917542,0.9985893964767456,0.01291029155254364
fusion_calibration,cal_c,gtzan_real_v2,GTZAN_genre_8,False,0.0,0.0,0.0,0.0,1.0,0.15448359964780367,0.10406222548037418,0.20490497381523318,True,True,30.013375,0.6913082599639893,1.878789407783188e-05,0.679458737373352,1.7948717868421227e-05,0.5294153690338135,0.9999683499336243,0.016923105344176292,0.8892340064048767,0.4283674359321594,0.0655306726694107,0.4459898769855499,0.06525029242038727,0.004030479118227959,0.9012131690979004
fusion_calibration,cal_b,split_internal_mix,mix::WF5::GTZAN_genre_7,True,1.0,1.0,0.0,1.0,1.0,0.9607748121682502,0.9814854623516973,0.9400641619848031,True,True,30.0001875,0.7254229784011841,0.06249161437153816,0.7271409034729004,0.06394820660352707,0.8835721611976624,0.9122646450996399,0.4500734508037567,0.7357824444770813,0.22331935167312622,0.0938052237033844,0.2258298695087433,0.10589411854743958,0.43365803360939026,0.3462527096271515
fusion_calibration,cal_a,split_internal_mix,mix::R::AudioLDM2,True,1.0,0.0,1.0,1.0,1.0,0.566917157723801,0.9428334042896279,0.19100091115797402,True,True,11.2745625,0.7535773515701294,0.9966888427734375,0.7596721649169922,0.9967154264450073,0.8110219836235046,0.9961174726486206,0.28412842750549316,0.051059626042842865,0.886170506477356,0.9693338871002197,0.8831984400749207,0.9713590145111084,0.3041623532772064,0.7257387638092041
fusion_calibration,cal_a,split_internal_mix,mix::R::GTZAN_genre_1,True,0.0,0.0,0.0,1.0,1.0,0.32623357525460045,0.23474740978717715,0.4177197407220237,True,True,37.188375,0.7030594348907471,1.4461443598179358e-08,0.6818163394927979,1.3358356198978072e-08,0.41972827911376953,1.0,0.017572583630681038,0.6412180662155151,0.4533654749393463,0.010778814554214478,0.47066187858581543,0.010972172021865845,0.001170397619716823,0.9658729434013367
fusion_calibration,cal_c,fake_music_generated,AudioLDM2,False,1.0,0.0,1.0,0.0,1.0,0.7804359905499841,0.7804359905499841,,False,True,5.1233125,0.7329272627830505,0.9998624324798584,0.7195183038711548,0.9998514652252197,0.556165874004364,0.9999192953109741,0.010469668544828892,0.016414199024438858,0.6628962159156799,0.9998043179512024,0.6628900766372681,0.9998236298561096,0.01115958858281374,0.9802879095077515
fusion_calibration,cal_c,fake_music_generated,AudioLDM2,False,1.0,0.0,1.0,0.0,1.0,0.9148987831433616,0.9148987831433616,,False,True,4.8915,0.7384690642356873,0.9998946189880371,0.7257542014122009,0.9998859167098999,0.5464093089103699,0.9999345541000366,0.017195016145706177,0.019051505252718925,0.8171406984329224,0.9995827078819275,0.8270431160926819,0.999614953994751,0.016375044360756874,0.967169463634491
fusion_calibration,cal_b,asvspoof2019,bonafide,False,0.0,0.0,0.0,1.0,0.0,0.3500553000885187,0.3500553000885187,,False,True,2.8966875,0.689527690410614,0.39692240953445435,0.7093706130981445,0.38708510994911194,0.977124035358429,0.08923365920782089,0.7830297350883484,0.017595402896404266,0.15786370635032654,0.1051800400018692,0.15978585183620453,0.18404048681259155,0.9988511800765991,0.0005283411010168493
fusion_calibration,cal_c,split_internal_mix,mix::LibriSpeech::GTZAN_genre_7,True,0.0,0.0,0.0,1.0,1.0,0.18566584650382523,0.03413685852272426,0.3371948344849262,True,True,33.3101875,0.7290158271789551,0.08797582238912582,0.7362424731254578,0.0848340317606926,0.9485080242156982,0.7406189441680908,0.3032046854496002,0.796811580657959,0.025852087885141373,0.1537478268146515,0.02729526348412037,0.21204708516597748,0.953650176525116,0.07367623597383499
fusion_calibration,cal_a,gtzan_real_v2,GTZAN_genre_8,False,0.0,0.0,0.0,0.0,1.0,0.17362493875351348,0.06890077066021133,0.27834910684681563,True,True,30.013375,0.7061206102371216,0.0023222221061587334,0.7087894082069397,0.0023654024116694927,0.8396866917610168,0.9978418350219727,0.06757864356040955,0.6671199202537537,0.49617618322372437,0.1345767229795456,0.4883626699447632,0.14380061626434326,0.3609652519226074,0.3812596797943115
fusion_calibration,cal_a,gtzan_real_v2,GTZAN_genre_9,False,0.0,0.0,0.0,0.0,1.0,0.4201554630120139,0.33178017138049004,0.5085307546435378,True,True,30.013375,0.7676902413368225,1.735684236336965e-05,0.7375343441963196,1.6164012777153403e-05,0.29859742522239685,0.9999718070030212,0.15153369307518005,0.8026261329650879,0.5420077443122864,0.0011568708578124642,0.5574630498886108,0.00126527133397758,0.0047538550570607185,0.9899849891662598
fusion_calibration,cal_a,split_internal_mix,mix::R::GTZAN_genre_2,True,0.0,0.0,0.0,1.0,1.0,0.14900970652429088,0.25038577319292443,0.04763363985565733,True,True,37.238375,0.7100915908813477,0.22078947722911835,0.714130699634552,0.22138281166553497,0.7390912175178528,0.7395739555358887,0.28713276982307434,0.5903847813606262,0.3877675533294678,0.11010657250881195,0.3941850960254669,0.14466136693954468,0.3145192861557007,0.5503283739089966
fusion_calibration,cal_b,asvspoof2019,A01,False,1.0,1.0,0.0,1.0,0.0,0.9997598498607652,0.9997598498607652,,False,True,2.1046875,0.7056982517242432,0.4917975068092346,0.7264716625213623,0.48994070291519165,0.9850073456764221,0.04587247222661972,0.687533438205719,0.045316144824028015,0.8070156574249268,0.11180806159973145,0.8041516542434692,0.20196577906608582,0.9992708563804626,0.00029549896134994924
fusion_calibration,cal_b,split_internal_mix,mix::A01::AudioLDM2,True,1.0,1.0,1.0,1.0,1.0,0.9469113255257979,0.9987963085139281,0.8950263425376679,True,True,8.1524375,0.6986076235771179,0.9790995121002197,0.7126233577728271,0.9793883562088013,0.965704083442688,0.8900282382965088,0.4184403419494629,0.03484950214624405,0.8090462684631348,0.43479448556900024,0.7979407906532288,0.5678500533103943,0.7868183851242065,0.006427648942917585
fusion_calibration,cal_a,split_internal_mix,mix::WF1::GTZAN_genre_1,True,1.0,1.0,0.0,1.0,1.0,0.32193514032051607,0.26223139967734016,0.38163888096369203,True,True,31.598125,0.679477870464325,0.0015506630297750235,0.6862651705741882,0.0014858231879770756,0.8554821610450745,0.9910996556282043,0.2813582122325897,0.7115254402160645,0.1541690230369568,0.15548275411128998,0.15545634925365448,0.20501001179218292,0.4294199049472809,0.13951383531093597
fusion_calibration,cal_c,split_internal_mix,mix::WF3::AudioLDM2,True,1.0,1.0,1.0,1.0,1.0,0.9676557505471073,0.9943001831855034,0.9410113179087113,True,True,8.31275,0.7592310905456543,0.9191871881484985,0.7623962163925171,0.9200577735900879,0.9092195630073547,0.8265476822853088,0.5306947231292725,0.6277391910552979,0.8774067163467407,0.18999600410461426,0.8764136433601379,0.21304549276828766,0.6405324935913086,0.3073095977306366
fusion_calibration,cal_b,split_internal_mix,mix::A01::MusicGen,True,1.0,1.0,1.0,1.0,1.0,0.999622609406644,0.999622609406644,,False,True,5.2260625,0.7589225769042969,0.8041739463806152,0.7610793709754944,0.8062283992767334,0.8571041822433472,0.6600751280784607,0.48523303866386414,0.19597572088241577,0.8741950392723083,0.2375178039073944,0.8717103600502014,0.255424439907074,0.8147518038749695,0.27997153997421265
fusion_calibration,cal_a,split_internal_mix,mix::WF2::AudioLDM2,True,1.0,1.0,1.0,1.0,1.0,0.9921222310311906,0.9965002377690538,0.9877442242933273,True,True,11.571375,0.7603397369384766,0.46315085887908936,0.766674280166626,0.46916550397872925,0.9651288986206055,0.12183511257171631,0.8057339191436768,0.02508869767189026,0.7900963425636292,0.13379749655723572,0.7944921255111694,0.18279442191123962,0.9902175068855286,0.019587811082601547
fusion_calibration,cal_c,wavefake_ajay,WF3,False,1.0,1.0,0.0,1.0,0.0,0.9987310797681705,0.9987310797681705,,False,True,2.438125,0.7118615508079529,0.42974042892456055,0.7282790541648865,0.42251521348953247,0.9858548045158386,0.08329123258590698,0.8747887015342712,0.030569421127438545,0.710226833820343,0.1092115044593811,0.7122424840927124,0.18451453745365143,0.9980512857437134,0.0008575136889703572
fusion_calibration,cal_c,wavefake_ajay,WF1,False,1.0,1.0,0.0,1.0,0.0,0.9997043576836324,0.9997043576836324,,False,True,2.809625,0.7243805527687073,0.5013386607170105,0.7366253137588501,0.5040010809898376,0.9828650951385498,0.07347506284713745,0.79596346616745,0.028288327157497406,0.7644948959350586,0.1348184049129486,0.7683798670768738,0.20987403392791748,0.9962087869644165,0.0023123028222471476
fusion_calibration,cal_b,wavefake_ajay,WF7,False,1.0,1.0,0.0,1.0,0.0,0.997784796493579,0.9979476720200933,0.9976219209670647,True,True,9.485375,0.7966194748878479,0.5190245509147644,0.8003354072570801,0.5335128307342529,0.9814167022705078,0.0922599732875824,0.8325267434120178,0.032545700669288635,0.7584326863288879,0.14715635776519775,0.7667679190635681,0.20126372575759888,0.9989897608757019,0.013507407158613205
fusion_calibration,cal_c,split_internal_mix,mix::WF2::GTZAN_genre_6,True,1.0,1.0,0.0,1.0,1.0,0.7990078308559295,0.9986555737934121,0.599360087918447,True,True,34.028875,0.7124598622322083,0.29692062735557556,0.7133549451828003,0.305536150932312,0.6970135569572449,0.7010504603385925,0.2871307134628296,0.5752812027931213,0.6687455773353577,0.0910412073135376,0.67741459608078,0.1180286556482315,0.33725622296333313,0.4882439374923706
fusion_calibration,cal_a,split_internal_mix,mix::WF5::GTZAN_genre_3,True,1.0,1.0,0.0,1.0,1.0,0.32730717135733556,0.3737429786827272,0.28087136403194385,True,True,36.25725,0.7200080156326294,1.8989818499903777e-06,0.6927443742752075,1.7907999563249177e-06,0.392861008644104,0.9999954104423523,0.01950308494269848,0.859071671962738,0.41118407249450684,0.0029932172037661076,0.42299777269363403,0.0032367990352213383,0.016126682981848717,0.9726252555847168
fusion_calibration,cal_a,split_internal_mix,mix::WF7::GTZAN_genre_0,True,1.0,1.0,0.0,1.0,1.0,0.2648268318414092,0.250147010137925,0.2795066535448934,True,True,30.013375,0.6904951333999634,4.201515548629686e-05,0.6707503795623779,4.015089507447556e-05,0.4561727046966553,0.9999182224273682,0.20944535732269287,0.8027483820915222,0.46174290776252747,0.006684173364192247,0.4748958945274353,0.007031130604445934,0.013113434426486492,0.9381296038627625
fusion_calibration,cal_c,split_internal_mix,mix::WF6::GTZAN_genre_6,True,1.0,1.0,0.0,1.0,1.0,0.995783100185949,0.9994487390605018,0.9921174613113961,True,True,39.326125,0.7120072841644287,0.2404557317495346,0.7139394879341125,0.24503391981124878,0.8074924945831299,0.691942036151886,0.3561820685863495,0.5950424671173096,0.37227335572242737,0.12286099791526794,0.3782273232936859,0.15972201526165009,0.6178333759307861,0.11784855276346207
fusion_calibration,cal_c,split_internal_mix,mix::WF4::AudioLDM2,True,1.0,1.0,1.0,1.0,1.0,0.868445952065177,0.7446953024964029,0.9921966016339511,True,True,12.3208125,0.7468246221542358,0.9769349098205566,0.7525031566619873,0.9771727323532104,0.8503035306930542,0.9499448537826538,0.28290361166000366,0.01753198727965355,0.6778531074523926,0.942496657371521,0.67401123046875,0.946613073348999,0.2919761836528778,0.6747737526893616
fusion_calibration,cal_c,split_internal_mix,mix::LibriSpeech::GTZAN_genre_0,True,0.0,0.0,0.0,1.0,1.0,0.2168704243862115,0.15623780083881283,0.2775030479336102,True,True,33.213375,0.6582491397857666,7.322138912968512e-07,0.6558828353881836,6.906353178237623e-07,0.5738246440887451,0.9999988079071045,0.016392044723033905,0.8404425978660583,0.4131685793399811,0.025771457701921463,0.4279654622077942,0.026707857847213745,0.0041506048291921616,0.6977753043174744
fusion_calibration,cal_b,fake_music_generated,AudioLDM2,False,1.0,0.0,1.0,0.0,1.0,0.790226879951847,0.790226879951847,,False,True,4.437625,0.7296854853630066,0.9998924732208252,0.7158522605895996,0.9998831748962402,0.5479837656021118,0.9999295473098755,0.014156438410282135,0.03057975135743618,0.6412892937660217,0.9997386336326599,0.638687014579773,0.9997624754905701,0.013821110129356384,0.9767526984214783
fusion_calibration,cal_b,librispeech_dev,LibriSpeech,False,0.0,0.0,0.0,1.0,0.0,0.019079065739706736,0.019079065739706736,,False,True,4.8250625,0.7712637186050415,0.6845914125442505,0.776508629322052,0.6945531964302063,0.9614644646644592,0.1468471735715866,0.7689918875694275,0.03542907163500786,0.020640531554818153,0.46639829874038696,0.022005973383784294,0.5685102343559265,0.998878538608551,0.02030222862958908
fusion_calibration,cal_a,split_internal_mix,mix::WF2::GTZAN_genre_0,True,1.0,1.0,0.0,1.0,1.0,0.42209632318907137,0.4365577334273429,0.40763491295079984,True,True,36.8355625,0.6593051552772522,1.0706378361646784e-06,0.6549168825149536,1.006706725092954e-06,0.588670015335083,0.9999966621398926,0.027842968702316284,0.8117392659187317,0.23985502123832703,0.020111484453082085,0.24793332815170288,0.020775653421878815,0.016296984627842903,0.813046932220459
fusion_calibration,cal_c,librispeech_dev,LibriSpeech,False,0.0,0.0,0.0,1.0,0.0,0.024619287573651057,0.024619287573651057,,False,True,3.31,0.7134764790534973,0.5218426585197449,0.7282626032829285,0.5274770855903625,0.979653000831604,0.06556503474712372,0.8864991068840027,0.016558781266212463,0.14670909941196442,0.10153679549694061,0.14997170865535736,0.17129503190517426,0.9986143112182617,0.0009936927817761898
fusion_calibration,cal_a,gtzan_real_v2,GTZAN_genre_4,False,0.0,0.0,0.0,0.0,1.0,0.07198486789573158,0.05904800005464142,0.08492173573682175,True,True,30.013375,0.7118291854858398,0.0016451728297397494,0.71117103099823,0.0015899137360975146,0.713336706161499,0.992976188659668,0.05340331792831421,0.8716446757316589,0.2952185273170471,0.02480129711329937,0.2929965853691101,0.0272007305175066,0.3289405405521393,0.5841218829154968
fusion_calibration,cal_a,gtzan_real_v2,GTZAN_genre_8,False,0.0,0.0,0.0,0.0,1.0,0.35769960285011193,0.3187503279350277,0.3966488777651961,True,True,30.013375,0.68210768699646,1.73465050465893e-05,0.6810505390167236,1.670683741394896e-05,0.6324720978736877,0.9999697804450989,0.021635450422763824,0.885204017162323,0.2780914902687073,0.0885811448097229,0.2903071343898773,0.08906770497560501,0.010526705533266068,0.7937830090522766
fusion_calibration,cal_b,split_internal_mix,mix::WF6::GTZAN_genre_8,True,1.0,1.0,0.0,1.0,1.0,0.3447072493330783,0.1350504856187225,0.5543640130474341,True,True,30.0001875,0.6728215217590332,1.844949110818561e-05,0.658711850643158,1.7735250366968103e-05,0.495187908411026,0.9999865889549255,0.026677444577217102,0.8629780411720276,0.30197542905807495,0.24841979146003723,0.3167961835861206,0.24236756563186646,0.0016966182738542557,0.8529645800590515
fusion_calibration,cal_b,gtzan_real_v2,GTZAN_genre_9,False,0.0,0.0,0.0,0.0,1.0,0.47199471639879514,0.33518040286699413,0.6088090299305962,True,True,30.013375,0.6827806234359741,8.476306447846582e-07,0.6723847985267639,7.994014481482736e-07,0.5387933254241943,0.9999983310699463,0.06633426994085312,0.8731886744499207,0.48271411657333374,0.03607429936528206,0.49894261360168457,0.03607471287250519,0.004212669562548399,0.8502936363220215
fusion_calibration,cal_a,split_internal_mix,mix::R::AudioLDM2,True,1.0,0.0,1.0,1.0,1.0,0.7437182985693502,0.9766364739618929,0.5108001231768077,True,True,12.0176875,0.7190936803817749,0.996262788772583,0.720026433467865,0.9962458610534668,0.6916271448135376,0.9894773960113525,0.22917230427265167,0.0495738759636879,0.7229417562484741,0.9853342175483704,0.7216644287109375,0.9889192581176758,0.34435105323791504,0.5744637846946716
fusion_calibration,cal_c,split_internal_mix,mix::WF5::GTZAN_genre_3,True,1.0,1.0,0.0,1.0,1.0,0.9157333180729981,0.9995164861152973,0.8319501500306988,True,True,39.49875,0.7338706851005554,0.28575393557548523,0.7350678443908691,0.2941555678844452,0.7254626154899597,0.6929711699485779,0.29189011454582214,0.5787115693092346,0.5962372422218323,0.0881124958395958,0.5970277786254883,0.12049876153469086,0.4598056375980377,0.5873556137084961
fusion_calibration,cal_a,split_internal_mix,mix::R::AudioLDM2,True,1.0,0.0,1.0,1.0,1.0,0.549609408907947,0.9360597136231704,0.1631591041927236,True,True,11.8745625,0.7530516982078552,0.9966800212860107,0.7634619474411011,0.9967180490493774,0.8640143871307373,0.9961451292037964,0.27091360092163086,0.06819947063922882,0.8836427330970764,0.958635687828064,0.8802696466445923,0.9652712941169739,0.32278627157211304,0.6255947351455688
fusion_calibration,cal_b,split_internal_mix,mix::LibriSpeech::GTZAN_genre_3,True,0.0,0.0,0.0,1.0,1.0,0.26532586547046055,0.2591362895732132,0.27151544136770794,True,True,30.0001875,0.733949601650238,1.4109780295257224e-06,0.7055766582489014,1.328294047198142e-06,0.36541447043418884,0.9999964833259583,0.02097918651998043,0.8365192413330078,0.4927341639995575,0.0014151185750961304,0.5022111535072327,0.0015690725995227695,0.015751969069242477,0.9848182797431946
fusion_calibration,cal_b,fake_music_generated,AudioLDM2,False,1.0,0.0,1.0,0.0,1.0,0.9676312092230785,0.9676312092230785,,False,True,5.07875,0.7381001710891724,0.9994206428527832,0.7267312407493591,0.9993979930877686,0.5774931907653809,0.9994593262672424,0.01117376796901226,0.007693801540881395,0.6995841264724731,0.9997950196266174,0.7099467515945435,0.9998130202293396,0.007031487300992012,0.9800357222557068
fusion_calibration,cal_a,split_internal_mix,mix::WF1::GTZAN_genre_8,True,1.0,1.0,0.0,1.0,1.0,0.9635885388099531,0.9992422914323056,0.9279347861876006,True,True,36.2524375,0.7285560369491577,0.2462782859802246,0.7335989475250244,0.25068730115890503,0.9483875632286072,0.6967179179191589,0.27595585584640503,0.5846773982048035,0.36553478240966797,0.2022448182106018,0.36907079815864563,0.26369738578796387,0.8907193541526794,0.028012847527861595
fusion_calibration,cal_a,gtzan_real_v2,GTZAN_genre_8,False,0.0,0.0,0.0,0.0,1.0,0.16867892978849247,0.15413645452034472,0.1832214050566402,True,True,30.0001875,0.696833610534668,2.415831113466993e-05,0.6865392923355103,2.3035010599414818e-05,0.520681619644165,0.999947726726532,0.021986888721585274,0.8290281295776367,0.528679609298706,0.08371645957231522,0.5496466159820557,0.08242794871330261,0.012820035219192505,0.8802927136421204
fusion_calibration,cal_c,split_internal_mix,mix::WF3::GTZAN_genre_8,True,1.0,1.0,0.0,1.0,1.0,0.30778597132777524,0.5667453599294775,0.048826582726073035,True,True,30.013375,0.6951258182525635,4.890975105809048e-05,0.6980922222137451,4.7561632527504116e-05,0.8543393015861511,0.9999385476112366,0.040524791926145554,0.8781124949455261,0.029401719570159912,0.06692811101675034,0.03207334131002426,0.07649827003479004,0.06117694452404976,0.4632754623889923
fusion_calibration,cal_a,split_internal_mix,mix::WF5::AudioLDM2,True,1.0,1.0,1.0,1.0,1.0,0.9980097136254862,0.9980097136254862,,False,True,4.8065625,0.7351855039596558,0.9211394786834717,0.7408719062805176,0.9233489036560059,0.9515396356582642,0.7351586222648621,0.49646228551864624,0.4505835175514221,0.7632493376731873,0.11535599827766418,0.7645308971405029,0.14811377227306366,0.825767457485199,0.07072112709283829
fusion_calibration,cal_a,split_internal_mix,mix::R::AudioLDM2,True,1.0,0.0,1.0,1.0,1.0,0.5785406369632632,0.6529837288708344,0.5040975450556919,True,True,11.778875,0.7483239769935608,0.5764498710632324,0.7564433813095093,0.5863121747970581,0.9429398775100708,0.10173201560974121,0.8097857236862183,0.02848268672823906,0.80110764503479,0.1692279577255249,0.8026087284088135,0.21744394302368164,0.9804050922393799,0.04072970896959305
fusion_calibration,cal_b,asvspoof2019,A01,False,1.0,1.0,0.0,1.0,0.0,0.9995309245730776,0.9995309245730776,,False,True,1.5824375,0.6679871678352356,0.4789780080318451,0.6878829002380371,0.47143056988716125,0.9676845669746399,0.03560026362538338,0.7943861484527588,0.031303517520427704,0.8340405225753784,0.1133570447564125,0.8306096196174622,0.19696196913719177,0.9991090893745422,0.0004706282925326377
fusion_calibration,cal_b,fake_music_generated,AudioLDM2,False,1.0,0.0,1.0,0.0,1.0,0.9074922956052257,0.9074922956052257,,False,True,4.7318125,0.7300906181335449,0.99996018409729,0.7159868478775024,0.9999561309814453,0.5467219948768616,0.9999775886535645,0.016243144869804382,0.02847130037844181,0.6305909156799316,0.9995443224906921,0.6400932669639587,0.9995781779289246,0.009854824282228947,0.9664766192436218
fusion_calibration,cal_b,split_internal_mix,mix::bonafide::AudioLDM2,True,1.0,0.0,1.0,1.0,1.0,0.47856154170141796,0.9334128532552728,0.02371023014756316,True,True,8.985625,0.7432976365089417,0.9997369050979614,0.7473291158676147,0.9997206926345825,0.7291009426116943,0.9997963905334473,0.018389791250228882,0.020459484308958054,0.6204714775085449,0.9987735748291016,0.6262364387512207,0.9988193511962891,0.01911052130162716,0.9631195664405823
fusion_calibration,cal_b,librispeech_dev,LibriSpeech,False,0.0,0.0,0.0,1.0,0.0,0.03896026694950163,0.03896026694950163,,False,True,2.155,0.6500571370124817,0.4383198320865631,0.6691639423370361,0.4253442883491516,0.9682573676109314,0.046753957867622375,0.8488395810127258,0.03044607862830162,0.14657732844352722,0.1268261820077896,0.14950552582740784,0.21417410671710968,0.9992951154708862,0.0005537389079108834
fusion_calibration,cal_b,wavefake_ajay,WF3,False,1.0,1.0,0.0,1.0,0.0,0.9883355130877477,0.9800356521575736,0.9966353740179218,True,True,7.082125,0.7953251004219055,0.5690370798110962,0.7998992800712585,0.5826153755187988,0.980861485004425,0.1010093167424202,0.8044955730438232,0.04040178656578064,0.7115598917007446,0.20514802634716034,0.7169977426528931,0.2663804292678833,0.9953818917274475,0.023524759337306023
fusion_calibration,cal_b,gtzan_real_v2,GTZAN_genre_7,False,0.0,0.0,0.0,0.0,1.0,0.7436063949589868,0.6281494155922028,0.859063374325771,True,True,30.0001875,0.7064745426177979,0.00047496851766481996,0.6878056526184082,0.0004628621391020715,0.5507929921150208,0.9994807839393616,0.03204268217086792,0.825328528881073,0.5102460980415344,0.04653795063495636,0.5184242725372314,0.057230547070503235,0.2043629139661789,0.6786108613014221
fusion_calibration,cal_c,split_internal_mix,mix::WF3::GTZAN_genre_8,True,1.0,1.0,0.0,1.0,1.0,0.9818895408531996,0.9881887149463482,0.975590366760051,True,True,30.013375,0.7062681317329407,0.01561433169990778,0.7072225213050842,0.015550725162029266,0.8479166626930237,0.9447765350341797,0.5006567239761353,0.7696563601493835,0.13030408322811127,0.0676787793636322,0.12993532419204712,0.07985585182905197,0.5639050006866455,0.2929232120513916
fusion_calibration,cal_c,split_internal_mix,mix::WF2::AudioLDM2,True,1.0,1.0,1.0,1.0,1.0,0.9600119849124386,0.9484613235712326,0.9715626462536445,True,True,12.9720625,0.7407439947128296,0.9995554685592651,0.7452259063720703,0.9995360970497131,0.7434462308883667,0.9995566010475159,0.2642744183540344,0.022146236151456833,0.6140300035476685,0.9972211122512817,0.6126444339752197,0.9973181486129761,0.05226897820830345,0.9165320992469788
fusion_calibration,cal_b,split_internal_mix,mix::WF3::AudioLDM2,True,1.0,1.0,1.0,1.0,1.0,0.9501501136944264,0.9987415137489902,0.9015587136398626,True,True,12.330125,0.7436335682868958,0.581121563911438,0.7513598203659058,0.5834914445877075,0.980690598487854,0.2474672496318817,0.7606922388076782,0.05487310513854027,0.5791637301445007,0.1672472059726715,0.5795267820358276,0.230764701962471,0.9811115264892578,0.011761421337723732
fusion_calibration,cal_c,fake_music_generated,AudioLDM2,False,1.0,0.0,1.0,0.0,1.0,0.9432062877071503,0.9432062877071503,,False,True,5.9868125,0.7368093132972717,0.9999102354049683,0.7241436243057251,0.9999022483825684,0.5499858260154724,0.9999443292617798,0.013090236112475395,0.026708681136369705,0.7950012683868408,0.9995110034942627,0.8048153519630432,0.9995425939559937,0.015610972419381142,0.9677460789680481
fusion_calibration,cal_b,split_internal_mix,mix::LibriSpeech::GTZAN_genre_3,True,0.0,0.0,0.0,1.0,1.0,0.04837910707920196,0.034990151316090214,0.06176806284231371,True,True,30.0001875,0.7211097478866577,0.0037103090435266495,0.7246496081352234,0.003556135343387723,0.9491764903068542,0.9832237362861633,0.326707124710083,0.8669455647468567,0.004769458901137114,0.2276473045349121,0.005149947479367256,0.28898659348487854,0.9906428456306458,0.04448096826672554
fusion_calibration,cal_c,fake_music_generated,AudioLDM2,False,1.0,0.0,1.0,0.0,1.0,0.9422765379056317,0.9422765379056317,,False,True,4.1818125,0.7313178181648254,0.9998171925544739,0.7160376906394958,0.9998044371604919,0.5066872835159302,0.9998853206634521,0.011617159470915794,0.04261225089430809,0.8505978584289551,0.9979181885719299,0.8582126498222351,0.9980610013008118,0.060424190014600754,0.8611561059951782
fusion_calibration,cal_b,split_internal_mix,mix::LibriSpeech::AudioLDM2,True,1.0,0.0,1.0,1.0,1.0,0.07532192034636782,0.07532192034636782,,False,True,7.0114375,0.7006464004516602,0.9673956632614136,0.7089898586273193,0.9675993323326111,0.8685430884361267,0.9192222356796265,0.33357298374176025,0.055821001529693604,0.05865456536412239,0.4525139629840851,0.05947360396385193,0.5238170027732849,0.8076714873313904,0.05398538336157799
fusion_calibration,cal_c,gtzan_real_v2,GTZAN_genre_7,False,0.0,0.0,0.0,0.0,1.0,0.700643029087419,0.8632528878199045,0.5380331703549335,True,True,30.0001875,0.7692522406578064,7.447136795235565e-06,0.7377892732620239,6.989735538809327e-06,0.29335281252861023,0.9999821782112122,0.02246118150651455,0.7778798937797546,0.4987359344959259,0.0013607973232865334,0.5129241943359375,0.0014937539817765355,0.01094950083643198,0.9874024391174316
fusion_calibration,cal_c,gtzan_real_v2,GTZAN_genre_6,False,0.0,0.0,0.0,0.0,1.0,0.8659723511742925,0.9364872479569907,0.7954574543915944,True,True,30.0001875,0.7690306305885315,1.8699012116485392e-06,0.7370188236236572,1.7222682799911126e-06,0.285060316324234,0.9999966025352478,0.029978161677718163,0.8962728977203369,0.5565087795257568,0.00044641015119850636,0.569831907749176,0.0004931424045935273,0.0040203179232776165,0.995288074016571
fusion_calibration,cal_c,gtzan_real_v2,GTZAN_genre_0,False,0.0,0.0,0.0,0.0,1.0,0.4687583064393127,0.6831088248366161,0.2544077880420093,True,True,30.013375,0.6961815357208252,3.6193971482134657e-06,0.6818988919258118,3.469057901384076e-06,0.4855308532714844,0.9999935626983643,0.0335492305457592,0.8697495460510254,0.4328867793083191,0.027012482285499573,0.44815772771835327,0.027126871049404144,0.005225721281021833,0.9052571654319763
fusion_calibration,cal_b,asvspoof2019,A02,False,1.0,1.0,0.0,1.0,0.0,0.999588689147896,0.999588689147896,,False,True,5.617125,0.7896298766136169,0.5132013559341431,0.7918127179145813,0.5262847542762756,0.9503406286239624,0.055707331746816635,0.5930051207542419,0.05196509510278702,0.830466628074646,0.2750668227672577,0.8363800048828125,0.36455708742141724,0.9995068311691284,0.009488455019891262
fusion_calibration,cal_a,split_internal_mix,mix::WF5::AudioLDM2,True,1.0,1.0,1.0,1.0,1.0,0.922015168870705,0.9689656412073584,0.8750646965340517,True,True,10.2525,0.7734589576721191,0.48244088888168335,0.7818315029144287,0.4878615438938141,0.9901659488677979,0.15016168355941772,0.8171712160110474,0.025877442210912704,0.5952216982841492,0.16898281872272491,0.6031100153923035,0.24472478032112122,0.9979474544525146,0.00431187404319644
fusion_calibration,cal_b,split_internal_mix,mix::LibriSpeech::GTZAN_genre_5,True,0.0,0.0,0.0,1.0,1.0,0.7259113558622097,0.9080840356431253,0.5437386760812941,True,True,30.589625,0.6928949356079102,0.00011153396917507052,0.67930006980896,0.00010905043745879084,0.5055641531944275,0.9997729659080505,0.15776100754737854,0.6624729633331299,0.3598083257675171,0.15366974472999573,0.36423617601394653,0.15254533290863037,0.020883599296212196,0.7507996559143066
fusion_calibration,cal_b,asvspoof2019,A01,False,1.0,1.0,0.0,1.0,0.0,0.9998369455683481,0.9998369455683481,,False,True,2.8900625,0.7748274803161621,0.5857458710670471,0.786656379699707,0.5969711542129517,0.9897822141647339,0.05177615210413933,0.8257578611373901,0.02766047604382038,0.8233693242073059,0.16636858880519867,0.8259604573249817,0.2682230472564697,0.999716579914093,0.00097132712835446
fusion_calibration,cal_a,split_internal_mix,mix::R::GTZAN_genre_7,True,0.0,0.0,0.0,1.0,1.0,0.5924616628342476,0.4796984224278613,0.705224903240634,True,True,37.7751875,0.712105929851532,1.0465711056895088e-05,0.6867277026176453,9.84803591563832e-06,0.41461703181266785,0.9999875426292419,0.043801795691251755,0.824805736541748,0.4612855613231659,0.00420108437538147,0.47305911779403687,0.004524977877736092,0.014150950126349926,0.9588307738304138
fusion_calibration,cal_c,split_internal_mix,mix::R::GTZAN_genre_3,True,0.0,0.0,0.0,1.0,1.0,0.5883843571232676,0.4288065953166995,0.7479621189298359,True,True,38.8354375,0.6779471635818481,4.57454334537033e-05,0.6655700206756592,4.4514265027828515e-05,0.505005419254303,0.9999130368232727,0.023373454809188843,0.8608739972114563,0.45695728063583374,0.012537042610347271,0.4671894311904907,0.01286458782851696,0.008445960469543934,0.9234013557434082
fusion_calibration,cal_a,split_internal_mix,mix::WF4::AudioLDM2,True,1.0,1.0,1.0,1.0,1.0,0.808129866890158,0.6171498332700023,0.9991099005103138,True,True,10.56475,0.7554591298103333,0.9986996650695801,0.7626329660415649,0.9986976385116577,0.8560866117477417,0.9976732730865479,0.1736321598291397,0.03672682121396065,0.8387637138366699,0.971328854560852,0.8387179374694824,0.9741429686546326,0.19522447884082794,0.719825267791748
fusion_calibration,cal_c,split_internal_mix,mix::WF3::GTZAN_genre_8,True,1.0,1.0,0.0,1.0,1.0,0.1410503262469187,0.0923028022538723,0.18979785023996512,True,True,32.9515,0.6905046105384827,1.362854709441308e-05,0.6790117621421814,1.2904045433970168e-05,0.5190668702125549,0.9999639391899109,0.01954788714647293,0.8813838362693787,0.4640849828720093,0.07168535143136978,0.48467952013015747,0.07206746935844421,0.003340277587994933,0.8970270156860352
fusion_calibration,cal_a,split_internal_mix,mix::R::AudioLDM2,True,1.0,0.0,1.0,1.0,1.0,0.5354204873619366,0.7005457661654841,0.37029520855838893,True,True,8.622,0.7420793771743774,0.7667252421379089,0.7493040561676025,0.7669538259506226,0.8769283890724182,0.6348451972007751,0.5839692950248718,0.08556432276964188,0.7873985767364502,0.5609076023101807,0.7836897969245911,0.5838267207145691,0.49035999178886414,0.4207470417022705
fusion_calibration,cal_b,gtzan_real_v2,GTZAN_genre_1,False,0.0,0.0,0.0,0.0,1.0,0.3071247511452677,0.38287673844835196,0.23137276384218353,True,True,30.013375,0.6614983081817627,1.8529505041442462e-08,0.6576420068740845,1.736574439803462e-08,0.5944104194641113,1.0,0.022124378010630608,0.7384384274482727,0.14552654325962067,0.06800757348537445,0.1565336138010025,0.07047829031944275,0.00042976695112884045,0.8949184417724609
fusion_calibration,cal_c,librispeech_dev,LibriSpeech,False,0.0,0.0,0.0,1.0,0.0,0.022550378307996593,0.03209118174896398,0.013009574867029208,True,True,10.095,0.7767853140830994,0.5490928888320923,0.7801965475082397,0.5629943013191223,0.978000283241272,0.10254112631082535,0.8115969300270081,0.02756793610751629,0.18907791376113892,0.1331895887851715,0.1976233720779419,0.19208237528800964,0.9997652173042297,0.005383191164582968
fusion_calibration,cal_c,gtzan_real_v2,GTZAN_genre_6,False,0.0,0.0,0.0,0.0,1.0,0.329302759975045,0.380988271098073,0.27761724885201705,True,True,30.0001875,0.7182908058166504,0.00012750628229696304,0.6919045448303223,0.00012127410445827991,0.40430107712745667,0.9997704029083252,0.03843075782060623,0.857734203338623,0.5275217294692993,0.0020669614896178246,0.5382871627807617,0.00226512155495584,0.018329372629523277,0.9780738949775696
fusion_calibration,cal_b,split_internal_mix,mix::LibriSpeech::GTZAN_genre_2,True,0.0,0.0,0.0,1.0,1.0,0.07853832819561228,0.02423306783355988,0.13284358855766468,True,True,33.748375,0.704629123210907,0.0892888605594635,0.7113847732543945,0.08478667587041855,0.9430386424064636,0.7424597144126892,0.3544999659061432,0.5583012700080872,0.016218535602092743,0.16715672612190247,0.017260119318962097,0.20844045281410217,0.866236686706543,0.05433904007077217
fusion_calibration,cal_b,split_internal_mix,mix::LibriSpeech::GTZAN_genre_3,True,0.0,0.0,0.0,1.0,1.0,0.09128236213115547,0.02907680405389044,0.1534879202084205,True,True,33.9489375,0.7326833009719849,0.1489449292421341,0.737916111946106,0.14487025141716003,0.95253586769104,0.7035514712333679,0.28289899230003357,0.6068307757377625,0.013627632521092892,0.19700729846954346,0.014369829557836056,0.24315118789672852,0.9630282521247864,0.05127840116620064
fusion_calibration,cal_c,gtzan_real_v2,GTZAN_genre_3,False,0.0,0.0,0.0,0.0,1.0,0.8318594675359736,0.819507137366616,0.8442117977053312,True,True,30.2911875,0.7337646484375,1.36852941068355e-06,0.7053345441818237,1.261948000319535e-06,0.35376444458961487,0.9999960064888,0.026401422917842865,0.8124111294746399,0.5503661632537842,0.0025393227115273476,0.5646956562995911,0.002708450425416231,0.010801661759614944,0.9831203818321228
fusion_calibration,cal_b,wavefake_ajay,WF1,False,1.0,1.0,0.0,1.0,0.0,0.9996608652425808,0.9996608652425808,,False,True,5.154875,0.7886290550231934,0.5102781057357788,0.7932296991348267,0.5204492807388306,0.977351188659668,0.12666188180446625,0.7617419958114624,0.027927331626415253,0.753233790397644,0.1710359901189804,0.7592853903770447,0.2226361781358719,0.9946164488792419,0.029134521260857582
fusion_calibration,cal_c,split_internal_mix,mix::LibriSpeech::MusicGen,True,1.0,0.0,1.0,1.0,1.0,0.5875581526021917,0.8961040654099717,0.27901223979441164,True,True,11.5291875,0.7468916177749634,0.9998586177825928,0.752869725227356,0.9998494386672974,0.7486673593521118,0.9998975992202759,0.01362019032239914,0.013503873720765114,0.8541821241378784,0.9985046982765198,0.8534895181655884,0.9986214637756348,0.03758452460169792,0.9372462630271912
fusion_calibration,cal_b,fake_music_generated,AudioLDM2,False,1.0,0.0,1.0,0.0,1.0,0.8692198384263586,0.8692198384263586,,False,True,5.6514375,0.7444499731063843,0.9995735287666321,0.733524739742279,0.9995526671409607,0.5862447619438171,0.9996337890625,0.007382132112979889,0.007127952761948109,0.6688581109046936,0.9998445510864258,0.6808785796165466,0.9998586177825928,0.004907028283923864,0.9848091006278992
fusion_calibration,cal_a,split_internal_mix,mix::R::GTZAN_genre_2,True,0.0,0.0,0.0,1.0,1.0,0.0691497790823456,0.05748295708692698,0.08081660107776423,True,True,30.013375,0.7451879978179932,0.03160141408443451,0.7481400966644287,0.03236104175448418,0.960570752620697,0.9416839480400085,0.5472182035446167,0.8156531453132629,0.029145967215299606,0.20626959204673767,0.029706338420510292,0.264450341463089,0.9694976210594177,0.062381312251091
fusion_calibration,cal_b,split_internal_mix,mix::A01::GTZAN_genre_0,True,1.0,1.0,0.0,1.0,1.0,0.3298972446830602,0.3623729308831386,0.2974215584829818,True,True,31.021375,0.7527642250061035,8.84432616032882e-09,0.7222427129745483,8.06269540021276e-09,0.31123027205467224,1.0,0.022323692217469215,0.807142972946167,0.5128164887428284,0.003428117837756872,0.5278091430664062,0.003497831989079714,0.006274562329053879,0.9899537563323975
fusion_calibration,cal_a,split_internal_mix,mix::WF7::GTZAN_genre_8,True,1.0,1.0,0.0,1.0,1.0,0.19241434373843913,0.2980682024021986,0.08676048507467965,True,True,32.376,0.6838561296463013,0.0003858337877318263,0.6733092069625854,0.0003695474297273904,0.5363295674324036,0.9982123374938965,0.022131478413939476,0.8813663125038147,0.5446032881736755,0.014916472136974335,0.543307363986969,0.015450485982000828,0.1259165108203888,0.7788012623786926
fusion_calibration,cal_b,split_internal_mix,mix::bonafide::AudioLDM2,True,1.0,0.0,1.0,1.0,1.0,0.38983674730184786,0.38983674730184786,,False,True,4.437625,0.6940891742706299,0.9948508143424988,0.701560914516449,0.994786262512207,0.9047044515609741,0.9959120750427246,0.33366113901138306,0.06117591634392738,0.03877850994467735,0.6124616265296936,0.039342496544122696,0.6675933599472046,0.3882295787334442,0.12154705822467804
fusion_calibration,cal_b,split_internal_mix,mix::bonafide::AudioLDM2,True,1.0,0.0,1.0,1.0,1.0,0.49239273775174675,0.027052893699847074,0.9577325818036464,True,True,9.63375,0.734500527381897,0.5425556302070618,0.7456555366516113,0.5388755798339844,0.975104570388794,0.2442965805530548,0.5927655100822449,0.04380926862359047,0.07883487641811371,0.1691420078277588,0.08198896050453186,0.2487795352935791,0.9989418983459473,0.0039007733575999737
fusion_calibration,cal_b,split_internal_mix,mix::LibriSpeech::GTZAN_genre_6,True,0.0,0.0,0.0,1.0,1.0,0.3699533578192169,0.3390233483358516,0.40088336730258217,True,True,30.0001875,0.7330470085144043,0.00010871029371628538,0.7031059861183167,0.00010281124559696764,0.3562966287136078,0.9998453259468079,0.019778022542595863,0.7851879596710205,0.5095442533493042,0.0005697233136743307,0.5218887329101562,0.0006490477826446295,0.011714906431734562,0.9920535683631897
fusion_calibration,cal_b,asvspoof2019,bonafide,False,0.0,0.0,0.0,1.0,0.0,0.03529664844362399,0.03529664844362399,,False,True,4.5601875,0.7629662156105042,0.48277345299720764,0.7672109603881836,0.49313193559646606,0.9464384913444519,0.0897662490606308,0.7220974564552307,0.017496731132268906,0.11334725469350815,0.1195441335439682,0.11909887194633484,0.16741108894348145,0.9995604157447815,0.010936337523162365
fusion_calibration,cal_b,split_internal_mix,mix::LibriSpeech::MusicGen,True,1.0,0.0,1.0,1.0,1.0,0.4183149315794835,0.032875996233176885,0.8037538669257901,True,True,8.02525,0.7498199939727783,0.9486926794052124,0.7579104900360107,0.9487584829330444,0.9282206296920776,0.8873730897903442,0.5830772519111633,0.05154600739479065,0.09680704772472382,0.5983694195747375,0.09643979370594025,0.6478434205055237,0.8031507730484009,0.17212900519371033
fusion_calibration,cal_c,split_internal_mix,mix::WF5::AudioLDM2,True,1.0,1.0,1.0,1.0,1.0,0.9504134252017782,0.9013445756842899,0.9994822747192663,True,True,10.50625,0.7716143727302551,0.7782770395278931,0.7779494524002075,0.7858885526657104,0.9209336042404175,0.5500437617301941,0.49708229303359985,0.04258140176534653,0.8139890432357788,0.5779834389686584,0.8170764446258545,0.6122564077377319,0.5082535743713379,0.4213428497314453
fusion_calibration,cal_c,split_internal_mix,mix::LibriSpeech::GTZAN_genre_8,True,0.0,0.0,0.0,1.0,1.0,0.049603958205042535,0.0947243465050839,0.00448356990500117,True,True,38.238375,0.6946730613708496,0.022056670859456062,0.7004911303520203,0.021837105974555016,0.9139106869697571,0.9512354731559753,0.024267038330435753,0.8166049122810364,0.003779866499826312,0.09812925010919571,0.004370016977190971,0.13446831703186035,0.898277759552002,0.11498408764600754
fusion_calibration,cal_c,split_internal_mix,mix::WF3::GTZAN_genre_8,True,1.0,1.0,0.0,1.0,1.0,0.9939411795159221,0.998764316179983,0.9891180428518611,True,True,38.826125,0.7545666694641113,0.258765310049057,0.7597161531448364,0.26490360498428345,0.9652466177940369,0.7091002464294434,0.2971644997596741,0.5705225467681885,0.32166627049446106,0.1810479611158371,0.3258872330188751,0.23807696998119354,0.9332912564277649,0.024346977472305298
fusion_calibration,cal_c,gtzan_real_v2,GTZAN_genre_6,False,0.0,0.0,0.0,0.0,1.0,0.7457912281726019,0.9737973607707291,0.5177850955744747,True,True,30.0001875,0.6817991137504578,5.052846609032713e-05,0.6641817092895508,4.837786400457844e-05,0.4634030759334564,0.9999103546142578,0.026872172951698303,0.9040136337280273,0.44723254442214966,0.0033680095802992582,0.4585088789463043,0.0036807493306696415,0.015056386590003967,0.9645867347717285
fusion_calibration,cal_a,split_internal_mix,mix::R::GTZAN_genre_8,True,0.0,0.0,0.0,1.0,1.0,0.24519217139295063,0.09793475910542847,0.3924495836804728,True,True,31.832125,0.7092231512069702,0.017753588035702705,0.7074915170669556,0.017870675772428513,0.6717484593391418,0.9243693351745605,0.23912222683429718,0.8149178624153137,0.4720531105995178,0.08966472744941711,0.48223018646240234,0.09687414765357971,0.23989684879779816,0.6491720080375671
fusion_calibration,cal_c,gtzan_real_v2,GTZAN_genre_9,False,0.0,0.0,0.0,0.0,1.0,0.2833312015834757,0.20280610604770277,0.3638562971192486,True,True,30.013375,0.7000529766082764,5.30313457147713e-07,0.6765973567962646,4.939842028761632e-07,0.41328856348991394,0.9999993443489075,0.023509303107857704,0.8231198191642761,0.4684213399887085,0.00590674439445138,0.48254477977752686,0.0060803936794400215,0.007194744423031807,0.9735811352729797
fusion_calibration,cal_a,split_internal_mix,mix::R::AudioLDM2,True,1.0,0.0,1.0,1.0,1.0,0.1804946393376009,0.1644903625984874,0.19649891607671444,True,True,7.275,0.739529550075531,0.611701488494873,0.7479959726333618,0.618915319442749,0.9637425541877747,0.7678209543228149,0.7235032916069031,0.6728453636169434,0.16399551928043365,0.13667984306812286,0.16631340980529785,0.17609283328056335,0.6165184378623962,0.06668271869421005
fusion_calibration,cal_b,split_internal_mix,mix::WF5::GTZAN_genre_4,True,1.0,1.0,0.0,1.0,1.0,0.9982195150190806,0.9985844714389045,0.9978545585992566,True,True,39.5699375,0.7386483550071716,0.24667787551879883,0.7422438859939575,0.25234898924827576,0.9279054999351501,0.7047171592712402,0.3111381530761719,0.5980079770088196,0.3942756950855255,0.13087737560272217,0.39838171005249023,0.17154957354068756,0.6537896394729614,0.11422883719205856
fusion_calibration,cal_c,split_internal_mix,mix::WF7::GTZAN_genre_9,True,1.0,1.0,0.0,1.0,1.0,0.5592019034429764,0.9992828917064068,0.11912091517954589,True,True,33.323,0.7045872211456299,0.1227385401725769,0.707457959651947,0.12011680006980896,0.8019478917121887,0.7427753806114197,0.26804763078689575,0.7863497138023376,0.3431509733200073,0.0934019535779953,0.344943642616272,0.12264224141836166,0.3462037742137909,0.3471364676952362
fusion_calibration,cal_a,split_internal_mix,mix::R::AudioLDM2,True,1.0,0.0,1.0,1.0,1.0,0.5797151214173567,0.908038906997857,0.2513913358368564,True,True,11.9439375,0.7249327898025513,0.9946603178977966,0.7359509468078613,0.9947420358657837,0.8698810338973999,0.9938244819641113,0.22368401288986206,0.013416910544037819,0.49439698457717896,0.9676686525344849,0.4879457354545593,0.9729031920433044,0.06504274904727936,0.6768999099731445
fusion_calibration,cal_c,split_internal_mix,mix::LibriSpeech::AudioLDM2,True,1.0,0.0,1.0,1.0,1.0,0.44691362037448557,0.8693113097497503,0.024515930999220812,True,True,13.951625,0.7347575426101685,0.9892054796218872,0.7445350885391235,0.9892293810844421,0.8645394444465637,0.975456714630127,0.16806793212890625,0.015163585543632507,0.3922315537929535,0.9411976337432861,0.3887764811515808,0.9557037949562073,0.30727383494377136,0.5402386784553528
fusion_calibration,cal_a,split_internal_mix,mix::R::MusicGen,True,1.0,0.0,1.0,1.0,1.0,0.7279765736517578,0.9798304458393866,0.47612270146412905,True,True,11.8585625,0.7366834282875061,0.9993637800216675,0.7318521738052368,0.9993408918380737,0.643128514289856,0.9994055032730103,0.15091891586780548,0.025011837482452393,0.8121521472930908,0.9967931509017944,0.816169798374176,0.996977686882019,0.04761698469519615,0.8819758892059326
fusion_calibration,cal_b,librispeech_dev,LibriSpeech,False,0.0,0.0,0.0,1.0,0.0,0.00959139150835848,0.00959139150835848,,False,True,5.245,0.744960606098175,0.4228713810443878,0.751936674118042,0.42430737614631653,0.9502355456352234,0.10717327892780304,0.833484411239624,0.029200872406363487,0.055974081158638,0.07501091063022614,0.05928798019886017,0.10840682685375214,0.998327910900116,0.013078815303742886
fusion_calibration,cal_b,split_internal_mix,mix::A01::AudioLDM2,True,1.0,1.0,1.0,1.0,1.0,0.9573130808533679,0.9573130808533679,,False,True,5.2290625,0.7301967144012451,0.999927282333374,0.7144017815589905,0.9999204874038696,0.5231443047523499,0.9999520778656006,0.05063684657216072,0.08189620822668076,0.653771698474884,0.9993842840194702,0.6552725434303284,0.9994263648986816,0.019348876550793648,0.960024893283844
fusion_calibration,cal_a,fake_music_generated,AudioLDM2,False,1.0,0.0,1.0,0.0,1.0,0.9315426460036638,0.9315426460036638,,False,True,4.6605625,0.7398800849914551,0.999958872795105,0.7286525368690491,0.9999548196792603,0.5879896283149719,0.9999778270721436,0.018394991755485535,0.016994085162878036,0.5707806348800659,0.9995290040969849,0.5855532884597778,0.999563992023468,0.006786170415580273,0.9676405787467957
fusion_calibration,cal_b,split_internal_mix,mix::A01::AudioLDM2,True,1.0,1.0,1.0,1.0,1.0,0.9146580465097244,0.9146580465097244,,False,True,7.08675,0.7381467223167419,0.9994420409202576,0.7373366355895996,0.9994195699691772,0.6744486689567566,0.999563992023468,0.014401416294276714,0.009777429513633251,0.6886019110679626,0.9995180368423462,0.6992695331573486,0.999549925327301,0.0043913437984883785,0.9752561450004578
fusion_calibration,cal_a,wavefake_ajay,WF5,False,1.0,1.0,0.0,1.0,0.0,0.9802186367740094,0.9802186367740094,,False,True,6.7570625,0.7938345670700073,0.47742265462875366,0.7988758087158203,0.48614346981048584,0.9863817691802979,0.11070138216018677,0.8366503119468689,0.023277007043361664,0.7777290940284729,0.15770289301872253,0.7849612832069397,0.2227928787469864,0.9990876913070679,0.0068622468970716
fusion_calibration,cal_c,split_internal_mix,mix::LibriSpeech::MusicGen,True,1.0,0.0,1.0,1.0,1.0,0.4441538672152389,0.027378450494676295,0.8609292839358016,True,True,14.452,0.7469620704650879,0.7989750504493713,0.7541134357452393,0.8070011138916016,0.8779904842376709,0.5463885068893433,0.4170350432395935,0.029544953256845474,0.4852159023284912,0.5790335536003113,0.4917043447494507,0.6159382462501526,0.5032978057861328,0.4793950617313385
fusion_calibration,cal_c,split_internal_mix,mix::R::GTZAN_genre_0,True,0.0,0.0,0.0,1.0,1.0,0.09175594577576572,0.12688768906259498,0.05662420248893645,True,True,30.013375,0.7275152206420898,0.002664585132151842,0.7287511825561523,0.0026134178042411804,0.9131609797477722,0.9936385154724121,0.5242847800254822,0.8301764130592346,0.02629886195063591,0.10440687835216522,0.027306105941534042,0.12008063495159149,0.7201230525970459,0.27538082003593445
fusion_calibration,cal_b,librispeech_dev,LibriSpeech,False,0.0,0.0,0.0,1.0,0.0,0.020136212177516138,0.020136212177516138,,False,True,3.985,0.7404460906982422,0.49503082036972046,0.7479487061500549,0.501722514629364,0.9783254861831665,0.0994209349155426,0.813681960105896,0.027840498834848404,0.03200097009539604,0.14662130177021027,0.034579649567604065,0.21985983848571777,0.999733030796051,0.0029702403116971254
fusion_calibration,cal_b,wavefake_ajay,WF1,False,1.0,1.0,0.0,1.0,0.0,0.9995365836617337,0.9995365836617337,,False,True,3.204375,0.7675202488899231,0.5063856244087219,0.7766565084457397,0.5139820575714111,0.9865263104438782,0.08354271948337555,0.8604095578193665,0.01832365058362484,0.6791343688964844,0.1446194052696228,0.6864896416664124,0.2119186818599701,0.9983084201812744,0.004723742138594389
fusion_calibration,cal_b,librispeech_dev,LibriSpeech,False,0.0,0.0,0.0,1.0,0.0,0.019095477261754663,0.019095477261754663,,False,True,3.835,0.7142558097839355,0.2748168408870697,0.7275617718696594,0.26750364899635315,0.9230126738548279,0.13318075239658356,0.8609944581985474,0.011226549744606018,0.08796046674251556,0.059637073427438736,0.09112057089805603,0.09191334992647171,0.9981495141983032,0.007091252598911524
fusion_calibration,cal_b,split_internal_mix,mix::bonafide::AudioLDM2,True,1.0,0.0,1.0,1.0,1.0,0.4726788387427939,0.8936157008555022,0.05174197663008566,True,True,8.808125,0.7184704542160034,0.9998385906219482,0.7254928946495056,0.9998281002044678,0.7837567329406738,0.9999167919158936,0.015982134267687798,0.026017606258392334,0.45426446199417114,0.9963658452033997,0.4502781331539154,0.9966437816619873,0.011797363869845867,0.9169278144836426
fusion_calibration,cal_b,librispeech_dev,LibriSpeech,False,0.0,0.0,0.0,1.0,0.0,0.0214647013175198,0.0214647013175198,,False,True,2.945,0.6734796762466431,0.4308953285217285,0.6929277181625366,0.42244666814804077,0.973783552646637,0.07334601879119873,0.8089808225631714,0.016118943691253662,0.05859655141830444,0.13264760375022888,0.061417706310749054,0.2226552814245224,0.999148964881897,0.0007242591818794608
fusion_calibration,cal_c,wavefake_ajay,WF5,False,1.0,1.0,0.0,1.0,0.0,0.9977007817772429,0.9994747399417897,0.995926823612696,True,True,8.4985625,0.7992304563522339,0.5419036149978638,0.8032535314559937,0.5572344660758972,0.9827449917793274,0.09125790745019913,0.8085217475891113,0.03487122431397438,0.8673434257507324,0.155899316072464,0.870986819267273,0.21426713466644287,0.9983839392662048,0.012227105908095837
fusion_calibration,cal_c,split_internal_mix,mix::WF2::GTZAN_genre_6,True,1.0,1.0,0.0,1.0,1.0,0.9974320681302592,0.9987298448846026,0.9961342913759158,True,True,37.493125,0.7549539804458618,0.2458769977092743,0.7562218904495239,0.2510235607624054,0.9064126014709473,0.7018005847930908,0.30993977189064026,0.6036664843559265,0.3388374447822571,0.21689748764038086,0.34475699067115784,0.24322021007537842,0.9842386245727539,0.10101892799139023
fusion_calibration,cal_c,split_internal_mix,mix::WF2::AudioLDM2,True,1.0,1.0,1.0,1.0,1.0,0.9979089700602191,0.9988160195131507,0.9970019206072873,True,True,12.476125,0.7937076687812805,0.5317578315734863,0.7966779470443726,0.5468378067016602,0.9763846397399902,0.09223305433988571,0.8297853469848633,0.030555354431271553,0.8439666628837585,0.14671698212623596,0.8504056930541992,0.19938859343528748,0.9987865686416626,0.014927554875612259
fusion_calibration,cal_b,librispeech_dev,LibriSpeech,False,0.0,0.0,0.0,1.0,0.0,0.013234480178556171,0.013234480178556171,,False,True,5.685,0.7668200731277466,0.3608451783657074,0.7737972736358643,0.3569067120552063,0.9733753204345703,0.09534148871898651,0.7974796891212463,0.024179328233003616,0.04009462520480156,0.08430534601211548,0.04285162687301636,0.12768077850341797,0.9991762042045593,0.004706714767962694
fusion_calibration,cal_b,librispeech_dev,LibriSpeech,False,0.0,0.0,0.0,1.0,0.0,0.029521630372193488,0.029521630372193488,,False,True,5.265,0.7375440001487732,0.2620271146297455,0.7473766803741455,0.254180908203125,0.9505072832107544,0.12436088174581528,0.8000822067260742,0.05894770100712776,0.046173617243766785,0.051812704652547836,0.048280488699674606,0.07830366492271423,0.9982544779777527,0.010951077565550804
fusion_calibration,cal_c,librispeech_dev,LibriSpeech,False,0.0,0.0,0.0,1.0,0.0,0.010045848531635565,0.010045848531635565,,False,True,3.29,0.7484460473060608,0.3651256263256073,0.7582328915596008,0.3564167618751526,0.986900269985199,0.07997232675552368,0.8894446492195129,0.01473788172006607,0.15495799481868744,0.10120190680027008,0.15926912426948547,0.16215980052947998,0.9993025064468384,0.0016577832866460085
fusion_calibration,cal_a,split_internal_mix,mix::R::GTZAN_genre_1,True,0.0,0.0,0.0,1.0,1.0,0.2758372215932756,0.17656698692349285,0.3751074562630584,True,True,30.013375,0.6825279593467712,0.007730454672127962,0.6847864389419556,0.0078502232208848,0.7694840431213379,0.985484778881073,0.27126094698905945,0.6523067355155945,0.08352619409561157,0.07063817977905273,0.08601534366607666,0.08141493797302246,0.2069864124059677,0.5252915620803833
fusion_calibration,cal_b,librispeech_dev,LibriSpeech,False,0.0,0.0,0.0,1.0,0.0,0.05866241017879544,0.05866241017879544,,False,True,2.865,0.699772834777832,0.40801969170570374,0.7165310382843018,0.3987712562084198,0.9770888686180115,0.05680593103170395,0.7305351495742798,0.030780896544456482,0.13268929719924927,0.07960505038499832,0.13654200732707977,0.13880790770053864,0.9994267225265503,0.000638580706436187
fusion_calibration,cal_c,split_internal_mix,mix::WF1::AudioLDM2,True,1.0,1.0,1.0,1.0,1.0,0.9946289294005582,0.9935318464130659,0.9957260123880506,True,True,12.5409375,0.8007539510726929,0.43708178400993347,0.8049252033233643,0.4432632327079773,0.990327000617981,0.1329428106546402,0.7977179884910583,0.040968604385852814,0.7743642330169678,0.14043010771274567,0.7834422588348389,0.1966506838798523,0.9989290237426758,0.008255427703261375
fusion_calibration,cal_a,split_internal_mix,mix::WF4::AudioLDM2,True,1.0,1.0,1.0,1.0,1.0,0.9787500864925608,0.9787500864925608,,False,True,5.1665,0.7806385159492493,0.975790798664093,0.7847161889076233,0.9760980606079102,0.9661792516708374,0.9780053496360779,0.3515612781047821,0.2463446855545044,0.7385216951370239,0.36912211775779724,0.7270632386207581,0.4140247404575348,0.22692279517650604,0.19015327095985413
fusion_calibration,cal_b,split_internal_mix,mix::LibriSpeech::AudioLDM2,True,1.0,0.0,1.0,1.0,1.0,0.48190885585726423,0.8840875382828355,0.07973017343169293,True,True,11.935625,0.7154417037963867,0.9999127984046936,0.7116668820381165,0.9999060034751892,0.6152807474136353,0.9999358057975769,0.013151897117495537,0.026663288474082947,0.5848352313041687,0.9992232322692871,0.5870765447616577,0.9993563890457153,0.019099459052085876,0.8852320909500122
fusion_calibration,cal_c,librispeech_dev,LibriSpeech,False,0.0,0.0,0.0,1.0,0.0,0.017465622900780027,0.017465622900780027,,False,True,5.865,0.7616298794746399,0.27537211775779724,0.7708456516265869,0.2704455554485321,0.9799600839614868,0.10480543971061707,0.7990038990974426,0.028863657265901566,0.06559755653142929,0.09909722954034805,0.06815382093191147,0.14955347776412964,0.9985241293907166,0.004539575893431902
fusion_calibration,cal_b,split_internal_mix,mix::LibriSpeech::GTZAN_genre_2,True,0.0,0.0,0.0,1.0,1.0,0.2902136930483417,0.017162237426784053,0.5632651486698994,True,True,34.883375,0.6950495839118958,0.186822310090065,0.6985265612602234,0.185828298330307,0.8584126830101013,0.7354790568351746,0.26227006316185,0.5840559601783752,0.07374957203865051,0.11667254567146301,0.07699621468782425,0.1650562435388565,0.4561515748500824,0.25558212399482727
fusion_calibration,cal_c,gtzan_real_v2,GTZAN_genre_9,False,0.0,0.0,0.0,0.0,1.0,0.48725793717253585,0.5140436606385902,0.46047221370648145,True,True,30.013375,0.7256666421890259,6.073371991988097e-07,0.6996369361877441,5.655288646266854e-07,0.3876328766345978,0.9999988675117493,0.02635871432721615,0.8424645066261292,0.538446843624115,0.0066994959488511086,0.5549407005310059,0.006882449612021446,0.0072125643491744995,0.9645290970802307
fusion_calibration,cal_c,split_internal_mix,mix::WF7::GTZAN_genre_9,True,1.0,1.0,0.0,1.0,1.0,0.31348665192263503,0.37521770437745483,0.2517555994678153,True,True,30.013375,0.707650899887085,4.757288024848094e-06,0.6831940412521362,4.461564003577223e-06,0.40022218227386475,0.9999926686286926,0.036863092333078384,0.8415969014167786,0.4797549843788147,0.0033850097097456455,0.49243631958961487,0.003614140674471855,0.012160743586719036,0.9754531979560852
fusion_calibration,cal_a,split_internal_mix,mix::WF7::GTZAN_genre_8,True,1.0,1.0,0.0,1.0,1.0,0.39634496728826796,0.21421387174739412,0.5784760628291418,True,True,34.7386875,0.7204282879829407,0.004382896237075329,0.7206610441207886,0.004384052008390427,0.6815531253814697,0.9920459389686584,0.23165839910507202,0.6429591178894043,0.6044003367424011,0.09640917181968689,0.5996461510658264,0.0974225178360939,0.3483492136001587,0.6780328154563904
fusion_calibration,cal_b,split_internal_mix,mix::LibriSpeech::GTZAN_genre_3,True,0.0,0.0,0.0,1.0,1.0,0.23294993188216234,0.10305219240453371,0.36284767135979096,True,True,32.4701875,0.7353016138076782,0.0072109028697013855,0.7385575771331787,0.0070615895092487335,0.9166791439056396,0.9692789912223816,0.2898246943950653,0.8380529284477234,0.005987541750073433,0.16881319880485535,0.0066687557846307755,0.2104017287492752,0.5500357151031494,0.2551076114177704
fusion_calibration,cal_b,split_internal_mix,mix::LibriSpeech::AudioLDM2,True,1.0,0.0,1.0,1.0,1.0,0.027553651571201057,0.029961477533689444,0.02514582560871267,True,True,11.168875,0.7412011027336121,0.6034512519836426,0.747737467288971,0.6180585622787476,0.9376852512359619,0.10306689143180847,0.8035823106765747,0.021653316915035248,0.05928290635347366,0.1934376060962677,0.06305210292339325,0.2667158246040344,0.9993083477020264,0.00955274235457182
fusion_calibration,cal_b,split_internal_mix,mix::A01::GTZAN_genre_9,True,1.0,1.0,0.0,1.0,1.0,0.6465138951369398,0.9966193221881126,0.29640846808576704,True,True,31.8879375,0.6957128643989563,0.0175947193056345,0.6985739469528198,0.017607679590582848,0.7919813990592957,0.962888240814209,0.1791895031929016,0.783863365650177,0.1059444397687912,0.1246451735496521,0.10886920988559723,0.1552264392375946,0.4180898666381836,0.3151201009750366
fusion_calibration,cal_a,split_internal_mix,mix::WF5::AudioLDM2,True,1.0,1.0,1.0,1.0,1.0,0.9502751886807929,0.901679538712797,0.9988708386487887,True,True,10.542875,0.7460377216339111,0.9987731575965881,0.7559674978256226,0.9987652897834778,0.8560637831687927,0.9984896183013916,0.19296975433826447,0.03964276611804962,0.8258472681045532,0.9765258431434631,0.8237545490264893,0.9798604249954224,0.10914313793182373,0.7351778745651245
fusion_calibration,cal_b,split_internal_mix,mix::LibriSpeech::AudioLDM2,True,1.0,0.0,1.0,1.0,1.0,0.4846306452226758,0.936052728195107,0.03320856225024464,True,True,7.4550625,0.745966374874115,0.999743640422821,0.7524970173835754,0.9997280240058899,0.7592618465423584,0.9998562335968018,0.011419695802032948,0.027233758941292763,0.9041152000427246,0.9926450252532959,0.9043781161308289,0.9928499460220337,0.0628599002957344,0.896515429019928
fusion_calibration,cal_c,split_internal_mix,mix::WF4::AudioLDM2,True,1.0,1.0,1.0,1.0,1.0,0.9957985072700213,0.992049258510399,0.9995477560296434,True,True,16.044,0.7709096670150757,0.7619065046310425,0.7766726016998291,0.7692220211029053,0.9318019151687622,0.5378767251968384,0.5035343766212463,0.04099319130182266,0.901549220085144,0.5441469550132751,0.901909351348877,0.5684237480163574,0.7379066944122314,0.3108830153942108
fusion_calibration,cal_c,split_internal_mix,mix::WF6::AudioLDM2,True,1.0,1.0,1.0,1.0,1.0,0.9923858314246199,0.9983355952615522,0.9864360675876876,True,True,11.981375,0.7848877906799316,0.4884684085845947,0.7920474410057068,0.497065007686615,0.9898360967636108,0.1423618197441101,0.8305178880691528,0.028748411685228348,0.5776795744895935,0.16454792022705078,0.585262656211853,0.22900137305259705,0.9965426921844482,0.009257568046450615
fusion_calibration,cal_c,split_internal_mix,mix::LibriSpeech::AudioLDM2,True,1.0,0.0,1.0,1.0,1.0,0.49135702996150465,0.9286784220503619,0.05403563787264737,True,True,8.9415,0.7327126264572144,0.9997777938842773,0.7264020442962646,0.9997636675834656,0.6089308261871338,0.9998640418052673,0.010683668777346611,0.09894400089979172,0.885938286781311,0.9966166615486145,0.8906244039535522,0.9967384338378906,0.06403708457946777,0.8717074394226074
fusion_calibration,cal_b,fake_music_generated,AudioLDM2,False,1.0,0.0,1.0,0.0,1.0,0.8458235819457425,0.8458235819457425,,False,True,4.296625,0.7298707962036133,0.9999172687530518,0.7182973027229309,0.9999099969863892,0.5758349895477295,0.9999549388885498,0.011103457771241665,0.025860294699668884,0.6488015651702881,0.9996035695075989,0.6452153325080872,0.9996371269226074,0.010928850620985031,0.968917965888977
fusion_calibration,cal_a,gtzan_real_v2,GTZAN_genre_7,False,0.0,0.0,0.0,0.0,1.0,0.8426481572321807,0.9042383275606072,0.7810579869037542,True,True,30.0001875,0.7161343097686768,0.0001189135218737647,0.690759539604187,0.00011377360351616517,0.4342121183872223,0.9997493624687195,0.030966510996222496,0.6979796290397644,0.547770619392395,0.02692687325179577,0.562423586845398,0.02704077959060669,0.021735822781920433,0.8918304443359375
fusion_calibration,cal_b,split_internal_mix,mix::A01::AudioLDM2,True,1.0,1.0,1.0,1.0,1.0,0.9698960500680877,0.9698960500680877,,False,True,5.4545,0.7248813509941101,0.9997898936271667,0.7088058590888977,0.9997739195823669,0.515547513961792,0.9998652935028076,0.3402605950832367,0.060514505952596664,0.6289441585540771,0.998210072517395,0.629670262336731,0.9982386827468872,0.020786311477422714,0.92814040184021
fusion_calibration,cal_b,split_internal_mix,mix::bonafide::GTZAN_genre_9,True,0.0,0.0,0.0,1.0,1.0,0.6427278630218041,0.7739206613065926,0.5115350647370155,True,True,33.0100625,0.7316592931747437,8.21053527033655e-06,0.7051335573196411,7.732641279289965e-06,0.3695657253265381,0.9999821782112122,0.05169649049639702,0.8803744316101074,0.4688003361225128,0.0017234762199223042,0.4812924265861511,0.0019185717683285475,0.013030712492763996,0.9766581654548645
fusion_calibration,cal_c,fake_music_generated,AudioLDM2,False,1.0,0.0,1.0,0.0,1.0,0.9484040291794367,0.9484040291794367,,False,True,5.8665,0.7276586294174194,0.9997506737709045,0.7142640352249146,0.9997345805168152,0.5275874733924866,0.9998397827148438,0.011657191440463066,0.10356049239635468,0.8599569201469421,0.9974849224090576,0.8665955662727356,0.9976240992546082,0.0643623098731041,0.8587536811828613
fusion_calibration,cal_b,split_internal_mix,mix::WF7::AudioLDM2,True,1.0,1.0,1.0,1.0,1.0,0.947394980322591,0.947394980322591,,False,True,6.305,0.7362779378890991,0.999805748462677,0.7409937381744385,0.9997932314872742,0.7932168841362,0.9998931884765625,0.2794272005558014,0.03612930700182915,0.6638600826263428,0.9924956560134888,0.6587646007537842,0.9925367832183838,0.01551893912255764,0.9166129231452942
fusion_calibration,cal_a,fake_music_generated,AudioLDM2,False,1.0,0.0,1.0,0.0,1.0,0.8638589754391712,0.8638589754391712,,False,True,5.129875,0.7415802478790283,0.9999357461929321,0.7284321784973145,0.9999297857284546,0.5617848038673401,0.9999629259109497,0.011115129105746746,0.022504165768623352,0.651443600654602,0.9998940229415894,0.6575820446014404,0.9999066591262817,0.006518220994621515,0.9869411587715149
fusion_calibration,cal_b,asvspoof2019,bonafide,False,0.0,0.0,0.0,1.0,0.0,0.05291340624632594,0.05291340624632594,,False,True,3.4536875,0.6999088525772095,0.37064918875694275,0.7127931118011475,0.3609253764152527,0.9796826243400574,0.10609951615333557,0.7990477681159973,0.013365468941628933,0.20326301455497742,0.10996092855930328,0.2069869041442871,0.1835203468799591,0.9995617270469666,0.0008816456538625062
fusion_calibration,cal_b,librispeech_dev,LibriSpeech,False,0.0,0.0,0.0,1.0,0.0,0.052945125231756276,0.052945125231756276,,False,True,3.21,0.6927992701530457,0.27659666538238525,0.705108642578125,0.26161155104637146,0.968238890171051,0.0937732607126236,0.8705962896347046,0.014583723619580269,0.06363226473331451,0.09019283950328827,0.06663131713867188,0.14825774729251862,0.9990839958190918,0.0012160387123003602
fusion_calibration,cal_c,fake_music_generated,AudioLDM2,False,1.0,0.0,1.0,0.0,1.0,0.9638096072205045,0.9638096072205045,,False,True,4.36825,0.7320098876953125,0.9997501969337463,0.7185354232788086,0.9997348189353943,0.5324347019195557,0.9997286200523376,0.012078460305929184,0.021670278161764145,0.7101262211799622,0.9996654987335205,0.7188229560852051,0.9996941089630127,0.03755546361207962,0.9623945355415344
fusion_calibration,cal_b,librispeech_dev,LibriSpeech,False,0.0,0.0,0.0,1.0,0.0,0.013569193776563859,0.013569193776563859,,False,True,4.515,0.7468869090080261,0.2191324383020401,0.7540692090988159,0.21648119390010834,0.9511870741844177,0.2836175262928009,0.8157455325126648,0.028163636103272438,0.026149194687604904,0.06884079426527023,0.027389803901314735,0.09780654311180115,0.9960460066795349,0.024397285655140877
fusion_calibration,cal_a,split_internal_mix,mix::WF7::GTZAN_genre_9,True,1.0,1.0,0.0,1.0,1.0,0.33054146202572837,0.35181126270139873,0.309271661350058,True,True,36.4453125,0.7646826505661011,3.334865687065758e-05,0.7349129319190979,3.1198975193547085e-05,0.29918792843818665,0.9999491572380066,0.15778477489948273,0.8361027836799622,0.5389851331710815,0.01019551232457161,0.5547077655792236,0.010020074434578419,0.004511342849582434,0.9897449016571045
fusion_calibration,cal_b,fake_music_generated,AudioLDM2,False,1.0,0.0,1.0,0.0,1.0,0.9430696684383653,0.9430696684383653,,False,True,5.6350625,0.7260652780532837,0.9996985197067261,0.7127198576927185,0.9996798038482666,0.5196918845176697,0.9997982382774353,0.010036442428827286,0.025140784680843353,0.8563233613967896,0.9970802664756775,0.8632146120071411,0.9972272515296936,0.058321427553892136,0.849990725517273
fusion_calibration,cal_c,split_internal_mix,mix::WF1::AudioLDM2,True,1.0,1.0,1.0,1.0,1.0,0.9715693575426398,0.9988749736118325,0.9442637414734472,True,True,7.3249375,0.7269779443740845,0.7759924530982971,0.737581193447113,0.7780879139900208,0.9837407469749451,0.3453773558139801,0.6813905239105225,0.08642490208148956,0.6637799739837646,0.16609986126422882,0.6654190421104431,0.24101629853248596,0.9864235520362854,0.00468362495303154
fusion_calibration,cal_a,fake_music_generated,MusicGen,False,1.0,0.0,1.0,0.0,1.0,0.9547177308335579,0.9547177308335579,,False,True,5.0928125,0.7321599721908569,0.9998840093612671,0.721461832523346,0.9998747110366821,0.5679510235786438,0.9999321699142456,0.021287400275468826,0.0263403058052063,0.8028726577758789,0.999251663684845,0.8150507211685181,0.9992995262145996,0.010283189825713634,0.9560823440551758
fusion_calibration,cal_c,gtzan_real_v2,GTZAN_genre_5,False,0.0,0.0,0.0,0.0,1.0,0.4236428229625985,0.5840796526670118,0.26320599325818517,True,True,30.013375,0.6642314195632935,1.30350790641387e-05,0.6666440963745117,1.2379569852782879e-05,0.7417389750480652,0.999995231628418,0.018809860572218895,0.6389163136482239,0.016204411163926125,0.3392272889614105,0.01850123703479767,0.3398919999599457,0.029110364615917206,0.6930072903633118
fusion_calibration,cal_c,split_internal_mix,mix::LibriSpeech::MusicGen,True,1.0,0.0,1.0,1.0,1.0,0.3050495713827252,0.3050495713827252,,False,True,5.6123125,0.7376720905303955,0.991666853427887,0.7408193945884705,0.9917531609535217,0.7443141937255859,0.9885246157646179,0.5190216302871704,0.1567690074443817,0.5476228594779968,0.9623541235923767,0.5373102426528931,0.9604679346084595,0.24282485246658325,0.7540844678878784
fusion_calibration,cal_a,split_internal_mix,mix::WF7::GTZAN_genre_5,True,1.0,1.0,0.0,1.0,1.0,0.9481406419305929,0.944996948587173,0.9512843352740129,True,True,36.396,0.719346821308136,0.2595791816711426,0.721655011177063,0.2650665044784546,0.7228784561157227,0.707751452922821,0.279994398355484,0.4309827387332916,0.33268386125564575,0.8534166812896729,0.33802205324172974,0.8468928933143616,0.332437127828598,0.6006762981414795
fusion_calibration,cal_a,gtzan_real_v2,GTZAN_genre_9,False,0.0,0.0,0.0,0.0,1.0,0.04395508995159002,0.06059458865144818,0.02731559125173185,True,True,30.013375,0.6808850765228271,0.009890317916870117,0.6796845197677612,0.010157882235944271,0.6594104170799255,0.9896332621574402,0.16594822704792023,0.7849557995796204,0.20336872339248657,0.049218907952308655,0.2015472799539566,0.04993656650185585,0.2249762862920761,0.7167999148368835
fusion_calibration,cal_a,wavefake_ajay,WF5,False,1.0,1.0,0.0,1.0,0.0,0.9676518150389506,0.9805079578642643,0.9547956722136368,True,True,9.4505625,0.7720786333084106,0.4821041226387024,0.7774519920349121,0.49037668108940125,0.9763211011886597,0.12056758999824524,0.8097372055053711,0.028553852811455727,0.733051061630249,0.16647902131080627,0.7395179271697998,0.22514191269874573,0.9969062805175781,0.015099704265594482
fusion_calibration,cal_a,fake_music_generated,AudioLDM2,False,1.0,0.0,1.0,0.0,1.0,0.9087515226210539,0.9087515226210539,,False,True,5.2960625,0.7250711917877197,0.9992303848266602,0.7120454907417297,0.9991999268531799,0.547629177570343,0.9992515444755554,0.009595688432455063,0.012093672528862953,0.6672771573066711,0.9995902180671692,0.6695510149002075,0.9996215105056763,0.01175803504884243,0.9678094983100891
fusion_calibration,cal_b,split_internal_mix,mix::LibriSpeech::AudioLDM2,True,1.0,0.0,1.0,1.0,1.0,0.08181280538186,0.02319796979027813,0.14042764097344188,True,True,10.365625,0.7140054106712341,0.634884238243103,0.7242438197135925,0.6398758888244629,0.9775115251541138,0.15766549110412598,0.737969160079956,0.03949125483632088,0.09527121484279633,0.14271971583366394,0.09821407496929169,0.22202068567276,0.9995005130767822,0.0020509441383183002
fusion_calibration,cal_b,split_internal_mix,mix::A01::MusicGen,True,1.0,1.0,1.0,1.0,1.0,0.9936494104723752,0.9997125882836487,0.9875862326611018,True,True,9.858125,0.8194186687469482,0.5404720902442932,0.8233020305633545,0.5511700510978699,0.9904996156692505,0.10977073013782501,0.7588571310043335,0.030612127855420113,0.7318770885467529,0.2152312695980072,0.7384440898895264,0.2925634980201721,0.9989716410636902,0.009714445099234581
fusion_calibration,cal_c,split_internal_mix,mix::LibriSpeech::MusicGen,True,1.0,0.0,1.0,1.0,1.0,0.48222856725557756,0.9155318820324236,0.048925252478731425,True,True,12.6549375,0.7236799597740173,0.9996616840362549,0.7252933382987976,0.9996427297592163,0.7067691087722778,0.9997501373291016,0.1588369607925415,0.016465039923787117,0.3931431174278259,0.9963696002960205,0.396292120218277,0.9966782331466675,0.058617688715457916,0.8780518174171448
fusion_calibration,cal_a,split_internal_mix,mix::WF4::AudioLDM2,True,1.0,1.0,1.0,1.0,1.0,0.9988220487278042,0.9994399367242337,0.9982041607313747,True,True,13.3193125,0.785207211971283,0.4399908185005188,0.7898178696632385,0.4443513751029968,0.9820642471313477,0.1357412040233612,0.8100779056549072,0.03816840425133705,0.7948423624038696,0.14989247918128967,0.7999588251113892,0.200749009847641,0.9947284460067749,0.0211373008787632
fusion_calibration,cal_a,split_internal_mix,mix::R::AudioLDM2,True,1.0,0.0,1.0,1.0,1.0,0.12263651466175371,0.11404578536555761,0.13122724395794982,True,True,7.275,0.7309114336967468,0.8529302477836609,0.7378712892532349,0.8560062050819397,0.9444036483764648,0.9453928470611572,0.6030824780464172,0.48645007610321045,0.299228310585022,0.15620945394039154,0.29533225297927856,0.18836314976215363,0.1160636618733406,0.17083193361759186
fusion_calibration,cal_b,split_internal_mix,mix::LibriSpeech::MusicGen,True,1.0,0.0,1.0,1.0,1.0,0.5217281560080701,0.138908726060507,0.9045475859556332,True,True,8.5710625,0.659389853477478,0.8418862819671631,0.6796708106994629,0.8393102288246155,0.9756272435188293,0.5230611562728882,0.6271514892578125,0.07667908072471619,0.25928837060928345,0.14697745442390442,0.2565968632698059,0.24310103058815002,0.9902414083480835,0.0006443652091547847
fusion_calibration,cal_b,split_internal_mix,mix::LibriSpeech::GTZAN_genre_8,True,0.0,0.0,0.0,1.0,1.0,0.13600359758433084,0.1563447717055632,0.11566242346309845,True,True,32.7651875,0.7196245193481445,1.0789603038574569e-05,0.6941945552825928,1.0214568646915723e-05,0.38777467608451843,0.9999809265136719,0.049620483070611954,0.8837735652923584,0.46531981229782104,0.009174717590212822,0.47763389348983765,0.009424866177141666,0.012131638824939728,0.9612371921539307
fusion_calibration,cal_b,gtzan_real_v2,GTZAN_genre_9,False,0.0,0.0,0.0,0.0,1.0,0.3886444052997457,0.3267261315810266,0.4505626790184648,True,True,30.013375,0.7314858436584473,6.463785211963113e-06,0.7041586637496948,6.1097389334463514e-06,0.373889684677124,0.9999930262565613,0.01734202541410923,0.8355050086975098,0.5172461271286011,0.005349341314285994,0.5332790613174438,0.005644199438393116,0.010478134267032146,0.9730785489082336
fusion_calibration,cal_c,wavefake_ajay,WF5,False,1.0,1.0,0.0,1.0,0.0,0.9988043185035611,0.9988043185035611,,False,True,4.66725,0.8018105030059814,0.5174686312675476,0.8036254644393921,0.5308645963668823,0.9785512685775757,0.1351802945137024,0.7973917126655579,0.0301833339035511,0.8204963803291321,0.13024316728115082,0.8251402974128723,0.16725586354732513,0.9950940608978271,0.038238078355789185
fusion_calibration,cal_a,gtzan_real_v2,GTZAN_genre_3,False,0.0,0.0,0.0,0.0,1.0,0.550515707759891,0.6009596068244825,0.5000718086952994,True,True,30.013375,0.692824125289917,9.598286123946309e-05,0.673021674156189,9.20852689887397e-05,0.4471004903316498,0.9998113512992859,0.02360706962645054,0.848731517791748,0.4928354322910309,0.004590399097651243,0.5046501159667969,0.004929693415760994,0.026135727763175964,0.94255131483078
fusion_calibration,cal_b,librispeech_dev,LibriSpeech,False,0.0,0.0,0.0,1.0,0.0,0.05233137487857345,0.05233137487857345,,False,True,6.055,0.7420266270637512,0.6863646507263184,0.7486360669136047,0.6965308785438538,0.952080488204956,0.11426699906587601,0.7675855159759521,0.027657803148031235,0.056320272386074066,0.3979354798793793,0.059523556381464005,0.5053938031196594,0.9991738200187683,0.0145530691370368
fusion_calibration,cal_b,wavefake_ajay,WF7,False,1.0,1.0,0.0,1.0,0.0,0.9516348033269618,0.9516348033269618,,False,True,3.308875,0.7403963208198547,0.5122884511947632,0.7477796077728271,0.5211179256439209,0.960840106010437,0.07533140480518341,0.8689071536064148,0.01687031425535679,0.7541641592979431,0.18480615317821503,0.7584530115127563,0.24988549947738647,0.9949324727058411,0.013561790809035301
fusion_calibration,cal_a,fake_music_generated,AudioLDM2,False,1.0,0.0,1.0,0.0,1.0,0.9484401549216038,0.9484401549216038,,False,True,4.9144375,0.73203444480896,0.999796450138092,0.7203640937805176,0.999782145023346,0.5506941676139832,0.9998173117637634,0.014232068322598934,0.030446171760559082,0.7001660466194153,0.9995970129966736,0.7111388444900513,0.9996271133422852,0.027961617335677147,0.9638210535049438
fusion_calibration,cal_b,fake_music_generated,MusicGen,False,1.0,0.0,1.0,0.0,1.0,0.9414973623824542,0.9414973623824542,,False,True,4.4873125,0.732600212097168,0.9997461438179016,0.7175840735435486,0.9997305274009705,0.5198826193809509,0.9997097849845886,0.013605372980237007,0.020039457827806473,0.7398942112922668,0.9996333122253418,0.7474954128265381,0.9996657371520996,0.04611259698867798,0.9568157196044922
fusion_calibration,cal_b,split_internal_mix,mix::A01::MusicGen,True,1.0,1.0,1.0,1.0,1.0,0.9914647068570215,0.9914647068570215,,False,True,5.07025,0.7405418157577515,0.9993076324462891,0.7327938675880432,0.9992719292640686,0.6225244402885437,0.9993168115615845,0.2911246418952942,0.03924402594566345,0.8389661908149719,0.9978367686271667,0.834465503692627,0.9979200959205627,0.08484236150979996,0.9249671101570129
fusion_calibration,cal_c,split_internal_mix,mix::WF2::GTZAN_genre_8,True,1.0,1.0,0.0,1.0,1.0,0.5413909235450622,0.9985483749220622,0.08423347216806237,True,True,33.6391875,0.7304117679595947,0.26419878005981445,0.7341721057891846,0.2686152160167694,0.9523133635520935,0.7114308476448059,0.2698541581630707,0.5842235684394836,0.3239283561706543,0.1866140067577362,0.3273743689060211,0.24499748647212982,0.9472349286079407,0.02881387434899807
fusion_calibration,cal_a,split_internal_mix,mix::WF7::GTZAN_genre_9,True,1.0,1.0,0.0,1.0,1.0,0.9160435699155756,0.9449819517937629,0.8871051880373882,True,True,30.013375,0.655300498008728,0.008099320344626904,0.654524564743042,0.008122646249830723,0.6714272499084473,0.9867834448814392,0.47260987758636475,0.5225222110748291,0.10534584522247314,0.06575693935155869,0.10652787983417511,0.0701075866818428,0.502973735332489,0.39343127608299255
fusion_calibration,cal_a,split_internal_mix,mix::WF2::AudioLDM2,True,1.0,1.0,1.0,1.0,1.0,0.8652783041495313,0.9976357336347842,0.7329208746642785,True,True,9.93225,0.7265247106552124,0.49737945199012756,0.7340031266212463,0.5005056262016296,0.9775294065475464,0.06914756447076797,0.8310956954956055,0.015258273109793663,0.7667059898376465,0.1467541754245758,0.7694050073623657,0.2126699537038803,0.9975742101669312,0.005957148969173431
fusion_calibration,cal_b,fake_music_generated,AudioLDM2,False,1.0,0.0,1.0,0.0,1.0,0.9298918037044469,0.9298918037044469,,False,True,5.0108125,0.7299065589904785,0.9998973608016968,0.7175795435905457,0.9998883008956909,0.5658593773841858,0.9999366998672485,0.011510259471833706,0.029856719076633453,0.6677637100219727,0.9996232986450195,0.6657183766365051,0.9996562004089355,0.01403195969760418,0.97098708152771
fusion_calibration,cal_b,split_internal_mix,mix::LibriSpeech::GTZAN_genre_5,True,0.0,0.0,0.0,1.0,1.0,0.6576816712046538,0.6331327768260223,0.6822305655832852,True,True,33.223375,0.6859217882156372,4.661785715143196e-05,0.673278272151947,4.534828622126952e-05,0.542102575302124,0.9999291896820068,0.01594196818768978,0.6668078899383545,0.31103846430778503,0.22539401054382324,0.3239375948905945,0.2186034619808197,0.012989434413611889,0.8248415589332581
fusion_calibration,cal_c,split_internal_mix,mix::WF3::MusicGen,True,1.0,1.0,1.0,1.0,1.0,0.5790346873315141,0.3320373223279777,0.8260320523350504,True,True,10.0775,0.7457196712493896,0.9987198114395142,0.7475171089172363,0.998664140701294,0.726743221282959,0.9994540810585022,0.3350144326686859,0.13021790981292725,0.8790425658226013,0.9910109639167786,0.8823513984680176,0.9908236265182495,0.03519795089960098,0.8925750255584717
fusion_calibration,cal_b,split_internal_mix,mix::bonafide::AudioLDM2,True,1.0,0.0,1.0,1.0,1.0,0.8891934696856035,0.8891934696856035,,False,True,5.8320625,0.7317212224006653,0.7820561528205872,0.7352304458618164,0.7866369485855103,0.7384917736053467,0.8951337337493896,0.3032708764076233,0.25976791977882385,0.34459295868873596,0.7868079543113708,0.33904826641082764,0.7967694401741028,0.534788191318512,0.4149697721004486
fusion_calibration,cal_c,gtzan_real_v2,GTZAN_genre_7,False,0.0,0.0,0.0,0.0,1.0,0.17825354589474457,0.204230002534764,0.1522770892547251,True,True,30.0001875,0.7236461043357849,9.727661381475627e-05,0.6974552869796753,9.429551573703066e-05,0.3966485559940338,0.9998972415924072,0.027502261102199554,0.8182024359703064,0.5651199817657471,0.0869845375418663,0.5668121576309204,0.08606079965829849,0.04031096771359444,0.872696578502655
fusion_calibration,cal_c,split_internal_mix,mix::LibriSpeech::AudioLDM2,True,1.0,0.0,1.0,1.0,1.0,0.3864732681434497,0.7518712668757266,0.021075269411172756,True,True,8.6513125,0.7295049428939819,0.9998346567153931,0.733674168586731,0.9998239278793335,0.7276210784912109,0.9999163746833801,0.016433387994766235,0.016184668987989426,0.5159130096435547,0.9990373849868774,0.5189895033836365,0.9991008043289185,0.004981136880815029,0.96680748462677
fusion_calibration,cal_c,fake_music_generated,MusicGen,False,1.0,0.0,1.0,0.0,1.0,0.9505057004439106,0.9505057004439106,,False,True,5.6123125,0.7339178323745728,0.9997991919517517,0.7208858132362366,0.9997857213020325,0.5378686189651489,0.9998019337654114,0.014256340451538563,0.01729544997215271,0.6958006620407104,0.999652624130249,0.7068977355957031,0.9996832609176636,0.026988808065652847,0.9597606062889099
fusion_calibration,cal_c,wavefake_ajay,WF3,False,1.0,1.0,0.0,1.0,0.0,0.9953875384760478,0.9987338278700504,0.9920412490820452,True,True,8.31275,0.7796562910079956,0.5284792184829712,0.7828112840652466,0.5418603420257568,0.9743624925613403,0.09745340049266815,0.8380040526390076,0.03141520917415619,0.7872661352157593,0.1537662148475647,0.7934078574180603,0.20483404397964478,0.9971328377723694,0.022171879187226295
fusion_calibration,cal_b,librispeech_dev,LibriSpeech,False,0.0,0.0,0.0,1.0,0.0,0.02467444979278636,0.02467444979278636,,False,True,3.335,0.6975587606430054,0.38625091314315796,0.7111074328422546,0.37746909260749817,0.9554149508476257,0.06069174408912659,0.8618234992027283,0.014193047769367695,0.1615270972251892,0.06445042043924332,0.16524411737918854,0.10864388197660446,0.9992817044258118,0.0011338167823851109
fusion_calibration,cal_b,gtzan_real_v2,GTZAN_genre_9,False,0.0,0.0,0.0,0.0,1.0,0.6211422301016083,0.6821426649290815,0.560141795274135,True,True,30.013375,0.731325089931488,2.1022276541771134e-06,0.7040950059890747,1.9666119897010503e-06,0.3647902011871338,0.9999950528144836,0.033032212406396866,0.8550782203674316,0.456782728433609,0.0024769753217697144,0.47101402282714844,0.0026934801135212183,0.010717886500060558,0.9774008393287659
fusion_calibration,cal_c,split_internal_mix,mix::WF3::MusicGen,True,1.0,1.0,1.0,1.0,1.0,0.943999998083229,0.8925385205258602,0.9954614756405977,True,True,10.0775,0.7473369240760803,0.9820120334625244,0.7499264478683472,0.9822359085083008,0.8601306676864624,0.9561504125595093,0.3908785581588745,0.07309721410274506,0.8108230233192444,0.6372731924057007,0.8092670440673828,0.6452518701553345,0.4512665271759033,0.5368365049362183
fusion_calibration,cal_c,split_internal_mix,mix::LibriSpeech::GTZAN_genre_6,True,0.0,0.0,0.0,1.0,1.0,0.21955482003678514,0.2767508831374179,0.16235875693615237,True,True,33.423375,0.7313128709793091,1.4152245057630353e-05,0.7013075351715088,1.3177942491893191e-05,0.3525354564189911,0.9999716877937317,0.029343178495764732,0.8522350788116455,0.5201990008354187,0.00044739217264577746,0.5316742658615112,0.0005086655146442354,0.01142528373748064,0.9936845898628235
fusion_calibration,cal_b,split_internal_mix,mix::LibriSpeech::AudioLDM2,True,1.0,0.0,1.0,1.0,1.0,0.48115740373804244,0.8914856617189267,0.07082914575715811,True,True,10.5713125,0.7386932373046875,0.9999648928642273,0.7327781915664673,0.9999614357948303,0.628753662109375,0.999982476234436,0.019214030355215073,0.034617822617292404,0.595888078212738,0.9994838237762451,0.6109720468521118,0.9995198845863342,0.004618249833583832,0.9712331295013428
fusion_calibration,cal_a,split_internal_mix,mix::R::GTZAN_genre_4,True,0.0,0.0,0.0,1.0,1.0,0.38820974368073646,0.3770887838993554,0.39933070346211746,True,True,37.288375,0.6480563879013062,1.4884430129313841e-05,0.6452335715293884,1.4262868717196397e-05,0.5784043669700623,0.9999663233757019,0.04374319314956665,0.8673093914985657,0.40513482689857483,0.026353154331445694,0.41654670238494873,0.027092045173048973,0.01307670772075653,0.7336309552192688
fusion_calibration,cal_a,gtzan_real_v2,GTZAN_genre_8,False,0.0,0.0,0.0,0.0,1.0,0.2522056171961811,0.2389043861200835,0.2655068482722788,True,True,30.0001875,0.6859533786773682,7.28004815755412e-05,0.6702229976654053,6.954955460969359e-05,0.47280165553092957,0.9997541904449463,0.019702453166246414,0.8823652863502502,0.5937190055847168,0.02131379209458828,0.5988534092903137,0.021235207095742226,0.03767514228820801,0.8916308283805847
fusion_calibration,cal_a,split_internal_mix,mix::WF2::GTZAN_genre_6,True,1.0,1.0,0.0,1.0,1.0,0.758193114744413,0.8260648038846752,0.6903214256041508,True,True,33.216125,0.7400270700454712,1.3893064533476718e-05,0.7095887660980225,1.3020344340475276e-05,0.3355071246623993,0.9999740719795227,0.023458927869796753,0.8621940612792969,0.5205214619636536,0.0004847673699259758,0.533432126045227,0.0005447525763884187,0.008763880468904972,0.9941849112510681
fusion_calibration,cal_c,split_internal_mix,mix::LibriSpeech::AudioLDM2,True,1.0,0.0,1.0,1.0,1.0,0.2522285331810469,0.45684136667796105,0.04761569968413267,True,True,9.365,0.7576293349266052,0.9210021495819092,0.7637443542480469,0.9201009273529053,0.9270629286766052,0.8971227407455444,0.4327595829963684,0.390337198972702,0.6183024644851685,0.4747846722602844,0.611324667930603,0.514502763748169,0.5980688333511353,0.2387477606534958
fusion_calibration,cal_c,split_internal_mix,mix::R::AudioLDM2,True,1.0,0.0,1.0,1.0,1.0,0.4616349875694296,0.9011686286306633,0.02210134650819594,True,True,13.554375,0.7467509508132935,0.993527889251709,0.7564259171485901,0.9936659336090088,0.8872165679931641,0.9898569583892822,0.10551325231790543,0.039066918194293976,0.5166476964950562,0.9386784434318542,0.5172923803329468,0.9506348967552185,0.3865204453468323,0.5790907144546509
fusion_calibration,cal_c,librispeech_dev,LibriSpeech,False,0.0,0.0,0.0,1.0,0.0,0.016218329782883484,0.016218329782883484,,False,True,6.655,0.7167916297912598,0.592482328414917,0.7173683047294617,0.6033652424812317,0.903669536113739,0.12271106988191605,0.7976035475730896,0.019327476620674133,0.07432746887207031,0.1059965118765831,0.07847496122121811,0.14118285477161407,0.9989745616912842,0.02028871886432171
fusion_calibration,cal_b,librispeech_dev,LibriSpeech,False,0.0,0.0,0.0,1.0,0.0,0.047260968254053064,0.047260968254053064,,False,True,2.845,0.6725208163261414,0.44431257247924805,0.6935946345329285,0.43566039204597473,0.9796876907348633,0.06678830832242966,0.841821551322937,0.026232393458485603,0.06003434583544731,0.13517947494983673,0.06271711736917496,0.23480390012264252,0.9991143345832825,0.00037024557241238654
fusion_calibration,cal_b,gtzan_real_v2,GTZAN_genre_6,False,0.0,0.0,0.0,0.0,1.0,0.37888753156916,0.35394700438109045,0.4038280587572296,True,True,30.0001875,0.69145667552948,6.04038177698385e-06,0.6702201962471008,5.670959581038915e-06,0.4420177936553955,0.9999893307685852,0.01562904566526413,0.821395218372345,0.47619563341140747,0.0022184643894433975,0.4880267381668091,0.0024651973508298397,0.017661765217781067,0.9715854525566101
fusion_calibration,cal_a,wavefake_ajay,WF3,False,1.0,1.0,0.0,1.0,0.0,0.9818220491476828,0.9818220491476828,,False,True,6.7570625,0.7942125797271729,0.47700661420822144,0.7993385195732117,0.485775351524353,0.9866005778312683,0.11175176501274109,0.8366503119468689,0.023277007043361664,0.7762517333030701,0.15715906023979187,0.7835577726364136,0.22238147258758545,0.99909508228302,0.006734286434948444
fusion_calibration,cal_c,wavefake_ajay,WF2,False,1.0,1.0,0.0,1.0,0.0,0.9990010309805114,0.9990010309805114,,False,True,4.0286875,0.7770400643348694,0.5799193978309631,0.7827154994010925,0.595971941947937,0.9768335819244385,0.10605280101299286,0.814944863319397,0.026304278522729874,0.8646809458732605,0.16130881011486053,0.868238627910614,0.22202421724796295,0.9980301260948181,0.011992132291197777
fusion_calibration,cal_c,fake_music_generated,AudioLDM2,False,1.0,0.0,1.0,0.0,1.0,0.8359586943964119,0.8359586943964119,,False,True,5.42575,0.7323147058486938,0.999847412109375,0.7186868786811829,0.9998350143432617,0.5511975288391113,0.9999032020568848,0.010480429045855999,0.035955511033535004,0.6538848876953125,0.9997714161872864,0.6524310111999512,0.9997920393943787,0.011145127937197685,0.9790340065956116
fusion_calibration,cal_a,fake_music_generated,AudioLDM2,False,1.0,0.0,1.0,0.0,1.0,0.9345422723118259,0.9345422723118259,,False,True,4.5689375,0.7343043088912964,0.9991366267204285,0.7234633564949036,0.9991143345832825,0.5820658802986145,0.9991310238838196,0.011599607765674591,0.00904515478760004,0.6926800012588501,0.9996980428695679,0.6989728212356567,0.9997217059135437,0.010123944841325283,0.9752867221832275
fusion_calibration,cal_b,asvspoof2019,A02,False,1.0,1.0,0.0,1.0,0.0,0.9980546733307605,0.9980546733307605,,False,True,3.56325,0.6855612397193909,0.5383074283599854,0.7006873488426208,0.5446593761444092,0.9594542980194092,0.055192794650793076,0.7704470753669739,0.01454444695264101,0.8415314555168152,0.1618746668100357,0.8416362404823303,0.2538374960422516,0.9987284541130066,0.0014545738231390715
fusion_calibration,cal_b,split_internal_mix,mix::WF5::MusicGen,True,1.0,1.0,1.0,1.0,1.0,0.9487942291249062,0.9987304330020368,0.8988580252477756,True,True,13.0059375,0.7653180360794067,0.4943089485168457,0.7715417146682739,0.5040315985679626,0.973702609539032,0.1058276891708374,0.7938374280929565,0.02219676971435547,0.8102507591247559,0.12043426930904388,0.8160083293914795,0.16852346062660217,0.9973723888397217,0.014910084195435047
fusion_calibration,cal_c,fake_music_generated,AudioLDM2,False,1.0,0.0,1.0,0.0,1.0,0.8871121183016231,0.8871121183016231,,False,True,4.486625,0.7351884245872498,0.9995614886283875,0.7210633754730225,0.9995405673980713,0.5439445972442627,0.9995367527008057,0.010519672185182571,0.009853381663560867,0.6814576983451843,0.9998021721839905,0.6841168403625488,0.9998202919960022,0.013285227119922638,0.9784866571426392
fusion_calibration,cal_c,split_internal_mix,mix::LibriSpeech::AudioLDM2,True,1.0,0.0,1.0,1.0,1.0,0.4597300964491473,0.8968203439646013,0.0226398489336933,True,True,12.97825,0.7403827905654907,0.996048629283905,0.7488044500350952,0.996086597442627,0.8740352392196655,0.9948906898498535,0.13707734644412994,0.038265302777290344,0.290278822183609,0.9483592510223389,0.29284873604774475,0.9567969441413879,0.3926829993724823,0.6181765794754028
fusion_calibration,cal_b,split_internal_mix,mix::WF5::MusicGen,True,1.0,1.0,1.0,1.0,1.0,0.8888483605297386,0.9890312137648951,0.788665507294582,True,True,13.732625,0.7637887001037598,0.5672616362571716,0.7710341811180115,0.5747015476226807,0.9785933494567871,0.15818271040916443,0.7572266459465027,0.08306954801082611,0.7454425692558289,0.14963333308696747,0.7510021924972534,0.20448797941207886,0.9958102703094482,0.01772313565015793
fusion_calibration,cal_a,split_internal_mix,mix::WF5::GTZAN_genre_2,True,1.0,1.0,0.0,1.0,1.0,0.9403121795123162,0.9209672732494293,0.9596570857752029,True,True,38.518875,0.7244160771369934,0.22647494077682495,0.7294576168060303,0.22809229791164398,0.8971847891807556,0.7150304913520813,0.28138458728790283,0.5898433923721313,0.3028213381767273,0.14212115108966827,0.3079046905040741,0.18699419498443604,0.515232264995575,0.20770736038684845
fusion_calibration,cal_a,split_internal_mix,mix::WF7::GTZAN_genre_4,True,1.0,1.0,0.0,1.0,1.0,0.996265178240466,0.9978329190547042,0.9946974374262278,True,True,36.5453125,0.7321433424949646,0.3171507716178894,0.7381204962730408,0.3216799795627594,0.9718645215034485,0.6934989094734192,0.36523404717445374,0.5809688568115234,0.1921464055776596,0.19360676407814026,0.19503889977931976,0.2655174136161804,0.9956030249595642,0.007802175357937813
fusion_calibration,cal_c,wavefake_ajay,WF7,False,1.0,1.0,0.0,1.0,0.0,0.9996735814932562,0.9996735814932562,,False,True,2.809625,0.721125066280365,0.5013207197189331,0.732343316078186,0.5037334561347961,0.9799749255180359,0.07063258439302444,0.79596346616745,0.028288327157497406,0.7658669948577881,0.14135418832302094,0.7697945237159729,0.21424905955791473,0.9961739182472229,0.0031060511246323586
fusion_calibration,cal_a,split_internal_mix,mix::R::GTZAN_genre_6,True,0.0,0.0,0.0,1.0,1.0,0.5319021927003091,0.8201696146076008,0.2436347707930174,True,True,37.7751875,0.7098362445831299,1.5944817732815864e-06,0.6859713792800903,1.488780526415212e-06,0.4037252962589264,0.9999978542327881,0.017966600134968758,0.8002498745918274,0.5647823810577393,0.00699460506439209,0.5798302888870239,0.00722789391875267,0.008507532067596912,0.9676132202148438
fusion_calibration,cal_b,split_internal_mix,mix::A01::GTZAN_genre_9,True,1.0,1.0,0.0,1.0,1.0,0.5989856663910428,0.4153334415805587,0.7826378912015268,True,True,32.9879375,0.6945258378982544,2.3127458916860633e-06,0.6807705163955688,2.175790768887964e-06,0.5112468600273132,0.9999958872795105,0.01964753307402134,0.8510259985923767,0.46091556549072266,0.014848843216896057,0.4733981192111969,0.015497490763664246,0.008164511993527412,0.8745195865631104
fusion_calibration,cal_b,wavefake_ajay,WF7,False,1.0,1.0,0.0,1.0,0.0,0.9925602730994302,0.9925602730994302,,False,True,3.1463125,0.7458165884017944,0.539142370223999,0.7559362053871155,0.5427871942520142,0.9794531464576721,0.1250872015953064,0.8894779682159424,0.014769676141440868,0.737594723701477,0.1935589462518692,0.7419436573982239,0.27290621399879456,0.9963036775588989,0.006210390944033861
fusion_calibration,cal_a,wavefake_ajay,R,False,0.0,0.0,0.0,1.0,0.0,0.41199626061558203,0.45903113207834984,0.36496138915281423,True,True,7.275,0.7543628215789795,0.5538536310195923,0.7631182074546814,0.5584784746170044,0.9589158296585083,0.13386493921279907,0.8064289689064026,0.031252674758434296,0.7690469026565552,0.18806634843349457,0.7684195637702942,0.24127137660980225,0.9493512511253357,0.038948412984609604
fusion_calibration,cal_c,split_internal_mix,mix::LibriSpeech::AudioLDM2,True,1.0,0.0,1.0,1.0,1.0,0.018755091753896315,0.022500399365373253,0.015009784142419373,True,True,13.124375,0.7427358627319336,0.5020906329154968,0.7524067163467407,0.5044509172439575,0.9831254482269287,0.09884046763181686,0.7496668100357056,0.039815060794353485,0.2327076941728592,0.11734534800052643,0.23741543292999268,0.18198682367801666,0.997551679611206,0.002961236285045743
fusion_calibration,cal_b,librispeech_dev,LibriSpeech,False,0.0,0.0,0.0,1.0,0.0,0.02707060230238433,0.02707060230238433,,False,True,4.175,0.7238481640815735,0.6573507189750671,0.7339551448822021,0.6632372140884399,0.9576936364173889,0.17258429527282715,0.7168346047401428,0.024398811161518097,0.03416261076927185,0.3340807557106018,0.035439472645521164,0.4409544765949249,0.9953239560127258,0.011474166996777058
fusion_calibration,cal_b,split_internal_mix,mix::LibriSpeech::MusicGen,True,1.0,0.0,1.0,1.0,1.0,0.9553573482829538,0.9553573482829538,,False,True,4.349375,0.7182145714759827,0.998955488204956,0.701857328414917,0.9989163875579834,0.4746316373348236,0.9990925788879395,0.31722941994667053,0.10673800110816956,0.8053748607635498,0.9923521876335144,0.8097724914550781,0.9926130771636963,0.08128459006547928,0.754104733467102
fusion_calibration,cal_b,split_internal_mix,mix::LibriSpeech::MusicGen,True,1.0,0.0,1.0,1.0,1.0,0.9213328165814626,0.9213328165814626,,False,True,6.769375,0.7425689101219177,0.9996993541717529,0.7500935792922974,0.9996824264526367,0.7948567867279053,0.9998421669006348,0.011557681486010551,0.08570297062397003,0.9098639488220215,0.9893295168876648,0.9103187322616577,0.9895517230033875,0.06174140423536301,0.877411425113678
fusion_calibration,cal_a,split_internal_mix,mix::WF2::AudioLDM2,True,1.0,1.0,1.0,1.0,1.0,0.4913407896820887,0.4913407896820887,,False,True,5.8966875,0.7326020002365112,0.9994553923606873,0.7297390103340149,0.9994258880615234,0.6665665507316589,0.9995893836021423,0.3023492395877838,0.038169484585523605,0.7356231808662415,0.9948844313621521,0.7333725690841675,0.9948604702949524,0.03662024438381195,0.9020166993141174
fusion_calibration,cal_c,split_internal_mix,mix::WF3::AudioLDM2,True,1.0,1.0,1.0,1.0,1.0,0.9518059100043774,0.9565153162587261,0.9470965037500287,True,True,15.81625,0.7436749935150146,0.9980171918869019,0.7469184398651123,0.9980058670043945,0.7538109421730042,0.9973347187042236,0.11740729957818985,0.012486375868320465,0.677358090877533,0.9970436096191406,0.676526665687561,0.9971928596496582,0.03346436470746994,0.906791090965271
fusion_calibration,cal_b,split_internal_mix,mix::A01::GTZAN_genre_0,True,1.0,1.0,0.0,1.0,1.0,0.424600173434961,0.74178263950103,0.10741770736889203,True,True,30.013375,0.6747442483901978,3.211966759408824e-05,0.6629067659378052,3.147787356283516e-05,0.5265303254127502,0.9999691843986511,0.08519616723060608,0.8621415495872498,0.3409753143787384,0.13388261198997498,0.3607575297355652,0.13007739186286926,0.0013095401227474213,0.9171193242073059
fusion_calibration,cal_b,fake_music_generated,AudioLDM2,False,1.0,0.0,1.0,0.0,1.0,0.9594823284934559,0.9594823284934559,,False,True,5.058875,0.7238807678222656,0.999934196472168,0.7100931406021118,0.9999279975891113,0.5447732210159302,0.9999626874923706,0.015572510659694672,0.03366672247648239,0.617150068283081,0.9990911483764648,0.6230643391609192,0.9991412162780762,0.012254849076271057,0.9508745074272156
fusion_calibration,cal_b,split_internal_mix,mix::LibriSpeech::AudioLDM2,True,1.0,0.0,1.0,1.0,1.0,0.05482205569097398,0.05482205569097398,,False,True,7.5366875,0.709759533405304,0.9942798614501953,0.7223249673843384,0.9943062663078308,0.927055299282074,0.9878941178321838,0.29333367943763733,0.048621177673339844,0.7302932143211365,0.845687210559845,0.7180355191230774,0.8833171129226685,0.5102678537368774,0.14182420074939728
fusion_calibration,cal_b,asvspoof2019,A01,False,1.0,1.0,0.0,1.0,0.0,0.9997275177297136,0.9997275177297136,,False,True,4.8399375,0.8515311479568481,0.585640013217926,0.8516613841056824,0.603958010673523,0.991574227809906,0.057010263204574585,0.7678276300430298,0.037604182958602905,0.9457044005393982,0.19880764186382294,0.9492406845092773,0.2866970896720886,0.9999681711196899,0.004249025136232376
fusion_calibration,cal_a,split_internal_mix,mix::R::AudioLDM2,True,1.0,0.0,1.0,1.0,1.0,0.7533791419382776,0.9571839813384376,0.5495743025381175,True,True,13.1894375,0.7203856706619263,0.9983667731285095,0.7241934537887573,0.9983424544334412,0.720199465751648,0.9942095279693604,0.23135125637054443,0.027027083560824394,0.7303601503372192,0.9935125112533569,0.7291569709777832,0.9949713945388794,0.3309623897075653,0.6565032005310059
fusion_calibration,cal_a,split_internal_mix,mix::R::GTZAN_genre_8,True,0.0,0.0,0.0,1.0,1.0,0.1032487432529817,0.08360873226982014,0.12288875423614325,True,True,37.3751875,0.7151468992233276,4.9857047997647896e-05,0.7172365188598633,4.775254274136387e-05,0.7813708186149597,0.9998631477355957,0.020053960382938385,0.8191445469856262,0.09496186673641205,0.04274933785200119,0.0993850976228714,0.04622163996100426,0.051719993352890015,0.6542484164237976
fusion_calibration,cal_c,split_internal_mix,mix::LibriSpeech::GTZAN_genre_0,True,0.0,0.0,0.0,1.0,1.0,0.33057890423213965,0.5259018103504924,0.13525599811378688,True,True,32.759625,0.7002979516983032,0.002627546666190028,0.6990536451339722,0.0026125044096261263,0.6239539980888367,0.9921681880950928,0.24491290748119354,0.7879393696784973,0.2098754346370697,0.12530608475208282,0.21566766500473022,0.12779660522937775,0.022670060396194458,0.7251636385917664
fusion_calibration,cal_c,librispeech_dev,LibriSpeech,False,0.0,0.0,0.0,1.0,0.0,0.011735859148088175,0.011735859148088175,,False,True,2.575,0.6573323011398315,0.4387873709201813,0.6727669835090637,0.4286298155784607,0.9578253030776978,0.06072958558797836,0.8233163952827454,0.03771002218127251,0.14093293249607086,0.11014609783887863,0.14171454310417175,0.17609979212284088,0.9961625337600708,0.0017615753458812833
fusion_calibration,cal_a,fake_music_generated,AudioLDM2,False,1.0,0.0,1.0,0.0,1.0,0.9414790535289311,0.9414790535289311,,False,True,5.388,0.7361626029014587,0.9999397993087769,0.7231892347335815,0.9999339580535889,0.5653175711631775,0.999962329864502,0.011679990217089653,0.019149174913764,0.6353509426116943,0.9995556473731995,0.6468372344970703,0.9995914101600647,0.010159971192479134,0.9639976024627686
fusion_calibration,cal_a,gtzan_real_v2,GTZAN_genre_1,False,0.0,0.0,0.0,0.0,1.0,0.18254774587967249,0.21647056245271562,0.14862492930662938,True,True,30.013375,0.6577995419502258,2.8731640213663923e-06,0.6543532013893127,2.7288203909847653e-06,0.6220079660415649,0.9999982714653015,0.026528410613536835,0.7216029167175293,0.15519046783447266,0.20318566262722015,0.16478489339351654,0.22787021100521088,0.00870102271437645,0.5863921046257019
fusion_calibration,cal_b,gtzan_real_v2,GTZAN_genre_2,False,0.0,0.0,0.0,0.0,1.0,0.8239486558048716,0.9463814038437898,0.7015159077659535,True,True,30.013375,0.6889356970787048,5.680940830643522e-06,0.6687423586845398,5.350395440473221e-06,0.44802916049957275,0.9999796748161316,0.021596523001790047,0.8685173988342285,0.4403083920478821,0.003852562978863716,0.4497908353805542,0.004157097544521093,0.02323976345360279,0.9603293538093567
fusion_calibration,cal_b,split_internal_mix,mix::bonafide::GTZAN_genre_2,True,0.0,0.0,0.0,1.0,1.0,0.8158555039452877,0.9485790812452664,0.6831319266453091,True,True,33.4100625,0.717383623123169,3.362408278917428e-06,0.6905611753463745,3.169159299432067e-06,0.3888920247554779,0.9999899864196777,0.019424758851528168,0.8877858519554138,0.484791100025177,0.0016154207987710834,0.4950874447822571,0.001795653603039682,0.02378402091562748,0.9789259433746338
fusion_calibration,cal_b,librispeech_dev,LibriSpeech,False,0.0,0.0,0.0,1.0,0.0,0.08671512048499198,0.08671512048499198,,False,True,4.715,0.7345197200775146,0.7315945625305176,0.7404453158378601,0.7374544739723206,0.9472506046295166,0.20942655205726624,0.7955316305160522,0.028323311358690262,0.04788530617952347,0.48086923360824585,0.05021992325782776,0.5743060111999512,0.9972085356712341,0.029071375727653503
fusion_calibration,cal_c,split_internal_mix,mix::LibriSpeech::AudioLDM2,True,1.0,0.0,1.0,1.0,1.0,0.028393745484640277,0.02807105452324363,0.028716436446036928,True,True,12.7753125,0.7247336506843567,0.5916004180908203,0.7254314422607422,0.603197455406189,0.870702862739563,0.10274612903594971,0.8103469610214233,0.033939290791749954,0.11024650186300278,0.09642098098993301,0.11588217318058014,0.12350150942802429,0.9984697699546814,0.03121905028820038
fusion_calibration,cal_c,split_internal_mix,mix::WF6::MusicGen,True,1.0,1.0,1.0,1.0,1.0,0.9889313391305701,0.9826482895697264,0.9952143886914138,True,True,13.88975,0.7747172117233276,0.6617954969406128,0.7800812125205994,0.6716021299362183,0.9758678674697876,0.24559833109378815,0.7926173806190491,0.16289785504341125,0.7841840386390686,0.18766075372695923,0.789278507232666,0.24855300784111023,0.9918175935745239,0.017640478909015656
fusion_calibration,cal_b,wavefake_ajay,WF3,False,1.0,1.0,0.0,1.0,0.0,0.9984980242470576,0.9984387492084642,0.9985572992856511,True,True,8.1038125,0.7583779096603394,0.5555498600006104,0.7653012275695801,0.564774751663208,0.9764658808708191,0.17761275172233582,0.7968313694000244,0.025924205780029297,0.6659858226776123,0.1644006073474884,0.6700233221054077,0.22370585799217224,0.987235426902771,0.017226068302989006
fusion_calibration,cal_a,split_internal_mix,mix::R::GTZAN_genre_2,True,0.0,0.0,0.0,1.0,1.0,0.4080171620120321,0.44480682136732036,0.3712275026567438,True,True,37.788375,0.7115185260772705,0.2770363390445709,0.7164602279663086,0.2793581485748291,0.8055962920188904,0.711523711681366,0.2844250500202179,0.5933687090873718,0.46189969778060913,0.12072566896677017,0.4651283025741577,0.1497032791376114,0.3331027925014496,0.44185230135917664
fusion_calibration,cal_a,split_internal_mix,mix::R::GTZAN_genre_0,True,0.0,0.0,0.0,1.0,1.0,0.22780541484704653,0.31069336838743894,0.14491746130665412,True,True,31.832125,0.7191224098205566,3.795712473220192e-05,0.7050929665565491,3.632986408774741e-05,0.48611941933631897,0.9998862743377686,0.19780121743679047,0.8064958453178406,0.5972402095794678,0.022165073081851006,0.6015868186950684,0.02360333874821663,0.02579406090080738,0.8981781005859375
fusion_calibration,cal_c,gtzan_real_v2,GTZAN_genre_0,False,0.0,0.0,0.0,0.0,1.0,0.23025870152607486,0.285443326283094,0.17507407676905576,True,True,30.013375,0.7446967363357544,1.7529844171804143e-06,0.7155519723892212,1.6464000509586185e-06,0.3360884487628937,0.9999961853027344,0.01772914081811905,0.8681793212890625,0.5144946575164795,0.00879950076341629,0.5308493375778198,0.008963673375546932,0.007552976254373789,0.972250759601593
fusion_calibration,cal_a,split_internal_mix,mix::WF7::GTZAN_genre_8,True,1.0,1.0,0.0,1.0,1.0,0.25627773874318616,0.11138434324897423,0.4011711342373981,True,True,39.0235,0.7024498581886292,0.004334332887083292,0.7057183980941772,0.004391239956021309,0.6900122761726379,0.9951415061950684,0.07273513078689575,0.6409171223640442,0.5525730848312378,0.09659755975008011,0.5428704023361206,0.10260699689388275,0.11175908893346786,0.6409804224967957
fusion_calibration,cal_a,split_internal_mix,mix::WF7::GTZAN_genre_7,True,1.0,1.0,0.0,1.0,1.0,0.25503076802389596,0.47467515139620925,0.03538638465158264,True,True,30.0001875,0.7222284078598022,0.0006359984399750829,0.7240433692932129,0.0006265944102779031,0.8138338923454285,0.9988171458244324,0.38626715540885925,0.7768108248710632,0.061695002019405365,0.04754301905632019,0.06499676406383514,0.05208127573132515,0.34640172123908997,0.5682989954948425
fusion_calibration,cal_a,split_internal_mix,mix::R::GTZAN_genre_7,True,0.0,0.0,0.0,1.0,1.0,0.8570265683106669,0.8340632218741533,0.8799899147471806,True,True,37.3751875,0.7178738117218018,2.8610544177354313e-05,0.6926539540290833,2.7428686735220253e-05,0.3990408182144165,0.9999637603759766,0.026213644072413445,0.7926176190376282,0.48075956106185913,0.009064665995538235,0.49210119247436523,0.009244808927178383,0.012080132961273193,0.968183696269989
fusion_calibration,cal_c,split_internal_mix,mix::WF3::GTZAN_genre_9,True,1.0,1.0,0.0,1.0,1.0,0.23804633994524882,0.14677902432487674,0.3293136555656209,True,True,38.426125,0.6504431962966919,3.491855750326067e-06,0.6475106477737427,3.2938564800133463e-06,0.5772342681884766,0.9999960064888,0.020766908302903175,0.8347068428993225,0.3318045139312744,0.02912159636616707,0.34126776456832886,0.029854634776711464,0.012661057524383068,0.7461046576499939
fusion_calibration,cal_b,librispeech_dev,LibriSpeech,False,0.0,0.0,0.0,1.0,0.0,0.021649794637062722,0.021649794637062722,,False,True,2.72,0.6902216672897339,0.41561415791511536,0.704637348651886,0.40939077734947205,0.956123411655426,0.0519375242292881,0.8196594715118408,0.026945222169160843,0.21428968012332916,0.06746639311313629,0.21802446246147156,0.1142221987247467,0.9993616938591003,0.0008930924232117832
fusion_calibration,cal_b,gtzan_real_v2,GTZAN_genre_0,False,0.0,0.0,0.0,0.0,1.0,0.35101301239562643,0.37974515275593534,0.32228087203531747,True,True,30.013375,0.7035012245178223,9.362041453186976e-08,0.6798478364944458,8.666766859732888e-08,0.404550164937973,0.9999997615814209,0.030973076820373535,0.8284991383552551,0.4788576364517212,0.0029887391719967127,0.4908372163772583,0.003255329094827175,0.011841933242976665,0.9750153422355652
fusion_calibration,cal_b,asvspoof2019,A01,False,1.0,1.0,0.0,1.0,0.0,0.9998515997304247,0.9998515997304247,,False,True,3.762625,0.8218371272087097,0.576431393623352,0.8246694207191467,0.5931667685508728,0.9857929348945618,0.0632159635424614,0.792527973651886,0.019016418606042862,0.8658648133277893,0.17557306587696075,0.8720070123672485,0.2607056796550751,0.9999271631240845,0.0035009654238820076
fusion_calibration,cal_a,split_internal_mix,mix::WF7::GTZAN_genre_6,True,1.0,1.0,0.0,1.0,1.0,0.6107412312457342,0.8138634497301569,0.4076190127613115,True,True,30.0001875,0.7081656455993652,4.875751073996071e-06,0.6838569641113281,4.578840616886737e-06,0.40905094146728516,0.9999938607215881,0.016450928524136543,0.820910632610321,0.5666558742523193,0.006229228340089321,0.5797483325004578,0.006497581955045462,0.009985041804611683,0.9658344388008118
fusion_calibration,cal_c,split_internal_mix,mix::WF3::GTZAN_genre_7,True,1.0,1.0,0.0,1.0,1.0,0.25023629621049887,0.32232603522794373,0.17814655719305403,True,True,39.3129375,0.6727294921875,1.939895264513325e-05,0.6613978147506714,1.8248436390422285e-05,0.5630534291267395,0.9999523758888245,0.04240855947136879,0.7670660018920898,0.4161650240421295,0.04237223416566849,0.43074432015419006,0.04483813792467117,0.017396189272403717,0.7366518378257751
fusion_calibration,cal_b,split_internal_mix,mix::LibriSpeech::GTZAN_genre_9,True,0.0,0.0,0.0,1.0,1.0,0.38277068512886075,0.33824991785634545,0.42729145240137606,True,True,33.378375,0.6817365288734436,0.04348829761147499,0.6856980323791504,0.04111199080944061,0.7022783756256104,0.7754164338111877,0.23697493970394135,0.7031599879264832,0.27878645062446594,0.04673689603805542,0.28142833709716797,0.06876888126134872,0.4057893753051758,0.5346552133560181
fusion_calibration,cal_a,fake_music_generated,AudioLDM2,False,1.0,0.0,1.0,0.0,1.0,0.9532066834349314,0.9532066834349314,,False,True,4.1256875,0.73447185754776,0.9999241828918457,0.7225489020347595,0.9999175071716309,0.5571048259735107,0.9999589920043945,0.01721147820353508,0.023251842707395554,0.8096887469291687,0.9993682503700256,0.8212425708770752,0.9994111061096191,0.011622467078268528,0.9605249166488647
fusion_calibration,cal_c,gtzan_real_v2,GTZAN_genre_9,False,0.0,0.0,0.0,0.0,1.0,0.19753107943663734,0.24178323620255524,0.15327892267071946,True,True,30.013375,0.6968216896057129,2.335984208912123e-05,0.6756789684295654,2.2189145965967327e-05,0.43120506405830383,0.999958336353302,0.018581554293632507,0.8479093909263611,0.495477557182312,0.003962267655879259,0.5101770162582397,0.004259004723280668,0.010075747966766357,0.9640225768089294
fusion_calibration,cal_a,split_internal_mix,mix::R::AudioLDM2,True,1.0,0.0,1.0,1.0,1.0,0.6946856763069591,0.5522888036450547,0.8370825489688635,True,True,11.878875,0.7411373853683472,0.7918621301651001,0.749418318271637,0.7960084676742554,0.8549848794937134,0.5571613907814026,0.41250136494636536,0.031606465578079224,0.7037845849990845,0.5920149683952332,0.7036749124526978,0.6149157881736755,0.48606032133102417,0.5086483955383301
fusion_calibration,cal_b,split_internal_mix,mix::A01::GTZAN_genre_2,True,1.0,1.0,0.0,1.0,1.0,0.8089314847833056,0.9428619640737924,0.6750010054928188,True,True,32.021375,0.7136790752410889,1.8347489003645023e-06,0.6873009204864502,1.7148736333183479e-06,0.38660159707069397,0.9999931454658508,0.019522616639733315,0.8678492903709412,0.4829913079738617,0.004079057835042477,0.4942623972892761,0.004212573170661926,0.018996862694621086,0.9806974530220032
fusion_calibration,cal_b,split_internal_mix,mix::LibriSpeech::GTZAN_genre_8,True,0.0,0.0,0.0,1.0,1.0,0.1416100388349525,0.06654271242482096,0.216677365245084,True,True,31.2776875,0.6731311082839966,0.003515110816806555,0.674290657043457,0.003362868679687381,0.7755298018455505,0.9853724837303162,0.2820519804954529,0.8310799598693848,0.02734118327498436,0.09639665484428406,0.029585549607872963,0.11334995925426483,0.4206875264644623,0.37113237380981445
fusion_calibration,cal_b,split_internal_mix,mix::bonafide::MusicGen,True,1.0,0.0,1.0,1.0,1.0,0.9715348351259043,0.9715348351259043,,False,True,4.4873125,0.7383143305778503,0.9975354671478271,0.7349514365196228,0.9974973797798157,0.6590803265571594,0.9975783228874207,0.3122413158416748,0.03800079599022865,0.6536563038825989,0.9919122457504272,0.6425155997276306,0.9916655421257019,0.12563669681549072,0.8632855415344238
fusion_calibration,cal_a,split_internal_mix,mix::WF5::AudioLDM2,True,1.0,1.0,1.0,1.0,1.0,0.9555417391646015,0.924886388002137,0.9861970903270659,True,True,14.9385625,0.7438012361526489,0.9992607235908508,0.7401059865951538,0.9992460012435913,0.6766136288642883,0.9988778233528137,0.07411012053489685,0.012376085855066776,0.6680845618247986,0.9954767227172852,0.6706571578979492,0.9961016178131104,0.23084186017513275,0.7717271447181702
fusion_calibration,cal_b,gtzan_real_v2,GTZAN_genre_7,False,0.0,0.0,0.0,0.0,1.0,0.15229623253720856,0.06419728755947396,0.24039517751494316,True,True,30.0001875,0.7049089670181274,8.409295446654141e-07,0.6932068467140198,7.932856078696204e-07,0.55503910779953,0.9999987483024597,0.033676501363515854,0.8630968928337097,0.32873332500457764,0.17716944217681885,0.34504079818725586,0.17325440049171448,0.004568727221339941,0.8546057343482971
fusion_calibration,cal_b,gtzan_real_v2,GTZAN_genre_1,False,0.0,0.0,0.0,0.0,1.0,0.44431113375180153,0.25801242022928034,0.6306098472743228,True,True,30.013375,0.6340466737747192,9.900549002850312e-08,0.6357435584068298,9.591540361952866e-08,0.6465867161750793,1.0,0.02451791614294052,0.7447405457496643,0.006176243536174297,0.49666935205459595,0.007698105648159981,0.4882522225379944,0.00017754315922502428,0.8395726084709167
fusion_calibration,cal_a,split_internal_mix,mix::R::AudioLDM2,True,1.0,0.0,1.0,1.0,1.0,0.5212069518484213,0.5522888036450547,0.49012510005178767,True,True,11.778875,0.7490733861923218,0.57733553647995,0.7579148411750793,0.5873406529426575,0.947073757648468,0.10616187751293182,0.8097857236862183,0.02848268672823906,0.7978284358978271,0.1669905185699463,0.7993816137313843,0.21703261137008667,0.9804852604866028,0.03585491329431534
fusion_calibration,cal_c,split_internal_mix,mix::WF4::GTZAN_genre_6,True,1.0,1.0,0.0,1.0,1.0,0.9627989963245035,0.9945791992454023,0.9310187934036047,True,True,30.0001875,0.6654975414276123,0.0009870653739199042,0.6631265878677368,0.0009703277028165758,0.772310733795166,0.9978459477424622,0.5741564631462097,0.7899945378303528,0.02319374494254589,0.08308963477611542,0.02487114816904068,0.08857356756925583,0.43136751651763916,0.391338586807251
fusion_calibration,cal_b,librispeech_dev,LibriSpeech,False,0.0,0.0,0.0,1.0,0.0,0.017561171474064143,0.017561171474064143,,False,True,2.305,0.6571730971336365,0.2532898783683777,0.6775158643722534,0.23358803987503052,0.9664520025253296,0.08926352113485336,0.8271217942237854,0.03095935471355915,0.1304202526807785,0.07922594249248505,0.132877379655838,0.14038018882274628,0.9986655712127686,0.000571923446841538
fusion_calibration,cal_b,split_internal_mix,mix::LibriSpeech::AudioLDM2,True,1.0,0.0,1.0,1.0,1.0,0.8818887232625656,0.8818887232625656,,False,True,5.8508125,0.7215654253959656,0.9997615218162537,0.725664496421814,0.9997472167015076,0.7266009449958801,0.9998482465744019,0.2845657467842102,0.04255006089806557,0.42686381936073303,0.9928838014602661,0.42365655303001404,0.9931209683418274,0.01784650608897209,0.9219497442245483
fusion_calibration,cal_b,wavefake_ajay,WF7,False,1.0,1.0,0.0,1.0,0.0,0.9981117024185011,0.9981117024185011,,False,True,6.420375,0.7642310261726379,0.4854797124862671,0.7700197696685791,0.49298036098480225,0.9695541858673096,0.115709088742733,0.806713879108429,0.02983701601624489,0.7436454892158508,0.14375139772891998,0.7499015927314758,0.19584771990776062,0.9959414601325989,0.01801108568906784
fusion_calibration,cal_c,split_internal_mix,mix::WF5::AudioLDM2,True,1.0,1.0,1.0,1.0,1.0,0.5448391465313258,0.5448391465313258,,False,True,5.9868125,0.7622064352035522,0.9971429705619812,0.7674745917320251,0.9970343112945557,0.8764966130256653,0.9985380172729492,0.3999726474285126,0.17103761434555054,0.8392130136489868,0.9308128952980042,0.8349460959434509,0.9284484386444092,0.035736460238695145,0.7853149771690369
fusion_calibration,cal_a,gtzan_real_v2,GTZAN_genre_7,False,0.0,0.0,0.0,0.0,1.0,0.6270962996335958,0.5184313622277368,0.735761237039455,True,True,30.0001875,0.7240920066833496,5.901349027226388e-07,0.6987043619155884,5.534138836083002e-07,0.3903975486755371,0.9999982714653015,0.05091297626495361,0.811579704284668,0.5091333985328674,0.007423389703035355,0.5237976312637329,0.007674582302570343,0.006572508718818426,0.9657177925109863
fusion_calibration,cal_a,split_internal_mix,mix::R::AudioLDM2,True,1.0,0.0,1.0,1.0,1.0,0.13605433649085186,0.12950321999643324,0.1426054529852705,True,True,7.275,0.7425490617752075,0.9650176763534546,0.7475072741508484,0.9651471376419067,0.8860142827033997,0.97502201795578,0.5376600027084351,0.4245334565639496,0.5896747708320618,0.5862322449684143,0.5795357823371887,0.6008521318435669,0.04516242817044258,0.5516242384910583
fusion_calibration,cal_c,split_internal_mix,mix::WF2::GTZAN_genre_9,True,1.0,1.0,0.0,1.0,1.0,0.23653147553695242,0.2268388880601655,0.2462240630137393,True,True,34.0420625,0.7085844278335571,1.8253990674566012e-06,0.6841861009597778,1.737897719067405e-06,0.41006460785865784,0.9999974370002747,0.05871512368321419,0.8286203742027283,0.445220410823822,0.019299602136015892,0.4610634744167328,0.01940402202308178,0.004259033128619194,0.9621192812919617
fusion_calibration,cal_a,gtzan_real_v2,GTZAN_genre_6,False,0.0,0.0,0.0,0.0,1.0,0.765217512032151,0.8629927567180208,0.6674422673462813,True,True,30.0001875,0.7329229116439819,0.00023500336101278663,0.7032818794250488,0.0002238379092887044,0.34697651863098145,0.999575138092041,0.01998733915388584,0.8639447093009949,0.5137197375297546,0.00048016823711805046,0.526038408279419,0.0005508175818249583,0.014435682445764542,0.9923521876335144
fusion_calibration,cal_b,gtzan_real_v2,GTZAN_genre_7,False,0.0,0.0,0.0,0.0,1.0,0.3324326978273652,0.46118737167479074,0.20367802397993967,True,True,30.0001875,0.7458995580673218,1.4255781934480183e-05,0.717012345790863,1.3488751392287668e-05,0.340605765581131,0.9999684691429138,0.022523894906044006,0.8337370753288269,0.540493369102478,0.03426748514175415,0.5579921007156372,0.03388739749789238,0.005323916207998991,0.9734458923339844
fusion_calibration,cal_b,split_internal_mix,mix::WF7::GTZAN_genre_7,True,1.0,1.0,0.0,1.0,1.0,0.8141005628086574,0.9966262419034698,0.631574883713845,True,True,37.907375,0.7240756750106812,0.2792854309082031,0.7287973165512085,0.28556522727012634,0.8504751324653625,0.7061254382133484,0.2870647609233856,0.5740525722503662,0.4757158160209656,0.20206144452095032,0.482273131608963,0.23751172423362732,0.33191797137260437,0.4652438461780548
fusion_calibration,cal_a,wavefake_ajay,WF2,False,1.0,1.0,0.0,1.0,0.0,0.996023533126382,0.996023533126382,,False,True,6.7221875,0.7520598769187927,0.4434080123901367,0.7586467266082764,0.4449654519557953,0.9678860306739807,0.15127718448638916,0.7973945140838623,0.02526627853512764,0.7725585699081421,0.1515083909034729,0.7757152318954468,0.20312418043613434,0.9831363558769226,0.023098817095160484
fusion_calibration,cal_a,gtzan_real_v2,GTZAN_genre_6,False,0.0,0.0,0.0,0.0,1.0,0.6984198349697353,0.7926866230610138,0.6041530468784567,True,True,30.0001875,0.7244924902915955,1.046695342665771e-05,0.6959176063537598,9.832279829424806e-06,0.36413970589637756,0.9999787211418152,0.03152189031243324,0.8348002433776855,0.509310245513916,0.0007070881547406316,0.5219453573226929,0.0007962987292557955,0.012186535634100437,0.991339385509491
fusion_calibration,cal_b,gtzan_real_v2,GTZAN_genre_9,False,0.0,0.0,0.0,0.0,1.0,0.6274783213885646,0.4824742175906212,0.772482425186508,True,True,30.013375,0.7123657464981079,5.217896614340134e-06,0.6911938190460205,4.913056272926042e-06,0.4548368453979492,0.9999920725822449,0.017102038487792015,0.7952650189399719,0.5319281816482544,0.01153374370187521,0.5462226271629333,0.01194777525961399,0.008444991894066334,0.9089224338531494
fusion_calibration,cal_c,librispeech_dev,LibriSpeech,False,0.0,0.0,0.0,1.0,0.0,0.009068325838107153,0.013041887386882153,0.005094764289332153,True,True,8.125,0.7862669229507446,0.4258240759372711,0.7882193326950073,0.4294371008872986,0.9813309907913208,0.1085578054189682,0.8341637849807739,0.03352748975157738,0.08047547936439514,0.13477757573127747,0.08644068241119385,0.18979695439338684,0.9997528791427612,0.00817830115556717
fusion_calibration,cal_b,split_internal_mix,mix::A01::AudioLDM2,True,1.0,1.0,1.0,1.0,1.0,0.9582999894071541,0.9889030719959409,0.9276969068183674,True,True,7.7519375,0.7836259603500366,0.9887601137161255,0.7895677089691162,0.9888160228729248,0.9460127353668213,0.9176241755485535,0.3062437176704407,0.01804126426577568,0.7798478603363037,0.9251563549041748,0.7745005488395691,0.9407236576080322,0.9589449763298035,0.19662924110889435
fusion_calibration,cal_c,split_internal_mix,mix::LibriSpeech::GTZAN_genre_9,True,0.0,0.0,0.0,1.0,1.0,0.10041389209015567,0.15545910295792628,0.04536868122238506,True,True,31.843375,0.6855703592300415,0.0015984280034899712,0.688012421131134,0.0015860773855820298,0.8368881344795227,0.997880756855011,0.3818012475967407,0.8282553553581238,0.3394559621810913,0.09349521994590759,0.335018515586853,0.11141262203454971,0.21798275411128998,0.32377779483795166
fusion_calibration,cal_c,gtzan_real_v2,GTZAN_genre_3,False,0.0,0.0,0.0,0.0,1.0,0.7917853105801148,0.6573824745357679,0.9261881466244617,True,True,30.0001875,0.6875520348548889,0.00019823135517071933,0.669908881187439,0.00019198888912796974,0.4635537564754486,0.9995190501213074,0.04098653793334961,0.8779440522193909,0.5039003491401672,0.0028186594136059284,0.5041711926460266,0.0030704252421855927,0.053635746240615845,0.9521505236625671
fusion_calibration,cal_c,gtzan_real_v2,GTZAN_genre_7,False,0.0,0.0,0.0,0.0,1.0,0.6344968217460502,0.5157620314227416,0.7532316120693587,True,True,30.0001875,0.7351170778274536,5.1361519581405446e-05,0.7061693668365479,4.927107511321083e-05,0.3528420925140381,0.9998998045921326,0.029523691162467003,0.8484447598457336,0.5308177471160889,0.00438050227239728,0.5435842275619507,0.004532093647867441,0.013892490416765213,0.9782864451408386
fusion_calibration,cal_a,split_internal_mix,mix::WF7::AudioLDM2,True,1.0,1.0,1.0,1.0,1.0,0.8587695765189349,0.9983775852787008,0.7191615677591692,True,True,12.8199375,0.7530233860015869,0.7223421931266785,0.7609767913818359,0.7275279760360718,0.9831622838973999,0.3459232747554779,0.6917986869812012,0.06420355290174484,0.5720193386077881,0.1997949630022049,0.5739045739173889,0.27613765001296997,0.9883025884628296,0.011139359325170517
fusion_calibration,cal_a,gtzan_real_v2,GTZAN_genre_2,False,0.0,0.0,0.0,0.0,1.0,0.21652743527814095,0.2849608299629915,0.14809404059329043,True,True,30.013375,0.7050247192382812,3.6647622891905485e-07,0.6869317889213562,3.422737790970132e-07,0.468677282333374,0.9999992251396179,0.03398234024643898,0.8689687848091125,0.4298141598701477,0.007438512519001961,0.4446181356906891,0.00795834232121706,0.003207514062523842,0.9380292892456055
fusion_calibration,cal_b,split_internal_mix,mix::A01::GTZAN_genre_9,True,1.0,1.0,0.0,1.0,1.0,0.6521287891889131,0.999711577300486,0.30454600107734026,True,True,33.776,0.7614936828613281,0.28042343258857727,0.7528742551803589,0.288755863904953,0.6473641395568848,0.6833782196044922,0.23946481943130493,0.6620251536369324,0.6755099892616272,0.09132847934961319,0.6820372939109802,0.1282365471124649,0.34676095843315125,0.605065643787384
fusion_calibration,cal_a,split_internal_mix,mix::WF4::GTZAN_genre_8,True,1.0,1.0,0.0,1.0,1.0,0.29391314021900666,0.2322478706318967,0.3555784098061166,True,True,38.720125,0.7015843391418457,0.0030059595592319965,0.7020002603530884,0.003072755178436637,0.6697795987129211,0.9974541068077087,0.05954672023653984,0.7028160691261292,0.5543163418769836,0.10682877898216248,0.5450838208198547,0.10758259892463684,0.08624163269996643,0.715019941329956
fusion_calibration,cal_c,fake_music_generated,AudioLDM2,False,1.0,0.0,1.0,0.0,1.0,0.9590594230073229,0.9590594230073229,,False,True,5.83875,0.736871600151062,0.999473512172699,0.7264485955238342,0.9994459748268127,0.5911623239517212,0.999570906162262,0.010822175070643425,0.016101742163300514,0.6774343848228455,0.999691367149353,0.6903592944145203,0.9997137188911438,0.005950513295829296,0.9773299694061279
fusion_calibration,cal_c,gtzan_real_v2,GTZAN_genre_0,False,0.0,0.0,0.0,0.0,1.0,0.26501161898143055,0.2724621322226137,0.2575611057402474,True,True,30.013375,0.702473521232605,2.629357595651527e-06,0.6889525055885315,2.4589928671048256e-06,0.5093854665756226,0.9999915957450867,0.03662065416574478,0.8647060990333557,0.4545935392379761,0.04798634350299835,0.4700416326522827,0.04870413988828659,0.006454354617744684,0.9136893153190613
fusion_calibration,cal_a,fake_music_generated,MusicGen,False,1.0,0.0,1.0,0.0,1.0,0.9328738976460513,0.9328738976460513,,False,True,5.665625,0.7327714562416077,0.9999198913574219,0.7183177471160889,0.9999125003814697,0.5255430340766907,0.9999464750289917,0.017171308398246765,0.016989251598715782,0.7915312051773071,0.9994646906852722,0.8016417026519775,0.9995067119598389,0.014776067808270454,0.9590345621109009
fusion_calibration,cal_c,split_internal_mix,mix::R::GTZAN_genre_7,True,0.0,0.0,0.0,1.0,1.0,0.1284644026789952,0.15039958007851362,0.10652922527947678,True,True,30.0001875,0.7369030714035034,0.006319552659988403,0.7385611534118652,0.006392830051481724,0.9331483244895935,0.9892799854278564,0.32196497917175293,0.8355019092559814,0.0056107742711901665,0.17228595912456512,0.006066327448934317,0.19852623343467712,0.9765757918357849,0.18487513065338135
fusion_calibration,cal_b,librispeech_dev,LibriSpeech,False,0.0,0.0,0.0,1.0,0.0,0.01211816019279197,0.01211816019279197,,False,True,7.02,0.7528008818626404,0.5117709040641785,0.7599355578422546,0.5216629505157471,0.970099687576294,0.09912926703691483,0.7554003596305847,0.02749899961054325,0.051138054579496384,0.21355369687080383,0.05394604429602623,0.29362261295318604,0.9985785484313965,0.009227875620126724
fusion_calibration,cal_a,split_internal_mix,mix::WF7::GTZAN_genre_1,True,1.0,1.0,0.0,1.0,1.0,0.30241447036739066,0.29833166289865887,0.3064972778361225,True,True,37.7704375,0.7059956789016724,2.0581103044037263e-08,0.6840147972106934,1.905799607015979e-08,0.41559386253356934,1.0,0.018102267757058144,0.6626509428024292,0.4543531537055969,0.008858287706971169,0.4736722707748413,0.0090674739331007,0.0011501702247187495,0.9672267436981201
fusion_calibration,cal_a,split_internal_mix,mix::R::GTZAN_genre_9,True,0.0,0.0,0.0,1.0,1.0,0.5838977681881397,0.6524286673816675,0.5153668689946118,True,True,38.288375,0.723602294921875,0.29538530111312866,0.7288091778755188,0.2996218800544739,0.8411995768547058,0.7052127718925476,0.3972298800945282,0.5080893039703369,0.43386584520339966,0.13405433297157288,0.4345187842845917,0.158743754029274,0.40392354130744934,0.4395429790019989
fusion_calibration,cal_c,split_internal_mix,mix::LibriSpeech::GTZAN_genre_5,True,0.0,0.0,0.0,1.0,1.0,0.3551379051919805,0.4454942733465732,0.2647815370373879,True,True,30.013375,0.6675019264221191,5.7706263760337606e-05,0.6690157055854797,5.51913763047196e-05,0.7175240516662598,0.999992847442627,0.21862097084522247,0.6638901233673096,0.01962752640247345,0.19947630167007446,0.02222353406250477,0.19986073672771454,0.02389681525528431,0.724035918712616
fusion_calibration,cal_a,split_internal_mix,mix::WF7::GTZAN_genre_3,True,1.0,1.0,0.0,1.0,1.0,0.3831213225299842,0.4152208083870875,0.35102183667288084,True,True,30.0001875,0.7170671224594116,1.1194828175575822e-06,0.6902831196784973,1.051752406056039e-06,0.378371000289917,0.9999969601631165,0.01716340146958828,0.8574187159538269,0.4236072599887848,0.0011892644688487053,0.4339962601661682,0.0013512400910258293,0.016949178650975227,0.9825088381767273
fusion_calibration,cal_c,librispeech_dev,LibriSpeech,False,0.0,0.0,0.0,1.0,0.0,0.01907588140828996,0.02814785435104092,0.010003908465539006,True,True,8.875,0.752915620803833,0.6416409015655518,0.7602017521858215,0.6546797752380371,0.9690628051757812,0.11675999313592911,0.8040554523468018,0.024279989302158356,0.1659211963415146,0.2008712738752365,0.17124581336975098,0.28342002630233765,0.9986215829849243,0.006868998985737562
fusion_calibration,cal_b,split_internal_mix,mix::A01::GTZAN_genre_8,True,1.0,1.0,0.0,1.0,1.0,0.6187623177591737,0.23954299522178996,0.9979816402965573,True,True,31.7675625,0.7022383213043213,0.0004764959739986807,0.6960701942443848,0.00045145038166083395,0.610470712184906,0.9974334239959717,0.20816421508789062,0.8498833775520325,0.31935977935791016,0.261913001537323,0.3381826877593994,0.2535514831542969,0.28198280930519104,0.6135688424110413
fusion_calibration,cal_c,split_internal_mix,mix::LibriSpeech::GTZAN_genre_0,True,0.0,0.0,0.0,1.0,1.0,0.08430854594251294,0.07850115963380498,0.09011593225122091,True,True,38.788375,0.6971016526222229,0.0001924624666571617,0.7017810344696045,0.0001846655795816332,0.7084476351737976,0.9994396567344666,0.10099483281373978,0.820964515209198,0.12829847633838654,0.06442877650260925,0.1334550678730011,0.06842253357172012,0.014882608316838741,0.7136225700378418
fusion_calibration,cal_a,wavefake_ajay,WF5,False,1.0,1.0,0.0,1.0,0.0,0.9976963619046485,0.9976963619046485,,False,True,4.8065625,0.7540286779403687,0.5210896134376526,0.7630482316017151,0.5321258902549744,0.9803208112716675,0.08575831353664398,0.7776839733123779,0.019785908982157707,0.8362637162208557,0.13768501579761505,0.8403597474098206,0.19965343177318573,0.9978882670402527,0.006109931506216526
fusion_calibration,cal_b,librispeech_dev,LibriSpeech,False,0.0,0.0,0.0,1.0,0.0,0.011250982689455588,0.011250982689455588,,False,True,4.835,0.7329922318458557,0.53203946352005,0.739720344543457,0.5350791811943054,0.9622035622596741,0.14711272716522217,0.7920712232589722,0.025912227109074593,0.019373230636119843,0.27449461817741394,0.020925460383296013,0.3655170202255249,0.9992201328277588,0.010369311086833477
fusion_calibration,cal_a,split_internal_mix,mix::R::AudioLDM2,True,1.0,0.0,1.0,1.0,1.0,0.452665615416352,0.5297048718197646,0.3756263590129394,True,True,11.3506875,0.7491260766983032,0.5585265159606934,0.7589884996414185,0.5654140114784241,0.9647860527038574,0.1232948899269104,0.8044072389602661,0.029245086014270782,0.7557745575904846,0.1761549711227417,0.756464958190918,0.2354532927274704,0.9693456292152405,0.02475050836801529
fusion_calibration,cal_b,fake_music_generated,MusicGen,False,1.0,0.0,1.0,0.0,1.0,0.9517270667970439,0.9517270667970439,,False,True,5.440375,0.7360549569129944,0.9999426603317261,0.7241281867027283,0.9999371767044067,0.5802679061889648,0.9999641180038452,0.015562842600047588,0.013914838433265686,0.5846125483512878,0.9995597004890442,0.5938163995742798,0.9995951056480408,0.010238125920295715,0.9660183787345886
fusion_calibration,cal_b,split_internal_mix,mix::A01::AudioLDM2,True,1.0,1.0,1.0,1.0,1.0,0.9209576414277413,0.9209576414277413,,False,True,6.9366875,0.7294623255729675,0.9999288320541382,0.7146632671356201,0.9999222755432129,0.5315389633178711,0.9999599456787109,0.009972533211112022,0.022280378267169,0.6269485354423523,0.9997161030769348,0.6245669722557068,0.9997426867485046,0.014131059870123863,0.9736600518226624
fusion_calibration,cal_c,split_internal_mix,mix::LibriSpeech::MusicGen,True,1.0,0.0,1.0,1.0,1.0,0.5847778609752161,0.918205876338037,0.25134984561239515,True,True,15.4891875,0.7126351594924927,0.9991591572761536,0.7174549102783203,0.9991452693939209,0.6705874800682068,0.9976689219474792,0.015727439895272255,0.01425227988511324,0.8356921672821045,0.9948831796646118,0.8368315696716309,0.9966145753860474,0.2724628746509552,0.5740524530410767
fusion_calibration,cal_b,split_internal_mix,mix::WF7::MusicGen,True,1.0,1.0,1.0,1.0,1.0,0.9486285625827031,0.9674886016685135,0.9297685234968928,True,True,7.783625,0.7256750464439392,0.9997115731239319,0.7096625566482544,0.9996942281723022,0.48461347818374634,0.9998076558113098,0.013314994983375072,0.030918151140213013,0.820228636264801,0.99797123670578,0.8299808502197266,0.9981219172477722,0.044189829379320145,0.8503953218460083
fusion_calibration,cal_c,gtzan_real_v2,GTZAN_genre_0,False,0.0,0.0,0.0,0.0,1.0,0.2957567141891241,0.21426257609521737,0.37725085228303074,True,True,30.013375,0.6819651126861572,5.749601541538141e-07,0.6675413250923157,5.448527531370928e-07,0.49257493019104004,0.9999995231628418,0.01721191219985485,0.8733307719230652,0.49982205033302307,0.13347399234771729,0.5189166069030762,0.12823250889778137,0.002838933141902089,0.828169047832489
fusion_calibration,cal_b,asvspoof2019,bonafide,False,0.0,0.0,0.0,1.0,0.0,0.05284935376343776,0.05284935376343776,,False,True,3.1550625,0.703191876411438,0.4759760797023773,0.7169663310050964,0.47509893774986267,0.9761261940002441,0.0725325420498848,0.848587155342102,0.010921796783804893,0.20643562078475952,0.10565119981765747,0.20918524265289307,0.1794174164533615,0.9995120763778687,0.0007202161941677332
fusion_calibration,cal_b,gtzan_real_v2,GTZAN_genre_8,False,0.0,0.0,0.0,0.0,1.0,0.09766961001280942,0.06372840781346259,0.13161081221215626,True,True,30.0001875,0.6609170436859131,1.531706038804259e-05,0.6603516340255737,1.4817619558016304e-05,0.7401792407035828,0.9999896883964539,0.028377240523695946,0.8579487800598145,0.0357123501598835,0.21005621552467346,0.03830985724925995,0.2140938639640808,0.019641118124127388,0.5840787887573242
fusion_calibration,cal_b,split_internal_mix,mix::WF7::MusicGen,True,1.0,1.0,1.0,1.0,1.0,0.8951152626049607,0.9328099772707273,0.857420547939194,True,True,14.6114375,0.7347761392593384,0.9985454082489014,0.7313116788864136,0.998537003993988,0.6707891821861267,0.9973334074020386,0.2737239897251129,0.018601542338728905,0.8294028043746948,0.990714967250824,0.8324613571166992,0.991739809513092,0.16344569623470306,0.7413978576660156
fusion_calibration,cal_b,fake_music_generated,AudioLDM2,False,1.0,0.0,1.0,0.0,1.0,0.8934714214652767,0.8934714214652767,,False,True,5.8508125,0.7382850050926208,0.9999655485153198,0.7257513403892517,0.9999620914459229,0.5704852938652039,0.9999819993972778,0.017161622643470764,0.03543657064437866,0.622287392616272,0.9996572732925415,0.6380774974822998,0.9996851682662964,0.005670757498592138,0.9729645252227783
fusion_calibration,cal_c,split_internal_mix,mix::LibriSpeech::GTZAN_genre_9,True,0.0,0.0,0.0,1.0,1.0,0.4563638735781527,0.5043204515579124,0.40840729559839306,True,True,30.013375,0.7114531993865967,8.001287028491788e-07,0.6881203651428223,7.472486913684406e-07,0.4175175130367279,0.9999985694885254,0.026996394619345665,0.8422322273254395,0.5209779739379883,0.007654687389731407,0.5374307632446289,0.007876955904066563,0.006963765248656273,0.9538940787315369
fusion_calibration,cal_b,asvspoof2019,bonafide,False,0.0,0.0,0.0,1.0,0.0,0.0316322424602252,0.0316322424602252,,False,True,3.1510625,0.6954065561294556,0.3742285370826721,0.7089475989341736,0.3686078190803528,0.9511027336120605,0.11007903516292572,0.8214331269264221,0.011795004829764366,0.16856901347637177,0.10970120131969452,0.1740231066942215,0.17515350878238678,0.9993990659713745,0.0018816412193700671
fusion_calibration,cal_c,split_internal_mix,mix::LibriSpeech::GTZAN_genre_8,True,0.0,0.0,0.0,1.0,1.0,0.5561954794858803,0.5708870628132616,0.5415038961584991,True,True,33.2001875,0.6870430707931519,0.0006380248232744634,0.6873293519020081,0.0006195922032929957,0.7026877403259277,0.9980106353759766,0.025045126676559448,0.8670918941497803,0.3413558602333069,0.035888493061065674,0.3368021845817566,0.03872785344719887,0.20478634536266327,0.5924418568611145
fusion_calibration,cal_c,split_internal_mix,mix::WF2::GTZAN_genre_9,True,1.0,1.0,0.0,1.0,1.0,0.30956371275543193,0.4083061855801178,0.2108212399307461,True,True,30.013375,0.6866049766540527,3.466500493232161e-05,0.6790401935577393,3.338500391691923e-05,0.568979799747467,0.9999305605888367,0.03880930691957474,0.8714815974235535,0.29904109239578247,0.023004453629255295,0.3019452393054962,0.023823952302336693,0.035933539271354675,0.82793790102005
fusion_calibration,cal_a,split_internal_mix,mix::WF4::GTZAN_genre_1,True,1.0,1.0,0.0,1.0,1.0,0.9987838736300495,0.999404201105313,0.998163546154786,True,True,39.41825,0.7197946906089783,0.20983007550239563,0.7232432961463928,0.21152366697788239,0.8696208596229553,0.7137846946716309,0.2826053202152252,0.41938576102256775,0.5180565714836121,0.10564766824245453,0.5233561396598816,0.13458169996738434,0.3447006642818451,0.2591468393802643
fusion_calibration,cal_c,wavefake_ajay,WF1,False,1.0,1.0,0.0,1.0,0.0,0.9952634192400435,0.9947088749113535,0.9958179635687334,True,True,8.6726875,0.8022022247314453,0.42218339443206787,0.8048748970031738,0.42705556750297546,0.987349271774292,0.11029686033725739,0.7916865348815918,0.03429148346185684,0.8349794149398804,0.12743210792541504,0.8427376747131348,0.17705923318862915,0.9992152452468872,0.010183479636907578
fusion_calibration,cal_b,split_internal_mix,mix::LibriSpeech::GTZAN_genre_1,True,0.0,0.0,0.0,1.0,1.0,0.44240451541776515,0.2502606857746464,0.634548345060884,True,True,34.273375,0.7010325193405151,8.118278742585971e-07,0.674920916557312,7.926644229883095e-07,0.38674068450927734,0.9999998211860657,0.02363928221166134,0.7288517951965332,0.3564530611038208,0.9930800795555115,0.3955221176147461,0.9919955134391785,2.1249228666420095e-05,0.985343873500824
fusion_calibration,cal_c,split_internal_mix,mix::WF4::AudioLDM2,True,1.0,1.0,1.0,1.0,1.0,0.9291173315600179,0.9221974709534461,0.9360371921665895,True,True,15.556625,0.7526187300682068,0.9982853531837463,0.7600754499435425,0.9982874393463135,0.8539072871208191,0.9975048303604126,0.1018628254532814,0.02669745683670044,0.6093524694442749,0.9817095398902893,0.6064670085906982,0.9835826754570007,0.22378304600715637,0.7667589783668518
fusion_calibration,cal_b,wavefake_ajay,WF7,False,1.0,1.0,0.0,1.0,0.0,0.998210136843553,0.998210136843553,,False,True,6.002375,0.7787575125694275,0.5614256262779236,0.7839313745498657,0.5770132541656494,0.9785879850387573,0.09550324082374573,0.8267249464988708,0.030428694561123848,0.7287702560424805,0.15049408376216888,0.7349346876144409,0.2065253108739853,0.9976492524147034,0.014175438322126865
fusion_calibration,cal_c,split_internal_mix,mix::LibriSpeech::MusicGen,True,1.0,0.0,1.0,1.0,1.0,0.4152103090713126,0.7917235580873986,0.03869706005522669,True,True,9.387,0.6943385601043701,0.9997881650924683,0.707599401473999,0.9997752904891968,0.8178473711013794,0.9998974204063416,0.02184210903942585,0.04911570996046066,0.7893083095550537,0.9785727262496948,0.7936086654663086,0.9824041724205017,0.005414179526269436,0.7132264375686646
fusion_calibration,cal_b,fake_music_generated,MusicGen,False,1.0,0.0,1.0,0.0,1.0,0.9662707472941887,0.9662707472941887,,False,True,4.37475,0.7247996926307678,0.9997205138206482,0.7107457518577576,0.9997037053108215,0.5122490525245667,0.9998272061347961,0.013192412443459034,0.03475498408079147,0.8494975566864014,0.9976378679275513,0.8578247427940369,0.9977920055389404,0.04615500569343567,0.8497853875160217
fusion_calibration,cal_b,gtzan_real_v2,GTZAN_genre_0,False,0.0,0.0,0.0,0.0,1.0,0.18235571674062273,0.16797329778815148,0.19673813569309395,True,True,30.013375,0.7601765394210815,4.273638296581339e-06,0.729530394077301,4.029121555504389e-06,0.2975101172924042,0.9999886155128479,0.03346863016486168,0.9079915881156921,0.5074050426483154,0.0009488222422078252,0.5193919539451599,0.0010421627666801214,0.013932936824858189,0.9913824200630188
fusion_calibration,cal_a,fake_music_generated,AudioLDM2,False,1.0,0.0,1.0,0.0,1.0,0.9729185918641476,0.9729185918641476,,False,True,4.2426875,0.7289171814918518,0.9997586607933044,0.7152082324028015,0.9997430443763733,0.5336071252822876,0.999757707118988,0.014712471514940262,0.028120897710323334,0.7080867886543274,0.9994754195213318,0.713368833065033,0.9995146989822388,0.045588042587041855,0.9512593150138855
fusion_calibration,cal_a,split_internal_mix,mix::R::GTZAN_genre_1,True,0.0,0.0,0.0,1.0,1.0,0.28147232601031025,0.22290960981766286,0.3400350422029576,True,True,37.288375,0.71775221824646,0.25432223081588745,0.7240452766418457,0.25792962312698364,0.9172980785369873,0.7108834385871887,0.27050888538360596,0.4113962650299072,0.26267609000205994,0.14154595136642456,0.2652818262577057,0.19159653782844543,0.6573182940483093,0.11750483512878418
fusion_calibration,cal_c,fake_music_generated,AudioLDM2,False,1.0,0.0,1.0,0.0,1.0,0.963939166021086,0.963939166021086,,False,True,5.479125,0.730197548866272,0.9998303651809692,0.7170392870903015,0.9998180270195007,0.5335442423820496,0.9998511075973511,0.016431445255875587,0.014559375122189522,0.6986228823661804,0.9996470212936401,0.7111984491348267,0.999677300453186,0.02494060806930065,0.9594444632530212
fusion_calibration,cal_a,split_internal_mix,mix::R::AudioLDM2,True,1.0,0.0,1.0,1.0,1.0,0.1753205851123892,0.26797257081832676,0.08266859940645165,True,True,7.275,0.7426998615264893,0.9511620402336121,0.7476189732551575,0.9512169361114502,0.8389366269111633,0.9769549369812012,0.6591221690177917,0.5582067966461182,0.7240990400314331,0.6496692299842834,0.7155212163925171,0.6478970646858215,0.04656499996781349,0.7348554134368896
fusion_calibration,cal_c,split_internal_mix,mix::WF7::AudioLDM2,True,1.0,1.0,1.0,1.0,1.0,0.9272113950626222,0.9257834068975661,0.9286393832276784,True,True,8.6860625,0.7353734970092773,0.9999349117279053,0.738284170627594,0.9999293684959412,0.7131524085998535,0.9999557733535767,0.014793192967772484,0.020645733922719955,0.5660066604614258,0.9988261461257935,0.5708476305007935,0.9989364743232727,0.012163719162344933,0.9286318421363831
fusion_calibration,cal_b,split_internal_mix,mix::LibriSpeech::GTZAN_genre_0,True,0.0,0.0,0.0,1.0,1.0,0.3542851742197578,0.5863921496586947,0.12217819878082095,True,True,34.828375,0.6893798112869263,0.3651794493198395,0.6931642293930054,0.36824727058410645,0.7136284708976746,0.7472843527793884,0.2834753096103668,0.610988974571228,0.30155110359191895,0.18834471702575684,0.3027673363685608,0.24619333446025848,0.3867849111557007,0.4820452034473419
fusion_calibration,cal_c,split_internal_mix,mix::WF2::GTZAN_genre_3,True,1.0,1.0,0.0,1.0,1.0,0.7097122740705342,0.49222555089552095,0.9271989972455474,True,True,30.0001875,0.7002695798873901,0.0001442890497855842,0.6792073845863342,0.00013916287571191788,0.4261203706264496,0.999636709690094,0.04112841561436653,0.8845164179801941,0.517919659614563,0.0022228965535759926,0.5224673748016357,0.0024280729703605175,0.04232494905591011,0.9648868441581726
fusion_calibration,cal_a,gtzan_real_v2,GTZAN_genre_6,False,0.0,0.0,0.0,0.0,1.0,0.5187858524220297,0.8076919460788842,0.2298797587651753,True,True,30.0001875,0.6900911331176758,6.834095074736979e-06,0.6716229915618896,6.443759502872126e-06,0.4507720172405243,0.999991238117218,0.016760503873229027,0.8242513537406921,0.5613890290260315,0.008345027454197407,0.5738732814788818,0.008658443577587605,0.010880105197429657,0.9416704177856445
fusion_calibration,cal_c,split_internal_mix,mix::LibriSpeech::GTZAN_genre_8,True,0.0,0.0,0.0,1.0,1.0,0.5659820509967062,0.6263176922883729,0.5056464097050395,True,True,35.423375,0.7545665502548218,0.003453022101894021,0.7581781148910522,0.0034057339653372765,0.8554389476776123,0.9918184280395508,0.035423729568719864,0.8834466338157654,0.12253199517726898,0.06896688044071198,0.12400634586811066,0.08472958207130432,0.6458469033241272,0.34497395157814026
fusion_calibration,cal_c,split_internal_mix,mix::R::AudioLDM2,True,1.0,0.0,1.0,1.0,1.0,0.24213804032243022,0.4456209362088404,0.038655144436020035,True,True,8.93525,0.7418379783630371,0.5661157965660095,0.7506352663040161,0.573946475982666,0.9783228635787964,0.815638542175293,0.6631761193275452,0.41207394003868103,0.2994570732116699,0.15658141672611237,0.30653658509254456,0.2142849713563919,0.9057588577270508,0.0213693305850029
fusion_calibration,cal_b,gtzan_real_v2,GTZAN_genre_9,False,0.0,0.0,0.0,0.0,1.0,0.0371346314774424,0.031187340559581143,0.04308192239530366,True,True,30.013375,0.6934020519256592,2.068951835099142e-05,0.6812734603881836,1.9530962163116783e-05,0.5320462584495544,0.9999547004699707,0.0627933219075203,0.8853294253349304,0.5054896473884583,0.016524871811270714,0.5146594643592834,0.016680406406521797,0.024171890690922737,0.8829900622367859
fusion_calibration,cal_c,fake_music_generated,AudioLDM2,False,1.0,0.0,1.0,0.0,1.0,0.9080230781467328,0.9080230781467328,,False,True,4.8764375,0.7351833581924438,0.9999605417251587,0.7257001996040344,0.9999566078186035,0.6021117568016052,0.9999792575836182,0.018983101472258568,0.021228544414043427,0.5854706168174744,0.9994612336158752,0.5993828773498535,0.9994989633560181,0.006141862832009792,0.96588534116745
fusion_calibration,cal_a,split_internal_mix,mix::WF7::GTZAN_genre_1,True,1.0,1.0,0.0,1.0,1.0,0.9969561876021312,0.998025839663216,0.9958865355410464,True,True,36.9453125,0.7310065031051636,0.31067314743995667,0.7347557544708252,0.3162272572517395,0.8992798328399658,0.7391500473022461,0.28215688467025757,0.4206618368625641,0.2883189022541046,0.1756448894739151,0.29265618324279785,0.22050414979457855,0.3572482168674469,0.1761350780725479
fusion_calibration,cal_a,split_internal_mix,mix::R::GTZAN_genre_3,True,0.0,0.0,0.0,1.0,1.0,0.5400003344793491,0.5966749179089234,0.483325751049775,True,True,38.288375,0.7180657386779785,4.812754923477769e-05,0.6922560930252075,4.584476846503094e-05,0.3946168124675751,0.9999051690101624,0.019733846187591553,0.8430900573730469,0.5123313665390015,0.0026742778718471527,0.5266685485839844,0.0028937975876033306,0.018442433327436447,0.9723272323608398
fusion_calibration,cal_a,gtzan_real_v2,GTZAN_genre_0,False,0.0,0.0,0.0,0.0,1.0,0.330545764952188,0.2739546125515534,0.3871369173528227,True,True,30.013375,0.7152177691459656,2.7720266189135145e-06,0.6891266107559204,2.6245916160405613e-06,0.3847127854824066,0.9999950528144836,0.023532496765255928,0.8650743961334229,0.5138593912124634,0.003395987208932638,0.5306578278541565,0.003627873957157135,0.006494896020740271,0.9802919030189514
fusion_calibration,cal_b,asvspoof2019,A01,False,1.0,1.0,0.0,1.0,0.0,0.9996859306173219,0.9996859306173219,,False,True,4.983375,0.8179661631584167,0.5761236548423767,0.819064736366272,0.5915595889091492,0.9733534455299377,0.07736396044492722,0.6504189968109131,0.04066479951143265,0.9263538122177124,0.19423922896385193,0.9299057126045227,0.2683015465736389,0.9996742010116577,0.00843906868249178
fusion_calibration,cal_a,gtzan_real_v2,GTZAN_genre_0,False,0.0,0.0,0.0,0.0,1.0,0.4570496216138692,0.4647150656346797,0.44938417759305876,True,True,30.013375,0.7515558004379272,1.697445242143658e-07,0.7223232984542847,1.562154068324162e-07,0.3190268576145172,0.9999993443489075,0.019312957301735878,0.7894307971000671,0.5274198055267334,0.010618962347507477,0.5435460805892944,0.01078505627810955,0.008254489861428738,0.9720668196678162
fusion_calibration,cal_c,split_internal_mix,mix::LibriSpeech::GTZAN_genre_7,True,0.0,0.0,0.0,1.0,1.0,0.01948805421736606,0.0279163729366263,0.01105973549810582,True,True,38.3751875,0.7001532316207886,0.2994294762611389,0.7025030851364136,0.30735599994659424,0.7556357383728027,0.6960495114326477,0.29970166087150574,0.5595075488090515,0.17814064025878906,0.09373833239078522,0.18430426716804504,0.13098248839378357,0.36605992913246155,0.43858852982521057
fusion_calibration,cal_c,split_internal_mix,mix::LibriSpeech::AudioLDM2,True,1.0,0.0,1.0,1.0,1.0,0.4840840652435725,0.04355094090026376,0.9246171895868812,True,True,8.17825,0.700839638710022,0.7365142107009888,0.712276816368103,0.7407402992248535,0.9755237698554993,0.31024274230003357,0.6472373604774475,0.07573944330215454,0.10234121978282928,0.13359031081199646,0.10451342165470123,0.2076476514339447,0.996468186378479,0.002170784864574671
fusion_calibration,cal_c,gtzan_real_v2,GTZAN_genre_8,False,0.0,0.0,0.0,0.0,1.0,0.528296556779136,0.689705285753656,0.3668878278046161,True,True,30.0001875,0.6897993087768555,2.23235874727834e-05,0.6788288354873657,2.114216476911679e-05,0.5383102893829346,0.999910831451416,0.04335276782512665,0.9045377373695374,0.6410446166992188,0.005656988359987736,0.6322149634361267,0.006033712066709995,0.15207035839557648,0.8822231888771057
fusion_calibration,cal_a,gtzan_real_v2,GTZAN_genre_0,False,0.0,0.0,0.0,0.0,1.0,0.39102815130156854,0.5109175010456617,0.27113880155747544,True,True,30.013375,0.7696899771690369,4.142152079111838e-07,0.7377262115478516,3.8481823594338493e-07,0.2873516082763672,0.9999992251396179,0.01769927330315113,0.864870548248291,0.5375707149505615,0.0031313684303313494,0.5510885715484619,0.003175657708197832,0.005369143560528755,0.9922895431518555
fusion_calibration,cal_a,split_internal_mix,mix::R::GTZAN_genre_8,True,0.0,0.0,0.0,1.0,1.0,0.4348390858881912,0.4187713039357917,0.45090686784059064,True,True,30.0001875,0.6865304112434387,0.00014167962945066392,0.6729987859725952,0.00013456985470838845,0.528428316116333,0.9995402693748474,0.08794621378183365,0.8594069480895996,0.5143641233444214,0.03996683657169342,0.5219955444335938,0.040101028978824615,0.022374318912625313,0.808323085308075
fusion_calibration,cal_a,split_internal_mix,mix::WF1::AudioLDM2,True,1.0,1.0,1.0,1.0,1.0,0.9557454905922207,0.9586360944068999,0.9528548867775416,True,True,12.2535,0.7141859531402588,0.9988545179367065,0.7163203358650208,0.9988338947296143,0.6733661890029907,0.9959157109260559,0.013958741910755634,0.026681434363126755,0.7448645830154419,0.9963711500167847,0.7445077896118164,0.9973646402359009,0.27001991868019104,0.6331982612609863
fusion_calibration,cal_a,split_internal_mix,mix::R::AudioLDM2,True,1.0,0.0,1.0,1.0,1.0,0.5463239647692255,0.22855918581728138,0.8640887437211697,True,True,11.628875,0.6931489706039429,0.7293248176574707,0.7056658864021301,0.7290977835655212,0.8930544257164001,0.600409984588623,0.40823227167129517,0.035652853548526764,0.2948538362979889,0.5811031460762024,0.2960646450519562,0.6173989772796631,0.47919216752052307,0.2259070873260498
fusion_calibration,cal_a,split_internal_mix,mix::R::AudioLDM2,True,1.0,0.0,1.0,1.0,1.0,0.5988677440416309,0.29611589862694,0.9016195894563218,True,True,12.0176875,0.731879472732544,0.7837203741073608,0.743792712688446,0.7848520278930664,0.9538909196853638,0.5568817257881165,0.5995090007781982,0.08615992963314056,0.665657639503479,0.5377292037010193,0.6580170392990112,0.5879011750221252,0.7410526871681213,0.12255014479160309
fusion_calibration,cal_b,gtzan_real_v2,GTZAN_genre_4,False,0.0,0.0,0.0,0.0,1.0,0.18559379003088278,0.0991943184964596,0.27199326156530595,True,True,30.013375,0.6783103942871094,2.5178702344419435e-05,0.6694726943969727,2.3745216822135262e-05,0.5316320657730103,0.9998447299003601,0.06274908781051636,0.8745829463005066,0.39026790857315063,0.037705231457948685,0.39558786153793335,0.0376117043197155,0.05058017000555992,0.8433189392089844
fusion_calibration,cal_b,gtzan_real_v2,GTZAN_genre_3,False,0.0,0.0,0.0,0.0,1.0,0.6124690907739838,0.5317214306922934,0.6932167508556741,True,True,30.0001875,0.67167067527771,1.1914598871953785e-05,0.6596183776855469,1.131042154156603e-05,0.509686291217804,0.9999749064445496,0.018852204084396362,0.8725674748420715,0.47564539313316345,0.0056288354098796844,0.48459649085998535,0.006097960285842419,0.02944750338792801,0.9054167866706848
fusion_calibration,cal_a,split_internal_mix,mix::WF2::MusicGen,True,1.0,1.0,1.0,1.0,1.0,0.830451428966744,0.8664209276785777,0.7944819302549103,True,True,12.0281875,0.7339507341384888,0.9989992380142212,0.7352655529975891,0.9989765882492065,0.6981860399246216,0.9989719390869141,0.23906970024108887,0.014709044247865677,0.5700644254684448,0.9991391897201538,0.5713968276977539,0.9992091655731201,0.009317295625805855,0.9541293978691101
fusion_calibration,cal_a,split_internal_mix,mix::WF2::AudioLDM2,True,1.0,1.0,1.0,1.0,1.0,0.8655061100279181,0.8655061100279181,,False,True,6.4319375,0.7496930360794067,0.9943812489509583,0.7545266151428223,0.9943384528160095,0.8327776789665222,0.995053231716156,0.542527437210083,0.08776787668466568,0.5595051050186157,0.9705424308776855,0.5504568815231323,0.9690454602241516,0.0816643238067627,0.8234313726425171
fusion_calibration,cal_c,split_internal_mix,mix::WF3::AudioLDM2,True,1.0,1.0,1.0,1.0,1.0,0.9961298627202013,0.9961298627202013,,False,True,6.9534375,0.7054261565208435,0.8946439027786255,0.7159392237663269,0.8949946165084839,0.9783651232719421,0.6917968988418579,0.6421457529067993,0.05227923393249512,0.5540472269058228,0.17432035505771637,0.5530557632446289,0.25427013635635376,0.981173574924469,0.0036777209024876356
fusion_calibration,cal_b,split_internal_mix,mix::LibriSpeech::GTZAN_genre_5,True,0.0,0.0,0.0,1.0,1.0,0.5974490970589026,0.39822729034577653,0.7966709037720288,True,True,30.013375,0.6977099180221558,0.0001302166929235682,0.6816679239273071,0.0001297175622312352,0.48170915246009827,0.9997469782829285,0.059493016451597214,0.7001659870147705,0.4033169150352478,0.20495206117630005,0.4124775528907776,0.19967643916606903,0.01273693609982729,0.8340473175048828
fusion_calibration,cal_a,split_internal_mix,mix::WF7::AudioLDM2,True,1.0,1.0,1.0,1.0,1.0,0.9515039736432713,0.9350857572161442,0.9679221900703984,True,True,14.865,0.7634480595588684,0.4564230740070343,0.7704763412475586,0.4601653218269348,0.9848983287811279,0.14235949516296387,0.802605152130127,0.028396449983119965,0.5506010055541992,0.17624661326408386,0.5577642917633057,0.24291017651557922,0.9961916208267212,0.008907039649784565
fusion_calibration,cal_c,librispeech_dev,LibriSpeech,False,0.0,0.0,0.0,1.0,0.0,0.026359193059014185,0.024440143651255058,0.028278242466773316,True,True,8.86,0.7388432025909424,0.5877233147621155,0.7394660711288452,0.5979340076446533,0.9148395657539368,0.1185062825679779,0.826856791973114,0.026012785732746124,0.04152856767177582,0.13205581903457642,0.04409303516149521,0.16891762614250183,0.9985119700431824,0.029049016535282135
fusion_calibration,cal_c,gtzan_real_v2,GTZAN_genre_9,False,0.0,0.0,0.0,0.0,1.0,0.22930430344742941,0.20889717223261517,0.2497114346622437,True,True,30.013375,0.6641336679458618,2.1576865037786774e-05,0.6558163166046143,2.0782939827768132e-05,0.535738468170166,0.9999741911888123,0.10430862754583359,0.7986344695091248,0.4565661549568176,0.04566974937915802,0.45651692152023315,0.04624864459037781,0.0225389301776886,0.8242198824882507
fusion_calibration,cal_a,split_internal_mix,mix::WF7::GTZAN_genre_9,True,1.0,1.0,0.0,1.0,1.0,0.984370882645264,0.9920305950909241,0.9767111701996039,True,True,36.43375,0.7335058450698853,0.27659696340560913,0.7365543842315674,0.28418874740600586,0.7986412048339844,0.7036833167076111,0.2894896864891052,0.5477584004402161,0.40454256534576416,0.13581815361976624,0.41125956177711487,0.16468968987464905,0.36183425784111023,0.43209847807884216
fusion_calibration,cal_b,split_internal_mix,mix::LibriSpeech::GTZAN_genre_3,True,0.0,0.0,0.0,1.0,1.0,0.43836107230529187,0.1011664703327324,0.7755556742778513,True,True,34.2351875,0.7191042304039001,0.0733586996793747,0.721038818359375,0.0700146034359932,0.9343060851097107,0.7687870860099792,0.3090084195137024,0.594188392162323,0.00963522121310234,0.12620346248149872,0.010275432839989662,0.15066248178482056,0.778719961643219,0.1373436003923416
fusion_calibration,cal_a,split_internal_mix,mix::R::GTZAN_genre_7,True,0.0,0.0,0.0,1.0,1.0,0.21527572547395676,0.1475143125838051,0.28303713836410843,True,True,30.0001875,0.6912018060684204,4.2039519030367956e-06,0.6883097887039185,4.005953996966127e-06,0.6526135802268982,0.9999915957450867,0.28147563338279724,0.8202818036079407,0.23688659071922302,0.0755733847618103,0.24603287875652313,0.07687206566333771,0.003598160808905959,0.8368566632270813
fusion_calibration,cal_b,split_internal_mix,mix::bonafide::AudioLDM2,True,1.0,0.0,1.0,1.0,1.0,0.4643550703019846,0.04337858942553651,0.8853315511784327,True,True,8.8065,0.6681705713272095,0.9063295125961304,0.6828511953353882,0.908132791519165,0.942142128944397,0.662966251373291,0.6429269313812256,0.022150538861751556,0.07679499685764313,0.2924762964248657,0.07749577611684799,0.4062498211860657,0.9298095703125,0.004245801828801632
fusion_calibration,cal_a,gtzan_real_v2,GTZAN_genre_8,False,0.0,0.0,0.0,0.0,1.0,0.47949221606682335,0.4834582976266948,0.47552613450695186,True,True,30.0001875,0.6894371509552002,0.00017335268785245717,0.672450602054596,0.0001640094124013558,0.48934900760650635,0.9992793202400208,0.03456304967403412,0.8481626510620117,0.5795509219169617,0.04322625324130058,0.5847527384757996,0.04318186640739441,0.03761756047606468,0.8007029891014099
fusion_calibration,cal_a,gtzan_real_v2,GTZAN_genre_4,False,0.0,0.0,0.0,0.0,1.0,0.6510040538406162,0.3622813164758106,0.9397267912054218,True,True,30.013375,0.6813318729400635,9.363830758957192e-05,0.674565315246582,8.845626143738627e-05,0.5706321597099304,0.9996172785758972,0.08403828740119934,0.8368403315544128,0.5793272256851196,0.02295099012553692,0.5740712881088257,0.023317180573940277,0.043691426515579224,0.7803530693054199
fusion_calibration,cal_b,split_internal_mix,mix::LibriSpeech::MusicGen,True,1.0,0.0,1.0,1.0,1.0,0.8667218380387636,0.9473457661151097,0.7860979099624175,True,True,12.125375,0.7272027730941772,0.9998509883880615,0.7241939902305603,0.9998432397842407,0.6429848670959473,0.9998021125793457,0.009221715852618217,0.019791584461927414,0.6386052370071411,0.9988678693771362,0.6371772885322571,0.9990626573562622,0.08798366785049438,0.8556948900222778
fusion_calibration,cal_b,split_internal_mix,mix::WF1::GTZAN_genre_9,True,1.0,1.0,0.0,1.0,1.0,0.8103034801446698,0.7175144609354864,0.903092499353853,True,True,31.6155625,0.6963944435119629,4.999649718229193e-06,0.682260274887085,4.717880528914975e-06,0.525488555431366,0.9999915957450867,0.022129157558083534,0.8479530811309814,0.4765249192714691,0.020273439586162567,0.4892408549785614,0.021189037710428238,0.009059964679181576,0.8506343960762024
fusion_calibration,cal_b,split_internal_mix,mix::A01::GTZAN_genre_2,True,1.0,1.0,0.0,1.0,1.0,0.531709396447253,0.9995099713708225,0.06390882152368359,True,True,32.6144375,0.7071021795272827,0.019463373348116875,0.7106747031211853,0.019207369536161423,0.8259644508361816,0.9279919266700745,0.2538350820541382,0.8256919384002686,0.10390711575746536,0.1734980046749115,0.10922474414110184,0.21494460105895996,0.3389648497104645,0.35310646891593933
fusion_calibration,cal_b,split_internal_mix,mix::WF1::MusicGen,True,1.0,1.0,1.0,1.0,1.0,0.996062043339554,0.996062043339554,,False,True,5.2260625,0.7452102899551392,0.9606457948684692,0.7494188547134399,0.9604817032814026,0.8733996748924255,0.9824175238609314,0.5027628540992737,0.16068848967552185,0.8574174642562866,0.4331507980823517,0.8534338474273682,0.4463210701942444,0.21226395666599274,0.5234484076499939
fusion_calibration,cal_b,gtzan_real_v2,GTZAN_genre_5,False,0.0,0.0,0.0,0.0,1.0,0.5463176957612257,0.6057445050357874,0.4868908864866639,True,True,30.013375,0.7073559761047363,8.674772288941313e-06,0.6943163871765137,8.445301318715792e-06,0.5193700194358826,0.9999890327453613,0.020015953108668327,0.7100763320922852,0.4198576807975769,0.15258121490478516,0.4422270655632019,0.1495535671710968,0.0029187267646193504,0.8895578980445862
fusion_calibration,cal_a,split_internal_mix,mix::WF7::GTZAN_genre_9,True,1.0,1.0,0.0,1.0,1.0,0.9664156129505821,0.9965107146594874,0.9363205112416767,True,True,36.9345,0.7335165739059448,0.27274489402770996,0.7356300354003906,0.27991989254951477,0.8719348907470703,0.6939888000488281,0.519041121006012,0.42984020709991455,0.40777286887168884,0.18824908137321472,0.4112064838409424,0.2304053008556366,0.9539527893066406,0.1228298768401146
fusion_calibration,cal_a,wavefake_ajay,WF4,False,1.0,1.0,0.0,1.0,0.0,0.9992750806413557,0.9992750806413557,,False,True,6.3390625,0.7689594030380249,0.4888305068016052,0.7741519212722778,0.49928373098373413,0.9711449146270752,0.08074148744344711,0.715041995048523,0.02865905500948429,0.8267514705657959,0.12042564898729324,0.8325703144073486,0.16839681565761566,0.9977432489395142,0.013922102749347687
fusion_calibration,cal_c,wavefake_ajay,WF7,False,1.0,1.0,0.0,1.0,0.0,0.9968020859689957,0.9968020859689957,,False,True,3.8313125,0.791697084903717,0.5131761431694031,0.7966384887695312,0.5246094465255737,0.9862529635429382,0.10572982579469681,0.85257488489151,0.02473992295563221,0.6552301645278931,0.15550749003887177,0.6649446487426758,0.21345797181129456,0.99869304895401,0.01204141229391098
fusion_calibration,cal_b,split_internal_mix,mix::A01::AudioLDM2,True,1.0,1.0,1.0,1.0,1.0,0.9641602750773917,0.9929084820540757,0.9354120681007078,True,True,7.6611875,0.6848950386047363,0.9448442459106445,0.6995271444320679,0.9454657435417175,0.9603963494300842,0.6779139041900635,0.5012001395225525,0.0327068567276001,0.49969035387039185,0.28509336709976196,0.4958467185497284,0.40995660424232483,0.9840120077133179,0.0031959719490259886
fusion_calibration,cal_c,gtzan_real_v2,GTZAN_genre_6,False,0.0,0.0,0.0,0.0,1.0,0.4700337568857964,0.4650349627877946,0.47503255098379815,True,True,30.013375,0.7814546823501587,7.221728992590215e-06,0.7479749917984009,6.71069574309513e-06,0.26743295788764954,0.9999887347221375,0.0314067006111145,0.8401763439178467,0.5429134964942932,0.00019613769836723804,0.5557543039321899,0.00022160809021443129,0.0029804192017763853,0.9972061514854431
fusion_calibration,cal_a,split_internal_mix,mix::WF4::AudioLDM2,True,1.0,1.0,1.0,1.0,1.0,0.9672692777778771,0.935341068640934,0.9991974869148201,True,True,13.7063125,0.7673183083534241,0.9925631284713745,0.7753145694732666,0.9926722645759583,0.868926465511322,0.9849040508270264,0.2649011015892029,0.11015941202640533,0.9051836729049683,0.9201505184173584,0.9034391641616821,0.9326218366622925,0.47566893696784973,0.562854528427124
fusion_calibration,cal_c,split_internal_mix,mix::WF6::GTZAN_genre_0,True,1.0,1.0,0.0,1.0,1.0,0.995350937381818,0.9994633287237586,0.9912385460398774,True,True,39.326125,0.7189565896987915,0.24508272111415863,0.7249336242675781,0.2491338849067688,0.9564571380615234,0.6774408221244812,0.34701022505760193,0.33699676394462585,0.3595089018344879,0.17636479437351227,0.36376357078552246,0.24776092171669006,0.9860026240348816,0.008082383312284946
fusion_calibration,cal_b,fake_music_generated,AudioLDM2,False,1.0,0.0,1.0,0.0,1.0,0.8312843219388,0.8312843219388,,False,True,5.345625,0.733937680721283,0.9999009370803833,0.721906840801239,0.9998924732208252,0.5776758790016174,0.9999438524246216,0.01490005012601614,0.03457580506801605,0.6672192215919495,0.9997081160545349,0.6628319025039673,0.9997348189353943,0.01941707916557789,0.9760846495628357
fusion_calibration,cal_a,split_internal_mix,mix::R::AudioLDM2,True,1.0,0.0,1.0,1.0,1.0,0.5369755143359461,0.9678580844834087,0.10609294418848363,True,True,11.316,0.7393918037414551,0.9998174905776978,0.7392926216125488,0.9998049736022949,0.6993728876113892,0.9998747110366821,0.16723942756652832,0.020666737109422684,0.6420862078666687,0.9981409907341003,0.6450304985046387,0.9982261657714844,0.01576867327094078,0.9392780065536499
fusion_calibration,cal_b,split_internal_mix,mix::WF1::AudioLDM2,True,1.0,1.0,1.0,1.0,1.0,0.9989308278043173,0.9989308278043173,,False,True,4.296625,0.7403523325920105,0.9673059582710266,0.7454357147216797,0.9674047827720642,0.9542193412780762,0.9476183652877808,0.4933805465698242,0.07248903065919876,0.2064209282398224,0.18238593637943268,0.20900505781173706,0.22666221857070923,0.7401465177536011,0.06946961581707001
fusion_calibration,cal_c,gtzan_real_v2,GTZAN_genre_6,False,0.0,0.0,0.0,0.0,1.0,0.5008416486129386,0.5560153788802166,0.4456679183456605,True,True,30.0001875,0.7098976373672485,1.376107121586756e-07,0.6845288872718811,1.285617514668047e-07,0.39044633507728577,0.9999999403953552,0.01880543678998947,0.8736849427223206,0.5426924824714661,0.00732590164989233,0.557705819606781,0.007436014711856842,0.006568282842636108,0.9811761379241943
fusion_calibration,cal_b,fake_music_generated,MusicGen,False,1.0,0.0,1.0,0.0,1.0,0.936441832770949,0.936441832770949,,False,True,5.2260625,0.7228612303733826,0.9998365640640259,0.7089554667472839,0.9998242259025574,0.5239697694778442,0.9998900890350342,0.01961098611354828,0.025101887062191963,0.8221606612205505,0.999079704284668,0.8318799734115601,0.9991401433944702,0.018763400614261627,0.9449378252029419
fusion_calibration,cal_b,asvspoof2019,A01,False,1.0,1.0,0.0,1.0,0.0,0.9996547472113917,0.9996547472113917,,False,True,3.5575625,0.8084163069725037,0.5893427729606628,0.8133834600448608,0.6046618819236755,0.9905017614364624,0.0507272407412529,0.8017305731773376,0.016765356063842773,0.7964115738868713,0.18871644139289856,0.802145779132843,0.2830584943294525,0.9999202489852905,0.0022950591519474983
fusion_calibration,cal_b,split_internal_mix,mix::LibriSpeech::GTZAN_genre_5,True,0.0,0.0,0.0,1.0,1.0,0.7761661004189385,0.7484873136510278,0.8038448871868492,True,True,33.905875,0.7154462337493896,3.452724195085466e-05,0.6924450397491455,3.3198779419763014e-05,0.4113670289516449,0.99993896484375,0.016365837305784225,0.6498731970787048,0.49661362171173096,0.293731689453125,0.5041986703872681,0.28096601366996765,0.011304532177746296,0.8862555623054504
fusion_calibration,cal_b,split_internal_mix,mix::LibriSpeech::AudioLDM2,True,1.0,0.0,1.0,1.0,1.0,0.571000677427723,0.9298449419309803,0.21215641292446566,True,True,9.59775,0.7133432626724243,0.9997949004173279,0.7142292261123657,0.9997888207435608,0.649975061416626,0.9996019601821899,0.009827294386923313,0.02703011780977249,0.6787428855895996,0.9981881976127625,0.6765813827514648,0.9986860752105713,0.11248505860567093,0.7036194801330566
fusion_calibration,cal_a,split_internal_mix,mix::WF4::AudioLDM2,True,1.0,1.0,1.0,1.0,1.0,0.8424993337414683,0.8424993337414683,,False,True,7.4684375,0.7480350732803345,0.9951940178871155,0.7550714015960693,0.9952164888381958,0.9372397661209106,0.993872880935669,0.4521223306655884,0.11906308680772781,0.5722715258598328,0.8617912530899048,0.5676059722900391,0.8820654153823853,0.309944748878479,0.28794044256210327
fusion_calibration,cal_c,split_internal_mix,mix::WF2::GTZAN_genre_6,True,1.0,1.0,0.0,1.0,1.0,0.3102763793680674,0.505600452887271,0.11495230584886383,True,True,37.1063125,0.7408409118652344,0.26048409938812256,0.7329839468002319,0.26784101128578186,0.6272702217102051,0.6945392489433289,0.30431753396987915,0.5841972827911377,0.6740078330039978,0.06692484021186829,0.6807509660720825,0.09210991859436035,0.35160529613494873,0.6505007743835449
fusion_calibration,cal_a,split_internal_mix,mix::R::GTZAN_genre_8,True,0.0,0.0,0.0,1.0,1.0,0.19704048083575187,0.14013420851603955,0.2539467531554642,True,True,30.013375,0.7070642113685608,0.015392132103443146,0.7119207382202148,0.01570860855281353,0.9261435866355896,0.972136914730072,0.5330464243888855,0.8394247889518738,0.017485961318016052,0.1420363187789917,0.018201040104031563,0.1904657781124115,0.8657321929931641,0.0945625975728035
fusion_calibration,cal_c,gtzan_real_v2,GTZAN_genre_3,False,0.0,0.0,0.0,0.0,1.0,0.17016118888662607,0.17553209571234663,0.16479028206090549,True,True,30.013375,0.7043943405151367,2.261884401377756e-05,0.6810309886932373,2.1586874936474487e-05,0.4133557081222534,0.9999528527259827,0.02947275899350643,0.8412792086601257,0.5259430408477783,0.002635057084262371,0.5339558124542236,0.0028879926539957523,0.027332095429301262,0.9665646553039551
fusion_calibration,cal_b,gtzan_real_v2,GTZAN_genre_3,False,0.0,0.0,0.0,0.0,1.0,0.46258022850541425,0.5278782731942037,0.39728218381662483,True,True,30.0001875,0.689159631729126,8.518274262314662e-05,0.6887496709823608,8.18105909274891e-05,0.6247578263282776,0.9997074604034424,0.031899046152830124,0.8525952696800232,0.373289555311203,0.022071776911616325,0.38588806986808777,0.023590583354234695,0.16073502600193024,0.7926054000854492
fusion_calibration,cal_c,split_internal_mix,mix::WF4::MusicGen,True,1.0,1.0,1.0,1.0,1.0,0.9993780131129135,0.9994900763512784,0.9992659498745485,True,True,16.6916875,0.7636224627494812,0.4836902916431427,0.7709795236587524,0.4903581142425537,0.9852887392044067,0.09929121285676956,0.7385071516036987,0.04288851469755173,0.7218078374862671,0.15203961730003357,0.7286895513534546,0.21473312377929688,0.99729323387146,0.008781802840530872
fusion_calibration,cal_b,asvspoof2019,A01,False,1.0,1.0,0.0,1.0,0.0,0.9998011270473885,0.9998011270473885,,False,True,2.017375,0.7018956542015076,0.4641382396221161,0.721527099609375,0.45769888162612915,0.9850190281867981,0.0349263921380043,0.8197199106216431,0.03838101029396057,0.8418731093406677,0.10251317173242569,0.8390923142433167,0.18927909433841705,0.999393105506897,0.0002385196421528235
fusion_calibration,cal_c,librispeech_dev,LibriSpeech,False,0.0,0.0,0.0,1.0,0.0,0.010896405507584635,0.010896405507584635,,False,True,4.84,0.7916733026504517,0.5113756656646729,0.7973193526268005,0.5231657028198242,0.9878109097480774,0.07479383051395416,0.7900767922401428,0.035522203892469406,0.3317870497703552,0.1328658014535904,0.34011712670326233,0.1947411447763443,0.9992464780807495,0.004808643367141485
fusion_calibration,cal_c,split_internal_mix,mix::WF2::GTZAN_genre_7,True,1.0,1.0,0.0,1.0,1.0,0.6154936963955615,0.4908652077379356,0.7401221850531873,True,True,31.8984375,0.7101770639419556,2.4600914912298322e-05,0.6903883814811707,2.3503574993810616e-05,0.47110867500305176,0.9999478459358215,0.020536622032523155,0.8365705609321594,0.5031127333641052,0.00834416039288044,0.5125861167907715,0.008731834590435028,0.016948988661170006,0.9190952777862549
fusion_calibration,cal_a,split_internal_mix,mix::R::GTZAN_genre_8,True,0.0,0.0,0.0,1.0,1.0,0.19847575718798616,0.1631772290229397,0.23377428535303257,True,True,37.3751875,0.6974821090698242,3.517440563882701e-05,0.689224898815155,3.3165764762088656e-05,0.5408991575241089,0.9998703002929688,0.02035270631313324,0.8038497567176819,0.5329728126525879,0.0320584662258625,0.5370779037475586,0.03221270814538002,0.01661827601492405,0.8603002429008484
fusion_calibration,cal_b,librispeech_dev,LibriSpeech,False,0.0,0.0,0.0,1.0,0.0,0.08304536822968643,0.08304536822968643,,False,True,3.46,0.6929216384887695,0.5814917683601379,0.70503830909729,0.5883886814117432,0.9630696177482605,0.11629918217658997,0.8943527936935425,0.009634662419557571,0.04723438620567322,0.2318369448184967,0.04932915046811104,0.3376249670982361,0.9983280301094055,0.003139766165986657
fusion_calibration,cal_a,split_internal_mix,mix::WF4::MusicGen,True,1.0,1.0,1.0,1.0,1.0,0.43701166139054837,0.43701166139054837,,False,True,8.248875,0.740653395652771,0.9992462992668152,0.747403085231781,0.9992096424102783,0.8246489763259888,0.9995641708374023,0.35009267926216125,0.06774578243494034,0.8872052431106567,0.977828860282898,0.8873987793922424,0.9778847098350525,0.029941357672214508,0.8443355560302734
fusion_calibration,cal_b,split_internal_mix,mix::WF3::AudioLDM2,True,1.0,1.0,1.0,1.0,1.0,0.9357158716584157,0.9089339854314396,0.9624977578853919,True,True,13.835625,0.7184888124465942,0.998724102973938,0.7229453325271606,0.9987210631370544,0.7551521062850952,0.9963696599006653,0.14271776378154755,0.03247324749827385,0.6605221033096313,0.982587456703186,0.6605008840560913,0.987869381904602,0.3046434223651886,0.548050582408905
fusion_calibration,cal_b,asvspoof2019,A02,False,1.0,1.0,0.0,1.0,0.0,0.9976803079691856,0.9976803079691856,,False,True,2.6554375,0.6673716306686401,0.4551246464252472,0.6898118257522583,0.44727256894111633,0.9754549264907837,0.04807339236140251,0.815729022026062,0.02484908141195774,0.8449418544769287,0.10937316715717316,0.8410771489143372,0.19748404622077942,0.9984509944915771,0.0003032699169125408
fusion_calibration,cal_a,split_internal_mix,mix::WF5::AudioLDM2,True,1.0,1.0,1.0,1.0,1.0,0.8549758291782297,0.9088054117271555,0.8011462466293039,True,True,8.5250625,0.7324191331863403,0.9999605417251587,0.7184425592422485,0.9999565482139587,0.5499094724655151,0.9999774694442749,0.015512429177761078,0.010896347463130951,0.6044343113899231,0.9996449947357178,0.6111379861831665,0.9996748566627502,0.01164300087839365,0.969528317451477
fusion_calibration,cal_c,split_internal_mix,mix::LibriSpeech::GTZAN_genre_4,True,0.0,0.0,0.0,1.0,1.0,0.550230638865902,0.306549484441162,0.7939117932906419,True,True,30.508375,0.6764683723449707,0.001270345295779407,0.6723867654800415,0.001228881417773664,0.7325568199157715,0.9955518841743469,0.32895219326019287,0.8945184350013733,0.2591548562049866,0.05392085388302803,0.2584558427333832,0.05674571543931961,0.48523303866386414,0.33463606238365173
fusion_calibration,cal_c,librispeech_dev,LibriSpeech,False,0.0,0.0,0.0,1.0,0.0,0.08608150724587123,0.08608150724587123,,False,True,2.7,0.6819426417350769,0.4373534023761749,0.7008196711540222,0.42869094014167786,0.9803871512413025,0.07657059282064438,0.8394336104393005,0.027577480301260948,0.23582610487937927,0.12152347713708878,0.23611529171466827,0.20743314921855927,0.9985435009002686,0.0006015666876919568
fusion_calibration,cal_c,gtzan_real_v2,GTZAN_genre_8,False,0.0,0.0,0.0,0.0,1.0,0.34028947553489547,0.32749164750979576,0.3530873035599952,True,True,30.013375,0.6762425899505615,1.2777765050486778e-06,0.6655736565589905,1.1729496236512205e-06,0.5237498879432678,0.9999954104423523,0.0191215667873621,0.8720625042915344,0.5070411562919617,0.027680590748786926,0.5235148072242737,0.028307411819696426,0.014043590985238552,0.8037679195404053
fusion_calibration,cal_a,split_internal_mix,mix::R::AudioLDM2,True,1.0,0.0,1.0,1.0,1.0,0.40115486040876136,0.4141150840009397,0.38819463681658295,True,True,13.1894375,0.757736325263977,0.5333719253540039,0.7662715315818787,0.540674090385437,0.9679759740829468,0.11208535730838776,0.7906222343444824,0.027572494000196457,0.7270562052726746,0.16557130217552185,0.7297124862670898,0.22077879309654236,0.9733419418334961,0.02572215534746647
fusion_calibration,cal_c,split_internal_mix,mix::WF5::AudioLDM2,True,1.0,1.0,1.0,1.0,1.0,0.9592157356862347,0.9968286952197851,0.9216027761526844,True,True,13.9776875,0.7977399826049805,0.6421507000923157,0.8021512031555176,0.6546108722686768,0.9835466146469116,0.13240104913711548,0.7653498649597168,0.18732000887393951,0.8286601901054382,0.17885228991508484,0.8329489231109619,0.2428409606218338,0.9983752965927124,0.012752344831824303
fusion_calibration,cal_c,librispeech_dev,LibriSpeech,False,0.0,0.0,0.0,1.0,0.0,0.04151906343116565,0.04151906343116565,,False,True,2.815,0.7252445816993713,0.443424254655838,0.7363575100898743,0.4371679723262787,0.9881526827812195,0.05320967733860016,0.8501316905021667,0.04402339458465576,0.10898751020431519,0.09139924496412277,0.11313840001821518,0.15947572886943817,0.9996370077133179,0.0005510707851499319
fusion_calibration,cal_c,split_internal_mix,mix::WF5::AudioLDM2,True,1.0,1.0,1.0,1.0,1.0,0.9905187718542117,0.9974449081023837,0.9835926356060397,True,True,11.146375,0.7692874073982239,0.5079660415649414,0.7759519815444946,0.5156278610229492,0.9841778874397278,0.1331813782453537,0.7524114847183228,0.034759923815727234,0.709000825881958,0.14414924383163452,0.7150669097900391,0.2013837844133377,0.9950658082962036,0.016103021800518036
fusion_calibration,cal_b,wavefake_ajay,WF1,False,1.0,1.0,0.0,1.0,0.0,0.9987677215010858,0.9987677215010858,,False,True,3.993875,0.7358102202415466,0.3500400185585022,0.7458669543266296,0.34478726983070374,0.970289409160614,0.123715341091156,0.8049678206443787,0.025776516646146774,0.7285891771316528,0.11788004636764526,0.7321039438247681,0.16795077919960022,0.9920551180839539,0.013567348942160606
fusion_calibration,cal_c,librispeech_dev,LibriSpeech,False,0.0,0.0,0.0,1.0,0.0,0.007887335706385308,0.007887335706385308,,False,True,5.365,0.765119194984436,0.564474880695343,0.765579342842102,0.5744725465774536,0.9372435212135315,0.11561712622642517,0.7949298620223999,0.03360021859407425,0.04111707955598831,0.11595366895198822,0.044192586094141006,0.15203456580638885,0.999218225479126,0.02419087663292885
fusion_calibration,cal_c,librispeech_dev,LibriSpeech,False,0.0,0.0,0.0,1.0,0.0,0.0101967218813125,0.0101967218813125,,False,True,1.88,0.6531939506530762,0.4134393334388733,0.676150381565094,0.39901334047317505,0.9743200540542603,0.05827460065484047,0.8726767897605896,0.030857089906930923,0.3322080075740814,0.08319146931171417,0.3313913643360138,0.15359212458133698,0.9987454414367676,0.00030141850584186614
fusion_calibration,cal_a,gtzan_real_v2,GTZAN_genre_1,False,0.0,0.0,0.0,0.0,1.0,0.16211450151367285,0.1942419339938184,0.12998706903352727,True,True,30.013375,0.669262170791626,3.1061520644470875e-07,0.6632627248764038,2.916521566476149e-07,0.6285481452941895,0.9999989867210388,0.017436882480978966,0.6563263535499573,0.30884629487991333,0.1303900182247162,0.329927921295166,0.1303294599056244,0.023685934022068977,0.7616696357727051
fusion_calibration,cal_b,split_internal_mix,mix::bonafide::GTZAN_genre_9,True,0.0,0.0,0.0,1.0,1.0,0.6720388491576851,0.45259662072489243,0.8914810775904778,True,True,34.1606875,0.7337076663970947,0.0017371084541082382,0.7049816846847534,0.0017055892385542393,0.43898189067840576,0.9948281645774841,0.019074510782957077,0.8228456377983093,0.49287718534469604,0.01213365700095892,0.5067436695098877,0.012848067097365856,0.22231288254261017,0.8727375864982605
fusion_calibration,cal_c,gtzan_real_v2,GTZAN_genre_7,False,0.0,0.0,0.0,0.0,1.0,0.8624996650601706,0.920196541578135,0.8048027885422061,True,True,30.0001875,0.7674826383590698,5.965290483800345e-07,0.7354031205177307,5.537804668165336e-07,0.3201921284198761,0.9999986290931702,0.02627241052687168,0.8134444355964661,0.5321956872940063,0.005011389032006264,0.5448971390724182,0.005178945604711771,0.010542790405452251,0.9804854393005371
fusion_calibration,cal_b,fake_music_generated,AudioLDM2,False,1.0,0.0,1.0,0.0,1.0,0.9001327588860412,0.9001327588860412,,False,True,5.380625,0.7319943308830261,0.9999673366546631,0.7173280715942383,0.9999638795852661,0.5400463342666626,0.999982476234436,0.016271689906716347,0.02164532244205475,0.6053696870803833,0.999685525894165,0.6155140995979309,0.9997115731239319,0.008858839981257915,0.972030758857727
fusion_calibration,cal_a,gtzan_real_v2,GTZAN_genre_8,False,0.0,0.0,0.0,0.0,1.0,0.1729967743982755,0.19650820470614355,0.1494853440904074,True,True,30.013375,0.6892956495285034,1.4113496945356019e-05,0.6750355958938599,1.3437529560178518e-05,0.5089566707611084,0.9999651312828064,0.020466990768909454,0.8791918754577637,0.5087640285491943,0.06720095127820969,0.5213331580162048,0.06635100394487381,0.0061688111163675785,0.8829712867736816
fusion_calibration,cal_c,gtzan_real_v2,GTZAN_genre_3,False,0.0,0.0,0.0,0.0,1.0,0.6773549460312807,0.6226578748108015,0.7320520172517597,True,True,30.013375,0.7235292196273804,1.791403008155612e-07,0.6986047029495239,1.65464911106028e-07,0.38748982548713684,0.9999993443489075,0.06066085025668144,0.842475175857544,0.5079494118690491,0.002322325948625803,0.5229499340057373,0.0025251370389014482,0.008565814234316349,0.9802421927452087
fusion_calibration,cal_b,gtzan_real_v2,GTZAN_genre_5,False,0.0,0.0,0.0,0.0,1.0,0.2724838766635843,0.28079274335407267,0.264175009973096,True,True,30.013375,0.6436221599578857,2.887120217565098e-06,0.6459242701530457,2.729628704400966e-06,0.7250773310661316,0.9999949336051941,0.01951693557202816,0.7620304226875305,0.035493239760398865,0.08282725512981415,0.03847593069076538,0.09541942924261093,0.028215274214744568,0.4998106062412262
fusion_calibration,cal_a,fake_music_generated,AudioLDM2,False,1.0,0.0,1.0,0.0,1.0,0.9469030472927574,0.9469030472927574,,False,True,4.4995625,0.7293831706047058,0.9995146989822388,0.7191206216812134,0.9994912147521973,0.5504457950592041,0.9996739625930786,0.010454337112605572,0.043055325746536255,0.864800751209259,0.9972637891769409,0.8684758543968201,0.9973723888397217,0.06559784710407257,0.8749176263809204
fusion_calibration,cal_a,split_internal_mix,mix::WF4::GTZAN_genre_4,True,1.0,1.0,0.0,1.0,1.0,0.1760004846372221,0.09461066817786401,0.2573903010965802,True,True,30.013375,0.7352489233016968,0.003791447263211012,0.7379761934280396,0.0037167472764849663,0.9267239570617676,0.9882605075836182,0.5218663811683655,0.7959451675415039,0.007907568477094173,0.17095838487148285,0.008764559403061867,0.20623692870140076,0.9031988978385925,0.1601075977087021
fusion_calibration,cal_a,wavefake_ajay,WF1,False,1.0,1.0,0.0,1.0,0.0,0.9992857456923265,0.9992857456923265,,False,True,6.3390625,0.7684313058853149,0.489116370677948,0.7733801603317261,0.49948036670684814,0.9703215956687927,0.07987148314714432,0.715041995048523,0.02865905500948429,0.82701575756073,0.12092103809118271,0.8327993750572205,0.16850262880325317,0.997725784778595,0.014525249600410461
fusion_calibration,cal_b,wavefake_ajay,WF7,False,1.0,1.0,0.0,1.0,0.0,0.8546631675887932,0.9969904721626691,0.7123358630149175,True,True,7.4071875,0.768217921257019,0.5776119232177734,0.773630678653717,0.5919365286827087,0.9666823148727417,0.1095329225063324,0.8186911344528198,0.03269336372613907,0.8045807480812073,0.1773991882801056,0.8077499866485596,0.23450936377048492,0.9944027066230774,0.0200322475284338
fusion_calibration,cal_a,gtzan_real_v2,GTZAN_genre_9,False,0.0,0.0,0.0,0.0,1.0,0.22634534470295256,0.09069523089901954,0.3619954585068856,True,True,30.013375,0.6840578317642212,2.3611903088749386e-05,0.6805222630500793,2.271180710522458e-05,0.6007737517356873,0.9999780654907227,0.019251642748713493,0.8070982098579407,0.2841559648513794,0.07182782143354416,0.29440075159072876,0.07215267419815063,0.004510161932557821,0.8196304440498352
fusion_calibration,cal_b,split_internal_mix,mix::LibriSpeech::AudioLDM2,True,1.0,0.0,1.0,1.0,1.0,0.05557772127582577,0.05557772127582577,,False,True,4.8250625,0.7348580360412598,0.799451470375061,0.7405810952186584,0.8019995093345642,0.9530773758888245,0.7260528206825256,0.5262455940246582,0.5806421637535095,0.003971057012677193,0.3308219909667969,0.004341326653957367,0.40143710374832153,0.9476421475410461,0.04787460342049599
fusion_calibration,cal_a,gtzan_real_v2,GTZAN_genre_7,False,0.0,0.0,0.0,0.0,1.0,0.26828046910141257,0.3423521194571671,0.19420881874565799,True,True,30.0001875,0.6965507864952087,1.8653852862371423e-07,0.6842761039733887,1.742076278787863e-07,0.5089642405509949,0.9999997615814209,0.0290965735912323,0.8226326107978821,0.4259636402130127,0.12853053212165833,0.44803619384765625,0.1252640187740326,0.0017834155587479472,0.8974263668060303
fusion_calibration,cal_c,wavefake_ajay,WF4,False,1.0,1.0,0.0,1.0,0.0,0.999381985189612,0.9994616165779998,0.9993023538012242,True,True,10.0775,0.7791928052902222,0.5015298128128052,0.7834378480911255,0.5123589038848877,0.9795060753822327,0.08109524846076965,0.6989165544509888,0.043919194489717484,0.8106852769851685,0.14472272992134094,0.817131757736206,0.1977025419473648,0.998084306716919,0.015724748373031616
fusion_calibration,cal_b,librispeech_dev,LibriSpeech,False,0.0,0.0,0.0,1.0,0.0,0.009437361731914767,0.009437361731914767,,False,True,7.125,0.7636154890060425,0.24575389921665192,0.7698189616203308,0.24075032770633698,0.9476304054260254,0.1911514699459076,0.8036967515945435,0.023925460875034332,0.029853971675038338,0.056655675172805786,0.031496986746788025,0.08068966865539551,0.997187077999115,0.022028205916285515
fusion_calibration,cal_b,librispeech_dev,LibriSpeech,False,0.0,0.0,0.0,1.0,0.0,0.026411163584605983,0.026411163584605983,,False,True,6.21,0.756666898727417,0.6646683216094971,0.7611477375030518,0.6781032085418701,0.9437221884727478,0.1332167237997055,0.8132181763648987,0.02922709286212921,0.08014921098947525,0.2681156098842621,0.08466172963380814,0.3377019464969635,0.9991555213928223,0.023063894361257553
fusion_calibration,cal_b,gtzan_real_v2,GTZAN_genre_2,False,0.0,0.0,0.0,0.0,1.0,0.24529672607607306,0.2575974436062614,0.23299600854588468,True,True,30.013375,0.6977537870407104,2.235550937257358e-06,0.6862751245498657,2.172620042983908e-06,0.5270866751670837,0.9999988675117493,0.01993265189230442,0.8806741833686829,0.3941012918949127,0.2856200337409973,0.41665196418762207,0.27626389265060425,0.0006583954091183841,0.9004303812980652
fusion_calibration,cal_a,split_internal_mix,mix::R::GTZAN_genre_2,True,0.0,0.0,0.0,1.0,1.0,0.568121848527849,0.633370995266024,0.5028727017896739,True,True,36.788375,0.720940113067627,0.29188260436058044,0.7255765199661255,0.29601728916168213,0.8579022884368896,0.7042986750602722,0.30396509170532227,0.5978946089744568,0.4512180984020233,0.11978964507579803,0.45168209075927734,0.14449934661388397,0.3960568606853485,0.36392685770988464
fusion_calibration,cal_c,split_internal_mix,mix::LibriSpeech::GTZAN_genre_0,True,0.0,0.0,0.0,1.0,1.0,0.15171850822257316,0.20190331755121782,0.10153369889392846,True,True,32.546875,0.6736950874328613,7.095874934748281e-06,0.6759392023086548,6.752786248398479e-06,0.6920301914215088,0.9999842643737793,0.07202285528182983,0.863926887512207,0.1305290311574936,0.03091253526508808,0.13618195056915283,0.03483007848262787,0.01020404975861311,0.7310392260551453
fusion_calibration,cal_a,split_internal_mix,mix::R::AudioLDM2,True,1.0,0.0,1.0,1.0,1.0,0.27634827781573673,0.2894937295394297,0.26320282609204376,True,True,7.275,0.7392314672470093,0.9800826907157898,0.7398056983947754,0.9800552129745483,0.7063189148902893,0.9783024787902832,0.6976363062858582,0.5510082244873047,0.8603307604789734,0.7989901304244995,0.8592787384986877,0.7876380681991577,0.10897930711507797,0.7602718472480774
fusion_calibration,cal_b,gtzan_real_v2,GTZAN_genre_5,False,0.0,0.0,0.0,0.0,1.0,0.6829220722546909,0.7744244836623568,0.5914196608470249,True,True,30.013375,0.7005053758621216,0.00011942972196266055,0.683455228805542,0.00011877663200721145,0.46662381291389465,0.9997761845588684,0.016675064340233803,0.6794679760932922,0.4138895869255066,0.20931339263916016,0.4283563196659088,0.2034338116645813,0.009332875721156597,0.8571600914001465
fusion_calibration,cal_a,split_internal_mix,mix::WF1::AudioLDM2,True,1.0,1.0,1.0,1.0,1.0,0.9942037680682189,0.9942037680682189,,False,True,6.3390625,0.7634505033493042,0.9016554951667786,0.7672663927078247,0.9020583629608154,0.8933371901512146,0.8690847158432007,0.4792073965072632,0.15144479274749756,0.8675796985626221,0.30488458275794983,0.8650821447372437,0.3201397955417633,0.549005389213562,0.471560001373291
fusion_calibration,cal_b,fake_music_generated,AudioLDM2,False,1.0,0.0,1.0,0.0,1.0,0.9545273362650174,0.9545273362650174,,False,True,5.7345625,0.7323663830757141,0.9996998310089111,0.7198964953422546,0.9996820688247681,0.5407986640930176,0.9996720552444458,0.011270551942288876,0.01631670631468296,0.7212552428245544,0.9996333122253418,0.7324487566947937,0.9996629953384399,0.028991803526878357,0.9630411863327026
fusion_calibration,cal_c,split_internal_mix,mix::WF3::MusicGen,True,1.0,1.0,1.0,1.0,1.0,0.8840038857225292,0.9404057638032142,0.8276020076418441,True,True,9.47225,0.7392501831054688,0.9998156428337097,0.7362843155860901,0.9998029470443726,0.645693838596344,0.9998505711555481,0.015850506722927094,0.019219480454921722,0.619914174079895,0.9993382096290588,0.6266695261001587,0.9993758201599121,0.0231369249522686,0.9622331857681274
fusion_calibration,cal_b,split_internal_mix,mix::A01::AudioLDM2,True,1.0,1.0,1.0,1.0,1.0,0.9433575990512029,0.9974254929833768,0.8892897051190288,True,True,7.1524375,0.7356081604957581,0.9936022162437439,0.7432659268379211,0.9936602711677551,0.9391360282897949,0.9819536209106445,0.4322596490383148,0.020478174090385437,0.8753842711448669,0.7195487022399902,0.8694263696670532,0.7874066829681396,0.7914643287658691,0.05818640813231468
fusion_calibration,cal_c,split_internal_mix,mix::WF7::GTZAN_genre_8,True,1.0,1.0,0.0,1.0,1.0,0.5891788084421747,0.9982479777994474,0.1801096390849021,True,True,32.9098125,0.7450419664382935,0.05065755546092987,0.749355137348175,0.0497489795088768,0.9720342755317688,0.8440671563148499,0.3027034401893616,0.8318881988525391,0.04742748662829399,0.22960740327835083,0.05006236210465431,0.2908775806427002,0.9981415271759033,0.020287618041038513
fusion_calibration,cal_b,split_internal_mix,mix::A02::AudioLDM2,True,1.0,1.0,1.0,1.0,1.0,0.9209056095266352,0.9917107617692753,0.8501004572839952,True,True,8.50625,0.6496760845184326,0.9825823307037354,0.6629387140274048,0.9828230738639832,0.9148528575897217,0.9005061984062195,0.523063600063324,0.0375327542424202,0.7913564443588257,0.4652427136898041,0.7849975824356079,0.5773763656616211,0.8117704391479492,0.013689616695046425
fusion_calibration,cal_b,split_internal_mix,mix::A01::GTZAN_genre_6,True,1.0,1.0,0.0,1.0,1.0,0.5700764534793725,0.27794663927146324,0.8622062676872817,True,True,31.6180625,0.7295072078704834,0.0010403668275102973,0.7141236662864685,0.0010046582901850343,0.46404972672462463,0.9971558451652527,0.13302792608737946,0.7804258465766907,0.5911426544189453,0.008147274143993855,0.5956330299377441,0.009511786513030529,0.2088874727487564,0.8389416337013245
fusion_calibration,cal_a,wavefake_ajay,WF7,False,1.0,1.0,0.0,1.0,0.0,0.9984561915921972,0.9984561915921972,,False,True,6.4319375,0.8024603724479675,0.634024441242218,0.805911123752594,0.6461597084999084,0.9803110361099243,0.18790215253829956,0.8060339689254761,0.03445643559098244,0.6396479606628418,0.2537558078765869,0.6467055678367615,0.3137074112892151,0.9898221492767334,0.03859434276819229
fusion_calibration,cal_c,wavefake_ajay,WF3,False,1.0,1.0,0.0,1.0,0.0,0.9994080107477226,0.999517726970238,0.999298294525207,True,True,10.0775,0.7778247594833374,0.5029258131980896,0.7814934253692627,0.5136186480522156,0.9777299165725708,0.07891663908958435,0.6989165544509888,0.043919194489717484,0.8125425577163696,0.14660793542861938,0.8188953399658203,0.19865712523460388,0.9980576634407043,0.017683139070868492
fusion_calibration,cal_b,split_internal_mix,mix::A01::GTZAN_genre_6,True,1.0,1.0,0.0,1.0,1.0,0.4104769223539576,0.33780352136527836,0.4831503233426369,True,True,31.532625,0.7334840893745422,1.6196113392652478e-06,0.7034301161766052,1.5081501487657079e-06,0.35826119780540466,0.9999973177909851,0.01484128087759018,0.8190271258354187,0.5108503103256226,0.0008088056347332895,0.5232902765274048,0.0009155856678262353,0.009276802651584148,0.9910414814949036
fusion_calibration,cal_b,split_internal_mix,mix::LibriSpeech::AudioLDM2,True,1.0,0.0,1.0,1.0,1.0,0.7965704428700041,0.7965704428700041,,False,True,5.1865,0.7169999480247498,0.9986581802368164,0.7205708622932434,0.9985937476158142,0.7206918597221375,0.9993665814399719,0.31596440076828003,0.06710518151521683,0.4568590223789215,0.9701520800590515,0.4552597105503082,0.9688810706138611,0.016842536628246307,0.8429450988769531
fusion_calibration,cal_a,wavefake_ajay,WF7,False,1.0,1.0,0.0,1.0,0.0,0.9902404247034796,0.9902404247034796,,False,True,6.420375,0.7478015422821045,0.5271427035331726,0.7535819411277771,0.5374777317047119,0.9630868434906006,0.12914864718914032,0.8285650610923767,0.02610752545297146,0.7830811738967896,0.13972823321819305,0.7879428267478943,0.18918532133102417,0.9947327375411987,0.02165278233587742
fusion_calibration,cal_a,wavefake_ajay,WF7,False,1.0,1.0,0.0,1.0,0.0,0.9837724047803805,0.9837724047803805,,False,True,6.7570625,0.7896473407745361,0.48161178827285767,0.7936950922012329,0.4895453453063965,0.9835410714149475,0.09995438903570175,0.8366503119468689,0.023277007043361664,0.7958041429519653,0.16422304511070251,0.8021559119224548,0.22780892252922058,0.9989851117134094,0.008636119775474072
fusion_calibration,cal_a,split_internal_mix,mix::R::GTZAN_genre_9,True,0.0,0.0,0.0,1.0,1.0,0.04426004049174014,0.052683896318959644,0.03583618466452064,True,True,37.038375,0.683822512626648,0.0025076777674257755,0.6806564331054688,0.002540069166570902,0.6320258975028992,0.9978771209716797,0.0624307356774807,0.7899705767631531,0.2314293384552002,0.06319675594568253,0.22933048009872437,0.06358452141284943,0.0811346247792244,0.7620363831520081
fusion_calibration,cal_b,split_internal_mix,mix::LibriSpeech::AudioLDM2,True,1.0,0.0,1.0,1.0,1.0,0.4837582297647219,0.049168064971871664,0.9183483945575721,True,True,9.810625,0.7151342034339905,0.8365757465362549,0.7239096164703369,0.8381692171096802,0.9633283615112305,0.5462092161178589,0.733620285987854,0.1312820017337799,0.043936919420957565,0.4764918088912964,0.045016419142484665,0.5740639567375183,0.9870613217353821,0.022503040730953217
fusion_calibration,cal_b,gtzan_real_v2,GTZAN_genre_8,False,0.0,0.0,0.0,0.0,1.0,0.15072974565430172,0.18022645127397116,0.12123304003463227,True,True,30.0001875,0.7212848663330078,6.107169610913843e-06,0.6957793235778809,5.767001312051434e-06,0.3912307322025299,0.999988853931427,0.04886576905846596,0.8732486367225647,0.4671291708946228,0.009454764425754547,0.47925686836242676,0.009696615859866142,0.012092765420675278,0.9608123898506165
fusion_calibration,cal_b,wavefake_ajay,WF5,False,1.0,1.0,0.0,1.0,0.0,0.9934796816812483,0.9985384040775548,0.9884209592849418,True,True,8.5565625,0.7758069634437561,0.4803484082221985,0.7823871374130249,0.4887583255767822,0.9822882413864136,0.1199171245098114,0.7817937731742859,0.02116253226995468,0.7560723423957825,0.1325690746307373,0.7633494138717651,0.18669816851615906,0.9978783130645752,0.011710114777088165
fusion_calibration,cal_a,split_internal_mix,mix::WF2::AudioLDM2,True,1.0,1.0,1.0,1.0,1.0,0.9397161845006667,0.9981285363091352,0.8813038326921984,True,True,12.728,0.7554321885108948,0.8084448575973511,0.7628850936889648,0.8140174150466919,0.9015150666236877,0.6107144355773926,0.41233381628990173,0.025635268539190292,0.41260969638824463,0.6123528480529785,0.4176960587501526,0.6480780243873596,0.49724751710891724,0.45099136233329773
fusion_calibration,cal_c,split_internal_mix,mix::LibriSpeech::GTZAN_genre_7,True,0.0,0.0,0.0,1.0,1.0,0.07956518454626584,0.020619055343286445,0.13851131374924522,True,True,35.9151875,0.698823094367981,0.25294041633605957,0.7019046545028687,0.2581917941570282,0.7527722716331482,0.6898816227912903,0.300067275762558,0.5477211475372314,0.28614991903305054,0.061316024512052536,0.2928446829319,0.08883600682020187,0.38828134536743164,0.46643781661987305
fusion_calibration,cal_c,wavefake_ajay,R,False,0.0,0.0,0.0,1.0,0.0,0.8053097216045619,0.8053097216045619,,False,True,5.359375,0.737561821937561,0.45415687561035156,0.7498543858528137,0.45561957359313965,0.9726358652114868,0.13171367347240448,0.8337886333465576,0.03209109231829643,0.7819465398788452,0.20323063433170319,0.7847161889076233,0.28195056319236755,0.9809881448745728,0.010283243842422962
fusion_calibration,cal_c,split_internal_mix,mix::R::GTZAN_genre_0,True,0.0,0.0,0.0,1.0,1.0,0.20962604758226153,0.3059427097030561,0.11330938546146695,True,True,30.013375,0.6767259836196899,0.003295233938843012,0.6842313408851624,0.0032640048302710056,0.8744369149208069,0.9919021725654602,0.5061169862747192,0.8533787727355957,0.009088213555514812,0.1382106989622116,0.01010157261043787,0.18006472289562225,0.5889515280723572,0.14063094556331635
fusion_calibration,cal_b,asvspoof2019,A01,False,1.0,1.0,0.0,1.0,0.0,0.9997488458997973,0.9997488458997973,,False,True,2.3405,0.7377752065658569,0.5101277232170105,0.750554621219635,0.5123122930526733,0.9889055490493774,0.03969994932413101,0.7172731161117554,0.04613204300403595,0.8595527410507202,0.12695631384849548,0.860170304775238,0.22105930745601654,0.999651312828064,0.0004001242632512003
fusion_calibration,cal_b,split_internal_mix,mix::LibriSpeech::GTZAN_genre_9,True,0.0,0.0,0.0,1.0,1.0,0.614597512450242,0.38294767255569506,0.8462473523447889,True,True,32.468375,0.7012981176376343,0.0012354104546830058,0.70195472240448,0.0011680786265060306,0.6126744747161865,0.9932313561439514,0.1901034265756607,0.7655668258666992,0.35625678300857544,0.036301277577877045,0.3635123670101166,0.05079438164830208,0.36009618639945984,0.6577951312065125
fusion_calibration,cal_c,split_internal_mix,mix::WF3::AudioLDM2,True,1.0,1.0,1.0,1.0,1.0,0.9646398856375334,0.939694096207542,0.9895856750675249,True,True,8.39175,0.7325668334960938,0.9993231296539307,0.7241353988647461,0.999305009841919,0.579552412033081,0.9992442727088928,0.21766509115695953,0.0377136692404747,0.8290311694145203,0.9938672184944153,0.8305726051330566,0.994738757610321,0.1532277911901474,0.6888300776481628
fusion_calibration,cal_a,gtzan_real_v2,GTZAN_genre_8,False,0.0,0.0,0.0,0.0,1.0,0.18208572852808552,0.2158847295618227,0.14828672749434837,True,True,30.013375,0.6788442730903625,0.0002973112277686596,0.676430344581604,0.00028613710310310125,0.6520444750785828,0.9987651705741882,0.03154359757900238,0.8787115216255188,0.4251808822154999,0.02205113135278225,0.4220893979072571,0.023122310638427734,0.1109696626663208,0.6854307055473328
fusion_calibration,cal_b,split_internal_mix,mix::WF7::GTZAN_genre_8,True,1.0,1.0,0.0,1.0,1.0,0.3284861048100742,0.13143425253547206,0.5255379570846763,True,True,30.0001875,0.6671323776245117,1.9186019926564768e-05,0.6549594402313232,1.8464113964000717e-05,0.5141737461090088,0.9999861121177673,0.02683950960636139,0.862021267414093,0.2666611969470978,0.2537480890750885,0.27986031770706177,0.24831432104110718,0.00174554658588022,0.8292346000671387
fusion_calibration,cal_b,split_internal_mix,mix::A01::GTZAN_genre_3,True,1.0,1.0,0.0,1.0,1.0,0.31230614146609337,0.28045695996064685,0.34415532297153995,True,True,30.3771875,0.7281782627105713,1.4587274108635029e-06,0.704291582107544,1.3726545375902788e-06,0.3766695559024811,0.9999963641166687,0.06757804751396179,0.815755307674408,0.4914378523826599,0.0013137389905750751,0.5005980134010315,0.0014576694229617715,0.01708145998418331,0.9810550808906555
fusion_calibration,cal_a,split_internal_mix,mix::WF4::MusicGen,True,1.0,1.0,1.0,1.0,1.0,0.9988199953969608,0.9993552201077938,0.9982847706861278,True,True,14.4976875,0.77803635597229,0.40524816513061523,0.7837953567504883,0.4075215458869934,0.9850414991378784,0.15914520621299744,0.8025765419006348,0.038681693375110626,0.7686440944671631,0.15953588485717773,0.7745671272277832,0.21502691507339478,0.9919716119766235,0.01613522320985794
fusion_calibration,cal_c,split_internal_mix,mix::WF7::GTZAN_genre_8,True,1.0,1.0,0.0,1.0,1.0,0.63493976175827,0.9911727787270073,0.27870674478953283,True,True,30.9711875,0.7090167999267578,0.05161314457654953,0.7124736309051514,0.051526039838790894,0.9237795472145081,0.8399044871330261,0.28660187125205994,0.7975060343742371,0.02847621589899063,0.12040887027978897,0.02932562679052353,0.1682409942150116,0.9779717922210693,0.0697282925248146
fusion_calibration,cal_c,split_internal_mix,mix::LibriSpeech::AudioLDM2,True,1.0,0.0,1.0,1.0,1.0,0.03539743072861261,0.009642459489633116,0.0611524019675921,True,True,13.83325,0.8008888959884644,0.3198380768299103,0.8061681985855103,0.31645315885543823,0.9931977391242981,0.13932204246520996,0.769898533821106,0.030718466266989708,0.3342350125312805,0.141105517745018,0.3440377414226532,0.2058883011341095,0.9986575245857239,0.005388001911342144
fusion_calibration,cal_a,gtzan_real_v2,GTZAN_genre_7,False,0.0,0.0,0.0,0.0,1.0,0.6110237679113157,0.51148103615153,0.7105664996711016,True,True,30.0001875,0.7215865850448608,1.6053638319135644e-05,0.6943762302398682,1.508463446953101e-05,0.37898650765419006,0.9999847412109375,0.04144717752933502,0.806873083114624,0.5114340782165527,0.0033418950624763966,0.5258492827415466,0.0035826913081109524,0.010485037229955196,0.9792876839637756
fusion_calibration,cal_c,split_internal_mix,mix::LibriSpeech::AudioLDM2,True,1.0,0.0,1.0,1.0,1.0,0.014553036247840382,0.01474603917340411,0.014360033322276653,True,True,14.3883125,0.7721298336982727,0.42492884397506714,0.7777529954910278,0.4280591905117035,0.9768900871276855,0.07504009455442429,0.7813081741333008,0.02459004893898964,0.342822790145874,0.10447977483272552,0.35187479853630066,0.1567203253507614,0.9994763731956482,0.004376422148197889
fusion_calibration,cal_b,split_internal_mix,mix::A01::AudioLDM2,True,1.0,1.0,1.0,1.0,1.0,0.9051951931306257,0.9051951931306257,,False,True,6.5274375,0.7346943616867065,0.9999603033065796,0.7233227491378784,0.9999563694000244,0.58379065990448,0.9999784231185913,0.015764106065034866,0.01380215771496296,0.6031711101531982,0.9996089339256287,0.6167284846305847,0.9996389150619507,0.006062450353056192,0.9719071984291077
fusion_calibration,cal_a,split_internal_mix,mix::R::AudioLDM2,True,1.0,0.0,1.0,1.0,1.0,0.6655826330396131,0.5014596502740596,0.8297056158051667,True,True,11.4006875,0.7380177974700928,0.6893846988677979,0.7492358684539795,0.6963331699371338,0.9463728666305542,0.24856464564800262,0.7315102219581604,0.07223404943943024,0.8015493154525757,0.20057202875614166,0.8005737662315369,0.26255571842193604,0.9549784660339355,0.028377532958984375
fusion_calibration,cal_c,fake_music_generated,MusicGen,False,1.0,0.0,1.0,0.0,1.0,0.9094252955721361,0.9094252955721361,,False,True,5.0599375,0.7328057885169983,0.9999547004699707,0.7229620814323425,0.9999502897262573,0.5981528759002686,0.9999765157699585,0.015911580994725227,0.014341950416564941,0.5562881827354431,0.9994352459907532,0.5680230855941772,0.9994743466377258,0.007385455537587404,0.9651974439620972
fusion_calibration,cal_b,split_internal_mix,mix::A01::GTZAN_genre_5,True,1.0,1.0,0.0,1.0,1.0,0.6306771432669183,0.756046388710301,0.5053078978235354,True,True,32.453875,0.7582443952560425,0.005128365941345692,0.7556148767471313,0.004959183279424906,0.6809310913085938,0.9717702865600586,0.19018150866031647,0.6672713160514832,0.575181245803833,0.16897182166576385,0.5875098705291748,0.17547957599163055,0.31643030047416687,0.553878128528595
fusion_calibration,cal_b,split_internal_mix,mix::A01::MusicGen,True,1.0,1.0,1.0,1.0,1.0,0.9768186209659248,0.9768186209659248,,False,True,4.37475,0.7227193713188171,0.998613715171814,0.7091190218925476,0.9985765218734741,0.5269572734832764,0.9985583424568176,0.3045329451560974,0.25517529249191284,0.8433665633201599,0.9883562922477722,0.8459513783454895,0.9885985851287842,0.10858315229415894,0.7410829663276672
fusion_calibration,cal_c,split_internal_mix,mix::LibriSpeech::GTZAN_genre_0,True,0.0,0.0,0.0,1.0,1.0,0.053570700921904184,0.011792523059738994,0.09534887878406938,True,True,34.303375,0.7111583948135376,0.19086550176143646,0.7174452543258667,0.1874413639307022,0.920071542263031,0.6885995864868164,0.23471587896347046,0.5585949420928955,0.09601768851280212,0.2092958688735962,0.09904862195253372,0.25512436032295227,0.9870540499687195,0.05241291597485542
fusion_calibration,cal_c,split_internal_mix,mix::WF3::AudioLDM2,True,1.0,1.0,1.0,1.0,1.0,0.998888640477769,0.9993122815779341,0.998464999377604,True,True,10.0775,0.7639110088348389,0.6376430988311768,0.7682299613952637,0.6429635882377625,0.9633584022521973,0.31625115871429443,0.5585618019104004,0.06009627878665924,0.6116455793380737,0.14410783350467682,0.618784487247467,0.18356236815452576,0.8990865349769592,0.09314373880624771
fusion_calibration,cal_b,fake_music_generated,AudioLDM2,False,1.0,0.0,1.0,0.0,1.0,0.9641327787444918,0.9641327787444918,,False,True,4.692,0.743782103061676,0.9994937181472778,0.7321422100067139,0.9994736313819885,0.5806588530540466,0.9994326233863831,0.011481004767119884,0.021933171898126602,0.7196805477142334,0.9998252987861633,0.7298188209533691,0.9998408555984497,0.008881708607077599,0.9823514819145203
fusion_calibration,cal_b,asvspoof2019,A01,False,1.0,1.0,0.0,1.0,0.0,0.9997718138019277,0.9997718138019277,,False,True,3.43775,0.8126292824745178,0.5565021634101868,0.8177314400672913,0.5698534846305847,0.9915459752082825,0.0663885548710823,0.8548881411552429,0.023918205872178078,0.847944974899292,0.16950419545173645,0.8529430627822876,0.25533103942871094,0.999913215637207,0.002378692850470543
fusion_calibration,cal_a,split_internal_mix,mix::R::GTZAN_genre_8,True,0.0,0.0,0.0,1.0,1.0,0.24916972777913243,0.23537107040125496,0.26296838515700993,True,True,37.238375,0.7364720106124878,0.22413136065006256,0.7427529692649841,0.22449016571044922,0.9317305684089661,0.7357566952705383,0.31123611330986023,0.3984020948410034,0.48464587330818176,0.1965821534395218,0.4846491813659668,0.2422378659248352,0.5946605205535889,0.1433025449514389
fusion_calibration,cal_b,split_internal_mix,mix::WF7::GTZAN_genre_9,True,1.0,1.0,0.0,1.0,1.0,0.4220987293447262,0.4148523506507433,0.4293451080387091,True,True,30.013375,0.6583267450332642,0.00027106370544061065,0.659799337387085,0.0002630502567626536,0.7199606895446777,0.9994305968284607,0.2828816771507263,0.8405406475067139,0.14500007033348083,0.06262388825416565,0.14566993713378906,0.07336010038852692,0.46250948309898376,0.3512561023235321
fusion_calibration,cal_b,split_internal_mix,mix::LibriSpeech::GTZAN_genre_2,True,0.0,0.0,0.0,1.0,1.0,0.1255513247258845,0.1158218240208702,0.13528082543089884,True,True,32.268375,0.6954973340034485,0.0008337221806868911,0.6987900733947754,0.0008270661346614361,0.8222803473472595,0.9986453652381897,0.1743784099817276,0.8319717049598694,0.26232972741127014,0.2978110909461975,0.2677517235279083,0.33290714025497437,0.2900862395763397,0.47824668884277344
fusion_calibration,cal_c,librispeech_dev,LibriSpeech,False,0.0,0.0,0.0,1.0,0.0,0.018147232313223738,0.02646477339667313,0.009829691229774349,True,True,15.77,0.7546058297157288,0.5718984603881836,0.7584911584854126,0.5863133072853088,0.964958906173706,0.1299683153629303,0.823226809501648,0.038132429122924805,0.27411949634552,0.1541510671377182,0.28262293338775635,0.2109253704547882,0.9986867904663086,0.015080910176038742
fusion_calibration,cal_b,split_internal_mix,mix::A01::AudioLDM2,True,1.0,1.0,1.0,1.0,1.0,0.9579202846498923,0.9976698227488635,0.9181707465509211,True,True,7.7019375,0.7803483605384827,0.9889003038406372,0.7859653234481812,0.988964319229126,0.9413401484489441,0.9421820044517517,0.3681889474391937,0.023137196898460388,0.79503333568573,0.9160547256469727,0.7891067266464233,0.9329980611801147,0.9404162764549255,0.18078529834747314
fusion_calibration,cal_a,gtzan_real_v2,GTZAN_genre_5,False,0.0,0.0,0.0,0.0,1.0,0.8983844804164975,0.8827186621622621,0.914050298670733,True,True,30.201375,0.7259036302566528,2.039129221031999e-08,0.6977021098136902,1.8923262956604958e-08,0.3714512884616852,1.0,0.020546168088912964,0.7727611660957336,0.5647218227386475,0.28715187311172485,0.5858643054962158,0.2673337459564209,0.0008538505062460899,0.9732237458229065
fusion_calibration,cal_c,wavefake_ajay,R,False,0.0,0.0,0.0,1.0,0.0,0.205728030013678,0.10063250446000657,0.3108235555673494,True,True,9.086125,0.785981297492981,0.4032512903213501,0.7890598773956299,0.4089984893798828,0.9760963916778564,0.11905466765165329,0.8143753409385681,0.036369457840919495,0.6930692195892334,0.12107904255390167,0.7045092582702637,0.16100549697875977,0.9983185529708862,0.02746638096868992
fusion_calibration,cal_b,split_internal_mix,mix::LibriSpeech::GTZAN_genre_6,True,0.0,0.0,0.0,1.0,1.0,0.4083015552475313,0.3687878408506409,0.44781526964442175,True,True,30.693375,0.7221608757972717,3.373273284523748e-05,0.6978660821914673,3.2044419640442356e-05,0.38998791575431824,0.9999465942382812,0.16883689165115356,0.8001911640167236,0.5000419616699219,0.0017799115739762783,0.5135444402694702,0.001974807120859623,0.014951023273169994,0.9746098518371582
fusion_calibration,cal_c,librispeech_dev,LibriSpeech,False,0.0,0.0,0.0,1.0,0.0,0.029695641681569074,0.012314460451992155,0.04707682291114599,True,True,9.365,0.7839510440826416,0.4011290967464447,0.7895329594612122,0.4023662805557251,0.9863661527633667,0.08997803926467896,0.7591960430145264,0.024598047137260437,0.31680652499198914,0.115680992603302,0.3254221975803375,0.17360514402389526,0.9992581009864807,0.003834513481706381
fusion_calibration,cal_c,librispeech_dev,LibriSpeech,False,0.0,0.0,0.0,1.0,0.0,0.02222650540093623,0.02222650540093623,,False,True,4.915,0.7777237296104431,0.5111929178237915,0.783405601978302,0.5227140784263611,0.9832094311714172,0.06374981999397278,0.8212980031967163,0.03212239593267441,0.38292616605758667,0.1102292463183403,0.3914245367050171,0.16421830654144287,0.9995135068893433,0.004933579824864864
fusion_calibration,cal_b,split_internal_mix,mix::A01::MusicGen,True,1.0,1.0,1.0,1.0,1.0,0.9414306190254562,0.8832351811374326,0.9996260569134798,True,True,9.9979375,0.730168879032135,0.9999207854270935,0.7367616891860962,0.9999147057533264,0.792061448097229,0.9999611973762512,0.018143298104405403,0.025043673813343048,0.6968827247619629,0.9954805374145508,0.6907762289047241,0.9957138299942017,0.014278879389166832,0.940686047077179
fusion_calibration,cal_a,split_internal_mix,mix::WF4::GTZAN_genre_3,True,1.0,1.0,0.0,1.0,1.0,0.8083308192081397,0.9992643181580356,0.6173973202582437,True,True,36.08925,0.7129610776901245,0.2515985667705536,0.7156434059143066,0.2575007677078247,0.7427354454994202,0.6953231692314148,0.2660764455795288,0.5879283547401428,0.5806978344917297,0.08943770080804825,0.5799437761306763,0.1198020949959755,0.3682374060153961,0.5330814719200134
fusion_calibration,cal_c,split_internal_mix,mix::WF5::GTZAN_genre_9,True,1.0,1.0,0.0,1.0,1.0,0.27127678669224703,0.25365718527664766,0.2888963881078464,True,True,39.0119375,0.7108054757118225,2.5564158931956626e-06,0.6859220266342163,2.4279215722344816e-06,0.3957362473011017,0.9999967217445374,0.02845863439142704,0.8215124011039734,0.47777289152145386,0.030571268871426582,0.4912095069885254,0.030425088480114937,0.00611064163967967,0.9662522673606873
fusion_calibration,cal_a,split_internal_mix,mix::WF3::GTZAN_genre_7,True,1.0,1.0,0.0,1.0,1.0,0.7479460443945298,0.6364809333298009,0.8594111554592586,True,True,36.70725,0.7001274824142456,3.869834472425282e-05,0.6795149445533752,3.7164983950788155e-05,0.4426303207874298,0.9999472498893738,0.02349627949297428,0.7883193492889404,0.45747846364974976,0.0067694662138819695,0.4668261408805847,0.007058633491396904,0.014989600516855717,0.953683078289032
fusion_calibration,cal_b,librispeech_dev,LibriSpeech,False,0.0,0.0,0.0,1.0,0.0,0.08345252496493752,0.08345252496493752,,False,True,2.7,0.6610910296440125,0.42329323291778564,0.6836355924606323,0.41322124004364014,0.9760525226593018,0.0653224065899849,0.8277904987335205,0.03482942655682564,0.10605119913816452,0.11686742305755615,0.10892818123102188,0.20824004709720612,0.9990682005882263,0.0003390243509784341
fusion_calibration,cal_a,split_internal_mix,mix::R::GTZAN_genre_6,True,0.0,0.0,0.0,1.0,1.0,0.26330207611260203,0.39204552173748963,0.13455863048771444,True,True,33.6376875,0.6857782602310181,0.25163522362709045,0.6910165548324585,0.2513229548931122,0.7308102250099182,0.7287071347236633,0.2852860391139984,0.5952565670013428,0.5234395861625671,0.10824505239725113,0.523257315158844,0.1331678032875061,0.39831721782684326,0.28866732120513916
fusion_calibration,cal_a,split_internal_mix,mix::R::GTZAN_genre_1,True,0.0,0.0,0.0,1.0,1.0,0.43638507787188624,0.47342049773808265,0.39934965800568983,True,True,37.788375,0.7067557573318481,0.2776791751384735,0.7131388187408447,0.2800593376159668,0.8929765820503235,0.7129002213478088,0.2839457392692566,0.4044238030910492,0.3925546705722809,0.14183974266052246,0.39310890436172485,0.18318283557891846,0.5655887126922607,0.17134399712085724
fusion_calibration,cal_c,split_internal_mix,mix::LibriSpeech::GTZAN_genre_0,True,0.0,0.0,0.0,1.0,1.0,0.05745450720115234,0.014443499260630056,0.10046551514167462,True,True,33.643375,0.7108321785926819,0.24648506939411163,0.7216865420341492,0.25001397728919983,0.9715690612792969,0.6966832280158997,0.41870740056037903,0.5555039048194885,0.17341753840446472,0.1528841257095337,0.1766701340675354,0.23805001378059387,0.9978674054145813,0.0023596917744725943
fusion_calibration,cal_a,fake_music_generated,AudioLDM2,False,1.0,0.0,1.0,0.0,1.0,0.9367793555599393,0.9367793555599393,,False,True,4.1760625,0.7415429353713989,0.9999145269393921,0.7310136556625366,0.9999071359634399,0.5764069557189941,0.9999474287033081,0.017692090943455696,0.03195592761039734,0.8143830299377441,0.9995143413543701,0.8247926235198975,0.9995476603507996,0.011569785885512829,0.9683655500411987
fusion_calibration,cal_b,librispeech_dev,LibriSpeech,False,0.0,0.0,0.0,1.0,0.0,0.049442545128837674,0.049442545128837674,,False,True,3.735,0.6888203620910645,0.13286444544792175,0.7033465504646301,0.12818102538585663,0.9608993530273438,0.3751802146434784,0.8603312373161316,0.00986397173255682,0.017122255638241768,0.08038994669914246,0.018114272505044937,0.1305435299873352,0.9977865219116211,0.0022541829384863377
fusion_calibration,cal_c,gtzan_real_v2,GTZAN_genre_4,False,0.0,0.0,0.0,0.0,1.0,0.7907588119219984,0.7119317868688892,0.8695858369751074,True,True,30.013375,0.653089702129364,0.0005101277492940426,0.6517358422279358,0.0004889780539087951,0.6316518783569336,0.9985749125480652,0.08494120836257935,0.9144393801689148,0.4917917251586914,0.04414771497249603,0.4881897568702698,0.04568500071763992,0.210200235247612,0.49505364894866943
fusion_calibration,cal_b,split_internal_mix,mix::A01::GTZAN_genre_9,True,1.0,1.0,0.0,1.0,1.0,0.6466052423022355,0.9417876921376129,0.35142279246685815,True,True,30.409,0.6710720062255859,0.00016087762196548283,0.6729204058647156,0.0001553355104988441,0.6872668862342834,0.9996313452720642,0.2305508852005005,0.8351176381111145,0.22249853610992432,0.04603033512830734,0.22200356423854828,0.052298832684755325,0.43735042214393616,0.42785438895225525
fusion_calibration,cal_b,split_internal_mix,mix::WF7::GTZAN_genre_2,True,1.0,1.0,0.0,1.0,1.0,0.6488240950006735,0.489822851001952,0.807825338999395,True,True,38.4205625,0.7214072942733765,0.2877195179462433,0.7216585874557495,0.29493486881256104,0.7181511521339417,0.7057017683982849,0.46842023730278015,0.5253816246986389,0.5478411912918091,0.10871066898107529,0.5558736324310303,0.13853542506694794,0.3330157697200775,0.5725691914558411
