path,file_fake,voice_fake,music_fake,voice_present,music_present,speaker_id,generator,source,dataset,hf_id,original_id,split_group_id,base_voice_id,base_music_id,mix_mode,mix_snr_db,mix_overlap_fraction,mix_gap_sec,mix_crossfade_sec,mix_voice_gain_db,mix_music_gain_db,augment,data_role,split,calibration_fold,y_file_fake,y_voice_fake,y_music_fake,y_voice_present,y_music_present,df,df_primary,df_second,df_has_second,df_used,duration_sec,vf,mf,vfile,mfile,vp_model,mp_model,vp_panns,mp_panns,upstream_label,p_file,p_voice,p_music,p_voice_present,p_music_present,source_url,version,license,allowed_for_competition,redistribution_allowed,commercial_restriction,dataset_name,content_hash,near_duplicate_group,upstream_split,voice_domain,voice_language,voice_channel,voice_mixed_music,music_domain,music_generator_family,file_composition,file_state,file_mix_mode,file_partial,duration_bucket,generator_family,file_error,voice_error,music_error
MIX::data\raw\openslr_librispeech_asr\librispeech_dev_777-126732-0028.flac|data/raw/gtzan_unique_v2/disco.00059.wav,0,0,0,1,1,mix::777::gtzan_3_disco.00059,mix::LibriSpeech::GTZAN_genre_3,split_internal_mix,mix,generated_after_split,mix::librispeech_dev_777-126732-0028::gtzan_v2_disco.00059::00::8,mix::libri::777::gtzan::gtzan_v2_disco.00059,libri::777,gtzan::gtzan_v2_disco.00059,partial_overlap,-10.0,0.1,0.0,0.05,-6.0,-3.0,none,val_a,val_a,val_a,0,0,0,1,1,0.688791701991454,0.688791701991454,,False,True,41.4931875,0.7011544108390808,0.0008365813409909,0.6976321935653687,0.0008158783311955,0.8591257929801941,0.9980252385139464,0.0298057869076728,0.7946326732635498,unknown,0.4341408959540565,0.6974455981847928,0.0008365813409909,0.23713578842580313,0.845480814576149,,,,,,,,,,,real_speech,unknown,clean_or_unknown,with_music,real_music,GTZAN_genre_3,voice+music,RR,partial_overlap,partial_or_crossfade,>20,GTZAN_genre_3,correct,FP,correct
data\raw\openslr_librispeech_asr\librispeech_dev_3170-137482-0035.flac,0,0,0,1,0,3170,LibriSpeech,librispeech_dev,librispeech_dev,openslr/librispeech_asr,librispeech_dev_3170-137482-0035,libri::3170,libri::3170,,none,,,,,,,none,val_a,val_a,val_a,0,0,0,1,0,0.0066914831906609,0.0066914831906609,,False,True,9.9,0.7616993188858032,0.3525046110153198,0.764572024345398,0.3528783917427063,0.9603742957115172,0.1481574177742004,0.8427293300628662,0.0364000797271728,unknown,0.39614308524193376,0.5351969681772605,0.3525046110153198,0.872140571475029,0.0643394142389297,,,,,,,,,,,real_speech,unknown,clean_or_unknown,voice_only,absent,LibriSpeech,voice_only,single_real,none,not_partial_or_unknown,5-10,LibriSpeech,correct,correct,not_scored
MIX::data\raw\openslr_librispeech_asr\librispeech_dev_777-126732-0035.flac|data\raw\fake_music_generated\fake_music_MusicGen_0114.wav,1,0,1,1,1,mix::777::fake_music_MusicGen_11,mix::LibriSpeech::MusicGen,split_internal_mix,mix,generated_after_split,mix::librispeech_dev_777-126732-0035::fake_music_MusicGen_0114::01::9,mix::libri::777::generated_music::fake_music_generator_0114,libri::777,generated_music::fake_music_generator_0114,simultaneous,5.0,0.5,0.5,0.5,-3.0,3.0,none,val_a,val_a,val_a,1,0,1,1,1,0.7150420423048308,0.7150420423048308,,False,True,5.6315625,0.744660496711731,0.6135517954826355,0.7457498908042908,0.6236143112182617,0.959673285484314,0.9641229510307312,0.703467607498169,0.4837314784526825,unknown,0.7493248927283265,0.735774960389661,0.6135517954826355,0.7675190269947052,0.6038293465971947,,,,,,,,,,,real_speech,unknown,clean_or_unknown,with_music,MusicGen,MusicGen,voice+music,RF,simultaneous,not_partial_or_unknown,5-10,MusicGen,correct,FP,correct
MIX::data\raw\openslr_librispeech_asr\librispeech_dev_6295-64301-0027.flac|data\raw\fake_music_generated\fake_music_MusicGen_0152.wav,1,0,1,1,1,mix::6295::fake_music_MusicGen_15,mix::LibriSpeech::MusicGen,split_internal_mix,mix,generated_after_split,mix::librispeech_dev_6295-64301-0027::fake_music_MusicGen_0152::01::14,mix::libri::6295::generated_music::fake_music_generator_0152,libri::6295,generated_music::fake_music_generator_0152,simultaneous,-5.0,0.75,1.0,0.05,0.0,-6.0,none,val_a,val_a,val_a,1,0,1,1,1,0.2192750198721392,0.2192750198721392,,False,True,6.4,0.7136135101318359,0.992282211780548,0.7030847072601318,0.9922314882278442,0.5470249652862549,0.993851900100708,0.4669423401355743,0.4362770617008209,unknown,0.8006475017244716,0.565311963053927,0.992282211780548,0.4869629964232444,0.5756707713007927,,,,,,,,,,,real_speech,unknown,clean_or_unknown,with_music,MusicGen,MusicGen,voice+music,RF,simultaneous,not_partial_or_unknown,5-10,MusicGen,correct,correct,correct
data\raw\openslr_librispeech_asr\librispeech_dev_3170-137482-0044.flac,0,0,0,1,0,3170,LibriSpeech,librispeech_dev,librispeech_dev,openslr/librispeech_asr,librispeech_dev_3170-137482-0044,libri::3170,libri::3170,,none,,,,,,,none,val_a,val_a,val_a,0,0,0,1,0,0.004758265455853,0.004758265455853,,False,True,16.705,0.7557409405708313,0.4330419301986694,0.7570221424102783,0.4386758208274841,0.951679825782776,0.1095184534788131,0.8300207257270813,0.0350087136030197,unknown,0.44086149245676537,0.5304461380363378,0.4330419301986694,0.8604355007410049,0.05363614857196805,,,,,,,,,,,real_speech,unknown,clean_or_unknown,voice_only,absent,LibriSpeech,voice_only,single_real,none,not_partial_or_unknown,10-20,LibriSpeech,correct,correct,not_scored
MIX::data\raw\openslr_librispeech_asr\librispeech_dev_777-126732-0074.flac|data/raw/gtzan_unique_v2/blues.00019.wav,0,0,0,1,1,mix::777::gtzan_0_blues.00019,mix::LibriSpeech::GTZAN_genre_0,split_internal_mix,mix,generated_after_split,mix::librispeech_dev_777-126732-0074::gtzan_v2_blues.00019::00::2,mix::libri::777::gtzan::gtzan_v2_blues.00019,libri::777,gtzan::gtzan_v2_blues.00019,music_then_voice,-5.0,0.5,0.5,0.25,0.0,3.0,none,val_a,val_a,val_a,0,0,0,1,1,0.1053986058657344,0.1053986058657344,,False,True,33.993375,0.680250346660614,0.0021426638122648,0.6697251796722412,0.0021470272913575,0.806649386882782,0.9984651207923888,0.03178346529603,0.8258487582206726,unknown,0.21797333219071896,0.5077948244221501,0.0021426638122648,0.225499945692718,0.8690028488636017,,,,,,,,,,,real_speech,unknown,clean_or_unknown,with_music,real_music,GTZAN_genre_0,voice+music,RR,music_then_voice,not_partial_or_unknown,>20,GTZAN_genre_0,correct,correct,correct
data\raw\fake_music_generated\fake_music_MusicGen_0066.wav,1,0,1,0,1,fake_music_MusicGen_6,MusicGen,fake_music_generated,fake_music_generated,synth/MusicGen,fake_music_MusicGen_0066,generated_music::fake_music_generator_0066,,generated_music::fake_music_generator_0066,none,,,,,,,none,val_a,val_a,val_a,1,0,1,0,1,0.9194659600995454,0.9194659600995454,,False,True,4.3148125,0.7371695041656494,0.9995229244232178,0.7232905626296997,0.9995014667510986,0.5451074242591858,0.9994968175888062,0.0132565116509795,0.0096874851733446,unknown,0.9796423028361715,0.7918584409458183,0.9995229244232178,0.1462192398030311,0.25713981827721,,,,,,,,,,,absent,unknown,clean_or_unknown,with_music,MusicGen,MusicGen,music_only,single_fake,none,not_partial_or_unknown,2-5,MusicGen,correct,not_scored,correct
data\raw\fake_music_generated\fake_music_MusicGen_0170.wav,1,0,1,0,1,fake_music_MusicGen_17,MusicGen,fake_music_generated,fake_music_generated,synth/MusicGen,fake_music_MusicGen_0170,generated_music::fake_music_generator_0170,,generated_music::fake_music_generator_0170,none,,,,,,,none,val_a,val_a,val_a,1,0,1,0,1,0.9561892784385042,0.9561892784385042,,False,True,4.6623125,0.7171510457992554,0.9995813965797424,0.7056889533996582,0.9995580315589904,0.5300290584564209,0.9996840953826904,0.0089069930836558,0.0176428779959678,unknown,0.9888484378668281,0.78886251559103,0.9995813965797424,0.13918750942684707,0.26315318234264845,,,,,,,,,,,absent,unknown,clean_or_unknown,with_music,MusicGen,MusicGen,music_only,single_fake,none,not_partial_or_unknown,2-5,MusicGen,correct,not_scored,correct
MIX::data\raw\ajaykarthick_wavefake-audio\wavefake_ajay_LJ019-0394.wav|data\raw\fake_music_generated\fake_music_MusicGen_0174.wav,1,1,1,1,1,mix::wavefake_76ddde::fake_music_MusicGen_17,mix::WF4::MusicGen,split_internal_mix,mix,generated_after_split,mix::wavefake_ajay_LJ019-0394::fake_music_MusicGen_0174::11::17,mix::wavefake::LJ019-0394::generated_music::fake_music_generator_0174,wavefake::LJ019-0394,generated_music::fake_music_generator_0174,simultaneous,15.0,0.75,0.0,0.05,0.0,3.0,none,val_a,val_a,val_a,1,1,1,1,1,0.9989961402051554,0.9989961402051554,,False,True,5.5031875,0.7634752988815308,0.7968848347663879,0.7656468749046326,0.7993872761726379,0.9569100141525269,0.6841311454772949,0.5856983065605164,0.4632342457771301,unknown,0.9118853646026207,0.8341315512786182,0.7968848347663879,0.678501233458519,0.5184584707021713,,,,,,,,,,,TTS_or_unknown,unknown,clean_or_unknown,with_music,MusicGen,MusicGen,voice+music,FF,simultaneous,not_partial_or_unknown,5-10,MusicGen,correct,correct,correct
data/raw/gtzan_unique_v2/rock.00033.wav,0,0,0,0,1,gtzan_9_rock.00033,GTZAN_genre_9,gtzan_real_v2,gtzan_real,sanchit-gandhi/gtzan,gtzan_v2_rock.00033,gtzan::gtzan_v2_rock.00033,,gtzan::gtzan_v2_rock.00033,none,,,,,,,none,val_a,val_a,val_a,0,0,0,0,1,0.4667111471806601,0.4667111471806601,,False,True,30.013375,0.7060738801956177,1.3084970760246506e-06,0.6855688095092773,1.2283919659239473e-06,0.4576510190963745,0.9999973177909852,0.0130969295278191,0.8669586181640625,unknown,0.3545278245124883,0.6342650602911304,1.3084970760246506e-06,0.12423545191995795,0.9002182930707932,,,,,,,,,,,absent,unknown,clean_or_unknown,with_music,real_music,GTZAN_genre_9,music_only,single_real,none,not_partial_or_unknown,>20,GTZAN_genre_9,correct,not_scored,correct
data\raw\Bisher_ASVspoof_2019_LA\asvspoof2019_LA_T_5305063.flac,1,1,0,1,0,LA_0086,A02,asvspoof2019,asvspoof2019,Bisher/ASVspoof_2019_LA,asvspoof2019_LA_T_5305063,asvspoof::LA_0086,asvspoof::LA_0086,,none,,,,,,,none,val_a,val_a,val_a,1,1,0,1,0,0.9983048945430658,0.9983048945430658,,False,True,2.495875,0.6602193713188171,0.4529466927051544,0.6764346361160278,0.4438220262527466,0.9649447202682496,0.0413249842822551,0.7466444969177246,0.0274883620440959,unknown,0.7421121551356978,0.7616450282860917,0.4529466927051544,0.8012195527553558,0.0309475176036357,,,,,,,,,,,TTS_or_unknown,unknown,clean_or_unknown,voice_only,absent,A02,voice_only,single_fake,none,not_partial_or_unknown,2-5,A02,correct,correct,not_scored
data/raw/gtzan_unique_v2/pop.00085.wav,0,0,0,0,1,gtzan_7_pop.00085,GTZAN_genre_7,gtzan_real_v2,gtzan_real,sanchit-gandhi/gtzan,gtzan_v2_pop.00085,gtzan::gtzan_v2_pop.00085,,gtzan::gtzan_v2_pop.00085,none,,,,,,,none,val_a,val_a,val_a,0,0,0,0,1,0.4099777526467158,0.4099777526467158,,False,True,30.0001875,0.721950352191925,0.0004314655670896,0.6937656402587891,0.0004174967180006,0.4226769506931305,0.9985876679420472,0.0268044974654912,0.8316836953163147,unknown,0.33834559548381915,0.6283585723283623,0.0004314655670896,0.12577261077240104,0.8734096884727478,,,,,,,,,,,absent,unknown,clean_or_unknown,with_music,real_music,GTZAN_genre_7,music_only,single_real,none,not_partial_or_unknown,>20,GTZAN_genre_7,correct,not_scored,correct
data\raw\fake_music_generated\fake_music_MusicGen_0252.wav,1,0,1,0,1,fake_music_MusicGen_25,MusicGen,fake_music_generated,fake_music_generated,synth/MusicGen,fake_music_MusicGen_0252,generated_music::fake_music_generator_0252,,generated_music::fake_music_generator_0252,none,,,,,,,none,val_a,val_a,val_a,1,0,1,0,1,0.9337304047693156,0.9337304047693156,,False,True,5.5714375,0.7370399236679077,0.9999445676803588,0.7276532649993896,0.9999392032623292,0.606592059135437,0.9999662637710572,0.017866501584649,0.0270822253078222,unknown,0.983405562821658,0.79604706799833,0.9999445676803588,0.165047890972346,0.27030323492363095,,,,,,,,,,,absent,unknown,clean_or_unknown,with_music,MusicGen,MusicGen,music_only,single_fake,none,not_partial_or_unknown,5-10,MusicGen,correct,not_scored,correct
MIX::data\raw\ajaykarthick_wavefake-audio\wavefake_ajay_LJ008-0315.wav|data\raw\fake_music_generated\fake_music_MusicGen_0144.wav,1,1,1,1,1,mix::wavefake_208461::fake_music_MusicGen_14,mix::WF6::MusicGen,split_internal_mix,mix,generated_after_split,mix::wavefake_ajay_LJ008-0315::fake_music_MusicGen_0144::11::9,mix::wavefake::LJ008-0315::generated_music::fake_music_generator_0144,wavefake::LJ008-0315,generated_music::fake_music_generator_0144,music_then_voice,10.0,0.75,0.0,0.05,0.0,3.0,none,val_a,val_a,val_a,1,1,1,1,1,0.9882536989817188,0.9882536989817188,,False,True,10.4486875,0.7596993446350098,0.6417607665061951,0.7572770118713379,0.6452458500862122,0.9659870266914368,0.2986418306827545,0.7188553214073181,0.0375554487109184,unknown,0.8409598754381984,0.8282656509390225,0.6417607665061951,0.7806382477283478,0.10282704420387742,,,,,,,,,,,TTS_or_unknown,unknown,clean_or_unknown,with_music,MusicGen,MusicGen,voice+music,FF,music_then_voice,not_partial_or_unknown,10-20,MusicGen,correct,correct,correct
data\raw\ajaykarthick_wavefake-audio\wavefake_ajay_LJ029-0186_WF4_2.wav,1,1,0,1,0,wavefake_6832d3,WF4,wavefake_ajay,wavefake_ajay,ajaykarthick/wavefake-audio,wavefake_ajay_LJ029-0186,wavefake::LJ029-0186,wavefake::LJ029-0186,,none,,,,,,,none,val_a,val_a,val_a,1,1,0,1,0,0.9992723992273423,0.9992723992273423,,False,True,9.41575,0.7909119129180908,0.5765550136566162,0.7913708686828613,0.590275764465332,0.9778472185134888,0.0982581973075866,0.8148535490036011,0.0402699336409568,unknown,0.8228958085331926,0.8534200588108662,0.5765550136566162,0.855601966381073,0.05476699955761426,,,,,,,,,,,TTS_or_unknown,unknown,clean_or_unknown,voice_only,absent,WF4,voice_only,single_fake,none,not_partial_or_unknown,5-10,WF4,correct,correct,not_scored
data/raw/gtzan_unique_v2/jazz.00050.wav,0,0,0,0,1,gtzan_5_jazz.00050,GTZAN_genre_5,gtzan_real_v2,gtzan_real,sanchit-gandhi/gtzan,gtzan_v2_jazz.00050,gtzan::gtzan_v2_jazz.00050,,gtzan::gtzan_v2_jazz.00050,none,,,,,,,none,val_a,val_a,val_a,0,0,0,0,1,0.3168275038354201,0.3168275038354201,,False,True,30.3510625,0.723621129989624,8.739984309613646e-07,0.6949236392974854,8.154204351740191e-07,0.3769877254962921,0.9999988675117492,0.0171461813151836,0.7893350720405579,unknown,0.30480095312620276,0.6015830421433628,1e-06,0.10710656736046073,0.8420010209083557,,,,,,,,,,,absent,unknown,clean_or_unknown,with_music,real_music,GTZAN_genre_5,music_only,single_real,none,not_partial_or_unknown,>20,GTZAN_genre_5,correct,not_scored,correct
MIX::data\raw\ajaykarthick_wavefake-audio\wavefake_ajay_LJ009-0248.wav|data/raw/gtzan_unique_v2/pop.00028.wav,1,1,0,1,1,mix::wavefake_d7d4f1::gtzan_7_pop.00028,mix::WF6::GTZAN_genre_7,split_internal_mix,mix,generated_after_split,mix::wavefake_ajay_LJ009-0248::gtzan_v2_pop.00028::10::19,mix::wavefake::LJ009-0248::gtzan::gtzan_v2_pop.00028,wavefake::LJ009-0248,gtzan::gtzan_v2_pop.00028,voice_then_music,15.0,0.1,0.1,0.05,-6.0,-6.0,none,val_a,val_a,val_a,1,1,0,1,1,0.99481531048163,0.99481531048163,,False,True,33.3974375,0.7586202025413513,0.1299332976341247,0.7333821058273315,0.1307040303945541,0.9443941712379456,0.8080740571022034,0.2848579585552215,0.7759130597114563,unknown,0.6170810109727062,0.8294787349234349,0.1299332976341247,0.4497420117259025,0.7839533090591431,,,,,,,,,,,TTS_or_unknown,unknown,clean_or_unknown,with_music,real_music,GTZAN_genre_7,voice+music,FR,voice_then_music,not_partial_or_unknown,>20,GTZAN_genre_7,correct,correct,correct
MIX::data\raw\openslr_librispeech_asr\librispeech_dev_777-126732-0045.flac|data\raw\fake_music_generated\fake_music_MusicGen_0144.wav,1,0,1,1,1,mix::777::fake_music_MusicGen_14,mix::LibriSpeech::MusicGen,split_internal_mix,mix,generated_after_split,mix::librispeech_dev_777-126732-0045::fake_music_MusicGen_0144::01::0,mix::libri::777::generated_music::fake_music_generator_0144,libri::777,generated_music::fake_music_generator_0144,voice_then_music,-5.0,0.25,0.1,0.25,-6.0,0.0,none,val_a,val_a,val_a,1,0,1,1,1,0.9027977916325022,0.9027977916325022,,False,True,17.7751875,0.6288683414459229,0.9915564060211182,0.6220499277114868,0.9915440082550048,0.8793795108795166,0.987682044506073,0.283383846282959,0.0299958251416683,unknown,0.9716135258835013,0.7110471765018966,0.9915564060211182,0.4323827624320984,0.2694173799827695,,,,,,,,,,,real_speech,unknown,clean_or_unknown,with_music,MusicGen,MusicGen,voice+music,RF,voice_then_music,not_partial_or_unknown,10-20,MusicGen,correct,FP,correct
MIX::data\raw\openslr_librispeech_asr\librispeech_dev_3000-15664-0007.flac|data/raw/gtzan_unique_v2/country.00069.wav,0,0,0,1,1,mix::3000::gtzan_2_country.00069,mix::LibriSpeech::GTZAN_genre_2,split_internal_mix,mix,generated_after_split,mix::librispeech_dev_3000-15664-0007::gtzan_v2_country.00069::00::16,mix::libri::3000::gtzan::gtzan_v2_country.00069,libri::3000,gtzan::gtzan_v2_country.00069,voice_then_music,-5.0,0.1,0.0,0.05,-6.0,-3.0,none,val_a,val_a,val_a,0,0,0,1,1,0.0594844582840641,0.0594844582840641,,False,True,36.978375,0.6529208421707153,7.91108067943469e-09,0.650553822517395,7.413879288264979e-09,0.6004307270050049,1.0,0.1048288941383361,0.8406544327735901,unknown,0.1929548415358113,0.47488992700471994,1e-06,0.2287293523550033,0.8804908245801926,,,,,,,,,,,real_speech,unknown,clean_or_unknown,with_music,real_music,GTZAN_genre_2,voice+music,RR,voice_then_music,not_partial_or_unknown,>20,GTZAN_genre_2,correct,correct,correct
data/raw/gtzan_unique_v2/hiphop.00075.wav,0,0,0,0,1,gtzan_4_hiphop.00075,GTZAN_genre_4,gtzan_real_v2,gtzan_real,sanchit-gandhi/gtzan,gtzan_v2_hiphop.00075,gtzan::gtzan_v2_hiphop.00075,,gtzan::gtzan_v2_hiphop.00075,none,,,,,,,none,val_a,val_a,val_a,0,0,0,0,1,0.0459276848725901,0.0459276848725901,,False,True,30.013375,0.6943193674087524,0.0103331515565514,0.677147626876831,0.0101229697465896,0.4925606548786163,0.9471116065979004,0.0336148180067539,0.8502510190010071,unknown,0.204641967051669,0.4998018626479037,0.0103331515565514,0.1483512772247195,0.8744661659002304,,,,,,,,,,,absent,unknown,clean_or_unknown,with_music,real_music,GTZAN_genre_4,music_only,single_real,none,not_partial_or_unknown,>20,GTZAN_genre_4,correct,not_scored,correct
MIX::data\raw\Bisher_ASVspoof_2019_LA\asvspoof2019_LA_T_6013298.flac|data\raw\fake_music_generated\fake_music_MusicGen_0202.wav,1,0,1,1,1,mix::LA_0086::fake_music_MusicGen_20,mix::bonafide::MusicGen,split_internal_mix,mix,generated_after_split,mix::asvspoof2019_LA_T_6013298::fake_music_MusicGen_0202::01::7,mix::asvspoof::LA_0086::generated_music::fake_music_generator_0202,asvspoof::LA_0086,generated_music::fake_music_generator_0202,partial_overlap,-5.0,0.1,0.0,0.1,3.0,-3.0,none,val_a,val_a,val_a,1,0,1,1,1,0.8483300333790792,0.8483300333790792,,False,True,5.7250625,0.7274953126907349,0.9998600482940674,0.7159643173217773,0.9998490810394288,0.5744778513908386,0.999913215637207,0.0115485340356826,0.0180232226848602,unknown,0.9620135146639527,0.7637457288972381,0.9998600482940674,0.1522808633744716,0.26349572092294693,,,,,,,,,,,real_speech,unknown,clean_or_unknown,with_music,MusicGen,MusicGen,voice+music,RF,partial_overlap,partial_or_crossfade,5-10,MusicGen,correct,FP,correct
data/raw/gtzan_unique_v2/classical.00028.wav,0,0,0,0,1,gtzan_1_classical.00028,GTZAN_genre_1,gtzan_real_v2,gtzan_real,sanchit-gandhi/gtzan,gtzan_v2_classical.00028,gtzan::gtzan_v2_classical.00028,,gtzan::gtzan_v2_classical.00028,none,,,,,,,none,val_a,val_a,val_a,0,0,0,0,1,0.2895719049604472,0.2895719049604472,,False,True,30.013375,0.6786895394325256,3.397379799707778e-08,0.6665846705436707,3.2356780366171733e-08,0.5213636159896851,1.0,0.0239008069038391,0.8067057728767395,unknown,0.28312583736377195,0.5619542490909021,1e-06,0.1482665091753006,0.8550293296575546,,,,,,,,,,,absent,unknown,clean_or_unknown,with_music,real_music,GTZAN_genre_1,music_only,single_real,none,not_partial_or_unknown,>20,GTZAN_genre_1,correct,not_scored,correct
data\raw\Bisher_ASVspoof_2019_LA\asvspoof2019_LA_T_5520907.flac,0,0,0,1,0,LA_0086,bonafide,asvspoof2019,asvspoof2019,Bisher/ASVspoof_2019_LA,asvspoof2019_LA_T_5520907,asvspoof::LA_0086,asvspoof::LA_0086,,none,,,,,,,none,val_a,val_a,val_a,0,0,0,1,0,0.1156856414892511,0.1156856414892511,,False,True,2.5154375,0.6705594062805176,0.4399981498718261,0.6863985061645508,0.4309974312782287,0.9631944894790648,0.0486187450587749,0.7453632950782776,0.0262985154986381,unknown,0.4614055311823576,0.5040972768431375,0.4399981498718261,0.7998210936784744,0.0318785728886723,,,,,,,,,,,real_speech,unknown,clean_or_unknown,voice_only,absent,bonafide,voice_only,single_real,none,not_partial_or_unknown,2-5,bonafide,correct,correct,not_scored
MIX::data\raw\openslr_librispeech_asr\librispeech_dev_777-126732-0039.flac|data/raw/gtzan_unique_v2/jazz.00012.wav,0,0,0,1,1,mix::777::gtzan_5_jazz.00012,mix::LibriSpeech::GTZAN_genre_5,split_internal_mix,mix,generated_after_split,mix::librispeech_dev_777-126732-0039::gtzan_v2_jazz.00012::00::4,mix::libri::777::gtzan::gtzan_v2_jazz.00012,libri::777,gtzan::gtzan_v2_jazz.00012,crossfade,5.0,0.1,0.0,0.05,-6.0,-3.0,none,val_a,val_a,val_a,0,0,0,1,1,0.027658492087362,0.027658492087362,,False,True,32.798375,0.7250065207481384,0.0124059105291962,0.6938537359237671,0.0117138354107737,0.9349126219749452,0.9379752278327942,0.2543493807315826,0.7010912299156189,unknown,0.2069856967352555,0.5158021121499055,0.0124059105291962,0.42449019104242325,0.7603122293949127,,,,,,,,,,,real_speech,unknown,clean_or_unknown,with_music,real_music,GTZAN_genre_5,voice+music,RR,crossfade,partial_or_crossfade,>20,GTZAN_genre_5,correct,correct,correct
data\raw\fake_music_generated\fake_music_MusicGen_0296.wav,1,0,1,0,1,fake_music_MusicGen_29,MusicGen,fake_music_generated,fake_music_generated,synth/MusicGen,fake_music_MusicGen_0296,generated_music::fake_music_generator_0296,,generated_music::fake_music_generator_0296,none,,,,,,,none,val_a,val_a,val_a,1,0,1,0,1,0.959201894596549,0.959201894596549,,False,True,5.8256875,0.7319642901420593,0.9999364614486694,0.721892774105072,0.9999306201934814,0.592555582523346,0.9999648332595824,0.017834760248661,0.0228868573904037,unknown,0.9897696940605988,0.8001355714784062,0.9999364614486694,0.16151496581733224,0.2671563513576984,,,,,,,,,,,absent,unknown,clean_or_unknown,with_music,MusicGen,MusicGen,music_only,single_fake,none,not_partial_or_unknown,5-10,MusicGen,correct,not_scored,correct
data/raw/gtzan_unique_v2/reggae.00048.wav,0,0,0,0,1,gtzan_8_reggae.00048,GTZAN_genre_8,gtzan_real_v2,gtzan_real,sanchit-gandhi/gtzan,gtzan_v2_reggae.00048,gtzan::gtzan_v2_reggae.00048,,gtzan::gtzan_v2_reggae.00048,none,,,,,,,none,val_a,val_a,val_a,0,0,0,0,1,0.1332799454158289,0.1332799454158289,,False,True,30.0001875,0.6874470114707947,5.848473847436253e-06,0.6703031063079834,5.494654942594934e-06,0.4756570756435394,0.99997740983963,0.0178892239928245,0.9066221117973328,unknown,0.2287719313202215,0.5211968916543049,5.848473847436253e-06,0.13233118690550322,0.9299609363079071,,,,,,,,,,,absent,unknown,clean_or_unknown,with_music,real_music,GTZAN_genre_8,music_only,single_real,none,not_partial_or_unknown,>20,GTZAN_genre_8,correct,not_scored,correct
data\raw\fake_music_generated\fake_music_MusicGen_0090.wav,1,0,1,0,1,fake_music_MusicGen_9,MusicGen,fake_music_generated,fake_music_generated,synth/MusicGen,fake_music_MusicGen_0090,generated_music::fake_music_generator_0090,,generated_music::fake_music_generator_0090,none,,,,,,,none,val_a,val_a,val_a,1,0,1,0,1,0.9289594109216472,0.9289594109216472,,False,True,5.284625,0.7281561493873596,0.9999653100967408,0.7137547135353088,0.9999617338180542,0.5402605533599854,0.9999806880950928,0.0142652951180934,0.0234286561608314,unknown,0.9822227502309955,0.7883971278476458,0.9999653100967408,0.1457641096785664,0.2675666641443967,,,,,,,,,,,absent,unknown,clean_or_unknown,with_music,MusicGen,MusicGen,music_only,single_fake,none,not_partial_or_unknown,5-10,MusicGen,correct,not_scored,correct
MIX::data\raw\openslr_librispeech_asr\librispeech_dev_1993-147149-0012.flac|data\raw\fake_music_generated\fake_music_MusicGen_0152.wav,1,0,1,1,1,mix::1993::fake_music_MusicGen_15,mix::LibriSpeech::MusicGen,split_internal_mix,mix,generated_after_split,mix::librispeech_dev_1993-147149-0012::fake_music_MusicGen_0152::01::11,mix::libri::1993::generated_music::fake_music_generator_0152,libri::1993,generated_music::fake_music_generator_0152,music_then_voice,15.0,0.1,0.0,0.1,3.0,-3.0,none,val_a,val_a,val_a,1,0,1,1,1,0.0199795328983112,0.0199795328983112,,False,True,11.228625,0.738798975944519,0.5901403427124023,0.7347427606582642,0.5904451608657837,0.9808940887451172,0.3088265359401703,0.7081400156021118,0.0657503083348274,unknown,0.5281217100332004,0.5231531430306567,0.5901403427124023,0.7763285338878632,0.1265193652361631,,,,,,,,,,,real_speech,unknown,clean_or_unknown,with_music,MusicGen,MusicGen,voice+music,RF,music_then_voice,not_partial_or_unknown,10-20,MusicGen,correct,correct,correct
MIX::data\raw\openslr_librispeech_asr\librispeech_dev_3170-137482-0001.flac|data/raw/gtzan_unique_v2/country.00040.wav,0,0,0,1,1,mix::3170::gtzan_2_country.00040,mix::LibriSpeech::GTZAN_genre_2,split_internal_mix,mix,generated_after_split,mix::librispeech_dev_3170-137482-0001::gtzan_v2_country.00040::00::13,mix::libri::3170::gtzan::gtzan_v2_country.00040,libri::3170,gtzan::gtzan_v2_country.00040,partial_overlap,15.0,0.25,0.1,0.1,-3.0,0.0,none,val_a,val_a,val_a,0,0,0,1,1,0.0103390783914597,0.0103390783914597,,False,True,45.890875,0.7462149262428284,0.4375812411308288,0.7501797676086426,0.4418671131134033,0.9494823813438416,0.4229415953159332,0.568471372127533,0.3061693608760834,unknown,0.44319946182371395,0.5254521718874177,0.4375812411308288,0.6637241244316101,0.33536241948604584,,,,,,,,,,,real_speech,unknown,clean_or_unknown,with_music,real_music,GTZAN_genre_2,voice+music,RR,partial_overlap,partial_or_crossfade,>20,GTZAN_genre_2,correct,correct,FP
MIX::data\raw\Bisher_ASVspoof_2019_LA\asvspoof2019_LA_T_1600066.flac|data/raw/gtzan_unique_v2/disco.00066.wav,1,1,0,1,1,mix::LA_0083::gtzan_3_disco.00066,mix::A01::GTZAN_genre_3,split_internal_mix,mix,generated_after_split,mix::asvspoof2019_LA_T_1600066::gtzan_v2_disco.00066::10::11,mix::asvspoof::LA_0083::gtzan::gtzan_v2_disco.00066,asvspoof::LA_0083,gtzan::gtzan_v2_disco.00066,partial_overlap,10.0,0.1,0.1,0.05,-6.0,-6.0,none,val_a,val_a,val_a,1,1,0,1,1,0.9982617398678632,0.9982617398678632,,False,True,32.35025,0.769730806350708,0.0072181508876383,0.7541936635971069,0.0066838432103395,0.9370213150978088,0.9254801869392396,0.2530471384525299,0.8422612547874451,unknown,0.5668683760316696,0.8382900864058546,0.0072181508876383,0.42404068261384964,0.8630659878253937,,,,,,,,,,,TTS_or_unknown,unknown,clean_or_unknown,with_music,real_music,GTZAN_genre_3,voice+music,FR,partial_overlap,partial_or_crossfade,>20,GTZAN_genre_3,correct,correct,correct
data\raw\openslr_librispeech_asr\librispeech_dev_2035-147961-0009.flac,0,0,0,1,0,2035,LibriSpeech,librispeech_dev,librispeech_dev,openslr/librispeech_asr,librispeech_dev_2035-147961-0009,libri::2035,libri::2035,,none,,,,,,,none,val_a,val_a,val_a,0,0,0,1,0,0.0186997771224928,0.0186997771224928,,False,True,2.875,0.7179549336433411,0.4953495562076568,0.7251088619232178,0.4955837726593017,0.9786834716796876,0.1120548844337463,0.8108683228492737,0.0263052508234977,unknown,0.4724446107434759,0.5081783866870866,0.4953495562076568,0.8528221100568771,0.047742659226059844,,,,,,,,,,,real_speech,unknown,clean_or_unknown,voice_only,absent,LibriSpeech,voice_only,single_real,none,not_partial_or_unknown,2-5,LibriSpeech,correct,correct,not_scored
MIX::data\raw\openslr_librispeech_asr\librispeech_dev_777-126732-0028.flac|data/raw/gtzan_unique_v2/reggae.00011.wav,0,0,0,1,1,mix::777::gtzan_8_reggae.00011,mix::LibriSpeech::GTZAN_genre_8,split_internal_mix,mix,generated_after_split,mix::librispeech_dev_777-126732-0028::gtzan_v2_reggae.00011::00::3,mix::libri::777::gtzan::gtzan_v2_reggae.00011,libri::777,gtzan::gtzan_v2_reggae.00011,partial_overlap,0.0,0.75,1.0,0.5,3.0,-6.0,none,val_a,val_a,val_a,0,0,0,1,1,0.0475868996228539,0.0475868996228539,,False,True,33.205875,0.7371675968170166,0.0358110927045345,0.7136639356613159,0.0349083766341209,0.8678805828094482,0.8610356450080872,0.445713609457016,0.655661404132843,unknown,0.23015515165497852,0.5302933876587678,0.0358110927045345,0.551255352795124,0.707004964351654,,,,,,,,,,,real_speech,unknown,clean_or_unknown,with_music,real_music,GTZAN_genre_8,voice+music,RR,partial_overlap,partial_or_crossfade,>20,GTZAN_genre_8,correct,correct,correct
data\raw\Bisher_ASVspoof_2019_LA\asvspoof2019_LA_T_5034418.flac,0,0,0,1,0,LA_0094,bonafide,asvspoof2019,asvspoof2019,Bisher/ASVspoof_2019_LA,asvspoof2019_LA_T_5034418,asvspoof::LA_0094,asvspoof::LA_0094,,none,,,,,,,none,val_a,val_a,val_a,0,0,0,1,0,0.072692582916139,0.072692582916139,,False,True,1.5766875,0.6414836645126343,0.3716824352741241,0.6680912971496582,0.3510339260101318,0.9723182916641236,0.0411089770495891,0.8616956472396851,0.0216819606721401,unknown,0.40013216585940214,0.47084634003368564,0.3716824352741241,0.8893513083457947,0.026538714766502353,,,,,,,,,,,real_speech,unknown,clean_or_unknown,voice_only,absent,bonafide,voice_only,single_real,none,not_partial_or_unknown,<=2,bonafide,correct,correct,not_scored
MIX::data\raw\ajaykarthick_wavefake-audio\wavefake_ajay_LJ008-0315.wav|data/raw/gtzan_unique_v2/jazz.00012.wav,1,1,0,1,1,mix::wavefake_208461::gtzan_5_jazz.00012,mix::WF6::GTZAN_genre_5,split_internal_mix,mix,generated_after_split,mix::wavefake_ajay_LJ008-0315::gtzan_v2_jazz.00012::10::2,mix::wavefake::LJ008-0315::gtzan::gtzan_v2_jazz.00012,wavefake::LJ008-0315,gtzan::gtzan_v2_jazz.00012,crossfade,0.0,0.75,0.0,0.5,3.0,3.0,none,val_a,val_a,val_a,1,1,0,1,1,0.7230399092927456,0.7230399092927456,,False,True,34.261875,0.7783015966415405,0.2631358206272125,0.7236390709877014,0.2695555388927459,0.6770129203796387,0.7002338767051697,0.2790902256965637,0.4739048480987549,unknown,0.5910016596222051,0.761723090436902,0.2631358206272125,0.37857089936733246,0.5304871052503586,,,,,,,,,,,TTS_or_unknown,unknown,clean_or_unknown,with_music,real_music,GTZAN_genre_5,voice+music,FR,crossfade,partial_or_crossfade,>20,GTZAN_genre_5,correct,correct,correct
data\raw\ajaykarthick_wavefake-audio\wavefake_ajay_LJ019-0268_WF2_1.wav,1,1,0,1,0,wavefake_f026a7,WF2,wavefake_ajay,wavefake_ajay,ajaykarthick/wavefake-audio,wavefake_ajay_LJ019-0268,wavefake::LJ019-0268,wavefake::LJ019-0268,,none,,,,,,,none,val_a,val_a,val_a,1,1,0,1,0,0.9985431283764102,0.9985431283764102,,False,True,9.195125,0.7552534341812134,0.503014087677002,0.7546801567077637,0.5116480588912964,0.970924198627472,0.0990292578935623,0.8085665702819824,0.0219243001192808,unknown,0.7844930053860178,0.8282403424397724,0.503014087677002,0.8491559773683548,0.04120053956285118,,,,,,,,,,,TTS_or_unknown,unknown,clean_or_unknown,voice_only,absent,WF2,voice_only,single_fake,none,not_partial_or_unknown,5-10,WF2,correct,correct,not_scored
MIX::data\raw\Bisher_ASVspoof_2019_LA\asvspoof2019_LA_T_2059429.flac|data/raw/gtzan_unique_v2/blues.00074.wav,1,1,0,1,1,mix::LA_0094::gtzan_0_blues.00074,mix::A02::GTZAN_genre_0,split_internal_mix,mix,generated_after_split,mix::asvspoof2019_LA_T_2059429::gtzan_v2_blues.00074::10::3,mix::asvspoof::LA_0094::gtzan::gtzan_v2_blues.00074,asvspoof::LA_0094,gtzan::gtzan_v2_blues.00074,simultaneous,5.0,0.1,0.1,0.05,-6.0,-6.0,none,val_a,val_a,val_a,1,1,0,1,1,0.9934926282156932,0.9934926282156932,,False,True,30.013375,0.6820966005325317,0.0001181232219096,0.6708319187164307,0.0001141451721196,0.7633795738220215,0.9996854662895204,0.3068399429321289,0.8515212535858154,unknown,0.5392441836237146,0.77551540883748,0.0001181232219096,0.42097485065460205,0.8885623067617416,,,,,,,,,,,TTS_or_unknown,unknown,clean_or_unknown,with_music,real_music,GTZAN_genre_0,voice+music,FR,simultaneous,not_partial_or_unknown,>20,GTZAN_genre_0,correct,correct,correct
data\raw\openslr_librispeech_asr\librispeech_dev_2277-149897-0035.flac,0,0,0,1,0,2277,LibriSpeech,librispeech_dev,librispeech_dev,openslr/librispeech_asr,librispeech_dev_2277-149897-0035,libri::2277,libri::2277,,none,,,,,,,none,val_a,val_a,val_a,0,0,0,1,0,0.0318204584071179,0.0318204584071179,,False,True,3.45,0.7098761796951294,0.487408697605133,0.7205401659011841,0.4896232187747955,0.9701115489006042,0.1258527189493179,0.9236232042312622,0.006376071833074,unknown,0.47169460170961214,0.5064594633087259,0.487408697605133,0.9352452903985977,0.036245233612134976,,,,,,,,,,,real_speech,unknown,clean_or_unknown,voice_only,absent,LibriSpeech,voice_only,single_real,none,not_partial_or_unknown,2-5,LibriSpeech,correct,correct,not_scored
data\raw\openslr_librispeech_asr\librispeech_dev_1272-128104-0000.flac,0,0,0,1,0,1272,LibriSpeech,librispeech_dev,librispeech_dev,openslr/librispeech_asr,librispeech_dev_1272-128104-0000,libri::1272,libri::1272,,none,,,,,,,none,val_a,val_a,val_a,0,0,0,1,0,0.0070345876435359,0.0070345876435359,,False,True,5.855,0.7894690632820129,0.2823668420314789,0.7915754318237305,0.2790533900260925,0.9646074175834656,0.1675100475549698,0.803084671497345,0.0296985246241092,unknown,0.36157832139675666,0.5547387205904698,0.2823668420314789,0.8434653580188751,0.06415140535682434,,,,,,,,,,,real_speech,unknown,clean_or_unknown,voice_only,absent,LibriSpeech,voice_only,single_real,none,not_partial_or_unknown,5-10,LibriSpeech,correct,correct,not_scored
MIX::data\raw\ajaykarthick_wavefake-audio\wavefake_ajay_LJ019-0394.wav|data\raw\fake_music_generated\fake_music_MusicGen_0144.wav,1,1,1,1,1,mix::wavefake_76ddde::fake_music_MusicGen_14,mix::WF4::MusicGen,split_internal_mix,mix,generated_after_split,mix::wavefake_ajay_LJ019-0394::fake_music_MusicGen_0144::11::11,mix::wavefake::LJ019-0394::generated_music::fake_music_generator_0144,wavefake::LJ019-0394,generated_music::fake_music_generator_0144,crossfade,-15.0,0.25,0.5,0.25,-6.0,-3.0,none,val_a,val_a,val_a,1,1,1,1,1,0.9294695822970668,0.9294695822970668,,False,True,10.953375,0.734524667263031,0.9993236064910888,0.7364803552627563,0.9993000626564026,0.7146153450012207,0.9994206428527832,0.013466278091073,0.0164591819047927,unknown,0.9820524160894293,0.7930081417732416,0.9993236064910888,0.18875354481860993,0.26219954714179033,,,,,,,,,,,TTS_or_unknown,unknown,clean_or_unknown,with_music,MusicGen,MusicGen,voice+music,FF,crossfade,partial_or_crossfade,10-20,MusicGen,correct,correct,correct
MIX::data\raw\openslr_librispeech_asr\librispeech_dev_3170-137482-0040.flac|data\raw\fake_music_generated\fake_music_MusicGen_0040.wav,1,0,1,1,1,mix::3170::fake_music_MusicGen_4,mix::LibriSpeech::MusicGen,split_internal_mix,mix,generated_after_split,mix::librispeech_dev_3170-137482-0040::fake_music_MusicGen_0040::01::8,mix::libri::3170::generated_music::fake_music_generator_0040,libri::3170,generated_music::fake_music_generator_0040,crossfade,0.0,0.25,0.1,0.25,-6.0,0.0,none,val_a,val_a,val_a,1,0,1,1,1,0.0084776343336327,0.0084776343336327,,False,True,18.1845625,0.7650022506713867,0.3588990569114685,0.7419586181640625,0.3557557463645935,0.97802996635437,0.1361766755580902,0.8151822090148926,0.0336812511086463,unknown,0.3994678613878545,0.5380448657700605,0.3588990569114685,0.855894148349762,0.05930510722100728,,,,,,,,,,,real_speech,unknown,clean_or_unknown,with_music,MusicGen,MusicGen,voice+music,RF,crossfade,partial_or_crossfade,10-20,MusicGen,FN,correct,correct
MIX::data\raw\openslr_librispeech_asr\librispeech_dev_2035-152373-0017.flac|data/raw/gtzan_unique_v2/hiphop.00001.wav,0,0,0,1,1,mix::2035::gtzan_4_hiphop.00001,mix::LibriSpeech::GTZAN_genre_4,split_internal_mix,mix,generated_after_split,mix::librispeech_dev_2035-152373-0017::gtzan_v2_hiphop.00001::00::9,mix::libri::2035::gtzan::gtzan_v2_hiphop.00001,libri::2035,gtzan::gtzan_v2_hiphop.00001,crossfade,-5.0,0.25,0.1,0.1,-3.0,0.0,none,val_a,val_a,val_a,0,0,0,1,1,0.021786089242155,0.021786089242155,,False,True,37.7551875,0.7109472751617432,9.78297903202474e-05,0.7034857869148254,9.378609684063122e-05,0.8071320652961731,0.999784767627716,0.0328291803598403,0.8523292541503906,unknown,0.19457447590996285,0.5041989193858667,9.78297903202474e-05,0.2264049015939235,0.889193132519722,,,,,,,,,,,real_speech,unknown,clean_or_unknown,with_music,real_music,GTZAN_genre_4,voice+music,RR,crossfade,partial_or_crossfade,>20,GTZAN_genre_4,correct,correct,correct
data\raw\openslr_librispeech_asr\librispeech_dev_6241-61943-0002.flac,0,0,0,1,0,6241,LibriSpeech,librispeech_dev,librispeech_dev,openslr/librispeech_asr,librispeech_dev_6241-61943-0002,libri::6241,libri::6241,,none,,,,,,,none,val_a,val_a,val_a,0,0,0,1,0,0.0135807030423586,0.0135807030423586,,False,True,2.735,0.6467392444610596,0.3619153797626495,0.6636784672737122,0.3481126725673675,0.9548012614250184,0.0895832106471061,0.9064671993255616,0.0236169695854187,unknown,0.3789576004940349,0.4567916820354493,0.3619153797626495,0.9185507148504258,0.040108529850840555,,,,,,,,,,,real_speech,unknown,clean_or_unknown,voice_only,absent,LibriSpeech,voice_only,single_real,none,not_partial_or_unknown,2-5,LibriSpeech,correct,correct,not_scored
MIX::data\raw\openslr_librispeech_asr\librispeech_dev_2035-152373-0013.flac|data\raw\fake_music_generated\fake_music_MusicGen_0252.wav,1,0,1,1,1,mix::2035::fake_music_MusicGen_25,mix::LibriSpeech::MusicGen,split_internal_mix,mix,generated_after_split,mix::librispeech_dev_2035-152373-0013::fake_music_MusicGen_0252::01::1,mix::libri::2035::generated_music::fake_music_generator_0252,libri::2035,generated_music::fake_music_generator_0252,music_then_voice,0.0,0.5,0.5,0.5,-3.0,3.0,none,val_a,val_a,val_a,1,0,1,1,1,0.0231791494546157,0.0231791494546157,,False,True,26.5414375,0.758764922618866,0.8017064332962036,0.7528431415557861,0.8010042309761047,0.9295787811279296,0.6115012168884277,0.4821385145187378,0.0320869050920009,unknown,0.6468236457742567,0.5380891906695908,0.8017064332962036,0.5939985811710358,0.1769404830411076,,,,,,,,,,,real_speech,unknown,clean_or_unknown,with_music,MusicGen,MusicGen,voice+music,RF,music_then_voice,not_partial_or_unknown,>20,MusicGen,correct,correct,correct
MIX::data\raw\Bisher_ASVspoof_2019_LA\asvspoof2019_LA_T_1229215.flac|data/raw/gtzan_unique_v2/hiphop.00001.wav,1,1,0,1,1,mix::LA_0094::gtzan_4_hiphop.00001,mix::A01::GTZAN_genre_4,split_internal_mix,mix,generated_after_split,mix::asvspoof2019_LA_T_1229215::gtzan_v2_hiphop.00001::10::16,mix::asvspoof::LA_0094::gtzan::gtzan_v2_hiphop.00001,asvspoof::LA_0094,gtzan::gtzan_v2_hiphop.00001,partial_overlap,0.0,0.25,0.5,0.1,-3.0,-3.0,none,val_a,val_a,val_a,1,1,0,1,1,0.6244411508682889,0.6244411508682889,,False,True,30.88875,0.7094525098800659,0.0002355949400225,0.7080336809158325,0.0002263139758724,0.817493736743927,0.999178409576416,0.1020261570811271,0.8254179358482361,unknown,0.41270399127134294,0.6839491021765328,0.0002355949400225,0.28089305199682707,0.8688580542802811,,,,,,,,,,,TTS_or_unknown,unknown,clean_or_unknown,with_music,real_music,GTZAN_genre_4,voice+music,FR,partial_overlap,partial_or_crossfade,>20,GTZAN_genre_4,FN,FN,correct
data\raw\ajaykarthick_wavefake-audio\wavefake_ajay_LJ009-0269_WF2_1.wav,1,1,0,1,0,wavefake_0e83c3,WF2,wavefake_ajay,wavefake_ajay,ajaykarthick/wavefake-audio,wavefake_ajay_LJ009-0269,wavefake::LJ009-0269,wavefake::LJ009-0269,,none,,,,,,,none,val_a,val_a,val_a,1,1,0,1,0,0.9941137284437368,0.9941137284437368,,False,True,4.7485,0.7804073691368103,0.479160875082016,0.7851925492286682,0.4879357516765594,0.9821346998214722,0.1160952746868133,0.8112714886665344,0.0312246885150671,unknown,0.776136672584904,0.8445192769288883,0.479160875082016,0.8539872914552689,0.05244233505800365,,,,,,,,,,,TTS_or_unknown,unknown,clean_or_unknown,voice_only,absent,WF2,voice_only,single_fake,none,not_partial_or_unknown,2-5,WF2,correct,correct,not_scored
data\raw\openslr_librispeech_asr\librispeech_dev_777-126732-0038.flac,0,0,0,1,0,777,LibriSpeech,librispeech_dev,librispeech_dev,openslr/librispeech_asr,librispeech_dev_777-126732-0038,libri::777,libri::777,,none,,,,,,,none,val_a,val_a,val_a,0,0,0,1,0,0.0342069263026343,0.0342069263026343,,False,True,3.1,0.680515468120575,0.1732679307460785,0.692264974117279,0.1607084423303604,0.9745063185691832,0.2142326533794403,0.869688093662262,0.0205042641609907,unknown,0.2846579071065237,0.4866229055751927,0.1732679307460785,0.8958926498889923,0.0689363614656031,,,,,,,,,,,real_speech,unknown,clean_or_unknown,voice_only,absent,LibriSpeech,voice_only,single_real,none,not_partial_or_unknown,2-5,LibriSpeech,correct,correct,not_scored
MIX::data\raw\ajaykarthick_wavefake-audio\wavefake_ajay_LJ043-0048.wav|data\raw\fake_music_generated\fake_music_MusicGen_0156.wav,1,1,1,1,1,mix::wavefake_a26c57::fake_music_MusicGen_15,mix::WF1::MusicGen,split_internal_mix,mix,generated_after_split,mix::wavefake_ajay_LJ043-0048::fake_music_MusicGen_0156::11::6,mix::wavefake::LJ043-0048::generated_music::fake_music_generator_0156,wavefake::LJ043-0048,generated_music::fake_music_generator_0156,crossfade,-5.0,0.1,0.1,0.1,3.0,-6.0,none,val_a,val_a,val_a,1,1,1,1,1,0.8345609187635984,0.8345609187635984,,False,True,14.572125,0.7527375817298889,0.9895460605621338,0.7428383827209473,0.9896174669265748,0.7687041759490967,0.9650394916534424,0.2342760860919952,0.0115474071353673,unknown,0.953873684732289,0.7772845828400017,0.9895460605621338,0.3678831085562706,0.24992042826488609,,,,,,,,,,,TTS_or_unknown,unknown,clean_or_unknown,with_music,MusicGen,MusicGen,voice+music,FF,crossfade,partial_or_crossfade,10-20,MusicGen,correct,correct,correct
MIX::data\raw\openslr_librispeech_asr\librispeech_dev_2277-149897-0035.flac|data\raw\fake_music_generated\fake_music_MusicGen_0090.wav,1,0,1,1,1,mix::2277::fake_music_MusicGen_9,mix::LibriSpeech::MusicGen,split_internal_mix,mix,generated_after_split,mix::librispeech_dev_2277-149897-0035::fake_music_MusicGen_0090::01::18,mix::libri::2277::generated_music::fake_music_generator_0090,libri::2277,generated_music::fake_music_generator_0090,crossfade,15.0,0.75,1.0,0.05,0.0,-6.0,none,val_a,val_a,val_a,1,0,1,1,1,0.0355604941172131,0.0355604941172131,,False,True,8.684625,0.7116273641586304,0.8947937488555908,0.704619824886322,0.8966894149780273,0.9601842761039734,0.7199844717979431,0.7133222818374634,0.0395815856754779,unknown,0.7007699508115011,0.5088073031462051,0.8947937488555908,0.7750377804040909,0.2096823072060942,,,,,,,,,,,real_speech,unknown,clean_or_unknown,with_music,MusicGen,MusicGen,voice+music,RF,crossfade,partial_or_crossfade,5-10,MusicGen,correct,correct,correct
data\raw\openslr_librispeech_asr\librispeech_dev_2277-149874-0000.flac,0,0,0,1,0,2277,LibriSpeech,librispeech_dev,librispeech_dev,openslr/librispeech_asr,librispeech_dev_2277-149874-0000,libri::2277,libri::2277,,none,,,,,,,none,val_a,val_a,val_a,0,0,0,1,0,0.011534636470814,0.011534636470814,,False,True,15.505,0.7403444051742554,0.5540031790733337,0.7431164979934692,0.5639059543609619,0.953299880027771,0.1129013001918792,0.8284875154495239,0.0276292823255062,unknown,0.5093535338285462,0.5217014745632229,0.5540031790733337,0.8596906065940857,0.04894728679209945,,,,,,,,,,,real_speech,unknown,clean_or_unknown,voice_only,absent,LibriSpeech,voice_only,single_real,none,not_partial_or_unknown,10-20,LibriSpeech,FP,correct,not_scored
data/raw/gtzan_unique_v2/jazz.00041.wav,0,0,0,0,1,gtzan_5_jazz.00041,GTZAN_genre_5,gtzan_real_v2,gtzan_real,sanchit-gandhi/gtzan,gtzan_v2_jazz.00041,gtzan::gtzan_v2_jazz.00041,,gtzan::gtzan_v2_jazz.00041,none,,,,,,,none,val_a,val_a,val_a,0,0,0,0,1,0.3340791980146207,0.3340791980146207,,False,True,30.013375,0.7041314244270325,1.0108557034982368e-05,0.6794869899749756,9.668650818639437e-06,0.4626767337322235,0.9999621510505676,0.0153339533135294,0.6520927548408508,unknown,0.3059433763161713,0.5931157565033089,1.0108557034982368e-05,0.12716964841820294,0.73906010389328,,,,,,,,,,,absent,unknown,clean_or_unknown,with_music,real_music,GTZAN_genre_5,music_only,single_real,none,not_partial_or_unknown,>20,GTZAN_genre_5,correct,not_scored,correct
MIX::data\raw\Bisher_ASVspoof_2019_LA\asvspoof2019_LA_T_5520907.flac|data/raw/gtzan_unique_v2/disco.00059.wav,0,0,0,1,1,mix::LA_0086::gtzan_3_disco.00059,mix::bonafide::GTZAN_genre_3,split_internal_mix,mix,generated_after_split,mix::asvspoof2019_LA_T_5520907::gtzan_v2_disco.00059::00::14,mix::asvspoof::LA_0086::gtzan::gtzan_v2_disco.00059,asvspoof::LA_0086,gtzan::gtzan_v2_disco.00059,crossfade,-15.0,0.5,0.5,0.25,0.0,3.0,none,val_a,val_a,val_a,0,0,0,1,1,0.8168459841971427,0.8168459841971427,,False,True,32.265625,0.697469174861908,0.0001024132943712,0.6797841787338257,9.762615081854165e-05,0.4632006883621216,0.999766170978546,0.0196407530456781,0.795556366443634,unknown,0.4792391807718057,0.7332822176624784,0.0001024132943712,0.13053073687478897,0.8466088175773621,,,,,,,,,,,real_speech,unknown,clean_or_unknown,with_music,real_music,GTZAN_genre_3,voice+music,RR,crossfade,partial_or_crossfade,>20,GTZAN_genre_3,FP,FP,correct
data/raw/gtzan_unique_v2/classical.00024.wav,0,0,0,0,1,gtzan_1_classical.00024,GTZAN_genre_1,gtzan_real_v2,gtzan_real,sanchit-gandhi/gtzan,gtzan_v2_classical.00024,gtzan::gtzan_v2_classical.00024,,gtzan::gtzan_v2_classical.00024,none,,,,,,,none,val_a,val_a,val_a,0,0,0,0,1,0.2019337466214724,0.2019337466214724,,False,True,30.013375,0.6745877265930176,2.079597116733112e-08,0.6653355360031128,1.9828737762850324e-08,0.557331383228302,1.0,0.0213611721992492,0.7102572321891785,unknown,0.25028027246024764,0.532791532601554,1e-06,0.1553537249565124,0.7826929241418839,,,,,,,,,,,absent,unknown,clean_or_unknown,with_music,real_music,GTZAN_genre_1,music_only,single_real,none,not_partial_or_unknown,>20,GTZAN_genre_1,correct,not_scored,correct
MIX::data\raw\Bisher_ASVspoof_2019_LA\asvspoof2019_LA_T_3132363.flac|data\raw\fake_music_generated\fake_music_MusicGen_0124.wav,1,1,1,1,1,mix::LA_0083::fake_music_MusicGen_12,mix::A02::MusicGen,split_internal_mix,mix,generated_after_split,mix::asvspoof2019_LA_T_3132363::fake_music_MusicGen_0124::11::4,mix::asvspoof::LA_0083::generated_music::fake_music_generator_0124,asvspoof::LA_0083,generated_music::fake_music_generator_0124,music_then_voice,-15.0,0.5,1.0,0.5,-3.0,0.0,none,val_a,val_a,val_a,1,1,1,1,1,0.9401353661005224,0.9401353661005224,,False,True,8.91975,0.7318999767303467,0.9996265172958374,0.7171077728271484,0.9996126890182496,0.6472616195678711,0.9994043111801147,0.0066760242916643,0.0126633755862712,unknown,0.9848598002719319,0.7943705935413994,0.9996265172958374,0.166822423110716,0.2593486094847321,,,,,,,,,,,TTS_or_unknown,unknown,clean_or_unknown,with_music,MusicGen,MusicGen,voice+music,FF,music_then_voice,not_partial_or_unknown,5-10,MusicGen,correct,correct,correct
data/raw/gtzan_unique_v2/disco.00058.wav,0,0,0,0,1,gtzan_3_disco.00058,GTZAN_genre_3,gtzan_real_v2,gtzan_real,sanchit-gandhi/gtzan,gtzan_v2_disco.00058,gtzan::gtzan_v2_disco.00058,,gtzan::gtzan_v2_disco.00058,none,,,,,,,none,val_a,val_a,val_a,0,0,0,0,1,0.8062935307208482,0.8062935307208482,,False,True,30.0001875,0.7003865838050842,5.65138143429067e-05,0.676708459854126,5.430196688394062e-05,0.4590547084808349,0.9998316168785096,0.0167125221341848,0.8489195704460144,unknown,0.47615892264846726,0.7321586678798133,5.65138143429067e-05,0.1272980687208473,0.8866475820541382,,,,,,,,,,,absent,unknown,clean_or_unknown,with_music,real_music,GTZAN_genre_3,music_only,single_real,none,not_partial_or_unknown,>20,GTZAN_genre_3,correct,not_scored,correct
MIX::data\raw\ajaykarthick_wavefake-audio\wavefake_ajay_LJ048-0137.wav|data/raw/gtzan_unique_v2/jazz.00008.wav,1,1,0,1,1,mix::wavefake_365a25::gtzan_5_jazz.00008,mix::WF1::GTZAN_genre_5,split_internal_mix,mix,generated_after_split,mix::wavefake_ajay_LJ048-0137::gtzan_v2_jazz.00008::10::17,mix::wavefake::LJ048-0137::gtzan::gtzan_v2_jazz.00008,wavefake::LJ048-0137,gtzan::gtzan_v2_jazz.00008,crossfade,5.0,0.5,1.0,0.25,0.0,0.0,none,val_a,val_a,val_a,1,1,0,1,1,0.9992570722522928,0.9992570722522928,,False,True,36.95,0.811656653881073,0.2716436684131622,0.7391639947891235,0.2795224785804748,0.8144226670265198,0.7005817294120789,0.2745970785617828,0.4560778439044952,unknown,0.6935642914435263,0.8679367793924389,0.2716436684131622,0.409553475677967,0.5172038152813911,,,,,,,,,,,TTS_or_unknown,unknown,clean_or_unknown,with_music,real_music,GTZAN_genre_5,voice+music,FR,crossfade,partial_or_crossfade,>20,GTZAN_genre_5,correct,correct,correct
MIX::data\raw\ajaykarthick_wavefake-audio\wavefake_ajay_LJ048-0156.wav|data\raw\fake_music_generated\fake_music_MusicGen_0220.wav,1,1,1,1,1,mix::wavefake_016540::fake_music_MusicGen_22,mix::WF2::MusicGen,split_internal_mix,mix,generated_after_split,mix::wavefake_ajay_LJ048-0156::fake_music_MusicGen_0220::11::7,mix::wavefake::LJ048-0156::generated_music::fake_music_generator_0220,wavefake::LJ048-0156,generated_music::fake_music_generator_0220,simultaneous,0.0,0.25,0.5,0.25,-6.0,-3.0,none,val_a,val_a,val_a,1,1,1,1,1,0.94226620159234,0.94226620159234,,False,True,4.8906875,0.7460792064666748,0.9969082474708556,0.7514002323150635,0.996807098388672,0.9124363660812378,0.9981484413146972,0.2708199322223663,0.1075282767415046,unknown,0.9841430528822996,0.8049353050043744,0.9969082474708556,0.43122404068708414,0.3301833178848027,,,,,,,,,,,TTS_or_unknown,unknown,clean_or_unknown,with_music,MusicGen,MusicGen,voice+music,FF,simultaneous,not_partial_or_unknown,2-5,MusicGen,correct,correct,correct
MIX::data\raw\openslr_librispeech_asr\librispeech_dev_1919-142785-0044.flac|data\raw\fake_music_generated\fake_music_MusicGen_0040.wav,1,0,1,1,1,mix::1919::fake_music_MusicGen_4,mix::LibriSpeech::MusicGen,split_internal_mix,mix,generated_after_split,mix::librispeech_dev_1919-142785-0044::fake_music_MusicGen_0040::01::15,mix::libri::1919::generated_music::fake_music_generator_0040,libri::1919,generated_music::fake_music_generator_0040,voice_then_music,0.0,0.1,0.0,0.1,3.0,-3.0,none,val_a,val_a,val_a,1,0,1,1,1,0.0237515412723014,0.0237515412723014,,False,True,10.9495625,0.7532298564910889,0.7626451849937439,0.7375323176383972,0.767172634601593,0.8363369703292847,0.5642849206924438,0.427393764257431,0.0244200192391872,unknown,0.6271842586950824,0.5343863619254526,0.7626451849937439,0.5296295657753944,0.15938624460250136,,,,,,,,,,,real_speech,unknown,clean_or_unknown,with_music,MusicGen,MusicGen,voice+music,RF,voice_then_music,not_partial_or_unknown,10-20,MusicGen,correct,correct,correct
MIX::data\raw\Bisher_ASVspoof_2019_LA\asvspoof2019_LA_T_9012332.flac|data\raw\fake_music_generated\fake_music_MusicGen_0170.wav,1,1,1,1,1,mix::LA_0094::fake_music_MusicGen_17,mix::A02::MusicGen,split_internal_mix,mix,generated_after_split,mix::asvspoof2019_LA_T_9012332::fake_music_MusicGen_0170::11::18,mix::asvspoof::LA_0094::generated_music::fake_music_generator_0170,asvspoof::LA_0094,generated_music::fake_music_generator_0170,voice_then_music,-15.0,0.1,0.1,0.1,3.0,-6.0,none,val_a,val_a,val_a,1,1,1,1,1,0.95687956584516,0.95687956584516,,False,True,6.7556875,0.7182580828666687,0.9995754361152648,0.7043174505233765,0.9995518326759338,0.5000635385513306,0.9996658563613892,0.00914017111063,0.0247404035180807,unknown,0.9890183695558805,0.789844527760216,0.9995754361152648,0.13187101297080514,0.2684717667289078,,,,,,,,,,,TTS_or_unknown,unknown,clean_or_unknown,with_music,MusicGen,MusicGen,voice+music,FF,voice_then_music,not_partial_or_unknown,5-10,MusicGen,correct,correct,correct
MIX::data\raw\Bisher_ASVspoof_2019_LA\asvspoof2019_LA_T_5405802.flac|data/raw/gtzan_unique_v2/disco.00058.wav,1,1,0,1,1,mix::LA_0086::gtzan_3_disco.00058,mix::A02::GTZAN_genre_3,split_internal_mix,mix,generated_after_split,mix::asvspoof2019_LA_T_5405802::gtzan_v2_disco.00058::10::0,mix::asvspoof::LA_0086::gtzan::gtzan_v2_disco.00058,asvspoof::LA_0086,gtzan::gtzan_v2_disco.00058,music_then_voice,-10.0,0.25,0.5,0.1,-3.0,-3.0,none,val_a,val_a,val_a,1,1,0,1,1,0.8075307753960201,0.8075307753960201,,False,True,35.038,0.6966934204101562,6.76401105010882e-05,0.66865074634552,6.465834303526208e-05,0.4675726592540741,0.9998066425323486,0.0173091050237417,0.8242852091789246,unknown,0.4756430257830906,0.7299446269059153,6.76401105010882e-05,0.1298749935813248,0.8681655675172806,,,,,,,,,,,TTS_or_unknown,unknown,clean_or_unknown,with_music,real_music,GTZAN_genre_3,voice+music,FR,music_then_voice,not_partial_or_unknown,>20,GTZAN_genre_3,FN,correct,correct
data\raw\ajaykarthick_wavefake-audio\wavefake_ajay_LJ019-0361.wav,0,0,0,1,0,wavefake_3dcb5e,R,wavefake_ajay,wavefake_ajay,ajaykarthick/wavefake-audio,wavefake_ajay_LJ019-0361,wavefake::LJ019-0361,wavefake::LJ019-0361,,none,,,,,,,none,val_a,val_a,val_a,0,0,0,1,0,0.1186428489815361,0.1186428489815361,,False,True,9.004875,0.7961931824684143,0.4865372776985168,0.7811875343322754,0.4955289363861084,0.9804407358169556,0.1196785420179367,0.8144679069519043,0.0280583873391151,unknown,0.5121029677757105,0.5929280824223508,0.4865372776985168,0.8559611141681671,0.050963426008820506,,,,,,,,,,,real_speech,unknown,clean_or_unknown,voice_only,absent,R,voice_only,single_real,none,not_partial_or_unknown,5-10,R,FP,correct,not_scored
data\raw\fake_music_generated\fake_music_MusicGen_0012.wav,1,0,1,0,1,fake_music_MusicGen_1,MusicGen,fake_music_generated,fake_music_generated,synth/MusicGen,fake_music_MusicGen_0012,generated_music::fake_music_generator_0012,,generated_music::fake_music_generator_0012,none,,,,,,,none,val_a,val_a,val_a,1,0,1,0,1,0.9325434051630848,0.9325434051630848,,False,True,4.530375,0.7258965969085693,0.999919056892395,0.7146202921867371,0.9999116659164428,0.5771512985229492,0.9999513626098632,0.019864734262228,0.0320045910775661,unknown,0.9830962877128872,0.7878906393849239,0.999919056892395,0.1591863753274083,0.2739912839606404,,,,,,,,,,,absent,unknown,clean_or_unknown,with_music,MusicGen,MusicGen,music_only,single_fake,none,not_partial_or_unknown,2-5,MusicGen,correct,not_scored,correct
MIX::data\raw\openslr_librispeech_asr\librispeech_dev_6295-244435-0026.flac|data/raw/gtzan_unique_v2/hiphop.00056.wav,0,0,0,1,1,mix::6295::gtzan_4_hiphop.00056,mix::LibriSpeech::GTZAN_genre_4,split_internal_mix,mix,generated_after_split,mix::librispeech_dev_6295-244435-0026::gtzan_v2_hiphop.00056::00::19,mix::libri::6295::gtzan::gtzan_v2_hiphop.00056,libri::6295,gtzan::gtzan_v2_hiphop.00056,crossfade,10.0,0.75,1.0,0.5,3.0,-6.0,none,val_a,val_a,val_a,0,0,0,1,1,0.0222682411958512,0.0222682411958512,,False,True,32.853375,0.7374619245529175,0.0043990770354866,0.7230944633483887,0.0042425743304193,0.8509747982025146,0.9756121039390564,0.3146502673625946,0.7642764449119568,unknown,0.20403400157172707,0.5229038195457976,0.0043990770354866,0.4487314000725746,0.8171103596687317,,,,,,,,,,,real_speech,unknown,clean_or_unknown,with_music,real_music,GTZAN_genre_4,voice+music,RR,crossfade,partial_or_crossfade,>20,GTZAN_genre_4,correct,correct,correct
MIX::data\raw\openslr_librispeech_asr\librispeech_dev_3000-15664-0019.flac|data/raw/gtzan_unique_v2/rock.00041.wav,0,0,0,1,1,mix::3000::gtzan_9_rock.00041,mix::LibriSpeech::GTZAN_genre_9,split_internal_mix,mix,generated_after_split,mix::librispeech_dev_3000-15664-0019::gtzan_v2_rock.00041::00::17,mix::libri::3000::gtzan::gtzan_v2_rock.00041,libri::3000,gtzan::gtzan_v2_rock.00041,music_then_voice,0.0,0.25,0.1,0.1,-3.0,0.0,none,val_a,val_a,val_a,0,0,0,1,1,0.006138071841488,0.006138071841488,,False,True,47.733375,0.7274156212806702,0.0935858264565467,0.6932376623153687,0.0893420130014419,0.7138205170631409,0.7389677166938782,0.2763876616954803,0.5691096186637878,unknown,0.24383507189134537,0.5110323564489154,0.0935858264565467,0.3857458755373954,0.6115741431713104,,,,,,,,,,,real_speech,unknown,clean_or_unknown,with_music,real_music,GTZAN_genre_9,voice+music,RR,music_then_voice,not_partial_or_unknown,>20,GTZAN_genre_9,correct,correct,correct
MIX::data\raw\Bisher_ASVspoof_2019_LA\asvspoof2019_LA_T_5305063.flac|data\raw\fake_music_generated\fake_music_MusicGen_0220.wav,1,1,1,1,1,mix::LA_0086::fake_music_MusicGen_22,mix::A02::MusicGen,split_internal_mix,mix,generated_after_split,mix::asvspoof2019_LA_T_5305063::fake_music_MusicGen_0220::11::13,mix::asvspoof::LA_0086::generated_music::fake_music_generator_0220,asvspoof::LA_0086,generated_music::fake_music_generator_0220,voice_then_music,-5.0,0.75,0.0,0.05,0.0,3.0,none,val_a,val_a,val_a,1,1,1,1,1,0.9492856601255087,0.9492856601255087,,False,True,7.3865625,0.7376460433006287,0.9999191761016846,0.7348717451095581,0.9999122619628906,0.656753659248352,0.9999525547027588,0.0214454364031553,0.0503852777183055,unknown,0.9872824859645144,0.8011379283480927,0.9999191761016846,0.18027249211445448,0.28777709696441883,,,,,,,,,,,TTS_or_unknown,unknown,clean_or_unknown,with_music,MusicGen,MusicGen,voice+music,FF,voice_then_music,not_partial_or_unknown,5-10,MusicGen,correct,correct,correct
data\raw\openslr_librispeech_asr\librispeech_dev_2035-152373-0011.flac,0,0,0,1,0,2035,LibriSpeech,librispeech_dev,librispeech_dev,openslr/librispeech_asr,librispeech_dev_2035-152373-0011,libri::2035,libri::2035,,none,,,,,,,none,val_a,val_a,val_a,0,0,0,1,0,0.008442502853453,0.008442502853453,,False,True,10.465,0.7868631482124329,0.6799852848052979,0.7778605222702026,0.6853444576263428,0.9718469977378844,0.3137583136558532,0.7944400310516357,0.0250560324639081,unknown,0.5805127671006808,0.5533369546047389,0.6799852848052979,0.8387917727231979,0.09723160276189438,,,,,,,,,,,real_speech,unknown,clean_or_unknown,voice_only,absent,LibriSpeech,voice_only,single_real,none,not_partial_or_unknown,10-20,LibriSpeech,FP,correct,not_scored
MIX::data\raw\Bisher_ASVspoof_2019_LA\asvspoof2019_LA_T_7070941.flac|data\raw\fake_music_generated\fake_music_MusicGen_0212.wav,1,1,1,1,1,mix::LA_0094::fake_music_MusicGen_21,mix::A02::MusicGen,split_internal_mix,mix,generated_after_split,mix::asvspoof2019_LA_T_7070941::fake_music_MusicGen_0212::11::16,mix::asvspoof::LA_0094::generated_music::fake_music_generator_0212,asvspoof::LA_0094,generated_music::fake_music_generator_0212,crossfade,10.0,0.5,1.0,0.5,-3.0,0.0,none,val_a,val_a,val_a,1,1,1,1,1,0.9662658476879612,0.9662658476879612,,False,True,6.3669375,0.6145015954971313,0.9980260729789734,0.6347216367721558,0.9980286955833436,0.9244758486747742,0.997940957546234,0.3690472841262817,0.0791428983211517,unknown,0.9906199832800635,0.7200308711543802,0.9980260729789734,0.5079044252634048,0.3088424131274223,,,,,,,,,,,TTS_or_unknown,unknown,clean_or_unknown,with_music,MusicGen,MusicGen,voice+music,FF,crossfade,partial_or_crossfade,5-10,MusicGen,correct,correct,correct
data\raw\openslr_librispeech_asr\librispeech_dev_3170-137482-0033.flac,0,0,0,1,0,3170,LibriSpeech,librispeech_dev,librispeech_dev,openslr/librispeech_asr,librispeech_dev_3170-137482-0033,libri::3170,libri::3170,,none,,,,,,,none,val_a,val_a,val_a,0,0,0,1,0,0.035063959882143,0.035063959882143,,False,True,2.465,0.6767124533653259,0.3478337526321411,0.6958242654800415,0.3341425359249115,0.9763205647468568,0.0741379410028457,0.8464809060096741,0.0334445424377918,unknown,0.38292856351234733,0.484217905320371,0.3478337526321411,0.8789408206939697,0.04361789207905527,,,,,,,,,,,real_speech,unknown,clean_or_unknown,voice_only,absent,LibriSpeech,voice_only,single_real,none,not_partial_or_unknown,2-5,LibriSpeech,correct,correct,not_scored
data\raw\Bisher_ASVspoof_2019_LA\asvspoof2019_LA_T_3029173.flac,1,1,0,1,0,LA_0094,A01,asvspoof2019,asvspoof2019,Bisher/ASVspoof_2019_LA,asvspoof2019_LA_T_3029173,asvspoof::LA_0094,asvspoof::LA_0094,,none,,,,,,,none,val_a,val_a,val_a,1,1,0,1,0,0.9998406046379074,0.9998406046379074,,False,True,3.240875,0.7870694994926453,0.4258081614971161,0.7956264615058899,0.4254142045974731,0.9896165132522584,0.0491600595414638,0.811989963054657,0.0201784316450357,unknown,0.7523861556535683,0.8509008310362238,0.4258081614971161,0.8563966006040573,0.027423838619142722,,,,,,,,,,,TTS_or_unknown,unknown,clean_or_unknown,voice_only,absent,A01,voice_only,single_fake,none,not_partial_or_unknown,2-5,A01,correct,correct,not_scored
data\raw\ajaykarthick_wavefake-audio\wavefake_ajay_LJ043-0071.wav,1,1,0,1,0,wavefake_be922e,WF5,wavefake_ajay,wavefake_ajay,ajaykarthick/wavefake-audio,wavefake_ajay_LJ043-0071,wavefake::LJ043-0071,wavefake::LJ043-0071,,none,,,,,,,none,val_a,val_a,val_a,1,1,0,1,0,0.9866536110355508,0.9866536110355508,,False,True,2.8909375,0.7567241191864014,0.4465802013874054,0.7667672038078308,0.445436030626297,0.989658772945404,0.070974051952362,0.8326413631439209,0.0200550630688667,unknown,0.7525296283519163,0.8257029667411462,0.4465802013874054,0.8718957155942917,0.03278481028974052,,,,,,,,,,,TTS_or_unknown,unknown,clean_or_unknown,voice_only,absent,WF5,voice_only,single_fake,none,not_partial_or_unknown,2-5,WF5,correct,correct,not_scored
data\raw\openslr_librispeech_asr\librispeech_dev_6295-64301-0026.flac,0,0,0,1,0,6295,LibriSpeech,librispeech_dev,librispeech_dev,openslr/librispeech_asr,librispeech_dev_6295-64301-0026,libri::6295,libri::6295,,none,,,,,,,none,val_a,val_a,val_a,0,0,0,1,0,0.013788693726693,0.013788693726693,,False,True,10.43,0.7743790745735168,0.3168408870697021,0.7709956169128418,0.3123384714126587,0.9723120927810668,0.1104577928781509,0.795244574546814,0.028772160410881,unknown,0.37931800037229807,0.5462019603194697,0.3168408870697021,0.8395114541053772,0.049193568527698475,,,,,,,,,,,real_speech,unknown,clean_or_unknown,voice_only,absent,LibriSpeech,voice_only,single_real,none,not_partial_or_unknown,10-20,LibriSpeech,correct,correct,not_scored
data/raw/gtzan_unique_v2/classical.00089.wav,0,0,0,0,1,gtzan_1_classical.00089,GTZAN_genre_1,gtzan_real_v2,gtzan_real,sanchit-gandhi/gtzan,gtzan_v2_classical.00089,gtzan::gtzan_v2_classical.00089,,gtzan::gtzan_v2_classical.00089,none,,,,,,,none,val_a,val_a,val_a,0,0,0,0,1,0.5664223690937125,0.5664223690937125,,False,True,30.013375,0.6487045884132385,3.730226308107376e-05,0.6413082480430603,3.683866816572845e-05,0.6043424010276794,0.9999046921730042,0.0218821968883276,0.7903404235839844,unknown,0.3756321370959179,0.6240199226173807,3.730226308107376e-05,0.16749724792316556,0.8427314907312393,,,,,,,,,,,absent,unknown,clean_or_unknown,with_music,real_music,GTZAN_genre_1,music_only,single_real,none,not_partial_or_unknown,>20,GTZAN_genre_1,correct,not_scored,correct
MIX::data\raw\openslr_librispeech_asr\librispeech_dev_2035-147961-0009.flac|data\raw\fake_music_generated\fake_music_MusicGen_0040.wav,1,0,1,1,1,mix::2035::fake_music_MusicGen_4,mix::LibriSpeech::MusicGen,split_internal_mix,mix,generated_after_split,mix::librispeech_dev_2035-147961-0009::fake_music_MusicGen_0040::01::6,mix::libri::2035::generated_music::fake_music_generator_0040,libri::2035,generated_music::fake_music_generator_0040,music_then_voice,-10.0,0.75,1.0,0.05,0.0,-6.0,none,val_a,val_a,val_a,1,0,1,1,1,0.9504756096332532,0.9504756096332532,,False,True,9.0545625,0.7619473338127136,0.9998584389686584,0.764167308807373,0.9998489618301392,0.8145202398300171,0.9999072551727296,0.0158612262457609,0.0188753865659236,unknown,0.9875526284056941,0.8185058165588754,0.9998584389686584,0.21552597964182496,0.2641333537176251,,,,,,,,,,,real_speech,unknown,clean_or_unknown,with_music,MusicGen,MusicGen,voice+music,RF,music_then_voice,not_partial_or_unknown,5-10,MusicGen,correct,FP,correct
MIX::data\raw\openslr_librispeech_asr\librispeech_dev_2277-149897-0010.flac|data/raw/gtzan_unique_v2/reggae.00011.wav,0,0,0,1,1,mix::2277::gtzan_8_reggae.00011,mix::LibriSpeech::GTZAN_genre_8,split_internal_mix,mix,generated_after_split,mix::librispeech_dev_2277-149897-0010::gtzan_v2_reggae.00011::00::18,mix::libri::2277::gtzan::gtzan_v2_reggae.00011,libri::2277,gtzan::gtzan_v2_reggae.00011,partial_overlap,5.0,0.5,0.5,0.25,0.0,3.0,none,val_a,val_a,val_a,0,0,0,1,1,0.0154338330676994,0.0154338330676994,,False,True,31.825875,0.7217919230461121,0.0397262535989284,0.7101020812988281,0.0401593782007694,0.878019392490387,0.9054930806159972,0.2792989611625671,0.7801514267921448,unknown,0.217426330912902,0.5098844960525882,0.0397262535989284,0.42897906899452204,0.8114868402481079,,,,,,,,,,,real_speech,unknown,clean_or_unknown,with_music,real_music,GTZAN_genre_8,voice+music,RR,partial_overlap,partial_or_crossfade,>20,GTZAN_genre_8,correct,correct,correct
MIX::data\raw\openslr_librispeech_asr\librispeech_dev_1919-142785-0015.flac|data\raw\fake_music_generated\fake_music_MusicGen_0002.wav,1,0,1,1,1,mix::1919::fake_music_MusicGen_0,mix::LibriSpeech::MusicGen,split_internal_mix,mix,generated_after_split,mix::librispeech_dev_1919-142785-0015::fake_music_MusicGen_0002::01::5,mix::libri::1919::generated_music::fake_music_generator_0002,libri::1919,generated_music::fake_music_generator_0002,voice_then_music,-15.0,0.5,0.5,0.5,-3.0,3.0,none,val_a,val_a,val_a,1,0,1,1,1,0.9321717305448644,0.9321717305448644,,False,True,10.560875,0.7299034595489502,0.9998286962509156,0.7258078455924988,0.9998157620429992,0.6348589658737183,0.9998902082443236,0.0304206646978855,0.0484055057168006,unknown,0.9829603907438215,0.7905839408477244,0.9998286962509156,0.1815302399918437,0.28627668134868134,,,,,,,,,,,real_speech,unknown,clean_or_unknown,with_music,MusicGen,MusicGen,voice+music,RF,voice_then_music,not_partial_or_unknown,10-20,MusicGen,correct,FP,correct
data/raw/gtzan_unique_v2/jazz.00089.wav,0,0,0,0,1,gtzan_5_jazz.00089,GTZAN_genre_5,gtzan_real_v2,gtzan_real,sanchit-gandhi/gtzan,gtzan_v2_jazz.00089,gtzan::gtzan_v2_jazz.00089,,gtzan::gtzan_v2_jazz.00089,none,,,,,,,none,val_a,val_a,val_a,0,0,0,0,1,0.8168620884158875,0.8168620884158875,,False,True,30.013375,0.6741659641265869,0.0002809124998748,0.6628793478012085,0.0002706033119466,0.6308107972145081,0.9999863505363464,0.0176986306905746,0.7197933197021484,unknown,0.4732123633694917,0.716974801413377,0.0002809124998748,0.17097667232155797,0.7898415774106979,,,,,,,,,,,absent,unknown,clean_or_unknown,with_music,real_music,GTZAN_genre_5,music_only,single_real,none,not_partial_or_unknown,>20,GTZAN_genre_5,correct,not_scored,correct
MIX::data\raw\ajaykarthick_wavefake-audio\wavefake_ajay_LJ019-0370.wav|data/raw/gtzan_unique_v2/jazz.00011.wav,1,1,0,1,1,mix::wavefake_5f9cb1::gtzan_5_jazz.00011,mix::WF6::GTZAN_genre_5,split_internal_mix,mix,generated_after_split,mix::wavefake_ajay_LJ019-0370::gtzan_v2_jazz.00011::10::4,mix::wavefake::LJ019-0370::gtzan::gtzan_v2_jazz.00011,wavefake::LJ019-0370,gtzan::gtzan_v2_jazz.00011,voice_then_music,10.0,0.25,0.5,0.1,-3.0,-3.0,none,val_a,val_a,val_a,1,1,0,1,1,0.9956743467713894,0.9956743467713894,,False,True,38.443,0.7999935746192932,0.2321837544441223,0.7317114472389221,0.2353854328393936,0.866799533367157,0.7075360417366028,0.2802706956863403,0.5340980887413025,unknown,0.6715028290516911,0.8586978062649221,0.2321837544441223,0.42690290510654444,0.5774575769901276,,,,,,,,,,,TTS_or_unknown,unknown,clean_or_unknown,with_music,real_music,GTZAN_genre_5,voice+music,FR,voice_then_music,not_partial_or_unknown,>20,GTZAN_genre_5,correct,correct,correct
data\raw\Bisher_ASVspoof_2019_LA\asvspoof2019_LA_T_3147515.flac,1,1,0,1,0,LA_0083,A02,asvspoof2019,asvspoof2019,Bisher/ASVspoof_2019_LA,asvspoof2019_LA_T_3147515,asvspoof::LA_0083,asvspoof::LA_0083,,none,,,,,,,none,val_a,val_a,val_a,1,1,0,1,0,0.9995080180534708,0.9995080180534708,,False,True,4.3056875,0.731922447681427,0.4686627686023712,0.7429906129837036,0.4705506861209869,0.9794726371765136,0.0390177182853221,0.7223041653633118,0.0160841643810272,unknown,0.763913712454323,0.81219811879304,0.4686627686023712,0.7865962833166122,0.021817552857100925,,,,,,,,,,,TTS_or_unknown,unknown,clean_or_unknown,voice_only,absent,A02,voice_only,single_fake,none,not_partial_or_unknown,2-5,A02,correct,correct,not_scored
data\raw\fake_music_generated\fake_music_MusicGen_0220.wav,1,0,1,0,1,fake_music_MusicGen_22,MusicGen,fake_music_generated,fake_music_generated,synth/MusicGen,fake_music_MusicGen_0220,generated_music::fake_music_generator_0220,,generated_music::fake_music_generator_0220,none,,,,,,,none,val_a,val_a,val_a,1,0,1,0,1,0.9525083699489943,0.9525083699489943,,False,True,4.8906875,0.7347034811973572,0.9999169111251832,0.7206174731254578,0.999909281730652,0.5314429402351379,0.9999445676803588,0.017861908301711,0.0406956896185874,unknown,0.9880868428711309,0.8000449478228482,0.9999169111251832,0.14625716628506774,0.28050790913403023,,,,,,,,,,,absent,unknown,clean_or_unknown,with_music,MusicGen,MusicGen,music_only,single_fake,none,not_partial_or_unknown,2-5,MusicGen,correct,not_scored,correct
data/raw/gtzan_unique_v2/jazz.00012.wav,0,0,0,0,1,gtzan_5_jazz.00012,GTZAN_genre_5,gtzan_real_v2,gtzan_real,sanchit-gandhi/gtzan,gtzan_v2_jazz.00012,gtzan::gtzan_v2_jazz.00012,,gtzan::gtzan_v2_jazz.00012,none,,,,,,,none,val_a,val_a,val_a,0,0,0,0,1,0.481772303783153,0.481772303783153,,False,True,30.013375,0.6704987287521362,1.128222265833756e-06,0.6699463725090027,1.0639828360581305e-06,0.6894534230232239,0.9999973177909852,0.0162740405648946,0.7096369862556458,unknown,0.3506489387729962,0.6138808012614412,1.128222265833756e-06,0.18456888617947692,0.7822270691394806,,,,,,,,,,,absent,unknown,clean_or_unknown,with_music,real_music,GTZAN_genre_5,music_only,single_real,none,not_partial_or_unknown,>20,GTZAN_genre_5,correct,not_scored,correct
data\raw\Bisher_ASVspoof_2019_LA\asvspoof2019_LA_T_6992206.flac,1,1,0,1,0,LA_0094,A01,asvspoof2019,asvspoof2019,Bisher/ASVspoof_2019_LA,asvspoof2019_LA_T_6992206,asvspoof::LA_0094,asvspoof::LA_0094,,none,,,,,,,none,val_a,val_a,val_a,1,1,0,1,0,0.9997084867722636,0.9997084867722636,,False,True,2.6,0.719127893447876,0.4472430646419525,0.7344203591346741,0.4453054070472717,0.9779617786407472,0.028449198231101,0.6788838505744934,0.0455023571848869,unknown,0.7511443452685809,0.8033020714451922,0.4472430646419525,0.7536533325910568,0.041239067446440424,,,,,,,,,,,TTS_or_unknown,unknown,clean_or_unknown,voice_only,absent,A01,voice_only,single_fake,none,not_partial_or_unknown,2-5,A01,correct,correct,not_scored
MIX::data\raw\ajaykarthick_wavefake-audio\wavefake_ajay_LJ048-0137.wav|data/raw/gtzan_unique_v2/classical.00031.wav,1,1,0,1,1,mix::wavefake_365a25::gtzan_1_classical.00031,mix::WF1::GTZAN_genre_1,split_internal_mix,mix,generated_after_split,mix::wavefake_ajay_LJ048-0137::gtzan_v2_classical.00031::10::13,mix::wavefake::LJ048-0137::gtzan::gtzan_v2_classical.00031,wavefake::LJ048-0137,gtzan::gtzan_v2_classical.00031,simultaneous,-15.0,0.5,1.0,0.25,0.0,0.0,none,val_a,val_a,val_a,1,1,0,1,1,0.1539174196983998,0.1539174196983998,,False,True,30.013375,0.6859592199325562,0.0001832995621953,0.6778160333633423,0.0001798080193111,0.6765599846839905,0.9996564388275146,0.0887710526585578,0.5581305623054504,unknown,0.23595934554753764,0.5263466798623092,0.0001832995621953,0.23571828566491598,0.6685120314359665,,,,,,,,,,,TTS_or_unknown,unknown,clean_or_unknown,with_music,real_music,GTZAN_genre_1,voice+music,FR,simultaneous,not_partial_or_unknown,>20,GTZAN_genre_1,FN,FN,correct
MIX::data\raw\openslr_librispeech_asr\librispeech_dev_6241-61946-0011.flac|data\raw\fake_music_generated\fake_music_MusicGen_0144.wav,1,0,1,1,1,mix::6241::fake_music_MusicGen_14,mix::LibriSpeech::MusicGen,split_internal_mix,mix,generated_after_split,mix::librispeech_dev_6241-61946-0011::fake_music_MusicGen_0144::01::17,mix::libri::6241::generated_music::fake_music_generator_0144,libri::6241,generated_music::fake_music_generator_0144,partial_overlap,10.0,0.5,0.5,0.5,-3.0,3.0,none,val_a,val_a,val_a,1,0,1,1,1,0.0140294918174177,0.0140294918174177,,False,True,12.955125,0.7522360682487488,0.5125962495803833,0.7494350671768188,0.5139709115028381,0.9671722054481506,0.1835877001285553,0.7322248220443726,0.127197265625,unknown,0.4854830401171487,0.5307740953193494,0.5125962495803833,0.7909616678953171,0.14129487425088882,,,,,,,,,,,real_speech,unknown,clean_or_unknown,with_music,MusicGen,MusicGen,voice+music,RF,partial_overlap,partial_or_crossfade,10-20,MusicGen,correct,correct,correct
MIX::data\raw\openslr_librispeech_asr\librispeech_dev_2277-149896-0028.flac|data/raw/gtzan_unique_v2/rock.00042.wav,0,0,0,1,1,mix::2277::gtzan_9_rock.00042,mix::LibriSpeech::GTZAN_genre_9,split_internal_mix,mix,generated_after_split,mix::librispeech_dev_2277-149896-0028::gtzan_v2_rock.00042::00::10,mix::libri::2277::gtzan::gtzan_v2_rock.00042,libri::2277,gtzan::gtzan_v2_rock.00042,simultaneous,0.0,0.5,0.5,0.25,0.0,3.0,none,val_a,val_a,val_a,0,0,0,1,1,0.3777784373500339,0.3777784373500339,,False,True,30.013375,0.6685134172439575,0.0002446938306093,0.658897876739502,0.0002345048706047,0.5310936570167542,0.9993966221809388,0.0527277700603008,0.8305676579475403,unknown,0.312555815531843,0.5812929232757804,0.0002446938306093,0.17231924179941413,0.8727748990058899,,,,,,,,,,,real_speech,unknown,clean_or_unknown,with_music,real_music,GTZAN_genre_9,voice+music,RR,simultaneous,not_partial_or_unknown,>20,GTZAN_genre_9,correct,correct,correct
data\raw\fake_music_generated\fake_music_MusicGen_0152.wav,1,0,1,0,1,fake_music_MusicGen_15,MusicGen,fake_music_generated,fake_music_generated,synth/MusicGen,fake_music_MusicGen_0152,generated_music::fake_music_generator_0152,,generated_music::fake_music_generator_0152,none,,,,,,,none,val_a,val_a,val_a,1,0,1,0,1,0.9648407559513752,0.9648407559513752,,False,True,5.948625,0.7354568839073181,0.9998262524604796,0.7223067283630371,0.9998140931129456,0.5428165197372437,0.9998373985290528,0.0158872865140438,0.0295141693204641,unknown,0.9911277211862586,0.8042720455205352,0.9998262524604796,0.14761959481984377,0.2720949766226113,,,,,,,,,,,absent,unknown,clean_or_unknown,with_music,MusicGen,MusicGen,music_only,single_fake,none,not_partial_or_unknown,5-10,MusicGen,correct,not_scored,correct
data\raw\fake_music_generated\fake_music_MusicGen_0174.wav,1,0,1,0,1,fake_music_MusicGen_17,MusicGen,fake_music_generated,fake_music_generated,synth/MusicGen,fake_music_MusicGen_0174,generated_music::fake_music_generator_0174,,generated_music::fake_music_generator_0174,none,,,,,,,none,val_a,val_a,val_a,1,0,1,0,1,0.9260926418861034,0.9260926418861034,,False,True,4.5890625,0.7390713691711426,0.9999133348464966,0.7288720011711121,0.9999054670333862,0.5947429537773132,0.999948263168335,0.0153285795822739,0.0283378232270479,unknown,0.9814810540021763,0.7951777509856308,0.9999133348464966,0.16018217313103372,0.2712404332123697,,,,,,,,,,,absent,unknown,clean_or_unknown,with_music,MusicGen,MusicGen,music_only,single_fake,none,not_partial_or_unknown,2-5,MusicGen,correct,not_scored,correct
MIX::data\raw\openslr_librispeech_asr\librispeech_dev_777-126732-0005.flac|data/raw/gtzan_unique_v2/country.00023.wav,0,0,0,1,1,mix::777::gtzan_2_country.00023,mix::LibriSpeech::GTZAN_genre_2,split_internal_mix,mix,generated_after_split,mix::librispeech_dev_777-126732-0005::gtzan_v2_country.00023::00::7,mix::libri::777::gtzan::gtzan_v2_country.00023,libri::777,gtzan::gtzan_v2_country.00023,music_then_voice,-15.0,0.75,1.0,0.5,3.0,-6.0,none,val_a,val_a,val_a,0,0,0,1,1,0.1463392723804879,0.1463392723804879,,False,True,42.133375,0.6894869208335876,0.0003538916353136,0.6953051090240479,0.0003205586108379,0.7422149181365967,0.9974495768547058,0.2818872928619385,0.7773418426513672,unknown,0.23422134466239436,0.5265426262976577,0.0003538916353136,0.396969199180603,0.8323687762022018,,,,,,,,,,,real_speech,unknown,clean_or_unknown,with_music,real_music,GTZAN_genre_2,voice+music,RR,music_then_voice,not_partial_or_unknown,>20,GTZAN_genre_2,correct,correct,correct
data\raw\fake_music_generated\fake_music_MusicGen_0002.wav,1,0,1,0,1,fake_music_MusicGen_0,MusicGen,fake_music_generated,fake_music_generated,synth/MusicGen,fake_music_MusicGen_0002,generated_music::fake_music_generator_0002,,generated_music::fake_music_generator_0002,none,,,,,,,none,val_a,val_a,val_a,1,0,1,0,1,0.9359693691176496,0.9359693691176496,,False,True,5.770875,0.7267391681671143,0.9998243451118468,0.7165156602859497,0.999810755252838,0.570294976234436,0.999881625175476,0.0268731527030468,0.0441831015050411,unknown,0.983907510283506,0.7895082284522749,0.9998243451118468,0.1627286085858941,0.2831077324226498,,,,,,,,,,,absent,unknown,clean_or_unknown,with_music,MusicGen,MusicGen,music_only,single_fake,none,not_partial_or_unknown,5-10,MusicGen,correct,not_scored,correct
data\raw\ajaykarthick_wavefake-audio\wavefake_ajay_LJ019-0370.wav,1,1,0,1,0,wavefake_5f9cb1,WF6,wavefake_ajay,wavefake_ajay,ajaykarthick/wavefake-audio,wavefake_ajay_LJ019-0370,wavefake::LJ019-0370,wavefake::LJ019-0370,,none,,,,,,,none,val_a,val_a,val_a,1,1,0,1,0,0.9965850358933208,0.9965850358933208,,False,True,7.929625,0.804866373538971,0.4759574830532074,0.8084509372711182,0.4845330417156219,0.9896798133850098,0.1077703386545181,0.8087969422340393,0.027017630636692,unknown,0.7788020130009987,0.8623819722452758,0.4759574830532074,0.8540176600217819,0.047205807641148526,,,,,,,,,,,TTS_or_unknown,unknown,clean_or_unknown,voice_only,absent,WF6,voice_only,single_fake,none,not_partial_or_unknown,5-10,WF6,correct,correct,not_scored
data\raw\ajaykarthick_wavefake-audio\wavefake_ajay_LJ050-0244.wav,1,1,0,1,0,wavefake_31c5b4,WF1,wavefake_ajay,wavefake_ajay,ajaykarthick/wavefake-audio,wavefake_ajay_LJ050-0244,wavefake::LJ050-0244,wavefake::LJ050-0244,,none,,,,,,,none,val_a,val_a,val_a,1,1,0,1,0,0.9983857783504662,0.9983857783504662,,False,True,3.575875,0.7902364730834961,0.470921516418457,0.7965729236602783,0.4761303961277008,0.9898861646652222,0.0984509363770484,0.8204538226127625,0.0182422250509262,unknown,0.7739166532249019,0.8526812646635871,0.470921516418457,0.8628119081258774,0.03829440288245675,,,,,,,,,,,TTS_or_unknown,unknown,clean_or_unknown,voice_only,absent,WF1,voice_only,single_fake,none,not_partial_or_unknown,2-5,WF1,correct,correct,not_scored
data\raw\fake_music_generated\fake_music_MusicGen_0064.wav,1,0,1,0,1,fake_music_MusicGen_6,MusicGen,fake_music_generated,fake_music_generated,synth/MusicGen,fake_music_MusicGen_0064,generated_music::fake_music_generator_0064,,generated_music::fake_music_generator_0064,none,,,,,,,none,val_a,val_a,val_a,1,0,1,0,1,0.9396119309732271,0.9396119309732271,,False,True,4.7350625,0.7317602038383484,0.9997430443763732,0.7209829092025757,0.999725878238678,0.5656952261924744,0.9998040795326232,0.0187995713204145,0.0301079098135232,unknown,0.9847803484116658,0.794115721978812,0.9997430443763732,0.15552348503842947,0.2725319522432982,,,,,,,,,,,absent,unknown,clean_or_unknown,with_music,MusicGen,MusicGen,music_only,single_fake,none,not_partial_or_unknown,2-5,MusicGen,correct,not_scored,correct
MIX::data\raw\Bisher_ASVspoof_2019_LA\asvspoof2019_LA_T_6193190.flac|data/raw/gtzan_unique_v2/reggae.00036.wav,1,1,0,1,1,mix::LA_0086::gtzan_8_reggae.00036,mix::A02::GTZAN_genre_8,split_internal_mix,mix,generated_after_split,mix::asvspoof2019_LA_T_6193190::gtzan_v2_reggae.00036::10::7,mix::asvspoof::LA_0086::gtzan::gtzan_v2_reggae.00036,asvspoof::LA_0086,gtzan::gtzan_v2_reggae.00036,crossfade,-10.0,0.1,0.1,0.05,-6.0,-6.0,none,val_a,val_a,val_a,1,1,0,1,1,0.4118409334370112,0.4118409334370112,,False,True,38.0926875,0.7092245817184448,3.4177559427917004e-05,0.689195990562439,3.308446321170777e-05,0.7264800667762756,0.9999405741691588,0.0226581934839487,0.8801167607307434,unknown,0.33548106792633725,0.6200094872340147,3.4177559427917004e-05,0.19861366180703044,0.9100727140903473,,,,,,,,,,,TTS_or_unknown,unknown,clean_or_unknown,with_music,real_music,GTZAN_genre_8,voice+music,FR,crossfade,partial_or_crossfade,>20,GTZAN_genre_8,FN,FN,correct
data\raw\fake_music_generated\fake_music_MusicGen_0156.wav,1,0,1,0,1,fake_music_MusicGen_15,MusicGen,fake_music_generated,fake_music_generated,synth/MusicGen,fake_music_MusicGen_0156,generated_music::fake_music_generator_0156,,generated_music::fake_music_generator_0156,none,,,,,,,none,val_a,val_a,val_a,1,0,1,0,1,0.8272263083267669,0.8272263083267669,,False,True,4.7455625,0.7269733548164368,0.9991555213928224,0.7125957012176514,0.999134123325348,0.5306828022003174,0.9990400671958924,0.0106157278642058,0.008903213776648,unknown,0.956404935809191,0.7570492408695357,0.9991555213928224,0.1406324964482337,0.2564374271314591,,,,,,,,,,,absent,unknown,clean_or_unknown,with_music,MusicGen,MusicGen,music_only,single_fake,none,not_partial_or_unknown,2-5,MusicGen,correct,not_scored,correct
MIX::data\raw\Bisher_ASVspoof_2019_LA\asvspoof2019_LA_T_2572311.flac|data/raw/gtzan_unique_v2/pop.00018.wav,0,0,0,1,1,mix::LA_0086::gtzan_7_pop.00018,mix::bonafide::GTZAN_genre_7,split_internal_mix,mix,generated_after_split,mix::asvspoof2019_LA_T_2572311::gtzan_v2_pop.00018::00::6,mix::asvspoof::LA_0086::gtzan::gtzan_v2_pop.00018,asvspoof::LA_0086,gtzan::gtzan_v2_pop.00018,voice_then_music,15.0,0.5,0.5,0.25,0.0,3.0,none,val_a,val_a,val_a,0,0,0,1,1,0.1172095551433097,0.1172095551433097,,False,True,33.4844375,0.7193748354911804,0.1412955522537231,0.709869384765625,0.1367379873991012,0.9134041666984558,0.7087922096252441,0.2159571051597595,0.6635127663612366,unknown,0.3070421297102964,0.5387252513868193,0.1412955522537231,0.3903188705444336,0.6748326271772385,,,,,,,,,,,real_speech,unknown,clean_or_unknown,with_music,real_music,GTZAN_genre_7,voice+music,RR,voice_then_music,not_partial_or_unknown,>20,GTZAN_genre_7,correct,correct,correct
MIX::data\raw\ajaykarthick_wavefake-audio\wavefake_ajay_LJ050-0244.wav|data\raw\fake_music_generated\fake_music_MusicGen_0252.wav,1,1,1,1,1,mix::wavefake_31c5b4::fake_music_MusicGen_25,mix::WF1::MusicGen,split_internal_mix,mix,generated_after_split,mix::wavefake_ajay_LJ050-0244::fake_music_MusicGen_0252::11::12,mix::wavefake::LJ050-0244::generated_music::fake_music_generator_0252,wavefake::LJ050-0244,generated_music::fake_music_generator_0252,simultaneous,-10.0,0.5,1.0,0.5,-3.0,0.0,none,val_a,val_a,val_a,1,1,1,1,1,0.6052791598723799,0.6052791598723799,,False,True,5.5714375,0.7408403754234314,0.9992176294326782,0.7441819310188293,0.9991798996925354,0.7699400186538696,0.9994316697120668,0.3774778842926025,0.1414618790149688,unknown,0.90092428613003,0.7001720107581159,0.9992176294326782,0.47559341788291926,0.3559543266892433,,,,,,,,,,,TTS_or_unknown,unknown,clean_or_unknown,with_music,MusicGen,MusicGen,voice+music,FF,simultaneous,not_partial_or_unknown,5-10,MusicGen,correct,correct,correct
MIX::data\raw\Bisher_ASVspoof_2019_LA\asvspoof2019_LA_T_2960848.flac|data/raw/gtzan_unique_v2/reggae.00021.wav,1,1,0,1,1,mix::LA_0086::gtzan_8_reggae.00021,mix::A02::GTZAN_genre_8,split_internal_mix,mix,generated_after_split,mix::asvspoof2019_LA_T_2960848::gtzan_v2_reggae.00021::10::15,mix::asvspoof::LA_0086::gtzan::gtzan_v2_reggae.00021,asvspoof::LA_0086,gtzan::gtzan_v2_reggae.00021,music_then_voice,-5.0,0.1,0.1,0.05,-6.0,-6.0,none,val_a,val_a,val_a,1,1,0,1,1,0.6853224503503897,0.6853224503503897,,False,True,33.993875,0.6609480977058411,2.08569999813335e-05,0.6524543762207031,1.9829678421956487e-05,0.5291364789009094,0.9999544620513916,0.0429277420043945,0.8802743554115295,unknown,0.421938294688992,0.6682604034992057,2.08569999813335e-05,0.16447992622852323,0.9101943820714951,,,,,,,,,,,TTS_or_unknown,unknown,clean_or_unknown,with_music,real_music,GTZAN_genre_8,voice+music,FR,music_then_voice,not_partial_or_unknown,>20,GTZAN_genre_8,FN,FN,correct
MIX::data\raw\ajaykarthick_wavefake-audio\wavefake_ajay_LJ008-0140.wav|data\raw\fake_music_generated\fake_music_MusicGen_0212.wav,1,1,1,1,1,mix::wavefake_7d8b1c::fake_music_MusicGen_21,mix::WF1::MusicGen,split_internal_mix,mix,generated_after_split,mix::wavefake_ajay_LJ008-0140::fake_music_MusicGen_0212::11::8,mix::wavefake::LJ008-0140::generated_music::fake_music_generator_0212,wavefake::LJ008-0140,generated_music::fake_music_generator_0212,voice_then_music,5.0,0.5,1.0,0.5,-3.0,0.0,none,val_a,val_a,val_a,1,1,1,1,1,0.9991127764620052,0.9991127764620052,,False,True,12.7876875,0.7998954653739929,0.4426348209381103,0.7889766693115234,0.4474597573280334,0.987573742866516,0.1654390096664428,0.7872815132141113,0.038232933729887,unknown,0.7632430048286833,0.8596606587003965,0.4426348209381103,0.8373545706272125,0.07003445271402595,,,,,,,,,,,TTS_or_unknown,unknown,clean_or_unknown,with_music,MusicGen,MusicGen,voice+music,FF,voice_then_music,not_partial_or_unknown,10-20,MusicGen,correct,correct,correct
MIX::data\raw\Bisher_ASVspoof_2019_LA\asvspoof2019_LA_T_8727197.flac|data/raw/gtzan_unique_v2/country.00061.wav,1,1,0,1,1,mix::LA_0094::gtzan_2_country.00061,mix::A02::GTZAN_genre_2,split_internal_mix,mix,generated_after_split,mix::asvspoof2019_LA_T_8727197::gtzan_v2_country.00061::10::8,mix::asvspoof::LA_0094::gtzan::gtzan_v2_country.00061,asvspoof::LA_0094,gtzan::gtzan_v2_country.00061,simultaneous,-5.0,0.25,0.5,0.1,-3.0,-3.0,none,val_a,val_a,val_a,1,1,0,1,1,0.5000455249099666,0.5000455249099666,,False,True,30.013375,0.6920892000198364,3.11698528321358e-07,0.674463152885437,2.9515641131183656e-07,0.4897710382938385,0.999999701976776,0.1574106961488723,0.8265759348869324,unknown,0.3629400711936976,0.6344760974868754,1e-06,0.24050078168511385,0.8699318766593933,,,,,,,,,,,TTS_or_unknown,unknown,clean_or_unknown,with_music,real_music,GTZAN_genre_2,voice+music,FR,simultaneous,not_partial_or_unknown,>20,GTZAN_genre_2,FN,FN,correct
MIX::data\raw\ajaykarthick_wavefake-audio\wavefake_ajay_LJ020-0094.wav|data\raw\fake_music_generated\fake_music_MusicGen_0156.wav,1,0,1,1,1,mix::wavefake_45bc9f::fake_music_MusicGen_15,mix::R::MusicGen,split_internal_mix,mix,generated_after_split,mix::wavefake_ajay_LJ020-0094::fake_music_MusicGen_0156::01::2,mix::wavefake::LJ020-0094::generated_music::fake_music_generator_0156,wavefake::LJ020-0094,generated_music::fake_music_generator_0156,partial_overlap,5.0,0.75,1.0,0.05,0.0,-6.0,none,val_a,val_a,val_a,1,0,1,1,1,0.5692535735429692,0.5692535735429692,,False,True,8.9838125,0.7600415349006653,0.747165322303772,0.7578703165054321,0.7532147169113159,0.8914839029312134,0.8143068552017212,0.4720454812049866,0.3445882499217987,unknown,0.7715909753527371,0.7028051464933565,0.747165322303772,0.5769050866365433,0.4620179012417793,,,,,,,,,,,real_speech,unknown,clean_or_unknown,with_music,MusicGen,MusicGen,voice+music,RF,partial_overlap,partial_or_crossfade,5-10,MusicGen,correct,FP,correct
MIX::data\raw\Bisher_ASVspoof_2019_LA\asvspoof2019_LA_T_8813506.flac|data\raw\fake_music_generated\fake_music_MusicGen_0002.wav,1,1,1,1,1,mix::LA_0094::fake_music_MusicGen_0,mix::A01::MusicGen,split_internal_mix,mix,generated_after_split,mix::asvspoof2019_LA_T_8813506::fake_music_MusicGen_0002::11::3,mix::asvspoof::LA_0094::generated_music::fake_music_generator_0002,asvspoof::LA_0094,generated_music::fake_music_generator_0002,voice_then_music,15.0,0.25,0.5,0.25,-6.0,-3.0,none,val_a,val_a,val_a,1,1,1,1,1,0.999649308500166,0.999649308500166,,False,True,9.5168125,0.7849173545837402,0.7133892774581909,0.7536364197731018,0.7156213521957397,0.982983946800232,0.3767526745796203,0.5854716300964355,0.051742747426033,unknown,0.8770772160973749,0.849336940758668,0.7133892774581909,0.6848497092723846,0.13299522921442983,,,,,,,,,,,TTS_or_unknown,unknown,clean_or_unknown,with_music,MusicGen,MusicGen,voice+music,FF,voice_then_music,not_partial_or_unknown,5-10,MusicGen,correct,correct,correct
MIX::data\raw\ajaykarthick_wavefake-audio\wavefake_ajay_LJ017-0005.wav|data/raw/gtzan_unique_v2/jazz.00034.wav,1,1,0,1,1,mix::wavefake_f74827::gtzan_5_jazz.00034,mix::WF4::GTZAN_genre_5,split_internal_mix,mix,generated_after_split,mix::wavefake_ajay_LJ017-0005::gtzan_v2_jazz.00034::10::12,mix::wavefake::LJ017-0005::gtzan_near::bf031ff18a35768a626d,wavefake::LJ017-0005,gtzan_near::bf031ff18a35768a626d,crossfade,15.0,0.25,0.5,0.1,-3.0,-3.0,none,val_a,val_a,val_a,1,1,0,1,1,0.9985433260613746,0.9985433260613746,,False,True,33.2919375,0.7697029709815979,0.0442933812737464,0.7469396591186523,0.0439805574715137,0.9631543159484864,0.8533690571784973,0.2100441306829452,0.595731794834137,unknown,0.5831966197003651,0.8383550775055308,0.0442933812737464,0.3983216769993305,0.660141110420227,,,,,,,,,,,TTS_or_unknown,unknown,clean_or_unknown,with_music,real_music,GTZAN_genre_5,voice+music,FR,crossfade,partial_or_crossfade,>20,GTZAN_genre_5,correct,correct,correct
data/raw/gtzan_unique_v2/hiphop.00056.wav,0,0,0,0,1,gtzan_4_hiphop.00056,GTZAN_genre_4,gtzan_real_v2,gtzan_real,sanchit-gandhi/gtzan,gtzan_v2_hiphop.00056,gtzan::gtzan_v2_hiphop.00056,,gtzan::gtzan_v2_hiphop.00056,none,,,,,,,none,val_a,val_a,val_a,0,0,0,0,1,0.5530594555309918,0.5530594555309918,,False,True,30.013375,0.6799311637878418,2.456240326864645e-05,0.6647404432296753,2.305297675775364e-05,0.4892794191837311,0.9999327659606934,0.0786604285240173,0.7892357707023621,unknown,0.37897792669384484,0.6418696513107868,2.456240326864645e-05,0.18131517618894574,0.8419100195169449,,,,,,,,,,,absent,unknown,clean_or_unknown,with_music,real_music,GTZAN_genre_4,music_only,single_real,none,not_partial_or_unknown,>20,GTZAN_genre_4,correct,not_scored,correct
data\raw\Bisher_ASVspoof_2019_LA\asvspoof2019_LA_T_8707664.flac,1,1,0,1,0,LA_0086,A02,asvspoof2019,asvspoof2019,Bisher/ASVspoof_2019_LA,asvspoof2019_LA_T_8707664,asvspoof::LA_0086,asvspoof::LA_0086,,none,,,,,,,none,val_a,val_a,val_a,1,1,0,1,0,0.999588202956842,0.999588202956842,,False,True,4.8816875,0.7613485455513,0.5270601511001587,0.7669949531555176,0.5408596992492676,0.9539432525634766,0.0465200580656528,0.7368378639221191,0.0247160326689481,unknown,0.7980697350073993,0.8328204427729626,0.5270601511001587,0.7911142110824585,0.030167039018124273,,,,,,,,,,,TTS_or_unknown,unknown,clean_or_unknown,voice_only,absent,A02,voice_only,single_fake,none,not_partial_or_unknown,2-5,A02,correct,correct,not_scored
MIX::data\raw\Bisher_ASVspoof_2019_LA\asvspoof2019_LA_T_9850135.flac|data/raw/gtzan_unique_v2/country.00076.wav,1,1,0,1,1,mix::LA_0086::gtzan_2_country.00076,mix::A01::GTZAN_genre_2,split_internal_mix,mix,generated_after_split,mix::asvspoof2019_LA_T_9850135::gtzan_v2_country.00076::10::10,mix::asvspoof::LA_0086::gtzan::gtzan_v2_country.00076,asvspoof::LA_0086,gtzan::gtzan_v2_country.00076,music_then_voice,5.0,0.75,0.0,0.5,3.0,3.0,none,val_a,val_a,val_a,1,1,0,1,1,0.9992835336417704,0.9992835336417704,,False,True,33.43075,0.7999370694160461,0.1999468505382537,0.7464950084686279,0.2000907212495803,0.6932446360588074,0.682144820690155,0.2388733774423599,0.8431040644645691,unknown,0.6577744109754542,0.8597410086837634,0.1999468505382537,0.3524661920964718,0.8028642535209656,,,,,,,,,,,TTS_or_unknown,unknown,clean_or_unknown,with_music,real_music,GTZAN_genre_2,voice+music,FR,music_then_voice,not_partial_or_unknown,>20,GTZAN_genre_2,correct,correct,correct
MIX::data\raw\ajaykarthick_wavefake-audio\wavefake_ajay_LJ019-0394.wav|data\raw\fake_music_generated\fake_music_MusicGen_0156.wav,1,1,1,1,1,mix::wavefake_76ddde::fake_music_MusicGen_15,mix::WF4::MusicGen,split_internal_mix,mix,generated_after_split,mix::wavefake_ajay_LJ019-0394::fake_music_MusicGen_0156::11::5,mix::wavefake::LJ019-0394::generated_music::fake_music_generator_0156,wavefake::LJ019-0394,generated_music::fake_music_generator_0156,partial_overlap,-10.0,0.75,0.0,0.05,0.0,3.0,none,val_a,val_a,val_a,1,1,1,1,1,0.5842035581776596,0.5842035581776596,,False,True,6.6895625,0.731391191482544,0.9937819838523864,0.7199633717536926,0.9938381314277648,0.5742623209953308,0.9910447597503662,0.3189965784549713,0.1560003906488418,unknown,0.8930108969174748,0.6872349014910786,0.9937819838523864,0.3828130140900612,0.3647614829242229,,,,,,,,,,,TTS_or_unknown,unknown,clean_or_unknown,with_music,MusicGen,MusicGen,voice+music,FF,partial_overlap,partial_or_crossfade,5-10,MusicGen,correct,correct,correct
data\raw\fake_music_generated\fake_music_MusicGen_0114.wav,1,0,1,0,1,fake_music_MusicGen_11,MusicGen,fake_music_generated,fake_music_generated,synth/MusicGen,fake_music_MusicGen_0114,generated_music::fake_music_generator_0114,,generated_music::fake_music_generator_0114,none,,,,,,,none,val_a,val_a,val_a,1,0,1,0,1,0.8921449204287208,0.8921449204287208,,False,True,5.6315625,0.7377352714538574,0.9998444318771362,0.7253312468528748,0.999832034111023,0.5735343098640442,0.9998939037322998,0.0105554433539509,0.0228612497448921,unknown,0.9729606452741613,0.7840581661463164,0.9998444318771362,0.15130015998147422,0.26711941324174404,,,,,,,,,,,absent,unknown,clean_or_unknown,with_music,MusicGen,MusicGen,music_only,single_fake,none,not_partial_or_unknown,5-10,MusicGen,correct,not_scored,correct
data\raw\ajaykarthick_wavefake-audio\wavefake_ajay_LJ008-0280.wav,1,1,0,1,0,wavefake_8ba95c,WF4,wavefake_ajay,wavefake_ajay,ajaykarthick/wavefake-audio,wavefake_ajay_LJ008-0280,wavefake::LJ008-0280,wavefake::LJ008-0280,,none,,,,,,,none,val_a,val_a,val_a,1,1,0,1,0,0.997781832714699,0.997781832714699,,False,True,8.533375,0.7896465063095093,0.4909831881523132,0.7919548749923706,0.4986557364463806,0.9852080345153807,0.1023215055465698,0.7853187322616577,0.0349266976118087,unknown,0.7832075528577693,0.8520871042310663,0.4909831881523132,0.8352910578250885,0.051775399595498976,,,,,,,,,,,TTS_or_unknown,unknown,clean_or_unknown,voice_only,absent,WF4,voice_only,single_fake,none,not_partial_or_unknown,5-10,WF4,correct,correct,not_scored
data\raw\Bisher_ASVspoof_2019_LA\asvspoof2019_LA_T_1345489.flac,1,1,0,1,0,LA_0094,A02,asvspoof2019,asvspoof2019,Bisher/ASVspoof_2019_LA,asvspoof2019_LA_T_1345489,asvspoof::LA_0094,asvspoof::LA_0094,,none,,,,,,,none,val_a,val_a,val_a,1,1,0,1,0,0.9981571990165384,0.9981571990165384,,False,True,3.4605,0.6943779587745667,0.4283608198165893,0.7101060748100281,0.4201794862747192,0.9790080785751344,0.0535349063575267,0.7233765721321106,0.0180693492293357,unknown,0.7361278952305959,0.7855117308471582,0.4283608198165893,0.7872844487428665,0.02693573851138345,,,,,,,,,,,TTS_or_unknown,unknown,clean_or_unknown,voice_only,absent,A02,voice_only,single_fake,none,not_partial_or_unknown,2-5,A02,correct,correct,not_scored
data\raw\ajaykarthick_wavefake-audio\wavefake_ajay_LJ050-0275.wav,1,1,0,1,0,wavefake_9e933e,WF1,wavefake_ajay,wavefake_ajay,ajaykarthick/wavefake-audio,wavefake_ajay_LJ050-0275,wavefake::LJ050-0275,wavefake::LJ050-0275,,none,,,,,,,none,val_a,val_a,val_a,1,1,0,1,0,0.9996974564575276,0.9996974564575276,,False,True,9.1255,0.8059698939323425,0.5412241220474243,0.8057621717453003,0.5566366910934448,0.9840354919433594,0.0892829746007919,0.7678732872009277,0.0383097678422927,unknown,0.8102807210921401,0.864088162689898,0.5412241220474243,0.8219138383865356,0.0510530695319175,,,,,,,,,,,TTS_or_unknown,unknown,clean_or_unknown,voice_only,absent,WF1,voice_only,single_fake,none,not_partial_or_unknown,5-10,WF1,correct,correct,not_scored
MIX::data\raw\openslr_librispeech_asr\librispeech_dev_1993-147149-0012.flac|data\raw\fake_music_generated\fake_music_MusicGen_0252.wav,1,0,1,1,1,mix::1993::fake_music_MusicGen_25,mix::LibriSpeech::MusicGen,split_internal_mix,mix,generated_after_split,mix::librispeech_dev_1993-147149-0012::fake_music_MusicGen_0252::01::3,mix::libri::1993::generated_music::fake_music_generator_0252,libri::1993,generated_music::fake_music_generator_0252,crossfade,10.0,0.1,0.0,0.1,3.0,-3.0,none,val_a,val_a,val_a,1,0,1,1,1,0.0234949223963902,0.0234949223963902,,False,True,10.7514375,0.7465656399726868,0.5733362436294556,0.7412729263305664,0.5749405026435852,0.9855521321296692,0.3616260886192322,0.6959121227264404,0.1301788538694381,unknown,0.5212200403701622,0.5296444246997978,0.5733362436294556,0.7683221250772476,0.18804066255688662,,,,,,,,,,,real_speech,unknown,clean_or_unknown,with_music,MusicGen,MusicGen,voice+music,RF,crossfade,partial_or_crossfade,10-20,MusicGen,correct,correct,correct
MIX::data\raw\openslr_librispeech_asr\librispeech_dev_6295-244435-0030.flac|data/raw/gtzan_unique_v2/blues.00007.wav,0,0,0,1,1,mix::6295::gtzan_0_blues.00007,mix::LibriSpeech::GTZAN_genre_0,split_internal_mix,mix,generated_after_split,mix::librispeech_dev_6295-244435-0030::gtzan_v2_blues.00007::00::15,mix::libri::6295::gtzan::gtzan_v2_blues.00007,libri::6295,gtzan::gtzan_v2_blues.00007,simultaneous,-10.0,0.75,1.0,0.5,3.0,-6.0,none,val_a,val_a,val_a,0,0,0,1,1,0.1377396320593627,0.1377396320593627,,False,True,30.013375,0.7050666213035583,0.0001087133641703,0.6919983625411987,0.0001045433164108,0.5360084176063538,0.9996323585510254,0.1882766336202621,0.8698049187660217,unknown,0.23506877071016202,0.5348685245302996,0.0001087133641703,0.275209579616785,0.9022617787122726,,,,,,,,,,,real_speech,unknown,clean_or_unknown,with_music,real_music,GTZAN_genre_0,voice+music,RR,simultaneous,not_partial_or_unknown,>20,GTZAN_genre_0,correct,correct,correct
data\raw\Bisher_ASVspoof_2019_LA\asvspoof2019_LA_T_2415895.flac,1,1,0,1,0,LA_0083,A02,asvspoof2019,asvspoof2019,Bisher/ASVspoof_2019_LA,asvspoof2019_LA_T_2415895,asvspoof::LA_0083,asvspoof::LA_0083,,none,,,,,,,none,val_a,val_a,val_a,1,1,0,1,0,0.9981597158825338,0.9981597158825338,,False,True,3.74175,0.6977379322052002,0.4431037604808807,0.711538553237915,0.4396623075008392,0.971817135810852,0.0332281775772571,0.7865116596221924,0.0141099523752927,unknown,0.7451117391243217,0.7878644673084002,0.4431037604808807,0.8328380286693573,0.0188895086757838,,,,,,,,,,,TTS_or_unknown,unknown,clean_or_unknown,voice_only,absent,A02,voice_only,single_fake,none,not_partial_or_unknown,2-5,A02,correct,correct,not_scored
MIX::data\raw\openslr_librispeech_asr\librispeech_dev_777-126732-0038.flac|data/raw/gtzan_unique_v2/country.00040.wav,0,0,0,1,1,mix::777::gtzan_2_country.00040,mix::LibriSpeech::GTZAN_genre_2,split_internal_mix,mix,generated_after_split,mix::librispeech_dev_777-126732-0038::gtzan_v2_country.00040::00::12,mix::libri::777::gtzan::gtzan_v2_country.00040,libri::777,gtzan::gtzan_v2_country.00040,music_then_voice,10.0,0.1,0.0,0.05,-6.0,-3.0,none,val_a,val_a,val_a,0,0,0,1,1,0.0279334911205234,0.0279334911205234,,False,True,33.113375,0.7069917321205139,0.0512711554765701,0.7120319604873657,0.0488111488521099,0.9636213183403016,0.8366511464118958,0.2517716586589813,0.806840717792511,unknown,0.2235657895275996,0.5032742598205168,0.0512711554765701,0.42973407357931137,0.8142933249473572,,,,,,,,,,,real_speech,unknown,clean_or_unknown,with_music,real_music,GTZAN_genre_2,voice+music,RR,music_then_voice,not_partial_or_unknown,>20,GTZAN_genre_2,correct,correct,correct
data/raw/gtzan_unique_v2/jazz.00083.wav,0,0,0,0,1,gtzan_5_jazz.00083,GTZAN_genre_5,gtzan_real_v2,gtzan_real,sanchit-gandhi/gtzan,gtzan_v2_jazz.00083,gtzan::gtzan_v2_jazz.00083,,gtzan::gtzan_v2_jazz.00083,none,,,,,,,none,val_a,val_a,val_a,0,0,0,0,1,0.6501130992245959,0.6501130992245959,,False,True,30.013375,0.6700023412704468,1.0975688383041415e-05,0.6539390683174133,1.0317732630937826e-05,0.5202643275260925,0.9999773502349854,0.0193414073437452,0.717369794845581,unknown,0.4115468649924847,0.6640355686566914,1.0975688383041415e-05,0.14457213738933203,0.7880216836929321,,,,,,,,,,,absent,unknown,clean_or_unknown,with_music,real_music,GTZAN_genre_5,music_only,single_real,none,not_partial_or_unknown,>20,GTZAN_genre_5,correct,not_scored,correct
MIX::data\raw\Bisher_ASVspoof_2019_LA\asvspoof2019_LA_T_2248914.flac|data\raw\fake_music_generated\fake_music_MusicGen_0174.wav,1,1,1,1,1,mix::LA_0083::fake_music_MusicGen_17,mix::A01::MusicGen,split_internal_mix,mix,generated_after_split,mix::asvspoof2019_LA_T_2248914::fake_music_MusicGen_0174::11::15,mix::asvspoof::LA_0083::generated_music::fake_music_generator_0174,asvspoof::LA_0083,generated_music::fake_music_generator_0174,partial_overlap,5.0,0.25,0.5,0.25,-6.0,-3.0,none,val_a,val_a,val_a,1,1,1,1,1,0.9918405934185658,0.9918405934185658,,False,True,6.3734375,0.7376500964164734,0.9827370643615724,0.7451977729797363,0.9827414155006408,0.9542856812477112,0.9621201157569884,0.3871915936470032,0.0228943265974521,unknown,0.9902834889511007,0.813907245517101,0.9827370643615724,0.5289651155471802,0.2577007738873362,,,,,,,,,,,TTS_or_unknown,unknown,clean_or_unknown,with_music,MusicGen,MusicGen,voice+music,FF,partial_overlap,partial_or_crossfade,5-10,MusicGen,correct,correct,correct
MIX::data\raw\ajaykarthick_wavefake-audio\wavefake_ajay_LJ008-0315.wav|data/raw/gtzan_unique_v2/pop.00085.wav,1,1,0,1,1,mix::wavefake_208461::gtzan_7_pop.00085,mix::WF6::GTZAN_genre_7,split_internal_mix,mix,generated_after_split,mix::wavefake_ajay_LJ008-0315::gtzan_v2_pop.00085::10::18,mix::wavefake::LJ008-0315::gtzan::gtzan_v2_pop.00085,wavefake::LJ008-0315,gtzan::gtzan_v2_pop.00085,simultaneous,10.0,0.75,0.0,0.5,3.0,3.0,none,val_a,val_a,val_a,1,1,0,1,1,0.9459594261986471,0.9459594261986471,,False,True,30.0001875,0.7031369209289551,0.00777706829831,0.70278400182724,0.007658549118787,0.8118109703063965,0.9635741710662842,0.2822370529174804,0.7773554921150208,unknown,0.5310090110149657,0.7759836725098626,0.00777706829831,0.4146305322647094,0.8239101618528366,,,,,,,,,,,TTS_or_unknown,unknown,clean_or_unknown,with_music,real_music,GTZAN_genre_7,voice+music,FR,simultaneous,not_partial_or_unknown,>20,GTZAN_genre_7,correct,correct,correct
data\raw\openslr_librispeech_asr\librispeech_dev_6241-61943-0000.flac,0,0,0,1,0,6241,LibriSpeech,librispeech_dev,librispeech_dev,openslr/librispeech_asr,librispeech_dev_6241-61943-0000,libri::6241,libri::6241,,none,,,,,,,none,val_a,val_a,val_a,0,0,0,1,0,0.0100024398703135,0.0100024398703135,,False,True,6.95,0.7195113897323608,0.3728038370609283,0.7227010130882263,0.37018683552742,0.9243522882461548,0.1403844207525253,0.859744131565094,0.0216447673738002,unknown,0.4002875105208742,0.5066587047737466,0.3728038370609283,0.8758961707353592,0.05132968071848148,,,,,,,,,,,real_speech,unknown,clean_or_unknown,voice_only,absent,LibriSpeech,voice_only,single_real,none,not_partial_or_unknown,5-10,LibriSpeech,correct,correct,not_scored
data\raw\fake_music_generated\fake_music_MusicGen_0202.wav,1,0,1,0,1,fake_music_MusicGen_20,MusicGen,fake_music_generated,fake_music_generated,synth/MusicGen,fake_music_MusicGen_0202,generated_music::fake_music_generator_0202,,generated_music::fake_music_generator_0202,none,,,,,,,none,val_a,val_a,val_a,1,0,1,0,1,0.8970260588784564,0.8970260588784564,,False,True,4.228,0.7275747656822205,0.9998552799224854,0.7141920924186707,0.9998437166213988,0.5520536303520203,0.9999064207077026,0.0115703539922833,0.0243093203753232,unknown,0.9741858827652357,0.7784101536410912,0.9998552799224854,0.14669117308221755,0.2682085954584181,,,,,,,,,,,absent,unknown,clean_or_unknown,with_music,MusicGen,MusicGen,music_only,single_fake,none,not_partial_or_unknown,2-5,MusicGen,correct,not_scored,correct
data\raw\fake_music_generated\fake_music_MusicGen_0144.wav,1,0,1,0,1,fake_music_MusicGen_14,MusicGen,fake_music_generated,fake_music_generated,synth/MusicGen,fake_music_MusicGen_0144,generated_music::fake_music_generator_0144,,generated_music::fake_music_generator_0144,none,,,,,,,none,val_a,val_a,val_a,1,0,1,0,1,0.947017246467184,0.947017246467184,,False,True,5.7001875,0.7357988357543945,0.999368131160736,0.7239720821380615,0.999344766139984,0.5714620351791382,0.9993022680282592,0.0143964495509862,0.0132951075211167,unknown,0.9864610107505221,0.7991643589682313,0.999368131160736,0.1536628459580242,0.2597968976479023,,,,,,,,,,,absent,unknown,clean_or_unknown,with_music,MusicGen,MusicGen,music_only,single_fake,none,not_partial_or_unknown,5-10,MusicGen,correct,not_scored,correct
MIX::data\raw\openslr_librispeech_asr\librispeech_dev_3000-15664-0029.flac|data\raw\fake_music_generated\fake_music_MusicGen_0130.wav,1,0,1,1,1,mix::3000::fake_music_MusicGen_13,mix::LibriSpeech::MusicGen,split_internal_mix,mix,generated_after_split,mix::librispeech_dev_3000-15664-0029::fake_music_MusicGen_0130::01::13,mix::libri::3000::generated_music::fake_music_generator_0130,libri::3000,generated_music::fake_music_generator_0130,crossfade,-10.0,0.5,0.5,0.5,-3.0,3.0,none,val_a,val_a,val_a,1,0,1,1,1,0.9631762795834932,0.9631762795834932,,False,True,11.1245,0.7428945899009705,0.9998105764389038,0.7394500970840454,0.9997982382774352,0.6506009101867676,0.9998424649238586,0.0142816938459873,0.0370463877916336,unknown,0.9907048403025138,0.8089790968057272,0.9998105764389038,0.17336149793118238,0.27774540707468987,,,,,,,,,,,real_speech,unknown,clean_or_unknown,with_music,MusicGen,MusicGen,voice+music,RF,crossfade,partial_or_crossfade,10-20,MusicGen,correct,FP,correct
MIX::data\raw\openslr_librispeech_asr\librispeech_dev_1272-141231-0001.flac|data\raw\fake_music_generated\fake_music_MusicGen_0012.wav,1,0,1,1,1,mix::1272::fake_music_MusicGen_1,mix::LibriSpeech::MusicGen,split_internal_mix,mix,generated_after_split,mix::librispeech_dev_1272-141231-0001::fake_music_MusicGen_0012::01::12,mix::libri::1272::generated_music::fake_music_generator_0012,libri::1272,generated_music::fake_music_generator_0012,partial_overlap,-15.0,0.25,0.1,0.25,-6.0,0.0,none,val_a,val_a,val_a,1,0,1,1,1,0.9657253492079776,0.9657253492079776,,False,True,9.93275,0.7314321398735046,0.999403953552246,0.7279163002967834,0.9993762373924256,0.6856452226638794,0.999558687210083,0.1651210635900497,0.0657210052013397,unknown,0.9911531073134806,0.8017201026738465,0.999403953552246,0.2952521033585071,0.29918042570352554,,,,,,,,,,,real_speech,unknown,clean_or_unknown,with_music,MusicGen,MusicGen,voice+music,RF,partial_overlap,partial_or_crossfade,5-10,MusicGen,correct,FP,correct
MIX::data\raw\Bisher_ASVspoof_2019_LA\asvspoof2019_LA_T_7333217.flac|data\raw\fake_music_generated\fake_music_MusicGen_0066.wav,1,1,1,1,1,mix::LA_0083::fake_music_MusicGen_6,mix::A01::MusicGen,split_internal_mix,mix,generated_after_split,mix::asvspoof2019_LA_T_7333217::fake_music_MusicGen_0066::11::2,mix::asvspoof::LA_0083::generated_music::fake_music_generator_0066,asvspoof::LA_0083,generated_music::fake_music_generator_0066,simultaneous,10.0,0.1,0.1,0.1,3.0,-6.0,none,val_a,val_a,val_a,1,1,1,1,1,0.9896090407809658,0.9896090407809658,,False,True,4.3148125,0.7157612442970276,0.9908127188682556,0.7219930291175842,0.990919828414917,0.7472203373908997,0.9817845821380616,0.1066882386803627,0.0074710636399686,unknown,0.9933009684699234,0.797915583242209,0.9908127188682556,0.26682126335799694,0.25104944326449186,,,,,,,,,,,TTS_or_unknown,unknown,clean_or_unknown,with_music,MusicGen,MusicGen,voice+music,FF,simultaneous,not_partial_or_unknown,2-5,MusicGen,correct,correct,correct
MIX::data\raw\ajaykarthick_wavefake-audio\wavefake_ajay_LJ050-0244.wav|data/raw/gtzan_unique_v2/blues.00092.wav,1,1,0,1,1,mix::wavefake_31c5b4::gtzan_0_blues.00092,mix::WF1::GTZAN_genre_0,split_internal_mix,mix,generated_after_split,mix::wavefake_ajay_LJ050-0244::gtzan_v2_blues.00092::10::5,mix::wavefake::LJ050-0244::gtzan::gtzan_v2_blues.00092,wavefake::LJ050-0244,gtzan::gtzan_v2_blues.00092,music_then_voice,15.0,0.5,1.0,0.25,0.0,0.0,none,val_a,val_a,val_a,1,1,0,1,1,0.999320138315982,0.999320138315982,,False,True,34.58925,0.7921872138977051,0.2510646879673004,0.7220951318740845,0.254555881023407,0.9621794819831848,0.6652873754501343,0.342534452676773,0.4769308865070343,unknown,0.6793761454417209,0.8543270912231882,0.2510646879673004,0.49744571000337595,0.5240200087428093,,,,,,,,,,,TTS_or_unknown,unknown,clean_or_unknown,with_music,real_music,GTZAN_genre_0,voice+music,FR,music_then_voice,not_partial_or_unknown,>20,GTZAN_genre_0,correct,correct,correct
data\raw\fake_music_generated\fake_music_MusicGen_0086.wav,1,0,1,0,1,fake_music_MusicGen_8,MusicGen,fake_music_generated,fake_music_generated,synth/MusicGen,fake_music_MusicGen_0086,generated_music::fake_music_generator_0086,,generated_music::fake_music_generator_0086,none,,,,,,,none,val_a,val_a,val_a,1,0,1,0,1,0.8637561425216455,0.8637561425216455,,False,True,4.7265625,0.744249701499939,0.9999375343322754,0.7349737882614136,0.9999316930770874,0.6066659688949585,0.9999674558639526,0.0093611599877476,0.0219611767679452,unknown,0.9659082694974658,0.7801016338064508,0.9999375343322754,0.15868736221455032,0.26646274654194707,,,,,,,,,,,absent,unknown,clean_or_unknown,with_music,MusicGen,MusicGen,music_only,single_fake,none,not_partial_or_unknown,2-5,MusicGen,correct,not_scored,correct
data\raw\Bisher_ASVspoof_2019_LA\asvspoof2019_LA_T_8856985.flac,1,1,0,1,0,LA_0086,A01,asvspoof2019,asvspoof2019,Bisher/ASVspoof_2019_LA,asvspoof2019_LA_T_8856985,asvspoof::LA_0086,asvspoof::LA_0086,,none,,,,,,,none,val_a,val_a,val_a,1,1,0,1,0,0.9997640078963076,0.9997640078963076,,False,True,1.6634375,0.6891533136367798,0.463844746351242,0.7096462845802307,0.4561654031276703,0.9818435311317444,0.0384145751595497,0.6318864822387695,0.043985653668642,unknown,0.7522399966583552,0.7823365219146381,0.463844746351242,0.7193757444620132,0.042592884041368934,,,,,,,,,,,TTS_or_unknown,unknown,clean_or_unknown,voice_only,absent,A01,voice_only,single_fake,none,not_partial_or_unknown,<=2,A01,correct,correct,not_scored
data/raw/gtzan_unique_v2/disco.00023.wav,0,0,0,0,1,gtzan_3_disco.00023,GTZAN_genre_3,gtzan_real_v2,gtzan_real,sanchit-gandhi/gtzan,gtzan_v2_disco.00023,gtzan::gtzan_v2_disco.00023,,gtzan::gtzan_v2_disco.00023,none,,,,,,,none,val_a,val_a,val_a,0,0,0,0,1,0.4762540880918221,0.4762540880918221,,False,True,30.013375,0.7301651835441589,8.165730105247349e-05,0.696925163269043,7.765526243019849e-05,0.3888713419437408,0.9998619556427002,0.0275760684162378,0.7574725151062012,unknown,0.3643501836212649,0.6539918549084578,8.165730105247349e-05,0.11789988679811354,0.8180698752403259,,,,,,,,,,,absent,unknown,clean_or_unknown,with_music,real_music,GTZAN_genre_3,music_only,single_real,none,not_partial_or_unknown,>20,GTZAN_genre_3,correct,not_scored,correct
MIX::data\raw\Bisher_ASVspoof_2019_LA\asvspoof2019_LA_T_9850135.flac|data\raw\fake_music_generated\fake_music_MusicGen_0040.wav,1,1,1,1,1,mix::LA_0086::fake_music_MusicGen_4,mix::A01::MusicGen,split_internal_mix,mix,generated_after_split,mix::asvspoof2019_LA_T_9850135::fake_music_MusicGen_0040::11::10,mix::asvspoof::LA_0086::generated_music::fake_music_generator_0040,asvspoof::LA_0086,generated_music::fake_music_generator_0040,partial_overlap,15.0,0.1,0.1,0.1,3.0,-6.0,none,val_a,val_a,val_a,1,1,1,1,1,0.9995498192899072,0.9995498192899072,,False,True,8.2551875,0.7754015922546387,0.9120288491249084,0.7647625803947449,0.9154009222984314,0.9411529898643494,0.5654758214950562,0.4442190527915954,0.0691614300012588,unknown,0.962971822997738,0.8426460603652193,0.9120288491249084,0.5684525370597839,0.19324002787470812,,,,,,,,,,,TTS_or_unknown,unknown,clean_or_unknown,with_music,MusicGen,MusicGen,voice+music,FF,partial_overlap,partial_or_crossfade,5-10,MusicGen,correct,correct,correct
data\raw\openslr_librispeech_asr\librispeech_dev_1919-142785-0026.flac,0,0,0,1,0,1919,LibriSpeech,librispeech_dev,librispeech_dev,openslr/librispeech_asr,librispeech_dev_1919-142785-0026,libri::1919,libri::1919,,none,,,,,,,none,val_a,val_a,val_a,0,0,0,1,0,0.0146965028718315,0.0146965028718315,,False,True,5.655,0.7319179177284241,0.5835591554641724,0.7320812344551086,0.5984484553337097,0.8917034268379211,0.1058839634060859,0.7918848395347595,0.0240157414227724,unknown,0.5276256403695804,0.5167514932714463,0.5835591554641724,0.8168394863605499,0.04448279691860077,,,,,,,,,,,real_speech,unknown,clean_or_unknown,voice_only,absent,LibriSpeech,voice_only,single_real,none,not_partial_or_unknown,5-10,LibriSpeech,FP,correct,not_scored
data/raw/gtzan_unique_v2/classical.00073.wav,0,0,0,0,1,gtzan_1_classical.00073,GTZAN_genre_1,gtzan_real_v2,gtzan_real,sanchit-gandhi/gtzan,gtzan_v2_classical.00073,gtzan::gtzan_v2_classical.00073,,gtzan::gtzan_v2_classical.00073,none,,,,,,,none,val_a,val_a,val_a,0,0,0,0,1,0.2016331505876298,0.2016331505876298,,False,True,30.013375,0.6524869203567505,1.2763490303768776e-05,0.6425730586051941,1.232260729011614e-05,0.6638016104698181,0.9999932646751404,0.0176361817866563,0.5922786593437195,unknown,0.24437676534194838,0.5172307894260143,1.2763490303768776e-05,0.17917753895744676,0.6942073106765747,,,,,,,,,,,absent,unknown,clean_or_unknown,with_music,real_music,GTZAN_genre_1,music_only,single_real,none,not_partial_or_unknown,>20,GTZAN_genre_1,correct,not_scored,correct
data\raw\Bisher_ASVspoof_2019_LA\asvspoof2019_LA_T_6013298.flac,0,0,0,1,0,LA_0086,bonafide,asvspoof2019,asvspoof2019,Bisher/ASVspoof_2019_LA,asvspoof2019_LA_T_6013298,asvspoof::LA_0086,asvspoof::LA_0086,,none,,,,,,,none,val_b,val_b,val_b,0,0,0,1,0,0.0920343443798334,0.0920343443798334,,False,True,1.663375,0.6508573889732361,0.3952413201332092,0.6747596859931946,0.3777066469192505,0.9742308855056764,0.0413835570216178,0.8591799736022949,0.0209159087389707,unknown,0.4224487222341682,0.48321047559521524,0.3952413201332092,0.8879427015781403,0.026032820809632477,,,,,,,,,,,real_speech,unknown,clean_or_unknown,voice_only,absent,bonafide,voice_only,single_real,none,not_partial_or_unknown,<=2,bonafide,correct,correct,not_scored
MIX::data\raw\openslr_librispeech_asr\librispeech_dev_6295-244435-0030.flac|data\raw\fake_music_generated\fake_music_AudioLDM2_0255.wav,1,0,1,1,1,mix::6295::fake_music_AudioLDM2_25,mix::LibriSpeech::AudioLDM2,split_internal_mix,mix,generated_after_split,mix::librispeech_dev_6295-244435-0030::fake_music_AudioLDM2_0255::01::12,mix::libri::6295::generated_music::fake_music_generator_0255,libri::6295,generated_music::fake_music_generator_0255,partial_overlap,-15.0,0.25,0.1,0.25,-6.0,0.0,none,val_b,val_b,val_b,1,0,1,1,1,0.8907177050858198,0.8907177050858198,,False,True,8.7815,0.7288374304771423,0.999104380607605,0.7160719037055969,0.9990744590759276,0.5711845755577087,0.999189794063568,0.2085940539836883,0.120556890964508,unknown,0.9722575871042526,0.7774015128597456,0.999104380607605,0.2992416843771934,0.340215116739273,,,,,,,,,,,real_speech,unknown,clean_or_unknown,with_music,Udio-like,AudioLDM2,voice+music,RF,partial_overlap,partial_or_crossfade,5-10,AudioLDM2,correct,FP,correct
data\raw\fake_music_generated\fake_music_MusicGen_0208.wav,1,0,1,0,1,fake_music_MusicGen_20,MusicGen,fake_music_generated,fake_music_generated,synth/MusicGen,fake_music_MusicGen_0208,generated_music::fake_music_generator_0208,,generated_music::fake_music_generator_0208,none,,,,,,,none,val_b,val_b,val_b,1,0,1,0,1,0.9328181058114634,0.9328181058114634,,False,True,5.12375,0.7414823770523071,0.9997360110282898,0.7284104228019714,0.9997207522392272,0.5431966185569763,0.999705970287323,0.0150307426229119,0.0230268631130456,unknown,0.9830798988007892,0.798883095680054,0.9997360110282898,0.147072211606428,0.26719663990661496,,,,,,,,,,,absent,unknown,clean_or_unknown,with_music,MusicGen,MusicGen,music_only,single_fake,none,not_partial_or_unknown,5-10,MusicGen,correct,not_scored,correct
MIX::data\raw\ajaykarthick_wavefake-audio\wavefake_ajay_LJ019-0381.wav|data/raw/gtzan_unique_v2/blues.00055.wav,1,1,0,1,1,mix::wavefake_43eee2::gtzan_0_blues.00055,mix::WF7::GTZAN_genre_0,split_internal_mix,mix,generated_after_split,mix::wavefake_ajay_LJ019-0381::gtzan_v2_blues.00055::10::6,mix::wavefake::LJ019-0381::gtzan::gtzan_v2_blues.00055,wavefake::LJ019-0381,gtzan::gtzan_v2_blues.00055,partial_overlap,-15.0,0.75,0.0,0.5,3.0,3.0,none,val_b,val_b,val_b,1,1,0,1,1,0.2604001135885468,0.2604001135885468,,False,True,31.8390625,0.7062099575996399,4.654915755963884e-05,0.6822862029075623,4.4025986426277086e-05,0.4348598718643188,0.9998831748962402,0.0365868434309959,0.8912198543548584,unknown,0.2797991277784539,0.5724670043963119,4.654915755963884e-05,0.1361551005393266,0.9183856844902039,,,,,,,,,,,TTS_or_unknown,unknown,clean_or_unknown,with_music,real_music,GTZAN_genre_0,voice+music,FR,partial_overlap,partial_or_crossfade,>20,GTZAN_genre_0,FN,FN,correct
MIX::data\raw\ajaykarthick_wavefake-audio\wavefake_ajay_LJ048-0129.wav|data/raw/gtzan_unique_v2/metal.00004.wav,1,1,0,1,1,mix::wavefake_7d0696::gtzan_6_metal.00004,mix::WF7::GTZAN_genre_6,split_internal_mix,mix,generated_after_split,mix::wavefake_ajay_LJ048-0129::gtzan_v2_metal.00004::10::7,mix::wavefake::LJ048-0129::gtzan::gtzan_v2_metal.00004,wavefake::LJ048-0129,gtzan::gtzan_v2_metal.00004,crossfade,-10.0,0.1,0.1,0.05,-6.0,-6.0,none,val_b,val_b,val_b,1,1,0,1,1,0.8242636329488249,0.8242636329488249,,False,True,39.702625,0.6843643188476562,0.0002425350248813,0.6677801012992859,0.0002299737825524,0.4654171764850616,0.999514639377594,0.0189308021217584,0.8885955810546875,unknown,0.4785523308959261,0.7263341130780068,0.0002425350248813,0.1305523957125842,0.9163253456354141,,,,,,,,,,,TTS_or_unknown,unknown,clean_or_unknown,with_music,real_music,GTZAN_genre_6,voice+music,FR,crossfade,partial_or_crossfade,>20,GTZAN_genre_6,correct,correct,correct
data\raw\openslr_librispeech_asr\librispeech_dev_1919-142785-0028.flac,0,0,0,1,0,1919,LibriSpeech,librispeech_dev,librispeech_dev,openslr/librispeech_asr,librispeech_dev_1919-142785-0028,libri::1919,libri::1919,,none,,,,,,,none,val_b,val_b,val_b,0,0,0,1,0,0.0253099319398481,0.0253099319398481,,False,True,5.16,0.7476119995117188,0.5470629334449768,0.7489759922027588,0.5574653148651123,0.9172756671905518,0.1301398128271103,0.7839885950088501,0.0196921490132808,unknown,0.5107033156328893,0.5309213792401576,0.5470629334449768,0.8173103630542755,0.04730406496673817,,,,,,,,,,,real_speech,unknown,clean_or_unknown,voice_only,absent,LibriSpeech,voice_only,single_real,none,not_partial_or_unknown,5-10,LibriSpeech,FP,correct,not_scored
MIX::data\raw\ajaykarthick_wavefake-audio\wavefake_ajay_LJ027-0131.wav|data/raw/gtzan_unique_v2/rock.00097.wav,1,1,0,1,1,mix::wavefake_8708ba::gtzan_9_rock.00097,mix::WF7::GTZAN_genre_9,split_internal_mix,mix,generated_after_split,mix::wavefake_ajay_LJ027-0131::gtzan_v2_rock.00097::10::17,mix::wavefake::LJ027-0131::gtzan::gtzan_v2_rock.00097,wavefake::LJ027-0131,gtzan::gtzan_v2_rock.00097,crossfade,5.0,0.5,1.0,0.25,0.0,0.0,none,val_b,val_b,val_b,1,1,0,1,1,0.9842291838746848,0.9842291838746848,,False,True,33.9661875,0.7870280742645264,0.2870300710201263,0.7188951969146729,0.2947616279125213,0.7342514395713806,0.7112829685211182,0.2904871106147766,0.5493139028549194,unknown,0.6904692662737634,0.8461884071475738,0.2870300710201263,0.4014281928539276,0.5898061692714691,,,,,,,,,,,TTS_or_unknown,unknown,clean_or_unknown,with_music,real_music,GTZAN_genre_9,voice+music,FR,crossfade,partial_or_crossfade,>20,GTZAN_genre_9,correct,correct,correct
MIX::data\raw\openslr_librispeech_asr\librispeech_dev_777-126732-0038.flac|data\raw\fake_music_generated\fake_music_AudioLDM2_0187.wav,1,0,1,1,1,mix::777::fake_music_AudioLDM2_18,mix::LibriSpeech::AudioLDM2,split_internal_mix,mix,generated_after_split,mix::librispeech_dev_777-126732-0038::fake_music_AudioLDM2_0187::01::18,mix::libri::777::generated_music::fake_music_generator_0187,libri::777,generated_music::fake_music_generator_0187,crossfade,15.0,0.75,1.0,0.05,0.0,-6.0,none,val_b,val_b,val_b,1,0,1,1,1,0.0394108496305273,0.0394108496305273,,False,True,7.41225,0.6879414916038513,0.4903640747070312,0.6962556838989258,0.4827985763549804,0.9720919132232666,0.6043763160705566,0.6195712089538574,0.2161402553319931,unknown,0.46908071073591556,0.4933822990118541,0.4903640747070312,0.7077013850212097,0.313199270516634,,,,,,,,,,,real_speech,unknown,clean_or_unknown,with_music,Udio-like,AudioLDM2,voice+music,RF,crossfade,partial_or_crossfade,5-10,AudioLDM2,FN,correct,correct
MIX::data\raw\ajaykarthick_wavefake-audio\wavefake_ajay_LJ019-0394_WF7_1.wav|data\raw\fake_music_generated\fake_music_AudioLDM2_0099.wav,1,1,1,1,1,mix::wavefake_76ddde::fake_music_AudioLDM2_9,mix::WF7::AudioLDM2,split_internal_mix,mix,generated_after_split,mix::wavefake_ajay_LJ019-0394::fake_music_AudioLDM2_0099::11::14,mix::wavefake::LJ019-0394::generated_music::fake_music_generator_0099,wavefake::LJ019-0394,generated_music::fake_music_generator_0099,music_then_voice,0.0,0.1,0.1,0.1,3.0,-6.0,none,val_b,val_b,val_b,1,1,1,1,1,0.9759438948002171,0.9759438948002171,,False,True,9.9441875,0.7709702849388123,0.9844108819961548,0.7626532316207886,0.9845991134643556,0.919463038444519,0.9570088386535645,0.5823013186454773,0.0405135415494442,unknown,0.9872312297803371,0.8324623678972337,0.9844108819961548,0.6665917485952377,0.26963736582547426,,,,,,,,,,,TTS_or_unknown,unknown,clean_or_unknown,with_music,Udio-like,AudioLDM2,voice+music,FF,music_then_voice,not_partial_or_unknown,5-10,AudioLDM2,correct,correct,correct
MIX::data\raw\openslr_librispeech_asr\librispeech_dev_777-126732-0049.flac|data/raw/gtzan_unique_v2/disco.00023.wav,0,0,0,1,1,mix::777::gtzan_3_disco.00023,mix::LibriSpeech::GTZAN_genre_3,split_internal_mix,mix,generated_after_split,mix::librispeech_dev_777-126732-0049::gtzan_v2_disco.00023::00::6,mix::libri::777::gtzan::gtzan_v2_disco.00023,libri::777,gtzan::gtzan_v2_disco.00023,voice_then_music,15.0,0.5,0.5,0.25,0.0,3.0,none,val_b,val_b,val_b,0,0,0,1,1,0.6414497117622354,0.6414497117622354,,False,True,32.763375,0.6850186586380005,0.0620543733239173,0.6857933402061462,0.0582552067935466,0.9462590217590332,0.7894304394721985,0.2986244857311249,0.7630336880683899,unknown,0.4418225195246305,0.6719479745752709,0.0620543733239173,0.46053311973810196,0.769632875919342,,,,,,,,,,,real_speech,unknown,clean_or_unknown,with_music,real_music,GTZAN_genre_3,voice+music,RR,voice_then_music,not_partial_or_unknown,>20,GTZAN_genre_3,correct,correct,correct
data\raw\openslr_librispeech_asr\librispeech_dev_6241-61946-0011.flac,0,0,0,1,0,6241,LibriSpeech,librispeech_dev,librispeech_dev,openslr/librispeech_asr,librispeech_dev_6241-61946-0011,libri::6241,libri::6241,,none,,,,,,,none,val_b,val_b,val_b,0,0,0,1,0,0.0074147280533874,0.0074147280533874,,False,True,10.1050625,0.7642113566398621,0.449432760477066,0.7480635643005371,0.4539896249771118,0.9533520936965942,0.109964407980442,0.8072620630264282,0.0296929068863391,unknown,0.4515431419960197,0.5371723680639195,0.449432760477066,0.8437845706939697,0.049760782159864826,,,,,,,,,,,real_speech,unknown,clean_or_unknown,voice_only,absent,LibriSpeech,voice_only,single_real,none,not_partial_or_unknown,10-20,LibriSpeech,correct,correct,not_scored
data\raw\fake_music_generated\fake_music_AudioLDM2_0209.wav,1,0,1,0,1,fake_music_AudioLDM2_20,AudioLDM2,fake_music_generated,fake_music_generated,synth/AudioLDM2,fake_music_AudioLDM2_0209,generated_music::fake_music_generator_0209,,generated_music::fake_music_generator_0209,none,,,,,,,none,val_b,val_b,val_b,1,0,1,0,1,0.9145561353205182,0.9145561353205182,,False,True,4.406125,0.7385658025741577,0.9999579191207886,0.726859450340271,0.9999537467956544,0.584432065486908,0.9999758005142212,0.0154220191761851,0.0208616759628057,unknown,0.9786183965163112,0.7913629023980658,0.9999579191207886,0.1576745307538658,0.26564020710065955,,,,,,,,,,,absent,unknown,clean_or_unknown,with_music,Udio-like,AudioLDM2,music_only,single_fake,none,not_partial_or_unknown,2-5,AudioLDM2,correct,not_scored,correct
MIX::data\raw\openslr_librispeech_asr\librispeech_dev_6295-244435-0026.flac|data/raw/gtzan_unique_v2/rock.00097.wav,0,0,0,1,1,mix::6295::gtzan_9_rock.00097,mix::LibriSpeech::GTZAN_genre_9,split_internal_mix,mix,generated_after_split,mix::librispeech_dev_6295-244435-0026::gtzan_v2_rock.00097::00::1,mix::libri::6295::gtzan::gtzan_v2_rock.00097,libri::6295,gtzan::gtzan_v2_rock.00097,voice_then_music,-10.0,0.25,0.1,0.1,-3.0,0.0,none,val_b,val_b,val_b,0,0,0,1,1,0.6108264243625783,0.6108264243625783,,False,True,33.453375,0.749365508556366,1.3952106883152735e-06,0.7181136608123779,1.3124523547958231e-06,0.3383558690547943,0.9999977946281432,0.0204070955514907,0.8023846745491028,unknown,0.4181336698753455,0.7078037832982297,1.3952106883152735e-06,0.09989428892731661,0.8517879545688629,,,,,,,,,,,real_speech,unknown,clean_or_unknown,with_music,real_music,GTZAN_genre_9,voice+music,RR,voice_then_music,not_partial_or_unknown,>20,GTZAN_genre_9,correct,FP,correct
MIX::data\raw\openslr_librispeech_asr\librispeech_dev_777-126732-0038.flac|data\raw\fake_music_generated\fake_music_AudioLDM2_0119.wav,1,0,1,1,1,mix::777::fake_music_AudioLDM2_11,mix::LibriSpeech::AudioLDM2,split_internal_mix,mix,generated_after_split,mix::librispeech_dev_777-126732-0038::fake_music_AudioLDM2_0119::01::14,mix::libri::777::generated_music::fake_music_generator_0119,libri::777,generated_music::fake_music_generator_0119,simultaneous,-5.0,0.75,1.0,0.05,0.0,-6.0,none,val_b,val_b,val_b,1,0,1,1,1,0.7036436755332364,0.7036436755332364,,False,True,5.8695,0.7133349776268005,0.995789349079132,0.7199894189834595,0.9956815242767334,0.7984386682510376,0.99811989068985,0.3641568422317505,0.0335694216191768,unknown,0.923834257356786,0.7104275869987312,0.995789349079132,0.47272729873657227,0.2747070388868451,,,,,,,,,,,real_speech,unknown,clean_or_unknown,with_music,Udio-like,AudioLDM2,voice+music,RF,simultaneous,not_partial_or_unknown,5-10,AudioLDM2,correct,FP,correct
data\raw\fake_music_generated\fake_music_AudioLDM2_0111.wav,1,0,1,0,1,fake_music_AudioLDM2_11,AudioLDM2,fake_music_generated,fake_music_generated,synth/AudioLDM2,fake_music_AudioLDM2_0111,generated_music::fake_music_generator_0111,,generated_music::fake_music_generator_0111,none,,,,,,,none,val_b,val_b,val_b,1,0,1,0,1,0.949071719647262,0.949071719647262,,False,True,4.574125,0.7318176627159119,0.999819815158844,0.7185899615287781,0.9998069405555724,0.5372667908668518,0.9998313188552856,0.0117453308776021,0.0119808437302708,unknown,0.987181815635584,0.7969938797953169,0.999819815158844,0.14312569587491453,0.2589434625115245,,,,,,,,,,,absent,unknown,clean_or_unknown,with_music,Udio-like,AudioLDM2,music_only,single_fake,none,not_partial_or_unknown,2-5,AudioLDM2,correct,not_scored,correct
MIX::data\raw\ajaykarthick_wavefake-audio\wavefake_ajay_LJ008-0253.wav|data/raw/gtzan_unique_v2/rock.00042.wav,1,1,0,1,1,mix::wavefake_b08f5e::gtzan_9_rock.00042,mix::WF7::GTZAN_genre_9,split_internal_mix,mix,generated_after_split,mix::wavefake_ajay_LJ008-0253::gtzan_v2_rock.00042::10::16,mix::wavefake::LJ008-0253::gtzan::gtzan_v2_rock.00042,wavefake::LJ008-0253,gtzan::gtzan_v2_rock.00042,partial_overlap,0.0,0.25,0.5,0.1,-3.0,-3.0,none,val_b,val_b,val_b,1,1,0,1,1,0.9452536253182316,0.9452536253182316,,False,True,34.28875,0.7443500757217407,0.2153694182634353,0.7084554433822632,0.2157849371433258,0.7717342972755432,0.7132032513618469,0.2741660177707672,0.5834646224975586,unknown,0.6347451722172394,0.804621140600688,0.2153694182634353,0.3985580876469612,0.6158992797136307,,,,,,,,,,,TTS_or_unknown,unknown,clean_or_unknown,with_music,real_music,GTZAN_genre_9,voice+music,FR,partial_overlap,partial_or_crossfade,>20,GTZAN_genre_9,correct,correct,correct
MIX::data\raw\Bisher_ASVspoof_2019_LA\asvspoof2019_LA_T_1345489.flac|data/raw/gtzan_unique_v2/jazz.00008.wav,1,1,0,1,1,mix::LA_0094::gtzan_5_jazz.00008,mix::A02::GTZAN_genre_5,split_internal_mix,mix,generated_after_split,mix::asvspoof2019_LA_T_1345489::gtzan_v2_jazz.00008::10::12,mix::asvspoof::LA_0094::gtzan::gtzan_v2_jazz.00008,asvspoof::LA_0094,gtzan::gtzan_v2_jazz.00008,crossfade,15.0,0.25,0.5,0.1,-3.0,-3.0,none,val_b,val_b,val_b,1,1,0,1,1,0.9991066241905816,0.9991066241905816,,False,True,33.373875,0.6999078989028931,0.0304581169039011,0.6718785762786865,0.0278805755078792,0.9294493794441224,0.7822249531745911,0.1936593651771545,0.5824649930000305,unknown,0.5587595648108473,0.7896675164891995,0.0304581169039011,0.3776068687438965,0.6324049830436707,,,,,,,,,,,TTS_or_unknown,unknown,clean_or_unknown,with_music,real_music,GTZAN_genre_5,voice+music,FR,crossfade,partial_or_crossfade,>20,GTZAN_genre_5,correct,correct,correct
data\raw\ajaykarthick_wavefake-audio\wavefake_ajay_LJ028-0437.wav,1,1,0,1,0,wavefake_d76e68,WF7,wavefake_ajay,wavefake_ajay,ajaykarthick/wavefake-audio,wavefake_ajay_LJ028-0437,wavefake::LJ028-0437,wavefake::LJ028-0437,,none,,,,,,,none,val_b,val_b,val_b,1,1,0,1,0,0.8372852153995158,0.8372852153995158,,False,True,8.41725,0.7900948524475098,0.5590925216674805,0.7876675128936768,0.5691136717796326,0.9745428562164308,0.1504208296537399,0.8091611266136169,0.0329241454601287,unknown,0.7653738904733083,0.8042519613331115,0.5590925216674805,0.8505065590143204,0.0622983165085315,,,,,,,,,,,TTS_or_unknown,unknown,clean_or_unknown,voice_only,absent,WF7,voice_only,single_fake,none,not_partial_or_unknown,5-10,WF7,correct,correct,not_scored
MIX::data\raw\ajaykarthick_wavefake-audio\wavefake_ajay_LJ008-0148.wav|data/raw/gtzan_unique_v2/rock.00097.wav,1,1,0,1,1,mix::wavefake_63badc::gtzan_9_rock.00097,mix::WF7::GTZAN_genre_9,split_internal_mix,mix,generated_after_split,mix::wavefake_ajay_LJ008-0148::gtzan_v2_rock.00097::10::9,mix::wavefake::LJ008-0148::gtzan::gtzan_v2_rock.00097,wavefake::LJ008-0148,gtzan::gtzan_v2_rock.00097,voice_then_music,0.0,0.5,1.0,0.25,0.0,0.0,none,val_b,val_b,val_b,1,1,0,1,1,0.3549449956897998,0.3549449956897998,,False,True,32.395,0.6612464189529419,8.496635928167962e-06,0.6522008776664734,8.119213816826232e-06,0.5474264621734619,0.9999852180480956,0.0222538020461797,0.8130614757537842,unknown,0.30224916275238756,0.5693559919739992,8.496635928167962e-06,0.15354696707800025,0.8597924113273621,,,,,,,,,,,TTS_or_unknown,unknown,clean_or_unknown,with_music,real_music,GTZAN_genre_9,voice+music,FR,voice_then_music,not_partial_or_unknown,>20,GTZAN_genre_9,FN,FN,correct
MIX::data\raw\openslr_librispeech_asr\librispeech_dev_1272-135031-0015.flac|data\raw\fake_music_generated\fake_music_AudioLDM2_0121.wav,1,0,1,1,1,mix::1272::fake_music_AudioLDM2_12,mix::LibriSpeech::AudioLDM2,split_internal_mix,mix,generated_after_split,mix::librispeech_dev_1272-135031-0015::fake_music_AudioLDM2_0121::01::5,mix::libri::1272::generated_music::fake_music_generator_0121,libri::1272,generated_music::fake_music_generator_0121,voice_then_music,-15.0,0.5,0.5,0.5,-3.0,3.0,none,val_b,val_b,val_b,1,0,1,1,1,0.9021902297633418,0.9021902297633418,,False,True,12.3124375,0.737713098526001,0.9985820055007936,0.7303234338760376,0.9985778331756592,0.7053675651550293,0.9982659816741944,0.0938852280378341,0.0150723457336425,unknown,0.9749010124754693,0.7870562378972032,0.9985820055007936,0.2467558123171329,0.26087075471878046,,,,,,,,,,,real_speech,unknown,clean_or_unknown,with_music,Udio-like,AudioLDM2,voice+music,RF,voice_then_music,not_partial_or_unknown,10-20,AudioLDM2,correct,FP,correct
MIX::data\raw\openslr_librispeech_asr\librispeech_dev_6241-61946-0011.flac|data\raw\fake_music_generated\fake_music_AudioLDM2_0253.wav,1,0,1,1,1,mix::6241::fake_music_AudioLDM2_25,mix::LibriSpeech::AudioLDM2,split_internal_mix,mix,generated_after_split,mix::librispeech_dev_6241-61946-0011::fake_music_AudioLDM2_0253::01::9,mix::libri::6241::generated_music::fake_music_generator_0253,libri::6241,generated_music::fake_music_generator_0253,simultaneous,5.0,0.5,0.5,0.5,-3.0,3.0,none,val_b,val_b,val_b,1,0,1,1,1,0.1820117654826555,0.1820117654826555,,False,True,10.1050625,0.7376881837844849,0.9348443746566772,0.7290276885032654,0.9355289340019226,0.8902289867401123,0.8653361797332764,0.6998891234397888,0.7289937734603882,unknown,0.7608440202048738,0.570985258293936,0.9348443746566772,0.7474740892648697,0.7630793750286102,,,,,,,,,,,real_speech,unknown,clean_or_unknown,with_music,Udio-like,AudioLDM2,voice+music,RF,simultaneous,not_partial_or_unknown,10-20,AudioLDM2,correct,correct,correct
MIX::data\raw\openslr_librispeech_asr\librispeech_dev_6295-244435-0030.flac|data/raw/gtzan_unique_v2/disco.00029.wav,0,0,0,1,1,mix::6295::gtzan_3_disco.00029,mix::LibriSpeech::GTZAN_genre_3,split_internal_mix,mix,generated_after_split,mix::librispeech_dev_6295-244435-0030::gtzan_v2_disco.00029::00::15,mix::libri::6295::gtzan::gtzan_v2_disco.00029,libri::6295,gtzan::gtzan_v2_disco.00029,simultaneous,-10.0,0.75,1.0,0.5,3.0,-6.0,none,val_b,val_b,val_b,0,0,0,1,1,0.2441008167776318,0.2441008167776318,,False,True,30.013375,0.7142351269721985,2.65644739556592e-05,0.6870390176773071,2.5492987333564088e-05,0.400667667388916,0.9999567866325378,0.0223852228373289,0.8365659713745117,unknown,0.2759870784778632,0.5731948339138284,2.65644739556592e-05,0.11695583397522569,0.8774136751890182,,,,,,,,,,,real_speech,unknown,clean_or_unknown,with_music,real_music,GTZAN_genre_3,voice+music,RR,simultaneous,not_partial_or_unknown,>20,GTZAN_genre_3,correct,correct,correct
data\raw\ajaykarthick_wavefake-audio\wavefake_ajay_LJ048-0182.wav,1,1,0,1,0,wavefake_7ec8c6,WF7,wavefake_ajay,wavefake_ajay,ajaykarthick/wavefake-audio,wavefake_ajay_LJ048-0182,wavefake::LJ048-0182,wavefake::LJ048-0182,,none,,,,,,,none,val_b,val_b,val_b,1,1,0,1,0,0.988550521684211,0.988550521684211,,False,True,7.767125,0.7912697792053223,0.5240934491157532,0.7945332527160645,0.5369228720664978,0.9751546382904052,0.1139066144824028,0.7871054410934448,0.026058567687869,unknown,0.7967949873968648,0.8504540019489888,0.5240934491157532,0.8341177403926849,0.04802057938650245,,,,,,,,,,,TTS_or_unknown,unknown,clean_or_unknown,voice_only,absent,WF7,voice_only,single_fake,none,not_partial_or_unknown,5-10,WF7,correct,correct,not_scored
data/raw/gtzan_unique_v2/hiphop.00056.wav,0,0,0,0,1,gtzan_4_hiphop.00056,GTZAN_genre_4,gtzan_real_v2,gtzan_real,sanchit-gandhi/gtzan,gtzan_v2_hiphop.00056,gtzan::gtzan_v2_hiphop.00056,,gtzan::gtzan_v2_hiphop.00056,none,,,,,,,none,val_b,val_b,val_b,0,0,0,0,1,0.5568828043173437,0.5568828043173437,,False,True,30.013375,0.6799325346946716,2.461105032125488e-05,0.6647419929504395,2.30991245189216e-05,0.4892831146717071,0.9999327063560486,0.0786604285240173,0.7892357707023621,unknown,0.38036426373586796,0.6430176155814732,2.461105032125488e-05,0.18131610006093976,0.8419100046157837,,,,,,,,,,,absent,unknown,clean_or_unknown,with_music,real_music,GTZAN_genre_4,music_only,single_real,none,not_partial_or_unknown,>20,GTZAN_genre_4,correct,not_scored,correct
data\raw\ajaykarthick_wavefake-audio\wavefake_ajay_LJ019-0394_WF7_1.wav,1,1,0,1,0,wavefake_76ddde,WF7,wavefake_ajay,wavefake_ajay,ajaykarthick/wavefake-audio,wavefake_ajay_LJ019-0394,wavefake::LJ019-0394,wavefake::LJ019-0394,,none,,,,,,,none,val_b,val_b,val_b,1,1,0,1,0,0.9974782423566648,0.9974782423566648,,False,True,5.5031875,0.8025792241096497,0.585685670375824,0.8053019642829895,0.6000852584838867,0.9844373464584352,0.1445841342210769,0.7622714042663574,0.0304347649216651,unknown,0.827813000174348,0.8610489295837542,0.585685670375824,0.8178128898143768,0.05897210724651805,,,,,,,,,,,TTS_or_unknown,unknown,clean_or_unknown,voice_only,absent,WF7,voice_only,single_fake,none,not_partial_or_unknown,5-10,WF7,correct,correct,not_scored
data\raw\fake_music_generated\fake_music_AudioLDM2_0117.wav,1,0,1,0,1,fake_music_AudioLDM2_11,AudioLDM2,fake_music_generated,fake_music_generated,synth/AudioLDM2,fake_music_AudioLDM2_0117,generated_music::fake_music_generator_0117,,generated_music::fake_music_generator_0117,none,,,,,,,none,val_b,val_b,val_b,1,0,1,0,1,0.9244655781984574,0.9244655781984574,,False,True,4.95875,0.7391523122787476,0.99990975856781,0.7275549173355103,0.9999018907546996,0.5654004812240601,0.9999450445175172,0.0146555062383413,0.0216068029403686,unknown,0.981072657686914,0.7947462920546604,0.99990975856781,0.15234174998477099,0.26619136333465576,,,,,,,,,,,absent,unknown,clean_or_unknown,with_music,Udio-like,AudioLDM2,music_only,single_fake,none,not_partial_or_unknown,2-5,AudioLDM2,correct,not_scored,correct
MIX::data\raw\openslr_librispeech_asr\librispeech_dev_6295-64301-0028.flac|data/raw/gtzan_unique_v2/metal.00026.wav,0,0,0,1,1,mix::6295::gtzan_6_metal.00026,mix::LibriSpeech::GTZAN_genre_6,split_internal_mix,mix,generated_after_split,mix::librispeech_dev_6295-64301-0028::gtzan_v2_metal.00026::00::0,mix::libri::6295::gtzan::gtzan_v2_metal.00026,libri::6295,gtzan::gtzan_v2_metal.00026,simultaneous,-15.0,0.1,0.0,0.05,-6.0,-3.0,none,val_b,val_b,val_b,0,0,0,1,1,0.2662040618492133,0.2662040618492133,,False,True,30.0001875,0.7499264478683472,7.601884703944961e-07,0.7172034382820129,7.131071129151678e-07,0.3186971843242645,0.9999988675117492,0.0207820758223533,0.8963531851768494,unknown,0.2933550450581053,0.604809732062607,1e-06,0.09526085294783111,0.9222646057605743,,,,,,,,,,,real_speech,unknown,clean_or_unknown,with_music,real_music,GTZAN_genre_6,voice+music,RR,simultaneous,not_partial_or_unknown,>20,GTZAN_genre_6,correct,correct,correct
data/raw/gtzan_unique_v2/jazz.00004.wav,0,0,0,0,1,gtzan_5_jazz.00004,GTZAN_genre_5,gtzan_real_v2,gtzan_real,sanchit-gandhi/gtzan,gtzan_v2_jazz.00004,gtzan::gtzan_v2_jazz.00004,,gtzan::gtzan_v2_jazz.00004,none,,,,,,,none,val_b,val_b,val_b,0,0,0,0,1,0.8243700551517039,0.8243700551517039,,False,True,30.013375,0.6978804469108582,2.5500132323941216e-05,0.6778461933135986,2.473666063451674e-05,0.5016027092933655,0.9999995231628418,0.0180329289287328,0.6978228688240051,unknown,0.48203956471860226,0.7358273293831118,2.5500132323941216e-05,0.13892537401989097,0.7733670324087143,,,,,,,,,,,absent,unknown,clean_or_unknown,with_music,real_music,GTZAN_genre_5,music_only,single_real,none,not_partial_or_unknown,>20,GTZAN_genre_5,FP,not_scored,correct
data\raw\fake_music_generated\fake_music_AudioLDM2_0249.wav,1,0,1,0,1,fake_music_AudioLDM2_24,AudioLDM2,fake_music_generated,fake_music_generated,synth/AudioLDM2,fake_music_AudioLDM2_0249,generated_music::fake_music_generator_0249,,generated_music::fake_music_generator_0249,none,,,,,,,none,val_b,val_b,val_b,1,0,1,0,1,0.9185461896313196,0.9185461896313196,,False,True,5.0701875,0.7285647988319397,0.9998897314071656,0.7163705229759216,0.9998798370361328,0.5640525817871094,0.9999297857284546,0.0112358015030622,0.0235458798706531,unknown,0.9795826190150709,0.7855592160717536,0.9998897314071656,0.149439996574074,0.26764185633510346,,,,,,,,,,,absent,unknown,clean_or_unknown,with_music,Udio-like,AudioLDM2,music_only,single_fake,none,not_partial_or_unknown,5-10,AudioLDM2,correct,not_scored,correct
MIX::data\raw\ajaykarthick_wavefake-audio\wavefake_ajay_LJ009-0269.wav|data\raw\fake_music_generated\fake_music_AudioLDM2_0021.wav,1,1,1,1,1,mix::wavefake_0e83c3::fake_music_AudioLDM2_2,mix::WF7::AudioLDM2,split_internal_mix,mix,generated_after_split,mix::wavefake_ajay_LJ009-0269::fake_music_AudioLDM2_0021::11::15,mix::wavefake::LJ009-0269::generated_music::fake_music_generator_0021,wavefake::LJ009-0269,generated_music::fake_music_generator_0021,partial_overlap,5.0,0.25,0.5,0.25,-6.0,-3.0,none,val_b,val_b,val_b,1,1,1,1,1,0.9917392652673982,0.9917392652673982,,False,True,8.267,0.7620202898979187,0.6468255519866943,0.7548073530197144,0.6497600078582764,0.9826897382736206,0.371127188205719,0.7054095268249512,0.1349814534187317,unknown,0.8442039101175609,0.8309359825087625,0.6468255519866943,0.7747295796871185,0.19401788711547852,,,,,,,,,,,TTS_or_unknown,unknown,clean_or_unknown,with_music,Udio-like,AudioLDM2,voice+music,FF,partial_overlap,partial_or_crossfade,5-10,AudioLDM2,correct,correct,correct
data/raw/gtzan_unique_v2/metal.00053.wav,0,0,0,0,1,gtzan_6_metal.00053,GTZAN_genre_6,gtzan_real_v2,gtzan_real,sanchit-gandhi/gtzan,gtzan_v2_metal.00053,gtzan::gtzan_v2_metal.00053,,gtzan::gtzan_v2_metal.00053,none,,,,,,,none,val_b,val_b,val_b,0,0,0,0,1,0.9844790773271156,0.9844790773271156,,False,True,30.013375,0.7744206190109253,8.273677849501837e-06,0.7376728057861328,7.699898560531437e-06,0.2843154370784759,0.9999834895133972,0.0212853383272886,0.8563263416290283,unknown,0.5601624698525288,0.8374381565057822,8.273677849501837e-06,0.08704286301508543,0.8922406286001205,,,,,,,,,,,absent,unknown,clean_or_unknown,with_music,real_music,GTZAN_genre_6,music_only,single_real,none,not_partial_or_unknown,>20,GTZAN_genre_6,FP,not_scored,correct
MIX::data\raw\ajaykarthick_wavefake-audio\wavefake_ajay_LJ048-0132.wav|data\raw\fake_music_generated\fake_music_AudioLDM2_0233.wav,1,1,1,1,1,mix::wavefake_c5e69f::fake_music_AudioLDM2_23,mix::WF7::AudioLDM2,split_internal_mix,mix,generated_after_split,mix::wavefake_ajay_LJ048-0132::fake_music_AudioLDM2_0233::11::3,mix::wavefake::LJ048-0132::generated_music::fake_music_generator_0233,wavefake::LJ048-0132,generated_music::fake_music_generator_0233,voice_then_music,15.0,0.25,0.5,0.25,-6.0,-3.0,none,val_b,val_b,val_b,1,1,1,1,1,0.9977555831063888,0.9977555831063888,,False,True,11.4286875,0.8149914741516113,0.5277416706085205,0.8040123581886292,0.539060115814209,0.9885869026184082,0.1675291359424591,0.8076404333114624,0.0339573994278907,unknown,0.8035320933906647,0.8698207068380446,0.5277416706085205,0.8528770506381989,0.0673503335565328,,,,,,,,,,,TTS_or_unknown,unknown,clean_or_unknown,with_music,Udio-like,AudioLDM2,voice+music,FF,voice_then_music,not_partial_or_unknown,10-20,AudioLDM2,correct,correct,correct
MIX::data\raw\ajaykarthick_wavefake-audio\wavefake_ajay_LJ029-0174.wav|data\raw\fake_music_generated\fake_music_AudioLDM2_0271.wav,1,1,1,1,1,mix::wavefake_710e6b::fake_music_AudioLDM2_27,mix::WF7::AudioLDM2,split_internal_mix,mix,generated_after_split,mix::wavefake_ajay_LJ029-0174::fake_music_AudioLDM2_0271::11::19,mix::wavefake::LJ029-0174::generated_music::fake_music_generator_0271,wavefake::LJ029-0174,generated_music::fake_music_generator_0271,music_then_voice,-10.0,0.25,0.5,0.25,-6.0,-3.0,none,val_b,val_b,val_b,1,1,1,1,1,0.8187256561208811,0.8187256561208811,,False,True,8.980875,0.7369660139083862,0.999803900718689,0.7446273565292358,0.9997931122779846,0.8290466070175171,0.9998518228530884,0.0174786038696765,0.0294515863060951,unknown,0.9545862920568984,0.7614939065721347,0.999803900718689,0.22037060465663666,0.27205164544284344,,,,,,,,,,,TTS_or_unknown,unknown,clean_or_unknown,with_music,Udio-like,AudioLDM2,voice+music,FF,music_then_voice,not_partial_or_unknown,5-10,AudioLDM2,correct,correct,correct
MIX::data\raw\Bisher_ASVspoof_2019_LA\asvspoof2019_LA_T_7070941.flac|data/raw/gtzan_unique_v2/hiphop.00056.wav,1,1,0,1,1,mix::LA_0094::gtzan_4_hiphop.00056,mix::A02::GTZAN_genre_4,split_internal_mix,mix,generated_after_split,mix::asvspoof2019_LA_T_7070941::gtzan_v2_hiphop.00056::10::5,mix::asvspoof::LA_0094::gtzan::gtzan_v2_hiphop.00056,asvspoof::LA_0094,gtzan::gtzan_v2_hiphop.00056,music_then_voice,15.0,0.5,1.0,0.25,0.0,0.0,none,val_b,val_b,val_b,1,1,0,1,1,0.9871741815328354,0.9871741815328354,,False,True,32.989,0.7453247904777527,0.0758240148425102,0.74627286195755,0.0681850463151931,0.9533864855766296,0.7100212574005127,0.3684758245944977,0.8127383589744568,unknown,0.5842462029199093,0.8178796077942775,0.0758240148425102,0.5147034898400307,0.7870590835809708,,,,,,,,,,,TTS_or_unknown,unknown,clean_or_unknown,with_music,real_music,GTZAN_genre_4,voice+music,FR,music_then_voice,not_partial_or_unknown,>20,GTZAN_genre_4,correct,correct,correct
MIX::data\raw\openslr_librispeech_asr\librispeech_dev_6295-64301-0028.flac|data\raw\fake_music_generated\fake_music_AudioLDM2_0119.wav,1,0,1,1,1,mix::6295::fake_music_AudioLDM2_11,mix::LibriSpeech::AudioLDM2,split_internal_mix,mix,generated_after_split,mix::librispeech_dev_6295-64301-0028::fake_music_AudioLDM2_0119::01::10,mix::libri::6295::generated_music::fake_music_generator_0119,libri::6295,generated_music::fake_music_generator_0119,voice_then_music,10.0,0.75,1.0,0.05,0.0,-6.0,none,val_b,val_b,val_b,1,0,1,1,1,0.018174304523176,0.018174304523176,,False,True,17.5195,0.7583480477333069,0.2989067435264587,0.7599641680717468,0.2923877239227295,0.963862121105194,0.120760329067707,0.7637888193130493,0.028029378503561,unknown,0.3672765475482431,0.5362959247702676,0.2989067435264587,0.8138071447610855,0.0512121161445975,,,,,,,,,,,real_speech,unknown,clean_or_unknown,with_music,Udio-like,AudioLDM2,voice+music,RF,voice_then_music,not_partial_or_unknown,10-20,AudioLDM2,FN,correct,FN
MIX::data\raw\ajaykarthick_wavefake-audio\wavefake_ajay_LJ028-0385.wav|data/raw/gtzan_unique_v2/jazz.00034.wav,1,1,0,1,1,mix::wavefake_0d935e::gtzan_5_jazz.00034,mix::WF7::GTZAN_genre_5,split_internal_mix,mix,generated_after_split,mix::wavefake_ajay_LJ028-0385::gtzan_v2_jazz.00034::10::4,mix::wavefake::LJ028-0385::gtzan_near::bf031ff18a35768a626d,wavefake::LJ028-0385,gtzan_near::bf031ff18a35768a626d,voice_then_music,10.0,0.25,0.5,0.1,-3.0,-3.0,none,val_b,val_b,val_b,1,1,0,1,1,0.9903408488505552,0.9903408488505552,,False,True,36.24875,0.7539495229721069,0.2654598355293274,0.7440809011459351,0.2673060894012451,0.9338356852531432,0.7132773995399475,0.2826148867607116,0.4642926752567291,unknown,0.6745841404204442,0.8248669207356414,0.2654598355293274,0.44542008638381947,0.5265388563275337,,,,,,,,,,,TTS_or_unknown,unknown,clean_or_unknown,with_music,real_music,GTZAN_genre_5,voice+music,FR,voice_then_music,not_partial_or_unknown,>20,GTZAN_genre_5,correct,correct,correct
MIX::data\raw\ajaykarthick_wavefake-audio\wavefake_ajay_LJ009-0251.wav|data\raw\fake_music_generated\fake_music_AudioLDM2_0123.wav,1,1,1,1,1,mix::wavefake_1954fe::fake_music_AudioLDM2_12,mix::WF7::AudioLDM2,split_internal_mix,mix,generated_after_split,mix::wavefake_ajay_LJ009-0251::fake_music_AudioLDM2_0123::11::11,mix::wavefake::LJ009-0251::generated_music::fake_music_generator_0123,wavefake::LJ009-0251,generated_music::fake_music_generator_0123,crossfade,-15.0,0.25,0.5,0.25,-6.0,-3.0,none,val_b,val_b,val_b,1,1,1,1,1,0.9210354636055088,0.9210354636055088,,False,True,15.636625,0.7310096025466919,0.999656081199646,0.7327127456665039,0.9996380805969238,0.7445858716964722,0.9997435212135316,0.2011588811874389,0.1084234341979026,unknown,0.9800958068196185,0.7880173608643369,0.999656081199646,0.3370156288146972,0.3312534559518099,,,,,,,,,,,TTS_or_unknown,unknown,clean_or_unknown,with_music,Udio-like,AudioLDM2,voice+music,FF,crossfade,partial_or_crossfade,10-20,AudioLDM2,correct,correct,correct
data\raw\ajaykarthick_wavefake-audio\wavefake_ajay_LJ050-0239.wav,1,1,0,1,0,wavefake_fce293,WF7,wavefake_ajay,wavefake_ajay,ajaykarthick/wavefake-audio,wavefake_ajay_LJ050-0239,wavefake::LJ050-0239,wavefake::LJ050-0239,,none,,,,,,,none,val_b,val_b,val_b,1,1,0,1,0,0.9940426457522968,0.9940426457522968,,False,True,5.03875,0.7400509715080261,0.5426011085510254,0.7481374144554138,0.5523920059204102,0.9730603098869324,0.0856738463044166,0.7998409867286682,0.0294325891882181,unknown,0.7991397595102954,0.8162484737813074,0.5426011085510254,0.8431458175182343,0.043492903467267724,,,,,,,,,,,TTS_or_unknown,unknown,clean_or_unknown,voice_only,absent,WF7,voice_only,single_fake,none,not_partial_or_unknown,5-10,WF7,correct,correct,not_scored
data/raw/gtzan_unique_v2/blues.00026.wav,0,0,0,0,1,gtzan_0_blues.00026,GTZAN_genre_0,gtzan_real_v2,gtzan_real,sanchit-gandhi/gtzan,gtzan_v2_blues.00026,gtzan::gtzan_v2_blues.00026,,gtzan::gtzan_v2_blues.00026,none,,,,,,,none,val_b,val_b,val_b,0,0,0,0,1,0.2190924140898259,0.2190924140898259,,False,True,30.013375,0.6836773753166199,0.0010028090327978,0.6812671422958374,0.0010320221772417,0.7039768695831299,0.9990103244781494,0.0846277549862861,0.8327808380126953,unknown,0.2594446862636391,0.5443018869485816,0.0010028090327978,0.23946503363549704,0.8743382096290588,,,,,,,,,,,absent,unknown,clean_or_unknown,with_music,real_music,GTZAN_genre_0,music_only,single_real,none,not_partial_or_unknown,>20,GTZAN_genre_0,correct,not_scored,correct
data\raw\fake_music_generated\fake_music_AudioLDM2_0285.wav,1,0,1,0,1,fake_music_AudioLDM2_28,AudioLDM2,fake_music_generated,fake_music_generated,synth/AudioLDM2,fake_music_AudioLDM2_0285,generated_music::fake_music_generator_0285,,generated_music::fake_music_generator_0285,none,,,,,,,none,val_b,val_b,val_b,1,0,1,0,1,0.930182014013507,0.930182014013507,,False,True,4.737125,0.7334941029548645,0.999947428703308,0.7220631837844849,0.9999423027038574,0.5829623341560364,0.9999696016311646,0.0176534838974475,0.0193319022655487,unknown,0.9825197763226887,0.7925004762724572,0.999947428703308,0.15898069646209473,0.26449132710695267,,,,,,,,,,,absent,unknown,clean_or_unknown,with_music,Udio-like,AudioLDM2,music_only,single_fake,none,not_partial_or_unknown,2-5,AudioLDM2,correct,not_scored,correct
data\raw\fake_music_generated\fake_music_AudioLDM2_0281.wav,1,0,1,0,1,fake_music_AudioLDM2_28,AudioLDM2,fake_music_generated,fake_music_generated,synth/AudioLDM2,fake_music_AudioLDM2_0281,generated_music::fake_music_generator_0281,,generated_music::fake_music_generator_0281,none,,,,,,,none,val_b,val_b,val_b,1,0,1,0,1,0.8870085375404435,0.8870085375404435,,False,True,5.4124375,0.735442578792572,0.9999265670776368,0.7214280366897583,0.9999197721481324,0.5508098602294922,0.9999547004699708,0.0119628068059682,0.0195652451366186,unknown,0.9717160158487151,0.7809123664169334,0.9999265670776368,0.1466745701618492,0.26466260896995664,,,,,,,,,,,absent,unknown,clean_or_unknown,with_music,Udio-like,AudioLDM2,music_only,single_fake,none,not_partial_or_unknown,5-10,AudioLDM2,correct,not_scored,correct
data\raw\openslr_librispeech_asr\librispeech_dev_2035-147961-0039.flac,0,0,0,1,0,2035,LibriSpeech,librispeech_dev,librispeech_dev,openslr/librispeech_asr,librispeech_dev_2035-147961-0039,libri::2035,libri::2035,,none,,,,,,,none,val_b,val_b,val_b,0,0,0,1,0,0.0192422303284035,0.0192422303284035,,False,True,5.35,0.769781231880188,0.633477509021759,0.773231565952301,0.6416192054748535,0.9678586721420288,0.1604906618595123,0.7744953036308289,0.0335164926946163,unknown,0.5578275657518934,0.5446195314146526,0.633477509021759,0.8228361457586288,0.06526003498584029,,,,,,,,,,,real_speech,unknown,clean_or_unknown,voice_only,absent,LibriSpeech,voice_only,single_real,none,not_partial_or_unknown,5-10,LibriSpeech,FP,correct,not_scored
MIX::data\raw\openslr_librispeech_asr\librispeech_dev_1272-135031-0018.flac|data\raw\fake_music_generated\fake_music_AudioLDM2_0191.wav,1,0,1,1,1,mix::1272::fake_music_AudioLDM2_19,mix::LibriSpeech::AudioLDM2,split_internal_mix,mix,generated_after_split,mix::librispeech_dev_1272-135031-0018::fake_music_AudioLDM2_0191::01::3,mix::libri::1272::generated_music::fake_music_generator_0191,libri::1272,generated_music::fake_music_generator_0191,crossfade,10.0,0.1,0.0,0.1,3.0,-3.0,none,val_b,val_b,val_b,1,0,1,1,1,0.050050552287185,0.050050552287185,,False,True,6.60275,0.7317491173744202,0.971204936504364,0.7363473773002625,0.9708765149116516,0.8868967890739441,0.9737612009048462,0.3059021234512329,0.0498465001583099,unknown,0.7464863934494398,0.5272395478482496,0.971204936504364,0.4511507898569107,0.280825175344944,,,,,,,,,,,real_speech,unknown,clean_or_unknown,with_music,Udio-like,AudioLDM2,voice+music,RF,crossfade,partial_or_crossfade,5-10,AudioLDM2,correct,correct,correct
MIX::data\raw\ajaykarthick_wavefake-audio\wavefake_ajay_LJ009-0251.wav|data\raw\fake_music_generated\fake_music_AudioLDM2_0207.wav,1,1,1,1,1,mix::wavefake_1954fe::fake_music_AudioLDM2_20,mix::WF7::AudioLDM2,split_internal_mix,mix,generated_after_split,mix::wavefake_ajay_LJ009-0251::fake_music_AudioLDM2_0207::11::13,mix::wavefake::LJ009-0251::generated_music::fake_music_generator_0207,wavefake::LJ009-0251,generated_music::fake_music_generator_0207,voice_then_music,-5.0,0.75,0.0,0.05,0.0,3.0,none,val_b,val_b,val_b,1,1,1,1,1,0.9445503362966426,0.9445503362966426,,False,True,13.9538125,0.766775906085968,0.9918127059936525,0.7659354209899902,0.991856336593628,0.8678380250930786,0.9776270985603333,0.24973726272583,0.0288118086755275,unknown,0.9825314002587131,0.8201082351491704,0.9918127059936525,0.40426245331764216,0.26601563114672894,,,,,,,,,,,TTS_or_unknown,unknown,clean_or_unknown,with_music,Udio-like,AudioLDM2,voice+music,FF,voice_then_music,not_partial_or_unknown,10-20,AudioLDM2,correct,correct,correct
data/raw/gtzan_unique_v2/disco.00066.wav,0,0,0,0,1,gtzan_3_disco.00066,GTZAN_genre_3,gtzan_real_v2,gtzan_real,sanchit-gandhi/gtzan,gtzan_v2_disco.00066,gtzan::gtzan_v2_disco.00066,,gtzan::gtzan_v2_disco.00066,none,,,,,,,none,val_b,val_b,val_b,0,0,0,0,1,0.4184745492138356,0.4184745492138356,,False,True,30.0001875,0.7226892709732056,2.237680382677354e-05,0.6943874359130859,2.1360085156629797e-05,0.3698657751083374,0.9999305605888368,0.0191278029233217,0.8598701357841492,unknown,0.3414140605775634,0.6314248544453945,2.237680382677354e-05,0.10681229596957563,0.894885241985321,,,,,,,,,,,absent,unknown,clean_or_unknown,with_music,real_music,GTZAN_genre_3,music_only,single_real,none,not_partial_or_unknown,>20,GTZAN_genre_3,correct,not_scored,correct
data\raw\ajaykarthick_wavefake-audio\wavefake_ajay_LJ007-0201.wav,1,1,0,1,0,wavefake_63c2e9,WF2,wavefake_ajay,wavefake_ajay,ajaykarthick/wavefake-audio,wavefake_ajay_LJ007-0201,wavefake::LJ007-0201,wavefake::LJ007-0201,,none,,,,,,,none,val_b,val_b,val_b,1,1,0,1,0,0.998555365284358,0.998555365284358,,False,True,6.397125,0.7859532833099365,0.5289620161056519,0.7898836731910706,0.5410112738609314,0.9810457229614258,0.1016731485724449,0.8105345368385315,0.0222814232110977,unknown,0.8009751801179136,0.849733907902263,0.5289620161056519,0.8531623333692551,0.0421293545514345,,,,,,,,,,,TTS_or_unknown,unknown,clean_or_unknown,voice_only,absent,WF2,voice_only,single_fake,none,not_partial_or_unknown,5-10,WF2,correct,correct,not_scored
MIX::data\raw\Bisher_ASVspoof_2019_LA\asvspoof2019_LA_T_4334140.flac|data/raw/gtzan_unique_v2/reggae.00036.wav,0,0,0,1,1,mix::LA_0086::gtzan_8_reggae.00036,mix::bonafide::GTZAN_genre_8,split_internal_mix,mix,generated_after_split,mix::asvspoof2019_LA_T_4334140::gtzan_v2_reggae.00036::00::17,mix::asvspoof::LA_0086::gtzan::gtzan_v2_reggae.00036,asvspoof::LA_0086,gtzan::gtzan_v2_reggae.00036,music_then_voice,0.0,0.25,0.1,0.1,-3.0,0.0,none,val_b,val_b,val_b,0,0,0,1,1,0.4359994703204124,0.4359994703204124,,False,True,34.0788125,0.7699664831161499,0.217115581035614,0.7322152853012085,0.2175636440515518,0.8524806499481201,0.6939857602119446,0.2306457012891769,0.598596453666687,unknown,0.4686386363102953,0.6697763792774286,0.217115581035614,0.38610443845391273,0.6224437803030014,,,,,,,,,,,real_speech,unknown,clean_or_unknown,with_music,real_music,GTZAN_genre_8,voice+music,RR,music_then_voice,not_partial_or_unknown,>20,GTZAN_genre_8,correct,correct,correct
MIX::data\raw\openslr_librispeech_asr\librispeech_dev_3170-137482-0044.flac|data/raw/gtzan_unique_v2/reggae.00041.wav,0,0,0,1,1,mix::3170::gtzan_8_reggae.00041,mix::LibriSpeech::GTZAN_genre_8,split_internal_mix,mix,generated_after_split,mix::librispeech_dev_3170-137482-0044::gtzan_v2_reggae.00041::00::18,mix::libri::3170::gtzan::gtzan_v2_reggae.00041,libri::3170,gtzan::gtzan_v2_reggae.00041,partial_overlap,5.0,0.5,0.5,0.25,0.0,3.0,none,val_b,val_b,val_b,0,0,0,1,1,0.0081218791283294,0.0081218791283294,,False,True,38.3526875,0.7506836652755737,0.2360753268003463,0.7454719543457031,0.2403508573770523,0.8644261360168457,0.6986277103424072,0.5598140358924866,0.5703654885292053,unknown,0.33192306112162007,0.5279151294314003,0.2360753268003463,0.6359670609235764,0.6024310439825058,,,,,,,,,,,real_speech,unknown,clean_or_unknown,with_music,real_music,GTZAN_genre_8,voice+music,RR,partial_overlap,partial_or_crossfade,>20,GTZAN_genre_8,correct,correct,correct
data/raw/gtzan_unique_v2/reggae.00041.wav,0,0,0,0,1,gtzan_8_reggae.00041,GTZAN_genre_8,gtzan_real_v2,gtzan_real,sanchit-gandhi/gtzan,gtzan_v2_reggae.00041,gtzan::gtzan_v2_reggae.00041,,gtzan::gtzan_v2_reggae.00041,none,,,,,,,none,val_b,val_b,val_b,0,0,0,0,1,0.6152762751030904,0.6152762751030904,,False,True,30.0001875,0.7071401476860046,5.926832818659023e-05,0.6951190233230591,5.657348083332181e-05,0.5997654795646667,0.9998388290405272,0.0231124702841043,0.8589048981666565,unknown,0.40869027505999056,0.6795809859111304,5.926832818659023e-05,0.16727572260424492,0.8941383808851242,,,,,,,,,,,absent,unknown,clean_or_unknown,with_music,real_music,GTZAN_genre_8,music_only,single_real,none,not_partial_or_unknown,>20,GTZAN_genre_8,correct,not_scored,correct
data\raw\fake_music_generated\fake_music_AudioLDM2_0001.wav,1,0,1,0,1,fake_music_AudioLDM2_0,AudioLDM2,fake_music_generated,fake_music_generated,synth/AudioLDM2,fake_music_AudioLDM2_0001,generated_music::fake_music_generator_0001,,generated_music::fake_music_generator_0001,none,,,,,,,none,val_b,val_b,val_b,1,0,1,0,1,0.9647725194013322,0.9647725194013322,,False,True,5.5175625,0.7402701377868652,0.9998260140419006,0.7277279496192932,0.9998138546943665,0.5521464943885803,0.9998452663421632,0.0132680367678403,0.0120512470602989,unknown,0.9911107736343445,0.8076208522712054,0.9998260140419006,0.14798765117302531,0.25899975188076496,,,,,,,,,,,absent,unknown,clean_or_unknown,with_music,Udio-like,AudioLDM2,music_only,single_fake,none,not_partial_or_unknown,5-10,AudioLDM2,correct,not_scored,correct
data/raw/gtzan_unique_v2/jazz.00034.wav,0,0,0,0,1,gtzan_5_jazz.00034,GTZAN_genre_5,gtzan_real_v2,gtzan_real,sanchit-gandhi/gtzan,gtzan_v2_jazz.00034,gtzan_near::bf031ff18a35768a626d,,gtzan_near::bf031ff18a35768a626d,none,,,,,,,none,val_b,val_b,val_b,0,0,0,0,1,0.4076124462086059,0.4076124462086059,,False,True,30.013375,0.6999325752258301,0.0001692229125183,0.6781140565872192,0.000171671170392,0.4349363148212433,0.9996588826179504,0.0183081962168216,0.6337220072746277,unknown,0.3315807963597938,0.6122365365206628,0.0001692229125183,0.12246522586792702,0.7252062261104584,,,,,,,,,,,absent,unknown,clean_or_unknown,with_music,real_music,GTZAN_genre_5,music_only,single_real,none,not_partial_or_unknown,>20,GTZAN_genre_5,correct,not_scored,correct
MIX::data\raw\ajaykarthick_wavefake-audio\wavefake_ajay_LJ019-0280.wav|data\raw\fake_music_generated\fake_music_AudioLDM2_0117.wav,1,1,1,1,1,mix::wavefake_6f6fdd::fake_music_AudioLDM2_11,mix::WF7::AudioLDM2,split_internal_mix,mix,generated_after_split,mix::wavefake_ajay_LJ019-0280::fake_music_AudioLDM2_0117::11::12,mix::wavefake::LJ019-0280::generated_music::fake_music_generator_0117,wavefake::LJ019-0280,generated_music::fake_music_generator_0117,simultaneous,-10.0,0.5,1.0,0.5,-3.0,0.0,none,val_b,val_b,val_b,1,1,1,1,1,0.7798523503607863,0.7798523503607863,,False,True,4.95875,0.7426976561546326,0.9997610449790956,0.739902913570404,0.999744713306427,0.6590890884399414,0.9998492002487184,0.3096250295639038,0.0538723319768905,unknown,0.9448452975063317,0.7538440644164786,0.9997610449790956,0.3969910442829132,0.2903665490448475,,,,,,,,,,,TTS_or_unknown,unknown,clean_or_unknown,with_music,Udio-like,AudioLDM2,voice+music,FF,simultaneous,not_partial_or_unknown,2-5,AudioLDM2,correct,correct,correct
MIX::data\raw\ajaykarthick_wavefake-audio\wavefake_ajay_LJ043-0050.wav|data/raw/gtzan_unique_v2/jazz.00034.wav,1,1,0,1,1,mix::wavefake_546240::gtzan_5_jazz.00034,mix::WF7::GTZAN_genre_5,split_internal_mix,mix,generated_after_split,mix::wavefake_ajay_LJ043-0050::gtzan_v2_jazz.00034::10::18,mix::wavefake::LJ043-0050::gtzan_near::bf031ff18a35768a626d,wavefake::LJ043-0050,gtzan_near::bf031ff18a35768a626d,simultaneous,10.0,0.75,0.0,0.5,3.0,3.0,none,val_b,val_b,val_b,1,1,0,1,1,0.8887855798331472,0.8887855798331472,,False,True,30.013375,0.6931563019752502,0.0011588264023885,0.6883468627929688,0.0011706763179972,0.7934345602989197,0.9966592788696288,0.1581552177667617,0.6384666562080383,unknown,0.5046851437523926,0.7518450853326193,0.0011588264023885,0.3169750533998012,0.728014811873436,,,,,,,,,,,TTS_or_unknown,unknown,clean_or_unknown,with_music,real_music,GTZAN_genre_5,voice+music,FR,simultaneous,not_partial_or_unknown,>20,GTZAN_genre_5,correct,correct,correct
MIX::data\raw\openslr_librispeech_asr\librispeech_dev_6295-64301-0028.flac|data/raw/gtzan_unique_v2/classical.00042.wav,0,0,0,1,1,mix::6295::gtzan_1_classical.00042,mix::LibriSpeech::GTZAN_genre_1,split_internal_mix,mix,generated_after_split,mix::librispeech_dev_6295-64301-0028::gtzan_v2_classical.00042::00::2,mix::libri::6295::gtzan::gtzan_v2_classical.00042,libri::6295,gtzan::gtzan_v2_classical.00042,music_then_voice,-5.0,0.5,0.5,0.25,0.0,3.0,none,val_b,val_b,val_b,0,0,0,1,1,0.2144524333186372,0.2144524333186372,,False,True,41.521,0.6952129602432251,9.661781597003484e-09,0.6779018044471741,9.0475094083331e-09,0.4570488929748535,1.0,0.0202775448560714,0.4703232944011688,unknown,0.2602324141615261,0.5509848021658487,1e-06,0.12947038188576693,0.6027424708008766,,,,,,,,,,,real_speech,unknown,clean_or_unknown,with_music,real_music,GTZAN_genre_1,voice+music,RR,music_then_voice,not_partial_or_unknown,>20,GTZAN_genre_1,correct,correct,correct
data\raw\ajaykarthick_wavefake-audio\wavefake_ajay_LJ009-0260.wav,1,1,0,1,0,wavefake_582f79,WF7,wavefake_ajay,wavefake_ajay,ajaykarthick/wavefake-audio,wavefake_ajay_LJ009-0260,wavefake::LJ009-0260,wavefake::LJ009-0260,,none,,,,,,,none,val_b,val_b,val_b,1,1,0,1,0,0.9963528219951908,0.9963528219951908,,False,True,1.5093125,0.6549077033996582,0.433343231678009,0.6739840507507324,0.4194713532924652,0.969027578830719,0.0459027737379074,0.8525652885437012,0.0313439257442951,unknown,0.7298258769863855,0.757341238978318,0.433343231678009,0.8816808611154556,0.03498363774269818,,,,,,,,,,,TTS_or_unknown,unknown,clean_or_unknown,voice_only,absent,WF7,voice_only,single_fake,none,not_partial_or_unknown,<=2,WF7,correct,correct,not_scored
data\raw\ajaykarthick_wavefake-audio\wavefake_ajay_LJ028-0365.wav,1,1,0,1,0,wavefake_a9c42f,WF7,wavefake_ajay,wavefake_ajay,ajaykarthick/wavefake-audio,wavefake_ajay_LJ028-0365,wavefake::LJ028-0365,wavefake::LJ028-0365,,none,,,,,,,none,val_b,val_b,val_b,1,1,0,1,0,0.9900922326668932,0.9900922326668932,,False,True,7.8135625,0.764837920665741,0.4748725295066833,0.7692170143127441,0.4808775186538696,0.9770694375038148,0.1161975488066673,0.8051648139953613,0.0251538027077913,unknown,0.7698506652545175,0.8324142142660866,0.4748725295066833,0.8481409698724747,0.0479147392325103,,,,,,,,,,,TTS_or_unknown,unknown,clean_or_unknown,voice_only,absent,WF7,voice_only,single_fake,none,not_partial_or_unknown,5-10,WF7,correct,correct,not_scored
data\raw\fake_music_generated\fake_music_AudioLDM2_0097.wav,1,0,1,0,1,fake_music_AudioLDM2_9,AudioLDM2,fake_music_generated,fake_music_generated,synth/AudioLDM2,fake_music_AudioLDM2_0097,generated_music::fake_music_generator_0097,,generated_music::fake_music_generator_0097,none,,,,,,,none,val_b,val_b,val_b,1,0,1,0,1,0.9277807320807722,0.9277807320807722,,False,True,4.80275,0.7326701283454895,0.9998112320899964,0.7202461957931519,0.9997976422309875,0.541105329990387,0.9998766183853148,0.0098451562225818,0.0334724374115467,unknown,0.9818545185637304,0.7912033094660743,0.9998112320899964,0.14266019966453308,0.2750734826549887,,,,,,,,,,,absent,unknown,clean_or_unknown,with_music,Udio-like,AudioLDM2,music_only,single_fake,none,not_partial_or_unknown,2-5,AudioLDM2,correct,not_scored,correct
data\raw\ajaykarthick_wavefake-audio\wavefake_ajay_LJ029-0133.wav,1,1,0,1,0,wavefake_57bf80,WF5,wavefake_ajay,wavefake_ajay,ajaykarthick/wavefake-audio,wavefake_ajay_LJ029-0133,wavefake::LJ029-0133,wavefake::LJ029-0133,,none,,,,,,,none,val_b,val_b,val_b,1,1,0,1,0,0.99920975983405,0.99920975983405,,False,True,7.6161875,0.7918573617935181,0.5261096954345703,0.7952513098716736,0.5399717092514038,0.9796827435493468,0.0944276452064514,0.8060640692710876,0.0310573671013116,unknown,0.8013575468422457,0.8540630812056775,0.5261096954345703,0.8494687378406525,0.04689993662759655,,,,,,,,,,,TTS_or_unknown,unknown,clean_or_unknown,voice_only,absent,WF5,voice_only,single_fake,none,not_partial_or_unknown,5-10,WF5,correct,correct,not_scored
MIX::data\raw\openslr_librispeech_asr\librispeech_dev_6295-244435-0030.flac|data/raw/gtzan_unique_v2/classical.00001.wav,0,0,0,1,1,mix::6295::gtzan_1_classical.00001,mix::LibriSpeech::GTZAN_genre_1,split_internal_mix,mix,generated_after_split,mix::librispeech_dev_6295-244435-0030::gtzan_v2_classical.00001::00::12,mix::libri::6295::gtzan::gtzan_v2_classical.00001,libri::6295,gtzan::gtzan_v2_classical.00001,music_then_voice,10.0,0.1,0.0,0.05,-6.0,-3.0,none,val_b,val_b,val_b,0,0,0,1,1,0.0068804026026421,0.0068804026026421,,False,True,35.558375,0.7330111861228943,0.1291519403457641,0.6959147453308105,0.1252550780773162,0.8529046177864075,0.7091613411903381,0.2814408838748932,0.4497160911560058,unknown,0.2653614177998754,0.5151719510668187,0.1291519403457641,0.42430681735277176,0.5145774036645889,,,,,,,,,,,real_speech,unknown,clean_or_unknown,with_music,real_music,GTZAN_genre_1,voice+music,RR,music_then_voice,not_partial_or_unknown,>20,GTZAN_genre_1,correct,correct,correct
data\raw\openslr_librispeech_asr\librispeech_dev_1272-141231-0010.flac,0,0,0,1,0,1272,LibriSpeech,librispeech_dev,librispeech_dev,openslr/librispeech_asr,librispeech_dev_1272-141231-0010,libri::1272,libri::1272,,none,,,,,,,none,val_b,val_b,val_b,0,0,0,1,0,0.0090873427954118,0.0090873427954118,,False,True,10.76,0.7725721597671509,0.2604100704193115,0.771370530128479,0.255090057849884,0.9682269096374512,0.1587946265935897,0.8137370347976685,0.0169762372970581,unknown,0.3463294655368656,0.5435267146756292,0.2604100704193115,0.8523595035076141,0.052430834621191,,,,,,,,,,,real_speech,unknown,clean_or_unknown,voice_only,absent,LibriSpeech,voice_only,single_real,none,not_partial_or_unknown,10-20,LibriSpeech,correct,correct,not_scored
MIX::data\raw\ajaykarthick_wavefake-audio\wavefake_ajay_LJ050-0250.wav|data/raw/gtzan_unique_v2/hiphop.00052.wav,1,1,0,1,1,mix::wavefake_d533f6::gtzan_4_hiphop.00052,mix::WF7::GTZAN_genre_4,split_internal_mix,mix,generated_after_split,mix::wavefake_ajay_LJ050-0250::gtzan_v2_hiphop.00052::10::10,mix::wavefake::LJ050-0250::gtzan::gtzan_v2_hiphop.00052,wavefake::LJ050-0250,gtzan::gtzan_v2_hiphop.00052,music_then_voice,5.0,0.75,0.0,0.5,3.0,3.0,none,val_b,val_b,val_b,1,1,0,1,1,0.9991882970748164,0.9991882970748164,,False,True,37.4089375,0.7921060919761658,0.2713327407836914,0.7710313200950623,0.2785581350326538,0.8871535658836365,0.6902088522911072,0.3504564762115478,0.4867180585861206,unknown,0.6894248959105804,0.8542307535057609,0.2713327407836914,0.48463074862956995,0.5375907570123672,,,,,,,,,,,TTS_or_unknown,unknown,clean_or_unknown,with_music,real_music,GTZAN_genre_4,voice+music,FR,music_then_voice,not_partial_or_unknown,>20,GTZAN_genre_4,correct,correct,correct
data/raw/gtzan_unique_v2/rock.00042.wav,0,0,0,0,1,gtzan_9_rock.00042,GTZAN_genre_9,gtzan_real_v2,gtzan_real,sanchit-gandhi/gtzan,gtzan_v2_rock.00042,gtzan::gtzan_v2_rock.00042,,gtzan::gtzan_v2_rock.00042,none,,,,,,,none,val_b,val_b,val_b,0,0,0,0,1,0.5613677616383219,0.5613677616383219,,False,True,30.013375,0.7081747651100159,8.83071988937445e-05,0.6793868541717529,8.393408643314615e-05,0.4238161742687225,0.9997892379760742,0.0208457242697477,0.8114206194877625,unknown,0.3894342870315468,0.6641326640685077,8.83071988937445e-05,0.12158833676949139,0.8585127741098404,,,,,,,,,,,absent,unknown,clean_or_unknown,with_music,real_music,GTZAN_genre_9,music_only,single_real,none,not_partial_or_unknown,>20,GTZAN_genre_9,correct,not_scored,correct
data\raw\fake_music_generated\fake_music_AudioLDM2_0185.wav,1,0,1,0,1,fake_music_AudioLDM2_18,AudioLDM2,fake_music_generated,fake_music_generated,synth/AudioLDM2,fake_music_AudioLDM2_0185,generated_music::fake_music_generator_0185,,generated_music::fake_music_generator_0185,none,,,,,,,none,val_b,val_b,val_b,1,0,1,0,1,0.9402954013066313,0.9402954013066313,,False,True,5.122875,0.73238605260849,0.9994020462036132,0.7190119624137878,0.999380350112915,0.5496149659156799,0.999380588531494,0.01390266045928,0.0092836702242493,unknown,0.984795459848813,0.7947588572179323,0.9994020462036132,0.14783073682338,0.2568078998010605,,,,,,,,,,,absent,unknown,clean_or_unknown,with_music,Udio-like,AudioLDM2,music_only,single_fake,none,not_partial_or_unknown,5-10,AudioLDM2,correct,not_scored,correct
MIX::data\raw\Bisher_ASVspoof_2019_LA\asvspoof2019_LA_T_2265802.flac|data\raw\fake_music_generated\fake_music_AudioLDM2_0153.wav,1,1,1,1,1,mix::LA_0094::fake_music_AudioLDM2_15,mix::A01::AudioLDM2,split_internal_mix,mix,generated_after_split,mix::asvspoof2019_LA_T_2265802::fake_music_AudioLDM2_0153::11::8,mix::asvspoof::LA_0094::generated_music::fake_music_generator_0153,asvspoof::LA_0094,generated_music::fake_music_generator_0153,voice_then_music,5.0,0.5,1.0,0.5,-3.0,0.0,none,val_b,val_b,val_b,1,1,1,1,1,0.9947830131334336,0.9947830131334336,,False,True,7.81775,0.6924313902854919,0.9783065915107728,0.7038341760635376,0.9782736897468568,0.9403980374336244,0.8859153985977173,0.4369219541549682,0.0393599532544612,unknown,0.9887841993220094,0.7831368771398743,0.9783065915107728,0.5627909749746323,0.25099881459027523,,,,,,,,,,,TTS_or_unknown,unknown,clean_or_unknown,with_music,Udio-like,AudioLDM2,voice+music,FF,voice_then_music,not_partial_or_unknown,5-10,AudioLDM2,correct,correct,correct
MIX::data\raw\openslr_librispeech_asr\librispeech_dev_3000-15664-0037.flac|data/raw/gtzan_unique_v2/jazz.00019.wav,0,0,0,1,1,mix::3000::gtzan_5_jazz.00019,mix::LibriSpeech::GTZAN_genre_5,split_internal_mix,mix,generated_after_split,mix::librispeech_dev_3000-15664-0037::gtzan_v2_jazz.00019::00::14,mix::libri::3000::gtzan::gtzan_v2_jazz.00019,libri::3000,gtzan::gtzan_v2_jazz.00019,crossfade,-15.0,0.5,0.5,0.25,0.0,3.0,none,val_b,val_b,val_b,0,0,0,1,1,0.3773433505760359,0.3773433505760359,,False,True,39.833375,0.7199710011482239,2.436844170006225e-06,0.7000094056129456,2.326456979062641e-06,0.5367695689201355,0.9999980926513672,0.1829937547445297,0.6621851921081543,unknown,0.3257805746313731,0.6171827059765674,2.436844170006225e-06,0.27143770828843117,0.7466384172439575,,,,,,,,,,,real_speech,unknown,clean_or_unknown,with_music,real_music,GTZAN_genre_5,voice+music,RR,crossfade,partial_or_crossfade,>20,GTZAN_genre_5,correct,correct,correct
data\raw\ajaykarthick_wavefake-audio\wavefake_ajay_LJ020-0062.wav,1,1,0,1,0,wavefake_c38f2a,WF5,wavefake_ajay,wavefake_ajay,ajaykarthick/wavefake-audio,wavefake_ajay_LJ020-0062,wavefake::LJ020-0062,wavefake::LJ020-0062,,none,,,,,,,none,val_b,val_b,val_b,1,1,0,1,0,0.999581063876434,0.999581063876434,,False,True,9.7291875,0.7915745973587036,0.6005114316940308,0.7953341603279114,0.614629864692688,0.9737707376480104,0.1543114483356475,0.8221317529678345,0.0322311408817768,unknown,0.8335059512110536,0.8539765373140227,0.6005114316940308,0.8600414991378784,0.06275121774524448,,,,,,,,,,,TTS_or_unknown,unknown,clean_or_unknown,voice_only,absent,WF5,voice_only,single_fake,none,not_partial_or_unknown,5-10,WF5,correct,correct,not_scored
data\raw\Bisher_ASVspoof_2019_LA\asvspoof2019_LA_T_9850135.flac,1,1,0,1,0,LA_0086,A01,asvspoof2019,asvspoof2019,Bisher/ASVspoof_2019_LA,asvspoof2019_LA_T_9850135,asvspoof::LA_0086,asvspoof::LA_0086,,none,,,,,,,none,val_b,val_b,val_b,1,1,0,1,0,0.9998003186610604,0.9998003186610604,,False,True,3.417375,0.7812884449958801,0.5351578593254089,0.7904680967330933,0.547473669052124,0.9797765612602234,0.038929097354412,0.8478035926818848,0.0115958759561181,unknown,0.8035548470786185,0.8468420070954342,0.5351578593254089,0.8807968348264694,0.018429181305691576,,,,,,,,,,,TTS_or_unknown,unknown,clean_or_unknown,voice_only,absent,A01,voice_only,single_fake,none,not_partial_or_unknown,2-5,A01,correct,correct,not_scored
MIX::data\raw\Bisher_ASVspoof_2019_LA\asvspoof2019_LA_T_6963013.flac|data\raw\fake_music_generated\fake_music_MusicGen_0064.wav,1,0,1,1,1,mix::LA_0094::fake_music_MusicGen_6,mix::bonafide::MusicGen,split_internal_mix,mix,generated_after_split,mix::asvspoof2019_LA_T_6963013::fake_music_MusicGen_0064::01::16,mix::asvspoof::LA_0094::generated_music::fake_music_generator_0064,asvspoof::LA_0094,generated_music::fake_music_generator_0064,music_then_voice,5.0,0.25,0.1,0.25,-6.0,0.0,none,val_b,val_b,val_b,1,0,1,1,1,0.0400148011421398,0.0400148011421398,,False,True,8.8853125,0.7790407538414001,0.5222417116165161,0.7628026008605957,0.5182763934135437,0.9794410467147828,0.3402649760246277,0.5952242016792297,0.0653118789196014,unknown,0.5000494064967355,0.557332968031622,0.5222417116165161,0.691278412938118,0.13405015319585797,,,,,,,,,,,real_speech,unknown,clean_or_unknown,with_music,MusicGen,MusicGen,voice+music,RF,music_then_voice,not_partial_or_unknown,5-10,MusicGen,correct,correct,correct
data\raw\fake_music_generated\fake_music_AudioLDM2_0145.wav,1,0,1,0,1,fake_music_AudioLDM2_14,AudioLDM2,fake_music_generated,fake_music_generated,synth/AudioLDM2,fake_music_AudioLDM2_0145,generated_music::fake_music_generator_0145,,generated_music::fake_music_generator_0145,none,,,,,,,none,val_b,val_b,val_b,1,0,1,0,1,0.9250018437604858,0.9250018437604858,,False,True,5.56775,0.7484016418457031,0.9999743700027466,0.738715410232544,0.9999717473983764,0.6048340797424316,0.9999874830245972,0.0202409327030181,0.0197904873639345,unknown,0.9812379572446046,0.8013817024201378,0.9999743700027466,0.1663892194628715,0.2648397362791002,,,,,,,,,,,absent,unknown,clean_or_unknown,with_music,Udio-like,AudioLDM2,music_only,single_fake,none,not_partial_or_unknown,5-10,AudioLDM2,correct,not_scored,correct
data/raw/gtzan_unique_v2/disco.00059.wav,0,0,0,0,1,gtzan_3_disco.00059,GTZAN_genre_3,gtzan_real_v2,gtzan_real,sanchit-gandhi/gtzan,gtzan_v2_disco.00059,gtzan::gtzan_v2_disco.00059,,gtzan::gtzan_v2_disco.00059,none,,,,,,,none,val_b,val_b,val_b,0,0,0,0,1,0.5273184742475542,0.5273184742475542,,False,True,30.0001875,0.686425507068634,0.0001097156127798,0.6705714464187622,0.0001046547913574,0.4981773793697357,0.9997344017028807,0.022194730117917,0.7827662825584412,unknown,0.3713937534327608,0.6386933972223101,0.0001097156127798,0.14119039243087167,0.8370083123445511,,,,,,,,,,,absent,unknown,clean_or_unknown,with_music,real_music,GTZAN_genre_3,music_only,single_real,none,not_partial_or_unknown,>20,GTZAN_genre_3,correct,not_scored,correct
data/raw/gtzan_unique_v2/country.00023.wav,0,0,0,0,1,gtzan_2_country.00023,GTZAN_genre_2,gtzan_real_v2,gtzan_real,sanchit-gandhi/gtzan,gtzan_v2_country.00023,gtzan::gtzan_v2_country.00023,,gtzan::gtzan_v2_country.00023,none,,,,,,,none,val_b,val_b,val_b,0,0,0,0,1,0.0908443616237216,0.0908443616237216,,False,True,30.013375,0.6901732683181763,1.3570715964306146e-05,0.6776934862136841,1.3203303751652127e-05,0.8057369589805603,0.9999878406524658,0.0302127879112958,0.8263542056083679,unknown,0.2141090069737581,0.5103745963098398,1.3570715964306146e-05,0.22409383067861194,0.8697626143693924,,,,,,,,,,,absent,unknown,clean_or_unknown,with_music,real_music,GTZAN_genre_2,music_only,single_real,none,not_partial_or_unknown,>20,GTZAN_genre_2,correct,not_scored,correct
MIX::data\raw\openslr_librispeech_asr\librispeech_dev_777-126732-0045.flac|data\raw\fake_music_generated\fake_music_AudioLDM2_0075.wav,1,0,1,1,1,mix::777::fake_music_AudioLDM2_7,mix::LibriSpeech::AudioLDM2,split_internal_mix,mix,generated_after_split,mix::librispeech_dev_777-126732-0045::fake_music_AudioLDM2_0075::01::11,mix::libri::777::generated_music::fake_music_generator_0075,libri::777,generated_music::fake_music_generator_0075,music_then_voice,15.0,0.1,0.0,0.1,3.0,-3.0,none,val_b,val_b,val_b,1,0,1,1,1,0.0235177021094836,0.0235177021094836,,False,True,16.8218125,0.7740786671638489,0.1189062297344207,0.7554492950439453,0.1166408732533454,0.97743821144104,0.4339494109153747,0.8306185007095337,0.0269680209457874,unknown,0.2755751569650482,0.5489103776475392,0.1189062297344207,0.8673234283924103,0.12871336843818423,,,,,,,,,,,real_speech,unknown,clean_or_unknown,with_music,Udio-like,AudioLDM2,voice+music,RF,music_then_voice,not_partial_or_unknown,10-20,AudioLDM2,FN,correct,FN
data/raw/gtzan_unique_v2/classical.00031.wav,0,0,0,0,1,gtzan_1_classical.00031,GTZAN_genre_1,gtzan_real_v2,gtzan_real,sanchit-gandhi/gtzan,gtzan_v2_classical.00031,gtzan::gtzan_v2_classical.00031,,gtzan::gtzan_v2_classical.00031,none,,,,,,,none,val_b,val_b,val_b,0,0,0,0,1,0.1515363501976026,0.1515363501976026,,False,True,30.013375,0.6393507719039917,0.0001781543396646,0.6441928148269653,0.0001742152526276,0.8460386395454407,0.9996647834777832,0.0175236091017723,0.5811756253242493,unknown,0.22286070645438988,0.49300644539207494,0.0001781543396646,0.2246523667126894,0.6857979148626328,,,,,,,,,,,absent,unknown,clean_or_unknown,with_music,real_music,GTZAN_genre_1,music_only,single_real,none,not_partial_or_unknown,>20,GTZAN_genre_1,correct,not_scored,correct
data/raw/gtzan_unique_v2/rock.00097.wav,0,0,0,0,1,gtzan_9_rock.00097,GTZAN_genre_9,gtzan_real_v2,gtzan_real,sanchit-gandhi/gtzan,gtzan_v2_rock.00097,gtzan::gtzan_v2_rock.00097,,gtzan::gtzan_v2_rock.00097,none,,,,,,,none,val_b,val_b,val_b,0,0,0,0,1,0.5174263140256022,0.5174263140256022,,False,True,30.013375,0.6954556107521057,3.998700776719488e-06,0.6747338771820068,3.7949685065541416e-06,0.4478410184383392,0.99999338388443,0.0220270510762929,0.7961997985839844,unknown,0.37012609652526796,0.6420468217341546,3.998700776719488e-06,0.12848054291680447,0.8471481949090958,,,,,,,,,,,absent,unknown,clean_or_unknown,with_music,real_music,GTZAN_genre_9,music_only,single_real,none,not_partial_or_unknown,>20,GTZAN_genre_9,correct,not_scored,correct
MIX::data\raw\Bisher_ASVspoof_2019_LA\asvspoof2019_LA_T_4334140.flac|data/raw/gtzan_unique_v2/hiphop.00032.wav,0,0,0,1,1,mix::LA_0086::gtzan_4_hiphop.00032,mix::bonafide::GTZAN_genre_4,split_internal_mix,mix,generated_after_split,mix::asvspoof2019_LA_T_4334140::gtzan_v2_hiphop.00032::00::3,mix::asvspoof::LA_0086::gtzan::gtzan_v2_hiphop.00032,asvspoof::LA_0086,gtzan::gtzan_v2_hiphop.00032,partial_overlap,0.0,0.75,1.0,0.5,3.0,-6.0,none,val_b,val_b,val_b,0,0,0,1,1,0.1101323207144451,0.1101323207144451,,False,True,30.923375,0.6757619976997375,0.0162797067314386,0.6743528842926025,0.0157600156962871,0.7309365272521973,0.914315700531006,0.3145396709442138,0.8017674088478088,unknown,0.22623586597875445,0.5060730946041497,0.0162797067314386,0.41863888502120966,0.8299044817686081,,,,,,,,,,,real_speech,unknown,clean_or_unknown,with_music,real_music,GTZAN_genre_4,voice+music,RR,partial_overlap,partial_or_crossfade,>20,GTZAN_genre_4,correct,correct,correct
MIX::data\raw\openslr_librispeech_asr\librispeech_dev_3000-15664-0037.flac|data\raw\fake_music_generated\fake_music_AudioLDM2_0065.wav,1,0,1,1,1,mix::3000::fake_music_AudioLDM2_6,mix::LibriSpeech::AudioLDM2,split_internal_mix,mix,generated_after_split,mix::librispeech_dev_3000-15664-0037::fake_music_AudioLDM2_0065::01::19,mix::libri::3000::generated_music::fake_music_generator_0065,libri::3000,generated_music::fake_music_generator_0065,simultaneous,-15.0,0.1,0.0,0.1,3.0,-3.0,none,val_b,val_b,val_b,1,0,1,1,1,0.7948632407733052,0.7948632407733052,,False,True,10.07,0.7219617962837219,0.9975010752677916,0.7020143270492554,0.997488796710968,0.4572821855545044,0.9966601133346558,0.1084994301199913,0.0372516438364982,unknown,0.9475340549685752,0.7438322296305968,0.9975010752677916,0.19569511897861958,0.2771037612110376,,,,,,,,,,,real_speech,unknown,clean_or_unknown,with_music,Udio-like,AudioLDM2,voice+music,RF,simultaneous,not_partial_or_unknown,10-20,AudioLDM2,correct,FP,correct
MIX::data\raw\ajaykarthick_wavefake-audio\wavefake_ajay_LJ020-0089.wav|data\raw\fake_music_generated\fake_music_AudioLDM2_0101.wav,1,1,1,1,1,mix::wavefake_015a35::fake_music_AudioLDM2_10,mix::WF7::AudioLDM2,split_internal_mix,mix,generated_after_split,mix::wavefake_ajay_LJ020-0089::fake_music_AudioLDM2_0101::11::5,mix::wavefake::LJ020-0089::generated_music::fake_music_generator_0101,wavefake::LJ020-0089,generated_music::fake_music_generator_0101,partial_overlap,-10.0,0.75,0.0,0.05,0.0,3.0,none,val_b,val_b,val_b,1,1,1,1,1,0.882250649582591,0.882250649582591,,False,True,6.6981875,0.7338438630104065,0.999643325805664,0.7238258719444275,0.9996206760406494,0.5958096385002136,0.9997351765632628,0.4597967863082886,0.0580820403993129,unknown,0.9703907717242346,0.7783658989820619,0.999643325805664,0.49379999935626984,0.29349532444030035,,,,,,,,,,,TTS_or_unknown,unknown,clean_or_unknown,with_music,Udio-like,AudioLDM2,voice+music,FF,partial_overlap,partial_or_crossfade,5-10,AudioLDM2,correct,correct,correct
MIX::data\raw\ajaykarthick_wavefake-audio\wavefake_ajay_LJ020-0034.wav|data/raw/gtzan_unique_v2/reggae.00021.wav,1,1,0,1,1,mix::wavefake_d70d2d::gtzan_8_reggae.00021,mix::WF7::GTZAN_genre_8,split_internal_mix,mix,generated_after_split,mix::wavefake_ajay_LJ020-0034::gtzan_v2_reggae.00021::10::11,mix::wavefake::LJ020-0034::gtzan::gtzan_v2_reggae.00021,wavefake::LJ020-0034,gtzan::gtzan_v2_reggae.00021,partial_overlap,10.0,0.1,0.1,0.05,-6.0,-6.0,none,val_b,val_b,val_b,1,1,0,1,1,0.8487641149454608,0.8487641149454608,,False,True,32.427125,0.7208817005157471,0.0047142053954303,0.7119975686073303,0.0047886776737868,0.8925106525421143,0.9944044947624208,0.2692384421825409,0.8360883593559265,unknown,0.49912980285689557,0.7592464248446611,0.0047142053954303,0.42505649477243423,0.87566739320755,,,,,,,,,,,TTS_or_unknown,unknown,clean_or_unknown,with_music,real_music,GTZAN_genre_8,voice+music,FR,partial_overlap,partial_or_crossfade,>20,GTZAN_genre_8,correct,correct,correct
data\raw\Bisher_ASVspoof_2019_LA\asvspoof2019_LA_T_6963013.flac,0,0,0,1,0,LA_0094,bonafide,asvspoof2019,asvspoof2019,Bisher/ASVspoof_2019_LA,asvspoof2019_LA_T_6963013,asvspoof::LA_0094,asvspoof::LA_0094,,none,,,,,,,none,val_b,val_b,val_b,0,0,0,1,0,0.0406867973596361,0.0406867973596361,,False,True,4.05025,0.7646232843399048,0.2545411288738251,0.7704892158508301,0.2488255798816681,0.9606677889823914,0.1298930794000625,0.7467198371887207,0.0284637566655874,unknown,0.3519701204264961,0.5474423382458242,0.2545411288738251,0.8002068251371384,0.05382108734920618,,,,,,,,,,,real_speech,unknown,clean_or_unknown,voice_only,absent,bonafide,voice_only,single_real,none,not_partial_or_unknown,2-5,bonafide,correct,correct,not_scored
MIX::data\raw\openslr_librispeech_asr\librispeech_dev_1993-147149-0028.flac|data/raw/gtzan_unique_v2/reggae.00021.wav,0,0,0,1,1,mix::1993::gtzan_8_reggae.00021,mix::LibriSpeech::GTZAN_genre_8,split_internal_mix,mix,generated_after_split,mix::librispeech_dev_1993-147149-0028::gtzan_v2_reggae.00021::00::11,mix::libri::1993::gtzan::gtzan_v2_reggae.00021,libri::1993,gtzan::gtzan_v2_reggae.00021,voice_then_music,5.0,0.75,1.0,0.5,3.0,-6.0,none,val_b,val_b,val_b,0,0,0,1,1,0.0253381231639255,0.0253381231639255,,False,True,41.183375,0.7284465432167053,0.2402115166187286,0.7061816453933716,0.2413657456636428,0.9460787177085876,0.8218874931335449,0.2678650915622711,0.5817201733589172,unknown,0.33437645049347037,0.5175140172008714,0.2402115166187286,0.43741849809885025,0.6417620033025742,,,,,,,,,,,real_speech,unknown,clean_or_unknown,with_music,real_music,GTZAN_genre_8,voice+music,RR,voice_then_music,not_partial_or_unknown,>20,GTZAN_genre_8,correct,correct,correct
data\raw\openslr_librispeech_asr\librispeech_dev_3170-137482-0044.flac,0,0,0,1,0,3170,LibriSpeech,librispeech_dev,librispeech_dev,openslr/librispeech_asr,librispeech_dev_3170-137482-0044,libri::3170,libri::3170,,none,,,,,,,none,val_b,val_b,val_b,0,0,0,1,0,0.0047907875141424,0.0047907875141424,,False,True,16.705,0.7619006037712097,0.4106363654136657,0.7635101675987244,0.4153623580932617,0.9619430303573608,0.1234463602304458,0.8300207257270813,0.0350087098777294,unknown,0.42913694735802554,0.5347676588940895,0.4106363654136657,0.8630013018846512,0.0571181224659085,,,,,,,,,,,real_speech,unknown,clean_or_unknown,voice_only,absent,LibriSpeech,voice_only,single_real,none,not_partial_or_unknown,10-20,LibriSpeech,correct,correct,not_scored
MIX::data\raw\openslr_librispeech_asr\librispeech_dev_2035-152373-0007.flac|data/raw/gtzan_unique_v2/disco.00023.wav,0,0,0,1,1,mix::2035::gtzan_3_disco.00023,mix::LibriSpeech::GTZAN_genre_3,split_internal_mix,mix,generated_after_split,mix::librispeech_dev_2035-152373-0007::gtzan_v2_disco.00023::00::4,mix::libri::2035::gtzan::gtzan_v2_disco.00023,libri::2035,gtzan::gtzan_v2_disco.00023,crossfade,5.0,0.1,0.0,0.05,-6.0,-3.0,none,val_b,val_b,val_b,0,0,0,1,1,0.0092414765432182,0.0092414765432182,,False,True,42.903375,0.7563117742538452,0.2912025451660156,0.7596998810768127,0.2949436902999878,0.9485127329826356,0.6206339001655579,0.5072269439697266,0.4739984273910522,unknown,0.36357098355016554,0.532190684940657,0.2912025451660156,0.6175483912229538,0.5106572955846786,,,,,,,,,,,real_speech,unknown,clean_or_unknown,with_music,real_music,GTZAN_genre_3,voice+music,RR,crossfade,partial_or_crossfade,>20,GTZAN_genre_3,correct,correct,correct
data/raw/gtzan_unique_v2/disco.00086.wav,0,0,0,0,1,gtzan_3_disco.00086,GTZAN_genre_3,gtzan_real_v2,gtzan_real,sanchit-gandhi/gtzan,gtzan_v2_disco.00086,gtzan::gtzan_v2_disco.00086,,gtzan::gtzan_v2_disco.00086,none,,,,,,,none,val_b,val_b,val_b,0,0,0,0,1,0.2877775279118131,0.2877775279118131,,False,True,30.0001875,0.7303524613380432,1.6673386653565103e-06,0.7021569609642029,1.5594303022226086e-06,0.3684983551502228,0.9999957084655762,0.0306802298873662,0.875497043132782,unknown,0.2960377113695532,0.5975799813101741,1.6673386653565103e-06,0.11513476120308035,0.9066217094659805,,,,,,,,,,,absent,unknown,clean_or_unknown,with_music,real_music,GTZAN_genre_3,music_only,single_real,none,not_partial_or_unknown,>20,GTZAN_genre_3,correct,not_scored,correct
data\raw\ajaykarthick_wavefake-audio\wavefake_ajay_LJ008-0287.wav,1,1,0,1,0,wavefake_fa719a,WF7,wavefake_ajay,wavefake_ajay,ajaykarthick/wavefake-audio,wavefake_ajay_LJ008-0287,wavefake::LJ008-0287,wavefake::LJ008-0287,,none,,,,,,,none,val_b,val_b,val_b,1,1,0,1,0,0.9972294132237796,0.9972294132237796,,False,True,3.6339375,0.8034815788269043,0.471463531255722,0.8085712194442749,0.4788448512554168,0.9912430047988892,0.0838672891259193,0.8527632355690002,0.0150315202772617,unknown,0.7764443049626002,0.8616059291459668,0.471463531255722,0.8873831778764725,0.0322404624894261,,,,,,,,,,,TTS_or_unknown,unknown,clean_or_unknown,voice_only,absent,WF7,voice_only,single_fake,none,not_partial_or_unknown,2-5,WF7,correct,correct,not_scored
data\raw\openslr_librispeech_asr\librispeech_dev_1919-142785-0044.flac,0,0,0,1,0,1919,LibriSpeech,librispeech_dev,librispeech_dev,openslr/librispeech_asr,librispeech_dev_1919-142785-0044,libri::1919,libri::1919,,none,,,,,,,none,val_b,val_b,val_b,0,0,0,1,0,0.0230325664927353,0.0230325664927353,,False,True,5.77,0.7339754104614258,0.5540784597396851,0.7350924611091614,0.5657825469970703,0.9190186858177184,0.130473643541336,0.8478822112083435,0.0284904036670923,unknown,0.5127765293270742,0.5206925572708185,0.5540784597396851,0.8656663298606873,0.05398621363565323,,,,,,,,,,,real_speech,unknown,clean_or_unknown,voice_only,absent,LibriSpeech,voice_only,single_real,none,not_partial_or_unknown,5-10,LibriSpeech,FP,correct,not_scored
MIX::data\raw\ajaykarthick_wavefake-audio\wavefake_ajay_LJ019-0381.wav|data\raw\fake_music_generated\fake_music_MusicGen_0212.wav,1,1,1,1,1,mix::wavefake_43eee2::fake_music_MusicGen_21,mix::WF7::MusicGen,split_internal_mix,mix,generated_after_split,mix::wavefake_ajay_LJ019-0381::fake_music_MusicGen_0212::11::4,mix::wavefake::LJ019-0381::generated_music::fake_music_generator_0212,wavefake::LJ019-0381,generated_music::fake_music_generator_0212,music_then_voice,-15.0,0.5,1.0,0.5,-3.0,0.0,none,val_b,val_b,val_b,1,1,1,1,1,0.889059018007246,0.889059018007246,,False,True,13.194,0.7388030290603638,0.9986482262611388,0.7286369204521179,0.9986464977264404,0.7725170254707336,0.9970968961715698,0.164097860455513,0.0298883616924285,unknown,0.9716476365582278,0.7838798257444284,0.9986482262611388,0.31620265170931816,0.27169049531221384,,,,,,,,,,,TTS_or_unknown,unknown,clean_or_unknown,with_music,MusicGen,MusicGen,voice+music,FF,music_then_voice,not_partial_or_unknown,10-20,MusicGen,correct,correct,correct
data\raw\Bisher_ASVspoof_2019_LA\asvspoof2019_LA_T_5520907.flac,0,0,0,1,0,LA_0086,bonafide,asvspoof2019,asvspoof2019,Bisher/ASVspoof_2019_LA,asvspoof2019_LA_T_5520907,asvspoof::LA_0086,asvspoof::LA_0086,,none,,,,,,,none,val_b,val_b,val_b,0,0,0,1,0,0.1299652711161259,0.1299652711161259,,False,True,2.5154375,0.6896411776542664,0.4326769709587097,0.7113121151924133,0.4237721562385559,0.9816249012947084,0.0552994012832641,0.7453632950782776,0.0262985154986381,unknown,0.464657570234816,0.5217384056928243,0.4326769709587097,0.8044286966323853,0.0335487369447946,,,,,,,,,,,real_speech,unknown,clean_or_unknown,voice_only,absent,bonafide,voice_only,single_real,none,not_partial_or_unknown,2-5,bonafide,correct,correct,not_scored
data\raw\fake_music_generated\fake_music_AudioLDM2_0261.wav,1,0,1,0,1,fake_music_AudioLDM2_26,AudioLDM2,fake_music_generated,fake_music_generated,synth/AudioLDM2,fake_music_AudioLDM2_0261,generated_music::fake_music_generator_0261,,generated_music::fake_music_generator_0261,none,,,,,,,none,val_b,val_b,val_b,1,0,1,0,1,0.9026348535863354,0.9026348535863354,,False,True,5.4921875,0.7287853360176086,0.999876856803894,0.7192923426628113,0.9998668432235718,0.5964708924293518,0.999930500984192,0.0109600434079766,0.0292420424520969,unknown,0.9755986637085546,0.7809401912882266,0.999876856803894,0.1573377556633204,0.2719141570851207,,,,,,,,,,,absent,unknown,clean_or_unknown,with_music,Udio-like,AudioLDM2,music_only,single_fake,none,not_partial_or_unknown,5-10,AudioLDM2,correct,not_scored,correct
data\raw\fake_music_generated\fake_music_AudioLDM2_0215.wav,1,0,1,0,1,fake_music_AudioLDM2_21,AudioLDM2,fake_music_generated,fake_music_generated,synth/AudioLDM2,fake_music_AudioLDM2_0215,generated_music::fake_music_generator_0215,,generated_music::fake_music_generator_0215,none,,,,,,,none,val_b,val_b,val_b,1,0,1,0,1,0.9290215986131044,0.9290215986131044,,False,True,4.90225,0.7351495027542114,0.999958872795105,0.7206441164016724,0.9999547004699708,0.5483309626579285,0.9999748468399048,0.0121862553060054,0.0066067967563867,unknown,0.9822352246287237,0.7933111315118793,0.999958872795105,0.14622243214398617,0.2549488092772662,,,,,,,,,,,absent,unknown,clean_or_unknown,with_music,Udio-like,AudioLDM2,music_only,single_fake,none,not_partial_or_unknown,2-5,AudioLDM2,correct,not_scored,correct
MIX::data\raw\openslr_librispeech_asr\librispeech_dev_3000-15664-0010.flac|data\raw\fake_music_generated\fake_music_AudioLDM2_0173.wav,1,0,1,1,1,mix::3000::fake_music_AudioLDM2_17,mix::LibriSpeech::AudioLDM2,split_internal_mix,mix,generated_after_split,mix::librispeech_dev_3000-15664-0010::fake_music_AudioLDM2_0173::01::13,mix::libri::3000::generated_music::fake_music_generator_0173,libri::3000,generated_music::fake_music_generator_0173,crossfade,-10.0,0.5,0.5,0.5,-3.0,3.0,none,val_b,val_b,val_b,1,0,1,1,1,0.9645505184652842,0.9645505184652842,,False,True,19.2475,0.7393145561218262,0.7458761930465698,0.7426421046257019,0.7449317574501038,0.8026800155639648,0.6765154600143433,0.3209736049175262,0.0199267640709877,unknown,0.8770839019032581,0.8068853448248636,0.7458761930465698,0.44140020757913584,0.1840739380568266,,,,,,,,,,,real_speech,unknown,clean_or_unknown,with_music,Udio-like,AudioLDM2,voice+music,RF,crossfade,partial_or_crossfade,10-20,AudioLDM2,correct,FP,correct
data\raw\fake_music_generated\fake_music_AudioLDM2_0179.wav,1,0,1,0,1,fake_music_AudioLDM2_17,AudioLDM2,fake_music_generated,fake_music_generated,synth/AudioLDM2,fake_music_AudioLDM2_0179,generated_music::fake_music_generator_0179,,generated_music::fake_music_generator_0179,none,,,,,,,none,val_b,val_b,val_b,1,0,1,0,1,0.9257602648792862,0.9257602648792862,,False,True,5.5590625,0.7317599058151245,0.9998631477355956,0.7179359793663025,0.9998518228530884,0.5310148000717163,0.9999035596847534,0.014545377343893,0.0379911623895168,unknown,0.9813737206218185,0.789960013534373,0.9998631477355956,0.14366273302584884,0.278469261713326,,,,,,,,,,,absent,unknown,clean_or_unknown,with_music,Udio-like,AudioLDM2,music_only,single_fake,none,not_partial_or_unknown,5-10,AudioLDM2,correct,not_scored,correct
MIX::data\raw\openslr_librispeech_asr\librispeech_dev_777-126732-0038.flac|data\raw\fake_music_generated\fake_music_MusicGen_0064.wav,1,0,1,1,1,mix::777::fake_music_MusicGen_6,mix::LibriSpeech::MusicGen,split_internal_mix,mix,generated_after_split,mix::librispeech_dev_777-126732-0038::fake_music_MusicGen_0064::01::6,mix::libri::777::generated_music::fake_music_generator_0064,libri::777,generated_music::fake_music_generator_0064,music_then_voice,-10.0,0.75,1.0,0.05,0.0,-6.0,none,val_b,val_b,val_b,1,0,1,1,1,0.8683110801178774,0.8683110801178774,,False,True,8.8350625,0.7279539108276367,0.999362587928772,0.7325354814529419,0.9993417263031006,0.8637174367904663,0.9994829893112184,0.015945104882121,0.041049338877201,unknown,0.9667759551975176,0.7700610616147089,0.999362587928772,0.22788818785920734,0.2806577514857053,,,,,,,,,,,real_speech,unknown,clean_or_unknown,with_music,MusicGen,MusicGen,voice+music,RF,music_then_voice,not_partial_or_unknown,5-10,MusicGen,correct,FP,correct
MIX::data\raw\ajaykarthick_wavefake-audio\wavefake_ajay_LJ028-0424.wav|data\raw\fake_music_generated\fake_music_AudioLDM2_0021.wav,1,1,1,1,1,mix::wavefake_843b5b::fake_music_AudioLDM2_2,mix::WF7::AudioLDM2,split_internal_mix,mix,generated_after_split,mix::wavefake_ajay_LJ028-0424::fake_music_AudioLDM2_0021::11::16,mix::wavefake::LJ028-0424::generated_music::fake_music_generator_0021,wavefake::LJ028-0424,generated_music::fake_music_generator_0021,crossfade,10.0,0.5,1.0,0.5,-3.0,0.0,none,val_b,val_b,val_b,1,1,1,1,1,0.8356300439974721,0.8356300439974721,,False,True,11.006375,0.7794377207756042,0.5096297264099121,0.7748129367828369,0.5185617208480835,0.9835128784179688,0.1730852723121643,0.8108636140823364,0.0336373262107372,unknown,0.7409091544174008,0.7962954177421646,0.5096297264099121,0.8540259301662445,0.06849931273609397,,,,,,,,,,,TTS_or_unknown,unknown,clean_or_unknown,with_music,Udio-like,AudioLDM2,voice+music,FF,crossfade,partial_or_crossfade,10-20,AudioLDM2,correct,correct,correct
MIX::data\raw\ajaykarthick_wavefake-audio\wavefake_ajay_LJ019-0394_WF7_1.wav|data/raw/gtzan_unique_v2/hiphop.00052.wav,1,1,0,1,1,mix::wavefake_76ddde::gtzan_4_hiphop.00052,mix::WF7::GTZAN_genre_4,split_internal_mix,mix,generated_after_split,mix::wavefake_ajay_LJ019-0394::gtzan_v2_hiphop.00052::10::8,mix::wavefake::LJ019-0394::gtzan::gtzan_v2_hiphop.00052,wavefake::LJ019-0394,gtzan::gtzan_v2_hiphop.00052,simultaneous,-5.0,0.25,0.5,0.1,-3.0,-3.0,none,val_b,val_b,val_b,1,1,0,1,1,0.4553469695147432,0.4553469695147432,,False,True,30.013375,0.7168554663658142,0.0009132829727604,0.7039021253585815,0.0008880925597622,0.7370035648345947,0.9973686337471008,0.1020215973258018,0.7794551849365234,unknown,0.353694711252014,0.6384029173104928,0.0009132829727604,0.260767089203,0.8339335471391678,,,,,,,,,,,TTS_or_unknown,unknown,clean_or_unknown,with_music,real_music,GTZAN_genre_4,voice+music,FR,simultaneous,not_partial_or_unknown,>20,GTZAN_genre_4,FN,FN,correct
MIX::data\raw\ajaykarthick_wavefake-audio\wavefake_ajay_LJ028-0385.wav|data\raw\fake_music_generated\fake_music_AudioLDM2_0255.wav,1,1,1,1,1,mix::wavefake_0d935e::fake_music_AudioLDM2_25,mix::WF7::AudioLDM2,split_internal_mix,mix,generated_after_split,mix::wavefake_ajay_LJ028-0385::fake_music_AudioLDM2_0255::11::17,mix::wavefake::LJ028-0385::generated_music::fake_music_generator_0255,wavefake::LJ028-0385,generated_music::fake_music_generator_0255,simultaneous,15.0,0.75,0.0,0.05,0.0,3.0,none,val_b,val_b,val_b,1,1,1,1,1,0.9981725572083122,0.9981725572083122,,False,True,5.735375,0.7427927851676941,0.918626308441162,0.7479848861694336,0.919499933719635,0.9426358938217164,0.8120497465133667,0.606645941734314,0.2810641825199127,unknown,0.9638447861495593,0.8194067167798795,0.918626308441162,0.6906434297561646,0.4138105735182762,,,,,,,,,,,TTS_or_unknown,unknown,clean_or_unknown,with_music,Udio-like,AudioLDM2,voice+music,FF,simultaneous,not_partial_or_unknown,5-10,AudioLDM2,correct,correct,correct
MIX::data\raw\openslr_librispeech_asr\librispeech_dev_1272-141231-0010.flac|data/raw/gtzan_unique_v2/disco.00059.wav,0,0,0,1,1,mix::1272::gtzan_3_disco.00059,mix::LibriSpeech::GTZAN_genre_3,split_internal_mix,mix,generated_after_split,mix::librispeech_dev_1272-141231-0010::gtzan_v2_disco.00059::00::19,mix::libri::1272::gtzan::gtzan_v2_disco.00059,libri::1272,gtzan::gtzan_v2_disco.00059,crossfade,10.0,0.75,1.0,0.5,3.0,-6.0,none,val_b,val_b,val_b,0,0,0,1,1,0.0089403754213346,0.0089403754213346,,False,True,40.2601875,0.7234990000724792,0.1148528009653091,0.7266265153884888,0.1115641742944717,0.8937690854072571,0.7263746857643127,0.5385729670524597,0.5366966128349304,unknown,0.2561375510296548,0.5091314126771358,0.1148528009653091,0.6273719966411591,0.584116131067276,,,,,,,,,,,real_speech,unknown,clean_or_unknown,with_music,real_music,GTZAN_genre_3,voice+music,RR,crossfade,partial_or_crossfade,>20,GTZAN_genre_3,correct,correct,correct
data/raw/gtzan_unique_v2/country.00069.wav,0,0,0,0,1,gtzan_2_country.00069,GTZAN_genre_2,gtzan_real_v2,gtzan_real,sanchit-gandhi/gtzan,gtzan_v2_country.00069,gtzan::gtzan_v2_country.00069,,gtzan::gtzan_v2_country.00069,none,,,,,,,none,val_b,val_b,val_b,0,0,0,0,1,0.0864100729435577,0.0864100729435577,,False,True,30.013375,0.6789765954017639,3.3481395433909706e-10,0.6609864830970764,3.0648092397278504e-10,0.5179862380027771,1.0,0.3130566775798797,0.8285033106803894,unknown,0.20955500791255915,0.501206638664302,1e-06,0.36428906768560404,0.871377483010292,,,,,,,,,,,absent,unknown,clean_or_unknown,with_music,real_music,GTZAN_genre_2,music_only,single_real,none,not_partial_or_unknown,>20,GTZAN_genre_2,correct,not_scored,correct
data/raw/gtzan_unique_v2/metal.00051.wav,0,0,0,0,1,gtzan_6_metal.00051,GTZAN_genre_6,gtzan_real_v2,gtzan_real,sanchit-gandhi/gtzan,gtzan_v2_metal.00051,gtzan::gtzan_v2_metal.00051,,gtzan::gtzan_v2_metal.00051,none,,,,,,,none,val_b,val_b,val_b,0,0,0,0,1,0.7419156564579487,0.7419156564579487,,False,True,30.013375,0.7753186225891113,5.836808441017638e-07,0.7415926456451416,5.398516123023001e-07,0.2743584215641022,0.9999990463256836,0.0154321752488613,0.826155424118042,unknown,0.47246581771170926,0.7652977327497625,1e-06,0.08016373682767151,0.8696163296699524,,,,,,,,,,,absent,unknown,clean_or_unknown,with_music,real_music,GTZAN_genre_6,music_only,single_real,none,not_partial_or_unknown,>20,GTZAN_genre_6,correct,not_scored,correct
data\raw\openslr_librispeech_asr\librispeech_dev_6241-61946-0004.flac,0,0,0,1,0,6241,LibriSpeech,librispeech_dev,librispeech_dev,openslr/librispeech_asr,librispeech_dev_6241-61946-0004,libri::6241,libri::6241,,none,,,,,,,none,val_b,val_b,val_b,0,0,0,1,0,0.0158458724167748,0.0158458724167748,,False,True,5.515,0.7930798530578613,0.4635288715362549,0.7921104431152344,0.4718985259532928,0.9704325199127196,0.0916966050863266,0.7979987859725952,0.0325152613222599,unknown,0.46738750461127815,0.5599096588655352,0.4635288715362549,0.8411072194576263,0.04731059726327658,,,,,,,,,,,real_speech,unknown,clean_or_unknown,voice_only,absent,LibriSpeech,voice_only,single_real,none,not_partial_or_unknown,5-10,LibriSpeech,correct,correct,not_scored
MIX::data\raw\ajaykarthick_wavefake-audio\wavefake_ajay_LJ019-0387.wav|data/raw/gtzan_unique_v2/rock.00099.wav,1,1,0,1,1,mix::wavefake_0cc0d1::gtzan_9_rock.00099,mix::WF7::GTZAN_genre_9,split_internal_mix,mix,generated_after_split,mix::wavefake_ajay_LJ019-0387::gtzan_v2_rock.00099::10::2,mix::wavefake::LJ019-0387::gtzan::gtzan_v2_rock.00099,wavefake::LJ019-0387,gtzan::gtzan_v2_rock.00099,crossfade,0.0,0.75,0.0,0.5,3.0,3.0,none,val_b,val_b,val_b,1,1,0,1,1,0.4928592586338013,0.4928592586338013,,False,True,35.6435,0.793718695640564,0.2580541670322418,0.7266030311584473,0.2649326622486114,0.6946935057640076,0.707650363445282,0.2938030362129211,0.5787087082862854,unknown,0.5150585720513688,0.7034608645385352,0.2580541670322418,0.3940256536006927,0.6109441220760345,,,,,,,,,,,TTS_or_unknown,unknown,clean_or_unknown,with_music,real_music,GTZAN_genre_9,voice+music,FR,crossfade,partial_or_crossfade,>20,GTZAN_genre_9,correct,correct,correct
MIX::data\raw\Bisher_ASVspoof_2019_LA\asvspoof2019_LA_T_5520907.flac|data\raw\fake_music_generated\fake_music_AudioLDM2_0097.wav,1,0,1,1,1,mix::LA_0086::fake_music_AudioLDM2_9,mix::bonafide::AudioLDM2,split_internal_mix,mix,generated_after_split,mix::asvspoof2019_LA_T_5520907::fake_music_AudioLDM2_0097::01::4,mix::asvspoof::LA_0086::generated_music::fake_music_generator_0097,asvspoof::LA_0086,generated_music::fake_music_generator_0097,simultaneous,15.0,0.25,0.1,0.25,-6.0,0.0,none,val_b,val_b,val_b,1,0,1,1,1,0.27530423779879,0.27530423779879,,False,True,4.80275,0.6794413924217224,0.99382084608078,0.6920146942138672,0.9938133955001832,0.9471559524536132,0.99517160654068,0.4214582145214081,0.2512384951114654,unknown,0.8154823520068071,0.5582002460348426,0.99382084608078,0.5528826490044594,0.4372217729687691,,,,,,,,,,,real_speech,unknown,clean_or_unknown,with_music,Udio-like,AudioLDM2,voice+music,RF,simultaneous,not_partial_or_unknown,2-5,AudioLDM2,correct,correct,correct
data\raw\openslr_librispeech_asr\librispeech_dev_2277-149874-0007.flac,0,0,0,1,0,2277,LibriSpeech,librispeech_dev,librispeech_dev,openslr/librispeech_asr,librispeech_dev_2277-149874-0007,libri::2277,libri::2277,,none,,,,,,,none,val_b,val_b,val_b,0,0,0,1,0,0.0069403008159018,0.0069403008159018,,False,True,4.4,0.7421100735664368,0.5632384419441223,0.7465866208076477,0.5730243921279907,0.9535325169563292,0.1016753613948822,0.84256911277771,0.0307746343314647,unknown,0.5132575067429702,0.5215591417412763,0.5632384419441223,0.8703099638223648,0.04849981609731908,,,,,,,,,,,real_speech,unknown,clean_or_unknown,voice_only,absent,LibriSpeech,voice_only,single_real,none,not_partial_or_unknown,2-5,LibriSpeech,FP,correct,not_scored
data\raw\ajaykarthick_wavefake-audio\wavefake_ajay_LJ002-0039.wav,1,1,0,1,0,wavefake_bc09c4,WF7,wavefake_ajay,wavefake_ajay,ajaykarthick/wavefake-audio,wavefake_ajay_LJ002-0039,wavefake::LJ002-0039,wavefake::LJ002-0039,,none,,,,,,,none,val_b,val_b,val_b,1,1,0,1,0,0.9962646827382284,0.9962646827382284,,False,True,5.0851875,0.7796492576599121,0.4159795045852661,0.7842746376991272,0.4193418323993683,0.980591595172882,0.123236559331417,0.7731858491897583,0.0311880595982074,unknown,0.7472929845796268,0.844633885183407,0.4159795045852661,0.8250372856855392,0.0542001845315098,,,,,,,,,,,TTS_or_unknown,unknown,clean_or_unknown,voice_only,absent,WF7,voice_only,single_fake,none,not_partial_or_unknown,5-10,WF7,correct,correct,not_scored
MIX::data\raw\ajaykarthick_wavefake-audio\wavefake_ajay_LJ043-0069.wav|data/raw/gtzan_unique_v2/jazz.00019.wav,1,1,0,1,1,mix::wavefake_1eabbc::gtzan_5_jazz.00019,mix::WF7::GTZAN_genre_5,split_internal_mix,mix,generated_after_split,mix::wavefake_ajay_LJ043-0069::gtzan_v2_jazz.00019::10::13,mix::wavefake::LJ043-0069::gtzan::gtzan_v2_jazz.00019,wavefake::LJ043-0069,gtzan::gtzan_v2_jazz.00019,simultaneous,-15.0,0.5,1.0,0.25,0.0,0.0,none,val_b,val_b,val_b,1,1,0,1,1,0.4382729026819558,0.4382729026819558,,False,True,30.013375,0.7148312330245972,8.6978826630002e-07,0.6917992234230042,8.144011758304259e-07,0.4134044647216797,0.9999998211860656,0.0767279341816902,0.679267406463623,unknown,0.34651755136683343,0.6318637339218047,1e-06,0.16089706681668758,0.7594505101442337,,,,,,,,,,,TTS_or_unknown,unknown,clean_or_unknown,with_music,real_music,GTZAN_genre_5,voice+music,FR,simultaneous,not_partial_or_unknown,>20,GTZAN_genre_5,FN,FN,correct
data\raw\ajaykarthick_wavefake-audio\wavefake_ajay_LJ043-0036.wav,0,0,0,1,0,wavefake_e3658a,R,wavefake_ajay,wavefake_ajay,ajaykarthick/wavefake-audio,wavefake_ajay_LJ043-0036,wavefake::LJ043-0036,wavefake::LJ043-0036,,none,,,,,,,none,val_b,val_b,val_b,0,0,0,1,0,0.914182595088264,0.914182595088264,,False,True,9.0745625,0.7802653908729553,0.5066986083984375,0.7854121327400208,0.5174505710601807,0.9801117181777954,0.1170144528150558,0.8089234232902527,0.0294603705406188,unknown,0.7643732658549753,0.820440552137548,0.5066986083984375,0.8517204970121384,0.05134889110922805,,,,,,,,,,,real_speech,unknown,clean_or_unknown,voice_only,absent,R,voice_only,single_real,none,not_partial_or_unknown,5-10,R,FP,FP,not_scored
data\raw\fake_music_generated\fake_music_AudioLDM2_0101.wav,1,0,1,0,1,fake_music_AudioLDM2_10,AudioLDM2,fake_music_generated,fake_music_generated,synth/AudioLDM2,fake_music_AudioLDM2_0101,generated_music::fake_music_generator_0101,,generated_music::fake_music_generator_0101,none,,,,,,,none,val_b,val_b,val_b,1,0,1,0,1,0.910645970419628,0.910645970419628,,False,True,5.3804375,0.734079897403717,0.9999662637710572,0.7235260009765625,0.9999629259109496,0.5911341905593872,0.9999830722808838,0.0156759321689605,0.0210141744464635,unknown,0.9776448957692295,0.7870497193084903,0.9999662637710572,0.15954049676656717,0.2657563989050686,,,,,,,,,,,absent,unknown,clean_or_unknown,with_music,Udio-like,AudioLDM2,music_only,single_fake,none,not_partial_or_unknown,5-10,AudioLDM2,correct,not_scored,correct
data\raw\openslr_librispeech_asr\librispeech_dev_1993-147964-0004.flac,0,0,0,1,0,1993,LibriSpeech,librispeech_dev,librispeech_dev,openslr/librispeech_asr,librispeech_dev_1993-147964-0004,libri::1993,libri::1993,,none,,,,,,,none,val_b,val_b,val_b,0,0,0,1,0,0.0245016806470746,0.0245016806470746,,False,True,7.3,0.7567139863967896,0.6041561365127563,0.7573170065879822,0.6181496381759644,0.9350811243057252,0.1492205560207367,0.782594621181488,0.0279282722622156,unknown,0.544210609493743,0.537050294671875,0.6041561365127563,0.8207162469625473,0.05825134320184587,,,,,,,,,,,real_speech,unknown,clean_or_unknown,voice_only,absent,LibriSpeech,voice_only,single_real,none,not_partial_or_unknown,5-10,LibriSpeech,FP,correct,not_scored
MIX::data\raw\Bisher_ASVspoof_2019_LA\asvspoof2019_LA_T_4334140.flac|data/raw/gtzan_unique_v2/pop.00096.wav,0,0,0,1,1,mix::LA_0086::gtzan_7_pop.00096,mix::bonafide::GTZAN_genre_7,split_internal_mix,mix,generated_after_split,mix::asvspoof2019_LA_T_4334140::gtzan_v2_pop.00096::00::7,mix::asvspoof::LA_0086::gtzan::gtzan_v2_pop.00096,asvspoof::LA_0086,gtzan::gtzan_v2_pop.00096,music_then_voice,-15.0,0.75,1.0,0.5,3.0,-6.0,none,val_b,val_b,val_b,0,0,0,1,1,0.719109174346266,0.719109174346266,,False,True,34.965625,0.7276220917701721,4.062401046667219e-07,0.6943697929382324,3.775994912302849e-07,0.3886319100856781,0.9999995231628418,0.0286167506128549,0.8332923054695129,unknown,0.45167805827311946,0.7250682165430002,1e-06,0.1186205404810607,0.8749691098928452,,,,,,,,,,,real_speech,unknown,clean_or_unknown,with_music,real_music,GTZAN_genre_7,voice+music,RR,music_then_voice,not_partial_or_unknown,>20,GTZAN_genre_7,correct,FP,correct
MIX::data\raw\ajaykarthick_wavefake-audio\wavefake_ajay_LJ008-0280.wav|data/raw/gtzan_unique_v2/jazz.00019.wav,1,1,0,1,1,mix::wavefake_8ba95c::gtzan_5_jazz.00019,mix::WF4::GTZAN_genre_5,split_internal_mix,mix,generated_after_split,mix::wavefake_ajay_LJ008-0280::gtzan_v2_jazz.00019::10::15,mix::wavefake::LJ008-0280::gtzan::gtzan_v2_jazz.00019,wavefake::LJ008-0280,gtzan::gtzan_v2_jazz.00019,music_then_voice,-5.0,0.1,0.1,0.05,-6.0,-6.0,none,val_b,val_b,val_b,1,1,0,1,1,0.4550846309317193,0.4550846309317193,,False,True,38.64675,0.6621641516685486,5.052980327491241e-07,0.6606040596961975,4.832461968362622e-07,0.6132339835166931,0.999999701976776,0.016539292410016,0.668844997882843,unknown,0.3387865255301355,0.6000402954474997,1e-06,0.16571296518668527,0.7516336739063263,,,,,,,,,,,TTS_or_unknown,unknown,clean_or_unknown,with_music,real_music,GTZAN_genre_5,voice+music,FR,music_then_voice,not_partial_or_unknown,>20,GTZAN_genre_5,FN,FN,correct
MIX::data\raw\ajaykarthick_wavefake-audio\wavefake_ajay_LJ020-0082.wav|data/raw/gtzan_unique_v2/reggae.00036.wav,1,1,0,1,1,mix::wavefake_c6bc85::gtzan_8_reggae.00036,mix::WF7::GTZAN_genre_8,split_internal_mix,mix,generated_after_split,mix::wavefake_ajay_LJ020-0082::gtzan_v2_reggae.00036::10::3,mix::wavefake::LJ020-0082::gtzan::gtzan_v2_reggae.00036,wavefake::LJ020-0082,gtzan::gtzan_v2_reggae.00036,simultaneous,5.0,0.1,0.1,0.05,-6.0,-6.0,none,val_b,val_b,val_b,1,1,0,1,1,0.9679381351747712,0.9679381351747712,,False,True,30.013375,0.7283948063850403,0.0016695078229531,0.7244218587875366,0.0016529776621609,0.9077415466308594,0.9963871836662292,0.5199106335639954,0.8079981207847595,unknown,0.5428261289841466,0.8002578050219595,0.0016695078229531,0.6168683618307114,0.855095386505127,,,,,,,,,,,TTS_or_unknown,unknown,clean_or_unknown,with_music,real_music,GTZAN_genre_8,voice+music,FR,simultaneous,not_partial_or_unknown,>20,GTZAN_genre_8,correct,correct,correct
data\raw\openslr_librispeech_asr\librispeech_dev_1919-142785-0047.flac,0,0,0,1,0,1919,LibriSpeech,librispeech_dev,librispeech_dev,openslr/librispeech_asr,librispeech_dev_1919-142785-0047,libri::1919,libri::1919,,none,,,,,,,none,val_b,val_b,val_b,0,0,0,1,0,0.021653357672806,0.021653357672806,,False,True,17.665,0.7385661005973816,0.521293044090271,0.733649730682373,0.5292140245437622,0.8956457376480103,0.1378596425056457,0.8062039613723755,0.0233462378382682,unknown,0.4933282631720624,0.5234922777200088,0.521293044090271,0.8285644054412842,0.05197458900511258,,,,,,,,,,,real_speech,unknown,clean_or_unknown,voice_only,absent,LibriSpeech,voice_only,single_real,none,not_partial_or_unknown,10-20,LibriSpeech,FP,correct,not_scored
data/raw/gtzan_unique_v2/jazz.00008.wav,0,0,0,0,1,gtzan_5_jazz.00008,GTZAN_genre_5,gtzan_real_v2,gtzan_real,sanchit-gandhi/gtzan,gtzan_v2_jazz.00008,gtzan::gtzan_v2_jazz.00008,,gtzan::gtzan_v2_jazz.00008,none,,,,,,,none,val_b,val_b,val_b,0,0,0,0,1,0.4607249566974434,0.4607249566974434,,False,True,30.013375,0.6916636824607849,5.071519353805343e-06,0.6768779754638672,4.767822247231379e-06,0.5328788161277771,0.9999943375587464,0.0180538557469844,0.6183772087097168,unknown,0.34857701954337206,0.6223820647317824,5.071519353805343e-06,0.14676009584218258,0.7137814909219742,,,,,,,,,,,absent,unknown,clean_or_unknown,with_music,real_music,GTZAN_genre_5,music_only,single_real,none,not_partial_or_unknown,>20,GTZAN_genre_5,correct,not_scored,correct
data\raw\fake_music_generated\fake_music_AudioLDM2_0017.wav,1,0,1,0,1,fake_music_AudioLDM2_1,AudioLDM2,fake_music_generated,fake_music_generated,synth/AudioLDM2,fake_music_AudioLDM2_0017,generated_music::fake_music_generator_0017,,generated_music::fake_music_generator_0017,none,,,,,,,none,val_b,val_b,val_b,1,0,1,0,1,0.934093753313038,0.934093753313038,,False,True,5.2741875,0.7300662398338318,0.9999138116836548,0.7180460691452026,0.999906063079834,0.5509739518165588,0.9999464750289916,0.021630622446537,0.0380321443080902,unknown,0.9834814658457156,0.7912744938775935,0.9999138116836548,0.15396645478904247,0.2785107269883155,,,,,,,,,,,absent,unknown,clean_or_unknown,with_music,Udio-like,AudioLDM2,music_only,single_fake,none,not_partial_or_unknown,5-10,AudioLDM2,correct,not_scored,correct
MIX::data\raw\Bisher_ASVspoof_2019_LA\asvspoof2019_LA_T_5520907.flac|data/raw/gtzan_unique_v2/rock.00042.wav,0,0,0,1,1,mix::LA_0086::gtzan_9_rock.00042,mix::bonafide::GTZAN_genre_9,split_internal_mix,mix,generated_after_split,mix::asvspoof2019_LA_T_5520907::gtzan_v2_rock.00042::00::5,mix::asvspoof::LA_0086::gtzan::gtzan_v2_rock.00042,asvspoof::LA_0086,gtzan::gtzan_v2_rock.00042,simultaneous,10.0,0.25,0.1,0.1,-3.0,0.0,none,val_b,val_b,val_b,0,0,0,1,1,0.1661813930179363,0.1661813930179363,,False,True,30.013375,0.6696080565452576,0.0010409252718091,0.6664433479309082,0.0010149668669328,0.7494873404502869,0.9975712895393372,0.0675048306584358,0.859066903591156,unknown,0.2365814032064248,0.5185800574870612,0.0010409252718091,0.23800045810639855,0.8936930000782013,,,,,,,,,,,real_speech,unknown,clean_or_unknown,with_music,real_music,GTZAN_genre_9,voice+music,RR,simultaneous,not_partial_or_unknown,>20,GTZAN_genre_9,correct,correct,correct
MIX::data\raw\openslr_librispeech_asr\librispeech_dev_777-126732-0012.flac|data\raw\fake_music_generated\fake_music_AudioLDM2_0271.wav,1,0,1,1,1,mix::777::fake_music_AudioLDM2_27,mix::LibriSpeech::AudioLDM2,split_internal_mix,mix,generated_after_split,mix::librispeech_dev_777-126732-0012::fake_music_AudioLDM2_0271::01::1,mix::libri::777::generated_music::fake_music_generator_0271,libri::777,generated_music::fake_music_generator_0271,music_then_voice,0.0,0.5,0.5,0.5,-3.0,3.0,none,val_b,val_b,val_b,1,0,1,1,1,0.2690016963757885,0.2690016963757885,,False,True,10.11225,0.7277168035507202,0.6744040250778198,0.7050857543945312,0.6713460683822632,0.9710294008255004,0.5375591516494751,0.6033180952072144,0.0533588267862796,unknown,0.643957305776367,0.5901022713982407,0.6744040250778198,0.6952459216117859,0.17440890800207848,,,,,,,,,,,real_speech,unknown,clean_or_unknown,with_music,Udio-like,AudioLDM2,voice+music,RF,music_then_voice,not_partial_or_unknown,10-20,AudioLDM2,correct,correct,correct
data\raw\openslr_librispeech_asr\librispeech_dev_2277-149896-0028.flac,0,0,0,1,0,2277,LibriSpeech,librispeech_dev,librispeech_dev,openslr/librispeech_asr,librispeech_dev_2277-149896-0028,libri::2277,libri::2277,,none,,,,,,,none,val_b,val_b,val_b,0,0,0,1,0,0.0296720990852148,0.0296720990852148,,False,True,2.9,0.7007683515548706,0.5229319334030151,0.7115853428840637,0.5288206338882446,0.9679458737373352,0.0921177938580513,0.8682557940483093,0.0224822424352169,unknown,0.4911752219213202,0.49943947581397385,0.5229319334030151,0.8931783139705658,0.0398911302909255,,,,,,,,,,,real_speech,unknown,clean_or_unknown,voice_only,absent,LibriSpeech,voice_only,single_real,none,not_partial_or_unknown,2-5,LibriSpeech,FP,correct,not_scored
data\raw\ajaykarthick_wavefake-audio\wavefake_ajay_LJ019-0268.wav,1,1,0,1,0,wavefake_f026a7,WF7,wavefake_ajay,wavefake_ajay,ajaykarthick/wavefake-audio,wavefake_ajay_LJ019-0268,wavefake::LJ019-0268,wavefake::LJ019-0268,,none,,,,,,,none,val_b,val_b,val_b,1,1,0,1,0,0.9986677328069132,0.9986677328069132,,False,True,9.195125,0.7557744383811951,0.5025948286056519,0.7553850412368774,0.5112941265106201,0.9718083143234252,0.1002871841192245,0.8085665702819824,0.0219243168830871,unknown,0.7844394269759956,0.8286424267089105,0.5025948286056519,0.8493770062923431,0.04151503369212145,,,,,,,,,,,TTS_or_unknown,unknown,clean_or_unknown,voice_only,absent,WF7,voice_only,single_fake,none,not_partial_or_unknown,5-10,WF7,correct,correct,not_scored
MIX::data\raw\ajaykarthick_wavefake-audio\wavefake_ajay_LJ007-0180.wav|data\raw\fake_music_generated\fake_music_AudioLDM2_0169.wav,1,1,1,1,1,mix::wavefake_416cd0::fake_music_AudioLDM2_16,mix::WF7::AudioLDM2,split_internal_mix,mix,generated_after_split,mix::wavefake_ajay_LJ007-0180::fake_music_AudioLDM2_0169::11::2,mix::wavefake::LJ007-0180::generated_music::fake_music_generator_0169,wavefake::LJ007-0180,generated_music::fake_music_generator_0169,simultaneous,10.0,0.1,0.1,0.1,3.0,-6.0,none,val_b,val_b,val_b,1,1,1,1,1,0.993790878637356,0.993790878637356,,False,True,7.1401875,0.745952844619751,0.8753240704536438,0.7492221593856812,0.8756665587425232,0.882462739944458,0.8328210115432739,0.1765111237764358,0.1818457990884781,unknown,0.9434212789133299,0.8203042548250326,0.8753240704536438,0.35299902781844134,0.34458960220217705,,,,,,,,,,,TTS_or_unknown,unknown,clean_or_unknown,with_music,Udio-like,AudioLDM2,voice+music,FF,simultaneous,not_partial_or_unknown,5-10,AudioLDM2,correct,correct,correct
MIX::data\raw\ajaykarthick_wavefake-audio\wavefake_ajay_LJ008-0253.wav|data\raw\fake_music_generated\fake_music_AudioLDM2_0163.wav,1,1,1,1,1,mix::wavefake_b08f5e::fake_music_AudioLDM2_16,mix::WF7::AudioLDM2,split_internal_mix,mix,generated_after_split,mix::wavefake_ajay_LJ008-0253::fake_music_AudioLDM2_0163::11::0,mix::wavefake::LJ008-0253::generated_music::fake_music_generator_0163,wavefake::LJ008-0253,generated_music::fake_music_generator_0163,partial_overlap,0.0,0.5,1.0,0.5,-3.0,0.0,none,val_b,val_b,val_b,1,1,1,1,1,0.3765698314734472,0.3765698314734472,,False,True,7.7431875,0.7259010076522827,0.9623647332191468,0.7340413331985474,0.9622849225997924,0.9493837952613832,0.9338245987892152,0.5611673593521118,0.1058304682374,unknown,0.8246518262291049,0.621101654798632,0.9623647332191468,0.6582214683294296,0.3128290008753538,,,,,,,,,,,TTS_or_unknown,unknown,clean_or_unknown,with_music,Udio-like,AudioLDM2,voice+music,FF,partial_overlap,partial_or_crossfade,5-10,AudioLDM2,correct,FN,correct
MIX::data\raw\ajaykarthick_wavefake-audio\wavefake_ajay_LJ019-0361.wav|data\raw\fake_music_generated\fake_music_AudioLDM2_0117.wav,1,0,1,1,1,mix::wavefake_3dcb5e::fake_music_AudioLDM2_11,mix::R::AudioLDM2,split_internal_mix,mix,generated_after_split,mix::wavefake_ajay_LJ019-0361::fake_music_AudioLDM2_0117::01::7,mix::wavefake::LJ019-0361::generated_music::fake_music_generator_0117,wavefake::LJ019-0361,generated_music::fake_music_generator_0117,partial_overlap,-5.0,0.1,0.0,0.1,3.0,-3.0,none,val_b,val_b,val_b,1,0,1,1,1,0.8946638902261083,0.8946638902261083,,False,True,13.46775,0.7581307888031006,0.9985097646713256,0.7594913244247437,0.9985055923461914,0.813818097114563,0.9974886775016784,0.1572999954223632,0.0591855831444263,unknown,0.9729932938958257,0.7990907192300027,0.9985097646713256,0.32142952084541315,0.2937613567337393,,,,,,,,,,,real_speech,unknown,clean_or_unknown,with_music,Udio-like,AudioLDM2,voice+music,RF,partial_overlap,partial_or_crossfade,10-20,AudioLDM2,correct,FP,correct
MIX::data\raw\openslr_librispeech_asr\librispeech_dev_2035-147960-0013.flac|data\raw\fake_music_generated\fake_music_AudioLDM2_0231.wav,1,0,1,1,1,mix::2035::fake_music_AudioLDM2_23,mix::LibriSpeech::AudioLDM2,split_internal_mix,mix,generated_after_split,mix::librispeech_dev_2035-147960-0013::fake_music_AudioLDM2_0231::01::8,mix::libri::2035::generated_music::fake_music_generator_0231,libri::2035,generated_music::fake_music_generator_0231,crossfade,0.0,0.25,0.1,0.25,-6.0,0.0,none,val_b,val_b,val_b,1,0,1,1,1,0.0208643952341276,0.0208643952341276,,False,True,7.64875,0.7351119518280029,0.9715732336044312,0.742667019367218,0.971342146396637,0.9616295695304872,0.9607753157615662,0.4628322720527649,0.2916649281978607,unknown,0.7393615155078956,0.5208376848498404,0.9715732336044312,0.5875315964221954,0.4589425250887871,,,,,,,,,,,real_speech,unknown,clean_or_unknown,with_music,Udio-like,AudioLDM2,voice+music,RF,crossfade,partial_or_crossfade,5-10,AudioLDM2,correct,correct,correct
MIX::data\raw\ajaykarthick_wavefake-audio\wavefake_ajay_LJ008-0140.wav|data\raw\fake_music_generated\fake_music_AudioLDM2_0065.wav,1,1,1,1,1,mix::wavefake_7d8b1c::fake_music_AudioLDM2_6,mix::WF1::AudioLDM2,split_internal_mix,mix,generated_after_split,mix::wavefake_ajay_LJ008-0140::fake_music_AudioLDM2_0065::11::10,mix::wavefake::LJ008-0140::generated_music::fake_music_generator_0065,wavefake::LJ008-0140,generated_music::fake_music_generator_0065,partial_overlap,15.0,0.1,0.1,0.1,3.0,-6.0,none,val_b,val_b,val_b,1,1,1,1,1,0.9992986791061592,0.9992986791061592,,False,True,12.0620625,0.7916753888130188,0.4783809185028076,0.7896088361740112,0.4881386756896972,0.9779536128044128,0.1253900676965713,0.7876665592193604,0.0408946312963962,unknown,0.7793106689052114,0.8539623759009609,0.4783809185028076,0.8352383226156235,0.062018490396439974,,,,,,,,,,,TTS_or_unknown,unknown,clean_or_unknown,with_music,Udio-like,AudioLDM2,voice+music,FF,partial_overlap,partial_or_crossfade,10-20,AudioLDM2,correct,correct,correct
data\raw\ajaykarthick_wavefake-audio\wavefake_ajay_LJ048-0107.wav,1,1,0,1,0,wavefake_045ed4,WF7,wavefake_ajay,wavefake_ajay,ajaykarthick/wavefake-audio,wavefake_ajay_LJ048-0107,wavefake::LJ048-0107,wavefake::LJ048-0107,,none,,,,,,,none,val_b,val_b,val_b,1,1,0,1,0,0.9804624096111498,0.9804624096111498,,False,True,2.3104375,0.6915183067321777,0.4313779771327972,0.7083015441894531,0.4217211902141571,0.9810519218444824,0.0677651092410087,0.8602303266525269,0.0274265725165605,unknown,0.7309662398476944,0.7782015375958693,0.4313779771327972,0.8904357254505157,0.03751120669767255,,,,,,,,,,,TTS_or_unknown,unknown,clean_or_unknown,voice_only,absent,WF7,voice_only,single_fake,none,not_partial_or_unknown,2-5,WF7,correct,correct,not_scored
data\raw\ajaykarthick_wavefake-audio\wavefake_ajay_LJ020-0034.wav,1,1,0,1,0,wavefake_d70d2d,WF7,wavefake_ajay,wavefake_ajay,ajaykarthick/wavefake-audio,wavefake_ajay_LJ020-0034,wavefake::LJ020-0034,wavefake::LJ020-0034,,none,,,,,,,none,val_b,val_b,val_b,1,1,0,1,0,0.9911727161469068,0.9911727161469068,,False,True,2.6819375,0.696233332157135,0.5714589357376099,0.7135074138641357,0.569489598274231,0.973936915397644,0.105864018201828,0.8974289894104004,0.0248685367405414,unknown,0.8017548784373907,0.7847151473540666,0.5714589357376099,0.9165559709072113,0.04511740710586305,,,,,,,,,,,TTS_or_unknown,unknown,clean_or_unknown,voice_only,absent,WF7,voice_only,single_fake,none,not_partial_or_unknown,2-5,WF7,correct,correct,not_scored
data\raw\ajaykarthick_wavefake-audio\wavefake_ajay_LJ048-0132.wav,1,1,0,1,0,wavefake_c5e69f,WF7,wavefake_ajay,wavefake_ajay,ajaykarthick/wavefake-audio,wavefake_ajay_LJ048-0132,wavefake::LJ048-0132,wavefake::LJ048-0132,,none,,,,,,,none,val_b,val_b,val_b,1,1,0,1,0,0.9986713435177288,0.9986713435177288,,False,True,6.768625,0.8058018088340759,0.5646125674247742,0.806877851486206,0.5811262726783752,0.9782286286354064,0.1290463507175445,0.813355028629303,0.0351032987236976,unknown,0.8203303529822793,0.8636626692391718,0.5646125674247742,0.8545734286308289,0.05858906172215932,,,,,,,,,,,TTS_or_unknown,unknown,clean_or_unknown,voice_only,absent,WF7,voice_only,single_fake,none,not_partial_or_unknown,5-10,WF7,correct,correct,not_scored
MIX::data\raw\ajaykarthick_wavefake-audio\wavefake_ajay_LJ008-0287.wav|data\raw\fake_music_generated\fake_music_AudioLDM2_0253.wav,1,1,1,1,1,mix::wavefake_fa719a::fake_music_AudioLDM2_25,mix::WF7::AudioLDM2,split_internal_mix,mix,generated_after_split,mix::wavefake_ajay_LJ008-0287::fake_music_AudioLDM2_0253::11::6,mix::wavefake::LJ008-0287::generated_music::fake_music_generator_0253,wavefake::LJ008-0287,generated_music::fake_music_generator_0253,crossfade,-5.0,0.1,0.1,0.1,3.0,-6.0,none,val_b,val_b,val_b,1,1,1,1,1,0.9614183827447575,0.9614183827447575,,False,True,8.02825,0.7416865229606628,0.9995827674865724,0.7479221820831299,0.9995636343955994,0.7648193836212158,0.9996938109397888,0.1909209638833999,0.0184498243033885,unknown,0.9901608562101256,0.8076060808958913,0.9995827674865724,0.33439556881785387,0.2637608209624886,,,,,,,,,,,TTS_or_unknown,unknown,clean_or_unknown,with_music,Udio-like,AudioLDM2,voice+music,FF,crossfade,partial_or_crossfade,5-10,AudioLDM2,correct,correct,correct
data\raw\openslr_librispeech_asr\librispeech_dev_777-126732-0012.flac,0,0,0,1,0,777,LibriSpeech,librispeech_dev,librispeech_dev,openslr/librispeech_asr,librispeech_dev_777-126732-0012,libri::777,libri::777,,none,,,,,,,none,val_b,val_b,val_b,0,0,0,1,0,0.0162388634442416,0.0162388634442416,,False,True,4.835,0.7496080994606018,0.2142783254384994,0.7557074427604675,0.2086710482835769,0.9791040420532228,0.2241271585226059,0.8448696136474609,0.0286205429583787,unknown,0.31870926847483244,0.5295973286556938,0.2142783254384994,0.8784282207489014,0.0774971968494355,,,,,,,,,,,real_speech,unknown,clean_or_unknown,voice_only,absent,LibriSpeech,voice_only,single_real,none,not_partial_or_unknown,2-5,LibriSpeech,correct,correct,not_scored
MIX::data\raw\Bisher_ASVspoof_2019_LA\asvspoof2019_LA_T_5520907.flac|data/raw/gtzan_unique_v2/classical.00001.wav,0,0,0,1,1,mix::LA_0086::gtzan_1_classical.00001,mix::bonafide::GTZAN_genre_1,split_internal_mix,mix,generated_after_split,mix::asvspoof2019_LA_T_5520907::gtzan_v2_classical.00001::00::13,mix::asvspoof::LA_0086::gtzan::gtzan_v2_classical.00001,asvspoof::LA_0086,gtzan::gtzan_v2_classical.00001,partial_overlap,15.0,0.25,0.1,0.1,-3.0,0.0,none,val_b,val_b,val_b,0,0,0,1,1,0.1557311265120661,0.1557311265120661,,False,True,31.8999375,0.680227518081665,2.2278965843725015e-05,0.6715551614761353,2.0730509277200326e-05,0.8633748888969421,0.9999103546142578,0.235239490866661,0.642322838306427,unknown,0.23502401696230013,0.5228786006107854,2.2278965843725015e-05,0.3922733403742313,0.7317197173833847,,,,,,,,,,,real_speech,unknown,clean_or_unknown,with_music,real_music,GTZAN_genre_1,voice+music,RR,partial_overlap,partial_or_crossfade,>20,GTZAN_genre_1,correct,correct,correct
MIX::data\raw\openslr_librispeech_asr\librispeech_dev_777-126732-0074.flac|data/raw/gtzan_unique_v2/blues.00019.wav,0,0,0,1,1,mix::777::gtzan_0_blues.00019,mix::LibriSpeech::GTZAN_genre_0,split_internal_mix,mix,generated_after_split,mix::librispeech_dev_777-126732-0074::gtzan_v2_blues.00019::00::2,mix::libri::777::gtzan::gtzan_v2_blues.00019,libri::777,gtzan::gtzan_v2_blues.00019,music_then_voice,-5.0,0.5,0.5,0.25,0.0,3.0,none,val_c,val_c,val_c,0,0,0,1,1,0.1092109520235353,0.1092109520235353,,False,True,33.993375,0.6332400441169739,0.0022753477096557,0.6445416212081909,0.002277756575495,0.8308516144752502,0.9980326294898988,0.033266294747591,0.8402235507965088,unknown,0.2071157195090321,0.47603131648894226,0.0022753477096557,0.23266262467950583,0.8796758204698563,,,,,,,,,,,real_speech,unknown,clean_or_unknown,with_music,real_music,GTZAN_genre_0,voice+music,RR,music_then_voice,not_partial_or_unknown,>20,GTZAN_genre_0,correct,correct,correct
data\raw\Bisher_ASVspoof_2019_LA\asvspoof2019_LA_T_1755508.flac,1,1,0,1,0,LA_0086,A02,asvspoof2019,asvspoof2019,Bisher/ASVspoof_2019_LA,asvspoof2019_LA_T_1755508,asvspoof::LA_0086,asvspoof::LA_0086,,none,,,,,,,none,val_c,val_c,val_c,1,1,0,1,0,0.9996223544221906,0.9996223544221906,,False,True,5.1865625,0.7392389178276062,0.4622165858745575,0.7488368153572083,0.4678030014038086,0.966559648513794,0.0533390566706657,0.7624146938323975,0.0303121618926525,unknown,0.7634977077616073,0.8173539488059814,0.4622165858745575,0.8134509325027466,0.036068885587155805,,,,,,,,,,,TTS_or_unknown,unknown,clean_or_unknown,voice_only,absent,A02,voice_only,single_fake,none,not_partial_or_unknown,5-10,A02,correct,correct,not_scored
data\raw\openslr_librispeech_asr\librispeech_dev_1272-128104-0010.flac,0,0,0,1,0,1272,LibriSpeech,librispeech_dev,librispeech_dev,openslr/librispeech_asr,librispeech_dev_1272-128104-0010,libri::1272,libri::1272,,none,,,,,,,none,val_c,val_c,val_c,0,0,0,1,0,0.015851779678639,0.015851779678639,,False,True,5.6,0.714144766330719,0.3950475752353668,0.7256577610969543,0.3917559683322906,0.9573239088058472,0.1142141371965408,0.8220081329345703,0.0212336741387844,unknown,0.41349929777628636,0.504656870335095,0.3950475752353668,0.8558370769023895,0.0444787899032235,,,,,,,,,,,real_speech,unknown,clean_or_unknown,voice_only,absent,LibriSpeech,voice_only,single_real,none,not_partial_or_unknown,5-10,LibriSpeech,correct,correct,not_scored
MIX::data\raw\Bisher_ASVspoof_2019_LA\asvspoof2019_LA_T_3132363.flac|data\raw\fake_music_generated\fake_music_MusicGen_0124.wav,1,1,1,1,1,mix::LA_0083::fake_music_MusicGen_12,mix::A02::MusicGen,split_internal_mix,mix,generated_after_split,mix::asvspoof2019_LA_T_3132363::fake_music_MusicGen_0124::11::4,mix::asvspoof::LA_0083::generated_music::fake_music_generator_0124,asvspoof::LA_0083,generated_music::fake_music_generator_0124,music_then_voice,-15.0,0.5,1.0,0.5,-3.0,0.0,none,val_c,val_c,val_c,1,1,1,1,1,0.8839852068570379,0.8839852068570379,,False,True,8.91975,0.7116374969482422,0.9996079206466676,0.7065871953964233,0.9995940923690796,0.688800573348999,0.9995045065879822,0.0123152276501059,0.0398428589105606,unknown,0.9708092905563667,0.7633418099208809,0.9996079206466676,0.1814365640748292,0.279758270829916,,,,,,,,,,,TTS_or_unknown,unknown,clean_or_unknown,with_music,MusicGen,MusicGen,voice+music,FF,music_then_voice,not_partial_or_unknown,5-10,MusicGen,correct,correct,correct
MIX::data\raw\Bisher_ASVspoof_2019_LA\asvspoof2019_LA_T_6013298.flac|data\raw\fake_music_generated\fake_music_MusicGen_0202.wav,1,0,1,1,1,mix::LA_0086::fake_music_MusicGen_20,mix::bonafide::MusicGen,split_internal_mix,mix,generated_after_split,mix::asvspoof2019_LA_T_6013298::fake_music_MusicGen_0202::01::7,mix::asvspoof::LA_0086::generated_music::fake_music_generator_0202,asvspoof::LA_0086,generated_music::fake_music_generator_0202,partial_overlap,-5.0,0.1,0.0,0.1,3.0,-3.0,none,val_c,val_c,val_c,1,0,1,1,1,0.8120386821224399,0.8120386821224399,,False,True,5.7250625,0.7056970596313477,0.9998536109924316,0.7035126686096191,0.9998431205749512,0.6122592687606812,0.9999217987060548,0.0206709522753953,0.0589880347251892,unknown,0.95293643604297,0.7375995463786753,0.9998536109924316,0.16856803139671678,0.2942214757204056,,,,,,,,,,,real_speech,unknown,clean_or_unknown,with_music,MusicGen,MusicGen,voice+music,RF,partial_overlap,partial_or_crossfade,5-10,MusicGen,correct,FP,correct
data\raw\openslr_librispeech_asr\librispeech_dev_777-126732-0035.flac,0,0,0,1,0,777,LibriSpeech,librispeech_dev,librispeech_dev,openslr/librispeech_asr,librispeech_dev_777-126732-0035,libri::777,libri::777,,none,,,,,,,none,val_c,val_c,val_c,0,0,0,1,0,0.0104418978186117,0.0104418978186117,,False,True,5.585,0.748586118221283,0.3371504843235016,0.7548391819000244,0.3339954912662506,0.9799466729164124,0.1627683043479919,0.8545185923576355,0.0376854725182056,unknown,0.38532135937848455,0.5271428521004815,0.3371504843235016,0.8858756124973297,0.06895618047565218,,,,,,,,,,,real_speech,unknown,clean_or_unknown,voice_only,absent,LibriSpeech,voice_only,single_real,none,not_partial_or_unknown,5-10,LibriSpeech,correct,correct,not_scored
data\raw\openslr_librispeech_asr\librispeech_dev_2035-147961-0037.flac,0,0,0,1,0,2035,LibriSpeech,librispeech_dev,librispeech_dev,openslr/librispeech_asr,librispeech_dev_2035-147961-0037,libri::2035,libri::2035,,none,,,,,,,none,val_c,val_c,val_c,0,0,0,1,0,0.0211835015319579,0.0211835015319579,,False,True,4.835,0.731772243976593,0.7013353705406189,0.7403005957603455,0.7058777809143066,0.9654060006141664,0.2417407482862472,0.7202885746955872,0.0513743609189987,unknown,0.5910831205752836,0.5185956212432025,0.7013353705406189,0.7815679311752319,0.09896595776081082,,,,,,,,,,,real_speech,unknown,clean_or_unknown,voice_only,absent,LibriSpeech,voice_only,single_real,none,not_partial_or_unknown,2-5,LibriSpeech,FP,correct,not_scored
MIX::data\raw\openslr_librispeech_asr\librispeech_dev_777-126732-0042.flac|data/raw/gtzan_unique_v2/jazz.00081.wav,0,0,0,1,1,mix::777::gtzan_5_jazz.00081,mix::LibriSpeech::GTZAN_genre_5,split_internal_mix,mix,generated_after_split,mix::librispeech_dev_777-126732-0042::gtzan_v2_jazz.00081::00::0,mix::libri::777::gtzan::gtzan_v2_jazz.00081,libri::777,gtzan::gtzan_v2_jazz.00081,simultaneous,-15.0,0.1,0.0,0.05,-6.0,-3.0,none,val_c,val_c,val_c,0,0,0,1,1,0.5526227567188645,0.5526227567188645,,False,True,30.013375,0.6244129538536072,4.740099484479288e-06,0.629489541053772,4.498019279708387e-06,0.6392616629600525,0.9999982714653016,0.0195460971444845,0.7280831933021545,unknown,0.36423654235730263,0.6028758947131844,4.740099484479288e-06,0.17447498859837648,0.7960619628429413,,,,,,,,,,,real_speech,unknown,clean_or_unknown,with_music,real_music,GTZAN_genre_5,voice+music,RR,simultaneous,not_partial_or_unknown,>20,GTZAN_genre_5,correct,correct,correct
data\raw\Bisher_ASVspoof_2019_LA\asvspoof2019_LA_T_4124217.flac,1,1,0,1,0,LA_0083,A02,asvspoof2019,asvspoof2019,Bisher/ASVspoof_2019_LA,asvspoof2019_LA_T_4124217,asvspoof::LA_0083,asvspoof::LA_0083,,none,,,,,,,none,val_c,val_c,val_c,1,1,0,1,0,0.9997648793090528,0.9997648793090528,,False,True,9.57275,0.7788249254226685,0.3953502178192138,0.7539918422698975,0.3911334872245788,0.9783684015274048,0.0486748144030571,0.737424910068512,0.0234189666807651,unknown,0.7364952504730031,0.8451069115885836,0.3953502178192138,0.7976607829332352,0.0297329286113381,,,,,,,,,,,TTS_or_unknown,unknown,clean_or_unknown,voice_only,absent,A02,voice_only,single_fake,none,not_partial_or_unknown,5-10,A02,correct,correct,not_scored
data/raw/gtzan_unique_v2/country.00092.wav,0,0,0,0,1,gtzan_2_country.00092,GTZAN_genre_2,gtzan_real_v2,gtzan_real,sanchit-gandhi/gtzan,gtzan_v2_country.00092,gtzan::gtzan_v2_country.00092,,gtzan::gtzan_v2_country.00092,none,,,,,,,none,val_c,val_c,val_c,0,0,0,0,1,0.4767402738153334,0.4767402738153334,,False,True,30.013375,0.7088041305541992,5.828941311847302e-07,0.6855519413948059,5.484044436343538e-07,0.3882060945034027,0.9999990463256836,0.0169695187360048,0.914293110370636,unknown,0.35887971804906255,0.6391849735325394,1e-06,0.10977866267785427,0.9357195943593979,,,,,,,,,,,absent,unknown,clean_or_unknown,with_music,real_music,GTZAN_genre_2,music_only,single_real,none,not_partial_or_unknown,>20,GTZAN_genre_2,correct,not_scored,correct
data\raw\fake_music_generated\fake_music_MusicGen_0114.wav,1,0,1,0,1,fake_music_MusicGen_11,MusicGen,fake_music_generated,fake_music_generated,synth/MusicGen,fake_music_MusicGen_0114,generated_music::fake_music_generator_0114,,generated_music::fake_music_generator_0114,none,,,,,,,none,val_c,val_c,val_c,1,0,1,0,1,0.836180546590385,0.836180546590385,,False,True,5.6315625,0.7148534059524536,0.9998394250869752,0.7126243710517883,0.9998276233673096,0.613141655921936,0.9999032020568848,0.0205096993595361,0.0580928772687912,unknown,0.9589655168749542,0.751251548143833,0.9998394250869752,0.16866768850013608,0.2935454584658146,,,,,,,,,,,absent,unknown,clean_or_unknown,with_music,MusicGen,MusicGen,music_only,single_fake,none,not_partial_or_unknown,5-10,MusicGen,correct,not_scored,correct
data/raw/gtzan_unique_v2/jazz.00011.wav,0,0,0,0,1,gtzan_5_jazz.00011,GTZAN_genre_5,gtzan_real_v2,gtzan_real,sanchit-gandhi/gtzan,gtzan_v2_jazz.00011,gtzan::gtzan_v2_jazz.00011,,gtzan::gtzan_v2_jazz.00011,none,,,,,,,none,val_c,val_c,val_c,0,0,0,0,1,0.7635080229180887,0.7635080229180887,,False,True,30.013375,0.6651957631111145,0.0001117838328354,0.6511474847793579,0.0001096817795769,0.5496651530265808,0.9999213814735411,0.0166750010102987,0.7061967849731445,unknown,0.4514394750859976,0.6946894410532067,0.0001117838328354,0.14992253901436922,0.7796279340982437,,,,,,,,,,,absent,unknown,clean_or_unknown,with_music,real_music,GTZAN_genre_5,music_only,single_real,none,not_partial_or_unknown,>20,GTZAN_genre_5,correct,not_scored,correct
data\raw\Bisher_ASVspoof_2019_LA\asvspoof2019_LA_T_9007890.flac,1,1,0,1,0,LA_0086,A02,asvspoof2019,asvspoof2019,Bisher/ASVspoof_2019_LA,asvspoof2019_LA_T_9007890,asvspoof::LA_0086,asvspoof::LA_0086,,none,,,,,,,none,val_c,val_c,val_c,1,1,0,1,0,0.99943947050657,0.99943947050657,,False,True,3.9530625,0.707573413848877,0.478650689125061,0.7196662425994873,0.4843467175960541,0.9616400003433228,0.047279205173254,0.7787875533103943,0.0158178284764289,unknown,0.766437205880344,0.7951332308461848,0.478650689125061,0.8245006650686264,0.023683172650635173,,,,,,,,,,,TTS_or_unknown,unknown,clean_or_unknown,voice_only,absent,A02,voice_only,single_fake,none,not_partial_or_unknown,2-5,A02,correct,correct,not_scored
data\raw\fake_music_generated\fake_music_MusicGen_0090.wav,1,0,1,0,1,fake_music_MusicGen_9,MusicGen,fake_music_generated,fake_music_generated,synth/MusicGen,fake_music_MusicGen_0090,generated_music::fake_music_generator_0090,,generated_music::fake_music_generator_0090,none,,,,,,,none,val_c,val_c,val_c,1,0,1,0,1,0.8816528892005658,0.8816528892005658,,False,True,5.284625,0.7077673077583313,0.9999635219573976,0.7005041837692261,0.9999600648880004,0.5758350491523743,0.9999825954437256,0.0163742154836654,0.1003449633717536,unknown,0.970394962692553,0.7599329821910016,0.9999635219573976,0.1562394239008426,0.3252543713897466,,,,,,,,,,,absent,unknown,clean_or_unknown,with_music,MusicGen,MusicGen,music_only,single_fake,none,not_partial_or_unknown,5-10,MusicGen,correct,not_scored,correct
MIX::data\raw\Bisher_ASVspoof_2019_LA\asvspoof2019_LA_T_9012332.flac|data\raw\fake_music_generated\fake_music_MusicGen_0170.wav,1,1,1,1,1,mix::LA_0094::fake_music_MusicGen_17,mix::A02::MusicGen,split_internal_mix,mix,generated_after_split,mix::asvspoof2019_LA_T_9012332::fake_music_MusicGen_0170::11::18,mix::asvspoof::LA_0094::generated_music::fake_music_generator_0170,asvspoof::LA_0094,generated_music::fake_music_generator_0170,voice_then_music,-15.0,0.1,0.1,0.1,3.0,-6.0,none,val_c,val_c,val_c,1,1,1,1,1,0.9208212317405294,0.9208212317405294,,False,True,6.7556875,0.697428286075592,0.9995575547218324,0.6890524625778198,0.9995335340499878,0.5257370471954346,0.999697208404541,0.0082739684730768,0.0143084675073623,unknown,0.9799913008239013,0.7644461697750732,0.9995575547218324,0.13763973815366623,0.260655652731657,,,,,,,,,,,TTS_or_unknown,unknown,clean_or_unknown,with_music,MusicGen,MusicGen,voice+music,FF,voice_then_music,not_partial_or_unknown,5-10,MusicGen,correct,correct,correct
data\raw\ajaykarthick_wavefake-audio\wavefake_ajay_LJ029-0207.wav,1,1,0,1,0,wavefake_4486e3,WF1,wavefake_ajay,wavefake_ajay,ajaykarthick/wavefake-audio,wavefake_ajay_LJ029-0207,wavefake::LJ029-0207,wavefake::LJ029-0207,,none,,,,,,,none,val_c,val_c,val_c,1,1,0,1,0,0.9991170397599594,0.9991170397599594,,False,True,6.09525,0.7264822721481323,0.4918452799320221,0.7373518943786621,0.4981221556663513,0.9728804230690002,0.1098251119256019,0.7800480723381042,0.0376580171287059,unknown,0.7750398941054143,0.8082727024316805,0.4918452799320221,0.8282561600208282,0.055699790827929904,,,,,,,,,,,TTS_or_unknown,unknown,clean_or_unknown,voice_only,absent,WF1,voice_only,single_fake,none,not_partial_or_unknown,5-10,WF1,correct,correct,not_scored
data\raw\fake_music_generated\fake_music_MusicGen_0130.wav,1,0,1,0,1,fake_music_MusicGen_13,MusicGen,fake_music_generated,fake_music_generated,synth/MusicGen,fake_music_MusicGen_0130,generated_music::fake_music_generator_0130,,generated_music::fake_music_generator_0130,none,,,,,,,none,val_c,val_c,val_c,1,0,1,0,1,0.880328936195638,0.880328936195638,,False,True,5.8945,0.716944694519043,0.9997733235359192,0.7113829255104065,0.9997597336769104,0.5827625393867493,0.999794065952301,0.0129430182278156,0.049820851534605,unknown,0.9699722399150775,0.7659599670220214,0.9997733235359192,0.155397898517549,0.287314155139029,,,,,,,,,,,absent,unknown,clean_or_unknown,with_music,MusicGen,MusicGen,music_only,single_fake,none,not_partial_or_unknown,5-10,MusicGen,correct,not_scored,correct
MIX::data\raw\Bisher_ASVspoof_2019_LA\asvspoof2019_LA_T_5305063.flac|data\raw\fake_music_generated\fake_music_MusicGen_0220.wav,1,1,1,1,1,mix::LA_0086::fake_music_MusicGen_22,mix::A02::MusicGen,split_internal_mix,mix,generated_after_split,mix::asvspoof2019_LA_T_5305063::fake_music_MusicGen_0220::11::13,mix::asvspoof::LA_0086::generated_music::fake_music_generator_0220,asvspoof::LA_0086,generated_music::fake_music_generator_0220,voice_then_music,-5.0,0.75,0.0,0.05,0.0,3.0,none,val_c,val_c,val_c,1,1,1,1,1,0.9424174219987962,0.9424174219987962,,False,True,7.3865625,0.7116281390190125,0.9999171495437622,0.7196109890937805,0.9999104738235474,0.7037943601608276,0.9999551773071288,0.021206384524703,0.1167608276009559,unknown,0.9855639748931425,0.7808649239129475,0.9999171495437622,0.19185337843373415,0.3375594150274991,,,,,,,,,,,TTS_or_unknown,unknown,clean_or_unknown,with_music,MusicGen,MusicGen,voice+music,FF,voice_then_music,not_partial_or_unknown,5-10,MusicGen,correct,correct,correct
data\raw\openslr_librispeech_asr\librispeech_dev_777-126732-0013.flac,0,0,0,1,0,777,LibriSpeech,librispeech_dev,librispeech_dev,openslr/librispeech_asr,librispeech_dev_777-126732-0013,libri::777,libri::777,,none,,,,,,,none,val_c,val_c,val_c,0,0,0,1,0,0.0151570562358166,0.0151570562358166,,False,True,15.15,0.7219107151031494,0.3881606161594391,0.7219446897506714,0.3835363984107971,0.9741648435592652,0.1186807677149772,0.8308813571929932,0.0300781428813934,unknown,0.41016345333507065,0.5098846174429496,0.3881606161594391,0.8667022287845612,0.05222879908978935,,,,,,,,,,,real_speech,unknown,clean_or_unknown,voice_only,absent,LibriSpeech,voice_only,single_real,none,not_partial_or_unknown,10-20,LibriSpeech,correct,correct,not_scored
MIX::data\raw\openslr_librispeech_asr\librispeech_dev_2277-149897-0035.flac|data\raw\fake_music_generated\fake_music_MusicGen_0090.wav,1,0,1,1,1,mix::2277::fake_music_MusicGen_9,mix::LibriSpeech::MusicGen,split_internal_mix,mix,generated_after_split,mix::librispeech_dev_2277-149897-0035::fake_music_MusicGen_0090::01::18,mix::libri::2277::generated_music::fake_music_generator_0090,libri::2277,generated_music::fake_music_generator_0090,crossfade,15.0,0.75,1.0,0.05,0.0,-6.0,none,val_c,val_c,val_c,1,0,1,1,1,0.0410425454162207,0.0410425454162207,,False,True,8.684625,0.6853408217430115,0.8985088467597961,0.6860992908477783,0.9000903367996216,0.9610003232955932,0.6901851296424866,0.7971957921981812,0.0524514019489288,unknown,0.7034624018761229,0.4920513388449742,0.8985088467597961,0.8381469249725342,0.21188483387231824,,,,,,,,,,,real_speech,unknown,clean_or_unknown,with_music,MusicGen,MusicGen,voice+music,RF,crossfade,partial_or_crossfade,5-10,MusicGen,correct,correct,correct
MIX::data\raw\Bisher_ASVspoof_2019_LA\asvspoof2019_LA_T_9850135.flac|data/raw/gtzan_unique_v2/country.00076.wav,1,1,0,1,1,mix::LA_0086::gtzan_2_country.00076,mix::A01::GTZAN_genre_2,split_internal_mix,mix,generated_after_split,mix::asvspoof2019_LA_T_9850135::gtzan_v2_country.00076::10::10,mix::asvspoof::LA_0086::gtzan::gtzan_v2_country.00076,asvspoof::LA_0086,gtzan::gtzan_v2_country.00076,music_then_voice,5.0,0.75,0.0,0.5,3.0,3.0,none,val_c,val_c,val_c,1,1,0,1,1,0.9990570240347908,0.9990570240347908,,False,True,33.43075,0.7551862597465515,0.211233839392662,0.7128258943557739,0.2112019956111908,0.6952850818634033,0.6788914799690247,0.2605160772800445,0.8474246859550476,unknown,0.6531923698501325,0.8283474890330232,0.211233839392662,0.3692083284258842,0.8052913844585419,,,,,,,,,,,TTS_or_unknown,unknown,clean_or_unknown,with_music,real_music,GTZAN_genre_2,voice+music,FR,music_then_voice,not_partial_or_unknown,>20,GTZAN_genre_2,correct,correct,correct
data\raw\openslr_librispeech_asr\librispeech_dev_1272-135031-0012.flac,0,0,0,1,0,1272,LibriSpeech,librispeech_dev,librispeech_dev,openslr/librispeech_asr,librispeech_dev_1272-135031-0012,libri::1272,libri::1272,,none,,,,,,,none,val_c,val_c,val_c,0,0,0,1,0,0.0209867871478778,0.0209867871478778,,False,True,2.04,0.6476908922195435,0.3737708628177643,0.6728211641311646,0.3582720756530761,0.9642367362976074,0.0823552012443542,0.8936465978622437,0.0284733474254608,unknown,0.3877120977007191,0.4596796606980437,0.3737708628177643,0.9112941324710846,0.04194381088018415,,,,,,,,,,,real_speech,unknown,clean_or_unknown,voice_only,absent,LibriSpeech,voice_only,single_real,none,not_partial_or_unknown,2-5,LibriSpeech,correct,correct,not_scored
MIX::data\raw\Bisher_ASVspoof_2019_LA\asvspoof2019_LA_T_2572311.flac|data/raw/gtzan_unique_v2/pop.00018.wav,0,0,0,1,1,mix::LA_0086::gtzan_7_pop.00018,mix::bonafide::GTZAN_genre_7,split_internal_mix,mix,generated_after_split,mix::asvspoof2019_LA_T_2572311::gtzan_v2_pop.00018::00::6,mix::asvspoof::LA_0086::gtzan::gtzan_v2_pop.00018,asvspoof::LA_0086,gtzan::gtzan_v2_pop.00018,voice_then_music,15.0,0.5,0.5,0.25,0.0,3.0,none,val_c,val_c,val_c,0,0,0,1,1,0.2187546766226665,0.2187546766226665,,False,True,33.4844375,0.6862304210662842,0.1623463928699493,0.6671523451805115,0.1568572074174881,0.9066116213798524,0.7002132534980774,0.2364386469125747,0.636288583278656,unknown,0.3458957309340228,0.5459876977331988,0.1623463928699493,0.40398189052939415,0.6522697508335114,,,,,,,,,,,real_speech,unknown,clean_or_unknown,with_music,real_music,GTZAN_genre_7,voice+music,RR,voice_then_music,not_partial_or_unknown,>20,GTZAN_genre_7,correct,correct,correct
MIX::data\raw\ajaykarthick_wavefake-audio\wavefake_ajay_LJ019-0394.wav|data\raw\fake_music_generated\fake_music_MusicGen_0144.wav,1,1,1,1,1,mix::wavefake_76ddde::fake_music_MusicGen_14,mix::WF4::MusicGen,split_internal_mix,mix,generated_after_split,mix::wavefake_ajay_LJ019-0394::fake_music_MusicGen_0144::11::11,mix::wavefake::LJ019-0394::generated_music::fake_music_generator_0144,wavefake::LJ019-0394,generated_music::fake_music_generator_0144,crossfade,-15.0,0.25,0.5,0.25,-6.0,-3.0,none,val_c,val_c,val_c,1,1,1,1,1,0.9032113365596502,0.9032113365596502,,False,True,10.953375,0.7002910375595093,0.9993140697479248,0.7125174403190613,0.9992929100990297,0.7499664425849915,0.9994364976882936,0.0136274117976427,0.0528039410710334,unknown,0.9754762419173226,0.7611671272595515,0.9993140697479248,0.1977121694944799,0.2894620802253485,,,,,,,,,,,TTS_or_unknown,unknown,clean_or_unknown,with_music,MusicGen,MusicGen,voice+music,FF,crossfade,partial_or_crossfade,10-20,MusicGen,correct,correct,correct
MIX::data\raw\openslr_librispeech_asr\librispeech_dev_3000-15664-0029.flac|data\raw\fake_music_generated\fake_music_MusicGen_0130.wav,1,0,1,1,1,mix::3000::fake_music_MusicGen_13,mix::LibriSpeech::MusicGen,split_internal_mix,mix,generated_after_split,mix::librispeech_dev_3000-15664-0029::fake_music_MusicGen_0130::01::13,mix::libri::3000::generated_music::fake_music_generator_0130,libri::3000,generated_music::fake_music_generator_0130,crossfade,-10.0,0.5,0.5,0.5,-3.0,3.0,none,val_c,val_c,val_c,1,0,1,1,1,0.9036792736332808,0.9036792736332808,,False,True,11.1245,0.7165641188621521,0.9998074173927308,0.7227246761322021,0.9997956156730652,0.6963465213775635,0.9998511672019958,0.0129465367645025,0.0497534051537513,unknown,0.9758267589293421,0.7726986652934906,0.9998074173927308,0.18379653291776774,0.28727784566581244,,,,,,,,,,,real_speech,unknown,clean_or_unknown,with_music,MusicGen,MusicGen,voice+music,RF,crossfade,partial_or_crossfade,10-20,MusicGen,correct,FP,correct
data/raw/gtzan_unique_v2/pop.00028.wav,0,0,0,0,1,gtzan_7_pop.00028,GTZAN_genre_7,gtzan_real_v2,gtzan_real,sanchit-gandhi/gtzan,gtzan_v2_pop.00028,gtzan::gtzan_v2_pop.00028,,gtzan::gtzan_v2_pop.00028,none,,,,,,,none,val_c,val_c,val_c,0,0,0,0,1,0.3519149819481408,0.3519149819481408,,False,True,30.0001875,0.7292488217353821,0.0001235113450093,0.6908297538757324,0.0001189704998978,0.412928968667984,0.9997715950012208,0.0248725563287735,0.841461718082428,unknown,0.31905939397865474,0.6160486697992097,0.0001235113450093,0.12188665941357613,0.8810391873121262,,,,,,,,,,,absent,unknown,clean_or_unknown,with_music,real_music,GTZAN_genre_7,music_only,single_real,none,not_partial_or_unknown,>20,GTZAN_genre_7,correct,not_scored,correct
MIX::data\raw\openslr_librispeech_asr\librispeech_dev_1993-147149-0012.flac|data\raw\fake_music_generated\fake_music_MusicGen_0152.wav,1,0,1,1,1,mix::1993::fake_music_MusicGen_15,mix::LibriSpeech::MusicGen,split_internal_mix,mix,generated_after_split,mix::librispeech_dev_1993-147149-0012::fake_music_MusicGen_0152::01::11,mix::libri::1993::generated_music::fake_music_generator_0152,libri::1993,generated_music::fake_music_generator_0152,music_then_voice,15.0,0.1,0.0,0.1,3.0,-3.0,none,val_c,val_c,val_c,1,0,1,1,1,0.014227475779404,0.014227475779404,,False,True,11.228625,0.7148178815841675,0.6035448312759399,0.7164354920387268,0.602183997631073,0.9839091300964355,0.304259181022644,0.7373220324516296,0.0827425867319107,unknown,0.5307304688806649,0.5046407598427384,0.6035448312759399,0.7989688068628311,0.13812173530459404,,,,,,,,,,,real_speech,unknown,clean_or_unknown,with_music,MusicGen,MusicGen,voice+music,RF,music_then_voice,not_partial_or_unknown,10-20,MusicGen,correct,correct,correct
MIX::data\raw\ajaykarthick_wavefake-audio\wavefake_ajay_LJ048-0137.wav|data/raw/gtzan_unique_v2/classical.00031.wav,1,1,0,1,1,mix::wavefake_365a25::gtzan_1_classical.00031,mix::WF1::GTZAN_genre_1,split_internal_mix,mix,generated_after_split,mix::wavefake_ajay_LJ048-0137::gtzan_v2_classical.00031::10::13,mix::wavefake::LJ048-0137::gtzan::gtzan_v2_classical.00031,wavefake::LJ048-0137,gtzan::gtzan_v2_classical.00031,simultaneous,-15.0,0.5,1.0,0.25,0.0,0.0,none,val_c,val_c,val_c,1,1,0,1,1,0.1597920882850128,0.1597920882850128,,False,True,30.013375,0.6330582499504089,0.0002204751508543,0.6444600820541382,0.0002133928646799,0.6919733881950378,0.9994800090789796,0.0882607102394104,0.6036990284919739,unknown,0.2242245216518844,0.49107840145079,0.0002204751508543,0.23918887972831726,0.7026442736387253,,,,,,,,,,,TTS_or_unknown,unknown,clean_or_unknown,with_music,real_music,GTZAN_genre_1,voice+music,FR,simultaneous,not_partial_or_unknown,>20,GTZAN_genre_1,FN,FN,correct
MIX::data\raw\ajaykarthick_wavefake-audio\wavefake_ajay_LJ043-0048.wav|data\raw\fake_music_generated\fake_music_MusicGen_0156.wav,1,1,1,1,1,mix::wavefake_a26c57::fake_music_MusicGen_15,mix::WF1::MusicGen,split_internal_mix,mix,generated_after_split,mix::wavefake_ajay_LJ043-0048::fake_music_MusicGen_0156::11::6,mix::wavefake::LJ043-0048::generated_music::fake_music_generator_0156,wavefake::LJ043-0048,generated_music::fake_music_generator_0156,crossfade,-5.0,0.1,0.1,0.1,3.0,-6.0,none,val_c,val_c,val_c,1,1,1,1,1,0.7182007235457883,0.7182007235457883,,False,True,14.572125,0.7179504632949829,0.9895029664039612,0.7223129272460938,0.9895821809768676,0.7933728098869324,0.9656129479408264,0.3712397515773773,0.0365466400980949,unknown,0.9245335379907242,0.7180255413702246,0.9895029664039612,0.4767730161547661,0.26881321705877775,,,,,,,,,,,TTS_or_unknown,unknown,clean_or_unknown,with_music,MusicGen,MusicGen,voice+music,FF,crossfade,partial_or_crossfade,10-20,MusicGen,correct,correct,correct
data\raw\ajaykarthick_wavefake-audio\wavefake_ajay_LJ010-0005_WF6_2.wav,1,1,0,1,0,wavefake_ec1004,WF6,wavefake_ajay,wavefake_ajay,ajaykarthick/wavefake-audio,wavefake_ajay_LJ010-0005,wavefake::LJ010-0005,wavefake::LJ010-0005,,none,,,,,,,none,val_c,val_c,val_c,1,1,0,1,0,0.9957357419159576,0.9957357419159576,,False,True,9.99625,0.7613924741744995,0.5069382190704346,0.7610894441604614,0.5161371231079102,0.9831674098968506,0.1145894527435302,0.8205029368400574,0.0408177301287651,unknown,0.7863661545403502,0.8316954544969368,0.5069382190704346,0.8611690551042557,0.05926066078245637,,,,,,,,,,,TTS_or_unknown,unknown,clean_or_unknown,voice_only,absent,WF6,voice_only,single_fake,none,not_partial_or_unknown,5-10,WF6,correct,correct,not_scored
data\raw\ajaykarthick_wavefake-audio\wavefake_ajay_LJ009-0006.wav,1,1,0,1,0,wavefake_b8c207,WF1,wavefake_ajay,wavefake_ajay,ajaykarthick/wavefake-audio,wavefake_ajay_LJ009-0006,wavefake::LJ009-0006,wavefake::LJ009-0006,,none,,,,,,,none,val_c,val_c,val_c,1,1,0,1,0,0.99575923446417,0.99575923446417,,False,True,8.04575,0.7468773722648621,0.5920318365097046,0.7526826858520508,0.6034030914306641,0.975534737110138,0.1600142121315002,0.7525439262390137,0.0379750058054924,unknown,0.8229140138897816,0.8215419309246544,0.5920318365097046,0.8082916289567947,0.06848480738699435,,,,,,,,,,,TTS_or_unknown,unknown,clean_or_unknown,voice_only,absent,WF1,voice_only,single_fake,none,not_partial_or_unknown,5-10,WF1,correct,correct,not_scored
data\raw\fake_music_generated\fake_music_MusicGen_0012.wav,1,0,1,0,1,fake_music_MusicGen_1,MusicGen,fake_music_generated,fake_music_generated,synth/MusicGen,fake_music_MusicGen_0012,generated_music::fake_music_generator_0012,,generated_music::fake_music_generator_0012,none,,,,,,,none,val_c,val_c,val_c,1,0,1,0,1,0.8977283448521755,0.8977283448521755,,False,True,4.530375,0.703180193901062,0.9999158382415771,0.7016803622245789,0.9999089241027832,0.6153667569160461,0.9999555349349976,0.0209611542522907,0.0851873233914375,unknown,0.9743904069431608,0.761544639186396,0.9999158382415771,0.16956255491822955,0.31387937627732754,,,,,,,,,,,absent,unknown,clean_or_unknown,with_music,MusicGen,MusicGen,music_only,single_fake,none,not_partial_or_unknown,2-5,MusicGen,correct,not_scored,correct
data\raw\fake_music_generated\fake_music_MusicGen_0156.wav,1,0,1,0,1,fake_music_MusicGen_15,MusicGen,fake_music_generated,fake_music_generated,synth/MusicGen,fake_music_MusicGen_0156,generated_music::fake_music_generator_0156,,generated_music::fake_music_generator_0156,none,,,,,,,none,val_c,val_c,val_c,1,0,1,0,1,0.7839919578365664,0.7839919578365664,,False,True,4.7455625,0.7080766558647156,0.9991132616996764,0.6985232830047607,0.9990900754928588,0.5581410527229309,0.9991536140441896,0.0153483180329203,0.0307701379060745,unknown,0.9455672685783693,0.7308512464562708,0.9991132616996764,0.15104650170542294,0.27286600694060326,,,,,,,,,,,absent,unknown,clean_or_unknown,with_music,MusicGen,MusicGen,music_only,single_fake,none,not_partial_or_unknown,2-5,MusicGen,correct,not_scored,correct
MIX::data\raw\Bisher_ASVspoof_2019_LA\asvspoof2019_LA_T_2662915.flac|data\raw\fake_music_generated\fake_music_MusicGen_0296.wav,1,0,1,1,1,mix::LA_0094::fake_music_MusicGen_29,mix::bonafide::MusicGen,split_internal_mix,mix,generated_after_split,mix::asvspoof2019_LA_T_2662915::fake_music_MusicGen_0296::01::4,mix::asvspoof::LA_0094::generated_music::fake_music_generator_0296,asvspoof::LA_0094,generated_music::fake_music_generator_0296,simultaneous,15.0,0.25,0.1,0.25,-6.0,0.0,none,val_c,val_c,val_c,1,0,1,1,1,0.6659247004912067,0.6659247004912067,,False,True,5.8256875,0.6985538601875305,0.7780213952064514,0.7066048383712769,0.7743939161300659,0.9536482691764832,0.6174486875534058,0.6429626941680908,0.6156617403030396,unknown,0.8059710863692768,0.6887651122786334,0.7780213952064514,0.7206340879201889,0.6161084771156311,,,,,,,,,,,real_speech,unknown,clean_or_unknown,with_music,MusicGen,MusicGen,voice+music,RF,simultaneous,not_partial_or_unknown,5-10,MusicGen,correct,FP,correct
data\raw\openslr_librispeech_asr\librispeech_dev_1919-142785-0022.flac,0,0,0,1,0,1919,LibriSpeech,librispeech_dev,librispeech_dev,openslr/librispeech_asr,librispeech_dev_1919-142785-0022,libri::1919,libri::1919,,none,,,,,,,none,val_c,val_c,val_c,0,0,0,1,0,0.0105269229083277,0.0105269229083277,,False,True,6.77,0.6915062665939331,0.508723258972168,0.6984083652496338,0.5174640417098999,0.9285959601402284,0.1004503965377807,0.83295077085495,0.0241322144865989,unknown,0.47721052520185103,0.4872124634882514,0.508723258972168,0.8568620681762695,0.04321175999939435,,,,,,,,,,,real_speech,unknown,clean_or_unknown,voice_only,absent,LibriSpeech,voice_only,single_real,none,not_partial_or_unknown,5-10,LibriSpeech,FP,correct,not_scored
MIX::data\raw\Bisher_ASVspoof_2019_LA\asvspoof2019_LA_T_2960848.flac|data/raw/gtzan_unique_v2/reggae.00021.wav,1,1,0,1,1,mix::LA_0086::gtzan_8_reggae.00021,mix::A02::GTZAN_genre_8,split_internal_mix,mix,generated_after_split,mix::asvspoof2019_LA_T_2960848::gtzan_v2_reggae.00021::10::15,mix::asvspoof::LA_0086::gtzan::gtzan_v2_reggae.00021,asvspoof::LA_0086,gtzan::gtzan_v2_reggae.00021,music_then_voice,-5.0,0.1,0.1,0.05,-6.0,-6.0,none,val_c,val_c,val_c,1,1,0,1,1,0.5531226377496359,0.5531226377496359,,False,True,33.993875,0.6375443935394287,5.105750824441202e-05,0.6341204643249512,4.874556907452643e-05,0.5477715730667114,0.9998806118965148,0.0591190755367279,0.8863074779510498,unknown,0.3678880637727945,0.6122178668024908,5.105750824441202e-05,0.18128219991922379,0.9147007614374161,,,,,,,,,,,TTS_or_unknown,unknown,clean_or_unknown,with_music,real_music,GTZAN_genre_8,voice+music,FR,music_then_voice,not_partial_or_unknown,>20,GTZAN_genre_8,FN,FN,correct
data\raw\openslr_librispeech_asr\librispeech_dev_3170-137482-0028.flac,0,0,0,1,0,3170,LibriSpeech,librispeech_dev,librispeech_dev,openslr/librispeech_asr,librispeech_dev_3170-137482-0028,libri::3170,libri::3170,,none,,,,,,,none,val_c,val_c,val_c,0,0,0,1,0,0.0175589894577888,0.0175589894577888,,False,True,3.9,0.6943025588989258,0.4155399203300476,0.7050890326499939,0.4112324118614197,0.9622683525085448,0.0830457359552383,0.8818461894989014,0.0190874077379703,unknown,0.42210434021210097,0.49127948806658467,0.4155399203300476,0.9019517302513123,0.0350769897922873,,,,,,,,,,,real_speech,unknown,clean_or_unknown,voice_only,absent,LibriSpeech,voice_only,single_real,none,not_partial_or_unknown,2-5,LibriSpeech,correct,correct,not_scored
data\raw\openslr_librispeech_asr\librispeech_dev_777-126732-0012.flac,0,0,0,1,0,777,LibriSpeech,librispeech_dev,librispeech_dev,openslr/librispeech_asr,librispeech_dev_777-126732-0012,libri::777,libri::777,,none,,,,,,,none,val_c,val_c,val_c,0,0,0,1,0,0.0192925014579063,0.0192925014579063,,False,True,4.835,0.7232479453086853,0.3423757553100586,0.7311426997184753,0.3349549174308777,0.97560453414917,0.1219901666045188,0.8400945663452148,0.0271484907716512,unknown,0.38510110275727294,0.5120613121534516,0.3423757553100586,0.8739720582962036,0.0508589097298681,,,,,,,,,,,real_speech,unknown,clean_or_unknown,voice_only,absent,LibriSpeech,voice_only,single_real,none,not_partial_or_unknown,2-5,LibriSpeech,correct,correct,not_scored
data/raw/gtzan_unique_v2/hiphop.00011.wav,0,0,0,0,1,gtzan_4_hiphop.00011,GTZAN_genre_4,gtzan_real_v2,gtzan_real,sanchit-gandhi/gtzan,gtzan_v2_hiphop.00011,gtzan::gtzan_v2_hiphop.00011,,gtzan::gtzan_v2_hiphop.00011,none,,,,,,,none,val_c,val_c,val_c,0,0,0,0,1,0.342897423456968,0.342897423456968,,False,True,30.013375,0.6835665106773376,0.0007002725033089,0.6676358580589294,0.0006863302551209,0.4452417194843292,0.9981303215026855,0.0398975424468517,0.8727933764457703,unknown,0.3041038331628915,0.5813657845112268,0.0007002725033089,0.14123358670622108,0.9041276127099991,,,,,,,,,,,absent,unknown,clean_or_unknown,with_music,real_music,GTZAN_genre_4,music_only,single_real,none,not_partial_or_unknown,>20,GTZAN_genre_4,correct,not_scored,correct
data\raw\ajaykarthick_wavefake-audio\wavefake_ajay_LJ029-0133.wav,1,1,0,1,0,wavefake_57bf80,WF5,wavefake_ajay,wavefake_ajay,ajaykarthick/wavefake-audio,wavefake_ajay_LJ029-0133,wavefake::LJ029-0133,wavefake::LJ029-0133,,none,,,,,,,none,val_c,val_c,val_c,1,1,0,1,0,0.9988940804896228,0.9988940804896228,,False,True,7.6161875,0.7505961060523987,0.5343670845031738,0.7583862543106079,0.5470263361930847,0.9744808673858644,0.0898488089442253,0.8031906485557556,0.0325709730386734,unknown,0.7993161651884371,0.8250854983835658,0.5343670845031738,0.8460132032632828,0.04689043201506138,,,,,,,,,,,TTS_or_unknown,unknown,clean_or_unknown,voice_only,absent,WF5,voice_only,single_fake,none,not_partial_or_unknown,5-10,WF5,correct,correct,not_scored
MIX::data\raw\Bisher_ASVspoof_2019_LA\asvspoof2019_LA_T_7333217.flac|data\raw\fake_music_generated\fake_music_MusicGen_0124.wav,1,1,1,1,1,mix::LA_0083::fake_music_MusicGen_12,mix::A01::MusicGen,split_internal_mix,mix,generated_after_split,mix::asvspoof2019_LA_T_7333217::fake_music_MusicGen_0124::11::19,mix::asvspoof::LA_0083::generated_music::fake_music_generator_0124,asvspoof::LA_0083,generated_music::fake_music_generator_0124,music_then_voice,-10.0,0.25,0.5,0.25,-6.0,-3.0,none,val_c,val_c,val_c,1,1,1,1,1,0.8982524984975209,0.8982524984975209,,False,True,7.489,0.7096238732337952,0.999864935874939,0.710455060005188,0.999854564666748,0.6455358266830444,0.999924659729004,0.0142343835905194,0.0488737151026725,unknown,0.9744967452583743,0.7662124608129128,0.999864935874939,0.17205974436365065,0.2866364512592554,,,,,,,,,,,TTS_or_unknown,unknown,clean_or_unknown,with_music,MusicGen,MusicGen,voice+music,FF,music_then_voice,not_partial_or_unknown,5-10,MusicGen,correct,correct,correct
MIX::data\raw\ajaykarthick_wavefake-audio\wavefake_ajay_LJ019-0394.wav|data\raw\fake_music_generated\fake_music_MusicGen_0156.wav,1,1,1,1,1,mix::wavefake_76ddde::fake_music_MusicGen_15,mix::WF4::MusicGen,split_internal_mix,mix,generated_after_split,mix::wavefake_ajay_LJ019-0394::fake_music_MusicGen_0156::11::5,mix::wavefake::LJ019-0394::generated_music::fake_music_generator_0156,wavefake::LJ019-0394,generated_music::fake_music_generator_0156,partial_overlap,-10.0,0.75,0.0,0.05,0.0,3.0,none,val_c,val_c,val_c,1,1,1,1,1,0.5013541005974439,0.5013541005974439,,False,True,6.6895625,0.7109641432762146,0.9936059713363647,0.7077509760856628,0.9936797618865968,0.6074671149253845,0.9923160076141356,0.3929933309555053,0.1938716024160385,unknown,0.8721246186046977,0.6480811304725833,0.9936059713363647,0.4466117769479751,0.3934827037155628,,,,,,,,,,,TTS_or_unknown,unknown,clean_or_unknown,with_music,MusicGen,MusicGen,voice+music,FF,partial_overlap,partial_or_crossfade,5-10,MusicGen,correct,FN,correct
MIX::data\raw\ajaykarthick_wavefake-audio\wavefake_ajay_LJ048-0137.wav|data/raw/gtzan_unique_v2/jazz.00008.wav,1,1,0,1,1,mix::wavefake_365a25::gtzan_5_jazz.00008,mix::WF1::GTZAN_genre_5,split_internal_mix,mix,generated_after_split,mix::wavefake_ajay_LJ048-0137::gtzan_v2_jazz.00008::10::17,mix::wavefake::LJ048-0137::gtzan::gtzan_v2_jazz.00008,wavefake::LJ048-0137,gtzan::gtzan_v2_jazz.00008,crossfade,5.0,0.5,1.0,0.25,0.0,0.0,none,val_c,val_c,val_c,1,1,0,1,1,0.999100752588522,0.999100752588522,,False,True,36.95,0.7727969884872437,0.2650394141674042,0.7029990553855896,0.2715060710906982,0.826073408126831,0.7040155529975891,0.2742557227611542,0.4693422317504883,unknown,0.6826819819315124,0.8406881177176271,0.2650394141674042,0.4122101441025734,0.5280105620622635,,,,,,,,,,,TTS_or_unknown,unknown,clean_or_unknown,with_music,real_music,GTZAN_genre_5,voice+music,FR,crossfade,partial_or_crossfade,>20,GTZAN_genre_5,correct,correct,correct
data/raw/gtzan_unique_v2/hiphop.00099.wav,0,0,0,0,1,gtzan_4_hiphop.00099,GTZAN_genre_4,gtzan_real_v2,gtzan_real,sanchit-gandhi/gtzan,gtzan_v2_hiphop.00099,gtzan::gtzan_v2_hiphop.00099,,gtzan::gtzan_v2_hiphop.00099,none,,,,,,,none,val_c,val_c,val_c,0,0,0,0,1,0.5138527568755829,0.5138527568755829,,False,True,30.0001875,0.6632440686225891,0.0173812229186296,0.6649821996688843,0.0177684836089611,0.6443008780479431,0.961836040019989,0.0431228280067443,0.8450822234153748,unknown,0.36952345286665733,0.6184266750984873,0.0173812229186296,0.193417340517044,0.8742706775665283,,,,,,,,,,,absent,unknown,clean_or_unknown,with_music,real_music,GTZAN_genre_4,music_only,single_real,none,not_partial_or_unknown,>20,GTZAN_genre_4,correct,not_scored,correct
MIX::data\raw\openslr_librispeech_asr\librispeech_dev_777-126732-0042.flac|data\raw\fake_music_generated\fake_music_MusicGen_0114.wav,1,0,1,1,1,mix::777::fake_music_MusicGen_11,mix::LibriSpeech::MusicGen,split_internal_mix,mix,generated_after_split,mix::librispeech_dev_777-126732-0042::fake_music_MusicGen_0114::01::16,mix::libri::777::generated_music::fake_music_generator_0114,libri::777,generated_music::fake_music_generator_0114,music_then_voice,5.0,0.25,0.1,0.25,-6.0,0.0,none,val_c,val_c,val_c,1,0,1,1,1,0.0189541017303019,0.0189541017303019,,False,True,11.3015625,0.6797564029693604,0.6672285199165344,0.6711903810501099,0.660909116268158,0.9689719080924988,0.5195448398590088,0.7083431482315063,0.0769350156188011,unknown,0.5628781501385459,0.48151571259764275,0.6672285199165344,0.7735003381967545,0.18758747167885303,,,,,,,,,,,real_speech,unknown,clean_or_unknown,with_music,MusicGen,MusicGen,voice+music,RF,music_then_voice,not_partial_or_unknown,10-20,MusicGen,correct,correct,correct
data\raw\Bisher_ASVspoof_2019_LA\asvspoof2019_LA_T_3147515.flac,1,1,0,1,0,LA_0083,A02,asvspoof2019,asvspoof2019,Bisher/ASVspoof_2019_LA,asvspoof2019_LA_T_3147515,asvspoof::LA_0083,asvspoof::LA_0083,,none,,,,,,,none,val_c,val_c,val_c,1,1,0,1,0,0.9992855334590012,0.9992855334590012,,False,True,4.3056875,0.6978503465652466,0.4612760245800018,0.7090938091278076,0.4600257277488708,0.9686699509620668,0.0392760373651981,0.7109310626983643,0.015084434300661,unknown,0.7545592235934457,0.7882809026333729,0.4612760245800018,0.7753657847642899,0.021132335066795273,,,,,,,,,,,TTS_or_unknown,unknown,clean_or_unknown,voice_only,absent,A02,voice_only,single_fake,none,not_partial_or_unknown,2-5,A02,correct,correct,not_scored
MIX::data\raw\openslr_librispeech_asr\librispeech_dev_3000-15664-0019.flac|data/raw/gtzan_unique_v2/rock.00041.wav,0,0,0,1,1,mix::3000::gtzan_9_rock.00041,mix::LibriSpeech::GTZAN_genre_9,split_internal_mix,mix,generated_after_split,mix::librispeech_dev_3000-15664-0019::gtzan_v2_rock.00041::00::17,mix::libri::3000::gtzan::gtzan_v2_rock.00041,libri::3000,gtzan::gtzan_v2_rock.00041,music_then_voice,0.0,0.25,0.1,0.1,-3.0,0.0,none,val_c,val_c,val_c,0,0,0,1,1,0.0071929638640953,0.0071929638640953,,False,True,47.733375,0.6938369870185852,0.0963760986924171,0.6674870848655701,0.0906383842229843,0.7295262217521667,0.7242109179496765,0.2922285497188568,0.5675527453422546,unknown,0.2372389094758672,0.4878437800722382,0.0963760986924171,0.4015529677271843,0.6067172884941101,,,,,,,,,,,real_speech,unknown,clean_or_unknown,with_music,real_music,GTZAN_genre_9,voice+music,RR,music_then_voice,not_partial_or_unknown,>20,GTZAN_genre_9,correct,correct,correct
data/raw/gtzan_unique_v2/disco.00066.wav,0,0,0,0,1,gtzan_3_disco.00066,GTZAN_genre_3,gtzan_real_v2,gtzan_real,sanchit-gandhi/gtzan,gtzan_v2_disco.00066,gtzan::gtzan_v2_disco.00066,,gtzan::gtzan_v2_disco.00066,none,,,,,,,none,val_c,val_c,val_c,0,0,0,0,1,0.42276187053998,0.42276187053998,,False,True,30.0001875,0.6974664926528931,2.094630508508999e-05,0.6772733926773071,1.997796061914414e-05,0.4158205986022949,0.9999216198921204,0.0240854378789663,0.8632499575614929,unknown,0.33634664781730567,0.615055106019019,2.094630508508999e-05,0.12201922805979845,0.8974178731441498,,,,,,,,,,,absent,unknown,clean_or_unknown,with_music,real_music,GTZAN_genre_3,music_only,single_real,none,not_partial_or_unknown,>20,GTZAN_genre_3,correct,not_scored,correct
MIX::data\raw\ajaykarthick_wavefake-audio\wavefake_ajay_LJ019-0370.wav|data/raw/gtzan_unique_v2/jazz.00011.wav,1,1,0,1,1,mix::wavefake_5f9cb1::gtzan_5_jazz.00011,mix::WF6::GTZAN_genre_5,split_internal_mix,mix,generated_after_split,mix::wavefake_ajay_LJ019-0370::gtzan_v2_jazz.00011::10::4,mix::wavefake::LJ019-0370::gtzan::gtzan_v2_jazz.00011,wavefake::LJ019-0370,gtzan::gtzan_v2_jazz.00011,voice_then_music,10.0,0.25,0.5,0.1,-3.0,-3.0,none,val_c,val_c,val_c,1,1,0,1,1,0.9835510852614489,0.9835510852614489,,False,True,38.443,0.7444056868553162,0.231605514883995,0.6896407008171082,0.2331450879573822,0.8851251602172852,0.7048246264457703,0.2814456522464752,0.540187418460846,unknown,0.6553409821501759,0.8161493063771559,0.231605514883995,0.4323655292391777,0.581346720457077,,,,,,,,,,,TTS_or_unknown,unknown,clean_or_unknown,with_music,real_music,GTZAN_genre_5,voice+music,FR,voice_then_music,not_partial_or_unknown,>20,GTZAN_genre_5,correct,correct,correct
data\raw\fake_music_generated\fake_music_MusicGen_0170.wav,1,0,1,0,1,fake_music_MusicGen_17,MusicGen,fake_music_generated,fake_music_generated,synth/MusicGen,fake_music_MusicGen_0170,generated_music::fake_music_generator_0170,,generated_music::fake_music_generator_0170,none,,,,,,,none,val_c,val_c,val_c,1,0,1,0,1,0.9339073886689856,0.9339073886689856,,False,True,4.6623125,0.6952792406082153,0.9995695948600768,0.6890807151794434,0.9995468258857728,0.5570611357688904,0.9997038245201112,0.009172418154776,0.0136181712150573,unknown,0.9832692788694186,0.7668676850264464,0.9995695948600768,0.14614459755830458,0.2601395845413208,,,,,,,,,,,absent,unknown,clean_or_unknown,with_music,MusicGen,MusicGen,music_only,single_fake,none,not_partial_or_unknown,2-5,MusicGen,correct,not_scored,correct
data\raw\ajaykarthick_wavefake-audio\wavefake_ajay_LJ009-0269_WF2_1.wav,1,1,0,1,0,wavefake_0e83c3,WF2,wavefake_ajay,wavefake_ajay,ajaykarthick/wavefake-audio,wavefake_ajay_LJ009-0269,wavefake::LJ009-0269,wavefake::LJ009-0269,,none,,,,,,,none,val_c,val_c,val_c,1,1,0,1,0,0.9724569887758518,0.9724569887758518,,False,True,4.7485,0.7485879063606262,0.4944616556167602,0.7564259767532349,0.5019699335098267,0.981264352798462,0.1004529744386673,0.8377894163131714,0.0285102818161249,unknown,0.7714231727633216,0.8157486310851938,0.4944616556167602,0.873658150434494,0.0464959549717605,,,,,,,,,,,TTS_or_unknown,unknown,clean_or_unknown,voice_only,absent,WF2,voice_only,single_fake,none,not_partial_or_unknown,2-5,WF2,correct,correct,not_scored
data\raw\fake_music_generated\fake_music_MusicGen_0124.wav,1,0,1,0,1,fake_music_MusicGen_12,MusicGen,fake_music_generated,fake_music_generated,synth/MusicGen,fake_music_MusicGen_0124,generated_music::fake_music_generator_0124,,generated_music::fake_music_generator_0124,none,,,,,,,none,val_c,val_c,val_c,1,0,1,0,1,0.8907833014574869,0.8907833014574869,,False,True,4.4595,0.7112771272659302,0.9998699426651,0.7062800526618958,0.9998594522476196,0.5926631093025208,0.999925136566162,0.0140668079257011,0.0463682748377323,unknown,0.9726316649451159,0.7651289795233971,0.9998699426651,0.15871588326990602,0.2847574902698397,,,,,,,,,,,absent,unknown,clean_or_unknown,with_music,MusicGen,MusicGen,music_only,single_fake,none,not_partial_or_unknown,2-5,MusicGen,correct,not_scored,correct
MIX::data\raw\ajaykarthick_wavefake-audio\wavefake_ajay_LJ019-0394.wav|data\raw\fake_music_generated\fake_music_MusicGen_0174.wav,1,1,1,1,1,mix::wavefake_76ddde::fake_music_MusicGen_17,mix::WF4::MusicGen,split_internal_mix,mix,generated_after_split,mix::wavefake_ajay_LJ019-0394::fake_music_MusicGen_0174::11::17,mix::wavefake::LJ019-0394::generated_music::fake_music_generator_0174,wavefake::LJ019-0394,generated_music::fake_music_generator_0174,simultaneous,15.0,0.75,0.0,0.05,0.0,3.0,none,val_c,val_c,val_c,1,1,1,1,1,0.9989464209542728,0.9989464209542728,,False,True,5.5031875,0.7143720984458923,0.7951802015304565,0.7223771214485168,0.7959974408149719,0.9457241296768188,0.6616111993789673,0.5537228584289551,0.4445768594741821,unknown,0.9078545283124856,0.7997443951984065,0.7951802015304565,0.651723176240921,0.49883544445037836,,,,,,,,,,,TTS_or_unknown,unknown,clean_or_unknown,with_music,MusicGen,MusicGen,voice+music,FF,simultaneous,not_partial_or_unknown,5-10,MusicGen,correct,correct,correct
MIX::data\raw\openslr_librispeech_asr\librispeech_dev_6295-244435-0026.flac|data/raw/gtzan_unique_v2/blues.00043.wav,0,0,0,1,1,mix::6295::gtzan_0_blues.00043,mix::LibriSpeech::GTZAN_genre_0,split_internal_mix,mix,generated_after_split,mix::librispeech_dev_6295-244435-0026::gtzan_v2_blues.00043::00::1,mix::libri::6295::gtzan::gtzan_v2_blues.00043,libri::6295,gtzan::gtzan_v2_blues.00043,voice_then_music,-10.0,0.25,0.1,0.1,-3.0,0.0,none,val_c,val_c,val_c,0,0,0,1,1,0.2909690857394894,0.2909690857394894,,False,True,33.453375,0.6662470102310181,4.5621698518516496e-05,0.6515902876853943,4.35382426076103e-05,0.4877098500728607,0.9999123215675354,0.0244715567678213,0.867180585861206,unknown,0.2803900965908769,0.5536636328835594,4.5621698518516496e-05,0.14028113009408116,0.9003635197877884,,,,,,,,,,,real_speech,unknown,clean_or_unknown,with_music,real_music,GTZAN_genre_0,voice+music,RR,voice_then_music,not_partial_or_unknown,>20,GTZAN_genre_0,correct,correct,correct
data/raw/gtzan_unique_v2/reggae.00011.wav,0,0,0,0,1,gtzan_8_reggae.00011,GTZAN_genre_8,gtzan_real_v2,gtzan_real,sanchit-gandhi/gtzan,gtzan_v2_reggae.00011,gtzan::gtzan_v2_reggae.00011,,gtzan::gtzan_v2_reggae.00011,none,,,,,,,none,val_c,val_c,val_c,0,0,0,0,1,0.5669879833754449,0.5669879833754449,,False,True,30.013375,0.630742609500885,0.0002417241921648,0.635202169418335,0.0002329343697056,0.6339643001556396,0.9992378354072572,0.0452251322567462,0.860199511051178,unknown,0.3712256350143713,0.6116162216632529,0.0002417241921648,0.19240992423146958,0.8949590921401978,,,,,,,,,,,absent,unknown,clean_or_unknown,with_music,real_music,GTZAN_genre_8,music_only,single_real,none,not_partial_or_unknown,>20,GTZAN_genre_8,correct,not_scored,correct
data\raw\openslr_librispeech_asr\librispeech_dev_6295-244435-0030.flac,0,0,0,1,0,6295,LibriSpeech,librispeech_dev,librispeech_dev,openslr/librispeech_asr,librispeech_dev_6295-244435-0030,libri::6295,libri::6295,,none,,,,,,,none,val_c,val_c,val_c,0,0,0,1,0,0.0061344338851275,0.0061344338851275,,False,True,5.545,0.6897873282432556,0.0953562706708908,0.7048352956771851,0.0913242399692535,0.918999195098877,0.3139874637126922,0.7674767374992371,0.0375559665262699,unknown,0.23596620867020157,0.48469145993581714,0.0953562706708908,0.805357351899147,0.10666384082287547,,,,,,,,,,,real_speech,unknown,clean_or_unknown,voice_only,absent,LibriSpeech,voice_only,single_real,none,not_partial_or_unknown,5-10,LibriSpeech,correct,correct,not_scored
MIX::data\raw\Bisher_ASVspoof_2019_LA\asvspoof2019_LA_T_1229215.flac|data/raw/gtzan_unique_v2/hiphop.00001.wav,1,1,0,1,1,mix::LA_0094::gtzan_4_hiphop.00001,mix::A01::GTZAN_genre_4,split_internal_mix,mix,generated_after_split,mix::asvspoof2019_LA_T_1229215::gtzan_v2_hiphop.00001::10::16,mix::asvspoof::LA_0094::gtzan::gtzan_v2_hiphop.00001,asvspoof::LA_0094,gtzan::gtzan_v2_hiphop.00001,partial_overlap,0.0,0.25,0.5,0.1,-3.0,-3.0,none,val_c,val_c,val_c,1,1,0,1,1,0.7620898260558425,0.7620898260558425,,False,True,30.88875,0.6745589971542358,0.0005239508464001,0.6757512092590332,0.0005025014397688,0.8274124264717102,0.9978854656219482,0.154225543141365,0.8088575005531311,unknown,0.453576520438141,0.7008182458247179,0.0005239508464001,0.3225222639739513,0.8561144918203354,,,,,,,,,,,TTS_or_unknown,unknown,clean_or_unknown,with_music,real_music,GTZAN_genre_4,voice+music,FR,partial_overlap,partial_or_crossfade,>20,GTZAN_genre_4,FN,correct,correct
MIX::data\raw\Bisher_ASVspoof_2019_LA\asvspoof2019_LA_T_2059429.flac|data/raw/gtzan_unique_v2/blues.00074.wav,1,1,0,1,1,mix::LA_0094::gtzan_0_blues.00074,mix::A02::GTZAN_genre_0,split_internal_mix,mix,generated_after_split,mix::asvspoof2019_LA_T_2059429::gtzan_v2_blues.00074::10::3,mix::asvspoof::LA_0094::gtzan::gtzan_v2_blues.00074,asvspoof::LA_0094,gtzan::gtzan_v2_blues.00074,simultaneous,5.0,0.1,0.1,0.05,-6.0,-6.0,none,val_c,val_c,val_c,1,1,0,1,1,0.9836832525256712,0.9836832525256712,,False,True,30.013375,0.6369772553443909,0.0002182442694902,0.6329993009567261,0.0002101124846376,0.7792503833770752,0.9993133544921876,0.3186948895454407,0.886895477771759,unknown,0.5238916986206691,0.740989054498775,0.0002182442694902,0.4338337630033493,0.9149999469518661,,,,,,,,,,,TTS_or_unknown,unknown,clean_or_unknown,with_music,real_music,GTZAN_genre_0,voice+music,FR,simultaneous,not_partial_or_unknown,>20,GTZAN_genre_0,correct,correct,correct
data\raw\fake_music_generated\fake_music_MusicGen_0220.wav,1,0,1,0,1,fake_music_MusicGen_22,MusicGen,fake_music_generated,fake_music_generated,synth/MusicGen,fake_music_MusicGen_0220,generated_music::fake_music_generator_0220,,generated_music::fake_music_generator_0220,none,,,,,,,none,val_c,val_c,val_c,1,0,1,0,1,0.9474282881633234,0.9474282881633234,,False,True,4.8906875,0.7152695059776306,0.999913215637207,0.7065823674201965,0.9999058246612548,0.5596738457679749,0.9999498128890992,0.0189878270030021,0.1062056720256805,unknown,0.9868147566029647,0.7849171406333384,0.999913215637207,0.15415933169424528,0.3296417072415352,,,,,,,,,,,absent,unknown,clean_or_unknown,with_music,MusicGen,MusicGen,music_only,single_fake,none,not_partial_or_unknown,2-5,MusicGen,correct,not_scored,correct
MIX::data\raw\openslr_librispeech_asr\librispeech_dev_3170-137482-0001.flac|data/raw/gtzan_unique_v2/country.00040.wav,0,0,0,1,1,mix::3170::gtzan_2_country.00040,mix::LibriSpeech::GTZAN_genre_2,split_internal_mix,mix,generated_after_split,mix::librispeech_dev_3170-137482-0001::gtzan_v2_country.00040::00::13,mix::libri::3170::gtzan::gtzan_v2_country.00040,libri::3170,gtzan::gtzan_v2_country.00040,partial_overlap,15.0,0.25,0.1,0.1,-3.0,0.0,none,val_c,val_c,val_c,0,0,0,1,1,0.0099002556157895,0.0099002556157895,,False,True,45.890875,0.7144769430160522,0.4321755766868591,0.722219705581665,0.433356761932373,0.9486425518989564,0.4161874055862427,0.5677425265312195,0.3074310421943664,unknown,0.43417770442781356,0.5031039367959733,0.4321755766868591,0.6629675328731537,0.33462013304233545,,,,,,,,,,,real_speech,unknown,clean_or_unknown,with_music,real_music,GTZAN_genre_2,voice+music,RR,partial_overlap,partial_or_crossfade,>20,GTZAN_genre_2,correct,correct,FP
MIX::data\raw\openslr_librispeech_asr\librispeech_dev_1919-142785-0044.flac|data\raw\fake_music_generated\fake_music_MusicGen_0040.wav,1,0,1,1,1,mix::1919::fake_music_MusicGen_4,mix::LibriSpeech::MusicGen,split_internal_mix,mix,generated_after_split,mix::librispeech_dev_1919-142785-0044::fake_music_MusicGen_0040::01::15,mix::libri::1919::generated_music::fake_music_generator_0040,libri::1919,generated_music::fake_music_generator_0040,voice_then_music,0.0,0.1,0.0,0.1,3.0,-3.0,none,val_c,val_c,val_c,1,0,1,1,1,0.0470442441404141,0.0470442441404141,,False,True,10.9495625,0.7061246037483215,0.76943039894104,0.7042391300201416,0.7732565402984619,0.8447050452232361,0.5601183176040649,0.4199984073638916,0.0292208343744277,unknown,0.6342268005661628,0.5084004958659493,0.76943039894104,0.5261750668287277,0.161945205181837,,,,,,,,,,,real_speech,unknown,clean_or_unknown,with_music,MusicGen,MusicGen,voice+music,RF,voice_then_music,not_partial_or_unknown,10-20,MusicGen,correct,correct,correct
MIX::data\raw\Bisher_ASVspoof_2019_LA\asvspoof2019_LA_T_8813506.flac|data\raw\fake_music_generated\fake_music_MusicGen_0002.wav,1,1,1,1,1,mix::LA_0094::fake_music_MusicGen_0,mix::A01::MusicGen,split_internal_mix,mix,generated_after_split,mix::asvspoof2019_LA_T_8813506::fake_music_MusicGen_0002::11::3,mix::asvspoof::LA_0094::generated_music::fake_music_generator_0002,asvspoof::LA_0094,generated_music::fake_music_generator_0002,voice_then_music,15.0,0.25,0.5,0.25,-6.0,-3.0,none,val_c,val_c,val_c,1,1,1,1,1,0.99962482608386,0.99962482608386,,False,True,9.5168125,0.7510123252868652,0.7248369455337524,0.7284899950027466,0.7267565727233887,0.9779540300369264,0.3523373305797577,0.6396725177764893,0.0823387280106544,unknown,0.8794438525787944,0.8255960755259637,0.7248369455337524,0.7242428958415985,0.1498383786529302,,,,,,,,,,,TTS_or_unknown,unknown,clean_or_unknown,with_music,MusicGen,MusicGen,voice+music,FF,voice_then_music,not_partial_or_unknown,5-10,MusicGen,correct,correct,correct
data/raw/gtzan_unique_v2/jazz.00004.wav,0,0,0,0,1,gtzan_5_jazz.00004,GTZAN_genre_5,gtzan_real_v2,gtzan_real,sanchit-gandhi/gtzan,gtzan_v2_jazz.00004,gtzan::gtzan_v2_jazz.00004,,gtzan::gtzan_v2_jazz.00004,none,,,,,,,none,val_c,val_c,val_c,0,0,0,0,1,0.7632107758423012,0.7632107758423012,,False,True,30.013375,0.6638603210449219,0.0002495277731213,0.6543006896972656,0.0002474829379934,0.5301092267036438,0.9999983906745912,0.0193796772509813,0.7167131304740906,unknown,0.45104871123495777,0.6936654574841357,0.0002495277731213,0.14706206461414692,0.7875344455242157,,,,,,,,,,,absent,unknown,clean_or_unknown,with_music,real_music,GTZAN_genre_5,music_only,single_real,none,not_partial_or_unknown,>20,GTZAN_genre_5,correct,not_scored,correct
MIX::data\raw\openslr_librispeech_asr\librispeech_dev_3170-137482-0040.flac|data\raw\fake_music_generated\fake_music_MusicGen_0040.wav,1,0,1,1,1,mix::3170::fake_music_MusicGen_4,mix::LibriSpeech::MusicGen,split_internal_mix,mix,generated_after_split,mix::librispeech_dev_3170-137482-0040::fake_music_MusicGen_0040::01::8,mix::libri::3170::generated_music::fake_music_generator_0040,libri::3170,generated_music::fake_music_generator_0040,crossfade,0.0,0.25,0.1,0.25,-6.0,0.0,none,val_c,val_c,val_c,1,0,1,1,1,0.0092241837622328,0.0092241837622328,,False,True,18.1845625,0.7258614897727966,0.3651994168758392,0.7153854370117188,0.3583190739154815,0.974718987941742,0.1132840886712074,0.8274762630462646,0.0289645362645387,unknown,0.3952382661317785,0.5108702979696275,0.3651994168758392,0.864286944270134,0.050044424366205875,,,,,,,,,,,real_speech,unknown,clean_or_unknown,with_music,MusicGen,MusicGen,voice+music,RF,crossfade,partial_or_crossfade,10-20,MusicGen,FN,correct,correct
MIX::data\raw\openslr_librispeech_asr\librispeech_dev_777-126732-0005.flac|data/raw/gtzan_unique_v2/country.00023.wav,0,0,0,1,1,mix::777::gtzan_2_country.00023,mix::LibriSpeech::GTZAN_genre_2,split_internal_mix,mix,generated_after_split,mix::librispeech_dev_777-126732-0005::gtzan_v2_country.00023::00::7,mix::libri::777::gtzan::gtzan_v2_country.00023,libri::777,gtzan::gtzan_v2_country.00023,music_then_voice,-15.0,0.75,1.0,0.5,3.0,-6.0,none,val_c,val_c,val_c,0,0,0,1,1,0.1624979873859477,0.1624979873859477,,False,True,42.133375,0.6596960425376892,0.0007033045985735,0.6660768985748291,0.0006322375265881,0.7574732303619385,0.9935420155525208,0.2724044620990753,0.7759563326835632,unknown,0.2324419113566849,0.5105366259921668,0.0007033045985735,0.3936716541647911,0.8303527534008026,,,,,,,,,,,real_speech,unknown,clean_or_unknown,with_music,real_music,GTZAN_genre_2,voice+music,RR,music_then_voice,not_partial_or_unknown,>20,GTZAN_genre_2,correct,correct,correct
MIX::data\raw\ajaykarthick_wavefake-audio\wavefake_ajay_LJ009-0223.wav|data/raw/gtzan_unique_v2/classical.00092.wav,0,0,0,1,1,mix::wavefake_e77048::gtzan_1_classical.00092,mix::R::GTZAN_genre_1,split_internal_mix,mix,generated_after_split,mix::wavefake_ajay_LJ009-0223::gtzan_v2_classical.00092::00::5,mix::wavefake::LJ009-0223::gtzan::gtzan_v2_classical.00092,wavefake::LJ009-0223,gtzan::gtzan_v2_classical.00092,simultaneous,10.0,0.25,0.1,0.1,-3.0,0.0,none,val_c,val_c,val_c,0,0,0,1,1,0.0272944509760932,0.0272944509760932,,False,True,30.013375,0.6325751543045044,5.382707058743108e-06,0.6325134038925171,5.073030024504988e-06,0.8860850930213928,0.999985694885254,0.2999794483184814,0.6710537075996399,unknown,0.17594822705312216,0.450990943305981,5.382707058743108e-06,0.44650585949420923,0.7532867044210434,,,,,,,,,,,real_speech,unknown,clean_or_unknown,with_music,real_music,GTZAN_genre_1,voice+music,RR,simultaneous,not_partial_or_unknown,>20,GTZAN_genre_1,correct,correct,correct
MIX::data\raw\Bisher_ASVspoof_2019_LA\asvspoof2019_LA_T_5520907.flac|data/raw/gtzan_unique_v2/disco.00059.wav,0,0,0,1,1,mix::LA_0086::gtzan_3_disco.00059,mix::bonafide::GTZAN_genre_3,split_internal_mix,mix,generated_after_split,mix::asvspoof2019_LA_T_5520907::gtzan_v2_disco.00059::00::14,mix::asvspoof::LA_0086::gtzan::gtzan_v2_disco.00059,asvspoof::LA_0086,gtzan::gtzan_v2_disco.00059,crossfade,-15.0,0.5,0.5,0.25,0.0,3.0,none,val_c,val_c,val_c,0,0,0,1,1,0.678544433499053,0.678544433499053,,False,True,32.265625,0.6738544702529907,0.0003107546945102,0.659635603427887,0.0002992029185406,0.4875306189060211,0.999328076839447,0.0214880798012018,0.8087514042854309,unknown,0.42300919943903215,0.6752614592268094,0.0003107546945102,0.13799871457740664,0.8563955724239349,,,,,,,,,,,real_speech,unknown,clean_or_unknown,with_music,real_music,GTZAN_genre_3,voice+music,RR,crossfade,partial_or_crossfade,>20,GTZAN_genre_3,correct,correct,correct
data\raw\Bisher_ASVspoof_2019_LA\asvspoof2019_LA_T_4334140.flac,0,0,0,1,0,LA_0086,bonafide,asvspoof2019,asvspoof2019,Bisher/ASVspoof_2019_LA,asvspoof2019_LA_T_4334140,asvspoof::LA_0086,asvspoof::LA_0086,,none,,,,,,,none,val_c,val_c,val_c,0,0,0,1,0,0.0514607404151749,0.0514607404151749,,False,True,3.9654375,0.7382716536521912,0.446306437253952,0.7471493482589722,0.4471844434738159,0.9807428121566772,0.0690896809101104,0.782263994216919,0.0158656518906354,unknown,0.45843355077927306,0.5322283796810863,0.446306437253952,0.8318836987018585,0.029171659145504153,,,,,,,,,,,real_speech,unknown,clean_or_unknown,voice_only,absent,bonafide,voice_only,single_real,none,not_partial_or_unknown,2-5,bonafide,correct,correct,not_scored
data\raw\Bisher_ASVspoof_2019_LA\asvspoof2019_LA_T_3075213.flac,1,1,0,1,0,LA_0094,A01,asvspoof2019,asvspoof2019,Bisher/ASVspoof_2019_LA,asvspoof2019_LA_T_3075213,asvspoof::LA_0094,asvspoof::LA_0094,,none,,,,,,,none,val_c,val_c,val_c,1,1,0,1,0,0.9997985045469916,0.9997985045469916,,False,True,4.818,0.7714482545852661,0.3988717198371887,0.7764943242073059,0.3974316120147705,0.961882472038269,0.042846955358982,0.7581135034561157,0.0340806581079959,unknown,0.7379082632401259,0.8399533295737837,0.3988717198371887,0.809055745601654,0.03627223242074242,,,,,,,,,,,TTS_or_unknown,unknown,clean_or_unknown,voice_only,absent,A01,voice_only,single_fake,none,not_partial_or_unknown,2-5,A01,correct,correct,not_scored
MIX::data\raw\openslr_librispeech_asr\librispeech_dev_777-126732-0038.flac|data/raw/gtzan_unique_v2/country.00040.wav,0,0,0,1,1,mix::777::gtzan_2_country.00040,mix::LibriSpeech::GTZAN_genre_2,split_internal_mix,mix,generated_after_split,mix::librispeech_dev_777-126732-0038::gtzan_v2_country.00040::00::12,mix::libri::777::gtzan::gtzan_v2_country.00040,libri::777,gtzan::gtzan_v2_country.00040,music_then_voice,10.0,0.1,0.0,0.05,-6.0,-3.0,none,val_c,val_c,val_c,0,0,0,1,1,0.0325491598110591,0.0325491598110591,,False,True,33.113375,0.6855407357215881,0.0807023122906684,0.6911313533782959,0.0751906037330627,0.9635744094848632,0.7628082633018494,0.2630461752414703,0.8322515487670898,unknown,0.2353951032482677,0.48964326294842936,0.0807023122906684,0.43817823380231846,0.8148907274007797,,,,,,,,,,,real_speech,unknown,clean_or_unknown,with_music,real_music,GTZAN_genre_2,voice+music,RR,music_then_voice,not_partial_or_unknown,>20,GTZAN_genre_2,correct,correct,correct
data\raw\openslr_librispeech_asr\librispeech_dev_6241-61946-0011.flac,0,0,0,1,0,6241,LibriSpeech,librispeech_dev,librispeech_dev,openslr/librispeech_asr,librispeech_dev_6241-61946-0011,libri::6241,libri::6241,,none,,,,,,,none,val_c,val_c,val_c,0,0,0,1,0,0.0084674676200393,0.0084674676200393,,False,True,10.1050625,0.7228910326957703,0.4411774277687073,0.714385449886322,0.4420821368694305,0.9469929933547974,0.0942101031541824,0.8256356716156006,0.0276900753378868,unknown,0.4399130869110008,0.5085639631730509,0.4411774277687073,0.8559750020503998,0.0443200822919607,,,,,,,,,,,real_speech,unknown,clean_or_unknown,voice_only,absent,LibriSpeech,voice_only,single_real,none,not_partial_or_unknown,10-20,LibriSpeech,correct,correct,not_scored
MIX::data\raw\ajaykarthick_wavefake-audio\wavefake_ajay_LJ017-0005.wav|data/raw/gtzan_unique_v2/blues.00007.wav,1,1,0,1,1,mix::wavefake_f74827::gtzan_0_blues.00007,mix::WF4::GTZAN_genre_0,split_internal_mix,mix,generated_after_split,mix::wavefake_ajay_LJ017-0005::gtzan_v2_blues.00007::10::14,mix::wavefake::LJ017-0005::gtzan::gtzan_v2_blues.00007,wavefake::LJ017-0005,gtzan::gtzan_v2_blues.00007,voice_then_music,-10.0,0.75,0.0,0.5,3.0,3.0,none,val_c,val_c,val_c,1,1,0,1,1,0.1472623117574003,0.1472623117574003,,False,True,33.3919375,0.6666730642318726,0.0002182041062042,0.6609256267547607,0.0002108908083755,0.6002108454704285,0.9995715618133544,0.0421219915151596,0.9047920107841492,unknown,0.22850337689123695,0.5108498384895308,0.0002182041062042,0.18164420500397682,0.9284868985414505,,,,,,,,,,,TTS_or_unknown,unknown,clean_or_unknown,with_music,real_music,GTZAN_genre_0,voice+music,FR,voice_then_music,not_partial_or_unknown,>20,GTZAN_genre_0,FN,FN,correct
MIX::data\raw\openslr_librispeech_asr\librispeech_dev_2035-152373-0017.flac|data/raw/gtzan_unique_v2/hiphop.00001.wav,0,0,0,1,1,mix::2035::gtzan_4_hiphop.00001,mix::LibriSpeech::GTZAN_genre_4,split_internal_mix,mix,generated_after_split,mix::librispeech_dev_2035-152373-0017::gtzan_v2_hiphop.00001::00::9,mix::libri::2035::gtzan::gtzan_v2_hiphop.00001,libri::2035,gtzan::gtzan_v2_hiphop.00001,crossfade,-5.0,0.25,0.1,0.1,-3.0,0.0,none,val_c,val_c,val_c,0,0,0,1,1,0.0194262320531556,0.0194262320531556,,False,True,37.7551875,0.6717314720153809,0.0001907651458168,0.6688989400863647,0.0001828834501793,0.8158174157142639,0.999530017375946,0.0631710663437843,0.835963785648346,unknown,0.1834775843139512,0.47603990002671326,0.0001907651458168,0.25133265368640423,0.876855343580246,,,,,,,,,,,real_speech,unknown,clean_or_unknown,with_music,real_music,GTZAN_genre_4,voice+music,RR,crossfade,partial_or_crossfade,>20,GTZAN_genre_4,correct,correct,correct
MIX::data\raw\Bisher_ASVspoof_2019_LA\asvspoof2019_LA_T_1600066.flac|data/raw/gtzan_unique_v2/disco.00066.wav,1,1,0,1,1,mix::LA_0083::gtzan_3_disco.00066,mix::A01::GTZAN_genre_3,split_internal_mix,mix,generated_after_split,mix::asvspoof2019_LA_T_1600066::gtzan_v2_disco.00066::10::11,mix::asvspoof::LA_0083::gtzan::gtzan_v2_disco.00066,asvspoof::LA_0083,gtzan::gtzan_v2_disco.00066,partial_overlap,10.0,0.1,0.1,0.05,-6.0,-6.0,none,val_c,val_c,val_c,1,1,0,1,1,0.998199538108573,0.998199538108573,,False,True,32.35025,0.7360802292823792,0.019364845007658,0.7117900848388672,0.0180422272533178,0.9213507175445556,0.8404832482337952,0.2583853006362915,0.8629016876220703,unknown,0.5631797262901226,0.8147160219302373,0.019364845007658,0.42412665486335754,0.8572970777750015,,,,,,,,,,,TTS_or_unknown,unknown,clean_or_unknown,with_music,real_music,GTZAN_genre_3,voice+music,FR,partial_overlap,partial_or_crossfade,>20,GTZAN_genre_3,correct,correct,correct
MIX::data\raw\ajaykarthick_wavefake-audio\wavefake_ajay_LJ048-0156.wav|data\raw\fake_music_generated\fake_music_MusicGen_0220.wav,1,1,1,1,1,mix::wavefake_016540::fake_music_MusicGen_22,mix::WF2::MusicGen,split_internal_mix,mix,generated_after_split,mix::wavefake_ajay_LJ048-0156::fake_music_MusicGen_0220::11::7,mix::wavefake::LJ048-0156::generated_music::fake_music_generator_0220,wavefake::LJ048-0156,generated_music::fake_music_generator_0220,simultaneous,0.0,0.25,0.5,0.25,-6.0,-3.0,none,val_c,val_c,val_c,1,1,1,1,1,0.8625047963689522,0.8625047963689522,,False,True,4.8906875,0.6940578818321228,0.9969822764396667,0.707503080368042,0.9968944787979126,0.9112061858177184,0.9980868101119996,0.2745006680488586,0.1010890826582908,unknown,0.9641725970647198,0.7445919561931715,0.9969822764396667,0.4336770474910735,0.325338514521718,,,,,,,,,,,TTS_or_unknown,unknown,clean_or_unknown,with_music,MusicGen,MusicGen,voice+music,FF,simultaneous,not_partial_or_unknown,2-5,MusicGen,correct,correct,correct
MIX::data\raw\ajaykarthick_wavefake-audio\wavefake_ajay_LJ008-0140.wav|data\raw\fake_music_generated\fake_music_MusicGen_0212.wav,1,1,1,1,1,mix::wavefake_7d8b1c::fake_music_MusicGen_21,mix::WF1::MusicGen,split_internal_mix,mix,generated_after_split,mix::wavefake_ajay_LJ008-0140::fake_music_MusicGen_0212::11::8,mix::wavefake::LJ008-0140::generated_music::fake_music_generator_0212,wavefake::LJ008-0140,generated_music::fake_music_generator_0212,voice_then_music,5.0,0.5,1.0,0.5,-3.0,0.0,none,val_c,val_c,val_c,1,1,1,1,1,0.9990709899854228,0.9990709899854228,,False,True,12.7876875,0.7590932846069336,0.4529266357421875,0.7521320581436157,0.4546147584915161,0.9819048643112184,0.1324483752250671,0.775001049041748,0.0469539165496826,unknown,0.7605952729029617,0.8310865962204803,0.4529266357421875,0.8267270028591156,0.06832753121852872,,,,,,,,,,,TTS_or_unknown,unknown,clean_or_unknown,with_music,MusicGen,MusicGen,voice+music,FF,voice_then_music,not_partial_or_unknown,10-20,MusicGen,correct,correct,correct
MIX::data\raw\Bisher_ASVspoof_2019_LA\asvspoof2019_LA_T_2312030.flac|data/raw/gtzan_unique_v2/hiphop.00067.wav,1,1,0,1,1,mix::LA_0094::gtzan_4_hiphop.00067,mix::A02::GTZAN_genre_4,split_internal_mix,mix,generated_after_split,mix::asvspoof2019_LA_T_2312030::gtzan_v2_hiphop.00067::10::6,mix::asvspoof::LA_0094::gtzan::gtzan_v2_hiphop.00067,asvspoof::LA_0094,gtzan::gtzan_v2_hiphop.00067,partial_overlap,-15.0,0.75,0.0,0.5,3.0,3.0,none,val_c,val_c,val_c,1,1,0,1,1,0.1071184170756515,0.1071184170756515,,False,True,30.675,0.6545385122299194,0.0003858444397337,0.6465588808059692,0.000376029376639,0.5474777817726135,0.998625099658966,0.1006053015589714,0.8368900418281555,unknown,0.21086154420183173,0.49031248368363906,0.0003858444397337,0.21232342161238194,0.8773238062858582,,,,,,,,,,,TTS_or_unknown,unknown,clean_or_unknown,with_music,real_music,GTZAN_genre_4,voice+music,FR,partial_overlap,partial_or_crossfade,>20,GTZAN_genre_4,FN,FN,correct
data/raw/gtzan_unique_v2/rock.00042.wav,0,0,0,0,1,gtzan_9_rock.00042,GTZAN_genre_9,gtzan_real_v2,gtzan_real,sanchit-gandhi/gtzan,gtzan_v2_rock.00042,gtzan::gtzan_v2_rock.00042,,gtzan::gtzan_v2_rock.00042,none,,,,,,,none,val_c,val_c,val_c,0,0,0,0,1,0.5321863944701006,0.5321863944701006,,False,True,30.013375,0.6811639666557312,0.0001663318980718,0.6603645086288452,0.0001610400649951,0.4549798965454101,0.9996412396430968,0.0218681935220956,0.8203709721565247,unknown,0.3718061742116535,0.6364706950000419,0.0001663318980718,0.13014611927792422,0.8651885390281677,,,,,,,,,,,absent,unknown,clean_or_unknown,with_music,real_music,GTZAN_genre_9,music_only,single_real,none,not_partial_or_unknown,>20,GTZAN_genre_9,correct,not_scored,correct
MIX::data\raw\openslr_librispeech_asr\librispeech_dev_1272-141231-0001.flac|data\raw\fake_music_generated\fake_music_MusicGen_0012.wav,1,0,1,1,1,mix::1272::fake_music_MusicGen_1,mix::LibriSpeech::MusicGen,split_internal_mix,mix,generated_after_split,mix::librispeech_dev_1272-141231-0001::fake_music_MusicGen_0012::01::12,mix::libri::1272::generated_music::fake_music_generator_0012,libri::1272,generated_music::fake_music_generator_0012,partial_overlap,-15.0,0.25,0.1,0.25,-6.0,0.0,none,val_c,val_c,val_c,1,0,1,1,1,0.9332771357022328,0.9332771357022328,,False,True,9.93275,0.7024415731430054,0.9994038939476012,0.7078806161880493,0.999380111694336,0.7131131887435913,0.9995672702789308,0.2942991256713867,0.1485831141471862,unknown,0.9830357899472818,0.7716922419107736,0.9994038939476012,0.39900264143943787,0.3613291531801224,,,,,,,,,,,real_speech,unknown,clean_or_unknown,with_music,MusicGen,MusicGen,voice+music,RF,partial_overlap,partial_or_crossfade,5-10,MusicGen,correct,FP,correct
data/raw/gtzan_unique_v2/classical.00028.wav,0,0,0,0,1,gtzan_1_classical.00028,GTZAN_genre_1,gtzan_real_v2,gtzan_real,sanchit-gandhi/gtzan,gtzan_v2_classical.00028,gtzan::gtzan_v2_classical.00028,,gtzan::gtzan_v2_classical.00028,none,,,,,,,none,val_c,val_c,val_c,0,0,0,0,1,0.3264315429837225,0.3264315429837225,,False,True,30.013375,0.6522430777549744,5.087458703201264e-06,0.6476441621780396,4.903743047179887e-06,0.5552734732627869,0.9999968409538268,0.024408021941781,0.7789271473884583,unknown,0.28954793107022253,0.5544996173235988,5.087458703201264e-06,0.15712438477203247,0.8341945707798004,,,,,,,,,,,absent,unknown,clean_or_unknown,with_music,real_music,GTZAN_genre_1,music_only,single_real,none,not_partial_or_unknown,>20,GTZAN_genre_1,correct,not_scored,correct
MIX::data\raw\ajaykarthick_wavefake-audio\wavefake_ajay_LJ050-0244.wav|data\raw\fake_music_generated\fake_music_MusicGen_0252.wav,1,1,1,1,1,mix::wavefake_31c5b4::fake_music_MusicGen_25,mix::WF1::MusicGen,split_internal_mix,mix,generated_after_split,mix::wavefake_ajay_LJ050-0244::fake_music_MusicGen_0252::11::12,mix::wavefake::LJ050-0244::generated_music::fake_music_generator_0252,wavefake::LJ050-0244,generated_music::fake_music_generator_0252,simultaneous,-10.0,0.5,1.0,0.5,-3.0,0.0,none,val_c,val_c,val_c,1,1,1,1,1,0.4868576667674711,0.4868576667674711,,False,True,5.5714375,0.7097764611244202,0.9992055296897888,0.7217453718185425,0.999168872833252,0.796052873134613,0.9994558691978456,0.5196195244789124,0.1071438118815422,unknown,0.8712963547440601,0.6429008228173354,0.9992055296897888,0.5887278616428375,0.330221826210618,,,,,,,,,,,TTS_or_unknown,unknown,clean_or_unknown,with_music,MusicGen,MusicGen,voice+music,FF,simultaneous,not_partial_or_unknown,5-10,MusicGen,correct,FN,correct
MIX::data\raw\ajaykarthick_wavefake-audio\wavefake_ajay_LJ009-0248.wav|data/raw/gtzan_unique_v2/pop.00028.wav,1,1,0,1,1,mix::wavefake_d7d4f1::gtzan_7_pop.00028,mix::WF6::GTZAN_genre_7,split_internal_mix,mix,generated_after_split,mix::wavefake_ajay_LJ009-0248::gtzan_v2_pop.00028::10::19,mix::wavefake::LJ009-0248::gtzan::gtzan_v2_pop.00028,wavefake::LJ009-0248,gtzan::gtzan_v2_pop.00028,voice_then_music,15.0,0.1,0.1,0.05,-6.0,-6.0,none,val_c,val_c,val_c,1,1,0,1,1,0.981573330005392,0.981573330005392,,False,True,33.3974375,0.7086457014083862,0.1593855619430542,0.6905181407928467,0.1584955155849456,0.944561004638672,0.7596306204795837,0.2741331756114959,0.799334704875946,unknown,0.613795941429548,0.7905239899874879,0.1593855619430542,0.44174013286828995,0.7894086837768555,,,,,,,,,,,TTS_or_unknown,unknown,clean_or_unknown,with_music,real_music,GTZAN_genre_7,voice+music,FR,voice_then_music,not_partial_or_unknown,>20,GTZAN_genre_7,correct,correct,correct
MIX::data\raw\Bisher_ASVspoof_2019_LA\asvspoof2019_LA_T_2248914.flac|data\raw\fake_music_generated\fake_music_MusicGen_0174.wav,1,1,1,1,1,mix::LA_0083::fake_music_MusicGen_17,mix::A01::MusicGen,split_internal_mix,mix,generated_after_split,mix::asvspoof2019_LA_T_2248914::fake_music_MusicGen_0174::11::15,mix::asvspoof::LA_0083::generated_music::fake_music_generator_0174,asvspoof::LA_0083,generated_music::fake_music_generator_0174,partial_overlap,5.0,0.25,0.5,0.25,-6.0,-3.0,none,val_c,val_c,val_c,1,1,1,1,1,0.9916291010708528,0.9916291010708528,,False,True,6.3734375,0.6990451216697693,0.9825798273086548,0.7115143537521362,0.9824860095977784,0.9533599019050598,0.9517847299575806,0.5681661367416382,0.0432190299034118,unknown,0.9899469187724617,0.7868203154900943,0.9825798273086548,0.6644645780324936,0.270360454916954,,,,,,,,,,,TTS_or_unknown,unknown,clean_or_unknown,with_music,MusicGen,MusicGen,voice+music,FF,partial_overlap,partial_or_crossfade,5-10,MusicGen,correct,correct,correct
MIX::data\raw\openslr_librispeech_asr\librispeech_dev_777-126732-0045.flac|data\raw\fake_music_generated\fake_music_MusicGen_0144.wav,1,0,1,1,1,mix::777::fake_music_MusicGen_14,mix::LibriSpeech::MusicGen,split_internal_mix,mix,generated_after_split,mix::librispeech_dev_777-126732-0045::fake_music_MusicGen_0144::01::0,mix::libri::777::generated_music::fake_music_generator_0144,libri::777,generated_music::fake_music_generator_0144,voice_then_music,-5.0,0.25,0.1,0.25,-6.0,0.0,none,val_c,val_c,val_c,1,0,1,1,1,0.8484261558915187,0.8484261558915187,,False,True,17.7751875,0.6282640099525452,0.9911028146743774,0.6326085925102234,0.9909716248512268,0.9166011810302734,0.9840671420097352,0.3162008821964264,0.0473179630935192,unknown,0.9577009894278057,0.6943126537342372,0.9911028146743774,0.46630095690488815,0.2815052578225732,,,,,,,,,,,real_speech,unknown,clean_or_unknown,with_music,MusicGen,MusicGen,voice+music,RF,voice_then_music,not_partial_or_unknown,10-20,MusicGen,correct,FP,correct
MIX::data\raw\ajaykarthick_wavefake-audio\wavefake_ajay_LJ008-0315.wav|data\raw\fake_music_generated\fake_music_MusicGen_0144.wav,1,1,1,1,1,mix::wavefake_208461::fake_music_MusicGen_14,mix::WF6::MusicGen,split_internal_mix,mix,generated_after_split,mix::wavefake_ajay_LJ008-0315::fake_music_MusicGen_0144::11::9,mix::wavefake::LJ008-0315::generated_music::fake_music_generator_0144,wavefake::LJ008-0315,generated_music::fake_music_generator_0144,music_then_voice,10.0,0.75,0.0,0.05,0.0,3.0,none,val_c,val_c,val_c,1,1,1,1,1,0.976365269885656,0.976365269885656,,False,True,10.4486875,0.72890704870224,0.642188549041748,0.729302167892456,0.6448107957839966,0.9648561477661132,0.2919787764549255,0.7770708799362183,0.053522203117609,unknown,0.8344814358792438,0.8031445150572647,0.642188549041748,0.824017196893692,0.11313634645193812,,,,,,,,,,,TTS_or_unknown,unknown,clean_or_unknown,with_music,MusicGen,MusicGen,voice+music,FF,music_then_voice,not_partial_or_unknown,10-20,MusicGen,correct,correct,correct
data\raw\fake_music_generated\fake_music_MusicGen_0212.wav,1,0,1,0,1,fake_music_MusicGen_21,MusicGen,fake_music_generated,fake_music_generated,synth/MusicGen,fake_music_MusicGen_0212,generated_music::fake_music_generator_0212,,generated_music::fake_music_generator_0212,none,,,,,,,none,val_c,val_c,val_c,1,0,1,0,1,0.7674705588683096,0.7674705588683096,,False,True,4.8913125,0.717926561832428,0.999858856201172,0.7141928672790527,0.9998481273651124,0.6036460399627686,0.999914526939392,0.0152446404099464,0.0886796563863754,unknown,0.9417965443284096,0.7327897609431924,0.999858856201172,0.16234499029815194,0.31648837402462954,,,,,,,,,,,absent,unknown,clean_or_unknown,with_music,MusicGen,MusicGen,music_only,single_fake,none,not_partial_or_unknown,2-5,MusicGen,correct,not_scored,correct
MIX::data\raw\ajaykarthick_wavefake-audio\wavefake_ajay_LJ017-0005.wav|data/raw/gtzan_unique_v2/jazz.00034.wav,1,1,0,1,1,mix::wavefake_f74827::gtzan_5_jazz.00034,mix::WF4::GTZAN_genre_5,split_internal_mix,mix,generated_after_split,mix::wavefake_ajay_LJ017-0005::gtzan_v2_jazz.00034::10::12,mix::wavefake::LJ017-0005::gtzan_near::bf031ff18a35768a626d,wavefake::LJ017-0005,gtzan_near::bf031ff18a35768a626d,crossfade,15.0,0.25,0.5,0.1,-3.0,-3.0,none,val_c,val_c,val_c,1,1,0,1,1,0.9982990691067932,0.9982990691067932,,False,True,33.2919375,0.7305483818054199,0.0466727055609226,0.7202585935592651,0.0458024069666862,0.964251697063446,0.8391575217247009,0.2058517783880233,0.5840631127357483,unknown,0.5741384058906167,0.8108735879958319,0.0466727055609226,0.395451758056879,0.6478367149829865,,,,,,,,,,,TTS_or_unknown,unknown,clean_or_unknown,with_music,real_music,GTZAN_genre_5,voice+music,FR,crossfade,partial_or_crossfade,>20,GTZAN_genre_5,correct,correct,correct
data\raw\openslr_librispeech_asr\librispeech_dev_3000-15664-0029.flac,0,0,0,1,0,3000,LibriSpeech,librispeech_dev,librispeech_dev,openslr/librispeech_asr,librispeech_dev_3000-15664-0029,libri::3000,libri::3000,,none,,,,,,,none,val_c,val_c,val_c,0,0,0,1,0,0.0391137293397043,0.0391137293397043,,False,True,5.73,0.7145846486091614,0.2643051743507385,0.726711630821228,0.25368133187294,0.96592915058136,0.1216123700141906,0.8151487112045288,0.0215741172432899,unknown,0.34526115607451635,0.5119433728283243,0.2643051743507385,0.8528438210487366,0.046583680436015074,,,,,,,,,,,real_speech,unknown,clean_or_unknown,voice_only,absent,LibriSpeech,voice_only,single_real,none,not_partial_or_unknown,5-10,LibriSpeech,correct,correct,not_scored
data\raw\fake_music_generated\fake_music_MusicGen_0064.wav,1,0,1,0,1,fake_music_MusicGen_6,MusicGen,fake_music_generated,fake_music_generated,synth/MusicGen,fake_music_MusicGen_0064,generated_music::fake_music_generator_0064,,generated_music::fake_music_generator_0064,none,,,,,,,none,val_c,val_c,val_c,1,0,1,0,1,0.8784892412808721,0.8784892412808721,,False,True,4.7350625,0.7096470594406128,0.9997368454933168,0.7066654562950134,0.9997201561927797,0.5979546904563904,0.9998157620429992,0.0147946765646338,0.0547909140586853,unknown,0.9694937145635669,0.7602997139926906,0.9997368454933168,0.16058468003757295,0.2910471260547638,,,,,,,,,,,absent,unknown,clean_or_unknown,with_music,MusicGen,MusicGen,music_only,single_fake,none,not_partial_or_unknown,2-5,MusicGen,correct,not_scored,correct
data\raw\fake_music_generated\fake_music_MusicGen_0252.wav,1,0,1,0,1,fake_music_MusicGen_25,MusicGen,fake_music_generated,fake_music_generated,synth/MusicGen,fake_music_MusicGen_0252,generated_music::fake_music_generator_0252,,generated_music::fake_music_generator_0252,none,,,,,,,none,val_c,val_c,val_c,1,0,1,0,1,0.8840790844169674,0.8840790844169674,,False,True,5.5714375,0.7141090035438538,0.9999428987503052,0.7143951654434204,0.9999376535415648,0.6429425477981567,0.999968647956848,0.0182759575545787,0.0851775258779525,unknown,0.9709913612765917,0.7651000278057878,0.9999428987503052,0.17444260511547321,0.31387530639767636,,,,,,,,,,,absent,unknown,clean_or_unknown,with_music,MusicGen,MusicGen,music_only,single_fake,none,not_partial_or_unknown,5-10,MusicGen,correct,not_scored,correct
MIX::data\raw\ajaykarthick_wavefake-audio\wavefake_ajay_LJ020-0094.wav|data\raw\fake_music_generated\fake_music_MusicGen_0156.wav,1,0,1,1,1,mix::wavefake_45bc9f::fake_music_MusicGen_15,mix::R::MusicGen,split_internal_mix,mix,generated_after_split,mix::wavefake_ajay_LJ020-0094::fake_music_MusicGen_0156::01::2,mix::wavefake::LJ020-0094::generated_music::fake_music_generator_0156,wavefake::LJ020-0094,generated_music::fake_music_generator_0156,partial_overlap,5.0,0.75,1.0,0.05,0.0,-6.0,none,val_c,val_c,val_c,1,0,1,1,1,0.0546025134010185,0.0546025134010185,,False,True,8.9838125,0.7124883532524109,0.7597793340682983,0.7195395231246948,0.7636338472366333,0.8910657167434692,0.7633694410324097,0.6259403824806213,0.3236303627490997,unknown,0.6313342317096169,0.5151226012969932,0.7597793340682983,0.6922217160463333,0.43356513231992716,,,,,,,,,,,real_speech,unknown,clean_or_unknown,with_music,MusicGen,MusicGen,voice+music,RF,partial_overlap,partial_or_crossfade,5-10,MusicGen,correct,correct,correct
data/raw/gtzan_unique_v2/hiphop.00020.wav,0,0,0,0,1,gtzan_4_hiphop.00020,GTZAN_genre_4,gtzan_real_v2,gtzan_real,sanchit-gandhi/gtzan,gtzan_v2_hiphop.00020,gtzan::gtzan_v2_hiphop.00020,,gtzan::gtzan_v2_hiphop.00020,none,,,,,,,none,val_c,val_c,val_c,0,0,0,0,1,0.2102524919317767,0.2102524919317767,,False,True,30.013375,0.6704662442207336,0.0001025708916131,0.6547621488571167,9.858264093054458e-05,0.493040919303894,0.9999265670776368,0.05183782055974,0.8468427658081055,unknown,0.25226887164791745,0.5324021185340465,0.0001025708916131,0.1621385952457785,0.8851137161254883,,,,,,,,,,,absent,unknown,clean_or_unknown,with_music,real_music,GTZAN_genre_4,music_only,single_real,none,not_partial_or_unknown,>20,GTZAN_genre_4,correct,not_scored,correct
MIX::data\raw\openslr_librispeech_asr\librispeech_dev_2277-149897-0010.flac|data/raw/gtzan_unique_v2/reggae.00011.wav,0,0,0,1,1,mix::2277::gtzan_8_reggae.00011,mix::LibriSpeech::GTZAN_genre_8,split_internal_mix,mix,generated_after_split,mix::librispeech_dev_2277-149897-0010::gtzan_v2_reggae.00011::00::18,mix::libri::2277::gtzan::gtzan_v2_reggae.00011,libri::2277,gtzan::gtzan_v2_reggae.00011,partial_overlap,5.0,0.5,0.5,0.25,0.0,3.0,none,val_c,val_c,val_c,0,0,0,1,1,0.013975803543414,0.013975803543414,,False,True,31.825875,0.6747897267341614,0.0570697449147701,0.6632139682769775,0.0565540269017219,0.8703274130821228,0.8385278582572937,0.2886289656162262,0.7925356030464172,unknown,0.2146088216211249,0.47654554977693714,0.0570697449147701,0.43405357748270035,0.8040336668491364,,,,,,,,,,,real_speech,unknown,clean_or_unknown,with_music,real_music,GTZAN_genre_8,voice+music,RR,partial_overlap,partial_or_crossfade,>20,GTZAN_genre_8,correct,correct,correct
MIX::data\raw\openslr_librispeech_asr\librispeech_dev_6295-244435-0030.flac|data/raw/gtzan_unique_v2/blues.00007.wav,0,0,0,1,1,mix::6295::gtzan_0_blues.00007,mix::LibriSpeech::GTZAN_genre_0,split_internal_mix,mix,generated_after_split,mix::librispeech_dev_6295-244435-0030::gtzan_v2_blues.00007::00::15,mix::libri::6295::gtzan::gtzan_v2_blues.00007,libri::6295,gtzan::gtzan_v2_blues.00007,simultaneous,-10.0,0.75,1.0,0.5,3.0,-6.0,none,val_c,val_c,val_c,0,0,0,1,1,0.1690922443310938,0.1690922443310938,,False,True,30.013375,0.6713935136795044,0.0004394405696075,0.6646547913551331,0.0004273861995898,0.5472220778465271,0.9981996417045592,0.182101234793663,0.8868889808654785,unknown,0.23777598916885026,0.5207031328749812,0.0004394405696075,0.27338144555687904,0.9147166460752487,,,,,,,,,,,real_speech,unknown,clean_or_unknown,with_music,real_music,GTZAN_genre_0,voice+music,RR,simultaneous,not_partial_or_unknown,>20,GTZAN_genre_0,correct,correct,correct
MIX::data\raw\openslr_librispeech_asr\librispeech_dev_777-126732-0028.flac|data/raw/gtzan_unique_v2/reggae.00011.wav,0,0,0,1,1,mix::777::gtzan_8_reggae.00011,mix::LibriSpeech::GTZAN_genre_8,split_internal_mix,mix,generated_after_split,mix::librispeech_dev_777-126732-0028::gtzan_v2_reggae.00011::00::3,mix::libri::777::gtzan::gtzan_v2_reggae.00011,libri::777,gtzan::gtzan_v2_reggae.00011,partial_overlap,0.0,0.75,1.0,0.5,3.0,-6.0,none,val_c,val_c,val_c,0,0,0,1,1,0.1145656938645671,0.1145656938645671,,False,True,33.205875,0.7029523849487305,0.0918532609939575,0.6756001710891724,0.0891231894493103,0.8674814701080322,0.7651300430297852,0.4241458475589752,0.7725751399993896,unknown,0.27578814724471157,0.5264363776234815,0.0918532609939575,0.5349797531962395,0.7707138657569885,,,,,,,,,,,real_speech,unknown,clean_or_unknown,with_music,real_music,GTZAN_genre_8,voice+music,RR,partial_overlap,partial_or_crossfade,>20,GTZAN_genre_8,correct,correct,correct
data\raw\fake_music_generated\fake_music_MusicGen_0066.wav,1,0,1,0,1,fake_music_MusicGen_6,MusicGen,fake_music_generated,fake_music_generated,synth/MusicGen,fake_music_MusicGen_0066,generated_music::fake_music_generator_0066,,generated_music::fake_music_generator_0066,none,,,,,,,none,val_c,val_c,val_c,1,0,1,0,1,0.8503758250007751,0.8503758250007751,,False,True,4.3148125,0.7177218198776245,0.9994996786117554,0.7102469801902771,0.99947851896286,0.5770242810249329,0.9995431900024414,0.0197657402604818,0.0335869379341602,unknown,0.96235290626621,0.7575180214145696,0.9994996786117554,0.15908037545159456,0.2750760009512305,,,,,,,,,,,absent,unknown,clean_or_unknown,with_music,MusicGen,MusicGen,music_only,single_fake,none,not_partial_or_unknown,2-5,MusicGen,correct,not_scored,correct
data\raw\ajaykarthick_wavefake-audio\wavefake_ajay_LJ050-0244.wav,1,1,0,1,0,wavefake_31c5b4,WF1,wavefake_ajay,wavefake_ajay,ajaykarthick/wavefake-audio,wavefake_ajay_LJ050-0244,wavefake::LJ050-0244,wavefake::LJ050-0244,,none,,,,,,,none,val_c,val_c,val_c,1,1,0,1,0,0.9980623543280398,0.9980623543280398,,False,True,3.575875,0.7531762719154358,0.4730649888515472,0.7636975646018982,0.4763010740280151,0.9876202940940856,0.1054729148745536,0.8285336494445801,0.0184236969798803,unknown,0.7688728605649832,0.826642096639217,0.4730649888515472,0.8683053106069565,0.04018600145354863,,,,,,,,,,,TTS_or_unknown,unknown,clean_or_unknown,voice_only,absent,WF1,voice_only,single_fake,none,not_partial_or_unknown,2-5,WF1,correct,correct,not_scored
data\raw\Bisher_ASVspoof_2019_LA\asvspoof2019_LA_T_4977330.flac,1,1,0,1,0,LA_0083,A02,asvspoof2019,asvspoof2019,Bisher/ASVspoof_2019_LA,asvspoof2019_LA_T_4977330,asvspoof::LA_0083,asvspoof::LA_0083,,none,,,,,,,none,val_c,val_c,val_c,1,1,0,1,0,0.9994486409270504,0.9994486409270504,,False,True,4.3761875,0.7452592253684998,0.4537711143493652,0.7562161087989807,0.4525058269500732,0.9890769720077516,0.047223187983036,0.7367926836013794,0.018006183207035,unknown,0.7579919369272936,0.821516050036065,0.4537711143493652,0.7998637557029724,0.02531043440103525,,,,,,,,,,,TTS_or_unknown,unknown,clean_or_unknown,voice_only,absent,A02,voice_only,single_fake,none,not_partial_or_unknown,2-5,A02,correct,correct,not_scored
data\raw\ajaykarthick_wavefake-audio\wavefake_ajay_LJ050-0257.wav,0,0,0,1,0,wavefake_d64496,R,wavefake_ajay,wavefake_ajay,ajaykarthick/wavefake-audio,wavefake_ajay_LJ050-0257,wavefake::LJ050-0257,wavefake::LJ050-0257,,none,,,,,,,none,val_c,val_c,val_c,0,0,0,1,0,0.381005039404417,0.381005039404417,,False,True,6.2533125,0.7528753280639648,0.4640606343746185,0.7618790864944458,0.4706520140171051,0.980720579624176,0.1119104921817779,0.828315019607544,0.0313271209597587,unknown,0.5746580833996998,0.6413142414661004,0.4640606343746185,0.866416409611702,0.0514729637652635,,,,,,,,,,,real_speech,unknown,clean_or_unknown,voice_only,absent,R,voice_only,single_real,none,not_partial_or_unknown,5-10,R,FP,correct,not_scored
MIX::data\raw\openslr_librispeech_asr\librispeech_dev_6241-61943-0002.flac|data\raw\fake_music_generated\fake_music_MusicGen_0124.wav,1,0,1,1,1,mix::6241::fake_music_MusicGen_12,mix::LibriSpeech::MusicGen,split_internal_mix,mix,generated_after_split,mix::librispeech_dev_6241-61943-0002::fake_music_MusicGen_0124::01::19,mix::libri::6241::generated_music::fake_music_generator_0124,libri::6241,generated_music::fake_music_generator_0124,simultaneous,-15.0,0.1,0.0,0.1,3.0,-3.0,none,val_c,val_c,val_c,1,0,1,1,1,0.8125480239119314,0.8125480239119314,,False,True,4.4595,0.6984530091285706,0.9996228218078612,0.6870101690292358,0.9995974898338318,0.5115037560462952,0.9997941851615906,0.672976553440094,0.0524198561906814,unknown,0.9529482546518802,0.7326815135635787,0.9996228218078612,0.6326083540916443,0.2892634384334087,,,,,,,,,,,real_speech,unknown,clean_or_unknown,with_music,MusicGen,MusicGen,voice+music,RF,simultaneous,not_partial_or_unknown,2-5,MusicGen,correct,FP,correct
MIX::data\raw\ajaykarthick_wavefake-audio\wavefake_ajay_LJ050-0244.wav|data/raw/gtzan_unique_v2/blues.00092.wav,1,1,0,1,1,mix::wavefake_31c5b4::gtzan_0_blues.00092,mix::WF1::GTZAN_genre_0,split_internal_mix,mix,generated_after_split,mix::wavefake_ajay_LJ050-0244::gtzan_v2_blues.00092::10::5,mix::wavefake::LJ050-0244::gtzan::gtzan_v2_blues.00092,wavefake::LJ050-0244,gtzan::gtzan_v2_blues.00092,music_then_voice,15.0,0.5,1.0,0.25,0.0,0.0,none,val_c,val_c,val_c,1,1,0,1,1,0.9992317857403828,0.9992317857403828,,False,True,34.58925,0.7560465335845947,0.2488067150115966,0.7090693712234497,0.2512730956077575,0.9672502875328064,0.6777036786079407,0.3745588958263397,0.4935722351074219,unknown,0.6708656820532781,0.8290021092313311,0.2488067150115966,0.5227317437529564,0.5396050959825516,,,,,,,,,,,TTS_or_unknown,unknown,clean_or_unknown,with_music,real_music,GTZAN_genre_0,voice+music,FR,music_then_voice,not_partial_or_unknown,>20,GTZAN_genre_0,correct,correct,correct
data\raw\ajaykarthick_wavefake-audio\wavefake_ajay_LJ009-0006_WF3_1.wav,1,1,0,1,0,wavefake_b8c207,WF3,wavefake_ajay,wavefake_ajay,ajaykarthick/wavefake-audio,wavefake_ajay_LJ009-0006,wavefake::LJ009-0006,wavefake::LJ009-0006,,none,,,,,,,none,val_c,val_c,val_c,1,1,0,1,0,0.9959887800466414,0.9959887800466414,,False,True,8.04575,0.7469881176948547,0.5917629599571228,0.7528740763664246,0.6031371355056763,0.9757555723190308,0.1605048775672912,0.7525439262390137,0.0379750020802021,unknown,0.8228760831071265,0.8216883164003908,0.5917629599571228,0.8083468377590179,0.06860747095197438,,,,,,,,,,,TTS_or_unknown,unknown,clean_or_unknown,voice_only,absent,WF3,voice_only,single_fake,none,not_partial_or_unknown,5-10,WF3,correct,correct,not_scored
data\raw\ajaykarthick_wavefake-audio\wavefake_ajay_LJ048-0182_WF3_1.wav,1,1,0,1,0,wavefake_7ec8c6,WF3,wavefake_ajay,wavefake_ajay,ajaykarthick/wavefake-audio,wavefake_ajay_LJ048-0182,wavefake::LJ048-0182,wavefake::LJ048-0182,,none,,,,,,,none,val_c,val_c,val_c,1,1,0,1,0,0.9838686797680184,0.9838686797680184,,False,True,7.767125,0.756763219833374,0.5251890420913696,0.7647691369056702,0.5370299816131592,0.9725764393806458,0.1117521226406097,0.7950853109359741,0.0284975748509168,unknown,0.7911752229358747,0.8248948578137674,0.5251890420913696,0.839458093047142,0.04931121179834003,,,,,,,,,,,TTS_or_unknown,unknown,clean_or_unknown,voice_only,absent,WF3,voice_only,single_fake,none,not_partial_or_unknown,5-10,WF3,correct,correct,not_scored
data/raw/gtzan_unique_v2/rock.00058.wav,0,0,0,0,1,gtzan_9_rock.00058,GTZAN_genre_9,gtzan_real_v2,gtzan_real,sanchit-gandhi/gtzan,gtzan_v2_rock.00058,gtzan::gtzan_v2_rock.00058,,gtzan::gtzan_v2_rock.00058,none,,,,,,,none,val_c,val_c,val_c,0,0,0,0,1,0.1560196192167877,0.1560196192167877,,False,True,30.013375,0.654719889163971,1.9230243708534545e-07,0.6452417969703674,1.7923946415976388e-07,0.5020787715911865,0.9999998211860656,0.0638197064399719,0.8308476805686951,unknown,0.2284211857746482,0.505109808179816,1e-06,0.17338447272777555,0.8731357157230377,,,,,,,,,,,absent,unknown,clean_or_unknown,with_music,real_music,GTZAN_genre_9,music_only,single_real,none,not_partial_or_unknown,>20,GTZAN_genre_9,correct,not_scored,correct
MIX::data\raw\Bisher_ASVspoof_2019_LA\asvspoof2019_LA_T_8727197.flac|data/raw/gtzan_unique_v2/country.00061.wav,1,1,0,1,1,mix::LA_0094::gtzan_2_country.00061,mix::A02::GTZAN_genre_2,split_internal_mix,mix,generated_after_split,mix::asvspoof2019_LA_T_8727197::gtzan_v2_country.00061::10::8,mix::asvspoof::LA_0094::gtzan::gtzan_v2_country.00061,asvspoof::LA_0094,gtzan::gtzan_v2_country.00061,simultaneous,-5.0,0.25,0.5,0.1,-3.0,-3.0,none,val_c,val_c,val_c,1,1,0,1,1,0.4970735682927531,0.4970735682927531,,False,True,30.013375,0.6651731729507446,6.859579571028007e-07,0.6560341119766235,6.465509727604513e-07,0.5179383158683777,0.9999990463256836,0.1137915626168251,0.8143002986907959,unknown,0.3547974679635225,0.6147432915533472,1e-06,0.21482825092971325,0.8607249855995178,,,,,,,,,,,TTS_or_unknown,unknown,clean_or_unknown,with_music,real_music,GTZAN_genre_2,voice+music,FR,simultaneous,not_partial_or_unknown,>20,GTZAN_genre_2,FN,FN,correct
data/raw/gtzan_unique_v2/country.00061.wav,0,0,0,0,1,gtzan_2_country.00061,GTZAN_genre_2,gtzan_real_v2,gtzan_real,sanchit-gandhi/gtzan,gtzan_v2_country.00061,gtzan::gtzan_v2_country.00061,,gtzan::gtzan_v2_country.00061,none,,,,,,,none,val_c,val_c,val_c,0,0,0,0,1,0.5355280518309562,0.5355280518309562,,False,True,30.013375,0.6745404601097107,2.8399814056001563e-08,0.6623893976211548,2.6164958200070032e-08,0.5020043253898621,1.0,0.0191928427666425,0.8166472911834717,unknown,0.37119580328964313,0.6328367376260843,1e-06,0.1398957134224474,0.8624854683876038,,,,,,,,,,,absent,unknown,clean_or_unknown,with_music,real_music,GTZAN_genre_2,music_only,single_real,none,not_partial_or_unknown,>20,GTZAN_genre_2,correct,not_scored,correct
MIX::data\raw\openslr_librispeech_asr\librispeech_dev_1919-142785-0004.flac|data/raw/gtzan_unique_v2/rock.00001.wav,0,0,0,1,1,mix::1919::gtzan_9_rock.00001,mix::LibriSpeech::GTZAN_genre_9,split_internal_mix,mix,generated_after_split,mix::librispeech_dev_1919-142785-0004::gtzan_v2_rock.00001::00::11,mix::libri::1919::gtzan::gtzan_v2_rock.00001,libri::1919,gtzan::gtzan_v2_rock.00001,voice_then_music,5.0,0.75,1.0,0.5,3.0,-6.0,none,val_c,val_c,val_c,0,0,0,1,1,0.0769937417733838,0.0769937417733838,,False,True,39.183375,0.676552951335907,0.2762854993343353,0.6662335991859436,0.2817887365818023,0.7019968032836914,0.7043406367301941,0.2922406494617462,0.5832121968269348,unknown,0.36332312634672315,0.49668518846715,0.2762854993343353,0.3946796879172325,0.6134943068027496,,,,,,,,,,,real_speech,unknown,clean_or_unknown,with_music,real_music,GTZAN_genre_9,voice+music,RR,voice_then_music,not_partial_or_unknown,>20,GTZAN_genre_9,correct,correct,correct
data\raw\openslr_librispeech_asr\librispeech_dev_6241-61946-0004.flac,0,0,0,1,0,6241,LibriSpeech,librispeech_dev,librispeech_dev,openslr/librispeech_asr,librispeech_dev_6241-61946-0004,libri::6241,libri::6241,,none,,,,,,,none,val_c,val_c,val_c,0,0,0,1,0,0.0221111675130054,0.0221111675130054,,False,True,5.515,0.755096435546875,0.4646868109703064,0.7592802047729492,0.4707413017749786,0.9678277969360352,0.0827900841832161,0.806350827217102,0.0302344616502523,unknown,0.4637508628582283,0.5352008551367141,0.4646868109703064,0.8467200696468353,0.04337336728349325,,,,,,,,,,,real_speech,unknown,clean_or_unknown,voice_only,absent,LibriSpeech,voice_only,single_real,none,not_partial_or_unknown,5-10,LibriSpeech,correct,correct,not_scored
MIX::data\raw\openslr_librispeech_asr\librispeech_dev_6241-61946-0011.flac|data\raw\fake_music_generated\fake_music_MusicGen_0144.wav,1,0,1,1,1,mix::6241::fake_music_MusicGen_14,mix::LibriSpeech::MusicGen,split_internal_mix,mix,generated_after_split,mix::librispeech_dev_6241-61946-0011::fake_music_MusicGen_0144::01::17,mix::libri::6241::generated_music::fake_music_generator_0144,libri::6241,generated_music::fake_music_generator_0144,partial_overlap,10.0,0.5,0.5,0.5,-3.0,3.0,none,val_c,val_c,val_c,1,0,1,1,1,0.0149385718570558,0.0149385718570558,,False,True,12.955125,0.7126647233963013,0.507594645023346,0.7177271842956543,0.5061368942260742,0.964635133743286,0.1571511328220367,0.74471515417099,0.1266016066074371,unknown,0.4768279819724496,0.5033468779345276,0.507594645023346,0.799695149064064,0.13423898816108698,,,,,,,,,,,real_speech,unknown,clean_or_unknown,with_music,MusicGen,MusicGen,voice+music,RF,partial_overlap,partial_or_crossfade,10-20,MusicGen,correct,correct,correct
data\raw\fake_music_generated\fake_music_MusicGen_0086.wav,1,0,1,0,1,fake_music_MusicGen_8,MusicGen,fake_music_generated,fake_music_generated,synth/MusicGen,fake_music_MusicGen_0086,generated_music::fake_music_generator_0086,,generated_music::fake_music_generator_0086,none,,,,,,,none,val_c,val_c,val_c,1,0,1,0,1,0.7877864753658155,0.7877864753658155,,False,True,4.7265625,0.7199306488037109,0.999935746192932,0.7218287587165833,0.9999301433563232,0.6530198454856873,0.999969244003296,0.0156045174226164,0.0568293780088424,unknown,0.9469141647787622,0.7402873967723423,0.999935746192932,0.17495834943838412,0.2926143445074558,,,,,,,,,,,absent,unknown,clean_or_unknown,with_music,MusicGen,MusicGen,music_only,single_fake,none,not_partial_or_unknown,2-5,MusicGen,correct,not_scored,correct
data\raw\fake_music_generated\fake_music_MusicGen_0208.wav,1,0,1,0,1,fake_music_MusicGen_20,MusicGen,fake_music_generated,fake_music_generated,synth/MusicGen,fake_music_MusicGen_0208,generated_music::fake_music_generator_0208,,generated_music::fake_music_generator_0208,none,,,,,,,none,val_c,val_c,val_c,1,0,1,0,1,0.8611417858427823,0.8611417858427823,,False,True,5.12375,0.7204107046127319,0.9997265934944152,0.7143268585205078,0.999711573123932,0.5792927742004395,0.9997321963310242,0.0160057749599218,0.0371649973094463,unknown,0.965152949446805,0.7626300289817469,0.9997265934944152,0.1568275247700512,0.2778067970648408,,,,,,,,,,,absent,unknown,clean_or_unknown,with_music,MusicGen,MusicGen,music_only,single_fake,none,not_partial_or_unknown,5-10,MusicGen,correct,not_scored,correct
MIX::data\raw\openslr_librispeech_asr\librispeech_dev_1919-142785-0015.flac|data\raw\fake_music_generated\fake_music_MusicGen_0002.wav,1,0,1,1,1,mix::1919::fake_music_MusicGen_0,mix::LibriSpeech::MusicGen,split_internal_mix,mix,generated_after_split,mix::librispeech_dev_1919-142785-0015::fake_music_MusicGen_0002::01::5,mix::libri::1919::generated_music::fake_music_generator_0002,libri::1919,generated_music::fake_music_generator_0002,voice_then_music,-15.0,0.5,0.5,0.5,-3.0,3.0,none,val_c,val_c,val_c,1,0,1,1,1,0.8495492086690382,0.8495492086690382,,False,True,10.560875,0.7048884630203247,0.9998252391815186,0.7115234136581421,0.9998129606246948,0.6855353116989136,0.9998958110809326,0.0325261205434799,0.0798136591911315,unknown,0.9623006662922755,0.7482866867149387,0.9998252391815186,0.19577841833233833,0.3098341971635818,,,,,,,,,,,real_speech,unknown,clean_or_unknown,with_music,MusicGen,MusicGen,voice+music,RF,voice_then_music,not_partial_or_unknown,10-20,MusicGen,correct,FP,correct
data\raw\Bisher_ASVspoof_2019_LA\asvspoof2019_LA_T_7070941.flac,1,1,0,1,0,LA_0094,A02,asvspoof2019,asvspoof2019,Bisher/ASVspoof_2019_LA,asvspoof2019_LA_T_7070941,asvspoof::LA_0094,asvspoof::LA_0094,,none,,,,,,,none,val_c,val_c,val_c,1,1,0,1,0,0.9953504112854048,0.9953504112854048,,False,True,1.975625,0.6398667097091675,0.3737557530403137,0.6732243895530701,0.3530373573303222,0.9773082137107848,0.0436093546450138,0.8122001886367798,0.024350419640541,unknown,0.6966970439639917,0.7465118201820387,0.3737557530403137,0.8534771949052811,0.029165153391659204,,,,,,,,,,,TTS_or_unknown,unknown,clean_or_unknown,voice_only,absent,A02,voice_only,single_fake,none,not_partial_or_unknown,<=2,A02,correct,correct,not_scored
data/raw/gtzan_unique_v2/reggae.00038.wav,0,0,0,0,1,gtzan_8_reggae.00038,GTZAN_genre_8,gtzan_real_v2,gtzan_real,sanchit-gandhi/gtzan,gtzan_v2_reggae.00038,gtzan::gtzan_v2_reggae.00038,,gtzan::gtzan_v2_reggae.00038,none,,,,,,,none,val_c,val_c,val_c,0,0,0,0,1,0.4388081232607647,0.4388081232607647,,False,True,30.013375,0.6418188214302063,4.639057442545891e-05,0.6468952894210815,4.453857036423869e-05,0.7172160148620605,0.9998996257781982,0.0176811087876558,0.8963689804077148,unknown,0.3275693778584028,0.5809156119793738,4.639057442545891e-05,0.19256483530625698,0.9222516417503357,,,,,,,,,,,absent,unknown,clean_or_unknown,with_music,real_music,GTZAN_genre_8,music_only,single_real,none,not_partial_or_unknown,>20,GTZAN_genre_8,correct,not_scored,correct
data\raw\Bisher_ASVspoof_2019_LA\asvspoof2019_LA_T_2572311.flac,0,0,0,1,0,LA_0086,bonafide,asvspoof2019,asvspoof2019,Bisher/ASVspoof_2019_LA,asvspoof2019_LA_T_2572311,asvspoof::LA_0086,asvspoof::LA_0086,,none,,,,,,,none,val_c,val_c,val_c,0,0,0,1,0,0.0483776146497952,0.0483776146497952,,False,True,2.98425,0.6836927533149719,0.4221955239772796,0.7029476761817932,0.4138144552707672,0.9812517166137696,0.0637689232826232,0.8094096779823303,0.0186223592609167,unknown,0.43244102857345434,0.49309821171541884,0.4221955239772796,0.8523701876401901,0.029909000266343324,,,,,,,,,,,real_speech,unknown,clean_or_unknown,voice_only,absent,bonafide,voice_only,single_real,none,not_partial_or_unknown,2-5,bonafide,correct,correct,not_scored
data\raw\Bisher_ASVspoof_2019_LA\asvspoof2019_LA_T_5034418.flac,0,0,0,1,0,LA_0094,bonafide,asvspoof2019,asvspoof2019,Bisher/ASVspoof_2019_LA,asvspoof2019_LA_T_5034418,asvspoof::LA_0094,asvspoof::LA_0094,,none,,,,,,,none,val_c,val_c,val_c,0,0,0,1,0,0.0886287492060585,0.0886287492060585,,False,True,1.5766875,0.6498116254806519,0.3621722161769867,0.6813099384307861,0.3407224416732788,0.9807754755020142,0.0468758270144462,0.8583981990814209,0.0253912471234798,unknown,0.4009001214558615,0.4814567625982738,0.3621722161769867,0.8889925181865692,0.030762392096221402,,,,,,,,,,,real_speech,unknown,clean_or_unknown,voice_only,absent,bonafide,voice_only,single_real,none,not_partial_or_unknown,<=2,bonafide,correct,correct,not_scored
MIX::data\raw\openslr_librispeech_asr\librispeech_dev_777-126732-0028.flac|data/raw/gtzan_unique_v2/disco.00059.wav,0,0,0,1,1,mix::777::gtzan_3_disco.00059,mix::LibriSpeech::GTZAN_genre_3,split_internal_mix,mix,generated_after_split,mix::librispeech_dev_777-126732-0028::gtzan_v2_disco.00059::00::8,mix::libri::777::gtzan::gtzan_v2_disco.00059,libri::777,gtzan::gtzan_v2_disco.00059,partial_overlap,-10.0,0.1,0.0,0.05,-6.0,-3.0,none,val_c,val_c,val_c,0,0,0,1,1,0.5330538779330197,0.5330538779330197,,False,True,41.4931875,0.6471624970436096,0.0022713483776897,0.6497681736946106,0.002229691715911,0.8560776710510254,0.9940994381904602,0.0298681315034627,0.813558042049408,unknown,0.3642780097498828,0.6129299113104326,0.0022713483776897,0.23642051639035339,0.858693391084671,,,,,,,,,,,real_speech,unknown,clean_or_unknown,with_music,real_music,GTZAN_genre_3,voice+music,RR,partial_overlap,partial_or_crossfade,>20,GTZAN_genre_3,correct,correct,correct
MIX::data\raw\openslr_librispeech_asr\librispeech_dev_1993-147149-0012.flac|data\raw\fake_music_generated\fake_music_MusicGen_0252.wav,1,0,1,1,1,mix::1993::fake_music_MusicGen_25,mix::LibriSpeech::MusicGen,split_internal_mix,mix,generated_after_split,mix::librispeech_dev_1993-147149-0012::fake_music_MusicGen_0252::01::3,mix::libri::1993::generated_music::fake_music_generator_0252,libri::1993,generated_music::fake_music_generator_0252,crossfade,10.0,0.1,0.0,0.1,3.0,-3.0,none,val_c,val_c,val_c,1,0,1,1,1,0.0239687106895507,0.0239687106895507,,False,True,10.7514375,0.7162629961967468,0.5958450436592102,0.7177495956420898,0.5947153568267822,0.9845778942108154,0.2952303290367126,0.712201714515686,0.1505055874586105,unknown,0.5295309490807015,0.5085747105445879,0.5958450436592102,0.7802957594394684,0.186686772853136,,,,,,,,,,,real_speech,unknown,clean_or_unknown,with_music,MusicGen,MusicGen,voice+music,RF,crossfade,partial_or_crossfade,10-20,MusicGen,correct,correct,correct
MIX::data\raw\Bisher_ASVspoof_2019_LA\asvspoof2019_LA_T_3132363.flac|data\raw\fake_music_generated\fake_music_MusicGen_0174.wav,1,1,1,1,1,mix::LA_0083::fake_music_MusicGen_17,mix::A02::MusicGen,split_internal_mix,mix,generated_after_split,mix::asvspoof2019_LA_T_3132363::fake_music_MusicGen_0174::11::14,mix::asvspoof::LA_0083::generated_music::fake_music_generator_0174,asvspoof::LA_0083,generated_music::fake_music_generator_0174,music_then_voice,0.0,0.1,0.1,0.1,3.0,-6.0,none,val_c,val_c,val_c,1,1,1,1,1,0.988921353257217,0.988921353257217,,False,True,8.1493125,0.6758884191513062,0.9821261167526244,0.6897178888320923,0.982136368751526,0.8766052722930908,0.9078457355499268,0.3155594170093536,0.049663171172142,unknown,0.9889885022260612,0.7697982993830794,0.9821261167526244,0.4558208808302879,0.2642088122665882,,,,,,,,,,,TTS_or_unknown,unknown,clean_or_unknown,with_music,MusicGen,MusicGen,voice+music,FF,music_then_voice,not_partial_or_unknown,5-10,MusicGen,correct,correct,correct
data\raw\fake_music_generated\fake_music_MusicGen_0296.wav,1,0,1,0,1,fake_music_MusicGen_29,MusicGen,fake_music_generated,fake_music_generated,synth/MusicGen,fake_music_MusicGen_0296,generated_music::fake_music_generator_0296,,generated_music::fake_music_generator_0296,none,,,,,,,none,val_c,val_c,val_c,1,0,1,0,1,0.9182992262657176,0.9182992262657176,,False,True,5.8256875,0.7084579467773438,0.9999349117279052,0.709374725818634,0.9999293088912964,0.6374545693397522,0.9999669790267944,0.0231667086482048,0.0535598956048488,unknown,0.9795427179606911,0.7714103306238558,0.9999349117279052,0.17673867382109165,0.2901616664603352,,,,,,,,,,,absent,unknown,clean_or_unknown,with_music,MusicGen,MusicGen,music_only,single_fake,none,not_partial_or_unknown,5-10,MusicGen,correct,not_scored,correct
data\raw\Bisher_ASVspoof_2019_LA\asvspoof2019_LA_T_2059429.flac,1,1,0,1,0,LA_0094,A02,asvspoof2019,asvspoof2019,Bisher/ASVspoof_2019_LA,asvspoof2019_LA_T_2059429,asvspoof::LA_0094,asvspoof::LA_0094,,none,,,,,,,none,val_c,val_c,val_c,1,1,0,1,0,0.9997737300264354,0.9997737300264354,,False,True,5.2684375,0.7194209694862366,0.458544909954071,0.7246696352958679,0.4633773863315582,0.9377246499061584,0.0594206042587757,0.7900539636611938,0.0342781282961368,unknown,0.7588169215793356,0.8035267976482962,0.458544909954071,0.826971635222435,0.04056374728679653,,,,,,,,,,,TTS_or_unknown,unknown,clean_or_unknown,voice_only,absent,A02,voice_only,single_fake,none,not_partial_or_unknown,5-10,A02,correct,correct,not_scored
data/raw/gtzan_unique_v2/classical.00042.wav,0,0,0,0,1,gtzan_1_classical.00042,GTZAN_genre_1,gtzan_real_v2,gtzan_real,sanchit-gandhi/gtzan,gtzan_v2_classical.00042,gtzan::gtzan_v2_classical.00042,,gtzan::gtzan_v2_classical.00042,none,,,,,,,none,val_c,val_c,val_c,0,0,0,0,1,0.1983994533996551,0.1983994533996551,,False,True,30.371,0.6876724362373352,2.4859485847628093e-07,0.6769697666168213,2.3421685568791875e-07,0.4564103186130523,0.999999701976776,0.0212804079055786,0.5634311437606812,unknown,0.25243394700059046,0.5408905413860312,1e-06,0.13006288558244702,0.6725732833147049,,,,,,,,,,,absent,unknown,clean_or_unknown,with_music,real_music,GTZAN_genre_1,music_only,single_real,none,not_partial_or_unknown,>20,GTZAN_genre_1,correct,not_scored,correct
data/raw/gtzan_unique_v2/classical.00097.wav,0,0,0,0,1,gtzan_1_classical.00097,GTZAN_genre_1,gtzan_real_v2,gtzan_real,sanchit-gandhi/gtzan,gtzan_v2_classical.00097,gtzan::gtzan_v2_classical.00097,,gtzan::gtzan_v2_classical.00097,none,,,,,,,none,val_c,val_c,val_c,0,0,0,0,1,0.1820075857966843,0.1820075857966843,,False,True,30.013375,0.6159185767173767,1.614874054212123e-05,0.6216546297073364,1.587474616826512e-05,0.6797232031822205,0.999995231628418,0.019478116184473,0.7066877484321594,unknown,0.2276654434816931,0.48574527944116896,1.614874054212123e-05,0.18453938793390987,0.7800146192312241,,,,,,,,,,,absent,unknown,clean_or_unknown,with_music,real_music,GTZAN_genre_1,music_only,single_real,none,not_partial_or_unknown,>20,GTZAN_genre_1,correct,not_scored,correct
MIX::data\raw\Bisher_ASVspoof_2019_LA\asvspoof2019_LA_T_6193190.flac|data\raw\fake_music_generated\fake_music_MusicGen_0212.wav,1,1,1,1,1,mix::LA_0086::fake_music_MusicGen_21,mix::A02::MusicGen,split_internal_mix,mix,generated_after_split,mix::asvspoof2019_LA_T_6193190::fake_music_MusicGen_0212::11::0,mix::asvspoof::LA_0086::generated_music::fake_music_generator_0212,asvspoof::LA_0086,generated_music::fake_music_generator_0212,partial_overlap,0.0,0.5,1.0,0.5,-3.0,0.0,none,val_c,val_c,val_c,1,1,1,1,1,0.9923944022268788,0.9923944022268788,,False,True,10.575,0.7349770665168762,0.8759965896606445,0.7297298312187195,0.8763636946678162,0.8951016664505005,0.6464694738388062,0.4813448190689087,0.0597141236066818,unknown,0.9430021513130905,0.812202267229877,0.8759965896606445,0.5847840309143066,0.2064029611647129,,,,,,,,,,,TTS_or_unknown,unknown,clean_or_unknown,with_music,MusicGen,MusicGen,voice+music,FF,partial_overlap,partial_or_crossfade,10-20,MusicGen,correct,correct,correct
data\raw\fake_music_generated\fake_music_MusicGen_0200.wav,1,0,1,0,1,fake_music_MusicGen_20,MusicGen,fake_music_generated,fake_music_generated,synth/MusicGen,fake_music_MusicGen_0200,generated_music::fake_music_generator_0200,,generated_music::fake_music_generator_0200,none,,,,,,,none,val_c,val_c,val_c,1,0,1,0,1,0.881987476814353,0.881987476814353,,False,True,4.48175,0.7144573330879211,0.9999301433563232,0.7098172307014465,0.9999240636825562,0.5869089961051941,0.9999628067016602,0.0192382372915744,0.0558785088360309,unknown,0.9704622295379454,0.7647163762058506,0.9999301433563232,0.16115592699497933,0.2918995833024382,,,,,,,,,,,absent,unknown,clean_or_unknown,with_music,MusicGen,MusicGen,music_only,single_fake,none,not_partial_or_unknown,2-5,MusicGen,correct,not_scored,correct
MIX::data\raw\Bisher_ASVspoof_2019_LA\asvspoof2019_LA_T_5405802.flac|data/raw/gtzan_unique_v2/disco.00058.wav,1,1,0,1,1,mix::LA_0086::gtzan_3_disco.00058,mix::A02::GTZAN_genre_3,split_internal_mix,mix,generated_after_split,mix::asvspoof2019_LA_T_5405802::gtzan_v2_disco.00058::10::0,mix::asvspoof::LA_0086::gtzan::gtzan_v2_disco.00058,asvspoof::LA_0086,gtzan::gtzan_v2_disco.00058,music_then_voice,-10.0,0.25,0.5,0.1,-3.0,-3.0,none,val_c,val_c,val_c,1,1,0,1,1,0.4820633669680433,0.4820633669680433,,False,True,35.038,0.6711885333061218,0.0001654410880291,0.6515300273895264,0.000159732371685,0.5031543374061584,0.9995643496513368,0.0190297439694404,0.8176712393760681,unknown,0.35101877977645224,0.6144509834046982,0.0001654410880291,0.1400608923286199,0.8631445169448853,,,,,,,,,,,TTS_or_unknown,unknown,clean_or_unknown,with_music,real_music,GTZAN_genre_3,voice+music,FR,music_then_voice,not_partial_or_unknown,>20,GTZAN_genre_3,FN,FN,correct
MIX::data\raw\ajaykarthick_wavefake-audio\wavefake_ajay_LJ008-0315.wav|data/raw/gtzan_unique_v2/jazz.00012.wav,1,1,0,1,1,mix::wavefake_208461::gtzan_5_jazz.00012,mix::WF6::GTZAN_genre_5,split_internal_mix,mix,generated_after_split,mix::wavefake_ajay_LJ008-0315::gtzan_v2_jazz.00012::10::2,mix::wavefake::LJ008-0315::gtzan::gtzan_v2_jazz.00012,wavefake::LJ008-0315,gtzan::gtzan_v2_jazz.00012,crossfade,0.0,0.75,0.0,0.5,3.0,3.0,none,val_c,val_c,val_c,1,1,0,1,1,0.4807413698400877,0.4807413698400877,,False,True,34.261875,0.741085946559906,0.2618351578712463,0.6973289847373962,0.2672693133354187,0.6943666338920593,0.70196133852005,0.2766592800617218,0.4828101694583893,unknown,0.5021209291878435,0.6629825735439605,0.2618351578712463,0.3810861185193062,0.5375979617238045,,,,,,,,,,,TTS_or_unknown,unknown,clean_or_unknown,with_music,real_music,GTZAN_genre_5,voice+music,FR,crossfade,partial_or_crossfade,>20,GTZAN_genre_5,correct,FN,correct
MIX::data\raw\Bisher_ASVspoof_2019_LA\asvspoof2019_LA_T_2572311.flac|data\raw\fake_music_generated\fake_music_MusicGen_0090.wav,1,0,1,1,1,mix::LA_0086::fake_music_MusicGen_9,mix::bonafide::MusicGen,split_internal_mix,mix,generated_after_split,mix::asvspoof2019_LA_T_2572311::fake_music_MusicGen_0090::01::10,mix::asvspoof::LA_0086::generated_music::fake_music_generator_0090,asvspoof::LA_0086,generated_music::fake_music_generator_0090,voice_then_music,10.0,0.75,1.0,0.05,0.0,-6.0,none,val_c,val_c,val_c,1,0,1,1,1,0.1309517151536644,0.1309517151536644,,False,True,9.268875,0.6832866072654724,0.6918939352035522,0.6946334838867188,0.6878073811531067,0.9758371114730836,0.4344305396080017,0.6478849649429321,0.0334896296262741,unknown,0.6099277081753552,0.51758613963193,0.6918939352035522,0.72987300157547,0.133724857121706,,,,,,,,,,,real_speech,unknown,clean_or_unknown,with_music,MusicGen,MusicGen,voice+music,RF,voice_then_music,not_partial_or_unknown,5-10,MusicGen,correct,correct,correct
MIX::data\raw\openslr_librispeech_asr\librispeech_dev_3000-15664-0029.flac|data\raw\fake_music_generated\fake_music_MusicGen_0130.wav,1,0,1,1,1,mix::3000::fake_music_MusicGen_13,mix::LibriSpeech::MusicGen,split_internal_mix,mix,generated_after_split,mix::librispeech_dev_3000-15664-0029::fake_music_MusicGen_0130::01::13,mix::libri::3000::generated_music::fake_music_generator_0130,libri::3000,generated_music::fake_music_generator_0130,crossfade,-10.0,0.5,0.5,0.5,-3.0,3.0,none,val_d,val_d,val_d,1,0,1,1,1,0.8720441425017514,0.8720441425017514,,False,True,11.1245,0.744486927986145,0.999778151512146,0.7472132444381714,0.9997649788856506,0.7241896986961365,0.9998414516448976,0.0142400953918695,0.0648926869034767,unknown,0.9679048293290169,0.7827540923408269,0.999778151512146,0.19172749621793625,0.2986298780888319,,,,,,,,,,,real_speech,unknown,clean_or_unknown,with_music,MusicGen,MusicGen,voice+music,RF,crossfade,partial_or_crossfade,10-20,MusicGen,correct,FP,correct
MIX::data\raw\openslr_librispeech_asr\librispeech_dev_777-126732-0005.flac|data/raw/gtzan_unique_v2/country.00023.wav,0,0,0,1,1,mix::777::gtzan_2_country.00023,mix::LibriSpeech::GTZAN_genre_2,split_internal_mix,mix,generated_after_split,mix::librispeech_dev_777-126732-0005::gtzan_v2_country.00023::00::7,mix::libri::777::gtzan::gtzan_v2_country.00023,libri::777,gtzan::gtzan_v2_country.00023,music_then_voice,-15.0,0.75,1.0,0.5,3.0,-6.0,none,val_d,val_d,val_d,0,0,0,1,1,0.1914061419501815,0.1914061419501815,,False,True,42.133375,0.6942511796951294,0.0024730344302952,0.7030601501464844,0.0023015905171632,0.9095436930656432,0.9853499531745912,0.2733707129955292,0.752962589263916,unknown,0.25291220505349965,0.5433976683716449,0.0024730344302952,0.4324139580130577,0.8110594302415848,,,,,,,,,,,real_speech,unknown,clean_or_unknown,with_music,real_music,GTZAN_genre_2,voice+music,RR,music_then_voice,not_partial_or_unknown,>20,GTZAN_genre_2,correct,correct,correct
data/raw/gtzan_unique_v2/classical.00097.wav,0,0,0,0,1,gtzan_1_classical.00097,GTZAN_genre_1,gtzan_real_v2,gtzan_real,sanchit-gandhi/gtzan,gtzan_v2_classical.00097,gtzan::gtzan_v2_classical.00097,,gtzan::gtzan_v2_classical.00097,none,,,,,,,none,val_d,val_d,val_d,0,0,0,0,1,0.2290475603036346,0.2290475603036346,,False,True,30.013375,0.6592724919319153,0.000298779195873,0.669156551361084,0.0003019804426003,0.8440563678741455,0.999924659729004,0.0208513643592596,0.7280960083007812,unknown,0.2562546492713982,0.530205012443431,0.000298779195873,0.22665261523798108,0.7960531711578369,,,,,,,,,,,absent,unknown,clean_or_unknown,with_music,real_music,GTZAN_genre_1,music_only,single_real,none,not_partial_or_unknown,>20,GTZAN_genre_1,correct,not_scored,correct
data\raw\fake_music_generated\fake_music_MusicGen_0118.wav,1,0,1,0,1,fake_music_MusicGen_11,MusicGen,fake_music_generated,fake_music_generated,synth/MusicGen,fake_music_MusicGen_0118,generated_music::fake_music_generator_0118,,generated_music::fake_music_generator_0118,none,,,,,,,none,val_d,val_d,val_d,1,0,1,0,1,0.8290331277234824,0.8290331277234824,,False,True,5.2974375,0.7553188800811768,0.9999462366104126,0.7513019442558289,0.9999412298202516,0.6482650637626648,0.9999715089797974,0.0284333992749452,0.0735250040888786,unknown,0.9572317558829534,0.7774331543738684,0.9999462366104126,0.1833913153968751,0.3051366303116083,,,,,,,,,,,absent,unknown,clean_or_unknown,with_music,MusicGen,MusicGen,music_only,single_fake,none,not_partial_or_unknown,5-10,MusicGen,correct,not_scored,correct
MIX::data\raw\openslr_librispeech_asr\librispeech_dev_2035-152373-0017.flac|data/raw/gtzan_unique_v2/hiphop.00001.wav,0,0,0,1,1,mix::2035::gtzan_4_hiphop.00001,mix::LibriSpeech::GTZAN_genre_4,split_internal_mix,mix,generated_after_split,mix::librispeech_dev_2035-152373-0017::gtzan_v2_hiphop.00001::00::9,mix::libri::2035::gtzan::gtzan_v2_hiphop.00001,libri::2035,gtzan::gtzan_v2_hiphop.00001,crossfade,-5.0,0.25,0.1,0.1,-3.0,0.0,none,val_d,val_d,val_d,0,0,0,1,1,0.0116261149293635,0.0116261149293635,,False,True,37.7551875,0.7096421718597412,0.1924705654382705,0.7122069597244263,0.1930112689733505,0.9605565071105956,0.7732980251312256,0.3613342046737671,0.528801679611206,unknown,0.2989458622314446,0.5002373547806278,0.1924705654382705,0.5111397802829742,0.5899257659912109,,,,,,,,,,,real_speech,unknown,clean_or_unknown,with_music,real_music,GTZAN_genre_4,voice+music,RR,crossfade,partial_or_crossfade,>20,GTZAN_genre_4,correct,correct,correct
data\raw\openslr_librispeech_asr\librispeech_dev_1919-142785-0022.flac,0,0,0,1,0,1919,LibriSpeech,librispeech_dev,librispeech_dev,openslr/librispeech_asr,librispeech_dev_1919-142785-0022,libri::1919,libri::1919,,none,,,,,,,none,val_d,val_d,val_d,0,0,0,1,0,0.0104453177757254,0.0104453177757254,,False,True,6.77,0.7191441059112549,0.4555291831493377,0.7292618155479431,0.4612078964710235,0.9709696769714355,0.130245566368103,0.6938415765762329,0.0306875091046094,unknown,0.44981019793494387,0.506534469470596,0.4555291831493377,0.7631236016750336,0.0555770234204828,,,,,,,,,,,real_speech,unknown,clean_or_unknown,voice_only,absent,LibriSpeech,voice_only,single_real,none,not_partial_or_unknown,5-10,LibriSpeech,correct,correct,not_scored
MIX::data\raw\ajaykarthick_wavefake-audio\wavefake_ajay_LJ050-0244.wav|data/raw/gtzan_unique_v2/blues.00092.wav,1,1,0,1,1,mix::wavefake_31c5b4::gtzan_0_blues.00092,mix::WF1::GTZAN_genre_0,split_internal_mix,mix,generated_after_split,mix::wavefake_ajay_LJ050-0244::gtzan_v2_blues.00092::10::5,mix::wavefake::LJ050-0244::gtzan::gtzan_v2_blues.00092,wavefake::LJ050-0244,gtzan::gtzan_v2_blues.00092,music_then_voice,15.0,0.5,1.0,0.25,0.0,0.0,none,val_d,val_d,val_d,1,1,0,1,1,0.928656855598087,0.928656855598087,,False,True,34.58925,0.7308763265609741,0.2395815253257751,0.7091797590255737,0.24118073284626,0.9813557267189026,0.7104727625846863,0.2519890367984772,0.5393153429031372,unknown,0.6377840551698581,0.7902104852721079,0.2395815253257751,0.4343307092785835,0.5821046978235245,,,,,,,,,,,TTS_or_unknown,unknown,clean_or_unknown,with_music,real_music,GTZAN_genre_0,voice+music,FR,music_then_voice,not_partial_or_unknown,>20,GTZAN_genre_0,correct,correct,correct
MIX::data\raw\openslr_librispeech_asr\librispeech_dev_1993-147149-0012.flac|data\raw\fake_music_generated\fake_music_MusicGen_0152.wav,1,0,1,1,1,mix::1993::fake_music_MusicGen_15,mix::LibriSpeech::MusicGen,split_internal_mix,mix,generated_after_split,mix::librispeech_dev_1993-147149-0012::fake_music_MusicGen_0152::01::11,mix::libri::1993::generated_music::fake_music_generator_0152,libri::1993,generated_music::fake_music_generator_0152,music_then_voice,15.0,0.1,0.0,0.1,3.0,-3.0,none,val_d,val_d,val_d,1,0,1,1,1,0.0145667432357321,0.0145667432357321,,False,True,11.228625,0.6897278428077698,0.4997117519378662,0.6935409307479858,0.4971719980239868,0.984216034412384,0.6466082334518433,0.7452430129051208,0.127472698688507,unknown,0.46887191142660084,0.48717951293615847,0.4997117519378662,0.8049862682819366,0.25725658237934107,,,,,,,,,,,real_speech,unknown,clean_or_unknown,with_music,MusicGen,MusicGen,voice+music,RF,music_then_voice,not_partial_or_unknown,10-20,MusicGen,FN,correct,correct
MIX::data\raw\Bisher_ASVspoof_2019_LA\asvspoof2019_LA_T_2059429.flac|data/raw/gtzan_unique_v2/blues.00074.wav,1,1,0,1,1,mix::LA_0094::gtzan_0_blues.00074,mix::A02::GTZAN_genre_0,split_internal_mix,mix,generated_after_split,mix::asvspoof2019_LA_T_2059429::gtzan_v2_blues.00074::10::3,mix::asvspoof::LA_0094::gtzan::gtzan_v2_blues.00074,asvspoof::LA_0094,gtzan::gtzan_v2_blues.00074,simultaneous,5.0,0.1,0.1,0.05,-6.0,-6.0,none,val_d,val_d,val_d,1,1,0,1,1,0.9413462127890602,0.9413462127890602,,False,True,30.013375,0.6695632934570312,0.0009266895940527,0.6762247085571289,0.0009088278748095,0.9233304858207704,0.9980144500732422,0.3330795466899872,0.875403881072998,unknown,0.5174256726477424,0.7510981692566399,0.0009266895940527,0.48064228147268295,0.9060565233230591,,,,,,,,,,,TTS_or_unknown,unknown,clean_or_unknown,with_music,real_music,GTZAN_genre_0,voice+music,FR,simultaneous,not_partial_or_unknown,>20,GTZAN_genre_0,correct,correct,correct
MIX::data\raw\openslr_librispeech_asr\librispeech_dev_1919-142785-0015.flac|data\raw\fake_music_generated\fake_music_MusicGen_0002.wav,1,0,1,1,1,mix::1919::fake_music_MusicGen_0,mix::LibriSpeech::MusicGen,split_internal_mix,mix,generated_after_split,mix::librispeech_dev_1919-142785-0015::fake_music_MusicGen_0002::01::5,mix::libri::1919::generated_music::fake_music_generator_0002,libri::1919,generated_music::fake_music_generator_0002,voice_then_music,-15.0,0.5,0.5,0.5,-3.0,3.0,none,val_d,val_d,val_d,1,0,1,1,1,0.7774646143585169,0.7774646143585169,,False,True,10.560875,0.7400701642036438,0.9998335838317872,0.7433161735534668,0.9998217821121216,0.721443772315979,0.9999014735221864,0.0318272933363914,0.1028468310832977,unknown,0.9442838007760703,0.7512884992501058,0.9998335838317872,0.2042314130812883,0.32711049169301987,,,,,,,,,,,real_speech,unknown,clean_or_unknown,with_music,MusicGen,MusicGen,voice+music,RF,voice_then_music,not_partial_or_unknown,10-20,MusicGen,correct,FP,correct
MIX::data\raw\Bisher_ASVspoof_2019_LA\asvspoof2019_LA_T_2248914.flac|data\raw\fake_music_generated\fake_music_MusicGen_0174.wav,1,1,1,1,1,mix::LA_0083::fake_music_MusicGen_17,mix::A01::MusicGen,split_internal_mix,mix,generated_after_split,mix::asvspoof2019_LA_T_2248914::fake_music_MusicGen_0174::11::15,mix::asvspoof::LA_0083::generated_music::fake_music_generator_0174,asvspoof::LA_0083,generated_music::fake_music_generator_0174,partial_overlap,5.0,0.25,0.5,0.25,-6.0,-3.0,none,val_d,val_d,val_d,1,1,1,1,1,0.7248019554378387,0.7248019554378387,,False,True,6.3734375,0.720258355140686,0.9816077947616576,0.7336128950119019,0.9817288517951964,0.9708796739578248,0.9685412049293518,0.5620324611663818,0.0406763851642608,unknown,0.9224288098962052,0.7216214352298318,0.9816077947616576,0.6642442643642426,0.27264259010553354,,,,,,,,,,,TTS_or_unknown,unknown,clean_or_unknown,with_music,MusicGen,MusicGen,voice+music,FF,partial_overlap,partial_or_crossfade,5-10,MusicGen,correct,correct,correct
data\raw\openslr_librispeech_asr\librispeech_dev_1272-128104-0000.flac,0,0,0,1,0,1272,LibriSpeech,librispeech_dev,librispeech_dev,openslr/librispeech_asr,librispeech_dev_1272-128104-0000,libri::1272,libri::1272,,none,,,,,,,none,val_d,val_d,val_d,0,0,0,1,0,0.0075832299960577,0.0075832299960577,,False,True,5.855,0.7844524383544922,0.3517563343048095,0.7918479442596436,0.3508868217468261,0.988114595413208,0.173615276813507,0.7627270221710205,0.0331217534840106,unknown,0.3994255514626961,0.5513916758469618,0.3517563343048095,0.8190739154815674,0.0682451343163847,,,,,,,,,,,real_speech,unknown,clean_or_unknown,voice_only,absent,LibriSpeech,voice_only,single_real,none,not_partial_or_unknown,5-10,LibriSpeech,correct,correct,not_scored
MIX::data\raw\openslr_librispeech_asr\librispeech_dev_777-126732-0028.flac|data/raw/gtzan_unique_v2/reggae.00011.wav,0,0,0,1,1,mix::777::gtzan_8_reggae.00011,mix::LibriSpeech::GTZAN_genre_8,split_internal_mix,mix,generated_after_split,mix::librispeech_dev_777-126732-0028::gtzan_v2_reggae.00011::00::3,mix::libri::777::gtzan::gtzan_v2_reggae.00011,libri::777,gtzan::gtzan_v2_reggae.00011,partial_overlap,0.0,0.75,1.0,0.5,3.0,-6.0,none,val_d,val_d,val_d,0,0,0,1,1,0.1174120460738834,0.1174120460738834,,False,True,33.205875,0.725437343120575,0.1582734286785125,0.7099653482437134,0.1563468128442764,0.9516649842262268,0.7375428676605225,0.3849105536937713,0.584439218044281,unknown,0.3187415669515787,0.5430297540065674,0.1582734286785125,0.5265991613268852,0.6227151304483414,,,,,,,,,,,real_speech,unknown,clean_or_unknown,with_music,real_music,GTZAN_genre_8,voice+music,RR,partial_overlap,partial_or_crossfade,>20,GTZAN_genre_8,correct,correct,correct
MIX::data\raw\openslr_librispeech_asr\librispeech_dev_777-126732-0039.flac|data/raw/gtzan_unique_v2/jazz.00012.wav,0,0,0,1,1,mix::777::gtzan_5_jazz.00012,mix::LibriSpeech::GTZAN_genre_5,split_internal_mix,mix,generated_after_split,mix::librispeech_dev_777-126732-0039::gtzan_v2_jazz.00012::00::4,mix::libri::777::gtzan::gtzan_v2_jazz.00012,libri::777,gtzan::gtzan_v2_jazz.00012,crossfade,5.0,0.1,0.0,0.05,-6.0,-3.0,none,val_d,val_d,val_d,0,0,0,1,1,0.0761182239323058,0.0761182239323058,,False,True,32.798375,0.6950433254241943,0.0146725829690694,0.6926681995391846,0.0137652717530727,0.972878873348236,0.9326879382133484,0.2555364668369293,0.7572656273841858,unknown,0.2179032826619649,0.5093657949766277,0.0146725829690694,0.434872068464756,0.8011212050914764,,,,,,,,,,,real_speech,unknown,clean_or_unknown,with_music,real_music,GTZAN_genre_5,voice+music,RR,crossfade,partial_or_crossfade,>20,GTZAN_genre_5,correct,correct,correct
MIX::data\raw\Bisher_ASVspoof_2019_LA\asvspoof2019_LA_T_9012332.flac|data\raw\fake_music_generated\fake_music_MusicGen_0170.wav,1,1,1,1,1,mix::LA_0094::fake_music_MusicGen_17,mix::A02::MusicGen,split_internal_mix,mix,generated_after_split,mix::asvspoof2019_LA_T_9012332::fake_music_MusicGen_0170::11::18,mix::asvspoof::LA_0094::generated_music::fake_music_generator_0170,asvspoof::LA_0094,generated_music::fake_music_generator_0170,voice_then_music,-15.0,0.1,0.1,0.1,3.0,-6.0,none,val_d,val_d,val_d,1,1,1,1,1,0.8753905083865549,0.8753905083865549,,False,True,6.7556875,0.7398651242256165,0.999610722064972,0.7394099831581116,0.9995875954627992,0.6741726994514465,0.999774158000946,0.0113738039508461,0.0379679724574089,unknown,0.9686609362746522,0.780522739473898,0.999610722064972,0.1770735278259962,0.2784195188432932,,,,,,,,,,,TTS_or_unknown,unknown,clean_or_unknown,with_music,MusicGen,MusicGen,voice+music,FF,voice_then_music,not_partial_or_unknown,5-10,MusicGen,correct,correct,correct
MIX::data\raw\ajaykarthick_wavefake-audio\wavefake_ajay_LJ048-0156.wav|data\raw\fake_music_generated\fake_music_MusicGen_0220.wav,1,1,1,1,1,mix::wavefake_016540::fake_music_MusicGen_22,mix::WF2::MusicGen,split_internal_mix,mix,generated_after_split,mix::wavefake_ajay_LJ048-0156::fake_music_MusicGen_0220::11::7,mix::wavefake::LJ048-0156::generated_music::fake_music_generator_0220,wavefake::LJ048-0156,generated_music::fake_music_generator_0220,simultaneous,0.0,0.25,0.5,0.25,-6.0,-3.0,none,val_d,val_d,val_d,1,1,1,1,1,0.4940721897731129,0.4940721897731129,,False,True,4.8906875,0.6568701863288879,0.9974393844604492,0.6745474338531494,0.9973527193069458,0.8897923231124878,0.9985235333442688,0.1547799259424209,0.1652586460113525,unknown,0.8721489362620432,0.6080307873621554,0.9974393844604492,0.3385330252349376,0.3735748678445816,,,,,,,,,,,TTS_or_unknown,unknown,clean_or_unknown,with_music,MusicGen,MusicGen,voice+music,FF,simultaneous,not_partial_or_unknown,2-5,MusicGen,correct,FN,correct
data\raw\openslr_librispeech_asr\librispeech_dev_777-126732-0038.flac,0,0,0,1,0,777,LibriSpeech,librispeech_dev,librispeech_dev,openslr/librispeech_asr,librispeech_dev_777-126732-0038,libri::777,libri::777,,none,,,,,,,none,val_d,val_d,val_d,0,0,0,1,0,0.0495424397039858,0.0495424397039858,,False,True,3.1,0.6858918070793152,0.3429009020328522,0.709317684173584,0.3273278474807739,0.9886416792869568,0.1218577250838279,0.8884037733078003,0.0185062047094106,unknown,0.3856922069235763,0.4949869968667163,0.3429009020328522,0.9134632498025894,0.044344084803014924,,,,,,,,,,,real_speech,unknown,clean_or_unknown,voice_only,absent,LibriSpeech,voice_only,single_real,none,not_partial_or_unknown,2-5,LibriSpeech,correct,correct,not_scored
data/raw/gtzan_unique_v2/classical.00089.wav,0,0,0,0,1,gtzan_1_classical.00089,GTZAN_genre_1,gtzan_real_v2,gtzan_real,sanchit-gandhi/gtzan,gtzan_v2_classical.00089,gtzan::gtzan_v2_classical.00089,,gtzan::gtzan_v2_classical.00089,none,,,,,,,none,val_d,val_d,val_d,0,0,0,0,1,0.5232077005310228,0.5232077005310228,,False,True,30.013375,0.6513386368751526,0.0048470082692801,0.6544616222381592,0.004953128285706,0.8315751552581787,0.9891130328178406,0.0188717264682054,0.8061735033988953,unknown,0.363200211737856,0.6128993559719136,0.0048470082692801,0.22204758366569874,0.8519083857536316,,,,,,,,,,,absent,unknown,clean_or_unknown,with_music,real_music,GTZAN_genre_1,music_only,single_real,none,not_partial_or_unknown,>20,GTZAN_genre_1,correct,not_scored,correct
MIX::data\raw\ajaykarthick_wavefake-audio\wavefake_ajay_LJ009-0248.wav|data/raw/gtzan_unique_v2/pop.00028.wav,1,1,0,1,1,mix::wavefake_d7d4f1::gtzan_7_pop.00028,mix::WF6::GTZAN_genre_7,split_internal_mix,mix,generated_after_split,mix::wavefake_ajay_LJ009-0248::gtzan_v2_pop.00028::10::19,mix::wavefake::LJ009-0248::gtzan::gtzan_v2_pop.00028,wavefake::LJ009-0248,gtzan::gtzan_v2_pop.00028,voice_then_music,15.0,0.1,0.1,0.05,-6.0,-6.0,none,val_d,val_d,val_d,1,1,0,1,1,0.6596849566889855,0.6596849566889855,,False,True,33.3974375,0.6950620412826538,0.1679505258798599,0.6906169652938843,0.1680846959352493,0.9676970839500428,0.7868795394897461,0.2732537090778351,0.775580883026123,unknown,0.5044952075555937,0.6844489159045533,0.1679505258798599,0.446864552795887,0.7784055471420288,,,,,,,,,,,TTS_or_unknown,unknown,clean_or_unknown,with_music,real_music,GTZAN_genre_7,voice+music,FR,voice_then_music,not_partial_or_unknown,>20,GTZAN_genre_7,correct,correct,correct
MIX::data\raw\Bisher_ASVspoof_2019_LA\asvspoof2019_LA_T_5305063.flac|data\raw\fake_music_generated\fake_music_MusicGen_0220.wav,1,1,1,1,1,mix::LA_0086::fake_music_MusicGen_22,mix::A02::MusicGen,split_internal_mix,mix,generated_after_split,mix::asvspoof2019_LA_T_5305063::fake_music_MusicGen_0220::11::13,mix::asvspoof::LA_0086::generated_music::fake_music_generator_0220,asvspoof::LA_0086,generated_music::fake_music_generator_0220,voice_then_music,-5.0,0.75,0.0,0.05,0.0,3.0,none,val_d,val_d,val_d,1,1,1,1,1,0.8708349181417285,0.8708349181417285,,False,True,7.3865625,0.7384800910949707,0.999924898147583,0.7422471642494202,0.999918818473816,0.714982807636261,0.999962568283081,0.0205873362720012,0.2061677128076553,unknown,0.9676720394874394,0.778186539208998,0.999924898147583,0.19418620411306614,0.40461642667651176,,,,,,,,,,,TTS_or_unknown,unknown,clean_or_unknown,with_music,MusicGen,MusicGen,voice+music,FF,voice_then_music,not_partial_or_unknown,5-10,MusicGen,correct,correct,correct
data\raw\openslr_librispeech_asr\librispeech_dev_777-126732-0020.flac,0,0,0,1,0,777,LibriSpeech,librispeech_dev,librispeech_dev,openslr/librispeech_asr,librispeech_dev_777-126732-0020,libri::777,libri::777,,none,,,,,,,none,val_d,val_d,val_d,0,0,0,1,0,0.2272150838932877,0.2272150838932877,,False,True,2.205,0.6622768640518188,0.3827023804187774,0.6939741373062134,0.3662256896495819,0.9850067496299744,0.0815804749727249,0.8607956171035767,0.0288365818560123,unknown,0.46074672898800006,0.5317583300042594,0.3827023804187774,0.8918484002351761,0.042022555135190445,,,,,,,,,,,real_speech,unknown,clean_or_unknown,voice_only,absent,LibriSpeech,voice_only,single_real,none,not_partial_or_unknown,2-5,LibriSpeech,correct,correct,not_scored
MIX::data\raw\openslr_librispeech_asr\librispeech_dev_1919-142785-0004.flac|data/raw/gtzan_unique_v2/rock.00001.wav,0,0,0,1,1,mix::1919::gtzan_9_rock.00001,mix::LibriSpeech::GTZAN_genre_9,split_internal_mix,mix,generated_after_split,mix::librispeech_dev_1919-142785-0004::gtzan_v2_rock.00001::00::11,mix::libri::1919::gtzan::gtzan_v2_rock.00001,libri::1919,gtzan::gtzan_v2_rock.00001,voice_then_music,5.0,0.75,1.0,0.5,3.0,-6.0,none,val_d,val_d,val_d,0,0,0,1,1,0.1662795428899707,0.1662795428899707,,False,True,39.183375,0.7195074558258057,0.2548251152038574,0.7068793773651123,0.2599908113479614,0.8861923217773438,0.706016480922699,0.2847913801670074,0.5926766395568848,unknown,0.3893071412863881,0.5535390819450552,0.2548251152038574,0.43514161556959147,0.6210115998983383,,,,,,,,,,,real_speech,unknown,clean_or_unknown,with_music,real_music,GTZAN_genre_9,voice+music,RR,voice_then_music,not_partial_or_unknown,>20,GTZAN_genre_9,correct,correct,correct
data\raw\ajaykarthick_wavefake-audio\wavefake_ajay_LJ050-0233_WF2_1.wav,1,1,0,1,0,wavefake_bfa3d3,WF2,wavefake_ajay,wavefake_ajay,ajaykarthick/wavefake-audio,wavefake_ajay_LJ050-0233,wavefake::LJ050-0233,wavefake::LJ050-0233,,none,,,,,,,none,val_d,val_d,val_d,1,1,0,1,0,0.9165638223401982,0.9165638223401982,,False,True,7.848375,0.7586488723754883,0.485606700181961,0.7686843276023865,0.494671881198883,0.9837396740913392,0.153266504406929,0.7971687316894531,0.0497868135571479,unknown,0.7522253040498709,0.8060233573649012,0.485606700181961,0.8438114672899246,0.07565673626959318,,,,,,,,,,,TTS_or_unknown,unknown,clean_or_unknown,voice_only,absent,WF2,voice_only,single_fake,none,not_partial_or_unknown,5-10,WF2,correct,correct,not_scored
MIX::data\raw\Bisher_ASVspoof_2019_LA\asvspoof2019_LA_T_7333217.flac|data\raw\fake_music_generated\fake_music_MusicGen_0124.wav,1,1,1,1,1,mix::LA_0083::fake_music_MusicGen_12,mix::A01::MusicGen,split_internal_mix,mix,generated_after_split,mix::asvspoof2019_LA_T_7333217::fake_music_MusicGen_0124::11::19,mix::asvspoof::LA_0083::generated_music::fake_music_generator_0124,asvspoof::LA_0083,generated_music::fake_music_generator_0124,music_then_voice,-10.0,0.25,0.5,0.25,-6.0,-3.0,none,val_d,val_d,val_d,1,1,1,1,1,0.9123353876212784,0.9123353876212784,,False,True,7.489,0.7401597499847412,0.9998610019683838,0.7383520007133484,0.9998503923416138,0.6723917722702026,0.9999244213104248,0.0122504290193319,0.020295126363635,unknown,0.9780168924105986,0.7918124412757024,0.9998610019683838,0.17728576483204958,0.26520245010033244,,,,,,,,,,,TTS_or_unknown,unknown,clean_or_unknown,with_music,MusicGen,MusicGen,voice+music,FF,music_then_voice,not_partial_or_unknown,5-10,MusicGen,correct,correct,correct
data\raw\openslr_librispeech_asr\librispeech_dev_6295-64301-0028.flac,0,0,0,1,0,6295,LibriSpeech,librispeech_dev,librispeech_dev,openslr/librispeech_asr,librispeech_dev_6295-64301-0028,libri::6295,libri::6295,,none,,,,,,,none,val_d,val_d,val_d,0,0,0,1,0,0.0227267441942997,0.0227267441942997,,False,True,10.65,0.7757490277290344,0.3784113824367523,0.7787618637084961,0.3760357499122619,0.988390862941742,0.1053554639220237,0.7816706895828247,0.032670222222805,unknown,0.41676526380087575,0.549842342668614,0.3784113824367523,0.833350732922554,0.05084153264760968,,,,,,,,,,,real_speech,unknown,clean_or_unknown,voice_only,absent,LibriSpeech,voice_only,single_real,none,not_partial_or_unknown,10-20,LibriSpeech,correct,correct,not_scored
MIX::data\raw\Bisher_ASVspoof_2019_LA\asvspoof2019_LA_T_2312030.flac|data/raw/gtzan_unique_v2/hiphop.00067.wav,1,1,0,1,1,mix::LA_0094::gtzan_4_hiphop.00067,mix::A02::GTZAN_genre_4,split_internal_mix,mix,generated_after_split,mix::asvspoof2019_LA_T_2312030::gtzan_v2_hiphop.00067::10::6,mix::asvspoof::LA_0094::gtzan::gtzan_v2_hiphop.00067,asvspoof::LA_0094,gtzan::gtzan_v2_hiphop.00067,partial_overlap,-15.0,0.75,0.0,0.5,3.0,3.0,none,val_d,val_d,val_d,1,1,0,1,1,0.083699345781886,0.083699345781886,,False,True,30.675,0.6910756826400757,0.2111538052558899,0.6948604583740234,0.2132617533206939,0.8620779514312744,0.614224374294281,0.0927893742918968,0.6560940146446228,unknown,0.3306110967485724,0.5088627815826188,0.2111538052558899,0.2851115185767412,0.6456266045570374,,,,,,,,,,,TTS_or_unknown,unknown,clean_or_unknown,with_music,real_music,GTZAN_genre_4,voice+music,FR,partial_overlap,partial_or_crossfade,>20,GTZAN_genre_4,FN,FN,correct
data/raw/gtzan_unique_v2/classical.00073.wav,0,0,0,0,1,gtzan_1_classical.00073,GTZAN_genre_1,gtzan_real_v2,gtzan_real,sanchit-gandhi/gtzan,gtzan_v2_classical.00073,gtzan::gtzan_v2_classical.00073,,gtzan::gtzan_v2_classical.00073,none,,,,,,,none,val_d,val_d,val_d,0,0,0,0,1,0.3002715536078219,0.3002715536078219,,False,True,30.013375,0.6607467532157898,0.0001124841219279,0.6661926507949829,0.0001102810638258,0.8260677456855774,0.99990051984787,0.0207268055528402,0.6444144248962402,unknown,0.2823546881475901,0.5526041933333994,0.0001124841219279,0.2220620405860245,0.7332859486341476,,,,,,,,,,,absent,unknown,clean_or_unknown,with_music,real_music,GTZAN_genre_1,music_only,single_real,none,not_partial_or_unknown,>20,GTZAN_genre_1,correct,not_scored,correct
MIX::data\raw\ajaykarthick_wavefake-audio\wavefake_ajay_LJ019-0394.wav|data\raw\fake_music_generated\fake_music_MusicGen_0144.wav,1,1,1,1,1,mix::wavefake_76ddde::fake_music_MusicGen_14,mix::WF4::MusicGen,split_internal_mix,mix,generated_after_split,mix::wavefake_ajay_LJ019-0394::fake_music_MusicGen_0144::11::11,mix::wavefake::LJ019-0394::generated_music::fake_music_generator_0144,wavefake::LJ019-0394,generated_music::fake_music_generator_0144,crossfade,-15.0,0.25,0.5,0.25,-6.0,-3.0,none,val_d,val_d,val_d,1,1,1,1,1,0.8717732541565476,0.8717732541565476,,False,True,10.953375,0.7279794812202454,0.9992127418518066,0.7314366102218628,0.9991875886917114,0.7251617908477783,0.9993829727172852,0.0133618842810392,0.0269351787865161,unknown,0.9675710882270047,0.7711176131011359,0.9992127418518066,0.19131186092272398,0.2700471272692084,,,,,,,,,,,TTS_or_unknown,unknown,clean_or_unknown,with_music,MusicGen,MusicGen,voice+music,FF,crossfade,partial_or_crossfade,10-20,MusicGen,correct,correct,correct
data\raw\fake_music_generated\fake_music_MusicGen_0296.wav,1,0,1,0,1,fake_music_MusicGen_29,MusicGen,fake_music_generated,fake_music_generated,synth/MusicGen,fake_music_MusicGen_0296,generated_music::fake_music_generator_0296,,generated_music::fake_music_generator_0296,none,,,,,,,none,val_d,val_d,val_d,1,0,1,0,1,0.8649257216514795,0.8649257216514795,,False,True,5.8256875,0.7438011765480042,0.9999285936355592,0.7411365509033203,0.9999223947525024,0.6687611937522888,0.9999610185623168,0.025297624990344,0.0418419614434242,unknown,0.9661964411297332,0.7801385400790467,0.9999285936355592,0.1861635171808302,0.28137172572314734,,,,,,,,,,,absent,unknown,clean_or_unknown,with_music,MusicGen,MusicGen,music_only,single_fake,none,not_partial_or_unknown,5-10,MusicGen,correct,not_scored,correct
data\raw\fake_music_generated\fake_music_MusicGen_0212.wav,1,0,1,0,1,fake_music_MusicGen_21,MusicGen,fake_music_generated,fake_music_generated,synth/MusicGen,fake_music_MusicGen_0212,generated_music::fake_music_generator_0212,,generated_music::fake_music_generator_0212,none,,,,,,,none,val_d,val_d,val_d,1,0,1,0,1,0.7132834014881927,0.7132834014881927,,False,True,4.8913125,0.7492255568504333,0.9998470544815063,0.742301344871521,0.9998352527618408,0.6245148181915283,0.9999058246612548,0.0132103413343429,0.0408503599464893,unknown,0.9282440686634726,0.7384429102417611,0.9998470544815063,0.16603646054863924,0.28061422612518067,,,,,,,,,,,absent,unknown,clean_or_unknown,with_music,MusicGen,MusicGen,music_only,single_fake,none,not_partial_or_unknown,2-5,MusicGen,correct,not_scored,correct
data/raw/gtzan_unique_v2/classical.00056.wav,0,0,0,0,1,gtzan_1_classical.00056,GTZAN_genre_1,gtzan_real_v2,gtzan_real,sanchit-gandhi/gtzan,gtzan_v2_classical.00056,gtzan::gtzan_v2_classical.00056,,gtzan::gtzan_v2_classical.00056,none,,,,,,,none,val_d,val_d,val_d,0,0,0,0,1,0.2367302538559924,0.2367302538559924,,False,True,30.0716875,0.7738474011421204,3.7151819469727343e-06,0.7562277317047119,3.516125616442878e-06,0.5644864439964294,0.999995768070221,0.0267791058868169,0.7009455561637878,unknown,0.2889515179363717,0.612712256956282,3.7151819469727343e-06,0.16120594041422004,0.7757081091403961,,,,,,,,,,,absent,unknown,clean_or_unknown,with_music,real_music,GTZAN_genre_1,music_only,single_real,none,not_partial_or_unknown,>20,GTZAN_genre_1,correct,not_scored,correct
data\raw\openslr_librispeech_asr\librispeech_dev_2277-149874-0002.flac,0,0,0,1,0,2277,LibriSpeech,librispeech_dev,librispeech_dev,openslr/librispeech_asr,librispeech_dev_2277-149874-0002,libri::2277,libri::2277,,none,,,,,,,none,val_d,val_d,val_d,0,0,0,1,0,0.0116016506206284,0.0116016506206284,,False,True,5.095,0.7440337538719177,0.3919727802276611,0.754388153553009,0.3944956660270691,0.9792669415473938,0.1341375708580017,0.830532968044281,0.0388526543974876,unknown,0.41737277181066307,0.5243041228965309,0.3919727802276611,0.8677164614200592,0.06267388351261613,,,,,,,,,,,real_speech,unknown,clean_or_unknown,voice_only,absent,LibriSpeech,voice_only,single_real,none,not_partial_or_unknown,5-10,LibriSpeech,correct,correct,not_scored
data\raw\ajaykarthick_wavefake-audio\wavefake_ajay_LJ030-0005.wav,1,1,0,1,0,wavefake_d37378,WF2,wavefake_ajay,wavefake_ajay,ajaykarthick/wavefake-audio,wavefake_ajay_LJ030-0005,wavefake::LJ030-0005,wavefake::LJ030-0005,,none,,,,,,,none,val_d,val_d,val_d,1,1,0,1,0,0.9673022017189324,0.9673022017189324,,False,True,9.20675,0.743302583694458,0.464554101228714,0.7492274045944214,0.4702652394771576,0.9691768884658812,0.1226335912942886,0.7651209831237793,0.0506021454930305,unknown,0.7551253868286449,0.8105024691018003,0.464554101228714,0.8161349594593048,0.06861000694334503,,,,,,,,,,,TTS_or_unknown,unknown,clean_or_unknown,voice_only,absent,WF2,voice_only,single_fake,none,not_partial_or_unknown,5-10,WF2,correct,correct,not_scored
data\raw\openslr_librispeech_asr\librispeech_dev_2035-147961-0016.flac,0,0,0,1,0,2035,LibriSpeech,librispeech_dev,librispeech_dev,openslr/librispeech_asr,librispeech_dev_2035-147961-0016,libri::2035,libri::2035,,none,,,,,,,none,val_d,val_d,val_d,0,0,0,1,0,0.0166854291624974,0.0166854291624974,,False,True,3.265,0.6830374598503113,0.5734333395957947,0.6978021264076233,0.5762961506843567,0.9681944251060486,0.1274581849575042,0.7851548194885254,0.0223761647939682,unknown,0.5126028936697188,0.4831318506439671,0.5734333395957947,0.8309147208929062,0.0486466698348522,,,,,,,,,,,real_speech,unknown,clean_or_unknown,voice_only,absent,LibriSpeech,voice_only,single_real,none,not_partial_or_unknown,2-5,LibriSpeech,FP,correct,not_scored
data\raw\Bisher_ASVspoof_2019_LA\asvspoof2019_LA_T_2248914.flac,1,1,0,1,0,LA_0083,A01,asvspoof2019,asvspoof2019,Bisher/ASVspoof_2019_LA,asvspoof2019_LA_T_2248914,asvspoof::LA_0083,asvspoof::LA_0083,,none,,,,,,,none,val_d,val_d,val_d,1,1,0,1,0,0.998756687973762,0.998756687973762,,False,True,2.3791875,0.7349319458007812,0.3971740305423736,0.7472138404846191,0.3859584033489227,0.9894071221351624,0.0487961359322071,0.7219126224517822,0.0609146058559417,unknown,0.7273944038912777,0.8140793684526755,0.3971740305423736,0.7887862473726273,0.05788498837500805,,,,,,,,,,,TTS_or_unknown,unknown,clean_or_unknown,voice_only,absent,A01,voice_only,single_fake,none,not_partial_or_unknown,2-5,A01,correct,correct,not_scored
data\raw\openslr_librispeech_asr\librispeech_dev_2277-149896-0028.flac,0,0,0,1,0,2277,LibriSpeech,librispeech_dev,librispeech_dev,openslr/librispeech_asr,librispeech_dev_2277-149896-0028,libri::2277,libri::2277,,none,,,,,,,none,val_d,val_d,val_d,0,0,0,1,0,0.0404889573742733,0.0404889573742733,,False,True,2.9,0.6683061718940735,0.4829774796962738,0.6836453080177307,0.4825998246669769,0.9626247882843018,0.0862009897828102,0.8185959458351135,0.0301201324909925,unknown,0.4652702221416179,0.4799610075381334,0.4829774796962738,0.8546031564474106,0.04414034681394692,,,,,,,,,,,real_speech,unknown,clean_or_unknown,voice_only,absent,LibriSpeech,voice_only,single_real,none,not_partial_or_unknown,2-5,LibriSpeech,correct,correct,not_scored
MIX::data\raw\ajaykarthick_wavefake-audio\wavefake_ajay_LJ048-0137.wav|data/raw/gtzan_unique_v2/classical.00031.wav,1,1,0,1,1,mix::wavefake_365a25::gtzan_1_classical.00031,mix::WF1::GTZAN_genre_1,split_internal_mix,mix,generated_after_split,mix::wavefake_ajay_LJ048-0137::gtzan_v2_classical.00031::10::13,mix::wavefake::LJ048-0137::gtzan::gtzan_v2_classical.00031,wavefake::LJ048-0137,gtzan::gtzan_v2_classical.00031,simultaneous,-15.0,0.5,1.0,0.25,0.0,0.0,none,val_d,val_d,val_d,1,1,0,1,1,0.1987806847749833,0.1987806847749833,,False,True,30.013375,0.7030444741249084,0.0006719999946653,0.6993768215179443,0.0006632963195443,0.8502986431121826,0.9987240433692932,0.0977780818939209,0.6532103419303894,unknown,0.2569688639426477,0.5517653373199309,0.0006719999946653,0.28590822219848633,0.7395887672901154,,,,,,,,,,,TTS_or_unknown,unknown,clean_or_unknown,with_music,real_music,GTZAN_genre_1,voice+music,FR,simultaneous,not_partial_or_unknown,>20,GTZAN_genre_1,FN,FN,correct
MIX::data\raw\ajaykarthick_wavefake-audio\wavefake_ajay_LJ009-0223.wav|data/raw/gtzan_unique_v2/classical.00092.wav,0,0,0,1,1,mix::wavefake_e77048::gtzan_1_classical.00092,mix::R::GTZAN_genre_1,split_internal_mix,mix,generated_after_split,mix::wavefake_ajay_LJ009-0223::gtzan_v2_classical.00092::00::5,mix::wavefake::LJ009-0223::gtzan::gtzan_v2_classical.00092,wavefake::LJ009-0223,gtzan::gtzan_v2_classical.00092,simultaneous,10.0,0.25,0.1,0.1,-3.0,0.0,none,val_d,val_d,val_d,0,0,0,1,1,0.0393040895524539,0.0393040895524539,,False,True,30.013375,0.6579206585884094,0.0002784918178804,0.6388105154037476,0.0002685785584617,0.9178566932678224,0.9996235966682434,0.3025043606758117,0.486619085073471,unknown,0.18710772862421277,0.47233568787762276,0.0002784918178804,0.4563424438238144,0.6148702129721642,,,,,,,,,,,real_speech,unknown,clean_or_unknown,with_music,real_music,GTZAN_genre_1,voice+music,RR,simultaneous,not_partial_or_unknown,>20,GTZAN_genre_1,correct,correct,correct
data/raw/gtzan_unique_v2/disco.00086.wav,0,0,0,0,1,gtzan_3_disco.00086,GTZAN_genre_3,gtzan_real_v2,gtzan_real,sanchit-gandhi/gtzan,gtzan_v2_disco.00086,gtzan::gtzan_v2_disco.00086,,gtzan::gtzan_v2_disco.00086,none,,,,,,,none,val_d,val_d,val_d,0,0,0,0,1,0.1692590787569926,0.1692590787569926,,False,True,30.0001875,0.7537522912025452,0.0002264118811581,0.7456213235855103,0.0002198827860411,0.653338611125946,0.9995555877685548,0.028867483139038,0.8508475422859192,unknown,0.25933464388583305,0.5784043274688794,0.0002264118811581,0.18498526513576502,0.8880245536565781,,,,,,,,,,,absent,unknown,clean_or_unknown,with_music,real_music,GTZAN_genre_3,music_only,single_real,none,not_partial_or_unknown,>20,GTZAN_genre_3,correct,not_scored,correct
data\raw\fake_music_generated\fake_music_MusicGen_0002.wav,1,0,1,0,1,fake_music_MusicGen_0,MusicGen,fake_music_generated,fake_music_generated,synth/MusicGen,fake_music_MusicGen_0002,generated_music::fake_music_generator_0002,,generated_music::fake_music_generator_0002,none,,,,,,,none,val_d,val_d,val_d,1,0,1,0,1,0.7909703410544651,0.7909703410544651,,False,True,5.770875,0.742840051651001,0.9998319149017334,0.7418950796127319,0.9998194575309752,0.6792046427726746,0.9998974800109864,0.0320831052958965,0.0865986719727516,unknown,0.947659582677784,0.7572791384720402,0.9998319149017334,0.193863489665091,0.3149233739823103,,,,,,,,,,,absent,unknown,clean_or_unknown,with_music,MusicGen,MusicGen,music_only,single_fake,none,not_partial_or_unknown,5-10,MusicGen,correct,not_scored,correct
MIX::data\raw\openslr_librispeech_asr\librispeech_dev_6295-244435-0026.flac|data/raw/gtzan_unique_v2/blues.00043.wav,0,0,0,1,1,mix::6295::gtzan_0_blues.00043,mix::LibriSpeech::GTZAN_genre_0,split_internal_mix,mix,generated_after_split,mix::librispeech_dev_6295-244435-0026::gtzan_v2_blues.00043::00::1,mix::libri::6295::gtzan::gtzan_v2_blues.00043,libri::6295,gtzan::gtzan_v2_blues.00043,voice_then_music,-10.0,0.25,0.1,0.1,-3.0,0.0,none,val_d,val_d,val_d,0,0,0,1,1,0.3303258388904692,0.3303258388904692,,False,True,33.453375,0.7045224905014038,0.001331144827418,0.7029839754104614,0.0013128797290846,0.7716544270515442,0.9975149631500244,0.0428042709827423,0.8636987209320068,unknown,0.30537613388015383,0.5922634950181234,0.001331144827418,0.22501680999994278,0.8971527814865112,,,,,,,,,,,real_speech,unknown,clean_or_unknown,with_music,real_music,GTZAN_genre_0,voice+music,RR,voice_then_music,not_partial_or_unknown,>20,GTZAN_genre_0,correct,correct,correct
data\raw\openslr_librispeech_asr\librispeech_dev_2277-149897-0013.flac,0,0,0,1,0,2277,LibriSpeech,librispeech_dev,librispeech_dev,openslr/librispeech_asr,librispeech_dev_2277-149897-0013,libri::2277,libri::2277,,none,,,,,,,none,val_d,val_d,val_d,0,0,0,1,0,0.021382815237437,0.021382815237437,,False,True,4.415,0.7257399559020996,0.6061519384384155,0.7345275282859802,0.6179333925247192,0.9637346863746644,0.1595144122838974,0.7072926759719849,0.0589292831718921,unknown,0.5403558403507149,0.5144328137027008,0.6061519384384155,0.7714031785726547,0.08407556544989342,,,,,,,,,,,real_speech,unknown,clean_or_unknown,voice_only,absent,LibriSpeech,voice_only,single_real,none,not_partial_or_unknown,2-5,LibriSpeech,FP,correct,not_scored
data\raw\Bisher_ASVspoof_2019_LA\asvspoof2019_LA_T_3055456.flac,1,1,0,1,0,LA_0094,A02,asvspoof2019,asvspoof2019,Bisher/ASVspoof_2019_LA,asvspoof2019_LA_T_3055456,asvspoof::LA_0094,asvspoof::LA_0094,,none,,,,,,,none,val_d,val_d,val_d,1,1,0,1,0,0.9945639780149232,0.9945639780149232,,False,True,2.4985,0.6463287472724915,0.4069837927818298,0.6726157665252686,0.3888770937919616,0.9789364337921144,0.0455289259552955,0.7091785669326782,0.024062056094408,unknown,0.714052388112649,0.7507993164952209,0.4069837927818298,0.7766180336475372,0.029428773559629876,,,,,,,,,,,TTS_or_unknown,unknown,clean_or_unknown,voice_only,absent,A02,voice_only,single_fake,none,not_partial_or_unknown,2-5,A02,correct,correct,not_scored
data/raw/gtzan_unique_v2/jazz.00012.wav,0,0,0,0,1,gtzan_5_jazz.00012,GTZAN_genre_5,gtzan_real_v2,gtzan_real,sanchit-gandhi/gtzan,gtzan_v2_jazz.00012,gtzan::gtzan_v2_jazz.00012,,gtzan::gtzan_v2_jazz.00012,none,,,,,,,none,val_d,val_d,val_d,0,0,0,0,1,0.2294935788289263,0.2294935788289263,,False,True,30.013375,0.6620860695838928,2.5723327780724503e-05,0.6698873043060303,2.435177520965226e-05,0.8727616667747498,0.9999107718467712,0.0163317751139402,0.7479679584503174,unknown,0.25700265897683283,0.5323083223574028,2.5723327780724503e-05,0.2304392480291426,0.8109536617994308,,,,,,,,,,,absent,unknown,clean_or_unknown,with_music,real_music,GTZAN_genre_5,music_only,single_real,none,not_partial_or_unknown,>20,GTZAN_genre_5,correct,not_scored,correct
data/raw/gtzan_unique_v2/rock.00027.wav,0,0,0,0,1,gtzan_9_rock.00027,GTZAN_genre_9,gtzan_real_v2,gtzan_real,sanchit-gandhi/gtzan,gtzan_v2_rock.00027,gtzan::gtzan_v2_rock.00027,,gtzan::gtzan_v2_rock.00027,none,,,,,,,none,val_d,val_d,val_d,0,0,0,0,1,0.4486964045023922,0.4486964045023922,,False,True,30.0,0.6916470527648926,0.0003685179690364,0.694219708442688,0.0003693590406328,0.7701339721679688,0.999828040599823,0.0228504296392202,0.8088234066963196,unknown,0.34440099253777756,0.6187618582861424,0.0003685179690364,0.20967131527140734,0.8565745651721954,,,,,,,,,,,absent,unknown,clean_or_unknown,with_music,real_music,GTZAN_genre_9,music_only,single_real,none,not_partial_or_unknown,>20,GTZAN_genre_9,correct,not_scored,correct
data\raw\openslr_librispeech_asr\librispeech_dev_777-126732-0013.flac,0,0,0,1,0,777,LibriSpeech,librispeech_dev,librispeech_dev,openslr/librispeech_asr,librispeech_dev_777-126732-0013,libri::777,libri::777,,none,,,,,,,none,val_d,val_d,val_d,0,0,0,1,0,0.0346571456818873,0.0346571456818873,,False,True,15.15,0.7345753908157349,0.4293296039104461,0.7374039888381958,0.4264423251152038,0.9831966161727904,0.1236902177333831,0.8193314671516418,0.0376679077744483,unknown,0.44184387577266665,0.5245999172755806,0.4293296039104461,0.860297754406929,0.059173485264181994,,,,,,,,,,,real_speech,unknown,clean_or_unknown,voice_only,absent,LibriSpeech,voice_only,single_real,none,not_partial_or_unknown,10-20,LibriSpeech,correct,correct,not_scored
MIX::data\raw\openslr_librispeech_asr\librispeech_dev_2035-147961-0009.flac|data\raw\fake_music_generated\fake_music_MusicGen_0040.wav,1,0,1,1,1,mix::2035::fake_music_MusicGen_4,mix::LibriSpeech::MusicGen,split_internal_mix,mix,generated_after_split,mix::librispeech_dev_2035-147961-0009::fake_music_MusicGen_0040::01::6,mix::libri::2035::generated_music::fake_music_generator_0040,libri::2035,generated_music::fake_music_generator_0040,music_then_voice,-10.0,0.75,1.0,0.05,0.0,-6.0,none,val_d,val_d,val_d,1,0,1,1,1,0.7713297309655451,0.7713297309655451,,False,True,9.0545625,0.714200496673584,0.9998542070388794,0.7222248315811157,0.9998452663421632,0.7794510722160339,0.9999141693115234,0.0168193038552999,0.0288204383105039,unknown,0.94275971930327,0.7313392669611722,0.9998542070388794,0.20747724594548342,0.2715938710607588,,,,,,,,,,,real_speech,unknown,clean_or_unknown,with_music,MusicGen,MusicGen,voice+music,RF,music_then_voice,not_partial_or_unknown,5-10,MusicGen,correct,FP,correct
data\raw\fake_music_generated\fake_music_MusicGen_0174.wav,1,0,1,0,1,fake_music_MusicGen_17,MusicGen,fake_music_generated,fake_music_generated,synth/MusicGen,fake_music_MusicGen_0174,generated_music::fake_music_generator_0174,,generated_music::fake_music_generator_0174,none,,,,,,,none,val_d,val_d,val_d,1,0,1,0,1,0.8326629597639499,0.8326629597639499,,False,True,4.5890625,0.7459912300109863,0.9999055862426758,0.741578996181488,0.999897599220276,0.6470301747322083,0.9999481439590454,0.0174939539283514,0.026646526530385,unknown,0.9581192670156147,0.7719927489368753,0.9999055862426758,0.17487800912931561,0.2699719308875501,,,,,,,,,,,absent,unknown,clean_or_unknown,with_music,MusicGen,MusicGen,music_only,single_fake,none,not_partial_or_unknown,2-5,MusicGen,correct,not_scored,correct
data/raw/gtzan_unique_v2/pop.00028.wav,0,0,0,0,1,gtzan_7_pop.00028,GTZAN_genre_7,gtzan_real_v2,gtzan_real,sanchit-gandhi/gtzan,gtzan_v2_pop.00028,gtzan::gtzan_v2_pop.00028,,gtzan::gtzan_v2_pop.00028,none,,,,,,,none,val_d,val_d,val_d,0,0,0,0,1,0.2637274758998155,0.2637274758998155,,False,True,30.0001875,0.7688403725624084,0.0080345310270786,0.7478847503662109,0.0082128318026661,0.6854488253593445,0.99083012342453,0.0246549323201179,0.8399211764335632,unknown,0.30165465577643236,0.6173065035636305,0.0080345310270786,0.18985340557992456,0.8776484131813049,,,,,,,,,,,absent,unknown,clean_or_unknown,with_music,real_music,GTZAN_genre_7,music_only,single_real,none,not_partial_or_unknown,>20,GTZAN_genre_7,correct,not_scored,correct
MIX::data\raw\Bisher_ASVspoof_2019_LA\asvspoof2019_LA_T_5405802.flac|data/raw/gtzan_unique_v2/disco.00058.wav,1,1,0,1,1,mix::LA_0086::gtzan_3_disco.00058,mix::A02::GTZAN_genre_3,split_internal_mix,mix,generated_after_split,mix::asvspoof2019_LA_T_5405802::gtzan_v2_disco.00058::10::0,mix::asvspoof::LA_0086::gtzan::gtzan_v2_disco.00058,asvspoof::LA_0086,gtzan::gtzan_v2_disco.00058,music_then_voice,-10.0,0.25,0.5,0.1,-3.0,-3.0,none,val_d,val_d,val_d,1,1,0,1,1,0.2938761836949923,0.2938761836949923,,False,True,35.038,0.7195020318031311,0.0049468409270048,0.7161591053009033,0.0048738373443484,0.7889488339424133,0.9880571961402892,0.0318535156548023,0.8325746655464172,unknown,0.2979843001313329,0.5918142773706894,0.0049468409270048,0.22112734522670507,0.8714452981948853,,,,,,,,,,,TTS_or_unknown,unknown,clean_or_unknown,with_music,real_music,GTZAN_genre_3,voice+music,FR,music_then_voice,not_partial_or_unknown,>20,GTZAN_genre_3,FN,FN,correct
data\raw\fake_music_generated\fake_music_MusicGen_0040.wav,1,0,1,0,1,fake_music_MusicGen_4,MusicGen,fake_music_generated,fake_music_generated,synth/MusicGen,fake_music_MusicGen_0040,generated_music::fake_music_generator_0040,,generated_music::fake_music_generator_0040,none,,,,,,,none,val_d,val_d,val_d,1,0,1,0,1,0.8611895890115338,0.8611895890115338,,False,True,5.1795625,0.7548220753669739,0.999857783317566,0.7526946663856506,0.999847412109375,0.6702597141265869,0.9999010562896729,0.0150350155308842,0.0262784250080585,unknown,0.9652288029611836,0.7867323294603419,0.999857783317566,0.17884119017980987,0.26968408282846207,,,,,,,,,,,absent,unknown,clean_or_unknown,with_music,MusicGen,MusicGen,music_only,single_fake,none,not_partial_or_unknown,5-10,MusicGen,correct,not_scored,correct
data\raw\ajaykarthick_wavefake-audio\wavefake_ajay_LJ002-0029.wav,1,1,0,1,0,wavefake_f65f8f,WF5,wavefake_ajay,wavefake_ajay,ajaykarthick/wavefake-audio,wavefake_ajay_LJ002-0029,wavefake::LJ002-0029,wavefake::LJ002-0029,,none,,,,,,,none,val_d,val_d,val_d,1,1,0,1,0,0.6314152515708876,0.6314152515708876,,False,True,3.61075,0.7251390218734741,0.4343141615390777,0.7350296974182129,0.4323872625827789,0.9827141165733336,0.1106651648879051,0.8281566500663757,0.0181981436908245,unknown,0.6307276267058037,0.6970218907826982,0.4343141615390777,0.8667960166931152,0.04131489899009465,,,,,,,,,,,TTS_or_unknown,unknown,clean_or_unknown,voice_only,absent,WF5,voice_only,single_fake,none,not_partial_or_unknown,2-5,WF5,correct,correct,not_scored
data\raw\openslr_librispeech_asr\librispeech_dev_6295-244435-0013.flac,0,0,0,1,0,6295,LibriSpeech,librispeech_dev,librispeech_dev,openslr/librispeech_asr,librispeech_dev_6295-244435-0013,libri::6295,libri::6295,,none,,,,,,,none,val_d,val_d,val_d,0,0,0,1,0,0.0075858590575264,0.0075858590575264,,False,True,6.71,0.7395272850990295,0.2869826257228851,0.7484481334686279,0.2826062440872192,0.9715049266815186,0.1893683671951294,0.7723687887191772,0.038088422268629,unknown,0.35451593478493276,0.5199448572865786,0.2869826257228851,0.8221528232097626,0.0759084085002541,,,,,,,,,,,real_speech,unknown,clean_or_unknown,voice_only,absent,LibriSpeech,voice_only,single_real,none,not_partial_or_unknown,5-10,LibriSpeech,correct,correct,not_scored
data\raw\fake_music_generated\fake_music_MusicGen_0152.wav,1,0,1,0,1,fake_music_MusicGen_15,MusicGen,fake_music_generated,fake_music_generated,synth/MusicGen,fake_music_MusicGen_0152,generated_music::fake_music_generator_0152,,generated_music::fake_music_generator_0152,none,,,,,,,none,val_d,val_d,val_d,1,0,1,0,1,0.8725534372750205,0.8725534372750205,,False,True,5.948625,0.7512264251708984,0.9998145699501038,0.7481680512428284,0.9998018145561218,0.660537600517273,0.9998617172241212,0.0150187630206346,0.0488897301256656,unknown,0.968049271979468,0.7876245288021351,0.9998145699501038,0.1763984723947942,0.2866327269002795,,,,,,,,,,,absent,unknown,clean_or_unknown,with_music,MusicGen,MusicGen,music_only,single_fake,none,not_partial_or_unknown,5-10,MusicGen,correct,not_scored,correct
data\raw\openslr_librispeech_asr\librispeech_dev_6295-244435-0033.flac,0,0,0,1,0,6295,LibriSpeech,librispeech_dev,librispeech_dev,openslr/librispeech_asr,librispeech_dev_6295-244435-0033,libri::6295,libri::6295,,none,,,,,,,none,val_d,val_d,val_d,0,0,0,1,0,0.0082759174371364,0.0082759174371364,,False,True,10.25,0.7476200461387634,0.2746832370758056,0.7518744468688965,0.2689178884029388,0.9743422865867616,0.2177639007568359,0.7620706558227539,0.0379372239112854,unknown,0.3489383056866418,0.5258168075282753,0.2746832370758056,0.8151385635137558,0.08289389312267303,,,,,,,,,,,real_speech,unknown,clean_or_unknown,voice_only,absent,LibriSpeech,voice_only,single_real,none,not_partial_or_unknown,10-20,LibriSpeech,correct,correct,not_scored
MIX::data\raw\openslr_librispeech_asr\librispeech_dev_2277-149897-0010.flac|data/raw/gtzan_unique_v2/reggae.00011.wav,0,0,0,1,1,mix::2277::gtzan_8_reggae.00011,mix::LibriSpeech::GTZAN_genre_8,split_internal_mix,mix,generated_after_split,mix::librispeech_dev_2277-149897-0010::gtzan_v2_reggae.00011::00::18,mix::libri::2277::gtzan::gtzan_v2_reggae.00011,libri::2277,gtzan::gtzan_v2_reggae.00011,partial_overlap,5.0,0.5,0.5,0.25,0.0,3.0,none,val_d,val_d,val_d,0,0,0,1,1,0.0187482217378731,0.0187482217378731,,False,True,31.825875,0.6891446113586426,0.1354041248559951,0.6880336999893188,0.1349697858095169,0.9398140907287598,0.7644522786140442,0.2715248167514801,0.6871501803398132,unknown,0.2643066478359611,0.48802569447241173,0.1354041248559951,0.4385971352458,0.706475704908371,,,,,,,,,,,real_speech,unknown,clean_or_unknown,with_music,real_music,GTZAN_genre_8,voice+music,RR,partial_overlap,partial_or_crossfade,>20,GTZAN_genre_8,correct,correct,correct
data/raw/gtzan_unique_v2/classical.00029.wav,0,0,0,0,1,gtzan_1_classical.00029,GTZAN_genre_1,gtzan_real_v2,gtzan_real,sanchit-gandhi/gtzan,gtzan_v2_classical.00029,gtzan::gtzan_v2_classical.00029,,gtzan::gtzan_v2_classical.00029,none,,,,,,,none,val_d,val_d,val_d,0,0,0,0,1,0.2439382701936117,0.2439382701936117,,False,True,30.013375,0.6766588687896729,1.8391130652162246e-05,0.6810122728347778,1.7891499737743288e-05,0.770163357257843,0.9999862313270568,0.0218460652977228,0.7522037625312805,unknown,0.2660604105931158,0.5468426892108544,1.8391130652162246e-05,0.20892538828775287,0.8141493797302246,,,,,,,,,,,absent,unknown,clean_or_unknown,with_music,real_music,GTZAN_genre_1,music_only,single_real,none,not_partial_or_unknown,>20,GTZAN_genre_1,correct,not_scored,correct
data/raw/gtzan_unique_v2/rock.00033.wav,0,0,0,0,1,gtzan_9_rock.00033,GTZAN_genre_9,gtzan_real_v2,gtzan_real,sanchit-gandhi/gtzan,gtzan_v2_rock.00033,gtzan::gtzan_v2_rock.00033,,gtzan::gtzan_v2_rock.00033,none,,,,,,,none,val_d,val_d,val_d,0,0,0,0,1,0.4176016277723803,0.4176016277723803,,False,True,30.013375,0.7250163555145264,1.813842391129583e-05,0.7245800495147705,1.7527578165754676e-05,0.724784791469574,0.9999672770500184,0.0222491007298231,0.8433609008789062,unknown,0.34170645394767823,0.6327919371918825,1.813842391129583e-05,0.19788302341476083,0.8825124949216843,,,,,,,,,,,absent,unknown,clean_or_unknown,with_music,real_music,GTZAN_genre_9,music_only,single_real,none,not_partial_or_unknown,>20,GTZAN_genre_9,correct,not_scored,correct
MIX::data\raw\Bisher_ASVspoof_2019_LA\asvspoof2019_LA_T_5520907.flac|data/raw/gtzan_unique_v2/disco.00059.wav,0,0,0,1,1,mix::LA_0086::gtzan_3_disco.00059,mix::bonafide::GTZAN_genre_3,split_internal_mix,mix,generated_after_split,mix::asvspoof2019_LA_T_5520907::gtzan_v2_disco.00059::00::14,mix::asvspoof::LA_0086::gtzan::gtzan_v2_disco.00059,asvspoof::LA_0086,gtzan::gtzan_v2_disco.00059,crossfade,-15.0,0.5,0.5,0.25,0.0,3.0,none,val_d,val_d,val_d,0,0,0,1,1,0.4037415391753194,0.4037415391753194,,False,True,32.265625,0.7356081008911133,0.013903047889471,0.7396457195281982,0.0139765562489628,0.7783036231994629,0.9749786257743835,0.0180442277342081,0.8397843241691589,unknown,0.34659215812021915,0.636048132376375,0.013903047889471,0.2081090766005218,0.8735828995704651,,,,,,,,,,,real_speech,unknown,clean_or_unknown,with_music,real_music,GTZAN_genre_3,voice+music,RR,crossfade,partial_or_crossfade,>20,GTZAN_genre_3,correct,correct,correct
MIX::data\raw\openslr_librispeech_asr\librispeech_dev_6295-244435-0026.flac|data/raw/gtzan_unique_v2/hiphop.00056.wav,0,0,0,1,1,mix::6295::gtzan_4_hiphop.00056,mix::LibriSpeech::GTZAN_genre_4,split_internal_mix,mix,generated_after_split,mix::librispeech_dev_6295-244435-0026::gtzan_v2_hiphop.00056::00::19,mix::libri::6295::gtzan::gtzan_v2_hiphop.00056,libri::6295,gtzan::gtzan_v2_hiphop.00056,crossfade,10.0,0.75,1.0,0.5,3.0,-6.0,none,val_d,val_d,val_d,0,0,0,1,1,0.0403362595875603,0.0403362595875603,,False,True,32.853375,0.7459208965301514,0.1631155014038086,0.7313613891601562,0.1602502763271331,0.9554479718208312,0.6847658157348633,0.2589344680309295,0.6867532134056091,unknown,0.29900939977859115,0.534245505447374,0.1631155014038086,0.4330628439784049,0.6862563639879227,,,,,,,,,,,real_speech,unknown,clean_or_unknown,with_music,real_music,GTZAN_genre_4,voice+music,RR,crossfade,partial_or_crossfade,>20,GTZAN_genre_4,correct,correct,correct
data\raw\fake_music_generated\fake_music_MusicGen_0144.wav,1,0,1,0,1,fake_music_MusicGen_14,MusicGen,fake_music_generated,fake_music_generated,synth/MusicGen,fake_music_MusicGen_0144,generated_music::fake_music_generator_0144,,generated_music::fake_music_generator_0144,none,,,,,,,none,val_d,val_d,val_d,1,0,1,0,1,0.9399127371662056,0.9399127371662056,,False,True,5.7001875,0.7486119866371155,0.9993064403533936,0.7440760731697083,0.9992820620536804,0.6419068574905396,0.9993152618408204,0.0140937501564621,0.030917027965188,unknown,0.9846585016726456,0.8060022117958425,0.9993064403533936,0.17104702698998148,0.2730165864340961,,,,,,,,,,,absent,unknown,clean_or_unknown,with_music,MusicGen,MusicGen,music_only,single_fake,none,not_partial_or_unknown,5-10,MusicGen,correct,not_scored,correct
data/raw/gtzan_unique_v2/classical.00024.wav,0,0,0,0,1,gtzan_1_classical.00024,GTZAN_genre_1,gtzan_real_v2,gtzan_real,sanchit-gandhi/gtzan,gtzan_v2_classical.00024,gtzan::gtzan_v2_classical.00024,,gtzan::gtzan_v2_classical.00024,none,,,,,,,none,val_d,val_d,val_d,0,0,0,0,1,0.1974860276753083,0.1974860276753083,,False,True,30.013375,0.6850994229316711,4.5434831008606125e-06,0.6914321184158325,4.387097305880161e-06,0.7760417461395264,0.9999947547912598,0.0225766748189926,0.7025923728942871,unknown,0.2514297144825089,0.5388154043547623,4.5434831008606125e-06,0.21094294264912605,0.7769429683685303,,,,,,,,,,,absent,unknown,clean_or_unknown,with_music,real_music,GTZAN_genre_1,music_only,single_real,none,not_partial_or_unknown,>20,GTZAN_genre_1,correct,not_scored,correct
data\raw\openslr_librispeech_asr\librispeech_dev_6295-64301-0027.flac,0,0,0,1,0,6295,LibriSpeech,librispeech_dev,librispeech_dev,openslr/librispeech_asr,librispeech_dev_6295-64301-0027,libri::6295,libri::6295,,none,,,,,,,none,val_d,val_d,val_d,0,0,0,1,0,0.0126163036239868,0.0126163036239868,,False,True,6.4,0.7555503845214844,0.3981320858001709,0.7639795541763306,0.395757108926773,0.9805023074150084,0.1056681275367736,0.7737980484962463,0.0269294753670692,unknown,0.42108642829391374,0.532670160252235,0.3981320858001709,0.8254741132259369,0.0466141384094953,,,,,,,,,,,real_speech,unknown,clean_or_unknown,voice_only,absent,LibriSpeech,voice_only,single_real,none,not_partial_or_unknown,5-10,LibriSpeech,correct,correct,not_scored
MIX::data\raw\Bisher_ASVspoof_2019_LA\asvspoof2019_LA_T_2960848.flac|data/raw/gtzan_unique_v2/reggae.00021.wav,1,1,0,1,1,mix::LA_0086::gtzan_8_reggae.00021,mix::A02::GTZAN_genre_8,split_internal_mix,mix,generated_after_split,mix::asvspoof2019_LA_T_2960848::gtzan_v2_reggae.00021::10::15,mix::asvspoof::LA_0086::gtzan::gtzan_v2_reggae.00021,asvspoof::LA_0086,gtzan::gtzan_v2_reggae.00021,music_then_voice,-5.0,0.1,0.1,0.05,-6.0,-6.0,none,val_d,val_d,val_d,1,1,0,1,1,0.0914621311394317,0.0914621311394317,,False,True,33.993875,0.6791075468063354,0.0010636805091053,0.6828900575637817,0.001047202385962,0.8175978660583496,0.9978650212287904,0.0778937265276908,0.874546229839325,unknown,0.2120117721471131,0.5028139221062643,0.0010636805091053,0.2628197614103555,0.9053759276866913,,,,,,,,,,,TTS_or_unknown,unknown,clean_or_unknown,with_music,real_music,GTZAN_genre_8,voice+music,FR,music_then_voice,not_partial_or_unknown,>20,GTZAN_genre_8,FN,FN,correct
MIX::data\raw\openslr_librispeech_asr\librispeech_dev_1993-147149-0012.flac|data\raw\fake_music_generated\fake_music_MusicGen_0252.wav,1,0,1,1,1,mix::1993::fake_music_MusicGen_25,mix::LibriSpeech::MusicGen,split_internal_mix,mix,generated_after_split,mix::librispeech_dev_1993-147149-0012::fake_music_MusicGen_0252::01::3,mix::libri::1993::generated_music::fake_music_generator_0252,libri::1993,generated_music::fake_music_generator_0252,crossfade,10.0,0.1,0.0,0.1,3.0,-3.0,none,val_d,val_d,val_d,1,0,1,1,1,0.0175569269671675,0.0175569269671675,,False,True,10.7514375,0.6994143128395081,0.4207562208175659,0.7085657119750977,0.4170123338699341,0.9859189987182616,0.2556301355361938,0.7900133728981018,0.0837530195713043,unknown,0.42604352539957824,0.49485709707780584,0.4207562208175659,0.8389897793531418,0.12672229856252665,,,,,,,,,,,real_speech,unknown,clean_or_unknown,with_music,MusicGen,MusicGen,voice+music,RF,crossfade,partial_or_crossfade,10-20,MusicGen,FN,correct,correct
data\raw\openslr_librispeech_asr\librispeech_dev_3170-137482-0044.flac,0,0,0,1,0,3170,LibriSpeech,librispeech_dev,librispeech_dev,openslr/librispeech_asr,librispeech_dev_3170-137482-0044,libri::3170,libri::3170,,none,,,,,,,none,val_d,val_d,val_d,0,0,0,1,0,0.038178449359864,0.038178449359864,,False,True,16.705,0.7692388296127319,0.416520893573761,0.7740212678909302,0.4176376163959503,0.9833651781082152,0.1266510933637619,0.8024571537971497,0.0341157652437686,unknown,0.4426792714686322,0.5499207155368715,0.416520893573761,0.8476841598749161,0.057249597273766925,,,,,,,,,,,real_speech,unknown,clean_or_unknown,voice_only,absent,LibriSpeech,voice_only,single_real,none,not_partial_or_unknown,10-20,LibriSpeech,correct,correct,not_scored
MIX::data\raw\Bisher_ASVspoof_2019_LA\asvspoof2019_LA_T_2662915.flac|data\raw\fake_music_generated\fake_music_MusicGen_0296.wav,1,0,1,1,1,mix::LA_0094::fake_music_MusicGen_29,mix::bonafide::MusicGen,split_internal_mix,mix,generated_after_split,mix::asvspoof2019_LA_T_2662915::fake_music_MusicGen_0296::01::4,mix::asvspoof::LA_0094::generated_music::fake_music_generator_0296,asvspoof::LA_0094,generated_music::fake_music_generator_0296,simultaneous,15.0,0.25,0.1,0.25,-6.0,0.0,none,val_d,val_d,val_d,1,0,1,1,1,0.6240083056230372,0.6240083056230372,,False,True,5.8256875,0.7016605138778687,0.8222458958625793,0.7115095257759094,0.8208129405975342,0.9702599048614502,0.7403169274330139,0.6582256555557251,0.4599833488464355,unknown,0.8173674412429921,0.6783648514014191,0.8222458958625793,0.7362342178821564,0.5300667434930801,,,,,,,,,,,real_speech,unknown,clean_or_unknown,with_music,MusicGen,MusicGen,voice+music,RF,simultaneous,not_partial_or_unknown,5-10,MusicGen,correct,correct,correct
data\raw\Bisher_ASVspoof_2019_LA\asvspoof2019_LA_T_8813506.flac,1,1,0,1,0,LA_0094,A01,asvspoof2019,asvspoof2019,Bisher/ASVspoof_2019_LA,asvspoof2019_LA_T_8813506,asvspoof::LA_0094,asvspoof::LA_0094,,none,,,,,,,none,val_d,val_d,val_d,1,1,0,1,0,0.9995570292800086,0.9995570292800086,,False,True,3.2459375,0.7718373537063599,0.4668594896793365,0.78348308801651,0.4686952233314514,0.9896427989006042,0.0491318851709365,0.7489727735519409,0.0269265007227659,unknown,0.7686921756439887,0.8401532563784544,0.4668594896793365,0.8091402798891068,0.03247784683480855,,,,,,,,,,,TTS_or_unknown,unknown,clean_or_unknown,voice_only,absent,A01,voice_only,single_fake,none,not_partial_or_unknown,2-5,A01,correct,correct,not_scored
data\raw\ajaykarthick_wavefake-audio\wavefake_ajay_LJ048-0173.wav,1,1,0,1,0,wavefake_f294ba,WF5,wavefake_ajay,wavefake_ajay,ajaykarthick/wavefake-audio,wavefake_ajay_LJ048-0173,wavefake::LJ048-0173,wavefake::LJ048-0173,,none,,,,,,,none,val_d,val_d,val_d,1,1,0,1,0,0.970542629995709,0.970542629995709,,False,True,6.3275,0.7401673197746277,0.5065284967422485,0.7508898973464966,0.515192449092865,0.9777718782424928,0.1274185925722122,0.7749915719032288,0.0405166260898113,unknown,0.7755397278668174,0.809279912840952,0.5065284967422485,0.8256866484880447,0.06224211771041152,,,,,,,,,,,TTS_or_unknown,unknown,clean_or_unknown,voice_only,absent,WF5,voice_only,single_fake,none,not_partial_or_unknown,5-10,WF5,correct,correct,not_scored
MIX::data\raw\Bisher_ASVspoof_2019_LA\asvspoof2019_LA_T_3132363.flac|data\raw\fake_music_generated\fake_music_MusicGen_0174.wav,1,1,1,1,1,mix::LA_0083::fake_music_MusicGen_17,mix::A02::MusicGen,split_internal_mix,mix,generated_after_split,mix::asvspoof2019_LA_T_3132363::fake_music_MusicGen_0174::11::14,mix::asvspoof::LA_0083::generated_music::fake_music_generator_0174,asvspoof::LA_0083,generated_music::fake_music_generator_0174,music_then_voice,0.0,0.1,0.1,0.1,3.0,-6.0,none,val_d,val_d,val_d,1,1,1,1,1,0.8693998572152524,0.8693998572152524,,False,True,8.1493125,0.6694809198379517,0.9997636079788208,0.6844151020050049,0.999750554561615,0.7694846987724304,0.9998462200164796,0.0216218456625938,0.0259412489831447,unknown,0.9672324394015834,0.7294566010511419,0.9997636079788208,0.20858755894005296,0.26941749174147844,,,,,,,,,,,TTS_or_unknown,unknown,clean_or_unknown,with_music,MusicGen,MusicGen,voice+music,FF,music_then_voice,not_partial_or_unknown,5-10,MusicGen,correct,correct,correct
data\raw\Bisher_ASVspoof_2019_LA\asvspoof2019_LA_T_9850135.flac,1,1,0,1,0,LA_0086,A01,asvspoof2019,asvspoof2019,Bisher/ASVspoof_2019_LA,asvspoof2019_LA_T_9850135,asvspoof::LA_0086,asvspoof::LA_0086,,none,,,,,,,none,val_d,val_d,val_d,1,1,0,1,0,0.99960072770832,0.99960072770832,,False,True,3.417375,0.7888264060020447,0.5500810742378235,0.7984034419059753,0.561381995677948,0.9876704216003418,0.0463765002787113,0.8155542016029358,0.013029552064836,unknown,0.8104578341910118,0.8520587025139272,0.5500810742378235,0.8585832566022873,0.021366289118304824,,,,,,,,,,,TTS_or_unknown,unknown,clean_or_unknown,voice_only,absent,A01,voice_only,single_fake,none,not_partial_or_unknown,2-5,A01,correct,correct,not_scored
data\raw\fake_music_generated\fake_music_MusicGen_0200.wav,1,0,1,0,1,fake_music_MusicGen_20,MusicGen,fake_music_generated,fake_music_generated,synth/MusicGen,fake_music_MusicGen_0200,generated_music::fake_music_generator_0200,,generated_music::fake_music_generator_0200,none,,,,,,,none,val_d,val_d,val_d,1,0,1,0,1,0.8526441470819217,0.8526441470819217,,False,True,4.48175,0.7513469457626343,0.9999351501464844,0.7485155463218689,0.999929428100586,0.6590763926506042,0.9999666213989258,0.0231632813811302,0.0661547929048538,unknown,0.9631292644151215,0.7817361061584205,0.9999351501464844,0.18214155919849873,0.2996077500283718,,,,,,,,,,,absent,unknown,clean_or_unknown,with_music,MusicGen,MusicGen,music_only,single_fake,none,not_partial_or_unknown,2-5,MusicGen,correct,not_scored,correct
MIX::data\raw\Bisher_ASVspoof_2019_LA\asvspoof2019_LA_T_7333217.flac|data\raw\fake_music_generated\fake_music_MusicGen_0066.wav,1,1,1,1,1,mix::LA_0083::fake_music_MusicGen_6,mix::A01::MusicGen,split_internal_mix,mix,generated_after_split,mix::asvspoof2019_LA_T_7333217::fake_music_MusicGen_0066::11::2,mix::asvspoof::LA_0083::generated_music::fake_music_generator_0066,asvspoof::LA_0083,generated_music::fake_music_generator_0066,simultaneous,10.0,0.1,0.1,0.1,3.0,-6.0,none,val_d,val_d,val_d,1,1,1,1,1,0.9881106619853054,0.9881106619853054,,False,True,4.3148125,0.7029920816421509,0.9892765283584596,0.7156208753585815,0.9894739985466005,0.847729504108429,0.985009491443634,0.3293459117412567,0.0185456108301877,unknown,0.9922300208188313,0.7885276557450971,0.9892765283584596,0.4589418098330498,0.2601615809835493,,,,,,,,,,,TTS_or_unknown,unknown,clean_or_unknown,with_music,MusicGen,MusicGen,voice+music,FF,simultaneous,not_partial_or_unknown,2-5,MusicGen,correct,correct,correct
MIX::data\raw\ajaykarthick_wavefake-audio\wavefake_ajay_LJ020-0094.wav|data\raw\fake_music_generated\fake_music_MusicGen_0156.wav,1,0,1,1,1,mix::wavefake_45bc9f::fake_music_MusicGen_15,mix::R::MusicGen,split_internal_mix,mix,generated_after_split,mix::wavefake_ajay_LJ020-0094::fake_music_MusicGen_0156::01::2,mix::wavefake::LJ020-0094::generated_music::fake_music_generator_0156,wavefake::LJ020-0094,generated_music::fake_music_generator_0156,partial_overlap,5.0,0.75,1.0,0.05,0.0,-6.0,none,val_d,val_d,val_d,1,0,1,1,1,0.0508752045765767,0.0508752045765767,,False,True,8.9838125,0.7077242732048035,0.7702165842056274,0.7141703963279724,0.7753274440765381,0.8884892463684082,0.8372727632522583,0.5899174809455872,0.1545798480510711,unknown,0.6363015845533433,0.5106695526163354,0.7702165842056274,0.6645604223012924,0.3252530768513679,,,,,,,,,,,real_speech,unknown,clean_or_unknown,with_music,MusicGen,MusicGen,voice+music,RF,partial_overlap,partial_or_crossfade,5-10,MusicGen,correct,correct,correct
MIX::data\raw\openslr_librispeech_asr\librispeech_dev_6241-61946-0011.flac|data\raw\fake_music_generated\fake_music_MusicGen_0144.wav,1,0,1,1,1,mix::6241::fake_music_MusicGen_14,mix::LibriSpeech::MusicGen,split_internal_mix,mix,generated_after_split,mix::librispeech_dev_6241-61946-0011::fake_music_MusicGen_0144::01::17,mix::libri::6241::generated_music::fake_music_generator_0144,libri::6241,generated_music::fake_music_generator_0144,partial_overlap,10.0,0.5,0.5,0.5,-3.0,3.0,none,val_d,val_d,val_d,1,0,1,1,1,0.0176234348898544,0.0176234348898544,,False,True,12.955125,0.7307417392730713,0.4674675464630127,0.7384722232818604,0.4656881690025329,0.980417013168335,0.1859588325023651,0.7382266521453857,0.0709366574883461,unknown,0.4575452892326838,0.5168062479581063,0.4674675464630127,0.798774242401123,0.09969220124185085,,,,,,,,,,,real_speech,unknown,clean_or_unknown,with_music,MusicGen,MusicGen,voice+music,RF,partial_overlap,partial_or_crossfade,10-20,MusicGen,FN,correct,correct
MIX::data\raw\Bisher_ASVspoof_2019_LA\asvspoof2019_LA_T_8727197.flac|data/raw/gtzan_unique_v2/country.00061.wav,1,1,0,1,1,mix::LA_0094::gtzan_2_country.00061,mix::A02::GTZAN_genre_2,split_internal_mix,mix,generated_after_split,mix::asvspoof2019_LA_T_8727197::gtzan_v2_country.00061::10::8,mix::asvspoof::LA_0094::gtzan::gtzan_v2_country.00061,asvspoof::LA_0094,gtzan::gtzan_v2_country.00061,simultaneous,-5.0,0.25,0.5,0.1,-3.0,-3.0,none,val_d,val_d,val_d,1,1,0,1,1,0.3008567485286111,0.3008567485286111,,False,True,30.013375,0.7111790776252747,7.504249515477568e-05,0.7157076001167297,7.330432708840817e-05,0.7801206111907959,0.9999119639396667,0.0629110261797905,0.7588098049163818,unknown,0.2957841600881964,0.5880823788962756,7.504249515477568e-05,0.24221342243254185,0.8190853446722031,,,,,,,,,,,TTS_or_unknown,unknown,clean_or_unknown,with_music,real_music,GTZAN_genre_2,voice+music,FR,simultaneous,not_partial_or_unknown,>20,GTZAN_genre_2,FN,FN,correct
MIX::data\raw\openslr_librispeech_asr\librispeech_dev_3170-137482-0040.flac|data\raw\fake_music_generated\fake_music_MusicGen_0040.wav,1,0,1,1,1,mix::3170::fake_music_MusicGen_4,mix::LibriSpeech::MusicGen,split_internal_mix,mix,generated_after_split,mix::librispeech_dev_3170-137482-0040::fake_music_MusicGen_0040::01::8,mix::libri::3170::generated_music::fake_music_generator_0040,libri::3170,generated_music::fake_music_generator_0040,crossfade,0.0,0.25,0.1,0.25,-6.0,0.0,none,val_d,val_d,val_d,1,0,1,1,1,0.0204647281504191,0.0204647281504191,,False,True,18.1845625,0.7271429896354675,0.3241022825241089,0.7268886566162109,0.3174971342086792,0.9846714735031128,0.1608275771141052,0.8163458704948425,0.0366572253406047,unknown,0.37628407073550113,0.515139511189953,0.3241022825241089,0.8584272712469101,0.06769981328397982,,,,,,,,,,,real_speech,unknown,clean_or_unknown,with_music,MusicGen,MusicGen,voice+music,RF,crossfade,partial_or_crossfade,10-20,MusicGen,FN,correct,FN
data\raw\ajaykarthick_wavefake-audio\wavefake_ajay_LJ019-0370.wav,1,1,0,1,0,wavefake_5f9cb1,WF6,wavefake_ajay,wavefake_ajay,ajaykarthick/wavefake-audio,wavefake_ajay_LJ019-0370,wavefake::LJ019-0370,wavefake::LJ019-0370,,none,,,,,,,none,val_d,val_d,val_d,1,1,0,1,0,0.5849068039384435,0.5849068039384435,,False,True,7.929625,0.737080454826355,0.4455519616603851,0.7481806874275208,0.4479963481426239,0.9846758246421814,0.1270597279071808,0.7933825850486755,0.0278862360864877,unknown,0.6250677287646429,0.6914283595599815,0.4455519616603851,0.841205894947052,0.05267960904166097,,,,,,,,,,,TTS_or_unknown,unknown,clean_or_unknown,voice_only,absent,WF6,voice_only,single_fake,none,not_partial_or_unknown,5-10,WF6,correct,correct,not_scored
data\raw\fake_music_generated\fake_music_MusicGen_0252.wav,1,0,1,0,1,fake_music_MusicGen_25,MusicGen,fake_music_generated,fake_music_generated,synth/MusicGen,fake_music_MusicGen_0252,generated_music::fake_music_generator_0252,,generated_music::fake_music_generator_0252,none,,,,,,,none,val_d,val_d,val_d,1,0,1,0,1,0.8147079224689937,0.8147079224689937,,False,True,5.5714375,0.7459188103675842,0.999941349029541,0.7436860799789429,0.9999359846115112,0.6772749423980713,0.9999674558639526,0.0190076455473899,0.0572090186178684,unknown,0.9536478404426054,0.766555543998007,0.999941349029541,0.18357446976006025,0.2928986279293895,,,,,,,,,,,absent,unknown,clean_or_unknown,with_music,MusicGen,MusicGen,music_only,single_fake,none,not_partial_or_unknown,5-10,MusicGen,correct,not_scored,correct
MIX::data\raw\openslr_librispeech_asr\librispeech_dev_777-126732-0028.flac|data/raw/gtzan_unique_v2/disco.00059.wav,0,0,0,1,1,mix::777::gtzan_3_disco.00059,mix::LibriSpeech::GTZAN_genre_3,split_internal_mix,mix,generated_after_split,mix::librispeech_dev_777-126732-0028::gtzan_v2_disco.00059::00::8,mix::libri::777::gtzan::gtzan_v2_disco.00059,libri::777,gtzan::gtzan_v2_disco.00059,partial_overlap,-10.0,0.1,0.0,0.05,-6.0,-3.0,none,val_d,val_d,val_d,0,0,0,1,1,0.4686682638047722,0.4686682638047722,,False,True,41.4931875,0.669178307056427,0.0165263637900352,0.6774367690086365,0.0163210649043321,0.9347943663597108,0.958601176738739,0.0327353440225124,0.8412442207336426,unknown,0.3540949719041867,0.6090252940809305,0.0165263637900352,0.258250099606812,0.8705834597349167,,,,,,,,,,,real_speech,unknown,clean_or_unknown,with_music,real_music,GTZAN_genre_3,voice+music,RR,partial_overlap,partial_or_crossfade,>20,GTZAN_genre_3,correct,correct,correct
MIX::data\raw\ajaykarthick_wavefake-audio\wavefake_ajay_LJ008-0140.wav|data\raw\fake_music_generated\fake_music_MusicGen_0212.wav,1,1,1,1,1,mix::wavefake_7d8b1c::fake_music_MusicGen_21,mix::WF1::MusicGen,split_internal_mix,mix,generated_after_split,mix::wavefake_ajay_LJ008-0140::fake_music_MusicGen_0212::11::8,mix::wavefake::LJ008-0140::generated_music::fake_music_generator_0212,wavefake::LJ008-0140,generated_music::fake_music_generator_0212,voice_then_music,5.0,0.5,1.0,0.5,-3.0,0.0,none,val_d,val_d,val_d,1,1,1,1,1,0.9867133876408284,0.9867133876408284,,False,True,12.7876875,0.7327101230621338,0.4472351670265198,0.7321585416793823,0.4486808776855469,0.9821289777755736,0.1706963628530502,0.7549958229064941,0.0364220477640628,unknown,0.7503234675878395,0.808911102435742,0.4472351670265198,0.811779111623764,0.06999062653630965,,,,,,,,,,,TTS_or_unknown,unknown,clean_or_unknown,with_music,MusicGen,MusicGen,voice+music,FF,voice_then_music,not_partial_or_unknown,10-20,MusicGen,correct,correct,correct
MIX::data\raw\openslr_librispeech_asr\librispeech_dev_1272-141231-0001.flac|data\raw\fake_music_generated\fake_music_MusicGen_0012.wav,1,0,1,1,1,mix::1272::fake_music_MusicGen_1,mix::LibriSpeech::MusicGen,split_internal_mix,mix,generated_after_split,mix::librispeech_dev_1272-141231-0001::fake_music_MusicGen_0012::01::12,mix::libri::1272::generated_music::fake_music_generator_0012,libri::1272,generated_music::fake_music_generator_0012,partial_overlap,-15.0,0.25,0.1,0.25,-6.0,0.0,none,val_d,val_d,val_d,1,0,1,1,1,0.8844485317515123,0.8844485317515123,,False,True,9.93275,0.7369998097419739,0.9993422031402588,0.7392812967300415,0.9993152618408204,0.7668184041976929,0.9995546936988832,0.2858614921569824,0.0984623506665229,unknown,0.970801392387922,0.7812344263448354,0.9993422031402588,0.40610072016716003,0.323735436424613,,,,,,,,,,,real_speech,unknown,clean_or_unknown,with_music,MusicGen,MusicGen,voice+music,RF,partial_overlap,partial_or_crossfade,5-10,MusicGen,correct,FP,correct
MIX::data\raw\Bisher_ASVspoof_2019_LA\asvspoof2019_LA_T_9850135.flac|data\raw\fake_music_generated\fake_music_MusicGen_0040.wav,1,1,1,1,1,mix::LA_0086::fake_music_MusicGen_4,mix::A01::MusicGen,split_internal_mix,mix,generated_after_split,mix::asvspoof2019_LA_T_9850135::fake_music_MusicGen_0040::11::10,mix::asvspoof::LA_0086::generated_music::fake_music_generator_0040,asvspoof::LA_0086,generated_music::fake_music_generator_0040,partial_overlap,15.0,0.1,0.1,0.1,3.0,-6.0,none,val_d,val_d,val_d,1,1,1,1,1,0.999280122719134,0.999280122719134,,False,True,8.2551875,0.781288743019104,0.9187190532684326,0.7676197290420532,0.9218026399612428,0.9679437279701232,0.598206102848053,0.5867618322372437,0.0965685844421386,unknown,0.9658229602983034,0.846686156929113,0.9187190532684326,0.6820573061704636,0.2219779640436172,,,,,,,,,,,TTS_or_unknown,unknown,clean_or_unknown,with_music,MusicGen,MusicGen,voice+music,FF,partial_overlap,partial_or_crossfade,5-10,MusicGen,correct,correct,correct
MIX::data\raw\ajaykarthick_wavefake-audio\wavefake_ajay_LJ017-0005.wav|data/raw/gtzan_unique_v2/jazz.00034.wav,1,1,0,1,1,mix::wavefake_f74827::gtzan_5_jazz.00034,mix::WF4::GTZAN_genre_5,split_internal_mix,mix,generated_after_split,mix::wavefake_ajay_LJ017-0005::gtzan_v2_jazz.00034::10::12,mix::wavefake::LJ017-0005::gtzan_near::bf031ff18a35768a626d,wavefake::LJ017-0005,gtzan_near::bf031ff18a35768a626d,crossfade,15.0,0.25,0.5,0.1,-3.0,-3.0,none,val_d,val_d,val_d,1,1,0,1,1,0.9966821000371048,0.9966821000371048,,False,True,33.2919375,0.7091007232666016,0.0366105772554874,0.7046720385551453,0.0360803939402103,0.97105211019516,0.8726268410682678,0.2055830210447311,0.5724214911460876,unknown,0.563775636741374,0.7953751362977525,0.0366105772554874,0.39695029333233833,0.6474728286266327,,,,,,,,,,,TTS_or_unknown,unknown,clean_or_unknown,with_music,real_music,GTZAN_genre_5,voice+music,FR,crossfade,partial_or_crossfade,>20,GTZAN_genre_5,correct,correct,correct
data\raw\Bisher_ASVspoof_2019_LA\asvspoof2019_LA_T_3318941.flac,1,1,0,1,0,LA_0083,A01,asvspoof2019,asvspoof2019,Bisher/ASVspoof_2019_LA,asvspoof2019_LA_T_3318941,asvspoof::LA_0083,asvspoof::LA_0083,,none,,,,,,,none,val_d,val_d,val_d,1,1,0,1,0,0.9991558323539256,0.9991558323539256,,False,True,0.7440625,0.6592345237731934,0.394627183675766,0.6938582062721252,0.3730840981006622,0.9876084327697754,0.03701888397336,0.7463784217834473,0.0432134792208671,unknown,0.7104868373468861,0.761210916347413,0.394627183675766,0.8066859245300293,0.04166483040899033,,,,,,,,,,,TTS_or_unknown,unknown,clean_or_unknown,voice_only,absent,A01,voice_only,single_fake,none,not_partial_or_unknown,<=2,A01,correct,correct,not_scored
MIX::data\raw\openslr_librispeech_asr\librispeech_dev_777-126732-0038.flac|data/raw/gtzan_unique_v2/country.00040.wav,0,0,0,1,1,mix::777::gtzan_2_country.00040,mix::LibriSpeech::GTZAN_genre_2,split_internal_mix,mix,generated_after_split,mix::librispeech_dev_777-126732-0038::gtzan_v2_country.00040::00::12,mix::libri::777::gtzan::gtzan_v2_country.00040,libri::777,gtzan::gtzan_v2_country.00040,music_then_voice,10.0,0.1,0.0,0.05,-6.0,-3.0,none,val_d,val_d,val_d,0,0,0,1,1,0.0475014131344211,0.0475014131344211,,False,True,33.113375,0.6825650930404663,0.0705771446228027,0.6833771467208862,0.0653420388698577,0.9679076075553894,0.7772372364997864,0.2496341913938522,0.7816276550292969,unknown,0.23433959264475956,0.4920459890686527,0.0705771446228027,0.4292025454342365,0.7805300503969193,,,,,,,,,,,real_speech,unknown,clean_or_unknown,with_music,real_music,GTZAN_genre_2,voice+music,RR,music_then_voice,not_partial_or_unknown,>20,GTZAN_genre_2,correct,correct,correct
MIX::data\raw\Bisher_ASVspoof_2019_LA\asvspoof2019_LA_T_6013298.flac|data\raw\fake_music_generated\fake_music_MusicGen_0202.wav,1,0,1,1,1,mix::LA_0086::fake_music_MusicGen_20,mix::bonafide::MusicGen,split_internal_mix,mix,generated_after_split,mix::asvspoof2019_LA_T_6013298::fake_music_MusicGen_0202::01::7,mix::asvspoof::LA_0086::generated_music::fake_music_generator_0202,asvspoof::LA_0086,generated_music::fake_music_generator_0202,partial_overlap,-5.0,0.1,0.0,0.1,3.0,-3.0,none,val_d,val_d,val_d,1,0,1,1,1,0.7753011480881791,0.7753011480881791,,False,True,5.7250625,0.7369142174720764,0.9998490810394288,0.734003484249115,0.99983811378479,0.6523853540420532,0.9999252557754515,0.0153654003515839,0.0565645210444927,unknown,0.9437503422020386,0.7484302966569072,0.9998490810394288,0.17462038877420122,0.2924047047272324,,,,,,,,,,,real_speech,unknown,clean_or_unknown,with_music,MusicGen,MusicGen,voice+music,RF,partial_overlap,partial_or_crossfade,5-10,MusicGen,correct,FP,correct
data\raw\ajaykarthick_wavefake-audio\wavefake_ajay_LJ050-0234.wav,1,1,0,1,0,wavefake_408226,WF6,wavefake_ajay,wavefake_ajay,ajaykarthick/wavefake-audio,wavefake_ajay_LJ050-0234,wavefake::LJ050-0234,wavefake::LJ050-0234,,none,,,,,,,none,val_d,val_d,val_d,1,1,0,1,0,0.898593818851527,0.898593818851527,,False,True,9.8685,0.7503059506416321,0.5175400376319885,0.7556602954864502,0.5274603962898254,0.9807000160217284,0.14988774061203,0.7988221645355225,0.0430004186928272,unknown,0.7603194181232784,0.7947923111046005,0.5175400376319885,0.844291627407074,0.0697222491726279,,,,,,,,,,,TTS_or_unknown,unknown,clean_or_unknown,voice_only,absent,WF6,voice_only,single_fake,none,not_partial_or_unknown,5-10,WF6,correct,correct,not_scored
MIX::data\raw\Bisher_ASVspoof_2019_LA\asvspoof2019_LA_T_2572311.flac|data\raw\fake_music_generated\fake_music_MusicGen_0090.wav,1,0,1,1,1,mix::LA_0086::fake_music_MusicGen_9,mix::bonafide::MusicGen,split_internal_mix,mix,generated_after_split,mix::asvspoof2019_LA_T_2572311::fake_music_MusicGen_0090::01::10,mix::asvspoof::LA_0086::generated_music::fake_music_generator_0090,asvspoof::LA_0086,generated_music::fake_music_generator_0090,voice_then_music,10.0,0.75,1.0,0.05,0.0,-6.0,none,val_d,val_d,val_d,1,0,1,1,1,0.0491896596639205,0.0491896596639205,,False,True,9.268875,0.6878243684768677,0.6841981410980225,0.6977612972259521,0.6793004870414734,0.9795759916305542,0.4494210183620453,0.6531179547309875,0.0226183570921421,unknown,0.5823762526066679,0.4962339558329835,0.6841981410980225,0.7347324639558792,0.1293190224096179,,,,,,,,,,,real_speech,unknown,clean_or_unknown,with_music,MusicGen,MusicGen,voice+music,RF,voice_then_music,not_partial_or_unknown,5-10,MusicGen,correct,correct,correct
data\raw\ajaykarthick_wavefake-audio\wavefake_ajay_LJ050-0278.wav,1,1,0,1,0,wavefake_705bde,WF4,wavefake_ajay,wavefake_ajay,ajaykarthick/wavefake-audio,wavefake_ajay_LJ050-0278,wavefake::LJ050-0278,wavefake::LJ050-0278,,none,,,,,,,none,val_d,val_d,val_d,1,1,0,1,0,0.9654293712536446,0.9654293712536446,,False,True,8.928125,0.7188194990158081,0.5232110023498535,0.7291253805160522,0.5317983627319336,0.974135160446167,0.1188187301158905,0.7092019319534302,0.027720870450139,unknown,0.7787356636811814,0.7928024606871591,0.5232110023498535,0.7754352390766144,0.050495335366576875,,,,,,,,,,,TTS_or_unknown,unknown,clean_or_unknown,voice_only,absent,WF4,voice_only,single_fake,none,not_partial_or_unknown,5-10,WF4,correct,correct,not_scored
MIX::data\raw\openslr_librispeech_asr\librispeech_dev_1919-142785-0044.flac|data\raw\fake_music_generated\fake_music_MusicGen_0040.wav,1,0,1,1,1,mix::1919::fake_music_MusicGen_4,mix::LibriSpeech::MusicGen,split_internal_mix,mix,generated_after_split,mix::librispeech_dev_1919-142785-0044::fake_music_MusicGen_0040::01::15,mix::libri::1919::generated_music::fake_music_generator_0040,libri::1919,generated_music::fake_music_generator_0040,voice_then_music,0.0,0.1,0.0,0.1,3.0,-3.0,none,val_d,val_d,val_d,1,0,1,1,1,0.2102101056355352,0.2102101056355352,,False,True,10.9495625,0.7103928327560425,0.728135347366333,0.7166973948478699,0.7302914261817932,0.861009955406189,0.5736285448074341,0.4007624387741089,0.0245379544794559,unknown,0.6565886038777092,0.5603380146198903,0.728135347366333,0.5158243179321289,0.16181060206145045,,,,,,,,,,,real_speech,unknown,clean_or_unknown,with_music,MusicGen,MusicGen,voice+music,RF,voice_then_music,not_partial_or_unknown,10-20,MusicGen,correct,correct,correct
MIX::data\raw\Bisher_ASVspoof_2019_LA\asvspoof2019_LA_T_1600066.flac|data/raw/gtzan_unique_v2/disco.00066.wav,1,1,0,1,1,mix::LA_0083::gtzan_3_disco.00066,mix::A01::GTZAN_genre_3,split_internal_mix,mix,generated_after_split,mix::asvspoof2019_LA_T_1600066::gtzan_v2_disco.00066::10::11,mix::asvspoof::LA_0083::gtzan::gtzan_v2_disco.00066,asvspoof::LA_0083,gtzan::gtzan_v2_disco.00066,partial_overlap,10.0,0.1,0.1,0.05,-6.0,-6.0,none,val_d,val_d,val_d,1,1,0,1,1,0.9975019607769672,0.9975019607769672,,False,True,32.35025,0.7475507855415344,0.01828508451581,0.7265844345092773,0.0170364789664745,0.965216100215912,0.8684810996055603,0.1930417567491531,0.7830252647399902,unknown,0.5654320747411518,0.8225361381121642,0.01828508451581,0.3860853426158428,0.8043892234563828,,,,,,,,,,,TTS_or_unknown,unknown,clean_or_unknown,with_music,real_music,GTZAN_genre_3,voice+music,FR,partial_overlap,partial_or_crossfade,>20,GTZAN_genre_3,correct,correct,correct
MIX::data\raw\Bisher_ASVspoof_2019_LA\asvspoof2019_LA_T_6518010.flac|data/raw/gtzan_unique_v2/blues.00092.wav,1,1,0,1,1,mix::LA_0094::gtzan_0_blues.00092,mix::A01::GTZAN_genre_0,split_internal_mix,mix,generated_after_split,mix::asvspoof2019_LA_T_6518010::gtzan_v2_blues.00092::10::9,mix::asvspoof::LA_0094::gtzan::gtzan_v2_blues.00092,asvspoof::LA_0094,gtzan::gtzan_v2_blues.00092,voice_then_music,0.0,0.5,1.0,0.25,0.0,0.0,none,val_d,val_d,val_d,1,1,0,1,1,0.0719029503429893,0.0719029503429893,,False,True,31.942,0.6877232789993286,0.0038617884274572,0.695559024810791,0.0036351336166262,0.928682804107666,0.9818611145019532,0.27508345246315,0.6918511390686035,unknown,0.20867512920773124,0.5029771804024268,0.0038617884274572,0.438483290374279,0.7643536329269409,,,,,,,,,,,TTS_or_unknown,unknown,clean_or_unknown,with_music,real_music,GTZAN_genre_0,voice+music,FR,voice_then_music,not_partial_or_unknown,>20,GTZAN_genre_0,FN,FN,correct
MIX::data\raw\openslr_librispeech_asr\librispeech_dev_3000-15664-0007.flac|data/raw/gtzan_unique_v2/country.00069.wav,0,0,0,1,1,mix::3000::gtzan_2_country.00069,mix::LibriSpeech::GTZAN_genre_2,split_internal_mix,mix,generated_after_split,mix::librispeech_dev_3000-15664-0007::gtzan_v2_country.00069::00::16,mix::libri::3000::gtzan::gtzan_v2_country.00069,libri::3000,gtzan::gtzan_v2_country.00069,voice_then_music,-5.0,0.1,0.0,0.05,-6.0,-3.0,none,val_d,val_d,val_d,0,0,0,1,1,0.1126651234113799,0.1126651234113799,,False,True,36.978375,0.6660007238388062,3.07256459564087e-06,0.6720335483551025,2.942832452390576e-06,0.8612461090087891,0.9999966621398926,0.0680778920650482,0.816534698009491,unknown,0.21566797691229278,0.5000000437105783,3.07256459564087e-06,0.26636994630098343,0.8624001890420914,,,,,,,,,,,real_speech,unknown,clean_or_unknown,with_music,real_music,GTZAN_genre_2,voice+music,RR,voice_then_music,not_partial_or_unknown,>20,GTZAN_genre_2,correct,correct,correct
data\raw\openslr_librispeech_asr\librispeech_dev_3000-15664-0026.flac,0,0,0,1,0,3000,LibriSpeech,librispeech_dev,librispeech_dev,openslr/librispeech_asr,librispeech_dev_3000-15664-0026,libri::3000,libri::3000,,none,,,,,,,none,val_d,val_d,val_d,0,0,0,1,0,0.3409329510218573,0.3409329510218573,,False,True,2.54,0.6702851057052612,0.379962682723999,0.6920574307441711,0.3652727901935577,0.979322910308838,0.0766922980546951,0.7798553109169006,0.0383210889995098,unknown,0.4975735116581208,0.57147945930024,0.379962682723999,0.829722210764885,0.04791389126330613,,,,,,,,,,,real_speech,unknown,clean_or_unknown,voice_only,absent,LibriSpeech,voice_only,single_real,none,not_partial_or_unknown,2-5,LibriSpeech,FP,correct,not_scored
MIX::data\raw\Bisher_ASVspoof_2019_LA\asvspoof2019_LA_T_2572311.flac|data/raw/gtzan_unique_v2/pop.00018.wav,0,0,0,1,1,mix::LA_0086::gtzan_7_pop.00018,mix::bonafide::GTZAN_genre_7,split_internal_mix,mix,generated_after_split,mix::asvspoof2019_LA_T_2572311::gtzan_v2_pop.00018::00::6,mix::asvspoof::LA_0086::gtzan::gtzan_v2_pop.00018,asvspoof::LA_0086,gtzan::gtzan_v2_pop.00018,voice_then_music,15.0,0.5,0.5,0.25,0.0,3.0,none,val_d,val_d,val_d,0,0,0,1,1,0.071593299161427,0.071593299161427,,False,True,33.4844375,0.6931582093238831,0.1561697870492935,0.6899814605712891,0.150291159749031,0.9596735835075378,0.702552855014801,0.2399114370346069,0.550658643245697,unknown,0.2931559039262714,0.5066887362751462,0.1561697870492935,0.41985197365283966,0.588632196187973,,,,,,,,,,,real_speech,unknown,clean_or_unknown,with_music,real_music,GTZAN_genre_7,voice+music,RR,voice_then_music,not_partial_or_unknown,>20,GTZAN_genre_7,correct,correct,correct
MIX::data\raw\openslr_librispeech_asr\librispeech_dev_2277-149897-0035.flac|data\raw\fake_music_generated\fake_music_MusicGen_0090.wav,1,0,1,1,1,mix::2277::fake_music_MusicGen_9,mix::LibriSpeech::MusicGen,split_internal_mix,mix,generated_after_split,mix::librispeech_dev_2277-149897-0035::fake_music_MusicGen_0090::01::18,mix::libri::2277::generated_music::fake_music_generator_0090,libri::2277,generated_music::fake_music_generator_0090,crossfade,15.0,0.75,1.0,0.05,0.0,-6.0,none,val_d,val_d,val_d,1,0,1,1,1,0.0637128181746024,0.0637128181746024,,False,True,8.684625,0.6740695238113403,0.8907667398452759,0.67401123046875,0.8922171592712402,0.9549329280853271,0.690211296081543,0.784606397151947,0.0336919203400611,unknown,0.70465820514209,0.4909625121203189,0.8907667398452759,0.827188029885292,0.19782176427543158,,,,,,,,,,,real_speech,unknown,clean_or_unknown,with_music,MusicGen,MusicGen,voice+music,RF,crossfade,partial_or_crossfade,5-10,MusicGen,correct,correct,correct
MIX::data\raw\Bisher_ASVspoof_2019_LA\asvspoof2019_LA_T_6193190.flac|data\raw\fake_music_generated\fake_music_MusicGen_0212.wav,1,1,1,1,1,mix::LA_0086::fake_music_MusicGen_21,mix::A02::MusicGen,split_internal_mix,mix,generated_after_split,mix::asvspoof2019_LA_T_6193190::fake_music_MusicGen_0212::11::0,mix::asvspoof::LA_0086::generated_music::fake_music_generator_0212,asvspoof::LA_0086,generated_music::fake_music_generator_0212,partial_overlap,0.0,0.5,1.0,0.5,-3.0,0.0,none,val_d,val_d,val_d,1,1,1,1,1,0.9606201608998608,0.9606201608998608,,False,True,10.575,0.7178305387496948,0.9949160218238832,0.7119658589363098,0.9949468970298768,0.8044974207878113,0.9948490262031556,0.4156638085842132,0.0437907129526138,unknown,0.9878610357708528,0.7906674253947445,0.9949160218238832,0.5128722116351128,0.28155529126524925,,,,,,,,,,,TTS_or_unknown,unknown,clean_or_unknown,with_music,MusicGen,MusicGen,voice+music,FF,partial_overlap,partial_or_crossfade,10-20,MusicGen,correct,correct,correct
MIX::data\raw\ajaykarthick_wavefake-audio\wavefake_ajay_LJ019-0370.wav|data/raw/gtzan_unique_v2/jazz.00011.wav,1,1,0,1,1,mix::wavefake_5f9cb1::gtzan_5_jazz.00011,mix::WF6::GTZAN_genre_5,split_internal_mix,mix,generated_after_split,mix::wavefake_ajay_LJ019-0370::gtzan_v2_jazz.00011::10::4,mix::wavefake::LJ019-0370::gtzan::gtzan_v2_jazz.00011,wavefake::LJ019-0370,gtzan::gtzan_v2_jazz.00011,voice_then_music,10.0,0.25,0.5,0.1,-3.0,-3.0,none,val_d,val_d,val_d,1,1,0,1,1,0.3485334570363477,0.3485334570363477,,False,True,38.443,0.7222660183906555,0.2220509052276611,0.6917663812637329,0.2218735665082931,0.936879336833954,0.70853590965271,0.2725309729576111,0.5078608393669128,unknown,0.43160356223034696,0.6101462499843632,0.2220509052276611,0.4386180639266968,0.5580296069383621,,,,,,,,,,,TTS_or_unknown,unknown,clean_or_unknown,with_music,real_music,GTZAN_genre_5,voice+music,FR,voice_then_music,not_partial_or_unknown,>20,GTZAN_genre_5,FN,FN,correct
data\raw\Bisher_ASVspoof_2019_LA\asvspoof2019_LA_T_2005149.flac,1,1,0,1,0,LA_0086,A02,asvspoof2019,asvspoof2019,Bisher/ASVspoof_2019_LA,asvspoof2019_LA_T_2005149,asvspoof::LA_0086,asvspoof::LA_0086,,none,,,,,,,none,val_d,val_d,val_d,1,1,0,1,0,0.9992208717146788,0.9992208717146788,,False,True,4.53225,0.728405773639679,0.4823463559150696,0.739695131778717,0.4871650040149688,0.9791420102119446,0.0644232556223869,0.6789198517799377,0.0169001165777444,unknown,0.770541389082911,0.8096503030621789,0.4823463559150696,0.7539753913879395,0.028780901338905027,,,,,,,,,,,TTS_or_unknown,unknown,clean_or_unknown,voice_only,absent,A02,voice_only,single_fake,none,not_partial_or_unknown,2-5,A02,correct,correct,not_scored
data\raw\fake_music_generated\fake_music_MusicGen_0114.wav,1,0,1,0,1,fake_music_MusicGen_11,MusicGen,fake_music_generated,fake_music_generated,synth/MusicGen,fake_music_MusicGen_0114,generated_music::fake_music_generator_0114,,generated_music::fake_music_generator_0114,none,,,,,,,none,val_d,val_d,val_d,1,0,1,0,1,0.7947526761885981,0.7947526761885981,,False,True,5.6315625,0.7477169036865234,0.9998250603675842,0.7418035268783569,0.9998120665550232,0.6340779662132263,0.9998914003372192,0.0170790012925863,0.0361522957682609,unknown,0.9486020693355677,0.7618276354371458,0.9998250603675842,0.1713287425227463,0.27708707191050047,,,,,,,,,,,absent,unknown,clean_or_unknown,with_music,MusicGen,MusicGen,music_only,single_fake,none,not_partial_or_unknown,5-10,MusicGen,correct,not_scored,correct
MIX::data\raw\Bisher_ASVspoof_2019_LA\asvspoof2019_LA_T_7070941.flac|data\raw\fake_music_generated\fake_music_MusicGen_0212.wav,1,1,1,1,1,mix::LA_0094::fake_music_MusicGen_21,mix::A02::MusicGen,split_internal_mix,mix,generated_after_split,mix::asvspoof2019_LA_T_7070941::fake_music_MusicGen_0212::11::16,mix::asvspoof::LA_0094::generated_music::fake_music_generator_0212,asvspoof::LA_0094,generated_music::fake_music_generator_0212,crossfade,10.0,0.5,1.0,0.5,-3.0,0.0,none,val_d,val_d,val_d,1,1,1,1,1,0.9797501229552076,0.9797501229552076,,False,True,6.3669375,0.6161727905273438,0.9981167316436768,0.6370229721069336,0.9981229901313782,0.933463990688324,0.997531235218048,0.5388895273208618,0.0858531594276428,unknown,0.9940396137134471,0.7252459902557029,0.9981167316436768,0.6375331431627274,0.3137726783752441,,,,,,,,,,,TTS_or_unknown,unknown,clean_or_unknown,with_music,MusicGen,MusicGen,voice+music,FF,crossfade,partial_or_crossfade,5-10,MusicGen,correct,correct,correct
MIX::data\raw\openslr_librispeech_asr\librispeech_dev_3170-137482-0001.flac|data/raw/gtzan_unique_v2/country.00040.wav,0,0,0,1,1,mix::3170::gtzan_2_country.00040,mix::LibriSpeech::GTZAN_genre_2,split_internal_mix,mix,generated_after_split,mix::librispeech_dev_3170-137482-0001::gtzan_v2_country.00040::00::13,mix::libri::3170::gtzan::gtzan_v2_country.00040,libri::3170,gtzan::gtzan_v2_country.00040,partial_overlap,15.0,0.25,0.1,0.1,-3.0,0.0,none,val_d,val_d,val_d,0,0,0,1,1,0.0145336805928343,0.0145336805928343,,False,True,45.890875,0.7429353594779968,0.3912399113178253,0.7417013049125671,0.3900458514690399,0.9656288027763368,0.4388860762119293,0.562274158000946,0.2957179248332977,unknown,0.4163316439922714,0.5244148558124481,0.3912399113178253,0.6631128191947937,0.33150996267795557,,,,,,,,,,,real_speech,unknown,clean_or_unknown,with_music,real_music,GTZAN_genre_2,voice+music,RR,partial_overlap,partial_or_crossfade,>20,GTZAN_genre_2,correct,correct,FP
data/raw/gtzan_unique_v2/reggae.00049.wav,0,0,0,0,1,gtzan_8_reggae.00049,GTZAN_genre_8,gtzan_real_v2,gtzan_real,sanchit-gandhi/gtzan,gtzan_v2_reggae.00049,gtzan::gtzan_v2_reggae.00049,,gtzan::gtzan_v2_reggae.00049,none,,,,,,,none,val_d,val_d,val_d,0,0,0,0,1,0.4011517572132386,0.4011517572132386,,False,True,30.0001875,0.7172166705131531,0.006883243098855,0.718085765838623,0.0069045843556523,0.8009443283081055,0.9859375357627868,0.0313217788934707,0.8277941346168518,unknown,0.33725078159204885,0.6223971965231787,0.006883243098855,0.22372741624712938,0.8673299849033356,,,,,,,,,,,absent,unknown,clean_or_unknown,with_music,real_music,GTZAN_genre_8,music_only,single_real,none,not_partial_or_unknown,>20,GTZAN_genre_8,correct,not_scored,correct
MIX::data\raw\openslr_librispeech_asr\librispeech_dev_777-126732-0042.flac|data\raw\fake_music_generated\fake_music_MusicGen_0114.wav,1,0,1,1,1,mix::777::fake_music_MusicGen_11,mix::LibriSpeech::MusicGen,split_internal_mix,mix,generated_after_split,mix::librispeech_dev_777-126732-0042::fake_music_MusicGen_0114::01::16,mix::libri::777::generated_music::fake_music_generator_0114,libri::777,generated_music::fake_music_generator_0114,music_then_voice,5.0,0.25,0.1,0.25,-6.0,0.0,none,val_d,val_d,val_d,1,0,1,1,1,0.0230442756335384,0.0230442756335384,,False,True,11.3015625,0.6772036552429199,0.6581398248672485,0.6744554042816162,0.6507763266563416,0.9743483066558838,0.5236437916755676,0.7166283130645752,0.0574954375624656,unknown,0.5582619937891629,0.48095584136010544,0.6581398248672485,0.7810583114624023,0.1740325260907411,,,,,,,,,,,real_speech,unknown,clean_or_unknown,with_music,MusicGen,MusicGen,voice+music,RF,music_then_voice,not_partial_or_unknown,10-20,MusicGen,correct,correct,correct
MIX::data\raw\openslr_librispeech_asr\librispeech_dev_777-126732-0035.flac|data\raw\fake_music_generated\fake_music_MusicGen_0114.wav,1,0,1,1,1,mix::777::fake_music_MusicGen_11,mix::LibriSpeech::MusicGen,split_internal_mix,mix,generated_after_split,mix::librispeech_dev_777-126732-0035::fake_music_MusicGen_0114::01::9,mix::libri::777::generated_music::fake_music_generator_0114,libri::777,generated_music::fake_music_generator_0114,simultaneous,5.0,0.5,0.5,0.5,-3.0,3.0,none,val_d,val_d,val_d,1,0,1,1,1,0.9765388203440142,0.9765388203440142,,False,True,5.6315625,0.6808907389640808,0.7871883511543274,0.6899842619895935,0.7910184264183044,0.9597299695014954,0.9436915516853333,0.6723724603652954,0.2478444278240203,unknown,0.8973785045053598,0.7695851633780608,0.7871883511543274,0.7442118376493454,0.42180620878934855,,,,,,,,,,,real_speech,unknown,clean_or_unknown,with_music,MusicGen,MusicGen,voice+music,RF,simultaneous,not_partial_or_unknown,5-10,MusicGen,correct,FP,correct
data\raw\ajaykarthick_wavefake-audio\wavefake_ajay_LJ009-0248.wav,1,1,0,1,0,wavefake_d7d4f1,WF6,wavefake_ajay,wavefake_ajay,ajaykarthick/wavefake-audio,wavefake_ajay_LJ009-0248,wavefake::LJ009-0248,wavefake::LJ009-0248,,none,,,,,,,none,val_d,val_d,val_d,1,1,0,1,0,0.5544882987933334,0.5544882987933334,,False,True,3.29725,0.6895500421524048,0.5098068714141846,0.7016226649284363,0.512895941734314,0.96690034866333,0.1242709010839462,0.8815178871154785,0.0228510648012161,unknown,0.6414421762241467,0.6490315191446833,0.5098068714141846,0.9028635025024414,0.04820602387189862,,,,,,,,,,,TTS_or_unknown,unknown,clean_or_unknown,voice_only,absent,WF6,voice_only,single_fake,none,not_partial_or_unknown,2-5,WF6,correct,FN,not_scored
MIX::data\raw\ajaykarthick_wavefake-audio\wavefake_ajay_LJ008-0315.wav|data/raw/gtzan_unique_v2/pop.00085.wav,1,1,0,1,1,mix::wavefake_208461::gtzan_7_pop.00085,mix::WF6::GTZAN_genre_7,split_internal_mix,mix,generated_after_split,mix::wavefake_ajay_LJ008-0315::gtzan_v2_pop.00085::10::18,mix::wavefake::LJ008-0315::gtzan::gtzan_v2_pop.00085,wavefake::LJ008-0315,gtzan::gtzan_v2_pop.00085,simultaneous,10.0,0.75,0.0,0.5,3.0,3.0,none,val_d,val_d,val_d,1,1,0,1,1,0.5642113391289921,0.5642113391289921,,False,True,30.0001875,0.713276743888855,0.0281815286725759,0.6940560340881348,0.0283646341413259,0.9116480350494384,0.9247586131095886,0.2596429884433746,0.7801416516304016,unknown,0.4059012061168398,0.6685571224608962,0.0281815286725759,0.4226442500948905,0.8162958920001984,,,,,,,,,,,TTS_or_unknown,unknown,clean_or_unknown,with_music,real_music,GTZAN_genre_7,voice+music,FR,simultaneous,not_partial_or_unknown,>20,GTZAN_genre_7,FN,FN,correct
data\raw\Bisher_ASVspoof_2019_LA\asvspoof2019_LA_T_7070941.flac,1,1,0,1,0,LA_0094,A02,asvspoof2019,asvspoof2019,Bisher/ASVspoof_2019_LA,asvspoof2019_LA_T_7070941,asvspoof::LA_0094,asvspoof::LA_0094,,none,,,,,,,none,val_d,val_d,val_d,1,1,0,1,0,0.995170187724566,0.995170187724566,,False,True,1.975625,0.6382930278778076,0.3925846517086029,0.6678601503372192,0.3725356757640838,0.9753471612930298,0.0419865809381008,0.7990580201148987,0.0198834966868162,unknown,0.7054904626624132,0.745356175831835,0.3925846517086029,0.8431303054094315,0.02540926774963735,,,,,,,,,,,TTS_or_unknown,unknown,clean_or_unknown,voice_only,absent,A02,voice_only,single_fake,none,not_partial_or_unknown,<=2,A02,correct,correct,not_scored
data/raw/gtzan_unique_v2/jazz.00083.wav,0,0,0,0,1,gtzan_5_jazz.00083,GTZAN_genre_5,gtzan_real_v2,gtzan_real,sanchit-gandhi/gtzan,gtzan_v2_jazz.00083,gtzan::gtzan_v2_jazz.00083,,gtzan::gtzan_v2_jazz.00083,none,,,,,,,none,val_d,val_d,val_d,0,0,0,0,1,0.292096873913612,0.292096873913612,,False,True,30.013375,0.692145586013794,0.0020985477603971,0.6897872686386108,0.0020828526467084,0.8113868236541748,0.9976714253425598,0.0194900780916214,0.6957293152809143,unknown,0.28869111671093867,0.5721309723837393,0.0020985477603971,0.21746426448225975,0.7712148427963257,,,,,,,,,,,absent,unknown,clean_or_unknown,with_music,real_music,GTZAN_genre_5,music_only,single_real,none,not_partial_or_unknown,>20,GTZAN_genre_5,correct,not_scored,correct
MIX::data\raw\ajaykarthick_wavefake-audio\wavefake_ajay_LJ017-0005.wav|data/raw/gtzan_unique_v2/blues.00007.wav,1,1,0,1,1,mix::wavefake_f74827::gtzan_0_blues.00007,mix::WF4::GTZAN_genre_0,split_internal_mix,mix,generated_after_split,mix::wavefake_ajay_LJ017-0005::gtzan_v2_blues.00007::10::14,mix::wavefake::LJ017-0005::gtzan::gtzan_v2_blues.00007,wavefake::LJ017-0005,gtzan::gtzan_v2_blues.00007,voice_then_music,-10.0,0.75,0.0,0.5,3.0,3.0,none,val_d,val_d,val_d,1,1,0,1,1,0.1539961674062671,0.1539961674062671,,False,True,33.3919375,0.7112380862236023,0.0010283250594511,0.7154927253723145,0.0010297362459823,0.7890584468841553,0.9983604550361632,0.0240709129720926,0.8849018216133118,unknown,0.24308557773356337,0.5440655105784017,0.0010283250594511,0.21531779645010826,0.9132664799690247,,,,,,,,,,,TTS_or_unknown,unknown,clean_or_unknown,with_music,real_music,GTZAN_genre_0,voice+music,FR,voice_then_music,not_partial_or_unknown,>20,GTZAN_genre_0,FN,FN,correct
data\raw\fake_music_generated\fake_music_MusicGen_0208.wav,1,0,1,0,1,fake_music_MusicGen_20,MusicGen,fake_music_generated,fake_music_generated,synth/MusicGen,fake_music_MusicGen_0208,generated_music::fake_music_generator_0208,,generated_music::fake_music_generator_0208,none,,,,,,,none,val_d,val_d,val_d,1,0,1,0,1,0.8285984103131517,0.8285984103131517,,False,True,5.12375,0.755789577960968,0.9997288584709167,0.7522218227386475,0.9997147917747498,0.6525975465774536,0.9997299313545228,0.0135552557185292,0.0459613054990768,unknown,0.9570200395671407,0.7776322276666231,0.9997288584709167,0.1733158284332603,0.2844034619629383,,,,,,,,,,,absent,unknown,clean_or_unknown,with_music,MusicGen,MusicGen,music_only,single_fake,none,not_partial_or_unknown,5-10,MusicGen,correct,not_scored,correct
MIX::data\raw\ajaykarthick_wavefake-audio\wavefake_ajay_LJ008-0315.wav|data\raw\fake_music_generated\fake_music_MusicGen_0144.wav,1,1,1,1,1,mix::wavefake_208461::fake_music_MusicGen_14,mix::WF6::MusicGen,split_internal_mix,mix,generated_after_split,mix::wavefake_ajay_LJ008-0315::fake_music_MusicGen_0144::11::9,mix::wavefake::LJ008-0315::generated_music::fake_music_generator_0144,wavefake::LJ008-0315,generated_music::fake_music_generator_0144,music_then_voice,10.0,0.75,0.0,0.05,0.0,3.0,none,val_d,val_d,val_d,1,1,1,1,1,0.2686739259561395,0.2686739259561395,,False,True,10.4486875,0.7125948071479797,0.6536276340484619,0.7176430225372314,0.6566922664642334,0.9619965553283693,0.3395925760269165,0.7527322769165039,0.0360812656581401,unknown,0.6337989085097379,0.5794185427904276,0.6536276340484619,0.8050483465194702,0.11195909325033421,,,,,,,,,,,TTS_or_unknown,unknown,clean_or_unknown,with_music,MusicGen,MusicGen,voice+music,FF,music_then_voice,not_partial_or_unknown,10-20,MusicGen,correct,FN,correct
MIX::data\raw\ajaykarthick_wavefake-audio\wavefake_ajay_LJ048-0137.wav|data/raw/gtzan_unique_v2/jazz.00008.wav,1,1,0,1,1,mix::wavefake_365a25::gtzan_5_jazz.00008,mix::WF1::GTZAN_genre_5,split_internal_mix,mix,generated_after_split,mix::wavefake_ajay_LJ048-0137::gtzan_v2_jazz.00008::10::17,mix::wavefake::LJ048-0137::gtzan::gtzan_v2_jazz.00008,wavefake::LJ048-0137,gtzan::gtzan_v2_jazz.00008,crossfade,5.0,0.5,1.0,0.25,0.0,0.0,none,val_d,val_d,val_d,1,1,0,1,1,0.9818600238009974,0.9818600238009974,,False,True,36.95,0.7540584206581116,0.2621860802173614,0.7164056301116943,0.2673188745975494,0.9242222309112548,0.7130069732666016,0.2694622278213501,0.4497700035572052,unknown,0.6715708729615234,0.8223989016009772,0.2621860802173614,0.4331522285938263,0.5155792459845543,,,,,,,,,,,TTS_or_unknown,unknown,clean_or_unknown,with_music,real_music,GTZAN_genre_5,voice+music,FR,crossfade,partial_or_crossfade,>20,GTZAN_genre_5,correct,correct,correct
data\raw\fake_music_generated\fake_music_MusicGen_0202.wav,1,0,1,0,1,fake_music_MusicGen_20,MusicGen,fake_music_generated,fake_music_generated,synth/MusicGen,fake_music_MusicGen_0202,generated_music::fake_music_generator_0202,,generated_music::fake_music_generator_0202,none,,,,,,,none,val_d,val_d,val_d,1,0,1,0,1,0.8622243172497593,0.8622243172497593,,False,True,4.228,0.7432777881622314,0.9998420476913452,0.7388740181922913,0.9998303651809692,0.6461799740791321,0.9999215602874756,0.0139568466693162,0.0775870755314827,unknown,0.9654793736919108,0.7789617468884898,0.9998420476913452,0.17201262852177018,0.3081706967204809,,,,,,,,,,,absent,unknown,clean_or_unknown,with_music,MusicGen,MusicGen,music_only,single_fake,none,not_partial_or_unknown,2-5,MusicGen,correct,not_scored,correct
data/raw/gtzan_unique_v2/blues.00094.wav,0,0,0,0,1,gtzan_0_blues.00094,GTZAN_genre_0,gtzan_real_v2,gtzan_real,sanchit-gandhi/gtzan,gtzan_v2_blues.00094,gtzan::gtzan_v2_blues.00094,,gtzan::gtzan_v2_blues.00094,none,,,,,,,none,val_d,val_d,val_d,0,0,0,0,1,0.196796571127714,0.196796571127714,,False,True,30.013375,0.7137846946716309,0.0001313980901613,0.7074384689331055,0.0001274607639061,0.8287849426269531,0.9996814727783204,0.0235975515097379,0.832472026348114,unknown,0.2587767824916077,0.5586882576084558,0.0001313980901613,0.2248943992890417,0.8742743879556656,,,,,,,,,,,absent,unknown,clean_or_unknown,with_music,real_music,GTZAN_genre_0,music_only,single_real,none,not_partial_or_unknown,>20,GTZAN_genre_0,correct,not_scored,correct
MIX::data\raw\Bisher_ASVspoof_2019_LA\asvspoof2019_LA_T_9012332.flac|data\raw\fake_music_generated\fake_music_MusicGen_0114.wav,1,1,1,1,1,mix::LA_0094::fake_music_MusicGen_11,mix::A02::MusicGen,split_internal_mix,mix,generated_after_split,mix::asvspoof2019_LA_T_9012332::fake_music_MusicGen_0114::11::1,mix::asvspoof::LA_0094::generated_music::fake_music_generator_0114,asvspoof::LA_0094,generated_music::fake_music_generator_0114,crossfade,5.0,0.75,0.0,0.05,0.0,3.0,none,val_d,val_d,val_d,1,1,1,1,1,0.94746740891644,0.94746740891644,,False,True,7.5749375,0.6426891088485718,0.9983530044555664,0.6617996692657471,0.9983356595039368,0.8559640645980835,0.9982275366783142,0.5779876708984375,0.0451231189072132,unknown,0.9860785124574506,0.7341225988689322,0.9983530044555664,0.647481769323349,0.28339922334998846,,,,,,,,,,,TTS_or_unknown,unknown,clean_or_unknown,with_music,MusicGen,MusicGen,voice+music,FF,crossfade,partial_or_crossfade,5-10,MusicGen,correct,correct,correct
MIX::data\raw\ajaykarthick_wavefake-audio\wavefake_ajay_LJ019-0394.wav|data\raw\fake_music_generated\fake_music_MusicGen_0156.wav,1,1,1,1,1,mix::wavefake_76ddde::fake_music_MusicGen_15,mix::WF4::MusicGen,split_internal_mix,mix,generated_after_split,mix::wavefake_ajay_LJ019-0394::fake_music_MusicGen_0156::11::5,mix::wavefake::LJ019-0394::generated_music::fake_music_generator_0156,wavefake::LJ019-0394,generated_music::fake_music_generator_0156,partial_overlap,-10.0,0.75,0.0,0.05,0.0,3.0,none,val_d,val_d,val_d,1,1,1,1,1,0.5712695653541467,0.5712695653541467,,False,True,6.6895625,0.7405881285667419,0.9939939379692078,0.7396000027656555,0.9940369129180908,0.6738558411598206,0.994151771068573,0.2133423388004303,0.3257957994937897,unknown,0.8898825617592815,0.6897925596029634,0.9939939379692078,0.32847071439027786,0.4928847923874855,,,,,,,,,,,TTS_or_unknown,unknown,clean_or_unknown,with_music,MusicGen,MusicGen,voice+music,FF,partial_overlap,partial_or_crossfade,5-10,MusicGen,correct,correct,correct
data\raw\fake_music_generated\fake_music_MusicGen_0064.wav,1,0,1,0,1,fake_music_MusicGen_6,MusicGen,fake_music_generated,fake_music_generated,synth/MusicGen,fake_music_MusicGen_0064,generated_music::fake_music_generator_0064,,generated_music::fake_music_generator_0064,none,,,,,,,none,val_d,val_d,val_d,1,0,1,0,1,0.8302013877626254,0.8302013877626254,,False,True,4.7350625,0.7462952136993408,0.999752938747406,0.7437683939933777,0.9997363686561584,0.6620097756385803,0.9998284578323364,0.0281398985534906,0.1071512028574943,unknown,0.9574303120743582,0.7714670659183261,0.999752938747406,0.18660736782476303,0.3303205166012048,,,,,,,,,,,absent,unknown,clean_or_unknown,with_music,MusicGen,MusicGen,music_only,single_fake,none,not_partial_or_unknown,2-5,MusicGen,correct,not_scored,correct
MIX::data\raw\openslr_librispeech_asr\librispeech_dev_2277-149896-0028.flac|data/raw/gtzan_unique_v2/rock.00042.wav,0,0,0,1,1,mix::2277::gtzan_9_rock.00042,mix::LibriSpeech::GTZAN_genre_9,split_internal_mix,mix,generated_after_split,mix::librispeech_dev_2277-149896-0028::gtzan_v2_rock.00042::00::10,mix::libri::2277::gtzan::gtzan_v2_rock.00042,libri::2277,gtzan::gtzan_v2_rock.00042,simultaneous,0.0,0.5,0.5,0.25,0.0,3.0,none,val_d,val_d,val_d,0,0,0,1,1,0.5674856806406289,0.5674856806406289,,False,True,30.013375,0.6894887089729309,0.0026019208598881,0.6872550845146179,0.0025716363452374,0.8069917559623718,0.9956547617912292,0.0493920445442199,0.8464730381965637,unknown,0.38800739339433765,0.6528878004732402,0.0026019208598881,0.23879197239875788,0.8837684690952301,,,,,,,,,,,real_speech,unknown,clean_or_unknown,with_music,real_music,GTZAN_genre_9,voice+music,RR,simultaneous,not_partial_or_unknown,>20,GTZAN_genre_9,correct,correct,correct
data\raw\openslr_librispeech_asr\librispeech_dev_1919-142785-0049.flac,0,0,0,1,0,1919,LibriSpeech,librispeech_dev,librispeech_dev,openslr/librispeech_asr,librispeech_dev_1919-142785-0049,libri::1919,libri::1919,,none,,,,,,,none,val_d,val_d,val_d,0,0,0,1,0,0.1050676251435411,0.1050676251435411,,False,True,15.835,0.7028249502182007,0.520294189453125,0.6992213726043701,0.5259782671928406,0.9575159549713136,0.1630667746067047,0.7902227640151978,0.0217545833438634,unknown,0.5127909201942752,0.5234977526958028,0.520294189453125,0.8320460617542267,0.057082631159573724,,,,,,,,,,,real_speech,unknown,clean_or_unknown,voice_only,absent,LibriSpeech,voice_only,single_real,none,not_partial_or_unknown,10-20,LibriSpeech,FP,correct,not_scored
MIX::data\raw\Bisher_ASVspoof_2019_LA\asvspoof2019_LA_T_6193190.flac|data/raw/gtzan_unique_v2/reggae.00036.wav,1,1,0,1,1,mix::LA_0086::gtzan_8_reggae.00036,mix::A02::GTZAN_genre_8,split_internal_mix,mix,generated_after_split,mix::asvspoof2019_LA_T_6193190::gtzan_v2_reggae.00036::10::7,mix::asvspoof::LA_0086::gtzan::gtzan_v2_reggae.00036,asvspoof::LA_0086,gtzan::gtzan_v2_reggae.00036,crossfade,-10.0,0.1,0.1,0.05,-6.0,-6.0,none,val_d,val_d,val_d,1,1,0,1,1,0.3006997602680312,0.3006997602680312,,False,True,38.0926875,0.6740229725837708,0.0034036934375762,0.6776906251907349,0.0033994258847087,0.8973292708396912,0.9938557147979736,0.0265274066478014,0.8149096369743347,unknown,0.2877685015569319,0.5620260088890489,0.0034036934375762,0.24422787269577384,0.8596461564302444,,,,,,,,,,,TTS_or_unknown,unknown,clean_or_unknown,with_music,real_music,GTZAN_genre_8,voice+music,FR,crossfade,partial_or_crossfade,>20,GTZAN_genre_8,FN,FN,correct
MIX::data\raw\Bisher_ASVspoof_2019_LA\asvspoof2019_LA_T_8813506.flac|data\raw\fake_music_generated\fake_music_MusicGen_0002.wav,1,1,1,1,1,mix::LA_0094::fake_music_MusicGen_0,mix::A01::MusicGen,split_internal_mix,mix,generated_after_split,mix::asvspoof2019_LA_T_8813506::fake_music_MusicGen_0002::11::3,mix::asvspoof::LA_0094::generated_music::fake_music_generator_0002,asvspoof::LA_0094,generated_music::fake_music_generator_0002,voice_then_music,15.0,0.25,0.5,0.25,-6.0,-3.0,none,val_d,val_d,val_d,1,1,1,1,1,0.9995870530230266,0.9995870530230266,,False,True,9.5168125,0.7618129849433899,0.7216912508010864,0.7389734983444214,0.7231934070587158,0.984799027442932,0.380648523569107,0.6116262674331665,0.0732509642839431,unknown,0.8786803599557476,0.8331452053672809,0.7216912508010864,0.7049194574356079,0.1501003541052341,,,,,,,,,,,TTS_or_unknown,unknown,clean_or_unknown,with_music,MusicGen,MusicGen,voice+music,FF,voice_then_music,not_partial_or_unknown,5-10,MusicGen,correct,correct,correct
data\raw\Bisher_ASVspoof_2019_LA\asvspoof2019_LA_T_6869984.flac,1,1,0,1,0,LA_0094,A01,asvspoof2019,asvspoof2019,Bisher/ASVspoof_2019_LA,asvspoof2019_LA_T_6869984,asvspoof::LA_0094,asvspoof::LA_0094,,none,,,,,,,none,val_d,val_d,val_d,1,1,0,1,0,0.9997573954986136,0.9997573954986136,,False,True,3.02675,0.750859797000885,0.4551916122436523,0.7617304921150208,0.453727662563324,0.9872064590454102,0.0458501279354095,0.7573497295379639,0.0346967317163944,unknown,0.7594422638927582,0.8255290765502035,0.4551916122436523,0.8148139119148254,0.03748508077114817,,,,,,,,,,,TTS_or_unknown,unknown,clean_or_unknown,voice_only,absent,A01,voice_only,single_fake,none,not_partial_or_unknown,2-5,A01,correct,correct,not_scored
data/raw/gtzan_unique_v2/blues.00034.wav,0,0,0,0,1,gtzan_0_blues.00034,GTZAN_genre_0,gtzan_real_v2,gtzan_real,sanchit-gandhi/gtzan,gtzan_v2_blues.00034,gtzan::gtzan_v2_blues.00034,,gtzan::gtzan_v2_blues.00034,none,,,,,,,none,val_d,val_d,val_d,0,0,0,0,1,0.3087087555927199,0.3087087555927199,,False,True,30.013375,0.718334972858429,0.0112517615780234,0.7249636054039001,0.0116013903170824,0.8212060332298279,0.996042788028717,0.0237626302987337,0.8747299313545227,unknown,0.30652735040539153,0.5954471076787162,0.0112517615780234,0.22312348103150725,0.9050581455230713,,,,,,,,,,,absent,unknown,clean_or_unknown,with_music,real_music,GTZAN_genre_0,music_only,single_real,none,not_partial_or_unknown,>20,GTZAN_genre_0,correct,not_scored,correct
data\raw\fake_music_generated\fake_music_MusicGen_0130.wav,1,0,1,0,1,fake_music_MusicGen_13,MusicGen,fake_music_generated,fake_music_generated,synth/MusicGen,fake_music_MusicGen_0130,generated_music::fake_music_generator_0130,,generated_music::fake_music_generator_0130,none,,,,,,,none,val_d,val_d,val_d,1,0,1,0,1,0.8522971281625858,0.8522971281625858,,False,True,5.8945,0.754204511642456,0.999756157398224,0.7519612908363342,0.9997418522834778,0.668556272983551,0.9997957348823548,0.0134944040328264,0.0605288222432136,unknown,0.962957691773049,0.7836322965984949,0.999756157398224,0.17725987127050755,0.2953455504029989,,,,,,,,,,,absent,unknown,clean_or_unknown,with_music,MusicGen,MusicGen,music_only,single_fake,none,not_partial_or_unknown,5-10,MusicGen,correct,not_scored,correct
data\raw\fake_music_generated\fake_music_MusicGen_0066.wav,1,0,1,0,1,fake_music_MusicGen_6,MusicGen,fake_music_generated,fake_music_generated,synth/MusicGen,fake_music_MusicGen_0066,generated_music::fake_music_generator_0066,,generated_music::fake_music_generator_0066,none,,,,,,,none,val_d,val_d,val_d,1,0,1,0,1,0.7726711004373623,0.7726711004373623,,False,True,4.3148125,0.7513935565948486,0.9994650483131408,0.7447704076766968,0.9994421601295472,0.626205325126648,0.9994997978210448,0.0160576831549406,0.0176917444914579,unknown,0.9429099935208436,0.7577768197476027,0.9994650483131408,0.16859459364786744,0.26314375782385463,,,,,,,,,,,absent,unknown,clean_or_unknown,with_music,MusicGen,MusicGen,music_only,single_fake,none,not_partial_or_unknown,2-5,MusicGen,correct,not_scored,correct
data/raw/gtzan_unique_v2/jazz.00041.wav,0,0,0,0,1,gtzan_5_jazz.00041,GTZAN_genre_5,gtzan_real_v2,gtzan_real,sanchit-gandhi/gtzan,gtzan_v2_jazz.00041,gtzan::gtzan_v2_jazz.00041,,gtzan::gtzan_v2_jazz.00041,none,,,,,,,none,val_d,val_d,val_d,0,0,0,0,1,0.3745762102026973,0.3745762102026973,,False,True,30.013375,0.7295247316360474,0.0006545491050928,0.7269073128700256,0.0006387370522134,0.7475149631500244,0.9982235431671144,0.0165872108191251,0.6411184072494507,unknown,0.32761617166601076,0.6230401752060423,0.0006545491050928,0.19931914890184993,0.7303946912288666,,,,,,,,,,,absent,unknown,clean_or_unknown,with_music,real_music,GTZAN_genre_5,music_only,single_real,none,not_partial_or_unknown,>20,GTZAN_genre_5,correct,not_scored,correct
data\raw\public_v9\mlaad_tiny\fake\en\Cartesia.ai (Sonic-3)\dorothy_and_wizard_oz_06_f000040.wav,1,1,0,1,0,mlaad::dorothy_and_wizard_oz_06,MLAAD::Cartesia.ai (Sonic-3),mlaad_tiny_matched,mlaad_tiny_matched,mueller91/MLAAD-tiny,dorothy_and_wizard_oz_06_f000040,mlaad_tiny::en::dorothy_and_wizard_oz_06_f000040,,,none,,,,,,,none,val_b_unseen_generator,expanded_unseen,expanded_unseen,1,1,0,1,0,0.9993814481388468,0.9993814481388468,,False,True,11.477125,0.7912576794624329,0.5372101664543152,0.7979656457901001,0.5485857129096985,0.990035593509674,0.0894767194986343,0.7551146745681763,0.0255842134356498,not_applicable,0.8051742964395774,0.853694810065357,0.5372101664543152,0.8138449043035507,0.04155733995139592,https://huggingface.co/datasets/mueller91/MLAAD-tiny,9143e5ea709575ebab6bec52840a1043aada7bb1,CC BY-NC 4.0,YES,YES_WITH_ATTRIBUTION_NONCOMMERCIAL,YES_NONCOMMERCIAL_ONLY,MLAAD-tiny-fake,c390adb21c5966f149d66bfe287d4425cfbbc96dc397ff726c02ad68b79c62b0,mlaad_tiny::en::dorothy_and_wizard_oz_06_f000040,not_applicable,unseen_TTS_or_unknown,en,clean_or_unknown,voice_only,absent,Cartesia.ai (Sonic-3),voice_only,single_fake,none,not_partial_or_unknown,10-20,Cartesia.ai (Sonic-3),correct,correct,not_scored
data\raw\public_v9\mlaad_tiny\fake\en\Cartesia.ai (Sonic-3)\dorothy_and_wizard_oz_12_f000027.wav,1,1,0,1,0,mlaad::dorothy_and_wizard_oz_12,MLAAD::Cartesia.ai (Sonic-3),mlaad_tiny_matched,mlaad_tiny_matched,mueller91/MLAAD-tiny,dorothy_and_wizard_oz_12_f000027,mlaad_tiny::en::dorothy_and_wizard_oz_12_f000027,,,none,,,,,,,none,val_b_unseen_generator,expanded_unseen,expanded_unseen,1,1,0,1,0,0.5721955471851493,0.5721955471851493,,False,True,8.27275,0.8235677480697632,0.4727340936660766,0.8093061447143555,0.4772656559944153,0.9908140897750854,0.0921508371829986,0.7468838691711426,0.0219007693231105,not_applicable,0.6472277420622536,0.7481560878043789,0.4727340936660766,0.8078664243221283,0.03946328628808253,https://huggingface.co/datasets/mueller91/MLAAD-tiny,9143e5ea709575ebab6bec52840a1043aada7bb1,CC BY-NC 4.0,YES,YES_WITH_ATTRIBUTION_NONCOMMERCIAL,YES_NONCOMMERCIAL_ONLY,MLAAD-tiny-fake,4f7ad2f3c351088cd95b331856c961fb67cfe292295108290c3a153200678c2b,mlaad_tiny::en::dorothy_and_wizard_oz_12_f000027,not_applicable,unseen_TTS_or_unknown,en,clean_or_unknown,voice_only,absent,Cartesia.ai (Sonic-3),voice_only,single_fake,none,not_partial_or_unknown,5-10,Cartesia.ai (Sonic-3),correct,correct,not_scored
data\raw\public_v9\mlaad_tiny\fake\en\Cartesia.ai (Sonic-3)\emerald_city_of_oz_09_f000109.wav,1,1,0,1,0,mlaad::emerald_city_of_oz_09,MLAAD::Cartesia.ai (Sonic-3),mlaad_tiny_matched,mlaad_tiny_matched,mueller91/MLAAD-tiny,emerald_city_of_oz_09_f000109,mlaad_tiny::en::emerald_city_of_oz_09_f000109,,,none,,,,,,,none,val_b_unseen_generator,expanded_unseen,expanded_unseen,1,1,0,1,0,0.9985885514722316,0.9985885514722316,,False,True,5.0684375,0.7935765981674194,0.5492628216743469,0.7975025773048401,0.5647075176239014,0.9780162572860718,0.1108609735965728,0.7167165279388428,0.0281493384391069,not_applicable,0.8119171761486307,0.855080184158863,0.5492628216743469,0.78204146027565,0.048827247228473376,https://huggingface.co/datasets/mueller91/MLAAD-tiny,9143e5ea709575ebab6bec52840a1043aada7bb1,CC BY-NC 4.0,YES,YES_WITH_ATTRIBUTION_NONCOMMERCIAL,YES_NONCOMMERCIAL_ONLY,MLAAD-tiny-fake,85e0d1c2c634cc3e2b9ee056f432cb7267615829a3206fa156a9b11fc2943335,mlaad_tiny::en::emerald_city_of_oz_09_f000109,not_applicable,unseen_TTS_or_unknown,en,clean_or_unknown,voice_only,absent,Cartesia.ai (Sonic-3),voice_only,single_fake,none,not_partial_or_unknown,5-10,Cartesia.ai (Sonic-3),correct,correct,not_scored
data\raw\public_v9\mlaad_tiny\fake\en\Cartesia.ai (Sonic-3)\emerald_city_of_oz_10_f000117.wav,1,1,0,1,0,mlaad::emerald_city_of_oz_10,MLAAD::Cartesia.ai (Sonic-3),mlaad_tiny_matched,mlaad_tiny_matched,mueller91/MLAAD-tiny,emerald_city_of_oz_10_f000117,mlaad_tiny::en::emerald_city_of_oz_10_f000117,,,none,,,,,,,none,val_b_unseen_generator,expanded_unseen,expanded_unseen,1,1,0,1,0,0.9990569431713718,0.9990569431713718,,False,True,6.3223125,0.7953271269798279,0.7063940763473511,0.7968445420265198,0.7132596373558044,0.977220356464386,0.2604332864284515,0.7366762161254883,0.0365221574902534,not_applicable,0.8764309934242027,0.856446071837291,0.7063940763473511,0.7968122512102127,0.09249993972480292,https://huggingface.co/datasets/mueller91/MLAAD-tiny,9143e5ea709575ebab6bec52840a1043aada7bb1,CC BY-NC 4.0,YES,YES_WITH_ATTRIBUTION_NONCOMMERCIAL,YES_NONCOMMERCIAL_ONLY,MLAAD-tiny-fake,71d66d21d944448c77b45c1971c8cd1f9a4b8bdfe0a17e1a509b71a7b0dc7042,mlaad_tiny::en::emerald_city_of_oz_10_f000117,not_applicable,unseen_TTS_or_unknown,en,clean_or_unknown,voice_only,absent,Cartesia.ai (Sonic-3),voice_only,single_fake,none,not_partial_or_unknown,5-10,Cartesia.ai (Sonic-3),correct,correct,not_scored
data\raw\public_v9\mlaad_tiny\fake\en\Cartesia.ai (Sonic-3)\emerald_city_of_oz_12_f000086.wav,1,1,0,1,0,mlaad::emerald_city_of_oz_12,MLAAD::Cartesia.ai (Sonic-3),mlaad_tiny_matched,mlaad_tiny_matched,mueller91/MLAAD-tiny,emerald_city_of_oz_12_f000086,mlaad_tiny::en::emerald_city_of_oz_12_f000086,,,none,,,,,,,none,val_b_unseen_generator,expanded_unseen,expanded_unseen,1,1,0,1,0,0.9978063387342728,0.9978063387342728,,False,True,8.3191875,0.7403224110603333,0.6347130537033081,0.7437386512756348,0.643545389175415,0.9342427253723145,0.1227286159992218,0.7429484724998474,0.0233086012303829,not_applicable,0.8407910388041072,0.8175675893625151,0.6347130537033081,0.7907720357179642,0.048163604922592626,https://huggingface.co/datasets/mueller91/MLAAD-tiny,9143e5ea709575ebab6bec52840a1043aada7bb1,CC BY-NC 4.0,YES,YES_WITH_ATTRIBUTION_NONCOMMERCIAL,YES_NONCOMMERCIAL_ONLY,MLAAD-tiny-fake,96b9cef6f6848cd4c01a5db48fbad6502200469926ca9e939ef369cd4f91de91,mlaad_tiny::en::emerald_city_of_oz_12_f000086,not_applicable,unseen_TTS_or_unknown,en,clean_or_unknown,voice_only,absent,Cartesia.ai (Sonic-3),voice_only,single_fake,none,not_partial_or_unknown,5-10,Cartesia.ai (Sonic-3),correct,correct,not_scored
data\raw\public_v9\mlaad_tiny\fake\en\Cartesia.ai (Sonic-3)\emerald_city_of_oz_22_f000076.wav,1,1,0,1,0,mlaad::emerald_city_of_oz_22,MLAAD::Cartesia.ai (Sonic-3),mlaad_tiny_matched,mlaad_tiny_matched,mueller91/MLAAD-tiny,emerald_city_of_oz_22_f000076,mlaad_tiny::en::emerald_city_of_oz_22_f000076,,,none,,,,,,,none,val_b_unseen_generator,expanded_unseen,expanded_unseen,1,1,0,1,0,0.9998326840632148,0.9998326840632148,,False,True,5.114875,0.8014615774154663,0.4817678928375244,0.8032416701316833,0.4919454157352447,0.948302924633026,0.0678125917911529,0.7716256380081177,0.0299223512411117,not_applicable,0.7824195886255583,0.8609729094097908,0.4817678928375244,0.8157949596643448,0.039394911378622,https://huggingface.co/datasets/mueller91/MLAAD-tiny,9143e5ea709575ebab6bec52840a1043aada7bb1,CC BY-NC 4.0,YES,YES_WITH_ATTRIBUTION_NONCOMMERCIAL,YES_NONCOMMERCIAL_ONLY,MLAAD-tiny-fake,a227dad3c2bf598421cd94edeade1f7e0a5544336729e55bda21901d572bdd9e,mlaad_tiny::en::emerald_city_of_oz_22_f000076,not_applicable,unseen_TTS_or_unknown,en,clean_or_unknown,voice_only,absent,Cartesia.ai (Sonic-3),voice_only,single_fake,none,not_partial_or_unknown,5-10,Cartesia.ai (Sonic-3),correct,correct,not_scored
data\raw\public_v9\mlaad_tiny\fake\en\Cartesia.ai (Sonic-3)\emerald_city_of_oz_29_f000057.wav,1,1,0,1,0,mlaad::emerald_city_of_oz_29,MLAAD::Cartesia.ai (Sonic-3),mlaad_tiny_matched,mlaad_tiny_matched,mueller91/MLAAD-tiny,emerald_city_of_oz_29_f000057,mlaad_tiny::en::emerald_city_of_oz_29_f000057,,,none,,,,,,,none,val_b_unseen_generator,expanded_unseen,expanded_unseen,1,1,0,1,0,0.2925344681573706,0.2925344681573706,,False,True,6.3223125,0.7519985437393188,0.5804114937782288,0.7638856768608093,0.5925561785697937,0.9701206684112548,0.0454083867371082,0.7447971105575562,0.0198795404285192,not_applicable,0.6096318162102494,0.6141593210647343,0.5804114937782288,0.8011280000209808,0.026261752005666453,https://huggingface.co/datasets/mueller91/MLAAD-tiny,9143e5ea709575ebab6bec52840a1043aada7bb1,CC BY-NC 4.0,YES,YES_WITH_ATTRIBUTION_NONCOMMERCIAL,YES_NONCOMMERCIAL_ONLY,MLAAD-tiny-fake,80527a80ff03bdc62607e741a67a8f1556fae7d4a9181ce16bd5b5ecfbe20aba,mlaad_tiny::en::emerald_city_of_oz_29_f000057,not_applicable,unseen_TTS_or_unknown,en,clean_or_unknown,voice_only,absent,Cartesia.ai (Sonic-3),voice_only,single_fake,none,not_partial_or_unknown,5-10,Cartesia.ai (Sonic-3),correct,FN,not_scored
data\raw\public_v9\mlaad_tiny\fake\en\Cartesia.ai (Sonic-3)\hunters_space_02_f000038.wav,1,1,0,1,0,mlaad::hunters_space_02,MLAAD::Cartesia.ai (Sonic-3),mlaad_tiny_matched,mlaad_tiny_matched,mueller91/MLAAD-tiny,hunters_space_02_f000038,mlaad_tiny::en::hunters_space_02_f000038,,,none,,,,,,,none,val_b_unseen_generator,expanded_unseen,expanded_unseen,1,1,0,1,0,0.9992742136428674,0.9992742136428674,,False,True,9.758875,0.787614643573761,0.5074609518051147,0.7568789720535278,0.5108814239501953,0.984896957874298,0.0612254366278648,0.6899946928024292,0.0191782470792531,not_applicable,0.7888992497608807,0.8511125145944929,0.5074609518051147,0.7637202590703964,0.029690044466406024,https://huggingface.co/datasets/mueller91/MLAAD-tiny,9143e5ea709575ebab6bec52840a1043aada7bb1,CC BY-NC 4.0,YES,YES_WITH_ATTRIBUTION_NONCOMMERCIAL,YES_NONCOMMERCIAL_ONLY,MLAAD-tiny-fake,5c8f5a0758ee9efeacad965d9414ae450fa60c0576d769c26dc55731208f73d5,mlaad_tiny::en::hunters_space_02_f000038,not_applicable,unseen_TTS_or_unknown,en,clean_or_unknown,voice_only,absent,Cartesia.ai (Sonic-3),voice_only,single_fake,none,not_partial_or_unknown,5-10,Cartesia.ai (Sonic-3),correct,correct,not_scored
data\raw\public_v9\mlaad_tiny\fake\en\Cartesia.ai (Sonic-3)\hunters_space_12_f000054.wav,1,1,0,1,0,mlaad::hunters_space_12,MLAAD::Cartesia.ai (Sonic-3),mlaad_tiny_matched,mlaad_tiny_matched,mueller91/MLAAD-tiny,hunters_space_12_f000054,mlaad_tiny::en::hunters_space_12_f000054,,,none,,,,,,,none,val_b_unseen_generator,expanded_unseen,expanded_unseen,1,1,0,1,0,0.9965036734593166,0.9965036734593166,,False,True,4.1860625,0.736943781375885,0.5364641547203064,0.745899498462677,0.5495091676712036,0.8550904393196106,0.0592876337468624,0.7575322985649109,0.026306277140975,not_applicable,0.798001334068007,0.8148117490009145,0.5364641547203064,0.7819218337535858,0.03455161629244685,https://huggingface.co/datasets/mueller91/MLAAD-tiny,9143e5ea709575ebab6bec52840a1043aada7bb1,CC BY-NC 4.0,YES,YES_WITH_ATTRIBUTION_NONCOMMERCIAL,YES_NONCOMMERCIAL_ONLY,MLAAD-tiny-fake,84b8ad0fbe8eb2c9cc71479c2862c8a7f2f33acb55f94523674dcf4d03001f79,mlaad_tiny::en::hunters_space_12_f000054,not_applicable,unseen_TTS_or_unknown,en,clean_or_unknown,voice_only,absent,Cartesia.ai (Sonic-3),voice_only,single_fake,none,not_partial_or_unknown,2-5,Cartesia.ai (Sonic-3),correct,correct,not_scored
data\raw\public_v9\mlaad_tiny\fake\en\Cartesia.ai (Sonic-3)\jane_eyre_01_f000012.wav,1,1,0,1,0,mlaad::jane_eyre_01,MLAAD::Cartesia.ai (Sonic-3),mlaad_tiny_matched,mlaad_tiny_matched,mueller91/MLAAD-tiny,jane_eyre_01_f000012,mlaad_tiny::en::jane_eyre_01_f000012,,,none,,,,,,,none,val_b_unseen_generator,expanded_unseen,expanded_unseen,1,1,0,1,0,0.9994622140847768,0.9994622140847768,,False,True,2.8393125,0.7232841849327087,0.4498303830623626,0.7345426678657532,0.4454271793365478,0.9861963391304016,0.0551610440015792,0.7453765869140625,0.0251325536519289,not_applicable,0.7519042935881738,0.8061375936783292,0.4498303830623626,0.8055815249681473,0.03263967623934148,https://huggingface.co/datasets/mueller91/MLAAD-tiny,9143e5ea709575ebab6bec52840a1043aada7bb1,CC BY-NC 4.0,YES,YES_WITH_ATTRIBUTION_NONCOMMERCIAL,YES_NONCOMMERCIAL_ONLY,MLAAD-tiny-fake,c1953636c6e3fd41e490e59e2cc5ff9621520aeb5a50827e1c73615d7fa8f767,mlaad_tiny::en::jane_eyre_01_f000012,not_applicable,unseen_TTS_or_unknown,en,clean_or_unknown,voice_only,absent,Cartesia.ai (Sonic-3),voice_only,single_fake,none,not_partial_or_unknown,2-5,Cartesia.ai (Sonic-3),correct,correct,not_scored
data\raw\public_v9\mlaad_tiny\fake\en\DeepGram\dorothy_and_wizard_oz_03_f000061.wav,1,1,0,1,0,mlaad::dorothy_and_wizard_oz_03,MLAAD::DeepGram,mlaad_tiny_matched,mlaad_tiny_matched,mueller91/MLAAD-tiny,dorothy_and_wizard_oz_03_f000061,mlaad_tiny::en::dorothy_and_wizard_oz_03_f000061,,,none,,,,,,,none,val_b_unseen_generator,expanded_unseen,expanded_unseen,1,1,0,1,0,0.9967607090138778,0.9967607090138778,,False,True,8.56,0.7654205560684204,0.6985312700271606,0.7693389058113098,0.7081699371337891,0.9780973196029664,0.1088518276810646,0.7366688251495361,0.0308179780840873,not_applicable,0.8710804710249911,0.8348226019520576,0.6985312700271606,0.7970259487628937,0.050326440483331625,https://huggingface.co/datasets/mueller91/MLAAD-tiny,9143e5ea709575ebab6bec52840a1043aada7bb1,CC BY-NC 4.0,YES,YES_WITH_ATTRIBUTION_NONCOMMERCIAL,YES_NONCOMMERCIAL_ONLY,MLAAD-tiny-fake,92de3a8be3066bc4e6282e8ec2cdf27df36b03789fca701ebdac98607f423ae7,mlaad_tiny::en::dorothy_and_wizard_oz_03_f000061,not_applicable,unseen_TTS_or_unknown,en,clean_or_unknown,voice_only,absent,DeepGram,voice_only,single_fake,none,not_partial_or_unknown,5-10,DeepGram,correct,correct,not_scored
data\raw\public_v9\mlaad_tiny\fake\en\DeepGram\dorothy_and_wizard_oz_11_f000069.wav,1,1,0,1,0,mlaad::dorothy_and_wizard_oz_11,MLAAD::DeepGram,mlaad_tiny_matched,mlaad_tiny_matched,mueller91/MLAAD-tiny,dorothy_and_wizard_oz_11_f000069,mlaad_tiny::en::dorothy_and_wizard_oz_11_f000069,,,none,,,,,,,none,val_b_unseen_generator,expanded_unseen,expanded_unseen,1,1,0,1,0,0.8998352061018292,0.8998352061018292,,False,True,9.04,0.7534788250923157,0.303020179271698,0.7530412077903748,0.2938913106918335,0.9544986486434937,0.098592534661293,0.6879069805145264,0.0185964033007621,not_applicable,0.6572112738973879,0.7973857393951697,0.303020179271698,0.7545548975467682,0.03859543614089483,https://huggingface.co/datasets/mueller91/MLAAD-tiny,9143e5ea709575ebab6bec52840a1043aada7bb1,CC BY-NC 4.0,YES,YES_WITH_ATTRIBUTION_NONCOMMERCIAL,YES_NONCOMMERCIAL_ONLY,MLAAD-tiny-fake,17e374042bbbbd7c23658b573bae910f292683f6d789947cf72c31f8e6f80d9e,mlaad_tiny::en::dorothy_and_wizard_oz_11_f000069,not_applicable,unseen_TTS_or_unknown,en,clean_or_unknown,voice_only,absent,DeepGram,voice_only,single_fake,none,not_partial_or_unknown,5-10,DeepGram,correct,correct,not_scored
data\raw\public_v9\mlaad_tiny\fake\en\DeepGram\emerald_city_of_oz_10_f000012.wav,1,1,0,1,0,mlaad::emerald_city_of_oz_10,MLAAD::DeepGram,mlaad_tiny_matched,mlaad_tiny_matched,mueller91/MLAAD-tiny,emerald_city_of_oz_10_f000012,mlaad_tiny::en::emerald_city_of_oz_10_f000012,,,none,,,,,,,none,val_b_unseen_generator,expanded_unseen,expanded_unseen,1,1,0,1,0,0.1929353942601969,0.1929353942601969,,False,True,5.16,0.757781982421875,0.3053056597709656,0.7647491097450256,0.2994650602340698,0.9824655055999756,0.1775909066200256,0.6921812891960144,0.0281381644308567,not_applicable,0.42828841954741304,0.5883280059733715,0.3053056597709656,0.7647523432970047,0.06550134997814892,https://huggingface.co/datasets/mueller91/MLAAD-tiny,9143e5ea709575ebab6bec52840a1043aada7bb1,CC BY-NC 4.0,YES,YES_WITH_ATTRIBUTION_NONCOMMERCIAL,YES_NONCOMMERCIAL_ONLY,MLAAD-tiny-fake,889f79688d482b779072cfa50fb817646df434ae00d3c22d9d34db00819dd4a5,mlaad_tiny::en::emerald_city_of_oz_10_f000012,not_applicable,unseen_TTS_or_unknown,en,clean_or_unknown,voice_only,absent,DeepGram,voice_only,single_fake,none,not_partial_or_unknown,5-10,DeepGram,FN,FN,not_scored
data\raw\public_v9\mlaad_tiny\fake\en\DeepGram\emerald_city_of_oz_10_f000046.wav,1,1,0,1,0,mlaad::emerald_city_of_oz_10,MLAAD::DeepGram,mlaad_tiny_matched,mlaad_tiny_matched,mueller91/MLAAD-tiny,emerald_city_of_oz_10_f000046,mlaad_tiny::en::emerald_city_of_oz_10_f000046,,,none,,,,,,,none,val_b_unseen_generator,expanded_unseen,expanded_unseen,1,1,0,1,0,0.3608469317787904,0.3608469317787904,,False,True,6.44,0.7467849850654602,0.2653162777423858,0.7564482092857361,0.2560631036758423,0.9752150774002076,0.1455233246088028,0.7565012574195862,0.0293318629264831,not_applicable,0.45957452005995936,0.6310035690794592,0.2653162777423858,0.8111797124147415,0.05837972834706302,https://huggingface.co/datasets/mueller91/MLAAD-tiny,9143e5ea709575ebab6bec52840a1043aada7bb1,CC BY-NC 4.0,YES,YES_WITH_ATTRIBUTION_NONCOMMERCIAL,YES_NONCOMMERCIAL_ONLY,MLAAD-tiny-fake,d8123fbd596029ce4e691b868b5e2f0a21f5e1948f408510165b718fecc8b0a1,mlaad_tiny::en::emerald_city_of_oz_10_f000046,not_applicable,unseen_TTS_or_unknown,en,clean_or_unknown,voice_only,absent,DeepGram,voice_only,single_fake,none,not_partial_or_unknown,5-10,DeepGram,FN,FN,not_scored
data\raw\public_v9\mlaad_tiny\fake\en\DeepGram\emerald_city_of_oz_10_f000072.wav,1,1,0,1,0,mlaad::emerald_city_of_oz_10,MLAAD::DeepGram,mlaad_tiny_matched,mlaad_tiny_matched,mueller91/MLAAD-tiny,emerald_city_of_oz_10_f000072,mlaad_tiny::en::emerald_city_of_oz_10_f000072,,,none,,,,,,,none,val_b_unseen_generator,expanded_unseen,expanded_unseen,1,1,0,1,0,0.2670678021969809,0.2670678021969809,,False,True,1.32,0.6421647667884827,0.319532960653305,0.6686643362045288,0.2965487241744995,0.9662187695503236,0.0567573718726635,0.8667007684707642,0.0360088944435119,not_applicable,0.43294744036227173,0.5296356774110321,0.319532960653305,0.891580268740654,0.0411960138007998,https://huggingface.co/datasets/mueller91/MLAAD-tiny,9143e5ea709575ebab6bec52840a1043aada7bb1,CC BY-NC 4.0,YES,YES_WITH_ATTRIBUTION_NONCOMMERCIAL,YES_NONCOMMERCIAL_ONLY,MLAAD-tiny-fake,a4983b2aa591070622ea0a2a0cd48ee1ef029ca261cb7ff508db24ec69e07c68,mlaad_tiny::en::emerald_city_of_oz_10_f000072,not_applicable,unseen_TTS_or_unknown,en,clean_or_unknown,voice_only,absent,DeepGram,voice_only,single_fake,none,not_partial_or_unknown,<=2,DeepGram,FN,FN,not_scored
data\raw\public_v9\mlaad_tiny\fake\en\DeepGram\emerald_city_of_oz_14_f000041.wav,1,1,0,1,0,mlaad::emerald_city_of_oz_14,MLAAD::DeepGram,mlaad_tiny_matched,mlaad_tiny_matched,mueller91/MLAAD-tiny,emerald_city_of_oz_14_f000041,mlaad_tiny::en::emerald_city_of_oz_14_f000041,,,none,,,,,,,none,val_b_unseen_generator,expanded_unseen,expanded_unseen,1,1,0,1,0,0.0846217937475499,0.0846217937475499,,False,True,6.08,0.793695330619812,0.5460591912269592,0.7978471517562866,0.5596827864646912,0.987117350101471,0.1188816130161285,0.8245059847831726,0.0309649500995874,not_applicable,0.5347064935182827,0.5809732695581333,0.5460591912269592,0.8651588261127472,0.052944115828722674,https://huggingface.co/datasets/mueller91/MLAAD-tiny,9143e5ea709575ebab6bec52840a1043aada7bb1,CC BY-NC 4.0,YES,YES_WITH_ATTRIBUTION_NONCOMMERCIAL,YES_NONCOMMERCIAL_ONLY,MLAAD-tiny-fake,afbcbaeb8c5311fde9465e3f1c108d61e82c61ac6291f7261e1e2e850307f4c4,mlaad_tiny::en::emerald_city_of_oz_14_f000041,not_applicable,unseen_TTS_or_unknown,en,clean_or_unknown,voice_only,absent,DeepGram,voice_only,single_fake,none,not_partial_or_unknown,5-10,DeepGram,correct,FN,not_scored
data\raw\public_v9\mlaad_tiny\fake\en\DeepGram\emerald_city_of_oz_23_f000030.wav,1,1,0,1,0,mlaad::emerald_city_of_oz_23,MLAAD::DeepGram,mlaad_tiny_matched,mlaad_tiny_matched,mueller91/MLAAD-tiny,emerald_city_of_oz_23_f000030,mlaad_tiny::en::emerald_city_of_oz_23_f000030,,,none,,,,,,,none,val_b_unseen_generator,expanded_unseen,expanded_unseen,1,1,0,1,0,0.8687691204998144,0.8687691204998144,,False,True,4.0,0.7362594604492188,0.3007081151008606,0.7447121739387512,0.2951331436634063,0.9479970932006836,0.1456478238105774,0.7601567506790161,0.0286836922168731,not_applicable,0.6441299314824018,0.7760123584643974,0.3007081151008606,0.807116836309433,0.05792472511529917,https://huggingface.co/datasets/mueller91/MLAAD-tiny,9143e5ea709575ebab6bec52840a1043aada7bb1,CC BY-NC 4.0,YES,YES_WITH_ATTRIBUTION_NONCOMMERCIAL,YES_NONCOMMERCIAL_ONLY,MLAAD-tiny-fake,5a2662ff76555888a1b9d434f62d8350881fb2e4a50ad017a241175135104361,mlaad_tiny::en::emerald_city_of_oz_23_f000030,not_applicable,unseen_TTS_or_unknown,en,clean_or_unknown,voice_only,absent,DeepGram,voice_only,single_fake,none,not_partial_or_unknown,2-5,DeepGram,correct,correct,not_scored
data\raw\public_v9\mlaad_tiny\fake\en\DeepGram\emerald_city_of_oz_29_f000051.wav,1,1,0,1,0,mlaad::emerald_city_of_oz_29,MLAAD::DeepGram,mlaad_tiny_matched,mlaad_tiny_matched,mueller91/MLAAD-tiny,emerald_city_of_oz_29_f000051,mlaad_tiny::en::emerald_city_of_oz_29_f000051,,,none,,,,,,,none,val_b_unseen_generator,expanded_unseen,expanded_unseen,1,1,0,1,0,0.9794500145951672,0.9794500145951672,,False,True,8.28,0.7500254511833191,0.2132782340049743,0.750032901763916,0.2079640924930572,0.9378361701965332,0.2472086250782013,0.6964625120162964,0.0201935935765504,not_applicable,0.6444068773867382,0.8188528202068734,0.2132782340049743,0.7568059265613556,0.07694735145196313,https://huggingface.co/datasets/mueller91/MLAAD-tiny,9143e5ea709575ebab6bec52840a1043aada7bb1,CC BY-NC 4.0,YES,YES_WITH_ATTRIBUTION_NONCOMMERCIAL,YES_NONCOMMERCIAL_ONLY,MLAAD-tiny-fake,976ede7e13519638eeadaf2a8e313aba461375018d8205c26681b2e24b9c547a,mlaad_tiny::en::emerald_city_of_oz_29_f000051,not_applicable,unseen_TTS_or_unknown,en,clean_or_unknown,voice_only,absent,DeepGram,voice_only,single_fake,none,not_partial_or_unknown,5-10,DeepGram,correct,correct,not_scored
data\raw\public_v9\mlaad_tiny\fake\en\DeepGram\jane_eyre_03_f000165.wav,1,1,0,1,0,mlaad::jane_eyre_03,MLAAD::DeepGram,mlaad_tiny_matched,mlaad_tiny_matched,mueller91/MLAAD-tiny,jane_eyre_03_f000165,mlaad_tiny::en::jane_eyre_03_f000165,,,none,,,,,,,none,val_b_unseen_generator,expanded_unseen,expanded_unseen,1,1,0,1,0,0.9994767326766756,0.9994767326766756,,False,True,5.12,0.7436671853065491,0.7801963090896606,0.7512977123260498,0.786736249923706,0.9540066123008728,0.2022312730550766,0.7668173313140869,0.0184678584337234,not_applicable,0.9050923266531439,0.820410049517587,0.7801963090896606,0.8136146515607834,0.0644087120890617,https://huggingface.co/datasets/mueller91/MLAAD-tiny,9143e5ea709575ebab6bec52840a1043aada7bb1,CC BY-NC 4.0,YES,YES_WITH_ATTRIBUTION_NONCOMMERCIAL,YES_NONCOMMERCIAL_ONLY,MLAAD-tiny-fake,1439af4cf703c95c8634a02021045526744bc8e6f0acb4dc13bfe697b41d3b3d,mlaad_tiny::en::jane_eyre_03_f000165,not_applicable,unseen_TTS_or_unknown,en,clean_or_unknown,voice_only,absent,DeepGram,voice_only,single_fake,none,not_partial_or_unknown,5-10,DeepGram,correct,correct,not_scored
data\raw\public_v9\mlaad_tiny\fake\en\DeepGram\jane_eyre_03_f000179.wav,1,1,0,1,0,mlaad::jane_eyre_03,MLAAD::DeepGram,mlaad_tiny_matched,mlaad_tiny_matched,mueller91/MLAAD-tiny,jane_eyre_03_f000179,mlaad_tiny::en::jane_eyre_03_f000179,,,none,,,,,,,none,val_b_unseen_generator,expanded_unseen,expanded_unseen,1,1,0,1,0,0.9985383571018908,0.9985383571018908,,False,True,10.28,0.7763250470161438,0.708297848701477,0.7649732232093811,0.7165411710739136,0.9613302946090698,0.1504636108875274,0.7215102910995483,0.0247114803642034,not_applicable,0.8761623653792278,0.8429890400418678,0.708297848701477,0.7814652919769287,0.0561495129950344,https://huggingface.co/datasets/mueller91/MLAAD-tiny,9143e5ea709575ebab6bec52840a1043aada7bb1,CC BY-NC 4.0,YES,YES_WITH_ATTRIBUTION_NONCOMMERCIAL,YES_NONCOMMERCIAL_ONLY,MLAAD-tiny-fake,b12a0901cfcda2c3d3a71e54b7878f35705c0d2242f61762ef6291a34c6d72c1,mlaad_tiny::en::jane_eyre_03_f000179,not_applicable,unseen_TTS_or_unknown,en,clean_or_unknown,voice_only,absent,DeepGram,voice_only,single_fake,none,not_partial_or_unknown,10-20,DeepGram,correct,correct,not_scored
data\raw\public_v9\mlaad_tiny\fake\en\Edge-TTS\emerald_city_of_oz_06_f000048.wav,1,1,0,1,0,mlaad::emerald_city_of_oz_06,MLAAD::Edge-TTS,mlaad_tiny_matched,mlaad_tiny_matched,mueller91/MLAAD-tiny,emerald_city_of_oz_06_f000048,mlaad_tiny::en::emerald_city_of_oz_06_f000048,,,none,,,,,,,none,val_b_unseen_generator,expanded_unseen,expanded_unseen,1,1,0,1,0,0.9971267828940378,0.9971267828940378,,False,True,11.3520625,0.7606581449508667,0.2650644183158874,0.7611874341964722,0.2602208852767944,0.9589176177978516,0.1611599177122116,0.7091241478919983,0.0198743492364883,not_applicable,0.6754529974514905,0.831598736333818,0.2650644183158874,0.7715725153684616,0.05519574135541913,https://huggingface.co/datasets/mueller91/MLAAD-tiny,9143e5ea709575ebab6bec52840a1043aada7bb1,CC BY-NC 4.0,YES,YES_WITH_ATTRIBUTION_NONCOMMERCIAL,YES_NONCOMMERCIAL_ONLY,MLAAD-tiny-fake,24615e556ee2ad0b62f97ef5857a822553b019d74a1e7f3f343e2f5130a484f2,mlaad_tiny::en::emerald_city_of_oz_06_f000048,not_applicable,unseen_TTS_or_unknown,en,clean_or_unknown,voice_only,absent,Edge-TTS,voice_only,single_fake,none,not_partial_or_unknown,10-20,Edge-TTS,correct,correct,not_scored
data\raw\public_v9\mlaad_tiny\fake\en\Edge-TTS\emerald_city_of_oz_12_f000118.wav,1,1,0,1,0,mlaad::emerald_city_of_oz_12,MLAAD::Edge-TTS,mlaad_tiny_matched,mlaad_tiny_matched,mueller91/MLAAD-tiny,emerald_city_of_oz_12_f000118,mlaad_tiny::en::emerald_city_of_oz_12_f000118,,,none,,,,,,,none,val_b_unseen_generator,expanded_unseen,expanded_unseen,1,1,0,1,0,0.9991113110706316,0.9991113110706316,,False,True,6.0,0.8178790807723999,0.4286051988601684,0.822502076625824,0.4315131902694702,0.990508794784546,0.0569157488644123,0.693698525428772,0.0182170569896698,not_applicable,0.7592216240556935,0.8722487498618694,0.4286051988601684,0.7679010927677155,0.027891729958355427,https://huggingface.co/datasets/mueller91/MLAAD-tiny,9143e5ea709575ebab6bec52840a1043aada7bb1,CC BY-NC 4.0,YES,YES_WITH_ATTRIBUTION_NONCOMMERCIAL,YES_NONCOMMERCIAL_ONLY,MLAAD-tiny-fake,54a3fa79131ac5d6b12045045fb2006ce71b7b1bf226ad3d2c27f807c91b1867,mlaad_tiny::en::emerald_city_of_oz_12_f000118,not_applicable,unseen_TTS_or_unknown,en,clean_or_unknown,voice_only,absent,Edge-TTS,voice_only,single_fake,none,not_partial_or_unknown,5-10,Edge-TTS,correct,correct,not_scored
data\raw\public_v9\mlaad_tiny\fake\en\Edge-TTS\emerald_city_of_oz_19_f000080.wav,1,1,0,1,0,mlaad::emerald_city_of_oz_19,MLAAD::Edge-TTS,mlaad_tiny_matched,mlaad_tiny_matched,mueller91/MLAAD-tiny,emerald_city_of_oz_19_f000080,mlaad_tiny::en::emerald_city_of_oz_19_f000080,,,none,,,,,,,none,val_b_unseen_generator,expanded_unseen,expanded_unseen,1,1,0,1,0,0.999422713522769,0.999422713522769,,False,True,8.4480625,0.8200035095214844,0.4809213280677795,0.8156840205192566,0.4886751472949981,0.9925702810287476,0.0494444593787193,0.7042032480239868,0.0147197265177965,not_applicable,0.7835491581449122,0.8738292707218698,0.4809213280677795,0.776295006275177,0.0234009097330272,https://huggingface.co/datasets/mueller91/MLAAD-tiny,9143e5ea709575ebab6bec52840a1043aada7bb1,CC BY-NC 4.0,YES,YES_WITH_ATTRIBUTION_NONCOMMERCIAL,YES_NONCOMMERCIAL_ONLY,MLAAD-tiny-fake,c28bde7943e8a83cde3827fd2c9a739bc5f7f9e63ab48bf8c85aa50e81557ab4,mlaad_tiny::en::emerald_city_of_oz_19_f000080,not_applicable,unseen_TTS_or_unknown,en,clean_or_unknown,voice_only,absent,Edge-TTS,voice_only,single_fake,none,not_partial_or_unknown,5-10,Edge-TTS,correct,correct,not_scored
data\raw\public_v9\mlaad_tiny\fake\en\Edge-TTS\emerald_city_of_oz_23_f000060.wav,1,1,0,1,0,mlaad::emerald_city_of_oz_23,MLAAD::Edge-TTS,mlaad_tiny_matched,mlaad_tiny_matched,mueller91/MLAAD-tiny,emerald_city_of_oz_23_f000060,mlaad_tiny::en::emerald_city_of_oz_23_f000060,,,none,,,,,,,none,val_b_unseen_generator,expanded_unseen,expanded_unseen,1,1,0,1,0,0.9997574547644478,0.9997574547644478,,False,True,7.4160625,0.7550045847892761,0.43431156873703,0.7596118450164795,0.439187616109848,0.9481279850006104,0.0907964259386062,0.677808403968811,0.0217243693768978,not_applicable,0.7532391277404931,0.8284304457818277,0.43431156873703,0.7453882992267609,0.038992383517324904,https://huggingface.co/datasets/mueller91/MLAAD-tiny,9143e5ea709575ebab6bec52840a1043aada7bb1,CC BY-NC 4.0,YES,YES_WITH_ATTRIBUTION_NONCOMMERCIAL,YES_NONCOMMERCIAL_ONLY,MLAAD-tiny-fake,f1b0bfce59578d59c96b37e84e6d5a87a4bb0b0e7a1d44e3e7afe9de4336487f,mlaad_tiny::en::emerald_city_of_oz_23_f000060,not_applicable,unseen_TTS_or_unknown,en,clean_or_unknown,voice_only,absent,Edge-TTS,voice_only,single_fake,none,not_partial_or_unknown,5-10,Edge-TTS,correct,correct,not_scored
data\raw\public_v9\mlaad_tiny\fake\en\Edge-TTS\hunters_space_13_f000101.wav,1,1,0,1,0,mlaad::hunters_space_13,MLAAD::Edge-TTS,mlaad_tiny_matched,mlaad_tiny_matched,mueller91/MLAAD-tiny,hunters_space_13_f000101,mlaad_tiny::en::hunters_space_13_f000101,,,none,,,,,,,none,val_b_unseen_generator,expanded_unseen,expanded_unseen,1,1,0,1,0,0.987619657182214,0.987619657182214,,False,True,9.24,0.7981157898902893,0.5703153610229492,0.798274040222168,0.5853041410446167,0.981924533843994,0.0647168457508087,0.6639038324356079,0.0174822025001049,not_applicable,0.81802453955146,0.8549669500778667,0.5703153610229492,0.7434090077877045,0.02929086331278085,https://huggingface.co/datasets/mueller91/MLAAD-tiny,9143e5ea709575ebab6bec52840a1043aada7bb1,CC BY-NC 4.0,YES,YES_WITH_ATTRIBUTION_NONCOMMERCIAL,YES_NONCOMMERCIAL_ONLY,MLAAD-tiny-fake,1326db1161b98f394b619eced970c7c9119b6dcfba3ad06ab3a73a614526fa2d,mlaad_tiny::en::hunters_space_13_f000101,not_applicable,unseen_TTS_or_unknown,en,clean_or_unknown,voice_only,absent,Edge-TTS,voice_only,single_fake,none,not_partial_or_unknown,5-10,Edge-TTS,correct,correct,not_scored
data\raw\public_v9\mlaad_tiny\fake\en\Edge-TTS\jane_eyre_02_f000096.wav,1,1,0,1,0,mlaad::jane_eyre_02,MLAAD::Edge-TTS,mlaad_tiny_matched,mlaad_tiny_matched,mueller91/MLAAD-tiny,jane_eyre_02_f000096,mlaad_tiny::en::jane_eyre_02_f000096,,,none,,,,,,,none,val_b_unseen_generator,expanded_unseen,expanded_unseen,1,1,0,1,0,0.9997811243923728,0.9997811243923728,,False,True,6.1440625,0.7656503915786743,0.2708707749843597,0.768319308757782,0.2684040367603302,0.9419680833816528,0.1760496348142624,0.6660082340240479,0.0231085233390331,not_applicable,0.6807251647180965,0.8358896114227837,0.2708707749843597,0.7349981963634491,0.06134380120784042,https://huggingface.co/datasets/mueller91/MLAAD-tiny,9143e5ea709575ebab6bec52840a1043aada7bb1,CC BY-NC 4.0,YES,YES_WITH_ATTRIBUTION_NONCOMMERCIAL,YES_NONCOMMERCIAL_ONLY,MLAAD-tiny-fake,0097dbb5bc8c01ecebcb54914de7e4c82ba29886616a62ee4edf09ebf5616ef1,mlaad_tiny::en::jane_eyre_02_f000096,not_applicable,unseen_TTS_or_unknown,en,clean_or_unknown,voice_only,absent,Edge-TTS,voice_only,single_fake,none,not_partial_or_unknown,5-10,Edge-TTS,correct,correct,not_scored
data\raw\public_v9\mlaad_tiny\fake\en\Edge-TTS\jane_eyre_04_f000070.wav,1,1,0,1,0,mlaad::jane_eyre_04,MLAAD::Edge-TTS,mlaad_tiny_matched,mlaad_tiny_matched,mueller91/MLAAD-tiny,jane_eyre_04_f000070,mlaad_tiny::en::jane_eyre_04_f000070,,,none,,,,,,,none,val_b_unseen_generator,expanded_unseen,expanded_unseen,1,1,0,1,0,0.9997613228124456,0.9997613228124456,,False,True,5.52,0.7669748663902283,0.3442299365997314,0.7673650979995728,0.3440752923488617,0.9424790143966676,0.087919034063816,0.7515537738800049,0.0244125947356224,not_applicable,0.7138380941382646,0.8368108033168935,0.3442299365997314,0.7992850840091705,0.040289204567670794,https://huggingface.co/datasets/mueller91/MLAAD-tiny,9143e5ea709575ebab6bec52840a1043aada7bb1,CC BY-NC 4.0,YES,YES_WITH_ATTRIBUTION_NONCOMMERCIAL,YES_NONCOMMERCIAL_ONLY,MLAAD-tiny-fake,83d2120853009336914cdd699b92ed41b33dfd2d6e9fc232bcb8a5483a8190b9,mlaad_tiny::en::jane_eyre_04_f000070,not_applicable,unseen_TTS_or_unknown,en,clean_or_unknown,voice_only,absent,Edge-TTS,voice_only,single_fake,none,not_partial_or_unknown,5-10,Edge-TTS,correct,correct,not_scored
data\raw\public_v9\mlaad_tiny\fake\en\Edge-TTS\jane_eyre_08_f000086.wav,1,1,0,1,0,mlaad::jane_eyre_08,MLAAD::Edge-TTS,mlaad_tiny_matched,mlaad_tiny_matched,mueller91/MLAAD-tiny,jane_eyre_08_f000086,mlaad_tiny::en::jane_eyre_08_f000086,,,none,,,,,,,none,val_b_unseen_generator,expanded_unseen,expanded_unseen,1,1,0,1,0,0.9973136343492114,0.9973136343492114,,False,True,11.2080625,0.784760057926178,0.5175601840019226,0.7771850824356079,0.5291853547096252,0.9692593812942504,0.062154971063137,0.6765792369842529,0.0178063474595546,not_applicable,0.795369032018505,0.8485261308530879,0.5175601840019226,0.7497492730617523,0.0288935033604502,https://huggingface.co/datasets/mueller91/MLAAD-tiny,9143e5ea709575ebab6bec52840a1043aada7bb1,CC BY-NC 4.0,YES,YES_WITH_ATTRIBUTION_NONCOMMERCIAL,YES_NONCOMMERCIAL_ONLY,MLAAD-tiny-fake,b413267ace886df259f6b58925b8ae2e60baf3dd004a9899266d468b2d862723,mlaad_tiny::en::jane_eyre_08_f000086,not_applicable,unseen_TTS_or_unknown,en,clean_or_unknown,voice_only,absent,Edge-TTS,voice_only,single_fake,none,not_partial_or_unknown,10-20,Edge-TTS,correct,correct,not_scored
data\raw\public_v9\mlaad_tiny\fake\en\Edge-TTS\jane_eyre_12_f000050.wav,1,1,0,1,0,mlaad::jane_eyre_12,MLAAD::Edge-TTS,mlaad_tiny_matched,mlaad_tiny_matched,mueller91/MLAAD-tiny,jane_eyre_12_f000050,mlaad_tiny::en::jane_eyre_12_f000050,,,none,,,,,,,none,val_b_unseen_generator,expanded_unseen,expanded_unseen,1,1,0,1,0,0.9994220564552382,0.9994220564552382,,False,True,9.1920625,0.8189399242401123,0.533221423625946,0.8106959462165833,0.5476769208908081,0.9822317957878112,0.0829456821084022,0.6626635193824768,0.018988013267517,not_applicable,0.8080188319801828,0.87308456390465,0.533221423625946,0.7425555884838104,0.0349774304777383,https://huggingface.co/datasets/mueller91/MLAAD-tiny,9143e5ea709575ebab6bec52840a1043aada7bb1,CC BY-NC 4.0,YES,YES_WITH_ATTRIBUTION_NONCOMMERCIAL,YES_NONCOMMERCIAL_ONLY,MLAAD-tiny-fake,d31f75fd2bf4c80723a89c01b07ff865d4fabe88a506cae48fd96199a802f0e4,mlaad_tiny::en::jane_eyre_12_f000050,not_applicable,unseen_TTS_or_unknown,en,clean_or_unknown,voice_only,absent,Edge-TTS,voice_only,single_fake,none,not_partial_or_unknown,5-10,Edge-TTS,correct,correct,not_scored
data\raw\public_v9\mlaad_tiny\fake\en\Edge-TTS\jane_eyre_12_f000061.wav,1,1,0,1,0,mlaad::jane_eyre_12,MLAAD::Edge-TTS,mlaad_tiny_matched,mlaad_tiny_matched,mueller91/MLAAD-tiny,jane_eyre_12_f000061,mlaad_tiny::en::jane_eyre_12_f000061,,,none,,,,,,,none,val_b_unseen_generator,expanded_unseen,expanded_unseen,1,1,0,1,0,0.9989944639231216,0.9989944639231216,,False,True,3.4080625,0.7243993878364563,0.5121178030967712,0.7370251417160034,0.5163028240203857,0.980323076248169,0.044526632875204,0.7352922558784485,0.0149289546534419,not_applicable,0.7830110684498377,0.806777910662456,0.5121178030967712,0.7965499609708786,0.022328374208882427,https://huggingface.co/datasets/mueller91/MLAAD-tiny,9143e5ea709575ebab6bec52840a1043aada7bb1,CC BY-NC 4.0,YES,YES_WITH_ATTRIBUTION_NONCOMMERCIAL,YES_NONCOMMERCIAL_ONLY,MLAAD-tiny-fake,e603800fe3dcee5a723ffae4cc5dae4ea0eb2cb7f45d821489fdc288e20f86ae,mlaad_tiny::en::jane_eyre_12_f000061,not_applicable,unseen_TTS_or_unknown,en,clean_or_unknown,voice_only,absent,Edge-TTS,voice_only,single_fake,none,not_partial_or_unknown,2-5,Edge-TTS,correct,correct,not_scored
"data\raw\public_v9\mlaad_tiny\fake\en\Resemble.ai (April 12th, 2025)\dorothy_and_wizard_oz_01_f000032.wav",1,1,0,1,0,mlaad::dorothy_and_wizard_oz_01,"MLAAD::Resemble.ai (April 12th, 2025)",mlaad_tiny_matched,mlaad_tiny_matched,mueller91/MLAAD-tiny,dorothy_and_wizard_oz_01_f000032,mlaad_tiny::en::dorothy_and_wizard_oz_01_f000032,,,none,,,,,,,none,val_b_unseen_generator,expanded_unseen,expanded_unseen,1,1,0,1,0,0.999489799712084,0.999489799712084,,False,True,2.4875625,0.6974354982376099,0.5498183369636536,0.7180967926979065,0.5482458472251892,0.9851564168930054,0.0446534156799316,0.7562645077705383,0.0319122076034545,not_applicable,0.7946839432938526,0.7880517886799521,0.5498183369636536,0.8134874850511551,0.03509750962257377,https://huggingface.co/datasets/mueller91/MLAAD-tiny,9143e5ea709575ebab6bec52840a1043aada7bb1,CC BY-NC 4.0,YES,YES_WITH_ATTRIBUTION_NONCOMMERCIAL,YES_NONCOMMERCIAL_ONLY,MLAAD-tiny-fake,b13976e32be880636adc16550a8906c1fcd5b306052f08ca62b06a91727455d2,mlaad_tiny::en::dorothy_and_wizard_oz_01_f000032,not_applicable,unseen_TTS_or_unknown,en,clean_or_unknown,voice_only,absent,"Resemble.ai (April 12th, 2025)",voice_only,single_fake,none,not_partial_or_unknown,2-5,"Resemble.ai (April 12th, 2025)",correct,correct,not_scored
"data\raw\public_v9\mlaad_tiny\fake\en\Resemble.ai (April 12th, 2025)\dorothy_and_wizard_oz_02_f000008.wav",1,1,0,1,0,mlaad::dorothy_and_wizard_oz_02,"MLAAD::Resemble.ai (April 12th, 2025)",mlaad_tiny_matched,mlaad_tiny_matched,mueller91/MLAAD-tiny,dorothy_and_wizard_oz_02_f000008,mlaad_tiny::en::dorothy_and_wizard_oz_02_f000008,,,none,,,,,,,none,val_b_unseen_generator,expanded_unseen,expanded_unseen,1,1,0,1,0,0.6874267507469399,0.6874267507469399,,False,True,7.9,0.7945410013198853,0.1638262122869491,0.7968136072158813,0.1593441516160965,0.9823299050331116,0.2913942337036133,0.7115538120269775,0.0205636583268642,not_applicable,0.5321097691432826,0.7624067261480016,0.1638262122869491,0.779247835278511,0.08827130217105147,https://huggingface.co/datasets/mueller91/MLAAD-tiny,9143e5ea709575ebab6bec52840a1043aada7bb1,CC BY-NC 4.0,YES,YES_WITH_ATTRIBUTION_NONCOMMERCIAL,YES_NONCOMMERCIAL_ONLY,MLAAD-tiny-fake,284d6f852b57f9d19b1baefae84921b7c9edc38f7d6617804d812601171babe1,mlaad_tiny::en::dorothy_and_wizard_oz_02_f000008,not_applicable,unseen_TTS_or_unknown,en,clean_or_unknown,voice_only,absent,"Resemble.ai (April 12th, 2025)",voice_only,single_fake,none,not_partial_or_unknown,5-10,"Resemble.ai (April 12th, 2025)",correct,correct,not_scored
"data\raw\public_v9\mlaad_tiny\fake\en\Resemble.ai (April 12th, 2025)\dorothy_and_wizard_oz_05_f000066.wav",1,1,0,1,0,mlaad::dorothy_and_wizard_oz_05,"MLAAD::Resemble.ai (April 12th, 2025)",mlaad_tiny_matched,mlaad_tiny_matched,mueller91/MLAAD-tiny,dorothy_and_wizard_oz_05_f000066,mlaad_tiny::en::dorothy_and_wizard_oz_05_f000066,,,none,,,,,,,none,val_b_unseen_generator,expanded_unseen,expanded_unseen,1,1,0,1,0,0.9842178611135716,0.9842178611135716,,False,True,8.9125625,0.7779874801635742,0.5055210590362549,0.7642546892166138,0.5062630772590637,0.991255521774292,0.0587395802140235,0.6371462345123291,0.0194442253559827,not_applicable,0.781207791158268,0.8398565944485734,0.5055210590362549,0.7256735563278198,0.0292680640704929,https://huggingface.co/datasets/mueller91/MLAAD-tiny,9143e5ea709575ebab6bec52840a1043aada7bb1,CC BY-NC 4.0,YES,YES_WITH_ATTRIBUTION_NONCOMMERCIAL,YES_NONCOMMERCIAL_ONLY,MLAAD-tiny-fake,22150100c623c6614ff257368e2b0fc7ccd4d09f247bc6d7e0eea5d2233137d1,mlaad_tiny::en::dorothy_and_wizard_oz_05_f000066,not_applicable,unseen_TTS_or_unknown,en,clean_or_unknown,voice_only,absent,"Resemble.ai (April 12th, 2025)",voice_only,single_fake,none,not_partial_or_unknown,5-10,"Resemble.ai (April 12th, 2025)",correct,correct,not_scored
"data\raw\public_v9\mlaad_tiny\fake\en\Resemble.ai (April 12th, 2025)\dorothy_and_wizard_oz_06_f000025.wav",1,1,0,1,0,mlaad::dorothy_and_wizard_oz_06,"MLAAD::Resemble.ai (April 12th, 2025)",mlaad_tiny_matched,mlaad_tiny_matched,mueller91/MLAAD-tiny,dorothy_and_wizard_oz_06_f000025,mlaad_tiny::en::dorothy_and_wizard_oz_06_f000025,,,none,,,,,,,none,val_b_unseen_generator,expanded_unseen,expanded_unseen,1,1,0,1,0,0.9996845336183988,0.9996845336183988,,False,True,12.8750625,0.7835877537727356,0.4495028257369995,0.7769945859909058,0.4546373784542084,0.9663683176040648,0.0747936069965362,0.7323638200759888,0.0234577693045139,not_applicable,0.764117851566563,0.8484167877264346,0.4495028257369995,0.7908649444580078,0.03629172872751947,https://huggingface.co/datasets/mueller91/MLAAD-tiny,9143e5ea709575ebab6bec52840a1043aada7bb1,CC BY-NC 4.0,YES,YES_WITH_ATTRIBUTION_NONCOMMERCIAL,YES_NONCOMMERCIAL_ONLY,MLAAD-tiny-fake,6bb3404248258befc80244653cafd4b7c87dedd9fe31e9e0f7c8c52c312fda7f,mlaad_tiny::en::dorothy_and_wizard_oz_06_f000025,not_applicable,unseen_TTS_or_unknown,en,clean_or_unknown,voice_only,absent,"Resemble.ai (April 12th, 2025)",voice_only,single_fake,none,not_partial_or_unknown,10-20,"Resemble.ai (April 12th, 2025)",correct,correct,not_scored
"data\raw\public_v9\mlaad_tiny\fake\en\Resemble.ai (April 12th, 2025)\dorothy_and_wizard_oz_09_f000035.wav",1,1,0,1,0,mlaad::dorothy_and_wizard_oz_09,"MLAAD::Resemble.ai (April 12th, 2025)",mlaad_tiny_matched,mlaad_tiny_matched,mueller91/MLAAD-tiny,dorothy_and_wizard_oz_09_f000035,mlaad_tiny::en::dorothy_and_wizard_oz_09_f000035,,,none,,,,,,,none,val_b_unseen_generator,expanded_unseen,expanded_unseen,1,1,0,1,0,0.9455346195401996,0.9455346195401996,,False,True,5.7,0.8300641179084778,0.5370218753814697,0.8355283737182617,0.5499849915504456,0.9962252378463744,0.069720447063446,0.6277902722358704,0.0136500746011734,not_applicable,0.7941385888010181,0.8647052683979943,0.5370218753814697,0.7198990136384964,0.027667667716741548,https://huggingface.co/datasets/mueller91/MLAAD-tiny,9143e5ea709575ebab6bec52840a1043aada7bb1,CC BY-NC 4.0,YES,YES_WITH_ATTRIBUTION_NONCOMMERCIAL,YES_NONCOMMERCIAL_ONLY,MLAAD-tiny-fake,7c2bcf9dc3e4a1bb19eca67451a5fda1ae92a3058ff12b74846033a2d153c45a,mlaad_tiny::en::dorothy_and_wizard_oz_09_f000035,not_applicable,unseen_TTS_or_unknown,en,clean_or_unknown,voice_only,absent,"Resemble.ai (April 12th, 2025)",voice_only,single_fake,none,not_partial_or_unknown,5-10,"Resemble.ai (April 12th, 2025)",correct,correct,not_scored
"data\raw\public_v9\mlaad_tiny\fake\en\Resemble.ai (April 12th, 2025)\emerald_city_of_oz_07_f000009.wav",1,1,0,1,0,mlaad::emerald_city_of_oz_07,"MLAAD::Resemble.ai (April 12th, 2025)",mlaad_tiny_matched,mlaad_tiny_matched,mueller91/MLAAD-tiny,emerald_city_of_oz_07_f000009,mlaad_tiny::en::emerald_city_of_oz_07_f000009,,,none,,,,,,,none,val_b_unseen_generator,expanded_unseen,expanded_unseen,1,1,0,1,0,0.994812296803086,0.994812296803086,,False,True,12.7250625,0.7797183990478516,0.4556068181991577,0.7806776762008667,0.4547650814056396,0.990431785583496,0.0823433771729469,0.61419677734375,0.0129477037116885,not_applicable,0.7624433148957432,0.8442465683744218,0.4556068181991577,0.7082555294036865,0.0302966220770031,https://huggingface.co/datasets/mueller91/MLAAD-tiny,9143e5ea709575ebab6bec52840a1043aada7bb1,CC BY-NC 4.0,YES,YES_WITH_ATTRIBUTION_NONCOMMERCIAL,YES_NONCOMMERCIAL_ONLY,MLAAD-tiny-fake,b8b74bddd15c39592309ff176a8dd8bea8020b7a1e9a553a2cd9e538d935a833,mlaad_tiny::en::emerald_city_of_oz_07_f000009,not_applicable,unseen_TTS_or_unknown,en,clean_or_unknown,voice_only,absent,"Resemble.ai (April 12th, 2025)",voice_only,single_fake,none,not_partial_or_unknown,10-20,"Resemble.ai (April 12th, 2025)",correct,correct,not_scored
"data\raw\public_v9\mlaad_tiny\fake\en\Resemble.ai (April 12th, 2025)\emerald_city_of_oz_21_f000090.wav",1,1,0,1,0,mlaad::emerald_city_of_oz_21,"MLAAD::Resemble.ai (April 12th, 2025)",mlaad_tiny_matched,mlaad_tiny_matched,mueller91/MLAAD-tiny,emerald_city_of_oz_21_f000090,mlaad_tiny::en::emerald_city_of_oz_21_f000090,,,none,,,,,,,none,val_b_unseen_generator,expanded_unseen,expanded_unseen,1,1,0,1,0,0.9992462900883544,0.9992462900883544,,False,True,2.4500625,0.714401364326477,0.4863609671592712,0.7368589639663696,0.4809654057025909,0.9917094111442566,0.0322956033051013,0.7901530861854553,0.0330310054123401,not_applicable,0.7666227126525836,0.7998548420550402,0.4863609671592712,0.8405421674251556,0.0328471548855304,https://huggingface.co/datasets/mueller91/MLAAD-tiny,9143e5ea709575ebab6bec52840a1043aada7bb1,CC BY-NC 4.0,YES,YES_WITH_ATTRIBUTION_NONCOMMERCIAL,YES_NONCOMMERCIAL_ONLY,MLAAD-tiny-fake,a0a0cca495e2ac89bafd4d0f5df19b6487201c1349a309111d499fb4394735ca,mlaad_tiny::en::emerald_city_of_oz_21_f000090,not_applicable,unseen_TTS_or_unknown,en,clean_or_unknown,voice_only,absent,"Resemble.ai (April 12th, 2025)",voice_only,single_fake,none,not_partial_or_unknown,2-5,"Resemble.ai (April 12th, 2025)",correct,correct,not_scored
"data\raw\public_v9\mlaad_tiny\fake\en\Resemble.ai (April 12th, 2025)\hunters_space_07_f000104.wav",1,1,0,1,0,mlaad::hunters_space_07,"MLAAD::Resemble.ai (April 12th, 2025)",mlaad_tiny_matched,mlaad_tiny_matched,mueller91/MLAAD-tiny,hunters_space_07_f000104,mlaad_tiny::en::hunters_space_07_f000104,,,none,,,,,,,none,val_b_unseen_generator,expanded_unseen,expanded_unseen,1,1,0,1,0,0.9996547921367674,0.9996547921367674,,False,True,11.3500625,0.7474062442779541,0.6404529809951782,0.7517051100730896,0.6509426832199097,0.9798306226730348,0.067814327776432,0.673708975315094,0.0126528544351458,not_applicable,0.8451631662942276,0.8230808086355981,0.6404529809951782,0.7502393871545792,0.02644322277046735,https://huggingface.co/datasets/mueller91/MLAAD-tiny,9143e5ea709575ebab6bec52840a1043aada7bb1,CC BY-NC 4.0,YES,YES_WITH_ATTRIBUTION_NONCOMMERCIAL,YES_NONCOMMERCIAL_ONLY,MLAAD-tiny-fake,009a7ba09f32678133c2ac0f6f151460cdc48b6036c70f4d3819c8ef218e8c9b,mlaad_tiny::en::hunters_space_07_f000104,not_applicable,unseen_TTS_or_unknown,en,clean_or_unknown,voice_only,absent,"Resemble.ai (April 12th, 2025)",voice_only,single_fake,none,not_partial_or_unknown,10-20,"Resemble.ai (April 12th, 2025)",correct,correct,not_scored
"data\raw\public_v9\mlaad_tiny\fake\en\Resemble.ai (April 12th, 2025)\hunters_space_10_f000046.wav",1,1,0,1,0,mlaad::hunters_space_10,"MLAAD::Resemble.ai (April 12th, 2025)",mlaad_tiny_matched,mlaad_tiny_matched,mueller91/MLAAD-tiny,hunters_space_10_f000046,mlaad_tiny::en::hunters_space_10_f000046,,,none,,,,,,,none,val_b_unseen_generator,expanded_unseen,expanded_unseen,1,1,0,1,0,0.9860967761313012,0.9860967761313012,,False,True,6.8250625,0.7899999618530273,0.4264106452465057,0.7987662553787231,0.4264929592609405,0.9912926554679872,0.0520861856639385,0.7152581214904785,0.0173967871814966,not_applicable,0.7489427764453265,0.8488290061365095,0.4264106452465057,0.7842667549848557,0.026069136802107075,https://huggingface.co/datasets/mueller91/MLAAD-tiny,9143e5ea709575ebab6bec52840a1043aada7bb1,CC BY-NC 4.0,YES,YES_WITH_ATTRIBUTION_NONCOMMERCIAL,YES_NONCOMMERCIAL_ONLY,MLAAD-tiny-fake,7ae3be7abfa5fa48fdae36363064c2b3fc5f73d9f6d1bed4fe8662b09c2c27aa,mlaad_tiny::en::hunters_space_10_f000046,not_applicable,unseen_TTS_or_unknown,en,clean_or_unknown,voice_only,absent,"Resemble.ai (April 12th, 2025)",voice_only,single_fake,none,not_partial_or_unknown,5-10,"Resemble.ai (April 12th, 2025)",correct,correct,not_scored
"data\raw\public_v9\mlaad_tiny\fake\en\Resemble.ai (April 12th, 2025)\jane_eyre_01_f000063.wav",1,1,0,1,0,mlaad::jane_eyre_01,"MLAAD::Resemble.ai (April 12th, 2025)",mlaad_tiny_matched,mlaad_tiny_matched,mueller91/MLAAD-tiny,jane_eyre_01_f000063,mlaad_tiny::en::jane_eyre_01_f000063,,,none,,,,,,,none,val_b_unseen_generator,expanded_unseen,expanded_unseen,1,1,0,1,0,0.9751872194880712,0.9751872194880712,,False,True,5.3750625,0.7922347784042358,0.5820271968841553,0.7966676950454712,0.5917404294013977,0.9783899784088136,0.1073675826191902,0.6000426411628723,0.014618239365518,not_applicable,0.816737165146533,0.8471205107293864,0.5820271968841553,0.6946294754743576,0.037805575178936054,https://huggingface.co/datasets/mueller91/MLAAD-tiny,9143e5ea709575ebab6bec52840a1043aada7bb1,CC BY-NC 4.0,YES,YES_WITH_ATTRIBUTION_NONCOMMERCIAL,YES_NONCOMMERCIAL_ONLY,MLAAD-tiny-fake,e8cfd3631b527445fd1751d939544b276567dcbcea0d42801b2082972bb65713,mlaad_tiny::en::jane_eyre_01_f000063,not_applicable,unseen_TTS_or_unknown,en,clean_or_unknown,voice_only,absent,"Resemble.ai (April 12th, 2025)",voice_only,single_fake,none,not_partial_or_unknown,5-10,"Resemble.ai (April 12th, 2025)",correct,correct,not_scored
data\raw\public_v9\mlaad_tiny\original\en\dorothy_and_wizard_oz_01_f000032.wav,0,0,0,1,0,mlaad::dorothy_and_wizard_oz_01,MLAAD_original,mlaad_tiny_matched,mlaad_tiny_matched,mueller91/MLAAD-tiny,dorothy_and_wizard_oz_01_f000032,mlaad_tiny::en::dorothy_and_wizard_oz_01_f000032,,,none,,,,,,,none,val_b_unseen_generator,expanded_unseen,expanded_unseen,0,0,0,1,0,0.0101251627898767,0.0101251627898767,,False,True,3.049875,0.6881359815597534,0.4060624539852142,0.7123429775238037,0.3953541219234466,0.988917589187622,0.0633324235677719,0.8374123573303223,0.0299666356295347,not_applicable,0.41102537103218406,0.48473273592879035,0.4060624539852142,0.8752886652946472,0.038308082614094005,https://huggingface.co/datasets/mueller91/MLAAD-tiny,9143e5ea709575ebab6bec52840a1043aada7bb1,M-AILABS original corpus license (see MLAAD LICENSE),YES,YES_WITH_NOTICE,NO_FOR_ORIGINAL_SUBSET,MLAAD-tiny-original,c835418a7c9d6ab0633c47545ebfd5dc9eb30a2eaaa3115a294f924a15d06fcc,mlaad_tiny::en::dorothy_and_wizard_oz_01_f000032,not_applicable,real_speech,en,clean_or_unknown,voice_only,absent,MLAAD_original,voice_only,single_real,none,not_partial_or_unknown,2-5,MLAAD_original,correct,correct,not_scored
data\raw\public_v9\mlaad_tiny\original\en\dorothy_and_wizard_oz_02_f000008.wav,0,0,0,1,0,mlaad::dorothy_and_wizard_oz_02,MLAAD_original,mlaad_tiny_matched,mlaad_tiny_matched,mueller91/MLAAD-tiny,dorothy_and_wizard_oz_02_f000008,mlaad_tiny::en::dorothy_and_wizard_oz_02_f000008,,,none,,,,,,,none,val_b_unseen_generator,expanded_unseen,expanded_unseen,0,0,0,1,0,0.0245489144643682,0.0245489144643682,,False,True,9.049875,0.7825624942779541,0.5029741525650024,0.7820658683776855,0.5060901045799255,0.9778958559036256,0.2208654135465622,0.8126450777053833,0.0324622355401515,not_applicable,0.4880093566681102,0.5551584203338783,0.5029741525650024,0.8539577722549438,0.07956303004175418,https://huggingface.co/datasets/mueller91/MLAAD-tiny,9143e5ea709575ebab6bec52840a1043aada7bb1,M-AILABS original corpus license (see MLAAD LICENSE),YES,YES_WITH_NOTICE,NO_FOR_ORIGINAL_SUBSET,MLAAD-tiny-original,a285894c800c8c672fbd9c3df20ac54e6d3500ed92d6aa77148d0d3e39595f1f,mlaad_tiny::en::dorothy_and_wizard_oz_02_f000008,not_applicable,real_speech,en,clean_or_unknown,voice_only,absent,MLAAD_original,voice_only,single_real,none,not_partial_or_unknown,5-10,MLAAD_original,FP,correct,not_scored
data\raw\public_v9\mlaad_tiny\original\en\dorothy_and_wizard_oz_03_f000061.wav,0,0,0,1,0,mlaad::dorothy_and_wizard_oz_03,MLAAD_original,mlaad_tiny_matched,mlaad_tiny_matched,mueller91/MLAAD-tiny,dorothy_and_wizard_oz_03_f000061,mlaad_tiny::en::dorothy_and_wizard_oz_03_f000061,,,none,,,,,,,none,val_b_unseen_generator,expanded_unseen,expanded_unseen,0,0,0,1,0,0.0155869723326567,0.0155869723326567,,False,True,9.769875,0.798317015171051,0.4874622225761413,0.7902404069900513,0.4978014826774597,0.9795082807540894,0.1235980987548828,0.8046457171440125,0.0304425917565822,not_applicable,0.48167588768762865,0.5634980023195326,0.4874622225761413,0.8483613580465317,0.05373146850615735,https://huggingface.co/datasets/mueller91/MLAAD-tiny,9143e5ea709575ebab6bec52840a1043aada7bb1,M-AILABS original corpus license (see MLAAD LICENSE),YES,YES_WITH_NOTICE,NO_FOR_ORIGINAL_SUBSET,MLAAD-tiny-original,a63473854f8275fdd85cc81d4830a4b6e78f6d19e1141466539425336f5ef1d9,mlaad_tiny::en::dorothy_and_wizard_oz_03_f000061,not_applicable,real_speech,en,clean_or_unknown,voice_only,absent,MLAAD_original,voice_only,single_real,none,not_partial_or_unknown,5-10,MLAAD_original,FP,correct,not_scored
data\raw\public_v9\mlaad_tiny\original\en\dorothy_and_wizard_oz_05_f000066.wav,0,0,0,1,0,mlaad::dorothy_and_wizard_oz_05,MLAAD_original,mlaad_tiny_matched,mlaad_tiny_matched,mueller91/MLAAD-tiny,dorothy_and_wizard_oz_05_f000066,mlaad_tiny::en::dorothy_and_wizard_oz_05_f000066,,,none,,,,,,,none,val_b_unseen_generator,expanded_unseen,expanded_unseen,0,0,0,1,0,0.0199448744325063,0.0199448744325063,,False,True,8.489875,0.7404507398605347,0.4184733033180237,0.7463863492012024,0.4185937643051147,0.9767869114875792,0.1698015928268432,0.734331488609314,0.0243794731795787,not_applicable,0.4332215642348474,0.5242989802321262,0.4184733033180237,0.7949453443288803,0.06073500309139483,https://huggingface.co/datasets/mueller91/MLAAD-tiny,9143e5ea709575ebab6bec52840a1043aada7bb1,M-AILABS original corpus license (see MLAAD LICENSE),YES,YES_WITH_NOTICE,NO_FOR_ORIGINAL_SUBSET,MLAAD-tiny-original,8477d674ce4484cae1976d20728b0f4bb0b7faa865b9c79ecc24fd3d01dc046c,mlaad_tiny::en::dorothy_and_wizard_oz_05_f000066,not_applicable,real_speech,en,clean_or_unknown,voice_only,absent,MLAAD_original,voice_only,single_real,none,not_partial_or_unknown,5-10,MLAAD_original,correct,correct,not_scored
data\raw\public_v9\mlaad_tiny\original\en\dorothy_and_wizard_oz_06_f000025.wav,0,0,0,1,0,mlaad::dorothy_and_wizard_oz_06,MLAAD_original,mlaad_tiny_matched,mlaad_tiny_matched,mueller91/MLAAD-tiny,dorothy_and_wizard_oz_06_f000025,mlaad_tiny::en::dorothy_and_wizard_oz_06_f000025,,,none,,,,,,,none,val_b_unseen_generator,expanded_unseen,expanded_unseen,0,0,0,1,0,0.0050834797024852,0.0050834797024852,,False,True,13.439875,0.7573379874229431,0.5040842890739441,0.7489432096481323,0.5067571997642517,0.963680386543274,0.2343324869871139,0.7067683935165405,0.0256996378302574,not_applicable,0.47920868739473255,0.5316616351068058,0.5040842890739441,0.7709963917732239,0.07785785011947152,https://huggingface.co/datasets/mueller91/MLAAD-tiny,9143e5ea709575ebab6bec52840a1043aada7bb1,M-AILABS original corpus license (see MLAAD LICENSE),YES,YES_WITH_NOTICE,NO_FOR_ORIGINAL_SUBSET,MLAAD-tiny-original,0c914d74e06921b2b350476b19e1e9ca2728ac9d09931e860385e25719f37c9a,mlaad_tiny::en::dorothy_and_wizard_oz_06_f000025,not_applicable,real_speech,en,clean_or_unknown,voice_only,absent,MLAAD_original,voice_only,single_real,none,not_partial_or_unknown,10-20,MLAAD_original,FP,correct,not_scored
data\raw\public_v9\mlaad_tiny\original\en\dorothy_and_wizard_oz_06_f000040.wav,0,0,0,1,0,mlaad::dorothy_and_wizard_oz_06,MLAAD_original,mlaad_tiny_matched,mlaad_tiny_matched,mueller91/MLAAD-tiny,dorothy_and_wizard_oz_06_f000040,mlaad_tiny::en::dorothy_and_wizard_oz_06_f000040,,,none,,,,,,,none,val_b_unseen_generator,expanded_unseen,expanded_unseen,0,0,0,1,0,0.0155484060192795,0.0155484060192795,,False,True,11.919875,0.7583352327346802,0.32576984167099,0.760212779045105,0.328538179397583,0.9703155755996704,0.2653577029705047,0.8496427536010742,0.0197165794670581,not_applicable,0.38464624694260785,0.5354991847200599,0.32576984167099,0.8798109591007233,0.08112686034291974,https://huggingface.co/datasets/mueller91/MLAAD-tiny,9143e5ea709575ebab6bec52840a1043aada7bb1,M-AILABS original corpus license (see MLAAD LICENSE),YES,YES_WITH_NOTICE,NO_FOR_ORIGINAL_SUBSET,MLAAD-tiny-original,e17736077ec8d69fb11a976a1de6ef5c4c9183a3d84daf158dfe40213d540456,mlaad_tiny::en::dorothy_and_wizard_oz_06_f000040,not_applicable,real_speech,en,clean_or_unknown,voice_only,absent,MLAAD_original,voice_only,single_real,none,not_partial_or_unknown,10-20,MLAAD_original,correct,correct,not_scored
data\raw\public_v9\mlaad_tiny\original\en\dorothy_and_wizard_oz_09_f000035.wav,0,0,0,1,0,mlaad::dorothy_and_wizard_oz_09,MLAAD_original,mlaad_tiny_matched,mlaad_tiny_matched,mueller91/MLAAD-tiny,dorothy_and_wizard_oz_09_f000035,mlaad_tiny::en::dorothy_and_wizard_oz_09_f000035,,,none,,,,,,,none,val_b_unseen_generator,expanded_unseen,expanded_unseen,0,0,0,1,0,0.0053201402613253,0.0053201402613253,,False,True,5.939875,0.7758980393409729,0.4428759813308716,0.780120849609375,0.4496330618858337,0.9773916006088256,0.1842089295387268,0.7426844835281372,0.0220165103673934,not_applicable,0.4498256251485759,0.5447246696170785,0.4428759813308716,0.8013612627983093,0.06256461516022675,https://huggingface.co/datasets/mueller91/MLAAD-tiny,9143e5ea709575ebab6bec52840a1043aada7bb1,M-AILABS original corpus license (see MLAAD LICENSE),YES,YES_WITH_NOTICE,NO_FOR_ORIGINAL_SUBSET,MLAAD-tiny-original,3264d8e788f992cac1875b935fec19e9283b4590b05629927b96ce3e94c91e30,mlaad_tiny::en::dorothy_and_wizard_oz_09_f000035,not_applicable,real_speech,en,clean_or_unknown,voice_only,absent,MLAAD_original,voice_only,single_real,none,not_partial_or_unknown,5-10,MLAAD_original,correct,correct,not_scored
data\raw\public_v9\mlaad_tiny\original\en\dorothy_and_wizard_oz_11_f000069.wav,0,0,0,1,0,mlaad::dorothy_and_wizard_oz_11,MLAAD_original,mlaad_tiny_matched,mlaad_tiny_matched,mueller91/MLAAD-tiny,dorothy_and_wizard_oz_11_f000069,mlaad_tiny::en::dorothy_and_wizard_oz_11_f000069,,,none,,,,,,,none,val_b_unseen_generator,expanded_unseen,expanded_unseen,0,0,0,1,0,0.00402868202424,0.00402868202424,,False,True,9.929875,0.7998700141906738,0.5284251570701599,0.7728093266487122,0.5351210236549377,0.982309341430664,0.1472118496894836,0.7318257093429565,0.0300814546644687,not_applicable,0.4990653448813033,0.5611176145407436,0.5284251570701599,0.7944466173648834,0.05936405342072242,https://huggingface.co/datasets/mueller91/MLAAD-tiny,9143e5ea709575ebab6bec52840a1043aada7bb1,M-AILABS original corpus license (see MLAAD LICENSE),YES,YES_WITH_NOTICE,NO_FOR_ORIGINAL_SUBSET,MLAAD-tiny-original,79867fd33185f59959a75473b0a962f84316661b0118b2c55ffcc17e726a1402,mlaad_tiny::en::dorothy_and_wizard_oz_11_f000069,not_applicable,real_speech,en,clean_or_unknown,voice_only,absent,MLAAD_original,voice_only,single_real,none,not_partial_or_unknown,5-10,MLAAD_original,FP,correct,not_scored
data\raw\public_v9\mlaad_tiny\original\en\dorothy_and_wizard_oz_12_f000027.wav,0,0,0,1,0,mlaad::dorothy_and_wizard_oz_12,MLAAD_original,mlaad_tiny_matched,mlaad_tiny_matched,mueller91/MLAAD-tiny,dorothy_and_wizard_oz_12_f000027,mlaad_tiny::en::dorothy_and_wizard_oz_12_f000027,,,none,,,,,,,none,val_b_unseen_generator,expanded_unseen,expanded_unseen,0,0,0,1,0,0.0057357247006147,0.0057357247006147,,False,True,9.399875,0.7943646311759949,0.5957534313201904,0.7982547283172607,0.6027219295501709,0.9839494228363036,0.2206018269062042,0.8134771585464478,0.0341627895832061,not_applicable,0.5354168231061079,0.5577759592333807,0.5957534313201904,0.8560952246189117,0.08077254891395563,https://huggingface.co/datasets/mueller91/MLAAD-tiny,9143e5ea709575ebab6bec52840a1043aada7bb1,M-AILABS original corpus license (see MLAAD LICENSE),YES,YES_WITH_NOTICE,NO_FOR_ORIGINAL_SUBSET,MLAAD-tiny-original,d1066c6cdd7122c62e1d10c9bdad18e216b31f6c671fa61c78352a56c2111933,mlaad_tiny::en::dorothy_and_wizard_oz_12_f000027,not_applicable,real_speech,en,clean_or_unknown,voice_only,absent,MLAAD_original,voice_only,single_real,none,not_partial_or_unknown,5-10,MLAAD_original,FP,correct,not_scored
data\raw\public_v9\mlaad_tiny\original\en\emerald_city_of_oz_06_f000048.wav,0,0,0,1,0,mlaad::emerald_city_of_oz_06,MLAAD_original,mlaad_tiny_matched,mlaad_tiny_matched,mueller91/MLAAD-tiny,emerald_city_of_oz_06_f000048,mlaad_tiny::en::emerald_city_of_oz_06_f000048,,,none,,,,,,,none,val_b_unseen_generator,expanded_unseen,expanded_unseen,0,0,0,1,0,0.1568268712191428,0.1568268712191428,,False,True,12.029875,0.7481587529182434,0.6106393337249756,0.7506639957427979,0.6179124116897583,0.9628838300704956,0.1204174607992172,0.7745632529258728,0.0200482178479433,not_applicable,0.58325031404081,0.5707591884085131,0.6106393337249756,0.8216433972120285,0.04514052858576177,https://huggingface.co/datasets/mueller91/MLAAD-tiny,9143e5ea709575ebab6bec52840a1043aada7bb1,M-AILABS original corpus license (see MLAAD LICENSE),YES,YES_WITH_NOTICE,NO_FOR_ORIGINAL_SUBSET,MLAAD-tiny-original,57a82913a8b87b006290aa4407b730299f9032bb53f6be250fe1d35d9df4ee1b,mlaad_tiny::en::emerald_city_of_oz_06_f000048,not_applicable,real_speech,en,clean_or_unknown,voice_only,absent,MLAAD_original,voice_only,single_real,none,not_partial_or_unknown,10-20,MLAAD_original,FP,correct,not_scored
data\raw\public_v9\mlaad_tiny\original\en\emerald_city_of_oz_07_f000009.wav,0,0,0,1,0,mlaad::emerald_city_of_oz_07,MLAAD_original,mlaad_tiny_matched,mlaad_tiny_matched,mueller91/MLAAD-tiny,emerald_city_of_oz_07_f000009,mlaad_tiny::en::emerald_city_of_oz_07_f000009,,,none,,,,,,,none,val_b_unseen_generator,expanded_unseen,expanded_unseen,0,0,0,1,0,0.0069244945792917,0.0069244945792917,,False,True,10.729875,0.7537521123886108,0.548250675201416,0.7577202320098877,0.5497329235076904,0.9644672870635986,0.1346694082021713,0.8391165733337402,0.0203203838318586,not_applicable,0.5032099779899277,0.529703827045815,0.548250675201416,0.8704542517662048,0.04890763992443677,https://huggingface.co/datasets/mueller91/MLAAD-tiny,9143e5ea709575ebab6bec52840a1043aada7bb1,M-AILABS original corpus license (see MLAAD LICENSE),YES,YES_WITH_NOTICE,NO_FOR_ORIGINAL_SUBSET,MLAAD-tiny-original,75aea993a27837e0dc888619c2142aa523ee351a817dfc0ecac2b1ff6aa56452,mlaad_tiny::en::emerald_city_of_oz_07_f000009,not_applicable,real_speech,en,clean_or_unknown,voice_only,absent,MLAAD_original,voice_only,single_real,none,not_partial_or_unknown,10-20,MLAAD_original,FP,correct,not_scored
data\raw\public_v9\mlaad_tiny\original\en\emerald_city_of_oz_09_f000109.wav,0,0,0,1,0,mlaad::emerald_city_of_oz_09,MLAAD_original,mlaad_tiny_matched,mlaad_tiny_matched,mueller91/MLAAD-tiny,emerald_city_of_oz_09_f000109,mlaad_tiny::en::emerald_city_of_oz_09_f000109,,,none,,,,,,,none,val_b_unseen_generator,expanded_unseen,expanded_unseen,0,0,0,1,0,0.0078347440963267,0.0078347440963267,,False,True,6.689875,0.7544392943382263,0.7150498628616333,0.7633676528930664,0.7228730320930481,0.9575968980789183,0.1273565739393234,0.789434552192688,0.0352168083190918,not_applicable,0.5978625440159808,0.5304579292656564,0.7150498628616333,0.8314751386642456,0.0582517497241497,https://huggingface.co/datasets/mueller91/MLAAD-tiny,9143e5ea709575ebab6bec52840a1043aada7bb1,M-AILABS original corpus license (see MLAAD LICENSE),YES,YES_WITH_NOTICE,NO_FOR_ORIGINAL_SUBSET,MLAAD-tiny-original,26cb9ad54c53f68d0db517316d5559d298e7408eb684212ed8f3f8aeabc783ab,mlaad_tiny::en::emerald_city_of_oz_09_f000109,not_applicable,real_speech,en,clean_or_unknown,voice_only,absent,MLAAD_original,voice_only,single_real,none,not_partial_or_unknown,5-10,MLAAD_original,FP,correct,not_scored
data\raw\public_v9\mlaad_tiny\original\en\emerald_city_of_oz_10_f000012.wav,0,0,0,1,0,mlaad::emerald_city_of_oz_10,MLAAD_original,mlaad_tiny_matched,mlaad_tiny_matched,mueller91/MLAAD-tiny,emerald_city_of_oz_10_f000012,mlaad_tiny::en::emerald_city_of_oz_10_f000012,,,none,,,,,,,none,val_b_unseen_generator,expanded_unseen,expanded_unseen,0,0,0,1,0,0.0041203255533367,0.0041203255533367,,False,True,5.539875,0.7886149883270264,0.5789334774017334,0.7911787033081055,0.5923898220062256,0.9677616357803344,0.1495424509048462,0.6737909317016602,0.0208398103713989,not_applicable,0.5276370832569794,0.5532665894949194,0.5789334774017334,0.7472836077213287,0.05301547050476073,https://huggingface.co/datasets/mueller91/MLAAD-tiny,9143e5ea709575ebab6bec52840a1043aada7bb1,M-AILABS original corpus license (see MLAAD LICENSE),YES,YES_WITH_NOTICE,NO_FOR_ORIGINAL_SUBSET,MLAAD-tiny-original,058a55fc3be7c7c47dde1cd368b4c4f0c58f5a1d461e94e350fe5874eef0e2b5,mlaad_tiny::en::emerald_city_of_oz_10_f000012,not_applicable,real_speech,en,clean_or_unknown,voice_only,absent,MLAAD_original,voice_only,single_real,none,not_partial_or_unknown,5-10,MLAAD_original,FP,correct,not_scored
data\raw\public_v9\mlaad_tiny\original\en\emerald_city_of_oz_10_f000046.wav,0,0,0,1,0,mlaad::emerald_city_of_oz_10,MLAAD_original,mlaad_tiny_matched,mlaad_tiny_matched,mueller91/MLAAD-tiny,emerald_city_of_oz_10_f000046,mlaad_tiny::en::emerald_city_of_oz_10_f000046,,,none,,,,,,,none,val_b_unseen_generator,expanded_unseen,expanded_unseen,0,0,0,1,0,0.0046835337870293,0.0046835337870293,,False,True,7.172875,0.7798556089401245,0.5939674377441406,0.7844961285591125,0.6057262420654297,0.9726129770278932,0.1219193339347839,0.7868865728378296,0.0201045665889978,not_applicable,0.5343897283485267,0.5473039863941959,0.5939674377441406,0.8333181738853455,0.04555825842544432,https://huggingface.co/datasets/mueller91/MLAAD-tiny,9143e5ea709575ebab6bec52840a1043aada7bb1,M-AILABS original corpus license (see MLAAD LICENSE),YES,YES_WITH_NOTICE,NO_FOR_ORIGINAL_SUBSET,MLAAD-tiny-original,d2cf928fa0a1d471d934fc0526efd9ac9c368fb1fb9f97d44ae47611762ae782,mlaad_tiny::en::emerald_city_of_oz_10_f000046,not_applicable,real_speech,en,clean_or_unknown,voice_only,absent,MLAAD_original,voice_only,single_real,none,not_partial_or_unknown,5-10,MLAAD_original,FP,correct,not_scored
data\raw\public_v9\mlaad_tiny\original\en\emerald_city_of_oz_10_f000072.wav,0,0,0,1,0,mlaad::emerald_city_of_oz_10,MLAAD_original,mlaad_tiny_matched,mlaad_tiny_matched,mueller91/MLAAD-tiny,emerald_city_of_oz_10_f000072,mlaad_tiny::en::emerald_city_of_oz_10_f000072,,,none,,,,,,,none,val_b_unseen_generator,expanded_unseen,expanded_unseen,0,0,0,1,0,0.0054850109389277,0.0054850109389277,,False,True,2.259875,0.6731685996055603,0.4876419603824615,0.7032513618469238,0.4797134399414062,0.9859905242919922,0.054881565272808,0.6077472567558289,0.0487352572381496,not_applicable,0.4549828132263487,0.47286352300557044,0.4876419603824615,0.7023080736398697,0.0502718342468142,https://huggingface.co/datasets/mueller91/MLAAD-tiny,9143e5ea709575ebab6bec52840a1043aada7bb1,M-AILABS original corpus license (see MLAAD LICENSE),YES,YES_WITH_NOTICE,NO_FOR_ORIGINAL_SUBSET,MLAAD-tiny-original,93589df318d438e525695b7e4e10680dd16b132906215f8c83cff2216138def4,mlaad_tiny::en::emerald_city_of_oz_10_f000072,not_applicable,real_speech,en,clean_or_unknown,voice_only,absent,MLAAD_original,voice_only,single_real,none,not_partial_or_unknown,2-5,MLAAD_original,correct,correct,not_scored
data\raw\public_v9\mlaad_tiny\original\en\emerald_city_of_oz_10_f000117.wav,0,0,0,1,0,mlaad::emerald_city_of_oz_10,MLAAD_original,mlaad_tiny_matched,mlaad_tiny_matched,mueller91/MLAAD-tiny,emerald_city_of_oz_10_f000117,mlaad_tiny::en::emerald_city_of_oz_10_f000117,,,none,,,,,,,none,val_b_unseen_generator,expanded_unseen,expanded_unseen,0,0,0,1,0,0.013941167234073,0.013941167234073,,False,True,10.639875,0.7876410484313965,0.5640182495117188,0.7767350673675537,0.5675878524780273,0.9671543836593628,0.2014511972665786,0.8150395154953003,0.0240862797945737,not_applicable,0.5186631104863417,0.5555310840721994,0.5640182495117188,0.8530682325363159,0.06842750916257492,https://huggingface.co/datasets/mueller91/MLAAD-tiny,9143e5ea709575ebab6bec52840a1043aada7bb1,M-AILABS original corpus license (see MLAAD LICENSE),YES,YES_WITH_NOTICE,NO_FOR_ORIGINAL_SUBSET,MLAAD-tiny-original,c7ebd83e8e9bc0ac89d3d9e440d12707af460d40b381e19b71e562e75bbbf8c9,mlaad_tiny::en::emerald_city_of_oz_10_f000117,not_applicable,real_speech,en,clean_or_unknown,voice_only,absent,MLAAD_original,voice_only,single_real,none,not_partial_or_unknown,10-20,MLAAD_original,FP,correct,not_scored
data\raw\public_v9\mlaad_tiny\original\en\emerald_city_of_oz_12_f000086.wav,0,0,0,1,0,mlaad::emerald_city_of_oz_12,MLAAD_original,mlaad_tiny_matched,mlaad_tiny_matched,mueller91/MLAAD-tiny,emerald_city_of_oz_12_f000086,mlaad_tiny::en::emerald_city_of_oz_12_f000086,,,none,,,,,,,none,val_b_unseen_generator,expanded_unseen,expanded_unseen,0,0,0,1,0,0.011813354221363,0.011813354221363,,False,True,9.949875,0.7907341122627258,0.5439668893814087,0.7858594655990601,0.5565184950828552,0.979443371295929,0.1328413486480713,0.7748387455940247,0.020048689097166,not_applicable,0.5108991727380283,0.5570578848503169,0.5439668893814087,0.8259899020195007,0.04824685398489232,https://huggingface.co/datasets/mueller91/MLAAD-tiny,9143e5ea709575ebab6bec52840a1043aada7bb1,M-AILABS original corpus license (see MLAAD LICENSE),YES,YES_WITH_NOTICE,NO_FOR_ORIGINAL_SUBSET,MLAAD-tiny-original,e98c0d7aa1bf8d1ed68572eec9243f3c0a6948338b75ee1392c667fac1314024,mlaad_tiny::en::emerald_city_of_oz_12_f000086,not_applicable,real_speech,en,clean_or_unknown,voice_only,absent,MLAAD_original,voice_only,single_real,none,not_partial_or_unknown,5-10,MLAAD_original,FP,correct,not_scored
data\raw\public_v9\mlaad_tiny\original\en\emerald_city_of_oz_12_f000118.wav,0,0,0,1,0,mlaad::emerald_city_of_oz_12,MLAAD_original,mlaad_tiny_matched,mlaad_tiny_matched,mueller91/MLAAD-tiny,emerald_city_of_oz_12_f000118,mlaad_tiny::en::emerald_city_of_oz_12_f000118,,,none,,,,,,,none,val_b_unseen_generator,expanded_unseen,expanded_unseen,0,0,0,1,0,0.0067100020282822,0.0067100020282822,,False,True,5.869875,0.8031328916549683,0.5479989647865295,0.8053639531135559,0.5638494491577148,0.9855839014053344,0.1023721471428871,0.6721700429916382,0.0182592868804931,not_applicable,0.5142537959617911,0.5642060247669624,0.5479989647865295,0.7505235075950623,0.0392875019460916,https://huggingface.co/datasets/mueller91/MLAAD-tiny,9143e5ea709575ebab6bec52840a1043aada7bb1,M-AILABS original corpus license (see MLAAD LICENSE),YES,YES_WITH_NOTICE,NO_FOR_ORIGINAL_SUBSET,MLAAD-tiny-original,648685c85968a723b32441a4adff92166018a4dcd379ccf568e13f608cb3b234,mlaad_tiny::en::emerald_city_of_oz_12_f000118,not_applicable,real_speech,en,clean_or_unknown,voice_only,absent,MLAAD_original,voice_only,single_real,none,not_partial_or_unknown,5-10,MLAAD_original,FP,correct,not_scored
data\raw\public_v9\mlaad_tiny\original\en\emerald_city_of_oz_14_f000041.wav,0,0,0,1,0,mlaad::emerald_city_of_oz_14,MLAAD_original,mlaad_tiny_matched,mlaad_tiny_matched,mueller91/MLAAD-tiny,emerald_city_of_oz_14_f000041,mlaad_tiny::en::emerald_city_of_oz_14_f000041,,,none,,,,,,,none,val_b_unseen_generator,expanded_unseen,expanded_unseen,0,0,0,1,0,0.0121320393658207,0.0121320393658207,,False,True,7.619875,0.7743709087371826,0.5375454425811768,0.7804331183433533,0.5478547215461731,0.9810354113578796,0.1490863710641861,0.8005805611610413,0.0205817595124244,not_applicable,0.5046934854579482,0.5456992479257741,0.5375454425811768,0.8456942737102509,0.05270791240036482,https://huggingface.co/datasets/mueller91/MLAAD-tiny,9143e5ea709575ebab6bec52840a1043aada7bb1,M-AILABS original corpus license (see MLAAD LICENSE),YES,YES_WITH_NOTICE,NO_FOR_ORIGINAL_SUBSET,MLAAD-tiny-original,6e583f87043a83263a9053a1bcee0d352b130c086dca8cddac5706a0db4a50f1,mlaad_tiny::en::emerald_city_of_oz_14_f000041,not_applicable,real_speech,en,clean_or_unknown,voice_only,absent,MLAAD_original,voice_only,single_real,none,not_partial_or_unknown,5-10,MLAAD_original,FP,correct,not_scored
data\raw\public_v9\mlaad_tiny\original\en\emerald_city_of_oz_19_f000080.wav,0,0,0,1,0,mlaad::emerald_city_of_oz_19,MLAAD_original,mlaad_tiny_matched,mlaad_tiny_matched,mueller91/MLAAD-tiny,emerald_city_of_oz_19_f000080,mlaad_tiny::en::emerald_city_of_oz_19_f000080,,,none,,,,,,,none,val_b_unseen_generator,expanded_unseen,expanded_unseen,0,0,0,1,0,0.0119875311466859,0.0119875311466859,,False,True,9.559875,0.8130899667739868,0.5324388742446899,0.8115079998970032,0.5450210571289062,0.9904415607452391,0.1043524071574211,0.6685138940811157,0.0236889384686946,not_applicable,0.5074693395059049,0.5727592360857965,0.5324388742446899,0.7489958107471466,0.043854805640876224,https://huggingface.co/datasets/mueller91/MLAAD-tiny,9143e5ea709575ebab6bec52840a1043aada7bb1,M-AILABS original corpus license (see MLAAD LICENSE),YES,YES_WITH_NOTICE,NO_FOR_ORIGINAL_SUBSET,MLAAD-tiny-original,6cf653a8b00193462ae62c3f37334cf2ebf429552896bf80f6dce5139b3a75bd,mlaad_tiny::en::emerald_city_of_oz_19_f000080,not_applicable,real_speech,en,clean_or_unknown,voice_only,absent,MLAAD_original,voice_only,single_real,none,not_partial_or_unknown,5-10,MLAAD_original,FP,correct,not_scored
data\raw\public_v9\mlaad_tiny\original\en\emerald_city_of_oz_21_f000090.wav,0,0,0,1,0,mlaad::emerald_city_of_oz_21,MLAAD_original,mlaad_tiny_matched,mlaad_tiny_matched,mueller91/MLAAD-tiny,emerald_city_of_oz_21_f000090,mlaad_tiny::en::emerald_city_of_oz_21_f000090,,,none,,,,,,,none,val_b_unseen_generator,expanded_unseen,expanded_unseen,0,0,0,1,0,0.0059215981118731,0.0059215981118731,,False,True,2.259875,0.6854302883148193,0.4612050056457519,0.712585985660553,0.4511257708072662,0.9897550940513612,0.0463846214115619,0.7938543558120728,0.0356234349310398,not_applicable,0.4409063072174798,0.4815776812539354,0.4612050056457519,0.8428295403718948,0.03831373155117032,https://huggingface.co/datasets/mueller91/MLAAD-tiny,9143e5ea709575ebab6bec52840a1043aada7bb1,M-AILABS original corpus license (see MLAAD LICENSE),YES,YES_WITH_NOTICE,NO_FOR_ORIGINAL_SUBSET,MLAAD-tiny-original,c337048d04d9f594da7859de7ea287a6bcf90c29461c9f0e2b0ecc037dbf44c3,mlaad_tiny::en::emerald_city_of_oz_21_f000090,not_applicable,real_speech,en,clean_or_unknown,voice_only,absent,MLAAD_original,voice_only,single_real,none,not_partial_or_unknown,2-5,MLAAD_original,correct,correct,not_scored
data\raw\public_v9\mlaad_tiny\original\en\emerald_city_of_oz_22_f000076.wav,0,0,0,1,0,mlaad::emerald_city_of_oz_22,MLAAD_original,mlaad_tiny_matched,mlaad_tiny_matched,mueller91/MLAAD-tiny,emerald_city_of_oz_22_f000076,mlaad_tiny::en::emerald_city_of_oz_22_f000076,,,none,,,,,,,none,val_b_unseen_generator,expanded_unseen,expanded_unseen,0,0,0,1,0,0.0080876398893091,0.0080876398893091,,False,True,6.339875,0.774107813835144,0.5408115386962891,0.7755928039550781,0.5477040410041809,0.9623754024505616,0.1730942279100418,0.8149359226226807,0.0320837721228599,not_applicable,0.5039416605166045,0.5443017616513935,0.5408115386962891,0.8517957925796509,0.06733638606965538,https://huggingface.co/datasets/mueller91/MLAAD-tiny,9143e5ea709575ebab6bec52840a1043aada7bb1,M-AILABS original corpus license (see MLAAD LICENSE),YES,YES_WITH_NOTICE,NO_FOR_ORIGINAL_SUBSET,MLAAD-tiny-original,f51cf322498cad388378bf981ec57f1bc8b4d35705e7f76116f7c4e000eef26a,mlaad_tiny::en::emerald_city_of_oz_22_f000076,not_applicable,real_speech,en,clean_or_unknown,voice_only,absent,MLAAD_original,voice_only,single_real,none,not_partial_or_unknown,5-10,MLAAD_original,FP,correct,not_scored
data\raw\public_v9\mlaad_tiny\original\en\emerald_city_of_oz_23_f000030.wav,0,0,0,1,0,mlaad::emerald_city_of_oz_23,MLAAD_original,mlaad_tiny_matched,mlaad_tiny_matched,mueller91/MLAAD-tiny,emerald_city_of_oz_23_f000030,mlaad_tiny::en::emerald_city_of_oz_23_f000030,,,none,,,,,,,none,val_b_unseen_generator,expanded_unseen,expanded_unseen,0,0,0,1,0,0.0053688696571661,0.0053688696571661,,False,True,4.769875,0.7571626305580139,0.4934569895267486,0.7664609551429749,0.4965930581092834,0.9805169701576232,0.2112638503313064,0.7567576169967651,0.0143586164340376,not_applicable,0.4735949887141232,0.5316245022877595,0.4934569895267486,0.8126974552869797,0.0635849249083548,https://huggingface.co/datasets/mueller91/MLAAD-tiny,9143e5ea709575ebab6bec52840a1043aada7bb1,M-AILABS original corpus license (see MLAAD LICENSE),YES,YES_WITH_NOTICE,NO_FOR_ORIGINAL_SUBSET,MLAAD-tiny-original,2be7b830381f096b30ab4c7213a0e55686515c252e0b425584540d20e1b684de,mlaad_tiny::en::emerald_city_of_oz_23_f000030,not_applicable,real_speech,en,clean_or_unknown,voice_only,absent,MLAAD_original,voice_only,single_real,none,not_partial_or_unknown,2-5,MLAAD_original,correct,correct,not_scored
data\raw\public_v9\mlaad_tiny\original\en\emerald_city_of_oz_23_f000060.wav,0,0,0,1,0,mlaad::emerald_city_of_oz_23,MLAAD_original,mlaad_tiny_matched,mlaad_tiny_matched,mueller91/MLAAD-tiny,emerald_city_of_oz_23_f000060,mlaad_tiny::en::emerald_city_of_oz_23_f000060,,,none,,,,,,,none,val_b_unseen_generator,expanded_unseen,expanded_unseen,0,0,0,1,0,0.004860800006381,0.004860800006381,,False,True,8.349875,0.7783384919166565,0.6331442594528198,0.7708496451377869,0.6400052309036255,0.9730892181396484,0.225094124674797,0.7596068382263184,0.0193764753639698,not_applicable,0.5538005805389072,0.5462951843435738,0.6331442594528198,0.8129774332046509,0.0708058876916766,https://huggingface.co/datasets/mueller91/MLAAD-tiny,9143e5ea709575ebab6bec52840a1043aada7bb1,M-AILABS original corpus license (see MLAAD LICENSE),YES,YES_WITH_NOTICE,NO_FOR_ORIGINAL_SUBSET,MLAAD-tiny-original,f2b9784566c5596a4dab4450b2cc1e31f82d6fdca9357cd2fa1239e216d2a5da,mlaad_tiny::en::emerald_city_of_oz_23_f000060,not_applicable,real_speech,en,clean_or_unknown,voice_only,absent,MLAAD_original,voice_only,single_real,none,not_partial_or_unknown,5-10,MLAAD_original,FP,correct,not_scored
data\raw\public_v9\mlaad_tiny\original\en\emerald_city_of_oz_29_f000051.wav,0,0,0,1,0,mlaad::emerald_city_of_oz_29,MLAAD_original,mlaad_tiny_matched,mlaad_tiny_matched,mueller91/MLAAD-tiny,emerald_city_of_oz_29_f000051,mlaad_tiny::en::emerald_city_of_oz_29_f000051,,,none,,,,,,,none,val_b_unseen_generator,expanded_unseen,expanded_unseen,0,0,0,1,0,0.0461014240425532,0.0461014240425532,,False,True,9.949875,0.7499834895133972,0.5537323951721191,0.7487714290618896,0.557644248008728,0.9613893628120422,0.1758136600255966,0.843003511428833,0.024200826883316,not_applicable,0.5184631246386713,0.538818869872144,0.5537323951721191,0.8725999742746353,0.06210403516888614,https://huggingface.co/datasets/mueller91/MLAAD-tiny,9143e5ea709575ebab6bec52840a1043aada7bb1,M-AILABS original corpus license (see MLAAD LICENSE),YES,YES_WITH_NOTICE,NO_FOR_ORIGINAL_SUBSET,MLAAD-tiny-original,7b314a398962a3ad0c5b63bf46cc1b638c31168c0fd51ce6cfbfa5ea20df8ab1,mlaad_tiny::en::emerald_city_of_oz_29_f000051,not_applicable,real_speech,en,clean_or_unknown,voice_only,absent,MLAAD_original,voice_only,single_real,none,not_partial_or_unknown,5-10,MLAAD_original,FP,correct,not_scored
data\raw\public_v9\mlaad_tiny\original\en\emerald_city_of_oz_29_f000057.wav,0,0,0,1,0,mlaad::emerald_city_of_oz_29,MLAAD_original,mlaad_tiny_matched,mlaad_tiny_matched,mueller91/MLAAD-tiny,emerald_city_of_oz_29_f000057,mlaad_tiny::en::emerald_city_of_oz_29_f000057,,,none,,,,,,,none,val_b_unseen_generator,expanded_unseen,expanded_unseen,0,0,0,1,0,0.0461646094093205,0.0461646094093205,,False,True,7.859875,0.7681611180305481,0.5601484775543213,0.7713720202445984,0.5738873481750488,0.9709280729293824,0.12497029453516,0.7665143609046936,0.0270685907453298,not_applicable,0.5277816338236155,0.5515621654441798,0.5601484775543213,0.8176177889108658,0.05154401669278735,https://huggingface.co/datasets/mueller91/MLAAD-tiny,9143e5ea709575ebab6bec52840a1043aada7bb1,M-AILABS original corpus license (see MLAAD LICENSE),YES,YES_WITH_NOTICE,NO_FOR_ORIGINAL_SUBSET,MLAAD-tiny-original,f45b1e80e91cf897ca1a5c92fd18bc535621197c8b590aa60a2abccc5c166815,mlaad_tiny::en::emerald_city_of_oz_29_f000057,not_applicable,real_speech,en,clean_or_unknown,voice_only,absent,MLAAD_original,voice_only,single_real,none,not_partial_or_unknown,5-10,MLAAD_original,FP,correct,not_scored
data\raw\public_v9\mlaad_tiny\original\en\hunters_space_02_f000038.wav,0,0,0,1,0,mlaad::hunters_space_02,MLAAD_original,mlaad_tiny_matched,mlaad_tiny_matched,mueller91/MLAAD-tiny,hunters_space_02_f000038,mlaad_tiny::en::hunters_space_02_f000038,,,none,,,,,,,none,val_b_unseen_generator,expanded_unseen,expanded_unseen,0,0,0,1,0,0.0635044850970131,0.0635044850970131,,False,True,9.979875,0.7247774004936218,0.2792408466339111,0.704375147819519,0.2663314044475555,0.9583680629730223,0.0876316577196121,0.6768795251846313,0.0155298765748739,not_applicable,0.36274236301671653,0.5263955258746392,0.2792408466339111,0.7472516596317291,0.033555321861058446,https://huggingface.co/datasets/mueller91/MLAAD-tiny,9143e5ea709575ebab6bec52840a1043aada7bb1,M-AILABS original corpus license (see MLAAD LICENSE),YES,YES_WITH_NOTICE,NO_FOR_ORIGINAL_SUBSET,MLAAD-tiny-original,319e3dc922ae20bccd31ec0405ef5152c0991a5c6542a7e7a2521809d63b48f3,mlaad_tiny::en::hunters_space_02_f000038,not_applicable,real_speech,en,clean_or_unknown,voice_only,absent,MLAAD_original,voice_only,single_real,none,not_partial_or_unknown,5-10,MLAAD_original,correct,correct,not_scored
data\raw\public_v9\mlaad_tiny\original\en\hunters_space_07_f000104.wav,0,0,0,1,0,mlaad::hunters_space_07,MLAAD_original,mlaad_tiny_matched,mlaad_tiny_matched,mueller91/MLAAD-tiny,hunters_space_07_f000104,mlaad_tiny::en::hunters_space_07_f000104,,,none,,,,,,,none,val_b_unseen_generator,expanded_unseen,expanded_unseen,0,0,0,1,0,0.04546896945101,0.04546896945101,,False,True,10.429875,0.7440981268882751,0.2893578708171844,0.7300357222557068,0.2761612236499786,0.96683669090271,0.0674728155136108,0.7198686599731445,0.0153135852888226,not_applicable,0.3658787341483277,0.5345093796570956,0.2893578708171844,0.7816106677055359,0.02835339284501965,https://huggingface.co/datasets/mueller91/MLAAD-tiny,9143e5ea709575ebab6bec52840a1043aada7bb1,M-AILABS original corpus license (see MLAAD LICENSE),YES,YES_WITH_NOTICE,NO_FOR_ORIGINAL_SUBSET,MLAAD-tiny-original,8ee7b308d67012a7c09b3bf594877d1863cbf93867fbfd835dc7bef6a3ab2f79,mlaad_tiny::en::hunters_space_07_f000104,not_applicable,real_speech,en,clean_or_unknown,voice_only,absent,MLAAD_original,voice_only,single_real,none,not_partial_or_unknown,10-20,MLAAD_original,correct,correct,not_scored
data\raw\public_v9\mlaad_tiny\original\en\hunters_space_10_f000046.wav,0,0,0,1,0,mlaad::hunters_space_10,MLAAD_original,mlaad_tiny_matched,mlaad_tiny_matched,mueller91/MLAAD-tiny,hunters_space_10_f000046,mlaad_tiny::en::hunters_space_10_f000046,,,none,,,,,,,none,val_b_unseen_generator,expanded_unseen,expanded_unseen,0,0,0,1,0,0.0128554308208407,0.0128554308208407,,False,True,5.989875,0.7299697399139404,0.2246238887310028,0.7374701499938965,0.2125030308961868,0.9812355041503906,0.1428290009498596,0.8395411372184753,0.0174657497555017,not_applicable,0.31683311768385275,0.5148354471860105,0.2246238887310028,0.8749647289514542,0.048806562554091174,https://huggingface.co/datasets/mueller91/MLAAD-tiny,9143e5ea709575ebab6bec52840a1043aada7bb1,M-AILABS original corpus license (see MLAAD LICENSE),YES,YES_WITH_NOTICE,NO_FOR_ORIGINAL_SUBSET,MLAAD-tiny-original,5ee6678845fa980a3d17ab0cb81151ae8334320a7aa09cb283cc2a23e96af02b,mlaad_tiny::en::hunters_space_10_f000046,not_applicable,real_speech,en,clean_or_unknown,voice_only,absent,MLAAD_original,voice_only,single_real,none,not_partial_or_unknown,5-10,MLAAD_original,correct,correct,not_scored
data\raw\public_v9\mlaad_tiny\original\en\hunters_space_12_f000054.wav,0,0,0,1,0,mlaad::hunters_space_12,MLAAD_original,mlaad_tiny_matched,mlaad_tiny_matched,mueller91/MLAAD-tiny,hunters_space_12_f000054,mlaad_tiny::en::hunters_space_12_f000054,,,none,,,,,,,none,val_b_unseen_generator,expanded_unseen,expanded_unseen,0,0,0,1,0,0.0041097810427351,0.0041097810427351,,False,True,5.569875,0.6715275049209595,0.3240654170513153,0.6836685538291931,0.3146441280841827,0.8713725805282593,0.1180557608604431,0.5637750625610352,0.0178666189312934,not_applicable,0.3600070675832442,0.4713021877574921,0.3240654170513153,0.6406744420528412,0.042913904413580825,https://huggingface.co/datasets/mueller91/MLAAD-tiny,9143e5ea709575ebab6bec52840a1043aada7bb1,M-AILABS original corpus license (see MLAAD LICENSE),YES,YES_WITH_NOTICE,NO_FOR_ORIGINAL_SUBSET,MLAAD-tiny-original,25675a4de3621e926ba2eec4e2d73c12229fe37053244415d0143ac53c0ef054,mlaad_tiny::en::hunters_space_12_f000054,not_applicable,real_speech,en,clean_or_unknown,voice_only,absent,MLAAD_original,voice_only,single_real,none,not_partial_or_unknown,5-10,MLAAD_original,correct,correct,not_scored
data\raw\public_v9\mlaad_tiny\original\en\hunters_space_13_f000101.wav,0,0,0,1,0,mlaad::hunters_space_13,MLAAD_original,mlaad_tiny_matched,mlaad_tiny_matched,mueller91/MLAAD-tiny,hunters_space_13_f000101,mlaad_tiny::en::hunters_space_13_f000101,,,none,,,,,,,none,val_b_unseen_generator,expanded_unseen,expanded_unseen,0,0,0,1,0,0.0191186148055736,0.0191186148055736,,False,True,13.039875,0.7182278633117676,0.2001437544822693,0.7032917737960815,0.1901353895664215,0.9497512578964232,0.1681237518787384,0.730514407157898,0.0164620224386453,not_applicable,0.3036554474295423,0.5084950887599093,0.2001437544822693,0.7853236198425293,0.054377454798668574,https://huggingface.co/datasets/mueller91/MLAAD-tiny,9143e5ea709575ebab6bec52840a1043aada7bb1,M-AILABS original corpus license (see MLAAD LICENSE),YES,YES_WITH_NOTICE,NO_FOR_ORIGINAL_SUBSET,MLAAD-tiny-original,00da04bc99afa8b94e1310e7148dd4a5fc9e9a1644c6fea1ef38d0b367ed86dd,mlaad_tiny::en::hunters_space_13_f000101,not_applicable,real_speech,en,clean_or_unknown,voice_only,absent,MLAAD_original,voice_only,single_real,none,not_partial_or_unknown,10-20,MLAAD_original,correct,correct,not_scored
data\raw\public_v9\mlaad_tiny\original\en\jane_eyre_01_f000012.wav,0,0,0,1,0,mlaad::jane_eyre_01,MLAAD_original,mlaad_tiny_matched,mlaad_tiny_matched,mueller91/MLAAD-tiny,jane_eyre_01_f000012,mlaad_tiny::en::jane_eyre_01_f000012,,,none,,,,,,,none,val_b_unseen_generator,expanded_unseen,expanded_unseen,0,0,0,1,0,0.005738859567678,0.005738859567678,,False,True,3.589875,0.6761903762817383,0.5758630037307739,0.6864359974861145,0.5749919414520264,0.9563543796539308,0.1174943521618843,0.8182205557823181,0.0214208252727985,not_applicable,0.5085634570989644,0.47505492126752014,0.5758630037307739,0.8527540117502213,0.04543920699506995,https://huggingface.co/datasets/mueller91/MLAAD-tiny,9143e5ea709575ebab6bec52840a1043aada7bb1,M-AILABS original corpus license (see MLAAD LICENSE),YES,YES_WITH_NOTICE,NO_FOR_ORIGINAL_SUBSET,MLAAD-tiny-original,b3b9e6dca72b02e94c0258ffa2877cce3df4d1f24b456ae4d61e62a5129ebd4c,mlaad_tiny::en::jane_eyre_01_f000012,not_applicable,real_speech,en,clean_or_unknown,voice_only,absent,MLAAD_original,voice_only,single_real,none,not_partial_or_unknown,2-5,MLAAD_original,FP,correct,not_scored
data\raw\public_v9\mlaad_tiny\original\en\jane_eyre_01_f000063.wav,0,0,0,1,0,mlaad::jane_eyre_01,MLAAD_original,mlaad_tiny_matched,mlaad_tiny_matched,mueller91/MLAAD-tiny,jane_eyre_01_f000063,mlaad_tiny::en::jane_eyre_01_f000063,,,none,,,,,,,none,val_b_unseen_generator,expanded_unseen,expanded_unseen,0,0,0,1,0,0.0197733855895795,0.0197733855895795,,False,True,6.829875,0.7193813323974609,0.6363129019737244,0.7222281098365784,0.6352194547653198,0.9261879324913024,0.4034917056560516,0.7791167497634888,0.0225742124021053,not_applicable,0.5512548029150506,0.5094989483550965,0.6363129019737244,0.8158845454454422,0.11780358571559187,https://huggingface.co/datasets/mueller91/MLAAD-tiny,9143e5ea709575ebab6bec52840a1043aada7bb1,M-AILABS original corpus license (see MLAAD LICENSE),YES,YES_WITH_NOTICE,NO_FOR_ORIGINAL_SUBSET,MLAAD-tiny-original,84f1c23d2f9e2172e94085034f2fb5f42a4fec384c27a0170fa0a8544a4ca75d,mlaad_tiny::en::jane_eyre_01_f000063,not_applicable,real_speech,en,clean_or_unknown,voice_only,absent,MLAAD_original,voice_only,single_real,none,not_partial_or_unknown,5-10,MLAAD_original,FP,correct,not_scored
data\raw\public_v9\mlaad_tiny\original\en\jane_eyre_02_f000096.wav,0,0,0,1,0,mlaad::jane_eyre_02,MLAAD_original,mlaad_tiny_matched,mlaad_tiny_matched,mueller91/MLAAD-tiny,jane_eyre_02_f000096,mlaad_tiny::en::jane_eyre_02_f000096,,,none,,,,,,,none,val_b_unseen_generator,expanded_unseen,expanded_unseen,0,0,0,1,0,0.0387836396597853,0.0387836396597853,,False,True,8.189875,0.7357742786407471,0.6577409505844116,0.7249617576599121,0.6572757959365845,0.931678295135498,0.3029188215732574,0.8287694454193115,0.0162059441208839,not_applicable,0.5704246895330447,0.5266770869464584,0.6577409505844116,0.8544966578483582,0.08788416348397728,https://huggingface.co/datasets/mueller91/MLAAD-tiny,9143e5ea709575ebab6bec52840a1043aada7bb1,M-AILABS original corpus license (see MLAAD LICENSE),YES,YES_WITH_NOTICE,NO_FOR_ORIGINAL_SUBSET,MLAAD-tiny-original,231fbfea0d6880da8e2d76cb98f689ab7202ae511c16739f7171f36f253d142b,mlaad_tiny::en::jane_eyre_02_f000096,not_applicable,real_speech,en,clean_or_unknown,voice_only,absent,MLAAD_original,voice_only,single_real,none,not_partial_or_unknown,5-10,MLAAD_original,FP,correct,not_scored
data\raw\public_v9\mlaad_tiny\original\en\jane_eyre_03_f000165.wav,0,0,0,1,0,mlaad::jane_eyre_03,MLAAD_original,mlaad_tiny_matched,mlaad_tiny_matched,mueller91/MLAAD-tiny,jane_eyre_03_f000165,mlaad_tiny::en::jane_eyre_03_f000165,,,none,,,,,,,none,val_b_unseen_generator,expanded_unseen,expanded_unseen,0,0,0,1,0,0.0421338087148218,0.0421338087148218,,False,True,6.649875,0.7161153554916382,0.6915727853775024,0.7205053567886353,0.6912859082221985,0.9188394546508788,0.3841708898544311,0.8045691847801208,0.0226761046797037,not_applicable,0.5885456581869251,0.5139208914585933,0.6915727853775024,0.8331367522478104,0.11304980097338554,https://huggingface.co/datasets/mueller91/MLAAD-tiny,9143e5ea709575ebab6bec52840a1043aada7bb1,M-AILABS original corpus license (see MLAAD LICENSE),YES,YES_WITH_NOTICE,NO_FOR_ORIGINAL_SUBSET,MLAAD-tiny-original,3a0ab2488ce3b8411568515cba14eb7aa4fbcec0d66de0ddae5964561cb6581a,mlaad_tiny::en::jane_eyre_03_f000165,not_applicable,real_speech,en,clean_or_unknown,voice_only,absent,MLAAD_original,voice_only,single_real,none,not_partial_or_unknown,5-10,MLAAD_original,FP,correct,not_scored
data\raw\public_v9\mlaad_tiny\original\en\jane_eyre_03_f000179.wav,0,0,0,1,0,mlaad::jane_eyre_03,MLAAD_original,mlaad_tiny_matched,mlaad_tiny_matched,mueller91/MLAAD-tiny,jane_eyre_03_f000179,mlaad_tiny::en::jane_eyre_03_f000179,,,none,,,,,,,none,val_b_unseen_generator,expanded_unseen,expanded_unseen,0,0,0,1,0,0.0143553586549436,0.0143553586549436,,False,True,11.039875,0.739578366279602,0.6418704986572266,0.7412936687469482,0.6452940106391907,0.9400457143783568,0.2225339412689209,0.8427533507347107,0.0178411826491355,not_applicable,0.5563809201354196,0.5220114639922044,0.6418704986572266,0.8670764416456223,0.06901437230408185,https://huggingface.co/datasets/mueller91/MLAAD-tiny,9143e5ea709575ebab6bec52840a1043aada7bb1,M-AILABS original corpus license (see MLAAD LICENSE),YES,YES_WITH_NOTICE,NO_FOR_ORIGINAL_SUBSET,MLAAD-tiny-original,a70fc9fb7118d474dad0a528c043287742479865d1bfbf0fe9759282b15a6bad,mlaad_tiny::en::jane_eyre_03_f000179,not_applicable,real_speech,en,clean_or_unknown,voice_only,absent,MLAAD_original,voice_only,single_real,none,not_partial_or_unknown,10-20,MLAAD_original,FP,correct,not_scored
data\raw\public_v9\mlaad_tiny\original\en\jane_eyre_04_f000070.wav,0,0,0,1,0,mlaad::jane_eyre_04,MLAAD_original,mlaad_tiny_matched,mlaad_tiny_matched,mueller91/MLAAD-tiny,jane_eyre_04_f000070,mlaad_tiny::en::jane_eyre_04_f000070,,,none,,,,,,,none,val_b_unseen_generator,expanded_unseen,expanded_unseen,0,0,0,1,0,0.0084758689123333,0.0084758689123333,,False,True,5.119875,0.7256070375442505,0.7432301044464111,0.729346752166748,0.7434555292129517,0.9223511219024658,0.3929126858711242,0.8222301006317139,0.0268403403460979,not_applicable,0.6087783553489072,0.5104676869546753,0.7432301044464111,0.8472603559494019,0.11835842672735447,https://huggingface.co/datasets/mueller91/MLAAD-tiny,9143e5ea709575ebab6bec52840a1043aada7bb1,M-AILABS original corpus license (see MLAAD LICENSE),YES,YES_WITH_NOTICE,NO_FOR_ORIGINAL_SUBSET,MLAAD-tiny-original,81d8529e5ef14dedf6eccc8cf98766a671883aacf2ea6e19aefa6aa44eb1fed8,mlaad_tiny::en::jane_eyre_04_f000070,not_applicable,real_speech,en,clean_or_unknown,voice_only,absent,MLAAD_original,voice_only,single_real,none,not_partial_or_unknown,5-10,MLAAD_original,FP,correct,not_scored
data\raw\public_v9\mlaad_tiny\original\en\jane_eyre_08_f000086.wav,0,0,0,1,0,mlaad::jane_eyre_08,MLAAD_original,mlaad_tiny_matched,mlaad_tiny_matched,mueller91/MLAAD-tiny,jane_eyre_08_f000086,mlaad_tiny::en::jane_eyre_08_f000086,,,none,,,,,,,none,val_b_unseen_generator,expanded_unseen,expanded_unseen,0,0,0,1,0,0.1617817558751066,0.1617817558751066,,False,True,11.6168125,0.7259842157363892,0.7071819305419922,0.7122600078582764,0.7092458009719849,0.957921028137207,0.2608818411827087,0.6881453394889832,0.0153700765222311,not_applicable,0.6327378485308568,0.5567234777780043,0.7071819305419922,0.7555892616510391,0.0767480176873505,https://huggingface.co/datasets/mueller91/MLAAD-tiny,9143e5ea709575ebab6bec52840a1043aada7bb1,M-AILABS original corpus license (see MLAAD LICENSE),YES,YES_WITH_NOTICE,NO_FOR_ORIGINAL_SUBSET,MLAAD-tiny-original,2e6d3ddfd7c0f434fde551ae3c5c0ef7e72728cfd748a0b53dabb40ca76981c1,mlaad_tiny::en::jane_eyre_08_f000086,not_applicable,real_speech,en,clean_or_unknown,voice_only,absent,MLAAD_original,voice_only,single_real,none,not_partial_or_unknown,10-20,MLAAD_original,FP,correct,not_scored
data\raw\public_v9\mlaad_tiny\original\en\jane_eyre_12_f000050.wav,0,0,0,1,0,mlaad::jane_eyre_12,MLAAD_original,mlaad_tiny_matched,mlaad_tiny_matched,mueller91/MLAAD-tiny,jane_eyre_12_f000050,mlaad_tiny::en::jane_eyre_12_f000050,,,none,,,,,,,none,val_b_unseen_generator,expanded_unseen,expanded_unseen,0,0,0,1,0,0.0260528012773918,0.0260528012773918,,False,True,9.199875,0.7357981204986572,0.593859076499939,0.727907657623291,0.593938946723938,0.937098503112793,0.266824722290039,0.7177408337593079,0.0213236659765243,not_applicable,0.5315727374093353,0.5228745247322776,0.593859076499939,0.7725802510976791,0.08269893005490297,https://huggingface.co/datasets/mueller91/MLAAD-tiny,9143e5ea709575ebab6bec52840a1043aada7bb1,M-AILABS original corpus license (see MLAAD LICENSE),YES,YES_WITH_NOTICE,NO_FOR_ORIGINAL_SUBSET,MLAAD-tiny-original,45aa5e4e0ede44c2cbc128f59ee52163c54c4f5faa59ca5f55e1c6bf27ff171a,mlaad_tiny::en::jane_eyre_12_f000050,not_applicable,real_speech,en,clean_or_unknown,voice_only,absent,MLAAD_original,voice_only,single_real,none,not_partial_or_unknown,5-10,MLAAD_original,FP,correct,not_scored
data\raw\public_v9\mlaad_tiny\original\en\jane_eyre_12_f000061.wav,0,0,0,1,0,mlaad::jane_eyre_12,MLAAD_original,mlaad_tiny_matched,mlaad_tiny_matched,mueller91/MLAAD-tiny,jane_eyre_12_f000061,mlaad_tiny::en::jane_eyre_12_f000061,,,none,,,,,,,none,val_b_unseen_generator,expanded_unseen,expanded_unseen,0,0,0,1,0,0.0099517440796562,0.0099517440796562,,False,True,3.249875,0.6600514054298401,0.6135549545288086,0.6735554337501526,0.6104627847671509,0.957789182662964,0.1493605673313141,0.7585031390190125,0.0317674428224563,not_applicable,0.528884059791127,0.46502150702478484,0.6135549545288086,0.8083246499300003,0.06116572394967074,https://huggingface.co/datasets/mueller91/MLAAD-tiny,9143e5ea709575ebab6bec52840a1043aada7bb1,M-AILABS original corpus license (see MLAAD LICENSE),YES,YES_WITH_NOTICE,NO_FOR_ORIGINAL_SUBSET,MLAAD-tiny-original,78987b3f60f24a912ffa0176b1defafd08ad42e803b8792e36caa7eff52a1650,mlaad_tiny::en::jane_eyre_12_f000061,not_applicable,real_speech,en,clean_or_unknown,voice_only,absent,MLAAD_original,voice_only,single_real,none,not_partial_or_unknown,2-5,MLAAD_original,FP,correct,not_scored
data\raw\public_v9\echoes_fma_paired\real\fma_111819.mp3,0,0,0,0,1,fma_artist_19189,Echoes::FMA_original,echoes_fma_paired,echoes_fma_paired,Octavian97/Echoes + official FMA,fma_111819,echoes_fma::111819,,,none,,,,,,,none,val_b_unseen_music_generator,expanded_unseen,expanded_unseen,0,0,0,0,1,0.4942927874263143,0.4942927874263143,,False,True,113.084125,0.678504228591919,6.400833285624685e-08,0.6597254276275635,5.905206279521735e-08,0.5602598786354065,0.9999998211860656,0.023825779557228,0.7868172526359558,real,0.3572885266353394,0.6232407962422375,1e-06,0.15793430432677263,0.8401128947734833,https://huggingface.co/datasets/Octavian97/Echoes ; https://github.com/mdeff/fma,Echoes 14b0c76c6a691c42fadfab9fb6a4eb1ee8c628a2; FMA metadata rc1,generated CC BY-SA 4.0; original http://creativecommons.org/licenses/by/4.0/,YES,FOLLOW_CC_ATTRIBUTION_AND_SHAREALIKE,FOLLOW_ORIGINAL_FMA_TRACK_LICENSE,Echoes-FMA-paired,a68ded21f76de3066ebdfa297c36e84190f6368d399229db4e1135b55461a013,echoes_fma::111819,ATA,absent,unknown,clean_or_unknown,with_music,real_music,FMA_original,music_only,single_real,none,not_partial_or_unknown,>20,FMA_original,correct,not_scored,correct
data\raw\public_v9\echoes_fma_paired\fake\Ad_Astra_P_C_III_diffrhythm_ATA_001.mp3,1,0,1,0,1,fma_artist_19189,Echoes::diffrhythm,echoes_fma_paired,echoes_fma_paired,Octavian97/Echoes + official FMA,fma_111819,echoes_fma::111819,,,none,,,,,,,none,val_b_unseen_music_generator,expanded_unseen,expanded_unseen,1,0,1,0,1,0.3441077125663606,0.3441077125663606,,False,True,97.98825,0.7123472094535828,0.0077201384119689,0.6833866834640503,0.006565922871232,0.6075157523155212,0.8653075695037842,0.02600341103971,0.7558380961418152,fake,0.31534500085971734,0.6018753603874161,0.0077201384119689,0.17138149635866282,0.7832054644823074,https://huggingface.co/datasets/Octavian97/Echoes ; https://github.com/mdeff/fma,Echoes 14b0c76c6a691c42fadfab9fb6a4eb1ee8c628a2; FMA metadata rc1,generated CC BY-SA 4.0; original http://creativecommons.org/licenses/by/4.0/,YES,FOLLOW_CC_ATTRIBUTION_AND_SHAREALIKE,FOLLOW_ORIGINAL_FMA_TRACK_LICENSE,Echoes-FMA-paired,ea9233246d838a070ee98bd38c67eb9df2b18393a0c78ea5d96ffa98a22ef1ac,echoes_fma::111819,ATA,absent,unknown,clean_or_unknown,with_music,other_fake_music,diffrhythm,music_only,single_fake,none,not_partial_or_unknown,>20,diffrhythm,FN,not_scored,FN
data\raw\public_v9\echoes_fma_paired\fake\Ad_Astra_P_C_III_songgen_ATA_001.mp3,1,0,1,0,1,fma_artist_19189,Echoes::songgen,echoes_fma_paired,echoes_fma_paired,Octavian97/Echoes + official FMA,fma_111819,echoes_fma::111819,,,none,,,,,,,none,val_b_unseen_music_generator,expanded_unseen,expanded_unseen,1,0,1,0,1,0.9975774273333884,0.9975774273333884,,False,True,29.72,0.7573536038398743,0.0403419360518455,0.7452025413513184,0.0414678864181041,0.8931090831756592,0.9732915759086608,0.0622023306787014,0.8551003932952881,fake,0.5785581572579035,0.8294207508879285,0.0403419360518455,0.26992901880294085,0.8846481889486313,https://huggingface.co/datasets/Octavian97/Echoes ; https://github.com/mdeff/fma,Echoes 14b0c76c6a691c42fadfab9fb6a4eb1ee8c628a2; FMA metadata rc1,generated CC BY-SA 4.0; original http://creativecommons.org/licenses/by/4.0/,YES,FOLLOW_CC_ATTRIBUTION_AND_SHAREALIKE,FOLLOW_ORIGINAL_FMA_TRACK_LICENSE,Echoes-FMA-paired,ce85206ee42a155349a1d5839ed6acf92787c5f213c3673c5d7ec5748af17f79,echoes_fma::111819,ATA,absent,unknown,clean_or_unknown,with_music,other_fake_music,songgen,music_only,single_fake,none,not_partial_or_unknown,>20,songgen,correct,not_scored,FN
data\raw\public_v9\echoes_fma_paired\real\fma_111821.mp3,0,0,0,0,1,fma_artist_19189,Echoes::FMA_original,echoes_fma_paired,echoes_fma_paired,Octavian97/Echoes + official FMA,fma_111821,echoes_fma::111821,,,none,,,,,,,none,val_b_unseen_music_generator,expanded_unseen,expanded_unseen,0,0,0,0,1,0.3185390761829441,0.3185390761829441,,False,True,490.0833125,0.6891200542449951,6.036469102355113e-08,0.6733800172805786,5.6349641397446255e-08,0.477147102355957,0.9999999403953552,0.0702956467866897,0.792948305606842,real,0.2963644600406841,0.5779457608263797,1e-06,0.17200851067900652,0.8447112143039703,https://huggingface.co/datasets/Octavian97/Echoes ; https://github.com/mdeff/fma,Echoes 14b0c76c6a691c42fadfab9fb6a4eb1ee8c628a2; FMA metadata rc1,generated CC BY-SA 4.0; original http://creativecommons.org/licenses/by/4.0/,YES,FOLLOW_CC_ATTRIBUTION_AND_SHAREALIKE,FOLLOW_ORIGINAL_FMA_TRACK_LICENSE,Echoes-FMA-paired,a3c5fe1daa7be638cf472d932e15a2aa412ebb74d842aa2ebb486efdcb1ad0d6,echoes_fma::111821,ATA,absent,unknown,clean_or_unknown,with_music,real_music,FMA_original,music_only,single_real,none,not_partial_or_unknown,>20,FMA_original,correct,not_scored,correct
data\raw\public_v9\echoes_fma_paired\fake\Ancient_Whispers_I_P_C_III_diffrhythm_ATA_001.mp3,1,0,1,0,1,fma_artist_19189,Echoes::diffrhythm,echoes_fma_paired,echoes_fma_paired,Octavian97/Echoes + official FMA,fma_111821,echoes_fma::111821,,,none,,,,,,,none,val_b_unseen_music_generator,expanded_unseen,expanded_unseen,1,0,1,0,1,0.9943476718188402,0.9943476718188402,,False,True,127.9884375,0.6999692916870117,0.0017962970305234,0.646431565284729,0.0017222177702933,0.7162420153617859,0.9967949986457824,0.1551574021577835,0.7307395935058594,fake,0.5449814168787992,0.7882828057265603,0.0017962970305234,0.2954285554587841,0.7972534447908401,https://huggingface.co/datasets/Octavian97/Echoes ; https://github.com/mdeff/fma,Echoes 14b0c76c6a691c42fadfab9fb6a4eb1ee8c628a2; FMA metadata rc1,generated CC BY-SA 4.0; original http://creativecommons.org/licenses/by/4.0/,YES,FOLLOW_CC_ATTRIBUTION_AND_SHAREALIKE,FOLLOW_ORIGINAL_FMA_TRACK_LICENSE,Echoes-FMA-paired,be1f50018c0cb20b2df5b6fd8c2fade8a50f6563816191f67838f9c3e2f453ef,echoes_fma::111821,ATA,absent,unknown,clean_or_unknown,with_music,other_fake_music,diffrhythm,music_only,single_fake,none,not_partial_or_unknown,>20,diffrhythm,correct,not_scored,FN
data\raw\public_v9\echoes_fma_paired\fake\Ancient_Whispers_I_P_C_III_songgen_ATA_001.mp3,1,0,1,0,1,fma_artist_19189,Echoes::songgen,echoes_fma_paired,echoes_fma_paired,Octavian97/Echoes + official FMA,fma_111821,echoes_fma::111821,,,none,,,,,,,none,val_b_unseen_music_generator,expanded_unseen,expanded_unseen,1,0,1,0,1,0.8984214119225569,0.8984214119225569,,False,True,29.84,0.7943971157073975,0.0372931770980358,0.7833106517791748,0.038259569555521,0.9151915907859802,0.9595515131950378,0.0248324051499366,0.8250204920768738,fake,0.55099325546297,0.8256044045719452,0.0372931770980358,0.2474222015589475,0.8586532473564148,https://huggingface.co/datasets/Octavian97/Echoes ; https://github.com/mdeff/fma,Echoes 14b0c76c6a691c42fadfab9fb6a4eb1ee8c628a2; FMA metadata rc1,generated CC BY-SA 4.0; original http://creativecommons.org/licenses/by/4.0/,YES,FOLLOW_CC_ATTRIBUTION_AND_SHAREALIKE,FOLLOW_ORIGINAL_FMA_TRACK_LICENSE,Echoes-FMA-paired,a9410c087230a779f5bc93e971362c46e6539b651ea7c55ff9498e98fb50ae8e,echoes_fma::111821,ATA,absent,unknown,clean_or_unknown,with_music,other_fake_music,songgen,music_only,single_fake,none,not_partial_or_unknown,>20,songgen,correct,not_scored,FN
data\raw\public_v9\echoes_fma_paired\real\fma_112378.mp3,0,0,0,0,1,fma_artist_19273,Echoes::FMA_original,echoes_fma_paired,echoes_fma_paired,Octavian97/Echoes + official FMA,fma_112378,echoes_fma::112378,,,none,,,,,,,none,val_b_unseen_music_generator,expanded_unseen,expanded_unseen,0,0,0,0,1,0.4890776853823664,0.4890776853823664,,False,True,291.099875,0.7192085385322571,2.0098155800951645e-05,0.7213659286499023,1.913639425765723e-05,0.7613604664802551,0.9999983906745912,0.0166548620909452,0.6722963452339172,real,0.36609271507077035,0.6501692825872899,2.0098155800951645e-05,0.2028312631882727,0.7542218565940857,https://huggingface.co/datasets/Octavian97/Echoes ; https://github.com/mdeff/fma,Echoes 14b0c76c6a691c42fadfab9fb6a4eb1ee8c628a2; FMA metadata rc1,generated CC BY-SA 4.0; original http://creativecommons.org/licenses/by/4.0/,YES,FOLLOW_CC_ATTRIBUTION_AND_SHAREALIKE,FOLLOW_ORIGINAL_FMA_TRACK_LICENSE,Echoes-FMA-paired,252a53c879a8ef17ac01c6708c580a598479c003d1287893e5438639b4680853,echoes_fma::112378,ATA,absent,unknown,clean_or_unknown,with_music,real_music,FMA_original,music_only,single_real,none,not_partial_or_unknown,>20,FMA_original,correct,not_scored,correct
data\raw\public_v9\echoes_fma_paired\fake\3_am_West_End_statusq_diffrhythm_ATA_001.mp3,1,0,1,0,1,fma_artist_19273,Echoes::diffrhythm,echoes_fma_paired,echoes_fma_paired,Octavian97/Echoes + official FMA,fma_112378,echoes_fma::112378,,,none,,,,,,,none,val_b_unseen_music_generator,expanded_unseen,expanded_unseen,1,0,1,0,1,0.9887303911541044,0.9887303911541044,,False,True,134.9544375,0.7370579242706299,0.0230446979403495,0.7163774967193604,0.0231147240847349,0.6857419610023499,0.9533317685127258,0.1199768111109733,0.7691347002983093,fake,0.5621803081651371,0.8125596643356723,0.0230446979403495,0.2614180985838174,0.8151839673519135,https://huggingface.co/datasets/Octavian97/Echoes ; https://github.com/mdeff/fma,Echoes 14b0c76c6a691c42fadfab9fb6a4eb1ee8c628a2; FMA metadata rc1,generated CC BY-SA 4.0; original http://creativecommons.org/licenses/by/4.0/,YES,FOLLOW_CC_ATTRIBUTION_AND_SHAREALIKE,FOLLOW_ORIGINAL_FMA_TRACK_LICENSE,Echoes-FMA-paired,7e150f9a0e71cc538d27126281e26e601671df3ef78e9bc558332b7e21d030e9,echoes_fma::112378,ATA,absent,unknown,clean_or_unknown,with_music,other_fake_music,diffrhythm,music_only,single_fake,none,not_partial_or_unknown,>20,diffrhythm,correct,not_scored,FN
data\raw\public_v9\echoes_fma_paired\fake\3_am_West_End_statusq_songgen_ATA_001.mp3,1,0,1,0,1,fma_artist_19273,Echoes::songgen,echoes_fma_paired,echoes_fma_paired,Octavian97/Echoes + official FMA,fma_112378,echoes_fma::112378,,,none,,,,,,,none,val_b_unseen_music_generator,expanded_unseen,expanded_unseen,1,0,1,0,1,0.9969595851559636,0.9969595851559636,,False,True,29.84,0.7616783380508423,0.3907870352268219,0.7624874114990234,0.3858290910720825,0.9729984402656556,0.129889890551567,0.6712713837623596,0.0223901886492967,fake,0.7306054065356274,0.8322627121823786,0.3907870352268219,0.7467031478881836,0.04926511412486427,https://huggingface.co/datasets/Octavian97/Echoes ; https://github.com/mdeff/fma,Echoes 14b0c76c6a691c42fadfab9fb6a4eb1ee8c628a2; FMA metadata rc1,generated CC BY-SA 4.0; original http://creativecommons.org/licenses/by/4.0/,YES,FOLLOW_CC_ATTRIBUTION_AND_SHAREALIKE,FOLLOW_ORIGINAL_FMA_TRACK_LICENSE,Echoes-FMA-paired,188d8cd651019eae8d0bf5cb13eeef63c99f429c711744699eb42846b71f2616,echoes_fma::112378,ATA,absent,unknown,clean_or_unknown,with_music,other_fake_music,songgen,music_only,single_fake,none,not_partial_or_unknown,>20,songgen,correct,not_scored,correct
data\raw\public_v9\echoes_fma_paired\real\fma_114244.mp3,0,0,0,0,1,fma_artist_19475,Echoes::FMA_original,echoes_fma_paired,echoes_fma_paired,Octavian97/Echoes + official FMA,fma_114244,echoes_fma::114244,,,none,,,,,,,none,val_b_unseen_music_generator,expanded_unseen,expanded_unseen,0,0,0,0,1,0.6220614761655973,0.6220614761655973,,False,True,486.029375,0.6914365887641907,0.0001248816843144,0.6705780625343323,0.0001188044043374,0.5004212856292725,0.9997264742851256,0.0167523045092821,0.8440704941749573,real,0.4070593661958004,0.6706240549846126,0.0001248816843144,0.1376695497892797,0.8829844892024994,https://huggingface.co/datasets/Octavian97/Echoes ; https://github.com/mdeff/fma,Echoes 14b0c76c6a691c42fadfab9fb6a4eb1ee8c628a2; FMA metadata rc1,generated CC BY-SA 4.0; original http://creativecommons.org/licenses/by/4.0/,YES,FOLLOW_CC_ATTRIBUTION_AND_SHAREALIKE,FOLLOW_ORIGINAL_FMA_TRACK_LICENSE,Echoes-FMA-paired,7a160d62c4667f319ad3872e44f2f9a8cf608a23d438c7ef068dbac52f2d0fcc,echoes_fma::114244,ATA,absent,unknown,clean_or_unknown,with_music,real_music,FMA_original,music_only,single_real,none,not_partial_or_unknown,>20,FMA_original,correct,not_scored,correct
data\raw\public_v9\echoes_fma_paired\fake\2Much_Andy_Spinelli_Alex_Sánchez_House_Edit_Tentacles_diffrhythm_ATA_001.mp3,1,0,1,0,1,fma_artist_19475,Echoes::diffrhythm,echoes_fma_paired,echoes_fma_paired,Octavian97/Echoes + official FMA,fma_114244,echoes_fma::114244,,,none,,,,,,,none,val_b_unseen_music_generator,expanded_unseen,expanded_unseen,1,0,1,0,1,0.7794722374778129,0.7794722374778129,,False,True,115.9605,0.674799382686615,0.0033813943155109,0.6651745438575745,0.0032948395237326,0.6276693940162659,0.9942545890808104,0.0414690673351287,0.877384603023529,fake,0.4613016324098172,0.7062012391239743,0.0033813943155109,0.188019149005413,0.9066020995378494,https://huggingface.co/datasets/Octavian97/Echoes ; https://github.com/mdeff/fma,Echoes 14b0c76c6a691c42fadfab9fb6a4eb1ee8c628a2; FMA metadata rc1,generated CC BY-SA 4.0; original http://creativecommons.org/licenses/by/4.0/,YES,FOLLOW_CC_ATTRIBUTION_AND_SHAREALIKE,FOLLOW_ORIGINAL_FMA_TRACK_LICENSE,Echoes-FMA-paired,23c7cbbf902c33505983445c7fc2630a4e459a85f8f55161396c426246d43ccd,echoes_fma::114244,ATA,absent,unknown,clean_or_unknown,with_music,other_fake_music,diffrhythm,music_only,single_fake,none,not_partial_or_unknown,>20,diffrhythm,FN,not_scored,FN
data\raw\public_v9\echoes_fma_paired\fake\2Much_Andy_Spinelli_Alex_Sánchez_House_Edit_Tentacles_songgen_ATA_001.mp3,1,0,1,0,1,fma_artist_19475,Echoes::songgen,echoes_fma_paired,echoes_fma_paired,Octavian97/Echoes + official FMA,fma_114244,echoes_fma::114244,,,none,,,,,,,none,val_b_unseen_music_generator,expanded_unseen,expanded_unseen,1,0,1,0,1,0.8389244193310992,0.8389244193310992,,False,True,29.84,0.7037070989608765,0.0029756072908639,0.681475043296814,0.0029388929251581,0.4725410640239715,0.998391568660736,0.0597858913242816,0.7965414524078369,fake,0.4902206547904102,0.7442722950719431,0.0029756072908639,0.16297468449920408,0.8470039814710617,https://huggingface.co/datasets/Octavian97/Echoes ; https://github.com/mdeff/fma,Echoes 14b0c76c6a691c42fadfab9fb6a4eb1ee8c628a2; FMA metadata rc1,generated CC BY-SA 4.0; original http://creativecommons.org/licenses/by/4.0/,YES,FOLLOW_CC_ATTRIBUTION_AND_SHAREALIKE,FOLLOW_ORIGINAL_FMA_TRACK_LICENSE,Echoes-FMA-paired,d76ea099d07d271666b48e59cd9e375676bf059bcec3e1747d8d3fa314c85e0f,echoes_fma::114244,ATA,absent,unknown,clean_or_unknown,with_music,other_fake_music,songgen,music_only,single_fake,none,not_partial_or_unknown,>20,songgen,correct,not_scored,FN
data\raw\public_v9\echoes_fma_paired\real\fma_118048.mp3,0,0,0,0,1,fma_artist_19949,Echoes::FMA_original,echoes_fma_paired,echoes_fma_paired,Octavian97/Echoes + official FMA,fma_118048,echoes_fma::118048,,,none,,,,,,,none,val_b_unseen_music_generator,expanded_unseen,expanded_unseen,0,0,0,0,1,0.57259812659756,0.57259812659756,,False,True,111.9721875,0.7454124689102173,0.0009462978341616,0.7444683313369751,0.0009108092635869,0.9043850302696228,0.9967486262321472,0.0992619469761848,0.8061626553535461,real,0.4036878883721279,0.69356816621642,0.0009462978341616,0.30054271779954433,0.8538091480731964,https://huggingface.co/datasets/Octavian97/Echoes ; https://github.com/mdeff/fma,Echoes 14b0c76c6a691c42fadfab9fb6a4eb1ee8c628a2; FMA metadata rc1,generated CC BY-SA 4.0; original http://creativecommons.org/licenses/by/4.0/,YES,FOLLOW_CC_ATTRIBUTION_AND_SHAREALIKE,FOLLOW_ORIGINAL_FMA_TRACK_LICENSE,Echoes-FMA-paired,5d43ce7a5be93b9dff0538e0b2bd0def2529d5a2a4d7ce5f4e96db22f2f46cc2,echoes_fma::118048,ATA,absent,unknown,clean_or_unknown,with_music,real_music,FMA_original,music_only,single_real,none,not_partial_or_unknown,>20,FMA_original,correct,not_scored,correct
data\raw\public_v9\echoes_fma_paired\fake\Attention_Pete_Prodoehl_diffrhythm_ATA_001.mp3,1,0,1,0,1,fma_artist_19949,Echoes::diffrhythm,echoes_fma_paired,echoes_fma_paired,Octavian97/Echoes + official FMA,fma_118048,echoes_fma::118048,,,none,,,,,,,none,val_b_unseen_music_generator,expanded_unseen,expanded_unseen,1,0,1,0,1,0.8879515789838126,0.8879515789838126,,False,True,113.9635625,0.6894757747650146,3.623317979872809e-06,0.6732159852981567,3.4268491617694963e-06,0.4979931116104126,0.999994933605194,0.0286697093397378,0.8254547119140625,fake,0.5028714643455303,0.749018516030654,3.623317979872809e-06,0.1460005599074065,0.8690897673368454,https://huggingface.co/datasets/Octavian97/Echoes ; https://github.com/mdeff/fma,Echoes 14b0c76c6a691c42fadfab9fb6a4eb1ee8c628a2; FMA metadata rc1,generated CC BY-SA 4.0; original http://creativecommons.org/licenses/by/4.0/,YES,FOLLOW_CC_ATTRIBUTION_AND_SHAREALIKE,FOLLOW_ORIGINAL_FMA_TRACK_LICENSE,Echoes-FMA-paired,2723cb9bebfbd2e2b28c2566129c6682e3918dfa7395b45da9c021f38bc34e11,echoes_fma::118048,ATA,absent,unknown,clean_or_unknown,with_music,other_fake_music,diffrhythm,music_only,single_fake,none,not_partial_or_unknown,>20,diffrhythm,correct,not_scored,FN
data\raw\public_v9\echoes_fma_paired\fake\Attention_Pete_Prodoehl_songgen_TTA_001.mp3,1,0,1,0,1,fma_artist_19949,Echoes::songgen,echoes_fma_paired,echoes_fma_paired,Octavian97/Echoes + official FMA,fma_118048,echoes_fma::118048,,,none,,,,,,,none,val_b_unseen_music_generator,expanded_unseen,expanded_unseen,1,0,1,0,1,0.9859178745263472,0.9859178745263472,,False,True,26.42,0.7170834541320801,4.529253419605084e-05,0.7001078128814697,4.214417276671156e-05,0.5418226718902588,0.9997437596321106,0.0576813779771328,0.9044413566589355,fake,0.5456488757213874,0.7977337802503601,4.529253419605084e-05,0.1787167014554143,0.9282669574022293,https://huggingface.co/datasets/Octavian97/Echoes ; https://github.com/mdeff/fma,Echoes 14b0c76c6a691c42fadfab9fb6a4eb1ee8c628a2; FMA metadata rc1,generated CC BY-SA 4.0; original http://creativecommons.org/licenses/by/4.0/,YES,FOLLOW_CC_ATTRIBUTION_AND_SHAREALIKE,FOLLOW_ORIGINAL_FMA_TRACK_LICENSE,Echoes-FMA-paired,34426845e85a8dc19ecf94b51b7e340ec038e7a16a029cf8cc65f328425e6153,echoes_fma::118048,TTA,absent,unknown,clean_or_unknown,with_music,other_fake_music,songgen,music_only,single_fake,none,not_partial_or_unknown,>20,songgen,correct,not_scored,FN
data\raw\public_v9\echoes_fma_paired\real\fma_127294.mp3,0,0,0,0,1,fma_artist_21081,Echoes::FMA_original,echoes_fma_paired,echoes_fma_paired,Octavian97/Echoes + official FMA,fma_127294,echoes_fma::127294,,,none,,,,,,,none,val_b_unseen_music_generator,expanded_unseen,expanded_unseen,0,0,0,0,1,0.4971114280691169,0.4971114280691169,,False,True,219.28,0.8183894157409668,1.4156610177451512e-06,0.7772011756896973,1.3024905456404667e-06,0.241714671254158,0.9999979138374328,0.0212760660797357,0.7903603911399841,real,0.39503075032047885,0.7220060194394118,1.4156610177451512e-06,0.07638571737334127,0.8427697718143463,https://huggingface.co/datasets/Octavian97/Echoes ; https://github.com/mdeff/fma,Echoes 14b0c76c6a691c42fadfab9fb6a4eb1ee8c628a2; FMA metadata rc1,generated CC BY-SA 4.0; original http://creativecommons.org/licenses/by/4.0/,YES,FOLLOW_CC_ATTRIBUTION_AND_SHAREALIKE,FOLLOW_ORIGINAL_FMA_TRACK_LICENSE,Echoes-FMA-paired,e6881194d160e9f87ea7ceed13b18b01b766ed9f912a402b51644d77300c2747,echoes_fma::127294,ATA,absent,unknown,clean_or_unknown,with_music,real_music,FMA_original,music_only,single_real,none,not_partial_or_unknown,>20,FMA_original,correct,not_scored,correct
data\raw\public_v9\echoes_fma_paired\fake\Autopsy_Oh_Yeah_the_Future_diffrhythm_ATA_001.mp3,1,0,1,0,1,fma_artist_21081,Echoes::diffrhythm,echoes_fma_paired,echoes_fma_paired,Octavian97/Echoes + official FMA,fma_127294,echoes_fma::127294,,,none,,,,,,,none,val_b_unseen_music_generator,expanded_unseen,expanded_unseen,1,0,1,0,1,0.7250395110037929,0.7250395110037929,,False,True,98.9635,0.7678508758544922,2.2854836061014797e-05,0.7325722575187683,2.165604382753372e-05,0.4166346490383148,0.999962329864502,0.0183929968625307,0.8199812769889832,fake,0.4643978983911863,0.7550074663992824,2.2854836061014797e-05,0.11795340990647674,0.8649765402078629,https://huggingface.co/datasets/Octavian97/Echoes ; https://github.com/mdeff/fma,Echoes 14b0c76c6a691c42fadfab9fb6a4eb1ee8c628a2; FMA metadata rc1,generated CC BY-SA 4.0; original http://creativecommons.org/licenses/by/4.0/,YES,FOLLOW_CC_ATTRIBUTION_AND_SHAREALIKE,FOLLOW_ORIGINAL_FMA_TRACK_LICENSE,Echoes-FMA-paired,b604f77105eedb8ee5209154d899230c734c062bcfa36eed45826640484e52cb,echoes_fma::127294,ATA,absent,unknown,clean_or_unknown,with_music,other_fake_music,diffrhythm,music_only,single_fake,none,not_partial_or_unknown,>20,diffrhythm,FN,not_scored,FN
data\raw\public_v9\echoes_fma_paired\fake\Autopsy_Oh_Yeah_the_Future_songgen_ATA_001.mp3,1,0,1,0,1,fma_artist_21081,Echoes::songgen,echoes_fma_paired,echoes_fma_paired,Octavian97/Echoes + official FMA,fma_127294,echoes_fma::127294,,,none,,,,,,,none,val_b_unseen_music_generator,expanded_unseen,expanded_unseen,1,0,1,0,1,0.971299027235208,0.971299027235208,,False,True,29.84,0.7274628281593323,0.0011978452093899,0.7079215049743652,0.0012171946000307,0.5514437556266785,0.9990646839141846,0.0243217218667268,0.8420500755310059,fake,0.5436009004666447,0.8006136878820949,0.0011978452093899,0.15610223030671472,0.8813037276268005,https://huggingface.co/datasets/Octavian97/Echoes ; https://github.com/mdeff/fma,Echoes 14b0c76c6a691c42fadfab9fb6a4eb1ee8c628a2; FMA metadata rc1,generated CC BY-SA 4.0; original http://creativecommons.org/licenses/by/4.0/,YES,FOLLOW_CC_ATTRIBUTION_AND_SHAREALIKE,FOLLOW_ORIGINAL_FMA_TRACK_LICENSE,Echoes-FMA-paired,2c193838fae1bcef1c844544041291f9f462f786ce1a70fc02bf288791e2a749,echoes_fma::127294,ATA,absent,unknown,clean_or_unknown,with_music,other_fake_music,songgen,music_only,single_fake,none,not_partial_or_unknown,>20,songgen,correct,not_scored,FN
data\raw\public_v9\echoes_fma_paired\real\fma_129963.mp3,0,0,0,0,1,fma_artist_19164,Echoes::FMA_original,echoes_fma_paired,echoes_fma_paired,Octavian97/Echoes + official FMA,fma_129963,echoes_fma::129963,,,none,,,,,,,none,val_b_unseen_music_generator,expanded_unseen,expanded_unseen,0,0,0,0,1,0.7004011693155578,0.7004011693155578,,False,True,327.0791875,0.7024706602096558,1.2108426744816825e-05,0.6778405904769897,1.1158816050738096e-05,0.4223330020904541,0.9999651908874512,0.0270720366388559,0.8156751990318298,real,0.43829951053658045,0.7018498129414263,1.2108426744816825e-05,0.12588727800175545,0.8617476969957352,https://huggingface.co/datasets/Octavian97/Echoes ; https://github.com/mdeff/fma,Echoes 14b0c76c6a691c42fadfab9fb6a4eb1ee8c628a2; FMA metadata rc1,generated CC BY-SA 4.0; original http://creativecommons.org/licenses/by/4.0/,YES,FOLLOW_CC_ATTRIBUTION_AND_SHAREALIKE,FOLLOW_ORIGINAL_FMA_TRACK_LICENSE,Echoes-FMA-paired,2c081bdc189ccb0026b5b1e3d26ded25face9a85fc31af5ea14b3cca67203c55,echoes_fma::129963,ATA,absent,unknown,clean_or_unknown,with_music,real_music,FMA_original,music_only,single_real,none,not_partial_or_unknown,>20,FMA_original,correct,not_scored,correct
data\raw\public_v9\echoes_fma_paired\fake\A_Dark_Blue_Arc_Pipe_Choir_diffrhythm_ATA_001.mp3,1,0,1,0,1,fma_artist_19164,Echoes::diffrhythm,echoes_fma_paired,echoes_fma_paired,Octavian97/Echoes + official FMA,fma_129963,echoes_fma::129963,,,none,,,,,,,none,val_b_unseen_music_generator,expanded_unseen,expanded_unseen,1,0,1,0,1,0.9518682756353306,0.9518682756353306,,False,True,104.95425,0.722690224647522,0.1822690665721893,0.6893976926803589,0.168526217341423,0.6014837622642517,0.6798226237297058,0.0435100495815277,0.5778566002845764,fake,0.6122107802939875,0.7914436399438646,0.1822690665721893,0.1830034777522087,0.6033481061458588,https://huggingface.co/datasets/Octavian97/Echoes ; https://github.com/mdeff/fma,Echoes 14b0c76c6a691c42fadfab9fb6a4eb1ee8c628a2; FMA metadata rc1,generated CC BY-SA 4.0; original http://creativecommons.org/licenses/by/4.0/,YES,FOLLOW_CC_ATTRIBUTION_AND_SHAREALIKE,FOLLOW_ORIGINAL_FMA_TRACK_LICENSE,Echoes-FMA-paired,b1de75c1f5439e98f50ac7bd733ac54eb527c37cbcbb76a464517976fc851575,echoes_fma::129963,ATA,absent,unknown,clean_or_unknown,with_music,other_fake_music,diffrhythm,music_only,single_fake,none,not_partial_or_unknown,>20,diffrhythm,correct,not_scored,FN
data\raw\public_v9\echoes_fma_paired\fake\A_Dark_Blue_Arc_Pipe_Choir_songgen_ATA_001.mp3,1,0,1,0,1,fma_artist_19164,Echoes::songgen,echoes_fma_paired,echoes_fma_paired,Octavian97/Echoes + official FMA,fma_129963,echoes_fma::129963,,,none,,,,,,,none,val_b_unseen_music_generator,expanded_unseen,expanded_unseen,1,0,1,0,1,0.9124494460962904,0.9124494460962904,,False,True,29.84,0.6657781004905701,0.2608731985092163,0.6681169867515564,0.26307213306427,0.8322127461433411,0.9780447483062744,0.051035463809967,0.471630334854126,fake,0.6296384328868674,0.7397795041722861,0.2608731985092163,0.24632978439331052,0.5982339382171631,https://huggingface.co/datasets/Octavian97/Echoes ; https://github.com/mdeff/fma,Echoes 14b0c76c6a691c42fadfab9fb6a4eb1ee8c628a2; FMA metadata rc1,generated CC BY-SA 4.0; original http://creativecommons.org/licenses/by/4.0/,YES,FOLLOW_CC_ATTRIBUTION_AND_SHAREALIKE,FOLLOW_ORIGINAL_FMA_TRACK_LICENSE,Echoes-FMA-paired,9d42708664617777d6daa91a578dab9500e6d55e5635369e5349415c3cf46204,echoes_fma::129963,ATA,absent,unknown,clean_or_unknown,with_music,other_fake_music,songgen,music_only,single_fake,none,not_partial_or_unknown,>20,songgen,correct,not_scored,FN
data\raw\public_v9\echoes_fma_paired\real\fma_130129.mp3,0,0,0,0,1,fma_artist_21456,Echoes::FMA_original,echoes_fma_paired,echoes_fma_paired,Octavian97/Echoes + official FMA,fma_130129,echoes_fma::130129,,,none,,,,,,,none,val_b_unseen_music_generator,expanded_unseen,expanded_unseen,0,0,0,0,1,0.6529396197735741,0.6529396197735741,,False,True,288.0,0.7657341361045837,1.158237864729017e-05,0.7220637202262878,1.0858115274459124e-05,0.3975540101528168,0.9999804496765136,0.0217211171984672,0.8421676158905029,real,0.4377010591703189,0.7318957812052808,1.158237864729017e-05,0.11567934043705459,0.8816208243370056,https://huggingface.co/datasets/Octavian97/Echoes ; https://github.com/mdeff/fma,Echoes 14b0c76c6a691c42fadfab9fb6a4eb1ee8c628a2; FMA metadata rc1,generated CC BY-SA 4.0; original http://creativecommons.org/licenses/by/4.0/,YES,FOLLOW_CC_ATTRIBUTION_AND_SHAREALIKE,FOLLOW_ORIGINAL_FMA_TRACK_LICENSE,Echoes-FMA-paired,24d8a926ef279df5a9c752bda067d42bc267c548f850ac07d5cb54aaf839c24b,echoes_fma::130129,ATA,absent,unknown,clean_or_unknown,with_music,real_music,FMA_original,music_only,single_real,none,not_partial_or_unknown,>20,FMA_original,correct,not_scored,correct
data\raw\public_v9\echoes_fma_paired\fake\Artificial_anxiety_Michett_diffrhythm_ATA_001.mp3,1,0,1,0,1,fma_artist_21456,Echoes::diffrhythm,echoes_fma_paired,echoes_fma_paired,Octavian97/Echoes + official FMA,fma_130129,echoes_fma::130129,,,none,,,,,,,none,val_b_unseen_music_generator,expanded_unseen,expanded_unseen,1,0,1,0,1,0.945749873600612,0.945749873600612,,False,True,102.9573125,0.7291574478149414,0.0024307561106979,0.6998704671859741,0.0024015791714191,0.6026865839958191,0.9944610595703124,0.1009121537208557,0.6744201183319092,fake,0.5353264041134291,0.7941351755506426,0.0024307561106979,0.22635576128959656,0.75443035364151,https://huggingface.co/datasets/Octavian97/Echoes ; https://github.com/mdeff/fma,Echoes 14b0c76c6a691c42fadfab9fb6a4eb1ee8c628a2; FMA metadata rc1,generated CC BY-SA 4.0; original http://creativecommons.org/licenses/by/4.0/,YES,FOLLOW_CC_ATTRIBUTION_AND_SHAREALIKE,FOLLOW_ORIGINAL_FMA_TRACK_LICENSE,Echoes-FMA-paired,60832062bec9f98d4aa9a77e402c57a6966292d982dd7e98531cbeec77dd9ade,echoes_fma::130129,ATA,absent,unknown,clean_or_unknown,with_music,other_fake_music,diffrhythm,music_only,single_fake,none,not_partial_or_unknown,>20,diffrhythm,correct,not_scored,FN
data\raw\public_v9\echoes_fma_paired\fake\Artificial_anxiety_Michett_songgen_ATA_001.mp3,1,0,1,0,1,fma_artist_21456,Echoes::songgen,echoes_fma_paired,echoes_fma_paired,Octavian97/Echoes + official FMA,fma_130129,echoes_fma::130129,,,none,,,,,,,none,val_b_unseen_music_generator,expanded_unseen,expanded_unseen,1,0,1,0,1,0.933915791144822,0.933915791144822,,False,True,25.96,0.6967902779579163,3.777313850150677e-06,0.6741323471069336,3.5576185837271623e-06,0.482231467962265,0.9999942779541016,0.5971989631652832,0.1277245730161667,fake,0.5214535850893088,0.767927931913988,3.777313850150677e-06,0.5684570893645287,0.3457919992506504,https://huggingface.co/datasets/Octavian97/Echoes ; https://github.com/mdeff/fma,Echoes 14b0c76c6a691c42fadfab9fb6a4eb1ee8c628a2; FMA metadata rc1,generated CC BY-SA 4.0; original http://creativecommons.org/licenses/by/4.0/,YES,FOLLOW_CC_ATTRIBUTION_AND_SHAREALIKE,FOLLOW_ORIGINAL_FMA_TRACK_LICENSE,Echoes-FMA-paired,05f8704cf5e717f25240d07cc2694a5f996a1ce117031e83d0735dda5ec4a1e5,echoes_fma::130129,ATA,absent,unknown,clean_or_unknown,with_music,other_fake_music,songgen,music_only,single_fake,none,not_partial_or_unknown,>20,songgen,correct,not_scored,FN
data\raw\public_v9\echoes_fma_paired\real\fma_130401.mp3,0,0,0,0,1,fma_artist_21502,Echoes::FMA_original,echoes_fma_paired,echoes_fma_paired,Octavian97/Echoes + official FMA,fma_130401,echoes_fma::130401,,,none,,,,,,,none,val_b_unseen_music_generator,expanded_unseen,expanded_unseen,0,0,0,0,1,0.8666897562884143,0.8666897562884143,,False,True,270.680875,0.7194862365722656,3.9274723917515086e-07,0.6937047243118286,3.646948698587949e-07,0.3936123847961426,0.9999993443489076,0.0243785083293914,0.8402512073516846,real,0.5030403453254236,0.7636472924871102,1e-06,0.1166869774460792,0.8801882416009903,https://huggingface.co/datasets/Octavian97/Echoes ; https://github.com/mdeff/fma,Echoes 14b0c76c6a691c42fadfab9fb6a4eb1ee8c628a2; FMA metadata rc1,generated CC BY-SA 4.0; original http://creativecommons.org/licenses/by/4.0/,YES,FOLLOW_CC_ATTRIBUTION_AND_SHAREALIKE,FOLLOW_ORIGINAL_FMA_TRACK_LICENSE,Echoes-FMA-paired,825ad9652d5d43d5d7990707f2cef0d3043b4d1782ab52d63464debdbe5ccd5c,echoes_fma::130401,ATA,absent,unknown,clean_or_unknown,with_music,real_music,FMA_original,music_only,single_real,none,not_partial_or_unknown,>20,FMA_original,FP,not_scored,correct
data\raw\public_v9\echoes_fma_paired\fake\50000_Volts_of_Democracy_mp3_Legally_Blind_diffrhythm_ATA_001.mp3,1,0,1,0,1,fma_artist_21502,Echoes::diffrhythm,echoes_fma_paired,echoes_fma_paired,Octavian97/Echoes + official FMA,fma_130401,echoes_fma::130401,,,none,,,,,,,none,val_b_unseen_music_generator,expanded_unseen,expanded_unseen,1,0,1,0,1,0.973286716348346,0.973286716348346,,False,True,116.9821875,0.7202876210212708,2.873490075216978e-06,0.6914694309234619,2.6474679089005804e-06,0.3766349256038666,0.9999947547912598,0.0186713282018899,0.861066997051239,fake,0.5418931476149352,0.7961873496193932,2.873490075216978e-06,0.10816222755238407,0.8957989364862442,https://huggingface.co/datasets/Octavian97/Echoes ; https://github.com/mdeff/fma,Echoes 14b0c76c6a691c42fadfab9fb6a4eb1ee8c628a2; FMA metadata rc1,generated CC BY-SA 4.0; original http://creativecommons.org/licenses/by/4.0/,YES,FOLLOW_CC_ATTRIBUTION_AND_SHAREALIKE,FOLLOW_ORIGINAL_FMA_TRACK_LICENSE,Echoes-FMA-paired,11e854675c3132d1e1e61395634523c69900c22581e009b66d2d594080f88cf6,echoes_fma::130401,ATA,absent,unknown,clean_or_unknown,with_music,other_fake_music,diffrhythm,music_only,single_fake,none,not_partial_or_unknown,>20,diffrhythm,correct,not_scored,FN
data\raw\public_v9\echoes_fma_paired\fake\50000_Volts_of_Democracy_mp3_Legally_Blind_songgen_TTA_001.mp3,1,0,1,0,1,fma_artist_21502,Echoes::songgen,echoes_fma_paired,echoes_fma_paired,Octavian97/Echoes + official FMA,fma_130401,echoes_fma::130401,,,none,,,,,,,none,val_b_unseen_music_generator,expanded_unseen,expanded_unseen,1,0,1,0,1,0.9645586208625712,0.9645586208625712,,False,True,24.3,0.7420881986618042,6.079910963308066e-05,0.7126660346984863,5.7212695537600666e-05,0.368652731180191,0.9999461770057678,0.0338152796030044,0.8755450248718262,fake,0.5444764655997854,0.8088293253220342,6.079910963308066e-05,0.11752464249730105,0.9066453129053116,https://huggingface.co/datasets/Octavian97/Echoes ; https://github.com/mdeff/fma,Echoes 14b0c76c6a691c42fadfab9fb6a4eb1ee8c628a2; FMA metadata rc1,generated CC BY-SA 4.0; original http://creativecommons.org/licenses/by/4.0/,YES,FOLLOW_CC_ATTRIBUTION_AND_SHAREALIKE,FOLLOW_ORIGINAL_FMA_TRACK_LICENSE,Echoes-FMA-paired,60e2a265903bfccce85f4c024ecaf9e4a0b032c8dabee05742380ecc1133e479,echoes_fma::130401,TTA,absent,unknown,clean_or_unknown,with_music,other_fake_music,songgen,music_only,single_fake,none,not_partial_or_unknown,>20,songgen,correct,not_scored,FN
data\raw\public_v9\echoes_fma_paired\real\fma_137049.mp3,0,0,0,0,1,fma_artist_22121,Echoes::FMA_original,echoes_fma_paired,echoes_fma_paired,Octavian97/Echoes + official FMA,fma_137049,echoes_fma::137049,,,none,,,,,,,none,val_b_unseen_music_generator,expanded_unseen,expanded_unseen,0,0,0,0,1,0.4377286211643429,0.4377286211643429,,False,True,238.1084375,0.7191969752311707,0.0010825929930433,0.706423282623291,0.0010370289674028,0.561880886554718,0.9961698651313782,0.188026025891304,0.4171855747699737,real,0.34800299581580874,0.6347564690111223,0.0010825929930433,0.2814897410571575,0.5619316473603249,https://huggingface.co/datasets/Octavian97/Echoes ; https://github.com/mdeff/fma,Echoes 14b0c76c6a691c42fadfab9fb6a4eb1ee8c628a2; FMA metadata rc1,generated CC BY-SA 4.0; original http://creativecommons.org/licenses/by/4.0/,YES,FOLLOW_CC_ATTRIBUTION_AND_SHAREALIKE,FOLLOW_ORIGINAL_FMA_TRACK_LICENSE,Echoes-FMA-paired,2694c18ad02610e545f541abc88723036150b80fadced8918fd2a4def01f7a94,echoes_fma::137049,ATA,absent,unknown,clean_or_unknown,with_music,real_music,FMA_original,music_only,single_real,none,not_partial_or_unknown,>20,FMA_original,correct,not_scored,correct
data\raw\public_v9\echoes_fma_paired\fake\Autobahn_S-B-J_diffrhythm_ATA_001.mp3,1,0,1,0,1,fma_artist_22121,Echoes::diffrhythm,echoes_fma_paired,echoes_fma_paired,Octavian97/Echoes + official FMA,fma_137049,echoes_fma::137049,,,none,,,,,,,none,val_b_unseen_music_generator,expanded_unseen,expanded_unseen,1,0,1,0,1,0.9510337111730924,0.9510337111730924,,False,True,142.9885,0.6820888519287109,0.0002110374334733,0.6669483780860901,0.0001989935990422,0.5301387310028076,0.9996406435966492,0.0401144213974475,0.8257072567939758,fake,0.5238914405022644,0.7627723097020254,0.0002110374334733,0.16262049879878754,0.8691906034946442,https://huggingface.co/datasets/Octavian97/Echoes ; https://github.com/mdeff/fma,Echoes 14b0c76c6a691c42fadfab9fb6a4eb1ee8c628a2; FMA metadata rc1,generated CC BY-SA 4.0; original http://creativecommons.org/licenses/by/4.0/,YES,FOLLOW_CC_ATTRIBUTION_AND_SHAREALIKE,FOLLOW_ORIGINAL_FMA_TRACK_LICENSE,Echoes-FMA-paired,889e9a8ce502315e2f8761cba2fd734833d1ccfce4f4ac15ae7f966f92a06f2b,echoes_fma::137049,ATA,absent,unknown,clean_or_unknown,with_music,other_fake_music,diffrhythm,music_only,single_fake,none,not_partial_or_unknown,>20,diffrhythm,correct,not_scored,FN
data\raw\public_v9\echoes_fma_paired\fake\Autobahn_S-B-J_songgen_ATA_001.mp3,1,0,1,0,1,fma_artist_22121,Echoes::songgen,echoes_fma_paired,echoes_fma_paired,Octavian97/Echoes + official FMA,fma_137049,echoes_fma::137049,,,none,,,,,,,none,val_b_unseen_music_generator,expanded_unseen,expanded_unseen,1,0,1,0,1,0.9974085245978735,0.9974085245978735,,False,True,28.7,0.7450623512268066,0.0035831029526889,0.7474644184112549,0.0033569601364433,0.8378697037696838,0.954537570476532,0.6734893918037415,0.7704810500144958,fake,0.5586391473448318,0.8207662032381267,0.0035831029526889,0.714584469795227,0.8164951801300049,https://huggingface.co/datasets/Octavian97/Echoes ; https://github.com/mdeff/fma,Echoes 14b0c76c6a691c42fadfab9fb6a4eb1ee8c628a2; FMA metadata rc1,generated CC BY-SA 4.0; original http://creativecommons.org/licenses/by/4.0/,YES,FOLLOW_CC_ATTRIBUTION_AND_SHAREALIKE,FOLLOW_ORIGINAL_FMA_TRACK_LICENSE,Echoes-FMA-paired,cfa38d1ac6bcadb51d376b02aa23258a7bb095b69909301f9c5e091e7384a2d8,echoes_fma::137049,ATA,absent,unknown,clean_or_unknown,with_music,other_fake_music,songgen,music_only,single_fake,none,not_partial_or_unknown,>20,songgen,correct,not_scored,FN
data\raw\public_v9\echoes_fma_paired\real\fma_138061.mp3,0,0,0,0,1,fma_artist_22222,Echoes::FMA_original,echoes_fma_paired,echoes_fma_paired,Octavian97/Echoes + official FMA,fma_138061,echoes_fma::138061,,,none,,,,,,,none,val_b_unseen_music_generator,expanded_unseen,expanded_unseen,0,0,0,0,1,0.4362962428261845,0.4362962428261845,,False,True,216.0,0.6943743824958801,0.0017324363579973,0.6843583583831787,0.0016335393302142,0.6740131378173828,0.9947602152824402,0.0437515787780284,0.8184185028076172,real,0.34129209372251945,0.6169509405949715,0.0017324363579973,0.201316968537867,0.8625039309263229,https://huggingface.co/datasets/Octavian97/Echoes ; https://github.com/mdeff/fma,Echoes 14b0c76c6a691c42fadfab9fb6a4eb1ee8c628a2; FMA metadata rc1,generated CC BY-SA 4.0; original http://creativecommons.org/licenses/by/4.0/,YES,FOLLOW_CC_ATTRIBUTION_AND_SHAREALIKE,FOLLOW_ORIGINAL_FMA_TRACK_LICENSE,Echoes-FMA-paired,9d38d4a8389850a3d53c9c9d1d8ae11a4ed86d98d06a5dc53803ce2fd36fe060,echoes_fma::138061,ATA,absent,unknown,clean_or_unknown,with_music,real_music,FMA_original,music_only,single_real,none,not_partial_or_unknown,>20,FMA_original,correct,not_scored,correct
data\raw\public_v9\echoes_fma_paired\fake\Bergwald_Bergwald_Every_Now_and_Every_Then_diffrhythm_ATA_001.mp3,1,0,1,0,1,fma_artist_22222,Echoes::diffrhythm,echoes_fma_paired,echoes_fma_paired,Octavian97/Echoes + official FMA,fma_138061,echoes_fma::138061,,,none,,,,,,,none,val_b_unseen_music_generator,expanded_unseen,expanded_unseen,1,0,1,0,1,0.3372331842743549,0.3372331842743549,,False,True,111.966625,0.7056123614311218,3.762225105674588e-06,0.6922621726989746,3.594963573050336e-06,0.4887689650058746,0.9999954104423524,0.0317696146667003,0.7685990333557129,fake,0.307472193535281,0.5950986082840917,3.762225105674588e-06,0.14601945225149388,0.8264481276273727,https://huggingface.co/datasets/Octavian97/Echoes ; https://github.com/mdeff/fma,Echoes 14b0c76c6a691c42fadfab9fb6a4eb1ee8c628a2; FMA metadata rc1,generated CC BY-SA 4.0; original http://creativecommons.org/licenses/by/4.0/,YES,FOLLOW_CC_ATTRIBUTION_AND_SHAREALIKE,FOLLOW_ORIGINAL_FMA_TRACK_LICENSE,Echoes-FMA-paired,dfeb39c0b574690c5c0f6707a713a7f2f75d4f1a552b12d18bb29182bb048144,echoes_fma::138061,ATA,absent,unknown,clean_or_unknown,with_music,other_fake_music,diffrhythm,music_only,single_fake,none,not_partial_or_unknown,>20,diffrhythm,FN,not_scored,FN
data\raw\public_v9\echoes_fma_paired\fake\Bergwald_Bergwald_Every_Now_and_Every_Then_songgen_TTA_001.mp3,1,0,1,0,1,fma_artist_22222,Echoes::songgen,echoes_fma_paired,echoes_fma_paired,Octavian97/Echoes + official FMA,fma_138061,echoes_fma::138061,,,none,,,,,,,none,val_b_unseen_music_generator,expanded_unseen,expanded_unseen,1,0,1,0,1,0.9819077791844396,0.9819077791844396,,False,True,22.9,0.7155916094779968,0.000110614389996,0.6899871826171875,0.0001044420569087,0.420291006565094,0.9993863105773926,0.0957751870155334,0.9151217937469482,fake,0.5438320165163355,0.7954864603899297,0.000110614389996,0.17690414190292356,0.9361879229545593,https://huggingface.co/datasets/Octavian97/Echoes ; https://github.com/mdeff/fma,Echoes 14b0c76c6a691c42fadfab9fb6a4eb1ee8c628a2; FMA metadata rc1,generated CC BY-SA 4.0; original http://creativecommons.org/licenses/by/4.0/,YES,FOLLOW_CC_ATTRIBUTION_AND_SHAREALIKE,FOLLOW_ORIGINAL_FMA_TRACK_LICENSE,Echoes-FMA-paired,cbb4a58b7c550cb72c64173e32bba0891d08341a612f9a64928b5efd841c6107,echoes_fma::138061,TTA,absent,unknown,clean_or_unknown,with_music,other_fake_music,songgen,music_only,single_fake,none,not_partial_or_unknown,>20,songgen,correct,not_scored,FN
data\raw\public_v9\echoes_fma_paired\real\fma_140924.mp3,0,0,0,0,1,fma_artist_21691,Echoes::FMA_original,echoes_fma_paired,echoes_fma_paired,Octavian97/Echoes + official FMA,fma_140924,echoes_fma::140924,,,none,,,,,,,none,val_b_unseen_music_generator,expanded_unseen,expanded_unseen,0,0,0,0,1,0.4950457570133072,0.4950457570133072,,False,True,293.75,0.7201690077781677,1.2800324133976915e-09,0.6933486461639404,1.1717675718614371e-09,0.3807030916213989,1.0,0.021020034328103,0.8827128410339355,real,0.36849845206524656,0.6526320325487095,1e-06,0.11094079865142698,0.9120346307754517,https://huggingface.co/datasets/Octavian97/Echoes ; https://github.com/mdeff/fma,Echoes 14b0c76c6a691c42fadfab9fb6a4eb1ee8c628a2; FMA metadata rc1,generated CC BY-SA 4.0; original http://creativecommons.org/licenses/by/3.0/,YES,FOLLOW_CC_ATTRIBUTION_AND_SHAREALIKE,FOLLOW_ORIGINAL_FMA_TRACK_LICENSE,Echoes-FMA-paired,d17a30b0ee712b1c8cbea40729109250e1ff7667458640d6370f73dd299ec7d0,echoes_fma::140924,ATA,absent,unknown,clean_or_unknown,with_music,real_music,FMA_original,music_only,single_real,none,not_partial_or_unknown,>20,FMA_original,correct,not_scored,correct
data\raw\public_v9\echoes_fma_paired\fake\Authenticity_Nihilore_diffrhythm_ATA_001.mp3,1,0,1,0,1,fma_artist_21691,Echoes::diffrhythm,echoes_fma_paired,echoes_fma_paired,Octavian97/Echoes + official FMA,fma_140924,echoes_fma::140924,,,none,,,,,,,none,val_b_unseen_music_generator,expanded_unseen,expanded_unseen,1,0,1,0,1,0.9913728613393464,0.9913728613393464,,False,True,143.96375,0.7006196975708008,0.1906018853187561,0.6775653958320618,0.1766458004713058,0.6037626266479492,0.677202045917511,0.0203483290970325,0.6176190376281738,fake,0.624691390418576,0.7878456467013644,0.1906018853187561,0.1662019034847617,0.6325147897005081,https://huggingface.co/datasets/Octavian97/Echoes ; https://github.com/mdeff/fma,Echoes 14b0c76c6a691c42fadfab9fb6a4eb1ee8c628a2; FMA metadata rc1,generated CC BY-SA 4.0; original http://creativecommons.org/licenses/by/3.0/,YES,FOLLOW_CC_ATTRIBUTION_AND_SHAREALIKE,FOLLOW_ORIGINAL_FMA_TRACK_LICENSE,Echoes-FMA-paired,34e2299d8ace22e1af85767be46cf73531c943bcac716f718f69f5d8936cdbd0,echoes_fma::140924,ATA,absent,unknown,clean_or_unknown,with_music,other_fake_music,diffrhythm,music_only,single_fake,none,not_partial_or_unknown,>20,diffrhythm,correct,not_scored,FN
data\raw\public_v9\echoes_fma_paired\fake\Authenticity_Nihilore_songgen_ATA_001.mp3,1,0,1,0,1,fma_artist_21691,Echoes::songgen,echoes_fma_paired,echoes_fma_paired,Octavian97/Echoes + official FMA,fma_140924,echoes_fma::140924,,,none,,,,,,,none,val_b_unseen_music_generator,expanded_unseen,expanded_unseen,1,0,1,0,1,0.7233968989083784,0.7233968989083784,,False,True,29.42,0.7234468460083008,1.1974168955930509e-05,0.7088009119033813,1.1228910807403736e-05,0.6028540134429932,0.99999737739563,0.0335082411766052,0.8653304576873779,fake,0.452141625650624,0.723431861878324,1.1974168955930509e-05,0.17584468424320218,0.8989971876144409,https://huggingface.co/datasets/Octavian97/Echoes ; https://github.com/mdeff/fma,Echoes 14b0c76c6a691c42fadfab9fb6a4eb1ee8c628a2; FMA metadata rc1,generated CC BY-SA 4.0; original http://creativecommons.org/licenses/by/3.0/,YES,FOLLOW_CC_ATTRIBUTION_AND_SHAREALIKE,FOLLOW_ORIGINAL_FMA_TRACK_LICENSE,Echoes-FMA-paired,451fc583501254045493a2dd692810046913cc465460c7d977e62fffdb9dd3c8,echoes_fma::140924,ATA,absent,unknown,clean_or_unknown,with_music,other_fake_music,songgen,music_only,single_fake,none,not_partial_or_unknown,>20,songgen,FN,not_scored,FN
data\raw\public_v9\echoes_fma_paired\real\fma_140926.mp3,0,0,0,0,1,fma_artist_21691,Echoes::FMA_original,echoes_fma_paired,echoes_fma_paired,Octavian97/Echoes + official FMA,fma_140926,echoes_fma::140926,,,none,,,,,,,none,val_b_unseen_music_generator,expanded_unseen,expanded_unseen,0,0,0,0,1,0.4696646083145617,0.4696646083145617,,False,True,296.6129375,0.6972919702529907,9.327503676104244e-07,0.6793025732040405,8.48790136842581e-07,0.5033160448074341,0.9999985694885254,0.0276530925184488,0.8544926047325134,real,0.3532930107693191,0.629003761671462,1e-06,0.14656883059069511,0.8908690959215164,https://huggingface.co/datasets/Octavian97/Echoes ; https://github.com/mdeff/fma,Echoes 14b0c76c6a691c42fadfab9fb6a4eb1ee8c628a2; FMA metadata rc1,generated CC BY-SA 4.0; original http://creativecommons.org/licenses/by/3.0/,YES,FOLLOW_CC_ATTRIBUTION_AND_SHAREALIKE,FOLLOW_ORIGINAL_FMA_TRACK_LICENSE,Echoes-FMA-paired,984f735a64fe11eff86a0d20ee281afe7e4c724937888b7ece5e95d4d6b3f5a2,echoes_fma::140926,ATA,absent,unknown,clean_or_unknown,with_music,real_music,FMA_original,music_only,single_real,none,not_partial_or_unknown,>20,FMA_original,correct,not_scored,correct
data\raw\public_v9\echoes_fma_paired\fake\A_Different_World_By_Night_Nihilore_diffrhythm_ATA_001.mp3,1,0,1,0,1,fma_artist_21691,Echoes::diffrhythm,echoes_fma_paired,echoes_fma_paired,Octavian97/Echoes + official FMA,fma_140926,echoes_fma::140926,,,none,,,,,,,none,val_b_unseen_music_generator,expanded_unseen,expanded_unseen,1,0,1,0,1,0.9940112780498253,0.9940112780498253,,False,True,121.9976875,0.6888930797576904,0.0637349560856819,0.6635569334030151,0.0545368306338787,0.6242309212684631,0.7078220844268799,0.2060541063547134,0.584987461566925,fake,0.5668627247454854,0.7804285392453308,0.0637349560856819,0.31059831008315086,0.6156961172819138,https://huggingface.co/datasets/Octavian97/Echoes ; https://github.com/mdeff/fma,Echoes 14b0c76c6a691c42fadfab9fb6a4eb1ee8c628a2; FMA metadata rc1,generated CC BY-SA 4.0; original http://creativecommons.org/licenses/by/3.0/,YES,FOLLOW_CC_ATTRIBUTION_AND_SHAREALIKE,FOLLOW_ORIGINAL_FMA_TRACK_LICENSE,Echoes-FMA-paired,c80f69523a7769d50382f05aadb8acaee758e068e0028e1ba6a8f8ced5cb3d75,echoes_fma::140926,ATA,absent,unknown,clean_or_unknown,with_music,other_fake_music,diffrhythm,music_only,single_fake,none,not_partial_or_unknown,>20,diffrhythm,correct,not_scored,FN
data\raw\public_v9\echoes_fma_paired\fake\A_Different_World_By_Night_Nihilore_songgen_ATA_001.mp3,1,0,1,0,1,fma_artist_21691,Echoes::songgen,echoes_fma_paired,echoes_fma_paired,Octavian97/Echoes + official FMA,fma_140926,echoes_fma::140926,,,none,,,,,,,none,val_b_unseen_music_generator,expanded_unseen,expanded_unseen,1,0,1,0,1,0.4794779422429422,0.4794779422429422,,False,True,29.84,0.7279548048973083,0.071064107120037,0.7246204614639282,0.0713777914643287,0.7530732750892639,0.9420318603515624,0.0189166087657213,0.7865137457847595,fake,0.40090180644834267,0.6534117461009985,0.071064107120037,0.20245577534660694,0.8253932744264603,https://huggingface.co/datasets/Octavian97/Echoes ; https://github.com/mdeff/fma,Echoes 14b0c76c6a691c42fadfab9fb6a4eb1ee8c628a2; FMA metadata rc1,generated CC BY-SA 4.0; original http://creativecommons.org/licenses/by/3.0/,YES,FOLLOW_CC_ATTRIBUTION_AND_SHAREALIKE,FOLLOW_ORIGINAL_FMA_TRACK_LICENSE,Echoes-FMA-paired,f64f2b46b4fdf346e1932318f8fc6d10a2c17629dbb38f965023b48010e97b84,echoes_fma::140926,ATA,absent,unknown,clean_or_unknown,with_music,other_fake_music,songgen,music_only,single_fake,none,not_partial_or_unknown,>20,songgen,FN,not_scored,FN
data\raw\public_v9\echoes_fma_paired\real\fma_140932.mp3,0,0,0,0,1,fma_artist_21691,Echoes::FMA_original,echoes_fma_paired,echoes_fma_paired,Octavian97/Echoes + official FMA,fma_140932,echoes_fma::140932,,,none,,,,,,,none,val_b_unseen_music_generator,expanded_unseen,expanded_unseen,0,0,0,0,1,0.4184045642063825,0.4184045642063825,,False,True,372.0000625,0.71340012550354,2.9926436884153414e-09,0.6802200078964233,2.731957104984417e-09,0.4130995273590088,1.0,0.0245449468493461,0.86937016248703,real,0.3389391889149279,0.6249014571143927,1e-06,0.12168359197676176,0.9020276218652725,https://huggingface.co/datasets/Octavian97/Echoes ; https://github.com/mdeff/fma,Echoes 14b0c76c6a691c42fadfab9fb6a4eb1ee8c628a2; FMA metadata rc1,generated CC BY-SA 4.0; original http://creativecommons.org/licenses/by/3.0/,YES,FOLLOW_CC_ATTRIBUTION_AND_SHAREALIKE,FOLLOW_ORIGINAL_FMA_TRACK_LICENSE,Echoes-FMA-paired,f49409677fe1d374c2f4167a1dfbde43d85be3f168b615aa2192099ba350e0bf,echoes_fma::140932,ATA,absent,unknown,clean_or_unknown,with_music,real_music,FMA_original,music_only,single_real,none,not_partial_or_unknown,>20,FMA_original,correct,not_scored,correct
data\raw\public_v9\echoes_fma_paired\fake\10000_People_Chanting_Im_an_Individual_Nihilore_diffrhythm_ATA_001.mp3,1,0,1,0,1,fma_artist_21691,Echoes::diffrhythm,echoes_fma_paired,echoes_fma_paired,Octavian97/Echoes + official FMA,fma_140932,echoes_fma::140932,,,none,,,,,,,none,val_b_unseen_music_generator,expanded_unseen,expanded_unseen,1,0,1,0,1,0.8944343378238269,0.8944343378238269,,False,True,138.9946875,0.707694411277771,4.268341581337154e-05,0.6933823823928833,4.098333010915667e-05,0.5717757344245911,0.9999375343322754,0.0404672026634216,0.7617723345756531,fake,0.510021381192196,0.7637163892415877,4.268341581337154e-05,0.17329433560371396,0.8213136345148087,https://huggingface.co/datasets/Octavian97/Echoes ; https://github.com/mdeff/fma,Echoes 14b0c76c6a691c42fadfab9fb6a4eb1ee8c628a2; FMA metadata rc1,generated CC BY-SA 4.0; original http://creativecommons.org/licenses/by/3.0/,YES,FOLLOW_CC_ATTRIBUTION_AND_SHAREALIKE,FOLLOW_ORIGINAL_FMA_TRACK_LICENSE,Echoes-FMA-paired,e374a45226b87ff4973211ef8fac3b0ac34def1972b74cad42aac0f97c546285,echoes_fma::140932,ATA,absent,unknown,clean_or_unknown,with_music,other_fake_music,diffrhythm,music_only,single_fake,none,not_partial_or_unknown,>20,diffrhythm,correct,not_scored,FN
data\raw\public_v9\echoes_fma_paired\fake\10000_People_Chanting_Im_an_Individual_Nihilore_songgen_ATA_001.mp3,1,0,1,0,1,fma_artist_21691,Echoes::songgen,echoes_fma_paired,echoes_fma_paired,Octavian97/Echoes + official FMA,fma_140932,echoes_fma::140932,,,none,,,,,,,none,val_b_unseen_music_generator,expanded_unseen,expanded_unseen,1,0,1,0,1,0.9784084128596062,0.9784084128596062,,False,True,29.7,0.6469433307647705,0.0015893725212663,0.6568785905838013,0.0015199498739093,0.8766354918479919,0.993778645992279,0.1470384448766708,0.7000420689582825,fake,0.5252168147352856,0.7463828553932212,0.0015893725212663,0.3294377066195011,0.7734762132167816,https://huggingface.co/datasets/Octavian97/Echoes ; https://github.com/mdeff/fma,Echoes 14b0c76c6a691c42fadfab9fb6a4eb1ee8c628a2; FMA metadata rc1,generated CC BY-SA 4.0; original http://creativecommons.org/licenses/by/3.0/,YES,FOLLOW_CC_ATTRIBUTION_AND_SHAREALIKE,FOLLOW_ORIGINAL_FMA_TRACK_LICENSE,Echoes-FMA-paired,f2c0bfbc1e674cdfa477551c6b4f0a427ae4b0e84c97f623ceef365383934e44,echoes_fma::140932,ATA,absent,unknown,clean_or_unknown,with_music,other_fake_music,songgen,music_only,single_fake,none,not_partial_or_unknown,>20,songgen,correct,not_scored,FN
data\raw\public_v9\echoes_fma_paired\real\fma_141875.mp3,0,0,0,0,1,fma_artist_22429,Echoes::FMA_original,echoes_fma_paired,echoes_fma_paired,Octavian97/Echoes + official FMA,fma_141875,echoes_fma::141875,,,none,,,,,,,none,val_b_unseen_music_generator,expanded_unseen,expanded_unseen,0,0,0,0,1,0.4241519251471446,0.4241519251471446,,False,True,216.0,0.6857118606567383,0.0003897794522345,0.6724423170089722,0.0003752035554498,0.5100343227386475,0.9989483952522278,0.0250850226730108,0.9043702483177184,real,0.33395254572102007,0.6072438800038601,0.0003897794522345,0.14632234768941996,0.9280147850513457,https://huggingface.co/datasets/Octavian97/Echoes ; https://github.com/mdeff/fma,Echoes 14b0c76c6a691c42fadfab9fb6a4eb1ee8c628a2; FMA metadata rc1,generated CC BY-SA 4.0; original http://creativecommons.org/licenses/by/4.0/,YES,FOLLOW_CC_ATTRIBUTION_AND_SHAREALIKE,FOLLOW_ORIGINAL_FMA_TRACK_LICENSE,Echoes-FMA-paired,01664dfd1e9eb47506856d5e205edda79f89053b0a93f9982fb1508239341cad,echoes_fma::141875,ATA,absent,unknown,clean_or_unknown,with_music,real_music,FMA_original,music_only,single_real,none,not_partial_or_unknown,>20,FMA_original,correct,not_scored,correct
data\raw\public_v9\echoes_fma_paired\fake\Acoustic_Unleashed_Remain_diffrhythm_ATA_001.mp3,1,0,1,0,1,fma_artist_22429,Echoes::diffrhythm,echoes_fma_paired,echoes_fma_paired,Octavian97/Echoes + official FMA,fma_141875,echoes_fma::141875,,,none,,,,,,,none,val_b_unseen_music_generator,expanded_unseen,expanded_unseen,1,0,1,0,1,0.7833065287040929,0.7833065287040929,,False,True,101.9820625,0.7347671985626221,6.83798934915103e-05,0.6941794157028198,6.455355469370261e-05,0.4264432489871979,0.99979966878891,0.0342774279415607,0.8575317859649658,fake,0.47685564168209904,0.7493289976050632,6.83798934915103e-05,0.13231888320297,0.8930987566709518,https://huggingface.co/datasets/Octavian97/Echoes ; https://github.com/mdeff/fma,Echoes 14b0c76c6a691c42fadfab9fb6a4eb1ee8c628a2; FMA metadata rc1,generated CC BY-SA 4.0; original http://creativecommons.org/licenses/by/4.0/,YES,FOLLOW_CC_ATTRIBUTION_AND_SHAREALIKE,FOLLOW_ORIGINAL_FMA_TRACK_LICENSE,Echoes-FMA-paired,f8f2f969dac8065de9e4c333bb805d1f11ac8e9e6290db46ff1add5ec953cece,echoes_fma::141875,ATA,absent,unknown,clean_or_unknown,with_music,other_fake_music,diffrhythm,music_only,single_fake,none,not_partial_or_unknown,>20,diffrhythm,correct,not_scored,FN
data\raw\public_v9\echoes_fma_paired\fake\Acoustic_Unleashed_Remain_songgen_ATA_001.mp3,1,0,1,0,1,fma_artist_22429,Echoes::songgen,echoes_fma_paired,echoes_fma_paired,Octavian97/Echoes + official FMA,fma_141875,echoes_fma::141875,,,none,,,,,,,none,val_b_unseen_music_generator,expanded_unseen,expanded_unseen,1,0,1,0,1,0.9941249152224618,0.9941249152224618,,False,True,29.84,0.6903426051139832,6.702610698994249e-05,0.6991705894470215,6.398231198545545e-05,0.7483918070793152,0.9999014735221864,0.1441805362701416,0.6271197199821472,fake,0.5416147014998054,0.7814772981465268,6.702610698994249e-05,0.295233353972435,0.720315158367157,https://huggingface.co/datasets/Octavian97/Echoes ; https://github.com/mdeff/fma,Echoes 14b0c76c6a691c42fadfab9fb6a4eb1ee8c628a2; FMA metadata rc1,generated CC BY-SA 4.0; original http://creativecommons.org/licenses/by/4.0/,YES,FOLLOW_CC_ATTRIBUTION_AND_SHAREALIKE,FOLLOW_ORIGINAL_FMA_TRACK_LICENSE,Echoes-FMA-paired,bc77800ca11555c5beab9b02adbd9d3bebd0159dde1d878d79211375ec1d95f0,echoes_fma::141875,ATA,absent,unknown,clean_or_unknown,with_music,other_fake_music,songgen,music_only,single_fake,none,not_partial_or_unknown,>20,songgen,correct,not_scored,FN
data\raw\public_v9\echoes_fma_paired\real\fma_144723.mp3,0,0,0,0,1,fma_artist_23056,Echoes::FMA_original,echoes_fma_paired,echoes_fma_paired,Octavian97/Echoes + official FMA,fma_144723,echoes_fma::144723,,,none,,,,,,,none,val_b_unseen_music_generator,expanded_unseen,expanded_unseen,0,0,0,0,1,0.4748304584947503,0.4748304584947503,,False,True,233.7436875,0.7670463919639587,0.0001875973393907,0.7190181016921997,0.00017970384215,0.3368988037109375,0.999710977077484,0.0327459424734115,0.878254234790802,real,0.3735656632194035,0.6793816119231961,0.0001875973393907,0.10878415778279299,0.9086184203624725,https://huggingface.co/datasets/Octavian97/Echoes ; https://github.com/mdeff/fma,Echoes 14b0c76c6a691c42fadfab9fb6a4eb1ee8c628a2; FMA metadata rc1,generated CC BY-SA 4.0; original http://creativecommons.org/licenses/by/4.0/,YES,FOLLOW_CC_ATTRIBUTION_AND_SHAREALIKE,FOLLOW_ORIGINAL_FMA_TRACK_LICENSE,Echoes-FMA-paired,fdd638fcabaff98a249d53bfb1f39b178691be13486db61f37e0a50327f2b0f2,echoes_fma::144723,ATA,absent,unknown,clean_or_unknown,with_music,real_music,FMA_original,music_only,single_real,none,not_partial_or_unknown,>20,FMA_original,correct,not_scored,correct
data\raw\public_v9\echoes_fma_paired\fake\And_Over_The_Rainbows_milky-chu_diffrhythm_ATA_001.mp3,1,0,1,0,1,fma_artist_23056,Echoes::diffrhythm,echoes_fma_paired,echoes_fma_paired,Octavian97/Echoes + official FMA,fma_144723,echoes_fma::144723,,,none,,,,,,,none,val_b_unseen_music_generator,expanded_unseen,expanded_unseen,1,0,1,0,1,0.711620261588765,0.711620261588765,,False,True,102.9573125,0.7231971621513367,2.060981785234617e-07,0.6931360960006714,1.8679817515021568e-07,0.3778047561645508,0.999999701976776,0.0343892760574817,0.8213198781013489,fake,0.4478016916016017,0.7197240919825652,1e-06,0.12024314608424896,0.8659898340702057,https://huggingface.co/datasets/Octavian97/Echoes ; https://github.com/mdeff/fma,Echoes 14b0c76c6a691c42fadfab9fb6a4eb1ee8c628a2; FMA metadata rc1,generated CC BY-SA 4.0; original http://creativecommons.org/licenses/by/4.0/,YES,FOLLOW_CC_ATTRIBUTION_AND_SHAREALIKE,FOLLOW_ORIGINAL_FMA_TRACK_LICENSE,Echoes-FMA-paired,1c0360d51b9c7d3f90d7b7a7879add6a3a830b87cc2268e1f97e871d3767fcd4,echoes_fma::144723,ATA,absent,unknown,clean_or_unknown,with_music,other_fake_music,diffrhythm,music_only,single_fake,none,not_partial_or_unknown,>20,diffrhythm,FN,not_scored,FN
data\raw\public_v9\echoes_fma_paired\fake\And_Over_The_Rainbows_milky-chu_songgen_ATA_001.mp3,1,0,1,0,1,fma_artist_23056,Echoes::songgen,echoes_fma_paired,echoes_fma_paired,Octavian97/Echoes + official FMA,fma_144723,echoes_fma::144723,,,none,,,,,,,none,val_b_unseen_music_generator,expanded_unseen,expanded_unseen,1,0,1,0,1,0.9918937901308162,0.9918937901308162,,False,True,20.12,0.717918872833252,0.0047791916877031,0.7069370150566101,0.0047722281888127,0.5868394374847412,0.97629576921463,0.0519259721040725,0.8389548063278198,fake,0.5501630284309531,0.8001113480225213,0.0047791916877031,0.18565433844923968,0.8732900470495224,https://huggingface.co/datasets/Octavian97/Echoes ; https://github.com/mdeff/fma,Echoes 14b0c76c6a691c42fadfab9fb6a4eb1ee8c628a2; FMA metadata rc1,generated CC BY-SA 4.0; original http://creativecommons.org/licenses/by/4.0/,YES,FOLLOW_CC_ATTRIBUTION_AND_SHAREALIKE,FOLLOW_ORIGINAL_FMA_TRACK_LICENSE,Echoes-FMA-paired,42a8f747fedd755a35949b9f01b3d73149a2c1b327408fc8f684393e2fa7507a,echoes_fma::144723,ATA,absent,unknown,clean_or_unknown,with_music,other_fake_music,songgen,music_only,single_fake,none,not_partial_or_unknown,>20,songgen,correct,not_scored,FN
data\raw\public_v9\echoes_fma_paired\real\fma_3956.mp3,0,0,0,0,1,fma_artist_1037,Echoes::FMA_original,echoes_fma_paired,echoes_fma_paired,Octavian97/Echoes + official FMA,fma_3956,echoes_fma::3956,,,none,,,,,,,none,val_b_unseen_music_generator,expanded_unseen,expanded_unseen,0,0,0,0,1,0.435281422230443,0.435281422230443,,False,True,158.4065625,0.6997658014297485,2.5761848519323397e-05,0.6896564364433289,2.5022431145771407e-05,0.6519392132759094,0.9999658465385436,0.0322835482656955,0.8268858790397644,real,0.3414910888467359,0.6204204876699568,2.5761848519323397e-05,0.18719746451824898,0.8701558709144592,https://huggingface.co/datasets/Octavian97/Echoes ; https://github.com/mdeff/fma,Echoes 14b0c76c6a691c42fadfab9fb6a4eb1ee8c628a2; FMA metadata rc1,generated CC BY-SA 4.0; original http://creativecommons.org/licenses/by/4.0/,YES,FOLLOW_CC_ATTRIBUTION_AND_SHAREALIKE,FOLLOW_ORIGINAL_FMA_TRACK_LICENSE,Echoes-FMA-paired,a6f6ae86c586a0a9437f36486ddf1c712e2a0ba3fb66999d042a1d49ab7b490b,echoes_fma::3956,ATA,absent,unknown,clean_or_unknown,with_music,real_music,FMA_original,music_only,single_real,none,not_partial_or_unknown,>20,FMA_original,correct,not_scored,correct
data\raw\public_v9\echoes_fma_paired\fake\Better_Run_Away_From_Me_Miss_Derringer_diffrhythm_ATA_001.mp3,1,0,1,0,1,fma_artist_1037,Echoes::diffrhythm,echoes_fma_paired,echoes_fma_paired,Octavian97/Echoes + official FMA,fma_3956,echoes_fma::3956,,,none,,,,,,,none,val_b_unseen_music_generator,expanded_unseen,expanded_unseen,1,0,1,0,1,0.7195576120552455,0.7195576120552455,,False,True,102.9573125,0.7408859133720398,1.880845957202837e-05,0.7069156169891357,1.78683694684878e-05,0.3626551926136017,0.9999691843986512,0.0177242811769247,0.8505234718322754,fake,0.45533075997470174,0.7344874229770015,1.880845957202837e-05,0.10395700903609395,0.8878848999738693,https://huggingface.co/datasets/Octavian97/Echoes ; https://github.com/mdeff/fma,Echoes 14b0c76c6a691c42fadfab9fb6a4eb1ee8c628a2; FMA metadata rc1,generated CC BY-SA 4.0; original http://creativecommons.org/licenses/by/4.0/,YES,FOLLOW_CC_ATTRIBUTION_AND_SHAREALIKE,FOLLOW_ORIGINAL_FMA_TRACK_LICENSE,Echoes-FMA-paired,720445dc71675b0932701e552a6457b1584e177143110e880f9028be7a1ff64e,echoes_fma::3956,ATA,absent,unknown,clean_or_unknown,with_music,other_fake_music,diffrhythm,music_only,single_fake,none,not_partial_or_unknown,>20,diffrhythm,FN,not_scored,FN
data\raw\public_v9\echoes_fma_paired\fake\Better_Run_Away_From_Me_Miss_Derringer_songgen_ATA_001.mp3,1,0,1,0,1,fma_artist_1037,Echoes::songgen,echoes_fma_paired,echoes_fma_paired,Octavian97/Echoes + official FMA,fma_3956,echoes_fma::3956,,,none,,,,,,,none,val_b_unseen_music_generator,expanded_unseen,expanded_unseen,1,0,1,0,1,0.9851724962532348,0.9851724962532348,,False,True,29.66,0.6932069063186646,8.156489457178395e-06,0.6778860092163086,7.64979085943196e-06,0.5485904812812805,0.9999823570251464,0.0492196567356586,0.8791966438293457,fake,0.5390953819459033,0.7807965832990356,8.156489457178395e-06,0.17406236287206409,0.9093930721282959,https://huggingface.co/datasets/Octavian97/Echoes ; https://github.com/mdeff/fma,Echoes 14b0c76c6a691c42fadfab9fb6a4eb1ee8c628a2; FMA metadata rc1,generated CC BY-SA 4.0; original http://creativecommons.org/licenses/by/4.0/,YES,FOLLOW_CC_ATTRIBUTION_AND_SHAREALIKE,FOLLOW_ORIGINAL_FMA_TRACK_LICENSE,Echoes-FMA-paired,826522e48b0db976588c0d694bb5fc066f34b35530e1e9f0710a6b0227d1c6d0,echoes_fma::3956,ATA,absent,unknown,clean_or_unknown,with_music,other_fake_music,songgen,music_only,single_fake,none,not_partial_or_unknown,>20,songgen,correct,not_scored,FN
data\raw\public_v9\echoes_fma_paired\real\fma_4003.mp3,0,0,0,0,1,fma_artist_214,Echoes::FMA_original,echoes_fma_paired,echoes_fma_paired,Octavian97/Echoes + official FMA,fma_4003,echoes_fma::4003,,,none,,,,,,,none,val_b_unseen_music_generator,expanded_unseen,expanded_unseen,0,0,0,0,1,0.3618184089453524,0.3618184089453524,,False,True,183.8236875,0.6707833409309387,0.0001370961399516,0.6567392945289612,0.0001321700838161,0.5413934588432312,0.9998189806938172,0.0221416782587766,0.8097861409187317,real,0.30731105465712993,0.5780938613352627,0.0001370961399516,0.15195462340489024,0.857294350862503,https://huggingface.co/datasets/Octavian97/Echoes ; https://github.com/mdeff/fma,Echoes 14b0c76c6a691c42fadfab9fb6a4eb1ee8c628a2; FMA metadata rc1,generated CC BY-SA 4.0; original http://creativecommons.org/licenses/by/4.0/,YES,FOLLOW_CC_ATTRIBUTION_AND_SHAREALIKE,FOLLOW_ORIGINAL_FMA_TRACK_LICENSE,Echoes-FMA-paired,9e2b97a1aa9b13ca898fede606d2f9d6a9e3e76230e3ed3a91a0f7a2ba9536d9,echoes_fma::4003,ATA,absent,unknown,clean_or_unknown,with_music,real_music,FMA_original,music_only,single_real,none,not_partial_or_unknown,>20,FMA_original,correct,not_scored,correct
data\raw\public_v9\echoes_fma_paired\fake\Beyond_Luxury_Mors_Ontologica_diffrhythm_ATA_001.mp3,1,0,1,0,1,fma_artist_214,Echoes::diffrhythm,echoes_fma_paired,echoes_fma_paired,Octavian97/Echoes + official FMA,fma_4003,echoes_fma::4003,,,none,,,,,,,none,val_b_unseen_music_generator,expanded_unseen,expanded_unseen,1,0,1,0,1,0.9166831341541974,0.9166831341541974,,False,True,127.9884375,0.7176071405410767,2.724242904150742e-06,0.6886870861053467,2.572944595158333e-06,0.511474072933197,0.9999931454658508,0.0255968403071165,0.8122528195381165,fake,0.5206707028549029,0.7773299386250129,2.724242904150742e-06,0.14706614846363664,0.85918790102005,https://huggingface.co/datasets/Octavian97/Echoes ; https://github.com/mdeff/fma,Echoes 14b0c76c6a691c42fadfab9fb6a4eb1ee8c628a2; FMA metadata rc1,generated CC BY-SA 4.0; original http://creativecommons.org/licenses/by/4.0/,YES,FOLLOW_CC_ATTRIBUTION_AND_SHAREALIKE,FOLLOW_ORIGINAL_FMA_TRACK_LICENSE,Echoes-FMA-paired,6f5b4eb8d25bcb13063cd223a1edb99771088a50bc8894c82962e06b607683a7,echoes_fma::4003,ATA,absent,unknown,clean_or_unknown,with_music,other_fake_music,diffrhythm,music_only,single_fake,none,not_partial_or_unknown,>20,diffrhythm,correct,not_scored,FN
data\raw\public_v9\echoes_fma_paired\fake\Beyond_Luxury_Mors_Ontologica_songgen_ATA_001.mp3,1,0,1,0,1,fma_artist_214,Echoes::songgen,echoes_fma_paired,echoes_fma_paired,Octavian97/Echoes + official FMA,fma_4003,echoes_fma::4003,,,none,,,,,,,none,val_b_unseen_music_generator,expanded_unseen,expanded_unseen,1,0,1,0,1,0.5486360509085644,0.5486360509085644,,False,True,29.78,0.6702823042869568,0.1054933220148086,0.6708332896232605,0.1076654642820358,0.9128379225730896,0.9705042839050292,0.1974773406982422,0.4163346290588379,fake,0.4296915506585814,0.633788428273439,0.1054933220148086,0.37631748616695404,0.5548770427703857,https://huggingface.co/datasets/Octavian97/Echoes ; https://github.com/mdeff/fma,Echoes 14b0c76c6a691c42fadfab9fb6a4eb1ee8c628a2; FMA metadata rc1,generated CC BY-SA 4.0; original http://creativecommons.org/licenses/by/4.0/,YES,FOLLOW_CC_ATTRIBUTION_AND_SHAREALIKE,FOLLOW_ORIGINAL_FMA_TRACK_LICENSE,Echoes-FMA-paired,255dea8ec345dacae039bbd74a826828a39bf61772ca7bc53101518c9f949599,echoes_fma::4003,ATA,absent,unknown,clean_or_unknown,with_music,other_fake_music,songgen,music_only,single_fake,none,not_partial_or_unknown,>20,songgen,FN,not_scored,FN
data\raw\public_v9\echoes_fma_paired\real\fma_47071.mp3,0,0,0,0,1,fma_artist_10779,Echoes::FMA_original,echoes_fma_paired,echoes_fma_paired,Octavian97/Echoes + official FMA,fma_47071,echoes_fma::47071,,,none,,,,,,,none,val_b_unseen_music_generator,expanded_unseen,expanded_unseen,0,0,0,0,1,0.679914666574699,0.679914666574699,,False,True,177.7110625,0.7020167112350464,0.000148565362906,0.6778321266174316,0.0001474160817451,0.4711109697818756,0.9997608065605164,0.0154260685667395,0.8739726543426514,real,0.4308207050162779,0.6953860978369422,0.000148565362906,0.12934729387052352,0.9054196923971176,https://huggingface.co/datasets/Octavian97/Echoes ; https://github.com/mdeff/fma,Echoes 14b0c76c6a691c42fadfab9fb6a4eb1ee8c628a2; FMA metadata rc1,generated CC BY-SA 4.0; original http://creativecommons.org/licenses/by/3.0/,YES,FOLLOW_CC_ATTRIBUTION_AND_SHAREALIKE,FOLLOW_ORIGINAL_FMA_TRACK_LICENSE,Echoes-FMA-paired,44c0a562f3962c81e7ae9272a41e740e8e509057d0a20a3390c60dd6cb70efdf,echoes_fma::47071,ATA,absent,unknown,clean_or_unknown,with_music,real_music,FMA_original,music_only,single_real,none,not_partial_or_unknown,>20,FMA_original,correct,not_scored,correct
data\raw\public_v9\echoes_fma_paired\fake\All_of_Us_Eric_Skiff_diffrhythm_ATA_001.mp3,1,0,1,0,1,fma_artist_10779,Echoes::diffrhythm,echoes_fma_paired,echoes_fma_paired,Octavian97/Echoes + official FMA,fma_47071,echoes_fma::47071,,,none,,,,,,,none,val_b_unseen_music_generator,expanded_unseen,expanded_unseen,1,0,1,0,1,0.9109426666945296,0.9109426666945296,,False,True,121.9976875,0.7130215167999268,9.72672933130525e-06,0.6909602284431458,9.006960681290366e-06,0.6090514659881592,0.9999690055847168,0.0218177828937768,0.7978983521461487,fake,0.517389072631151,0.7723978617683076,9.72672933130525e-06,0.1686262036673724,0.8484160155057907,https://huggingface.co/datasets/Octavian97/Echoes ; https://github.com/mdeff/fma,Echoes 14b0c76c6a691c42fadfab9fb6a4eb1ee8c628a2; FMA metadata rc1,generated CC BY-SA 4.0; original http://creativecommons.org/licenses/by/3.0/,YES,FOLLOW_CC_ATTRIBUTION_AND_SHAREALIKE,FOLLOW_ORIGINAL_FMA_TRACK_LICENSE,Echoes-FMA-paired,43bff7e82acd53027559c9acb4e262510d553fe817913b884ca3e4a068f416e6,echoes_fma::47071,ATA,absent,unknown,clean_or_unknown,with_music,other_fake_music,diffrhythm,music_only,single_fake,none,not_partial_or_unknown,>20,diffrhythm,correct,not_scored,FN
data\raw\public_v9\echoes_fma_paired\fake\All_of_Us_Eric_Skiff_songgen_ATA_001.mp3,1,0,1,0,1,fma_artist_10779,Echoes::songgen,echoes_fma_paired,echoes_fma_paired,Octavian97/Echoes + official FMA,fma_47071,echoes_fma::47071,,,none,,,,,,,none,val_b_unseen_music_generator,expanded_unseen,expanded_unseen,1,0,1,0,1,0.9904249083497152,0.9904249083497152,,False,True,29.84,0.7781839370727539,0.0593473985791206,0.7481189370155334,0.0596126541495323,0.8911685943603516,0.8983165621757507,0.2658011615276336,0.496469110250473,fake,0.589176591105433,0.8418562284558423,0.0593473985791206,0.4221430197358131,0.5969309732317924,https://huggingface.co/datasets/Octavian97/Echoes ; https://github.com/mdeff/fma,Echoes 14b0c76c6a691c42fadfab9fb6a4eb1ee8c628a2; FMA metadata rc1,generated CC BY-SA 4.0; original http://creativecommons.org/licenses/by/3.0/,YES,FOLLOW_CC_ATTRIBUTION_AND_SHAREALIKE,FOLLOW_ORIGINAL_FMA_TRACK_LICENSE,Echoes-FMA-paired,ef73fe3a5cf0a68fb59ac83d18e811ca8baf29061dc3e807d48b7d7c7b035c76,echoes_fma::47071,ATA,absent,unknown,clean_or_unknown,with_music,other_fake_music,songgen,music_only,single_fake,none,not_partial_or_unknown,>20,songgen,correct,not_scored,FN
data\raw\public_v9\echoes_fma_paired\real\fma_74910.mp3,0,0,0,0,1,fma_artist_15212,Echoes::FMA_original,echoes_fma_paired,echoes_fma_paired,Octavian97/Echoes + official FMA,fma_74910,echoes_fma::74910,,,none,,,,,,,none,val_b_unseen_music_generator,expanded_unseen,expanded_unseen,0,0,0,0,1,0.5141310303106311,0.5141310303106311,,False,True,134.530625,0.7904630303382874,5.44880676898174e-05,0.751225471496582,5.058859824202955e-05,0.2742862403392792,0.999889314174652,0.0249794125556945,0.920743465423584,real,0.39389399003959613,0.7075634303299905,5.44880676898174e-05,0.08730611950159067,0.940529927611351,https://huggingface.co/datasets/Octavian97/Echoes ; https://github.com/mdeff/fma,Echoes 14b0c76c6a691c42fadfab9fb6a4eb1ee8c628a2; FMA metadata rc1,generated CC BY-SA 4.0; original http://creativecommons.org/licenses/by/3.0/,YES,FOLLOW_CC_ATTRIBUTION_AND_SHAREALIKE,FOLLOW_ORIGINAL_FMA_TRACK_LICENSE,Echoes-FMA-paired,806014a59218e6cae9ad247b4c9d58a912f3d6be8e30b7f5331aab19b515fc51,echoes_fma::74910,ATA,absent,unknown,clean_or_unknown,with_music,real_music,FMA_original,music_only,single_real,none,not_partial_or_unknown,>20,FMA_original,correct,not_scored,correct
data\raw\public_v9\echoes_fma_paired\fake\A_Lady_In_Red_With_A_Plan_To_Steal_Did_You_Just_Hex_Me_diffrhythm_ATA_001.mp3,1,0,1,0,1,fma_artist_15212,Echoes::diffrhythm,echoes_fma_paired,echoes_fma_paired,Octavian97/Echoes + official FMA,fma_74910,echoes_fma::74910,,,none,,,,,,,none,val_b_unseen_music_generator,expanded_unseen,expanded_unseen,1,0,1,0,1,0.7036514562234731,0.7036514562234731,,False,True,99.985125,0.7384756803512573,1.7399829630448949e-06,0.7082551717758179,1.6070370065790485e-06,0.3653336763381958,0.9999969005584716,0.0152943283319473,0.8286789059638977,fake,0.4489242990718143,0.728028413112922,1.7399829630448949e-06,0.10280416533350943,0.8715084046125412,https://huggingface.co/datasets/Octavian97/Echoes ; https://github.com/mdeff/fma,Echoes 14b0c76c6a691c42fadfab9fb6a4eb1ee8c628a2; FMA metadata rc1,generated CC BY-SA 4.0; original http://creativecommons.org/licenses/by/3.0/,YES,FOLLOW_CC_ATTRIBUTION_AND_SHAREALIKE,FOLLOW_ORIGINAL_FMA_TRACK_LICENSE,Echoes-FMA-paired,8d7bf84a6ab01b582917c0df637739d69c323c63f0d791c2919a4dc8959771a2,echoes_fma::74910,ATA,absent,unknown,clean_or_unknown,with_music,other_fake_music,diffrhythm,music_only,single_fake,none,not_partial_or_unknown,>20,diffrhythm,FN,not_scored,FN
data\raw\public_v9\echoes_fma_paired\fake\A_Lady_In_Red_With_A_Plan_To_Steal_Did_You_Just_Hex_Me_songgen_ATA_001.mp3,1,0,1,0,1,fma_artist_15212,Echoes::songgen,echoes_fma_paired,echoes_fma_paired,Octavian97/Echoes + official FMA,fma_74910,echoes_fma::74910,,,none,,,,,,,none,val_b_unseen_music_generator,expanded_unseen,expanded_unseen,1,0,1,0,1,0.9846256111500832,0.9846256111500832,,False,True,29.66,0.6708760261535645,0.0005147160263732,0.6732667684555054,0.0004918776685371,0.7936893105506897,0.9983265995979308,0.7215372920036316,0.3135022222995758,fake,0.5332615542087057,0.7650009016525201,0.0005147160263732,0.7395752966403961,0.4847083166241646,https://huggingface.co/datasets/Octavian97/Echoes ; https://github.com/mdeff/fma,Echoes 14b0c76c6a691c42fadfab9fb6a4eb1ee8c628a2; FMA metadata rc1,generated CC BY-SA 4.0; original http://creativecommons.org/licenses/by/3.0/,YES,FOLLOW_CC_ATTRIBUTION_AND_SHAREALIKE,FOLLOW_ORIGINAL_FMA_TRACK_LICENSE,Echoes-FMA-paired,ffce689e327b636c095e0a9d985eb422a7642ab79a0b2453636df103f0fa934e,echoes_fma::74910,ATA,absent,unknown,clean_or_unknown,with_music,other_fake_music,songgen,music_only,single_fake,none,not_partial_or_unknown,>20,songgen,correct,not_scored,FN
