path,file_fake,voice_fake,music_fake,voice_present,music_present,speaker_id,generator,source,dataset,hf_id,original_id,split_group_id,source_url,version,license,allowed_for_competition,redistribution_allowed,commercial_restriction,dataset_name,content_hash,near_duplicate_group,data_role,upstream_split,upstream_label,audio_sha256,generation_seed,generator_family,recommended_split,generated_by,external_assets_used,base_voice_id,base_music_id,duration_sec,sample_rate,peak,rms,dc_offset,clipping_fraction,mix_snr_db,v13_role,source_path,sha256,competition_use_status,generator_version,language,speaker,track,content_group,split_group,augmentation,seed
C:\Users\lLrich\ai_voice_data_v13\raw\mlaad_tiny_matched\d9189a2bac8cc4bc7b34ee73ab5bc62c3c8e8e1711d4b1c7e2752c56097c05f9.wav,1,1,0,1,0,mlaad::dorothy_and_wizard_oz_05,MLAAD::RVC,mlaad_tiny_matched,mlaad_tiny_matched,mueller91/MLAAD-tiny,dorothy_and_wizard_oz_05_f000049,mlaad_tiny::en::dorothy_and_wizard_oz_05_f000049,https://huggingface.co/datasets/mueller91/MLAAD-tiny,9143e5ea709575ebab6bec52840a1043aada7bb1,CC BY-NC 4.0,YES,YES_WITH_ATTRIBUTION_NONCOMMERCIAL,YES_NONCOMMERCIAL_ONLY,MLAAD-tiny-fake,d9189a2bac8cc4bc7b34ee73ab5bc62c3c8e8e1711d4b1c7e2752c56097c05f9,mlaad_tiny::en::dorothy_and_wizard_oz_05_f000049,train,not_applicable,not_applicable,,,MLAAD::RVC,,,,,,,,,,,,,cal_v13,data\raw\public_v9\mlaad_tiny\fake\en\RVC\dorothy_and_wizard_oz_05_f000049.wav,d9189a2bac8cc4bc7b34ee73ab5bc62c3c8e8e1711d4b1c7e2752c56097c05f9,APPROVED,9143e5ea709575ebab6bec52840a1043aada7bb1,en,mlaad::dorothy_and_wizard_oz_05,dorothy_and_wizard_oz_05_f000049,dorothy_and_wizard_oz_05_f000049,mlaad_tiny::en::dorothy_and_wizard_oz_05_f000049,none,-1
C:\Users\lLrich\ai_voice_data_v13\raw\mlaad_tiny_matched\71620bfde4d98bf176b3e38022b7f9ce5e1b32de1fbb154999ecf14baf7d670b.wav,1,1,0,1,0,mlaad::dorothy_and_wizard_oz_05,MLAAD::RVC,mlaad_tiny_matched,mlaad_tiny_matched,mueller91/MLAAD-tiny,dorothy_and_wizard_oz_05_f000058,mlaad_tiny::en::dorothy_and_wizard_oz_05_f000058,https://huggingface.co/datasets/mueller91/MLAAD-tiny,9143e5ea709575ebab6bec52840a1043aada7bb1,CC BY-NC 4.0,YES,YES_WITH_ATTRIBUTION_NONCOMMERCIAL,YES_NONCOMMERCIAL_ONLY,MLAAD-tiny-fake,71620bfde4d98bf176b3e38022b7f9ce5e1b32de1fbb154999ecf14baf7d670b,mlaad_tiny::en::dorothy_and_wizard_oz_05_f000058,train,not_applicable,not_applicable,,,MLAAD::RVC,,,,,,,,,,,,,cal_v13,data\raw\public_v9\mlaad_tiny\fake\en\RVC\dorothy_and_wizard_oz_05_f000058.wav,71620bfde4d98bf176b3e38022b7f9ce5e1b32de1fbb154999ecf14baf7d670b,APPROVED,9143e5ea709575ebab6bec52840a1043aada7bb1,en,mlaad::dorothy_and_wizard_oz_05,dorothy_and_wizard_oz_05_f000058,dorothy_and_wizard_oz_05_f000058,mlaad_tiny::en::dorothy_and_wizard_oz_05_f000058,none,-1
C:\Users\lLrich\ai_voice_data_v13\raw\mlaad_tiny_matched\6ad89505ccec6213c1831c99d211b2d0b0aafd6e3c6d3d346282b989321c77db.wav,1,1,0,1,0,mlaad::dorothy_and_wizard_oz_07,MLAAD::RVC,mlaad_tiny_matched,mlaad_tiny_matched,mueller91/MLAAD-tiny,dorothy_and_wizard_oz_07_f000014,mlaad_tiny::en::dorothy_and_wizard_oz_07_f000014,https://huggingface.co/datasets/mueller91/MLAAD-tiny,9143e5ea709575ebab6bec52840a1043aada7bb1,CC BY-NC 4.0,YES,YES_WITH_ATTRIBUTION_NONCOMMERCIAL,YES_NONCOMMERCIAL_ONLY,MLAAD-tiny-fake,6ad89505ccec6213c1831c99d211b2d0b0aafd6e3c6d3d346282b989321c77db,mlaad_tiny::en::dorothy_and_wizard_oz_07_f000014,train,not_applicable,not_applicable,,,MLAAD::RVC,,,,,,,,,,,,,cal_v13,data\raw\public_v9\mlaad_tiny\fake\en\RVC\dorothy_and_wizard_oz_07_f000014.wav,6ad89505ccec6213c1831c99d211b2d0b0aafd6e3c6d3d346282b989321c77db,APPROVED,9143e5ea709575ebab6bec52840a1043aada7bb1,en,mlaad::dorothy_and_wizard_oz_07,dorothy_and_wizard_oz_07_f000014,dorothy_and_wizard_oz_07_f000014,mlaad_tiny::en::dorothy_and_wizard_oz_07_f000014,none,-1
C:\Users\lLrich\ai_voice_data_v13\raw\mlaad_tiny_matched\44aa4335c5d051b268ca38afb76bab8a4e1fa2f069c6cd13b460cc9c98984ce9.wav,1,1,0,1,0,mlaad::dorothy_and_wizard_oz_08,MLAAD::RVC,mlaad_tiny_matched,mlaad_tiny_matched,mueller91/MLAAD-tiny,dorothy_and_wizard_oz_08_f000016,mlaad_tiny::en::dorothy_and_wizard_oz_08_f000016,https://huggingface.co/datasets/mueller91/MLAAD-tiny,9143e5ea709575ebab6bec52840a1043aada7bb1,CC BY-NC 4.0,YES,YES_WITH_ATTRIBUTION_NONCOMMERCIAL,YES_NONCOMMERCIAL_ONLY,MLAAD-tiny-fake,44aa4335c5d051b268ca38afb76bab8a4e1fa2f069c6cd13b460cc9c98984ce9,mlaad_tiny::en::dorothy_and_wizard_oz_08_f000016,train,not_applicable,not_applicable,,,MLAAD::RVC,,,,,,,,,,,,,cal_v13,data\raw\public_v9\mlaad_tiny\fake\en\RVC\dorothy_and_wizard_oz_08_f000016.wav,44aa4335c5d051b268ca38afb76bab8a4e1fa2f069c6cd13b460cc9c98984ce9,APPROVED,9143e5ea709575ebab6bec52840a1043aada7bb1,en,mlaad::dorothy_and_wizard_oz_08,dorothy_and_wizard_oz_08_f000016,dorothy_and_wizard_oz_08_f000016,mlaad_tiny::en::dorothy_and_wizard_oz_08_f000016,none,-1
C:\Users\lLrich\ai_voice_data_v13\raw\mlaad_tiny_matched\b9cecc0b1a802f9da9c88378f45deff9f9ff5001ff7def16ce1bff5b8c76740d.wav,1,1,0,1,0,mlaad::dorothy_and_wizard_oz_13,MLAAD::RVC,mlaad_tiny_matched,mlaad_tiny_matched,mueller91/MLAAD-tiny,dorothy_and_wizard_oz_13_f000057,mlaad_tiny::en::dorothy_and_wizard_oz_13_f000057,https://huggingface.co/datasets/mueller91/MLAAD-tiny,9143e5ea709575ebab6bec52840a1043aada7bb1,CC BY-NC 4.0,YES,YES_WITH_ATTRIBUTION_NONCOMMERCIAL,YES_NONCOMMERCIAL_ONLY,MLAAD-tiny-fake,b9cecc0b1a802f9da9c88378f45deff9f9ff5001ff7def16ce1bff5b8c76740d,mlaad_tiny::en::dorothy_and_wizard_oz_13_f000057,train,not_applicable,not_applicable,,,MLAAD::RVC,,,,,,,,,,,,,cal_v13,data\raw\public_v9\mlaad_tiny\fake\en\RVC\dorothy_and_wizard_oz_13_f000057.wav,b9cecc0b1a802f9da9c88378f45deff9f9ff5001ff7def16ce1bff5b8c76740d,APPROVED,9143e5ea709575ebab6bec52840a1043aada7bb1,en,mlaad::dorothy_and_wizard_oz_13,dorothy_and_wizard_oz_13_f000057,dorothy_and_wizard_oz_13_f000057,mlaad_tiny::en::dorothy_and_wizard_oz_13_f000057,none,-1
C:\Users\lLrich\ai_voice_data_v13\raw\mlaad_tiny_matched\68614f2b75965b92734b4c83050315b0e5c77a86e4b64c40640bc81b9f84ff5d.wav,1,1,0,1,0,mlaad::dorothy_and_wizard_oz_18,MLAAD::RVC,mlaad_tiny_matched,mlaad_tiny_matched,mueller91/MLAAD-tiny,dorothy_and_wizard_oz_18_f000066,mlaad_tiny::en::dorothy_and_wizard_oz_18_f000066,https://huggingface.co/datasets/mueller91/MLAAD-tiny,9143e5ea709575ebab6bec52840a1043aada7bb1,CC BY-NC 4.0,YES,YES_WITH_ATTRIBUTION_NONCOMMERCIAL,YES_NONCOMMERCIAL_ONLY,MLAAD-tiny-fake,68614f2b75965b92734b4c83050315b0e5c77a86e4b64c40640bc81b9f84ff5d,mlaad_tiny::en::dorothy_and_wizard_oz_18_f000066,train,not_applicable,not_applicable,,,MLAAD::RVC,,,,,,,,,,,,,cal_v13,data\raw\public_v9\mlaad_tiny\fake\en\RVC\dorothy_and_wizard_oz_18_f000066.wav,68614f2b75965b92734b4c83050315b0e5c77a86e4b64c40640bc81b9f84ff5d,APPROVED,9143e5ea709575ebab6bec52840a1043aada7bb1,en,mlaad::dorothy_and_wizard_oz_18,dorothy_and_wizard_oz_18_f000066,dorothy_and_wizard_oz_18_f000066,mlaad_tiny::en::dorothy_and_wizard_oz_18_f000066,none,-1
C:\Users\lLrich\ai_voice_data_v13\raw\mlaad_tiny_matched\371c3f193fe6e2ab11d8c6ff54ac4372923ef5e4da9bf9686468a25b66280880.wav,1,1,0,1,0,mlaad::emerald_city_of_oz_05,MLAAD::RVC,mlaad_tiny_matched,mlaad_tiny_matched,mueller91/MLAAD-tiny,emerald_city_of_oz_05_f000077,mlaad_tiny::en::emerald_city_of_oz_05_f000077,https://huggingface.co/datasets/mueller91/MLAAD-tiny,9143e5ea709575ebab6bec52840a1043aada7bb1,CC BY-NC 4.0,YES,YES_WITH_ATTRIBUTION_NONCOMMERCIAL,YES_NONCOMMERCIAL_ONLY,MLAAD-tiny-fake,371c3f193fe6e2ab11d8c6ff54ac4372923ef5e4da9bf9686468a25b66280880,mlaad_tiny::en::emerald_city_of_oz_05_f000077,train,not_applicable,not_applicable,,,MLAAD::RVC,,,,,,,,,,,,,cal_v13,data\raw\public_v9\mlaad_tiny\fake\en\RVC\emerald_city_of_oz_05_f000077.wav,371c3f193fe6e2ab11d8c6ff54ac4372923ef5e4da9bf9686468a25b66280880,APPROVED,9143e5ea709575ebab6bec52840a1043aada7bb1,en,mlaad::emerald_city_of_oz_05,emerald_city_of_oz_05_f000077,emerald_city_of_oz_05_f000077,mlaad_tiny::en::emerald_city_of_oz_05_f000077,none,-1
C:\Users\lLrich\ai_voice_data_v13\raw\mlaad_tiny_matched\80d8505c62ec8cc132b644b25a5977dde7e0df54cdf4b22c766d172b229b0c39.wav,1,1,0,1,0,mlaad::emerald_city_of_oz_26,MLAAD::RVC,mlaad_tiny_matched,mlaad_tiny_matched,mueller91/MLAAD-tiny,emerald_city_of_oz_26_f000009,mlaad_tiny::en::emerald_city_of_oz_26_f000009,https://huggingface.co/datasets/mueller91/MLAAD-tiny,9143e5ea709575ebab6bec52840a1043aada7bb1,CC BY-NC 4.0,YES,YES_WITH_ATTRIBUTION_NONCOMMERCIAL,YES_NONCOMMERCIAL_ONLY,MLAAD-tiny-fake,80d8505c62ec8cc132b644b25a5977dde7e0df54cdf4b22c766d172b229b0c39,mlaad_tiny::en::emerald_city_of_oz_26_f000009,train,not_applicable,not_applicable,,,MLAAD::RVC,,,,,,,,,,,,,cal_v13,data\raw\public_v9\mlaad_tiny\fake\en\RVC\emerald_city_of_oz_26_f000009.wav,80d8505c62ec8cc132b644b25a5977dde7e0df54cdf4b22c766d172b229b0c39,APPROVED,9143e5ea709575ebab6bec52840a1043aada7bb1,en,mlaad::emerald_city_of_oz_26,emerald_city_of_oz_26_f000009,emerald_city_of_oz_26_f000009,mlaad_tiny::en::emerald_city_of_oz_26_f000009,none,-1
C:\Users\lLrich\ai_voice_data_v13\raw\mlaad_tiny_matched\3c39342d2074c068309396ce4561728f6653367bd179622fbc8d3504e0870aa4.wav,1,1,0,1,0,mlaad::emerald_city_of_oz_28,MLAAD::RVC,mlaad_tiny_matched,mlaad_tiny_matched,mueller91/MLAAD-tiny,emerald_city_of_oz_28_f000037,mlaad_tiny::en::emerald_city_of_oz_28_f000037,https://huggingface.co/datasets/mueller91/MLAAD-tiny,9143e5ea709575ebab6bec52840a1043aada7bb1,CC BY-NC 4.0,YES,YES_WITH_ATTRIBUTION_NONCOMMERCIAL,YES_NONCOMMERCIAL_ONLY,MLAAD-tiny-fake,3c39342d2074c068309396ce4561728f6653367bd179622fbc8d3504e0870aa4,mlaad_tiny::en::emerald_city_of_oz_28_f000037,train,not_applicable,not_applicable,,,MLAAD::RVC,,,,,,,,,,,,,cal_v13,data\raw\public_v9\mlaad_tiny\fake\en\RVC\emerald_city_of_oz_28_f000037.wav,3c39342d2074c068309396ce4561728f6653367bd179622fbc8d3504e0870aa4,APPROVED,9143e5ea709575ebab6bec52840a1043aada7bb1,en,mlaad::emerald_city_of_oz_28,emerald_city_of_oz_28_f000037,emerald_city_of_oz_28_f000037,mlaad_tiny::en::emerald_city_of_oz_28_f000037,none,-1
C:\Users\lLrich\ai_voice_data_v13\raw\mlaad_tiny_matched\4499be2e5c0e8e725bea666038cff9af53aa3b360b5fc4729f0011daf99b8992.wav,1,1,0,1,0,mlaad::jane_eyre_04,MLAAD::RVC,mlaad_tiny_matched,mlaad_tiny_matched,mueller91/MLAAD-tiny,jane_eyre_04_f000074,mlaad_tiny::en::jane_eyre_04_f000074,https://huggingface.co/datasets/mueller91/MLAAD-tiny,9143e5ea709575ebab6bec52840a1043aada7bb1,CC BY-NC 4.0,YES,YES_WITH_ATTRIBUTION_NONCOMMERCIAL,YES_NONCOMMERCIAL_ONLY,MLAAD-tiny-fake,4499be2e5c0e8e725bea666038cff9af53aa3b360b5fc4729f0011daf99b8992,mlaad_tiny::en::jane_eyre_04_f000074,train,not_applicable,not_applicable,,,MLAAD::RVC,,,,,,,,,,,,,cal_v13,data\raw\public_v9\mlaad_tiny\fake\en\RVC\jane_eyre_04_f000074.wav,4499be2e5c0e8e725bea666038cff9af53aa3b360b5fc4729f0011daf99b8992,APPROVED,9143e5ea709575ebab6bec52840a1043aada7bb1,en,mlaad::jane_eyre_04,jane_eyre_04_f000074,jane_eyre_04_f000074,mlaad_tiny::en::jane_eyre_04_f000074,none,-1
C:\Users\lLrich\ai_voice_data_v13\raw\mlaad_tiny_matched\8b62287436a0966de76ff489f952159170bc703efe96fa18b2a21035053a38b3.wav,1,1,0,1,0,mlaad::dorothy_and_wizard_oz_06,MLAAD::f5-tts,mlaad_tiny_matched,mlaad_tiny_matched,mueller91/MLAAD-tiny,dorothy_and_wizard_oz_06_f000068,mlaad_tiny::en::dorothy_and_wizard_oz_06_f000068,https://huggingface.co/datasets/mueller91/MLAAD-tiny,9143e5ea709575ebab6bec52840a1043aada7bb1,CC BY-NC 4.0,YES,YES_WITH_ATTRIBUTION_NONCOMMERCIAL,YES_NONCOMMERCIAL_ONLY,MLAAD-tiny-fake,8b62287436a0966de76ff489f952159170bc703efe96fa18b2a21035053a38b3,mlaad_tiny::en::dorothy_and_wizard_oz_06_f000068,train,not_applicable,not_applicable,,,MLAAD::f5-tts,,,,,,,,,,,,,cal_v13,data\raw\public_v9\mlaad_tiny\fake\en\f5-tts\dorothy_and_wizard_oz_06_f000068.wav,8b62287436a0966de76ff489f952159170bc703efe96fa18b2a21035053a38b3,APPROVED,9143e5ea709575ebab6bec52840a1043aada7bb1,en,mlaad::dorothy_and_wizard_oz_06,dorothy_and_wizard_oz_06_f000068,dorothy_and_wizard_oz_06_f000068,mlaad_tiny::en::dorothy_and_wizard_oz_06_f000068,none,-1
C:\Users\lLrich\ai_voice_data_v13\raw\mlaad_tiny_matched\3df57f3240ba03d7fa08de42359e550451d3e417faf94d152a136f60e1c153e8.wav,1,1,0,1,0,mlaad::dorothy_and_wizard_oz_10,MLAAD::f5-tts,mlaad_tiny_matched,mlaad_tiny_matched,mueller91/MLAAD-tiny,dorothy_and_wizard_oz_10_f000004,mlaad_tiny::en::dorothy_and_wizard_oz_10_f000004,https://huggingface.co/datasets/mueller91/MLAAD-tiny,9143e5ea709575ebab6bec52840a1043aada7bb1,CC BY-NC 4.0,YES,YES_WITH_ATTRIBUTION_NONCOMMERCIAL,YES_NONCOMMERCIAL_ONLY,MLAAD-tiny-fake,3df57f3240ba03d7fa08de42359e550451d3e417faf94d152a136f60e1c153e8,mlaad_tiny::en::dorothy_and_wizard_oz_10_f000004,train,not_applicable,not_applicable,,,MLAAD::f5-tts,,,,,,,,,,,,,cal_v13,data\raw\public_v9\mlaad_tiny\fake\en\f5-tts\dorothy_and_wizard_oz_10_f000004.wav,3df57f3240ba03d7fa08de42359e550451d3e417faf94d152a136f60e1c153e8,APPROVED,9143e5ea709575ebab6bec52840a1043aada7bb1,en,mlaad::dorothy_and_wizard_oz_10,dorothy_and_wizard_oz_10_f000004,dorothy_and_wizard_oz_10_f000004,mlaad_tiny::en::dorothy_and_wizard_oz_10_f000004,none,-1
C:\Users\lLrich\ai_voice_data_v13\raw\mlaad_tiny_matched\72f6aa1b1e8517a5f5595c72726b8530659685d7df219bbe07aada915e456c0e.wav,1,1,0,1,0,mlaad::dorothy_and_wizard_oz_14,MLAAD::f5-tts,mlaad_tiny_matched,mlaad_tiny_matched,mueller91/MLAAD-tiny,dorothy_and_wizard_oz_14_f000043,mlaad_tiny::en::dorothy_and_wizard_oz_14_f000043,https://huggingface.co/datasets/mueller91/MLAAD-tiny,9143e5ea709575ebab6bec52840a1043aada7bb1,CC BY-NC 4.0,YES,YES_WITH_ATTRIBUTION_NONCOMMERCIAL,YES_NONCOMMERCIAL_ONLY,MLAAD-tiny-fake,72f6aa1b1e8517a5f5595c72726b8530659685d7df219bbe07aada915e456c0e,mlaad_tiny::en::dorothy_and_wizard_oz_14_f000043,train,not_applicable,not_applicable,,,MLAAD::f5-tts,,,,,,,,,,,,,cal_v13,data\raw\public_v9\mlaad_tiny\fake\en\f5-tts\dorothy_and_wizard_oz_14_f000043.wav,72f6aa1b1e8517a5f5595c72726b8530659685d7df219bbe07aada915e456c0e,APPROVED,9143e5ea709575ebab6bec52840a1043aada7bb1,en,mlaad::dorothy_and_wizard_oz_14,dorothy_and_wizard_oz_14_f000043,dorothy_and_wizard_oz_14_f000043,mlaad_tiny::en::dorothy_and_wizard_oz_14_f000043,none,-1
C:\Users\lLrich\ai_voice_data_v13\raw\mlaad_tiny_matched\34b3482364208305f862027cabfb1a9bc004371b70b066afeff31ca25c051f29.wav,1,1,0,1,0,mlaad::emerald_city_of_oz_25,MLAAD::f5-tts,mlaad_tiny_matched,mlaad_tiny_matched,mueller91/MLAAD-tiny,emerald_city_of_oz_25_f000012,mlaad_tiny::en::emerald_city_of_oz_25_f000012,https://huggingface.co/datasets/mueller91/MLAAD-tiny,9143e5ea709575ebab6bec52840a1043aada7bb1,CC BY-NC 4.0,YES,YES_WITH_ATTRIBUTION_NONCOMMERCIAL,YES_NONCOMMERCIAL_ONLY,MLAAD-tiny-fake,34b3482364208305f862027cabfb1a9bc004371b70b066afeff31ca25c051f29,mlaad_tiny::en::emerald_city_of_oz_25_f000012,train,not_applicable,not_applicable,,,MLAAD::f5-tts,,,,,,,,,,,,,cal_v13,data\raw\public_v9\mlaad_tiny\fake\en\f5-tts\emerald_city_of_oz_25_f000012.wav,34b3482364208305f862027cabfb1a9bc004371b70b066afeff31ca25c051f29,APPROVED,9143e5ea709575ebab6bec52840a1043aada7bb1,en,mlaad::emerald_city_of_oz_25,emerald_city_of_oz_25_f000012,emerald_city_of_oz_25_f000012,mlaad_tiny::en::emerald_city_of_oz_25_f000012,none,-1
C:\Users\lLrich\ai_voice_data_v13\raw\mlaad_tiny_matched\197cd6c10e69a4ba5b365b88d6c05d4937cb77a38597fd4de0097eff44c83ad2.wav,1,1,0,1,0,mlaad::hunters_space_05,MLAAD::f5-tts,mlaad_tiny_matched,mlaad_tiny_matched,mueller91/MLAAD-tiny,hunters_space_05_f000015,mlaad_tiny::en::hunters_space_05_f000015,https://huggingface.co/datasets/mueller91/MLAAD-tiny,9143e5ea709575ebab6bec52840a1043aada7bb1,CC BY-NC 4.0,YES,YES_WITH_ATTRIBUTION_NONCOMMERCIAL,YES_NONCOMMERCIAL_ONLY,MLAAD-tiny-fake,197cd6c10e69a4ba5b365b88d6c05d4937cb77a38597fd4de0097eff44c83ad2,mlaad_tiny::en::hunters_space_05_f000015,train,not_applicable,not_applicable,,,MLAAD::f5-tts,,,,,,,,,,,,,cal_v13,data\raw\public_v9\mlaad_tiny\fake\en\f5-tts\hunters_space_05_f000015.wav,197cd6c10e69a4ba5b365b88d6c05d4937cb77a38597fd4de0097eff44c83ad2,APPROVED,9143e5ea709575ebab6bec52840a1043aada7bb1,en,mlaad::hunters_space_05,hunters_space_05_f000015,hunters_space_05_f000015,mlaad_tiny::en::hunters_space_05_f000015,none,-1
C:\Users\lLrich\ai_voice_data_v13\raw\mlaad_tiny_matched\3741609df7e0595ed770ccad4f9a55be8c9f01bb2c29e890d93009c0d7afd9f1.wav,1,1,0,1,0,mlaad::hunters_space_06,MLAAD::f5-tts,mlaad_tiny_matched,mlaad_tiny_matched,mueller91/MLAAD-tiny,hunters_space_06_f000023,mlaad_tiny::en::hunters_space_06_f000023,https://huggingface.co/datasets/mueller91/MLAAD-tiny,9143e5ea709575ebab6bec52840a1043aada7bb1,CC BY-NC 4.0,YES,YES_WITH_ATTRIBUTION_NONCOMMERCIAL,YES_NONCOMMERCIAL_ONLY,MLAAD-tiny-fake,3741609df7e0595ed770ccad4f9a55be8c9f01bb2c29e890d93009c0d7afd9f1,mlaad_tiny::en::hunters_space_06_f000023,train,not_applicable,not_applicable,,,MLAAD::f5-tts,,,,,,,,,,,,,cal_v13,data\raw\public_v9\mlaad_tiny\fake\en\f5-tts\hunters_space_06_f000023.wav,3741609df7e0595ed770ccad4f9a55be8c9f01bb2c29e890d93009c0d7afd9f1,APPROVED,9143e5ea709575ebab6bec52840a1043aada7bb1,en,mlaad::hunters_space_06,hunters_space_06_f000023,hunters_space_06_f000023,mlaad_tiny::en::hunters_space_06_f000023,none,-1
C:\Users\lLrich\ai_voice_data_v13\raw\mlaad_tiny_matched\0fb918b2424050c9a40db6be833d448bd4fd154fbde99933f0537e0d380986eb.wav,1,1,0,1,0,mlaad::hunters_space_15,MLAAD::f5-tts,mlaad_tiny_matched,mlaad_tiny_matched,mueller91/MLAAD-tiny,hunters_space_15_f000040,mlaad_tiny::en::hunters_space_15_f000040,https://huggingface.co/datasets/mueller91/MLAAD-tiny,9143e5ea709575ebab6bec52840a1043aada7bb1,CC BY-NC 4.0,YES,YES_WITH_ATTRIBUTION_NONCOMMERCIAL,YES_NONCOMMERCIAL_ONLY,MLAAD-tiny-fake,0fb918b2424050c9a40db6be833d448bd4fd154fbde99933f0537e0d380986eb,mlaad_tiny::en::hunters_space_15_f000040,train,not_applicable,not_applicable,,,MLAAD::f5-tts,,,,,,,,,,,,,cal_v13,data\raw\public_v9\mlaad_tiny\fake\en\f5-tts\hunters_space_15_f000040.wav,0fb918b2424050c9a40db6be833d448bd4fd154fbde99933f0537e0d380986eb,APPROVED,9143e5ea709575ebab6bec52840a1043aada7bb1,en,mlaad::hunters_space_15,hunters_space_15_f000040,hunters_space_15_f000040,mlaad_tiny::en::hunters_space_15_f000040,none,-1
C:\Users\lLrich\ai_voice_data_v13\raw\mlaad_tiny_matched\a3238c9ee6f5d956b646f049457508d5f44aee1a6defa508b9ac5a8456c21fd9.wav,1,1,0,1,0,mlaad::hunters_space_19,MLAAD::f5-tts,mlaad_tiny_matched,mlaad_tiny_matched,mueller91/MLAAD-tiny,hunters_space_19_f000016,mlaad_tiny::en::hunters_space_19_f000016,https://huggingface.co/datasets/mueller91/MLAAD-tiny,9143e5ea709575ebab6bec52840a1043aada7bb1,CC BY-NC 4.0,YES,YES_WITH_ATTRIBUTION_NONCOMMERCIAL,YES_NONCOMMERCIAL_ONLY,MLAAD-tiny-fake,a3238c9ee6f5d956b646f049457508d5f44aee1a6defa508b9ac5a8456c21fd9,mlaad_tiny::en::hunters_space_19_f000016,train,not_applicable,not_applicable,,,MLAAD::f5-tts,,,,,,,,,,,,,cal_v13,data\raw\public_v9\mlaad_tiny\fake\en\f5-tts\hunters_space_19_f000016.wav,a3238c9ee6f5d956b646f049457508d5f44aee1a6defa508b9ac5a8456c21fd9,APPROVED,9143e5ea709575ebab6bec52840a1043aada7bb1,en,mlaad::hunters_space_19,hunters_space_19_f000016,hunters_space_19_f000016,mlaad_tiny::en::hunters_space_19_f000016,none,-1
C:\Users\lLrich\ai_voice_data_v13\raw\mlaad_tiny_matched\5426839d27e632bff6ddc88b2389a55a220d31bb4fa03cf48bc8e3e6b3c5601b.wav,1,1,0,1,0,mlaad::jane_eyre_09,MLAAD::f5-tts,mlaad_tiny_matched,mlaad_tiny_matched,mueller91/MLAAD-tiny,jane_eyre_09_f000010,mlaad_tiny::en::jane_eyre_09_f000010,https://huggingface.co/datasets/mueller91/MLAAD-tiny,9143e5ea709575ebab6bec52840a1043aada7bb1,CC BY-NC 4.0,YES,YES_WITH_ATTRIBUTION_NONCOMMERCIAL,YES_NONCOMMERCIAL_ONLY,MLAAD-tiny-fake,5426839d27e632bff6ddc88b2389a55a220d31bb4fa03cf48bc8e3e6b3c5601b,mlaad_tiny::en::jane_eyre_09_f000010,train,not_applicable,not_applicable,,,MLAAD::f5-tts,,,,,,,,,,,,,cal_v13,data\raw\public_v9\mlaad_tiny\fake\en\f5-tts\jane_eyre_09_f000010.wav,5426839d27e632bff6ddc88b2389a55a220d31bb4fa03cf48bc8e3e6b3c5601b,APPROVED,9143e5ea709575ebab6bec52840a1043aada7bb1,en,mlaad::jane_eyre_09,jane_eyre_09_f000010,jane_eyre_09_f000010,mlaad_tiny::en::jane_eyre_09_f000010,none,-1
C:\Users\lLrich\ai_voice_data_v13\raw\mlaad_tiny_matched\210793044f7e3dfec69abb1afde71318cff62f298bb10bb89b823a37822f776d.wav,1,1,0,1,0,mlaad::jane_eyre_12,MLAAD::f5-tts,mlaad_tiny_matched,mlaad_tiny_matched,mueller91/MLAAD-tiny,jane_eyre_12_f000178,mlaad_tiny::en::jane_eyre_12_f000178,https://huggingface.co/datasets/mueller91/MLAAD-tiny,9143e5ea709575ebab6bec52840a1043aada7bb1,CC BY-NC 4.0,YES,YES_WITH_ATTRIBUTION_NONCOMMERCIAL,YES_NONCOMMERCIAL_ONLY,MLAAD-tiny-fake,210793044f7e3dfec69abb1afde71318cff62f298bb10bb89b823a37822f776d,mlaad_tiny::en::jane_eyre_12_f000178,train,not_applicable,not_applicable,,,MLAAD::f5-tts,,,,,,,,,,,,,cal_v13,data\raw\public_v9\mlaad_tiny\fake\en\f5-tts\jane_eyre_12_f000178.wav,210793044f7e3dfec69abb1afde71318cff62f298bb10bb89b823a37822f776d,APPROVED,9143e5ea709575ebab6bec52840a1043aada7bb1,en,mlaad::jane_eyre_12,jane_eyre_12_f000178,jane_eyre_12_f000178,mlaad_tiny::en::jane_eyre_12_f000178,none,-1
C:\Users\lLrich\ai_voice_data_v13\raw\mlaad_tiny_matched\4f69034cbd1e222d53a5ca64ab0ca92e9932a0b8efebbe5e7636c5e5049bbfc8.wav,1,1,0,1,0,mlaad::dorothy_and_wizard_oz_03,MLAAD::suno_bark,mlaad_tiny_matched,mlaad_tiny_matched,mueller91/MLAAD-tiny,dorothy_and_wizard_oz_03_f000011,mlaad_tiny::en::dorothy_and_wizard_oz_03_f000011,https://huggingface.co/datasets/mueller91/MLAAD-tiny,9143e5ea709575ebab6bec52840a1043aada7bb1,CC BY-NC 4.0,YES,YES_WITH_ATTRIBUTION_NONCOMMERCIAL,YES_NONCOMMERCIAL_ONLY,MLAAD-tiny-fake,4f69034cbd1e222d53a5ca64ab0ca92e9932a0b8efebbe5e7636c5e5049bbfc8,mlaad_tiny::en::dorothy_and_wizard_oz_03_f000011,train,not_applicable,not_applicable,,,MLAAD::suno_bark,,,,,,,,,,,,,cal_v13,data\raw\public_v9\mlaad_tiny\fake\en\suno_bark\dorothy_and_wizard_oz_03_f000011.wav,4f69034cbd1e222d53a5ca64ab0ca92e9932a0b8efebbe5e7636c5e5049bbfc8,APPROVED,9143e5ea709575ebab6bec52840a1043aada7bb1,en,mlaad::dorothy_and_wizard_oz_03,dorothy_and_wizard_oz_03_f000011,dorothy_and_wizard_oz_03_f000011,mlaad_tiny::en::dorothy_and_wizard_oz_03_f000011,none,-1
C:\Users\lLrich\ai_voice_data_v13\raw\mlaad_tiny_matched\251c84e64c6f5108913f29c7636ef9d5ec53e5ef295e2e5b2c469d292413cf2a.wav,1,1,0,1,0,mlaad::dorothy_and_wizard_oz_09,MLAAD::suno_bark,mlaad_tiny_matched,mlaad_tiny_matched,mueller91/MLAAD-tiny,dorothy_and_wizard_oz_09_f000127,mlaad_tiny::en::dorothy_and_wizard_oz_09_f000127,https://huggingface.co/datasets/mueller91/MLAAD-tiny,9143e5ea709575ebab6bec52840a1043aada7bb1,CC BY-NC 4.0,YES,YES_WITH_ATTRIBUTION_NONCOMMERCIAL,YES_NONCOMMERCIAL_ONLY,MLAAD-tiny-fake,251c84e64c6f5108913f29c7636ef9d5ec53e5ef295e2e5b2c469d292413cf2a,mlaad_tiny::en::dorothy_and_wizard_oz_09_f000127,train,not_applicable,not_applicable,,,MLAAD::suno_bark,,,,,,,,,,,,,cal_v13,data\raw\public_v9\mlaad_tiny\fake\en\suno_bark\dorothy_and_wizard_oz_09_f000127.wav,251c84e64c6f5108913f29c7636ef9d5ec53e5ef295e2e5b2c469d292413cf2a,APPROVED,9143e5ea709575ebab6bec52840a1043aada7bb1,en,mlaad::dorothy_and_wizard_oz_09,dorothy_and_wizard_oz_09_f000127,dorothy_and_wizard_oz_09_f000127,mlaad_tiny::en::dorothy_and_wizard_oz_09_f000127,none,-1
C:\Users\lLrich\ai_voice_data_v13\raw\mlaad_tiny_matched\df08bd2df60003a498b69512311c811d5e85591934a2c6726ab25b9009cbd34d.wav,1,1,0,1,0,mlaad::dorothy_and_wizard_oz_16,MLAAD::suno_bark,mlaad_tiny_matched,mlaad_tiny_matched,mueller91/MLAAD-tiny,dorothy_and_wizard_oz_16_f000035,mlaad_tiny::en::dorothy_and_wizard_oz_16_f000035,https://huggingface.co/datasets/mueller91/MLAAD-tiny,9143e5ea709575ebab6bec52840a1043aada7bb1,CC BY-NC 4.0,YES,YES_WITH_ATTRIBUTION_NONCOMMERCIAL,YES_NONCOMMERCIAL_ONLY,MLAAD-tiny-fake,df08bd2df60003a498b69512311c811d5e85591934a2c6726ab25b9009cbd34d,mlaad_tiny::en::dorothy_and_wizard_oz_16_f000035,train,not_applicable,not_applicable,,,MLAAD::suno_bark,,,,,,,,,,,,,cal_v13,data\raw\public_v9\mlaad_tiny\fake\en\suno_bark\dorothy_and_wizard_oz_16_f000035.wav,df08bd2df60003a498b69512311c811d5e85591934a2c6726ab25b9009cbd34d,APPROVED,9143e5ea709575ebab6bec52840a1043aada7bb1,en,mlaad::dorothy_and_wizard_oz_16,dorothy_and_wizard_oz_16_f000035,dorothy_and_wizard_oz_16_f000035,mlaad_tiny::en::dorothy_and_wizard_oz_16_f000035,none,-1
C:\Users\lLrich\ai_voice_data_v13\raw\mlaad_tiny_matched\d069d643b68113685c77971b643b74257506e97fab75e8a583e5b25ea1dd9084.wav,1,1,0,1,0,mlaad::emerald_city_of_oz_16,MLAAD::suno_bark,mlaad_tiny_matched,mlaad_tiny_matched,mueller91/MLAAD-tiny,emerald_city_of_oz_16_f000007,mlaad_tiny::en::emerald_city_of_oz_16_f000007,https://huggingface.co/datasets/mueller91/MLAAD-tiny,9143e5ea709575ebab6bec52840a1043aada7bb1,CC BY-NC 4.0,YES,YES_WITH_ATTRIBUTION_NONCOMMERCIAL,YES_NONCOMMERCIAL_ONLY,MLAAD-tiny-fake,d069d643b68113685c77971b643b74257506e97fab75e8a583e5b25ea1dd9084,mlaad_tiny::en::emerald_city_of_oz_16_f000007,train,not_applicable,not_applicable,,,MLAAD::suno_bark,,,,,,,,,,,,,cal_v13,data\raw\public_v9\mlaad_tiny\fake\en\suno_bark\emerald_city_of_oz_16_f000007.wav,d069d643b68113685c77971b643b74257506e97fab75e8a583e5b25ea1dd9084,APPROVED,9143e5ea709575ebab6bec52840a1043aada7bb1,en,mlaad::emerald_city_of_oz_16,emerald_city_of_oz_16_f000007,emerald_city_of_oz_16_f000007,mlaad_tiny::en::emerald_city_of_oz_16_f000007,none,-1
C:\Users\lLrich\ai_voice_data_v13\raw\mlaad_tiny_matched\cfb84d7de21fb1dc195337d3ea5b1c234d41f0bce755eef8cffbae8be09c4b8e.wav,1,1,0,1,0,mlaad::hunters_space_02,MLAAD::suno_bark,mlaad_tiny_matched,mlaad_tiny_matched,mueller91/MLAAD-tiny,hunters_space_02_f000110,mlaad_tiny::en::hunters_space_02_f000110,https://huggingface.co/datasets/mueller91/MLAAD-tiny,9143e5ea709575ebab6bec52840a1043aada7bb1,CC BY-NC 4.0,YES,YES_WITH_ATTRIBUTION_NONCOMMERCIAL,YES_NONCOMMERCIAL_ONLY,MLAAD-tiny-fake,cfb84d7de21fb1dc195337d3ea5b1c234d41f0bce755eef8cffbae8be09c4b8e,mlaad_tiny::en::hunters_space_02_f000110,train,not_applicable,not_applicable,,,MLAAD::suno_bark,,,,,,,,,,,,,cal_v13,data\raw\public_v9\mlaad_tiny\fake\en\suno_bark\hunters_space_02_f000110.wav,cfb84d7de21fb1dc195337d3ea5b1c234d41f0bce755eef8cffbae8be09c4b8e,APPROVED,9143e5ea709575ebab6bec52840a1043aada7bb1,en,mlaad::hunters_space_02,hunters_space_02_f000110,hunters_space_02_f000110,mlaad_tiny::en::hunters_space_02_f000110,none,-1
C:\Users\lLrich\ai_voice_data_v13\raw\mlaad_tiny_matched\982d64d3919e7e54be0c839df41761146a46b6b7f06ffcd53e2774f1b0629852.wav,1,1,0,1,0,mlaad::hunters_space_10,MLAAD::suno_bark,mlaad_tiny_matched,mlaad_tiny_matched,mueller91/MLAAD-tiny,hunters_space_10_f000009,mlaad_tiny::en::hunters_space_10_f000009,https://huggingface.co/datasets/mueller91/MLAAD-tiny,9143e5ea709575ebab6bec52840a1043aada7bb1,CC BY-NC 4.0,YES,YES_WITH_ATTRIBUTION_NONCOMMERCIAL,YES_NONCOMMERCIAL_ONLY,MLAAD-tiny-fake,982d64d3919e7e54be0c839df41761146a46b6b7f06ffcd53e2774f1b0629852,mlaad_tiny::en::hunters_space_10_f000009,train,not_applicable,not_applicable,,,MLAAD::suno_bark,,,,,,,,,,,,,cal_v13,data\raw\public_v9\mlaad_tiny\fake\en\suno_bark\hunters_space_10_f000009.wav,982d64d3919e7e54be0c839df41761146a46b6b7f06ffcd53e2774f1b0629852,APPROVED,9143e5ea709575ebab6bec52840a1043aada7bb1,en,mlaad::hunters_space_10,hunters_space_10_f000009,hunters_space_10_f000009,mlaad_tiny::en::hunters_space_10_f000009,none,-1
C:\Users\lLrich\ai_voice_data_v13\raw\mlaad_tiny_matched\34040ba0552a0197e1b823546a1cb9fd5ef6f7fdb441722f7f82791b4f3ac77e.wav,1,1,0,1,0,mlaad::jane_eyre_02,MLAAD::suno_bark,mlaad_tiny_matched,mlaad_tiny_matched,mueller91/MLAAD-tiny,jane_eyre_02_f000021,mlaad_tiny::en::jane_eyre_02_f000021,https://huggingface.co/datasets/mueller91/MLAAD-tiny,9143e5ea709575ebab6bec52840a1043aada7bb1,CC BY-NC 4.0,YES,YES_WITH_ATTRIBUTION_NONCOMMERCIAL,YES_NONCOMMERCIAL_ONLY,MLAAD-tiny-fake,34040ba0552a0197e1b823546a1cb9fd5ef6f7fdb441722f7f82791b4f3ac77e,mlaad_tiny::en::jane_eyre_02_f000021,train,not_applicable,not_applicable,,,MLAAD::suno_bark,,,,,,,,,,,,,cal_v13,data\raw\public_v9\mlaad_tiny\fake\en\suno_bark\jane_eyre_02_f000021.wav,34040ba0552a0197e1b823546a1cb9fd5ef6f7fdb441722f7f82791b4f3ac77e,APPROVED,9143e5ea709575ebab6bec52840a1043aada7bb1,en,mlaad::jane_eyre_02,jane_eyre_02_f000021,jane_eyre_02_f000021,mlaad_tiny::en::jane_eyre_02_f000021,none,-1
C:\Users\lLrich\ai_voice_data_v13\raw\mlaad_tiny_matched\32112d53e2b1d6f2e97ff1b9ce27eed83fea99f9a9b56821bd0d182baa16c620.wav,1,1,0,1,0,mlaad::jane_eyre_03,MLAAD::suno_bark,mlaad_tiny_matched,mlaad_tiny_matched,mueller91/MLAAD-tiny,jane_eyre_03_f000013,mlaad_tiny::en::jane_eyre_03_f000013,https://huggingface.co/datasets/mueller91/MLAAD-tiny,9143e5ea709575ebab6bec52840a1043aada7bb1,CC BY-NC 4.0,YES,YES_WITH_ATTRIBUTION_NONCOMMERCIAL,YES_NONCOMMERCIAL_ONLY,MLAAD-tiny-fake,32112d53e2b1d6f2e97ff1b9ce27eed83fea99f9a9b56821bd0d182baa16c620,mlaad_tiny::en::jane_eyre_03_f000013,train,not_applicable,not_applicable,,,MLAAD::suno_bark,,,,,,,,,,,,,cal_v13,data\raw\public_v9\mlaad_tiny\fake\en\suno_bark\jane_eyre_03_f000013.wav,32112d53e2b1d6f2e97ff1b9ce27eed83fea99f9a9b56821bd0d182baa16c620,APPROVED,9143e5ea709575ebab6bec52840a1043aada7bb1,en,mlaad::jane_eyre_03,jane_eyre_03_f000013,jane_eyre_03_f000013,mlaad_tiny::en::jane_eyre_03_f000013,none,-1
C:\Users\lLrich\ai_voice_data_v13\raw\mlaad_tiny_matched\64d30f14cc7cbe76cecc89f5039ec401b428ce978d558d7bc925fa1ae4bcf3f7.wav,1,1,0,1,0,mlaad::jane_eyre_04,MLAAD::suno_bark,mlaad_tiny_matched,mlaad_tiny_matched,mueller91/MLAAD-tiny,jane_eyre_04_f000138,mlaad_tiny::en::jane_eyre_04_f000138,https://huggingface.co/datasets/mueller91/MLAAD-tiny,9143e5ea709575ebab6bec52840a1043aada7bb1,CC BY-NC 4.0,YES,YES_WITH_ATTRIBUTION_NONCOMMERCIAL,YES_NONCOMMERCIAL_ONLY,MLAAD-tiny-fake,64d30f14cc7cbe76cecc89f5039ec401b428ce978d558d7bc925fa1ae4bcf3f7,mlaad_tiny::en::jane_eyre_04_f000138,train,not_applicable,not_applicable,,,MLAAD::suno_bark,,,,,,,,,,,,,cal_v13,data\raw\public_v9\mlaad_tiny\fake\en\suno_bark\jane_eyre_04_f000138.wav,64d30f14cc7cbe76cecc89f5039ec401b428ce978d558d7bc925fa1ae4bcf3f7,APPROVED,9143e5ea709575ebab6bec52840a1043aada7bb1,en,mlaad::jane_eyre_04,jane_eyre_04_f000138,jane_eyre_04_f000138,mlaad_tiny::en::jane_eyre_04_f000138,none,-1
C:\Users\lLrich\ai_voice_data_v13\raw\mlaad_tiny_matched\e6f0ba7f927cad4a51c3f66528ef07778349708e4f7e9b48bc86564df6600f43.wav,1,1,0,1,0,mlaad::jane_eyre_05,MLAAD::suno_bark,mlaad_tiny_matched,mlaad_tiny_matched,mueller91/MLAAD-tiny,jane_eyre_05_f000137,mlaad_tiny::en::jane_eyre_05_f000137,https://huggingface.co/datasets/mueller91/MLAAD-tiny,9143e5ea709575ebab6bec52840a1043aada7bb1,CC BY-NC 4.0,YES,YES_WITH_ATTRIBUTION_NONCOMMERCIAL,YES_NONCOMMERCIAL_ONLY,MLAAD-tiny-fake,e6f0ba7f927cad4a51c3f66528ef07778349708e4f7e9b48bc86564df6600f43,mlaad_tiny::en::jane_eyre_05_f000137,train,not_applicable,not_applicable,,,MLAAD::suno_bark,,,,,,,,,,,,,cal_v13,data\raw\public_v9\mlaad_tiny\fake\en\suno_bark\jane_eyre_05_f000137.wav,e6f0ba7f927cad4a51c3f66528ef07778349708e4f7e9b48bc86564df6600f43,APPROVED,9143e5ea709575ebab6bec52840a1043aada7bb1,en,mlaad::jane_eyre_05,jane_eyre_05_f000137,jane_eyre_05_f000137,mlaad_tiny::en::jane_eyre_05_f000137,none,-1
C:\Users\lLrich\ai_voice_data_v13\raw\mlaad_tiny_matched\396eae42748f62c9ed080eea88d2cc3bcd82db32ca7e63fa661c2242fcc07332.wav,1,1,0,1,0,mlaad::dorothy_and_wizard_oz_02,MLAAD::zonosTTS-v0.1,mlaad_tiny_matched,mlaad_tiny_matched,mueller91/MLAAD-tiny,dorothy_and_wizard_oz_02_f000009,mlaad_tiny::en::dorothy_and_wizard_oz_02_f000009,https://huggingface.co/datasets/mueller91/MLAAD-tiny,9143e5ea709575ebab6bec52840a1043aada7bb1,CC BY-NC 4.0,YES,YES_WITH_ATTRIBUTION_NONCOMMERCIAL,YES_NONCOMMERCIAL_ONLY,MLAAD-tiny-fake,396eae42748f62c9ed080eea88d2cc3bcd82db32ca7e63fa661c2242fcc07332,mlaad_tiny::en::dorothy_and_wizard_oz_02_f000009,train,not_applicable,not_applicable,,,MLAAD::zonosTTS-v0.1,,,,,,,,,,,,,cal_v13,data\raw\public_v9\mlaad_tiny\fake\en\zonosTTS-v0.1\dorothy_and_wizard_oz_02_f000009.wav,396eae42748f62c9ed080eea88d2cc3bcd82db32ca7e63fa661c2242fcc07332,APPROVED,9143e5ea709575ebab6bec52840a1043aada7bb1,en,mlaad::dorothy_and_wizard_oz_02,dorothy_and_wizard_oz_02_f000009,dorothy_and_wizard_oz_02_f000009,mlaad_tiny::en::dorothy_and_wizard_oz_02_f000009,none,-1
C:\Users\lLrich\ai_voice_data_v13\raw\mlaad_tiny_matched\505788cbf28c96c3812943afdea934defed3ebe4ee3b2fbe4addd1879a4c4a24.wav,1,1,0,1,0,mlaad::dorothy_and_wizard_oz_12,MLAAD::zonosTTS-v0.1,mlaad_tiny_matched,mlaad_tiny_matched,mueller91/MLAAD-tiny,dorothy_and_wizard_oz_12_f000071,mlaad_tiny::en::dorothy_and_wizard_oz_12_f000071,https://huggingface.co/datasets/mueller91/MLAAD-tiny,9143e5ea709575ebab6bec52840a1043aada7bb1,CC BY-NC 4.0,YES,YES_WITH_ATTRIBUTION_NONCOMMERCIAL,YES_NONCOMMERCIAL_ONLY,MLAAD-tiny-fake,505788cbf28c96c3812943afdea934defed3ebe4ee3b2fbe4addd1879a4c4a24,mlaad_tiny::en::dorothy_and_wizard_oz_12_f000071,train,not_applicable,not_applicable,,,MLAAD::zonosTTS-v0.1,,,,,,,,,,,,,cal_v13,data\raw\public_v9\mlaad_tiny\fake\en\zonosTTS-v0.1\dorothy_and_wizard_oz_12_f000071.wav,505788cbf28c96c3812943afdea934defed3ebe4ee3b2fbe4addd1879a4c4a24,APPROVED,9143e5ea709575ebab6bec52840a1043aada7bb1,en,mlaad::dorothy_and_wizard_oz_12,dorothy_and_wizard_oz_12_f000071,dorothy_and_wizard_oz_12_f000071,mlaad_tiny::en::dorothy_and_wizard_oz_12_f000071,none,-1
C:\Users\lLrich\ai_voice_data_v13\raw\mlaad_tiny_matched\d880f814af16668433971a6fe1a1a1b94a91ac9947944dfbcb2414985ef99cd9.wav,1,1,0,1,0,mlaad::dorothy_and_wizard_oz_19,MLAAD::zonosTTS-v0.1,mlaad_tiny_matched,mlaad_tiny_matched,mueller91/MLAAD-tiny,dorothy_and_wizard_oz_19_f000025,mlaad_tiny::en::dorothy_and_wizard_oz_19_f000025,https://huggingface.co/datasets/mueller91/MLAAD-tiny,9143e5ea709575ebab6bec52840a1043aada7bb1,CC BY-NC 4.0,YES,YES_WITH_ATTRIBUTION_NONCOMMERCIAL,YES_NONCOMMERCIAL_ONLY,MLAAD-tiny-fake,d880f814af16668433971a6fe1a1a1b94a91ac9947944dfbcb2414985ef99cd9,mlaad_tiny::en::dorothy_and_wizard_oz_19_f000025,train,not_applicable,not_applicable,,,MLAAD::zonosTTS-v0.1,,,,,,,,,,,,,cal_v13,data\raw\public_v9\mlaad_tiny\fake\en\zonosTTS-v0.1\dorothy_and_wizard_oz_19_f000025.wav,d880f814af16668433971a6fe1a1a1b94a91ac9947944dfbcb2414985ef99cd9,APPROVED,9143e5ea709575ebab6bec52840a1043aada7bb1,en,mlaad::dorothy_and_wizard_oz_19,dorothy_and_wizard_oz_19_f000025,dorothy_and_wizard_oz_19_f000025,mlaad_tiny::en::dorothy_and_wizard_oz_19_f000025,none,-1
C:\Users\lLrich\ai_voice_data_v13\raw\mlaad_tiny_matched\5258ad3477dbe9b35bad344bf2352f97c9121d409c5862b3352de5ccc9596bab.wav,1,1,0,1,0,mlaad::dorothy_and_wizard_oz_20,MLAAD::zonosTTS-v0.1,mlaad_tiny_matched,mlaad_tiny_matched,mueller91/MLAAD-tiny,dorothy_and_wizard_oz_20_f000022,mlaad_tiny::en::dorothy_and_wizard_oz_20_f000022,https://huggingface.co/datasets/mueller91/MLAAD-tiny,9143e5ea709575ebab6bec52840a1043aada7bb1,CC BY-NC 4.0,YES,YES_WITH_ATTRIBUTION_NONCOMMERCIAL,YES_NONCOMMERCIAL_ONLY,MLAAD-tiny-fake,5258ad3477dbe9b35bad344bf2352f97c9121d409c5862b3352de5ccc9596bab,mlaad_tiny::en::dorothy_and_wizard_oz_20_f000022,train,not_applicable,not_applicable,,,MLAAD::zonosTTS-v0.1,,,,,,,,,,,,,cal_v13,data\raw\public_v9\mlaad_tiny\fake\en\zonosTTS-v0.1\dorothy_and_wizard_oz_20_f000022.wav,5258ad3477dbe9b35bad344bf2352f97c9121d409c5862b3352de5ccc9596bab,APPROVED,9143e5ea709575ebab6bec52840a1043aada7bb1,en,mlaad::dorothy_and_wizard_oz_20,dorothy_and_wizard_oz_20_f000022,dorothy_and_wizard_oz_20_f000022,mlaad_tiny::en::dorothy_and_wizard_oz_20_f000022,none,-1
C:\Users\lLrich\ai_voice_data_v13\raw\mlaad_tiny_matched\dd7eb7ea3a907a269a9cc44e5c188abb4d39de0aea127530404cce0a9ac4d82e.wav,1,1,0,1,0,mlaad::emerald_city_of_oz_07,MLAAD::zonosTTS-v0.1,mlaad_tiny_matched,mlaad_tiny_matched,mueller91/MLAAD-tiny,emerald_city_of_oz_07_f000100,mlaad_tiny::en::emerald_city_of_oz_07_f000100,https://huggingface.co/datasets/mueller91/MLAAD-tiny,9143e5ea709575ebab6bec52840a1043aada7bb1,CC BY-NC 4.0,YES,YES_WITH_ATTRIBUTION_NONCOMMERCIAL,YES_NONCOMMERCIAL_ONLY,MLAAD-tiny-fake,dd7eb7ea3a907a269a9cc44e5c188abb4d39de0aea127530404cce0a9ac4d82e,mlaad_tiny::en::emerald_city_of_oz_07_f000100,train,not_applicable,not_applicable,,,MLAAD::zonosTTS-v0.1,,,,,,,,,,,,,cal_v13,data\raw\public_v9\mlaad_tiny\fake\en\zonosTTS-v0.1\emerald_city_of_oz_07_f000100.wav,dd7eb7ea3a907a269a9cc44e5c188abb4d39de0aea127530404cce0a9ac4d82e,APPROVED,9143e5ea709575ebab6bec52840a1043aada7bb1,en,mlaad::emerald_city_of_oz_07,emerald_city_of_oz_07_f000100,emerald_city_of_oz_07_f000100,mlaad_tiny::en::emerald_city_of_oz_07_f000100,none,-1
C:\Users\lLrich\ai_voice_data_v13\raw\mlaad_tiny_matched\fd66737fab9bbdbe1aec15e432c81f3b4005b5533b710b20a911a525eaee4259.wav,1,1,0,1,0,mlaad::hunters_space_12,MLAAD::zonosTTS-v0.1,mlaad_tiny_matched,mlaad_tiny_matched,mueller91/MLAAD-tiny,hunters_space_12_f000024,mlaad_tiny::en::hunters_space_12_f000024,https://huggingface.co/datasets/mueller91/MLAAD-tiny,9143e5ea709575ebab6bec52840a1043aada7bb1,CC BY-NC 4.0,YES,YES_WITH_ATTRIBUTION_NONCOMMERCIAL,YES_NONCOMMERCIAL_ONLY,MLAAD-tiny-fake,fd66737fab9bbdbe1aec15e432c81f3b4005b5533b710b20a911a525eaee4259,mlaad_tiny::en::hunters_space_12_f000024,train,not_applicable,not_applicable,,,MLAAD::zonosTTS-v0.1,,,,,,,,,,,,,cal_v13,data\raw\public_v9\mlaad_tiny\fake\en\zonosTTS-v0.1\hunters_space_12_f000024.wav,fd66737fab9bbdbe1aec15e432c81f3b4005b5533b710b20a911a525eaee4259,APPROVED,9143e5ea709575ebab6bec52840a1043aada7bb1,en,mlaad::hunters_space_12,hunters_space_12_f000024,hunters_space_12_f000024,mlaad_tiny::en::hunters_space_12_f000024,none,-1
C:\Users\lLrich\ai_voice_data_v13\raw\mlaad_tiny_matched\9fdf50ecccfd47060723f762eb6c7535f41a094b307b3bcbce94bb34fca0bd44.wav,1,1,0,1,0,mlaad::hunters_space_19,MLAAD::zonosTTS-v0.1,mlaad_tiny_matched,mlaad_tiny_matched,mueller91/MLAAD-tiny,hunters_space_19_f000042,mlaad_tiny::en::hunters_space_19_f000042,https://huggingface.co/datasets/mueller91/MLAAD-tiny,9143e5ea709575ebab6bec52840a1043aada7bb1,CC BY-NC 4.0,YES,YES_WITH_ATTRIBUTION_NONCOMMERCIAL,YES_NONCOMMERCIAL_ONLY,MLAAD-tiny-fake,9fdf50ecccfd47060723f762eb6c7535f41a094b307b3bcbce94bb34fca0bd44,mlaad_tiny::en::hunters_space_19_f000042,train,not_applicable,not_applicable,,,MLAAD::zonosTTS-v0.1,,,,,,,,,,,,,cal_v13,data\raw\public_v9\mlaad_tiny\fake\en\zonosTTS-v0.1\hunters_space_19_f000042.wav,9fdf50ecccfd47060723f762eb6c7535f41a094b307b3bcbce94bb34fca0bd44,APPROVED,9143e5ea709575ebab6bec52840a1043aada7bb1,en,mlaad::hunters_space_19,hunters_space_19_f000042,hunters_space_19_f000042,mlaad_tiny::en::hunters_space_19_f000042,none,-1
C:\Users\lLrich\ai_voice_data_v13\raw\mlaad_tiny_matched\b293da512a35afe0e43557bade7f8780e477e13efe65ea4d70a82d5de440c673.wav,1,1,0,1,0,mlaad::jane_eyre_13,MLAAD::zonosTTS-v0.1,mlaad_tiny_matched,mlaad_tiny_matched,mueller91/MLAAD-tiny,jane_eyre_13_f000059,mlaad_tiny::en::jane_eyre_13_f000059,https://huggingface.co/datasets/mueller91/MLAAD-tiny,9143e5ea709575ebab6bec52840a1043aada7bb1,CC BY-NC 4.0,YES,YES_WITH_ATTRIBUTION_NONCOMMERCIAL,YES_NONCOMMERCIAL_ONLY,MLAAD-tiny-fake,b293da512a35afe0e43557bade7f8780e477e13efe65ea4d70a82d5de440c673,mlaad_tiny::en::jane_eyre_13_f000059,train,not_applicable,not_applicable,,,MLAAD::zonosTTS-v0.1,,,,,,,,,,,,,cal_v13,data\raw\public_v9\mlaad_tiny\fake\en\zonosTTS-v0.1\jane_eyre_13_f000059.wav,b293da512a35afe0e43557bade7f8780e477e13efe65ea4d70a82d5de440c673,APPROVED,9143e5ea709575ebab6bec52840a1043aada7bb1,en,mlaad::jane_eyre_13,jane_eyre_13_f000059,jane_eyre_13_f000059,mlaad_tiny::en::jane_eyre_13_f000059,none,-1
C:\Users\lLrich\ai_voice_data_v13\raw\mlaad_tiny_matched\3a90c64ea95367ad36986917a662b5e2e897f7f29f8f6121f12a95e9612f55c7.wav,1,1,0,1,0,mlaad::jane_eyre_19,MLAAD::zonosTTS-v0.1,mlaad_tiny_matched,mlaad_tiny_matched,mueller91/MLAAD-tiny,jane_eyre_19_f000225,mlaad_tiny::en::jane_eyre_19_f000225,https://huggingface.co/datasets/mueller91/MLAAD-tiny,9143e5ea709575ebab6bec52840a1043aada7bb1,CC BY-NC 4.0,YES,YES_WITH_ATTRIBUTION_NONCOMMERCIAL,YES_NONCOMMERCIAL_ONLY,MLAAD-tiny-fake,3a90c64ea95367ad36986917a662b5e2e897f7f29f8f6121f12a95e9612f55c7,mlaad_tiny::en::jane_eyre_19_f000225,train,not_applicable,not_applicable,,,MLAAD::zonosTTS-v0.1,,,,,,,,,,,,,cal_v13,data\raw\public_v9\mlaad_tiny\fake\en\zonosTTS-v0.1\jane_eyre_19_f000225.wav,3a90c64ea95367ad36986917a662b5e2e897f7f29f8f6121f12a95e9612f55c7,APPROVED,9143e5ea709575ebab6bec52840a1043aada7bb1,en,mlaad::jane_eyre_19,jane_eyre_19_f000225,jane_eyre_19_f000225,mlaad_tiny::en::jane_eyre_19_f000225,none,-1
C:\Users\lLrich\ai_voice_data_v13\raw\mlaad_tiny_matched\133b886668095dd4e418143c215c646fd526d22f6ed34f4c5d37a688b376a553.wav,1,1,0,1,0,mlaad::jane_eyre_21,MLAAD::zonosTTS-v0.1,mlaad_tiny_matched,mlaad_tiny_matched,mueller91/MLAAD-tiny,jane_eyre_21_f000014,mlaad_tiny::en::jane_eyre_21_f000014,https://huggingface.co/datasets/mueller91/MLAAD-tiny,9143e5ea709575ebab6bec52840a1043aada7bb1,CC BY-NC 4.0,YES,YES_WITH_ATTRIBUTION_NONCOMMERCIAL,YES_NONCOMMERCIAL_ONLY,MLAAD-tiny-fake,133b886668095dd4e418143c215c646fd526d22f6ed34f4c5d37a688b376a553,mlaad_tiny::en::jane_eyre_21_f000014,train,not_applicable,not_applicable,,,MLAAD::zonosTTS-v0.1,,,,,,,,,,,,,cal_v13,data\raw\public_v9\mlaad_tiny\fake\en\zonosTTS-v0.1\jane_eyre_21_f000014.wav,133b886668095dd4e418143c215c646fd526d22f6ed34f4c5d37a688b376a553,APPROVED,9143e5ea709575ebab6bec52840a1043aada7bb1,en,mlaad::jane_eyre_21,jane_eyre_21_f000014,jane_eyre_21_f000014,mlaad_tiny::en::jane_eyre_21_f000014,none,-1
C:\Users\lLrich\ai_voice_data_v13\raw\mlaad_tiny_matched\afe34aca112465a5f7dc5cdb9d8ba589f40361580c240f7fc37c3e921ba4f0d8.wav,0,0,0,1,0,mlaad::dorothy_and_wizard_oz_02,MLAAD_original,mlaad_tiny_matched,mlaad_tiny_matched,mueller91/MLAAD-tiny,dorothy_and_wizard_oz_02_f000009,mlaad_tiny::en::dorothy_and_wizard_oz_02_f000009,https://huggingface.co/datasets/mueller91/MLAAD-tiny,9143e5ea709575ebab6bec52840a1043aada7bb1,M-AILABS original corpus license (see MLAAD LICENSE),YES,YES_WITH_NOTICE,NO_FOR_ORIGINAL_SUBSET,MLAAD-tiny-original,afe34aca112465a5f7dc5cdb9d8ba589f40361580c240f7fc37c3e921ba4f0d8,mlaad_tiny::en::dorothy_and_wizard_oz_02_f000009,train,not_applicable,not_applicable,,,REAL,,,,,,,,,,,,,cal_v13,data\raw\public_v9\mlaad_tiny\original\en\dorothy_and_wizard_oz_02_f000009.wav,afe34aca112465a5f7dc5cdb9d8ba589f40361580c240f7fc37c3e921ba4f0d8,APPROVED,9143e5ea709575ebab6bec52840a1043aada7bb1,en,mlaad::dorothy_and_wizard_oz_02,dorothy_and_wizard_oz_02_f000009,dorothy_and_wizard_oz_02_f000009,mlaad_tiny::en::dorothy_and_wizard_oz_02_f000009,none,-1
C:\Users\lLrich\ai_voice_data_v13\raw\mlaad_tiny_matched\cf300693c1030918b7eeb46cd3eaf9f771e017eaabb81684983384e70ed191e9.wav,0,0,0,1,0,mlaad::dorothy_and_wizard_oz_03,MLAAD_original,mlaad_tiny_matched,mlaad_tiny_matched,mueller91/MLAAD-tiny,dorothy_and_wizard_oz_03_f000011,mlaad_tiny::en::dorothy_and_wizard_oz_03_f000011,https://huggingface.co/datasets/mueller91/MLAAD-tiny,9143e5ea709575ebab6bec52840a1043aada7bb1,M-AILABS original corpus license (see MLAAD LICENSE),YES,YES_WITH_NOTICE,NO_FOR_ORIGINAL_SUBSET,MLAAD-tiny-original,cf300693c1030918b7eeb46cd3eaf9f771e017eaabb81684983384e70ed191e9,mlaad_tiny::en::dorothy_and_wizard_oz_03_f000011,train,not_applicable,not_applicable,,,REAL,,,,,,,,,,,,,cal_v13,data\raw\public_v9\mlaad_tiny\original\en\dorothy_and_wizard_oz_03_f000011.wav,cf300693c1030918b7eeb46cd3eaf9f771e017eaabb81684983384e70ed191e9,APPROVED,9143e5ea709575ebab6bec52840a1043aada7bb1,en,mlaad::dorothy_and_wizard_oz_03,dorothy_and_wizard_oz_03_f000011,dorothy_and_wizard_oz_03_f000011,mlaad_tiny::en::dorothy_and_wizard_oz_03_f000011,none,-1
C:\Users\lLrich\ai_voice_data_v13\raw\mlaad_tiny_matched\42a5819c77826b7d8244e25404c491c7b29cb6865acd3c9a89c0dbd425b4c46d.wav,0,0,0,1,0,mlaad::dorothy_and_wizard_oz_05,MLAAD_original,mlaad_tiny_matched,mlaad_tiny_matched,mueller91/MLAAD-tiny,dorothy_and_wizard_oz_05_f000049,mlaad_tiny::en::dorothy_and_wizard_oz_05_f000049,https://huggingface.co/datasets/mueller91/MLAAD-tiny,9143e5ea709575ebab6bec52840a1043aada7bb1,M-AILABS original corpus license (see MLAAD LICENSE),YES,YES_WITH_NOTICE,NO_FOR_ORIGINAL_SUBSET,MLAAD-tiny-original,42a5819c77826b7d8244e25404c491c7b29cb6865acd3c9a89c0dbd425b4c46d,mlaad_tiny::en::dorothy_and_wizard_oz_05_f000049,train,not_applicable,not_applicable,,,REAL,,,,,,,,,,,,,cal_v13,data\raw\public_v9\mlaad_tiny\original\en\dorothy_and_wizard_oz_05_f000049.wav,42a5819c77826b7d8244e25404c491c7b29cb6865acd3c9a89c0dbd425b4c46d,APPROVED,9143e5ea709575ebab6bec52840a1043aada7bb1,en,mlaad::dorothy_and_wizard_oz_05,dorothy_and_wizard_oz_05_f000049,dorothy_and_wizard_oz_05_f000049,mlaad_tiny::en::dorothy_and_wizard_oz_05_f000049,none,-1
C:\Users\lLrich\ai_voice_data_v13\raw\mlaad_tiny_matched\b092394c6a9f8a608f11082b497286feb586b0b9a8f2576bbabfd063b38ad5d4.wav,0,0,0,1,0,mlaad::dorothy_and_wizard_oz_05,MLAAD_original,mlaad_tiny_matched,mlaad_tiny_matched,mueller91/MLAAD-tiny,dorothy_and_wizard_oz_05_f000058,mlaad_tiny::en::dorothy_and_wizard_oz_05_f000058,https://huggingface.co/datasets/mueller91/MLAAD-tiny,9143e5ea709575ebab6bec52840a1043aada7bb1,M-AILABS original corpus license (see MLAAD LICENSE),YES,YES_WITH_NOTICE,NO_FOR_ORIGINAL_SUBSET,MLAAD-tiny-original,b092394c6a9f8a608f11082b497286feb586b0b9a8f2576bbabfd063b38ad5d4,mlaad_tiny::en::dorothy_and_wizard_oz_05_f000058,train,not_applicable,not_applicable,,,REAL,,,,,,,,,,,,,cal_v13,data\raw\public_v9\mlaad_tiny\original\en\dorothy_and_wizard_oz_05_f000058.wav,b092394c6a9f8a608f11082b497286feb586b0b9a8f2576bbabfd063b38ad5d4,APPROVED,9143e5ea709575ebab6bec52840a1043aada7bb1,en,mlaad::dorothy_and_wizard_oz_05,dorothy_and_wizard_oz_05_f000058,dorothy_and_wizard_oz_05_f000058,mlaad_tiny::en::dorothy_and_wizard_oz_05_f000058,none,-1
C:\Users\lLrich\ai_voice_data_v13\raw\mlaad_tiny_matched\5cae411321039205e5174508ad50b16a898b7c5451f3d5bc1552c2fdb59692dc.wav,0,0,0,1,0,mlaad::dorothy_and_wizard_oz_06,MLAAD_original,mlaad_tiny_matched,mlaad_tiny_matched,mueller91/MLAAD-tiny,dorothy_and_wizard_oz_06_f000068,mlaad_tiny::en::dorothy_and_wizard_oz_06_f000068,https://huggingface.co/datasets/mueller91/MLAAD-tiny,9143e5ea709575ebab6bec52840a1043aada7bb1,M-AILABS original corpus license (see MLAAD LICENSE),YES,YES_WITH_NOTICE,NO_FOR_ORIGINAL_SUBSET,MLAAD-tiny-original,5cae411321039205e5174508ad50b16a898b7c5451f3d5bc1552c2fdb59692dc,mlaad_tiny::en::dorothy_and_wizard_oz_06_f000068,train,not_applicable,not_applicable,,,REAL,,,,,,,,,,,,,cal_v13,data\raw\public_v9\mlaad_tiny\original\en\dorothy_and_wizard_oz_06_f000068.wav,5cae411321039205e5174508ad50b16a898b7c5451f3d5bc1552c2fdb59692dc,APPROVED,9143e5ea709575ebab6bec52840a1043aada7bb1,en,mlaad::dorothy_and_wizard_oz_06,dorothy_and_wizard_oz_06_f000068,dorothy_and_wizard_oz_06_f000068,mlaad_tiny::en::dorothy_and_wizard_oz_06_f000068,none,-1
C:\Users\lLrich\ai_voice_data_v13\raw\mlaad_tiny_matched\6e9514c3f51cf8c8e5d23c70181ec7dd91de7381d1f7f775347104d9cdaea8fa.wav,0,0,0,1,0,mlaad::dorothy_and_wizard_oz_07,MLAAD_original,mlaad_tiny_matched,mlaad_tiny_matched,mueller91/MLAAD-tiny,dorothy_and_wizard_oz_07_f000014,mlaad_tiny::en::dorothy_and_wizard_oz_07_f000014,https://huggingface.co/datasets/mueller91/MLAAD-tiny,9143e5ea709575ebab6bec52840a1043aada7bb1,M-AILABS original corpus license (see MLAAD LICENSE),YES,YES_WITH_NOTICE,NO_FOR_ORIGINAL_SUBSET,MLAAD-tiny-original,6e9514c3f51cf8c8e5d23c70181ec7dd91de7381d1f7f775347104d9cdaea8fa,mlaad_tiny::en::dorothy_and_wizard_oz_07_f000014,train,not_applicable,not_applicable,,,REAL,,,,,,,,,,,,,cal_v13,data\raw\public_v9\mlaad_tiny\original\en\dorothy_and_wizard_oz_07_f000014.wav,6e9514c3f51cf8c8e5d23c70181ec7dd91de7381d1f7f775347104d9cdaea8fa,APPROVED,9143e5ea709575ebab6bec52840a1043aada7bb1,en,mlaad::dorothy_and_wizard_oz_07,dorothy_and_wizard_oz_07_f000014,dorothy_and_wizard_oz_07_f000014,mlaad_tiny::en::dorothy_and_wizard_oz_07_f000014,none,-1
C:\Users\lLrich\ai_voice_data_v13\raw\mlaad_tiny_matched\014288cade28fdc1142f84611fdb2f08d0ee2ba651249fe5ae9b7785445adaca.wav,0,0,0,1,0,mlaad::dorothy_and_wizard_oz_08,MLAAD_original,mlaad_tiny_matched,mlaad_tiny_matched,mueller91/MLAAD-tiny,dorothy_and_wizard_oz_08_f000016,mlaad_tiny::en::dorothy_and_wizard_oz_08_f000016,https://huggingface.co/datasets/mueller91/MLAAD-tiny,9143e5ea709575ebab6bec52840a1043aada7bb1,M-AILABS original corpus license (see MLAAD LICENSE),YES,YES_WITH_NOTICE,NO_FOR_ORIGINAL_SUBSET,MLAAD-tiny-original,014288cade28fdc1142f84611fdb2f08d0ee2ba651249fe5ae9b7785445adaca,mlaad_tiny::en::dorothy_and_wizard_oz_08_f000016,train,not_applicable,not_applicable,,,REAL,,,,,,,,,,,,,cal_v13,data\raw\public_v9\mlaad_tiny\original\en\dorothy_and_wizard_oz_08_f000016.wav,014288cade28fdc1142f84611fdb2f08d0ee2ba651249fe5ae9b7785445adaca,APPROVED,9143e5ea709575ebab6bec52840a1043aada7bb1,en,mlaad::dorothy_and_wizard_oz_08,dorothy_and_wizard_oz_08_f000016,dorothy_and_wizard_oz_08_f000016,mlaad_tiny::en::dorothy_and_wizard_oz_08_f000016,none,-1
C:\Users\lLrich\ai_voice_data_v13\raw\mlaad_tiny_matched\3552884eeeeac77b2f18daa57b16e1ccfd5c7c94446c0658dece6488cf463df2.wav,0,0,0,1,0,mlaad::dorothy_and_wizard_oz_09,MLAAD_original,mlaad_tiny_matched,mlaad_tiny_matched,mueller91/MLAAD-tiny,dorothy_and_wizard_oz_09_f000127,mlaad_tiny::en::dorothy_and_wizard_oz_09_f000127,https://huggingface.co/datasets/mueller91/MLAAD-tiny,9143e5ea709575ebab6bec52840a1043aada7bb1,M-AILABS original corpus license (see MLAAD LICENSE),YES,YES_WITH_NOTICE,NO_FOR_ORIGINAL_SUBSET,MLAAD-tiny-original,3552884eeeeac77b2f18daa57b16e1ccfd5c7c94446c0658dece6488cf463df2,mlaad_tiny::en::dorothy_and_wizard_oz_09_f000127,train,not_applicable,not_applicable,,,REAL,,,,,,,,,,,,,cal_v13,data\raw\public_v9\mlaad_tiny\original\en\dorothy_and_wizard_oz_09_f000127.wav,3552884eeeeac77b2f18daa57b16e1ccfd5c7c94446c0658dece6488cf463df2,APPROVED,9143e5ea709575ebab6bec52840a1043aada7bb1,en,mlaad::dorothy_and_wizard_oz_09,dorothy_and_wizard_oz_09_f000127,dorothy_and_wizard_oz_09_f000127,mlaad_tiny::en::dorothy_and_wizard_oz_09_f000127,none,-1
C:\Users\lLrich\ai_voice_data_v13\raw\mlaad_tiny_matched\219f99e786246bf6d082b2e155fb87ea8f0edcd57aedde147bc95edc355fbf16.wav,0,0,0,1,0,mlaad::dorothy_and_wizard_oz_10,MLAAD_original,mlaad_tiny_matched,mlaad_tiny_matched,mueller91/MLAAD-tiny,dorothy_and_wizard_oz_10_f000004,mlaad_tiny::en::dorothy_and_wizard_oz_10_f000004,https://huggingface.co/datasets/mueller91/MLAAD-tiny,9143e5ea709575ebab6bec52840a1043aada7bb1,M-AILABS original corpus license (see MLAAD LICENSE),YES,YES_WITH_NOTICE,NO_FOR_ORIGINAL_SUBSET,MLAAD-tiny-original,219f99e786246bf6d082b2e155fb87ea8f0edcd57aedde147bc95edc355fbf16,mlaad_tiny::en::dorothy_and_wizard_oz_10_f000004,train,not_applicable,not_applicable,,,REAL,,,,,,,,,,,,,cal_v13,data\raw\public_v9\mlaad_tiny\original\en\dorothy_and_wizard_oz_10_f000004.wav,219f99e786246bf6d082b2e155fb87ea8f0edcd57aedde147bc95edc355fbf16,APPROVED,9143e5ea709575ebab6bec52840a1043aada7bb1,en,mlaad::dorothy_and_wizard_oz_10,dorothy_and_wizard_oz_10_f000004,dorothy_and_wizard_oz_10_f000004,mlaad_tiny::en::dorothy_and_wizard_oz_10_f000004,none,-1
C:\Users\lLrich\ai_voice_data_v13\raw\mlaad_tiny_matched\ba1cd13c6d15a6675331b3a78906ee52f94c3497c7f9b60d5b1969f0d30cf21c.wav,0,0,0,1,0,mlaad::dorothy_and_wizard_oz_12,MLAAD_original,mlaad_tiny_matched,mlaad_tiny_matched,mueller91/MLAAD-tiny,dorothy_and_wizard_oz_12_f000071,mlaad_tiny::en::dorothy_and_wizard_oz_12_f000071,https://huggingface.co/datasets/mueller91/MLAAD-tiny,9143e5ea709575ebab6bec52840a1043aada7bb1,M-AILABS original corpus license (see MLAAD LICENSE),YES,YES_WITH_NOTICE,NO_FOR_ORIGINAL_SUBSET,MLAAD-tiny-original,ba1cd13c6d15a6675331b3a78906ee52f94c3497c7f9b60d5b1969f0d30cf21c,mlaad_tiny::en::dorothy_and_wizard_oz_12_f000071,train,not_applicable,not_applicable,,,REAL,,,,,,,,,,,,,cal_v13,data\raw\public_v9\mlaad_tiny\original\en\dorothy_and_wizard_oz_12_f000071.wav,ba1cd13c6d15a6675331b3a78906ee52f94c3497c7f9b60d5b1969f0d30cf21c,APPROVED,9143e5ea709575ebab6bec52840a1043aada7bb1,en,mlaad::dorothy_and_wizard_oz_12,dorothy_and_wizard_oz_12_f000071,dorothy_and_wizard_oz_12_f000071,mlaad_tiny::en::dorothy_and_wizard_oz_12_f000071,none,-1
C:\Users\lLrich\ai_voice_data_v13\raw\mlaad_tiny_matched\e6bea3f1fac5638f8aa116efab19d6166c4ed9df9c3b356e3abd6b36c4240e0f.wav,0,0,0,1,0,mlaad::dorothy_and_wizard_oz_13,MLAAD_original,mlaad_tiny_matched,mlaad_tiny_matched,mueller91/MLAAD-tiny,dorothy_and_wizard_oz_13_f000057,mlaad_tiny::en::dorothy_and_wizard_oz_13_f000057,https://huggingface.co/datasets/mueller91/MLAAD-tiny,9143e5ea709575ebab6bec52840a1043aada7bb1,M-AILABS original corpus license (see MLAAD LICENSE),YES,YES_WITH_NOTICE,NO_FOR_ORIGINAL_SUBSET,MLAAD-tiny-original,e6bea3f1fac5638f8aa116efab19d6166c4ed9df9c3b356e3abd6b36c4240e0f,mlaad_tiny::en::dorothy_and_wizard_oz_13_f000057,train,not_applicable,not_applicable,,,REAL,,,,,,,,,,,,,cal_v13,data\raw\public_v9\mlaad_tiny\original\en\dorothy_and_wizard_oz_13_f000057.wav,e6bea3f1fac5638f8aa116efab19d6166c4ed9df9c3b356e3abd6b36c4240e0f,APPROVED,9143e5ea709575ebab6bec52840a1043aada7bb1,en,mlaad::dorothy_and_wizard_oz_13,dorothy_and_wizard_oz_13_f000057,dorothy_and_wizard_oz_13_f000057,mlaad_tiny::en::dorothy_and_wizard_oz_13_f000057,none,-1
C:\Users\lLrich\ai_voice_data_v13\raw\mlaad_tiny_matched\f348a888289a3b8762e53f3059a2c557fc62bd9d1fcb4d27fe24f978476f56a8.wav,0,0,0,1,0,mlaad::dorothy_and_wizard_oz_14,MLAAD_original,mlaad_tiny_matched,mlaad_tiny_matched,mueller91/MLAAD-tiny,dorothy_and_wizard_oz_14_f000043,mlaad_tiny::en::dorothy_and_wizard_oz_14_f000043,https://huggingface.co/datasets/mueller91/MLAAD-tiny,9143e5ea709575ebab6bec52840a1043aada7bb1,M-AILABS original corpus license (see MLAAD LICENSE),YES,YES_WITH_NOTICE,NO_FOR_ORIGINAL_SUBSET,MLAAD-tiny-original,f348a888289a3b8762e53f3059a2c557fc62bd9d1fcb4d27fe24f978476f56a8,mlaad_tiny::en::dorothy_and_wizard_oz_14_f000043,train,not_applicable,not_applicable,,,REAL,,,,,,,,,,,,,cal_v13,data\raw\public_v9\mlaad_tiny\original\en\dorothy_and_wizard_oz_14_f000043.wav,f348a888289a3b8762e53f3059a2c557fc62bd9d1fcb4d27fe24f978476f56a8,APPROVED,9143e5ea709575ebab6bec52840a1043aada7bb1,en,mlaad::dorothy_and_wizard_oz_14,dorothy_and_wizard_oz_14_f000043,dorothy_and_wizard_oz_14_f000043,mlaad_tiny::en::dorothy_and_wizard_oz_14_f000043,none,-1
C:\Users\lLrich\ai_voice_data_v13\raw\mlaad_tiny_matched\93e0b6007846e779d2d02618d4ad16b855379c2fd3209fce3e50dc42d6263b25.wav,0,0,0,1,0,mlaad::dorothy_and_wizard_oz_16,MLAAD_original,mlaad_tiny_matched,mlaad_tiny_matched,mueller91/MLAAD-tiny,dorothy_and_wizard_oz_16_f000035,mlaad_tiny::en::dorothy_and_wizard_oz_16_f000035,https://huggingface.co/datasets/mueller91/MLAAD-tiny,9143e5ea709575ebab6bec52840a1043aada7bb1,M-AILABS original corpus license (see MLAAD LICENSE),YES,YES_WITH_NOTICE,NO_FOR_ORIGINAL_SUBSET,MLAAD-tiny-original,93e0b6007846e779d2d02618d4ad16b855379c2fd3209fce3e50dc42d6263b25,mlaad_tiny::en::dorothy_and_wizard_oz_16_f000035,train,not_applicable,not_applicable,,,REAL,,,,,,,,,,,,,cal_v13,data\raw\public_v9\mlaad_tiny\original\en\dorothy_and_wizard_oz_16_f000035.wav,93e0b6007846e779d2d02618d4ad16b855379c2fd3209fce3e50dc42d6263b25,APPROVED,9143e5ea709575ebab6bec52840a1043aada7bb1,en,mlaad::dorothy_and_wizard_oz_16,dorothy_and_wizard_oz_16_f000035,dorothy_and_wizard_oz_16_f000035,mlaad_tiny::en::dorothy_and_wizard_oz_16_f000035,none,-1
C:\Users\lLrich\ai_voice_data_v13\raw\mlaad_tiny_matched\7ddb1174dfe85c6dfd3f3055d3b6b1ff9c683a725982623fd9f92fcc454a528f.wav,0,0,0,1,0,mlaad::dorothy_and_wizard_oz_18,MLAAD_original,mlaad_tiny_matched,mlaad_tiny_matched,mueller91/MLAAD-tiny,dorothy_and_wizard_oz_18_f000066,mlaad_tiny::en::dorothy_and_wizard_oz_18_f000066,https://huggingface.co/datasets/mueller91/MLAAD-tiny,9143e5ea709575ebab6bec52840a1043aada7bb1,M-AILABS original corpus license (see MLAAD LICENSE),YES,YES_WITH_NOTICE,NO_FOR_ORIGINAL_SUBSET,MLAAD-tiny-original,7ddb1174dfe85c6dfd3f3055d3b6b1ff9c683a725982623fd9f92fcc454a528f,mlaad_tiny::en::dorothy_and_wizard_oz_18_f000066,train,not_applicable,not_applicable,,,REAL,,,,,,,,,,,,,cal_v13,data\raw\public_v9\mlaad_tiny\original\en\dorothy_and_wizard_oz_18_f000066.wav,7ddb1174dfe85c6dfd3f3055d3b6b1ff9c683a725982623fd9f92fcc454a528f,APPROVED,9143e5ea709575ebab6bec52840a1043aada7bb1,en,mlaad::dorothy_and_wizard_oz_18,dorothy_and_wizard_oz_18_f000066,dorothy_and_wizard_oz_18_f000066,mlaad_tiny::en::dorothy_and_wizard_oz_18_f000066,none,-1
C:\Users\lLrich\ai_voice_data_v13\raw\mlaad_tiny_matched\e45a471c35ec2b368b0a18a31b8c1a6b0b8a188f16aa1df9b9756734549a694d.wav,0,0,0,1,0,mlaad::dorothy_and_wizard_oz_19,MLAAD_original,mlaad_tiny_matched,mlaad_tiny_matched,mueller91/MLAAD-tiny,dorothy_and_wizard_oz_19_f000025,mlaad_tiny::en::dorothy_and_wizard_oz_19_f000025,https://huggingface.co/datasets/mueller91/MLAAD-tiny,9143e5ea709575ebab6bec52840a1043aada7bb1,M-AILABS original corpus license (see MLAAD LICENSE),YES,YES_WITH_NOTICE,NO_FOR_ORIGINAL_SUBSET,MLAAD-tiny-original,e45a471c35ec2b368b0a18a31b8c1a6b0b8a188f16aa1df9b9756734549a694d,mlaad_tiny::en::dorothy_and_wizard_oz_19_f000025,train,not_applicable,not_applicable,,,REAL,,,,,,,,,,,,,cal_v13,data\raw\public_v9\mlaad_tiny\original\en\dorothy_and_wizard_oz_19_f000025.wav,e45a471c35ec2b368b0a18a31b8c1a6b0b8a188f16aa1df9b9756734549a694d,APPROVED,9143e5ea709575ebab6bec52840a1043aada7bb1,en,mlaad::dorothy_and_wizard_oz_19,dorothy_and_wizard_oz_19_f000025,dorothy_and_wizard_oz_19_f000025,mlaad_tiny::en::dorothy_and_wizard_oz_19_f000025,none,-1
C:\Users\lLrich\ai_voice_data_v13\raw\mlaad_tiny_matched\a5c3626384fdc6b4ace8a78872212d70d7f739c5b127e3ab153fddbe9d251378.wav,0,0,0,1,0,mlaad::dorothy_and_wizard_oz_20,MLAAD_original,mlaad_tiny_matched,mlaad_tiny_matched,mueller91/MLAAD-tiny,dorothy_and_wizard_oz_20_f000022,mlaad_tiny::en::dorothy_and_wizard_oz_20_f000022,https://huggingface.co/datasets/mueller91/MLAAD-tiny,9143e5ea709575ebab6bec52840a1043aada7bb1,M-AILABS original corpus license (see MLAAD LICENSE),YES,YES_WITH_NOTICE,NO_FOR_ORIGINAL_SUBSET,MLAAD-tiny-original,a5c3626384fdc6b4ace8a78872212d70d7f739c5b127e3ab153fddbe9d251378,mlaad_tiny::en::dorothy_and_wizard_oz_20_f000022,train,not_applicable,not_applicable,,,REAL,,,,,,,,,,,,,cal_v13,data\raw\public_v9\mlaad_tiny\original\en\dorothy_and_wizard_oz_20_f000022.wav,a5c3626384fdc6b4ace8a78872212d70d7f739c5b127e3ab153fddbe9d251378,APPROVED,9143e5ea709575ebab6bec52840a1043aada7bb1,en,mlaad::dorothy_and_wizard_oz_20,dorothy_and_wizard_oz_20_f000022,dorothy_and_wizard_oz_20_f000022,mlaad_tiny::en::dorothy_and_wizard_oz_20_f000022,none,-1
C:\Users\lLrich\ai_voice_data_v13\raw\mlaad_tiny_matched\6604052352406f51b0c73c46d4dbbd3c4150e0d914bc708d648cb690bc46ed05.wav,0,0,0,1,0,mlaad::emerald_city_of_oz_05,MLAAD_original,mlaad_tiny_matched,mlaad_tiny_matched,mueller91/MLAAD-tiny,emerald_city_of_oz_05_f000077,mlaad_tiny::en::emerald_city_of_oz_05_f000077,https://huggingface.co/datasets/mueller91/MLAAD-tiny,9143e5ea709575ebab6bec52840a1043aada7bb1,M-AILABS original corpus license (see MLAAD LICENSE),YES,YES_WITH_NOTICE,NO_FOR_ORIGINAL_SUBSET,MLAAD-tiny-original,6604052352406f51b0c73c46d4dbbd3c4150e0d914bc708d648cb690bc46ed05,mlaad_tiny::en::emerald_city_of_oz_05_f000077,train,not_applicable,not_applicable,,,REAL,,,,,,,,,,,,,cal_v13,data\raw\public_v9\mlaad_tiny\original\en\emerald_city_of_oz_05_f000077.wav,6604052352406f51b0c73c46d4dbbd3c4150e0d914bc708d648cb690bc46ed05,APPROVED,9143e5ea709575ebab6bec52840a1043aada7bb1,en,mlaad::emerald_city_of_oz_05,emerald_city_of_oz_05_f000077,emerald_city_of_oz_05_f000077,mlaad_tiny::en::emerald_city_of_oz_05_f000077,none,-1
C:\Users\lLrich\ai_voice_data_v13\raw\mlaad_tiny_matched\ef5a901b0d2f812ccb21d43cd7b0e40d34897a25d10bc13c15f61f8592333e4a.wav,0,0,0,1,0,mlaad::emerald_city_of_oz_07,MLAAD_original,mlaad_tiny_matched,mlaad_tiny_matched,mueller91/MLAAD-tiny,emerald_city_of_oz_07_f000100,mlaad_tiny::en::emerald_city_of_oz_07_f000100,https://huggingface.co/datasets/mueller91/MLAAD-tiny,9143e5ea709575ebab6bec52840a1043aada7bb1,M-AILABS original corpus license (see MLAAD LICENSE),YES,YES_WITH_NOTICE,NO_FOR_ORIGINAL_SUBSET,MLAAD-tiny-original,ef5a901b0d2f812ccb21d43cd7b0e40d34897a25d10bc13c15f61f8592333e4a,mlaad_tiny::en::emerald_city_of_oz_07_f000100,train,not_applicable,not_applicable,,,REAL,,,,,,,,,,,,,cal_v13,data\raw\public_v9\mlaad_tiny\original\en\emerald_city_of_oz_07_f000100.wav,ef5a901b0d2f812ccb21d43cd7b0e40d34897a25d10bc13c15f61f8592333e4a,APPROVED,9143e5ea709575ebab6bec52840a1043aada7bb1,en,mlaad::emerald_city_of_oz_07,emerald_city_of_oz_07_f000100,emerald_city_of_oz_07_f000100,mlaad_tiny::en::emerald_city_of_oz_07_f000100,none,-1
C:\Users\lLrich\ai_voice_data_v13\raw\mlaad_tiny_matched\933fe0c2a0f395571a83247bd34ea7ca6555007c0104271b3774234c8affdaa7.wav,0,0,0,1,0,mlaad::emerald_city_of_oz_16,MLAAD_original,mlaad_tiny_matched,mlaad_tiny_matched,mueller91/MLAAD-tiny,emerald_city_of_oz_16_f000007,mlaad_tiny::en::emerald_city_of_oz_16_f000007,https://huggingface.co/datasets/mueller91/MLAAD-tiny,9143e5ea709575ebab6bec52840a1043aada7bb1,M-AILABS original corpus license (see MLAAD LICENSE),YES,YES_WITH_NOTICE,NO_FOR_ORIGINAL_SUBSET,MLAAD-tiny-original,933fe0c2a0f395571a83247bd34ea7ca6555007c0104271b3774234c8affdaa7,mlaad_tiny::en::emerald_city_of_oz_16_f000007,train,not_applicable,not_applicable,,,REAL,,,,,,,,,,,,,cal_v13,data\raw\public_v9\mlaad_tiny\original\en\emerald_city_of_oz_16_f000007.wav,933fe0c2a0f395571a83247bd34ea7ca6555007c0104271b3774234c8affdaa7,APPROVED,9143e5ea709575ebab6bec52840a1043aada7bb1,en,mlaad::emerald_city_of_oz_16,emerald_city_of_oz_16_f000007,emerald_city_of_oz_16_f000007,mlaad_tiny::en::emerald_city_of_oz_16_f000007,none,-1
C:\Users\lLrich\ai_voice_data_v13\raw\mlaad_tiny_matched\dc6da5ee4309c97c6daa2867b648bd5b540c56449c096a8814ee8b5731b30966.wav,0,0,0,1,0,mlaad::emerald_city_of_oz_25,MLAAD_original,mlaad_tiny_matched,mlaad_tiny_matched,mueller91/MLAAD-tiny,emerald_city_of_oz_25_f000012,mlaad_tiny::en::emerald_city_of_oz_25_f000012,https://huggingface.co/datasets/mueller91/MLAAD-tiny,9143e5ea709575ebab6bec52840a1043aada7bb1,M-AILABS original corpus license (see MLAAD LICENSE),YES,YES_WITH_NOTICE,NO_FOR_ORIGINAL_SUBSET,MLAAD-tiny-original,dc6da5ee4309c97c6daa2867b648bd5b540c56449c096a8814ee8b5731b30966,mlaad_tiny::en::emerald_city_of_oz_25_f000012,train,not_applicable,not_applicable,,,REAL,,,,,,,,,,,,,cal_v13,data\raw\public_v9\mlaad_tiny\original\en\emerald_city_of_oz_25_f000012.wav,dc6da5ee4309c97c6daa2867b648bd5b540c56449c096a8814ee8b5731b30966,APPROVED,9143e5ea709575ebab6bec52840a1043aada7bb1,en,mlaad::emerald_city_of_oz_25,emerald_city_of_oz_25_f000012,emerald_city_of_oz_25_f000012,mlaad_tiny::en::emerald_city_of_oz_25_f000012,none,-1
C:\Users\lLrich\ai_voice_data_v13\raw\mlaad_tiny_matched\dad65ff5011cebb27ed3422f0cb47d5bc71aa35212eadcacf5efc96b5ce85f12.wav,0,0,0,1,0,mlaad::emerald_city_of_oz_26,MLAAD_original,mlaad_tiny_matched,mlaad_tiny_matched,mueller91/MLAAD-tiny,emerald_city_of_oz_26_f000009,mlaad_tiny::en::emerald_city_of_oz_26_f000009,https://huggingface.co/datasets/mueller91/MLAAD-tiny,9143e5ea709575ebab6bec52840a1043aada7bb1,M-AILABS original corpus license (see MLAAD LICENSE),YES,YES_WITH_NOTICE,NO_FOR_ORIGINAL_SUBSET,MLAAD-tiny-original,dad65ff5011cebb27ed3422f0cb47d5bc71aa35212eadcacf5efc96b5ce85f12,mlaad_tiny::en::emerald_city_of_oz_26_f000009,train,not_applicable,not_applicable,,,REAL,,,,,,,,,,,,,cal_v13,data\raw\public_v9\mlaad_tiny\original\en\emerald_city_of_oz_26_f000009.wav,dad65ff5011cebb27ed3422f0cb47d5bc71aa35212eadcacf5efc96b5ce85f12,APPROVED,9143e5ea709575ebab6bec52840a1043aada7bb1,en,mlaad::emerald_city_of_oz_26,emerald_city_of_oz_26_f000009,emerald_city_of_oz_26_f000009,mlaad_tiny::en::emerald_city_of_oz_26_f000009,none,-1
C:\Users\lLrich\ai_voice_data_v13\raw\mlaad_tiny_matched\9dee56cfeceedde2600f832139c26829a6fbed1c43a3d96619914ea3c36c1bc1.wav,0,0,0,1,0,mlaad::emerald_city_of_oz_28,MLAAD_original,mlaad_tiny_matched,mlaad_tiny_matched,mueller91/MLAAD-tiny,emerald_city_of_oz_28_f000037,mlaad_tiny::en::emerald_city_of_oz_28_f000037,https://huggingface.co/datasets/mueller91/MLAAD-tiny,9143e5ea709575ebab6bec52840a1043aada7bb1,M-AILABS original corpus license (see MLAAD LICENSE),YES,YES_WITH_NOTICE,NO_FOR_ORIGINAL_SUBSET,MLAAD-tiny-original,9dee56cfeceedde2600f832139c26829a6fbed1c43a3d96619914ea3c36c1bc1,mlaad_tiny::en::emerald_city_of_oz_28_f000037,train,not_applicable,not_applicable,,,REAL,,,,,,,,,,,,,cal_v13,data\raw\public_v9\mlaad_tiny\original\en\emerald_city_of_oz_28_f000037.wav,9dee56cfeceedde2600f832139c26829a6fbed1c43a3d96619914ea3c36c1bc1,APPROVED,9143e5ea709575ebab6bec52840a1043aada7bb1,en,mlaad::emerald_city_of_oz_28,emerald_city_of_oz_28_f000037,emerald_city_of_oz_28_f000037,mlaad_tiny::en::emerald_city_of_oz_28_f000037,none,-1
C:\Users\lLrich\ai_voice_data_v13\raw\mlaad_tiny_matched\1c7180b2004bd7287309662afa1b1ff2c5bb5c0e1e33e9c6b19208b2f448faf6.wav,0,0,0,1,0,mlaad::hunters_space_02,MLAAD_original,mlaad_tiny_matched,mlaad_tiny_matched,mueller91/MLAAD-tiny,hunters_space_02_f000110,mlaad_tiny::en::hunters_space_02_f000110,https://huggingface.co/datasets/mueller91/MLAAD-tiny,9143e5ea709575ebab6bec52840a1043aada7bb1,M-AILABS original corpus license (see MLAAD LICENSE),YES,YES_WITH_NOTICE,NO_FOR_ORIGINAL_SUBSET,MLAAD-tiny-original,1c7180b2004bd7287309662afa1b1ff2c5bb5c0e1e33e9c6b19208b2f448faf6,mlaad_tiny::en::hunters_space_02_f000110,train,not_applicable,not_applicable,,,REAL,,,,,,,,,,,,,cal_v13,data\raw\public_v9\mlaad_tiny\original\en\hunters_space_02_f000110.wav,1c7180b2004bd7287309662afa1b1ff2c5bb5c0e1e33e9c6b19208b2f448faf6,APPROVED,9143e5ea709575ebab6bec52840a1043aada7bb1,en,mlaad::hunters_space_02,hunters_space_02_f000110,hunters_space_02_f000110,mlaad_tiny::en::hunters_space_02_f000110,none,-1
C:\Users\lLrich\ai_voice_data_v13\raw\mlaad_tiny_matched\5a5305da1c58b004657a5713f6787bddde9f3fa0261fe653e80f7f8b407d388e.wav,0,0,0,1,0,mlaad::hunters_space_05,MLAAD_original,mlaad_tiny_matched,mlaad_tiny_matched,mueller91/MLAAD-tiny,hunters_space_05_f000015,mlaad_tiny::en::hunters_space_05_f000015,https://huggingface.co/datasets/mueller91/MLAAD-tiny,9143e5ea709575ebab6bec52840a1043aada7bb1,M-AILABS original corpus license (see MLAAD LICENSE),YES,YES_WITH_NOTICE,NO_FOR_ORIGINAL_SUBSET,MLAAD-tiny-original,5a5305da1c58b004657a5713f6787bddde9f3fa0261fe653e80f7f8b407d388e,mlaad_tiny::en::hunters_space_05_f000015,train,not_applicable,not_applicable,,,REAL,,,,,,,,,,,,,cal_v13,data\raw\public_v9\mlaad_tiny\original\en\hunters_space_05_f000015.wav,5a5305da1c58b004657a5713f6787bddde9f3fa0261fe653e80f7f8b407d388e,APPROVED,9143e5ea709575ebab6bec52840a1043aada7bb1,en,mlaad::hunters_space_05,hunters_space_05_f000015,hunters_space_05_f000015,mlaad_tiny::en::hunters_space_05_f000015,none,-1
C:\Users\lLrich\ai_voice_data_v13\raw\mlaad_tiny_matched\86e7cb91406c5024a88bf4a45278b10452612463bff2041e44726e4c5f0e2303.wav,0,0,0,1,0,mlaad::hunters_space_06,MLAAD_original,mlaad_tiny_matched,mlaad_tiny_matched,mueller91/MLAAD-tiny,hunters_space_06_f000023,mlaad_tiny::en::hunters_space_06_f000023,https://huggingface.co/datasets/mueller91/MLAAD-tiny,9143e5ea709575ebab6bec52840a1043aada7bb1,M-AILABS original corpus license (see MLAAD LICENSE),YES,YES_WITH_NOTICE,NO_FOR_ORIGINAL_SUBSET,MLAAD-tiny-original,86e7cb91406c5024a88bf4a45278b10452612463bff2041e44726e4c5f0e2303,mlaad_tiny::en::hunters_space_06_f000023,train,not_applicable,not_applicable,,,REAL,,,,,,,,,,,,,cal_v13,data\raw\public_v9\mlaad_tiny\original\en\hunters_space_06_f000023.wav,86e7cb91406c5024a88bf4a45278b10452612463bff2041e44726e4c5f0e2303,APPROVED,9143e5ea709575ebab6bec52840a1043aada7bb1,en,mlaad::hunters_space_06,hunters_space_06_f000023,hunters_space_06_f000023,mlaad_tiny::en::hunters_space_06_f000023,none,-1
C:\Users\lLrich\ai_voice_data_v13\raw\mlaad_tiny_matched\2229d0a05cdf35f19f5e7ba19223b7017ff005c965253c8e3fd271ba267c8d4d.wav,0,0,0,1,0,mlaad::hunters_space_10,MLAAD_original,mlaad_tiny_matched,mlaad_tiny_matched,mueller91/MLAAD-tiny,hunters_space_10_f000009,mlaad_tiny::en::hunters_space_10_f000009,https://huggingface.co/datasets/mueller91/MLAAD-tiny,9143e5ea709575ebab6bec52840a1043aada7bb1,M-AILABS original corpus license (see MLAAD LICENSE),YES,YES_WITH_NOTICE,NO_FOR_ORIGINAL_SUBSET,MLAAD-tiny-original,2229d0a05cdf35f19f5e7ba19223b7017ff005c965253c8e3fd271ba267c8d4d,mlaad_tiny::en::hunters_space_10_f000009,train,not_applicable,not_applicable,,,REAL,,,,,,,,,,,,,cal_v13,data\raw\public_v9\mlaad_tiny\original\en\hunters_space_10_f000009.wav,2229d0a05cdf35f19f5e7ba19223b7017ff005c965253c8e3fd271ba267c8d4d,APPROVED,9143e5ea709575ebab6bec52840a1043aada7bb1,en,mlaad::hunters_space_10,hunters_space_10_f000009,hunters_space_10_f000009,mlaad_tiny::en::hunters_space_10_f000009,none,-1
C:\Users\lLrich\ai_voice_data_v13\raw\mlaad_tiny_matched\3e9537dd074dbe7975cdf6e2ee4d16c755756f821d9bded28a47d7d823e784d4.wav,0,0,0,1,0,mlaad::hunters_space_12,MLAAD_original,mlaad_tiny_matched,mlaad_tiny_matched,mueller91/MLAAD-tiny,hunters_space_12_f000024,mlaad_tiny::en::hunters_space_12_f000024,https://huggingface.co/datasets/mueller91/MLAAD-tiny,9143e5ea709575ebab6bec52840a1043aada7bb1,M-AILABS original corpus license (see MLAAD LICENSE),YES,YES_WITH_NOTICE,NO_FOR_ORIGINAL_SUBSET,MLAAD-tiny-original,3e9537dd074dbe7975cdf6e2ee4d16c755756f821d9bded28a47d7d823e784d4,mlaad_tiny::en::hunters_space_12_f000024,train,not_applicable,not_applicable,,,REAL,,,,,,,,,,,,,cal_v13,data\raw\public_v9\mlaad_tiny\original\en\hunters_space_12_f000024.wav,3e9537dd074dbe7975cdf6e2ee4d16c755756f821d9bded28a47d7d823e784d4,APPROVED,9143e5ea709575ebab6bec52840a1043aada7bb1,en,mlaad::hunters_space_12,hunters_space_12_f000024,hunters_space_12_f000024,mlaad_tiny::en::hunters_space_12_f000024,none,-1
C:\Users\lLrich\ai_voice_data_v13\raw\mlaad_tiny_matched\411d94a99179f3e472d5832edee58279a0b45dd1bedd2ceec5f292b205d3f3aa.wav,0,0,0,1,0,mlaad::hunters_space_15,MLAAD_original,mlaad_tiny_matched,mlaad_tiny_matched,mueller91/MLAAD-tiny,hunters_space_15_f000040,mlaad_tiny::en::hunters_space_15_f000040,https://huggingface.co/datasets/mueller91/MLAAD-tiny,9143e5ea709575ebab6bec52840a1043aada7bb1,M-AILABS original corpus license (see MLAAD LICENSE),YES,YES_WITH_NOTICE,NO_FOR_ORIGINAL_SUBSET,MLAAD-tiny-original,411d94a99179f3e472d5832edee58279a0b45dd1bedd2ceec5f292b205d3f3aa,mlaad_tiny::en::hunters_space_15_f000040,train,not_applicable,not_applicable,,,REAL,,,,,,,,,,,,,cal_v13,data\raw\public_v9\mlaad_tiny\original\en\hunters_space_15_f000040.wav,411d94a99179f3e472d5832edee58279a0b45dd1bedd2ceec5f292b205d3f3aa,APPROVED,9143e5ea709575ebab6bec52840a1043aada7bb1,en,mlaad::hunters_space_15,hunters_space_15_f000040,hunters_space_15_f000040,mlaad_tiny::en::hunters_space_15_f000040,none,-1
C:\Users\lLrich\ai_voice_data_v13\raw\mlaad_tiny_matched\7dc031d04409fcbf4c01cf4198bee09f81fa5ba858dd7f8f95c8c21cea1fca6d.wav,0,0,0,1,0,mlaad::hunters_space_19,MLAAD_original,mlaad_tiny_matched,mlaad_tiny_matched,mueller91/MLAAD-tiny,hunters_space_19_f000016,mlaad_tiny::en::hunters_space_19_f000016,https://huggingface.co/datasets/mueller91/MLAAD-tiny,9143e5ea709575ebab6bec52840a1043aada7bb1,M-AILABS original corpus license (see MLAAD LICENSE),YES,YES_WITH_NOTICE,NO_FOR_ORIGINAL_SUBSET,MLAAD-tiny-original,7dc031d04409fcbf4c01cf4198bee09f81fa5ba858dd7f8f95c8c21cea1fca6d,mlaad_tiny::en::hunters_space_19_f000016,train,not_applicable,not_applicable,,,REAL,,,,,,,,,,,,,cal_v13,data\raw\public_v9\mlaad_tiny\original\en\hunters_space_19_f000016.wav,7dc031d04409fcbf4c01cf4198bee09f81fa5ba858dd7f8f95c8c21cea1fca6d,APPROVED,9143e5ea709575ebab6bec52840a1043aada7bb1,en,mlaad::hunters_space_19,hunters_space_19_f000016,hunters_space_19_f000016,mlaad_tiny::en::hunters_space_19_f000016,none,-1
C:\Users\lLrich\ai_voice_data_v13\raw\mlaad_tiny_matched\7ae0655b8b2e7befddde7728917ab7d58f7fc8ba906b097cb2dba25f1b743410.wav,0,0,0,1,0,mlaad::hunters_space_19,MLAAD_original,mlaad_tiny_matched,mlaad_tiny_matched,mueller91/MLAAD-tiny,hunters_space_19_f000042,mlaad_tiny::en::hunters_space_19_f000042,https://huggingface.co/datasets/mueller91/MLAAD-tiny,9143e5ea709575ebab6bec52840a1043aada7bb1,M-AILABS original corpus license (see MLAAD LICENSE),YES,YES_WITH_NOTICE,NO_FOR_ORIGINAL_SUBSET,MLAAD-tiny-original,7ae0655b8b2e7befddde7728917ab7d58f7fc8ba906b097cb2dba25f1b743410,mlaad_tiny::en::hunters_space_19_f000042,train,not_applicable,not_applicable,,,REAL,,,,,,,,,,,,,cal_v13,data\raw\public_v9\mlaad_tiny\original\en\hunters_space_19_f000042.wav,7ae0655b8b2e7befddde7728917ab7d58f7fc8ba906b097cb2dba25f1b743410,APPROVED,9143e5ea709575ebab6bec52840a1043aada7bb1,en,mlaad::hunters_space_19,hunters_space_19_f000042,hunters_space_19_f000042,mlaad_tiny::en::hunters_space_19_f000042,none,-1
C:\Users\lLrich\ai_voice_data_v13\raw\mlaad_tiny_matched\b968c79213291a09c0003a02380618af1089981a4b02a0ce06c0029d459c3911.wav,0,0,0,1,0,mlaad::jane_eyre_02,MLAAD_original,mlaad_tiny_matched,mlaad_tiny_matched,mueller91/MLAAD-tiny,jane_eyre_02_f000021,mlaad_tiny::en::jane_eyre_02_f000021,https://huggingface.co/datasets/mueller91/MLAAD-tiny,9143e5ea709575ebab6bec52840a1043aada7bb1,M-AILABS original corpus license (see MLAAD LICENSE),YES,YES_WITH_NOTICE,NO_FOR_ORIGINAL_SUBSET,MLAAD-tiny-original,b968c79213291a09c0003a02380618af1089981a4b02a0ce06c0029d459c3911,mlaad_tiny::en::jane_eyre_02_f000021,train,not_applicable,not_applicable,,,REAL,,,,,,,,,,,,,cal_v13,data\raw\public_v9\mlaad_tiny\original\en\jane_eyre_02_f000021.wav,b968c79213291a09c0003a02380618af1089981a4b02a0ce06c0029d459c3911,APPROVED,9143e5ea709575ebab6bec52840a1043aada7bb1,en,mlaad::jane_eyre_02,jane_eyre_02_f000021,jane_eyre_02_f000021,mlaad_tiny::en::jane_eyre_02_f000021,none,-1
C:\Users\lLrich\ai_voice_data_v13\raw\mlaad_tiny_matched\2ed1d95e75b2dbe474c1a21550e1456e98eda005e445f0a9810934960d8e1e08.wav,0,0,0,1,0,mlaad::jane_eyre_03,MLAAD_original,mlaad_tiny_matched,mlaad_tiny_matched,mueller91/MLAAD-tiny,jane_eyre_03_f000013,mlaad_tiny::en::jane_eyre_03_f000013,https://huggingface.co/datasets/mueller91/MLAAD-tiny,9143e5ea709575ebab6bec52840a1043aada7bb1,M-AILABS original corpus license (see MLAAD LICENSE),YES,YES_WITH_NOTICE,NO_FOR_ORIGINAL_SUBSET,MLAAD-tiny-original,2ed1d95e75b2dbe474c1a21550e1456e98eda005e445f0a9810934960d8e1e08,mlaad_tiny::en::jane_eyre_03_f000013,train,not_applicable,not_applicable,,,REAL,,,,,,,,,,,,,cal_v13,data\raw\public_v9\mlaad_tiny\original\en\jane_eyre_03_f000013.wav,2ed1d95e75b2dbe474c1a21550e1456e98eda005e445f0a9810934960d8e1e08,APPROVED,9143e5ea709575ebab6bec52840a1043aada7bb1,en,mlaad::jane_eyre_03,jane_eyre_03_f000013,jane_eyre_03_f000013,mlaad_tiny::en::jane_eyre_03_f000013,none,-1
C:\Users\lLrich\ai_voice_data_v13\raw\mlaad_tiny_matched\c553bc72f923e2e4da20b6a44c945c1cbedb76ecf9cecdce0321e47a4070186c.wav,0,0,0,1,0,mlaad::jane_eyre_04,MLAAD_original,mlaad_tiny_matched,mlaad_tiny_matched,mueller91/MLAAD-tiny,jane_eyre_04_f000074,mlaad_tiny::en::jane_eyre_04_f000074,https://huggingface.co/datasets/mueller91/MLAAD-tiny,9143e5ea709575ebab6bec52840a1043aada7bb1,M-AILABS original corpus license (see MLAAD LICENSE),YES,YES_WITH_NOTICE,NO_FOR_ORIGINAL_SUBSET,MLAAD-tiny-original,c553bc72f923e2e4da20b6a44c945c1cbedb76ecf9cecdce0321e47a4070186c,mlaad_tiny::en::jane_eyre_04_f000074,train,not_applicable,not_applicable,,,REAL,,,,,,,,,,,,,cal_v13,data\raw\public_v9\mlaad_tiny\original\en\jane_eyre_04_f000074.wav,c553bc72f923e2e4da20b6a44c945c1cbedb76ecf9cecdce0321e47a4070186c,APPROVED,9143e5ea709575ebab6bec52840a1043aada7bb1,en,mlaad::jane_eyre_04,jane_eyre_04_f000074,jane_eyre_04_f000074,mlaad_tiny::en::jane_eyre_04_f000074,none,-1
C:\Users\lLrich\ai_voice_data_v13\raw\mlaad_tiny_matched\376aae5565113dced5e22c75c1e8502e6780037b6d435ae2c297b7fcce365ba7.wav,0,0,0,1,0,mlaad::jane_eyre_04,MLAAD_original,mlaad_tiny_matched,mlaad_tiny_matched,mueller91/MLAAD-tiny,jane_eyre_04_f000138,mlaad_tiny::en::jane_eyre_04_f000138,https://huggingface.co/datasets/mueller91/MLAAD-tiny,9143e5ea709575ebab6bec52840a1043aada7bb1,M-AILABS original corpus license (see MLAAD LICENSE),YES,YES_WITH_NOTICE,NO_FOR_ORIGINAL_SUBSET,MLAAD-tiny-original,376aae5565113dced5e22c75c1e8502e6780037b6d435ae2c297b7fcce365ba7,mlaad_tiny::en::jane_eyre_04_f000138,train,not_applicable,not_applicable,,,REAL,,,,,,,,,,,,,cal_v13,data\raw\public_v9\mlaad_tiny\original\en\jane_eyre_04_f000138.wav,376aae5565113dced5e22c75c1e8502e6780037b6d435ae2c297b7fcce365ba7,APPROVED,9143e5ea709575ebab6bec52840a1043aada7bb1,en,mlaad::jane_eyre_04,jane_eyre_04_f000138,jane_eyre_04_f000138,mlaad_tiny::en::jane_eyre_04_f000138,none,-1
C:\Users\lLrich\ai_voice_data_v13\raw\mlaad_tiny_matched\ab003f5a35cf80534e1789148d7e74c4fbd190b8cb227109e00cdde8ebee7a6a.wav,0,0,0,1,0,mlaad::jane_eyre_05,MLAAD_original,mlaad_tiny_matched,mlaad_tiny_matched,mueller91/MLAAD-tiny,jane_eyre_05_f000137,mlaad_tiny::en::jane_eyre_05_f000137,https://huggingface.co/datasets/mueller91/MLAAD-tiny,9143e5ea709575ebab6bec52840a1043aada7bb1,M-AILABS original corpus license (see MLAAD LICENSE),YES,YES_WITH_NOTICE,NO_FOR_ORIGINAL_SUBSET,MLAAD-tiny-original,ab003f5a35cf80534e1789148d7e74c4fbd190b8cb227109e00cdde8ebee7a6a,mlaad_tiny::en::jane_eyre_05_f000137,train,not_applicable,not_applicable,,,REAL,,,,,,,,,,,,,cal_v13,data\raw\public_v9\mlaad_tiny\original\en\jane_eyre_05_f000137.wav,ab003f5a35cf80534e1789148d7e74c4fbd190b8cb227109e00cdde8ebee7a6a,APPROVED,9143e5ea709575ebab6bec52840a1043aada7bb1,en,mlaad::jane_eyre_05,jane_eyre_05_f000137,jane_eyre_05_f000137,mlaad_tiny::en::jane_eyre_05_f000137,none,-1
C:\Users\lLrich\ai_voice_data_v13\raw\mlaad_tiny_matched\b2cdaa03db42cd90426c85216555bf461693b334bd531adf417e8614e7346f94.wav,0,0,0,1,0,mlaad::jane_eyre_09,MLAAD_original,mlaad_tiny_matched,mlaad_tiny_matched,mueller91/MLAAD-tiny,jane_eyre_09_f000010,mlaad_tiny::en::jane_eyre_09_f000010,https://huggingface.co/datasets/mueller91/MLAAD-tiny,9143e5ea709575ebab6bec52840a1043aada7bb1,M-AILABS original corpus license (see MLAAD LICENSE),YES,YES_WITH_NOTICE,NO_FOR_ORIGINAL_SUBSET,MLAAD-tiny-original,b2cdaa03db42cd90426c85216555bf461693b334bd531adf417e8614e7346f94,mlaad_tiny::en::jane_eyre_09_f000010,train,not_applicable,not_applicable,,,REAL,,,,,,,,,,,,,cal_v13,data\raw\public_v9\mlaad_tiny\original\en\jane_eyre_09_f000010.wav,b2cdaa03db42cd90426c85216555bf461693b334bd531adf417e8614e7346f94,APPROVED,9143e5ea709575ebab6bec52840a1043aada7bb1,en,mlaad::jane_eyre_09,jane_eyre_09_f000010,jane_eyre_09_f000010,mlaad_tiny::en::jane_eyre_09_f000010,none,-1
C:\Users\lLrich\ai_voice_data_v13\raw\mlaad_tiny_matched\b9a47c06111b2afd24317f18e83cf0b391befa776dd5e2660ad56967a0067be8.wav,0,0,0,1,0,mlaad::jane_eyre_12,MLAAD_original,mlaad_tiny_matched,mlaad_tiny_matched,mueller91/MLAAD-tiny,jane_eyre_12_f000178,mlaad_tiny::en::jane_eyre_12_f000178,https://huggingface.co/datasets/mueller91/MLAAD-tiny,9143e5ea709575ebab6bec52840a1043aada7bb1,M-AILABS original corpus license (see MLAAD LICENSE),YES,YES_WITH_NOTICE,NO_FOR_ORIGINAL_SUBSET,MLAAD-tiny-original,b9a47c06111b2afd24317f18e83cf0b391befa776dd5e2660ad56967a0067be8,mlaad_tiny::en::jane_eyre_12_f000178,train,not_applicable,not_applicable,,,REAL,,,,,,,,,,,,,cal_v13,data\raw\public_v9\mlaad_tiny\original\en\jane_eyre_12_f000178.wav,b9a47c06111b2afd24317f18e83cf0b391befa776dd5e2660ad56967a0067be8,APPROVED,9143e5ea709575ebab6bec52840a1043aada7bb1,en,mlaad::jane_eyre_12,jane_eyre_12_f000178,jane_eyre_12_f000178,mlaad_tiny::en::jane_eyre_12_f000178,none,-1
C:\Users\lLrich\ai_voice_data_v13\raw\mlaad_tiny_matched\eb90d33d81791285ec6b274647e65333a269faedf3e3d8f5a69a4dc72ba2e766.wav,0,0,0,1,0,mlaad::jane_eyre_13,MLAAD_original,mlaad_tiny_matched,mlaad_tiny_matched,mueller91/MLAAD-tiny,jane_eyre_13_f000059,mlaad_tiny::en::jane_eyre_13_f000059,https://huggingface.co/datasets/mueller91/MLAAD-tiny,9143e5ea709575ebab6bec52840a1043aada7bb1,M-AILABS original corpus license (see MLAAD LICENSE),YES,YES_WITH_NOTICE,NO_FOR_ORIGINAL_SUBSET,MLAAD-tiny-original,eb90d33d81791285ec6b274647e65333a269faedf3e3d8f5a69a4dc72ba2e766,mlaad_tiny::en::jane_eyre_13_f000059,train,not_applicable,not_applicable,,,REAL,,,,,,,,,,,,,cal_v13,data\raw\public_v9\mlaad_tiny\original\en\jane_eyre_13_f000059.wav,eb90d33d81791285ec6b274647e65333a269faedf3e3d8f5a69a4dc72ba2e766,APPROVED,9143e5ea709575ebab6bec52840a1043aada7bb1,en,mlaad::jane_eyre_13,jane_eyre_13_f000059,jane_eyre_13_f000059,mlaad_tiny::en::jane_eyre_13_f000059,none,-1
C:\Users\lLrich\ai_voice_data_v13\raw\mlaad_tiny_matched\ec86d79543c650a544b498438b68d000efd05c2f2da49aa7ae52a1363afbc40b.wav,0,0,0,1,0,mlaad::jane_eyre_19,MLAAD_original,mlaad_tiny_matched,mlaad_tiny_matched,mueller91/MLAAD-tiny,jane_eyre_19_f000225,mlaad_tiny::en::jane_eyre_19_f000225,https://huggingface.co/datasets/mueller91/MLAAD-tiny,9143e5ea709575ebab6bec52840a1043aada7bb1,M-AILABS original corpus license (see MLAAD LICENSE),YES,YES_WITH_NOTICE,NO_FOR_ORIGINAL_SUBSET,MLAAD-tiny-original,ec86d79543c650a544b498438b68d000efd05c2f2da49aa7ae52a1363afbc40b,mlaad_tiny::en::jane_eyre_19_f000225,train,not_applicable,not_applicable,,,REAL,,,,,,,,,,,,,cal_v13,data\raw\public_v9\mlaad_tiny\original\en\jane_eyre_19_f000225.wav,ec86d79543c650a544b498438b68d000efd05c2f2da49aa7ae52a1363afbc40b,APPROVED,9143e5ea709575ebab6bec52840a1043aada7bb1,en,mlaad::jane_eyre_19,jane_eyre_19_f000225,jane_eyre_19_f000225,mlaad_tiny::en::jane_eyre_19_f000225,none,-1
C:\Users\lLrich\ai_voice_data_v13\raw\mlaad_tiny_matched\771e5fbf995a0c6940c0ab881b77fbfa2c27aef274cd2e9df48234a0caa0f54f.wav,0,0,0,1,0,mlaad::jane_eyre_21,MLAAD_original,mlaad_tiny_matched,mlaad_tiny_matched,mueller91/MLAAD-tiny,jane_eyre_21_f000014,mlaad_tiny::en::jane_eyre_21_f000014,https://huggingface.co/datasets/mueller91/MLAAD-tiny,9143e5ea709575ebab6bec52840a1043aada7bb1,M-AILABS original corpus license (see MLAAD LICENSE),YES,YES_WITH_NOTICE,NO_FOR_ORIGINAL_SUBSET,MLAAD-tiny-original,771e5fbf995a0c6940c0ab881b77fbfa2c27aef274cd2e9df48234a0caa0f54f,mlaad_tiny::en::jane_eyre_21_f000014,train,not_applicable,not_applicable,,,REAL,,,,,,,,,,,,,cal_v13,data\raw\public_v9\mlaad_tiny\original\en\jane_eyre_21_f000014.wav,771e5fbf995a0c6940c0ab881b77fbfa2c27aef274cd2e9df48234a0caa0f54f,APPROVED,9143e5ea709575ebab6bec52840a1043aada7bb1,en,mlaad::jane_eyre_21,jane_eyre_21_f000014,jane_eyre_21_f000014,mlaad_tiny::en::jane_eyre_21_f000014,none,-1
C:\Users\lLrich\ai_voice_data_v13\raw\mlaad_tiny_matched\b13976e32be880636adc16550a8906c1fcd5b306052f08ca62b06a91727455d2.wav,1,1,0,1,0,mlaad::dorothy_and_wizard_oz_01,"MLAAD::Resemble.ai (April 12th, 2025)",mlaad_tiny_matched,mlaad_tiny_matched,mueller91/MLAAD-tiny,dorothy_and_wizard_oz_01_f000032,mlaad_tiny::en::dorothy_and_wizard_oz_01_f000032,https://huggingface.co/datasets/mueller91/MLAAD-tiny,9143e5ea709575ebab6bec52840a1043aada7bb1,CC BY-NC 4.0,YES,YES_WITH_ATTRIBUTION_NONCOMMERCIAL,YES_NONCOMMERCIAL_ONLY,MLAAD-tiny-fake,b13976e32be880636adc16550a8906c1fcd5b306052f08ca62b06a91727455d2,mlaad_tiny::en::dorothy_and_wizard_oz_01_f000032,val_b_unseen_generator,not_applicable,not_applicable,,,"MLAAD::Resemble.ai (April 12th, 2025)",,,,,,,,,,,,,cal_v13,"data\raw\public_v9\mlaad_tiny\fake\en\Resemble.ai (April 12th, 2025)\dorothy_and_wizard_oz_01_f000032.wav",b13976e32be880636adc16550a8906c1fcd5b306052f08ca62b06a91727455d2,APPROVED,9143e5ea709575ebab6bec52840a1043aada7bb1,en,mlaad::dorothy_and_wizard_oz_01,dorothy_and_wizard_oz_01_f000032,dorothy_and_wizard_oz_01_f000032,mlaad_tiny::en::dorothy_and_wizard_oz_01_f000032,none,-1
C:\Users\lLrich\ai_voice_data_v13\raw\mlaad_tiny_matched\284d6f852b57f9d19b1baefae84921b7c9edc38f7d6617804d812601171babe1.wav,1,1,0,1,0,mlaad::dorothy_and_wizard_oz_02,"MLAAD::Resemble.ai (April 12th, 2025)",mlaad_tiny_matched,mlaad_tiny_matched,mueller91/MLAAD-tiny,dorothy_and_wizard_oz_02_f000008,mlaad_tiny::en::dorothy_and_wizard_oz_02_f000008,https://huggingface.co/datasets/mueller91/MLAAD-tiny,9143e5ea709575ebab6bec52840a1043aada7bb1,CC BY-NC 4.0,YES,YES_WITH_ATTRIBUTION_NONCOMMERCIAL,YES_NONCOMMERCIAL_ONLY,MLAAD-tiny-fake,284d6f852b57f9d19b1baefae84921b7c9edc38f7d6617804d812601171babe1,mlaad_tiny::en::dorothy_and_wizard_oz_02_f000008,val_b_unseen_generator,not_applicable,not_applicable,,,"MLAAD::Resemble.ai (April 12th, 2025)",,,,,,,,,,,,,cal_v13,"data\raw\public_v9\mlaad_tiny\fake\en\Resemble.ai (April 12th, 2025)\dorothy_and_wizard_oz_02_f000008.wav",284d6f852b57f9d19b1baefae84921b7c9edc38f7d6617804d812601171babe1,APPROVED,9143e5ea709575ebab6bec52840a1043aada7bb1,en,mlaad::dorothy_and_wizard_oz_02,dorothy_and_wizard_oz_02_f000008,dorothy_and_wizard_oz_02_f000008,mlaad_tiny::en::dorothy_and_wizard_oz_02_f000008,none,-1
C:\Users\lLrich\ai_voice_data_v13\raw\mlaad_tiny_matched\22150100c623c6614ff257368e2b0fc7ccd4d09f247bc6d7e0eea5d2233137d1.wav,1,1,0,1,0,mlaad::dorothy_and_wizard_oz_05,"MLAAD::Resemble.ai (April 12th, 2025)",mlaad_tiny_matched,mlaad_tiny_matched,mueller91/MLAAD-tiny,dorothy_and_wizard_oz_05_f000066,mlaad_tiny::en::dorothy_and_wizard_oz_05_f000066,https://huggingface.co/datasets/mueller91/MLAAD-tiny,9143e5ea709575ebab6bec52840a1043aada7bb1,CC BY-NC 4.0,YES,YES_WITH_ATTRIBUTION_NONCOMMERCIAL,YES_NONCOMMERCIAL_ONLY,MLAAD-tiny-fake,22150100c623c6614ff257368e2b0fc7ccd4d09f247bc6d7e0eea5d2233137d1,mlaad_tiny::en::dorothy_and_wizard_oz_05_f000066,val_b_unseen_generator,not_applicable,not_applicable,,,"MLAAD::Resemble.ai (April 12th, 2025)",,,,,,,,,,,,,cal_v13,"data\raw\public_v9\mlaad_tiny\fake\en\Resemble.ai (April 12th, 2025)\dorothy_and_wizard_oz_05_f000066.wav",22150100c623c6614ff257368e2b0fc7ccd4d09f247bc6d7e0eea5d2233137d1,APPROVED,9143e5ea709575ebab6bec52840a1043aada7bb1,en,mlaad::dorothy_and_wizard_oz_05,dorothy_and_wizard_oz_05_f000066,dorothy_and_wizard_oz_05_f000066,mlaad_tiny::en::dorothy_and_wizard_oz_05_f000066,none,-1
C:\Users\lLrich\ai_voice_data_v13\raw\mlaad_tiny_matched\6bb3404248258befc80244653cafd4b7c87dedd9fe31e9e0f7c8c52c312fda7f.wav,1,1,0,1,0,mlaad::dorothy_and_wizard_oz_06,"MLAAD::Resemble.ai (April 12th, 2025)",mlaad_tiny_matched,mlaad_tiny_matched,mueller91/MLAAD-tiny,dorothy_and_wizard_oz_06_f000025,mlaad_tiny::en::dorothy_and_wizard_oz_06_f000025,https://huggingface.co/datasets/mueller91/MLAAD-tiny,9143e5ea709575ebab6bec52840a1043aada7bb1,CC BY-NC 4.0,YES,YES_WITH_ATTRIBUTION_NONCOMMERCIAL,YES_NONCOMMERCIAL_ONLY,MLAAD-tiny-fake,6bb3404248258befc80244653cafd4b7c87dedd9fe31e9e0f7c8c52c312fda7f,mlaad_tiny::en::dorothy_and_wizard_oz_06_f000025,val_b_unseen_generator,not_applicable,not_applicable,,,"MLAAD::Resemble.ai (April 12th, 2025)",,,,,,,,,,,,,cal_v13,"data\raw\public_v9\mlaad_tiny\fake\en\Resemble.ai (April 12th, 2025)\dorothy_and_wizard_oz_06_f000025.wav",6bb3404248258befc80244653cafd4b7c87dedd9fe31e9e0f7c8c52c312fda7f,APPROVED,9143e5ea709575ebab6bec52840a1043aada7bb1,en,mlaad::dorothy_and_wizard_oz_06,dorothy_and_wizard_oz_06_f000025,dorothy_and_wizard_oz_06_f000025,mlaad_tiny::en::dorothy_and_wizard_oz_06_f000025,none,-1
C:\Users\lLrich\ai_voice_data_v13\raw\mlaad_tiny_matched\7c2bcf9dc3e4a1bb19eca67451a5fda1ae92a3058ff12b74846033a2d153c45a.wav,1,1,0,1,0,mlaad::dorothy_and_wizard_oz_09,"MLAAD::Resemble.ai (April 12th, 2025)",mlaad_tiny_matched,mlaad_tiny_matched,mueller91/MLAAD-tiny,dorothy_and_wizard_oz_09_f000035,mlaad_tiny::en::dorothy_and_wizard_oz_09_f000035,https://huggingface.co/datasets/mueller91/MLAAD-tiny,9143e5ea709575ebab6bec52840a1043aada7bb1,CC BY-NC 4.0,YES,YES_WITH_ATTRIBUTION_NONCOMMERCIAL,YES_NONCOMMERCIAL_ONLY,MLAAD-tiny-fake,7c2bcf9dc3e4a1bb19eca67451a5fda1ae92a3058ff12b74846033a2d153c45a,mlaad_tiny::en::dorothy_and_wizard_oz_09_f000035,val_b_unseen_generator,not_applicable,not_applicable,,,"MLAAD::Resemble.ai (April 12th, 2025)",,,,,,,,,,,,,cal_v13,"data\raw\public_v9\mlaad_tiny\fake\en\Resemble.ai (April 12th, 2025)\dorothy_and_wizard_oz_09_f000035.wav",7c2bcf9dc3e4a1bb19eca67451a5fda1ae92a3058ff12b74846033a2d153c45a,APPROVED,9143e5ea709575ebab6bec52840a1043aada7bb1,en,mlaad::dorothy_and_wizard_oz_09,dorothy_and_wizard_oz_09_f000035,dorothy_and_wizard_oz_09_f000035,mlaad_tiny::en::dorothy_and_wizard_oz_09_f000035,none,-1
C:\Users\lLrich\ai_voice_data_v13\raw\mlaad_tiny_matched\b8b74bddd15c39592309ff176a8dd8bea8020b7a1e9a553a2cd9e538d935a833.wav,1,1,0,1,0,mlaad::emerald_city_of_oz_07,"MLAAD::Resemble.ai (April 12th, 2025)",mlaad_tiny_matched,mlaad_tiny_matched,mueller91/MLAAD-tiny,emerald_city_of_oz_07_f000009,mlaad_tiny::en::emerald_city_of_oz_07_f000009,https://huggingface.co/datasets/mueller91/MLAAD-tiny,9143e5ea709575ebab6bec52840a1043aada7bb1,CC BY-NC 4.0,YES,YES_WITH_ATTRIBUTION_NONCOMMERCIAL,YES_NONCOMMERCIAL_ONLY,MLAAD-tiny-fake,b8b74bddd15c39592309ff176a8dd8bea8020b7a1e9a553a2cd9e538d935a833,mlaad_tiny::en::emerald_city_of_oz_07_f000009,val_b_unseen_generator,not_applicable,not_applicable,,,"MLAAD::Resemble.ai (April 12th, 2025)",,,,,,,,,,,,,cal_v13,"data\raw\public_v9\mlaad_tiny\fake\en\Resemble.ai (April 12th, 2025)\emerald_city_of_oz_07_f000009.wav",b8b74bddd15c39592309ff176a8dd8bea8020b7a1e9a553a2cd9e538d935a833,APPROVED,9143e5ea709575ebab6bec52840a1043aada7bb1,en,mlaad::emerald_city_of_oz_07,emerald_city_of_oz_07_f000009,emerald_city_of_oz_07_f000009,mlaad_tiny::en::emerald_city_of_oz_07_f000009,none,-1
C:\Users\lLrich\ai_voice_data_v13\raw\mlaad_tiny_matched\a0a0cca495e2ac89bafd4d0f5df19b6487201c1349a309111d499fb4394735ca.wav,1,1,0,1,0,mlaad::emerald_city_of_oz_21,"MLAAD::Resemble.ai (April 12th, 2025)",mlaad_tiny_matched,mlaad_tiny_matched,mueller91/MLAAD-tiny,emerald_city_of_oz_21_f000090,mlaad_tiny::en::emerald_city_of_oz_21_f000090,https://huggingface.co/datasets/mueller91/MLAAD-tiny,9143e5ea709575ebab6bec52840a1043aada7bb1,CC BY-NC 4.0,YES,YES_WITH_ATTRIBUTION_NONCOMMERCIAL,YES_NONCOMMERCIAL_ONLY,MLAAD-tiny-fake,a0a0cca495e2ac89bafd4d0f5df19b6487201c1349a309111d499fb4394735ca,mlaad_tiny::en::emerald_city_of_oz_21_f000090,val_b_unseen_generator,not_applicable,not_applicable,,,"MLAAD::Resemble.ai (April 12th, 2025)",,,,,,,,,,,,,cal_v13,"data\raw\public_v9\mlaad_tiny\fake\en\Resemble.ai (April 12th, 2025)\emerald_city_of_oz_21_f000090.wav",a0a0cca495e2ac89bafd4d0f5df19b6487201c1349a309111d499fb4394735ca,APPROVED,9143e5ea709575ebab6bec52840a1043aada7bb1,en,mlaad::emerald_city_of_oz_21,emerald_city_of_oz_21_f000090,emerald_city_of_oz_21_f000090,mlaad_tiny::en::emerald_city_of_oz_21_f000090,none,-1
C:\Users\lLrich\ai_voice_data_v13\raw\mlaad_tiny_matched\009a7ba09f32678133c2ac0f6f151460cdc48b6036c70f4d3819c8ef218e8c9b.wav,1,1,0,1,0,mlaad::hunters_space_07,"MLAAD::Resemble.ai (April 12th, 2025)",mlaad_tiny_matched,mlaad_tiny_matched,mueller91/MLAAD-tiny,hunters_space_07_f000104,mlaad_tiny::en::hunters_space_07_f000104,https://huggingface.co/datasets/mueller91/MLAAD-tiny,9143e5ea709575ebab6bec52840a1043aada7bb1,CC BY-NC 4.0,YES,YES_WITH_ATTRIBUTION_NONCOMMERCIAL,YES_NONCOMMERCIAL_ONLY,MLAAD-tiny-fake,009a7ba09f32678133c2ac0f6f151460cdc48b6036c70f4d3819c8ef218e8c9b,mlaad_tiny::en::hunters_space_07_f000104,val_b_unseen_generator,not_applicable,not_applicable,,,"MLAAD::Resemble.ai (April 12th, 2025)",,,,,,,,,,,,,cal_v13,"data\raw\public_v9\mlaad_tiny\fake\en\Resemble.ai (April 12th, 2025)\hunters_space_07_f000104.wav",009a7ba09f32678133c2ac0f6f151460cdc48b6036c70f4d3819c8ef218e8c9b,APPROVED,9143e5ea709575ebab6bec52840a1043aada7bb1,en,mlaad::hunters_space_07,hunters_space_07_f000104,hunters_space_07_f000104,mlaad_tiny::en::hunters_space_07_f000104,none,-1
C:\Users\lLrich\ai_voice_data_v13\raw\mlaad_tiny_matched\7ae3be7abfa5fa48fdae36363064c2b3fc5f73d9f6d1bed4fe8662b09c2c27aa.wav,1,1,0,1,0,mlaad::hunters_space_10,"MLAAD::Resemble.ai (April 12th, 2025)",mlaad_tiny_matched,mlaad_tiny_matched,mueller91/MLAAD-tiny,hunters_space_10_f000046,mlaad_tiny::en::hunters_space_10_f000046,https://huggingface.co/datasets/mueller91/MLAAD-tiny,9143e5ea709575ebab6bec52840a1043aada7bb1,CC BY-NC 4.0,YES,YES_WITH_ATTRIBUTION_NONCOMMERCIAL,YES_NONCOMMERCIAL_ONLY,MLAAD-tiny-fake,7ae3be7abfa5fa48fdae36363064c2b3fc5f73d9f6d1bed4fe8662b09c2c27aa,mlaad_tiny::en::hunters_space_10_f000046,val_b_unseen_generator,not_applicable,not_applicable,,,"MLAAD::Resemble.ai (April 12th, 2025)",,,,,,,,,,,,,cal_v13,"data\raw\public_v9\mlaad_tiny\fake\en\Resemble.ai (April 12th, 2025)\hunters_space_10_f000046.wav",7ae3be7abfa5fa48fdae36363064c2b3fc5f73d9f6d1bed4fe8662b09c2c27aa,APPROVED,9143e5ea709575ebab6bec52840a1043aada7bb1,en,mlaad::hunters_space_10,hunters_space_10_f000046,hunters_space_10_f000046,mlaad_tiny::en::hunters_space_10_f000046,none,-1
C:\Users\lLrich\ai_voice_data_v13\raw\mlaad_tiny_matched\e8cfd3631b527445fd1751d939544b276567dcbcea0d42801b2082972bb65713.wav,1,1,0,1,0,mlaad::jane_eyre_01,"MLAAD::Resemble.ai (April 12th, 2025)",mlaad_tiny_matched,mlaad_tiny_matched,mueller91/MLAAD-tiny,jane_eyre_01_f000063,mlaad_tiny::en::jane_eyre_01_f000063,https://huggingface.co/datasets/mueller91/MLAAD-tiny,9143e5ea709575ebab6bec52840a1043aada7bb1,CC BY-NC 4.0,YES,YES_WITH_ATTRIBUTION_NONCOMMERCIAL,YES_NONCOMMERCIAL_ONLY,MLAAD-tiny-fake,e8cfd3631b527445fd1751d939544b276567dcbcea0d42801b2082972bb65713,mlaad_tiny::en::jane_eyre_01_f000063,val_b_unseen_generator,not_applicable,not_applicable,,,"MLAAD::Resemble.ai (April 12th, 2025)",,,,,,,,,,,,,cal_v13,"data\raw\public_v9\mlaad_tiny\fake\en\Resemble.ai (April 12th, 2025)\jane_eyre_01_f000063.wav",e8cfd3631b527445fd1751d939544b276567dcbcea0d42801b2082972bb65713,APPROVED,9143e5ea709575ebab6bec52840a1043aada7bb1,en,mlaad::jane_eyre_01,jane_eyre_01_f000063,jane_eyre_01_f000063,mlaad_tiny::en::jane_eyre_01_f000063,none,-1
C:\Users\lLrich\ai_voice_data_v13\raw\mlaad_tiny_matched\c835418a7c9d6ab0633c47545ebfd5dc9eb30a2eaaa3115a294f924a15d06fcc.wav,0,0,0,1,0,mlaad::dorothy_and_wizard_oz_01,MLAAD_original,mlaad_tiny_matched,mlaad_tiny_matched,mueller91/MLAAD-tiny,dorothy_and_wizard_oz_01_f000032,mlaad_tiny::en::dorothy_and_wizard_oz_01_f000032,https://huggingface.co/datasets/mueller91/MLAAD-tiny,9143e5ea709575ebab6bec52840a1043aada7bb1,M-AILABS original corpus license (see MLAAD LICENSE),YES,YES_WITH_NOTICE,NO_FOR_ORIGINAL_SUBSET,MLAAD-tiny-original,c835418a7c9d6ab0633c47545ebfd5dc9eb30a2eaaa3115a294f924a15d06fcc,mlaad_tiny::en::dorothy_and_wizard_oz_01_f000032,val_b_unseen_generator,not_applicable,not_applicable,,,REAL,,,,,,,,,,,,,cal_v13,data\raw\public_v9\mlaad_tiny\original\en\dorothy_and_wizard_oz_01_f000032.wav,c835418a7c9d6ab0633c47545ebfd5dc9eb30a2eaaa3115a294f924a15d06fcc,APPROVED,9143e5ea709575ebab6bec52840a1043aada7bb1,en,mlaad::dorothy_and_wizard_oz_01,dorothy_and_wizard_oz_01_f000032,dorothy_and_wizard_oz_01_f000032,mlaad_tiny::en::dorothy_and_wizard_oz_01_f000032,none,-1
C:\Users\lLrich\ai_voice_data_v13\raw\mlaad_tiny_matched\a285894c800c8c672fbd9c3df20ac54e6d3500ed92d6aa77148d0d3e39595f1f.wav,0,0,0,1,0,mlaad::dorothy_and_wizard_oz_02,MLAAD_original,mlaad_tiny_matched,mlaad_tiny_matched,mueller91/MLAAD-tiny,dorothy_and_wizard_oz_02_f000008,mlaad_tiny::en::dorothy_and_wizard_oz_02_f000008,https://huggingface.co/datasets/mueller91/MLAAD-tiny,9143e5ea709575ebab6bec52840a1043aada7bb1,M-AILABS original corpus license (see MLAAD LICENSE),YES,YES_WITH_NOTICE,NO_FOR_ORIGINAL_SUBSET,MLAAD-tiny-original,a285894c800c8c672fbd9c3df20ac54e6d3500ed92d6aa77148d0d3e39595f1f,mlaad_tiny::en::dorothy_and_wizard_oz_02_f000008,val_b_unseen_generator,not_applicable,not_applicable,,,REAL,,,,,,,,,,,,,cal_v13,data\raw\public_v9\mlaad_tiny\original\en\dorothy_and_wizard_oz_02_f000008.wav,a285894c800c8c672fbd9c3df20ac54e6d3500ed92d6aa77148d0d3e39595f1f,APPROVED,9143e5ea709575ebab6bec52840a1043aada7bb1,en,mlaad::dorothy_and_wizard_oz_02,dorothy_and_wizard_oz_02_f000008,dorothy_and_wizard_oz_02_f000008,mlaad_tiny::en::dorothy_and_wizard_oz_02_f000008,none,-1
C:\Users\lLrich\ai_voice_data_v13\raw\mlaad_tiny_matched\8477d674ce4484cae1976d20728b0f4bb0b7faa865b9c79ecc24fd3d01dc046c.wav,0,0,0,1,0,mlaad::dorothy_and_wizard_oz_05,MLAAD_original,mlaad_tiny_matched,mlaad_tiny_matched,mueller91/MLAAD-tiny,dorothy_and_wizard_oz_05_f000066,mlaad_tiny::en::dorothy_and_wizard_oz_05_f000066,https://huggingface.co/datasets/mueller91/MLAAD-tiny,9143e5ea709575ebab6bec52840a1043aada7bb1,M-AILABS original corpus license (see MLAAD LICENSE),YES,YES_WITH_NOTICE,NO_FOR_ORIGINAL_SUBSET,MLAAD-tiny-original,8477d674ce4484cae1976d20728b0f4bb0b7faa865b9c79ecc24fd3d01dc046c,mlaad_tiny::en::dorothy_and_wizard_oz_05_f000066,val_b_unseen_generator,not_applicable,not_applicable,,,REAL,,,,,,,,,,,,,cal_v13,data\raw\public_v9\mlaad_tiny\original\en\dorothy_and_wizard_oz_05_f000066.wav,8477d674ce4484cae1976d20728b0f4bb0b7faa865b9c79ecc24fd3d01dc046c,APPROVED,9143e5ea709575ebab6bec52840a1043aada7bb1,en,mlaad::dorothy_and_wizard_oz_05,dorothy_and_wizard_oz_05_f000066,dorothy_and_wizard_oz_05_f000066,mlaad_tiny::en::dorothy_and_wizard_oz_05_f000066,none,-1
C:\Users\lLrich\ai_voice_data_v13\raw\mlaad_tiny_matched\0c914d74e06921b2b350476b19e1e9ca2728ac9d09931e860385e25719f37c9a.wav,0,0,0,1,0,mlaad::dorothy_and_wizard_oz_06,MLAAD_original,mlaad_tiny_matched,mlaad_tiny_matched,mueller91/MLAAD-tiny,dorothy_and_wizard_oz_06_f000025,mlaad_tiny::en::dorothy_and_wizard_oz_06_f000025,https://huggingface.co/datasets/mueller91/MLAAD-tiny,9143e5ea709575ebab6bec52840a1043aada7bb1,M-AILABS original corpus license (see MLAAD LICENSE),YES,YES_WITH_NOTICE,NO_FOR_ORIGINAL_SUBSET,MLAAD-tiny-original,0c914d74e06921b2b350476b19e1e9ca2728ac9d09931e860385e25719f37c9a,mlaad_tiny::en::dorothy_and_wizard_oz_06_f000025,val_b_unseen_generator,not_applicable,not_applicable,,,REAL,,,,,,,,,,,,,cal_v13,data\raw\public_v9\mlaad_tiny\original\en\dorothy_and_wizard_oz_06_f000025.wav,0c914d74e06921b2b350476b19e1e9ca2728ac9d09931e860385e25719f37c9a,APPROVED,9143e5ea709575ebab6bec52840a1043aada7bb1,en,mlaad::dorothy_and_wizard_oz_06,dorothy_and_wizard_oz_06_f000025,dorothy_and_wizard_oz_06_f000025,mlaad_tiny::en::dorothy_and_wizard_oz_06_f000025,none,-1
C:\Users\lLrich\ai_voice_data_v13\raw\mlaad_tiny_matched\3264d8e788f992cac1875b935fec19e9283b4590b05629927b96ce3e94c91e30.wav,0,0,0,1,0,mlaad::dorothy_and_wizard_oz_09,MLAAD_original,mlaad_tiny_matched,mlaad_tiny_matched,mueller91/MLAAD-tiny,dorothy_and_wizard_oz_09_f000035,mlaad_tiny::en::dorothy_and_wizard_oz_09_f000035,https://huggingface.co/datasets/mueller91/MLAAD-tiny,9143e5ea709575ebab6bec52840a1043aada7bb1,M-AILABS original corpus license (see MLAAD LICENSE),YES,YES_WITH_NOTICE,NO_FOR_ORIGINAL_SUBSET,MLAAD-tiny-original,3264d8e788f992cac1875b935fec19e9283b4590b05629927b96ce3e94c91e30,mlaad_tiny::en::dorothy_and_wizard_oz_09_f000035,val_b_unseen_generator,not_applicable,not_applicable,,,REAL,,,,,,,,,,,,,cal_v13,data\raw\public_v9\mlaad_tiny\original\en\dorothy_and_wizard_oz_09_f000035.wav,3264d8e788f992cac1875b935fec19e9283b4590b05629927b96ce3e94c91e30,APPROVED,9143e5ea709575ebab6bec52840a1043aada7bb1,en,mlaad::dorothy_and_wizard_oz_09,dorothy_and_wizard_oz_09_f000035,dorothy_and_wizard_oz_09_f000035,mlaad_tiny::en::dorothy_and_wizard_oz_09_f000035,none,-1
C:\Users\lLrich\ai_voice_data_v13\raw\mlaad_tiny_matched\75aea993a27837e0dc888619c2142aa523ee351a817dfc0ecac2b1ff6aa56452.wav,0,0,0,1,0,mlaad::emerald_city_of_oz_07,MLAAD_original,mlaad_tiny_matched,mlaad_tiny_matched,mueller91/MLAAD-tiny,emerald_city_of_oz_07_f000009,mlaad_tiny::en::emerald_city_of_oz_07_f000009,https://huggingface.co/datasets/mueller91/MLAAD-tiny,9143e5ea709575ebab6bec52840a1043aada7bb1,M-AILABS original corpus license (see MLAAD LICENSE),YES,YES_WITH_NOTICE,NO_FOR_ORIGINAL_SUBSET,MLAAD-tiny-original,75aea993a27837e0dc888619c2142aa523ee351a817dfc0ecac2b1ff6aa56452,mlaad_tiny::en::emerald_city_of_oz_07_f000009,val_b_unseen_generator,not_applicable,not_applicable,,,REAL,,,,,,,,,,,,,cal_v13,data\raw\public_v9\mlaad_tiny\original\en\emerald_city_of_oz_07_f000009.wav,75aea993a27837e0dc888619c2142aa523ee351a817dfc0ecac2b1ff6aa56452,APPROVED,9143e5ea709575ebab6bec52840a1043aada7bb1,en,mlaad::emerald_city_of_oz_07,emerald_city_of_oz_07_f000009,emerald_city_of_oz_07_f000009,mlaad_tiny::en::emerald_city_of_oz_07_f000009,none,-1
C:\Users\lLrich\ai_voice_data_v13\raw\mlaad_tiny_matched\c337048d04d9f594da7859de7ea287a6bcf90c29461c9f0e2b0ecc037dbf44c3.wav,0,0,0,1,0,mlaad::emerald_city_of_oz_21,MLAAD_original,mlaad_tiny_matched,mlaad_tiny_matched,mueller91/MLAAD-tiny,emerald_city_of_oz_21_f000090,mlaad_tiny::en::emerald_city_of_oz_21_f000090,https://huggingface.co/datasets/mueller91/MLAAD-tiny,9143e5ea709575ebab6bec52840a1043aada7bb1,M-AILABS original corpus license (see MLAAD LICENSE),YES,YES_WITH_NOTICE,NO_FOR_ORIGINAL_SUBSET,MLAAD-tiny-original,c337048d04d9f594da7859de7ea287a6bcf90c29461c9f0e2b0ecc037dbf44c3,mlaad_tiny::en::emerald_city_of_oz_21_f000090,val_b_unseen_generator,not_applicable,not_applicable,,,REAL,,,,,,,,,,,,,cal_v13,data\raw\public_v9\mlaad_tiny\original\en\emerald_city_of_oz_21_f000090.wav,c337048d04d9f594da7859de7ea287a6bcf90c29461c9f0e2b0ecc037dbf44c3,APPROVED,9143e5ea709575ebab6bec52840a1043aada7bb1,en,mlaad::emerald_city_of_oz_21,emerald_city_of_oz_21_f000090,emerald_city_of_oz_21_f000090,mlaad_tiny::en::emerald_city_of_oz_21_f000090,none,-1
C:\Users\lLrich\ai_voice_data_v13\raw\mlaad_tiny_matched\8ee7b308d67012a7c09b3bf594877d1863cbf93867fbfd835dc7bef6a3ab2f79.wav,0,0,0,1,0,mlaad::hunters_space_07,MLAAD_original,mlaad_tiny_matched,mlaad_tiny_matched,mueller91/MLAAD-tiny,hunters_space_07_f000104,mlaad_tiny::en::hunters_space_07_f000104,https://huggingface.co/datasets/mueller91/MLAAD-tiny,9143e5ea709575ebab6bec52840a1043aada7bb1,M-AILABS original corpus license (see MLAAD LICENSE),YES,YES_WITH_NOTICE,NO_FOR_ORIGINAL_SUBSET,MLAAD-tiny-original,8ee7b308d67012a7c09b3bf594877d1863cbf93867fbfd835dc7bef6a3ab2f79,mlaad_tiny::en::hunters_space_07_f000104,val_b_unseen_generator,not_applicable,not_applicable,,,REAL,,,,,,,,,,,,,cal_v13,data\raw\public_v9\mlaad_tiny\original\en\hunters_space_07_f000104.wav,8ee7b308d67012a7c09b3bf594877d1863cbf93867fbfd835dc7bef6a3ab2f79,APPROVED,9143e5ea709575ebab6bec52840a1043aada7bb1,en,mlaad::hunters_space_07,hunters_space_07_f000104,hunters_space_07_f000104,mlaad_tiny::en::hunters_space_07_f000104,none,-1
C:\Users\lLrich\ai_voice_data_v13\raw\mlaad_tiny_matched\5ee6678845fa980a3d17ab0cb81151ae8334320a7aa09cb283cc2a23e96af02b.wav,0,0,0,1,0,mlaad::hunters_space_10,MLAAD_original,mlaad_tiny_matched,mlaad_tiny_matched,mueller91/MLAAD-tiny,hunters_space_10_f000046,mlaad_tiny::en::hunters_space_10_f000046,https://huggingface.co/datasets/mueller91/MLAAD-tiny,9143e5ea709575ebab6bec52840a1043aada7bb1,M-AILABS original corpus license (see MLAAD LICENSE),YES,YES_WITH_NOTICE,NO_FOR_ORIGINAL_SUBSET,MLAAD-tiny-original,5ee6678845fa980a3d17ab0cb81151ae8334320a7aa09cb283cc2a23e96af02b,mlaad_tiny::en::hunters_space_10_f000046,val_b_unseen_generator,not_applicable,not_applicable,,,REAL,,,,,,,,,,,,,cal_v13,data\raw\public_v9\mlaad_tiny\original\en\hunters_space_10_f000046.wav,5ee6678845fa980a3d17ab0cb81151ae8334320a7aa09cb283cc2a23e96af02b,APPROVED,9143e5ea709575ebab6bec52840a1043aada7bb1,en,mlaad::hunters_space_10,hunters_space_10_f000046,hunters_space_10_f000046,mlaad_tiny::en::hunters_space_10_f000046,none,-1
C:\Users\lLrich\ai_voice_data_v13\raw\mlaad_tiny_matched\84f1c23d2f9e2172e94085034f2fb5f42a4fec384c27a0170fa0a8544a4ca75d.wav,0,0,0,1,0,mlaad::jane_eyre_01,MLAAD_original,mlaad_tiny_matched,mlaad_tiny_matched,mueller91/MLAAD-tiny,jane_eyre_01_f000063,mlaad_tiny::en::jane_eyre_01_f000063,https://huggingface.co/datasets/mueller91/MLAAD-tiny,9143e5ea709575ebab6bec52840a1043aada7bb1,M-AILABS original corpus license (see MLAAD LICENSE),YES,YES_WITH_NOTICE,NO_FOR_ORIGINAL_SUBSET,MLAAD-tiny-original,84f1c23d2f9e2172e94085034f2fb5f42a4fec384c27a0170fa0a8544a4ca75d,mlaad_tiny::en::jane_eyre_01_f000063,val_b_unseen_generator,not_applicable,not_applicable,,,REAL,,,,,,,,,,,,,cal_v13,data\raw\public_v9\mlaad_tiny\original\en\jane_eyre_01_f000063.wav,84f1c23d2f9e2172e94085034f2fb5f42a4fec384c27a0170fa0a8544a4ca75d,APPROVED,9143e5ea709575ebab6bec52840a1043aada7bb1,en,mlaad::jane_eyre_01,jane_eyre_01_f000063,jane_eyre_01_f000063,mlaad_tiny::en::jane_eyre_01_f000063,none,-1
C:\Users\lLrich\ai_voice_data_v13\raw\sonics_official\db2d881d28057cd15d3df41c9d57868928852bd884e82e03ad9e89c5987765b1.mp3,1,1,1,1,1,sonics::9002,SONICS::udio-30s,sonics_official,sonics_official,awsaf49/sonics,fake_09002_udio_0,sonics::9002,https://github.com/awsaf49/sonics,official part_01 + metadata snapshot 2026-08-31,CC BY-NC 4.0,YES,YES_WITH_ATTRIBUTION_NONCOMMERCIAL,YES_NONCOMMERCIAL_ONLY,SONICS-fake,db2d881d28057cd15d3df41c9d57868928852bd884e82e03ad9e89c5987765b1,sonics::9002,train,test,mostly fake,,,SONICS::udio-30s,,,,,,,,,,,,,cal_v13,data\raw\public_v9\sonics\fake_09002_udio_0.mp3,db2d881d28057cd15d3df41c9d57868928852bd884e82e03ad9e89c5987765b1,APPROVED,official part_01 + metadata snapshot 2026-08-31,unknown,sonics::9002,fake_09002_udio_0,fake_09002_udio_0,sonics::9002,none,-1
C:\Users\lLrich\ai_voice_data_v13\raw\sonics_official\6f6484bcc7597eb2baf9a7cbbdabeee9ee2454eb9db661de0122a68387e5745a.mp3,1,1,1,1,1,sonics::9011,SONICS::udio-30s,sonics_official,sonics_official,awsaf49/sonics,fake_09011_udio_0,sonics::9011,https://github.com/awsaf49/sonics,official part_01 + metadata snapshot 2026-08-31,CC BY-NC 4.0,YES,YES_WITH_ATTRIBUTION_NONCOMMERCIAL,YES_NONCOMMERCIAL_ONLY,SONICS-fake,6f6484bcc7597eb2baf9a7cbbdabeee9ee2454eb9db661de0122a68387e5745a,sonics::9011,train,test,mostly fake,,,SONICS::udio-30s,,,,,,,,,,,,,cal_v13,data\raw\public_v9\sonics\fake_09011_udio_0.mp3,6f6484bcc7597eb2baf9a7cbbdabeee9ee2454eb9db661de0122a68387e5745a,APPROVED,official part_01 + metadata snapshot 2026-08-31,unknown,sonics::9011,fake_09011_udio_0,fake_09011_udio_0,sonics::9011,none,-1
C:\Users\lLrich\ai_voice_data_v13\raw\sonics_official\4be2cf3c88b9099b03a6e380fae11a1ffedb2da07db17cf45efa5ec924763381.mp3,1,1,1,1,1,sonics::9013,SONICS::udio-30s,sonics_official,sonics_official,awsaf49/sonics,fake_09013_udio_0,sonics::9013,https://github.com/awsaf49/sonics,official part_01 + metadata snapshot 2026-08-31,CC BY-NC 4.0,YES,YES_WITH_ATTRIBUTION_NONCOMMERCIAL,YES_NONCOMMERCIAL_ONLY,SONICS-fake,4be2cf3c88b9099b03a6e380fae11a1ffedb2da07db17cf45efa5ec924763381,sonics::9013,train,test,mostly fake,,,SONICS::udio-30s,,,,,,,,,,,,,cal_v13,data\raw\public_v9\sonics\fake_09013_udio_0.mp3,4be2cf3c88b9099b03a6e380fae11a1ffedb2da07db17cf45efa5ec924763381,APPROVED,official part_01 + metadata snapshot 2026-08-31,unknown,sonics::9013,fake_09013_udio_0,fake_09013_udio_0,sonics::9013,none,-1
C:\Users\lLrich\ai_voice_data_v13\raw\sonics_official\9c6296668ea4f081b62811c838c8a39f69195cadfbed9a7ca7a65ac20338e006.mp3,1,1,1,1,1,sonics::9034,SONICS::udio-30s,sonics_official,sonics_official,awsaf49/sonics,fake_09034_udio_1,sonics::9034,https://github.com/awsaf49/sonics,official part_01 + metadata snapshot 2026-08-31,CC BY-NC 4.0,YES,YES_WITH_ATTRIBUTION_NONCOMMERCIAL,YES_NONCOMMERCIAL_ONLY,SONICS-fake,9c6296668ea4f081b62811c838c8a39f69195cadfbed9a7ca7a65ac20338e006,sonics::9034,train,test,mostly fake,,,SONICS::udio-30s,,,,,,,,,,,,,cal_v13,data\raw\public_v9\sonics\fake_09034_udio_1.mp3,9c6296668ea4f081b62811c838c8a39f69195cadfbed9a7ca7a65ac20338e006,APPROVED,official part_01 + metadata snapshot 2026-08-31,unknown,sonics::9034,fake_09034_udio_1,fake_09034_udio_1,sonics::9034,none,-1
C:\Users\lLrich\ai_voice_data_v13\raw\sonics_official\17a5ef2c716e706d22e3bfcfc3d8a1434d1aeefc893671b0e58ae77b6da8260f.mp3,1,1,1,1,1,sonics::9037,SONICS::udio-30s,sonics_official,sonics_official,awsaf49/sonics,fake_09037_udio_1,sonics::9037,https://github.com/awsaf49/sonics,official part_01 + metadata snapshot 2026-08-31,CC BY-NC 4.0,YES,YES_WITH_ATTRIBUTION_NONCOMMERCIAL,YES_NONCOMMERCIAL_ONLY,SONICS-fake,17a5ef2c716e706d22e3bfcfc3d8a1434d1aeefc893671b0e58ae77b6da8260f,sonics::9037,train,test,mostly fake,,,SONICS::udio-30s,,,,,,,,,,,,,cal_v13,data\raw\public_v9\sonics\fake_09037_udio_1.mp3,17a5ef2c716e706d22e3bfcfc3d8a1434d1aeefc893671b0e58ae77b6da8260f,APPROVED,official part_01 + metadata snapshot 2026-08-31,unknown,sonics::9037,fake_09037_udio_1,fake_09037_udio_1,sonics::9037,none,-1
C:\Users\lLrich\ai_voice_data_v13\raw\sonics_official\c21707d05f609603d105753094ace0db85ee3bdc6808ce3e1545978783a11ac0.mp3,1,1,1,1,1,sonics::9042,SONICS::udio-30s,sonics_official,sonics_official,awsaf49/sonics,fake_09042_udio_0,sonics::9042,https://github.com/awsaf49/sonics,official part_01 + metadata snapshot 2026-08-31,CC BY-NC 4.0,YES,YES_WITH_ATTRIBUTION_NONCOMMERCIAL,YES_NONCOMMERCIAL_ONLY,SONICS-fake,c21707d05f609603d105753094ace0db85ee3bdc6808ce3e1545978783a11ac0,sonics::9042,train,test,mostly fake,,,SONICS::udio-30s,,,,,,,,,,,,,cal_v13,data\raw\public_v9\sonics\fake_09042_udio_0.mp3,c21707d05f609603d105753094ace0db85ee3bdc6808ce3e1545978783a11ac0,APPROVED,official part_01 + metadata snapshot 2026-08-31,unknown,sonics::9042,fake_09042_udio_0,fake_09042_udio_0,sonics::9042,none,-1
C:\Users\lLrich\ai_voice_data_v13\raw\sonics_official\789b5bbc79da3c7f7704dd6eb6fdecc0bd05140ac055bf63ea07e7e89d0fd851.mp3,1,1,1,1,1,sonics::9043,SONICS::udio-30s,sonics_official,sonics_official,awsaf49/sonics,fake_09043_udio_0,sonics::9043,https://github.com/awsaf49/sonics,official part_01 + metadata snapshot 2026-08-31,CC BY-NC 4.0,YES,YES_WITH_ATTRIBUTION_NONCOMMERCIAL,YES_NONCOMMERCIAL_ONLY,SONICS-fake,789b5bbc79da3c7f7704dd6eb6fdecc0bd05140ac055bf63ea07e7e89d0fd851,sonics::9043,train,test,mostly fake,,,SONICS::udio-30s,,,,,,,,,,,,,cal_v13,data\raw\public_v9\sonics\fake_09043_udio_0.mp3,789b5bbc79da3c7f7704dd6eb6fdecc0bd05140ac055bf63ea07e7e89d0fd851,APPROVED,official part_01 + metadata snapshot 2026-08-31,unknown,sonics::9043,fake_09043_udio_0,fake_09043_udio_0,sonics::9043,none,-1
C:\Users\lLrich\ai_voice_data_v13\raw\sonics_official\5d660c2c52188558e1deaa7d0e78590a2c33d0880f122648ce3d1afa27b3e5c7.mp3,1,1,1,1,1,sonics::9069,SONICS::udio-30s,sonics_official,sonics_official,awsaf49/sonics,fake_09069_udio_0,sonics::9069,https://github.com/awsaf49/sonics,official part_01 + metadata snapshot 2026-08-31,CC BY-NC 4.0,YES,YES_WITH_ATTRIBUTION_NONCOMMERCIAL,YES_NONCOMMERCIAL_ONLY,SONICS-fake,5d660c2c52188558e1deaa7d0e78590a2c33d0880f122648ce3d1afa27b3e5c7,sonics::9069,train,test,mostly fake,,,SONICS::udio-30s,,,,,,,,,,,,,cal_v13,data\raw\public_v9\sonics\fake_09069_udio_0.mp3,5d660c2c52188558e1deaa7d0e78590a2c33d0880f122648ce3d1afa27b3e5c7,APPROVED,official part_01 + metadata snapshot 2026-08-31,unknown,sonics::9069,fake_09069_udio_0,fake_09069_udio_0,sonics::9069,none,-1
C:\Users\lLrich\ai_voice_data_v13\raw\sonics_official\cf58b2db7b9a960b21f84e883aad9167344ab45ece75a366207d11dad0ae91c2.mp3,1,1,1,1,1,sonics::9089,SONICS::udio-30s,sonics_official,sonics_official,awsaf49/sonics,fake_09089_udio_0,sonics::9089,https://github.com/awsaf49/sonics,official part_01 + metadata snapshot 2026-08-31,CC BY-NC 4.0,YES,YES_WITH_ATTRIBUTION_NONCOMMERCIAL,YES_NONCOMMERCIAL_ONLY,SONICS-fake,cf58b2db7b9a960b21f84e883aad9167344ab45ece75a366207d11dad0ae91c2,sonics::9089,train,test,mostly fake,,,SONICS::udio-30s,,,,,,,,,,,,,cal_v13,data\raw\public_v9\sonics\fake_09089_udio_0.mp3,cf58b2db7b9a960b21f84e883aad9167344ab45ece75a366207d11dad0ae91c2,APPROVED,official part_01 + metadata snapshot 2026-08-31,unknown,sonics::9089,fake_09089_udio_0,fake_09089_udio_0,sonics::9089,none,-1
C:\Users\lLrich\ai_voice_data_v13\raw\sonics_official\4e57dcab870431adf2058b6bb06f01a1c799bbe887c2db7db79b0edf5c37d1ce.mp3,1,1,1,1,1,sonics::9104,SONICS::udio-30s,sonics_official,sonics_official,awsaf49/sonics,fake_09104_udio_0,sonics::9104,https://github.com/awsaf49/sonics,official part_01 + metadata snapshot 2026-08-31,CC BY-NC 4.0,YES,YES_WITH_ATTRIBUTION_NONCOMMERCIAL,YES_NONCOMMERCIAL_ONLY,SONICS-fake,4e57dcab870431adf2058b6bb06f01a1c799bbe887c2db7db79b0edf5c37d1ce,sonics::9104,train,test,mostly fake,,,SONICS::udio-30s,,,,,,,,,,,,,cal_v13,data\raw\public_v9\sonics\fake_09104_udio_0.mp3,4e57dcab870431adf2058b6bb06f01a1c799bbe887c2db7db79b0edf5c37d1ce,APPROVED,official part_01 + metadata snapshot 2026-08-31,unknown,sonics::9104,fake_09104_udio_0,fake_09104_udio_0,sonics::9104,none,-1
C:\Users\lLrich\ai_voice_data_v13\raw\sonics_official\6ec9eae6fc17558fb7c69015b1fe39ff9252eaf9c5ebf4bf07102489b4ae506d.mp3,1,1,1,1,1,sonics::9115,SONICS::udio-30s,sonics_official,sonics_official,awsaf49/sonics,fake_09115_udio_0,sonics::9115,https://github.com/awsaf49/sonics,official part_01 + metadata snapshot 2026-08-31,CC BY-NC 4.0,YES,YES_WITH_ATTRIBUTION_NONCOMMERCIAL,YES_NONCOMMERCIAL_ONLY,SONICS-fake,6ec9eae6fc17558fb7c69015b1fe39ff9252eaf9c5ebf4bf07102489b4ae506d,sonics::9115,train,test,mostly fake,,,SONICS::udio-30s,,,,,,,,,,,,,cal_v13,data\raw\public_v9\sonics\fake_09115_udio_0.mp3,6ec9eae6fc17558fb7c69015b1fe39ff9252eaf9c5ebf4bf07102489b4ae506d,APPROVED,official part_01 + metadata snapshot 2026-08-31,unknown,sonics::9115,fake_09115_udio_0,fake_09115_udio_0,sonics::9115,none,-1
C:\Users\lLrich\ai_voice_data_v13\raw\sonics_official\e179f5a0752d2c5e043f107000ed8d69ff2c2ea4375a43e9826d3c206abdd12c.mp3,1,1,1,1,1,sonics::9123,SONICS::udio-30s,sonics_official,sonics_official,awsaf49/sonics,fake_09123_udio_0,sonics::9123,https://github.com/awsaf49/sonics,official part_01 + metadata snapshot 2026-08-31,CC BY-NC 4.0,YES,YES_WITH_ATTRIBUTION_NONCOMMERCIAL,YES_NONCOMMERCIAL_ONLY,SONICS-fake,e179f5a0752d2c5e043f107000ed8d69ff2c2ea4375a43e9826d3c206abdd12c,sonics::9123,train,valid,mostly fake,,,SONICS::udio-30s,,,,,,,,,,,,,cal_v13,data\raw\public_v9\sonics\fake_09123_udio_0.mp3,e179f5a0752d2c5e043f107000ed8d69ff2c2ea4375a43e9826d3c206abdd12c,APPROVED,official part_01 + metadata snapshot 2026-08-31,unknown,sonics::9123,fake_09123_udio_0,fake_09123_udio_0,sonics::9123,none,-1
C:\Users\lLrich\ai_voice_data_v13\raw\sonics_official\6d34aee5d4fba2d187f95575322c6518334fbec6749a27fa9f15c22bbc5e7757.mp3,1,1,1,1,1,sonics::9153,SONICS::udio-30s,sonics_official,sonics_official,awsaf49/sonics,fake_09153_udio_0,sonics::9153,https://github.com/awsaf49/sonics,official part_01 + metadata snapshot 2026-08-31,CC BY-NC 4.0,YES,YES_WITH_ATTRIBUTION_NONCOMMERCIAL,YES_NONCOMMERCIAL_ONLY,SONICS-fake,6d34aee5d4fba2d187f95575322c6518334fbec6749a27fa9f15c22bbc5e7757,sonics::9153,train,test,mostly fake,,,SONICS::udio-30s,,,,,,,,,,,,,cal_v13,data\raw\public_v9\sonics\fake_09153_udio_0.mp3,6d34aee5d4fba2d187f95575322c6518334fbec6749a27fa9f15c22bbc5e7757,APPROVED,official part_01 + metadata snapshot 2026-08-31,unknown,sonics::9153,fake_09153_udio_0,fake_09153_udio_0,sonics::9153,none,-1
C:\Users\lLrich\ai_voice_data_v13\raw\sonics_official\43c0de1a686a78625c9fc2cdf0c3d36942820ec89b81b1a6b0df3653d2eacf49.mp3,1,1,1,1,1,sonics::9171,SONICS::udio-30s,sonics_official,sonics_official,awsaf49/sonics,fake_09171_udio_1,sonics::9171,https://github.com/awsaf49/sonics,official part_01 + metadata snapshot 2026-08-31,CC BY-NC 4.0,YES,YES_WITH_ATTRIBUTION_NONCOMMERCIAL,YES_NONCOMMERCIAL_ONLY,SONICS-fake,43c0de1a686a78625c9fc2cdf0c3d36942820ec89b81b1a6b0df3653d2eacf49,sonics::9171,train,valid,mostly fake,,,SONICS::udio-30s,,,,,,,,,,,,,cal_v13,data\raw\public_v9\sonics\fake_09171_udio_1.mp3,43c0de1a686a78625c9fc2cdf0c3d36942820ec89b81b1a6b0df3653d2eacf49,APPROVED,official part_01 + metadata snapshot 2026-08-31,unknown,sonics::9171,fake_09171_udio_1,fake_09171_udio_1,sonics::9171,none,-1
C:\Users\lLrich\ai_voice_data_v13\raw\sonics_official\5e789d73f89b940269dab5c35e430a509214971ce228cba1862f436ac55aaef8.mp3,1,1,1,1,1,sonics::9175,SONICS::udio-30s,sonics_official,sonics_official,awsaf49/sonics,fake_09175_udio_0,sonics::9175,https://github.com/awsaf49/sonics,official part_01 + metadata snapshot 2026-08-31,CC BY-NC 4.0,YES,YES_WITH_ATTRIBUTION_NONCOMMERCIAL,YES_NONCOMMERCIAL_ONLY,SONICS-fake,5e789d73f89b940269dab5c35e430a509214971ce228cba1862f436ac55aaef8,sonics::9175,train,test,mostly fake,,,SONICS::udio-30s,,,,,,,,,,,,,cal_v13,data\raw\public_v9\sonics\fake_09175_udio_0.mp3,5e789d73f89b940269dab5c35e430a509214971ce228cba1862f436ac55aaef8,APPROVED,official part_01 + metadata snapshot 2026-08-31,unknown,sonics::9175,fake_09175_udio_0,fake_09175_udio_0,sonics::9175,none,-1
C:\Users\lLrich\ai_voice_data_v13\raw\sonics_official\d3412e9edd010c2985fffd484e5a99e8ed5c3947535b75dca25da58b4bd640c6.mp3,1,1,1,1,1,sonics::9182,SONICS::udio-30s,sonics_official,sonics_official,awsaf49/sonics,fake_09182_udio_0,sonics::9182,https://github.com/awsaf49/sonics,official part_01 + metadata snapshot 2026-08-31,CC BY-NC 4.0,YES,YES_WITH_ATTRIBUTION_NONCOMMERCIAL,YES_NONCOMMERCIAL_ONLY,SONICS-fake,d3412e9edd010c2985fffd484e5a99e8ed5c3947535b75dca25da58b4bd640c6,sonics::9182,train,test,mostly fake,,,SONICS::udio-30s,,,,,,,,,,,,,cal_v13,data\raw\public_v9\sonics\fake_09182_udio_0.mp3,d3412e9edd010c2985fffd484e5a99e8ed5c3947535b75dca25da58b4bd640c6,APPROVED,official part_01 + metadata snapshot 2026-08-31,unknown,sonics::9182,fake_09182_udio_0,fake_09182_udio_0,sonics::9182,none,-1
C:\Users\lLrich\ai_voice_data_v13\raw\sonics_official\110ba1fa1d3ab6c1d83302dce44874b69ba8c53948b853f4b4804e6b4a68ab24.mp3,1,1,1,1,1,sonics::9212,SONICS::udio-30s,sonics_official,sonics_official,awsaf49/sonics,fake_09212_udio_0,sonics::9212,https://github.com/awsaf49/sonics,official part_01 + metadata snapshot 2026-08-31,CC BY-NC 4.0,YES,YES_WITH_ATTRIBUTION_NONCOMMERCIAL,YES_NONCOMMERCIAL_ONLY,SONICS-fake,110ba1fa1d3ab6c1d83302dce44874b69ba8c53948b853f4b4804e6b4a68ab24,sonics::9212,train,test,mostly fake,,,SONICS::udio-30s,,,,,,,,,,,,,cal_v13,data\raw\public_v9\sonics\fake_09212_udio_0.mp3,110ba1fa1d3ab6c1d83302dce44874b69ba8c53948b853f4b4804e6b4a68ab24,APPROVED,official part_01 + metadata snapshot 2026-08-31,unknown,sonics::9212,fake_09212_udio_0,fake_09212_udio_0,sonics::9212,none,-1
C:\Users\lLrich\ai_voice_data_v13\raw\sonics_official\e4a65a7da6b561d95a1fbcc17ff9a3bbcb71065b2ffa6b4e800793710f017f5d.mp3,1,1,1,1,1,sonics::9217,SONICS::udio-30s,sonics_official,sonics_official,awsaf49/sonics,fake_09217_udio_0,sonics::9217,https://github.com/awsaf49/sonics,official part_01 + metadata snapshot 2026-08-31,CC BY-NC 4.0,YES,YES_WITH_ATTRIBUTION_NONCOMMERCIAL,YES_NONCOMMERCIAL_ONLY,SONICS-fake,e4a65a7da6b561d95a1fbcc17ff9a3bbcb71065b2ffa6b4e800793710f017f5d,sonics::9217,train,test,mostly fake,,,SONICS::udio-30s,,,,,,,,,,,,,cal_v13,data\raw\public_v9\sonics\fake_09217_udio_0.mp3,e4a65a7da6b561d95a1fbcc17ff9a3bbcb71065b2ffa6b4e800793710f017f5d,APPROVED,official part_01 + metadata snapshot 2026-08-31,unknown,sonics::9217,fake_09217_udio_0,fake_09217_udio_0,sonics::9217,none,-1
C:\Users\lLrich\ai_voice_data_v13\raw\sonics_official\bb9568afe23584b606717ccf8fa87d07feefde79a38378fc17922f5376eef97c.mp3,1,1,1,1,1,sonics::9218,SONICS::udio-30s,sonics_official,sonics_official,awsaf49/sonics,fake_09218_udio_0,sonics::9218,https://github.com/awsaf49/sonics,official part_01 + metadata snapshot 2026-08-31,CC BY-NC 4.0,YES,YES_WITH_ATTRIBUTION_NONCOMMERCIAL,YES_NONCOMMERCIAL_ONLY,SONICS-fake,bb9568afe23584b606717ccf8fa87d07feefde79a38378fc17922f5376eef97c,sonics::9218,train,test,mostly fake,,,SONICS::udio-30s,,,,,,,,,,,,,cal_v13,data\raw\public_v9\sonics\fake_09218_udio_0.mp3,bb9568afe23584b606717ccf8fa87d07feefde79a38378fc17922f5376eef97c,APPROVED,official part_01 + metadata snapshot 2026-08-31,unknown,sonics::9218,fake_09218_udio_0,fake_09218_udio_0,sonics::9218,none,-1
C:\Users\lLrich\ai_voice_data_v13\raw\sonics_official\67cff83d3be48c4d7bdac0b1cdf76baff50cf4662c6fb146361ebb81225de1b7.mp3,1,1,1,1,1,sonics::9221,SONICS::udio-30s,sonics_official,sonics_official,awsaf49/sonics,fake_09221_udio_1,sonics::9221,https://github.com/awsaf49/sonics,official part_01 + metadata snapshot 2026-08-31,CC BY-NC 4.0,YES,YES_WITH_ATTRIBUTION_NONCOMMERCIAL,YES_NONCOMMERCIAL_ONLY,SONICS-fake,67cff83d3be48c4d7bdac0b1cdf76baff50cf4662c6fb146361ebb81225de1b7,sonics::9221,train,test,mostly fake,,,SONICS::udio-30s,,,,,,,,,,,,,cal_v13,data\raw\public_v9\sonics\fake_09221_udio_1.mp3,67cff83d3be48c4d7bdac0b1cdf76baff50cf4662c6fb146361ebb81225de1b7,APPROVED,official part_01 + metadata snapshot 2026-08-31,unknown,sonics::9221,fake_09221_udio_1,fake_09221_udio_1,sonics::9221,none,-1
C:\Users\lLrich\ai_voice_data_v13\raw\sonics_official\8e40bf8d67f4fd83e51f949f8249f691bb51407d9889ea9800b4d83d96b96339.mp3,1,1,1,1,1,sonics::9264,SONICS::udio-30s,sonics_official,sonics_official,awsaf49/sonics,fake_09264_udio_0,sonics::9264,https://github.com/awsaf49/sonics,official part_01 + metadata snapshot 2026-08-31,CC BY-NC 4.0,YES,YES_WITH_ATTRIBUTION_NONCOMMERCIAL,YES_NONCOMMERCIAL_ONLY,SONICS-fake,8e40bf8d67f4fd83e51f949f8249f691bb51407d9889ea9800b4d83d96b96339,sonics::9264,train,test,mostly fake,,,SONICS::udio-30s,,,,,,,,,,,,,cal_v13,data\raw\public_v9\sonics\fake_09264_udio_0.mp3,8e40bf8d67f4fd83e51f949f8249f691bb51407d9889ea9800b4d83d96b96339,APPROVED,official part_01 + metadata snapshot 2026-08-31,unknown,sonics::9264,fake_09264_udio_0,fake_09264_udio_0,sonics::9264,none,-1
C:\Users\lLrich\ai_voice_data_v13\raw\sonics_official\c1f7228dba2556edf45ed8635cdaee1c3be74496b28d8c4a7f750f17ba122162.mp3,1,1,1,1,1,sonics::9271,SONICS::udio-30s,sonics_official,sonics_official,awsaf49/sonics,fake_09271_udio_0,sonics::9271,https://github.com/awsaf49/sonics,official part_01 + metadata snapshot 2026-08-31,CC BY-NC 4.0,YES,YES_WITH_ATTRIBUTION_NONCOMMERCIAL,YES_NONCOMMERCIAL_ONLY,SONICS-fake,c1f7228dba2556edf45ed8635cdaee1c3be74496b28d8c4a7f750f17ba122162,sonics::9271,train,test,mostly fake,,,SONICS::udio-30s,,,,,,,,,,,,,cal_v13,data\raw\public_v9\sonics\fake_09271_udio_0.mp3,c1f7228dba2556edf45ed8635cdaee1c3be74496b28d8c4a7f750f17ba122162,APPROVED,official part_01 + metadata snapshot 2026-08-31,unknown,sonics::9271,fake_09271_udio_0,fake_09271_udio_0,sonics::9271,none,-1
C:\Users\lLrich\ai_voice_data_v13\raw\sonics_official\13770e9cc335090bbe37e56bccdad07ea342107cb836bd22b18453784346b477.mp3,1,1,1,1,1,sonics::9284,SONICS::udio-30s,sonics_official,sonics_official,awsaf49/sonics,fake_09284_udio_0,sonics::9284,https://github.com/awsaf49/sonics,official part_01 + metadata snapshot 2026-08-31,CC BY-NC 4.0,YES,YES_WITH_ATTRIBUTION_NONCOMMERCIAL,YES_NONCOMMERCIAL_ONLY,SONICS-fake,13770e9cc335090bbe37e56bccdad07ea342107cb836bd22b18453784346b477,sonics::9284,train,test,mostly fake,,,SONICS::udio-30s,,,,,,,,,,,,,cal_v13,data\raw\public_v9\sonics\fake_09284_udio_0.mp3,13770e9cc335090bbe37e56bccdad07ea342107cb836bd22b18453784346b477,APPROVED,official part_01 + metadata snapshot 2026-08-31,unknown,sonics::9284,fake_09284_udio_0,fake_09284_udio_0,sonics::9284,none,-1
C:\Users\lLrich\ai_voice_data_v13\raw\sonics_official\fdc0335647a200184c4acbc4afc3fe74aacd11e793ba81630d24ebf65adb5da1.mp3,1,1,1,1,1,sonics::9288,SONICS::udio-30s,sonics_official,sonics_official,awsaf49/sonics,fake_09288_udio_0,sonics::9288,https://github.com/awsaf49/sonics,official part_01 + metadata snapshot 2026-08-31,CC BY-NC 4.0,YES,YES_WITH_ATTRIBUTION_NONCOMMERCIAL,YES_NONCOMMERCIAL_ONLY,SONICS-fake,fdc0335647a200184c4acbc4afc3fe74aacd11e793ba81630d24ebf65adb5da1,sonics::9288,train,valid,mostly fake,,,SONICS::udio-30s,,,,,,,,,,,,,cal_v13,data\raw\public_v9\sonics\fake_09288_udio_0.mp3,fdc0335647a200184c4acbc4afc3fe74aacd11e793ba81630d24ebf65adb5da1,APPROVED,official part_01 + metadata snapshot 2026-08-31,unknown,sonics::9288,fake_09288_udio_0,fake_09288_udio_0,sonics::9288,none,-1
C:\Users\lLrich\ai_voice_data_v13\raw\sonics_official\ae0052271345db37ef22870959ee6eb43cbe66e68e41943a90b9eaff9687cd27.mp3,1,1,1,1,1,sonics::9298,SONICS::udio-30s,sonics_official,sonics_official,awsaf49/sonics,fake_09298_udio_0,sonics::9298,https://github.com/awsaf49/sonics,official part_01 + metadata snapshot 2026-08-31,CC BY-NC 4.0,YES,YES_WITH_ATTRIBUTION_NONCOMMERCIAL,YES_NONCOMMERCIAL_ONLY,SONICS-fake,ae0052271345db37ef22870959ee6eb43cbe66e68e41943a90b9eaff9687cd27,sonics::9298,train,test,mostly fake,,,SONICS::udio-30s,,,,,,,,,,,,,cal_v13,data\raw\public_v9\sonics\fake_09298_udio_0.mp3,ae0052271345db37ef22870959ee6eb43cbe66e68e41943a90b9eaff9687cd27,APPROVED,official part_01 + metadata snapshot 2026-08-31,unknown,sonics::9298,fake_09298_udio_0,fake_09298_udio_0,sonics::9298,none,-1
C:\Users\lLrich\ai_voice_data_v13\raw\sonics_official\cb67531e2d688d5fb9d59697dc56a3bced7c69a2216a6ebfab41d2370895fc91.mp3,1,1,1,1,1,sonics::9299,SONICS::udio-30s,sonics_official,sonics_official,awsaf49/sonics,fake_09299_udio_1,sonics::9299,https://github.com/awsaf49/sonics,official part_01 + metadata snapshot 2026-08-31,CC BY-NC 4.0,YES,YES_WITH_ATTRIBUTION_NONCOMMERCIAL,YES_NONCOMMERCIAL_ONLY,SONICS-fake,cb67531e2d688d5fb9d59697dc56a3bced7c69a2216a6ebfab41d2370895fc91,sonics::9299,train,test,mostly fake,,,SONICS::udio-30s,,,,,,,,,,,,,cal_v13,data\raw\public_v9\sonics\fake_09299_udio_1.mp3,cb67531e2d688d5fb9d59697dc56a3bced7c69a2216a6ebfab41d2370895fc91,APPROVED,official part_01 + metadata snapshot 2026-08-31,unknown,sonics::9299,fake_09299_udio_1,fake_09299_udio_1,sonics::9299,none,-1
C:\Users\lLrich\ai_voice_data_v13\raw\sonics_official\8bb06cd41c59dae1fbd0d8410283b3a509c733c05ea4a46a31957b0b851fc84d.mp3,1,1,1,1,1,sonics::9307,SONICS::udio-30s,sonics_official,sonics_official,awsaf49/sonics,fake_09307_udio_0,sonics::9307,https://github.com/awsaf49/sonics,official part_01 + metadata snapshot 2026-08-31,CC BY-NC 4.0,YES,YES_WITH_ATTRIBUTION_NONCOMMERCIAL,YES_NONCOMMERCIAL_ONLY,SONICS-fake,8bb06cd41c59dae1fbd0d8410283b3a509c733c05ea4a46a31957b0b851fc84d,sonics::9307,train,test,mostly fake,,,SONICS::udio-30s,,,,,,,,,,,,,cal_v13,data\raw\public_v9\sonics\fake_09307_udio_0.mp3,8bb06cd41c59dae1fbd0d8410283b3a509c733c05ea4a46a31957b0b851fc84d,APPROVED,official part_01 + metadata snapshot 2026-08-31,unknown,sonics::9307,fake_09307_udio_0,fake_09307_udio_0,sonics::9307,none,-1
C:\Users\lLrich\ai_voice_data_v13\raw\sonics_official\3068502e2036f1354f32106aaf7e921db5cbd61e4b45d3c1a2387cd74b11803c.mp3,1,1,1,1,1,sonics::9318,SONICS::udio-30s,sonics_official,sonics_official,awsaf49/sonics,fake_09318_udio_0,sonics::9318,https://github.com/awsaf49/sonics,official part_01 + metadata snapshot 2026-08-31,CC BY-NC 4.0,YES,YES_WITH_ATTRIBUTION_NONCOMMERCIAL,YES_NONCOMMERCIAL_ONLY,SONICS-fake,3068502e2036f1354f32106aaf7e921db5cbd61e4b45d3c1a2387cd74b11803c,sonics::9318,train,test,mostly fake,,,SONICS::udio-30s,,,,,,,,,,,,,cal_v13,data\raw\public_v9\sonics\fake_09318_udio_0.mp3,3068502e2036f1354f32106aaf7e921db5cbd61e4b45d3c1a2387cd74b11803c,APPROVED,official part_01 + metadata snapshot 2026-08-31,unknown,sonics::9318,fake_09318_udio_0,fake_09318_udio_0,sonics::9318,none,-1
C:\Users\lLrich\ai_voice_data_v13\raw\sonics_official\34e04e63f5240a94b8ce6f269478f706c8928b9c607dbbe2ea45afe8c58ae00f.mp3,1,1,1,1,1,sonics::9320,SONICS::udio-30s,sonics_official,sonics_official,awsaf49/sonics,fake_09320_udio_0,sonics::9320,https://github.com/awsaf49/sonics,official part_01 + metadata snapshot 2026-08-31,CC BY-NC 4.0,YES,YES_WITH_ATTRIBUTION_NONCOMMERCIAL,YES_NONCOMMERCIAL_ONLY,SONICS-fake,34e04e63f5240a94b8ce6f269478f706c8928b9c607dbbe2ea45afe8c58ae00f,sonics::9320,train,test,mostly fake,,,SONICS::udio-30s,,,,,,,,,,,,,cal_v13,data\raw\public_v9\sonics\fake_09320_udio_0.mp3,34e04e63f5240a94b8ce6f269478f706c8928b9c607dbbe2ea45afe8c58ae00f,APPROVED,official part_01 + metadata snapshot 2026-08-31,unknown,sonics::9320,fake_09320_udio_0,fake_09320_udio_0,sonics::9320,none,-1
C:\Users\lLrich\ai_voice_data_v13\raw\sonics_official\ebc1cf897af5da6a5efad4a0737d2db47b361819b882f1a39324c629e90f41db.mp3,1,1,1,1,1,sonics::9327,SONICS::udio-30s,sonics_official,sonics_official,awsaf49/sonics,fake_09327_udio_0,sonics::9327,https://github.com/awsaf49/sonics,official part_01 + metadata snapshot 2026-08-31,CC BY-NC 4.0,YES,YES_WITH_ATTRIBUTION_NONCOMMERCIAL,YES_NONCOMMERCIAL_ONLY,SONICS-fake,ebc1cf897af5da6a5efad4a0737d2db47b361819b882f1a39324c629e90f41db,sonics::9327,train,test,mostly fake,,,SONICS::udio-30s,,,,,,,,,,,,,cal_v13,data\raw\public_v9\sonics\fake_09327_udio_0.mp3,ebc1cf897af5da6a5efad4a0737d2db47b361819b882f1a39324c629e90f41db,APPROVED,official part_01 + metadata snapshot 2026-08-31,unknown,sonics::9327,fake_09327_udio_0,fake_09327_udio_0,sonics::9327,none,-1
C:\Users\lLrich\ai_voice_data_v13\raw\sonics_official\0f9feba1fd008af15a3297d414e9e0dd117c48aa655fd943b244f34a79504ea7.mp3,1,1,1,1,1,sonics::9359,SONICS::udio-30s,sonics_official,sonics_official,awsaf49/sonics,fake_09359_udio_0,sonics::9359,https://github.com/awsaf49/sonics,official part_01 + metadata snapshot 2026-08-31,CC BY-NC 4.0,YES,YES_WITH_ATTRIBUTION_NONCOMMERCIAL,YES_NONCOMMERCIAL_ONLY,SONICS-fake,0f9feba1fd008af15a3297d414e9e0dd117c48aa655fd943b244f34a79504ea7,sonics::9359,train,test,mostly fake,,,SONICS::udio-30s,,,,,,,,,,,,,cal_v13,data\raw\public_v9\sonics\fake_09359_udio_0.mp3,0f9feba1fd008af15a3297d414e9e0dd117c48aa655fd943b244f34a79504ea7,APPROVED,official part_01 + metadata snapshot 2026-08-31,unknown,sonics::9359,fake_09359_udio_0,fake_09359_udio_0,sonics::9359,none,-1
C:\Users\lLrich\ai_voice_data_v13\raw\sonics_official\469082584e67e05155d0aed4eefdea7d404458a32f8a68bd66d77e7df8fea5e7.mp3,1,1,1,1,1,sonics::9377,SONICS::udio-30s,sonics_official,sonics_official,awsaf49/sonics,fake_09377_udio_0,sonics::9377,https://github.com/awsaf49/sonics,official part_01 + metadata snapshot 2026-08-31,CC BY-NC 4.0,YES,YES_WITH_ATTRIBUTION_NONCOMMERCIAL,YES_NONCOMMERCIAL_ONLY,SONICS-fake,469082584e67e05155d0aed4eefdea7d404458a32f8a68bd66d77e7df8fea5e7,sonics::9377,train,valid,mostly fake,,,SONICS::udio-30s,,,,,,,,,,,,,cal_v13,data\raw\public_v9\sonics\fake_09377_udio_0.mp3,469082584e67e05155d0aed4eefdea7d404458a32f8a68bd66d77e7df8fea5e7,APPROVED,official part_01 + metadata snapshot 2026-08-31,unknown,sonics::9377,fake_09377_udio_0,fake_09377_udio_0,sonics::9377,none,-1
C:\Users\lLrich\ai_voice_data_v13\raw\sonics_official\cbc2466fe57421e1574f6e173899a8e8fa2c45677804284c9642232580eb67fc.mp3,1,1,1,1,1,sonics::9387,SONICS::udio-30s,sonics_official,sonics_official,awsaf49/sonics,fake_09387_udio_0,sonics::9387,https://github.com/awsaf49/sonics,official part_01 + metadata snapshot 2026-08-31,CC BY-NC 4.0,YES,YES_WITH_ATTRIBUTION_NONCOMMERCIAL,YES_NONCOMMERCIAL_ONLY,SONICS-fake,cbc2466fe57421e1574f6e173899a8e8fa2c45677804284c9642232580eb67fc,sonics::9387,train,test,mostly fake,,,SONICS::udio-30s,,,,,,,,,,,,,cal_v13,data\raw\public_v9\sonics\fake_09387_udio_0.mp3,cbc2466fe57421e1574f6e173899a8e8fa2c45677804284c9642232580eb67fc,APPROVED,official part_01 + metadata snapshot 2026-08-31,unknown,sonics::9387,fake_09387_udio_0,fake_09387_udio_0,sonics::9387,none,-1
C:\Users\lLrich\ai_voice_data_v13\raw\sonics_official\b342acdda1c973569b69b2fe9a3aae7de1431d7bc34ca4d6f444f4a996bc606d.mp3,1,1,1,1,1,sonics::9399,SONICS::udio-30s,sonics_official,sonics_official,awsaf49/sonics,fake_09399_udio_0,sonics::9399,https://github.com/awsaf49/sonics,official part_01 + metadata snapshot 2026-08-31,CC BY-NC 4.0,YES,YES_WITH_ATTRIBUTION_NONCOMMERCIAL,YES_NONCOMMERCIAL_ONLY,SONICS-fake,b342acdda1c973569b69b2fe9a3aae7de1431d7bc34ca4d6f444f4a996bc606d,sonics::9399,train,test,mostly fake,,,SONICS::udio-30s,,,,,,,,,,,,,cal_v13,data\raw\public_v9\sonics\fake_09399_udio_0.mp3,b342acdda1c973569b69b2fe9a3aae7de1431d7bc34ca4d6f444f4a996bc606d,APPROVED,official part_01 + metadata snapshot 2026-08-31,unknown,sonics::9399,fake_09399_udio_0,fake_09399_udio_0,sonics::9399,none,-1
C:\Users\lLrich\ai_voice_data_v13\raw\sonics_official\30739c65e96d743d43ec81fc5ef2908c32899cb792ba15777ccf6e07b5782288.mp3,1,1,1,1,1,sonics::9402,SONICS::udio-30s,sonics_official,sonics_official,awsaf49/sonics,fake_09402_udio_0,sonics::9402,https://github.com/awsaf49/sonics,official part_01 + metadata snapshot 2026-08-31,CC BY-NC 4.0,YES,YES_WITH_ATTRIBUTION_NONCOMMERCIAL,YES_NONCOMMERCIAL_ONLY,SONICS-fake,30739c65e96d743d43ec81fc5ef2908c32899cb792ba15777ccf6e07b5782288,sonics::9402,train,test,mostly fake,,,SONICS::udio-30s,,,,,,,,,,,,,cal_v13,data\raw\public_v9\sonics\fake_09402_udio_0.mp3,30739c65e96d743d43ec81fc5ef2908c32899cb792ba15777ccf6e07b5782288,APPROVED,official part_01 + metadata snapshot 2026-08-31,unknown,sonics::9402,fake_09402_udio_0,fake_09402_udio_0,sonics::9402,none,-1
C:\Users\lLrich\ai_voice_data_v13\raw\sonics_official\45f4c4cabe28ad819a706202ca9ffe7bdb9adb8e763ff83e0700fa5b21fc7ce9.mp3,1,1,1,1,1,sonics::9403,SONICS::udio-30s,sonics_official,sonics_official,awsaf49/sonics,fake_09403_udio_0,sonics::9403,https://github.com/awsaf49/sonics,official part_01 + metadata snapshot 2026-08-31,CC BY-NC 4.0,YES,YES_WITH_ATTRIBUTION_NONCOMMERCIAL,YES_NONCOMMERCIAL_ONLY,SONICS-fake,45f4c4cabe28ad819a706202ca9ffe7bdb9adb8e763ff83e0700fa5b21fc7ce9,sonics::9403,train,valid,mostly fake,,,SONICS::udio-30s,,,,,,,,,,,,,cal_v13,data\raw\public_v9\sonics\fake_09403_udio_0.mp3,45f4c4cabe28ad819a706202ca9ffe7bdb9adb8e763ff83e0700fa5b21fc7ce9,APPROVED,official part_01 + metadata snapshot 2026-08-31,unknown,sonics::9403,fake_09403_udio_0,fake_09403_udio_0,sonics::9403,none,-1
C:\Users\lLrich\ai_voice_data_v13\raw\sonics_official\183b8308a8e2f3880463e0b2debfbd056ae30ad9c4410275cbd4959b1f1fd295.mp3,1,1,1,1,1,sonics::9410,SONICS::udio-30s,sonics_official,sonics_official,awsaf49/sonics,fake_09410_udio_0,sonics::9410,https://github.com/awsaf49/sonics,official part_01 + metadata snapshot 2026-08-31,CC BY-NC 4.0,YES,YES_WITH_ATTRIBUTION_NONCOMMERCIAL,YES_NONCOMMERCIAL_ONLY,SONICS-fake,183b8308a8e2f3880463e0b2debfbd056ae30ad9c4410275cbd4959b1f1fd295,sonics::9410,train,test,mostly fake,,,SONICS::udio-30s,,,,,,,,,,,,,cal_v13,data\raw\public_v9\sonics\fake_09410_udio_0.mp3,183b8308a8e2f3880463e0b2debfbd056ae30ad9c4410275cbd4959b1f1fd295,APPROVED,official part_01 + metadata snapshot 2026-08-31,unknown,sonics::9410,fake_09410_udio_0,fake_09410_udio_0,sonics::9410,none,-1
C:\Users\lLrich\ai_voice_data_v13\raw\sonics_official\368330b67644876e646421873c676b6cf60073cc286ece8970cfed849992c43f.mp3,1,1,1,1,1,sonics::9465,SONICS::udio-30s,sonics_official,sonics_official,awsaf49/sonics,fake_09465_udio_0,sonics::9465,https://github.com/awsaf49/sonics,official part_01 + metadata snapshot 2026-08-31,CC BY-NC 4.0,YES,YES_WITH_ATTRIBUTION_NONCOMMERCIAL,YES_NONCOMMERCIAL_ONLY,SONICS-fake,368330b67644876e646421873c676b6cf60073cc286ece8970cfed849992c43f,sonics::9465,train,test,mostly fake,,,SONICS::udio-30s,,,,,,,,,,,,,cal_v13,data\raw\public_v9\sonics\fake_09465_udio_0.mp3,368330b67644876e646421873c676b6cf60073cc286ece8970cfed849992c43f,APPROVED,official part_01 + metadata snapshot 2026-08-31,unknown,sonics::9465,fake_09465_udio_0,fake_09465_udio_0,sonics::9465,none,-1
C:\Users\lLrich\ai_voice_data_v13\raw\sonics_official\6e9e378495f3d497d5fae42ac8e4bc83ec2c52a2e632d38a04a3e74b6fd45fd9.mp3,1,1,1,1,1,sonics::9472,SONICS::udio-30s,sonics_official,sonics_official,awsaf49/sonics,fake_09472_udio_1,sonics::9472,https://github.com/awsaf49/sonics,official part_01 + metadata snapshot 2026-08-31,CC BY-NC 4.0,YES,YES_WITH_ATTRIBUTION_NONCOMMERCIAL,YES_NONCOMMERCIAL_ONLY,SONICS-fake,6e9e378495f3d497d5fae42ac8e4bc83ec2c52a2e632d38a04a3e74b6fd45fd9,sonics::9472,train,test,mostly fake,,,SONICS::udio-30s,,,,,,,,,,,,,cal_v13,data\raw\public_v9\sonics\fake_09472_udio_1.mp3,6e9e378495f3d497d5fae42ac8e4bc83ec2c52a2e632d38a04a3e74b6fd45fd9,APPROVED,official part_01 + metadata snapshot 2026-08-31,unknown,sonics::9472,fake_09472_udio_1,fake_09472_udio_1,sonics::9472,none,-1
C:\Users\lLrich\ai_voice_data_v13\raw\sonics_official\246055c966c95a7ec8e394f454eb9812b35d193da89c9fd18137c3a05774d76c.mp3,1,1,1,1,1,sonics::9485,SONICS::udio-30s,sonics_official,sonics_official,awsaf49/sonics,fake_09485_udio_0,sonics::9485,https://github.com/awsaf49/sonics,official part_01 + metadata snapshot 2026-08-31,CC BY-NC 4.0,YES,YES_WITH_ATTRIBUTION_NONCOMMERCIAL,YES_NONCOMMERCIAL_ONLY,SONICS-fake,246055c966c95a7ec8e394f454eb9812b35d193da89c9fd18137c3a05774d76c,sonics::9485,train,test,mostly fake,,,SONICS::udio-30s,,,,,,,,,,,,,cal_v13,data\raw\public_v9\sonics\fake_09485_udio_0.mp3,246055c966c95a7ec8e394f454eb9812b35d193da89c9fd18137c3a05774d76c,APPROVED,official part_01 + metadata snapshot 2026-08-31,unknown,sonics::9485,fake_09485_udio_0,fake_09485_udio_0,sonics::9485,none,-1
C:\Users\lLrich\ai_voice_data_v13\raw\guitarset_mic\a55c99690ece8135baa9b05ffc42ee13ee408bcd3c2b0ef01fe373f69e844c3a.wav,0,0,0,0,1,guitarset_player_05,guitarset_mic::real,guitarset_mic,guitarset_mic,not_huggingface_official_archive,05_BN1-129-Eb_comp_mic,guitarset::player::05,https://zenodo.org/records/3371780,Zenodo record 3371780,CC BY 4.0,YES,PER_TRACK_LICENSE_WITH_ATTRIBUTION,FOLLOW_RECORDED_CC_LICENSE,guitarset_mic,a55c99690ece8135baa9b05ffc42ee13ee408bcd3c2b0ef01fe373f69e844c3a,guitarset_mic::track::05_BN1-129-Eb_comp_mic,train,,,,,REAL,,,,,,,,,,,,,cal_v13,data\raw\public_v9\real_music\guitarset\05_BN1-129-Eb_comp_mic.wav,a55c99690ece8135baa9b05ffc42ee13ee408bcd3c2b0ef01fe373f69e844c3a,APPROVED,Zenodo record 3371780,unknown,guitarset_player_05,05_BN1-129-Eb_comp_mic,05_BN1-129-Eb_comp_mic,guitarset::player::05,none,-1
C:\Users\lLrich\ai_voice_data_v13\raw\guitarset_mic\ccf801f3a6e7b1ab38dd9bf1ae917d13c51ef93c977af41cdabcb0548f55a261.wav,0,0,0,0,1,guitarset_player_05,guitarset_mic::real,guitarset_mic,guitarset_mic,not_huggingface_official_archive,05_BN1-129-Eb_solo_mic,guitarset::player::05,https://zenodo.org/records/3371780,Zenodo record 3371780,CC BY 4.0,YES,PER_TRACK_LICENSE_WITH_ATTRIBUTION,FOLLOW_RECORDED_CC_LICENSE,guitarset_mic,ccf801f3a6e7b1ab38dd9bf1ae917d13c51ef93c977af41cdabcb0548f55a261,guitarset_mic::track::05_BN1-129-Eb_solo_mic,train,,,,,REAL,,,,,,,,,,,,,cal_v13,data\raw\public_v9\real_music\guitarset\05_BN1-129-Eb_solo_mic.wav,ccf801f3a6e7b1ab38dd9bf1ae917d13c51ef93c977af41cdabcb0548f55a261,APPROVED,Zenodo record 3371780,unknown,guitarset_player_05,05_BN1-129-Eb_solo_mic,05_BN1-129-Eb_solo_mic,guitarset::player::05,none,-1
C:\Users\lLrich\ai_voice_data_v13\raw\guitarset_mic\1aa76dccb9c3a6f05410349c90ddff1a32223ff8337dc77bed13a4ee8220f7a6.wav,0,0,0,0,1,guitarset_player_05,guitarset_mic::real,guitarset_mic,guitarset_mic,not_huggingface_official_archive,05_BN1-147-Gb_comp_mic,guitarset::player::05,https://zenodo.org/records/3371780,Zenodo record 3371780,CC BY 4.0,YES,PER_TRACK_LICENSE_WITH_ATTRIBUTION,FOLLOW_RECORDED_CC_LICENSE,guitarset_mic,1aa76dccb9c3a6f05410349c90ddff1a32223ff8337dc77bed13a4ee8220f7a6,guitarset_mic::track::05_BN1-147-Gb_comp_mic,train,,,,,REAL,,,,,,,,,,,,,cal_v13,data\raw\public_v9\real_music\guitarset\05_BN1-147-Gb_comp_mic.wav,1aa76dccb9c3a6f05410349c90ddff1a32223ff8337dc77bed13a4ee8220f7a6,APPROVED,Zenodo record 3371780,unknown,guitarset_player_05,05_BN1-147-Gb_comp_mic,05_BN1-147-Gb_comp_mic,guitarset::player::05,none,-1
C:\Users\lLrich\ai_voice_data_v13\raw\guitarset_mic\9ef036a812e17dd4966a29ab08b928ffc88f6d76900def3902f1fcdac576de66.wav,0,0,0,0,1,guitarset_player_05,guitarset_mic::real,guitarset_mic,guitarset_mic,not_huggingface_official_archive,05_BN1-147-Gb_solo_mic,guitarset::player::05,https://zenodo.org/records/3371780,Zenodo record 3371780,CC BY 4.0,YES,PER_TRACK_LICENSE_WITH_ATTRIBUTION,FOLLOW_RECORDED_CC_LICENSE,guitarset_mic,9ef036a812e17dd4966a29ab08b928ffc88f6d76900def3902f1fcdac576de66,guitarset_mic::track::05_BN1-147-Gb_solo_mic,train,,,,,REAL,,,,,,,,,,,,,cal_v13,data\raw\public_v9\real_music\guitarset\05_BN1-147-Gb_solo_mic.wav,9ef036a812e17dd4966a29ab08b928ffc88f6d76900def3902f1fcdac576de66,APPROVED,Zenodo record 3371780,unknown,guitarset_player_05,05_BN1-147-Gb_solo_mic,05_BN1-147-Gb_solo_mic,guitarset::player::05,none,-1
C:\Users\lLrich\ai_voice_data_v13\raw\guitarset_mic\33171facce77240e81474bb0ea1e023a3892af2448bc03feebe4b193f1ad967e.wav,0,0,0,0,1,guitarset_player_05,guitarset_mic::real,guitarset_mic,guitarset_mic,not_huggingface_official_archive,05_BN2-131-B_comp_mic,guitarset::player::05,https://zenodo.org/records/3371780,Zenodo record 3371780,CC BY 4.0,YES,PER_TRACK_LICENSE_WITH_ATTRIBUTION,FOLLOW_RECORDED_CC_LICENSE,guitarset_mic,33171facce77240e81474bb0ea1e023a3892af2448bc03feebe4b193f1ad967e,guitarset_mic::track::05_BN2-131-B_comp_mic,train,,,,,REAL,,,,,,,,,,,,,cal_v13,data\raw\public_v9\real_music\guitarset\05_BN2-131-B_comp_mic.wav,33171facce77240e81474bb0ea1e023a3892af2448bc03feebe4b193f1ad967e,APPROVED,Zenodo record 3371780,unknown,guitarset_player_05,05_BN2-131-B_comp_mic,05_BN2-131-B_comp_mic,guitarset::player::05,none,-1
C:\Users\lLrich\ai_voice_data_v13\raw\guitarset_mic\322c58673a25a8cfd9a3362502d0b274509b9e6013b94f2b3f06205881198220.wav,0,0,0,0,1,guitarset_player_05,guitarset_mic::real,guitarset_mic,guitarset_mic,not_huggingface_official_archive,05_BN2-131-B_solo_mic,guitarset::player::05,https://zenodo.org/records/3371780,Zenodo record 3371780,CC BY 4.0,YES,PER_TRACK_LICENSE_WITH_ATTRIBUTION,FOLLOW_RECORDED_CC_LICENSE,guitarset_mic,322c58673a25a8cfd9a3362502d0b274509b9e6013b94f2b3f06205881198220,guitarset_mic::track::05_BN2-131-B_solo_mic,train,,,,,REAL,,,,,,,,,,,,,cal_v13,data\raw\public_v9\real_music\guitarset\05_BN2-131-B_solo_mic.wav,322c58673a25a8cfd9a3362502d0b274509b9e6013b94f2b3f06205881198220,APPROVED,Zenodo record 3371780,unknown,guitarset_player_05,05_BN2-131-B_solo_mic,05_BN2-131-B_solo_mic,guitarset::player::05,none,-1
C:\Users\lLrich\ai_voice_data_v13\raw\guitarset_mic\58e771edbaedf69eb0216b8e77c82f468e8f0dd6045bfdcda585a0f346f86213.wav,0,0,0,0,1,guitarset_player_05,guitarset_mic::real,guitarset_mic,guitarset_mic,not_huggingface_official_archive,05_BN2-166-Ab_comp_mic,guitarset::player::05,https://zenodo.org/records/3371780,Zenodo record 3371780,CC BY 4.0,YES,PER_TRACK_LICENSE_WITH_ATTRIBUTION,FOLLOW_RECORDED_CC_LICENSE,guitarset_mic,58e771edbaedf69eb0216b8e77c82f468e8f0dd6045bfdcda585a0f346f86213,guitarset_mic::track::05_BN2-166-Ab_comp_mic,train,,,,,REAL,,,,,,,,,,,,,cal_v13,data\raw\public_v9\real_music\guitarset\05_BN2-166-Ab_comp_mic.wav,58e771edbaedf69eb0216b8e77c82f468e8f0dd6045bfdcda585a0f346f86213,APPROVED,Zenodo record 3371780,unknown,guitarset_player_05,05_BN2-166-Ab_comp_mic,05_BN2-166-Ab_comp_mic,guitarset::player::05,none,-1
C:\Users\lLrich\ai_voice_data_v13\raw\guitarset_mic\8768a9309b9b7265c92b2b4bd816bebd3f09ee1ba4c7a5a9f1bcdab7a207e926.wav,0,0,0,0,1,guitarset_player_05,guitarset_mic::real,guitarset_mic,guitarset_mic,not_huggingface_official_archive,05_BN2-166-Ab_solo_mic,guitarset::player::05,https://zenodo.org/records/3371780,Zenodo record 3371780,CC BY 4.0,YES,PER_TRACK_LICENSE_WITH_ATTRIBUTION,FOLLOW_RECORDED_CC_LICENSE,guitarset_mic,8768a9309b9b7265c92b2b4bd816bebd3f09ee1ba4c7a5a9f1bcdab7a207e926,guitarset_mic::track::05_BN2-166-Ab_solo_mic,train,,,,,REAL,,,,,,,,,,,,,cal_v13,data\raw\public_v9\real_music\guitarset\05_BN2-166-Ab_solo_mic.wav,8768a9309b9b7265c92b2b4bd816bebd3f09ee1ba4c7a5a9f1bcdab7a207e926,APPROVED,Zenodo record 3371780,unknown,guitarset_player_05,05_BN2-166-Ab_solo_mic,05_BN2-166-Ab_solo_mic,guitarset::player::05,none,-1
C:\Users\lLrich\ai_voice_data_v13\raw\guitarset_mic\2638b52a15bd12acfa5ffefacf0fa8bff4d37c8b11294151f3ce54a4bb874ab1.wav,0,0,0,0,1,guitarset_player_05,guitarset_mic::real,guitarset_mic,guitarset_mic,not_huggingface_official_archive,05_BN3-119-G_comp_mic,guitarset::player::05,https://zenodo.org/records/3371780,Zenodo record 3371780,CC BY 4.0,YES,PER_TRACK_LICENSE_WITH_ATTRIBUTION,FOLLOW_RECORDED_CC_LICENSE,guitarset_mic,2638b52a15bd12acfa5ffefacf0fa8bff4d37c8b11294151f3ce54a4bb874ab1,guitarset_mic::track::05_BN3-119-G_comp_mic,train,,,,,REAL,,,,,,,,,,,,,cal_v13,data\raw\public_v9\real_music\guitarset\05_BN3-119-G_comp_mic.wav,2638b52a15bd12acfa5ffefacf0fa8bff4d37c8b11294151f3ce54a4bb874ab1,APPROVED,Zenodo record 3371780,unknown,guitarset_player_05,05_BN3-119-G_comp_mic,05_BN3-119-G_comp_mic,guitarset::player::05,none,-1
C:\Users\lLrich\ai_voice_data_v13\raw\guitarset_mic\38f4482cf1e54ae2d4e029960b8fccdd896c2385a17fcd29f6565c06fa74129d.wav,0,0,0,0,1,guitarset_player_05,guitarset_mic::real,guitarset_mic,guitarset_mic,not_huggingface_official_archive,05_BN3-119-G_solo_mic,guitarset::player::05,https://zenodo.org/records/3371780,Zenodo record 3371780,CC BY 4.0,YES,PER_TRACK_LICENSE_WITH_ATTRIBUTION,FOLLOW_RECORDED_CC_LICENSE,guitarset_mic,38f4482cf1e54ae2d4e029960b8fccdd896c2385a17fcd29f6565c06fa74129d,guitarset_mic::track::05_BN3-119-G_solo_mic,train,,,,,REAL,,,,,,,,,,,,,cal_v13,data\raw\public_v9\real_music\guitarset\05_BN3-119-G_solo_mic.wav,38f4482cf1e54ae2d4e029960b8fccdd896c2385a17fcd29f6565c06fa74129d,APPROVED,Zenodo record 3371780,unknown,guitarset_player_05,05_BN3-119-G_solo_mic,05_BN3-119-G_solo_mic,guitarset::player::05,none,-1
C:\Users\lLrich\ai_voice_data_v13\raw\guitarset_mic\38f7e0b04c64c4b99dff7daad70120906b17754fb14dad217cc37bb25351287b.wav,0,0,0,0,1,guitarset_player_05,guitarset_mic::real,guitarset_mic,guitarset_mic,not_huggingface_official_archive,05_BN3-154-E_comp_mic,guitarset::player::05,https://zenodo.org/records/3371780,Zenodo record 3371780,CC BY 4.0,YES,PER_TRACK_LICENSE_WITH_ATTRIBUTION,FOLLOW_RECORDED_CC_LICENSE,guitarset_mic,38f7e0b04c64c4b99dff7daad70120906b17754fb14dad217cc37bb25351287b,guitarset_mic::track::05_BN3-154-E_comp_mic,train,,,,,REAL,,,,,,,,,,,,,cal_v13,data\raw\public_v9\real_music\guitarset\05_BN3-154-E_comp_mic.wav,38f7e0b04c64c4b99dff7daad70120906b17754fb14dad217cc37bb25351287b,APPROVED,Zenodo record 3371780,unknown,guitarset_player_05,05_BN3-154-E_comp_mic,05_BN3-154-E_comp_mic,guitarset::player::05,none,-1
C:\Users\lLrich\ai_voice_data_v13\raw\guitarset_mic\cfec129fc9b4bd5e08aa3a380f0b363efd8e9868de94e971ed4bab8005429373.wav,0,0,0,0,1,guitarset_player_05,guitarset_mic::real,guitarset_mic,guitarset_mic,not_huggingface_official_archive,05_BN3-154-E_solo_mic,guitarset::player::05,https://zenodo.org/records/3371780,Zenodo record 3371780,CC BY 4.0,YES,PER_TRACK_LICENSE_WITH_ATTRIBUTION,FOLLOW_RECORDED_CC_LICENSE,guitarset_mic,cfec129fc9b4bd5e08aa3a380f0b363efd8e9868de94e971ed4bab8005429373,guitarset_mic::track::05_BN3-154-E_solo_mic,train,,,,,REAL,,,,,,,,,,,,,cal_v13,data\raw\public_v9\real_music\guitarset\05_BN3-154-E_solo_mic.wav,cfec129fc9b4bd5e08aa3a380f0b363efd8e9868de94e971ed4bab8005429373,APPROVED,Zenodo record 3371780,unknown,guitarset_player_05,05_BN3-154-E_solo_mic,05_BN3-154-E_solo_mic,guitarset::player::05,none,-1
C:\Users\lLrich\ai_voice_data_v13\raw\guitarset_mic\63300b35df98320564fda1505df27b55bc519707728c1185e5b34da0e478b097.wav,0,0,0,0,1,guitarset_player_05,guitarset_mic::real,guitarset_mic,guitarset_mic,not_huggingface_official_archive,05_Funk1-114-Ab_comp_mic,guitarset::player::05,https://zenodo.org/records/3371780,Zenodo record 3371780,CC BY 4.0,YES,PER_TRACK_LICENSE_WITH_ATTRIBUTION,FOLLOW_RECORDED_CC_LICENSE,guitarset_mic,63300b35df98320564fda1505df27b55bc519707728c1185e5b34da0e478b097,guitarset_mic::track::05_Funk1-114-Ab_comp_mic,train,,,,,REAL,,,,,,,,,,,,,cal_v13,data\raw\public_v9\real_music\guitarset\05_Funk1-114-Ab_comp_mic.wav,63300b35df98320564fda1505df27b55bc519707728c1185e5b34da0e478b097,APPROVED,Zenodo record 3371780,unknown,guitarset_player_05,05_Funk1-114-Ab_comp_mic,05_Funk1-114-Ab_comp_mic,guitarset::player::05,none,-1
C:\Users\lLrich\ai_voice_data_v13\raw\guitarset_mic\1bc53f0d2132e1d40efe3db88ae7c74ef53d256ed60a98dbed77270537307a1f.wav,0,0,0,0,1,guitarset_player_05,guitarset_mic::real,guitarset_mic,guitarset_mic,not_huggingface_official_archive,05_Funk1-114-Ab_solo_mic,guitarset::player::05,https://zenodo.org/records/3371780,Zenodo record 3371780,CC BY 4.0,YES,PER_TRACK_LICENSE_WITH_ATTRIBUTION,FOLLOW_RECORDED_CC_LICENSE,guitarset_mic,1bc53f0d2132e1d40efe3db88ae7c74ef53d256ed60a98dbed77270537307a1f,guitarset_mic::track::05_Funk1-114-Ab_solo_mic,train,,,,,REAL,,,,,,,,,,,,,cal_v13,data\raw\public_v9\real_music\guitarset\05_Funk1-114-Ab_solo_mic.wav,1bc53f0d2132e1d40efe3db88ae7c74ef53d256ed60a98dbed77270537307a1f,APPROVED,Zenodo record 3371780,unknown,guitarset_player_05,05_Funk1-114-Ab_solo_mic,05_Funk1-114-Ab_solo_mic,guitarset::player::05,none,-1
C:\Users\lLrich\ai_voice_data_v13\raw\guitarset_mic\ccdfe2d39d72c08b7213455631abb7d4783de9eca386b6ad230d0152b02c0660.wav,0,0,0,0,1,guitarset_player_05,guitarset_mic::real,guitarset_mic,guitarset_mic,not_huggingface_official_archive,05_Funk1-97-C_comp_mic,guitarset::player::05,https://zenodo.org/records/3371780,Zenodo record 3371780,CC BY 4.0,YES,PER_TRACK_LICENSE_WITH_ATTRIBUTION,FOLLOW_RECORDED_CC_LICENSE,guitarset_mic,ccdfe2d39d72c08b7213455631abb7d4783de9eca386b6ad230d0152b02c0660,guitarset_mic::track::05_Funk1-97-C_comp_mic,train,,,,,REAL,,,,,,,,,,,,,cal_v13,data\raw\public_v9\real_music\guitarset\05_Funk1-97-C_comp_mic.wav,ccdfe2d39d72c08b7213455631abb7d4783de9eca386b6ad230d0152b02c0660,APPROVED,Zenodo record 3371780,unknown,guitarset_player_05,05_Funk1-97-C_comp_mic,05_Funk1-97-C_comp_mic,guitarset::player::05,none,-1
C:\Users\lLrich\ai_voice_data_v13\raw\guitarset_mic\8bb79cdf439a8d9188fe5607e41c0924bc2e0431c74f1ec8e3159796fad27df6.wav,0,0,0,0,1,guitarset_player_05,guitarset_mic::real,guitarset_mic,guitarset_mic,not_huggingface_official_archive,05_Funk1-97-C_solo_mic,guitarset::player::05,https://zenodo.org/records/3371780,Zenodo record 3371780,CC BY 4.0,YES,PER_TRACK_LICENSE_WITH_ATTRIBUTION,FOLLOW_RECORDED_CC_LICENSE,guitarset_mic,8bb79cdf439a8d9188fe5607e41c0924bc2e0431c74f1ec8e3159796fad27df6,guitarset_mic::track::05_Funk1-97-C_solo_mic,train,,,,,REAL,,,,,,,,,,,,,cal_v13,data\raw\public_v9\real_music\guitarset\05_Funk1-97-C_solo_mic.wav,8bb79cdf439a8d9188fe5607e41c0924bc2e0431c74f1ec8e3159796fad27df6,APPROVED,Zenodo record 3371780,unknown,guitarset_player_05,05_Funk1-97-C_solo_mic,05_Funk1-97-C_solo_mic,guitarset::player::05,none,-1
C:\Users\lLrich\ai_voice_data_v13\raw\guitarset_mic\39bd4f7812fa252c6ef89d1d14004436cb3d1ef43cbe422332ccf1712def513b.wav,0,0,0,0,1,guitarset_player_05,guitarset_mic::real,guitarset_mic,guitarset_mic,not_huggingface_official_archive,05_Funk2-108-Eb_comp_mic,guitarset::player::05,https://zenodo.org/records/3371780,Zenodo record 3371780,CC BY 4.0,YES,PER_TRACK_LICENSE_WITH_ATTRIBUTION,FOLLOW_RECORDED_CC_LICENSE,guitarset_mic,39bd4f7812fa252c6ef89d1d14004436cb3d1ef43cbe422332ccf1712def513b,guitarset_mic::track::05_Funk2-108-Eb_comp_mic,train,,,,,REAL,,,,,,,,,,,,,cal_v13,data\raw\public_v9\real_music\guitarset\05_Funk2-108-Eb_comp_mic.wav,39bd4f7812fa252c6ef89d1d14004436cb3d1ef43cbe422332ccf1712def513b,APPROVED,Zenodo record 3371780,unknown,guitarset_player_05,05_Funk2-108-Eb_comp_mic,05_Funk2-108-Eb_comp_mic,guitarset::player::05,none,-1
C:\Users\lLrich\ai_voice_data_v13\raw\guitarset_mic\07ef5b704e9c23d438391b3e756e600c95b592061d7e090bc730b8c8bd58efd5.wav,0,0,0,0,1,guitarset_player_05,guitarset_mic::real,guitarset_mic,guitarset_mic,not_huggingface_official_archive,05_Funk2-108-Eb_solo_mic,guitarset::player::05,https://zenodo.org/records/3371780,Zenodo record 3371780,CC BY 4.0,YES,PER_TRACK_LICENSE_WITH_ATTRIBUTION,FOLLOW_RECORDED_CC_LICENSE,guitarset_mic,07ef5b704e9c23d438391b3e756e600c95b592061d7e090bc730b8c8bd58efd5,guitarset_mic::track::05_Funk2-108-Eb_solo_mic,train,,,,,REAL,,,,,,,,,,,,,cal_v13,data\raw\public_v9\real_music\guitarset\05_Funk2-108-Eb_solo_mic.wav,07ef5b704e9c23d438391b3e756e600c95b592061d7e090bc730b8c8bd58efd5,APPROVED,Zenodo record 3371780,unknown,guitarset_player_05,05_Funk2-108-Eb_solo_mic,05_Funk2-108-Eb_solo_mic,guitarset::player::05,none,-1
C:\Users\lLrich\ai_voice_data_v13\raw\guitarset_mic\d8056eeace67f5451907b7a1d779e1ea576fee79f2df73e68909c7e944ac43a2.wav,0,0,0,0,1,guitarset_player_05,guitarset_mic::real,guitarset_mic,guitarset_mic,not_huggingface_official_archive,05_Funk2-119-G_comp_mic,guitarset::player::05,https://zenodo.org/records/3371780,Zenodo record 3371780,CC BY 4.0,YES,PER_TRACK_LICENSE_WITH_ATTRIBUTION,FOLLOW_RECORDED_CC_LICENSE,guitarset_mic,d8056eeace67f5451907b7a1d779e1ea576fee79f2df73e68909c7e944ac43a2,guitarset_mic::track::05_Funk2-119-G_comp_mic,train,,,,,REAL,,,,,,,,,,,,,cal_v13,data\raw\public_v9\real_music\guitarset\05_Funk2-119-G_comp_mic.wav,d8056eeace67f5451907b7a1d779e1ea576fee79f2df73e68909c7e944ac43a2,APPROVED,Zenodo record 3371780,unknown,guitarset_player_05,05_Funk2-119-G_comp_mic,05_Funk2-119-G_comp_mic,guitarset::player::05,none,-1
C:\Users\lLrich\ai_voice_data_v13\raw\guitarset_mic\45eb1e51b7ad43445996e5a7a882830cb572ed043a54199711107e61d97c8ffa.wav,0,0,0,0,1,guitarset_player_05,guitarset_mic::real,guitarset_mic,guitarset_mic,not_huggingface_official_archive,05_Funk2-119-G_solo_mic,guitarset::player::05,https://zenodo.org/records/3371780,Zenodo record 3371780,CC BY 4.0,YES,PER_TRACK_LICENSE_WITH_ATTRIBUTION,FOLLOW_RECORDED_CC_LICENSE,guitarset_mic,45eb1e51b7ad43445996e5a7a882830cb572ed043a54199711107e61d97c8ffa,guitarset_mic::track::05_Funk2-119-G_solo_mic,train,,,,,REAL,,,,,,,,,,,,,cal_v13,data\raw\public_v9\real_music\guitarset\05_Funk2-119-G_solo_mic.wav,45eb1e51b7ad43445996e5a7a882830cb572ed043a54199711107e61d97c8ffa,APPROVED,Zenodo record 3371780,unknown,guitarset_player_05,05_Funk2-119-G_solo_mic,05_Funk2-119-G_solo_mic,guitarset::player::05,none,-1
C:\Users\lLrich\ai_voice_data_v13\raw\guitarset_mic\982934136c3e882b42c20995a3d96d523810137c5605f9bfe4e748d75ab2f392.wav,0,0,0,0,1,guitarset_player_05,guitarset_mic::real,guitarset_mic,guitarset_mic,not_huggingface_official_archive,05_Funk3-112-C#_comp_mic,guitarset::player::05,https://zenodo.org/records/3371780,Zenodo record 3371780,CC BY 4.0,YES,PER_TRACK_LICENSE_WITH_ATTRIBUTION,FOLLOW_RECORDED_CC_LICENSE,guitarset_mic,982934136c3e882b42c20995a3d96d523810137c5605f9bfe4e748d75ab2f392,guitarset_mic::track::05_Funk3-112-C#_comp_mic,train,,,,,REAL,,,,,,,,,,,,,cal_v13,data\raw\public_v9\real_music\guitarset\05_Funk3-112-C#_comp_mic.wav,982934136c3e882b42c20995a3d96d523810137c5605f9bfe4e748d75ab2f392,APPROVED,Zenodo record 3371780,unknown,guitarset_player_05,05_Funk3-112-C#_comp_mic,05_Funk3-112-C#_comp_mic,guitarset::player::05,none,-1
C:\Users\lLrich\ai_voice_data_v13\raw\guitarset_mic\32862cde85f0a3f1d9b22e1c734a5b1433f4149a268edf9cc578b122f66ba00b.wav,0,0,0,0,1,guitarset_player_05,guitarset_mic::real,guitarset_mic,guitarset_mic,not_huggingface_official_archive,05_Funk3-112-C#_solo_mic,guitarset::player::05,https://zenodo.org/records/3371780,Zenodo record 3371780,CC BY 4.0,YES,PER_TRACK_LICENSE_WITH_ATTRIBUTION,FOLLOW_RECORDED_CC_LICENSE,guitarset_mic,32862cde85f0a3f1d9b22e1c734a5b1433f4149a268edf9cc578b122f66ba00b,guitarset_mic::track::05_Funk3-112-C#_solo_mic,train,,,,,REAL,,,,,,,,,,,,,cal_v13,data\raw\public_v9\real_music\guitarset\05_Funk3-112-C#_solo_mic.wav,32862cde85f0a3f1d9b22e1c734a5b1433f4149a268edf9cc578b122f66ba00b,APPROVED,Zenodo record 3371780,unknown,guitarset_player_05,05_Funk3-112-C#_solo_mic,05_Funk3-112-C#_solo_mic,guitarset::player::05,none,-1
C:\Users\lLrich\ai_voice_data_v13\raw\guitarset_mic\d11f873ad8b1cfd5c44a4714d2c0ab81893b49d948efa62f32a3ca95d041ab68.wav,0,0,0,0,1,guitarset_player_05,guitarset_mic::real,guitarset_mic,guitarset_mic,not_huggingface_official_archive,05_Funk3-98-A_comp_mic,guitarset::player::05,https://zenodo.org/records/3371780,Zenodo record 3371780,CC BY 4.0,YES,PER_TRACK_LICENSE_WITH_ATTRIBUTION,FOLLOW_RECORDED_CC_LICENSE,guitarset_mic,d11f873ad8b1cfd5c44a4714d2c0ab81893b49d948efa62f32a3ca95d041ab68,guitarset_mic::track::05_Funk3-98-A_comp_mic,train,,,,,REAL,,,,,,,,,,,,,cal_v13,data\raw\public_v9\real_music\guitarset\05_Funk3-98-A_comp_mic.wav,d11f873ad8b1cfd5c44a4714d2c0ab81893b49d948efa62f32a3ca95d041ab68,APPROVED,Zenodo record 3371780,unknown,guitarset_player_05,05_Funk3-98-A_comp_mic,05_Funk3-98-A_comp_mic,guitarset::player::05,none,-1
C:\Users\lLrich\ai_voice_data_v13\raw\guitarset_mic\62b9db961f832c0b893f64363b9963bd46c5cef0128fad31236d6aee4c9ef4e2.wav,0,0,0,0,1,guitarset_player_05,guitarset_mic::real,guitarset_mic,guitarset_mic,not_huggingface_official_archive,05_Funk3-98-A_solo_mic,guitarset::player::05,https://zenodo.org/records/3371780,Zenodo record 3371780,CC BY 4.0,YES,PER_TRACK_LICENSE_WITH_ATTRIBUTION,FOLLOW_RECORDED_CC_LICENSE,guitarset_mic,62b9db961f832c0b893f64363b9963bd46c5cef0128fad31236d6aee4c9ef4e2,guitarset_mic::track::05_Funk3-98-A_solo_mic,train,,,,,REAL,,,,,,,,,,,,,cal_v13,data\raw\public_v9\real_music\guitarset\05_Funk3-98-A_solo_mic.wav,62b9db961f832c0b893f64363b9963bd46c5cef0128fad31236d6aee4c9ef4e2,APPROVED,Zenodo record 3371780,unknown,guitarset_player_05,05_Funk3-98-A_solo_mic,05_Funk3-98-A_solo_mic,guitarset::player::05,none,-1
C:\Users\lLrich\ai_voice_data_v13\raw\guitarset_mic\dc0d6d6351c1bf82ec4d186d93306b4f0bef6189ed691ec0ba1b57a74e6365a7.wav,0,0,0,0,1,guitarset_player_05,guitarset_mic::real,guitarset_mic,guitarset_mic,not_huggingface_official_archive,05_Jazz1-130-D_comp_mic,guitarset::player::05,https://zenodo.org/records/3371780,Zenodo record 3371780,CC BY 4.0,YES,PER_TRACK_LICENSE_WITH_ATTRIBUTION,FOLLOW_RECORDED_CC_LICENSE,guitarset_mic,dc0d6d6351c1bf82ec4d186d93306b4f0bef6189ed691ec0ba1b57a74e6365a7,guitarset_mic::track::05_Jazz1-130-D_comp_mic,train,,,,,REAL,,,,,,,,,,,,,cal_v13,data\raw\public_v9\real_music\guitarset\05_Jazz1-130-D_comp_mic.wav,dc0d6d6351c1bf82ec4d186d93306b4f0bef6189ed691ec0ba1b57a74e6365a7,APPROVED,Zenodo record 3371780,unknown,guitarset_player_05,05_Jazz1-130-D_comp_mic,05_Jazz1-130-D_comp_mic,guitarset::player::05,none,-1
C:\Users\lLrich\ai_voice_data_v13\raw\guitarset_mic\957fd5a4a98c8b9f804b44a664e521dd6268c4e892cce1a0eeb5364dec52afa9.wav,0,0,0,0,1,guitarset_player_05,guitarset_mic::real,guitarset_mic,guitarset_mic,not_huggingface_official_archive,05_Jazz1-130-D_solo_mic,guitarset::player::05,https://zenodo.org/records/3371780,Zenodo record 3371780,CC BY 4.0,YES,PER_TRACK_LICENSE_WITH_ATTRIBUTION,FOLLOW_RECORDED_CC_LICENSE,guitarset_mic,957fd5a4a98c8b9f804b44a664e521dd6268c4e892cce1a0eeb5364dec52afa9,guitarset_mic::track::05_Jazz1-130-D_solo_mic,train,,,,,REAL,,,,,,,,,,,,,cal_v13,data\raw\public_v9\real_music\guitarset\05_Jazz1-130-D_solo_mic.wav,957fd5a4a98c8b9f804b44a664e521dd6268c4e892cce1a0eeb5364dec52afa9,APPROVED,Zenodo record 3371780,unknown,guitarset_player_05,05_Jazz1-130-D_solo_mic,05_Jazz1-130-D_solo_mic,guitarset::player::05,none,-1
C:\Users\lLrich\ai_voice_data_v13\raw\guitarset_mic\00cdf3460ef31be49312fb7f3c520045a85b83b6b1b70b9efd9a986431490281.wav,0,0,0,0,1,guitarset_player_05,guitarset_mic::real,guitarset_mic,guitarset_mic,not_huggingface_official_archive,05_Jazz1-200-B_comp_mic,guitarset::player::05,https://zenodo.org/records/3371780,Zenodo record 3371780,CC BY 4.0,YES,PER_TRACK_LICENSE_WITH_ATTRIBUTION,FOLLOW_RECORDED_CC_LICENSE,guitarset_mic,00cdf3460ef31be49312fb7f3c520045a85b83b6b1b70b9efd9a986431490281,guitarset_mic::track::05_Jazz1-200-B_comp_mic,train,,,,,REAL,,,,,,,,,,,,,cal_v13,data\raw\public_v9\real_music\guitarset\05_Jazz1-200-B_comp_mic.wav,00cdf3460ef31be49312fb7f3c520045a85b83b6b1b70b9efd9a986431490281,APPROVED,Zenodo record 3371780,unknown,guitarset_player_05,05_Jazz1-200-B_comp_mic,05_Jazz1-200-B_comp_mic,guitarset::player::05,none,-1
C:\Users\lLrich\ai_voice_data_v13\raw\guitarset_mic\ba093583329bf60c8fc1ffb79c2be919b8a58f4ac8831b7bfe3e276c2d62ae67.wav,0,0,0,0,1,guitarset_player_05,guitarset_mic::real,guitarset_mic,guitarset_mic,not_huggingface_official_archive,05_Jazz1-200-B_solo_mic,guitarset::player::05,https://zenodo.org/records/3371780,Zenodo record 3371780,CC BY 4.0,YES,PER_TRACK_LICENSE_WITH_ATTRIBUTION,FOLLOW_RECORDED_CC_LICENSE,guitarset_mic,ba093583329bf60c8fc1ffb79c2be919b8a58f4ac8831b7bfe3e276c2d62ae67,guitarset_mic::track::05_Jazz1-200-B_solo_mic,train,,,,,REAL,,,,,,,,,,,,,cal_v13,data\raw\public_v9\real_music\guitarset\05_Jazz1-200-B_solo_mic.wav,ba093583329bf60c8fc1ffb79c2be919b8a58f4ac8831b7bfe3e276c2d62ae67,APPROVED,Zenodo record 3371780,unknown,guitarset_player_05,05_Jazz1-200-B_solo_mic,05_Jazz1-200-B_solo_mic,guitarset::player::05,none,-1
C:\Users\lLrich\ai_voice_data_v13\raw\guitarset_mic\0ff82f67a72707cfa4f263aac890baeb9a11f50d0e1487c8f187a2e614b6bd9d.wav,0,0,0,0,1,guitarset_player_05,guitarset_mic::real,guitarset_mic,guitarset_mic,not_huggingface_official_archive,05_Jazz2-110-Bb_comp_mic,guitarset::player::05,https://zenodo.org/records/3371780,Zenodo record 3371780,CC BY 4.0,YES,PER_TRACK_LICENSE_WITH_ATTRIBUTION,FOLLOW_RECORDED_CC_LICENSE,guitarset_mic,0ff82f67a72707cfa4f263aac890baeb9a11f50d0e1487c8f187a2e614b6bd9d,guitarset_mic::track::05_Jazz2-110-Bb_comp_mic,train,,,,,REAL,,,,,,,,,,,,,cal_v13,data\raw\public_v9\real_music\guitarset\05_Jazz2-110-Bb_comp_mic.wav,0ff82f67a72707cfa4f263aac890baeb9a11f50d0e1487c8f187a2e614b6bd9d,APPROVED,Zenodo record 3371780,unknown,guitarset_player_05,05_Jazz2-110-Bb_comp_mic,05_Jazz2-110-Bb_comp_mic,guitarset::player::05,none,-1
C:\Users\lLrich\ai_voice_data_v13\raw\guitarset_mic\03004020bbfea35d518742a621e30c00f753f5f033d199b2f75d43eaf459fa56.wav,0,0,0,0,1,guitarset_player_05,guitarset_mic::real,guitarset_mic,guitarset_mic,not_huggingface_official_archive,05_Jazz2-110-Bb_solo_mic,guitarset::player::05,https://zenodo.org/records/3371780,Zenodo record 3371780,CC BY 4.0,YES,PER_TRACK_LICENSE_WITH_ATTRIBUTION,FOLLOW_RECORDED_CC_LICENSE,guitarset_mic,03004020bbfea35d518742a621e30c00f753f5f033d199b2f75d43eaf459fa56,guitarset_mic::track::05_Jazz2-110-Bb_solo_mic,train,,,,,REAL,,,,,,,,,,,,,cal_v13,data\raw\public_v9\real_music\guitarset\05_Jazz2-110-Bb_solo_mic.wav,03004020bbfea35d518742a621e30c00f753f5f033d199b2f75d43eaf459fa56,APPROVED,Zenodo record 3371780,unknown,guitarset_player_05,05_Jazz2-110-Bb_solo_mic,05_Jazz2-110-Bb_solo_mic,guitarset::player::05,none,-1
C:\Users\lLrich\ai_voice_data_v13\raw\guitarset_mic\06a01d0db47078e587b29399c5445e7cbd90665a1da278cb0614f28523e2fe01.wav,0,0,0,0,1,guitarset_player_05,guitarset_mic::real,guitarset_mic,guitarset_mic,not_huggingface_official_archive,05_Jazz2-187-F#_comp_mic,guitarset::player::05,https://zenodo.org/records/3371780,Zenodo record 3371780,CC BY 4.0,YES,PER_TRACK_LICENSE_WITH_ATTRIBUTION,FOLLOW_RECORDED_CC_LICENSE,guitarset_mic,06a01d0db47078e587b29399c5445e7cbd90665a1da278cb0614f28523e2fe01,guitarset_mic::track::05_Jazz2-187-F#_comp_mic,train,,,,,REAL,,,,,,,,,,,,,cal_v13,data\raw\public_v9\real_music\guitarset\05_Jazz2-187-F#_comp_mic.wav,06a01d0db47078e587b29399c5445e7cbd90665a1da278cb0614f28523e2fe01,APPROVED,Zenodo record 3371780,unknown,guitarset_player_05,05_Jazz2-187-F#_comp_mic,05_Jazz2-187-F#_comp_mic,guitarset::player::05,none,-1
C:\Users\lLrich\ai_voice_data_v13\raw\guitarset_mic\6e41c6d76dc0cdcd516741ba7d668f8f3ced93585fb6fae50ba13311315f4e95.wav,0,0,0,0,1,guitarset_player_05,guitarset_mic::real,guitarset_mic,guitarset_mic,not_huggingface_official_archive,05_Jazz2-187-F#_solo_mic,guitarset::player::05,https://zenodo.org/records/3371780,Zenodo record 3371780,CC BY 4.0,YES,PER_TRACK_LICENSE_WITH_ATTRIBUTION,FOLLOW_RECORDED_CC_LICENSE,guitarset_mic,6e41c6d76dc0cdcd516741ba7d668f8f3ced93585fb6fae50ba13311315f4e95,guitarset_mic::track::05_Jazz2-187-F#_solo_mic,train,,,,,REAL,,,,,,,,,,,,,cal_v13,data\raw\public_v9\real_music\guitarset\05_Jazz2-187-F#_solo_mic.wav,6e41c6d76dc0cdcd516741ba7d668f8f3ced93585fb6fae50ba13311315f4e95,APPROVED,Zenodo record 3371780,unknown,guitarset_player_05,05_Jazz2-187-F#_solo_mic,05_Jazz2-187-F#_solo_mic,guitarset::player::05,none,-1
C:\Users\lLrich\ai_voice_data_v13\raw\guitarset_mic\2f010d90386e492d04f9d4b28a9ae367cb7819e5ce7140f85ec587e90b6ebf3b.wav,0,0,0,0,1,guitarset_player_05,guitarset_mic::real,guitarset_mic,guitarset_mic,not_huggingface_official_archive,05_Jazz3-137-Eb_comp_mic,guitarset::player::05,https://zenodo.org/records/3371780,Zenodo record 3371780,CC BY 4.0,YES,PER_TRACK_LICENSE_WITH_ATTRIBUTION,FOLLOW_RECORDED_CC_LICENSE,guitarset_mic,2f010d90386e492d04f9d4b28a9ae367cb7819e5ce7140f85ec587e90b6ebf3b,guitarset_mic::track::05_Jazz3-137-Eb_comp_mic,train,,,,,REAL,,,,,,,,,,,,,cal_v13,data\raw\public_v9\real_music\guitarset\05_Jazz3-137-Eb_comp_mic.wav,2f010d90386e492d04f9d4b28a9ae367cb7819e5ce7140f85ec587e90b6ebf3b,APPROVED,Zenodo record 3371780,unknown,guitarset_player_05,05_Jazz3-137-Eb_comp_mic,05_Jazz3-137-Eb_comp_mic,guitarset::player::05,none,-1
C:\Users\lLrich\ai_voice_data_v13\raw\guitarset_mic\12f5257558ebe95fe32b99f13ba52ff9f45905c11c67950397d1488188ec311a.wav,0,0,0,0,1,guitarset_player_05,guitarset_mic::real,guitarset_mic,guitarset_mic,not_huggingface_official_archive,05_Jazz3-137-Eb_solo_mic,guitarset::player::05,https://zenodo.org/records/3371780,Zenodo record 3371780,CC BY 4.0,YES,PER_TRACK_LICENSE_WITH_ATTRIBUTION,FOLLOW_RECORDED_CC_LICENSE,guitarset_mic,12f5257558ebe95fe32b99f13ba52ff9f45905c11c67950397d1488188ec311a,guitarset_mic::track::05_Jazz3-137-Eb_solo_mic,train,,,,,REAL,,,,,,,,,,,,,cal_v13,data\raw\public_v9\real_music\guitarset\05_Jazz3-137-Eb_solo_mic.wav,12f5257558ebe95fe32b99f13ba52ff9f45905c11c67950397d1488188ec311a,APPROVED,Zenodo record 3371780,unknown,guitarset_player_05,05_Jazz3-137-Eb_solo_mic,05_Jazz3-137-Eb_solo_mic,guitarset::player::05,none,-1
C:\Users\lLrich\ai_voice_data_v13\raw\guitarset_mic\665e9a0968ec0d81e8cab504d39a4ffbf4249099cf87700c122607be000f508c.wav,0,0,0,0,1,guitarset_player_05,guitarset_mic::real,guitarset_mic,guitarset_mic,not_huggingface_official_archive,05_Jazz3-150-C_comp_mic,guitarset::player::05,https://zenodo.org/records/3371780,Zenodo record 3371780,CC BY 4.0,YES,PER_TRACK_LICENSE_WITH_ATTRIBUTION,FOLLOW_RECORDED_CC_LICENSE,guitarset_mic,665e9a0968ec0d81e8cab504d39a4ffbf4249099cf87700c122607be000f508c,guitarset_mic::track::05_Jazz3-150-C_comp_mic,train,,,,,REAL,,,,,,,,,,,,,cal_v13,data\raw\public_v9\real_music\guitarset\05_Jazz3-150-C_comp_mic.wav,665e9a0968ec0d81e8cab504d39a4ffbf4249099cf87700c122607be000f508c,APPROVED,Zenodo record 3371780,unknown,guitarset_player_05,05_Jazz3-150-C_comp_mic,05_Jazz3-150-C_comp_mic,guitarset::player::05,none,-1
C:\Users\lLrich\ai_voice_data_v13\raw\guitarset_mic\15f4560bd2d28f70950561880ae944d86ce290c5e647c37cbd7b824c3e291913.wav,0,0,0,0,1,guitarset_player_05,guitarset_mic::real,guitarset_mic,guitarset_mic,not_huggingface_official_archive,05_Jazz3-150-C_solo_mic,guitarset::player::05,https://zenodo.org/records/3371780,Zenodo record 3371780,CC BY 4.0,YES,PER_TRACK_LICENSE_WITH_ATTRIBUTION,FOLLOW_RECORDED_CC_LICENSE,guitarset_mic,15f4560bd2d28f70950561880ae944d86ce290c5e647c37cbd7b824c3e291913,guitarset_mic::track::05_Jazz3-150-C_solo_mic,train,,,,,REAL,,,,,,,,,,,,,cal_v13,data\raw\public_v9\real_music\guitarset\05_Jazz3-150-C_solo_mic.wav,15f4560bd2d28f70950561880ae944d86ce290c5e647c37cbd7b824c3e291913,APPROVED,Zenodo record 3371780,unknown,guitarset_player_05,05_Jazz3-150-C_solo_mic,05_Jazz3-150-C_solo_mic,guitarset::player::05,none,-1
C:\Users\lLrich\ai_voice_data_v13\raw\guitarset_mic\711b2cc0a44a3890bf028c282e8edbc3f8ebfc2ec35a3806524abe7537c3db19.wav,0,0,0,0,1,guitarset_player_05,guitarset_mic::real,guitarset_mic,guitarset_mic,not_huggingface_official_archive,05_Rock1-130-A_comp_mic,guitarset::player::05,https://zenodo.org/records/3371780,Zenodo record 3371780,CC BY 4.0,YES,PER_TRACK_LICENSE_WITH_ATTRIBUTION,FOLLOW_RECORDED_CC_LICENSE,guitarset_mic,711b2cc0a44a3890bf028c282e8edbc3f8ebfc2ec35a3806524abe7537c3db19,guitarset_mic::track::05_Rock1-130-A_comp_mic,train,,,,,REAL,,,,,,,,,,,,,cal_v13,data\raw\public_v9\real_music\guitarset\05_Rock1-130-A_comp_mic.wav,711b2cc0a44a3890bf028c282e8edbc3f8ebfc2ec35a3806524abe7537c3db19,APPROVED,Zenodo record 3371780,unknown,guitarset_player_05,05_Rock1-130-A_comp_mic,05_Rock1-130-A_comp_mic,guitarset::player::05,none,-1
C:\Users\lLrich\ai_voice_data_v13\raw\guitarset_mic\9d66f4912edf54047b3753d4b14c217accf8868944c426d9aaf33e465bab0c8c.wav,0,0,0,0,1,guitarset_player_05,guitarset_mic::real,guitarset_mic,guitarset_mic,not_huggingface_official_archive,05_Rock1-130-A_solo_mic,guitarset::player::05,https://zenodo.org/records/3371780,Zenodo record 3371780,CC BY 4.0,YES,PER_TRACK_LICENSE_WITH_ATTRIBUTION,FOLLOW_RECORDED_CC_LICENSE,guitarset_mic,9d66f4912edf54047b3753d4b14c217accf8868944c426d9aaf33e465bab0c8c,guitarset_mic::track::05_Rock1-130-A_solo_mic,train,,,,,REAL,,,,,,,,,,,,,cal_v13,data\raw\public_v9\real_music\guitarset\05_Rock1-130-A_solo_mic.wav,9d66f4912edf54047b3753d4b14c217accf8868944c426d9aaf33e465bab0c8c,APPROVED,Zenodo record 3371780,unknown,guitarset_player_05,05_Rock1-130-A_solo_mic,05_Rock1-130-A_solo_mic,guitarset::player::05,none,-1
C:\Users\lLrich\ai_voice_data_v13\raw\guitarset_mic\f8410ac3049cc8564487b1a83f921a068ad3dd919efc6fb34f8869151ac03046.wav,0,0,0,0,1,guitarset_player_05,guitarset_mic::real,guitarset_mic,guitarset_mic,not_huggingface_official_archive,05_Rock1-90-C#_comp_mic,guitarset::player::05,https://zenodo.org/records/3371780,Zenodo record 3371780,CC BY 4.0,YES,PER_TRACK_LICENSE_WITH_ATTRIBUTION,FOLLOW_RECORDED_CC_LICENSE,guitarset_mic,f8410ac3049cc8564487b1a83f921a068ad3dd919efc6fb34f8869151ac03046,guitarset_mic::track::05_Rock1-90-C#_comp_mic,train,,,,,REAL,,,,,,,,,,,,,cal_v13,data\raw\public_v9\real_music\guitarset\05_Rock1-90-C#_comp_mic.wav,f8410ac3049cc8564487b1a83f921a068ad3dd919efc6fb34f8869151ac03046,APPROVED,Zenodo record 3371780,unknown,guitarset_player_05,05_Rock1-90-C#_comp_mic,05_Rock1-90-C#_comp_mic,guitarset::player::05,none,-1
C:\Users\lLrich\ai_voice_data_v13\raw\guitarset_mic\2e969753898c731a7e4e46935ff5f315d31acdaddf0a4ab9afa855a96307a9d8.wav,0,0,0,0,1,guitarset_player_05,guitarset_mic::real,guitarset_mic,guitarset_mic,not_huggingface_official_archive,05_Rock1-90-C#_solo_mic,guitarset::player::05,https://zenodo.org/records/3371780,Zenodo record 3371780,CC BY 4.0,YES,PER_TRACK_LICENSE_WITH_ATTRIBUTION,FOLLOW_RECORDED_CC_LICENSE,guitarset_mic,2e969753898c731a7e4e46935ff5f315d31acdaddf0a4ab9afa855a96307a9d8,guitarset_mic::track::05_Rock1-90-C#_solo_mic,train,,,,,REAL,,,,,,,,,,,,,cal_v13,data\raw\public_v9\real_music\guitarset\05_Rock1-90-C#_solo_mic.wav,2e969753898c731a7e4e46935ff5f315d31acdaddf0a4ab9afa855a96307a9d8,APPROVED,Zenodo record 3371780,unknown,guitarset_player_05,05_Rock1-90-C#_solo_mic,05_Rock1-90-C#_solo_mic,guitarset::player::05,none,-1
C:\Users\lLrich\ai_voice_data_v13\raw\guitarset_mic\5f5b02aa23a36c31f59e56ccec16212d60549d15d60f7f0f61f516c02ee0fa7c.wav,0,0,0,0,1,guitarset_player_05,guitarset_mic::real,guitarset_mic,guitarset_mic,not_huggingface_official_archive,05_Rock2-142-D_comp_mic,guitarset::player::05,https://zenodo.org/records/3371780,Zenodo record 3371780,CC BY 4.0,YES,PER_TRACK_LICENSE_WITH_ATTRIBUTION,FOLLOW_RECORDED_CC_LICENSE,guitarset_mic,5f5b02aa23a36c31f59e56ccec16212d60549d15d60f7f0f61f516c02ee0fa7c,guitarset_mic::track::05_Rock2-142-D_comp_mic,train,,,,,REAL,,,,,,,,,,,,,cal_v13,data\raw\public_v9\real_music\guitarset\05_Rock2-142-D_comp_mic.wav,5f5b02aa23a36c31f59e56ccec16212d60549d15d60f7f0f61f516c02ee0fa7c,APPROVED,Zenodo record 3371780,unknown,guitarset_player_05,05_Rock2-142-D_comp_mic,05_Rock2-142-D_comp_mic,guitarset::player::05,none,-1
C:\Users\lLrich\ai_voice_data_v13\raw\guitarset_mic\2869d66963c0661aeceda104666680274e1c52ffdfa6c6990187b296d9effa99.wav,0,0,0,0,1,guitarset_player_05,guitarset_mic::real,guitarset_mic,guitarset_mic,not_huggingface_official_archive,05_Rock2-142-D_solo_mic,guitarset::player::05,https://zenodo.org/records/3371780,Zenodo record 3371780,CC BY 4.0,YES,PER_TRACK_LICENSE_WITH_ATTRIBUTION,FOLLOW_RECORDED_CC_LICENSE,guitarset_mic,2869d66963c0661aeceda104666680274e1c52ffdfa6c6990187b296d9effa99,guitarset_mic::track::05_Rock2-142-D_solo_mic,train,,,,,REAL,,,,,,,,,,,,,cal_v13,data\raw\public_v9\real_music\guitarset\05_Rock2-142-D_solo_mic.wav,2869d66963c0661aeceda104666680274e1c52ffdfa6c6990187b296d9effa99,APPROVED,Zenodo record 3371780,unknown,guitarset_player_05,05_Rock2-142-D_solo_mic,05_Rock2-142-D_solo_mic,guitarset::player::05,none,-1
C:\Users\lLrich\ai_voice_data_v13\raw\guitarset_mic\4be5240ae9037dd577544dc456bf73d4ff64c60e24f2cf678888d44338e02d3e.wav,0,0,0,0,1,guitarset_player_05,guitarset_mic::real,guitarset_mic,guitarset_mic,not_huggingface_official_archive,05_Rock2-85-F_comp_mic,guitarset::player::05,https://zenodo.org/records/3371780,Zenodo record 3371780,CC BY 4.0,YES,PER_TRACK_LICENSE_WITH_ATTRIBUTION,FOLLOW_RECORDED_CC_LICENSE,guitarset_mic,4be5240ae9037dd577544dc456bf73d4ff64c60e24f2cf678888d44338e02d3e,guitarset_mic::track::05_Rock2-85-F_comp_mic,train,,,,,REAL,,,,,,,,,,,,,cal_v13,data\raw\public_v9\real_music\guitarset\05_Rock2-85-F_comp_mic.wav,4be5240ae9037dd577544dc456bf73d4ff64c60e24f2cf678888d44338e02d3e,APPROVED,Zenodo record 3371780,unknown,guitarset_player_05,05_Rock2-85-F_comp_mic,05_Rock2-85-F_comp_mic,guitarset::player::05,none,-1
C:\Users\lLrich\ai_voice_data_v13\raw\guitarset_mic\44203ba40a1bc5675c1991666e7a780b8cd4f3af566b2c8addca7b699616aa03.wav,0,0,0,0,1,guitarset_player_05,guitarset_mic::real,guitarset_mic,guitarset_mic,not_huggingface_official_archive,05_Rock2-85-F_solo_mic,guitarset::player::05,https://zenodo.org/records/3371780,Zenodo record 3371780,CC BY 4.0,YES,PER_TRACK_LICENSE_WITH_ATTRIBUTION,FOLLOW_RECORDED_CC_LICENSE,guitarset_mic,44203ba40a1bc5675c1991666e7a780b8cd4f3af566b2c8addca7b699616aa03,guitarset_mic::track::05_Rock2-85-F_solo_mic,train,,,,,REAL,,,,,,,,,,,,,cal_v13,data\raw\public_v9\real_music\guitarset\05_Rock2-85-F_solo_mic.wav,44203ba40a1bc5675c1991666e7a780b8cd4f3af566b2c8addca7b699616aa03,APPROVED,Zenodo record 3371780,unknown,guitarset_player_05,05_Rock2-85-F_solo_mic,05_Rock2-85-F_solo_mic,guitarset::player::05,none,-1
C:\Users\lLrich\ai_voice_data_v13\raw\guitarset_mic\83c65847d6cc0a8b2a2a291ace59a2c97b7c91bc51d1295ba6acf51240de087d.wav,0,0,0,0,1,guitarset_player_05,guitarset_mic::real,guitarset_mic,guitarset_mic,not_huggingface_official_archive,05_Rock3-117-Bb_comp_mic,guitarset::player::05,https://zenodo.org/records/3371780,Zenodo record 3371780,CC BY 4.0,YES,PER_TRACK_LICENSE_WITH_ATTRIBUTION,FOLLOW_RECORDED_CC_LICENSE,guitarset_mic,83c65847d6cc0a8b2a2a291ace59a2c97b7c91bc51d1295ba6acf51240de087d,guitarset_mic::track::05_Rock3-117-Bb_comp_mic,train,,,,,REAL,,,,,,,,,,,,,cal_v13,data\raw\public_v9\real_music\guitarset\05_Rock3-117-Bb_comp_mic.wav,83c65847d6cc0a8b2a2a291ace59a2c97b7c91bc51d1295ba6acf51240de087d,APPROVED,Zenodo record 3371780,unknown,guitarset_player_05,05_Rock3-117-Bb_comp_mic,05_Rock3-117-Bb_comp_mic,guitarset::player::05,none,-1
C:\Users\lLrich\ai_voice_data_v13\raw\guitarset_mic\ea17f0ee41d4b2fd8a78f5d925bb5f734f8a8250d41ad4b1dcf70008c8faad87.wav,0,0,0,0,1,guitarset_player_05,guitarset_mic::real,guitarset_mic,guitarset_mic,not_huggingface_official_archive,05_Rock3-117-Bb_solo_mic,guitarset::player::05,https://zenodo.org/records/3371780,Zenodo record 3371780,CC BY 4.0,YES,PER_TRACK_LICENSE_WITH_ATTRIBUTION,FOLLOW_RECORDED_CC_LICENSE,guitarset_mic,ea17f0ee41d4b2fd8a78f5d925bb5f734f8a8250d41ad4b1dcf70008c8faad87,guitarset_mic::track::05_Rock3-117-Bb_solo_mic,train,,,,,REAL,,,,,,,,,,,,,cal_v13,data\raw\public_v9\real_music\guitarset\05_Rock3-117-Bb_solo_mic.wav,ea17f0ee41d4b2fd8a78f5d925bb5f734f8a8250d41ad4b1dcf70008c8faad87,APPROVED,Zenodo record 3371780,unknown,guitarset_player_05,05_Rock3-117-Bb_solo_mic,05_Rock3-117-Bb_solo_mic,guitarset::player::05,none,-1
C:\Users\lLrich\ai_voice_data_v13\raw\guitarset_mic\a0211d30e8d71283ff9974dce06e39fba8b93ce364316aecf425817492afd312.wav,0,0,0,0,1,guitarset_player_05,guitarset_mic::real,guitarset_mic,guitarset_mic,not_huggingface_official_archive,05_Rock3-148-C_comp_mic,guitarset::player::05,https://zenodo.org/records/3371780,Zenodo record 3371780,CC BY 4.0,YES,PER_TRACK_LICENSE_WITH_ATTRIBUTION,FOLLOW_RECORDED_CC_LICENSE,guitarset_mic,a0211d30e8d71283ff9974dce06e39fba8b93ce364316aecf425817492afd312,guitarset_mic::track::05_Rock3-148-C_comp_mic,train,,,,,REAL,,,,,,,,,,,,,cal_v13,data\raw\public_v9\real_music\guitarset\05_Rock3-148-C_comp_mic.wav,a0211d30e8d71283ff9974dce06e39fba8b93ce364316aecf425817492afd312,APPROVED,Zenodo record 3371780,unknown,guitarset_player_05,05_Rock3-148-C_comp_mic,05_Rock3-148-C_comp_mic,guitarset::player::05,none,-1
C:\Users\lLrich\ai_voice_data_v13\raw\guitarset_mic\fe4d7483648c925cae59b4133ec6f7a00784ed5ec8c8d920278c586a48430a19.wav,0,0,0,0,1,guitarset_player_05,guitarset_mic::real,guitarset_mic,guitarset_mic,not_huggingface_official_archive,05_Rock3-148-C_solo_mic,guitarset::player::05,https://zenodo.org/records/3371780,Zenodo record 3371780,CC BY 4.0,YES,PER_TRACK_LICENSE_WITH_ATTRIBUTION,FOLLOW_RECORDED_CC_LICENSE,guitarset_mic,fe4d7483648c925cae59b4133ec6f7a00784ed5ec8c8d920278c586a48430a19,guitarset_mic::track::05_Rock3-148-C_solo_mic,train,,,,,REAL,,,,,,,,,,,,,cal_v13,data\raw\public_v9\real_music\guitarset\05_Rock3-148-C_solo_mic.wav,fe4d7483648c925cae59b4133ec6f7a00784ed5ec8c8d920278c586a48430a19,APPROVED,Zenodo record 3371780,unknown,guitarset_player_05,05_Rock3-148-C_solo_mic,05_Rock3-148-C_solo_mic,guitarset::player::05,none,-1
C:\Users\lLrich\ai_voice_data_v13\raw\guitarset_mic\a8299b8c499cc67eb2e81e9e3afcc8382680d8a51150ce928407bb492e39c5fd.wav,0,0,0,0,1,guitarset_player_05,guitarset_mic::real,guitarset_mic,guitarset_mic,not_huggingface_official_archive,05_SS1-100-C#_comp_mic,guitarset::player::05,https://zenodo.org/records/3371780,Zenodo record 3371780,CC BY 4.0,YES,PER_TRACK_LICENSE_WITH_ATTRIBUTION,FOLLOW_RECORDED_CC_LICENSE,guitarset_mic,a8299b8c499cc67eb2e81e9e3afcc8382680d8a51150ce928407bb492e39c5fd,guitarset_mic::track::05_SS1-100-C#_comp_mic,train,,,,,REAL,,,,,,,,,,,,,cal_v13,data\raw\public_v9\real_music\guitarset\05_SS1-100-C#_comp_mic.wav,a8299b8c499cc67eb2e81e9e3afcc8382680d8a51150ce928407bb492e39c5fd,APPROVED,Zenodo record 3371780,unknown,guitarset_player_05,05_SS1-100-C#_comp_mic,05_SS1-100-C#_comp_mic,guitarset::player::05,none,-1
C:\Users\lLrich\ai_voice_data_v13\raw\guitarset_mic\7e1f99d1d851130cc9c8be6890afcf2ab5d09849240a242de2d90d99b1f7ed9b.wav,0,0,0,0,1,guitarset_player_05,guitarset_mic::real,guitarset_mic,guitarset_mic,not_huggingface_official_archive,05_SS1-100-C#_solo_mic,guitarset::player::05,https://zenodo.org/records/3371780,Zenodo record 3371780,CC BY 4.0,YES,PER_TRACK_LICENSE_WITH_ATTRIBUTION,FOLLOW_RECORDED_CC_LICENSE,guitarset_mic,7e1f99d1d851130cc9c8be6890afcf2ab5d09849240a242de2d90d99b1f7ed9b,guitarset_mic::track::05_SS1-100-C#_solo_mic,train,,,,,REAL,,,,,,,,,,,,,cal_v13,data\raw\public_v9\real_music\guitarset\05_SS1-100-C#_solo_mic.wav,7e1f99d1d851130cc9c8be6890afcf2ab5d09849240a242de2d90d99b1f7ed9b,APPROVED,Zenodo record 3371780,unknown,guitarset_player_05,05_SS1-100-C#_solo_mic,05_SS1-100-C#_solo_mic,guitarset::player::05,none,-1
C:\Users\lLrich\ai_voice_data_v13\raw\guitarset_mic\665b982fb9221b5c91b0ed0c3d2c271f3fab569e8a1f397f0e5f46fde8a298d5.wav,0,0,0,0,1,guitarset_player_05,guitarset_mic::real,guitarset_mic,guitarset_mic,not_huggingface_official_archive,05_SS1-68-E_comp_mic,guitarset::player::05,https://zenodo.org/records/3371780,Zenodo record 3371780,CC BY 4.0,YES,PER_TRACK_LICENSE_WITH_ATTRIBUTION,FOLLOW_RECORDED_CC_LICENSE,guitarset_mic,665b982fb9221b5c91b0ed0c3d2c271f3fab569e8a1f397f0e5f46fde8a298d5,guitarset_mic::track::05_SS1-68-E_comp_mic,train,,,,,REAL,,,,,,,,,,,,,cal_v13,data\raw\public_v9\real_music\guitarset\05_SS1-68-E_comp_mic.wav,665b982fb9221b5c91b0ed0c3d2c271f3fab569e8a1f397f0e5f46fde8a298d5,APPROVED,Zenodo record 3371780,unknown,guitarset_player_05,05_SS1-68-E_comp_mic,05_SS1-68-E_comp_mic,guitarset::player::05,none,-1
C:\Users\lLrich\ai_voice_data_v13\raw\guitarset_mic\d677c4074249807a49910f252d9d80c3bf31dbc5790a56ce188bd313d3ec0575.wav,0,0,0,0,1,guitarset_player_05,guitarset_mic::real,guitarset_mic,guitarset_mic,not_huggingface_official_archive,05_SS1-68-E_solo_mic,guitarset::player::05,https://zenodo.org/records/3371780,Zenodo record 3371780,CC BY 4.0,YES,PER_TRACK_LICENSE_WITH_ATTRIBUTION,FOLLOW_RECORDED_CC_LICENSE,guitarset_mic,d677c4074249807a49910f252d9d80c3bf31dbc5790a56ce188bd313d3ec0575,guitarset_mic::track::05_SS1-68-E_solo_mic,train,,,,,REAL,,,,,,,,,,,,,cal_v13,data\raw\public_v9\real_music\guitarset\05_SS1-68-E_solo_mic.wav,d677c4074249807a49910f252d9d80c3bf31dbc5790a56ce188bd313d3ec0575,APPROVED,Zenodo record 3371780,unknown,guitarset_player_05,05_SS1-68-E_solo_mic,05_SS1-68-E_solo_mic,guitarset::player::05,none,-1
C:\Users\lLrich\ai_voice_data_v13\raw\guitarset_mic\c892d100e7ba04f50c4a112da2e9e41633241384b5de14c346e55110d89d626f.wav,0,0,0,0,1,guitarset_player_05,guitarset_mic::real,guitarset_mic,guitarset_mic,not_huggingface_official_archive,05_SS2-107-Ab_comp_mic,guitarset::player::05,https://zenodo.org/records/3371780,Zenodo record 3371780,CC BY 4.0,YES,PER_TRACK_LICENSE_WITH_ATTRIBUTION,FOLLOW_RECORDED_CC_LICENSE,guitarset_mic,c892d100e7ba04f50c4a112da2e9e41633241384b5de14c346e55110d89d626f,guitarset_mic::track::05_SS2-107-Ab_comp_mic,train,,,,,REAL,,,,,,,,,,,,,cal_v13,data\raw\public_v9\real_music\guitarset\05_SS2-107-Ab_comp_mic.wav,c892d100e7ba04f50c4a112da2e9e41633241384b5de14c346e55110d89d626f,APPROVED,Zenodo record 3371780,unknown,guitarset_player_05,05_SS2-107-Ab_comp_mic,05_SS2-107-Ab_comp_mic,guitarset::player::05,none,-1
C:\Users\lLrich\ai_voice_data_v13\raw\guitarset_mic\5194998c80ed74606757b45f4fa1dd334118a6e2dfa7b297599d94a7c765f648.wav,0,0,0,0,1,guitarset_player_05,guitarset_mic::real,guitarset_mic,guitarset_mic,not_huggingface_official_archive,05_SS2-107-Ab_solo_mic,guitarset::player::05,https://zenodo.org/records/3371780,Zenodo record 3371780,CC BY 4.0,YES,PER_TRACK_LICENSE_WITH_ATTRIBUTION,FOLLOW_RECORDED_CC_LICENSE,guitarset_mic,5194998c80ed74606757b45f4fa1dd334118a6e2dfa7b297599d94a7c765f648,guitarset_mic::track::05_SS2-107-Ab_solo_mic,train,,,,,REAL,,,,,,,,,,,,,cal_v13,data\raw\public_v9\real_music\guitarset\05_SS2-107-Ab_solo_mic.wav,5194998c80ed74606757b45f4fa1dd334118a6e2dfa7b297599d94a7c765f648,APPROVED,Zenodo record 3371780,unknown,guitarset_player_05,05_SS2-107-Ab_solo_mic,05_SS2-107-Ab_solo_mic,guitarset::player::05,none,-1
C:\Users\lLrich\ai_voice_data_v13\raw\guitarset_mic\c6e469ea28ec2b3def19d17c9498db09fd9a7b095ea44cea3313cf424e323220.wav,0,0,0,0,1,guitarset_player_05,guitarset_mic::real,guitarset_mic,guitarset_mic,not_huggingface_official_archive,05_SS2-88-F_comp_mic,guitarset::player::05,https://zenodo.org/records/3371780,Zenodo record 3371780,CC BY 4.0,YES,PER_TRACK_LICENSE_WITH_ATTRIBUTION,FOLLOW_RECORDED_CC_LICENSE,guitarset_mic,c6e469ea28ec2b3def19d17c9498db09fd9a7b095ea44cea3313cf424e323220,guitarset_mic::track::05_SS2-88-F_comp_mic,train,,,,,REAL,,,,,,,,,,,,,cal_v13,data\raw\public_v9\real_music\guitarset\05_SS2-88-F_comp_mic.wav,c6e469ea28ec2b3def19d17c9498db09fd9a7b095ea44cea3313cf424e323220,APPROVED,Zenodo record 3371780,unknown,guitarset_player_05,05_SS2-88-F_comp_mic,05_SS2-88-F_comp_mic,guitarset::player::05,none,-1
C:\Users\lLrich\ai_voice_data_v13\raw\guitarset_mic\5ec8758016f8f3eb02b83907db981533b773594e3aeb44f313150a8d51a17cc0.wav,0,0,0,0,1,guitarset_player_05,guitarset_mic::real,guitarset_mic,guitarset_mic,not_huggingface_official_archive,05_SS2-88-F_solo_mic,guitarset::player::05,https://zenodo.org/records/3371780,Zenodo record 3371780,CC BY 4.0,YES,PER_TRACK_LICENSE_WITH_ATTRIBUTION,FOLLOW_RECORDED_CC_LICENSE,guitarset_mic,5ec8758016f8f3eb02b83907db981533b773594e3aeb44f313150a8d51a17cc0,guitarset_mic::track::05_SS2-88-F_solo_mic,train,,,,,REAL,,,,,,,,,,,,,cal_v13,data\raw\public_v9\real_music\guitarset\05_SS2-88-F_solo_mic.wav,5ec8758016f8f3eb02b83907db981533b773594e3aeb44f313150a8d51a17cc0,APPROVED,Zenodo record 3371780,unknown,guitarset_player_05,05_SS2-88-F_solo_mic,05_SS2-88-F_solo_mic,guitarset::player::05,none,-1
C:\Users\lLrich\ai_voice_data_v13\raw\guitarset_mic\a687478848bc80c8d0441856fd251df72c048bc856820653ca2b0106717f87dd.wav,0,0,0,0,1,guitarset_player_05,guitarset_mic::real,guitarset_mic,guitarset_mic,not_huggingface_official_archive,05_SS3-84-Bb_comp_mic,guitarset::player::05,https://zenodo.org/records/3371780,Zenodo record 3371780,CC BY 4.0,YES,PER_TRACK_LICENSE_WITH_ATTRIBUTION,FOLLOW_RECORDED_CC_LICENSE,guitarset_mic,a687478848bc80c8d0441856fd251df72c048bc856820653ca2b0106717f87dd,guitarset_mic::track::05_SS3-84-Bb_comp_mic,train,,,,,REAL,,,,,,,,,,,,,cal_v13,data\raw\public_v9\real_music\guitarset\05_SS3-84-Bb_comp_mic.wav,a687478848bc80c8d0441856fd251df72c048bc856820653ca2b0106717f87dd,APPROVED,Zenodo record 3371780,unknown,guitarset_player_05,05_SS3-84-Bb_comp_mic,05_SS3-84-Bb_comp_mic,guitarset::player::05,none,-1
C:\Users\lLrich\ai_voice_data_v13\raw\guitarset_mic\e9fe7406baef0c2e548f77d07da157fb09c635a3608237c75b9d11d67091e187.wav,0,0,0,0,1,guitarset_player_05,guitarset_mic::real,guitarset_mic,guitarset_mic,not_huggingface_official_archive,05_SS3-84-Bb_solo_mic,guitarset::player::05,https://zenodo.org/records/3371780,Zenodo record 3371780,CC BY 4.0,YES,PER_TRACK_LICENSE_WITH_ATTRIBUTION,FOLLOW_RECORDED_CC_LICENSE,guitarset_mic,e9fe7406baef0c2e548f77d07da157fb09c635a3608237c75b9d11d67091e187,guitarset_mic::track::05_SS3-84-Bb_solo_mic,train,,,,,REAL,,,,,,,,,,,,,cal_v13,data\raw\public_v9\real_music\guitarset\05_SS3-84-Bb_solo_mic.wav,e9fe7406baef0c2e548f77d07da157fb09c635a3608237c75b9d11d67091e187,APPROVED,Zenodo record 3371780,unknown,guitarset_player_05,05_SS3-84-Bb_solo_mic,05_SS3-84-Bb_solo_mic,guitarset::player::05,none,-1
C:\Users\lLrich\ai_voice_data_v13\raw\guitarset_mic\919aa9e32250c87a943a96284bdd60b8b1c9ec31219c2eda98fc7d701bd717d9.wav,0,0,0,0,1,guitarset_player_05,guitarset_mic::real,guitarset_mic,guitarset_mic,not_huggingface_official_archive,05_SS3-98-C_comp_mic,guitarset::player::05,https://zenodo.org/records/3371780,Zenodo record 3371780,CC BY 4.0,YES,PER_TRACK_LICENSE_WITH_ATTRIBUTION,FOLLOW_RECORDED_CC_LICENSE,guitarset_mic,919aa9e32250c87a943a96284bdd60b8b1c9ec31219c2eda98fc7d701bd717d9,guitarset_mic::track::05_SS3-98-C_comp_mic,train,,,,,REAL,,,,,,,,,,,,,cal_v13,data\raw\public_v9\real_music\guitarset\05_SS3-98-C_comp_mic.wav,919aa9e32250c87a943a96284bdd60b8b1c9ec31219c2eda98fc7d701bd717d9,APPROVED,Zenodo record 3371780,unknown,guitarset_player_05,05_SS3-98-C_comp_mic,05_SS3-98-C_comp_mic,guitarset::player::05,none,-1
C:\Users\lLrich\ai_voice_data_v13\raw\guitarset_mic\b89fb546ac6e2327d4791e242e71be321936ac305563641401f099dccadea5ce.wav,0,0,0,0,1,guitarset_player_05,guitarset_mic::real,guitarset_mic,guitarset_mic,not_huggingface_official_archive,05_SS3-98-C_solo_mic,guitarset::player::05,https://zenodo.org/records/3371780,Zenodo record 3371780,CC BY 4.0,YES,PER_TRACK_LICENSE_WITH_ATTRIBUTION,FOLLOW_RECORDED_CC_LICENSE,guitarset_mic,b89fb546ac6e2327d4791e242e71be321936ac305563641401f099dccadea5ce,guitarset_mic::track::05_SS3-98-C_solo_mic,train,,,,,REAL,,,,,,,,,,,,,cal_v13,data\raw\public_v9\real_music\guitarset\05_SS3-98-C_solo_mic.wav,b89fb546ac6e2327d4791e242e71be321936ac305563641401f099dccadea5ce,APPROVED,Zenodo record 3371780,unknown,guitarset_player_05,05_SS3-98-C_solo_mic,05_SS3-98-C_solo_mic,guitarset::player::05,none,-1
C:\Users\lLrich\ai_voice_data_v13\raw\mtg_jamendo_cc\a8a9d07d73135f20e5fce6f62edf7a0242e3834a246e2233e097f5d9aab0318f.mp3,0,0,0,0,1,jamendo_artist_8aed5bf2e5601a06,mtg_jamendo_cc::real,mtg_jamendo_cc,mtg_jamendo_cc,not_huggingface_official_archive,jamendo_1002000,jamendo::artist::8aed5bf2e5601a06,https://github.com/MTG/mtg-jamendo-dataset,raw_30s audio-low shard 00,http://creativecommons.org/licenses/by-nc-sa/3.0/,YES,PER_TRACK_LICENSE_WITH_ATTRIBUTION,FOLLOW_RECORDED_CC_LICENSE,mtg_jamendo_cc,a8a9d07d73135f20e5fce6f62edf7a0242e3834a246e2233e097f5d9aab0318f,mtg_jamendo_cc::track::jamendo_1002000,train,,,,,REAL,,,,,,,,,,,,,cal_v13,data\raw\public_v9\real_music\jamendo\1002000.low.mp3,a8a9d07d73135f20e5fce6f62edf7a0242e3834a246e2233e097f5d9aab0318f,APPROVED,raw_30s audio-low shard 00,unknown,jamendo_artist_8aed5bf2e5601a06,jamendo_1002000,jamendo_1002000,jamendo::artist::8aed5bf2e5601a06,none,-1
C:\Users\lLrich\ai_voice_data_v13\raw\mtg_jamendo_cc\fcdf382b2cbe35549440a128cd5a24d67c82c72af02bc12b19d25432d3b58a7c.mp3,0,0,0,0,1,jamendo_artist_cf957c7091753576,mtg_jamendo_cc::real,mtg_jamendo_cc,mtg_jamendo_cc,not_huggingface_official_archive,jamendo_1007900,jamendo::artist::cf957c7091753576,https://github.com/MTG/mtg-jamendo-dataset,raw_30s audio-low shard 00,http://creativecommons.org/licenses/by-nc-sa/3.0/,YES,PER_TRACK_LICENSE_WITH_ATTRIBUTION,FOLLOW_RECORDED_CC_LICENSE,mtg_jamendo_cc,fcdf382b2cbe35549440a128cd5a24d67c82c72af02bc12b19d25432d3b58a7c,mtg_jamendo_cc::track::jamendo_1007900,train,,,,,REAL,,,,,,,,,,,,,cal_v13,data\raw\public_v9\real_music\jamendo\1007900.low.mp3,fcdf382b2cbe35549440a128cd5a24d67c82c72af02bc12b19d25432d3b58a7c,APPROVED,raw_30s audio-low shard 00,unknown,jamendo_artist_cf957c7091753576,jamendo_1007900,jamendo_1007900,jamendo::artist::cf957c7091753576,none,-1
C:\Users\lLrich\ai_voice_data_v13\raw\mtg_jamendo_cc\54b5a5d532e9632260494a487413b6742dfacccde23249914fed8f73be405c8c.mp3,0,0,0,0,1,jamendo_artist_dbf2890af0a65631,mtg_jamendo_cc::real,mtg_jamendo_cc,mtg_jamendo_cc,not_huggingface_official_archive,jamendo_1009600,jamendo::artist::dbf2890af0a65631,https://github.com/MTG/mtg-jamendo-dataset,raw_30s audio-low shard 00,http://creativecommons.org/licenses/by-nc-sa/3.0/,YES,PER_TRACK_LICENSE_WITH_ATTRIBUTION,FOLLOW_RECORDED_CC_LICENSE,mtg_jamendo_cc,54b5a5d532e9632260494a487413b6742dfacccde23249914fed8f73be405c8c,mtg_jamendo_cc::track::jamendo_1009600,train,,,,,REAL,,,,,,,,,,,,,cal_v13,data\raw\public_v9\real_music\jamendo\1009600.low.mp3,54b5a5d532e9632260494a487413b6742dfacccde23249914fed8f73be405c8c,APPROVED,raw_30s audio-low shard 00,unknown,jamendo_artist_dbf2890af0a65631,jamendo_1009600,jamendo_1009600,jamendo::artist::dbf2890af0a65631,none,-1
C:\Users\lLrich\ai_voice_data_v13\raw\mtg_jamendo_cc\a3b163e40113912f8de769e42c5d5abd38751d02345ce9e5f114d01edcaa5d5d.mp3,0,0,0,0,1,jamendo_artist_c7ee1cf6fe4e0608,mtg_jamendo_cc::real,mtg_jamendo_cc,mtg_jamendo_cc,not_huggingface_official_archive,jamendo_101000,jamendo::artist::c7ee1cf6fe4e0608,https://github.com/MTG/mtg-jamendo-dataset,raw_30s audio-low shard 00,http://creativecommons.org/licenses/by-sa/3.0/,YES,PER_TRACK_LICENSE_WITH_ATTRIBUTION,FOLLOW_RECORDED_CC_LICENSE,mtg_jamendo_cc,a3b163e40113912f8de769e42c5d5abd38751d02345ce9e5f114d01edcaa5d5d,mtg_jamendo_cc::track::jamendo_101000,train,,,,,REAL,,,,,,,,,,,,,cal_v13,data\raw\public_v9\real_music\jamendo\101000.low.mp3,a3b163e40113912f8de769e42c5d5abd38751d02345ce9e5f114d01edcaa5d5d,APPROVED,raw_30s audio-low shard 00,unknown,jamendo_artist_c7ee1cf6fe4e0608,jamendo_101000,jamendo_101000,jamendo::artist::c7ee1cf6fe4e0608,none,-1
C:\Users\lLrich\ai_voice_data_v13\raw\mtg_jamendo_cc\dce8e650b52b901d5d0c1d9ea2c1fb559a7a61ec6751fd41256e7e491231d45c.mp3,0,0,0,0,1,jamendo_artist_e3fb046fb97bf952,mtg_jamendo_cc::real,mtg_jamendo_cc,mtg_jamendo_cc,not_huggingface_official_archive,jamendo_1012600,jamendo::artist::e3fb046fb97bf952,https://github.com/MTG/mtg-jamendo-dataset,raw_30s audio-low shard 00,http://creativecommons.org/licenses/by-sa/3.0/,YES,PER_TRACK_LICENSE_WITH_ATTRIBUTION,FOLLOW_RECORDED_CC_LICENSE,mtg_jamendo_cc,dce8e650b52b901d5d0c1d9ea2c1fb559a7a61ec6751fd41256e7e491231d45c,mtg_jamendo_cc::track::jamendo_1012600,train,,,,,REAL,,,,,,,,,,,,,cal_v13,data\raw\public_v9\real_music\jamendo\1012600.low.mp3,dce8e650b52b901d5d0c1d9ea2c1fb559a7a61ec6751fd41256e7e491231d45c,APPROVED,raw_30s audio-low shard 00,unknown,jamendo_artist_e3fb046fb97bf952,jamendo_1012600,jamendo_1012600,jamendo::artist::e3fb046fb97bf952,none,-1
C:\Users\lLrich\ai_voice_data_v13\raw\mtg_jamendo_cc\b630384364e59dac14a2063896e5b86d4582514caad910ce8b69ad7e381b5646.mp3,0,0,0,0,1,jamendo_artist_e21ed386e54186a6,mtg_jamendo_cc::real,mtg_jamendo_cc,mtg_jamendo_cc,not_huggingface_official_archive,jamendo_1014400,jamendo::artist::e21ed386e54186a6,https://github.com/MTG/mtg-jamendo-dataset,raw_30s audio-low shard 00,http://creativecommons.org/licenses/by-nc-sa/3.0/,YES,PER_TRACK_LICENSE_WITH_ATTRIBUTION,FOLLOW_RECORDED_CC_LICENSE,mtg_jamendo_cc,b630384364e59dac14a2063896e5b86d4582514caad910ce8b69ad7e381b5646,mtg_jamendo_cc::track::jamendo_1014400,train,,,,,REAL,,,,,,,,,,,,,cal_v13,data\raw\public_v9\real_music\jamendo\1014400.low.mp3,b630384364e59dac14a2063896e5b86d4582514caad910ce8b69ad7e381b5646,APPROVED,raw_30s audio-low shard 00,unknown,jamendo_artist_e21ed386e54186a6,jamendo_1014400,jamendo_1014400,jamendo::artist::e21ed386e54186a6,none,-1
C:\Users\lLrich\ai_voice_data_v13\raw\mtg_jamendo_cc\c6f76ea6bd9382421ff56eb7123826232509dbd42c408ad9cbda7c287121dd67.mp3,0,0,0,0,1,jamendo_artist_6655dcb4a4c4b346,mtg_jamendo_cc::real,mtg_jamendo_cc,mtg_jamendo_cc,not_huggingface_official_archive,jamendo_1027900,jamendo::artist::6655dcb4a4c4b346,https://github.com/MTG/mtg-jamendo-dataset,raw_30s audio-low shard 00,http://creativecommons.org/licenses/by-nc-sa/3.0/,YES,PER_TRACK_LICENSE_WITH_ATTRIBUTION,FOLLOW_RECORDED_CC_LICENSE,mtg_jamendo_cc,c6f76ea6bd9382421ff56eb7123826232509dbd42c408ad9cbda7c287121dd67,mtg_jamendo_cc::track::jamendo_1027900,train,,,,,REAL,,,,,,,,,,,,,cal_v13,data\raw\public_v9\real_music\jamendo\1027900.low.mp3,c6f76ea6bd9382421ff56eb7123826232509dbd42c408ad9cbda7c287121dd67,APPROVED,raw_30s audio-low shard 00,unknown,jamendo_artist_6655dcb4a4c4b346,jamendo_1027900,jamendo_1027900,jamendo::artist::6655dcb4a4c4b346,none,-1
C:\Users\lLrich\ai_voice_data_v13\raw\mtg_jamendo_cc\4596630a62df586aac1d328040defd7a1bdc81443cb44b0fde905f099f2a73a6.mp3,0,0,0,0,1,jamendo_artist_ff2ee954f218b605,mtg_jamendo_cc::real,mtg_jamendo_cc,mtg_jamendo_cc,not_huggingface_official_archive,jamendo_1028800,jamendo::artist::ff2ee954f218b605,https://github.com/MTG/mtg-jamendo-dataset,raw_30s audio-low shard 00,http://creativecommons.org/licenses/by-nc-sa/3.0/,YES,PER_TRACK_LICENSE_WITH_ATTRIBUTION,FOLLOW_RECORDED_CC_LICENSE,mtg_jamendo_cc,4596630a62df586aac1d328040defd7a1bdc81443cb44b0fde905f099f2a73a6,mtg_jamendo_cc::track::jamendo_1028800,train,,,,,REAL,,,,,,,,,,,,,cal_v13,data\raw\public_v9\real_music\jamendo\1028800.low.mp3,4596630a62df586aac1d328040defd7a1bdc81443cb44b0fde905f099f2a73a6,APPROVED,raw_30s audio-low shard 00,unknown,jamendo_artist_ff2ee954f218b605,jamendo_1028800,jamendo_1028800,jamendo::artist::ff2ee954f218b605,none,-1
C:\Users\lLrich\ai_voice_data_v13\raw\mtg_jamendo_cc\7955a0aba2c32a68e3640e7d91c945cbca0bea6661144f24b399beb7ae94aaeb.mp3,0,0,0,0,1,jamendo_artist_d4e0ecc6311f1bea,mtg_jamendo_cc::real,mtg_jamendo_cc,mtg_jamendo_cc,not_huggingface_official_archive,jamendo_1030300,jamendo::artist::d4e0ecc6311f1bea,https://github.com/MTG/mtg-jamendo-dataset,raw_30s audio-low shard 00,http://creativecommons.org/licenses/by-sa/3.0/,YES,PER_TRACK_LICENSE_WITH_ATTRIBUTION,FOLLOW_RECORDED_CC_LICENSE,mtg_jamendo_cc,7955a0aba2c32a68e3640e7d91c945cbca0bea6661144f24b399beb7ae94aaeb,mtg_jamendo_cc::track::jamendo_1030300,train,,,,,REAL,,,,,,,,,,,,,cal_v13,data\raw\public_v9\real_music\jamendo\1030300.low.mp3,7955a0aba2c32a68e3640e7d91c945cbca0bea6661144f24b399beb7ae94aaeb,APPROVED,raw_30s audio-low shard 00,unknown,jamendo_artist_d4e0ecc6311f1bea,jamendo_1030300,jamendo_1030300,jamendo::artist::d4e0ecc6311f1bea,none,-1
C:\Users\lLrich\ai_voice_data_v13\raw\mtg_jamendo_cc\1a2fa62f1eee4fa5e1df8611b1fc74080e43e295fb4c10b343f2ae3fdc5bf091.mp3,0,0,0,0,1,jamendo_artist_b54b957023b984b0,mtg_jamendo_cc::real,mtg_jamendo_cc,mtg_jamendo_cc,not_huggingface_official_archive,jamendo_1030900,jamendo::artist::b54b957023b984b0,https://github.com/MTG/mtg-jamendo-dataset,raw_30s audio-low shard 00,http://creativecommons.org/licenses/by-sa/3.0/,YES,PER_TRACK_LICENSE_WITH_ATTRIBUTION,FOLLOW_RECORDED_CC_LICENSE,mtg_jamendo_cc,1a2fa62f1eee4fa5e1df8611b1fc74080e43e295fb4c10b343f2ae3fdc5bf091,mtg_jamendo_cc::track::jamendo_1030900,train,,,,,REAL,,,,,,,,,,,,,cal_v13,data\raw\public_v9\real_music\jamendo\1030900.low.mp3,1a2fa62f1eee4fa5e1df8611b1fc74080e43e295fb4c10b343f2ae3fdc5bf091,APPROVED,raw_30s audio-low shard 00,unknown,jamendo_artist_b54b957023b984b0,jamendo_1030900,jamendo_1030900,jamendo::artist::b54b957023b984b0,none,-1
C:\Users\lLrich\ai_voice_data_v13\raw\mtg_jamendo_cc\dcdb9ac73af55f13b22c1f3e16cccee0ff7df27c7169ee627c6c7cf3cf55fb58.mp3,0,0,0,0,1,jamendo_artist_4d05597e580db7c3,mtg_jamendo_cc::real,mtg_jamendo_cc,mtg_jamendo_cc,not_huggingface_official_archive,jamendo_1031800,jamendo::artist::4d05597e580db7c3,https://github.com/MTG/mtg-jamendo-dataset,raw_30s audio-low shard 00,http://creativecommons.org/licenses/by-nc-sa/3.0/,YES,PER_TRACK_LICENSE_WITH_ATTRIBUTION,FOLLOW_RECORDED_CC_LICENSE,mtg_jamendo_cc,dcdb9ac73af55f13b22c1f3e16cccee0ff7df27c7169ee627c6c7cf3cf55fb58,mtg_jamendo_cc::track::jamendo_1031800,train,,,,,REAL,,,,,,,,,,,,,cal_v13,data\raw\public_v9\real_music\jamendo\1031800.low.mp3,dcdb9ac73af55f13b22c1f3e16cccee0ff7df27c7169ee627c6c7cf3cf55fb58,APPROVED,raw_30s audio-low shard 00,unknown,jamendo_artist_4d05597e580db7c3,jamendo_1031800,jamendo_1031800,jamendo::artist::4d05597e580db7c3,none,-1
C:\Users\lLrich\ai_voice_data_v13\raw\mtg_jamendo_cc\eb8c71c3e3beaa8c811e478e289c22f6ac7487407fb1335fc4cbe2c78f97448f.mp3,0,0,0,0,1,jamendo_artist_70e478f1391b9daa,mtg_jamendo_cc::real,mtg_jamendo_cc,mtg_jamendo_cc,not_huggingface_official_archive,jamendo_1032000,jamendo::artist::70e478f1391b9daa,https://github.com/MTG/mtg-jamendo-dataset,raw_30s audio-low shard 00,http://creativecommons.org/licenses/by-nc-sa/2.0/fr/,YES,PER_TRACK_LICENSE_WITH_ATTRIBUTION,FOLLOW_RECORDED_CC_LICENSE,mtg_jamendo_cc,eb8c71c3e3beaa8c811e478e289c22f6ac7487407fb1335fc4cbe2c78f97448f,mtg_jamendo_cc::track::jamendo_1032000,train,,,,,REAL,,,,,,,,,,,,,cal_v13,data\raw\public_v9\real_music\jamendo\1032000.low.mp3,eb8c71c3e3beaa8c811e478e289c22f6ac7487407fb1335fc4cbe2c78f97448f,APPROVED,raw_30s audio-low shard 00,unknown,jamendo_artist_70e478f1391b9daa,jamendo_1032000,jamendo_1032000,jamendo::artist::70e478f1391b9daa,none,-1
C:\Users\lLrich\ai_voice_data_v13\raw\mtg_jamendo_cc\19bbd93364e3bd3e1850e3edc375e30ad17680d6dcbc13ac4646ae6558ddc8e3.mp3,0,0,0,0,1,jamendo_artist_e2df1dd7c8957038,mtg_jamendo_cc::real,mtg_jamendo_cc,mtg_jamendo_cc,not_huggingface_official_archive,jamendo_103300,jamendo::artist::e2df1dd7c8957038,https://github.com/MTG/mtg-jamendo-dataset,raw_30s audio-low shard 00,http://creativecommons.org/licenses/by-nc-sa/3.0/,YES,PER_TRACK_LICENSE_WITH_ATTRIBUTION,FOLLOW_RECORDED_CC_LICENSE,mtg_jamendo_cc,19bbd93364e3bd3e1850e3edc375e30ad17680d6dcbc13ac4646ae6558ddc8e3,mtg_jamendo_cc::track::jamendo_103300,train,,,,,REAL,,,,,,,,,,,,,cal_v13,data\raw\public_v9\real_music\jamendo\103300.low.mp3,19bbd93364e3bd3e1850e3edc375e30ad17680d6dcbc13ac4646ae6558ddc8e3,APPROVED,raw_30s audio-low shard 00,unknown,jamendo_artist_e2df1dd7c8957038,jamendo_103300,jamendo_103300,jamendo::artist::e2df1dd7c8957038,none,-1
C:\Users\lLrich\ai_voice_data_v13\raw\mtg_jamendo_cc\f967c5f8d78af616995bc39fe3c3f9cc02e23662aa8560f9bf7c52e83d1e00b9.mp3,0,0,0,0,1,jamendo_artist_e0330544feb9f801,mtg_jamendo_cc::real,mtg_jamendo_cc,mtg_jamendo_cc,not_huggingface_official_archive,jamendo_1036200,jamendo::artist::e0330544feb9f801,https://github.com/MTG/mtg-jamendo-dataset,raw_30s audio-low shard 00,http://creativecommons.org/licenses/by-sa/3.0/,YES,PER_TRACK_LICENSE_WITH_ATTRIBUTION,FOLLOW_RECORDED_CC_LICENSE,mtg_jamendo_cc,f967c5f8d78af616995bc39fe3c3f9cc02e23662aa8560f9bf7c52e83d1e00b9,mtg_jamendo_cc::track::jamendo_1036200,train,,,,,REAL,,,,,,,,,,,,,cal_v13,data\raw\public_v9\real_music\jamendo\1036200.low.mp3,f967c5f8d78af616995bc39fe3c3f9cc02e23662aa8560f9bf7c52e83d1e00b9,APPROVED,raw_30s audio-low shard 00,unknown,jamendo_artist_e0330544feb9f801,jamendo_1036200,jamendo_1036200,jamendo::artist::e0330544feb9f801,none,-1
C:\Users\lLrich\ai_voice_data_v13\raw\mtg_jamendo_cc\0fe404f9edca8b9e6e5f94e5a41d7bd8bc3ab23fef25631d54f8638edefad99e.mp3,0,0,0,0,1,jamendo_artist_84ff016239606956,mtg_jamendo_cc::real,mtg_jamendo_cc,mtg_jamendo_cc,not_huggingface_official_archive,jamendo_1037900,jamendo::artist::84ff016239606956,https://github.com/MTG/mtg-jamendo-dataset,raw_30s audio-low shard 00,http://creativecommons.org/licenses/by-nc-sa/3.0/,YES,PER_TRACK_LICENSE_WITH_ATTRIBUTION,FOLLOW_RECORDED_CC_LICENSE,mtg_jamendo_cc,0fe404f9edca8b9e6e5f94e5a41d7bd8bc3ab23fef25631d54f8638edefad99e,mtg_jamendo_cc::track::jamendo_1037900,train,,,,,REAL,,,,,,,,,,,,,cal_v13,data\raw\public_v9\real_music\jamendo\1037900.low.mp3,0fe404f9edca8b9e6e5f94e5a41d7bd8bc3ab23fef25631d54f8638edefad99e,APPROVED,raw_30s audio-low shard 00,unknown,jamendo_artist_84ff016239606956,jamendo_1037900,jamendo_1037900,jamendo::artist::84ff016239606956,none,-1
C:\Users\lLrich\ai_voice_data_v13\raw\mtg_jamendo_cc\c4a152300350dbec45a5283a8a1df35b73d13d91e3c385b51a189f31582290bf.mp3,0,0,0,0,1,jamendo_artist_efb17e698d58705f,mtg_jamendo_cc::real,mtg_jamendo_cc,mtg_jamendo_cc,not_huggingface_official_archive,jamendo_1041500,jamendo::artist::efb17e698d58705f,https://github.com/MTG/mtg-jamendo-dataset,raw_30s audio-low shard 00,http://creativecommons.org/licenses/by-nc-sa/3.0/,YES,PER_TRACK_LICENSE_WITH_ATTRIBUTION,FOLLOW_RECORDED_CC_LICENSE,mtg_jamendo_cc,c4a152300350dbec45a5283a8a1df35b73d13d91e3c385b51a189f31582290bf,mtg_jamendo_cc::track::jamendo_1041500,train,,,,,REAL,,,,,,,,,,,,,cal_v13,data\raw\public_v9\real_music\jamendo\1041500.low.mp3,c4a152300350dbec45a5283a8a1df35b73d13d91e3c385b51a189f31582290bf,APPROVED,raw_30s audio-low shard 00,unknown,jamendo_artist_efb17e698d58705f,jamendo_1041500,jamendo_1041500,jamendo::artist::efb17e698d58705f,none,-1
C:\Users\lLrich\ai_voice_data_v13\raw\mtg_jamendo_cc\4ceac26cdf6b401e3dc916588dcdb7f274809a0fe7d4109c1028cc800a690caa.mp3,0,0,0,0,1,jamendo_artist_79cf2cbdbdef28b2,mtg_jamendo_cc::real,mtg_jamendo_cc,mtg_jamendo_cc,not_huggingface_official_archive,jamendo_1042000,jamendo::artist::79cf2cbdbdef28b2,https://github.com/MTG/mtg-jamendo-dataset,raw_30s audio-low shard 00,http://creativecommons.org/licenses/by-nc-sa/2.0/fr/,YES,PER_TRACK_LICENSE_WITH_ATTRIBUTION,FOLLOW_RECORDED_CC_LICENSE,mtg_jamendo_cc,4ceac26cdf6b401e3dc916588dcdb7f274809a0fe7d4109c1028cc800a690caa,mtg_jamendo_cc::track::jamendo_1042000,train,,,,,REAL,,,,,,,,,,,,,cal_v13,data\raw\public_v9\real_music\jamendo\1042000.low.mp3,4ceac26cdf6b401e3dc916588dcdb7f274809a0fe7d4109c1028cc800a690caa,APPROVED,raw_30s audio-low shard 00,unknown,jamendo_artist_79cf2cbdbdef28b2,jamendo_1042000,jamendo_1042000,jamendo::artist::79cf2cbdbdef28b2,none,-1
C:\Users\lLrich\ai_voice_data_v13\raw\mtg_jamendo_cc\3000aee8fe8d2038fd2b1afc4342456514278ab55bac7ae78b2441495544ac60.mp3,0,0,0,0,1,jamendo_artist_996f9790b5d75494,mtg_jamendo_cc::real,mtg_jamendo_cc,mtg_jamendo_cc,not_huggingface_official_archive,jamendo_1044300,jamendo::artist::996f9790b5d75494,https://github.com/MTG/mtg-jamendo-dataset,raw_30s audio-low shard 00,http://creativecommons.org/licenses/by-nc-sa/3.0/,YES,PER_TRACK_LICENSE_WITH_ATTRIBUTION,FOLLOW_RECORDED_CC_LICENSE,mtg_jamendo_cc,3000aee8fe8d2038fd2b1afc4342456514278ab55bac7ae78b2441495544ac60,mtg_jamendo_cc::track::jamendo_1044300,train,,,,,REAL,,,,,,,,,,,,,cal_v13,data\raw\public_v9\real_music\jamendo\1044300.low.mp3,3000aee8fe8d2038fd2b1afc4342456514278ab55bac7ae78b2441495544ac60,APPROVED,raw_30s audio-low shard 00,unknown,jamendo_artist_996f9790b5d75494,jamendo_1044300,jamendo_1044300,jamendo::artist::996f9790b5d75494,none,-1
C:\Users\lLrich\ai_voice_data_v13\raw\mtg_jamendo_cc\dc4cb24195cb98e19f3989639a6631042c3cb9bc361e8c6ddd152b3594f10416.mp3,0,0,0,0,1,jamendo_artist_0b69e90feb822c2b,mtg_jamendo_cc::real,mtg_jamendo_cc,mtg_jamendo_cc,not_huggingface_official_archive,jamendo_1045700,jamendo::artist::0b69e90feb822c2b,https://github.com/MTG/mtg-jamendo-dataset,raw_30s audio-low shard 00,http://creativecommons.org/licenses/by-nc-sa/3.0/,YES,PER_TRACK_LICENSE_WITH_ATTRIBUTION,FOLLOW_RECORDED_CC_LICENSE,mtg_jamendo_cc,dc4cb24195cb98e19f3989639a6631042c3cb9bc361e8c6ddd152b3594f10416,mtg_jamendo_cc::track::jamendo_1045700,train,,,,,REAL,,,,,,,,,,,,,cal_v13,data\raw\public_v9\real_music\jamendo\1045700.low.mp3,dc4cb24195cb98e19f3989639a6631042c3cb9bc361e8c6ddd152b3594f10416,APPROVED,raw_30s audio-low shard 00,unknown,jamendo_artist_0b69e90feb822c2b,jamendo_1045700,jamendo_1045700,jamendo::artist::0b69e90feb822c2b,none,-1
C:\Users\lLrich\ai_voice_data_v13\raw\mtg_jamendo_cc\8664203868138c1081a24bf3cd0d073e4eb04330073eb8898df97596da503bdb.mp3,0,0,0,0,1,jamendo_artist_e9a74190dbe9c9f9,mtg_jamendo_cc::real,mtg_jamendo_cc,mtg_jamendo_cc,not_huggingface_official_archive,jamendo_1045800,jamendo::artist::e9a74190dbe9c9f9,https://github.com/MTG/mtg-jamendo-dataset,raw_30s audio-low shard 00,http://creativecommons.org/licenses/by-sa/2.0/de/,YES,PER_TRACK_LICENSE_WITH_ATTRIBUTION,FOLLOW_RECORDED_CC_LICENSE,mtg_jamendo_cc,8664203868138c1081a24bf3cd0d073e4eb04330073eb8898df97596da503bdb,mtg_jamendo_cc::track::jamendo_1045800,train,,,,,REAL,,,,,,,,,,,,,cal_v13,data\raw\public_v9\real_music\jamendo\1045800.low.mp3,8664203868138c1081a24bf3cd0d073e4eb04330073eb8898df97596da503bdb,APPROVED,raw_30s audio-low shard 00,unknown,jamendo_artist_e9a74190dbe9c9f9,jamendo_1045800,jamendo_1045800,jamendo::artist::e9a74190dbe9c9f9,none,-1
C:\Users\lLrich\ai_voice_data_v13\raw\mtg_jamendo_cc\e7978b11e0fdaf50f04b90d66aee9ffeceb4cd20d1633793955a2b14bd0cbaf7.mp3,0,0,0,0,1,jamendo_artist_89896c8044357911,mtg_jamendo_cc::real,mtg_jamendo_cc,mtg_jamendo_cc,not_huggingface_official_archive,jamendo_1046600,jamendo::artist::89896c8044357911,https://github.com/MTG/mtg-jamendo-dataset,raw_30s audio-low shard 00,http://creativecommons.org/licenses/by-nc-sa/3.0/,YES,PER_TRACK_LICENSE_WITH_ATTRIBUTION,FOLLOW_RECORDED_CC_LICENSE,mtg_jamendo_cc,e7978b11e0fdaf50f04b90d66aee9ffeceb4cd20d1633793955a2b14bd0cbaf7,mtg_jamendo_cc::track::jamendo_1046600,train,,,,,REAL,,,,,,,,,,,,,cal_v13,data\raw\public_v9\real_music\jamendo\1046600.low.mp3,e7978b11e0fdaf50f04b90d66aee9ffeceb4cd20d1633793955a2b14bd0cbaf7,APPROVED,raw_30s audio-low shard 00,unknown,jamendo_artist_89896c8044357911,jamendo_1046600,jamendo_1046600,jamendo::artist::89896c8044357911,none,-1
C:\Users\lLrich\ai_voice_data_v13\raw\mtg_jamendo_cc\cdd8019eb63d75a1646d8dff69794fc6731aad7380480bb9747643e9c0605bf4.mp3,0,0,0,0,1,jamendo_artist_a89f318b06f860b1,mtg_jamendo_cc::real,mtg_jamendo_cc,mtg_jamendo_cc,not_huggingface_official_archive,jamendo_1048300,jamendo::artist::a89f318b06f860b1,https://github.com/MTG/mtg-jamendo-dataset,raw_30s audio-low shard 00,http://creativecommons.org/licenses/by-nc-sa/3.0/,YES,PER_TRACK_LICENSE_WITH_ATTRIBUTION,FOLLOW_RECORDED_CC_LICENSE,mtg_jamendo_cc,cdd8019eb63d75a1646d8dff69794fc6731aad7380480bb9747643e9c0605bf4,mtg_jamendo_cc::track::jamendo_1048300,train,,,,,REAL,,,,,,,,,,,,,cal_v13,data\raw\public_v9\real_music\jamendo\1048300.low.mp3,cdd8019eb63d75a1646d8dff69794fc6731aad7380480bb9747643e9c0605bf4,APPROVED,raw_30s audio-low shard 00,unknown,jamendo_artist_a89f318b06f860b1,jamendo_1048300,jamendo_1048300,jamendo::artist::a89f318b06f860b1,none,-1
C:\Users\lLrich\ai_voice_data_v13\raw\mtg_jamendo_cc\91cbde6a22a168b21732c7ca44580afced508696c7e5745f2d8c84990fd85727.mp3,0,0,0,0,1,jamendo_artist_dbbe1b65a836b88d,mtg_jamendo_cc::real,mtg_jamendo_cc,mtg_jamendo_cc,not_huggingface_official_archive,jamendo_1051200,jamendo::artist::dbbe1b65a836b88d,https://github.com/MTG/mtg-jamendo-dataset,raw_30s audio-low shard 00,http://creativecommons.org/licenses/by-nc-sa/3.0/,YES,PER_TRACK_LICENSE_WITH_ATTRIBUTION,FOLLOW_RECORDED_CC_LICENSE,mtg_jamendo_cc,91cbde6a22a168b21732c7ca44580afced508696c7e5745f2d8c84990fd85727,mtg_jamendo_cc::track::jamendo_1051200,train,,,,,REAL,,,,,,,,,,,,,cal_v13,data\raw\public_v9\real_music\jamendo\1051200.low.mp3,91cbde6a22a168b21732c7ca44580afced508696c7e5745f2d8c84990fd85727,APPROVED,raw_30s audio-low shard 00,unknown,jamendo_artist_dbbe1b65a836b88d,jamendo_1051200,jamendo_1051200,jamendo::artist::dbbe1b65a836b88d,none,-1
C:\Users\lLrich\ai_voice_data_v13\raw\mtg_jamendo_cc\aab4b359baa0d6d64af9b2151bbe62ec7aacc785a0696e658952a4de971069c8.mp3,0,0,0,0,1,jamendo_artist_a891b66f7284e245,mtg_jamendo_cc::real,mtg_jamendo_cc,mtg_jamendo_cc,not_huggingface_official_archive,jamendo_1051500,jamendo::artist::a891b66f7284e245,https://github.com/MTG/mtg-jamendo-dataset,raw_30s audio-low shard 00,http://creativecommons.org/licenses/by-sa/3.0/,YES,PER_TRACK_LICENSE_WITH_ATTRIBUTION,FOLLOW_RECORDED_CC_LICENSE,mtg_jamendo_cc,aab4b359baa0d6d64af9b2151bbe62ec7aacc785a0696e658952a4de971069c8,mtg_jamendo_cc::track::jamendo_1051500,train,,,,,REAL,,,,,,,,,,,,,cal_v13,data\raw\public_v9\real_music\jamendo\1051500.low.mp3,aab4b359baa0d6d64af9b2151bbe62ec7aacc785a0696e658952a4de971069c8,APPROVED,raw_30s audio-low shard 00,unknown,jamendo_artist_a891b66f7284e245,jamendo_1051500,jamendo_1051500,jamendo::artist::a891b66f7284e245,none,-1
C:\Users\lLrich\ai_voice_data_v13\raw\mtg_jamendo_cc\3dd4edd00e1eebb2d647abb969f068a8075447297c0db8bf03b4730e0de22984.mp3,0,0,0,0,1,jamendo_artist_69671c92b63ad2d5,mtg_jamendo_cc::real,mtg_jamendo_cc,mtg_jamendo_cc,not_huggingface_official_archive,jamendo_1052800,jamendo::artist::69671c92b63ad2d5,https://github.com/MTG/mtg-jamendo-dataset,raw_30s audio-low shard 00,http://creativecommons.org/licenses/by-nc-sa/3.0/,YES,PER_TRACK_LICENSE_WITH_ATTRIBUTION,FOLLOW_RECORDED_CC_LICENSE,mtg_jamendo_cc,3dd4edd00e1eebb2d647abb969f068a8075447297c0db8bf03b4730e0de22984,mtg_jamendo_cc::track::jamendo_1052800,train,,,,,REAL,,,,,,,,,,,,,cal_v13,data\raw\public_v9\real_music\jamendo\1052800.low.mp3,3dd4edd00e1eebb2d647abb969f068a8075447297c0db8bf03b4730e0de22984,APPROVED,raw_30s audio-low shard 00,unknown,jamendo_artist_69671c92b63ad2d5,jamendo_1052800,jamendo_1052800,jamendo::artist::69671c92b63ad2d5,none,-1
C:\Users\lLrich\ai_voice_data_v13\raw\mtg_jamendo_cc\8f4e2153d74fd4fa91d3f03c6a9eaeeb04c5b02151cdb10d52104afc2ce0ad11.mp3,0,0,0,0,1,jamendo_artist_57e0b586eaa14a32,mtg_jamendo_cc::real,mtg_jamendo_cc,mtg_jamendo_cc,not_huggingface_official_archive,jamendo_1053400,jamendo::artist::57e0b586eaa14a32,https://github.com/MTG/mtg-jamendo-dataset,raw_30s audio-low shard 00,http://creativecommons.org/licenses/by-nc-sa/2.0/at/,YES,PER_TRACK_LICENSE_WITH_ATTRIBUTION,FOLLOW_RECORDED_CC_LICENSE,mtg_jamendo_cc,8f4e2153d74fd4fa91d3f03c6a9eaeeb04c5b02151cdb10d52104afc2ce0ad11,mtg_jamendo_cc::track::jamendo_1053400,train,,,,,REAL,,,,,,,,,,,,,cal_v13,data\raw\public_v9\real_music\jamendo\1053400.low.mp3,8f4e2153d74fd4fa91d3f03c6a9eaeeb04c5b02151cdb10d52104afc2ce0ad11,APPROVED,raw_30s audio-low shard 00,unknown,jamendo_artist_57e0b586eaa14a32,jamendo_1053400,jamendo_1053400,jamendo::artist::57e0b586eaa14a32,none,-1
C:\Users\lLrich\ai_voice_data_v13\raw\mtg_jamendo_cc\94147c893cc460266113e52726a25ad373d67253ee52cf932e85d32a541b1922.mp3,0,0,0,0,1,jamendo_artist_6fc2cedb5a5e7600,mtg_jamendo_cc::real,mtg_jamendo_cc,mtg_jamendo_cc,not_huggingface_official_archive,jamendo_1054100,jamendo::artist::6fc2cedb5a5e7600,https://github.com/MTG/mtg-jamendo-dataset,raw_30s audio-low shard 00,http://creativecommons.org/licenses/by-sa/3.0/,YES,PER_TRACK_LICENSE_WITH_ATTRIBUTION,FOLLOW_RECORDED_CC_LICENSE,mtg_jamendo_cc,94147c893cc460266113e52726a25ad373d67253ee52cf932e85d32a541b1922,mtg_jamendo_cc::track::jamendo_1054100,train,,,,,REAL,,,,,,,,,,,,,cal_v13,data\raw\public_v9\real_music\jamendo\1054100.low.mp3,94147c893cc460266113e52726a25ad373d67253ee52cf932e85d32a541b1922,APPROVED,raw_30s audio-low shard 00,unknown,jamendo_artist_6fc2cedb5a5e7600,jamendo_1054100,jamendo_1054100,jamendo::artist::6fc2cedb5a5e7600,none,-1
C:\Users\lLrich\ai_voice_data_v13\raw\mtg_jamendo_cc\04d5b169428679ecb7923fda93344c69484002801a4284627604ef7999c6d190.mp3,0,0,0,0,1,jamendo_artist_8aed5bf2e5601a06,mtg_jamendo_cc::real,mtg_jamendo_cc,mtg_jamendo_cc,not_huggingface_official_archive,jamendo_1056400,jamendo::artist::8aed5bf2e5601a06,https://github.com/MTG/mtg-jamendo-dataset,raw_30s audio-low shard 00,http://creativecommons.org/licenses/by-nc-sa/3.0/,YES,PER_TRACK_LICENSE_WITH_ATTRIBUTION,FOLLOW_RECORDED_CC_LICENSE,mtg_jamendo_cc,04d5b169428679ecb7923fda93344c69484002801a4284627604ef7999c6d190,mtg_jamendo_cc::track::jamendo_1056400,train,,,,,REAL,,,,,,,,,,,,,cal_v13,data\raw\public_v9\real_music\jamendo\1056400.low.mp3,04d5b169428679ecb7923fda93344c69484002801a4284627604ef7999c6d190,APPROVED,raw_30s audio-low shard 00,unknown,jamendo_artist_8aed5bf2e5601a06,jamendo_1056400,jamendo_1056400,jamendo::artist::8aed5bf2e5601a06,none,-1
C:\Users\lLrich\ai_voice_data_v13\raw\mtg_jamendo_cc\ef5784c780c9df05149810f01ccb9552fbe5dba56f11978d092ff8f3c7b99fc6.mp3,0,0,0,0,1,jamendo_artist_a93a02d05b522023,mtg_jamendo_cc::real,mtg_jamendo_cc,mtg_jamendo_cc,not_huggingface_official_archive,jamendo_1060000,jamendo::artist::a93a02d05b522023,https://github.com/MTG/mtg-jamendo-dataset,raw_30s audio-low shard 00,http://creativecommons.org/licenses/by-sa/3.0/,YES,PER_TRACK_LICENSE_WITH_ATTRIBUTION,FOLLOW_RECORDED_CC_LICENSE,mtg_jamendo_cc,ef5784c780c9df05149810f01ccb9552fbe5dba56f11978d092ff8f3c7b99fc6,mtg_jamendo_cc::track::jamendo_1060000,train,,,,,REAL,,,,,,,,,,,,,cal_v13,data\raw\public_v9\real_music\jamendo\1060000.low.mp3,ef5784c780c9df05149810f01ccb9552fbe5dba56f11978d092ff8f3c7b99fc6,APPROVED,raw_30s audio-low shard 00,unknown,jamendo_artist_a93a02d05b522023,jamendo_1060000,jamendo_1060000,jamendo::artist::a93a02d05b522023,none,-1
C:\Users\lLrich\ai_voice_data_v13\raw\mtg_jamendo_cc\28a10a9c59409fc4a888924aef155d258182e85e60f47c024fe7917fb5f5f67e.mp3,0,0,0,0,1,jamendo_artist_985abd747eafdea2,mtg_jamendo_cc::real,mtg_jamendo_cc,mtg_jamendo_cc,not_huggingface_official_archive,jamendo_1060600,jamendo::artist::985abd747eafdea2,https://github.com/MTG/mtg-jamendo-dataset,raw_30s audio-low shard 00,http://creativecommons.org/licenses/by-sa/2.5/it/,YES,PER_TRACK_LICENSE_WITH_ATTRIBUTION,FOLLOW_RECORDED_CC_LICENSE,mtg_jamendo_cc,28a10a9c59409fc4a888924aef155d258182e85e60f47c024fe7917fb5f5f67e,mtg_jamendo_cc::track::jamendo_1060600,train,,,,,REAL,,,,,,,,,,,,,cal_v13,data\raw\public_v9\real_music\jamendo\1060600.low.mp3,28a10a9c59409fc4a888924aef155d258182e85e60f47c024fe7917fb5f5f67e,APPROVED,raw_30s audio-low shard 00,unknown,jamendo_artist_985abd747eafdea2,jamendo_1060600,jamendo_1060600,jamendo::artist::985abd747eafdea2,none,-1
C:\Users\lLrich\ai_voice_data_v13\raw\mtg_jamendo_cc\8b2a0cd2a9a262dd7acbd0f935b1e4cadbb0b350e0b1557972d9f97ee703b560.mp3,0,0,0,0,1,jamendo_artist_8acbb9898525dc87,mtg_jamendo_cc::real,mtg_jamendo_cc,mtg_jamendo_cc,not_huggingface_official_archive,jamendo_1062600,jamendo::artist::8acbb9898525dc87,https://github.com/MTG/mtg-jamendo-dataset,raw_30s audio-low shard 00,http://creativecommons.org/licenses/by-nc/3.0/,YES,PER_TRACK_LICENSE_WITH_ATTRIBUTION,FOLLOW_RECORDED_CC_LICENSE,mtg_jamendo_cc,8b2a0cd2a9a262dd7acbd0f935b1e4cadbb0b350e0b1557972d9f97ee703b560,mtg_jamendo_cc::track::jamendo_1062600,train,,,,,REAL,,,,,,,,,,,,,cal_v13,data\raw\public_v9\real_music\jamendo\1062600.low.mp3,8b2a0cd2a9a262dd7acbd0f935b1e4cadbb0b350e0b1557972d9f97ee703b560,APPROVED,raw_30s audio-low shard 00,unknown,jamendo_artist_8acbb9898525dc87,jamendo_1062600,jamendo_1062600,jamendo::artist::8acbb9898525dc87,none,-1
C:\Users\lLrich\ai_voice_data_v13\raw\mtg_jamendo_cc\1c300e909b8f5f167385101d2efe5488a8843035e711c002d6e674b51b2ec5c5.mp3,0,0,0,0,1,jamendo_artist_d458907a881aeb3a,mtg_jamendo_cc::real,mtg_jamendo_cc,mtg_jamendo_cc,not_huggingface_official_archive,jamendo_1063200,jamendo::artist::d458907a881aeb3a,https://github.com/MTG/mtg-jamendo-dataset,raw_30s audio-low shard 00,http://creativecommons.org/licenses/by-sa/3.0/,YES,PER_TRACK_LICENSE_WITH_ATTRIBUTION,FOLLOW_RECORDED_CC_LICENSE,mtg_jamendo_cc,1c300e909b8f5f167385101d2efe5488a8843035e711c002d6e674b51b2ec5c5,mtg_jamendo_cc::track::jamendo_1063200,train,,,,,REAL,,,,,,,,,,,,,cal_v13,data\raw\public_v9\real_music\jamendo\1063200.low.mp3,1c300e909b8f5f167385101d2efe5488a8843035e711c002d6e674b51b2ec5c5,APPROVED,raw_30s audio-low shard 00,unknown,jamendo_artist_d458907a881aeb3a,jamendo_1063200,jamendo_1063200,jamendo::artist::d458907a881aeb3a,none,-1
C:\Users\lLrich\ai_voice_data_v13\raw\mtg_jamendo_cc\51cd7dbf29fae71f87cb0ee239914a9d3bbebfb060bfa690e1fa6ac8d9882c68.mp3,0,0,0,0,1,jamendo_artist_59c672510e4bc3d3,mtg_jamendo_cc::real,mtg_jamendo_cc,mtg_jamendo_cc,not_huggingface_official_archive,jamendo_1066200,jamendo::artist::59c672510e4bc3d3,https://github.com/MTG/mtg-jamendo-dataset,raw_30s audio-low shard 00,http://creativecommons.org/licenses/by-nc-sa/3.0/,YES,PER_TRACK_LICENSE_WITH_ATTRIBUTION,FOLLOW_RECORDED_CC_LICENSE,mtg_jamendo_cc,51cd7dbf29fae71f87cb0ee239914a9d3bbebfb060bfa690e1fa6ac8d9882c68,mtg_jamendo_cc::track::jamendo_1066200,train,,,,,REAL,,,,,,,,,,,,,cal_v13,data\raw\public_v9\real_music\jamendo\1066200.low.mp3,51cd7dbf29fae71f87cb0ee239914a9d3bbebfb060bfa690e1fa6ac8d9882c68,APPROVED,raw_30s audio-low shard 00,unknown,jamendo_artist_59c672510e4bc3d3,jamendo_1066200,jamendo_1066200,jamendo::artist::59c672510e4bc3d3,none,-1
C:\Users\lLrich\ai_voice_data_v13\raw\mtg_jamendo_cc\d5d3525097d4913947a0d0d7dc3fbfd96f7e5176681a20450c758e19694163ed.mp3,0,0,0,0,1,jamendo_artist_53f9c19a2bf5e3cd,mtg_jamendo_cc::real,mtg_jamendo_cc,mtg_jamendo_cc,not_huggingface_official_archive,jamendo_1066800,jamendo::artist::53f9c19a2bf5e3cd,https://github.com/MTG/mtg-jamendo-dataset,raw_30s audio-low shard 00,http://creativecommons.org/licenses/by-nc-sa/3.0/,YES,PER_TRACK_LICENSE_WITH_ATTRIBUTION,FOLLOW_RECORDED_CC_LICENSE,mtg_jamendo_cc,d5d3525097d4913947a0d0d7dc3fbfd96f7e5176681a20450c758e19694163ed,mtg_jamendo_cc::track::jamendo_1066800,train,,,,,REAL,,,,,,,,,,,,,cal_v13,data\raw\public_v9\real_music\jamendo\1066800.low.mp3,d5d3525097d4913947a0d0d7dc3fbfd96f7e5176681a20450c758e19694163ed,APPROVED,raw_30s audio-low shard 00,unknown,jamendo_artist_53f9c19a2bf5e3cd,jamendo_1066800,jamendo_1066800,jamendo::artist::53f9c19a2bf5e3cd,none,-1
C:\Users\lLrich\ai_voice_data_v13\raw\mtg_jamendo_cc\ee4922398e3490531ebb29fe9676a59a64cb4ee91c877e6f18561b485579d61d.mp3,0,0,0,0,1,jamendo_artist_7f08e148c01c8243,mtg_jamendo_cc::real,mtg_jamendo_cc,mtg_jamendo_cc,not_huggingface_official_archive,jamendo_1069400,jamendo::artist::7f08e148c01c8243,https://github.com/MTG/mtg-jamendo-dataset,raw_30s audio-low shard 00,http://creativecommons.org/licenses/by-sa/2.0/de/,YES,PER_TRACK_LICENSE_WITH_ATTRIBUTION,FOLLOW_RECORDED_CC_LICENSE,mtg_jamendo_cc,ee4922398e3490531ebb29fe9676a59a64cb4ee91c877e6f18561b485579d61d,mtg_jamendo_cc::track::jamendo_1069400,train,,,,,REAL,,,,,,,,,,,,,cal_v13,data\raw\public_v9\real_music\jamendo\1069400.low.mp3,ee4922398e3490531ebb29fe9676a59a64cb4ee91c877e6f18561b485579d61d,APPROVED,raw_30s audio-low shard 00,unknown,jamendo_artist_7f08e148c01c8243,jamendo_1069400,jamendo_1069400,jamendo::artist::7f08e148c01c8243,none,-1
C:\Users\lLrich\ai_voice_data_v13\raw\mtg_jamendo_cc\e7fde72eab523688ee8d2451bd23b1bfb516e8c39679b90644a6da034a284ada.mp3,0,0,0,0,1,jamendo_artist_76c227ced056fb15,mtg_jamendo_cc::real,mtg_jamendo_cc,mtg_jamendo_cc,not_huggingface_official_archive,jamendo_1069500,jamendo::artist::76c227ced056fb15,https://github.com/MTG/mtg-jamendo-dataset,raw_30s audio-low shard 00,http://creativecommons.org/licenses/by-sa/3.0/,YES,PER_TRACK_LICENSE_WITH_ATTRIBUTION,FOLLOW_RECORDED_CC_LICENSE,mtg_jamendo_cc,e7fde72eab523688ee8d2451bd23b1bfb516e8c39679b90644a6da034a284ada,mtg_jamendo_cc::track::jamendo_1069500,train,,,,,REAL,,,,,,,,,,,,,cal_v13,data\raw\public_v9\real_music\jamendo\1069500.low.mp3,e7fde72eab523688ee8d2451bd23b1bfb516e8c39679b90644a6da034a284ada,APPROVED,raw_30s audio-low shard 00,unknown,jamendo_artist_76c227ced056fb15,jamendo_1069500,jamendo_1069500,jamendo::artist::76c227ced056fb15,none,-1
C:\Users\lLrich\ai_voice_data_v13\raw\mtg_jamendo_cc\54b6abd115e6446f5165d5e841ab112b9d7b45ff90a52fee5999678878c00607.mp3,0,0,0,0,1,jamendo_artist_cad20f6259b98d48,mtg_jamendo_cc::real,mtg_jamendo_cc,mtg_jamendo_cc,not_huggingface_official_archive,jamendo_1070600,jamendo::artist::cad20f6259b98d48,https://github.com/MTG/mtg-jamendo-dataset,raw_30s audio-low shard 00,http://creativecommons.org/licenses/by-nc-sa/3.0/,YES,PER_TRACK_LICENSE_WITH_ATTRIBUTION,FOLLOW_RECORDED_CC_LICENSE,mtg_jamendo_cc,54b6abd115e6446f5165d5e841ab112b9d7b45ff90a52fee5999678878c00607,mtg_jamendo_cc::track::jamendo_1070600,train,,,,,REAL,,,,,,,,,,,,,cal_v13,data\raw\public_v9\real_music\jamendo\1070600.low.mp3,54b6abd115e6446f5165d5e841ab112b9d7b45ff90a52fee5999678878c00607,APPROVED,raw_30s audio-low shard 00,unknown,jamendo_artist_cad20f6259b98d48,jamendo_1070600,jamendo_1070600,jamendo::artist::cad20f6259b98d48,none,-1
C:\Users\lLrich\ai_voice_data_v13\raw\mtg_jamendo_cc\5bd38589faba9bb347415c11424decf797931e5f77a5b03b890e8d91e54c0f3e.mp3,0,0,0,0,1,jamendo_artist_9aa386e102ad0048,mtg_jamendo_cc::real,mtg_jamendo_cc,mtg_jamendo_cc,not_huggingface_official_archive,jamendo_1071300,jamendo::artist::9aa386e102ad0048,https://github.com/MTG/mtg-jamendo-dataset,raw_30s audio-low shard 00,http://creativecommons.org/licenses/by-sa/3.0/,YES,PER_TRACK_LICENSE_WITH_ATTRIBUTION,FOLLOW_RECORDED_CC_LICENSE,mtg_jamendo_cc,5bd38589faba9bb347415c11424decf797931e5f77a5b03b890e8d91e54c0f3e,mtg_jamendo_cc::track::jamendo_1071300,train,,,,,REAL,,,,,,,,,,,,,cal_v13,data\raw\public_v9\real_music\jamendo\1071300.low.mp3,5bd38589faba9bb347415c11424decf797931e5f77a5b03b890e8d91e54c0f3e,APPROVED,raw_30s audio-low shard 00,unknown,jamendo_artist_9aa386e102ad0048,jamendo_1071300,jamendo_1071300,jamendo::artist::9aa386e102ad0048,none,-1
C:\Users\lLrich\ai_voice_data_v13\raw\mtg_jamendo_cc\1a34c7e1300055ebc206cdd67fcc788b4ea4483bda83c90105ceabfd1d0cd910.mp3,0,0,0,0,1,jamendo_artist_09ed0eb35ac10636,mtg_jamendo_cc::real,mtg_jamendo_cc,mtg_jamendo_cc,not_huggingface_official_archive,jamendo_1072900,jamendo::artist::09ed0eb35ac10636,https://github.com/MTG/mtg-jamendo-dataset,raw_30s audio-low shard 00,http://creativecommons.org/licenses/by-sa/3.0/,YES,PER_TRACK_LICENSE_WITH_ATTRIBUTION,FOLLOW_RECORDED_CC_LICENSE,mtg_jamendo_cc,1a34c7e1300055ebc206cdd67fcc788b4ea4483bda83c90105ceabfd1d0cd910,mtg_jamendo_cc::track::jamendo_1072900,train,,,,,REAL,,,,,,,,,,,,,cal_v13,data\raw\public_v9\real_music\jamendo\1072900.low.mp3,1a34c7e1300055ebc206cdd67fcc788b4ea4483bda83c90105ceabfd1d0cd910,APPROVED,raw_30s audio-low shard 00,unknown,jamendo_artist_09ed0eb35ac10636,jamendo_1072900,jamendo_1072900,jamendo::artist::09ed0eb35ac10636,none,-1
C:\Users\lLrich\ai_voice_data_v13\raw\mtg_jamendo_cc\f379ddfa3406927c21b5cf631ba577bd22b6124bf0637a48d8dc4a3e681cfa64.mp3,0,0,0,0,1,jamendo_artist_8714c29824ddf37c,mtg_jamendo_cc::real,mtg_jamendo_cc,mtg_jamendo_cc,not_huggingface_official_archive,jamendo_1073700,jamendo::artist::8714c29824ddf37c,https://github.com/MTG/mtg-jamendo-dataset,raw_30s audio-low shard 00,http://creativecommons.org/licenses/by-nc-sa/3.0/,YES,PER_TRACK_LICENSE_WITH_ATTRIBUTION,FOLLOW_RECORDED_CC_LICENSE,mtg_jamendo_cc,f379ddfa3406927c21b5cf631ba577bd22b6124bf0637a48d8dc4a3e681cfa64,mtg_jamendo_cc::track::jamendo_1073700,train,,,,,REAL,,,,,,,,,,,,,cal_v13,data\raw\public_v9\real_music\jamendo\1073700.low.mp3,f379ddfa3406927c21b5cf631ba577bd22b6124bf0637a48d8dc4a3e681cfa64,APPROVED,raw_30s audio-low shard 00,unknown,jamendo_artist_8714c29824ddf37c,jamendo_1073700,jamendo_1073700,jamendo::artist::8714c29824ddf37c,none,-1
C:\Users\lLrich\ai_voice_data_v13\raw\mtg_jamendo_cc\02964d35a107eeb56f64c6bd7bcc45d5433e611e88909b3a9da4006aa0dd0fda.mp3,0,0,0,0,1,jamendo_artist_b463cddcbf74134d,mtg_jamendo_cc::real,mtg_jamendo_cc,mtg_jamendo_cc,not_huggingface_official_archive,jamendo_1075700,jamendo::artist::b463cddcbf74134d,https://github.com/MTG/mtg-jamendo-dataset,raw_30s audio-low shard 00,http://creativecommons.org/licenses/by/2.0/de/,YES,PER_TRACK_LICENSE_WITH_ATTRIBUTION,FOLLOW_RECORDED_CC_LICENSE,mtg_jamendo_cc,02964d35a107eeb56f64c6bd7bcc45d5433e611e88909b3a9da4006aa0dd0fda,mtg_jamendo_cc::track::jamendo_1075700,train,,,,,REAL,,,,,,,,,,,,,cal_v13,data\raw\public_v9\real_music\jamendo\1075700.low.mp3,02964d35a107eeb56f64c6bd7bcc45d5433e611e88909b3a9da4006aa0dd0fda,APPROVED,raw_30s audio-low shard 00,unknown,jamendo_artist_b463cddcbf74134d,jamendo_1075700,jamendo_1075700,jamendo::artist::b463cddcbf74134d,none,-1
C:\Users\lLrich\ai_voice_data_v13\raw\mtg_jamendo_cc\9c1786bdbeb53c2ea0c5185a9096cf9a4d2fb5d6eb2b7e21ef4b7a12f055a943.mp3,0,0,0,0,1,jamendo_artist_572ed586fc485bb9,mtg_jamendo_cc::real,mtg_jamendo_cc,mtg_jamendo_cc,not_huggingface_official_archive,jamendo_1076600,jamendo::artist::572ed586fc485bb9,https://github.com/MTG/mtg-jamendo-dataset,raw_30s audio-low shard 00,http://creativecommons.org/licenses/by-sa/3.0/,YES,PER_TRACK_LICENSE_WITH_ATTRIBUTION,FOLLOW_RECORDED_CC_LICENSE,mtg_jamendo_cc,9c1786bdbeb53c2ea0c5185a9096cf9a4d2fb5d6eb2b7e21ef4b7a12f055a943,mtg_jamendo_cc::track::jamendo_1076600,train,,,,,REAL,,,,,,,,,,,,,cal_v13,data\raw\public_v9\real_music\jamendo\1076600.low.mp3,9c1786bdbeb53c2ea0c5185a9096cf9a4d2fb5d6eb2b7e21ef4b7a12f055a943,APPROVED,raw_30s audio-low shard 00,unknown,jamendo_artist_572ed586fc485bb9,jamendo_1076600,jamendo_1076600,jamendo::artist::572ed586fc485bb9,none,-1
C:\Users\lLrich\ai_voice_data_v13\raw\mtg_jamendo_cc\f18f165ff3d8ebbafc37260bd706504b7c07f6232cef9eb7e99c67a8d2bae6fe.mp3,0,0,0,0,1,jamendo_artist_74fc52255611b172,mtg_jamendo_cc::real,mtg_jamendo_cc,mtg_jamendo_cc,not_huggingface_official_archive,jamendo_1079300,jamendo::artist::74fc52255611b172,https://github.com/MTG/mtg-jamendo-dataset,raw_30s audio-low shard 00,http://creativecommons.org/licenses/by-sa/3.0/,YES,PER_TRACK_LICENSE_WITH_ATTRIBUTION,FOLLOW_RECORDED_CC_LICENSE,mtg_jamendo_cc,f18f165ff3d8ebbafc37260bd706504b7c07f6232cef9eb7e99c67a8d2bae6fe,mtg_jamendo_cc::track::jamendo_1079300,train,,,,,REAL,,,,,,,,,,,,,cal_v13,data\raw\public_v9\real_music\jamendo\1079300.low.mp3,f18f165ff3d8ebbafc37260bd706504b7c07f6232cef9eb7e99c67a8d2bae6fe,APPROVED,raw_30s audio-low shard 00,unknown,jamendo_artist_74fc52255611b172,jamendo_1079300,jamendo_1079300,jamendo::artist::74fc52255611b172,none,-1
C:\Users\lLrich\ai_voice_data_v13\raw\mtg_jamendo_cc\01b658099b7080038223bca36eb7a6c0a8f04b6ce22b6037db8a0024ef2b4c2e.mp3,0,0,0,0,1,jamendo_artist_f17a80261e9befaa,mtg_jamendo_cc::real,mtg_jamendo_cc,mtg_jamendo_cc,not_huggingface_official_archive,jamendo_1079400,jamendo::artist::f17a80261e9befaa,https://github.com/MTG/mtg-jamendo-dataset,raw_30s audio-low shard 00,http://creativecommons.org/licenses/by-nc-sa/3.0/,YES,PER_TRACK_LICENSE_WITH_ATTRIBUTION,FOLLOW_RECORDED_CC_LICENSE,mtg_jamendo_cc,01b658099b7080038223bca36eb7a6c0a8f04b6ce22b6037db8a0024ef2b4c2e,mtg_jamendo_cc::track::jamendo_1079400,train,,,,,REAL,,,,,,,,,,,,,cal_v13,data\raw\public_v9\real_music\jamendo\1079400.low.mp3,01b658099b7080038223bca36eb7a6c0a8f04b6ce22b6037db8a0024ef2b4c2e,APPROVED,raw_30s audio-low shard 00,unknown,jamendo_artist_f17a80261e9befaa,jamendo_1079400,jamendo_1079400,jamendo::artist::f17a80261e9befaa,none,-1
C:\Users\lLrich\ai_voice_data_v13\raw\mtg_jamendo_cc\fac675dea8c2aa08425ab49057089eb3fd285987aaee077dee176c64e8e6a270.mp3,0,0,0,0,1,jamendo_artist_989ec5ecbeaee4b8,mtg_jamendo_cc::real,mtg_jamendo_cc,mtg_jamendo_cc,not_huggingface_official_archive,jamendo_1080900,jamendo::artist::989ec5ecbeaee4b8,https://github.com/MTG/mtg-jamendo-dataset,raw_30s audio-low shard 00,http://creativecommons.org/licenses/by-sa/2.0/de/,YES,PER_TRACK_LICENSE_WITH_ATTRIBUTION,FOLLOW_RECORDED_CC_LICENSE,mtg_jamendo_cc,fac675dea8c2aa08425ab49057089eb3fd285987aaee077dee176c64e8e6a270,mtg_jamendo_cc::track::jamendo_1080900,train,,,,,REAL,,,,,,,,,,,,,cal_v13,data\raw\public_v9\real_music\jamendo\1080900.low.mp3,fac675dea8c2aa08425ab49057089eb3fd285987aaee077dee176c64e8e6a270,APPROVED,raw_30s audio-low shard 00,unknown,jamendo_artist_989ec5ecbeaee4b8,jamendo_1080900,jamendo_1080900,jamendo::artist::989ec5ecbeaee4b8,none,-1
C:\Users\lLrich\ai_voice_data_v13\raw\mtg_jamendo_cc\6db6993751a52ecbe8629e5f96bbc9f352bafb47274ecdefdd68273b89cde5fe.mp3,0,0,0,0,1,jamendo_artist_9503b3c355065db8,mtg_jamendo_cc::real,mtg_jamendo_cc,mtg_jamendo_cc,not_huggingface_official_archive,jamendo_1082100,jamendo::artist::9503b3c355065db8,https://github.com/MTG/mtg-jamendo-dataset,raw_30s audio-low shard 00,http://creativecommons.org/licenses/by-nc-sa/3.0/,YES,PER_TRACK_LICENSE_WITH_ATTRIBUTION,FOLLOW_RECORDED_CC_LICENSE,mtg_jamendo_cc,6db6993751a52ecbe8629e5f96bbc9f352bafb47274ecdefdd68273b89cde5fe,mtg_jamendo_cc::track::jamendo_1082100,train,,,,,REAL,,,,,,,,,,,,,cal_v13,data\raw\public_v9\real_music\jamendo\1082100.low.mp3,6db6993751a52ecbe8629e5f96bbc9f352bafb47274ecdefdd68273b89cde5fe,APPROVED,raw_30s audio-low shard 00,unknown,jamendo_artist_9503b3c355065db8,jamendo_1082100,jamendo_1082100,jamendo::artist::9503b3c355065db8,none,-1
C:\Users\lLrich\ai_voice_data_v13\raw\mtg_jamendo_cc\841de22c8132809f5bc43d05c1345b084d3d33d12f73c38bdabe2fd42ebd5796.mp3,0,0,0,0,1,jamendo_artist_d371ecabe361e780,mtg_jamendo_cc::real,mtg_jamendo_cc,mtg_jamendo_cc,not_huggingface_official_archive,jamendo_1083100,jamendo::artist::d371ecabe361e780,https://github.com/MTG/mtg-jamendo-dataset,raw_30s audio-low shard 00,http://creativecommons.org/licenses/by-nc-sa/2.0/fr/,YES,PER_TRACK_LICENSE_WITH_ATTRIBUTION,FOLLOW_RECORDED_CC_LICENSE,mtg_jamendo_cc,841de22c8132809f5bc43d05c1345b084d3d33d12f73c38bdabe2fd42ebd5796,mtg_jamendo_cc::track::jamendo_1083100,train,,,,,REAL,,,,,,,,,,,,,cal_v13,data\raw\public_v9\real_music\jamendo\1083100.low.mp3,841de22c8132809f5bc43d05c1345b084d3d33d12f73c38bdabe2fd42ebd5796,APPROVED,raw_30s audio-low shard 00,unknown,jamendo_artist_d371ecabe361e780,jamendo_1083100,jamendo_1083100,jamendo::artist::d371ecabe361e780,none,-1
C:\Users\lLrich\ai_voice_data_v13\raw\mtg_jamendo_cc\6587172d64b60194d6ed60e2144b4e65378e19611ca05fc806b5e97fde25c2b5.mp3,0,0,0,0,1,jamendo_artist_9503b3c355065db8,mtg_jamendo_cc::real,mtg_jamendo_cc,mtg_jamendo_cc,not_huggingface_official_archive,jamendo_1084200,jamendo::artist::9503b3c355065db8,https://github.com/MTG/mtg-jamendo-dataset,raw_30s audio-low shard 00,http://creativecommons.org/licenses/by-nc-sa/3.0/,YES,PER_TRACK_LICENSE_WITH_ATTRIBUTION,FOLLOW_RECORDED_CC_LICENSE,mtg_jamendo_cc,6587172d64b60194d6ed60e2144b4e65378e19611ca05fc806b5e97fde25c2b5,mtg_jamendo_cc::track::jamendo_1084200,train,,,,,REAL,,,,,,,,,,,,,cal_v13,data\raw\public_v9\real_music\jamendo\1084200.low.mp3,6587172d64b60194d6ed60e2144b4e65378e19611ca05fc806b5e97fde25c2b5,APPROVED,raw_30s audio-low shard 00,unknown,jamendo_artist_9503b3c355065db8,jamendo_1084200,jamendo_1084200,jamendo::artist::9503b3c355065db8,none,-1
C:\Users\lLrich\ai_voice_data_v13\raw\mtg_jamendo_cc\572b6f72b7a2639ec88f5772033dde686888719c20bf95489527ecec8fd708c4.mp3,0,0,0,0,1,jamendo_artist_a24297c696db4090,mtg_jamendo_cc::real,mtg_jamendo_cc,mtg_jamendo_cc,not_huggingface_official_archive,jamendo_1085600,jamendo::artist::a24297c696db4090,https://github.com/MTG/mtg-jamendo-dataset,raw_30s audio-low shard 00,http://creativecommons.org/licenses/by-sa/3.0/,YES,PER_TRACK_LICENSE_WITH_ATTRIBUTION,FOLLOW_RECORDED_CC_LICENSE,mtg_jamendo_cc,572b6f72b7a2639ec88f5772033dde686888719c20bf95489527ecec8fd708c4,mtg_jamendo_cc::track::jamendo_1085600,train,,,,,REAL,,,,,,,,,,,,,cal_v13,data\raw\public_v9\real_music\jamendo\1085600.low.mp3,572b6f72b7a2639ec88f5772033dde686888719c20bf95489527ecec8fd708c4,APPROVED,raw_30s audio-low shard 00,unknown,jamendo_artist_a24297c696db4090,jamendo_1085600,jamendo_1085600,jamendo::artist::a24297c696db4090,none,-1
C:\Users\lLrich\ai_voice_data_v13\raw\mtg_jamendo_cc\c4e973bd0cd49a7aa6d878f0aca78aff175e0bf0107f3be6186dc1340900d6ad.mp3,0,0,0,0,1,jamendo_artist_9aa386e102ad0048,mtg_jamendo_cc::real,mtg_jamendo_cc,mtg_jamendo_cc,not_huggingface_official_archive,jamendo_1085700,jamendo::artist::9aa386e102ad0048,https://github.com/MTG/mtg-jamendo-dataset,raw_30s audio-low shard 00,http://creativecommons.org/licenses/by-sa/3.0/,YES,PER_TRACK_LICENSE_WITH_ATTRIBUTION,FOLLOW_RECORDED_CC_LICENSE,mtg_jamendo_cc,c4e973bd0cd49a7aa6d878f0aca78aff175e0bf0107f3be6186dc1340900d6ad,mtg_jamendo_cc::track::jamendo_1085700,train,,,,,REAL,,,,,,,,,,,,,cal_v13,data\raw\public_v9\real_music\jamendo\1085700.low.mp3,c4e973bd0cd49a7aa6d878f0aca78aff175e0bf0107f3be6186dc1340900d6ad,APPROVED,raw_30s audio-low shard 00,unknown,jamendo_artist_9aa386e102ad0048,jamendo_1085700,jamendo_1085700,jamendo::artist::9aa386e102ad0048,none,-1
C:\Users\lLrich\ai_voice_data_v13\raw\mtg_jamendo_cc\a9302e2ab6fc1e4a086f1a555ea2664da953ed05574571cdba1beca61602ef88.mp3,0,0,0,0,1,jamendo_artist_a24297c696db4090,mtg_jamendo_cc::real,mtg_jamendo_cc,mtg_jamendo_cc,not_huggingface_official_archive,jamendo_1086300,jamendo::artist::a24297c696db4090,https://github.com/MTG/mtg-jamendo-dataset,raw_30s audio-low shard 00,http://creativecommons.org/licenses/by-sa/3.0/,YES,PER_TRACK_LICENSE_WITH_ATTRIBUTION,FOLLOW_RECORDED_CC_LICENSE,mtg_jamendo_cc,a9302e2ab6fc1e4a086f1a555ea2664da953ed05574571cdba1beca61602ef88,mtg_jamendo_cc::track::jamendo_1086300,train,,,,,REAL,,,,,,,,,,,,,cal_v13,data\raw\public_v9\real_music\jamendo\1086300.low.mp3,a9302e2ab6fc1e4a086f1a555ea2664da953ed05574571cdba1beca61602ef88,APPROVED,raw_30s audio-low shard 00,unknown,jamendo_artist_a24297c696db4090,jamendo_1086300,jamendo_1086300,jamendo::artist::a24297c696db4090,none,-1
C:\Users\lLrich\ai_voice_data_v13\raw\mtg_jamendo_cc\43da51e70309e4d5c0a4e29bf82cbeb4eca0d1f57bee088ad22ecbb0793121ea.mp3,0,0,0,0,1,jamendo_artist_69839d753d3f5fe7,mtg_jamendo_cc::real,mtg_jamendo_cc,mtg_jamendo_cc,not_huggingface_official_archive,jamendo_1086700,jamendo::artist::69839d753d3f5fe7,https://github.com/MTG/mtg-jamendo-dataset,raw_30s audio-low shard 00,http://creativecommons.org/licenses/by-nc-sa/3.0/,YES,PER_TRACK_LICENSE_WITH_ATTRIBUTION,FOLLOW_RECORDED_CC_LICENSE,mtg_jamendo_cc,43da51e70309e4d5c0a4e29bf82cbeb4eca0d1f57bee088ad22ecbb0793121ea,mtg_jamendo_cc::track::jamendo_1086700,train,,,,,REAL,,,,,,,,,,,,,cal_v13,data\raw\public_v9\real_music\jamendo\1086700.low.mp3,43da51e70309e4d5c0a4e29bf82cbeb4eca0d1f57bee088ad22ecbb0793121ea,APPROVED,raw_30s audio-low shard 00,unknown,jamendo_artist_69839d753d3f5fe7,jamendo_1086700,jamendo_1086700,jamendo::artist::69839d753d3f5fe7,none,-1
C:\Users\lLrich\ai_voice_data_v13\raw\mtg_jamendo_cc\7628c4aafd15b9a76cb5ded397d1e1ea1b46cd7113ac46609154434d7dc1f3f7.mp3,0,0,0,0,1,jamendo_artist_31ead7adf1604f48,mtg_jamendo_cc::real,mtg_jamendo_cc,mtg_jamendo_cc,not_huggingface_official_archive,jamendo_1088000,jamendo::artist::31ead7adf1604f48,https://github.com/MTG/mtg-jamendo-dataset,raw_30s audio-low shard 00,http://creativecommons.org/licenses/by-nc-sa/3.0/,YES,PER_TRACK_LICENSE_WITH_ATTRIBUTION,FOLLOW_RECORDED_CC_LICENSE,mtg_jamendo_cc,7628c4aafd15b9a76cb5ded397d1e1ea1b46cd7113ac46609154434d7dc1f3f7,mtg_jamendo_cc::track::jamendo_1088000,train,,,,,REAL,,,,,,,,,,,,,cal_v13,data\raw\public_v9\real_music\jamendo\1088000.low.mp3,7628c4aafd15b9a76cb5ded397d1e1ea1b46cd7113ac46609154434d7dc1f3f7,APPROVED,raw_30s audio-low shard 00,unknown,jamendo_artist_31ead7adf1604f48,jamendo_1088000,jamendo_1088000,jamendo::artist::31ead7adf1604f48,none,-1
C:\Users\lLrich\ai_voice_data_v13\raw\mtg_jamendo_cc\7a88ff85da9ba6bb4573989da82908058408b7c2d58bbeb20421244eb2f12ad5.mp3,0,0,0,0,1,jamendo_artist_1e592f0cc5e30975,mtg_jamendo_cc::real,mtg_jamendo_cc,mtg_jamendo_cc,not_huggingface_official_archive,jamendo_1088100,jamendo::artist::1e592f0cc5e30975,https://github.com/MTG/mtg-jamendo-dataset,raw_30s audio-low shard 00,http://creativecommons.org/licenses/by-nc-sa/3.0/,YES,PER_TRACK_LICENSE_WITH_ATTRIBUTION,FOLLOW_RECORDED_CC_LICENSE,mtg_jamendo_cc,7a88ff85da9ba6bb4573989da82908058408b7c2d58bbeb20421244eb2f12ad5,mtg_jamendo_cc::track::jamendo_1088100,train,,,,,REAL,,,,,,,,,,,,,cal_v13,data\raw\public_v9\real_music\jamendo\1088100.low.mp3,7a88ff85da9ba6bb4573989da82908058408b7c2d58bbeb20421244eb2f12ad5,APPROVED,raw_30s audio-low shard 00,unknown,jamendo_artist_1e592f0cc5e30975,jamendo_1088100,jamendo_1088100,jamendo::artist::1e592f0cc5e30975,none,-1
C:\Users\lLrich\ai_voice_data_v13\raw\mtg_jamendo_cc\23682ea5d67944d26282b271a1144a21a904f30760c4bca150e3232722311fd0.mp3,0,0,0,0,1,jamendo_artist_203681919a7437d8,mtg_jamendo_cc::real,mtg_jamendo_cc,mtg_jamendo_cc,not_huggingface_official_archive,jamendo_1089300,jamendo::artist::203681919a7437d8,https://github.com/MTG/mtg-jamendo-dataset,raw_30s audio-low shard 00,http://creativecommons.org/licenses/by-sa/3.0/,YES,PER_TRACK_LICENSE_WITH_ATTRIBUTION,FOLLOW_RECORDED_CC_LICENSE,mtg_jamendo_cc,23682ea5d67944d26282b271a1144a21a904f30760c4bca150e3232722311fd0,mtg_jamendo_cc::track::jamendo_1089300,train,,,,,REAL,,,,,,,,,,,,,cal_v13,data\raw\public_v9\real_music\jamendo\1089300.low.mp3,23682ea5d67944d26282b271a1144a21a904f30760c4bca150e3232722311fd0,APPROVED,raw_30s audio-low shard 00,unknown,jamendo_artist_203681919a7437d8,jamendo_1089300,jamendo_1089300,jamendo::artist::203681919a7437d8,none,-1
C:\Users\lLrich\ai_voice_data_v13\raw\mtg_jamendo_cc\a3c0a6c7cd6f8c27bb900f7c933d1b7c6ff747f766d0df753845fad2f46a500e.mp3,0,0,0,0,1,jamendo_artist_69f6895099870541,mtg_jamendo_cc::real,mtg_jamendo_cc,mtg_jamendo_cc,not_huggingface_official_archive,jamendo_1090200,jamendo::artist::69f6895099870541,https://github.com/MTG/mtg-jamendo-dataset,raw_30s audio-low shard 00,http://creativecommons.org/licenses/by-nc-sa/3.0/,YES,PER_TRACK_LICENSE_WITH_ATTRIBUTION,FOLLOW_RECORDED_CC_LICENSE,mtg_jamendo_cc,a3c0a6c7cd6f8c27bb900f7c933d1b7c6ff747f766d0df753845fad2f46a500e,mtg_jamendo_cc::track::jamendo_1090200,train,,,,,REAL,,,,,,,,,,,,,cal_v13,data\raw\public_v9\real_music\jamendo\1090200.low.mp3,a3c0a6c7cd6f8c27bb900f7c933d1b7c6ff747f766d0df753845fad2f46a500e,APPROVED,raw_30s audio-low shard 00,unknown,jamendo_artist_69f6895099870541,jamendo_1090200,jamendo_1090200,jamendo::artist::69f6895099870541,none,-1
C:\Users\lLrich\ai_voice_data_v13\raw\mtg_jamendo_cc\9240639e6e0ac5412c61c0e16c73f98cf0bc57410edbfeb566c447d5aa3b57fc.mp3,0,0,0,0,1,jamendo_artist_996f9790b5d75494,mtg_jamendo_cc::real,mtg_jamendo_cc,mtg_jamendo_cc,not_huggingface_official_archive,jamendo_1090700,jamendo::artist::996f9790b5d75494,https://github.com/MTG/mtg-jamendo-dataset,raw_30s audio-low shard 00,http://creativecommons.org/licenses/by-nc-sa/3.0/,YES,PER_TRACK_LICENSE_WITH_ATTRIBUTION,FOLLOW_RECORDED_CC_LICENSE,mtg_jamendo_cc,9240639e6e0ac5412c61c0e16c73f98cf0bc57410edbfeb566c447d5aa3b57fc,mtg_jamendo_cc::track::jamendo_1090700,train,,,,,REAL,,,,,,,,,,,,,cal_v13,data\raw\public_v9\real_music\jamendo\1090700.low.mp3,9240639e6e0ac5412c61c0e16c73f98cf0bc57410edbfeb566c447d5aa3b57fc,APPROVED,raw_30s audio-low shard 00,unknown,jamendo_artist_996f9790b5d75494,jamendo_1090700,jamendo_1090700,jamendo::artist::996f9790b5d75494,none,-1
C:\Users\lLrich\ai_voice_data_v13\raw\mtg_jamendo_cc\24f98f44cf0b0ab4a973b6da7fd0eb8f2837ce31987866fbb39379992962e62c.mp3,0,0,0,0,1,jamendo_artist_0db301007444ac0a,mtg_jamendo_cc::real,mtg_jamendo_cc,mtg_jamendo_cc,not_huggingface_official_archive,jamendo_1093500,jamendo::artist::0db301007444ac0a,https://github.com/MTG/mtg-jamendo-dataset,raw_30s audio-low shard 00,http://creativecommons.org/licenses/by-nc-sa/3.0/,YES,PER_TRACK_LICENSE_WITH_ATTRIBUTION,FOLLOW_RECORDED_CC_LICENSE,mtg_jamendo_cc,24f98f44cf0b0ab4a973b6da7fd0eb8f2837ce31987866fbb39379992962e62c,mtg_jamendo_cc::track::jamendo_1093500,train,,,,,REAL,,,,,,,,,,,,,cal_v13,data\raw\public_v9\real_music\jamendo\1093500.low.mp3,24f98f44cf0b0ab4a973b6da7fd0eb8f2837ce31987866fbb39379992962e62c,APPROVED,raw_30s audio-low shard 00,unknown,jamendo_artist_0db301007444ac0a,jamendo_1093500,jamendo_1093500,jamendo::artist::0db301007444ac0a,none,-1
C:\Users\lLrich\ai_voice_data_v13\raw\mtg_jamendo_cc\50ca9c71fbba14600bb03d74fa20647c4317a15ccbb1f86815122de3eda39b45.mp3,0,0,0,0,1,jamendo_artist_af5f0c1d0aab5113,mtg_jamendo_cc::real,mtg_jamendo_cc,mtg_jamendo_cc,not_huggingface_official_archive,jamendo_1095600,jamendo::artist::af5f0c1d0aab5113,https://github.com/MTG/mtg-jamendo-dataset,raw_30s audio-low shard 00,http://creativecommons.org/licenses/by-sa/3.0/,YES,PER_TRACK_LICENSE_WITH_ATTRIBUTION,FOLLOW_RECORDED_CC_LICENSE,mtg_jamendo_cc,50ca9c71fbba14600bb03d74fa20647c4317a15ccbb1f86815122de3eda39b45,mtg_jamendo_cc::track::jamendo_1095600,train,,,,,REAL,,,,,,,,,,,,,cal_v13,data\raw\public_v9\real_music\jamendo\1095600.low.mp3,50ca9c71fbba14600bb03d74fa20647c4317a15ccbb1f86815122de3eda39b45,APPROVED,raw_30s audio-low shard 00,unknown,jamendo_artist_af5f0c1d0aab5113,jamendo_1095600,jamendo_1095600,jamendo::artist::af5f0c1d0aab5113,none,-1
C:\Users\lLrich\ai_voice_data_v13\raw\mtg_jamendo_cc\dc7e7cfb97262809f51eb9a6bdc1d5c9b569548512a87bc86c7c5fa16699cb17.mp3,0,0,0,0,1,jamendo_artist_6521563b096125a2,mtg_jamendo_cc::real,mtg_jamendo_cc,mtg_jamendo_cc,not_huggingface_official_archive,jamendo_1096800,jamendo::artist::6521563b096125a2,https://github.com/MTG/mtg-jamendo-dataset,raw_30s audio-low shard 00,http://creativecommons.org/licenses/by-nc-sa/3.0/,YES,PER_TRACK_LICENSE_WITH_ATTRIBUTION,FOLLOW_RECORDED_CC_LICENSE,mtg_jamendo_cc,dc7e7cfb97262809f51eb9a6bdc1d5c9b569548512a87bc86c7c5fa16699cb17,mtg_jamendo_cc::track::jamendo_1096800,train,,,,,REAL,,,,,,,,,,,,,cal_v13,data\raw\public_v9\real_music\jamendo\1096800.low.mp3,dc7e7cfb97262809f51eb9a6bdc1d5c9b569548512a87bc86c7c5fa16699cb17,APPROVED,raw_30s audio-low shard 00,unknown,jamendo_artist_6521563b096125a2,jamendo_1096800,jamendo_1096800,jamendo::artist::6521563b096125a2,none,-1
C:\Users\lLrich\ai_voice_data_v13\raw\mtg_jamendo_cc\bf880d52bf9afa293c2de8581b267d069a0fa6d08be2d0d6625ab0783145957b.mp3,0,0,0,0,1,jamendo_artist_9aa386e102ad0048,mtg_jamendo_cc::real,mtg_jamendo_cc,mtg_jamendo_cc,not_huggingface_official_archive,jamendo_1098500,jamendo::artist::9aa386e102ad0048,https://github.com/MTG/mtg-jamendo-dataset,raw_30s audio-low shard 00,http://creativecommons.org/licenses/by-sa/3.0/,YES,PER_TRACK_LICENSE_WITH_ATTRIBUTION,FOLLOW_RECORDED_CC_LICENSE,mtg_jamendo_cc,bf880d52bf9afa293c2de8581b267d069a0fa6d08be2d0d6625ab0783145957b,mtg_jamendo_cc::track::jamendo_1098500,train,,,,,REAL,,,,,,,,,,,,,cal_v13,data\raw\public_v9\real_music\jamendo\1098500.low.mp3,bf880d52bf9afa293c2de8581b267d069a0fa6d08be2d0d6625ab0783145957b,APPROVED,raw_30s audio-low shard 00,unknown,jamendo_artist_9aa386e102ad0048,jamendo_1098500,jamendo_1098500,jamendo::artist::9aa386e102ad0048,none,-1
C:\Users\lLrich\ai_voice_data_v13\raw\mtg_jamendo_cc\b499347fcac2abcd45c07a0857e10f1a6057e8aab964a6e80ee8f37689107d1f.mp3,0,0,0,0,1,jamendo_artist_b6c1d862f9f75ec3,mtg_jamendo_cc::real,mtg_jamendo_cc,mtg_jamendo_cc,not_huggingface_official_archive,jamendo_1100,jamendo::artist::b6c1d862f9f75ec3,https://github.com/MTG/mtg-jamendo-dataset,raw_30s audio-low shard 00,http://creativecommons.org/licenses/by-nc-sa/2.0/fr/,YES,PER_TRACK_LICENSE_WITH_ATTRIBUTION,FOLLOW_RECORDED_CC_LICENSE,mtg_jamendo_cc,b499347fcac2abcd45c07a0857e10f1a6057e8aab964a6e80ee8f37689107d1f,mtg_jamendo_cc::track::jamendo_1100,train,,,,,REAL,,,,,,,,,,,,,cal_v13,data\raw\public_v9\real_music\jamendo\1100.low.mp3,b499347fcac2abcd45c07a0857e10f1a6057e8aab964a6e80ee8f37689107d1f,APPROVED,raw_30s audio-low shard 00,unknown,jamendo_artist_b6c1d862f9f75ec3,jamendo_1100,jamendo_1100,jamendo::artist::b6c1d862f9f75ec3,none,-1
C:\Users\lLrich\ai_voice_data_v13\raw\mtg_jamendo_cc\9d4f17f2acc0981f1e5a9aded0f70c24e20b7b42fc34fa91e229794c9bf3f027.mp3,0,0,0,0,1,jamendo_artist_a89f318b06f860b1,mtg_jamendo_cc::real,mtg_jamendo_cc,mtg_jamendo_cc,not_huggingface_official_archive,jamendo_1100200,jamendo::artist::a89f318b06f860b1,https://github.com/MTG/mtg-jamendo-dataset,raw_30s audio-low shard 00,http://creativecommons.org/licenses/by-nc-sa/3.0/,YES,PER_TRACK_LICENSE_WITH_ATTRIBUTION,FOLLOW_RECORDED_CC_LICENSE,mtg_jamendo_cc,9d4f17f2acc0981f1e5a9aded0f70c24e20b7b42fc34fa91e229794c9bf3f027,mtg_jamendo_cc::track::jamendo_1100200,train,,,,,REAL,,,,,,,,,,,,,cal_v13,data\raw\public_v9\real_music\jamendo\1100200.low.mp3,9d4f17f2acc0981f1e5a9aded0f70c24e20b7b42fc34fa91e229794c9bf3f027,APPROVED,raw_30s audio-low shard 00,unknown,jamendo_artist_a89f318b06f860b1,jamendo_1100200,jamendo_1100200,jamendo::artist::a89f318b06f860b1,none,-1
C:\Users\lLrich\ai_voice_data_v13\raw\mtg_jamendo_cc\334c176dd5e1866f369400574cd8bb1983fc8d84b1b376aa25af35c15318fb0e.mp3,0,0,0,0,1,jamendo_artist_a93a02d05b522023,mtg_jamendo_cc::real,mtg_jamendo_cc,mtg_jamendo_cc,not_huggingface_official_archive,jamendo_1101300,jamendo::artist::a93a02d05b522023,https://github.com/MTG/mtg-jamendo-dataset,raw_30s audio-low shard 00,http://creativecommons.org/licenses/by-sa/3.0/,YES,PER_TRACK_LICENSE_WITH_ATTRIBUTION,FOLLOW_RECORDED_CC_LICENSE,mtg_jamendo_cc,334c176dd5e1866f369400574cd8bb1983fc8d84b1b376aa25af35c15318fb0e,mtg_jamendo_cc::track::jamendo_1101300,train,,,,,REAL,,,,,,,,,,,,,cal_v13,data\raw\public_v9\real_music\jamendo\1101300.low.mp3,334c176dd5e1866f369400574cd8bb1983fc8d84b1b376aa25af35c15318fb0e,APPROVED,raw_30s audio-low shard 00,unknown,jamendo_artist_a93a02d05b522023,jamendo_1101300,jamendo_1101300,jamendo::artist::a93a02d05b522023,none,-1
C:\Users\lLrich\ai_voice_data_v13\raw\mtg_jamendo_cc\b94b1f5a5392c283e77065bdb596e7306d9a7187bb94ab2fc557335f5200240a.mp3,0,0,0,0,1,jamendo_artist_79c4292348ce10cc,mtg_jamendo_cc::real,mtg_jamendo_cc,mtg_jamendo_cc,not_huggingface_official_archive,jamendo_1102300,jamendo::artist::79c4292348ce10cc,https://github.com/MTG/mtg-jamendo-dataset,raw_30s audio-low shard 00,http://creativecommons.org/licenses/by-sa/3.0/,YES,PER_TRACK_LICENSE_WITH_ATTRIBUTION,FOLLOW_RECORDED_CC_LICENSE,mtg_jamendo_cc,b94b1f5a5392c283e77065bdb596e7306d9a7187bb94ab2fc557335f5200240a,mtg_jamendo_cc::track::jamendo_1102300,train,,,,,REAL,,,,,,,,,,,,,cal_v13,data\raw\public_v9\real_music\jamendo\1102300.low.mp3,b94b1f5a5392c283e77065bdb596e7306d9a7187bb94ab2fc557335f5200240a,APPROVED,raw_30s audio-low shard 00,unknown,jamendo_artist_79c4292348ce10cc,jamendo_1102300,jamendo_1102300,jamendo::artist::79c4292348ce10cc,none,-1
C:\Users\lLrich\ai_voice_data_v13\raw\mtg_jamendo_cc\485ff3f21d1977dc92e5443827b85ea8fb6c451fe1db7714109b3efb9de0245f.mp3,0,0,0,0,1,jamendo_artist_58c0983fd188d8df,mtg_jamendo_cc::real,mtg_jamendo_cc,mtg_jamendo_cc,not_huggingface_official_archive,jamendo_1103000,jamendo::artist::58c0983fd188d8df,https://github.com/MTG/mtg-jamendo-dataset,raw_30s audio-low shard 00,http://creativecommons.org/licenses/by-sa/2.0/fr/,YES,PER_TRACK_LICENSE_WITH_ATTRIBUTION,FOLLOW_RECORDED_CC_LICENSE,mtg_jamendo_cc,485ff3f21d1977dc92e5443827b85ea8fb6c451fe1db7714109b3efb9de0245f,mtg_jamendo_cc::track::jamendo_1103000,train,,,,,REAL,,,,,,,,,,,,,cal_v13,data\raw\public_v9\real_music\jamendo\1103000.low.mp3,485ff3f21d1977dc92e5443827b85ea8fb6c451fe1db7714109b3efb9de0245f,APPROVED,raw_30s audio-low shard 00,unknown,jamendo_artist_58c0983fd188d8df,jamendo_1103000,jamendo_1103000,jamendo::artist::58c0983fd188d8df,none,-1
C:\Users\lLrich\ai_voice_data_v13\raw\mtg_jamendo_cc\469555648bd9fc9237e9f0e4ea43629ab05255e5a05fee86ea010d3a7f8888d7.mp3,0,0,0,0,1,jamendo_artist_5aa3cd8f962f3455,mtg_jamendo_cc::real,mtg_jamendo_cc,mtg_jamendo_cc,not_huggingface_official_archive,jamendo_1105300,jamendo::artist::5aa3cd8f962f3455,https://github.com/MTG/mtg-jamendo-dataset,raw_30s audio-low shard 00,http://creativecommons.org/licenses/by-sa/3.0/,YES,PER_TRACK_LICENSE_WITH_ATTRIBUTION,FOLLOW_RECORDED_CC_LICENSE,mtg_jamendo_cc,469555648bd9fc9237e9f0e4ea43629ab05255e5a05fee86ea010d3a7f8888d7,mtg_jamendo_cc::track::jamendo_1105300,train,,,,,REAL,,,,,,,,,,,,,cal_v13,data\raw\public_v9\real_music\jamendo\1105300.low.mp3,469555648bd9fc9237e9f0e4ea43629ab05255e5a05fee86ea010d3a7f8888d7,APPROVED,raw_30s audio-low shard 00,unknown,jamendo_artist_5aa3cd8f962f3455,jamendo_1105300,jamendo_1105300,jamendo::artist::5aa3cd8f962f3455,none,-1
C:\Users\lLrich\ai_voice_data_v13\raw\mtg_jamendo_cc\b2d6b04ac66428675e0561300c05234ac40b0fc78b68b20b4dd039f5fa845a26.mp3,0,0,0,0,1,jamendo_artist_99ea13593d174bce,mtg_jamendo_cc::real,mtg_jamendo_cc,mtg_jamendo_cc,not_huggingface_official_archive,jamendo_1109900,jamendo::artist::99ea13593d174bce,https://github.com/MTG/mtg-jamendo-dataset,raw_30s audio-low shard 00,http://creativecommons.org/licenses/by-nc-sa/3.0/,YES,PER_TRACK_LICENSE_WITH_ATTRIBUTION,FOLLOW_RECORDED_CC_LICENSE,mtg_jamendo_cc,b2d6b04ac66428675e0561300c05234ac40b0fc78b68b20b4dd039f5fa845a26,mtg_jamendo_cc::track::jamendo_1109900,train,,,,,REAL,,,,,,,,,,,,,cal_v13,data\raw\public_v9\real_music\jamendo\1109900.low.mp3,b2d6b04ac66428675e0561300c05234ac40b0fc78b68b20b4dd039f5fa845a26,APPROVED,raw_30s audio-low shard 00,unknown,jamendo_artist_99ea13593d174bce,jamendo_1109900,jamendo_1109900,jamendo::artist::99ea13593d174bce,none,-1
C:\Users\lLrich\ai_voice_data_v13\raw\mtg_jamendo_cc\e3a005ef0882aaa3cc40458f4016eec8560d1466b7579c80879d3f7633e88b0e.mp3,0,0,0,0,1,jamendo_artist_074c08e8601dffad,mtg_jamendo_cc::real,mtg_jamendo_cc,mtg_jamendo_cc,not_huggingface_official_archive,jamendo_11100,jamendo::artist::074c08e8601dffad,https://github.com/MTG/mtg-jamendo-dataset,raw_30s audio-low shard 00,http://creativecommons.org/licenses/by-nc-sa/2.5/,YES,PER_TRACK_LICENSE_WITH_ATTRIBUTION,FOLLOW_RECORDED_CC_LICENSE,mtg_jamendo_cc,e3a005ef0882aaa3cc40458f4016eec8560d1466b7579c80879d3f7633e88b0e,mtg_jamendo_cc::track::jamendo_11100,train,,,,,REAL,,,,,,,,,,,,,cal_v13,data\raw\public_v9\real_music\jamendo\11100.low.mp3,e3a005ef0882aaa3cc40458f4016eec8560d1466b7579c80879d3f7633e88b0e,APPROVED,raw_30s audio-low shard 00,unknown,jamendo_artist_074c08e8601dffad,jamendo_11100,jamendo_11100,jamendo::artist::074c08e8601dffad,none,-1
C:\Users\lLrich\ai_voice_data_v13\raw\mtg_jamendo_cc\2269dfe65e41c2878d51de32932a7dfe084ff41e3898e0364e58f857c168f416.mp3,0,0,0,0,1,jamendo_artist_99ea13593d174bce,mtg_jamendo_cc::real,mtg_jamendo_cc,mtg_jamendo_cc,not_huggingface_official_archive,jamendo_1110000,jamendo::artist::99ea13593d174bce,https://github.com/MTG/mtg-jamendo-dataset,raw_30s audio-low shard 00,http://creativecommons.org/licenses/by-nc-sa/3.0/,YES,PER_TRACK_LICENSE_WITH_ATTRIBUTION,FOLLOW_RECORDED_CC_LICENSE,mtg_jamendo_cc,2269dfe65e41c2878d51de32932a7dfe084ff41e3898e0364e58f857c168f416,mtg_jamendo_cc::track::jamendo_1110000,train,,,,,REAL,,,,,,,,,,,,,cal_v13,data\raw\public_v9\real_music\jamendo\1110000.low.mp3,2269dfe65e41c2878d51de32932a7dfe084ff41e3898e0364e58f857c168f416,APPROVED,raw_30s audio-low shard 00,unknown,jamendo_artist_99ea13593d174bce,jamendo_1110000,jamendo_1110000,jamendo::artist::99ea13593d174bce,none,-1
C:\Users\lLrich\ai_voice_data_v13\raw\mtg_jamendo_cc\9e3080adc5722a78d46c08a448180d119b6494ae2438ffa2211b7f7fcec366a4.mp3,0,0,0,0,1,jamendo_artist_4c90baadb096fdb3,mtg_jamendo_cc::real,mtg_jamendo_cc,mtg_jamendo_cc,not_huggingface_official_archive,jamendo_1110300,jamendo::artist::4c90baadb096fdb3,https://github.com/MTG/mtg-jamendo-dataset,raw_30s audio-low shard 00,http://creativecommons.org/licenses/by-sa/3.0/,YES,PER_TRACK_LICENSE_WITH_ATTRIBUTION,FOLLOW_RECORDED_CC_LICENSE,mtg_jamendo_cc,9e3080adc5722a78d46c08a448180d119b6494ae2438ffa2211b7f7fcec366a4,mtg_jamendo_cc::track::jamendo_1110300,train,,,,,REAL,,,,,,,,,,,,,cal_v13,data\raw\public_v9\real_music\jamendo\1110300.low.mp3,9e3080adc5722a78d46c08a448180d119b6494ae2438ffa2211b7f7fcec366a4,APPROVED,raw_30s audio-low shard 00,unknown,jamendo_artist_4c90baadb096fdb3,jamendo_1110300,jamendo_1110300,jamendo::artist::4c90baadb096fdb3,none,-1
C:\Users\lLrich\ai_voice_data_v13\raw\mtg_jamendo_cc\38681f73b1fa0585ba9301f96afdd4df584c64d20ea2ee6945b7f5e81ed60665.mp3,0,0,0,0,1,jamendo_artist_99ea13593d174bce,mtg_jamendo_cc::real,mtg_jamendo_cc,mtg_jamendo_cc,not_huggingface_official_archive,jamendo_1110500,jamendo::artist::99ea13593d174bce,https://github.com/MTG/mtg-jamendo-dataset,raw_30s audio-low shard 00,http://creativecommons.org/licenses/by-nc-sa/3.0/,YES,PER_TRACK_LICENSE_WITH_ATTRIBUTION,FOLLOW_RECORDED_CC_LICENSE,mtg_jamendo_cc,38681f73b1fa0585ba9301f96afdd4df584c64d20ea2ee6945b7f5e81ed60665,mtg_jamendo_cc::track::jamendo_1110500,train,,,,,REAL,,,,,,,,,,,,,cal_v13,data\raw\public_v9\real_music\jamendo\1110500.low.mp3,38681f73b1fa0585ba9301f96afdd4df584c64d20ea2ee6945b7f5e81ed60665,APPROVED,raw_30s audio-low shard 00,unknown,jamendo_artist_99ea13593d174bce,jamendo_1110500,jamendo_1110500,jamendo::artist::99ea13593d174bce,none,-1
C:\Users\lLrich\ai_voice_data_v13\raw\mtg_jamendo_cc\306872056f70042c07930b793406f46dbea28786c755f2011ff0a5460cb63c49.mp3,0,0,0,0,1,jamendo_artist_bfef35ef2390d5a5,mtg_jamendo_cc::real,mtg_jamendo_cc,mtg_jamendo_cc,not_huggingface_official_archive,jamendo_1114500,jamendo::artist::bfef35ef2390d5a5,https://github.com/MTG/mtg-jamendo-dataset,raw_30s audio-low shard 00,http://creativecommons.org/licenses/by-sa/3.0/,YES,PER_TRACK_LICENSE_WITH_ATTRIBUTION,FOLLOW_RECORDED_CC_LICENSE,mtg_jamendo_cc,306872056f70042c07930b793406f46dbea28786c755f2011ff0a5460cb63c49,mtg_jamendo_cc::track::jamendo_1114500,train,,,,,REAL,,,,,,,,,,,,,cal_v13,data\raw\public_v9\real_music\jamendo\1114500.low.mp3,306872056f70042c07930b793406f46dbea28786c755f2011ff0a5460cb63c49,APPROVED,raw_30s audio-low shard 00,unknown,jamendo_artist_bfef35ef2390d5a5,jamendo_1114500,jamendo_1114500,jamendo::artist::bfef35ef2390d5a5,none,-1
C:\Users\lLrich\ai_voice_data_v13\raw\mtg_jamendo_cc\dcdc92b5416e7275c719eb73592101651ea23d600357dbbc21037af6e027161e.mp3,0,0,0,0,1,jamendo_artist_6c126b6d06cc12e4,mtg_jamendo_cc::real,mtg_jamendo_cc,mtg_jamendo_cc,not_huggingface_official_archive,jamendo_1115400,jamendo::artist::6c126b6d06cc12e4,https://github.com/MTG/mtg-jamendo-dataset,raw_30s audio-low shard 00,http://creativecommons.org/licenses/by-nc-sa/3.0/,YES,PER_TRACK_LICENSE_WITH_ATTRIBUTION,FOLLOW_RECORDED_CC_LICENSE,mtg_jamendo_cc,dcdc92b5416e7275c719eb73592101651ea23d600357dbbc21037af6e027161e,mtg_jamendo_cc::track::jamendo_1115400,train,,,,,REAL,,,,,,,,,,,,,cal_v13,data\raw\public_v9\real_music\jamendo\1115400.low.mp3,dcdc92b5416e7275c719eb73592101651ea23d600357dbbc21037af6e027161e,APPROVED,raw_30s audio-low shard 00,unknown,jamendo_artist_6c126b6d06cc12e4,jamendo_1115400,jamendo_1115400,jamendo::artist::6c126b6d06cc12e4,none,-1
C:\Users\lLrich\ai_voice_data_v13\raw\mtg_jamendo_cc\c4a50b13b6aa1d78b5bf2f4a3d4a4cce15d414e12dd6cbc57b91979327a2afb3.mp3,0,0,0,0,1,jamendo_artist_eb6460fb9222e129,mtg_jamendo_cc::real,mtg_jamendo_cc,mtg_jamendo_cc,not_huggingface_official_archive,jamendo_111600,jamendo::artist::eb6460fb9222e129,https://github.com/MTG/mtg-jamendo-dataset,raw_30s audio-low shard 00,http://creativecommons.org/licenses/by-nc-sa/3.0/,YES,PER_TRACK_LICENSE_WITH_ATTRIBUTION,FOLLOW_RECORDED_CC_LICENSE,mtg_jamendo_cc,c4a50b13b6aa1d78b5bf2f4a3d4a4cce15d414e12dd6cbc57b91979327a2afb3,mtg_jamendo_cc::track::jamendo_111600,train,,,,,REAL,,,,,,,,,,,,,cal_v13,data\raw\public_v9\real_music\jamendo\111600.low.mp3,c4a50b13b6aa1d78b5bf2f4a3d4a4cce15d414e12dd6cbc57b91979327a2afb3,APPROVED,raw_30s audio-low shard 00,unknown,jamendo_artist_eb6460fb9222e129,jamendo_111600,jamendo_111600,jamendo::artist::eb6460fb9222e129,none,-1
C:\Users\lLrich\ai_voice_data_v13\raw\mtg_jamendo_cc\3e68de36c9345d6d93b25a782a3eee4790615a5436a5fe2bcb24b74a9b368d8c.mp3,0,0,0,0,1,jamendo_artist_59c672510e4bc3d3,mtg_jamendo_cc::real,mtg_jamendo_cc,mtg_jamendo_cc,not_huggingface_official_archive,jamendo_1116400,jamendo::artist::59c672510e4bc3d3,https://github.com/MTG/mtg-jamendo-dataset,raw_30s audio-low shard 00,http://creativecommons.org/licenses/by-nc-sa/3.0/,YES,PER_TRACK_LICENSE_WITH_ATTRIBUTION,FOLLOW_RECORDED_CC_LICENSE,mtg_jamendo_cc,3e68de36c9345d6d93b25a782a3eee4790615a5436a5fe2bcb24b74a9b368d8c,mtg_jamendo_cc::track::jamendo_1116400,train,,,,,REAL,,,,,,,,,,,,,cal_v13,data\raw\public_v9\real_music\jamendo\1116400.low.mp3,3e68de36c9345d6d93b25a782a3eee4790615a5436a5fe2bcb24b74a9b368d8c,APPROVED,raw_30s audio-low shard 00,unknown,jamendo_artist_59c672510e4bc3d3,jamendo_1116400,jamendo_1116400,jamendo::artist::59c672510e4bc3d3,none,-1
C:\Users\lLrich\ai_voice_data_v13\raw\mtg_jamendo_cc\73fb70f0d7ef8311e94c2b08f99747ad60c2927cb766324c0052f3b8bd868cfd.mp3,0,0,0,0,1,jamendo_artist_996f9790b5d75494,mtg_jamendo_cc::real,mtg_jamendo_cc,mtg_jamendo_cc,not_huggingface_official_archive,jamendo_1118600,jamendo::artist::996f9790b5d75494,https://github.com/MTG/mtg-jamendo-dataset,raw_30s audio-low shard 00,http://creativecommons.org/licenses/by-nc-sa/3.0/,YES,PER_TRACK_LICENSE_WITH_ATTRIBUTION,FOLLOW_RECORDED_CC_LICENSE,mtg_jamendo_cc,73fb70f0d7ef8311e94c2b08f99747ad60c2927cb766324c0052f3b8bd868cfd,mtg_jamendo_cc::track::jamendo_1118600,train,,,,,REAL,,,,,,,,,,,,,cal_v13,data\raw\public_v9\real_music\jamendo\1118600.low.mp3,73fb70f0d7ef8311e94c2b08f99747ad60c2927cb766324c0052f3b8bd868cfd,APPROVED,raw_30s audio-low shard 00,unknown,jamendo_artist_996f9790b5d75494,jamendo_1118600,jamendo_1118600,jamendo::artist::996f9790b5d75494,none,-1
C:\Users\lLrich\ai_voice_data_v13\raw\mtg_jamendo_cc\b136667c089abe148706cf4cc1d142cc005a2a74181d6a330f86e93fa0620c62.mp3,0,0,0,0,1,jamendo_artist_e537f674fc08bd52,mtg_jamendo_cc::real,mtg_jamendo_cc,mtg_jamendo_cc,not_huggingface_official_archive,jamendo_1121400,jamendo::artist::e537f674fc08bd52,https://github.com/MTG/mtg-jamendo-dataset,raw_30s audio-low shard 00,http://creativecommons.org/licenses/by-sa/3.0/,YES,PER_TRACK_LICENSE_WITH_ATTRIBUTION,FOLLOW_RECORDED_CC_LICENSE,mtg_jamendo_cc,b136667c089abe148706cf4cc1d142cc005a2a74181d6a330f86e93fa0620c62,mtg_jamendo_cc::track::jamendo_1121400,train,,,,,REAL,,,,,,,,,,,,,cal_v13,data\raw\public_v9\real_music\jamendo\1121400.low.mp3,b136667c089abe148706cf4cc1d142cc005a2a74181d6a330f86e93fa0620c62,APPROVED,raw_30s audio-low shard 00,unknown,jamendo_artist_e537f674fc08bd52,jamendo_1121400,jamendo_1121400,jamendo::artist::e537f674fc08bd52,none,-1
C:\Users\lLrich\ai_voice_data_v13\raw\mtg_jamendo_cc\a2eccf527777a16cbc7b26dd03c22dc69621d760b0db39221f5cbd7d10d19f92.mp3,0,0,0,0,1,jamendo_artist_b15034ac77a398ff,mtg_jamendo_cc::real,mtg_jamendo_cc,mtg_jamendo_cc,not_huggingface_official_archive,jamendo_1123300,jamendo::artist::b15034ac77a398ff,https://github.com/MTG/mtg-jamendo-dataset,raw_30s audio-low shard 00,http://creativecommons.org/licenses/by-nc-sa/3.0/,YES,PER_TRACK_LICENSE_WITH_ATTRIBUTION,FOLLOW_RECORDED_CC_LICENSE,mtg_jamendo_cc,a2eccf527777a16cbc7b26dd03c22dc69621d760b0db39221f5cbd7d10d19f92,mtg_jamendo_cc::track::jamendo_1123300,train,,,,,REAL,,,,,,,,,,,,,cal_v13,data\raw\public_v9\real_music\jamendo\1123300.low.mp3,a2eccf527777a16cbc7b26dd03c22dc69621d760b0db39221f5cbd7d10d19f92,APPROVED,raw_30s audio-low shard 00,unknown,jamendo_artist_b15034ac77a398ff,jamendo_1123300,jamendo_1123300,jamendo::artist::b15034ac77a398ff,none,-1
C:\Users\lLrich\ai_voice_data_v13\raw\mtg_jamendo_cc\d2f339927bc5f6d49563d4201f378a17f788bfb0eea54b522e38b96b10620822.mp3,0,0,0,0,1,jamendo_artist_5ad8ac57b465d9a0,mtg_jamendo_cc::real,mtg_jamendo_cc,mtg_jamendo_cc,not_huggingface_official_archive,jamendo_1124800,jamendo::artist::5ad8ac57b465d9a0,https://github.com/MTG/mtg-jamendo-dataset,raw_30s audio-low shard 00,http://creativecommons.org/licenses/by-nc-sa/3.0/,YES,PER_TRACK_LICENSE_WITH_ATTRIBUTION,FOLLOW_RECORDED_CC_LICENSE,mtg_jamendo_cc,d2f339927bc5f6d49563d4201f378a17f788bfb0eea54b522e38b96b10620822,mtg_jamendo_cc::track::jamendo_1124800,train,,,,,REAL,,,,,,,,,,,,,cal_v13,data\raw\public_v9\real_music\jamendo\1124800.low.mp3,d2f339927bc5f6d49563d4201f378a17f788bfb0eea54b522e38b96b10620822,APPROVED,raw_30s audio-low shard 00,unknown,jamendo_artist_5ad8ac57b465d9a0,jamendo_1124800,jamendo_1124800,jamendo::artist::5ad8ac57b465d9a0,none,-1
C:\Users\lLrich\ai_voice_data_v13\raw\mtg_jamendo_cc\2013c85db3c7b1788d4976db3134b3573cbe734282a088d285465127ffca614b.mp3,0,0,0,0,1,jamendo_artist_d17a88c7d70a5702,mtg_jamendo_cc::real,mtg_jamendo_cc,mtg_jamendo_cc,not_huggingface_official_archive,jamendo_1125100,jamendo::artist::d17a88c7d70a5702,https://github.com/MTG/mtg-jamendo-dataset,raw_30s audio-low shard 00,http://creativecommons.org/licenses/by-sa/3.0/,YES,PER_TRACK_LICENSE_WITH_ATTRIBUTION,FOLLOW_RECORDED_CC_LICENSE,mtg_jamendo_cc,2013c85db3c7b1788d4976db3134b3573cbe734282a088d285465127ffca614b,mtg_jamendo_cc::track::jamendo_1125100,train,,,,,REAL,,,,,,,,,,,,,cal_v13,data\raw\public_v9\real_music\jamendo\1125100.low.mp3,2013c85db3c7b1788d4976db3134b3573cbe734282a088d285465127ffca614b,APPROVED,raw_30s audio-low shard 00,unknown,jamendo_artist_d17a88c7d70a5702,jamendo_1125100,jamendo_1125100,jamendo::artist::d17a88c7d70a5702,none,-1
C:\Users\lLrich\ai_voice_data_v13\raw\mtg_jamendo_cc\11b86e68f388084d42a70e562ca31854598b7daa7e51a97f4b6ec40552e6ec80.mp3,0,0,0,0,1,jamendo_artist_d373a3beeb11258b,mtg_jamendo_cc::real,mtg_jamendo_cc,mtg_jamendo_cc,not_huggingface_official_archive,jamendo_1129800,jamendo::artist::d373a3beeb11258b,https://github.com/MTG/mtg-jamendo-dataset,raw_30s audio-low shard 00,http://creativecommons.org/licenses/by-nc-sa/3.0/,YES,PER_TRACK_LICENSE_WITH_ATTRIBUTION,FOLLOW_RECORDED_CC_LICENSE,mtg_jamendo_cc,11b86e68f388084d42a70e562ca31854598b7daa7e51a97f4b6ec40552e6ec80,mtg_jamendo_cc::track::jamendo_1129800,train,,,,,REAL,,,,,,,,,,,,,cal_v13,data\raw\public_v9\real_music\jamendo\1129800.low.mp3,11b86e68f388084d42a70e562ca31854598b7daa7e51a97f4b6ec40552e6ec80,APPROVED,raw_30s audio-low shard 00,unknown,jamendo_artist_d373a3beeb11258b,jamendo_1129800,jamendo_1129800,jamendo::artist::d373a3beeb11258b,none,-1
C:\Users\lLrich\ai_voice_data_v13\raw\mtg_jamendo_cc\11a7e2ff3d214cefec95de43ee428dc2081bb057cd8eb2bfe17cb98c729ac7b3.mp3,0,0,0,0,1,jamendo_artist_accbf2a9f00e8a99,mtg_jamendo_cc::real,mtg_jamendo_cc,mtg_jamendo_cc,not_huggingface_official_archive,jamendo_1131100,jamendo::artist::accbf2a9f00e8a99,https://github.com/MTG/mtg-jamendo-dataset,raw_30s audio-low shard 00,http://creativecommons.org/licenses/by/3.0/,YES,PER_TRACK_LICENSE_WITH_ATTRIBUTION,FOLLOW_RECORDED_CC_LICENSE,mtg_jamendo_cc,11a7e2ff3d214cefec95de43ee428dc2081bb057cd8eb2bfe17cb98c729ac7b3,mtg_jamendo_cc::track::jamendo_1131100,train,,,,,REAL,,,,,,,,,,,,,cal_v13,data\raw\public_v9\real_music\jamendo\1131100.low.mp3,11a7e2ff3d214cefec95de43ee428dc2081bb057cd8eb2bfe17cb98c729ac7b3,APPROVED,raw_30s audio-low shard 00,unknown,jamendo_artist_accbf2a9f00e8a99,jamendo_1131100,jamendo_1131100,jamendo::artist::accbf2a9f00e8a99,none,-1
C:\Users\lLrich\ai_voice_data_v13\raw\mtg_jamendo_cc\1f2760192006ba9ad7eb7b274d45d5cf1b6b5488e2823064c87540e414c705c4.mp3,0,0,0,0,1,jamendo_artist_af6ac63d97be4c76,mtg_jamendo_cc::real,mtg_jamendo_cc,mtg_jamendo_cc,not_huggingface_official_archive,jamendo_114200,jamendo::artist::af6ac63d97be4c76,https://github.com/MTG/mtg-jamendo-dataset,raw_30s audio-low shard 00,http://creativecommons.org/licenses/by-nc-sa/3.0/,YES,PER_TRACK_LICENSE_WITH_ATTRIBUTION,FOLLOW_RECORDED_CC_LICENSE,mtg_jamendo_cc,1f2760192006ba9ad7eb7b274d45d5cf1b6b5488e2823064c87540e414c705c4,mtg_jamendo_cc::track::jamendo_114200,train,,,,,REAL,,,,,,,,,,,,,cal_v13,data\raw\public_v9\real_music\jamendo\114200.low.mp3,1f2760192006ba9ad7eb7b274d45d5cf1b6b5488e2823064c87540e414c705c4,APPROVED,raw_30s audio-low shard 00,unknown,jamendo_artist_af6ac63d97be4c76,jamendo_114200,jamendo_114200,jamendo::artist::af6ac63d97be4c76,none,-1
C:\Users\lLrich\ai_voice_data_v13\raw\mtg_jamendo_cc\00c8ac23aa5f5a6311847dd70dea551a2776a234eec62018aa808f9e35a6ccc1.mp3,0,0,0,0,1,jamendo_artist_0af027fd234868d8,mtg_jamendo_cc::real,mtg_jamendo_cc,mtg_jamendo_cc,not_huggingface_official_archive,jamendo_1149700,jamendo::artist::0af027fd234868d8,https://github.com/MTG/mtg-jamendo-dataset,raw_30s audio-low shard 00,http://creativecommons.org/licenses/by-sa/3.0/,YES,PER_TRACK_LICENSE_WITH_ATTRIBUTION,FOLLOW_RECORDED_CC_LICENSE,mtg_jamendo_cc,00c8ac23aa5f5a6311847dd70dea551a2776a234eec62018aa808f9e35a6ccc1,mtg_jamendo_cc::track::jamendo_1149700,train,,,,,REAL,,,,,,,,,,,,,cal_v13,data\raw\public_v9\real_music\jamendo\1149700.low.mp3,00c8ac23aa5f5a6311847dd70dea551a2776a234eec62018aa808f9e35a6ccc1,APPROVED,raw_30s audio-low shard 00,unknown,jamendo_artist_0af027fd234868d8,jamendo_1149700,jamendo_1149700,jamendo::artist::0af027fd234868d8,none,-1
C:\Users\lLrich\ai_voice_data_v13\raw\mtg_jamendo_cc\90a5765146cb48022365689c79034ea5800937e2a12ec4293eedea2b2796c773.mp3,0,0,0,0,1,jamendo_artist_9f182c1b1a18370d,mtg_jamendo_cc::real,mtg_jamendo_cc,mtg_jamendo_cc,not_huggingface_official_archive,jamendo_1150900,jamendo::artist::9f182c1b1a18370d,https://github.com/MTG/mtg-jamendo-dataset,raw_30s audio-low shard 00,http://creativecommons.org/licenses/by-sa/3.0/,YES,PER_TRACK_LICENSE_WITH_ATTRIBUTION,FOLLOW_RECORDED_CC_LICENSE,mtg_jamendo_cc,90a5765146cb48022365689c79034ea5800937e2a12ec4293eedea2b2796c773,mtg_jamendo_cc::track::jamendo_1150900,train,,,,,REAL,,,,,,,,,,,,,cal_v13,data\raw\public_v9\real_music\jamendo\1150900.low.mp3,90a5765146cb48022365689c79034ea5800937e2a12ec4293eedea2b2796c773,APPROVED,raw_30s audio-low shard 00,unknown,jamendo_artist_9f182c1b1a18370d,jamendo_1150900,jamendo_1150900,jamendo::artist::9f182c1b1a18370d,none,-1
C:\Users\lLrich\ai_voice_data_v13\raw\mtg_jamendo_cc\220b07d27485bcbb975216f78ec23474d78f653fe05b18c41e8c618ffbd6455e.mp3,0,0,0,0,1,jamendo_artist_482105d12ccd4681,mtg_jamendo_cc::real,mtg_jamendo_cc,mtg_jamendo_cc,not_huggingface_official_archive,jamendo_1155000,jamendo::artist::482105d12ccd4681,https://github.com/MTG/mtg-jamendo-dataset,raw_30s audio-low shard 00,http://creativecommons.org/licenses/by-nc-sa/2.0/de/,YES,PER_TRACK_LICENSE_WITH_ATTRIBUTION,FOLLOW_RECORDED_CC_LICENSE,mtg_jamendo_cc,220b07d27485bcbb975216f78ec23474d78f653fe05b18c41e8c618ffbd6455e,mtg_jamendo_cc::track::jamendo_1155000,train,,,,,REAL,,,,,,,,,,,,,cal_v13,data\raw\public_v9\real_music\jamendo\1155000.low.mp3,220b07d27485bcbb975216f78ec23474d78f653fe05b18c41e8c618ffbd6455e,APPROVED,raw_30s audio-low shard 00,unknown,jamendo_artist_482105d12ccd4681,jamendo_1155000,jamendo_1155000,jamendo::artist::482105d12ccd4681,none,-1
C:\Users\lLrich\ai_voice_data_v13\raw\mtg_jamendo_cc\8f27e9c2c1d49a8b64da08610da56267409df8834fd780cb3f4e1dff690cfb60.mp3,0,0,0,0,1,jamendo_artist_1453a43356e25772,mtg_jamendo_cc::real,mtg_jamendo_cc,mtg_jamendo_cc,not_huggingface_official_archive,jamendo_1156400,jamendo::artist::1453a43356e25772,https://github.com/MTG/mtg-jamendo-dataset,raw_30s audio-low shard 00,http://creativecommons.org/licenses/by-sa/2.0/fr/,YES,PER_TRACK_LICENSE_WITH_ATTRIBUTION,FOLLOW_RECORDED_CC_LICENSE,mtg_jamendo_cc,8f27e9c2c1d49a8b64da08610da56267409df8834fd780cb3f4e1dff690cfb60,mtg_jamendo_cc::track::jamendo_1156400,train,,,,,REAL,,,,,,,,,,,,,cal_v13,data\raw\public_v9\real_music\jamendo\1156400.low.mp3,8f27e9c2c1d49a8b64da08610da56267409df8834fd780cb3f4e1dff690cfb60,APPROVED,raw_30s audio-low shard 00,unknown,jamendo_artist_1453a43356e25772,jamendo_1156400,jamendo_1156400,jamendo::artist::1453a43356e25772,none,-1
C:\Users\lLrich\ai_voice_data_v13\raw\mtg_jamendo_cc\507b356754395d63b462f103022b4657cf8900c7661efe09146bfdb1ce9fd485.mp3,0,0,0,0,1,jamendo_artist_2f7f05589560afbd,mtg_jamendo_cc::real,mtg_jamendo_cc,mtg_jamendo_cc,not_huggingface_official_archive,jamendo_1157600,jamendo::artist::2f7f05589560afbd,https://github.com/MTG/mtg-jamendo-dataset,raw_30s audio-low shard 00,http://creativecommons.org/licenses/by-sa/3.0/,YES,PER_TRACK_LICENSE_WITH_ATTRIBUTION,FOLLOW_RECORDED_CC_LICENSE,mtg_jamendo_cc,507b356754395d63b462f103022b4657cf8900c7661efe09146bfdb1ce9fd485,mtg_jamendo_cc::track::jamendo_1157600,train,,,,,REAL,,,,,,,,,,,,,cal_v13,data\raw\public_v9\real_music\jamendo\1157600.low.mp3,507b356754395d63b462f103022b4657cf8900c7661efe09146bfdb1ce9fd485,APPROVED,raw_30s audio-low shard 00,unknown,jamendo_artist_2f7f05589560afbd,jamendo_1157600,jamendo_1157600,jamendo::artist::2f7f05589560afbd,none,-1
C:\Users\lLrich\ai_voice_data_v13\raw\mtg_jamendo_cc\3e6f69cb7d439ba3a5303c442f5cee558b19051577e2b0f19347be8297300398.mp3,0,0,0,0,1,jamendo_artist_760e9be106d41463,mtg_jamendo_cc::real,mtg_jamendo_cc,mtg_jamendo_cc,not_huggingface_official_archive,jamendo_1158200,jamendo::artist::760e9be106d41463,https://github.com/MTG/mtg-jamendo-dataset,raw_30s audio-low shard 00,http://creativecommons.org/licenses/by-sa/3.0/,YES,PER_TRACK_LICENSE_WITH_ATTRIBUTION,FOLLOW_RECORDED_CC_LICENSE,mtg_jamendo_cc,3e6f69cb7d439ba3a5303c442f5cee558b19051577e2b0f19347be8297300398,mtg_jamendo_cc::track::jamendo_1158200,train,,,,,REAL,,,,,,,,,,,,,cal_v13,data\raw\public_v9\real_music\jamendo\1158200.low.mp3,3e6f69cb7d439ba3a5303c442f5cee558b19051577e2b0f19347be8297300398,APPROVED,raw_30s audio-low shard 00,unknown,jamendo_artist_760e9be106d41463,jamendo_1158200,jamendo_1158200,jamendo::artist::760e9be106d41463,none,-1
C:\Users\lLrich\ai_voice_data_v13\raw\mtg_jamendo_cc\e01b89750f9cc5caddea003a11a78b2bea7123a6ff37f4e683e637d350ea716b.mp3,0,0,0,0,1,jamendo_artist_2a15dc63c86d4978,mtg_jamendo_cc::real,mtg_jamendo_cc,mtg_jamendo_cc,not_huggingface_official_archive,jamendo_1159700,jamendo::artist::2a15dc63c86d4978,https://github.com/MTG/mtg-jamendo-dataset,raw_30s audio-low shard 00,http://creativecommons.org/licenses/by-sa/3.0/,YES,PER_TRACK_LICENSE_WITH_ATTRIBUTION,FOLLOW_RECORDED_CC_LICENSE,mtg_jamendo_cc,e01b89750f9cc5caddea003a11a78b2bea7123a6ff37f4e683e637d350ea716b,mtg_jamendo_cc::track::jamendo_1159700,train,,,,,REAL,,,,,,,,,,,,,cal_v13,data\raw\public_v9\real_music\jamendo\1159700.low.mp3,e01b89750f9cc5caddea003a11a78b2bea7123a6ff37f4e683e637d350ea716b,APPROVED,raw_30s audio-low shard 00,unknown,jamendo_artist_2a15dc63c86d4978,jamendo_1159700,jamendo_1159700,jamendo::artist::2a15dc63c86d4978,none,-1
C:\Users\lLrich\ai_voice_data_v13\raw\mtg_jamendo_cc\9d5923ff390258b8aee7579ea7d14b0362e5684455156dced79351041e912607.mp3,0,0,0,0,1,jamendo_artist_73b961c5f0d59b37,mtg_jamendo_cc::real,mtg_jamendo_cc,mtg_jamendo_cc,not_huggingface_official_archive,jamendo_1162100,jamendo::artist::73b961c5f0d59b37,https://github.com/MTG/mtg-jamendo-dataset,raw_30s audio-low shard 00,http://creativecommons.org/licenses/by-nc-sa/3.0/,YES,PER_TRACK_LICENSE_WITH_ATTRIBUTION,FOLLOW_RECORDED_CC_LICENSE,mtg_jamendo_cc,9d5923ff390258b8aee7579ea7d14b0362e5684455156dced79351041e912607,mtg_jamendo_cc::track::jamendo_1162100,train,,,,,REAL,,,,,,,,,,,,,cal_v13,data\raw\public_v9\real_music\jamendo\1162100.low.mp3,9d5923ff390258b8aee7579ea7d14b0362e5684455156dced79351041e912607,APPROVED,raw_30s audio-low shard 00,unknown,jamendo_artist_73b961c5f0d59b37,jamendo_1162100,jamendo_1162100,jamendo::artist::73b961c5f0d59b37,none,-1
C:\Users\lLrich\ai_voice_data_v13\raw\mtg_jamendo_cc\c8c67af66f98841b44d3e56491037f26b7a8b90464e3d38e7507e6b12823eb73.mp3,0,0,0,0,1,jamendo_artist_2b9d41ac838acc70,mtg_jamendo_cc::real,mtg_jamendo_cc,mtg_jamendo_cc,not_huggingface_official_archive,jamendo_1162600,jamendo::artist::2b9d41ac838acc70,https://github.com/MTG/mtg-jamendo-dataset,raw_30s audio-low shard 00,http://creativecommons.org/licenses/by-sa/3.0/,YES,PER_TRACK_LICENSE_WITH_ATTRIBUTION,FOLLOW_RECORDED_CC_LICENSE,mtg_jamendo_cc,c8c67af66f98841b44d3e56491037f26b7a8b90464e3d38e7507e6b12823eb73,mtg_jamendo_cc::track::jamendo_1162600,train,,,,,REAL,,,,,,,,,,,,,cal_v13,data\raw\public_v9\real_music\jamendo\1162600.low.mp3,c8c67af66f98841b44d3e56491037f26b7a8b90464e3d38e7507e6b12823eb73,APPROVED,raw_30s audio-low shard 00,unknown,jamendo_artist_2b9d41ac838acc70,jamendo_1162600,jamendo_1162600,jamendo::artist::2b9d41ac838acc70,none,-1
C:\Users\lLrich\ai_voice_data_v13\raw\mtg_jamendo_cc\a573a346e91368745bd0bf5427fd11d877caa5c94d84390503d6b3805571dec6.mp3,0,0,0,0,1,jamendo_artist_4cd011d194878f0d,mtg_jamendo_cc::real,mtg_jamendo_cc,mtg_jamendo_cc,not_huggingface_official_archive,jamendo_1165400,jamendo::artist::4cd011d194878f0d,https://github.com/MTG/mtg-jamendo-dataset,raw_30s audio-low shard 00,http://creativecommons.org/licenses/by-sa/3.0/,YES,PER_TRACK_LICENSE_WITH_ATTRIBUTION,FOLLOW_RECORDED_CC_LICENSE,mtg_jamendo_cc,a573a346e91368745bd0bf5427fd11d877caa5c94d84390503d6b3805571dec6,mtg_jamendo_cc::track::jamendo_1165400,train,,,,,REAL,,,,,,,,,,,,,cal_v13,data\raw\public_v9\real_music\jamendo\1165400.low.mp3,a573a346e91368745bd0bf5427fd11d877caa5c94d84390503d6b3805571dec6,APPROVED,raw_30s audio-low shard 00,unknown,jamendo_artist_4cd011d194878f0d,jamendo_1165400,jamendo_1165400,jamendo::artist::4cd011d194878f0d,none,-1
C:\Users\lLrich\ai_voice_data_v13\raw\mtg_jamendo_cc\5003bceb43e401baba8dd227a06a0ff299c17302b37ed62bbdf1257444cba24f.mp3,0,0,0,0,1,jamendo_artist_23cb4f8ae6f35bfb,mtg_jamendo_cc::real,mtg_jamendo_cc,mtg_jamendo_cc,not_huggingface_official_archive,jamendo_1165500,jamendo::artist::23cb4f8ae6f35bfb,https://github.com/MTG/mtg-jamendo-dataset,raw_30s audio-low shard 00,http://creativecommons.org/licenses/by-nc-sa/3.0/,YES,PER_TRACK_LICENSE_WITH_ATTRIBUTION,FOLLOW_RECORDED_CC_LICENSE,mtg_jamendo_cc,5003bceb43e401baba8dd227a06a0ff299c17302b37ed62bbdf1257444cba24f,mtg_jamendo_cc::track::jamendo_1165500,train,,,,,REAL,,,,,,,,,,,,,cal_v13,data\raw\public_v9\real_music\jamendo\1165500.low.mp3,5003bceb43e401baba8dd227a06a0ff299c17302b37ed62bbdf1257444cba24f,APPROVED,raw_30s audio-low shard 00,unknown,jamendo_artist_23cb4f8ae6f35bfb,jamendo_1165500,jamendo_1165500,jamendo::artist::23cb4f8ae6f35bfb,none,-1
C:\Users\lLrich\ai_voice_data_v13\raw\mtg_jamendo_cc\d0a553c99941c04ecb2d6e3cff47362bbacce0c3c582836509763836784b7aac.mp3,0,0,0,0,1,jamendo_artist_49f4e57c2625d4ae,mtg_jamendo_cc::real,mtg_jamendo_cc,mtg_jamendo_cc,not_huggingface_official_archive,jamendo_116600,jamendo::artist::49f4e57c2625d4ae,https://github.com/MTG/mtg-jamendo-dataset,raw_30s audio-low shard 00,http://creativecommons.org/licenses/by/3.0/,YES,PER_TRACK_LICENSE_WITH_ATTRIBUTION,FOLLOW_RECORDED_CC_LICENSE,mtg_jamendo_cc,d0a553c99941c04ecb2d6e3cff47362bbacce0c3c582836509763836784b7aac,mtg_jamendo_cc::track::jamendo_116600,train,,,,,REAL,,,,,,,,,,,,,cal_v13,data\raw\public_v9\real_music\jamendo\116600.low.mp3,d0a553c99941c04ecb2d6e3cff47362bbacce0c3c582836509763836784b7aac,APPROVED,raw_30s audio-low shard 00,unknown,jamendo_artist_49f4e57c2625d4ae,jamendo_116600,jamendo_116600,jamendo::artist::49f4e57c2625d4ae,none,-1
C:\Users\lLrich\ai_voice_data_v13\raw\mtg_jamendo_cc\5609989afc248935a11fde0b1d9d07e040f3f6941bc28c22232838b7e7041f97.mp3,0,0,0,0,1,jamendo_artist_95463db3ed97654c,mtg_jamendo_cc::real,mtg_jamendo_cc,mtg_jamendo_cc,not_huggingface_official_archive,jamendo_1166100,jamendo::artist::95463db3ed97654c,https://github.com/MTG/mtg-jamendo-dataset,raw_30s audio-low shard 00,http://creativecommons.org/licenses/by-nc/3.0/,YES,PER_TRACK_LICENSE_WITH_ATTRIBUTION,FOLLOW_RECORDED_CC_LICENSE,mtg_jamendo_cc,5609989afc248935a11fde0b1d9d07e040f3f6941bc28c22232838b7e7041f97,mtg_jamendo_cc::track::jamendo_1166100,train,,,,,REAL,,,,,,,,,,,,,cal_v13,data\raw\public_v9\real_music\jamendo\1166100.low.mp3,5609989afc248935a11fde0b1d9d07e040f3f6941bc28c22232838b7e7041f97,APPROVED,raw_30s audio-low shard 00,unknown,jamendo_artist_95463db3ed97654c,jamendo_1166100,jamendo_1166100,jamendo::artist::95463db3ed97654c,none,-1
C:\Users\lLrich\ai_voice_data_v13\raw\mtg_jamendo_cc\0dec666bf7be25d43474f09dfb09ed46d0baaf1c658b808e299335b108edaa71.mp3,0,0,0,0,1,jamendo_artist_a661a8b17afe7a77,mtg_jamendo_cc::real,mtg_jamendo_cc,mtg_jamendo_cc,not_huggingface_official_archive,jamendo_1167300,jamendo::artist::a661a8b17afe7a77,https://github.com/MTG/mtg-jamendo-dataset,raw_30s audio-low shard 00,http://creativecommons.org/licenses/by-sa/3.0/,YES,PER_TRACK_LICENSE_WITH_ATTRIBUTION,FOLLOW_RECORDED_CC_LICENSE,mtg_jamendo_cc,0dec666bf7be25d43474f09dfb09ed46d0baaf1c658b808e299335b108edaa71,mtg_jamendo_cc::track::jamendo_1167300,train,,,,,REAL,,,,,,,,,,,,,cal_v13,data\raw\public_v9\real_music\jamendo\1167300.low.mp3,0dec666bf7be25d43474f09dfb09ed46d0baaf1c658b808e299335b108edaa71,APPROVED,raw_30s audio-low shard 00,unknown,jamendo_artist_a661a8b17afe7a77,jamendo_1167300,jamendo_1167300,jamendo::artist::a661a8b17afe7a77,none,-1
C:\Users\lLrich\ai_voice_data_v13\raw\mtg_jamendo_cc\851453e92e2db6bda81335155ce38b5f403fac95c2987edb37d4b2786a7bffa7.mp3,0,0,0,0,1,jamendo_artist_95463db3ed97654c,mtg_jamendo_cc::real,mtg_jamendo_cc,mtg_jamendo_cc,not_huggingface_official_archive,jamendo_1168500,jamendo::artist::95463db3ed97654c,https://github.com/MTG/mtg-jamendo-dataset,raw_30s audio-low shard 00,http://creativecommons.org/licenses/by-nc/3.0/,YES,PER_TRACK_LICENSE_WITH_ATTRIBUTION,FOLLOW_RECORDED_CC_LICENSE,mtg_jamendo_cc,851453e92e2db6bda81335155ce38b5f403fac95c2987edb37d4b2786a7bffa7,mtg_jamendo_cc::track::jamendo_1168500,train,,,,,REAL,,,,,,,,,,,,,cal_v13,data\raw\public_v9\real_music\jamendo\1168500.low.mp3,851453e92e2db6bda81335155ce38b5f403fac95c2987edb37d4b2786a7bffa7,APPROVED,raw_30s audio-low shard 00,unknown,jamendo_artist_95463db3ed97654c,jamendo_1168500,jamendo_1168500,jamendo::artist::95463db3ed97654c,none,-1
C:\Users\lLrich\ai_voice_data_v13\raw\mtg_jamendo_cc\eb47d533d00f81c7798c21fe4b77abf4676a4948f497ead2a31e1af45e6039c6.mp3,0,0,0,0,1,jamendo_artist_820bc857670579ea,mtg_jamendo_cc::real,mtg_jamendo_cc,mtg_jamendo_cc,not_huggingface_official_archive,jamendo_1169400,jamendo::artist::820bc857670579ea,https://github.com/MTG/mtg-jamendo-dataset,raw_30s audio-low shard 00,http://creativecommons.org/licenses/by-nc-sa/2.0/de/,YES,PER_TRACK_LICENSE_WITH_ATTRIBUTION,FOLLOW_RECORDED_CC_LICENSE,mtg_jamendo_cc,eb47d533d00f81c7798c21fe4b77abf4676a4948f497ead2a31e1af45e6039c6,mtg_jamendo_cc::track::jamendo_1169400,train,,,,,REAL,,,,,,,,,,,,,cal_v13,data\raw\public_v9\real_music\jamendo\1169400.low.mp3,eb47d533d00f81c7798c21fe4b77abf4676a4948f497ead2a31e1af45e6039c6,APPROVED,raw_30s audio-low shard 00,unknown,jamendo_artist_820bc857670579ea,jamendo_1169400,jamendo_1169400,jamendo::artist::820bc857670579ea,none,-1
C:\Users\lLrich\ai_voice_data_v13\raw\mtg_jamendo_cc\1ba354e5202987cb43a1350f21453b4b78252af8de6aa1127f80b4ea6a2d55ab.mp3,0,0,0,0,1,jamendo_artist_109d4ccdb947704b,mtg_jamendo_cc::real,mtg_jamendo_cc,mtg_jamendo_cc,not_huggingface_official_archive,jamendo_1170400,jamendo::artist::109d4ccdb947704b,https://github.com/MTG/mtg-jamendo-dataset,raw_30s audio-low shard 00,http://creativecommons.org/licenses/by-nc-sa/2.0/fr/,YES,PER_TRACK_LICENSE_WITH_ATTRIBUTION,FOLLOW_RECORDED_CC_LICENSE,mtg_jamendo_cc,1ba354e5202987cb43a1350f21453b4b78252af8de6aa1127f80b4ea6a2d55ab,mtg_jamendo_cc::track::jamendo_1170400,train,,,,,REAL,,,,,,,,,,,,,cal_v13,data\raw\public_v9\real_music\jamendo\1170400.low.mp3,1ba354e5202987cb43a1350f21453b4b78252af8de6aa1127f80b4ea6a2d55ab,APPROVED,raw_30s audio-low shard 00,unknown,jamendo_artist_109d4ccdb947704b,jamendo_1170400,jamendo_1170400,jamendo::artist::109d4ccdb947704b,none,-1
C:\Users\lLrich\ai_voice_data_v13\raw\mtg_jamendo_cc\81134ada7499260a2cc2aa9affa5f26c45f92e55789673b846c34a850fab2a11.mp3,0,0,0,0,1,jamendo_artist_3ca4e21d70a464b4,mtg_jamendo_cc::real,mtg_jamendo_cc,mtg_jamendo_cc,not_huggingface_official_archive,jamendo_117300,jamendo::artist::3ca4e21d70a464b4,https://github.com/MTG/mtg-jamendo-dataset,raw_30s audio-low shard 00,http://creativecommons.org/licenses/by-sa/3.0/,YES,PER_TRACK_LICENSE_WITH_ATTRIBUTION,FOLLOW_RECORDED_CC_LICENSE,mtg_jamendo_cc,81134ada7499260a2cc2aa9affa5f26c45f92e55789673b846c34a850fab2a11,mtg_jamendo_cc::track::jamendo_117300,train,,,,,REAL,,,,,,,,,,,,,cal_v13,data\raw\public_v9\real_music\jamendo\117300.low.mp3,81134ada7499260a2cc2aa9affa5f26c45f92e55789673b846c34a850fab2a11,APPROVED,raw_30s audio-low shard 00,unknown,jamendo_artist_3ca4e21d70a464b4,jamendo_117300,jamendo_117300,jamendo::artist::3ca4e21d70a464b4,none,-1
C:\Users\lLrich\ai_voice_data_v13\raw\mtg_jamendo_cc\20354002934125e24b83a15baf9887cf642b4093c82dd02a29a728afdfd1a663.mp3,0,0,0,0,1,jamendo_artist_109d4ccdb947704b,mtg_jamendo_cc::real,mtg_jamendo_cc,mtg_jamendo_cc,not_huggingface_official_archive,jamendo_1173500,jamendo::artist::109d4ccdb947704b,https://github.com/MTG/mtg-jamendo-dataset,raw_30s audio-low shard 00,http://creativecommons.org/licenses/by-nc-sa/3.0/,YES,PER_TRACK_LICENSE_WITH_ATTRIBUTION,FOLLOW_RECORDED_CC_LICENSE,mtg_jamendo_cc,20354002934125e24b83a15baf9887cf642b4093c82dd02a29a728afdfd1a663,mtg_jamendo_cc::track::jamendo_1173500,train,,,,,REAL,,,,,,,,,,,,,cal_v13,data\raw\public_v9\real_music\jamendo\1173500.low.mp3,20354002934125e24b83a15baf9887cf642b4093c82dd02a29a728afdfd1a663,APPROVED,raw_30s audio-low shard 00,unknown,jamendo_artist_109d4ccdb947704b,jamendo_1173500,jamendo_1173500,jamendo::artist::109d4ccdb947704b,none,-1
C:\Users\lLrich\ai_voice_data_v13\raw\mtg_jamendo_cc\330d7f2e0915dffc6b76e13fd3dce962a6c7308007250093dd5f93b10941ae28.mp3,0,0,0,0,1,jamendo_artist_f711960c078e5825,mtg_jamendo_cc::real,mtg_jamendo_cc,mtg_jamendo_cc,not_huggingface_official_archive,jamendo_117800,jamendo::artist::f711960c078e5825,https://github.com/MTG/mtg-jamendo-dataset,raw_30s audio-low shard 00,http://creativecommons.org/licenses/by-sa/2.5/si/,YES,PER_TRACK_LICENSE_WITH_ATTRIBUTION,FOLLOW_RECORDED_CC_LICENSE,mtg_jamendo_cc,330d7f2e0915dffc6b76e13fd3dce962a6c7308007250093dd5f93b10941ae28,mtg_jamendo_cc::track::jamendo_117800,train,,,,,REAL,,,,,,,,,,,,,cal_v13,data\raw\public_v9\real_music\jamendo\117800.low.mp3,330d7f2e0915dffc6b76e13fd3dce962a6c7308007250093dd5f93b10941ae28,APPROVED,raw_30s audio-low shard 00,unknown,jamendo_artist_f711960c078e5825,jamendo_117800,jamendo_117800,jamendo::artist::f711960c078e5825,none,-1
C:\Users\lLrich\ai_voice_data_v13\raw\mtg_jamendo_cc\35199d8293d4305cb1be1018fbfb764139d8f66483fbd3b9f5bcf7db08b15f57.mp3,0,0,0,0,1,jamendo_artist_54e0a80c577c650d,mtg_jamendo_cc::real,mtg_jamendo_cc,mtg_jamendo_cc,not_huggingface_official_archive,jamendo_1178100,jamendo::artist::54e0a80c577c650d,https://github.com/MTG/mtg-jamendo-dataset,raw_30s audio-low shard 00,http://creativecommons.org/licenses/by-sa/3.0/,YES,PER_TRACK_LICENSE_WITH_ATTRIBUTION,FOLLOW_RECORDED_CC_LICENSE,mtg_jamendo_cc,35199d8293d4305cb1be1018fbfb764139d8f66483fbd3b9f5bcf7db08b15f57,mtg_jamendo_cc::track::jamendo_1178100,train,,,,,REAL,,,,,,,,,,,,,cal_v13,data\raw\public_v9\real_music\jamendo\1178100.low.mp3,35199d8293d4305cb1be1018fbfb764139d8f66483fbd3b9f5bcf7db08b15f57,APPROVED,raw_30s audio-low shard 00,unknown,jamendo_artist_54e0a80c577c650d,jamendo_1178100,jamendo_1178100,jamendo::artist::54e0a80c577c650d,none,-1
C:\Users\lLrich\ai_voice_data_v13\raw\mtg_jamendo_cc\81bd4ea8ea497b269d8a96513f89c9786e847e749cfc15ab117ab1d75a90046f.mp3,0,0,0,0,1,jamendo_artist_16bb79a21406ca2f,mtg_jamendo_cc::real,mtg_jamendo_cc,mtg_jamendo_cc,not_huggingface_official_archive,jamendo_1194600,jamendo::artist::16bb79a21406ca2f,https://github.com/MTG/mtg-jamendo-dataset,raw_30s audio-low shard 00,http://creativecommons.org/licenses/by/3.0/,YES,PER_TRACK_LICENSE_WITH_ATTRIBUTION,FOLLOW_RECORDED_CC_LICENSE,mtg_jamendo_cc,81bd4ea8ea497b269d8a96513f89c9786e847e749cfc15ab117ab1d75a90046f,mtg_jamendo_cc::track::jamendo_1194600,train,,,,,REAL,,,,,,,,,,,,,cal_v13,data\raw\public_v9\real_music\jamendo\1194600.low.mp3,81bd4ea8ea497b269d8a96513f89c9786e847e749cfc15ab117ab1d75a90046f,APPROVED,raw_30s audio-low shard 00,unknown,jamendo_artist_16bb79a21406ca2f,jamendo_1194600,jamendo_1194600,jamendo::artist::16bb79a21406ca2f,none,-1
C:\Users\lLrich\ai_voice_data_v13\raw\mtg_jamendo_cc\b37c0614494a1d025f13786b170b8f568996888e19fdd718a846c3ebdd815e5a.mp3,0,0,0,0,1,jamendo_artist_8bbe7059d1147d0d,mtg_jamendo_cc::real,mtg_jamendo_cc,mtg_jamendo_cc,not_huggingface_official_archive,jamendo_1196900,jamendo::artist::8bbe7059d1147d0d,https://github.com/MTG/mtg-jamendo-dataset,raw_30s audio-low shard 00,http://creativecommons.org/licenses/by-sa/3.0/,YES,PER_TRACK_LICENSE_WITH_ATTRIBUTION,FOLLOW_RECORDED_CC_LICENSE,mtg_jamendo_cc,b37c0614494a1d025f13786b170b8f568996888e19fdd718a846c3ebdd815e5a,mtg_jamendo_cc::track::jamendo_1196900,train,,,,,REAL,,,,,,,,,,,,,cal_v13,data\raw\public_v9\real_music\jamendo\1196900.low.mp3,b37c0614494a1d025f13786b170b8f568996888e19fdd718a846c3ebdd815e5a,APPROVED,raw_30s audio-low shard 00,unknown,jamendo_artist_8bbe7059d1147d0d,jamendo_1196900,jamendo_1196900,jamendo::artist::8bbe7059d1147d0d,none,-1
C:\Users\lLrich\ai_voice_data_v13\raw\mtg_jamendo_cc\520525361a55fbdb9ef9dc3dd5aea4c08a246a2d0dca668a46bbb2f7dd3dfe7c.mp3,0,0,0,0,1,jamendo_artist_b599b16221d0b3fa,mtg_jamendo_cc::real,mtg_jamendo_cc,mtg_jamendo_cc,not_huggingface_official_archive,jamendo_1197000,jamendo::artist::b599b16221d0b3fa,https://github.com/MTG/mtg-jamendo-dataset,raw_30s audio-low shard 00,http://creativecommons.org/licenses/by/3.0/,YES,PER_TRACK_LICENSE_WITH_ATTRIBUTION,FOLLOW_RECORDED_CC_LICENSE,mtg_jamendo_cc,520525361a55fbdb9ef9dc3dd5aea4c08a246a2d0dca668a46bbb2f7dd3dfe7c,mtg_jamendo_cc::track::jamendo_1197000,train,,,,,REAL,,,,,,,,,,,,,cal_v13,data\raw\public_v9\real_music\jamendo\1197000.low.mp3,520525361a55fbdb9ef9dc3dd5aea4c08a246a2d0dca668a46bbb2f7dd3dfe7c,APPROVED,raw_30s audio-low shard 00,unknown,jamendo_artist_b599b16221d0b3fa,jamendo_1197000,jamendo_1197000,jamendo::artist::b599b16221d0b3fa,none,-1
C:\Users\lLrich\ai_voice_data_v13\raw\mtg_jamendo_cc\e1bc2bac182c2e73dcea6bbffc9a4bd876a8cb4a35a29fcb8845d37b03b27447.mp3,0,0,0,0,1,jamendo_artist_0df40c8b79cce54f,mtg_jamendo_cc::real,mtg_jamendo_cc,mtg_jamendo_cc,not_huggingface_official_archive,jamendo_1208600,jamendo::artist::0df40c8b79cce54f,https://github.com/MTG/mtg-jamendo-dataset,raw_30s audio-low shard 00,http://creativecommons.org/licenses/by-sa/3.0/,YES,PER_TRACK_LICENSE_WITH_ATTRIBUTION,FOLLOW_RECORDED_CC_LICENSE,mtg_jamendo_cc,e1bc2bac182c2e73dcea6bbffc9a4bd876a8cb4a35a29fcb8845d37b03b27447,mtg_jamendo_cc::track::jamendo_1208600,train,,,,,REAL,,,,,,,,,,,,,cal_v13,data\raw\public_v9\real_music\jamendo\1208600.low.mp3,e1bc2bac182c2e73dcea6bbffc9a4bd876a8cb4a35a29fcb8845d37b03b27447,APPROVED,raw_30s audio-low shard 00,unknown,jamendo_artist_0df40c8b79cce54f,jamendo_1208600,jamendo_1208600,jamendo::artist::0df40c8b79cce54f,none,-1
C:\Users\lLrich\ai_voice_data_v13\raw\mtg_jamendo_cc\d909afc962105e5a9dcf22d9eaf5cb82d616691b4b1fb4f548138d9562414e76.mp3,0,0,0,0,1,jamendo_artist_a2ad1f4f069971fe,mtg_jamendo_cc::real,mtg_jamendo_cc,mtg_jamendo_cc,not_huggingface_official_archive,jamendo_1209800,jamendo::artist::a2ad1f4f069971fe,https://github.com/MTG/mtg-jamendo-dataset,raw_30s audio-low shard 00,http://creativecommons.org/licenses/by-nc-sa/3.0/,YES,PER_TRACK_LICENSE_WITH_ATTRIBUTION,FOLLOW_RECORDED_CC_LICENSE,mtg_jamendo_cc,d909afc962105e5a9dcf22d9eaf5cb82d616691b4b1fb4f548138d9562414e76,mtg_jamendo_cc::track::jamendo_1209800,train,,,,,REAL,,,,,,,,,,,,,cal_v13,data\raw\public_v9\real_music\jamendo\1209800.low.mp3,d909afc962105e5a9dcf22d9eaf5cb82d616691b4b1fb4f548138d9562414e76,APPROVED,raw_30s audio-low shard 00,unknown,jamendo_artist_a2ad1f4f069971fe,jamendo_1209800,jamendo_1209800,jamendo::artist::a2ad1f4f069971fe,none,-1
C:\Users\lLrich\ai_voice_data_v13\raw\mtg_jamendo_cc\490d619b33fb8bd54b807d97ef1e43ebb3166fd8d0e26949ebddf3fe14d6aff2.mp3,0,0,0,0,1,jamendo_artist_8bfb54fe4e4e43a9,mtg_jamendo_cc::real,mtg_jamendo_cc,mtg_jamendo_cc,not_huggingface_official_archive,jamendo_1211800,jamendo::artist::8bfb54fe4e4e43a9,https://github.com/MTG/mtg-jamendo-dataset,raw_30s audio-low shard 00,http://creativecommons.org/licenses/by-nc/3.0/,YES,PER_TRACK_LICENSE_WITH_ATTRIBUTION,FOLLOW_RECORDED_CC_LICENSE,mtg_jamendo_cc,490d619b33fb8bd54b807d97ef1e43ebb3166fd8d0e26949ebddf3fe14d6aff2,mtg_jamendo_cc::track::jamendo_1211800,train,,,,,REAL,,,,,,,,,,,,,cal_v13,data\raw\public_v9\real_music\jamendo\1211800.low.mp3,490d619b33fb8bd54b807d97ef1e43ebb3166fd8d0e26949ebddf3fe14d6aff2,APPROVED,raw_30s audio-low shard 00,unknown,jamendo_artist_8bfb54fe4e4e43a9,jamendo_1211800,jamendo_1211800,jamendo::artist::8bfb54fe4e4e43a9,none,-1
C:\Users\lLrich\ai_voice_data_v13\raw\mtg_jamendo_cc\9ef611b8af4e12578ef0c831b476ca3327dd411995602ff5e25a69abf6e36833.mp3,0,0,0,0,1,jamendo_artist_10d429b66479bc04,mtg_jamendo_cc::real,mtg_jamendo_cc,mtg_jamendo_cc,not_huggingface_official_archive,jamendo_1218700,jamendo::artist::10d429b66479bc04,https://github.com/MTG/mtg-jamendo-dataset,raw_30s audio-low shard 00,http://creativecommons.org/licenses/by-nc-sa/3.0/,YES,PER_TRACK_LICENSE_WITH_ATTRIBUTION,FOLLOW_RECORDED_CC_LICENSE,mtg_jamendo_cc,9ef611b8af4e12578ef0c831b476ca3327dd411995602ff5e25a69abf6e36833,mtg_jamendo_cc::track::jamendo_1218700,train,,,,,REAL,,,,,,,,,,,,,cal_v13,data\raw\public_v9\real_music\jamendo\1218700.low.mp3,9ef611b8af4e12578ef0c831b476ca3327dd411995602ff5e25a69abf6e36833,APPROVED,raw_30s audio-low shard 00,unknown,jamendo_artist_10d429b66479bc04,jamendo_1218700,jamendo_1218700,jamendo::artist::10d429b66479bc04,none,-1
C:\Users\lLrich\ai_voice_data_v13\raw\mtg_jamendo_cc\4aa86ebb3da617e29877b693a8fd24193bc2af4934d2b0ef0ee0c3daeb338992.mp3,0,0,0,0,1,jamendo_artist_9ff8c52ce6826912,mtg_jamendo_cc::real,mtg_jamendo_cc,mtg_jamendo_cc,not_huggingface_official_archive,jamendo_1219600,jamendo::artist::9ff8c52ce6826912,https://github.com/MTG/mtg-jamendo-dataset,raw_30s audio-low shard 00,http://creativecommons.org/licenses/by-nc-sa/3.0/,YES,PER_TRACK_LICENSE_WITH_ATTRIBUTION,FOLLOW_RECORDED_CC_LICENSE,mtg_jamendo_cc,4aa86ebb3da617e29877b693a8fd24193bc2af4934d2b0ef0ee0c3daeb338992,mtg_jamendo_cc::track::jamendo_1219600,train,,,,,REAL,,,,,,,,,,,,,cal_v13,data\raw\public_v9\real_music\jamendo\1219600.low.mp3,4aa86ebb3da617e29877b693a8fd24193bc2af4934d2b0ef0ee0c3daeb338992,APPROVED,raw_30s audio-low shard 00,unknown,jamendo_artist_9ff8c52ce6826912,jamendo_1219600,jamendo_1219600,jamendo::artist::9ff8c52ce6826912,none,-1
C:\Users\lLrich\ai_voice_data_v13\raw\mtg_jamendo_cc\63623bf682a7a7afae1126a49fb8355dd1e32fdc166939158937f1c64ef731b9.mp3,0,0,0,0,1,jamendo_artist_6ef2eaec12d887e2,mtg_jamendo_cc::real,mtg_jamendo_cc,mtg_jamendo_cc,not_huggingface_official_archive,jamendo_1221000,jamendo::artist::6ef2eaec12d887e2,https://github.com/MTG/mtg-jamendo-dataset,raw_30s audio-low shard 00,http://creativecommons.org/licenses/by-nc-sa/3.0/,YES,PER_TRACK_LICENSE_WITH_ATTRIBUTION,FOLLOW_RECORDED_CC_LICENSE,mtg_jamendo_cc,63623bf682a7a7afae1126a49fb8355dd1e32fdc166939158937f1c64ef731b9,mtg_jamendo_cc::track::jamendo_1221000,train,,,,,REAL,,,,,,,,,,,,,cal_v13,data\raw\public_v9\real_music\jamendo\1221000.low.mp3,63623bf682a7a7afae1126a49fb8355dd1e32fdc166939158937f1c64ef731b9,APPROVED,raw_30s audio-low shard 00,unknown,jamendo_artist_6ef2eaec12d887e2,jamendo_1221000,jamendo_1221000,jamendo::artist::6ef2eaec12d887e2,none,-1
C:\Users\lLrich\ai_voice_data_v13\raw\mtg_jamendo_cc\bcdc63b41d6c92dcac3aede81a59df068eceee83d64cfc15bc23dd03661a01be.mp3,0,0,0,0,1,jamendo_artist_7f3a2a6e9f985a66,mtg_jamendo_cc::real,mtg_jamendo_cc,mtg_jamendo_cc,not_huggingface_official_archive,jamendo_1221300,jamendo::artist::7f3a2a6e9f985a66,https://github.com/MTG/mtg-jamendo-dataset,raw_30s audio-low shard 00,http://creativecommons.org/licenses/by-nc-sa/3.0/,YES,PER_TRACK_LICENSE_WITH_ATTRIBUTION,FOLLOW_RECORDED_CC_LICENSE,mtg_jamendo_cc,bcdc63b41d6c92dcac3aede81a59df068eceee83d64cfc15bc23dd03661a01be,mtg_jamendo_cc::track::jamendo_1221300,train,,,,,REAL,,,,,,,,,,,,,cal_v13,data\raw\public_v9\real_music\jamendo\1221300.low.mp3,bcdc63b41d6c92dcac3aede81a59df068eceee83d64cfc15bc23dd03661a01be,APPROVED,raw_30s audio-low shard 00,unknown,jamendo_artist_7f3a2a6e9f985a66,jamendo_1221300,jamendo_1221300,jamendo::artist::7f3a2a6e9f985a66,none,-1
C:\Users\lLrich\ai_voice_data_v13\raw\mtg_jamendo_cc\2df485c9c806dac4362886e20b733046e6ad01b8d7e400890cd244a5c4c7dc2e.mp3,0,0,0,0,1,jamendo_artist_9963460e2510b8aa,mtg_jamendo_cc::real,mtg_jamendo_cc,mtg_jamendo_cc,not_huggingface_official_archive,jamendo_1222900,jamendo::artist::9963460e2510b8aa,https://github.com/MTG/mtg-jamendo-dataset,raw_30s audio-low shard 00,http://creativecommons.org/licenses/by-sa/3.0/,YES,PER_TRACK_LICENSE_WITH_ATTRIBUTION,FOLLOW_RECORDED_CC_LICENSE,mtg_jamendo_cc,2df485c9c806dac4362886e20b733046e6ad01b8d7e400890cd244a5c4c7dc2e,mtg_jamendo_cc::track::jamendo_1222900,train,,,,,REAL,,,,,,,,,,,,,cal_v13,data\raw\public_v9\real_music\jamendo\1222900.low.mp3,2df485c9c806dac4362886e20b733046e6ad01b8d7e400890cd244a5c4c7dc2e,APPROVED,raw_30s audio-low shard 00,unknown,jamendo_artist_9963460e2510b8aa,jamendo_1222900,jamendo_1222900,jamendo::artist::9963460e2510b8aa,none,-1
C:\Users\lLrich\ai_voice_data_v13\raw\mtg_jamendo_cc\8b22f8805b3721198f8b739a9fccd1ab2c401c4cbbf3538f46d2fea6d4650adc.mp3,0,0,0,0,1,jamendo_artist_95463db3ed97654c,mtg_jamendo_cc::real,mtg_jamendo_cc,mtg_jamendo_cc,not_huggingface_official_archive,jamendo_1223300,jamendo::artist::95463db3ed97654c,https://github.com/MTG/mtg-jamendo-dataset,raw_30s audio-low shard 00,http://creativecommons.org/licenses/by-nc/3.0/,YES,PER_TRACK_LICENSE_WITH_ATTRIBUTION,FOLLOW_RECORDED_CC_LICENSE,mtg_jamendo_cc,8b22f8805b3721198f8b739a9fccd1ab2c401c4cbbf3538f46d2fea6d4650adc,mtg_jamendo_cc::track::jamendo_1223300,train,,,,,REAL,,,,,,,,,,,,,cal_v13,data\raw\public_v9\real_music\jamendo\1223300.low.mp3,8b22f8805b3721198f8b739a9fccd1ab2c401c4cbbf3538f46d2fea6d4650adc,APPROVED,raw_30s audio-low shard 00,unknown,jamendo_artist_95463db3ed97654c,jamendo_1223300,jamendo_1223300,jamendo::artist::95463db3ed97654c,none,-1
C:\Users\lLrich\ai_voice_data_v13\raw\mtg_jamendo_cc\c4482de2f3f491d166bb13d2f2c3791433fa488a56fb78c6164f361a58c71c96.mp3,0,0,0,0,1,jamendo_artist_a6636b822a8a01d1,mtg_jamendo_cc::real,mtg_jamendo_cc,mtg_jamendo_cc,not_huggingface_official_archive,jamendo_1223700,jamendo::artist::a6636b822a8a01d1,https://github.com/MTG/mtg-jamendo-dataset,raw_30s audio-low shard 00,http://creativecommons.org/licenses/by/3.0/,YES,PER_TRACK_LICENSE_WITH_ATTRIBUTION,FOLLOW_RECORDED_CC_LICENSE,mtg_jamendo_cc,c4482de2f3f491d166bb13d2f2c3791433fa488a56fb78c6164f361a58c71c96,mtg_jamendo_cc::track::jamendo_1223700,train,,,,,REAL,,,,,,,,,,,,,cal_v13,data\raw\public_v9\real_music\jamendo\1223700.low.mp3,c4482de2f3f491d166bb13d2f2c3791433fa488a56fb78c6164f361a58c71c96,APPROVED,raw_30s audio-low shard 00,unknown,jamendo_artist_a6636b822a8a01d1,jamendo_1223700,jamendo_1223700,jamendo::artist::a6636b822a8a01d1,none,-1
C:\Users\lLrich\ai_voice_data_v13\raw\mtg_jamendo_cc\8d3d6a8816569e2b7f493e9e81d00e7a980ce8be280a96b95d1709b68922661e.mp3,0,0,0,0,1,jamendo_artist_775fd689350c935f,mtg_jamendo_cc::real,mtg_jamendo_cc,mtg_jamendo_cc,not_huggingface_official_archive,jamendo_1225500,jamendo::artist::775fd689350c935f,https://github.com/MTG/mtg-jamendo-dataset,raw_30s audio-low shard 00,http://creativecommons.org/licenses/by/3.0/,YES,PER_TRACK_LICENSE_WITH_ATTRIBUTION,FOLLOW_RECORDED_CC_LICENSE,mtg_jamendo_cc,8d3d6a8816569e2b7f493e9e81d00e7a980ce8be280a96b95d1709b68922661e,mtg_jamendo_cc::track::jamendo_1225500,train,,,,,REAL,,,,,,,,,,,,,cal_v13,data\raw\public_v9\real_music\jamendo\1225500.low.mp3,8d3d6a8816569e2b7f493e9e81d00e7a980ce8be280a96b95d1709b68922661e,APPROVED,raw_30s audio-low shard 00,unknown,jamendo_artist_775fd689350c935f,jamendo_1225500,jamendo_1225500,jamendo::artist::775fd689350c935f,none,-1
C:\Users\lLrich\ai_voice_data_v13\raw\mtg_jamendo_cc\c53d1f23233481aca0132dc6bd50b090b8b82c02f31db18f63f2de7f4ecf92a9.mp3,0,0,0,0,1,jamendo_artist_3c65f641f6c2c758,mtg_jamendo_cc::real,mtg_jamendo_cc,mtg_jamendo_cc,not_huggingface_official_archive,jamendo_1226700,jamendo::artist::3c65f641f6c2c758,https://github.com/MTG/mtg-jamendo-dataset,raw_30s audio-low shard 00,http://creativecommons.org/licenses/by-nc-sa/3.0/,YES,PER_TRACK_LICENSE_WITH_ATTRIBUTION,FOLLOW_RECORDED_CC_LICENSE,mtg_jamendo_cc,c53d1f23233481aca0132dc6bd50b090b8b82c02f31db18f63f2de7f4ecf92a9,mtg_jamendo_cc::track::jamendo_1226700,train,,,,,REAL,,,,,,,,,,,,,cal_v13,data\raw\public_v9\real_music\jamendo\1226700.low.mp3,c53d1f23233481aca0132dc6bd50b090b8b82c02f31db18f63f2de7f4ecf92a9,APPROVED,raw_30s audio-low shard 00,unknown,jamendo_artist_3c65f641f6c2c758,jamendo_1226700,jamendo_1226700,jamendo::artist::3c65f641f6c2c758,none,-1
C:\Users\lLrich\ai_voice_data_v13\raw\mtg_jamendo_cc\017890348a0ad6ddf1b240db26c7b322902ee63d3706180eb6b36000fb9095ee.mp3,0,0,0,0,1,jamendo_artist_02f6ae1db33d2773,mtg_jamendo_cc::real,mtg_jamendo_cc,mtg_jamendo_cc,not_huggingface_official_archive,jamendo_1231600,jamendo::artist::02f6ae1db33d2773,https://github.com/MTG/mtg-jamendo-dataset,raw_30s audio-low shard 00,http://creativecommons.org/licenses/by/3.0/,YES,PER_TRACK_LICENSE_WITH_ATTRIBUTION,FOLLOW_RECORDED_CC_LICENSE,mtg_jamendo_cc,017890348a0ad6ddf1b240db26c7b322902ee63d3706180eb6b36000fb9095ee,mtg_jamendo_cc::track::jamendo_1231600,train,,,,,REAL,,,,,,,,,,,,,cal_v13,data\raw\public_v9\real_music\jamendo\1231600.low.mp3,017890348a0ad6ddf1b240db26c7b322902ee63d3706180eb6b36000fb9095ee,APPROVED,raw_30s audio-low shard 00,unknown,jamendo_artist_02f6ae1db33d2773,jamendo_1231600,jamendo_1231600,jamendo::artist::02f6ae1db33d2773,none,-1
C:\Users\lLrich\ai_voice_data_v13\raw\mtg_jamendo_cc\df735b0cf3e8aa90b37f7e9a5be780086e6d70adce2ded1cf46f0911af4459d7.mp3,0,0,0,0,1,jamendo_artist_e270fca74c79fb7b,mtg_jamendo_cc::real,mtg_jamendo_cc,mtg_jamendo_cc,not_huggingface_official_archive,jamendo_1235700,jamendo::artist::e270fca74c79fb7b,https://github.com/MTG/mtg-jamendo-dataset,raw_30s audio-low shard 00,http://creativecommons.org/licenses/by/3.0/,YES,PER_TRACK_LICENSE_WITH_ATTRIBUTION,FOLLOW_RECORDED_CC_LICENSE,mtg_jamendo_cc,df735b0cf3e8aa90b37f7e9a5be780086e6d70adce2ded1cf46f0911af4459d7,mtg_jamendo_cc::track::jamendo_1235700,train,,,,,REAL,,,,,,,,,,,,,cal_v13,data\raw\public_v9\real_music\jamendo\1235700.low.mp3,df735b0cf3e8aa90b37f7e9a5be780086e6d70adce2ded1cf46f0911af4459d7,APPROVED,raw_30s audio-low shard 00,unknown,jamendo_artist_e270fca74c79fb7b,jamendo_1235700,jamendo_1235700,jamendo::artist::e270fca74c79fb7b,none,-1
C:\Users\lLrich\ai_voice_data_v13\raw\mtg_jamendo_cc\886a4273420991352bb840737079de7ea626b9718e1c2de16da998c9fdf0b6e7.mp3,0,0,0,0,1,jamendo_artist_a82306a7ad719931,mtg_jamendo_cc::real,mtg_jamendo_cc,mtg_jamendo_cc,not_huggingface_official_archive,jamendo_1236300,jamendo::artist::a82306a7ad719931,https://github.com/MTG/mtg-jamendo-dataset,raw_30s audio-low shard 00,http://creativecommons.org/licenses/by-nc-sa/3.0/,YES,PER_TRACK_LICENSE_WITH_ATTRIBUTION,FOLLOW_RECORDED_CC_LICENSE,mtg_jamendo_cc,886a4273420991352bb840737079de7ea626b9718e1c2de16da998c9fdf0b6e7,mtg_jamendo_cc::track::jamendo_1236300,train,,,,,REAL,,,,,,,,,,,,,cal_v13,data\raw\public_v9\real_music\jamendo\1236300.low.mp3,886a4273420991352bb840737079de7ea626b9718e1c2de16da998c9fdf0b6e7,APPROVED,raw_30s audio-low shard 00,unknown,jamendo_artist_a82306a7ad719931,jamendo_1236300,jamendo_1236300,jamendo::artist::a82306a7ad719931,none,-1
C:\Users\lLrich\ai_voice_data_v13\raw\mtg_jamendo_cc\f88461c34dfffc3516ed0a699f01afb40b382e66b71dd12c6b90f0ef069919b5.mp3,0,0,0,0,1,jamendo_artist_b10dcb183e4c9da8,mtg_jamendo_cc::real,mtg_jamendo_cc,mtg_jamendo_cc,not_huggingface_official_archive,jamendo_1236400,jamendo::artist::b10dcb183e4c9da8,https://github.com/MTG/mtg-jamendo-dataset,raw_30s audio-low shard 00,http://creativecommons.org/licenses/by-nc/3.0/,YES,PER_TRACK_LICENSE_WITH_ATTRIBUTION,FOLLOW_RECORDED_CC_LICENSE,mtg_jamendo_cc,f88461c34dfffc3516ed0a699f01afb40b382e66b71dd12c6b90f0ef069919b5,mtg_jamendo_cc::track::jamendo_1236400,train,,,,,REAL,,,,,,,,,,,,,cal_v13,data\raw\public_v9\real_music\jamendo\1236400.low.mp3,f88461c34dfffc3516ed0a699f01afb40b382e66b71dd12c6b90f0ef069919b5,APPROVED,raw_30s audio-low shard 00,unknown,jamendo_artist_b10dcb183e4c9da8,jamendo_1236400,jamendo_1236400,jamendo::artist::b10dcb183e4c9da8,none,-1
C:\Users\lLrich\ai_voice_data_v13\raw\mtg_jamendo_cc\25b5ac16a4227141e35694580e3a0695bb458f04b9e65dfdec760554be5e76ea.mp3,0,0,0,0,1,jamendo_artist_7164401357890f6b,mtg_jamendo_cc::real,mtg_jamendo_cc,mtg_jamendo_cc,not_huggingface_official_archive,jamendo_124700,jamendo::artist::7164401357890f6b,https://github.com/MTG/mtg-jamendo-dataset,raw_30s audio-low shard 00,http://creativecommons.org/licenses/by-nc-sa/3.0/,YES,PER_TRACK_LICENSE_WITH_ATTRIBUTION,FOLLOW_RECORDED_CC_LICENSE,mtg_jamendo_cc,25b5ac16a4227141e35694580e3a0695bb458f04b9e65dfdec760554be5e76ea,mtg_jamendo_cc::track::jamendo_124700,train,,,,,REAL,,,,,,,,,,,,,cal_v13,data\raw\public_v9\real_music\jamendo\124700.low.mp3,25b5ac16a4227141e35694580e3a0695bb458f04b9e65dfdec760554be5e76ea,APPROVED,raw_30s audio-low shard 00,unknown,jamendo_artist_7164401357890f6b,jamendo_124700,jamendo_124700,jamendo::artist::7164401357890f6b,none,-1
C:\Users\lLrich\ai_voice_data_v13\raw\mtg_jamendo_cc\6518fecb65767730dd2120a9248ba461d36bf00a4ad09786f1e2bc1c471e6f3f.mp3,0,0,0,0,1,jamendo_artist_25010a9e6ec306a7,mtg_jamendo_cc::real,mtg_jamendo_cc,mtg_jamendo_cc,not_huggingface_official_archive,jamendo_1248600,jamendo::artist::25010a9e6ec306a7,https://github.com/MTG/mtg-jamendo-dataset,raw_30s audio-low shard 00,http://creativecommons.org/licenses/by-nc-sa/3.0/,YES,PER_TRACK_LICENSE_WITH_ATTRIBUTION,FOLLOW_RECORDED_CC_LICENSE,mtg_jamendo_cc,6518fecb65767730dd2120a9248ba461d36bf00a4ad09786f1e2bc1c471e6f3f,mtg_jamendo_cc::track::jamendo_1248600,train,,,,,REAL,,,,,,,,,,,,,cal_v13,data\raw\public_v9\real_music\jamendo\1248600.low.mp3,6518fecb65767730dd2120a9248ba461d36bf00a4ad09786f1e2bc1c471e6f3f,APPROVED,raw_30s audio-low shard 00,unknown,jamendo_artist_25010a9e6ec306a7,jamendo_1248600,jamendo_1248600,jamendo::artist::25010a9e6ec306a7,none,-1
C:\Users\lLrich\ai_voice_data_v13\raw\mtg_jamendo_cc\f9269396f4960f6cd91977f13ee34c34a725aedebff2b0e9e8b6eeb599b83f46.mp3,0,0,0,0,1,jamendo_artist_f293c0038306b4e8,mtg_jamendo_cc::real,mtg_jamendo_cc,mtg_jamendo_cc,not_huggingface_official_archive,jamendo_1249300,jamendo::artist::f293c0038306b4e8,https://github.com/MTG/mtg-jamendo-dataset,raw_30s audio-low shard 00,http://creativecommons.org/licenses/by-nc-sa/3.0/,YES,PER_TRACK_LICENSE_WITH_ATTRIBUTION,FOLLOW_RECORDED_CC_LICENSE,mtg_jamendo_cc,f9269396f4960f6cd91977f13ee34c34a725aedebff2b0e9e8b6eeb599b83f46,mtg_jamendo_cc::track::jamendo_1249300,train,,,,,REAL,,,,,,,,,,,,,cal_v13,data\raw\public_v9\real_music\jamendo\1249300.low.mp3,f9269396f4960f6cd91977f13ee34c34a725aedebff2b0e9e8b6eeb599b83f46,APPROVED,raw_30s audio-low shard 00,unknown,jamendo_artist_f293c0038306b4e8,jamendo_1249300,jamendo_1249300,jamendo::artist::f293c0038306b4e8,none,-1
C:\Users\lLrich\ai_voice_data_v13\raw\mtg_jamendo_cc\d7df622f56d428d718c6f8303586135423a0601c6a4a01bd3ae39eaf2cad31ee.mp3,0,0,0,0,1,jamendo_artist_2d82fd8579e6b52c,mtg_jamendo_cc::real,mtg_jamendo_cc,mtg_jamendo_cc,not_huggingface_official_archive,jamendo_1257400,jamendo::artist::2d82fd8579e6b52c,https://github.com/MTG/mtg-jamendo-dataset,raw_30s audio-low shard 00,http://creativecommons.org/licenses/by-nc-sa/3.0/,YES,PER_TRACK_LICENSE_WITH_ATTRIBUTION,FOLLOW_RECORDED_CC_LICENSE,mtg_jamendo_cc,d7df622f56d428d718c6f8303586135423a0601c6a4a01bd3ae39eaf2cad31ee,mtg_jamendo_cc::track::jamendo_1257400,train,,,,,REAL,,,,,,,,,,,,,cal_v13,data\raw\public_v9\real_music\jamendo\1257400.low.mp3,d7df622f56d428d718c6f8303586135423a0601c6a4a01bd3ae39eaf2cad31ee,APPROVED,raw_30s audio-low shard 00,unknown,jamendo_artist_2d82fd8579e6b52c,jamendo_1257400,jamendo_1257400,jamendo::artist::2d82fd8579e6b52c,none,-1
C:\Users\lLrich\ai_voice_data_v13\raw\mtg_jamendo_cc\d8e694c96c73458e9efc03c9b16b6dfd5034a85844fa88f1bd05a255b35c36ad.mp3,0,0,0,0,1,jamendo_artist_1f739e2d3111fd85,mtg_jamendo_cc::real,mtg_jamendo_cc,mtg_jamendo_cc,not_huggingface_official_archive,jamendo_1266300,jamendo::artist::1f739e2d3111fd85,https://github.com/MTG/mtg-jamendo-dataset,raw_30s audio-low shard 00,http://creativecommons.org/licenses/by/3.0/,YES,PER_TRACK_LICENSE_WITH_ATTRIBUTION,FOLLOW_RECORDED_CC_LICENSE,mtg_jamendo_cc,d8e694c96c73458e9efc03c9b16b6dfd5034a85844fa88f1bd05a255b35c36ad,mtg_jamendo_cc::track::jamendo_1266300,train,,,,,REAL,,,,,,,,,,,,,cal_v13,data\raw\public_v9\real_music\jamendo\1266300.low.mp3,d8e694c96c73458e9efc03c9b16b6dfd5034a85844fa88f1bd05a255b35c36ad,APPROVED,raw_30s audio-low shard 00,unknown,jamendo_artist_1f739e2d3111fd85,jamendo_1266300,jamendo_1266300,jamendo::artist::1f739e2d3111fd85,none,-1
C:\Users\lLrich\ai_voice_data_v13\raw\mtg_jamendo_cc\7c853eacc1e1eefa909b34039d1afbe29a370b3f0668d004366c3feef532386e.mp3,0,0,0,0,1,jamendo_artist_3c65f641f6c2c758,mtg_jamendo_cc::real,mtg_jamendo_cc,mtg_jamendo_cc,not_huggingface_official_archive,jamendo_1270100,jamendo::artist::3c65f641f6c2c758,https://github.com/MTG/mtg-jamendo-dataset,raw_30s audio-low shard 00,http://creativecommons.org/licenses/by-nc-sa/3.0/,YES,PER_TRACK_LICENSE_WITH_ATTRIBUTION,FOLLOW_RECORDED_CC_LICENSE,mtg_jamendo_cc,7c853eacc1e1eefa909b34039d1afbe29a370b3f0668d004366c3feef532386e,mtg_jamendo_cc::track::jamendo_1270100,train,,,,,REAL,,,,,,,,,,,,,cal_v13,data\raw\public_v9\real_music\jamendo\1270100.low.mp3,7c853eacc1e1eefa909b34039d1afbe29a370b3f0668d004366c3feef532386e,APPROVED,raw_30s audio-low shard 00,unknown,jamendo_artist_3c65f641f6c2c758,jamendo_1270100,jamendo_1270100,jamendo::artist::3c65f641f6c2c758,none,-1
C:\Users\lLrich\ai_voice_data_v13\raw\mtg_jamendo_cc\201ea5a889b6f947c8782c5b05a382d6117f77542fbf2ea488ba7d19d0daec42.mp3,0,0,0,0,1,jamendo_artist_aa288cfa564f3488,mtg_jamendo_cc::real,mtg_jamendo_cc,mtg_jamendo_cc,not_huggingface_official_archive,jamendo_1273900,jamendo::artist::aa288cfa564f3488,https://github.com/MTG/mtg-jamendo-dataset,raw_30s audio-low shard 00,http://creativecommons.org/licenses/by/3.0/,YES,PER_TRACK_LICENSE_WITH_ATTRIBUTION,FOLLOW_RECORDED_CC_LICENSE,mtg_jamendo_cc,201ea5a889b6f947c8782c5b05a382d6117f77542fbf2ea488ba7d19d0daec42,mtg_jamendo_cc::track::jamendo_1273900,train,,,,,REAL,,,,,,,,,,,,,cal_v13,data\raw\public_v9\real_music\jamendo\1273900.low.mp3,201ea5a889b6f947c8782c5b05a382d6117f77542fbf2ea488ba7d19d0daec42,APPROVED,raw_30s audio-low shard 00,unknown,jamendo_artist_aa288cfa564f3488,jamendo_1273900,jamendo_1273900,jamendo::artist::aa288cfa564f3488,none,-1
C:\Users\lLrich\ai_voice_data_v13\raw\mtg_jamendo_cc\eafc4829bcad199ead99b9c73bcfbbe064ecd228a43bb8ae962fdabe661ac2fe.mp3,0,0,0,0,1,jamendo_artist_5a540867a5d3d2f4,mtg_jamendo_cc::real,mtg_jamendo_cc,mtg_jamendo_cc,not_huggingface_official_archive,jamendo_127600,jamendo::artist::5a540867a5d3d2f4,https://github.com/MTG/mtg-jamendo-dataset,raw_30s audio-low shard 00,http://creativecommons.org/licenses/by-nc-sa/3.0/,YES,PER_TRACK_LICENSE_WITH_ATTRIBUTION,FOLLOW_RECORDED_CC_LICENSE,mtg_jamendo_cc,eafc4829bcad199ead99b9c73bcfbbe064ecd228a43bb8ae962fdabe661ac2fe,mtg_jamendo_cc::track::jamendo_127600,train,,,,,REAL,,,,,,,,,,,,,cal_v13,data\raw\public_v9\real_music\jamendo\127600.low.mp3,eafc4829bcad199ead99b9c73bcfbbe064ecd228a43bb8ae962fdabe661ac2fe,APPROVED,raw_30s audio-low shard 00,unknown,jamendo_artist_5a540867a5d3d2f4,jamendo_127600,jamendo_127600,jamendo::artist::5a540867a5d3d2f4,none,-1
C:\Users\lLrich\ai_voice_data_v13\raw\mtg_jamendo_cc\b745da658db859cbf420cf1e6a7143b976eec95aa438ae012b98414ccefa926b.mp3,0,0,0,0,1,jamendo_artist_e231b64cd0c0c4d2,mtg_jamendo_cc::real,mtg_jamendo_cc,mtg_jamendo_cc,not_huggingface_official_archive,jamendo_1277700,jamendo::artist::e231b64cd0c0c4d2,https://github.com/MTG/mtg-jamendo-dataset,raw_30s audio-low shard 00,http://creativecommons.org/licenses/by-nc/3.0/,YES,PER_TRACK_LICENSE_WITH_ATTRIBUTION,FOLLOW_RECORDED_CC_LICENSE,mtg_jamendo_cc,b745da658db859cbf420cf1e6a7143b976eec95aa438ae012b98414ccefa926b,mtg_jamendo_cc::track::jamendo_1277700,train,,,,,REAL,,,,,,,,,,,,,cal_v13,data\raw\public_v9\real_music\jamendo\1277700.low.mp3,b745da658db859cbf420cf1e6a7143b976eec95aa438ae012b98414ccefa926b,APPROVED,raw_30s audio-low shard 00,unknown,jamendo_artist_e231b64cd0c0c4d2,jamendo_1277700,jamendo_1277700,jamendo::artist::e231b64cd0c0c4d2,none,-1
C:\Users\lLrich\ai_voice_data_v13\raw\mtg_jamendo_cc\a3aa1173b45b64881b5897ab30826cd27c170dd2c8b65fdad1f220ae8593f112.mp3,0,0,0,0,1,jamendo_artist_e231b64cd0c0c4d2,mtg_jamendo_cc::real,mtg_jamendo_cc,mtg_jamendo_cc,not_huggingface_official_archive,jamendo_1277800,jamendo::artist::e231b64cd0c0c4d2,https://github.com/MTG/mtg-jamendo-dataset,raw_30s audio-low shard 00,http://creativecommons.org/licenses/by-nc/3.0/,YES,PER_TRACK_LICENSE_WITH_ATTRIBUTION,FOLLOW_RECORDED_CC_LICENSE,mtg_jamendo_cc,a3aa1173b45b64881b5897ab30826cd27c170dd2c8b65fdad1f220ae8593f112,mtg_jamendo_cc::track::jamendo_1277800,train,,,,,REAL,,,,,,,,,,,,,cal_v13,data\raw\public_v9\real_music\jamendo\1277800.low.mp3,a3aa1173b45b64881b5897ab30826cd27c170dd2c8b65fdad1f220ae8593f112,APPROVED,raw_30s audio-low shard 00,unknown,jamendo_artist_e231b64cd0c0c4d2,jamendo_1277800,jamendo_1277800,jamendo::artist::e231b64cd0c0c4d2,none,-1
C:\Users\lLrich\ai_voice_data_v13\raw\mtg_jamendo_cc\eec8899a08aab2fd55fe923a085ba76cd7a8b85443b4a2286b550d61fb989018.mp3,0,0,0,0,1,jamendo_artist_75bf5fa675eca5fa,mtg_jamendo_cc::real,mtg_jamendo_cc,mtg_jamendo_cc,not_huggingface_official_archive,jamendo_128300,jamendo::artist::75bf5fa675eca5fa,https://github.com/MTG/mtg-jamendo-dataset,raw_30s audio-low shard 00,http://creativecommons.org/licenses/by-nc-sa/2.0/fr/,YES,PER_TRACK_LICENSE_WITH_ATTRIBUTION,FOLLOW_RECORDED_CC_LICENSE,mtg_jamendo_cc,eec8899a08aab2fd55fe923a085ba76cd7a8b85443b4a2286b550d61fb989018,mtg_jamendo_cc::track::jamendo_128300,train,,,,,REAL,,,,,,,,,,,,,cal_v13,data\raw\public_v9\real_music\jamendo\128300.low.mp3,eec8899a08aab2fd55fe923a085ba76cd7a8b85443b4a2286b550d61fb989018,APPROVED,raw_30s audio-low shard 00,unknown,jamendo_artist_75bf5fa675eca5fa,jamendo_128300,jamendo_128300,jamendo::artist::75bf5fa675eca5fa,none,-1
C:\Users\lLrich\ai_voice_data_v13\raw\mtg_jamendo_cc\de9926866c65df894fe35f3020ea5fa0fe207d3440f98aaece517ea34aed2a11.mp3,0,0,0,0,1,jamendo_artist_4182bed3dbbd51d3,mtg_jamendo_cc::real,mtg_jamendo_cc,mtg_jamendo_cc,not_huggingface_official_archive,jamendo_1283000,jamendo::artist::4182bed3dbbd51d3,https://github.com/MTG/mtg-jamendo-dataset,raw_30s audio-low shard 00,http://creativecommons.org/licenses/by-nc-sa/3.0/,YES,PER_TRACK_LICENSE_WITH_ATTRIBUTION,FOLLOW_RECORDED_CC_LICENSE,mtg_jamendo_cc,de9926866c65df894fe35f3020ea5fa0fe207d3440f98aaece517ea34aed2a11,mtg_jamendo_cc::track::jamendo_1283000,train,,,,,REAL,,,,,,,,,,,,,cal_v13,data\raw\public_v9\real_music\jamendo\1283000.low.mp3,de9926866c65df894fe35f3020ea5fa0fe207d3440f98aaece517ea34aed2a11,APPROVED,raw_30s audio-low shard 00,unknown,jamendo_artist_4182bed3dbbd51d3,jamendo_1283000,jamendo_1283000,jamendo::artist::4182bed3dbbd51d3,none,-1
C:\Users\lLrich\ai_voice_data_v13\raw\mtg_jamendo_cc\737a8e6df521e3e199e97a679fe53fbe10a6bfc9158e26c5af3f60f0e609cdb7.mp3,0,0,0,0,1,jamendo_artist_d0a7a52cfa06b5e6,mtg_jamendo_cc::real,mtg_jamendo_cc,mtg_jamendo_cc,not_huggingface_official_archive,jamendo_1289300,jamendo::artist::d0a7a52cfa06b5e6,https://github.com/MTG/mtg-jamendo-dataset,raw_30s audio-low shard 00,http://creativecommons.org/licenses/by-nc-sa/3.0/,YES,PER_TRACK_LICENSE_WITH_ATTRIBUTION,FOLLOW_RECORDED_CC_LICENSE,mtg_jamendo_cc,737a8e6df521e3e199e97a679fe53fbe10a6bfc9158e26c5af3f60f0e609cdb7,mtg_jamendo_cc::track::jamendo_1289300,train,,,,,REAL,,,,,,,,,,,,,cal_v13,data\raw\public_v9\real_music\jamendo\1289300.low.mp3,737a8e6df521e3e199e97a679fe53fbe10a6bfc9158e26c5af3f60f0e609cdb7,APPROVED,raw_30s audio-low shard 00,unknown,jamendo_artist_d0a7a52cfa06b5e6,jamendo_1289300,jamendo_1289300,jamendo::artist::d0a7a52cfa06b5e6,none,-1
C:\Users\lLrich\ai_voice_data_v13\raw\mtg_jamendo_cc\99b94f8d97ab3c82462f054f8a9c1fd4b8e398a9caf5e27b1ae0eeb19aca6a36.mp3,0,0,0,0,1,jamendo_artist_08c7bd271b0be5dd,mtg_jamendo_cc::real,mtg_jamendo_cc,mtg_jamendo_cc,not_huggingface_official_archive,jamendo_1294000,jamendo::artist::08c7bd271b0be5dd,https://github.com/MTG/mtg-jamendo-dataset,raw_30s audio-low shard 00,http://creativecommons.org/licenses/by-nc-sa/3.0/,YES,PER_TRACK_LICENSE_WITH_ATTRIBUTION,FOLLOW_RECORDED_CC_LICENSE,mtg_jamendo_cc,99b94f8d97ab3c82462f054f8a9c1fd4b8e398a9caf5e27b1ae0eeb19aca6a36,mtg_jamendo_cc::track::jamendo_1294000,train,,,,,REAL,,,,,,,,,,,,,cal_v13,data\raw\public_v9\real_music\jamendo\1294000.low.mp3,99b94f8d97ab3c82462f054f8a9c1fd4b8e398a9caf5e27b1ae0eeb19aca6a36,APPROVED,raw_30s audio-low shard 00,unknown,jamendo_artist_08c7bd271b0be5dd,jamendo_1294000,jamendo_1294000,jamendo::artist::08c7bd271b0be5dd,none,-1
C:\Users\lLrich\ai_voice_data_v13\raw\mtg_jamendo_cc\e9b99e2e8ebcd1c365342b3cb132466b950ca4806145020f9ebbcaa0cfb518ce.mp3,0,0,0,0,1,jamendo_artist_8714c29824ddf37c,mtg_jamendo_cc::real,mtg_jamendo_cc,mtg_jamendo_cc,not_huggingface_official_archive,jamendo_1300000,jamendo::artist::8714c29824ddf37c,https://github.com/MTG/mtg-jamendo-dataset,raw_30s audio-low shard 00,http://creativecommons.org/licenses/by-nc-sa/3.0/,YES,PER_TRACK_LICENSE_WITH_ATTRIBUTION,FOLLOW_RECORDED_CC_LICENSE,mtg_jamendo_cc,e9b99e2e8ebcd1c365342b3cb132466b950ca4806145020f9ebbcaa0cfb518ce,mtg_jamendo_cc::track::jamendo_1300000,train,,,,,REAL,,,,,,,,,,,,,cal_v13,data\raw\public_v9\real_music\jamendo\1300000.low.mp3,e9b99e2e8ebcd1c365342b3cb132466b950ca4806145020f9ebbcaa0cfb518ce,APPROVED,raw_30s audio-low shard 00,unknown,jamendo_artist_8714c29824ddf37c,jamendo_1300000,jamendo_1300000,jamendo::artist::8714c29824ddf37c,none,-1
C:\Users\lLrich\ai_voice_data_v13\raw\mtg_jamendo_cc\4d00c0abbf6e0867823a6040bf0446de14c1133cf615ed92e7f33c8f41366146.mp3,0,0,0,0,1,jamendo_artist_8d90f494cae16b0d,mtg_jamendo_cc::real,mtg_jamendo_cc,mtg_jamendo_cc,not_huggingface_official_archive,jamendo_1304400,jamendo::artist::8d90f494cae16b0d,https://github.com/MTG/mtg-jamendo-dataset,raw_30s audio-low shard 00,http://creativecommons.org/licenses/by-nc-sa/3.0/,YES,PER_TRACK_LICENSE_WITH_ATTRIBUTION,FOLLOW_RECORDED_CC_LICENSE,mtg_jamendo_cc,4d00c0abbf6e0867823a6040bf0446de14c1133cf615ed92e7f33c8f41366146,mtg_jamendo_cc::track::jamendo_1304400,train,,,,,REAL,,,,,,,,,,,,,cal_v13,data\raw\public_v9\real_music\jamendo\1304400.low.mp3,4d00c0abbf6e0867823a6040bf0446de14c1133cf615ed92e7f33c8f41366146,APPROVED,raw_30s audio-low shard 00,unknown,jamendo_artist_8d90f494cae16b0d,jamendo_1304400,jamendo_1304400,jamendo::artist::8d90f494cae16b0d,none,-1
C:\Users\lLrich\ai_voice_data_v13\raw\mtg_jamendo_cc\88f074f6be38079b62515da4c5dce34a5413df659c71db97c5c4cc56304558f9.mp3,0,0,0,0,1,jamendo_artist_c9ea5bc566da6fe4,mtg_jamendo_cc::real,mtg_jamendo_cc,mtg_jamendo_cc,not_huggingface_official_archive,jamendo_1310500,jamendo::artist::c9ea5bc566da6fe4,https://github.com/MTG/mtg-jamendo-dataset,raw_30s audio-low shard 00,http://creativecommons.org/licenses/by-nc-sa/3.0/,YES,PER_TRACK_LICENSE_WITH_ATTRIBUTION,FOLLOW_RECORDED_CC_LICENSE,mtg_jamendo_cc,88f074f6be38079b62515da4c5dce34a5413df659c71db97c5c4cc56304558f9,mtg_jamendo_cc::track::jamendo_1310500,train,,,,,REAL,,,,,,,,,,,,,cal_v13,data\raw\public_v9\real_music\jamendo\1310500.low.mp3,88f074f6be38079b62515da4c5dce34a5413df659c71db97c5c4cc56304558f9,APPROVED,raw_30s audio-low shard 00,unknown,jamendo_artist_c9ea5bc566da6fe4,jamendo_1310500,jamendo_1310500,jamendo::artist::c9ea5bc566da6fe4,none,-1
C:\Users\lLrich\ai_voice_data_v13\raw\mtg_jamendo_cc\09affd8d400cef9c11a5e5559d7d4789cf69856706d33d9e523a25d457c4231c.mp3,0,0,0,0,1,jamendo_artist_16659be16bda93e0,mtg_jamendo_cc::real,mtg_jamendo_cc,mtg_jamendo_cc,not_huggingface_official_archive,jamendo_1311300,jamendo::artist::16659be16bda93e0,https://github.com/MTG/mtg-jamendo-dataset,raw_30s audio-low shard 00,http://creativecommons.org/licenses/by-nc/3.0/,YES,PER_TRACK_LICENSE_WITH_ATTRIBUTION,FOLLOW_RECORDED_CC_LICENSE,mtg_jamendo_cc,09affd8d400cef9c11a5e5559d7d4789cf69856706d33d9e523a25d457c4231c,mtg_jamendo_cc::track::jamendo_1311300,train,,,,,REAL,,,,,,,,,,,,,cal_v13,data\raw\public_v9\real_music\jamendo\1311300.low.mp3,09affd8d400cef9c11a5e5559d7d4789cf69856706d33d9e523a25d457c4231c,APPROVED,raw_30s audio-low shard 00,unknown,jamendo_artist_16659be16bda93e0,jamendo_1311300,jamendo_1311300,jamendo::artist::16659be16bda93e0,none,-1
C:\Users\lLrich\ai_voice_data_v13\raw\mtg_jamendo_cc\01d003f8847124fe7a23a37af6495a6311b229cd24e8fabc026597fdc8416fab.mp3,0,0,0,0,1,jamendo_artist_3c65f641f6c2c758,mtg_jamendo_cc::real,mtg_jamendo_cc,mtg_jamendo_cc,not_huggingface_official_archive,jamendo_1314100,jamendo::artist::3c65f641f6c2c758,https://github.com/MTG/mtg-jamendo-dataset,raw_30s audio-low shard 00,http://creativecommons.org/licenses/by-nc-sa/3.0/,YES,PER_TRACK_LICENSE_WITH_ATTRIBUTION,FOLLOW_RECORDED_CC_LICENSE,mtg_jamendo_cc,01d003f8847124fe7a23a37af6495a6311b229cd24e8fabc026597fdc8416fab,mtg_jamendo_cc::track::jamendo_1314100,train,,,,,REAL,,,,,,,,,,,,,cal_v13,data\raw\public_v9\real_music\jamendo\1314100.low.mp3,01d003f8847124fe7a23a37af6495a6311b229cd24e8fabc026597fdc8416fab,APPROVED,raw_30s audio-low shard 00,unknown,jamendo_artist_3c65f641f6c2c758,jamendo_1314100,jamendo_1314100,jamendo::artist::3c65f641f6c2c758,none,-1
C:\Users\lLrich\ai_voice_data_v13\raw\mtg_jamendo_cc\63b19eb29d5d5f994f705e018d7046cf8b4e0b3377593b1fe3ed152dec3ee2d5.mp3,0,0,0,0,1,jamendo_artist_5b4ce03ccbd60658,mtg_jamendo_cc::real,mtg_jamendo_cc,mtg_jamendo_cc,not_huggingface_official_archive,jamendo_1314300,jamendo::artist::5b4ce03ccbd60658,https://github.com/MTG/mtg-jamendo-dataset,raw_30s audio-low shard 00,http://creativecommons.org/licenses/by/3.0/,YES,PER_TRACK_LICENSE_WITH_ATTRIBUTION,FOLLOW_RECORDED_CC_LICENSE,mtg_jamendo_cc,63b19eb29d5d5f994f705e018d7046cf8b4e0b3377593b1fe3ed152dec3ee2d5,mtg_jamendo_cc::track::jamendo_1314300,train,,,,,REAL,,,,,,,,,,,,,cal_v13,data\raw\public_v9\real_music\jamendo\1314300.low.mp3,63b19eb29d5d5f994f705e018d7046cf8b4e0b3377593b1fe3ed152dec3ee2d5,APPROVED,raw_30s audio-low shard 00,unknown,jamendo_artist_5b4ce03ccbd60658,jamendo_1314300,jamendo_1314300,jamendo::artist::5b4ce03ccbd60658,none,-1
C:\Users\lLrich\ai_voice_data_v13\raw\mtg_jamendo_cc\28421e2181a31adf38f5822df7e828e10ce49625af17da7eedbd5681ba86ec04.mp3,0,0,0,0,1,jamendo_artist_b5e74a7dae81aa56,mtg_jamendo_cc::real,mtg_jamendo_cc,mtg_jamendo_cc,not_huggingface_official_archive,jamendo_1315900,jamendo::artist::b5e74a7dae81aa56,https://github.com/MTG/mtg-jamendo-dataset,raw_30s audio-low shard 00,http://creativecommons.org/licenses/by-nc-sa/3.0/,YES,PER_TRACK_LICENSE_WITH_ATTRIBUTION,FOLLOW_RECORDED_CC_LICENSE,mtg_jamendo_cc,28421e2181a31adf38f5822df7e828e10ce49625af17da7eedbd5681ba86ec04,mtg_jamendo_cc::track::jamendo_1315900,train,,,,,REAL,,,,,,,,,,,,,cal_v13,data\raw\public_v9\real_music\jamendo\1315900.low.mp3,28421e2181a31adf38f5822df7e828e10ce49625af17da7eedbd5681ba86ec04,APPROVED,raw_30s audio-low shard 00,unknown,jamendo_artist_b5e74a7dae81aa56,jamendo_1315900,jamendo_1315900,jamendo::artist::b5e74a7dae81aa56,none,-1
C:\Users\lLrich\ai_voice_data_v13\raw\mtg_jamendo_cc\fc3349708a1b27a5eeac7fc02c2f7243a63028682e147e14c8579e1e074bbc77.mp3,0,0,0,0,1,jamendo_artist_f38cc7f390951e9e,mtg_jamendo_cc::real,mtg_jamendo_cc,mtg_jamendo_cc,not_huggingface_official_archive,jamendo_131600,jamendo::artist::f38cc7f390951e9e,https://github.com/MTG/mtg-jamendo-dataset,raw_30s audio-low shard 00,http://creativecommons.org/licenses/by-nc-sa/2.0/fr/,YES,PER_TRACK_LICENSE_WITH_ATTRIBUTION,FOLLOW_RECORDED_CC_LICENSE,mtg_jamendo_cc,fc3349708a1b27a5eeac7fc02c2f7243a63028682e147e14c8579e1e074bbc77,mtg_jamendo_cc::track::jamendo_131600,train,,,,,REAL,,,,,,,,,,,,,cal_v13,data\raw\public_v9\real_music\jamendo\131600.low.mp3,fc3349708a1b27a5eeac7fc02c2f7243a63028682e147e14c8579e1e074bbc77,APPROVED,raw_30s audio-low shard 00,unknown,jamendo_artist_f38cc7f390951e9e,jamendo_131600,jamendo_131600,jamendo::artist::f38cc7f390951e9e,none,-1
C:\Users\lLrich\ai_voice_data_v13\raw\mtg_jamendo_cc\9f150a7c05279ec57b692c44efa2828f63355ff471c8657bdec5c098c4914cc3.mp3,0,0,0,0,1,jamendo_artist_9309c1e3664b0b24,mtg_jamendo_cc::real,mtg_jamendo_cc,mtg_jamendo_cc,not_huggingface_official_archive,jamendo_1317900,jamendo::artist::9309c1e3664b0b24,https://github.com/MTG/mtg-jamendo-dataset,raw_30s audio-low shard 00,http://creativecommons.org/licenses/by-nc-sa/3.0/,YES,PER_TRACK_LICENSE_WITH_ATTRIBUTION,FOLLOW_RECORDED_CC_LICENSE,mtg_jamendo_cc,9f150a7c05279ec57b692c44efa2828f63355ff471c8657bdec5c098c4914cc3,mtg_jamendo_cc::track::jamendo_1317900,train,,,,,REAL,,,,,,,,,,,,,cal_v13,data\raw\public_v9\real_music\jamendo\1317900.low.mp3,9f150a7c05279ec57b692c44efa2828f63355ff471c8657bdec5c098c4914cc3,APPROVED,raw_30s audio-low shard 00,unknown,jamendo_artist_9309c1e3664b0b24,jamendo_1317900,jamendo_1317900,jamendo::artist::9309c1e3664b0b24,none,-1
C:\Users\lLrich\ai_voice_data_v13\raw\mtg_jamendo_cc\3577eb47bb317dc7fc7c6ba374fe75e1c946162556c051bb3ccdd0fb6d2ac99d.mp3,0,0,0,0,1,jamendo_artist_d6ffdca8710624b3,mtg_jamendo_cc::real,mtg_jamendo_cc,mtg_jamendo_cc,not_huggingface_official_archive,jamendo_1321300,jamendo::artist::d6ffdca8710624b3,https://github.com/MTG/mtg-jamendo-dataset,raw_30s audio-low shard 00,http://creativecommons.org/licenses/by-nc-sa/3.0/,YES,PER_TRACK_LICENSE_WITH_ATTRIBUTION,FOLLOW_RECORDED_CC_LICENSE,mtg_jamendo_cc,3577eb47bb317dc7fc7c6ba374fe75e1c946162556c051bb3ccdd0fb6d2ac99d,mtg_jamendo_cc::track::jamendo_1321300,train,,,,,REAL,,,,,,,,,,,,,cal_v13,data\raw\public_v9\real_music\jamendo\1321300.low.mp3,3577eb47bb317dc7fc7c6ba374fe75e1c946162556c051bb3ccdd0fb6d2ac99d,APPROVED,raw_30s audio-low shard 00,unknown,jamendo_artist_d6ffdca8710624b3,jamendo_1321300,jamendo_1321300,jamendo::artist::d6ffdca8710624b3,none,-1
C:\Users\lLrich\ai_voice_data_v13\raw\mtg_jamendo_cc\b384ea49187c926b7d28f33d2ed99cc654fedd9ce66ffb50db1b7a41f8aaf7be.mp3,0,0,0,0,1,jamendo_artist_928718bcf0c50606,mtg_jamendo_cc::real,mtg_jamendo_cc,mtg_jamendo_cc,not_huggingface_official_archive,jamendo_1326800,jamendo::artist::928718bcf0c50606,https://github.com/MTG/mtg-jamendo-dataset,raw_30s audio-low shard 00,http://creativecommons.org/licenses/by-nc-sa/3.0/,YES,PER_TRACK_LICENSE_WITH_ATTRIBUTION,FOLLOW_RECORDED_CC_LICENSE,mtg_jamendo_cc,b384ea49187c926b7d28f33d2ed99cc654fedd9ce66ffb50db1b7a41f8aaf7be,mtg_jamendo_cc::track::jamendo_1326800,train,,,,,REAL,,,,,,,,,,,,,cal_v13,data\raw\public_v9\real_music\jamendo\1326800.low.mp3,b384ea49187c926b7d28f33d2ed99cc654fedd9ce66ffb50db1b7a41f8aaf7be,APPROVED,raw_30s audio-low shard 00,unknown,jamendo_artist_928718bcf0c50606,jamendo_1326800,jamendo_1326800,jamendo::artist::928718bcf0c50606,none,-1
C:\Users\lLrich\ai_voice_data_v13\raw\mtg_jamendo_cc\3b048854ea2c59903a2ee2c3f360bede029e943a644bb962cf631c5d06c0c0d5.mp3,0,0,0,0,1,jamendo_artist_9a4915e2afdd3151,mtg_jamendo_cc::real,mtg_jamendo_cc,mtg_jamendo_cc,not_huggingface_official_archive,jamendo_1330500,jamendo::artist::9a4915e2afdd3151,https://github.com/MTG/mtg-jamendo-dataset,raw_30s audio-low shard 00,http://creativecommons.org/licenses/by-sa/3.0/,YES,PER_TRACK_LICENSE_WITH_ATTRIBUTION,FOLLOW_RECORDED_CC_LICENSE,mtg_jamendo_cc,3b048854ea2c59903a2ee2c3f360bede029e943a644bb962cf631c5d06c0c0d5,mtg_jamendo_cc::track::jamendo_1330500,train,,,,,REAL,,,,,,,,,,,,,cal_v13,data\raw\public_v9\real_music\jamendo\1330500.low.mp3,3b048854ea2c59903a2ee2c3f360bede029e943a644bb962cf631c5d06c0c0d5,APPROVED,raw_30s audio-low shard 00,unknown,jamendo_artist_9a4915e2afdd3151,jamendo_1330500,jamendo_1330500,jamendo::artist::9a4915e2afdd3151,none,-1
C:\Users\lLrich\ai_voice_data_v13\raw\mtg_jamendo_cc\bcd936e69d807625f89814684c5c9f1423197d06f07596f0b5dfe73538bedb2d.mp3,0,0,0,0,1,jamendo_artist_4e4d897650c98a60,mtg_jamendo_cc::real,mtg_jamendo_cc,mtg_jamendo_cc,not_huggingface_official_archive,jamendo_133100,jamendo::artist::4e4d897650c98a60,https://github.com/MTG/mtg-jamendo-dataset,raw_30s audio-low shard 00,http://creativecommons.org/licenses/by-nc-sa/2.0/fr/,YES,PER_TRACK_LICENSE_WITH_ATTRIBUTION,FOLLOW_RECORDED_CC_LICENSE,mtg_jamendo_cc,bcd936e69d807625f89814684c5c9f1423197d06f07596f0b5dfe73538bedb2d,mtg_jamendo_cc::track::jamendo_133100,train,,,,,REAL,,,,,,,,,,,,,cal_v13,data\raw\public_v9\real_music\jamendo\133100.low.mp3,bcd936e69d807625f89814684c5c9f1423197d06f07596f0b5dfe73538bedb2d,APPROVED,raw_30s audio-low shard 00,unknown,jamendo_artist_4e4d897650c98a60,jamendo_133100,jamendo_133100,jamendo::artist::4e4d897650c98a60,none,-1
C:\Users\lLrich\ai_voice_data_v13\raw\mtg_jamendo_cc\fdef0b8a810e8b07c9b2441334e6dc1d101b749c7660413c39211122fd67a59d.mp3,0,0,0,0,1,jamendo_artist_6f79e4a62396e160,mtg_jamendo_cc::real,mtg_jamendo_cc,mtg_jamendo_cc,not_huggingface_official_archive,jamendo_1333600,jamendo::artist::6f79e4a62396e160,https://github.com/MTG/mtg-jamendo-dataset,raw_30s audio-low shard 00,http://creativecommons.org/licenses/by-nc-sa/3.0/,YES,PER_TRACK_LICENSE_WITH_ATTRIBUTION,FOLLOW_RECORDED_CC_LICENSE,mtg_jamendo_cc,fdef0b8a810e8b07c9b2441334e6dc1d101b749c7660413c39211122fd67a59d,mtg_jamendo_cc::track::jamendo_1333600,train,,,,,REAL,,,,,,,,,,,,,cal_v13,data\raw\public_v9\real_music\jamendo\1333600.low.mp3,fdef0b8a810e8b07c9b2441334e6dc1d101b749c7660413c39211122fd67a59d,APPROVED,raw_30s audio-low shard 00,unknown,jamendo_artist_6f79e4a62396e160,jamendo_1333600,jamendo_1333600,jamendo::artist::6f79e4a62396e160,none,-1
C:\Users\lLrich\ai_voice_data_v13\raw\mtg_jamendo_cc\ad2acbe6a15b30a9a1f008ada460eba0e27df8efd6bb7cad62eefe28db7098b0.mp3,0,0,0,0,1,jamendo_artist_fa678f2cd4dedf1b,mtg_jamendo_cc::real,mtg_jamendo_cc,mtg_jamendo_cc,not_huggingface_official_archive,jamendo_1333700,jamendo::artist::fa678f2cd4dedf1b,https://github.com/MTG/mtg-jamendo-dataset,raw_30s audio-low shard 00,http://creativecommons.org/licenses/by-nc-sa/3.0/,YES,PER_TRACK_LICENSE_WITH_ATTRIBUTION,FOLLOW_RECORDED_CC_LICENSE,mtg_jamendo_cc,ad2acbe6a15b30a9a1f008ada460eba0e27df8efd6bb7cad62eefe28db7098b0,mtg_jamendo_cc::track::jamendo_1333700,train,,,,,REAL,,,,,,,,,,,,,cal_v13,data\raw\public_v9\real_music\jamendo\1333700.low.mp3,ad2acbe6a15b30a9a1f008ada460eba0e27df8efd6bb7cad62eefe28db7098b0,APPROVED,raw_30s audio-low shard 00,unknown,jamendo_artist_fa678f2cd4dedf1b,jamendo_1333700,jamendo_1333700,jamendo::artist::fa678f2cd4dedf1b,none,-1
C:\Users\lLrich\ai_voice_data_v13\raw\mtg_jamendo_cc\8714071633ecabe4c04e039040c04f8e8c4a6c0aeaa6c2f21911d979225ff41f.mp3,0,0,0,0,1,jamendo_artist_df13665398f2d9fa,mtg_jamendo_cc::real,mtg_jamendo_cc,mtg_jamendo_cc,not_huggingface_official_archive,jamendo_1337800,jamendo::artist::df13665398f2d9fa,https://github.com/MTG/mtg-jamendo-dataset,raw_30s audio-low shard 00,http://creativecommons.org/licenses/by-nc-sa/3.0/,YES,PER_TRACK_LICENSE_WITH_ATTRIBUTION,FOLLOW_RECORDED_CC_LICENSE,mtg_jamendo_cc,8714071633ecabe4c04e039040c04f8e8c4a6c0aeaa6c2f21911d979225ff41f,mtg_jamendo_cc::track::jamendo_1337800,train,,,,,REAL,,,,,,,,,,,,,cal_v13,data\raw\public_v9\real_music\jamendo\1337800.low.mp3,8714071633ecabe4c04e039040c04f8e8c4a6c0aeaa6c2f21911d979225ff41f,APPROVED,raw_30s audio-low shard 00,unknown,jamendo_artist_df13665398f2d9fa,jamendo_1337800,jamendo_1337800,jamendo::artist::df13665398f2d9fa,none,-1
C:\Users\lLrich\ai_voice_data_v13\raw\mtg_jamendo_cc\3b4ceb5a9c51752282320839dd004cee4493e41da27937b0d8cafc1d669b1fea.mp3,0,0,0,0,1,jamendo_artist_04e84b378d9d6342,mtg_jamendo_cc::real,mtg_jamendo_cc,mtg_jamendo_cc,not_huggingface_official_archive,jamendo_1339600,jamendo::artist::04e84b378d9d6342,https://github.com/MTG/mtg-jamendo-dataset,raw_30s audio-low shard 00,http://creativecommons.org/licenses/by-nc-sa/3.0/,YES,PER_TRACK_LICENSE_WITH_ATTRIBUTION,FOLLOW_RECORDED_CC_LICENSE,mtg_jamendo_cc,3b4ceb5a9c51752282320839dd004cee4493e41da27937b0d8cafc1d669b1fea,mtg_jamendo_cc::track::jamendo_1339600,train,,,,,REAL,,,,,,,,,,,,,cal_v13,data\raw\public_v9\real_music\jamendo\1339600.low.mp3,3b4ceb5a9c51752282320839dd004cee4493e41da27937b0d8cafc1d669b1fea,APPROVED,raw_30s audio-low shard 00,unknown,jamendo_artist_04e84b378d9d6342,jamendo_1339600,jamendo_1339600,jamendo::artist::04e84b378d9d6342,none,-1
C:\Users\lLrich\ai_voice_data_v13\raw\mtg_jamendo_cc\7e158831751954d2395e7986301b1b15f9478a6704b8a7dba0b1030a379d71a7.mp3,0,0,0,0,1,jamendo_artist_58ccf2ea92787f5f,mtg_jamendo_cc::real,mtg_jamendo_cc,mtg_jamendo_cc,not_huggingface_official_archive,jamendo_1339700,jamendo::artist::58ccf2ea92787f5f,https://github.com/MTG/mtg-jamendo-dataset,raw_30s audio-low shard 00,http://creativecommons.org/licenses/by-nc-sa/3.0/,YES,PER_TRACK_LICENSE_WITH_ATTRIBUTION,FOLLOW_RECORDED_CC_LICENSE,mtg_jamendo_cc,7e158831751954d2395e7986301b1b15f9478a6704b8a7dba0b1030a379d71a7,mtg_jamendo_cc::track::jamendo_1339700,train,,,,,REAL,,,,,,,,,,,,,cal_v13,data\raw\public_v9\real_music\jamendo\1339700.low.mp3,7e158831751954d2395e7986301b1b15f9478a6704b8a7dba0b1030a379d71a7,APPROVED,raw_30s audio-low shard 00,unknown,jamendo_artist_58ccf2ea92787f5f,jamendo_1339700,jamendo_1339700,jamendo::artist::58ccf2ea92787f5f,none,-1
C:\Users\lLrich\ai_voice_data_v13\raw\mtg_jamendo_cc\620828da4b7a3e1ca647e2db00129e2667a46050a2f2fe0ca53aa484d51ccb72.mp3,0,0,0,0,1,jamendo_artist_e90d0cd94f28b1bb,mtg_jamendo_cc::real,mtg_jamendo_cc,mtg_jamendo_cc,not_huggingface_official_archive,jamendo_13400,jamendo::artist::e90d0cd94f28b1bb,https://github.com/MTG/mtg-jamendo-dataset,raw_30s audio-low shard 00,http://creativecommons.org/licenses/by-nc/2.5/,YES,PER_TRACK_LICENSE_WITH_ATTRIBUTION,FOLLOW_RECORDED_CC_LICENSE,mtg_jamendo_cc,620828da4b7a3e1ca647e2db00129e2667a46050a2f2fe0ca53aa484d51ccb72,mtg_jamendo_cc::track::jamendo_13400,train,,,,,REAL,,,,,,,,,,,,,cal_v13,data\raw\public_v9\real_music\jamendo\13400.low.mp3,620828da4b7a3e1ca647e2db00129e2667a46050a2f2fe0ca53aa484d51ccb72,APPROVED,raw_30s audio-low shard 00,unknown,jamendo_artist_e90d0cd94f28b1bb,jamendo_13400,jamendo_13400,jamendo::artist::e90d0cd94f28b1bb,none,-1
C:\Users\lLrich\ai_voice_data_v13\raw\mtg_jamendo_cc\828d59d961e1904201bd1dedbd2c0c500a0bef649c317244474d63d8758e26c6.mp3,0,0,0,0,1,jamendo_artist_feb612a235e9ee2c,mtg_jamendo_cc::real,mtg_jamendo_cc,mtg_jamendo_cc,not_huggingface_official_archive,jamendo_1340000,jamendo::artist::feb612a235e9ee2c,https://github.com/MTG/mtg-jamendo-dataset,raw_30s audio-low shard 00,http://creativecommons.org/licenses/by-nc-sa/3.0/,YES,PER_TRACK_LICENSE_WITH_ATTRIBUTION,FOLLOW_RECORDED_CC_LICENSE,mtg_jamendo_cc,828d59d961e1904201bd1dedbd2c0c500a0bef649c317244474d63d8758e26c6,mtg_jamendo_cc::track::jamendo_1340000,train,,,,,REAL,,,,,,,,,,,,,cal_v13,data\raw\public_v9\real_music\jamendo\1340000.low.mp3,828d59d961e1904201bd1dedbd2c0c500a0bef649c317244474d63d8758e26c6,APPROVED,raw_30s audio-low shard 00,unknown,jamendo_artist_feb612a235e9ee2c,jamendo_1340000,jamendo_1340000,jamendo::artist::feb612a235e9ee2c,none,-1
C:\Users\lLrich\ai_voice_data_v13\raw\mtg_jamendo_cc\19d6f3ce8d1f2f3f437ac9653474436d3f77f573ccc34080ed0b56f7af6d40c0.mp3,0,0,0,0,1,jamendo_artist_df13665398f2d9fa,mtg_jamendo_cc::real,mtg_jamendo_cc,mtg_jamendo_cc,not_huggingface_official_archive,jamendo_1343400,jamendo::artist::df13665398f2d9fa,https://github.com/MTG/mtg-jamendo-dataset,raw_30s audio-low shard 00,http://creativecommons.org/licenses/by-nc-sa/3.0/,YES,PER_TRACK_LICENSE_WITH_ATTRIBUTION,FOLLOW_RECORDED_CC_LICENSE,mtg_jamendo_cc,19d6f3ce8d1f2f3f437ac9653474436d3f77f573ccc34080ed0b56f7af6d40c0,mtg_jamendo_cc::track::jamendo_1343400,train,,,,,REAL,,,,,,,,,,,,,cal_v13,data\raw\public_v9\real_music\jamendo\1343400.low.mp3,19d6f3ce8d1f2f3f437ac9653474436d3f77f573ccc34080ed0b56f7af6d40c0,APPROVED,raw_30s audio-low shard 00,unknown,jamendo_artist_df13665398f2d9fa,jamendo_1343400,jamendo_1343400,jamendo::artist::df13665398f2d9fa,none,-1
C:\Users\lLrich\ai_voice_data_v13\raw\mtg_jamendo_cc\32c929ed4b15164ee78e8b35e668c4f482e58ede9aefbd4d4c7577517cde072e.mp3,0,0,0,0,1,jamendo_artist_e3b18982f972621b,mtg_jamendo_cc::real,mtg_jamendo_cc,mtg_jamendo_cc,not_huggingface_official_archive,jamendo_1345300,jamendo::artist::e3b18982f972621b,https://github.com/MTG/mtg-jamendo-dataset,raw_30s audio-low shard 00,http://creativecommons.org/licenses/by-sa/3.0/,YES,PER_TRACK_LICENSE_WITH_ATTRIBUTION,FOLLOW_RECORDED_CC_LICENSE,mtg_jamendo_cc,32c929ed4b15164ee78e8b35e668c4f482e58ede9aefbd4d4c7577517cde072e,mtg_jamendo_cc::track::jamendo_1345300,train,,,,,REAL,,,,,,,,,,,,,cal_v13,data\raw\public_v9\real_music\jamendo\1345300.low.mp3,32c929ed4b15164ee78e8b35e668c4f482e58ede9aefbd4d4c7577517cde072e,APPROVED,raw_30s audio-low shard 00,unknown,jamendo_artist_e3b18982f972621b,jamendo_1345300,jamendo_1345300,jamendo::artist::e3b18982f972621b,none,-1
C:\Users\lLrich\ai_voice_data_v13\raw\mtg_jamendo_cc\90ba1ff6a10b2720d8bbbe6bd3deb345f1619b82d8fe370d8b0779a3c6ed26d3.mp3,0,0,0,0,1,jamendo_artist_2d82fd8579e6b52c,mtg_jamendo_cc::real,mtg_jamendo_cc,mtg_jamendo_cc,not_huggingface_official_archive,jamendo_1347100,jamendo::artist::2d82fd8579e6b52c,https://github.com/MTG/mtg-jamendo-dataset,raw_30s audio-low shard 00,http://creativecommons.org/licenses/by-nc-sa/3.0/,YES,PER_TRACK_LICENSE_WITH_ATTRIBUTION,FOLLOW_RECORDED_CC_LICENSE,mtg_jamendo_cc,90ba1ff6a10b2720d8bbbe6bd3deb345f1619b82d8fe370d8b0779a3c6ed26d3,mtg_jamendo_cc::track::jamendo_1347100,train,,,,,REAL,,,,,,,,,,,,,cal_v13,data\raw\public_v9\real_music\jamendo\1347100.low.mp3,90ba1ff6a10b2720d8bbbe6bd3deb345f1619b82d8fe370d8b0779a3c6ed26d3,APPROVED,raw_30s audio-low shard 00,unknown,jamendo_artist_2d82fd8579e6b52c,jamendo_1347100,jamendo_1347100,jamendo::artist::2d82fd8579e6b52c,none,-1
C:\Users\lLrich\ai_voice_data_v13\raw\mtg_jamendo_cc\4b0a60717754183a73a2739221613298b08222c0717b2bb7ca6228a841f69216.mp3,0,0,0,0,1,jamendo_artist_6d0b2d58931261ff,mtg_jamendo_cc::real,mtg_jamendo_cc,mtg_jamendo_cc,not_huggingface_official_archive,jamendo_1349100,jamendo::artist::6d0b2d58931261ff,https://github.com/MTG/mtg-jamendo-dataset,raw_30s audio-low shard 00,http://creativecommons.org/licenses/by-nc-sa/3.0/,YES,PER_TRACK_LICENSE_WITH_ATTRIBUTION,FOLLOW_RECORDED_CC_LICENSE,mtg_jamendo_cc,4b0a60717754183a73a2739221613298b08222c0717b2bb7ca6228a841f69216,mtg_jamendo_cc::track::jamendo_1349100,train,,,,,REAL,,,,,,,,,,,,,cal_v13,data\raw\public_v9\real_music\jamendo\1349100.low.mp3,4b0a60717754183a73a2739221613298b08222c0717b2bb7ca6228a841f69216,APPROVED,raw_30s audio-low shard 00,unknown,jamendo_artist_6d0b2d58931261ff,jamendo_1349100,jamendo_1349100,jamendo::artist::6d0b2d58931261ff,none,-1
C:\Users\lLrich\ai_voice_data_v13\raw\mtg_jamendo_cc\e99d6a03c45efe343a3b05b574ee9d0759c2b0f41d5b8ea9f8282001cb3854cd.mp3,0,0,0,0,1,jamendo_artist_f7cba7398e86ba9c,mtg_jamendo_cc::real,mtg_jamendo_cc,mtg_jamendo_cc,not_huggingface_official_archive,jamendo_1355200,jamendo::artist::f7cba7398e86ba9c,https://github.com/MTG/mtg-jamendo-dataset,raw_30s audio-low shard 00,http://creativecommons.org/licenses/by-nc-sa/3.0/,YES,PER_TRACK_LICENSE_WITH_ATTRIBUTION,FOLLOW_RECORDED_CC_LICENSE,mtg_jamendo_cc,e99d6a03c45efe343a3b05b574ee9d0759c2b0f41d5b8ea9f8282001cb3854cd,mtg_jamendo_cc::track::jamendo_1355200,train,,,,,REAL,,,,,,,,,,,,,cal_v13,data\raw\public_v9\real_music\jamendo\1355200.low.mp3,e99d6a03c45efe343a3b05b574ee9d0759c2b0f41d5b8ea9f8282001cb3854cd,APPROVED,raw_30s audio-low shard 00,unknown,jamendo_artist_f7cba7398e86ba9c,jamendo_1355200,jamendo_1355200,jamendo::artist::f7cba7398e86ba9c,none,-1
C:\Users\lLrich\ai_voice_data_v13\raw\mtg_jamendo_cc\8411cbf80da0b73b5ea675d5c6d5fcee2ee416c2679252bda43060828690bbd6.mp3,0,0,0,0,1,jamendo_artist_f4566a41b9fbeabd,mtg_jamendo_cc::real,mtg_jamendo_cc,mtg_jamendo_cc,not_huggingface_official_archive,jamendo_1356500,jamendo::artist::f4566a41b9fbeabd,https://github.com/MTG/mtg-jamendo-dataset,raw_30s audio-low shard 00,http://creativecommons.org/licenses/by/3.0/,YES,PER_TRACK_LICENSE_WITH_ATTRIBUTION,FOLLOW_RECORDED_CC_LICENSE,mtg_jamendo_cc,8411cbf80da0b73b5ea675d5c6d5fcee2ee416c2679252bda43060828690bbd6,mtg_jamendo_cc::track::jamendo_1356500,train,,,,,REAL,,,,,,,,,,,,,cal_v13,data\raw\public_v9\real_music\jamendo\1356500.low.mp3,8411cbf80da0b73b5ea675d5c6d5fcee2ee416c2679252bda43060828690bbd6,APPROVED,raw_30s audio-low shard 00,unknown,jamendo_artist_f4566a41b9fbeabd,jamendo_1356500,jamendo_1356500,jamendo::artist::f4566a41b9fbeabd,none,-1
C:\Users\lLrich\ai_voice_data_v13\raw\mtg_jamendo_cc\92b857840b287e92706b1fa37f350db693c3a443865f4adf0502315cccb8c270.mp3,0,0,0,0,1,jamendo_artist_86576e65f008af3b,mtg_jamendo_cc::real,mtg_jamendo_cc,mtg_jamendo_cc,not_huggingface_official_archive,jamendo_1357000,jamendo::artist::86576e65f008af3b,https://github.com/MTG/mtg-jamendo-dataset,raw_30s audio-low shard 00,http://creativecommons.org/licenses/by-nc-sa/3.0/,YES,PER_TRACK_LICENSE_WITH_ATTRIBUTION,FOLLOW_RECORDED_CC_LICENSE,mtg_jamendo_cc,92b857840b287e92706b1fa37f350db693c3a443865f4adf0502315cccb8c270,mtg_jamendo_cc::track::jamendo_1357000,train,,,,,REAL,,,,,,,,,,,,,cal_v13,data\raw\public_v9\real_music\jamendo\1357000.low.mp3,92b857840b287e92706b1fa37f350db693c3a443865f4adf0502315cccb8c270,APPROVED,raw_30s audio-low shard 00,unknown,jamendo_artist_86576e65f008af3b,jamendo_1357000,jamendo_1357000,jamendo::artist::86576e65f008af3b,none,-1
C:\Users\lLrich\ai_voice_data_v13\raw\mtg_jamendo_cc\d4e172b851b4fbeb657f37fd8e15cf38076ca02ff29e40bf8bb1baac79274352.mp3,0,0,0,0,1,jamendo_artist_8714c29824ddf37c,mtg_jamendo_cc::real,mtg_jamendo_cc,mtg_jamendo_cc,not_huggingface_official_archive,jamendo_1357700,jamendo::artist::8714c29824ddf37c,https://github.com/MTG/mtg-jamendo-dataset,raw_30s audio-low shard 00,http://creativecommons.org/licenses/by-nc-sa/3.0/,YES,PER_TRACK_LICENSE_WITH_ATTRIBUTION,FOLLOW_RECORDED_CC_LICENSE,mtg_jamendo_cc,d4e172b851b4fbeb657f37fd8e15cf38076ca02ff29e40bf8bb1baac79274352,mtg_jamendo_cc::track::jamendo_1357700,train,,,,,REAL,,,,,,,,,,,,,cal_v13,data\raw\public_v9\real_music\jamendo\1357700.low.mp3,d4e172b851b4fbeb657f37fd8e15cf38076ca02ff29e40bf8bb1baac79274352,APPROVED,raw_30s audio-low shard 00,unknown,jamendo_artist_8714c29824ddf37c,jamendo_1357700,jamendo_1357700,jamendo::artist::8714c29824ddf37c,none,-1
C:\Users\lLrich\ai_voice_data_v13\raw\mtg_jamendo_cc\1532e66145935c7a7f9395e0811ba14a245942e0230cd0711a518fc71dc9ab55.mp3,0,0,0,0,1,jamendo_artist_84a061a1aee2e65c,mtg_jamendo_cc::real,mtg_jamendo_cc,mtg_jamendo_cc,not_huggingface_official_archive,jamendo_1359900,jamendo::artist::84a061a1aee2e65c,https://github.com/MTG/mtg-jamendo-dataset,raw_30s audio-low shard 00,http://creativecommons.org/licenses/by-nc-sa/3.0/,YES,PER_TRACK_LICENSE_WITH_ATTRIBUTION,FOLLOW_RECORDED_CC_LICENSE,mtg_jamendo_cc,1532e66145935c7a7f9395e0811ba14a245942e0230cd0711a518fc71dc9ab55,mtg_jamendo_cc::track::jamendo_1359900,train,,,,,REAL,,,,,,,,,,,,,cal_v13,data\raw\public_v9\real_music\jamendo\1359900.low.mp3,1532e66145935c7a7f9395e0811ba14a245942e0230cd0711a518fc71dc9ab55,APPROVED,raw_30s audio-low shard 00,unknown,jamendo_artist_84a061a1aee2e65c,jamendo_1359900,jamendo_1359900,jamendo::artist::84a061a1aee2e65c,none,-1
C:\Users\lLrich\ai_voice_data_v13\raw\mtg_jamendo_cc\324bb65e630371bcd1088d940e1c51c7a5aa1a5938786daeab8a0af679d3924b.mp3,0,0,0,0,1,jamendo_artist_9fe587fde7d1ebb1,mtg_jamendo_cc::real,mtg_jamendo_cc,mtg_jamendo_cc,not_huggingface_official_archive,jamendo_1363600,jamendo::artist::9fe587fde7d1ebb1,https://github.com/MTG/mtg-jamendo-dataset,raw_30s audio-low shard 00,http://creativecommons.org/licenses/by-nc-sa/3.0/,YES,PER_TRACK_LICENSE_WITH_ATTRIBUTION,FOLLOW_RECORDED_CC_LICENSE,mtg_jamendo_cc,324bb65e630371bcd1088d940e1c51c7a5aa1a5938786daeab8a0af679d3924b,mtg_jamendo_cc::track::jamendo_1363600,train,,,,,REAL,,,,,,,,,,,,,cal_v13,data\raw\public_v9\real_music\jamendo\1363600.low.mp3,324bb65e630371bcd1088d940e1c51c7a5aa1a5938786daeab8a0af679d3924b,APPROVED,raw_30s audio-low shard 00,unknown,jamendo_artist_9fe587fde7d1ebb1,jamendo_1363600,jamendo_1363600,jamendo::artist::9fe587fde7d1ebb1,none,-1
C:\Users\lLrich\ai_voice_data_v13\raw\mtg_jamendo_cc\5a71d5d812eff4406af33edd3724fdaaf3a45a3d7189d8cd3f6d5c4fe42b28c9.mp3,0,0,0,0,1,jamendo_artist_e85fba6c0fdcefff,mtg_jamendo_cc::real,mtg_jamendo_cc,mtg_jamendo_cc,not_huggingface_official_archive,jamendo_1366700,jamendo::artist::e85fba6c0fdcefff,https://github.com/MTG/mtg-jamendo-dataset,raw_30s audio-low shard 00,http://creativecommons.org/licenses/by-nc-sa/3.0/,YES,PER_TRACK_LICENSE_WITH_ATTRIBUTION,FOLLOW_RECORDED_CC_LICENSE,mtg_jamendo_cc,5a71d5d812eff4406af33edd3724fdaaf3a45a3d7189d8cd3f6d5c4fe42b28c9,mtg_jamendo_cc::track::jamendo_1366700,train,,,,,REAL,,,,,,,,,,,,,cal_v13,data\raw\public_v9\real_music\jamendo\1366700.low.mp3,5a71d5d812eff4406af33edd3724fdaaf3a45a3d7189d8cd3f6d5c4fe42b28c9,APPROVED,raw_30s audio-low shard 00,unknown,jamendo_artist_e85fba6c0fdcefff,jamendo_1366700,jamendo_1366700,jamendo::artist::e85fba6c0fdcefff,none,-1
C:\Users\lLrich\ai_voice_data_v13\raw\mtg_jamendo_cc\2738cdd2c5d779930de1011db0efe5e6fff603fd7a62144c8044114d560f494a.mp3,0,0,0,0,1,jamendo_artist_d4df975fa6b0dc9c,mtg_jamendo_cc::real,mtg_jamendo_cc,mtg_jamendo_cc,not_huggingface_official_archive,jamendo_1367200,jamendo::artist::d4df975fa6b0dc9c,https://github.com/MTG/mtg-jamendo-dataset,raw_30s audio-low shard 00,http://creativecommons.org/licenses/by-sa/3.0/,YES,PER_TRACK_LICENSE_WITH_ATTRIBUTION,FOLLOW_RECORDED_CC_LICENSE,mtg_jamendo_cc,2738cdd2c5d779930de1011db0efe5e6fff603fd7a62144c8044114d560f494a,mtg_jamendo_cc::track::jamendo_1367200,train,,,,,REAL,,,,,,,,,,,,,cal_v13,data\raw\public_v9\real_music\jamendo\1367200.low.mp3,2738cdd2c5d779930de1011db0efe5e6fff603fd7a62144c8044114d560f494a,APPROVED,raw_30s audio-low shard 00,unknown,jamendo_artist_d4df975fa6b0dc9c,jamendo_1367200,jamendo_1367200,jamendo::artist::d4df975fa6b0dc9c,none,-1
C:\Users\lLrich\ai_voice_data_v13\raw\mtg_jamendo_cc\f12f2722756cfec3ca20f78bffe035dfa50a396088bb21ab83308e2cee237f32.mp3,0,0,0,0,1,jamendo_artist_c58464572a815510,mtg_jamendo_cc::real,mtg_jamendo_cc,mtg_jamendo_cc,not_huggingface_official_archive,jamendo_1368300,jamendo::artist::c58464572a815510,https://github.com/MTG/mtg-jamendo-dataset,raw_30s audio-low shard 00,http://creativecommons.org/licenses/by-nc-sa/3.0/,YES,PER_TRACK_LICENSE_WITH_ATTRIBUTION,FOLLOW_RECORDED_CC_LICENSE,mtg_jamendo_cc,f12f2722756cfec3ca20f78bffe035dfa50a396088bb21ab83308e2cee237f32,mtg_jamendo_cc::track::jamendo_1368300,train,,,,,REAL,,,,,,,,,,,,,cal_v13,data\raw\public_v9\real_music\jamendo\1368300.low.mp3,f12f2722756cfec3ca20f78bffe035dfa50a396088bb21ab83308e2cee237f32,APPROVED,raw_30s audio-low shard 00,unknown,jamendo_artist_c58464572a815510,jamendo_1368300,jamendo_1368300,jamendo::artist::c58464572a815510,none,-1
C:\Users\lLrich\ai_voice_data_v13\raw\mtg_jamendo_cc\9ecaf53cc0f6d8ed9a8ddd59c0941579f56f7299edeb4dee2219ebd3855d409b.mp3,0,0,0,0,1,jamendo_artist_93810a6dd4b73984,mtg_jamendo_cc::real,mtg_jamendo_cc,mtg_jamendo_cc,not_huggingface_official_archive,jamendo_1371700,jamendo::artist::93810a6dd4b73984,https://github.com/MTG/mtg-jamendo-dataset,raw_30s audio-low shard 00,http://creativecommons.org/licenses/by-nc-sa/3.0/,YES,PER_TRACK_LICENSE_WITH_ATTRIBUTION,FOLLOW_RECORDED_CC_LICENSE,mtg_jamendo_cc,9ecaf53cc0f6d8ed9a8ddd59c0941579f56f7299edeb4dee2219ebd3855d409b,mtg_jamendo_cc::track::jamendo_1371700,train,,,,,REAL,,,,,,,,,,,,,cal_v13,data\raw\public_v9\real_music\jamendo\1371700.low.mp3,9ecaf53cc0f6d8ed9a8ddd59c0941579f56f7299edeb4dee2219ebd3855d409b,APPROVED,raw_30s audio-low shard 00,unknown,jamendo_artist_93810a6dd4b73984,jamendo_1371700,jamendo_1371700,jamendo::artist::93810a6dd4b73984,none,-1
C:\Users\lLrich\ai_voice_data_v13\raw\mtg_jamendo_cc\eed8915f2d3ee3e1437dbb385d1ba234e168e7f38282d9adac93f93193fa893f.mp3,0,0,0,0,1,jamendo_artist_7e6a053fd1808f58,mtg_jamendo_cc::real,mtg_jamendo_cc,mtg_jamendo_cc,not_huggingface_official_archive,jamendo_1371800,jamendo::artist::7e6a053fd1808f58,https://github.com/MTG/mtg-jamendo-dataset,raw_30s audio-low shard 00,http://creativecommons.org/licenses/by-nc-sa/3.0/,YES,PER_TRACK_LICENSE_WITH_ATTRIBUTION,FOLLOW_RECORDED_CC_LICENSE,mtg_jamendo_cc,eed8915f2d3ee3e1437dbb385d1ba234e168e7f38282d9adac93f93193fa893f,mtg_jamendo_cc::track::jamendo_1371800,train,,,,,REAL,,,,,,,,,,,,,cal_v13,data\raw\public_v9\real_music\jamendo\1371800.low.mp3,eed8915f2d3ee3e1437dbb385d1ba234e168e7f38282d9adac93f93193fa893f,APPROVED,raw_30s audio-low shard 00,unknown,jamendo_artist_7e6a053fd1808f58,jamendo_1371800,jamendo_1371800,jamendo::artist::7e6a053fd1808f58,none,-1
C:\Users\lLrich\ai_voice_data_v13\raw\mtg_jamendo_cc\a8dd96fcbbc2f744a2d277fd1651368b133c35c03c5c7459b20db4b33bd19fbd.mp3,0,0,0,0,1,jamendo_artist_fd28b7331028ce5e,mtg_jamendo_cc::real,mtg_jamendo_cc,mtg_jamendo_cc,not_huggingface_official_archive,jamendo_1372100,jamendo::artist::fd28b7331028ce5e,https://github.com/MTG/mtg-jamendo-dataset,raw_30s audio-low shard 00,http://creativecommons.org/licenses/by-nc-sa/3.0/,YES,PER_TRACK_LICENSE_WITH_ATTRIBUTION,FOLLOW_RECORDED_CC_LICENSE,mtg_jamendo_cc,a8dd96fcbbc2f744a2d277fd1651368b133c35c03c5c7459b20db4b33bd19fbd,mtg_jamendo_cc::track::jamendo_1372100,train,,,,,REAL,,,,,,,,,,,,,cal_v13,data\raw\public_v9\real_music\jamendo\1372100.low.mp3,a8dd96fcbbc2f744a2d277fd1651368b133c35c03c5c7459b20db4b33bd19fbd,APPROVED,raw_30s audio-low shard 00,unknown,jamendo_artist_fd28b7331028ce5e,jamendo_1372100,jamendo_1372100,jamendo::artist::fd28b7331028ce5e,none,-1
C:\Users\lLrich\ai_voice_data_v13\raw\mtg_jamendo_cc\b0fbc84426735a36c6da53b5509ded6c980fce1f6bf5abade05bfac04d18145e.mp3,0,0,0,0,1,jamendo_artist_80029d6ded994121,mtg_jamendo_cc::real,mtg_jamendo_cc,mtg_jamendo_cc,not_huggingface_official_archive,jamendo_1372200,jamendo::artist::80029d6ded994121,https://github.com/MTG/mtg-jamendo-dataset,raw_30s audio-low shard 00,http://creativecommons.org/licenses/by-nc-sa/3.0/,YES,PER_TRACK_LICENSE_WITH_ATTRIBUTION,FOLLOW_RECORDED_CC_LICENSE,mtg_jamendo_cc,b0fbc84426735a36c6da53b5509ded6c980fce1f6bf5abade05bfac04d18145e,mtg_jamendo_cc::track::jamendo_1372200,train,,,,,REAL,,,,,,,,,,,,,cal_v13,data\raw\public_v9\real_music\jamendo\1372200.low.mp3,b0fbc84426735a36c6da53b5509ded6c980fce1f6bf5abade05bfac04d18145e,APPROVED,raw_30s audio-low shard 00,unknown,jamendo_artist_80029d6ded994121,jamendo_1372200,jamendo_1372200,jamendo::artist::80029d6ded994121,none,-1
C:\Users\lLrich\ai_voice_data_v13\raw\mtg_jamendo_cc\d383f786a2bdfae647cff4caf906df2eae77063a1c3b42f1c68cba448e3d69ca.mp3,0,0,0,0,1,jamendo_artist_dd35da3ab677a2f1,mtg_jamendo_cc::real,mtg_jamendo_cc,mtg_jamendo_cc,not_huggingface_official_archive,jamendo_1372500,jamendo::artist::dd35da3ab677a2f1,https://github.com/MTG/mtg-jamendo-dataset,raw_30s audio-low shard 00,http://creativecommons.org/licenses/by-nc-sa/3.0/,YES,PER_TRACK_LICENSE_WITH_ATTRIBUTION,FOLLOW_RECORDED_CC_LICENSE,mtg_jamendo_cc,d383f786a2bdfae647cff4caf906df2eae77063a1c3b42f1c68cba448e3d69ca,mtg_jamendo_cc::track::jamendo_1372500,train,,,,,REAL,,,,,,,,,,,,,cal_v13,data\raw\public_v9\real_music\jamendo\1372500.low.mp3,d383f786a2bdfae647cff4caf906df2eae77063a1c3b42f1c68cba448e3d69ca,APPROVED,raw_30s audio-low shard 00,unknown,jamendo_artist_dd35da3ab677a2f1,jamendo_1372500,jamendo_1372500,jamendo::artist::dd35da3ab677a2f1,none,-1
C:\Users\lLrich\ai_voice_data_v13\raw\mtg_jamendo_cc\a6f4cbe35579bdb9b134531cc15ee94985e8c4b61e73ccfba176503b9ee2c8b0.mp3,0,0,0,0,1,jamendo_artist_89eaf7994d15d44f,mtg_jamendo_cc::real,mtg_jamendo_cc,mtg_jamendo_cc,not_huggingface_official_archive,jamendo_1374700,jamendo::artist::89eaf7994d15d44f,https://github.com/MTG/mtg-jamendo-dataset,raw_30s audio-low shard 00,http://creativecommons.org/licenses/by-nc-sa/3.0/,YES,PER_TRACK_LICENSE_WITH_ATTRIBUTION,FOLLOW_RECORDED_CC_LICENSE,mtg_jamendo_cc,a6f4cbe35579bdb9b134531cc15ee94985e8c4b61e73ccfba176503b9ee2c8b0,mtg_jamendo_cc::track::jamendo_1374700,train,,,,,REAL,,,,,,,,,,,,,cal_v13,data\raw\public_v9\real_music\jamendo\1374700.low.mp3,a6f4cbe35579bdb9b134531cc15ee94985e8c4b61e73ccfba176503b9ee2c8b0,APPROVED,raw_30s audio-low shard 00,unknown,jamendo_artist_89eaf7994d15d44f,jamendo_1374700,jamendo_1374700,jamendo::artist::89eaf7994d15d44f,none,-1
C:\Users\lLrich\ai_voice_data_v13\raw\mtg_jamendo_cc\d51902fae86a44942377f97a07debee76f1b1c3430ba8acc1b2f2723b6eb4def.mp3,0,0,0,0,1,jamendo_artist_58cdfba64989a4d8,mtg_jamendo_cc::real,mtg_jamendo_cc,mtg_jamendo_cc,not_huggingface_official_archive,jamendo_1375800,jamendo::artist::58cdfba64989a4d8,https://github.com/MTG/mtg-jamendo-dataset,raw_30s audio-low shard 00,http://creativecommons.org/licenses/by-sa/3.0/,YES,PER_TRACK_LICENSE_WITH_ATTRIBUTION,FOLLOW_RECORDED_CC_LICENSE,mtg_jamendo_cc,d51902fae86a44942377f97a07debee76f1b1c3430ba8acc1b2f2723b6eb4def,mtg_jamendo_cc::track::jamendo_1375800,train,,,,,REAL,,,,,,,,,,,,,cal_v13,data\raw\public_v9\real_music\jamendo\1375800.low.mp3,d51902fae86a44942377f97a07debee76f1b1c3430ba8acc1b2f2723b6eb4def,APPROVED,raw_30s audio-low shard 00,unknown,jamendo_artist_58cdfba64989a4d8,jamendo_1375800,jamendo_1375800,jamendo::artist::58cdfba64989a4d8,none,-1
C:\Users\lLrich\ai_voice_data_v13\raw\mtg_jamendo_cc\3b7d0c899b8b5ee8ccdc25aa5b8535523669234787a263cc3146ef0df73ca875.mp3,0,0,0,0,1,jamendo_artist_c40362f90a67105c,mtg_jamendo_cc::real,mtg_jamendo_cc,mtg_jamendo_cc,not_huggingface_official_archive,jamendo_1378100,jamendo::artist::c40362f90a67105c,https://github.com/MTG/mtg-jamendo-dataset,raw_30s audio-low shard 00,http://creativecommons.org/licenses/by-nc-sa/3.0/,YES,PER_TRACK_LICENSE_WITH_ATTRIBUTION,FOLLOW_RECORDED_CC_LICENSE,mtg_jamendo_cc,3b7d0c899b8b5ee8ccdc25aa5b8535523669234787a263cc3146ef0df73ca875,mtg_jamendo_cc::track::jamendo_1378100,train,,,,,REAL,,,,,,,,,,,,,cal_v13,data\raw\public_v9\real_music\jamendo\1378100.low.mp3,3b7d0c899b8b5ee8ccdc25aa5b8535523669234787a263cc3146ef0df73ca875,APPROVED,raw_30s audio-low shard 00,unknown,jamendo_artist_c40362f90a67105c,jamendo_1378100,jamendo_1378100,jamendo::artist::c40362f90a67105c,none,-1
C:\Users\lLrich\ai_voice_data_v13\raw\mtg_jamendo_cc\1461e460224e0d0903d56faa504725ee28347bef113bca9e8bd57a9081db6abf.mp3,0,0,0,0,1,jamendo_artist_3f4e95d03b570beb,mtg_jamendo_cc::real,mtg_jamendo_cc,mtg_jamendo_cc,not_huggingface_official_archive,jamendo_1378200,jamendo::artist::3f4e95d03b570beb,https://github.com/MTG/mtg-jamendo-dataset,raw_30s audio-low shard 00,http://creativecommons.org/licenses/by-sa/3.0/,YES,PER_TRACK_LICENSE_WITH_ATTRIBUTION,FOLLOW_RECORDED_CC_LICENSE,mtg_jamendo_cc,1461e460224e0d0903d56faa504725ee28347bef113bca9e8bd57a9081db6abf,mtg_jamendo_cc::track::jamendo_1378200,train,,,,,REAL,,,,,,,,,,,,,cal_v13,data\raw\public_v9\real_music\jamendo\1378200.low.mp3,1461e460224e0d0903d56faa504725ee28347bef113bca9e8bd57a9081db6abf,APPROVED,raw_30s audio-low shard 00,unknown,jamendo_artist_3f4e95d03b570beb,jamendo_1378200,jamendo_1378200,jamendo::artist::3f4e95d03b570beb,none,-1
C:\Users\lLrich\ai_voice_data_v13\raw\mtg_jamendo_cc\cd1fb6d6fae178a55dcc63af6b39a585f41ec03e3c33dd9422261388b33cb682.mp3,0,0,0,0,1,jamendo_artist_725d7777221912e1,mtg_jamendo_cc::real,mtg_jamendo_cc,mtg_jamendo_cc,not_huggingface_official_archive,jamendo_1379100,jamendo::artist::725d7777221912e1,https://github.com/MTG/mtg-jamendo-dataset,raw_30s audio-low shard 00,http://creativecommons.org/licenses/by-nc/3.0/,YES,PER_TRACK_LICENSE_WITH_ATTRIBUTION,FOLLOW_RECORDED_CC_LICENSE,mtg_jamendo_cc,cd1fb6d6fae178a55dcc63af6b39a585f41ec03e3c33dd9422261388b33cb682,mtg_jamendo_cc::track::jamendo_1379100,train,,,,,REAL,,,,,,,,,,,,,cal_v13,data\raw\public_v9\real_music\jamendo\1379100.low.mp3,cd1fb6d6fae178a55dcc63af6b39a585f41ec03e3c33dd9422261388b33cb682,APPROVED,raw_30s audio-low shard 00,unknown,jamendo_artist_725d7777221912e1,jamendo_1379100,jamendo_1379100,jamendo::artist::725d7777221912e1,none,-1
C:\Users\lLrich\ai_voice_data_v13\raw\mtg_jamendo_cc\67d8baa9743f4b1a79ff2513c22a980fdf1dc2761bf705040ee134dc6db62a24.mp3,0,0,0,0,1,jamendo_artist_51c69fb062b91f9d,mtg_jamendo_cc::real,mtg_jamendo_cc,mtg_jamendo_cc,not_huggingface_official_archive,jamendo_1380600,jamendo::artist::51c69fb062b91f9d,https://github.com/MTG/mtg-jamendo-dataset,raw_30s audio-low shard 00,http://creativecommons.org/licenses/by-nc-sa/3.0/,YES,PER_TRACK_LICENSE_WITH_ATTRIBUTION,FOLLOW_RECORDED_CC_LICENSE,mtg_jamendo_cc,67d8baa9743f4b1a79ff2513c22a980fdf1dc2761bf705040ee134dc6db62a24,mtg_jamendo_cc::track::jamendo_1380600,train,,,,,REAL,,,,,,,,,,,,,cal_v13,data\raw\public_v9\real_music\jamendo\1380600.low.mp3,67d8baa9743f4b1a79ff2513c22a980fdf1dc2761bf705040ee134dc6db62a24,APPROVED,raw_30s audio-low shard 00,unknown,jamendo_artist_51c69fb062b91f9d,jamendo_1380600,jamendo_1380600,jamendo::artist::51c69fb062b91f9d,none,-1
C:\Users\lLrich\ai_voice_data_v13\raw\mtg_jamendo_cc\f1578500692ecce0576fc70324cb06685ee649cce2299714782cd078e89d102f.mp3,0,0,0,0,1,jamendo_artist_21e4995c756dff49,mtg_jamendo_cc::real,mtg_jamendo_cc,mtg_jamendo_cc,not_huggingface_official_archive,jamendo_1381000,jamendo::artist::21e4995c756dff49,https://github.com/MTG/mtg-jamendo-dataset,raw_30s audio-low shard 00,http://creativecommons.org/licenses/by-nc-sa/3.0/,YES,PER_TRACK_LICENSE_WITH_ATTRIBUTION,FOLLOW_RECORDED_CC_LICENSE,mtg_jamendo_cc,f1578500692ecce0576fc70324cb06685ee649cce2299714782cd078e89d102f,mtg_jamendo_cc::track::jamendo_1381000,train,,,,,REAL,,,,,,,,,,,,,cal_v13,data\raw\public_v9\real_music\jamendo\1381000.low.mp3,f1578500692ecce0576fc70324cb06685ee649cce2299714782cd078e89d102f,APPROVED,raw_30s audio-low shard 00,unknown,jamendo_artist_21e4995c756dff49,jamendo_1381000,jamendo_1381000,jamendo::artist::21e4995c756dff49,none,-1
C:\Users\lLrich\ai_voice_data_v13\raw\mtg_jamendo_cc\63c78bb2f9a3e3e589a38b88733f3af6b168264fc37dc26650104f3bb780be34.mp3,0,0,0,0,1,jamendo_artist_3bf929d29224afed,mtg_jamendo_cc::real,mtg_jamendo_cc,mtg_jamendo_cc,not_huggingface_official_archive,jamendo_1383900,jamendo::artist::3bf929d29224afed,https://github.com/MTG/mtg-jamendo-dataset,raw_30s audio-low shard 00,http://creativecommons.org/licenses/by-sa/3.0/,YES,PER_TRACK_LICENSE_WITH_ATTRIBUTION,FOLLOW_RECORDED_CC_LICENSE,mtg_jamendo_cc,63c78bb2f9a3e3e589a38b88733f3af6b168264fc37dc26650104f3bb780be34,mtg_jamendo_cc::track::jamendo_1383900,train,,,,,REAL,,,,,,,,,,,,,cal_v13,data\raw\public_v9\real_music\jamendo\1383900.low.mp3,63c78bb2f9a3e3e589a38b88733f3af6b168264fc37dc26650104f3bb780be34,APPROVED,raw_30s audio-low shard 00,unknown,jamendo_artist_3bf929d29224afed,jamendo_1383900,jamendo_1383900,jamendo::artist::3bf929d29224afed,none,-1
C:\Users\lLrich\ai_voice_data_v13\raw\mtg_jamendo_cc\1c64bdd1b73cbef8e4ab5621cee0495091beccf9c0a726e8d09aa7f6722eade5.mp3,0,0,0,0,1,jamendo_artist_7e14b283e6d76119,mtg_jamendo_cc::real,mtg_jamendo_cc,mtg_jamendo_cc,not_huggingface_official_archive,jamendo_1385200,jamendo::artist::7e14b283e6d76119,https://github.com/MTG/mtg-jamendo-dataset,raw_30s audio-low shard 00,http://creativecommons.org/licenses/by-sa/3.0/,YES,PER_TRACK_LICENSE_WITH_ATTRIBUTION,FOLLOW_RECORDED_CC_LICENSE,mtg_jamendo_cc,1c64bdd1b73cbef8e4ab5621cee0495091beccf9c0a726e8d09aa7f6722eade5,mtg_jamendo_cc::track::jamendo_1385200,train,,,,,REAL,,,,,,,,,,,,,cal_v13,data\raw\public_v9\real_music\jamendo\1385200.low.mp3,1c64bdd1b73cbef8e4ab5621cee0495091beccf9c0a726e8d09aa7f6722eade5,APPROVED,raw_30s audio-low shard 00,unknown,jamendo_artist_7e14b283e6d76119,jamendo_1385200,jamendo_1385200,jamendo::artist::7e14b283e6d76119,none,-1
C:\Users\lLrich\ai_voice_data_v13\raw\mtg_jamendo_cc\a5716ac66904a198d7e8d7fcc1d0baa7c518f70c16367643a7522d34d984402c.mp3,0,0,0,0,1,jamendo_artist_69671c92b63ad2d5,mtg_jamendo_cc::real,mtg_jamendo_cc,mtg_jamendo_cc,not_huggingface_official_archive,jamendo_1385300,jamendo::artist::69671c92b63ad2d5,https://github.com/MTG/mtg-jamendo-dataset,raw_30s audio-low shard 00,http://creativecommons.org/licenses/by-nc-sa/3.0/,YES,PER_TRACK_LICENSE_WITH_ATTRIBUTION,FOLLOW_RECORDED_CC_LICENSE,mtg_jamendo_cc,a5716ac66904a198d7e8d7fcc1d0baa7c518f70c16367643a7522d34d984402c,mtg_jamendo_cc::track::jamendo_1385300,train,,,,,REAL,,,,,,,,,,,,,cal_v13,data\raw\public_v9\real_music\jamendo\1385300.low.mp3,a5716ac66904a198d7e8d7fcc1d0baa7c518f70c16367643a7522d34d984402c,APPROVED,raw_30s audio-low shard 00,unknown,jamendo_artist_69671c92b63ad2d5,jamendo_1385300,jamendo_1385300,jamendo::artist::69671c92b63ad2d5,none,-1
C:\Users\lLrich\ai_voice_data_v13\raw\mtg_jamendo_cc\c80e2b1ddffae1c2ca2d5f1a726201a0b5c9257c5a4777791829d5d5cf46fb67.mp3,0,0,0,0,1,jamendo_artist_4783c01544a90806,mtg_jamendo_cc::real,mtg_jamendo_cc,mtg_jamendo_cc,not_huggingface_official_archive,jamendo_1388000,jamendo::artist::4783c01544a90806,https://github.com/MTG/mtg-jamendo-dataset,raw_30s audio-low shard 00,http://creativecommons.org/licenses/by-nc-sa/3.0/,YES,PER_TRACK_LICENSE_WITH_ATTRIBUTION,FOLLOW_RECORDED_CC_LICENSE,mtg_jamendo_cc,c80e2b1ddffae1c2ca2d5f1a726201a0b5c9257c5a4777791829d5d5cf46fb67,mtg_jamendo_cc::track::jamendo_1388000,train,,,,,REAL,,,,,,,,,,,,,cal_v13,data\raw\public_v9\real_music\jamendo\1388000.low.mp3,c80e2b1ddffae1c2ca2d5f1a726201a0b5c9257c5a4777791829d5d5cf46fb67,APPROVED,raw_30s audio-low shard 00,unknown,jamendo_artist_4783c01544a90806,jamendo_1388000,jamendo_1388000,jamendo::artist::4783c01544a90806,none,-1
C:\Users\lLrich\ai_voice_data_v13\raw\mtg_jamendo_cc\babdbcee0fe0f6a992aa4700f977024a4198d3889b28c0ad49cccacc7bc751ea.mp3,0,0,0,0,1,jamendo_artist_9ed91ceef23c4a1a,mtg_jamendo_cc::real,mtg_jamendo_cc,mtg_jamendo_cc,not_huggingface_official_archive,jamendo_1388600,jamendo::artist::9ed91ceef23c4a1a,https://github.com/MTG/mtg-jamendo-dataset,raw_30s audio-low shard 00,http://creativecommons.org/licenses/by-nc-sa/3.0/,YES,PER_TRACK_LICENSE_WITH_ATTRIBUTION,FOLLOW_RECORDED_CC_LICENSE,mtg_jamendo_cc,babdbcee0fe0f6a992aa4700f977024a4198d3889b28c0ad49cccacc7bc751ea,mtg_jamendo_cc::track::jamendo_1388600,train,,,,,REAL,,,,,,,,,,,,,cal_v13,data\raw\public_v9\real_music\jamendo\1388600.low.mp3,babdbcee0fe0f6a992aa4700f977024a4198d3889b28c0ad49cccacc7bc751ea,APPROVED,raw_30s audio-low shard 00,unknown,jamendo_artist_9ed91ceef23c4a1a,jamendo_1388600,jamendo_1388600,jamendo::artist::9ed91ceef23c4a1a,none,-1
C:\Users\lLrich\ai_voice_data_v13\raw\mtg_jamendo_cc\645222ca35b55280a4e38eb14505305518ef45e39ad48ac17cd47ba9aeeb5083.mp3,0,0,0,0,1,jamendo_artist_72cf80aa7960f49b,mtg_jamendo_cc::real,mtg_jamendo_cc,mtg_jamendo_cc,not_huggingface_official_archive,jamendo_1396500,jamendo::artist::72cf80aa7960f49b,https://github.com/MTG/mtg-jamendo-dataset,raw_30s audio-low shard 00,http://creativecommons.org/licenses/by-nc-sa/3.0/,YES,PER_TRACK_LICENSE_WITH_ATTRIBUTION,FOLLOW_RECORDED_CC_LICENSE,mtg_jamendo_cc,645222ca35b55280a4e38eb14505305518ef45e39ad48ac17cd47ba9aeeb5083,mtg_jamendo_cc::track::jamendo_1396500,train,,,,,REAL,,,,,,,,,,,,,cal_v13,data\raw\public_v9\real_music\jamendo\1396500.low.mp3,645222ca35b55280a4e38eb14505305518ef45e39ad48ac17cd47ba9aeeb5083,APPROVED,raw_30s audio-low shard 00,unknown,jamendo_artist_72cf80aa7960f49b,jamendo_1396500,jamendo_1396500,jamendo::artist::72cf80aa7960f49b,none,-1
C:\Users\lLrich\ai_voice_data_v13\raw\mtg_jamendo_cc\207e4f00c4c0604533178983e7d85dc2923686afabaaa19ba84f9658083239d3.mp3,0,0,0,0,1,jamendo_artist_8d74c717570d2109,mtg_jamendo_cc::real,mtg_jamendo_cc,mtg_jamendo_cc,not_huggingface_official_archive,jamendo_1397900,jamendo::artist::8d74c717570d2109,https://github.com/MTG/mtg-jamendo-dataset,raw_30s audio-low shard 00,http://creativecommons.org/licenses/by-sa/3.0/,YES,PER_TRACK_LICENSE_WITH_ATTRIBUTION,FOLLOW_RECORDED_CC_LICENSE,mtg_jamendo_cc,207e4f00c4c0604533178983e7d85dc2923686afabaaa19ba84f9658083239d3,mtg_jamendo_cc::track::jamendo_1397900,train,,,,,REAL,,,,,,,,,,,,,cal_v13,data\raw\public_v9\real_music\jamendo\1397900.low.mp3,207e4f00c4c0604533178983e7d85dc2923686afabaaa19ba84f9658083239d3,APPROVED,raw_30s audio-low shard 00,unknown,jamendo_artist_8d74c717570d2109,jamendo_1397900,jamendo_1397900,jamendo::artist::8d74c717570d2109,none,-1
C:\Users\lLrich\ai_voice_data_v13\raw\mtg_jamendo_cc\542f1f3f1ea7bcbc7abefc38443f6b0d2a1fbf96bcdf66fe2d2df1a4725281be.mp3,0,0,0,0,1,jamendo_artist_5d66564158bd22b6,mtg_jamendo_cc::real,mtg_jamendo_cc,mtg_jamendo_cc,not_huggingface_official_archive,jamendo_1398500,jamendo::artist::5d66564158bd22b6,https://github.com/MTG/mtg-jamendo-dataset,raw_30s audio-low shard 00,http://creativecommons.org/licenses/by-nc-sa/3.0/,YES,PER_TRACK_LICENSE_WITH_ATTRIBUTION,FOLLOW_RECORDED_CC_LICENSE,mtg_jamendo_cc,542f1f3f1ea7bcbc7abefc38443f6b0d2a1fbf96bcdf66fe2d2df1a4725281be,mtg_jamendo_cc::track::jamendo_1398500,train,,,,,REAL,,,,,,,,,,,,,cal_v13,data\raw\public_v9\real_music\jamendo\1398500.low.mp3,542f1f3f1ea7bcbc7abefc38443f6b0d2a1fbf96bcdf66fe2d2df1a4725281be,APPROVED,raw_30s audio-low shard 00,unknown,jamendo_artist_5d66564158bd22b6,jamendo_1398500,jamendo_1398500,jamendo::artist::5d66564158bd22b6,none,-1
C:\Users\lLrich\ai_voice_data_v13\raw\mtg_jamendo_cc\75b22581adc4464a87e17bae2d35d4593aa4bc3ee9484db96b677d1ab2815d0d.mp3,0,0,0,0,1,jamendo_artist_5d66564158bd22b6,mtg_jamendo_cc::real,mtg_jamendo_cc,mtg_jamendo_cc,not_huggingface_official_archive,jamendo_1398800,jamendo::artist::5d66564158bd22b6,https://github.com/MTG/mtg-jamendo-dataset,raw_30s audio-low shard 00,http://creativecommons.org/licenses/by-nc-sa/3.0/,YES,PER_TRACK_LICENSE_WITH_ATTRIBUTION,FOLLOW_RECORDED_CC_LICENSE,mtg_jamendo_cc,75b22581adc4464a87e17bae2d35d4593aa4bc3ee9484db96b677d1ab2815d0d,mtg_jamendo_cc::track::jamendo_1398800,train,,,,,REAL,,,,,,,,,,,,,cal_v13,data\raw\public_v9\real_music\jamendo\1398800.low.mp3,75b22581adc4464a87e17bae2d35d4593aa4bc3ee9484db96b677d1ab2815d0d,APPROVED,raw_30s audio-low shard 00,unknown,jamendo_artist_5d66564158bd22b6,jamendo_1398800,jamendo_1398800,jamendo::artist::5d66564158bd22b6,none,-1
C:\Users\lLrich\ai_voice_data_v13\raw\mtg_jamendo_cc\3dcb7698bc1dee43d4f057cd5d1f063cfdd5bffe38c2b6491078c977b31163ac.mp3,0,0,0,0,1,jamendo_artist_6d0b2d58931261ff,mtg_jamendo_cc::real,mtg_jamendo_cc,mtg_jamendo_cc,not_huggingface_official_archive,jamendo_1400500,jamendo::artist::6d0b2d58931261ff,https://github.com/MTG/mtg-jamendo-dataset,raw_30s audio-low shard 00,http://creativecommons.org/licenses/by-nc-sa/3.0/,YES,PER_TRACK_LICENSE_WITH_ATTRIBUTION,FOLLOW_RECORDED_CC_LICENSE,mtg_jamendo_cc,3dcb7698bc1dee43d4f057cd5d1f063cfdd5bffe38c2b6491078c977b31163ac,mtg_jamendo_cc::track::jamendo_1400500,train,,,,,REAL,,,,,,,,,,,,,cal_v13,data\raw\public_v9\real_music\jamendo\1400500.low.mp3,3dcb7698bc1dee43d4f057cd5d1f063cfdd5bffe38c2b6491078c977b31163ac,APPROVED,raw_30s audio-low shard 00,unknown,jamendo_artist_6d0b2d58931261ff,jamendo_1400500,jamendo_1400500,jamendo::artist::6d0b2d58931261ff,none,-1
C:\Users\lLrich\ai_voice_data_v13\raw\mtg_jamendo_cc\a8d1f412f4bc7635d909a4da8f0c0d690c246cbfa56fd6b38da57e9d3a30e872.mp3,0,0,0,0,1,jamendo_artist_e9608a36589348fd,mtg_jamendo_cc::real,mtg_jamendo_cc,mtg_jamendo_cc,not_huggingface_official_archive,jamendo_1404900,jamendo::artist::e9608a36589348fd,https://github.com/MTG/mtg-jamendo-dataset,raw_30s audio-low shard 00,http://creativecommons.org/licenses/by-nc-sa/3.0/,YES,PER_TRACK_LICENSE_WITH_ATTRIBUTION,FOLLOW_RECORDED_CC_LICENSE,mtg_jamendo_cc,a8d1f412f4bc7635d909a4da8f0c0d690c246cbfa56fd6b38da57e9d3a30e872,mtg_jamendo_cc::track::jamendo_1404900,train,,,,,REAL,,,,,,,,,,,,,cal_v13,data\raw\public_v9\real_music\jamendo\1404900.low.mp3,a8d1f412f4bc7635d909a4da8f0c0d690c246cbfa56fd6b38da57e9d3a30e872,APPROVED,raw_30s audio-low shard 00,unknown,jamendo_artist_e9608a36589348fd,jamendo_1404900,jamendo_1404900,jamendo::artist::e9608a36589348fd,none,-1
C:\Users\lLrich\ai_voice_data_v13\raw\mtg_jamendo_cc\37cf3a0a1bcae9270af6a346dff1bd60e44142cd4baec4f304a96148b115d2a1.mp3,0,0,0,0,1,jamendo_artist_8dcd30ed3b7453f4,mtg_jamendo_cc::real,mtg_jamendo_cc,mtg_jamendo_cc,not_huggingface_official_archive,jamendo_1406200,jamendo::artist::8dcd30ed3b7453f4,https://github.com/MTG/mtg-jamendo-dataset,raw_30s audio-low shard 00,http://creativecommons.org/licenses/by/3.0/,YES,PER_TRACK_LICENSE_WITH_ATTRIBUTION,FOLLOW_RECORDED_CC_LICENSE,mtg_jamendo_cc,37cf3a0a1bcae9270af6a346dff1bd60e44142cd4baec4f304a96148b115d2a1,mtg_jamendo_cc::track::jamendo_1406200,train,,,,,REAL,,,,,,,,,,,,,cal_v13,data\raw\public_v9\real_music\jamendo\1406200.low.mp3,37cf3a0a1bcae9270af6a346dff1bd60e44142cd4baec4f304a96148b115d2a1,APPROVED,raw_30s audio-low shard 00,unknown,jamendo_artist_8dcd30ed3b7453f4,jamendo_1406200,jamendo_1406200,jamendo::artist::8dcd30ed3b7453f4,none,-1
C:\Users\lLrich\ai_voice_data_v13\raw\mtg_jamendo_cc\2ca6b49c2f4093cc71b2092058b0f489826b8c95d01dba5ac26edaf8e2c56da9.mp3,0,0,0,0,1,jamendo_artist_535633c7ff6b5fb9,mtg_jamendo_cc::real,mtg_jamendo_cc,mtg_jamendo_cc,not_huggingface_official_archive,jamendo_1406400,jamendo::artist::535633c7ff6b5fb9,https://github.com/MTG/mtg-jamendo-dataset,raw_30s audio-low shard 00,http://creativecommons.org/licenses/by-nc/3.0/,YES,PER_TRACK_LICENSE_WITH_ATTRIBUTION,FOLLOW_RECORDED_CC_LICENSE,mtg_jamendo_cc,2ca6b49c2f4093cc71b2092058b0f489826b8c95d01dba5ac26edaf8e2c56da9,mtg_jamendo_cc::track::jamendo_1406400,train,,,,,REAL,,,,,,,,,,,,,cal_v13,data\raw\public_v9\real_music\jamendo\1406400.low.mp3,2ca6b49c2f4093cc71b2092058b0f489826b8c95d01dba5ac26edaf8e2c56da9,APPROVED,raw_30s audio-low shard 00,unknown,jamendo_artist_535633c7ff6b5fb9,jamendo_1406400,jamendo_1406400,jamendo::artist::535633c7ff6b5fb9,none,-1
C:\Users\lLrich\ai_voice_data_v13\raw\mtg_jamendo_cc\1cd9a87a3799197987387598a3d9a0cde5538d283089a51468109e5dd6f15db8.mp3,0,0,0,0,1,jamendo_artist_6ef2eaec12d887e2,mtg_jamendo_cc::real,mtg_jamendo_cc,mtg_jamendo_cc,not_huggingface_official_archive,jamendo_1410600,jamendo::artist::6ef2eaec12d887e2,https://github.com/MTG/mtg-jamendo-dataset,raw_30s audio-low shard 00,http://creativecommons.org/licenses/by-nc-sa/3.0/,YES,PER_TRACK_LICENSE_WITH_ATTRIBUTION,FOLLOW_RECORDED_CC_LICENSE,mtg_jamendo_cc,1cd9a87a3799197987387598a3d9a0cde5538d283089a51468109e5dd6f15db8,mtg_jamendo_cc::track::jamendo_1410600,train,,,,,REAL,,,,,,,,,,,,,cal_v13,data\raw\public_v9\real_music\jamendo\1410600.low.mp3,1cd9a87a3799197987387598a3d9a0cde5538d283089a51468109e5dd6f15db8,APPROVED,raw_30s audio-low shard 00,unknown,jamendo_artist_6ef2eaec12d887e2,jamendo_1410600,jamendo_1410600,jamendo::artist::6ef2eaec12d887e2,none,-1
C:\Users\lLrich\ai_voice_data_v13\raw\mtg_jamendo_cc\d9c3893e0029c902c7a09e21157290f3819adf9ae99e1d7ac2e9b11c0087d616.mp3,0,0,0,0,1,jamendo_artist_f192410211011228,mtg_jamendo_cc::real,mtg_jamendo_cc,mtg_jamendo_cc,not_huggingface_official_archive,jamendo_1413400,jamendo::artist::f192410211011228,https://github.com/MTG/mtg-jamendo-dataset,raw_30s audio-low shard 00,http://creativecommons.org/licenses/by-nc-sa/3.0/,YES,PER_TRACK_LICENSE_WITH_ATTRIBUTION,FOLLOW_RECORDED_CC_LICENSE,mtg_jamendo_cc,d9c3893e0029c902c7a09e21157290f3819adf9ae99e1d7ac2e9b11c0087d616,mtg_jamendo_cc::track::jamendo_1413400,train,,,,,REAL,,,,,,,,,,,,,cal_v13,data\raw\public_v9\real_music\jamendo\1413400.low.mp3,d9c3893e0029c902c7a09e21157290f3819adf9ae99e1d7ac2e9b11c0087d616,APPROVED,raw_30s audio-low shard 00,unknown,jamendo_artist_f192410211011228,jamendo_1413400,jamendo_1413400,jamendo::artist::f192410211011228,none,-1
C:\Users\lLrich\ai_voice_data_v13\raw\mtg_jamendo_cc\f23a4e50b8fe65ff6d1c7080c700d7c5f33a18ff42e5dac34977176af660312d.mp3,0,0,0,0,1,jamendo_artist_da9bbbc825d8bfa7,mtg_jamendo_cc::real,mtg_jamendo_cc,mtg_jamendo_cc,not_huggingface_official_archive,jamendo_1415800,jamendo::artist::da9bbbc825d8bfa7,https://github.com/MTG/mtg-jamendo-dataset,raw_30s audio-low shard 00,http://creativecommons.org/licenses/by-nc-sa/3.0/,YES,PER_TRACK_LICENSE_WITH_ATTRIBUTION,FOLLOW_RECORDED_CC_LICENSE,mtg_jamendo_cc,f23a4e50b8fe65ff6d1c7080c700d7c5f33a18ff42e5dac34977176af660312d,mtg_jamendo_cc::track::jamendo_1415800,train,,,,,REAL,,,,,,,,,,,,,cal_v13,data\raw\public_v9\real_music\jamendo\1415800.low.mp3,f23a4e50b8fe65ff6d1c7080c700d7c5f33a18ff42e5dac34977176af660312d,APPROVED,raw_30s audio-low shard 00,unknown,jamendo_artist_da9bbbc825d8bfa7,jamendo_1415800,jamendo_1415800,jamendo::artist::da9bbbc825d8bfa7,none,-1
C:\Users\lLrich\ai_voice_data_v13\raw\mtg_jamendo_cc\c1276321b0ecfc11f32f3e755b3797ab611a2a877c921c33b79a130ed2b810fb.mp3,0,0,0,0,1,jamendo_artist_5d66564158bd22b6,mtg_jamendo_cc::real,mtg_jamendo_cc,mtg_jamendo_cc,not_huggingface_official_archive,jamendo_1416000,jamendo::artist::5d66564158bd22b6,https://github.com/MTG/mtg-jamendo-dataset,raw_30s audio-low shard 00,http://creativecommons.org/licenses/by-nc-sa/3.0/,YES,PER_TRACK_LICENSE_WITH_ATTRIBUTION,FOLLOW_RECORDED_CC_LICENSE,mtg_jamendo_cc,c1276321b0ecfc11f32f3e755b3797ab611a2a877c921c33b79a130ed2b810fb,mtg_jamendo_cc::track::jamendo_1416000,train,,,,,REAL,,,,,,,,,,,,,cal_v13,data\raw\public_v9\real_music\jamendo\1416000.low.mp3,c1276321b0ecfc11f32f3e755b3797ab611a2a877c921c33b79a130ed2b810fb,APPROVED,raw_30s audio-low shard 00,unknown,jamendo_artist_5d66564158bd22b6,jamendo_1416000,jamendo_1416000,jamendo::artist::5d66564158bd22b6,none,-1
C:\Users\lLrich\ai_voice_data_v13\raw\mtg_jamendo_cc\a2d04f4bfb445f4d04f8656f8c38a486ae1807566a1adc8bc080edd5385075bd.mp3,0,0,0,0,1,jamendo_artist_6ef2eaec12d887e2,mtg_jamendo_cc::real,mtg_jamendo_cc,mtg_jamendo_cc,not_huggingface_official_archive,jamendo_1417200,jamendo::artist::6ef2eaec12d887e2,https://github.com/MTG/mtg-jamendo-dataset,raw_30s audio-low shard 00,http://creativecommons.org/licenses/by-nc-sa/3.0/,YES,PER_TRACK_LICENSE_WITH_ATTRIBUTION,FOLLOW_RECORDED_CC_LICENSE,mtg_jamendo_cc,a2d04f4bfb445f4d04f8656f8c38a486ae1807566a1adc8bc080edd5385075bd,mtg_jamendo_cc::track::jamendo_1417200,train,,,,,REAL,,,,,,,,,,,,,cal_v13,data\raw\public_v9\real_music\jamendo\1417200.low.mp3,a2d04f4bfb445f4d04f8656f8c38a486ae1807566a1adc8bc080edd5385075bd,APPROVED,raw_30s audio-low shard 00,unknown,jamendo_artist_6ef2eaec12d887e2,jamendo_1417200,jamendo_1417200,jamendo::artist::6ef2eaec12d887e2,none,-1
C:\Users\lLrich\ai_voice_data_v13\raw\mtg_jamendo_cc\9e87541cb5fe68986d248013ffc28983be8037fdd131ee77bb23d960df6e42cc.mp3,0,0,0,0,1,jamendo_artist_27b5ab3c487896bd,mtg_jamendo_cc::real,mtg_jamendo_cc,mtg_jamendo_cc,not_huggingface_official_archive,jamendo_1417800,jamendo::artist::27b5ab3c487896bd,https://github.com/MTG/mtg-jamendo-dataset,raw_30s audio-low shard 00,http://creativecommons.org/licenses/by-sa/3.0/,YES,PER_TRACK_LICENSE_WITH_ATTRIBUTION,FOLLOW_RECORDED_CC_LICENSE,mtg_jamendo_cc,9e87541cb5fe68986d248013ffc28983be8037fdd131ee77bb23d960df6e42cc,mtg_jamendo_cc::track::jamendo_1417800,train,,,,,REAL,,,,,,,,,,,,,cal_v13,data\raw\public_v9\real_music\jamendo\1417800.low.mp3,9e87541cb5fe68986d248013ffc28983be8037fdd131ee77bb23d960df6e42cc,APPROVED,raw_30s audio-low shard 00,unknown,jamendo_artist_27b5ab3c487896bd,jamendo_1417800,jamendo_1417800,jamendo::artist::27b5ab3c487896bd,none,-1
C:\Users\lLrich\ai_voice_data_v13\raw\mtg_jamendo_cc\f4d1b5e8232e748a50fbd9d730bab85024c335c8b82f1ac34db23019c3e0df16.mp3,0,0,0,0,1,jamendo_artist_788fe073c21fe05e,mtg_jamendo_cc::real,mtg_jamendo_cc,mtg_jamendo_cc,not_huggingface_official_archive,jamendo_141800,jamendo::artist::788fe073c21fe05e,https://github.com/MTG/mtg-jamendo-dataset,raw_30s audio-low shard 00,http://creativecommons.org/licenses/by-sa/3.0/,YES,PER_TRACK_LICENSE_WITH_ATTRIBUTION,FOLLOW_RECORDED_CC_LICENSE,mtg_jamendo_cc,f4d1b5e8232e748a50fbd9d730bab85024c335c8b82f1ac34db23019c3e0df16,mtg_jamendo_cc::track::jamendo_141800,train,,,,,REAL,,,,,,,,,,,,,cal_v13,data\raw\public_v9\real_music\jamendo\141800.low.mp3,f4d1b5e8232e748a50fbd9d730bab85024c335c8b82f1ac34db23019c3e0df16,APPROVED,raw_30s audio-low shard 00,unknown,jamendo_artist_788fe073c21fe05e,jamendo_141800,jamendo_141800,jamendo::artist::788fe073c21fe05e,none,-1
C:\Users\lLrich\ai_voice_data_v13\raw\mtg_jamendo_cc\4ef8468accddd2bcee5e4932280e059b0c1d93b70ea6da81a2731f9ba64bd23e.mp3,0,0,0,0,1,jamendo_artist_d4254487303a7f60,mtg_jamendo_cc::real,mtg_jamendo_cc,mtg_jamendo_cc,not_huggingface_official_archive,jamendo_1418000,jamendo::artist::d4254487303a7f60,https://github.com/MTG/mtg-jamendo-dataset,raw_30s audio-low shard 00,http://creativecommons.org/licenses/by-nc/3.0/,YES,PER_TRACK_LICENSE_WITH_ATTRIBUTION,FOLLOW_RECORDED_CC_LICENSE,mtg_jamendo_cc,4ef8468accddd2bcee5e4932280e059b0c1d93b70ea6da81a2731f9ba64bd23e,mtg_jamendo_cc::track::jamendo_1418000,train,,,,,REAL,,,,,,,,,,,,,cal_v13,data\raw\public_v9\real_music\jamendo\1418000.low.mp3,4ef8468accddd2bcee5e4932280e059b0c1d93b70ea6da81a2731f9ba64bd23e,APPROVED,raw_30s audio-low shard 00,unknown,jamendo_artist_d4254487303a7f60,jamendo_1418000,jamendo_1418000,jamendo::artist::d4254487303a7f60,none,-1
C:\Users\lLrich\ai_voice_data_v13\raw\mtg_jamendo_cc\ce7f641805de3def2739b5a58ea75b26072a2c61204736c492745db583552a7c.mp3,0,0,0,0,1,jamendo_artist_c630362e6c9dac4a,mtg_jamendo_cc::real,mtg_jamendo_cc,mtg_jamendo_cc,not_huggingface_official_archive,jamendo_1418300,jamendo::artist::c630362e6c9dac4a,https://github.com/MTG/mtg-jamendo-dataset,raw_30s audio-low shard 00,http://creativecommons.org/licenses/by-nc-sa/3.0/,YES,PER_TRACK_LICENSE_WITH_ATTRIBUTION,FOLLOW_RECORDED_CC_LICENSE,mtg_jamendo_cc,ce7f641805de3def2739b5a58ea75b26072a2c61204736c492745db583552a7c,mtg_jamendo_cc::track::jamendo_1418300,train,,,,,REAL,,,,,,,,,,,,,cal_v13,data\raw\public_v9\real_music\jamendo\1418300.low.mp3,ce7f641805de3def2739b5a58ea75b26072a2c61204736c492745db583552a7c,APPROVED,raw_30s audio-low shard 00,unknown,jamendo_artist_c630362e6c9dac4a,jamendo_1418300,jamendo_1418300,jamendo::artist::c630362e6c9dac4a,none,-1
C:\Users\lLrich\ai_voice_data_v13\raw\mtg_jamendo_cc\73b202e4762db34df3eb0d5270a6a060d5f8a43b38f224aeb28b05627aad445d.mp3,0,0,0,0,1,jamendo_artist_a2e9c1af1df3dedf,mtg_jamendo_cc::real,mtg_jamendo_cc,mtg_jamendo_cc,not_huggingface_official_archive,jamendo_1420500,jamendo::artist::a2e9c1af1df3dedf,https://github.com/MTG/mtg-jamendo-dataset,raw_30s audio-low shard 00,http://creativecommons.org/licenses/by-nc/3.0/,YES,PER_TRACK_LICENSE_WITH_ATTRIBUTION,FOLLOW_RECORDED_CC_LICENSE,mtg_jamendo_cc,73b202e4762db34df3eb0d5270a6a060d5f8a43b38f224aeb28b05627aad445d,mtg_jamendo_cc::track::jamendo_1420500,train,,,,,REAL,,,,,,,,,,,,,cal_v13,data\raw\public_v9\real_music\jamendo\1420500.low.mp3,73b202e4762db34df3eb0d5270a6a060d5f8a43b38f224aeb28b05627aad445d,APPROVED,raw_30s audio-low shard 00,unknown,jamendo_artist_a2e9c1af1df3dedf,jamendo_1420500,jamendo_1420500,jamendo::artist::a2e9c1af1df3dedf,none,-1
C:\Users\lLrich\ai_voice_data_v13\raw\mtg_jamendo_cc\95587eaffd2640d4225fcdc0cf914552d97c361d5db0bace3186da635aeea327.mp3,0,0,0,0,1,jamendo_artist_71d227b3352d629e,mtg_jamendo_cc::real,mtg_jamendo_cc,mtg_jamendo_cc,not_huggingface_official_archive,jamendo_1420600,jamendo::artist::71d227b3352d629e,https://github.com/MTG/mtg-jamendo-dataset,raw_30s audio-low shard 00,http://creativecommons.org/licenses/by-nc/3.0/,YES,PER_TRACK_LICENSE_WITH_ATTRIBUTION,FOLLOW_RECORDED_CC_LICENSE,mtg_jamendo_cc,95587eaffd2640d4225fcdc0cf914552d97c361d5db0bace3186da635aeea327,mtg_jamendo_cc::track::jamendo_1420600,train,,,,,REAL,,,,,,,,,,,,,cal_v13,data\raw\public_v9\real_music\jamendo\1420600.low.mp3,95587eaffd2640d4225fcdc0cf914552d97c361d5db0bace3186da635aeea327,APPROVED,raw_30s audio-low shard 00,unknown,jamendo_artist_71d227b3352d629e,jamendo_1420600,jamendo_1420600,jamendo::artist::71d227b3352d629e,none,-1
C:\Users\lLrich\ai_voice_data_v13\raw\mtg_jamendo_cc\7f81a89fdbe6bc8e4bb4861c0894051373e4eae971add245d684e145564a190f.mp3,0,0,0,0,1,jamendo_artist_2da11a2da09b39f8,mtg_jamendo_cc::real,mtg_jamendo_cc,mtg_jamendo_cc,not_huggingface_official_archive,jamendo_1420700,jamendo::artist::2da11a2da09b39f8,https://github.com/MTG/mtg-jamendo-dataset,raw_30s audio-low shard 00,http://creativecommons.org/licenses/by-nc/3.0/,YES,PER_TRACK_LICENSE_WITH_ATTRIBUTION,FOLLOW_RECORDED_CC_LICENSE,mtg_jamendo_cc,7f81a89fdbe6bc8e4bb4861c0894051373e4eae971add245d684e145564a190f,mtg_jamendo_cc::track::jamendo_1420700,train,,,,,REAL,,,,,,,,,,,,,cal_v13,data\raw\public_v9\real_music\jamendo\1420700.low.mp3,7f81a89fdbe6bc8e4bb4861c0894051373e4eae971add245d684e145564a190f,APPROVED,raw_30s audio-low shard 00,unknown,jamendo_artist_2da11a2da09b39f8,jamendo_1420700,jamendo_1420700,jamendo::artist::2da11a2da09b39f8,none,-1
C:\Users\lLrich\ai_voice_data_v13\raw\mtg_jamendo_cc\fda70316a65ec51218936eeb33dc152841880932e7fa634ae8df7a9762874810.mp3,0,0,0,0,1,jamendo_artist_b02b6fca16f3838c,mtg_jamendo_cc::real,mtg_jamendo_cc,mtg_jamendo_cc,not_huggingface_official_archive,jamendo_1420800,jamendo::artist::b02b6fca16f3838c,https://github.com/MTG/mtg-jamendo-dataset,raw_30s audio-low shard 00,http://creativecommons.org/licenses/by-nc-sa/3.0/,YES,PER_TRACK_LICENSE_WITH_ATTRIBUTION,FOLLOW_RECORDED_CC_LICENSE,mtg_jamendo_cc,fda70316a65ec51218936eeb33dc152841880932e7fa634ae8df7a9762874810,mtg_jamendo_cc::track::jamendo_1420800,train,,,,,REAL,,,,,,,,,,,,,cal_v13,data\raw\public_v9\real_music\jamendo\1420800.low.mp3,fda70316a65ec51218936eeb33dc152841880932e7fa634ae8df7a9762874810,APPROVED,raw_30s audio-low shard 00,unknown,jamendo_artist_b02b6fca16f3838c,jamendo_1420800,jamendo_1420800,jamendo::artist::b02b6fca16f3838c,none,-1
C:\Users\lLrich\ai_voice_data_v13\raw\mtg_jamendo_cc\0a7da1fff59a5375486e9329fb1e1f042dbbf807f0ae2ed00ab71838a45f6773.mp3,0,0,0,0,1,jamendo_artist_43b9254c5069c098,mtg_jamendo_cc::real,mtg_jamendo_cc,mtg_jamendo_cc,not_huggingface_official_archive,jamendo_142200,jamendo::artist::43b9254c5069c098,https://github.com/MTG/mtg-jamendo-dataset,raw_30s audio-low shard 00,http://creativecommons.org/licenses/by-sa/3.0/,YES,PER_TRACK_LICENSE_WITH_ATTRIBUTION,FOLLOW_RECORDED_CC_LICENSE,mtg_jamendo_cc,0a7da1fff59a5375486e9329fb1e1f042dbbf807f0ae2ed00ab71838a45f6773,mtg_jamendo_cc::track::jamendo_142200,train,,,,,REAL,,,,,,,,,,,,,cal_v13,data\raw\public_v9\real_music\jamendo\142200.low.mp3,0a7da1fff59a5375486e9329fb1e1f042dbbf807f0ae2ed00ab71838a45f6773,APPROVED,raw_30s audio-low shard 00,unknown,jamendo_artist_43b9254c5069c098,jamendo_142200,jamendo_142200,jamendo::artist::43b9254c5069c098,none,-1
C:\Users\lLrich\ai_voice_data_v13\raw\mtg_jamendo_cc\129f3c8347595bfae3a290ff5ccb87a0793e4b176e42cdc3eb9ba605a9fb92e2.mp3,0,0,0,0,1,jamendo_artist_63f0ead707500f34,mtg_jamendo_cc::real,mtg_jamendo_cc,mtg_jamendo_cc,not_huggingface_official_archive,jamendo_146600,jamendo::artist::63f0ead707500f34,https://github.com/MTG/mtg-jamendo-dataset,raw_30s audio-low shard 00,http://creativecommons.org/licenses/by-nc-sa/3.0/,YES,PER_TRACK_LICENSE_WITH_ATTRIBUTION,FOLLOW_RECORDED_CC_LICENSE,mtg_jamendo_cc,129f3c8347595bfae3a290ff5ccb87a0793e4b176e42cdc3eb9ba605a9fb92e2,mtg_jamendo_cc::track::jamendo_146600,train,,,,,REAL,,,,,,,,,,,,,cal_v13,data\raw\public_v9\real_music\jamendo\146600.low.mp3,129f3c8347595bfae3a290ff5ccb87a0793e4b176e42cdc3eb9ba605a9fb92e2,APPROVED,raw_30s audio-low shard 00,unknown,jamendo_artist_63f0ead707500f34,jamendo_146600,jamendo_146600,jamendo::artist::63f0ead707500f34,none,-1
C:\Users\lLrich\ai_voice_data_v13\raw\mtg_jamendo_cc\4bfcf41a100c7c8bbc30659f1b98d516618d6ddf6cc9bbee451ca7b1b62a5c52.mp3,0,0,0,0,1,jamendo_artist_bcbd76ed94ed60da,mtg_jamendo_cc::real,mtg_jamendo_cc,mtg_jamendo_cc,not_huggingface_official_archive,jamendo_149800,jamendo::artist::bcbd76ed94ed60da,https://github.com/MTG/mtg-jamendo-dataset,raw_30s audio-low shard 00,http://creativecommons.org/licenses/by-nc-sa/2.0/de/,YES,PER_TRACK_LICENSE_WITH_ATTRIBUTION,FOLLOW_RECORDED_CC_LICENSE,mtg_jamendo_cc,4bfcf41a100c7c8bbc30659f1b98d516618d6ddf6cc9bbee451ca7b1b62a5c52,mtg_jamendo_cc::track::jamendo_149800,train,,,,,REAL,,,,,,,,,,,,,cal_v13,data\raw\public_v9\real_music\jamendo\149800.low.mp3,4bfcf41a100c7c8bbc30659f1b98d516618d6ddf6cc9bbee451ca7b1b62a5c52,APPROVED,raw_30s audio-low shard 00,unknown,jamendo_artist_bcbd76ed94ed60da,jamendo_149800,jamendo_149800,jamendo::artist::bcbd76ed94ed60da,none,-1
C:\Users\lLrich\ai_voice_data_v13\raw\mtg_jamendo_cc\104fa7064814ac913ccaa7b342e1111e12987992a61305f82016a4518e514715.mp3,0,0,0,0,1,jamendo_artist_5fb18fc5fa87b4fd,mtg_jamendo_cc::real,mtg_jamendo_cc,mtg_jamendo_cc,not_huggingface_official_archive,jamendo_151100,jamendo::artist::5fb18fc5fa87b4fd,https://github.com/MTG/mtg-jamendo-dataset,raw_30s audio-low shard 00,http://creativecommons.org/licenses/by-sa/3.0/,YES,PER_TRACK_LICENSE_WITH_ATTRIBUTION,FOLLOW_RECORDED_CC_LICENSE,mtg_jamendo_cc,104fa7064814ac913ccaa7b342e1111e12987992a61305f82016a4518e514715,mtg_jamendo_cc::track::jamendo_151100,train,,,,,REAL,,,,,,,,,,,,,cal_v13,data\raw\public_v9\real_music\jamendo\151100.low.mp3,104fa7064814ac913ccaa7b342e1111e12987992a61305f82016a4518e514715,APPROVED,raw_30s audio-low shard 00,unknown,jamendo_artist_5fb18fc5fa87b4fd,jamendo_151100,jamendo_151100,jamendo::artist::5fb18fc5fa87b4fd,none,-1
C:\Users\lLrich\ai_voice_data_v13\raw\mtg_jamendo_cc\c388a71152c3aeb84c924894ae085c93aef617f1c3f933f357f4814f675b11af.mp3,0,0,0,0,1,jamendo_artist_82f9e58c22d8633e,mtg_jamendo_cc::real,mtg_jamendo_cc,mtg_jamendo_cc,not_huggingface_official_archive,jamendo_153400,jamendo::artist::82f9e58c22d8633e,https://github.com/MTG/mtg-jamendo-dataset,raw_30s audio-low shard 00,http://creativecommons.org/licenses/by-sa/3.0/,YES,PER_TRACK_LICENSE_WITH_ATTRIBUTION,FOLLOW_RECORDED_CC_LICENSE,mtg_jamendo_cc,c388a71152c3aeb84c924894ae085c93aef617f1c3f933f357f4814f675b11af,mtg_jamendo_cc::track::jamendo_153400,train,,,,,REAL,,,,,,,,,,,,,cal_v13,data\raw\public_v9\real_music\jamendo\153400.low.mp3,c388a71152c3aeb84c924894ae085c93aef617f1c3f933f357f4814f675b11af,APPROVED,raw_30s audio-low shard 00,unknown,jamendo_artist_82f9e58c22d8633e,jamendo_153400,jamendo_153400,jamendo::artist::82f9e58c22d8633e,none,-1
C:\Users\lLrich\ai_voice_data_v13\raw\mtg_jamendo_cc\b98b5b3854f13162ca7b8db073ee6d1e086296f8d311d5d01294a73dbbc38d70.mp3,0,0,0,0,1,jamendo_artist_e1cbefcae545ab69,mtg_jamendo_cc::real,mtg_jamendo_cc,mtg_jamendo_cc,not_huggingface_official_archive,jamendo_159200,jamendo::artist::e1cbefcae545ab69,https://github.com/MTG/mtg-jamendo-dataset,raw_30s audio-low shard 00,http://creativecommons.org/licenses/by-nc-sa/2.0/de/,YES,PER_TRACK_LICENSE_WITH_ATTRIBUTION,FOLLOW_RECORDED_CC_LICENSE,mtg_jamendo_cc,b98b5b3854f13162ca7b8db073ee6d1e086296f8d311d5d01294a73dbbc38d70,mtg_jamendo_cc::track::jamendo_159200,train,,,,,REAL,,,,,,,,,,,,,cal_v13,data\raw\public_v9\real_music\jamendo\159200.low.mp3,b98b5b3854f13162ca7b8db073ee6d1e086296f8d311d5d01294a73dbbc38d70,APPROVED,raw_30s audio-low shard 00,unknown,jamendo_artist_e1cbefcae545ab69,jamendo_159200,jamendo_159200,jamendo::artist::e1cbefcae545ab69,none,-1
C:\Users\lLrich\ai_voice_data_v13\raw\mtg_jamendo_cc\7dff32a79fb1723a9c2a198c124418a69d7df22d4df542e2555fbbf6e9ffc048.mp3,0,0,0,0,1,jamendo_artist_9fe40ad929526947,mtg_jamendo_cc::real,mtg_jamendo_cc,mtg_jamendo_cc,not_huggingface_official_archive,jamendo_159600,jamendo::artist::9fe40ad929526947,https://github.com/MTG/mtg-jamendo-dataset,raw_30s audio-low shard 00,http://creativecommons.org/licenses/by-nc-sa/3.0/,YES,PER_TRACK_LICENSE_WITH_ATTRIBUTION,FOLLOW_RECORDED_CC_LICENSE,mtg_jamendo_cc,7dff32a79fb1723a9c2a198c124418a69d7df22d4df542e2555fbbf6e9ffc048,mtg_jamendo_cc::track::jamendo_159600,train,,,,,REAL,,,,,,,,,,,,,cal_v13,data\raw\public_v9\real_music\jamendo\159600.low.mp3,7dff32a79fb1723a9c2a198c124418a69d7df22d4df542e2555fbbf6e9ffc048,APPROVED,raw_30s audio-low shard 00,unknown,jamendo_artist_9fe40ad929526947,jamendo_159600,jamendo_159600,jamendo::artist::9fe40ad929526947,none,-1
C:\Users\lLrich\ai_voice_data_v13\raw\mtg_jamendo_cc\c5eb3b128eb6f6d68bf8eb0068648901707c71ff414f8ade4ec89eba2f3b3a71.mp3,0,0,0,0,1,jamendo_artist_8275e3cc8976e4ad,mtg_jamendo_cc::real,mtg_jamendo_cc,mtg_jamendo_cc,not_huggingface_official_archive,jamendo_16000,jamendo::artist::8275e3cc8976e4ad,https://github.com/MTG/mtg-jamendo-dataset,raw_30s audio-low shard 00,http://creativecommons.org/licenses/by-nc-sa/3.0/,YES,PER_TRACK_LICENSE_WITH_ATTRIBUTION,FOLLOW_RECORDED_CC_LICENSE,mtg_jamendo_cc,c5eb3b128eb6f6d68bf8eb0068648901707c71ff414f8ade4ec89eba2f3b3a71,mtg_jamendo_cc::track::jamendo_16000,train,,,,,REAL,,,,,,,,,,,,,cal_v13,data\raw\public_v9\real_music\jamendo\16000.low.mp3,c5eb3b128eb6f6d68bf8eb0068648901707c71ff414f8ade4ec89eba2f3b3a71,APPROVED,raw_30s audio-low shard 00,unknown,jamendo_artist_8275e3cc8976e4ad,jamendo_16000,jamendo_16000,jamendo::artist::8275e3cc8976e4ad,none,-1
C:\Users\lLrich\ai_voice_data_v13\raw\mtg_jamendo_cc\63f9f7afff896bd40a003bb8b84b7fdb222843d9ebbdc6ae0d19a1daf5f9d0f5.mp3,0,0,0,0,1,jamendo_artist_5bd0a5fce40ae840,mtg_jamendo_cc::real,mtg_jamendo_cc,mtg_jamendo_cc,not_huggingface_official_archive,jamendo_165900,jamendo::artist::5bd0a5fce40ae840,https://github.com/MTG/mtg-jamendo-dataset,raw_30s audio-low shard 00,http://creativecommons.org/licenses/by-nc-sa/2.0/de/,YES,PER_TRACK_LICENSE_WITH_ATTRIBUTION,FOLLOW_RECORDED_CC_LICENSE,mtg_jamendo_cc,63f9f7afff896bd40a003bb8b84b7fdb222843d9ebbdc6ae0d19a1daf5f9d0f5,mtg_jamendo_cc::track::jamendo_165900,train,,,,,REAL,,,,,,,,,,,,,cal_v13,data\raw\public_v9\real_music\jamendo\165900.low.mp3,63f9f7afff896bd40a003bb8b84b7fdb222843d9ebbdc6ae0d19a1daf5f9d0f5,APPROVED,raw_30s audio-low shard 00,unknown,jamendo_artist_5bd0a5fce40ae840,jamendo_165900,jamendo_165900,jamendo::artist::5bd0a5fce40ae840,none,-1
C:\Users\lLrich\ai_voice_data_v13\raw\mtg_jamendo_cc\4f4c40b16e3801857f2210c4cf1b68d2f95096c0c9c3a52feb5c74fbc7d9e764.mp3,0,0,0,0,1,jamendo_artist_e2b207e445e9f1ff,mtg_jamendo_cc::real,mtg_jamendo_cc,mtg_jamendo_cc,not_huggingface_official_archive,jamendo_166300,jamendo::artist::e2b207e445e9f1ff,https://github.com/MTG/mtg-jamendo-dataset,raw_30s audio-low shard 00,http://creativecommons.org/licenses/by-sa/3.0/,YES,PER_TRACK_LICENSE_WITH_ATTRIBUTION,FOLLOW_RECORDED_CC_LICENSE,mtg_jamendo_cc,4f4c40b16e3801857f2210c4cf1b68d2f95096c0c9c3a52feb5c74fbc7d9e764,mtg_jamendo_cc::track::jamendo_166300,train,,,,,REAL,,,,,,,,,,,,,cal_v13,data\raw\public_v9\real_music\jamendo\166300.low.mp3,4f4c40b16e3801857f2210c4cf1b68d2f95096c0c9c3a52feb5c74fbc7d9e764,APPROVED,raw_30s audio-low shard 00,unknown,jamendo_artist_e2b207e445e9f1ff,jamendo_166300,jamendo_166300,jamendo::artist::e2b207e445e9f1ff,none,-1
C:\Users\lLrich\ai_voice_data_v13\raw\mtg_jamendo_cc\9d341a88f3a393285a09ac9870c9eab94ba65c585ea650f80e03dfc36a7d2f9a.mp3,0,0,0,0,1,jamendo_artist_a6b32f04e575409d,mtg_jamendo_cc::real,mtg_jamendo_cc,mtg_jamendo_cc,not_huggingface_official_archive,jamendo_166400,jamendo::artist::a6b32f04e575409d,https://github.com/MTG/mtg-jamendo-dataset,raw_30s audio-low shard 00,http://creativecommons.org/licenses/by-nc-sa/3.0/,YES,PER_TRACK_LICENSE_WITH_ATTRIBUTION,FOLLOW_RECORDED_CC_LICENSE,mtg_jamendo_cc,9d341a88f3a393285a09ac9870c9eab94ba65c585ea650f80e03dfc36a7d2f9a,mtg_jamendo_cc::track::jamendo_166400,train,,,,,REAL,,,,,,,,,,,,,cal_v13,data\raw\public_v9\real_music\jamendo\166400.low.mp3,9d341a88f3a393285a09ac9870c9eab94ba65c585ea650f80e03dfc36a7d2f9a,APPROVED,raw_30s audio-low shard 00,unknown,jamendo_artist_a6b32f04e575409d,jamendo_166400,jamendo_166400,jamendo::artist::a6b32f04e575409d,none,-1
C:\Users\lLrich\ai_voice_data_v13\raw\mtg_jamendo_cc\60f8c38997160b765df4255e5dd5f64a9e116c37af208a2fa72d46e3b0e336ed.mp3,0,0,0,0,1,jamendo_artist_8961bcb43f14f59a,mtg_jamendo_cc::real,mtg_jamendo_cc,mtg_jamendo_cc,not_huggingface_official_archive,jamendo_168800,jamendo::artist::8961bcb43f14f59a,https://github.com/MTG/mtg-jamendo-dataset,raw_30s audio-low shard 00,http://creativecommons.org/licenses/by-nc-sa/3.0/,YES,PER_TRACK_LICENSE_WITH_ATTRIBUTION,FOLLOW_RECORDED_CC_LICENSE,mtg_jamendo_cc,60f8c38997160b765df4255e5dd5f64a9e116c37af208a2fa72d46e3b0e336ed,mtg_jamendo_cc::track::jamendo_168800,train,,,,,REAL,,,,,,,,,,,,,cal_v13,data\raw\public_v9\real_music\jamendo\168800.low.mp3,60f8c38997160b765df4255e5dd5f64a9e116c37af208a2fa72d46e3b0e336ed,APPROVED,raw_30s audio-low shard 00,unknown,jamendo_artist_8961bcb43f14f59a,jamendo_168800,jamendo_168800,jamendo::artist::8961bcb43f14f59a,none,-1
C:\Users\lLrich\ai_voice_data_v13\raw\mtg_jamendo_cc\7893e9354eb5f7e04da23e4bc302bab64bd92285de214e3852818ac62861134b.mp3,0,0,0,0,1,jamendo_artist_5840dd1cf99bcb4f,mtg_jamendo_cc::real,mtg_jamendo_cc,mtg_jamendo_cc,not_huggingface_official_archive,jamendo_170000,jamendo::artist::5840dd1cf99bcb4f,https://github.com/MTG/mtg-jamendo-dataset,raw_30s audio-low shard 00,http://creativecommons.org/licenses/by-nc-sa/3.0/,YES,PER_TRACK_LICENSE_WITH_ATTRIBUTION,FOLLOW_RECORDED_CC_LICENSE,mtg_jamendo_cc,7893e9354eb5f7e04da23e4bc302bab64bd92285de214e3852818ac62861134b,mtg_jamendo_cc::track::jamendo_170000,train,,,,,REAL,,,,,,,,,,,,,cal_v13,data\raw\public_v9\real_music\jamendo\170000.low.mp3,7893e9354eb5f7e04da23e4bc302bab64bd92285de214e3852818ac62861134b,APPROVED,raw_30s audio-low shard 00,unknown,jamendo_artist_5840dd1cf99bcb4f,jamendo_170000,jamendo_170000,jamendo::artist::5840dd1cf99bcb4f,none,-1
C:\Users\lLrich\ai_voice_data_v13\raw\mtg_jamendo_cc\652dfce7df31bd1cc12ac80e3954e04ae4c4a720aeb2fbbb78e1f45e667c99f3.mp3,0,0,0,0,1,jamendo_artist_fe57b5260a676410,mtg_jamendo_cc::real,mtg_jamendo_cc,mtg_jamendo_cc,not_huggingface_official_archive,jamendo_174900,jamendo::artist::fe57b5260a676410,https://github.com/MTG/mtg-jamendo-dataset,raw_30s audio-low shard 00,http://creativecommons.org/licenses/by-sa/3.0/,YES,PER_TRACK_LICENSE_WITH_ATTRIBUTION,FOLLOW_RECORDED_CC_LICENSE,mtg_jamendo_cc,652dfce7df31bd1cc12ac80e3954e04ae4c4a720aeb2fbbb78e1f45e667c99f3,mtg_jamendo_cc::track::jamendo_174900,train,,,,,REAL,,,,,,,,,,,,,cal_v13,data\raw\public_v9\real_music\jamendo\174900.low.mp3,652dfce7df31bd1cc12ac80e3954e04ae4c4a720aeb2fbbb78e1f45e667c99f3,APPROVED,raw_30s audio-low shard 00,unknown,jamendo_artist_fe57b5260a676410,jamendo_174900,jamendo_174900,jamendo::artist::fe57b5260a676410,none,-1
C:\Users\lLrich\ai_voice_data_v13\raw\mtg_jamendo_cc\48515e9e5a7bc9919e5849027722771acc2d4b6a74a85d174d7002368b129933.mp3,0,0,0,0,1,jamendo_artist_915b4cb7c662b04d,mtg_jamendo_cc::real,mtg_jamendo_cc,mtg_jamendo_cc,not_huggingface_official_archive,jamendo_17500,jamendo::artist::915b4cb7c662b04d,https://github.com/MTG/mtg-jamendo-dataset,raw_30s audio-low shard 00,http://creativecommons.org/licenses/by-sa/2.5/,YES,PER_TRACK_LICENSE_WITH_ATTRIBUTION,FOLLOW_RECORDED_CC_LICENSE,mtg_jamendo_cc,48515e9e5a7bc9919e5849027722771acc2d4b6a74a85d174d7002368b129933,mtg_jamendo_cc::track::jamendo_17500,train,,,,,REAL,,,,,,,,,,,,,cal_v13,data\raw\public_v9\real_music\jamendo\17500.low.mp3,48515e9e5a7bc9919e5849027722771acc2d4b6a74a85d174d7002368b129933,APPROVED,raw_30s audio-low shard 00,unknown,jamendo_artist_915b4cb7c662b04d,jamendo_17500,jamendo_17500,jamendo::artist::915b4cb7c662b04d,none,-1
C:\Users\lLrich\ai_voice_data_v13\raw\mtg_jamendo_cc\82572ff90c866c658f20e9a9e286a4088bd948a2abfe9d75e464232037e2f756.mp3,0,0,0,0,1,jamendo_artist_a295f515c27df23c,mtg_jamendo_cc::real,mtg_jamendo_cc,mtg_jamendo_cc,not_huggingface_official_archive,jamendo_184600,jamendo::artist::a295f515c27df23c,https://github.com/MTG/mtg-jamendo-dataset,raw_30s audio-low shard 00,http://creativecommons.org/licenses/by-nc-sa/3.0/,YES,PER_TRACK_LICENSE_WITH_ATTRIBUTION,FOLLOW_RECORDED_CC_LICENSE,mtg_jamendo_cc,82572ff90c866c658f20e9a9e286a4088bd948a2abfe9d75e464232037e2f756,mtg_jamendo_cc::track::jamendo_184600,train,,,,,REAL,,,,,,,,,,,,,cal_v13,data\raw\public_v9\real_music\jamendo\184600.low.mp3,82572ff90c866c658f20e9a9e286a4088bd948a2abfe9d75e464232037e2f756,APPROVED,raw_30s audio-low shard 00,unknown,jamendo_artist_a295f515c27df23c,jamendo_184600,jamendo_184600,jamendo::artist::a295f515c27df23c,none,-1
C:\Users\lLrich\ai_voice_data_v13\raw\mtg_jamendo_cc\33a16acd7b9ed42d05538511e39975d35f38cde7ed3c68b3302d3020d7fb4f53.mp3,0,0,0,0,1,jamendo_artist_44778d82365e4af6,mtg_jamendo_cc::real,mtg_jamendo_cc,mtg_jamendo_cc,not_huggingface_official_archive,jamendo_18500,jamendo::artist::44778d82365e4af6,https://github.com/MTG/mtg-jamendo-dataset,raw_30s audio-low shard 00,http://creativecommons.org/licenses/by-sa/2.5/,YES,PER_TRACK_LICENSE_WITH_ATTRIBUTION,FOLLOW_RECORDED_CC_LICENSE,mtg_jamendo_cc,33a16acd7b9ed42d05538511e39975d35f38cde7ed3c68b3302d3020d7fb4f53,mtg_jamendo_cc::track::jamendo_18500,train,,,,,REAL,,,,,,,,,,,,,cal_v13,data\raw\public_v9\real_music\jamendo\18500.low.mp3,33a16acd7b9ed42d05538511e39975d35f38cde7ed3c68b3302d3020d7fb4f53,APPROVED,raw_30s audio-low shard 00,unknown,jamendo_artist_44778d82365e4af6,jamendo_18500,jamendo_18500,jamendo::artist::44778d82365e4af6,none,-1
C:\Users\lLrich\ai_voice_data_v13\raw\mtg_jamendo_cc\c9a9223b82cc0d284c0a9418b25b821f6e9c636f4f9135caa3183221bb771f3b.mp3,0,0,0,0,1,jamendo_artist_2de632e2d19cab6c,mtg_jamendo_cc::real,mtg_jamendo_cc,mtg_jamendo_cc,not_huggingface_official_archive,jamendo_19200,jamendo::artist::2de632e2d19cab6c,https://github.com/MTG/mtg-jamendo-dataset,raw_30s audio-low shard 00,http://creativecommons.org/licenses/by-sa/2.5/,YES,PER_TRACK_LICENSE_WITH_ATTRIBUTION,FOLLOW_RECORDED_CC_LICENSE,mtg_jamendo_cc,c9a9223b82cc0d284c0a9418b25b821f6e9c636f4f9135caa3183221bb771f3b,mtg_jamendo_cc::track::jamendo_19200,train,,,,,REAL,,,,,,,,,,,,,cal_v13,data\raw\public_v9\real_music\jamendo\19200.low.mp3,c9a9223b82cc0d284c0a9418b25b821f6e9c636f4f9135caa3183221bb771f3b,APPROVED,raw_30s audio-low shard 00,unknown,jamendo_artist_2de632e2d19cab6c,jamendo_19200,jamendo_19200,jamendo::artist::2de632e2d19cab6c,none,-1
C:\Users\lLrich\ai_voice_data_v13\raw\mtg_jamendo_cc\e7742e7b1a4880c319bc1d4e8b6a87753e2e2e6ac300dfaaaebdbe167ef92073.mp3,0,0,0,0,1,jamendo_artist_48c292f67e7bb3b6,mtg_jamendo_cc::real,mtg_jamendo_cc,mtg_jamendo_cc,not_huggingface_official_archive,jamendo_192600,jamendo::artist::48c292f67e7bb3b6,https://github.com/MTG/mtg-jamendo-dataset,raw_30s audio-low shard 00,http://creativecommons.org/licenses/by-nc-sa/3.0/,YES,PER_TRACK_LICENSE_WITH_ATTRIBUTION,FOLLOW_RECORDED_CC_LICENSE,mtg_jamendo_cc,e7742e7b1a4880c319bc1d4e8b6a87753e2e2e6ac300dfaaaebdbe167ef92073,mtg_jamendo_cc::track::jamendo_192600,train,,,,,REAL,,,,,,,,,,,,,cal_v13,data\raw\public_v9\real_music\jamendo\192600.low.mp3,e7742e7b1a4880c319bc1d4e8b6a87753e2e2e6ac300dfaaaebdbe167ef92073,APPROVED,raw_30s audio-low shard 00,unknown,jamendo_artist_48c292f67e7bb3b6,jamendo_192600,jamendo_192600,jamendo::artist::48c292f67e7bb3b6,none,-1
C:\Users\lLrich\ai_voice_data_v13\raw\mtg_jamendo_cc\d46405c2f93687a06cbadefe74d12cb1710c70143d1afbac716954c85326b833.mp3,0,0,0,0,1,jamendo_artist_4df5a85849f57c83,mtg_jamendo_cc::real,mtg_jamendo_cc,mtg_jamendo_cc,not_huggingface_official_archive,jamendo_195300,jamendo::artist::4df5a85849f57c83,https://github.com/MTG/mtg-jamendo-dataset,raw_30s audio-low shard 00,http://creativecommons.org/licenses/by-nc-sa/2.0/de/,YES,PER_TRACK_LICENSE_WITH_ATTRIBUTION,FOLLOW_RECORDED_CC_LICENSE,mtg_jamendo_cc,d46405c2f93687a06cbadefe74d12cb1710c70143d1afbac716954c85326b833,mtg_jamendo_cc::track::jamendo_195300,train,,,,,REAL,,,,,,,,,,,,,cal_v13,data\raw\public_v9\real_music\jamendo\195300.low.mp3,d46405c2f93687a06cbadefe74d12cb1710c70143d1afbac716954c85326b833,APPROVED,raw_30s audio-low shard 00,unknown,jamendo_artist_4df5a85849f57c83,jamendo_195300,jamendo_195300,jamendo::artist::4df5a85849f57c83,none,-1
C:\Users\lLrich\ai_voice_data_v13\raw\mtg_jamendo_cc\a6c93de6244b64a1524fcf530435e2b95377a50a41dbe14f9328ed193f857bbc.mp3,0,0,0,0,1,jamendo_artist_e170ad1860addc6e,mtg_jamendo_cc::real,mtg_jamendo_cc,mtg_jamendo_cc,not_huggingface_official_archive,jamendo_199300,jamendo::artist::e170ad1860addc6e,https://github.com/MTG/mtg-jamendo-dataset,raw_30s audio-low shard 00,http://creativecommons.org/licenses/by-nc-sa/3.0/,YES,PER_TRACK_LICENSE_WITH_ATTRIBUTION,FOLLOW_RECORDED_CC_LICENSE,mtg_jamendo_cc,a6c93de6244b64a1524fcf530435e2b95377a50a41dbe14f9328ed193f857bbc,mtg_jamendo_cc::track::jamendo_199300,train,,,,,REAL,,,,,,,,,,,,,cal_v13,data\raw\public_v9\real_music\jamendo\199300.low.mp3,a6c93de6244b64a1524fcf530435e2b95377a50a41dbe14f9328ed193f857bbc,APPROVED,raw_30s audio-low shard 00,unknown,jamendo_artist_e170ad1860addc6e,jamendo_199300,jamendo_199300,jamendo::artist::e170ad1860addc6e,none,-1
C:\Users\lLrich\ai_voice_data_v13\raw\mtg_jamendo_cc\39063a1cbb3b99d959b88db237f3c862f30afbc831eb96133f78d925e643fcff.mp3,0,0,0,0,1,jamendo_artist_2b9d41ac838acc70,mtg_jamendo_cc::real,mtg_jamendo_cc,mtg_jamendo_cc,not_huggingface_official_archive,jamendo_201900,jamendo::artist::2b9d41ac838acc70,https://github.com/MTG/mtg-jamendo-dataset,raw_30s audio-low shard 00,http://creativecommons.org/licenses/by-nc-sa/3.0/,YES,PER_TRACK_LICENSE_WITH_ATTRIBUTION,FOLLOW_RECORDED_CC_LICENSE,mtg_jamendo_cc,39063a1cbb3b99d959b88db237f3c862f30afbc831eb96133f78d925e643fcff,mtg_jamendo_cc::track::jamendo_201900,train,,,,,REAL,,,,,,,,,,,,,cal_v13,data\raw\public_v9\real_music\jamendo\201900.low.mp3,39063a1cbb3b99d959b88db237f3c862f30afbc831eb96133f78d925e643fcff,APPROVED,raw_30s audio-low shard 00,unknown,jamendo_artist_2b9d41ac838acc70,jamendo_201900,jamendo_201900,jamendo::artist::2b9d41ac838acc70,none,-1
C:\Users\lLrich\ai_voice_data_v13\raw\mtg_jamendo_cc\c312426f90009a0513ab33046364e3a09d1948041bb83f7a5a399f5ed379a05b.mp3,0,0,0,0,1,jamendo_artist_5f36b6eae9a3f317,mtg_jamendo_cc::real,mtg_jamendo_cc,mtg_jamendo_cc,not_huggingface_official_archive,jamendo_202200,jamendo::artist::5f36b6eae9a3f317,https://github.com/MTG/mtg-jamendo-dataset,raw_30s audio-low shard 00,http://creativecommons.org/licenses/by-nc-sa/3.0/,YES,PER_TRACK_LICENSE_WITH_ATTRIBUTION,FOLLOW_RECORDED_CC_LICENSE,mtg_jamendo_cc,c312426f90009a0513ab33046364e3a09d1948041bb83f7a5a399f5ed379a05b,mtg_jamendo_cc::track::jamendo_202200,train,,,,,REAL,,,,,,,,,,,,,cal_v13,data\raw\public_v9\real_music\jamendo\202200.low.mp3,c312426f90009a0513ab33046364e3a09d1948041bb83f7a5a399f5ed379a05b,APPROVED,raw_30s audio-low shard 00,unknown,jamendo_artist_5f36b6eae9a3f317,jamendo_202200,jamendo_202200,jamendo::artist::5f36b6eae9a3f317,none,-1
C:\Users\lLrich\ai_voice_data_v13\raw\mtg_jamendo_cc\5ceada4743b9f8b5f858099a664d65f9a046665e6c8d2c604aadc02d13249675.mp3,0,0,0,0,1,jamendo_artist_ab8bd3b6adaf37af,mtg_jamendo_cc::real,mtg_jamendo_cc,mtg_jamendo_cc,not_huggingface_official_archive,jamendo_208300,jamendo::artist::ab8bd3b6adaf37af,https://github.com/MTG/mtg-jamendo-dataset,raw_30s audio-low shard 00,http://creativecommons.org/licenses/by-sa/2.5/pe/,YES,PER_TRACK_LICENSE_WITH_ATTRIBUTION,FOLLOW_RECORDED_CC_LICENSE,mtg_jamendo_cc,5ceada4743b9f8b5f858099a664d65f9a046665e6c8d2c604aadc02d13249675,mtg_jamendo_cc::track::jamendo_208300,train,,,,,REAL,,,,,,,,,,,,,cal_v13,data\raw\public_v9\real_music\jamendo\208300.low.mp3,5ceada4743b9f8b5f858099a664d65f9a046665e6c8d2c604aadc02d13249675,APPROVED,raw_30s audio-low shard 00,unknown,jamendo_artist_ab8bd3b6adaf37af,jamendo_208300,jamendo_208300,jamendo::artist::ab8bd3b6adaf37af,none,-1
C:\Users\lLrich\ai_voice_data_v13\raw\mtg_jamendo_cc\353a695a3bdea6719b0e5eb6d01bb4cda864423f5b461e33cc2371310dfb7e29.mp3,0,0,0,0,1,jamendo_artist_163213fa885aeeb5,mtg_jamendo_cc::real,mtg_jamendo_cc,mtg_jamendo_cc,not_huggingface_official_archive,jamendo_209800,jamendo::artist::163213fa885aeeb5,https://github.com/MTG/mtg-jamendo-dataset,raw_30s audio-low shard 00,http://creativecommons.org/licenses/by-sa/3.0/,YES,PER_TRACK_LICENSE_WITH_ATTRIBUTION,FOLLOW_RECORDED_CC_LICENSE,mtg_jamendo_cc,353a695a3bdea6719b0e5eb6d01bb4cda864423f5b461e33cc2371310dfb7e29,mtg_jamendo_cc::track::jamendo_209800,train,,,,,REAL,,,,,,,,,,,,,cal_v13,data\raw\public_v9\real_music\jamendo\209800.low.mp3,353a695a3bdea6719b0e5eb6d01bb4cda864423f5b461e33cc2371310dfb7e29,APPROVED,raw_30s audio-low shard 00,unknown,jamendo_artist_163213fa885aeeb5,jamendo_209800,jamendo_209800,jamendo::artist::163213fa885aeeb5,none,-1
C:\Users\lLrich\ai_voice_data_v13\raw\mtg_jamendo_cc\3e20c4b1d7f0d6b95298cef916e8ee7aed4dc9b8938cd7dbcc3583ea1d22fb69.mp3,0,0,0,0,1,jamendo_artist_e069dbb34fe808d3,mtg_jamendo_cc::real,mtg_jamendo_cc,mtg_jamendo_cc,not_huggingface_official_archive,jamendo_210600,jamendo::artist::e069dbb34fe808d3,https://github.com/MTG/mtg-jamendo-dataset,raw_30s audio-low shard 00,http://creativecommons.org/licenses/by-sa/3.0/,YES,PER_TRACK_LICENSE_WITH_ATTRIBUTION,FOLLOW_RECORDED_CC_LICENSE,mtg_jamendo_cc,3e20c4b1d7f0d6b95298cef916e8ee7aed4dc9b8938cd7dbcc3583ea1d22fb69,mtg_jamendo_cc::track::jamendo_210600,train,,,,,REAL,,,,,,,,,,,,,cal_v13,data\raw\public_v9\real_music\jamendo\210600.low.mp3,3e20c4b1d7f0d6b95298cef916e8ee7aed4dc9b8938cd7dbcc3583ea1d22fb69,APPROVED,raw_30s audio-low shard 00,unknown,jamendo_artist_e069dbb34fe808d3,jamendo_210600,jamendo_210600,jamendo::artist::e069dbb34fe808d3,none,-1
C:\Users\lLrich\ai_voice_data_v13\raw\mtg_jamendo_cc\eaffebbc5295d352bea605feec257f616b9e8ef08772f9d786624f1b6fce61a4.mp3,0,0,0,0,1,jamendo_artist_84090eb5990b4841,mtg_jamendo_cc::real,mtg_jamendo_cc,mtg_jamendo_cc,not_huggingface_official_archive,jamendo_213200,jamendo::artist::84090eb5990b4841,https://github.com/MTG/mtg-jamendo-dataset,raw_30s audio-low shard 00,http://creativecommons.org/licenses/by-nc-sa/3.0/,YES,PER_TRACK_LICENSE_WITH_ATTRIBUTION,FOLLOW_RECORDED_CC_LICENSE,mtg_jamendo_cc,eaffebbc5295d352bea605feec257f616b9e8ef08772f9d786624f1b6fce61a4,mtg_jamendo_cc::track::jamendo_213200,train,,,,,REAL,,,,,,,,,,,,,cal_v13,data\raw\public_v9\real_music\jamendo\213200.low.mp3,eaffebbc5295d352bea605feec257f616b9e8ef08772f9d786624f1b6fce61a4,APPROVED,raw_30s audio-low shard 00,unknown,jamendo_artist_84090eb5990b4841,jamendo_213200,jamendo_213200,jamendo::artist::84090eb5990b4841,none,-1
C:\Users\lLrich\ai_voice_data_v13\raw\mtg_jamendo_cc\8cbe1b57d9f6dce7682b38b5421f62722ca2282f66979016f30d7a64d33575e6.mp3,0,0,0,0,1,jamendo_artist_a5610ea2e042bc6c,mtg_jamendo_cc::real,mtg_jamendo_cc,mtg_jamendo_cc,not_huggingface_official_archive,jamendo_221400,jamendo::artist::a5610ea2e042bc6c,https://github.com/MTG/mtg-jamendo-dataset,raw_30s audio-low shard 00,http://creativecommons.org/licenses/by/3.0/,YES,PER_TRACK_LICENSE_WITH_ATTRIBUTION,FOLLOW_RECORDED_CC_LICENSE,mtg_jamendo_cc,8cbe1b57d9f6dce7682b38b5421f62722ca2282f66979016f30d7a64d33575e6,mtg_jamendo_cc::track::jamendo_221400,train,,,,,REAL,,,,,,,,,,,,,cal_v13,data\raw\public_v9\real_music\jamendo\221400.low.mp3,8cbe1b57d9f6dce7682b38b5421f62722ca2282f66979016f30d7a64d33575e6,APPROVED,raw_30s audio-low shard 00,unknown,jamendo_artist_a5610ea2e042bc6c,jamendo_221400,jamendo_221400,jamendo::artist::a5610ea2e042bc6c,none,-1
C:\Users\lLrich\ai_voice_data_v13\raw\mtg_jamendo_cc\e44dca7934dfb80107ea8b44fba39ef3787b6a325453eb82d6d50e1bc04b21bb.mp3,0,0,0,0,1,jamendo_artist_e34c0b57140a6adf,mtg_jamendo_cc::real,mtg_jamendo_cc,mtg_jamendo_cc,not_huggingface_official_archive,jamendo_224800,jamendo::artist::e34c0b57140a6adf,https://github.com/MTG/mtg-jamendo-dataset,raw_30s audio-low shard 00,http://creativecommons.org/licenses/by-sa/2.5/es/,YES,PER_TRACK_LICENSE_WITH_ATTRIBUTION,FOLLOW_RECORDED_CC_LICENSE,mtg_jamendo_cc,e44dca7934dfb80107ea8b44fba39ef3787b6a325453eb82d6d50e1bc04b21bb,mtg_jamendo_cc::track::jamendo_224800,train,,,,,REAL,,,,,,,,,,,,,cal_v13,data\raw\public_v9\real_music\jamendo\224800.low.mp3,e44dca7934dfb80107ea8b44fba39ef3787b6a325453eb82d6d50e1bc04b21bb,APPROVED,raw_30s audio-low shard 00,unknown,jamendo_artist_e34c0b57140a6adf,jamendo_224800,jamendo_224800,jamendo::artist::e34c0b57140a6adf,none,-1
C:\Users\lLrich\ai_voice_data_v13\raw\mtg_jamendo_cc\112ac5d696a31ec7ec9d734473244f00e72ca80b9525ea3720bef3899ed6e791.mp3,0,0,0,0,1,jamendo_artist_bb5d1c78b93178d6,mtg_jamendo_cc::real,mtg_jamendo_cc,mtg_jamendo_cc,not_huggingface_official_archive,jamendo_245200,jamendo::artist::bb5d1c78b93178d6,https://github.com/MTG/mtg-jamendo-dataset,raw_30s audio-low shard 00,http://creativecommons.org/licenses/by-nc-sa/3.0/,YES,PER_TRACK_LICENSE_WITH_ATTRIBUTION,FOLLOW_RECORDED_CC_LICENSE,mtg_jamendo_cc,112ac5d696a31ec7ec9d734473244f00e72ca80b9525ea3720bef3899ed6e791,mtg_jamendo_cc::track::jamendo_245200,train,,,,,REAL,,,,,,,,,,,,,cal_v13,data\raw\public_v9\real_music\jamendo\245200.low.mp3,112ac5d696a31ec7ec9d734473244f00e72ca80b9525ea3720bef3899ed6e791,APPROVED,raw_30s audio-low shard 00,unknown,jamendo_artist_bb5d1c78b93178d6,jamendo_245200,jamendo_245200,jamendo::artist::bb5d1c78b93178d6,none,-1
C:\Users\lLrich\ai_voice_data_v13\raw\mtg_jamendo_cc\8dee09e9d689a8e112136f88df4fbaef4f17a33481fba680b69231d6ad42ecf6.mp3,0,0,0,0,1,jamendo_artist_c89c1e4ec272077e,mtg_jamendo_cc::real,mtg_jamendo_cc,mtg_jamendo_cc,not_huggingface_official_archive,jamendo_248500,jamendo::artist::c89c1e4ec272077e,https://github.com/MTG/mtg-jamendo-dataset,raw_30s audio-low shard 00,http://creativecommons.org/licenses/by-nc-sa/3.0/,YES,PER_TRACK_LICENSE_WITH_ATTRIBUTION,FOLLOW_RECORDED_CC_LICENSE,mtg_jamendo_cc,8dee09e9d689a8e112136f88df4fbaef4f17a33481fba680b69231d6ad42ecf6,mtg_jamendo_cc::track::jamendo_248500,train,,,,,REAL,,,,,,,,,,,,,cal_v13,data\raw\public_v9\real_music\jamendo\248500.low.mp3,8dee09e9d689a8e112136f88df4fbaef4f17a33481fba680b69231d6ad42ecf6,APPROVED,raw_30s audio-low shard 00,unknown,jamendo_artist_c89c1e4ec272077e,jamendo_248500,jamendo_248500,jamendo::artist::c89c1e4ec272077e,none,-1
C:\Users\lLrich\ai_voice_data_v13\raw\mtg_jamendo_cc\56ef8373219fe9ab4abb4a25aa11c28b753aa2a76713454a1da44953520f39b3.mp3,0,0,0,0,1,jamendo_artist_e9ada87ab968fb16,mtg_jamendo_cc::real,mtg_jamendo_cc,mtg_jamendo_cc,not_huggingface_official_archive,jamendo_250100,jamendo::artist::e9ada87ab968fb16,https://github.com/MTG/mtg-jamendo-dataset,raw_30s audio-low shard 00,http://creativecommons.org/licenses/by-nc-sa/3.0/,YES,PER_TRACK_LICENSE_WITH_ATTRIBUTION,FOLLOW_RECORDED_CC_LICENSE,mtg_jamendo_cc,56ef8373219fe9ab4abb4a25aa11c28b753aa2a76713454a1da44953520f39b3,mtg_jamendo_cc::track::jamendo_250100,train,,,,,REAL,,,,,,,,,,,,,cal_v13,data\raw\public_v9\real_music\jamendo\250100.low.mp3,56ef8373219fe9ab4abb4a25aa11c28b753aa2a76713454a1da44953520f39b3,APPROVED,raw_30s audio-low shard 00,unknown,jamendo_artist_e9ada87ab968fb16,jamendo_250100,jamendo_250100,jamendo::artist::e9ada87ab968fb16,none,-1
C:\Users\lLrich\ai_voice_data_v13\raw\mtg_jamendo_cc\0f32f304bcd0c6c847c867c086d82b0d4e5aa495e2d03cbb4909393979a29664.mp3,0,0,0,0,1,jamendo_artist_e9ada87ab968fb16,mtg_jamendo_cc::real,mtg_jamendo_cc,mtg_jamendo_cc,not_huggingface_official_archive,jamendo_251100,jamendo::artist::e9ada87ab968fb16,https://github.com/MTG/mtg-jamendo-dataset,raw_30s audio-low shard 00,http://creativecommons.org/licenses/by-nc-sa/3.0/,YES,PER_TRACK_LICENSE_WITH_ATTRIBUTION,FOLLOW_RECORDED_CC_LICENSE,mtg_jamendo_cc,0f32f304bcd0c6c847c867c086d82b0d4e5aa495e2d03cbb4909393979a29664,mtg_jamendo_cc::track::jamendo_251100,train,,,,,REAL,,,,,,,,,,,,,cal_v13,data\raw\public_v9\real_music\jamendo\251100.low.mp3,0f32f304bcd0c6c847c867c086d82b0d4e5aa495e2d03cbb4909393979a29664,APPROVED,raw_30s audio-low shard 00,unknown,jamendo_artist_e9ada87ab968fb16,jamendo_251100,jamendo_251100,jamendo::artist::e9ada87ab968fb16,none,-1
C:\Users\lLrich\ai_voice_data_v13\raw\mtg_jamendo_cc\0714b525e1983041c092fac8f33b4456af838eb420fefb895ed8cdef004730eb.mp3,0,0,0,0,1,jamendo_artist_492474b673b068c4,mtg_jamendo_cc::real,mtg_jamendo_cc,mtg_jamendo_cc,not_huggingface_official_archive,jamendo_253900,jamendo::artist::492474b673b068c4,https://github.com/MTG/mtg-jamendo-dataset,raw_30s audio-low shard 00,http://creativecommons.org/licenses/by-sa/3.0/,YES,PER_TRACK_LICENSE_WITH_ATTRIBUTION,FOLLOW_RECORDED_CC_LICENSE,mtg_jamendo_cc,0714b525e1983041c092fac8f33b4456af838eb420fefb895ed8cdef004730eb,mtg_jamendo_cc::track::jamendo_253900,train,,,,,REAL,,,,,,,,,,,,,cal_v13,data\raw\public_v9\real_music\jamendo\253900.low.mp3,0714b525e1983041c092fac8f33b4456af838eb420fefb895ed8cdef004730eb,APPROVED,raw_30s audio-low shard 00,unknown,jamendo_artist_492474b673b068c4,jamendo_253900,jamendo_253900,jamendo::artist::492474b673b068c4,none,-1
C:\Users\lLrich\ai_voice_data_v13\raw\mtg_jamendo_cc\5e6791d1e52a30833e7a88143bd59cafb142feebac47628b7f4d4ff7b968700e.mp3,0,0,0,0,1,jamendo_artist_f34404919f8f8fab,mtg_jamendo_cc::real,mtg_jamendo_cc,mtg_jamendo_cc,not_huggingface_official_archive,jamendo_259900,jamendo::artist::f34404919f8f8fab,https://github.com/MTG/mtg-jamendo-dataset,raw_30s audio-low shard 00,http://creativecommons.org/licenses/by-nc-sa/3.0/,YES,PER_TRACK_LICENSE_WITH_ATTRIBUTION,FOLLOW_RECORDED_CC_LICENSE,mtg_jamendo_cc,5e6791d1e52a30833e7a88143bd59cafb142feebac47628b7f4d4ff7b968700e,mtg_jamendo_cc::track::jamendo_259900,train,,,,,REAL,,,,,,,,,,,,,cal_v13,data\raw\public_v9\real_music\jamendo\259900.low.mp3,5e6791d1e52a30833e7a88143bd59cafb142feebac47628b7f4d4ff7b968700e,APPROVED,raw_30s audio-low shard 00,unknown,jamendo_artist_f34404919f8f8fab,jamendo_259900,jamendo_259900,jamendo::artist::f34404919f8f8fab,none,-1
C:\Users\lLrich\ai_voice_data_v13\raw\mtg_jamendo_cc\705d61d9345cb49b8f976f8bd73fd603342156427e4bde03dd3a9a6017567c9a.mp3,0,0,0,0,1,jamendo_artist_c2715561c9632ce6,mtg_jamendo_cc::real,mtg_jamendo_cc,mtg_jamendo_cc,not_huggingface_official_archive,jamendo_260300,jamendo::artist::c2715561c9632ce6,https://github.com/MTG/mtg-jamendo-dataset,raw_30s audio-low shard 00,http://creativecommons.org/licenses/by-nc-sa/2.0/de/,YES,PER_TRACK_LICENSE_WITH_ATTRIBUTION,FOLLOW_RECORDED_CC_LICENSE,mtg_jamendo_cc,705d61d9345cb49b8f976f8bd73fd603342156427e4bde03dd3a9a6017567c9a,mtg_jamendo_cc::track::jamendo_260300,train,,,,,REAL,,,,,,,,,,,,,cal_v13,data\raw\public_v9\real_music\jamendo\260300.low.mp3,705d61d9345cb49b8f976f8bd73fd603342156427e4bde03dd3a9a6017567c9a,APPROVED,raw_30s audio-low shard 00,unknown,jamendo_artist_c2715561c9632ce6,jamendo_260300,jamendo_260300,jamendo::artist::c2715561c9632ce6,none,-1
C:\Users\lLrich\ai_voice_data_v13\raw\mtg_jamendo_cc\d4fce1bc9830591fc908ce783082f2ef985594cfe57a7a589e61e8cfd8d175b0.mp3,0,0,0,0,1,jamendo_artist_e2515e6ca4f76d26,mtg_jamendo_cc::real,mtg_jamendo_cc,mtg_jamendo_cc,not_huggingface_official_archive,jamendo_268400,jamendo::artist::e2515e6ca4f76d26,https://github.com/MTG/mtg-jamendo-dataset,raw_30s audio-low shard 00,http://creativecommons.org/licenses/by-nc-sa/2.5/br/,YES,PER_TRACK_LICENSE_WITH_ATTRIBUTION,FOLLOW_RECORDED_CC_LICENSE,mtg_jamendo_cc,d4fce1bc9830591fc908ce783082f2ef985594cfe57a7a589e61e8cfd8d175b0,mtg_jamendo_cc::track::jamendo_268400,train,,,,,REAL,,,,,,,,,,,,,cal_v13,data\raw\public_v9\real_music\jamendo\268400.low.mp3,d4fce1bc9830591fc908ce783082f2ef985594cfe57a7a589e61e8cfd8d175b0,APPROVED,raw_30s audio-low shard 00,unknown,jamendo_artist_e2515e6ca4f76d26,jamendo_268400,jamendo_268400,jamendo::artist::e2515e6ca4f76d26,none,-1
C:\Users\lLrich\ai_voice_data_v13\raw\mtg_jamendo_cc\0ab2412c9f1f08fa71e23fdc8bb30a8f2c61405eca3c740eafc3df5bf62d3d3e.mp3,0,0,0,0,1,jamendo_artist_8a5c91bcc0895685,mtg_jamendo_cc::real,mtg_jamendo_cc,mtg_jamendo_cc,not_huggingface_official_archive,jamendo_272800,jamendo::artist::8a5c91bcc0895685,https://github.com/MTG/mtg-jamendo-dataset,raw_30s audio-low shard 00,http://creativecommons.org/licenses/by-nc-sa/3.0/,YES,PER_TRACK_LICENSE_WITH_ATTRIBUTION,FOLLOW_RECORDED_CC_LICENSE,mtg_jamendo_cc,0ab2412c9f1f08fa71e23fdc8bb30a8f2c61405eca3c740eafc3df5bf62d3d3e,mtg_jamendo_cc::track::jamendo_272800,train,,,,,REAL,,,,,,,,,,,,,cal_v13,data\raw\public_v9\real_music\jamendo\272800.low.mp3,0ab2412c9f1f08fa71e23fdc8bb30a8f2c61405eca3c740eafc3df5bf62d3d3e,APPROVED,raw_30s audio-low shard 00,unknown,jamendo_artist_8a5c91bcc0895685,jamendo_272800,jamendo_272800,jamendo::artist::8a5c91bcc0895685,none,-1
C:\Users\lLrich\ai_voice_data_v13\raw\mtg_jamendo_cc\bb8e996ccb70e0bc0e4a2564f8b38e55a36d174f85aa0950af460f620792bc46.mp3,0,0,0,0,1,jamendo_artist_6011102a42e0850c,mtg_jamendo_cc::real,mtg_jamendo_cc,mtg_jamendo_cc,not_huggingface_official_archive,jamendo_275800,jamendo::artist::6011102a42e0850c,https://github.com/MTG/mtg-jamendo-dataset,raw_30s audio-low shard 00,http://creativecommons.org/licenses/by-nc-sa/3.0/,YES,PER_TRACK_LICENSE_WITH_ATTRIBUTION,FOLLOW_RECORDED_CC_LICENSE,mtg_jamendo_cc,bb8e996ccb70e0bc0e4a2564f8b38e55a36d174f85aa0950af460f620792bc46,mtg_jamendo_cc::track::jamendo_275800,train,,,,,REAL,,,,,,,,,,,,,cal_v13,data\raw\public_v9\real_music\jamendo\275800.low.mp3,bb8e996ccb70e0bc0e4a2564f8b38e55a36d174f85aa0950af460f620792bc46,APPROVED,raw_30s audio-low shard 00,unknown,jamendo_artist_6011102a42e0850c,jamendo_275800,jamendo_275800,jamendo::artist::6011102a42e0850c,none,-1
C:\Users\lLrich\ai_voice_data_v13\raw\mtg_jamendo_cc\28512a76112dd08c57860c9cdeeda34b0d2b54e312f47a35752ea03d3e4dd82b.mp3,0,0,0,0,1,jamendo_artist_6db000673e4bb350,mtg_jamendo_cc::real,mtg_jamendo_cc,mtg_jamendo_cc,not_huggingface_official_archive,jamendo_287500,jamendo::artist::6db000673e4bb350,https://github.com/MTG/mtg-jamendo-dataset,raw_30s audio-low shard 00,http://creativecommons.org/licenses/by-nc-sa/2.0/uk/,YES,PER_TRACK_LICENSE_WITH_ATTRIBUTION,FOLLOW_RECORDED_CC_LICENSE,mtg_jamendo_cc,28512a76112dd08c57860c9cdeeda34b0d2b54e312f47a35752ea03d3e4dd82b,mtg_jamendo_cc::track::jamendo_287500,train,,,,,REAL,,,,,,,,,,,,,cal_v13,data\raw\public_v9\real_music\jamendo\287500.low.mp3,28512a76112dd08c57860c9cdeeda34b0d2b54e312f47a35752ea03d3e4dd82b,APPROVED,raw_30s audio-low shard 00,unknown,jamendo_artist_6db000673e4bb350,jamendo_287500,jamendo_287500,jamendo::artist::6db000673e4bb350,none,-1
C:\Users\lLrich\ai_voice_data_v13\raw\mtg_jamendo_cc\0fb8b8bec97cb214e831fdbeaf3fd82996bf4c16745f7ee1a978fb29ca5de9f8.mp3,0,0,0,0,1,jamendo_artist_d737a5397d9a0a72,mtg_jamendo_cc::real,mtg_jamendo_cc,mtg_jamendo_cc,not_huggingface_official_archive,jamendo_296700,jamendo::artist::d737a5397d9a0a72,https://github.com/MTG/mtg-jamendo-dataset,raw_30s audio-low shard 00,http://creativecommons.org/licenses/by-sa/3.0/,YES,PER_TRACK_LICENSE_WITH_ATTRIBUTION,FOLLOW_RECORDED_CC_LICENSE,mtg_jamendo_cc,0fb8b8bec97cb214e831fdbeaf3fd82996bf4c16745f7ee1a978fb29ca5de9f8,mtg_jamendo_cc::track::jamendo_296700,train,,,,,REAL,,,,,,,,,,,,,cal_v13,data\raw\public_v9\real_music\jamendo\296700.low.mp3,0fb8b8bec97cb214e831fdbeaf3fd82996bf4c16745f7ee1a978fb29ca5de9f8,APPROVED,raw_30s audio-low shard 00,unknown,jamendo_artist_d737a5397d9a0a72,jamendo_296700,jamendo_296700,jamendo::artist::d737a5397d9a0a72,none,-1
C:\Users\lLrich\ai_voice_data_v13\raw\mtg_jamendo_cc\cd547a72804356aa927c24e59bb709e8081b3e6e8b82fb3a2b8ea04e3321c115.mp3,0,0,0,0,1,jamendo_artist_a5239b85e5fb77d5,mtg_jamendo_cc::real,mtg_jamendo_cc,mtg_jamendo_cc,not_huggingface_official_archive,jamendo_298400,jamendo::artist::a5239b85e5fb77d5,https://github.com/MTG/mtg-jamendo-dataset,raw_30s audio-low shard 00,http://creativecommons.org/licenses/by-nc-sa/3.0/,YES,PER_TRACK_LICENSE_WITH_ATTRIBUTION,FOLLOW_RECORDED_CC_LICENSE,mtg_jamendo_cc,cd547a72804356aa927c24e59bb709e8081b3e6e8b82fb3a2b8ea04e3321c115,mtg_jamendo_cc::track::jamendo_298400,train,,,,,REAL,,,,,,,,,,,,,cal_v13,data\raw\public_v9\real_music\jamendo\298400.low.mp3,cd547a72804356aa927c24e59bb709e8081b3e6e8b82fb3a2b8ea04e3321c115,APPROVED,raw_30s audio-low shard 00,unknown,jamendo_artist_a5239b85e5fb77d5,jamendo_298400,jamendo_298400,jamendo::artist::a5239b85e5fb77d5,none,-1
C:\Users\lLrich\ai_voice_data_v13\raw\mtg_jamendo_cc\12e06051c129bddc861f61f922d5e2b266cc3aef55e644a95088612aa442361b.mp3,0,0,0,0,1,jamendo_artist_17e5855d0411c420,mtg_jamendo_cc::real,mtg_jamendo_cc,mtg_jamendo_cc,not_huggingface_official_archive,jamendo_307100,jamendo::artist::17e5855d0411c420,https://github.com/MTG/mtg-jamendo-dataset,raw_30s audio-low shard 00,http://creativecommons.org/licenses/by-nc-sa/3.0/,YES,PER_TRACK_LICENSE_WITH_ATTRIBUTION,FOLLOW_RECORDED_CC_LICENSE,mtg_jamendo_cc,12e06051c129bddc861f61f922d5e2b266cc3aef55e644a95088612aa442361b,mtg_jamendo_cc::track::jamendo_307100,train,,,,,REAL,,,,,,,,,,,,,cal_v13,data\raw\public_v9\real_music\jamendo\307100.low.mp3,12e06051c129bddc861f61f922d5e2b266cc3aef55e644a95088612aa442361b,APPROVED,raw_30s audio-low shard 00,unknown,jamendo_artist_17e5855d0411c420,jamendo_307100,jamendo_307100,jamendo::artist::17e5855d0411c420,none,-1
C:\Users\lLrich\ai_voice_data_v13\raw\mtg_jamendo_cc\13d1079dbca3534f6efbeb5c0c99d1bb9baae98b41e5224b2f0d3ba796fd3979.mp3,0,0,0,0,1,jamendo_artist_222973404df8e997,mtg_jamendo_cc::real,mtg_jamendo_cc,mtg_jamendo_cc,not_huggingface_official_archive,jamendo_308500,jamendo::artist::222973404df8e997,https://github.com/MTG/mtg-jamendo-dataset,raw_30s audio-low shard 00,http://creativecommons.org/licenses/by-sa/2.5/it/,YES,PER_TRACK_LICENSE_WITH_ATTRIBUTION,FOLLOW_RECORDED_CC_LICENSE,mtg_jamendo_cc,13d1079dbca3534f6efbeb5c0c99d1bb9baae98b41e5224b2f0d3ba796fd3979,mtg_jamendo_cc::track::jamendo_308500,train,,,,,REAL,,,,,,,,,,,,,cal_v13,data\raw\public_v9\real_music\jamendo\308500.low.mp3,13d1079dbca3534f6efbeb5c0c99d1bb9baae98b41e5224b2f0d3ba796fd3979,APPROVED,raw_30s audio-low shard 00,unknown,jamendo_artist_222973404df8e997,jamendo_308500,jamendo_308500,jamendo::artist::222973404df8e997,none,-1
C:\Users\lLrich\ai_voice_data_v13\raw\mtg_jamendo_cc\edddeb0260151faf0734228a6e6a846c1313bda4ea917f81889e5d339953b133.mp3,0,0,0,0,1,jamendo_artist_ea74c1a40860035d,mtg_jamendo_cc::real,mtg_jamendo_cc,mtg_jamendo_cc,not_huggingface_official_archive,jamendo_310400,jamendo::artist::ea74c1a40860035d,https://github.com/MTG/mtg-jamendo-dataset,raw_30s audio-low shard 00,http://creativecommons.org/licenses/by-nc-sa/3.0/,YES,PER_TRACK_LICENSE_WITH_ATTRIBUTION,FOLLOW_RECORDED_CC_LICENSE,mtg_jamendo_cc,edddeb0260151faf0734228a6e6a846c1313bda4ea917f81889e5d339953b133,mtg_jamendo_cc::track::jamendo_310400,train,,,,,REAL,,,,,,,,,,,,,cal_v13,data\raw\public_v9\real_music\jamendo\310400.low.mp3,edddeb0260151faf0734228a6e6a846c1313bda4ea917f81889e5d339953b133,APPROVED,raw_30s audio-low shard 00,unknown,jamendo_artist_ea74c1a40860035d,jamendo_310400,jamendo_310400,jamendo::artist::ea74c1a40860035d,none,-1
C:\Users\lLrich\ai_voice_data_v13\raw\mtg_jamendo_cc\39854c11fc092a2d7a7379df07f70a755f999b6be3ee37e2a92c65589313524a.mp3,0,0,0,0,1,jamendo_artist_e170ad1860addc6e,mtg_jamendo_cc::real,mtg_jamendo_cc,mtg_jamendo_cc,not_huggingface_official_archive,jamendo_311400,jamendo::artist::e170ad1860addc6e,https://github.com/MTG/mtg-jamendo-dataset,raw_30s audio-low shard 00,http://creativecommons.org/licenses/by-nc-sa/3.0/,YES,PER_TRACK_LICENSE_WITH_ATTRIBUTION,FOLLOW_RECORDED_CC_LICENSE,mtg_jamendo_cc,39854c11fc092a2d7a7379df07f70a755f999b6be3ee37e2a92c65589313524a,mtg_jamendo_cc::track::jamendo_311400,train,,,,,REAL,,,,,,,,,,,,,cal_v13,data\raw\public_v9\real_music\jamendo\311400.low.mp3,39854c11fc092a2d7a7379df07f70a755f999b6be3ee37e2a92c65589313524a,APPROVED,raw_30s audio-low shard 00,unknown,jamendo_artist_e170ad1860addc6e,jamendo_311400,jamendo_311400,jamendo::artist::e170ad1860addc6e,none,-1
C:\Users\lLrich\ai_voice_data_v13\raw\mtg_jamendo_cc\d9cdcb6320b05b74bc4aaa7ed5ebf475b7ef3c9fefce5a127a29912f5184b065.mp3,0,0,0,0,1,jamendo_artist_577621d35c88d743,mtg_jamendo_cc::real,mtg_jamendo_cc,mtg_jamendo_cc,not_huggingface_official_archive,jamendo_31500,jamendo::artist::577621d35c88d743,https://github.com/MTG/mtg-jamendo-dataset,raw_30s audio-low shard 00,http://creativecommons.org/licenses/by-sa/2.5/,YES,PER_TRACK_LICENSE_WITH_ATTRIBUTION,FOLLOW_RECORDED_CC_LICENSE,mtg_jamendo_cc,d9cdcb6320b05b74bc4aaa7ed5ebf475b7ef3c9fefce5a127a29912f5184b065,mtg_jamendo_cc::track::jamendo_31500,train,,,,,REAL,,,,,,,,,,,,,cal_v13,data\raw\public_v9\real_music\jamendo\31500.low.mp3,d9cdcb6320b05b74bc4aaa7ed5ebf475b7ef3c9fefce5a127a29912f5184b065,APPROVED,raw_30s audio-low shard 00,unknown,jamendo_artist_577621d35c88d743,jamendo_31500,jamendo_31500,jamendo::artist::577621d35c88d743,none,-1
C:\Users\lLrich\ai_voice_data_v13\raw\mtg_jamendo_cc\edafbdad8d0ae90671023fd6fec450209e6e1db0e5b56d27e1582fd1facac0b2.mp3,0,0,0,0,1,jamendo_artist_c33f8dd3f17fe3d7,mtg_jamendo_cc::real,mtg_jamendo_cc,mtg_jamendo_cc,not_huggingface_official_archive,jamendo_317200,jamendo::artist::c33f8dd3f17fe3d7,https://github.com/MTG/mtg-jamendo-dataset,raw_30s audio-low shard 00,http://creativecommons.org/licenses/by-nc-sa/3.0/,YES,PER_TRACK_LICENSE_WITH_ATTRIBUTION,FOLLOW_RECORDED_CC_LICENSE,mtg_jamendo_cc,edafbdad8d0ae90671023fd6fec450209e6e1db0e5b56d27e1582fd1facac0b2,mtg_jamendo_cc::track::jamendo_317200,train,,,,,REAL,,,,,,,,,,,,,cal_v13,data\raw\public_v9\real_music\jamendo\317200.low.mp3,edafbdad8d0ae90671023fd6fec450209e6e1db0e5b56d27e1582fd1facac0b2,APPROVED,raw_30s audio-low shard 00,unknown,jamendo_artist_c33f8dd3f17fe3d7,jamendo_317200,jamendo_317200,jamendo::artist::c33f8dd3f17fe3d7,none,-1
C:\Users\lLrich\ai_voice_data_v13\raw\mtg_jamendo_cc\20ba139188c80488747bdf97b54fa6a7d7ffa0d079fd4d7b8e642f56bc7421fd.mp3,0,0,0,0,1,jamendo_artist_cb0fe86657cc81ee,mtg_jamendo_cc::real,mtg_jamendo_cc,mtg_jamendo_cc,not_huggingface_official_archive,jamendo_318600,jamendo::artist::cb0fe86657cc81ee,https://github.com/MTG/mtg-jamendo-dataset,raw_30s audio-low shard 00,http://creativecommons.org/licenses/by-sa/3.0/,YES,PER_TRACK_LICENSE_WITH_ATTRIBUTION,FOLLOW_RECORDED_CC_LICENSE,mtg_jamendo_cc,20ba139188c80488747bdf97b54fa6a7d7ffa0d079fd4d7b8e642f56bc7421fd,mtg_jamendo_cc::track::jamendo_318600,train,,,,,REAL,,,,,,,,,,,,,cal_v13,data\raw\public_v9\real_music\jamendo\318600.low.mp3,20ba139188c80488747bdf97b54fa6a7d7ffa0d079fd4d7b8e642f56bc7421fd,APPROVED,raw_30s audio-low shard 00,unknown,jamendo_artist_cb0fe86657cc81ee,jamendo_318600,jamendo_318600,jamendo::artist::cb0fe86657cc81ee,none,-1
C:\Users\lLrich\ai_voice_data_v13\raw\mtg_jamendo_cc\04c32ba5163dd43a5cabbe4cc428dabba054d259bfabb2d374411e94ac0e639a.mp3,0,0,0,0,1,jamendo_artist_c33f8dd3f17fe3d7,mtg_jamendo_cc::real,mtg_jamendo_cc,mtg_jamendo_cc,not_huggingface_official_archive,jamendo_319100,jamendo::artist::c33f8dd3f17fe3d7,https://github.com/MTG/mtg-jamendo-dataset,raw_30s audio-low shard 00,http://creativecommons.org/licenses/by-nc-sa/3.0/,YES,PER_TRACK_LICENSE_WITH_ATTRIBUTION,FOLLOW_RECORDED_CC_LICENSE,mtg_jamendo_cc,04c32ba5163dd43a5cabbe4cc428dabba054d259bfabb2d374411e94ac0e639a,mtg_jamendo_cc::track::jamendo_319100,train,,,,,REAL,,,,,,,,,,,,,cal_v13,data\raw\public_v9\real_music\jamendo\319100.low.mp3,04c32ba5163dd43a5cabbe4cc428dabba054d259bfabb2d374411e94ac0e639a,APPROVED,raw_30s audio-low shard 00,unknown,jamendo_artist_c33f8dd3f17fe3d7,jamendo_319100,jamendo_319100,jamendo::artist::c33f8dd3f17fe3d7,none,-1
C:\Users\lLrich\ai_voice_data_v13\raw\mtg_jamendo_cc\0c31dfd902cc533688796a3dc73af7eeda2c706ef5715ef5c090da515195231c.mp3,0,0,0,0,1,jamendo_artist_521064b07fa58e9f,mtg_jamendo_cc::real,mtg_jamendo_cc,mtg_jamendo_cc,not_huggingface_official_archive,jamendo_32200,jamendo::artist::521064b07fa58e9f,https://github.com/MTG/mtg-jamendo-dataset,raw_30s audio-low shard 00,http://creativecommons.org/licenses/by-nc-sa/2.5/,YES,PER_TRACK_LICENSE_WITH_ATTRIBUTION,FOLLOW_RECORDED_CC_LICENSE,mtg_jamendo_cc,0c31dfd902cc533688796a3dc73af7eeda2c706ef5715ef5c090da515195231c,mtg_jamendo_cc::track::jamendo_32200,train,,,,,REAL,,,,,,,,,,,,,cal_v13,data\raw\public_v9\real_music\jamendo\32200.low.mp3,0c31dfd902cc533688796a3dc73af7eeda2c706ef5715ef5c090da515195231c,APPROVED,raw_30s audio-low shard 00,unknown,jamendo_artist_521064b07fa58e9f,jamendo_32200,jamendo_32200,jamendo::artist::521064b07fa58e9f,none,-1
C:\Users\lLrich\ai_voice_data_v13\raw\mtg_jamendo_cc\268ab9e758ab92340fe2abeb2d22a61e6c95695762f71dfb6b91a6096371afb7.mp3,0,0,0,0,1,jamendo_artist_bcf1e7cd675ceb2b,mtg_jamendo_cc::real,mtg_jamendo_cc,mtg_jamendo_cc,not_huggingface_official_archive,jamendo_322100,jamendo::artist::bcf1e7cd675ceb2b,https://github.com/MTG/mtg-jamendo-dataset,raw_30s audio-low shard 00,http://creativecommons.org/licenses/by-nc-sa/3.0/,YES,PER_TRACK_LICENSE_WITH_ATTRIBUTION,FOLLOW_RECORDED_CC_LICENSE,mtg_jamendo_cc,268ab9e758ab92340fe2abeb2d22a61e6c95695762f71dfb6b91a6096371afb7,mtg_jamendo_cc::track::jamendo_322100,train,,,,,REAL,,,,,,,,,,,,,cal_v13,data\raw\public_v9\real_music\jamendo\322100.low.mp3,268ab9e758ab92340fe2abeb2d22a61e6c95695762f71dfb6b91a6096371afb7,APPROVED,raw_30s audio-low shard 00,unknown,jamendo_artist_bcf1e7cd675ceb2b,jamendo_322100,jamendo_322100,jamendo::artist::bcf1e7cd675ceb2b,none,-1
C:\Users\lLrich\ai_voice_data_v13\raw\mtg_jamendo_cc\8c1df08469c279df34c1df5944fddb7e34e9fca05298eb32b54f512023f19beb.mp3,0,0,0,0,1,jamendo_artist_431b0c7b058a827f,mtg_jamendo_cc::real,mtg_jamendo_cc,mtg_jamendo_cc,not_huggingface_official_archive,jamendo_332400,jamendo::artist::431b0c7b058a827f,https://github.com/MTG/mtg-jamendo-dataset,raw_30s audio-low shard 00,http://creativecommons.org/licenses/by-sa/3.0/,YES,PER_TRACK_LICENSE_WITH_ATTRIBUTION,FOLLOW_RECORDED_CC_LICENSE,mtg_jamendo_cc,8c1df08469c279df34c1df5944fddb7e34e9fca05298eb32b54f512023f19beb,mtg_jamendo_cc::track::jamendo_332400,train,,,,,REAL,,,,,,,,,,,,,cal_v13,data\raw\public_v9\real_music\jamendo\332400.low.mp3,8c1df08469c279df34c1df5944fddb7e34e9fca05298eb32b54f512023f19beb,APPROVED,raw_30s audio-low shard 00,unknown,jamendo_artist_431b0c7b058a827f,jamendo_332400,jamendo_332400,jamendo::artist::431b0c7b058a827f,none,-1
C:\Users\lLrich\ai_voice_data_v13\raw\mtg_jamendo_cc\848257099d5298e0a10ac99e84513cc07edea09adf9c59de904b89553e458df9.mp3,0,0,0,0,1,jamendo_artist_c0a3759a8a483694,mtg_jamendo_cc::real,mtg_jamendo_cc,mtg_jamendo_cc,not_huggingface_official_archive,jamendo_338000,jamendo::artist::c0a3759a8a483694,https://github.com/MTG/mtg-jamendo-dataset,raw_30s audio-low shard 00,http://creativecommons.org/licenses/by-sa/3.0/,YES,PER_TRACK_LICENSE_WITH_ATTRIBUTION,FOLLOW_RECORDED_CC_LICENSE,mtg_jamendo_cc,848257099d5298e0a10ac99e84513cc07edea09adf9c59de904b89553e458df9,mtg_jamendo_cc::track::jamendo_338000,train,,,,,REAL,,,,,,,,,,,,,cal_v13,data\raw\public_v9\real_music\jamendo\338000.low.mp3,848257099d5298e0a10ac99e84513cc07edea09adf9c59de904b89553e458df9,APPROVED,raw_30s audio-low shard 00,unknown,jamendo_artist_c0a3759a8a483694,jamendo_338000,jamendo_338000,jamendo::artist::c0a3759a8a483694,none,-1
C:\Users\lLrich\ai_voice_data_v13\raw\mtg_jamendo_cc\770ee644686a046328749d1d499f21434f655e151f9273ef2429b678e773efb9.mp3,0,0,0,0,1,jamendo_artist_e9ada87ab968fb16,mtg_jamendo_cc::real,mtg_jamendo_cc,mtg_jamendo_cc,not_huggingface_official_archive,jamendo_338200,jamendo::artist::e9ada87ab968fb16,https://github.com/MTG/mtg-jamendo-dataset,raw_30s audio-low shard 00,http://creativecommons.org/licenses/by-nc-sa/3.0/,YES,PER_TRACK_LICENSE_WITH_ATTRIBUTION,FOLLOW_RECORDED_CC_LICENSE,mtg_jamendo_cc,770ee644686a046328749d1d499f21434f655e151f9273ef2429b678e773efb9,mtg_jamendo_cc::track::jamendo_338200,train,,,,,REAL,,,,,,,,,,,,,cal_v13,data\raw\public_v9\real_music\jamendo\338200.low.mp3,770ee644686a046328749d1d499f21434f655e151f9273ef2429b678e773efb9,APPROVED,raw_30s audio-low shard 00,unknown,jamendo_artist_e9ada87ab968fb16,jamendo_338200,jamendo_338200,jamendo::artist::e9ada87ab968fb16,none,-1
C:\Users\lLrich\ai_voice_data_v13\raw\mtg_jamendo_cc\7442edfc56c34e9fc9bf75be7896464a8cfcfe26e02ae6b0ab7d70ed400bac7f.mp3,0,0,0,0,1,jamendo_artist_2e4aaf05df1cbfb3,mtg_jamendo_cc::real,mtg_jamendo_cc,mtg_jamendo_cc,not_huggingface_official_archive,jamendo_342300,jamendo::artist::2e4aaf05df1cbfb3,https://github.com/MTG/mtg-jamendo-dataset,raw_30s audio-low shard 00,http://creativecommons.org/licenses/by-sa/3.0/,YES,PER_TRACK_LICENSE_WITH_ATTRIBUTION,FOLLOW_RECORDED_CC_LICENSE,mtg_jamendo_cc,7442edfc56c34e9fc9bf75be7896464a8cfcfe26e02ae6b0ab7d70ed400bac7f,mtg_jamendo_cc::track::jamendo_342300,train,,,,,REAL,,,,,,,,,,,,,cal_v13,data\raw\public_v9\real_music\jamendo\342300.low.mp3,7442edfc56c34e9fc9bf75be7896464a8cfcfe26e02ae6b0ab7d70ed400bac7f,APPROVED,raw_30s audio-low shard 00,unknown,jamendo_artist_2e4aaf05df1cbfb3,jamendo_342300,jamendo_342300,jamendo::artist::2e4aaf05df1cbfb3,none,-1
C:\Users\lLrich\ai_voice_data_v13\raw\mtg_jamendo_cc\a2e89fa11e23c7d437669937e5e2e53879476b05922cac3486d1d224ff138b84.mp3,0,0,0,0,1,jamendo_artist_a1e85c2ea55679dc,mtg_jamendo_cc::real,mtg_jamendo_cc,mtg_jamendo_cc,not_huggingface_official_archive,jamendo_348700,jamendo::artist::a1e85c2ea55679dc,https://github.com/MTG/mtg-jamendo-dataset,raw_30s audio-low shard 00,http://creativecommons.org/licenses/by-sa/3.0/,YES,PER_TRACK_LICENSE_WITH_ATTRIBUTION,FOLLOW_RECORDED_CC_LICENSE,mtg_jamendo_cc,a2e89fa11e23c7d437669937e5e2e53879476b05922cac3486d1d224ff138b84,mtg_jamendo_cc::track::jamendo_348700,train,,,,,REAL,,,,,,,,,,,,,cal_v13,data\raw\public_v9\real_music\jamendo\348700.low.mp3,a2e89fa11e23c7d437669937e5e2e53879476b05922cac3486d1d224ff138b84,APPROVED,raw_30s audio-low shard 00,unknown,jamendo_artist_a1e85c2ea55679dc,jamendo_348700,jamendo_348700,jamendo::artist::a1e85c2ea55679dc,none,-1
C:\Users\lLrich\ai_voice_data_v13\raw\mtg_jamendo_cc\acd1896652daa4eca504bc8f05dbc48eab2cef89a0ea3ab3cb77be886f1f1dba.mp3,0,0,0,0,1,jamendo_artist_a1e85c2ea55679dc,mtg_jamendo_cc::real,mtg_jamendo_cc,mtg_jamendo_cc,not_huggingface_official_archive,jamendo_349400,jamendo::artist::a1e85c2ea55679dc,https://github.com/MTG/mtg-jamendo-dataset,raw_30s audio-low shard 00,http://creativecommons.org/licenses/by-sa/3.0/,YES,PER_TRACK_LICENSE_WITH_ATTRIBUTION,FOLLOW_RECORDED_CC_LICENSE,mtg_jamendo_cc,acd1896652daa4eca504bc8f05dbc48eab2cef89a0ea3ab3cb77be886f1f1dba,mtg_jamendo_cc::track::jamendo_349400,train,,,,,REAL,,,,,,,,,,,,,cal_v13,data\raw\public_v9\real_music\jamendo\349400.low.mp3,acd1896652daa4eca504bc8f05dbc48eab2cef89a0ea3ab3cb77be886f1f1dba,APPROVED,raw_30s audio-low shard 00,unknown,jamendo_artist_a1e85c2ea55679dc,jamendo_349400,jamendo_349400,jamendo::artist::a1e85c2ea55679dc,none,-1
C:\Users\lLrich\ai_voice_data_v13\raw\mtg_jamendo_cc\80bd8166d8dc54475c12aa116382fa33d460b38f28bcd3d268412d6a109df172.mp3,0,0,0,0,1,jamendo_artist_82e4a2ed561499a7,mtg_jamendo_cc::real,mtg_jamendo_cc,mtg_jamendo_cc,not_huggingface_official_archive,jamendo_356100,jamendo::artist::82e4a2ed561499a7,https://github.com/MTG/mtg-jamendo-dataset,raw_30s audio-low shard 00,http://creativecommons.org/licenses/by-nc-sa/3.0/,YES,PER_TRACK_LICENSE_WITH_ATTRIBUTION,FOLLOW_RECORDED_CC_LICENSE,mtg_jamendo_cc,80bd8166d8dc54475c12aa116382fa33d460b38f28bcd3d268412d6a109df172,mtg_jamendo_cc::track::jamendo_356100,train,,,,,REAL,,,,,,,,,,,,,cal_v13,data\raw\public_v9\real_music\jamendo\356100.low.mp3,80bd8166d8dc54475c12aa116382fa33d460b38f28bcd3d268412d6a109df172,APPROVED,raw_30s audio-low shard 00,unknown,jamendo_artist_82e4a2ed561499a7,jamendo_356100,jamendo_356100,jamendo::artist::82e4a2ed561499a7,none,-1
C:\Users\lLrich\ai_voice_data_v13\raw\mtg_jamendo_cc\e4f32fed32b17cdf8639d69f85c8db6f029e85b95192f494fb635772b789536d.mp3,0,0,0,0,1,jamendo_artist_97a38d560060da3e,mtg_jamendo_cc::real,mtg_jamendo_cc,mtg_jamendo_cc,not_huggingface_official_archive,jamendo_365700,jamendo::artist::97a38d560060da3e,https://github.com/MTG/mtg-jamendo-dataset,raw_30s audio-low shard 00,http://creativecommons.org/licenses/by-nc-sa/3.0/,YES,PER_TRACK_LICENSE_WITH_ATTRIBUTION,FOLLOW_RECORDED_CC_LICENSE,mtg_jamendo_cc,e4f32fed32b17cdf8639d69f85c8db6f029e85b95192f494fb635772b789536d,mtg_jamendo_cc::track::jamendo_365700,train,,,,,REAL,,,,,,,,,,,,,cal_v13,data\raw\public_v9\real_music\jamendo\365700.low.mp3,e4f32fed32b17cdf8639d69f85c8db6f029e85b95192f494fb635772b789536d,APPROVED,raw_30s audio-low shard 00,unknown,jamendo_artist_97a38d560060da3e,jamendo_365700,jamendo_365700,jamendo::artist::97a38d560060da3e,none,-1
C:\Users\lLrich\ai_voice_data_v13\raw\mtg_jamendo_cc\8e8edecf922fe0a30328a23f0e73555ee11c904b267a2aa43002ea460f13c6d4.mp3,0,0,0,0,1,jamendo_artist_d344f0dc8efa1ce7,mtg_jamendo_cc::real,mtg_jamendo_cc,mtg_jamendo_cc,not_huggingface_official_archive,jamendo_36600,jamendo::artist::d344f0dc8efa1ce7,https://github.com/MTG/mtg-jamendo-dataset,raw_30s audio-low shard 00,http://creativecommons.org/licenses/by-nc-sa/2.5/,YES,PER_TRACK_LICENSE_WITH_ATTRIBUTION,FOLLOW_RECORDED_CC_LICENSE,mtg_jamendo_cc,8e8edecf922fe0a30328a23f0e73555ee11c904b267a2aa43002ea460f13c6d4,mtg_jamendo_cc::track::jamendo_36600,train,,,,,REAL,,,,,,,,,,,,,cal_v13,data\raw\public_v9\real_music\jamendo\36600.low.mp3,8e8edecf922fe0a30328a23f0e73555ee11c904b267a2aa43002ea460f13c6d4,APPROVED,raw_30s audio-low shard 00,unknown,jamendo_artist_d344f0dc8efa1ce7,jamendo_36600,jamendo_36600,jamendo::artist::d344f0dc8efa1ce7,none,-1
C:\Users\lLrich\ai_voice_data_v13\raw\mtg_jamendo_cc\de119f9e982f838b75e29f4fbdd4aff3d94afadd7824074ef7e741e4ce8d776f.mp3,0,0,0,0,1,jamendo_artist_4783c01544a90806,mtg_jamendo_cc::real,mtg_jamendo_cc,mtg_jamendo_cc,not_huggingface_official_archive,jamendo_366100,jamendo::artist::4783c01544a90806,https://github.com/MTG/mtg-jamendo-dataset,raw_30s audio-low shard 00,http://creativecommons.org/licenses/by/3.0/,YES,PER_TRACK_LICENSE_WITH_ATTRIBUTION,FOLLOW_RECORDED_CC_LICENSE,mtg_jamendo_cc,de119f9e982f838b75e29f4fbdd4aff3d94afadd7824074ef7e741e4ce8d776f,mtg_jamendo_cc::track::jamendo_366100,train,,,,,REAL,,,,,,,,,,,,,cal_v13,data\raw\public_v9\real_music\jamendo\366100.low.mp3,de119f9e982f838b75e29f4fbdd4aff3d94afadd7824074ef7e741e4ce8d776f,APPROVED,raw_30s audio-low shard 00,unknown,jamendo_artist_4783c01544a90806,jamendo_366100,jamendo_366100,jamendo::artist::4783c01544a90806,none,-1
C:\Users\lLrich\ai_voice_data_v13\raw\mtg_jamendo_cc\68d1a3ecbf8f4225c589a7a1cddb0bc56b1e111db2d6d08503a093abbdf8fc45.mp3,0,0,0,0,1,jamendo_artist_c43212ed7e977d79,mtg_jamendo_cc::real,mtg_jamendo_cc,mtg_jamendo_cc,not_huggingface_official_archive,jamendo_36700,jamendo::artist::c43212ed7e977d79,https://github.com/MTG/mtg-jamendo-dataset,raw_30s audio-low shard 00,http://creativecommons.org/licenses/by-nc-sa/2.5/,YES,PER_TRACK_LICENSE_WITH_ATTRIBUTION,FOLLOW_RECORDED_CC_LICENSE,mtg_jamendo_cc,68d1a3ecbf8f4225c589a7a1cddb0bc56b1e111db2d6d08503a093abbdf8fc45,mtg_jamendo_cc::track::jamendo_36700,train,,,,,REAL,,,,,,,,,,,,,cal_v13,data\raw\public_v9\real_music\jamendo\36700.low.mp3,68d1a3ecbf8f4225c589a7a1cddb0bc56b1e111db2d6d08503a093abbdf8fc45,APPROVED,raw_30s audio-low shard 00,unknown,jamendo_artist_c43212ed7e977d79,jamendo_36700,jamendo_36700,jamendo::artist::c43212ed7e977d79,none,-1
C:\Users\lLrich\ai_voice_data_v13\raw\mtg_jamendo_cc\247ca305fa80c9b7cd2f23f058bc7aad898228e8518732ebdca2dd81a33b698f.mp3,0,0,0,0,1,jamendo_artist_b2545993f69bec62,mtg_jamendo_cc::real,mtg_jamendo_cc,mtg_jamendo_cc,not_huggingface_official_archive,jamendo_373300,jamendo::artist::b2545993f69bec62,https://github.com/MTG/mtg-jamendo-dataset,raw_30s audio-low shard 00,http://creativecommons.org/licenses/by/3.0/,YES,PER_TRACK_LICENSE_WITH_ATTRIBUTION,FOLLOW_RECORDED_CC_LICENSE,mtg_jamendo_cc,247ca305fa80c9b7cd2f23f058bc7aad898228e8518732ebdca2dd81a33b698f,mtg_jamendo_cc::track::jamendo_373300,train,,,,,REAL,,,,,,,,,,,,,cal_v13,data\raw\public_v9\real_music\jamendo\373300.low.mp3,247ca305fa80c9b7cd2f23f058bc7aad898228e8518732ebdca2dd81a33b698f,APPROVED,raw_30s audio-low shard 00,unknown,jamendo_artist_b2545993f69bec62,jamendo_373300,jamendo_373300,jamendo::artist::b2545993f69bec62,none,-1
C:\Users\lLrich\ai_voice_data_v13\raw\mtg_jamendo_cc\e744bcc3b9216977e54cfc19b92d4191c20973daa15c1e3340a0770da1082ca9.mp3,0,0,0,0,1,jamendo_artist_276451c605c488e7,mtg_jamendo_cc::real,mtg_jamendo_cc,mtg_jamendo_cc,not_huggingface_official_archive,jamendo_374600,jamendo::artist::276451c605c488e7,https://github.com/MTG/mtg-jamendo-dataset,raw_30s audio-low shard 00,http://creativecommons.org/licenses/by-sa/2.0/fr/,YES,PER_TRACK_LICENSE_WITH_ATTRIBUTION,FOLLOW_RECORDED_CC_LICENSE,mtg_jamendo_cc,e744bcc3b9216977e54cfc19b92d4191c20973daa15c1e3340a0770da1082ca9,mtg_jamendo_cc::track::jamendo_374600,train,,,,,REAL,,,,,,,,,,,,,cal_v13,data\raw\public_v9\real_music\jamendo\374600.low.mp3,e744bcc3b9216977e54cfc19b92d4191c20973daa15c1e3340a0770da1082ca9,APPROVED,raw_30s audio-low shard 00,unknown,jamendo_artist_276451c605c488e7,jamendo_374600,jamendo_374600,jamendo::artist::276451c605c488e7,none,-1
C:\Users\lLrich\ai_voice_data_v13\raw\mtg_jamendo_cc\efbf35a2dc266a1c4c37283e369eade127df275a88f82a06cf47521702a12835.mp3,0,0,0,0,1,jamendo_artist_8e2bf36a7ebcd4a4,mtg_jamendo_cc::real,mtg_jamendo_cc,mtg_jamendo_cc,not_huggingface_official_archive,jamendo_37700,jamendo::artist::8e2bf36a7ebcd4a4,https://github.com/MTG/mtg-jamendo-dataset,raw_30s audio-low shard 00,http://creativecommons.org/licenses/by-nc-sa/3.0/,YES,PER_TRACK_LICENSE_WITH_ATTRIBUTION,FOLLOW_RECORDED_CC_LICENSE,mtg_jamendo_cc,efbf35a2dc266a1c4c37283e369eade127df275a88f82a06cf47521702a12835,mtg_jamendo_cc::track::jamendo_37700,train,,,,,REAL,,,,,,,,,,,,,cal_v13,data\raw\public_v9\real_music\jamendo\37700.low.mp3,efbf35a2dc266a1c4c37283e369eade127df275a88f82a06cf47521702a12835,APPROVED,raw_30s audio-low shard 00,unknown,jamendo_artist_8e2bf36a7ebcd4a4,jamendo_37700,jamendo_37700,jamendo::artist::8e2bf36a7ebcd4a4,none,-1
C:\Users\lLrich\ai_voice_data_v13\raw\mtg_jamendo_cc\e0432d7bce054b5170eea4ba50e812021d77283a670661a07b584364573442ea.mp3,0,0,0,0,1,jamendo_artist_dc9b686adef5353e,mtg_jamendo_cc::real,mtg_jamendo_cc,mtg_jamendo_cc,not_huggingface_official_archive,jamendo_38000,jamendo::artist::dc9b686adef5353e,https://github.com/MTG/mtg-jamendo-dataset,raw_30s audio-low shard 00,http://creativecommons.org/licenses/by-nc-sa/2.0/fr/,YES,PER_TRACK_LICENSE_WITH_ATTRIBUTION,FOLLOW_RECORDED_CC_LICENSE,mtg_jamendo_cc,e0432d7bce054b5170eea4ba50e812021d77283a670661a07b584364573442ea,mtg_jamendo_cc::track::jamendo_38000,train,,,,,REAL,,,,,,,,,,,,,cal_v13,data\raw\public_v9\real_music\jamendo\38000.low.mp3,e0432d7bce054b5170eea4ba50e812021d77283a670661a07b584364573442ea,APPROVED,raw_30s audio-low shard 00,unknown,jamendo_artist_dc9b686adef5353e,jamendo_38000,jamendo_38000,jamendo::artist::dc9b686adef5353e,none,-1
C:\Users\lLrich\ai_voice_data_v13\raw\mtg_jamendo_cc\4a2029fc7e2438844bdf06816dd629384efab045bbd0de6cbee6c443650015fa.mp3,0,0,0,0,1,jamendo_artist_23f4f64ec4f7c50c,mtg_jamendo_cc::real,mtg_jamendo_cc,mtg_jamendo_cc,not_huggingface_official_archive,jamendo_383000,jamendo::artist::23f4f64ec4f7c50c,https://github.com/MTG/mtg-jamendo-dataset,raw_30s audio-low shard 00,http://creativecommons.org/licenses/by-sa/2.0/fr/,YES,PER_TRACK_LICENSE_WITH_ATTRIBUTION,FOLLOW_RECORDED_CC_LICENSE,mtg_jamendo_cc,4a2029fc7e2438844bdf06816dd629384efab045bbd0de6cbee6c443650015fa,mtg_jamendo_cc::track::jamendo_383000,train,,,,,REAL,,,,,,,,,,,,,cal_v13,data\raw\public_v9\real_music\jamendo\383000.low.mp3,4a2029fc7e2438844bdf06816dd629384efab045bbd0de6cbee6c443650015fa,APPROVED,raw_30s audio-low shard 00,unknown,jamendo_artist_23f4f64ec4f7c50c,jamendo_383000,jamendo_383000,jamendo::artist::23f4f64ec4f7c50c,none,-1
C:\Users\lLrich\ai_voice_data_v13\raw\mtg_jamendo_cc\8bc883e841166f142801775b79e1f67eb912b7675e0dd719025b350b808de21c.mp3,0,0,0,0,1,jamendo_artist_693703d45b22e172,mtg_jamendo_cc::real,mtg_jamendo_cc,mtg_jamendo_cc,not_huggingface_official_archive,jamendo_38400,jamendo::artist::693703d45b22e172,https://github.com/MTG/mtg-jamendo-dataset,raw_30s audio-low shard 00,http://creativecommons.org/licenses/by-nc/3.0/,YES,PER_TRACK_LICENSE_WITH_ATTRIBUTION,FOLLOW_RECORDED_CC_LICENSE,mtg_jamendo_cc,8bc883e841166f142801775b79e1f67eb912b7675e0dd719025b350b808de21c,mtg_jamendo_cc::track::jamendo_38400,train,,,,,REAL,,,,,,,,,,,,,cal_v13,data\raw\public_v9\real_music\jamendo\38400.low.mp3,8bc883e841166f142801775b79e1f67eb912b7675e0dd719025b350b808de21c,APPROVED,raw_30s audio-low shard 00,unknown,jamendo_artist_693703d45b22e172,jamendo_38400,jamendo_38400,jamendo::artist::693703d45b22e172,none,-1
C:\Users\lLrich\ai_voice_data_v13\raw\mtg_jamendo_cc\8586d18133201c28e79a0ce549e8e80a90ce49150318c137dcceb94ad60371c9.mp3,0,0,0,0,1,jamendo_artist_5874aa491fd7fde6,mtg_jamendo_cc::real,mtg_jamendo_cc,mtg_jamendo_cc,not_huggingface_official_archive,jamendo_387400,jamendo::artist::5874aa491fd7fde6,https://github.com/MTG/mtg-jamendo-dataset,raw_30s audio-low shard 00,http://creativecommons.org/licenses/by-nc-sa/3.0/,YES,PER_TRACK_LICENSE_WITH_ATTRIBUTION,FOLLOW_RECORDED_CC_LICENSE,mtg_jamendo_cc,8586d18133201c28e79a0ce549e8e80a90ce49150318c137dcceb94ad60371c9,mtg_jamendo_cc::track::jamendo_387400,train,,,,,REAL,,,,,,,,,,,,,cal_v13,data\raw\public_v9\real_music\jamendo\387400.low.mp3,8586d18133201c28e79a0ce549e8e80a90ce49150318c137dcceb94ad60371c9,APPROVED,raw_30s audio-low shard 00,unknown,jamendo_artist_5874aa491fd7fde6,jamendo_387400,jamendo_387400,jamendo::artist::5874aa491fd7fde6,none,-1
C:\Users\lLrich\ai_voice_data_v13\raw\mtg_jamendo_cc\4992a3bae8c0d9c78dfd87cbc2f782aab4393325de28fe2b8472aaf6daf2f0ae.mp3,0,0,0,0,1,jamendo_artist_286692a60af56ea6,mtg_jamendo_cc::real,mtg_jamendo_cc,mtg_jamendo_cc,not_huggingface_official_archive,jamendo_389700,jamendo::artist::286692a60af56ea6,https://github.com/MTG/mtg-jamendo-dataset,raw_30s audio-low shard 00,http://creativecommons.org/licenses/by-nc-sa/3.0/,YES,PER_TRACK_LICENSE_WITH_ATTRIBUTION,FOLLOW_RECORDED_CC_LICENSE,mtg_jamendo_cc,4992a3bae8c0d9c78dfd87cbc2f782aab4393325de28fe2b8472aaf6daf2f0ae,mtg_jamendo_cc::track::jamendo_389700,train,,,,,REAL,,,,,,,,,,,,,cal_v13,data\raw\public_v9\real_music\jamendo\389700.low.mp3,4992a3bae8c0d9c78dfd87cbc2f782aab4393325de28fe2b8472aaf6daf2f0ae,APPROVED,raw_30s audio-low shard 00,unknown,jamendo_artist_286692a60af56ea6,jamendo_389700,jamendo_389700,jamendo::artist::286692a60af56ea6,none,-1
C:\Users\lLrich\ai_voice_data_v13\raw\mtg_jamendo_cc\d1ed5d817d1d065255ac88b6e5bd9afc3001bdf827ee012e2ab870eb26bed70d.mp3,0,0,0,0,1,jamendo_artist_50e25f687d8e2731,mtg_jamendo_cc::real,mtg_jamendo_cc,mtg_jamendo_cc,not_huggingface_official_archive,jamendo_3900,jamendo::artist::50e25f687d8e2731,https://github.com/MTG/mtg-jamendo-dataset,raw_30s audio-low shard 00,http://creativecommons.org/licenses/by-nc-sa/2.5/,YES,PER_TRACK_LICENSE_WITH_ATTRIBUTION,FOLLOW_RECORDED_CC_LICENSE,mtg_jamendo_cc,d1ed5d817d1d065255ac88b6e5bd9afc3001bdf827ee012e2ab870eb26bed70d,mtg_jamendo_cc::track::jamendo_3900,train,,,,,REAL,,,,,,,,,,,,,cal_v13,data\raw\public_v9\real_music\jamendo\3900.low.mp3,d1ed5d817d1d065255ac88b6e5bd9afc3001bdf827ee012e2ab870eb26bed70d,APPROVED,raw_30s audio-low shard 00,unknown,jamendo_artist_50e25f687d8e2731,jamendo_3900,jamendo_3900,jamendo::artist::50e25f687d8e2731,none,-1
C:\Users\lLrich\ai_voice_data_v13\raw\mtg_jamendo_cc\72482c6b1a583b42c20fb859a82d68353f00646d59b81296ff0eae9e6b228a34.mp3,0,0,0,0,1,jamendo_artist_262090857b1753c5,mtg_jamendo_cc::real,mtg_jamendo_cc,mtg_jamendo_cc,not_huggingface_official_archive,jamendo_390000,jamendo::artist::262090857b1753c5,https://github.com/MTG/mtg-jamendo-dataset,raw_30s audio-low shard 00,http://creativecommons.org/licenses/by-nc-sa/3.0/,YES,PER_TRACK_LICENSE_WITH_ATTRIBUTION,FOLLOW_RECORDED_CC_LICENSE,mtg_jamendo_cc,72482c6b1a583b42c20fb859a82d68353f00646d59b81296ff0eae9e6b228a34,mtg_jamendo_cc::track::jamendo_390000,train,,,,,REAL,,,,,,,,,,,,,cal_v13,data\raw\public_v9\real_music\jamendo\390000.low.mp3,72482c6b1a583b42c20fb859a82d68353f00646d59b81296ff0eae9e6b228a34,APPROVED,raw_30s audio-low shard 00,unknown,jamendo_artist_262090857b1753c5,jamendo_390000,jamendo_390000,jamendo::artist::262090857b1753c5,none,-1
C:\Users\lLrich\ai_voice_data_v13\raw\mtg_jamendo_cc\146e8856283f2edebdb12af60474d3e3a5bf18f1c25a80ac5629436104190db8.mp3,0,0,0,0,1,jamendo_artist_9c7d06ab810a943e,mtg_jamendo_cc::real,mtg_jamendo_cc,mtg_jamendo_cc,not_huggingface_official_archive,jamendo_39100,jamendo::artist::9c7d06ab810a943e,https://github.com/MTG/mtg-jamendo-dataset,raw_30s audio-low shard 00,http://creativecommons.org/licenses/by-nc/3.0/,YES,PER_TRACK_LICENSE_WITH_ATTRIBUTION,FOLLOW_RECORDED_CC_LICENSE,mtg_jamendo_cc,146e8856283f2edebdb12af60474d3e3a5bf18f1c25a80ac5629436104190db8,mtg_jamendo_cc::track::jamendo_39100,train,,,,,REAL,,,,,,,,,,,,,cal_v13,data\raw\public_v9\real_music\jamendo\39100.low.mp3,146e8856283f2edebdb12af60474d3e3a5bf18f1c25a80ac5629436104190db8,APPROVED,raw_30s audio-low shard 00,unknown,jamendo_artist_9c7d06ab810a943e,jamendo_39100,jamendo_39100,jamendo::artist::9c7d06ab810a943e,none,-1
C:\Users\lLrich\ai_voice_data_v13\raw\mtg_jamendo_cc\f2932567fb8819e0137abb5665cafbbcbf52c1671cc320f4debc7fd6b511d505.mp3,0,0,0,0,1,jamendo_artist_17a47cbf6175ac94,mtg_jamendo_cc::real,mtg_jamendo_cc,mtg_jamendo_cc,not_huggingface_official_archive,jamendo_394600,jamendo::artist::17a47cbf6175ac94,https://github.com/MTG/mtg-jamendo-dataset,raw_30s audio-low shard 00,http://creativecommons.org/licenses/by-nc-sa/3.0/,YES,PER_TRACK_LICENSE_WITH_ATTRIBUTION,FOLLOW_RECORDED_CC_LICENSE,mtg_jamendo_cc,f2932567fb8819e0137abb5665cafbbcbf52c1671cc320f4debc7fd6b511d505,mtg_jamendo_cc::track::jamendo_394600,train,,,,,REAL,,,,,,,,,,,,,cal_v13,data\raw\public_v9\real_music\jamendo\394600.low.mp3,f2932567fb8819e0137abb5665cafbbcbf52c1671cc320f4debc7fd6b511d505,APPROVED,raw_30s audio-low shard 00,unknown,jamendo_artist_17a47cbf6175ac94,jamendo_394600,jamendo_394600,jamendo::artist::17a47cbf6175ac94,none,-1
C:\Users\lLrich\ai_voice_data_v13\raw\mtg_jamendo_cc\2c31031716570469d9d2975699b364aebcb80c2aaf3449aefa452c9aaffbb2bf.mp3,0,0,0,0,1,jamendo_artist_10862725426312a5,mtg_jamendo_cc::real,mtg_jamendo_cc,mtg_jamendo_cc,not_huggingface_official_archive,jamendo_39700,jamendo::artist::10862725426312a5,https://github.com/MTG/mtg-jamendo-dataset,raw_30s audio-low shard 00,http://creativecommons.org/licenses/by-nc-sa/2.0/fr/,YES,PER_TRACK_LICENSE_WITH_ATTRIBUTION,FOLLOW_RECORDED_CC_LICENSE,mtg_jamendo_cc,2c31031716570469d9d2975699b364aebcb80c2aaf3449aefa452c9aaffbb2bf,mtg_jamendo_cc::track::jamendo_39700,train,,,,,REAL,,,,,,,,,,,,,cal_v13,data\raw\public_v9\real_music\jamendo\39700.low.mp3,2c31031716570469d9d2975699b364aebcb80c2aaf3449aefa452c9aaffbb2bf,APPROVED,raw_30s audio-low shard 00,unknown,jamendo_artist_10862725426312a5,jamendo_39700,jamendo_39700,jamendo::artist::10862725426312a5,none,-1
C:\Users\lLrich\ai_voice_data_v13\raw\mtg_jamendo_cc\4360859e641c49ed2b26e65f741d4b9e07e6962c2ed31120a5b5e9f298be6aac.mp3,0,0,0,0,1,jamendo_artist_f8c08ee3119c95be,mtg_jamendo_cc::real,mtg_jamendo_cc,mtg_jamendo_cc,not_huggingface_official_archive,jamendo_397700,jamendo::artist::f8c08ee3119c95be,https://github.com/MTG/mtg-jamendo-dataset,raw_30s audio-low shard 00,http://creativecommons.org/licenses/by-sa/3.0/,YES,PER_TRACK_LICENSE_WITH_ATTRIBUTION,FOLLOW_RECORDED_CC_LICENSE,mtg_jamendo_cc,4360859e641c49ed2b26e65f741d4b9e07e6962c2ed31120a5b5e9f298be6aac,mtg_jamendo_cc::track::jamendo_397700,train,,,,,REAL,,,,,,,,,,,,,cal_v13,data\raw\public_v9\real_music\jamendo\397700.low.mp3,4360859e641c49ed2b26e65f741d4b9e07e6962c2ed31120a5b5e9f298be6aac,APPROVED,raw_30s audio-low shard 00,unknown,jamendo_artist_f8c08ee3119c95be,jamendo_397700,jamendo_397700,jamendo::artist::f8c08ee3119c95be,none,-1
C:\Users\lLrich\ai_voice_data_v13\raw\mtg_jamendo_cc\aad0b4e7bda1e1103ab68962e39f5964454aa8a44d2bb6b9ecb8b5380f78dbd2.mp3,0,0,0,0,1,jamendo_artist_2ba1167efb7c12a1,mtg_jamendo_cc::real,mtg_jamendo_cc,mtg_jamendo_cc,not_huggingface_official_archive,jamendo_398700,jamendo::artist::2ba1167efb7c12a1,https://github.com/MTG/mtg-jamendo-dataset,raw_30s audio-low shard 00,http://creativecommons.org/licenses/by-nc-sa/3.0/,YES,PER_TRACK_LICENSE_WITH_ATTRIBUTION,FOLLOW_RECORDED_CC_LICENSE,mtg_jamendo_cc,aad0b4e7bda1e1103ab68962e39f5964454aa8a44d2bb6b9ecb8b5380f78dbd2,mtg_jamendo_cc::track::jamendo_398700,train,,,,,REAL,,,,,,,,,,,,,cal_v13,data\raw\public_v9\real_music\jamendo\398700.low.mp3,aad0b4e7bda1e1103ab68962e39f5964454aa8a44d2bb6b9ecb8b5380f78dbd2,APPROVED,raw_30s audio-low shard 00,unknown,jamendo_artist_2ba1167efb7c12a1,jamendo_398700,jamendo_398700,jamendo::artist::2ba1167efb7c12a1,none,-1
C:\Users\lLrich\ai_voice_data_v13\raw\mtg_jamendo_cc\eeeb859cc39ca8061ec009498d4d4f9cc2320bcd02f4d556d9b997fc2f1bf463.mp3,0,0,0,0,1,jamendo_artist_5874aa491fd7fde6,mtg_jamendo_cc::real,mtg_jamendo_cc,mtg_jamendo_cc,not_huggingface_official_archive,jamendo_399200,jamendo::artist::5874aa491fd7fde6,https://github.com/MTG/mtg-jamendo-dataset,raw_30s audio-low shard 00,http://creativecommons.org/licenses/by-nc-sa/3.0/,YES,PER_TRACK_LICENSE_WITH_ATTRIBUTION,FOLLOW_RECORDED_CC_LICENSE,mtg_jamendo_cc,eeeb859cc39ca8061ec009498d4d4f9cc2320bcd02f4d556d9b997fc2f1bf463,mtg_jamendo_cc::track::jamendo_399200,train,,,,,REAL,,,,,,,,,,,,,cal_v13,data\raw\public_v9\real_music\jamendo\399200.low.mp3,eeeb859cc39ca8061ec009498d4d4f9cc2320bcd02f4d556d9b997fc2f1bf463,APPROVED,raw_30s audio-low shard 00,unknown,jamendo_artist_5874aa491fd7fde6,jamendo_399200,jamendo_399200,jamendo::artist::5874aa491fd7fde6,none,-1
C:\Users\lLrich\ai_voice_data_v13\raw\mtg_jamendo_cc\2ff4a3452ec061efade57aad5929f09a78c56bbbc412e9326bb3e110145c8bfd.mp3,0,0,0,0,1,jamendo_artist_5f36b6eae9a3f317,mtg_jamendo_cc::real,mtg_jamendo_cc,mtg_jamendo_cc,not_huggingface_official_archive,jamendo_399500,jamendo::artist::5f36b6eae9a3f317,https://github.com/MTG/mtg-jamendo-dataset,raw_30s audio-low shard 00,http://creativecommons.org/licenses/by-sa/2.0/fr/,YES,PER_TRACK_LICENSE_WITH_ATTRIBUTION,FOLLOW_RECORDED_CC_LICENSE,mtg_jamendo_cc,2ff4a3452ec061efade57aad5929f09a78c56bbbc412e9326bb3e110145c8bfd,mtg_jamendo_cc::track::jamendo_399500,train,,,,,REAL,,,,,,,,,,,,,cal_v13,data\raw\public_v9\real_music\jamendo\399500.low.mp3,2ff4a3452ec061efade57aad5929f09a78c56bbbc412e9326bb3e110145c8bfd,APPROVED,raw_30s audio-low shard 00,unknown,jamendo_artist_5f36b6eae9a3f317,jamendo_399500,jamendo_399500,jamendo::artist::5f36b6eae9a3f317,none,-1
C:\Users\lLrich\ai_voice_data_v13\raw\mtg_jamendo_cc\2a6c7d61026496a81a56b2f7d8ca2f993be00adfc91b73e398a757e9e4e84628.mp3,0,0,0,0,1,jamendo_artist_4aed95e88e7a2775,mtg_jamendo_cc::real,mtg_jamendo_cc,mtg_jamendo_cc,not_huggingface_official_archive,jamendo_400000,jamendo::artist::4aed95e88e7a2775,https://github.com/MTG/mtg-jamendo-dataset,raw_30s audio-low shard 00,http://creativecommons.org/licenses/by-sa/3.0/,YES,PER_TRACK_LICENSE_WITH_ATTRIBUTION,FOLLOW_RECORDED_CC_LICENSE,mtg_jamendo_cc,2a6c7d61026496a81a56b2f7d8ca2f993be00adfc91b73e398a757e9e4e84628,mtg_jamendo_cc::track::jamendo_400000,train,,,,,REAL,,,,,,,,,,,,,cal_v13,data\raw\public_v9\real_music\jamendo\400000.low.mp3,2a6c7d61026496a81a56b2f7d8ca2f993be00adfc91b73e398a757e9e4e84628,APPROVED,raw_30s audio-low shard 00,unknown,jamendo_artist_4aed95e88e7a2775,jamendo_400000,jamendo_400000,jamendo::artist::4aed95e88e7a2775,none,-1
C:\Users\lLrich\ai_voice_data_v13\raw\mtg_jamendo_cc\6375466b7c213760d954e0aad6a3c10b5081e1852cd7249ec26cadb2280f70db.mp3,0,0,0,0,1,jamendo_artist_d63ab10d5a78876e,mtg_jamendo_cc::real,mtg_jamendo_cc,mtg_jamendo_cc,not_huggingface_official_archive,jamendo_400400,jamendo::artist::d63ab10d5a78876e,https://github.com/MTG/mtg-jamendo-dataset,raw_30s audio-low shard 00,http://creativecommons.org/licenses/by-sa/3.0/,YES,PER_TRACK_LICENSE_WITH_ATTRIBUTION,FOLLOW_RECORDED_CC_LICENSE,mtg_jamendo_cc,6375466b7c213760d954e0aad6a3c10b5081e1852cd7249ec26cadb2280f70db,mtg_jamendo_cc::track::jamendo_400400,train,,,,,REAL,,,,,,,,,,,,,cal_v13,data\raw\public_v9\real_music\jamendo\400400.low.mp3,6375466b7c213760d954e0aad6a3c10b5081e1852cd7249ec26cadb2280f70db,APPROVED,raw_30s audio-low shard 00,unknown,jamendo_artist_d63ab10d5a78876e,jamendo_400400,jamendo_400400,jamendo::artist::d63ab10d5a78876e,none,-1
C:\Users\lLrich\ai_voice_data_v13\raw\mtg_jamendo_cc\75802dc30d1d6033c0959d957dc2161b998019efa67428feb4eb5d9417a15ae5.mp3,0,0,0,0,1,jamendo_artist_b42ee27f6f4255b4,mtg_jamendo_cc::real,mtg_jamendo_cc,mtg_jamendo_cc,not_huggingface_official_archive,jamendo_400700,jamendo::artist::b42ee27f6f4255b4,https://github.com/MTG/mtg-jamendo-dataset,raw_30s audio-low shard 00,http://creativecommons.org/licenses/by-sa/2.0/at/,YES,PER_TRACK_LICENSE_WITH_ATTRIBUTION,FOLLOW_RECORDED_CC_LICENSE,mtg_jamendo_cc,75802dc30d1d6033c0959d957dc2161b998019efa67428feb4eb5d9417a15ae5,mtg_jamendo_cc::track::jamendo_400700,train,,,,,REAL,,,,,,,,,,,,,cal_v13,data\raw\public_v9\real_music\jamendo\400700.low.mp3,75802dc30d1d6033c0959d957dc2161b998019efa67428feb4eb5d9417a15ae5,APPROVED,raw_30s audio-low shard 00,unknown,jamendo_artist_b42ee27f6f4255b4,jamendo_400700,jamendo_400700,jamendo::artist::b42ee27f6f4255b4,none,-1
C:\Users\lLrich\ai_voice_data_v13\raw\mtg_jamendo_cc\157f6aa3c028ebe6b4c311628946fdd9685800ecb19c5af3bdc03ffc0ac5ec40.mp3,0,0,0,0,1,jamendo_artist_424e057bd790a986,mtg_jamendo_cc::real,mtg_jamendo_cc,mtg_jamendo_cc,not_huggingface_official_archive,jamendo_402800,jamendo::artist::424e057bd790a986,https://github.com/MTG/mtg-jamendo-dataset,raw_30s audio-low shard 00,http://creativecommons.org/licenses/by-sa/3.0/,YES,PER_TRACK_LICENSE_WITH_ATTRIBUTION,FOLLOW_RECORDED_CC_LICENSE,mtg_jamendo_cc,157f6aa3c028ebe6b4c311628946fdd9685800ecb19c5af3bdc03ffc0ac5ec40,mtg_jamendo_cc::track::jamendo_402800,train,,,,,REAL,,,,,,,,,,,,,cal_v13,data\raw\public_v9\real_music\jamendo\402800.low.mp3,157f6aa3c028ebe6b4c311628946fdd9685800ecb19c5af3bdc03ffc0ac5ec40,APPROVED,raw_30s audio-low shard 00,unknown,jamendo_artist_424e057bd790a986,jamendo_402800,jamendo_402800,jamendo::artist::424e057bd790a986,none,-1
C:\Users\lLrich\ai_voice_data_v13\raw\mtg_jamendo_cc\0ce811158805f0a7bf186b9bc27419275aa8f10e2d476a74d1da33b7df4730de.mp3,0,0,0,0,1,jamendo_artist_c2715561c9632ce6,mtg_jamendo_cc::real,mtg_jamendo_cc,mtg_jamendo_cc,not_huggingface_official_archive,jamendo_40300,jamendo::artist::c2715561c9632ce6,https://github.com/MTG/mtg-jamendo-dataset,raw_30s audio-low shard 00,http://creativecommons.org/licenses/by-nc-sa/2.0/de/,YES,PER_TRACK_LICENSE_WITH_ATTRIBUTION,FOLLOW_RECORDED_CC_LICENSE,mtg_jamendo_cc,0ce811158805f0a7bf186b9bc27419275aa8f10e2d476a74d1da33b7df4730de,mtg_jamendo_cc::track::jamendo_40300,train,,,,,REAL,,,,,,,,,,,,,cal_v13,data\raw\public_v9\real_music\jamendo\40300.low.mp3,0ce811158805f0a7bf186b9bc27419275aa8f10e2d476a74d1da33b7df4730de,APPROVED,raw_30s audio-low shard 00,unknown,jamendo_artist_c2715561c9632ce6,jamendo_40300,jamendo_40300,jamendo::artist::c2715561c9632ce6,none,-1
C:\Users\lLrich\ai_voice_data_v13\raw\mtg_jamendo_cc\0e070e29c2cc727921d231635efba63f64af7b703c94b6c1f3b0b16b807a9177.mp3,0,0,0,0,1,jamendo_artist_985abd747eafdea2,mtg_jamendo_cc::real,mtg_jamendo_cc,mtg_jamendo_cc,not_huggingface_official_archive,jamendo_409700,jamendo::artist::985abd747eafdea2,https://github.com/MTG/mtg-jamendo-dataset,raw_30s audio-low shard 00,http://creativecommons.org/licenses/by-nc-sa/2.5/it/,YES,PER_TRACK_LICENSE_WITH_ATTRIBUTION,FOLLOW_RECORDED_CC_LICENSE,mtg_jamendo_cc,0e070e29c2cc727921d231635efba63f64af7b703c94b6c1f3b0b16b807a9177,mtg_jamendo_cc::track::jamendo_409700,train,,,,,REAL,,,,,,,,,,,,,cal_v13,data\raw\public_v9\real_music\jamendo\409700.low.mp3,0e070e29c2cc727921d231635efba63f64af7b703c94b6c1f3b0b16b807a9177,APPROVED,raw_30s audio-low shard 00,unknown,jamendo_artist_985abd747eafdea2,jamendo_409700,jamendo_409700,jamendo::artist::985abd747eafdea2,none,-1
C:\Users\lLrich\ai_voice_data_v13\raw\mtg_jamendo_cc\1d5a6820e5324003913e5d7eb344243a46c68a2f1ec5ce54ec391dfcc0d2baf6.mp3,0,0,0,0,1,jamendo_artist_ff3e4c5a749d7ca1,mtg_jamendo_cc::real,mtg_jamendo_cc,mtg_jamendo_cc,not_huggingface_official_archive,jamendo_412700,jamendo::artist::ff3e4c5a749d7ca1,https://github.com/MTG/mtg-jamendo-dataset,raw_30s audio-low shard 00,http://creativecommons.org/licenses/by-sa/2.0/de/,YES,PER_TRACK_LICENSE_WITH_ATTRIBUTION,FOLLOW_RECORDED_CC_LICENSE,mtg_jamendo_cc,1d5a6820e5324003913e5d7eb344243a46c68a2f1ec5ce54ec391dfcc0d2baf6,mtg_jamendo_cc::track::jamendo_412700,train,,,,,REAL,,,,,,,,,,,,,cal_v13,data\raw\public_v9\real_music\jamendo\412700.low.mp3,1d5a6820e5324003913e5d7eb344243a46c68a2f1ec5ce54ec391dfcc0d2baf6,APPROVED,raw_30s audio-low shard 00,unknown,jamendo_artist_ff3e4c5a749d7ca1,jamendo_412700,jamendo_412700,jamendo::artist::ff3e4c5a749d7ca1,none,-1
C:\Users\lLrich\ai_voice_data_v13\raw\mtg_jamendo_cc\4f01c69cb85192e0e5d43c1615d93fe02c569ca8a218a80a20b7bdd2fb50d21d.mp3,0,0,0,0,1,jamendo_artist_d5e46c366f004b0e,mtg_jamendo_cc::real,mtg_jamendo_cc,mtg_jamendo_cc,not_huggingface_official_archive,jamendo_419800,jamendo::artist::d5e46c366f004b0e,https://github.com/MTG/mtg-jamendo-dataset,raw_30s audio-low shard 00,http://creativecommons.org/licenses/by-sa/3.0/,YES,PER_TRACK_LICENSE_WITH_ATTRIBUTION,FOLLOW_RECORDED_CC_LICENSE,mtg_jamendo_cc,4f01c69cb85192e0e5d43c1615d93fe02c569ca8a218a80a20b7bdd2fb50d21d,mtg_jamendo_cc::track::jamendo_419800,train,,,,,REAL,,,,,,,,,,,,,cal_v13,data\raw\public_v9\real_music\jamendo\419800.low.mp3,4f01c69cb85192e0e5d43c1615d93fe02c569ca8a218a80a20b7bdd2fb50d21d,APPROVED,raw_30s audio-low shard 00,unknown,jamendo_artist_d5e46c366f004b0e,jamendo_419800,jamendo_419800,jamendo::artist::d5e46c366f004b0e,none,-1
C:\Users\lLrich\ai_voice_data_v13\raw\mtg_jamendo_cc\1eec4c0d406d17176441a8e6f8672e5c54521e3e382abf227bd3c55fb4fb76c4.mp3,0,0,0,0,1,jamendo_artist_b995a6dcb6baf482,mtg_jamendo_cc::real,mtg_jamendo_cc,mtg_jamendo_cc,not_huggingface_official_archive,jamendo_422700,jamendo::artist::b995a6dcb6baf482,https://github.com/MTG/mtg-jamendo-dataset,raw_30s audio-low shard 00,http://creativecommons.org/licenses/by-nc-sa/2.0/fr/,YES,PER_TRACK_LICENSE_WITH_ATTRIBUTION,FOLLOW_RECORDED_CC_LICENSE,mtg_jamendo_cc,1eec4c0d406d17176441a8e6f8672e5c54521e3e382abf227bd3c55fb4fb76c4,mtg_jamendo_cc::track::jamendo_422700,train,,,,,REAL,,,,,,,,,,,,,cal_v13,data\raw\public_v9\real_music\jamendo\422700.low.mp3,1eec4c0d406d17176441a8e6f8672e5c54521e3e382abf227bd3c55fb4fb76c4,APPROVED,raw_30s audio-low shard 00,unknown,jamendo_artist_b995a6dcb6baf482,jamendo_422700,jamendo_422700,jamendo::artist::b995a6dcb6baf482,none,-1
C:\Users\lLrich\ai_voice_data_v13\raw\mtg_jamendo_cc\168baae64acf13b85adb48be74c9a816c2519fa41243c56ecaeb3fc37eb87247.mp3,0,0,0,0,1,jamendo_artist_188722d883c9d919,mtg_jamendo_cc::real,mtg_jamendo_cc,mtg_jamendo_cc,not_huggingface_official_archive,jamendo_433300,jamendo::artist::188722d883c9d919,https://github.com/MTG/mtg-jamendo-dataset,raw_30s audio-low shard 00,http://creativecommons.org/licenses/by-sa/3.0/,YES,PER_TRACK_LICENSE_WITH_ATTRIBUTION,FOLLOW_RECORDED_CC_LICENSE,mtg_jamendo_cc,168baae64acf13b85adb48be74c9a816c2519fa41243c56ecaeb3fc37eb87247,mtg_jamendo_cc::track::jamendo_433300,train,,,,,REAL,,,,,,,,,,,,,cal_v13,data\raw\public_v9\real_music\jamendo\433300.low.mp3,168baae64acf13b85adb48be74c9a816c2519fa41243c56ecaeb3fc37eb87247,APPROVED,raw_30s audio-low shard 00,unknown,jamendo_artist_188722d883c9d919,jamendo_433300,jamendo_433300,jamendo::artist::188722d883c9d919,none,-1
C:\Users\lLrich\ai_voice_data_v13\raw\mtg_jamendo_cc\c2a2e8c6a82398b4f8248b96cb5ca0018d406609053c6765f7efb7e973eaea82.mp3,0,0,0,0,1,jamendo_artist_d95ad6c100a12412,mtg_jamendo_cc::real,mtg_jamendo_cc,mtg_jamendo_cc,not_huggingface_official_archive,jamendo_436400,jamendo::artist::d95ad6c100a12412,https://github.com/MTG/mtg-jamendo-dataset,raw_30s audio-low shard 00,http://creativecommons.org/licenses/by-nc-sa/3.0/,YES,PER_TRACK_LICENSE_WITH_ATTRIBUTION,FOLLOW_RECORDED_CC_LICENSE,mtg_jamendo_cc,c2a2e8c6a82398b4f8248b96cb5ca0018d406609053c6765f7efb7e973eaea82,mtg_jamendo_cc::track::jamendo_436400,train,,,,,REAL,,,,,,,,,,,,,cal_v13,data\raw\public_v9\real_music\jamendo\436400.low.mp3,c2a2e8c6a82398b4f8248b96cb5ca0018d406609053c6765f7efb7e973eaea82,APPROVED,raw_30s audio-low shard 00,unknown,jamendo_artist_d95ad6c100a12412,jamendo_436400,jamendo_436400,jamendo::artist::d95ad6c100a12412,none,-1
C:\Users\lLrich\ai_voice_data_v13\raw\mtg_jamendo_cc\ccbfa0022affb635df73d7bc8f50711071694c227879335e9da0112cdf750756.mp3,0,0,0,0,1,jamendo_artist_8689fb4aff531491,mtg_jamendo_cc::real,mtg_jamendo_cc,mtg_jamendo_cc,not_huggingface_official_archive,jamendo_4400,jamendo::artist::8689fb4aff531491,https://github.com/MTG/mtg-jamendo-dataset,raw_30s audio-low shard 00,http://creativecommons.org/licenses/by-nc/2.0/fr/,YES,PER_TRACK_LICENSE_WITH_ATTRIBUTION,FOLLOW_RECORDED_CC_LICENSE,mtg_jamendo_cc,ccbfa0022affb635df73d7bc8f50711071694c227879335e9da0112cdf750756,mtg_jamendo_cc::track::jamendo_4400,train,,,,,REAL,,,,,,,,,,,,,cal_v13,data\raw\public_v9\real_music\jamendo\4400.low.mp3,ccbfa0022affb635df73d7bc8f50711071694c227879335e9da0112cdf750756,APPROVED,raw_30s audio-low shard 00,unknown,jamendo_artist_8689fb4aff531491,jamendo_4400,jamendo_4400,jamendo::artist::8689fb4aff531491,none,-1
C:\Users\lLrich\ai_voice_data_v13\raw\mtg_jamendo_cc\2ed147c7717be1822b4343262be66063909c07ad4f8f03c11a70841ceead16fb.mp3,0,0,0,0,1,jamendo_artist_b9e2176b19167965,mtg_jamendo_cc::real,mtg_jamendo_cc,mtg_jamendo_cc,not_huggingface_official_archive,jamendo_449900,jamendo::artist::b9e2176b19167965,https://github.com/MTG/mtg-jamendo-dataset,raw_30s audio-low shard 00,http://creativecommons.org/licenses/by-nc-sa/2.0/fr/,YES,PER_TRACK_LICENSE_WITH_ATTRIBUTION,FOLLOW_RECORDED_CC_LICENSE,mtg_jamendo_cc,2ed147c7717be1822b4343262be66063909c07ad4f8f03c11a70841ceead16fb,mtg_jamendo_cc::track::jamendo_449900,train,,,,,REAL,,,,,,,,,,,,,cal_v13,data\raw\public_v9\real_music\jamendo\449900.low.mp3,2ed147c7717be1822b4343262be66063909c07ad4f8f03c11a70841ceead16fb,APPROVED,raw_30s audio-low shard 00,unknown,jamendo_artist_b9e2176b19167965,jamendo_449900,jamendo_449900,jamendo::artist::b9e2176b19167965,none,-1
C:\Users\lLrich\ai_voice_data_v13\raw\mtg_jamendo_cc\9893701e33cdfd065f747417419c62a31f423aff0ee6b7dc7e57ca7f747e3e0b.mp3,0,0,0,0,1,jamendo_artist_57232c82bc6c9abe,mtg_jamendo_cc::real,mtg_jamendo_cc,mtg_jamendo_cc,not_huggingface_official_archive,jamendo_45100,jamendo::artist::57232c82bc6c9abe,https://github.com/MTG/mtg-jamendo-dataset,raw_30s audio-low shard 00,http://creativecommons.org/licenses/by-nc-sa/2.0/de/,YES,PER_TRACK_LICENSE_WITH_ATTRIBUTION,FOLLOW_RECORDED_CC_LICENSE,mtg_jamendo_cc,9893701e33cdfd065f747417419c62a31f423aff0ee6b7dc7e57ca7f747e3e0b,mtg_jamendo_cc::track::jamendo_45100,train,,,,,REAL,,,,,,,,,,,,,cal_v13,data\raw\public_v9\real_music\jamendo\45100.low.mp3,9893701e33cdfd065f747417419c62a31f423aff0ee6b7dc7e57ca7f747e3e0b,APPROVED,raw_30s audio-low shard 00,unknown,jamendo_artist_57232c82bc6c9abe,jamendo_45100,jamendo_45100,jamendo::artist::57232c82bc6c9abe,none,-1
C:\Users\lLrich\ai_voice_data_v13\raw\mtg_jamendo_cc\60fd86ddda6fbfb524efed0f0bcb5e148b567235bc6c65574c5d0fb3bef7b309.mp3,0,0,0,0,1,jamendo_artist_33f56d1e34dd6439,mtg_jamendo_cc::real,mtg_jamendo_cc,mtg_jamendo_cc,not_huggingface_official_archive,jamendo_451400,jamendo::artist::33f56d1e34dd6439,https://github.com/MTG/mtg-jamendo-dataset,raw_30s audio-low shard 00,http://creativecommons.org/licenses/by-sa/3.0/,YES,PER_TRACK_LICENSE_WITH_ATTRIBUTION,FOLLOW_RECORDED_CC_LICENSE,mtg_jamendo_cc,60fd86ddda6fbfb524efed0f0bcb5e148b567235bc6c65574c5d0fb3bef7b309,mtg_jamendo_cc::track::jamendo_451400,train,,,,,REAL,,,,,,,,,,,,,cal_v13,data\raw\public_v9\real_music\jamendo\451400.low.mp3,60fd86ddda6fbfb524efed0f0bcb5e148b567235bc6c65574c5d0fb3bef7b309,APPROVED,raw_30s audio-low shard 00,unknown,jamendo_artist_33f56d1e34dd6439,jamendo_451400,jamendo_451400,jamendo::artist::33f56d1e34dd6439,none,-1
C:\Users\lLrich\ai_voice_data_v13\raw\mtg_jamendo_cc\2df3543251b2d0f16b918613411f714b8cccd01289a4b65be6f4857d771043e6.mp3,0,0,0,0,1,jamendo_artist_b995a6dcb6baf482,mtg_jamendo_cc::real,mtg_jamendo_cc,mtg_jamendo_cc,not_huggingface_official_archive,jamendo_454900,jamendo::artist::b995a6dcb6baf482,https://github.com/MTG/mtg-jamendo-dataset,raw_30s audio-low shard 00,http://creativecommons.org/licenses/by-nc-sa/2.0/fr/,YES,PER_TRACK_LICENSE_WITH_ATTRIBUTION,FOLLOW_RECORDED_CC_LICENSE,mtg_jamendo_cc,2df3543251b2d0f16b918613411f714b8cccd01289a4b65be6f4857d771043e6,mtg_jamendo_cc::track::jamendo_454900,train,,,,,REAL,,,,,,,,,,,,,cal_v13,data\raw\public_v9\real_music\jamendo\454900.low.mp3,2df3543251b2d0f16b918613411f714b8cccd01289a4b65be6f4857d771043e6,APPROVED,raw_30s audio-low shard 00,unknown,jamendo_artist_b995a6dcb6baf482,jamendo_454900,jamendo_454900,jamendo::artist::b995a6dcb6baf482,none,-1
C:\Users\lLrich\ai_voice_data_v13\raw\mtg_jamendo_cc\51d4fb02b084b7aae58ee8870c581eb88c9587b4052eb0f0a00747c124594007.mp3,0,0,0,0,1,jamendo_artist_7b48649831fe26c2,mtg_jamendo_cc::real,mtg_jamendo_cc,mtg_jamendo_cc,not_huggingface_official_archive,jamendo_45500,jamendo::artist::7b48649831fe26c2,https://github.com/MTG/mtg-jamendo-dataset,raw_30s audio-low shard 00,http://creativecommons.org/licenses/by-sa/3.0/,YES,PER_TRACK_LICENSE_WITH_ATTRIBUTION,FOLLOW_RECORDED_CC_LICENSE,mtg_jamendo_cc,51d4fb02b084b7aae58ee8870c581eb88c9587b4052eb0f0a00747c124594007,mtg_jamendo_cc::track::jamendo_45500,train,,,,,REAL,,,,,,,,,,,,,cal_v13,data\raw\public_v9\real_music\jamendo\45500.low.mp3,51d4fb02b084b7aae58ee8870c581eb88c9587b4052eb0f0a00747c124594007,APPROVED,raw_30s audio-low shard 00,unknown,jamendo_artist_7b48649831fe26c2,jamendo_45500,jamendo_45500,jamendo::artist::7b48649831fe26c2,none,-1
C:\Users\lLrich\ai_voice_data_v13\raw\mtg_jamendo_cc\183bb676c178d6399dd280bfea0526ecb68e72c521040f80f3f164f453f6d15f.mp3,0,0,0,0,1,jamendo_artist_891eebe82ec9d892,mtg_jamendo_cc::real,mtg_jamendo_cc,mtg_jamendo_cc,not_huggingface_official_archive,jamendo_460300,jamendo::artist::891eebe82ec9d892,https://github.com/MTG/mtg-jamendo-dataset,raw_30s audio-low shard 00,http://creativecommons.org/licenses/by-nc-sa/3.0/,YES,PER_TRACK_LICENSE_WITH_ATTRIBUTION,FOLLOW_RECORDED_CC_LICENSE,mtg_jamendo_cc,183bb676c178d6399dd280bfea0526ecb68e72c521040f80f3f164f453f6d15f,mtg_jamendo_cc::track::jamendo_460300,train,,,,,REAL,,,,,,,,,,,,,cal_v13,data\raw\public_v9\real_music\jamendo\460300.low.mp3,183bb676c178d6399dd280bfea0526ecb68e72c521040f80f3f164f453f6d15f,APPROVED,raw_30s audio-low shard 00,unknown,jamendo_artist_891eebe82ec9d892,jamendo_460300,jamendo_460300,jamendo::artist::891eebe82ec9d892,none,-1
C:\Users\lLrich\ai_voice_data_v13\raw\mtg_jamendo_cc\3006527d8420b2dbe449cf30a31ba1d467c6f7fa889cab9c80593ad2d555de33.mp3,0,0,0,0,1,jamendo_artist_fddac22c40f16c27,mtg_jamendo_cc::real,mtg_jamendo_cc,mtg_jamendo_cc,not_huggingface_official_archive,jamendo_468500,jamendo::artist::fddac22c40f16c27,https://github.com/MTG/mtg-jamendo-dataset,raw_30s audio-low shard 00,http://creativecommons.org/licenses/by-nc-sa/3.0/,YES,PER_TRACK_LICENSE_WITH_ATTRIBUTION,FOLLOW_RECORDED_CC_LICENSE,mtg_jamendo_cc,3006527d8420b2dbe449cf30a31ba1d467c6f7fa889cab9c80593ad2d555de33,mtg_jamendo_cc::track::jamendo_468500,train,,,,,REAL,,,,,,,,,,,,,cal_v13,data\raw\public_v9\real_music\jamendo\468500.low.mp3,3006527d8420b2dbe449cf30a31ba1d467c6f7fa889cab9c80593ad2d555de33,APPROVED,raw_30s audio-low shard 00,unknown,jamendo_artist_fddac22c40f16c27,jamendo_468500,jamendo_468500,jamendo::artist::fddac22c40f16c27,none,-1
C:\Users\lLrich\ai_voice_data_v13\raw\mtg_jamendo_cc\dad734cb48548ac5df2db84fc3c3fcede5fe67a23ab26eb9848c6506b1f8dd84.mp3,0,0,0,0,1,jamendo_artist_938aae24d3b325ad,mtg_jamendo_cc::real,mtg_jamendo_cc,mtg_jamendo_cc,not_huggingface_official_archive,jamendo_47400,jamendo::artist::938aae24d3b325ad,https://github.com/MTG/mtg-jamendo-dataset,raw_30s audio-low shard 00,http://creativecommons.org/licenses/by-nc-sa/3.0/,YES,PER_TRACK_LICENSE_WITH_ATTRIBUTION,FOLLOW_RECORDED_CC_LICENSE,mtg_jamendo_cc,dad734cb48548ac5df2db84fc3c3fcede5fe67a23ab26eb9848c6506b1f8dd84,mtg_jamendo_cc::track::jamendo_47400,train,,,,,REAL,,,,,,,,,,,,,cal_v13,data\raw\public_v9\real_music\jamendo\47400.low.mp3,dad734cb48548ac5df2db84fc3c3fcede5fe67a23ab26eb9848c6506b1f8dd84,APPROVED,raw_30s audio-low shard 00,unknown,jamendo_artist_938aae24d3b325ad,jamendo_47400,jamendo_47400,jamendo::artist::938aae24d3b325ad,none,-1
C:\Users\lLrich\ai_voice_data_v13\raw\mtg_jamendo_cc\c0ed1dd4182ed6c79d0c0dad8b383cdb69934ad3559f1fc9d844997276b294fe.mp3,0,0,0,0,1,jamendo_artist_286692a60af56ea6,mtg_jamendo_cc::real,mtg_jamendo_cc,mtg_jamendo_cc,not_huggingface_official_archive,jamendo_477400,jamendo::artist::286692a60af56ea6,https://github.com/MTG/mtg-jamendo-dataset,raw_30s audio-low shard 00,http://creativecommons.org/licenses/by-nc-sa/3.0/,YES,PER_TRACK_LICENSE_WITH_ATTRIBUTION,FOLLOW_RECORDED_CC_LICENSE,mtg_jamendo_cc,c0ed1dd4182ed6c79d0c0dad8b383cdb69934ad3559f1fc9d844997276b294fe,mtg_jamendo_cc::track::jamendo_477400,train,,,,,REAL,,,,,,,,,,,,,cal_v13,data\raw\public_v9\real_music\jamendo\477400.low.mp3,c0ed1dd4182ed6c79d0c0dad8b383cdb69934ad3559f1fc9d844997276b294fe,APPROVED,raw_30s audio-low shard 00,unknown,jamendo_artist_286692a60af56ea6,jamendo_477400,jamendo_477400,jamendo::artist::286692a60af56ea6,none,-1
C:\Users\lLrich\ai_voice_data_v13\raw\mtg_jamendo_cc\0853589aa943a83bac47da54dd19635713f7f4ba1f201acda633f4c187175ffa.mp3,0,0,0,0,1,jamendo_artist_3f8c7625055b4575,mtg_jamendo_cc::real,mtg_jamendo_cc,mtg_jamendo_cc,not_huggingface_official_archive,jamendo_47900,jamendo::artist::3f8c7625055b4575,https://github.com/MTG/mtg-jamendo-dataset,raw_30s audio-low shard 00,http://creativecommons.org/licenses/by-nc-sa/2.0/fr/,YES,PER_TRACK_LICENSE_WITH_ATTRIBUTION,FOLLOW_RECORDED_CC_LICENSE,mtg_jamendo_cc,0853589aa943a83bac47da54dd19635713f7f4ba1f201acda633f4c187175ffa,mtg_jamendo_cc::track::jamendo_47900,train,,,,,REAL,,,,,,,,,,,,,cal_v13,data\raw\public_v9\real_music\jamendo\47900.low.mp3,0853589aa943a83bac47da54dd19635713f7f4ba1f201acda633f4c187175ffa,APPROVED,raw_30s audio-low shard 00,unknown,jamendo_artist_3f8c7625055b4575,jamendo_47900,jamendo_47900,jamendo::artist::3f8c7625055b4575,none,-1
C:\Users\lLrich\ai_voice_data_v13\raw\mtg_jamendo_cc\16a6dfb9e33c69a6c9aeabb2c138d1a738f500f12f70e757c98d0347913d7c44.mp3,0,0,0,0,1,jamendo_artist_596d571350da876b,mtg_jamendo_cc::real,mtg_jamendo_cc,mtg_jamendo_cc,not_huggingface_official_archive,jamendo_484000,jamendo::artist::596d571350da876b,https://github.com/MTG/mtg-jamendo-dataset,raw_30s audio-low shard 00,http://creativecommons.org/licenses/by-sa/3.0/,YES,PER_TRACK_LICENSE_WITH_ATTRIBUTION,FOLLOW_RECORDED_CC_LICENSE,mtg_jamendo_cc,16a6dfb9e33c69a6c9aeabb2c138d1a738f500f12f70e757c98d0347913d7c44,mtg_jamendo_cc::track::jamendo_484000,train,,,,,REAL,,,,,,,,,,,,,cal_v13,data\raw\public_v9\real_music\jamendo\484000.low.mp3,16a6dfb9e33c69a6c9aeabb2c138d1a738f500f12f70e757c98d0347913d7c44,APPROVED,raw_30s audio-low shard 00,unknown,jamendo_artist_596d571350da876b,jamendo_484000,jamendo_484000,jamendo::artist::596d571350da876b,none,-1
C:\Users\lLrich\ai_voice_data_v13\raw\mtg_jamendo_cc\37191e1072aa3f3ca9472fb233837ac07cddb95e90c2ff17ed7ce373bd8e22f7.mp3,0,0,0,0,1,jamendo_artist_0074b0350f770d57,mtg_jamendo_cc::real,mtg_jamendo_cc,mtg_jamendo_cc,not_huggingface_official_archive,jamendo_485800,jamendo::artist::0074b0350f770d57,https://github.com/MTG/mtg-jamendo-dataset,raw_30s audio-low shard 00,http://creativecommons.org/licenses/by-sa/2.5/it/,YES,PER_TRACK_LICENSE_WITH_ATTRIBUTION,FOLLOW_RECORDED_CC_LICENSE,mtg_jamendo_cc,37191e1072aa3f3ca9472fb233837ac07cddb95e90c2ff17ed7ce373bd8e22f7,mtg_jamendo_cc::track::jamendo_485800,train,,,,,REAL,,,,,,,,,,,,,cal_v13,data\raw\public_v9\real_music\jamendo\485800.low.mp3,37191e1072aa3f3ca9472fb233837ac07cddb95e90c2ff17ed7ce373bd8e22f7,APPROVED,raw_30s audio-low shard 00,unknown,jamendo_artist_0074b0350f770d57,jamendo_485800,jamendo_485800,jamendo::artist::0074b0350f770d57,none,-1
C:\Users\lLrich\ai_voice_data_v13\raw\mtg_jamendo_cc\f978492a69386236aea62edb37494daa34fddad30713eecb604ec33b0ca4eaef.mp3,0,0,0,0,1,jamendo_artist_86e510e4aec4df88,mtg_jamendo_cc::real,mtg_jamendo_cc,mtg_jamendo_cc,not_huggingface_official_archive,jamendo_488400,jamendo::artist::86e510e4aec4df88,https://github.com/MTG/mtg-jamendo-dataset,raw_30s audio-low shard 00,http://creativecommons.org/licenses/by-sa/3.0/,YES,PER_TRACK_LICENSE_WITH_ATTRIBUTION,FOLLOW_RECORDED_CC_LICENSE,mtg_jamendo_cc,f978492a69386236aea62edb37494daa34fddad30713eecb604ec33b0ca4eaef,mtg_jamendo_cc::track::jamendo_488400,train,,,,,REAL,,,,,,,,,,,,,cal_v13,data\raw\public_v9\real_music\jamendo\488400.low.mp3,f978492a69386236aea62edb37494daa34fddad30713eecb604ec33b0ca4eaef,APPROVED,raw_30s audio-low shard 00,unknown,jamendo_artist_86e510e4aec4df88,jamendo_488400,jamendo_488400,jamendo::artist::86e510e4aec4df88,none,-1
C:\Users\lLrich\ai_voice_data_v13\raw\mtg_jamendo_cc\ccd378420765752f953d648d63c413c9bdcb424461b518da1c48becc82f81f23.mp3,0,0,0,0,1,jamendo_artist_0ca93a9c803274ae,mtg_jamendo_cc::real,mtg_jamendo_cc,mtg_jamendo_cc,not_huggingface_official_archive,jamendo_490800,jamendo::artist::0ca93a9c803274ae,https://github.com/MTG/mtg-jamendo-dataset,raw_30s audio-low shard 00,http://creativecommons.org/licenses/by-nc-sa/3.0/,YES,PER_TRACK_LICENSE_WITH_ATTRIBUTION,FOLLOW_RECORDED_CC_LICENSE,mtg_jamendo_cc,ccd378420765752f953d648d63c413c9bdcb424461b518da1c48becc82f81f23,mtg_jamendo_cc::track::jamendo_490800,train,,,,,REAL,,,,,,,,,,,,,cal_v13,data\raw\public_v9\real_music\jamendo\490800.low.mp3,ccd378420765752f953d648d63c413c9bdcb424461b518da1c48becc82f81f23,APPROVED,raw_30s audio-low shard 00,unknown,jamendo_artist_0ca93a9c803274ae,jamendo_490800,jamendo_490800,jamendo::artist::0ca93a9c803274ae,none,-1
C:\Users\lLrich\ai_voice_data_v13\raw\mtg_jamendo_cc\d3f1098414e8088590298ee81f6d6fb1bfa93a69dd3f9ab92a4e5392062dfe88.mp3,0,0,0,0,1,jamendo_artist_ac84224bc9974af1,mtg_jamendo_cc::real,mtg_jamendo_cc,mtg_jamendo_cc,not_huggingface_official_archive,jamendo_49100,jamendo::artist::ac84224bc9974af1,https://github.com/MTG/mtg-jamendo-dataset,raw_30s audio-low shard 00,http://creativecommons.org/licenses/by-nc/3.0/,YES,PER_TRACK_LICENSE_WITH_ATTRIBUTION,FOLLOW_RECORDED_CC_LICENSE,mtg_jamendo_cc,d3f1098414e8088590298ee81f6d6fb1bfa93a69dd3f9ab92a4e5392062dfe88,mtg_jamendo_cc::track::jamendo_49100,train,,,,,REAL,,,,,,,,,,,,,cal_v13,data\raw\public_v9\real_music\jamendo\49100.low.mp3,d3f1098414e8088590298ee81f6d6fb1bfa93a69dd3f9ab92a4e5392062dfe88,APPROVED,raw_30s audio-low shard 00,unknown,jamendo_artist_ac84224bc9974af1,jamendo_49100,jamendo_49100,jamendo::artist::ac84224bc9974af1,none,-1
C:\Users\lLrich\ai_voice_data_v13\raw\mtg_jamendo_cc\427e4f519204ba064844730516aaa88feb87fd2992634d4d097377a7647eb4b6.mp3,0,0,0,0,1,jamendo_artist_d260c90d78223fdb,mtg_jamendo_cc::real,mtg_jamendo_cc,mtg_jamendo_cc,not_huggingface_official_archive,jamendo_501300,jamendo::artist::d260c90d78223fdb,https://github.com/MTG/mtg-jamendo-dataset,raw_30s audio-low shard 00,http://creativecommons.org/licenses/by-nc-sa/2.0/de/,YES,PER_TRACK_LICENSE_WITH_ATTRIBUTION,FOLLOW_RECORDED_CC_LICENSE,mtg_jamendo_cc,427e4f519204ba064844730516aaa88feb87fd2992634d4d097377a7647eb4b6,mtg_jamendo_cc::track::jamendo_501300,train,,,,,REAL,,,,,,,,,,,,,cal_v13,data\raw\public_v9\real_music\jamendo\501300.low.mp3,427e4f519204ba064844730516aaa88feb87fd2992634d4d097377a7647eb4b6,APPROVED,raw_30s audio-low shard 00,unknown,jamendo_artist_d260c90d78223fdb,jamendo_501300,jamendo_501300,jamendo::artist::d260c90d78223fdb,none,-1
C:\Users\lLrich\ai_voice_data_v13\raw\mtg_jamendo_cc\d82d3f9e27f63eded9a4693aad5a0bebc371f39caeade16366d6a2893b1c20e8.mp3,0,0,0,0,1,jamendo_artist_66e3ae257044c86d,mtg_jamendo_cc::real,mtg_jamendo_cc,mtg_jamendo_cc,not_huggingface_official_archive,jamendo_501500,jamendo::artist::66e3ae257044c86d,https://github.com/MTG/mtg-jamendo-dataset,raw_30s audio-low shard 00,http://creativecommons.org/licenses/by/3.0/,YES,PER_TRACK_LICENSE_WITH_ATTRIBUTION,FOLLOW_RECORDED_CC_LICENSE,mtg_jamendo_cc,d82d3f9e27f63eded9a4693aad5a0bebc371f39caeade16366d6a2893b1c20e8,mtg_jamendo_cc::track::jamendo_501500,train,,,,,REAL,,,,,,,,,,,,,cal_v13,data\raw\public_v9\real_music\jamendo\501500.low.mp3,d82d3f9e27f63eded9a4693aad5a0bebc371f39caeade16366d6a2893b1c20e8,APPROVED,raw_30s audio-low shard 00,unknown,jamendo_artist_66e3ae257044c86d,jamendo_501500,jamendo_501500,jamendo::artist::66e3ae257044c86d,none,-1
C:\Users\lLrich\ai_voice_data_v13\raw\mtg_jamendo_cc\49b24aed97a53137b629a34a39a792825e42cf339a6a3ae6a9343e1e094e2067.mp3,0,0,0,0,1,jamendo_artist_9fe40ad929526947,mtg_jamendo_cc::real,mtg_jamendo_cc,mtg_jamendo_cc,not_huggingface_official_archive,jamendo_506000,jamendo::artist::9fe40ad929526947,https://github.com/MTG/mtg-jamendo-dataset,raw_30s audio-low shard 00,http://creativecommons.org/licenses/by-nc-sa/3.0/,YES,PER_TRACK_LICENSE_WITH_ATTRIBUTION,FOLLOW_RECORDED_CC_LICENSE,mtg_jamendo_cc,49b24aed97a53137b629a34a39a792825e42cf339a6a3ae6a9343e1e094e2067,mtg_jamendo_cc::track::jamendo_506000,train,,,,,REAL,,,,,,,,,,,,,cal_v13,data\raw\public_v9\real_music\jamendo\506000.low.mp3,49b24aed97a53137b629a34a39a792825e42cf339a6a3ae6a9343e1e094e2067,APPROVED,raw_30s audio-low shard 00,unknown,jamendo_artist_9fe40ad929526947,jamendo_506000,jamendo_506000,jamendo::artist::9fe40ad929526947,none,-1
C:\Users\lLrich\ai_voice_data_v13\raw\mtg_jamendo_cc\41b57dd3b914452ac95e9f52f5338ecae95f286cb877038bd664b4df7b66270c.mp3,0,0,0,0,1,jamendo_artist_1e28ebcc2522293e,mtg_jamendo_cc::real,mtg_jamendo_cc,mtg_jamendo_cc,not_huggingface_official_archive,jamendo_514000,jamendo::artist::1e28ebcc2522293e,https://github.com/MTG/mtg-jamendo-dataset,raw_30s audio-low shard 00,http://creativecommons.org/licenses/by-nc-sa/3.0/,YES,PER_TRACK_LICENSE_WITH_ATTRIBUTION,FOLLOW_RECORDED_CC_LICENSE,mtg_jamendo_cc,41b57dd3b914452ac95e9f52f5338ecae95f286cb877038bd664b4df7b66270c,mtg_jamendo_cc::track::jamendo_514000,train,,,,,REAL,,,,,,,,,,,,,cal_v13,data\raw\public_v9\real_music\jamendo\514000.low.mp3,41b57dd3b914452ac95e9f52f5338ecae95f286cb877038bd664b4df7b66270c,APPROVED,raw_30s audio-low shard 00,unknown,jamendo_artist_1e28ebcc2522293e,jamendo_514000,jamendo_514000,jamendo::artist::1e28ebcc2522293e,none,-1
C:\Users\lLrich\ai_voice_data_v13\raw\mtg_jamendo_cc\73b4b708681ea17103c711cd01e74b69a81b2bea6a432dfa4b9c18ff43156da7.mp3,0,0,0,0,1,jamendo_artist_572ed586fc485bb9,mtg_jamendo_cc::real,mtg_jamendo_cc,mtg_jamendo_cc,not_huggingface_official_archive,jamendo_518600,jamendo::artist::572ed586fc485bb9,https://github.com/MTG/mtg-jamendo-dataset,raw_30s audio-low shard 00,http://creativecommons.org/licenses/by-nc-sa/3.0/,YES,PER_TRACK_LICENSE_WITH_ATTRIBUTION,FOLLOW_RECORDED_CC_LICENSE,mtg_jamendo_cc,73b4b708681ea17103c711cd01e74b69a81b2bea6a432dfa4b9c18ff43156da7,mtg_jamendo_cc::track::jamendo_518600,train,,,,,REAL,,,,,,,,,,,,,cal_v13,data\raw\public_v9\real_music\jamendo\518600.low.mp3,73b4b708681ea17103c711cd01e74b69a81b2bea6a432dfa4b9c18ff43156da7,APPROVED,raw_30s audio-low shard 00,unknown,jamendo_artist_572ed586fc485bb9,jamendo_518600,jamendo_518600,jamendo::artist::572ed586fc485bb9,none,-1
C:\Users\lLrich\ai_voice_data_v13\raw\mtg_jamendo_cc\6d7053fc38ff9e10695b54b38f59bf5e5a9e0b7ff06b7fa17848a29d6b0a00bf.mp3,0,0,0,0,1,jamendo_artist_c365ebe46a7818de,mtg_jamendo_cc::real,mtg_jamendo_cc,mtg_jamendo_cc,not_huggingface_official_archive,jamendo_543400,jamendo::artist::c365ebe46a7818de,https://github.com/MTG/mtg-jamendo-dataset,raw_30s audio-low shard 00,http://creativecommons.org/licenses/by/3.0/,YES,PER_TRACK_LICENSE_WITH_ATTRIBUTION,FOLLOW_RECORDED_CC_LICENSE,mtg_jamendo_cc,6d7053fc38ff9e10695b54b38f59bf5e5a9e0b7ff06b7fa17848a29d6b0a00bf,mtg_jamendo_cc::track::jamendo_543400,train,,,,,REAL,,,,,,,,,,,,,cal_v13,data\raw\public_v9\real_music\jamendo\543400.low.mp3,6d7053fc38ff9e10695b54b38f59bf5e5a9e0b7ff06b7fa17848a29d6b0a00bf,APPROVED,raw_30s audio-low shard 00,unknown,jamendo_artist_c365ebe46a7818de,jamendo_543400,jamendo_543400,jamendo::artist::c365ebe46a7818de,none,-1
C:\Users\lLrich\ai_voice_data_v13\raw\mtg_jamendo_cc\868a7d77517deeabaf2001da8df92f7e35423a11ba1e6862d6043d05dcbc5234.mp3,0,0,0,0,1,jamendo_artist_ff2ee954f218b605,mtg_jamendo_cc::real,mtg_jamendo_cc,mtg_jamendo_cc,not_huggingface_official_archive,jamendo_565800,jamendo::artist::ff2ee954f218b605,https://github.com/MTG/mtg-jamendo-dataset,raw_30s audio-low shard 00,http://creativecommons.org/licenses/by-nc-sa/3.0/,YES,PER_TRACK_LICENSE_WITH_ATTRIBUTION,FOLLOW_RECORDED_CC_LICENSE,mtg_jamendo_cc,868a7d77517deeabaf2001da8df92f7e35423a11ba1e6862d6043d05dcbc5234,mtg_jamendo_cc::track::jamendo_565800,train,,,,,REAL,,,,,,,,,,,,,cal_v13,data\raw\public_v9\real_music\jamendo\565800.low.mp3,868a7d77517deeabaf2001da8df92f7e35423a11ba1e6862d6043d05dcbc5234,APPROVED,raw_30s audio-low shard 00,unknown,jamendo_artist_ff2ee954f218b605,jamendo_565800,jamendo_565800,jamendo::artist::ff2ee954f218b605,none,-1
C:\Users\lLrich\ai_voice_data_v13\raw\mtg_jamendo_cc\abddc70150408810d40b385cefa4ccb68773b6c0b89a95abe58971c302baa06e.mp3,0,0,0,0,1,jamendo_artist_e75d4928e93f38c0,mtg_jamendo_cc::real,mtg_jamendo_cc,mtg_jamendo_cc,not_huggingface_official_archive,jamendo_5700,jamendo::artist::e75d4928e93f38c0,https://github.com/MTG/mtg-jamendo-dataset,raw_30s audio-low shard 00,http://creativecommons.org/licenses/by-nc/3.0/,YES,PER_TRACK_LICENSE_WITH_ATTRIBUTION,FOLLOW_RECORDED_CC_LICENSE,mtg_jamendo_cc,abddc70150408810d40b385cefa4ccb68773b6c0b89a95abe58971c302baa06e,mtg_jamendo_cc::track::jamendo_5700,train,,,,,REAL,,,,,,,,,,,,,cal_v13,data\raw\public_v9\real_music\jamendo\5700.low.mp3,abddc70150408810d40b385cefa4ccb68773b6c0b89a95abe58971c302baa06e,APPROVED,raw_30s audio-low shard 00,unknown,jamendo_artist_e75d4928e93f38c0,jamendo_5700,jamendo_5700,jamendo::artist::e75d4928e93f38c0,none,-1
C:\Users\lLrich\ai_voice_data_v13\raw\mtg_jamendo_cc\6a9ece7cffc680040c9913fe4ab6a29a105fce37eddf73fe94570eb1be1b369f.mp3,0,0,0,0,1,jamendo_artist_f70e6419ae762249,mtg_jamendo_cc::real,mtg_jamendo_cc,mtg_jamendo_cc,not_huggingface_official_archive,jamendo_587000,jamendo::artist::f70e6419ae762249,https://github.com/MTG/mtg-jamendo-dataset,raw_30s audio-low shard 00,http://creativecommons.org/licenses/by-sa/3.0/,YES,PER_TRACK_LICENSE_WITH_ATTRIBUTION,FOLLOW_RECORDED_CC_LICENSE,mtg_jamendo_cc,6a9ece7cffc680040c9913fe4ab6a29a105fce37eddf73fe94570eb1be1b369f,mtg_jamendo_cc::track::jamendo_587000,train,,,,,REAL,,,,,,,,,,,,,cal_v13,data\raw\public_v9\real_music\jamendo\587000.low.mp3,6a9ece7cffc680040c9913fe4ab6a29a105fce37eddf73fe94570eb1be1b369f,APPROVED,raw_30s audio-low shard 00,unknown,jamendo_artist_f70e6419ae762249,jamendo_587000,jamendo_587000,jamendo::artist::f70e6419ae762249,none,-1
C:\Users\lLrich\ai_voice_data_v13\raw\mtg_jamendo_cc\1dbb74eb45d3771bb55117d18e96e57d245f7a7bdc5dd82872b222e4b3857732.mp3,0,0,0,0,1,jamendo_artist_f70e6419ae762249,mtg_jamendo_cc::real,mtg_jamendo_cc,mtg_jamendo_cc,not_huggingface_official_archive,jamendo_588700,jamendo::artist::f70e6419ae762249,https://github.com/MTG/mtg-jamendo-dataset,raw_30s audio-low shard 00,http://creativecommons.org/licenses/by-sa/3.0/,YES,PER_TRACK_LICENSE_WITH_ATTRIBUTION,FOLLOW_RECORDED_CC_LICENSE,mtg_jamendo_cc,1dbb74eb45d3771bb55117d18e96e57d245f7a7bdc5dd82872b222e4b3857732,mtg_jamendo_cc::track::jamendo_588700,train,,,,,REAL,,,,,,,,,,,,,cal_v13,data\raw\public_v9\real_music\jamendo\588700.low.mp3,1dbb74eb45d3771bb55117d18e96e57d245f7a7bdc5dd82872b222e4b3857732,APPROVED,raw_30s audio-low shard 00,unknown,jamendo_artist_f70e6419ae762249,jamendo_588700,jamendo_588700,jamendo::artist::f70e6419ae762249,none,-1
C:\Users\lLrich\ai_voice_data_v13\raw\mtg_jamendo_cc\dd02292921ec9fd12d23658e71be27cf47b0f8cda326ed4dfa77ec4ac9e110f3.mp3,0,0,0,0,1,jamendo_artist_4783c01544a90806,mtg_jamendo_cc::real,mtg_jamendo_cc,mtg_jamendo_cc,not_huggingface_official_archive,jamendo_604700,jamendo::artist::4783c01544a90806,https://github.com/MTG/mtg-jamendo-dataset,raw_30s audio-low shard 00,http://creativecommons.org/licenses/by/3.0/,YES,PER_TRACK_LICENSE_WITH_ATTRIBUTION,FOLLOW_RECORDED_CC_LICENSE,mtg_jamendo_cc,dd02292921ec9fd12d23658e71be27cf47b0f8cda326ed4dfa77ec4ac9e110f3,mtg_jamendo_cc::track::jamendo_604700,train,,,,,REAL,,,,,,,,,,,,,cal_v13,data\raw\public_v9\real_music\jamendo\604700.low.mp3,dd02292921ec9fd12d23658e71be27cf47b0f8cda326ed4dfa77ec4ac9e110f3,APPROVED,raw_30s audio-low shard 00,unknown,jamendo_artist_4783c01544a90806,jamendo_604700,jamendo_604700,jamendo::artist::4783c01544a90806,none,-1
C:\Users\lLrich\ai_voice_data_v13\raw\mtg_jamendo_cc\0fb36374c2baa52bc68ad95a6221f6683e4bcd1768ddb335f1e43f4622f55d16.mp3,0,0,0,0,1,jamendo_artist_b2545993f69bec62,mtg_jamendo_cc::real,mtg_jamendo_cc,mtg_jamendo_cc,not_huggingface_official_archive,jamendo_633200,jamendo::artist::b2545993f69bec62,https://github.com/MTG/mtg-jamendo-dataset,raw_30s audio-low shard 00,http://creativecommons.org/licenses/by/3.0/,YES,PER_TRACK_LICENSE_WITH_ATTRIBUTION,FOLLOW_RECORDED_CC_LICENSE,mtg_jamendo_cc,0fb36374c2baa52bc68ad95a6221f6683e4bcd1768ddb335f1e43f4622f55d16,mtg_jamendo_cc::track::jamendo_633200,train,,,,,REAL,,,,,,,,,,,,,cal_v13,data\raw\public_v9\real_music\jamendo\633200.low.mp3,0fb36374c2baa52bc68ad95a6221f6683e4bcd1768ddb335f1e43f4622f55d16,APPROVED,raw_30s audio-low shard 00,unknown,jamendo_artist_b2545993f69bec62,jamendo_633200,jamendo_633200,jamendo::artist::b2545993f69bec62,none,-1
C:\Users\lLrich\ai_voice_data_v13\raw\mtg_jamendo_cc\26e8c2988dfd57c5435e1b03b07478ddbe6a8b6ace831a5e135d2f2188182597.mp3,0,0,0,0,1,jamendo_artist_788fe073c21fe05e,mtg_jamendo_cc::real,mtg_jamendo_cc,mtg_jamendo_cc,not_huggingface_official_archive,jamendo_634500,jamendo::artist::788fe073c21fe05e,https://github.com/MTG/mtg-jamendo-dataset,raw_30s audio-low shard 00,http://creativecommons.org/licenses/by-sa/3.0/,YES,PER_TRACK_LICENSE_WITH_ATTRIBUTION,FOLLOW_RECORDED_CC_LICENSE,mtg_jamendo_cc,26e8c2988dfd57c5435e1b03b07478ddbe6a8b6ace831a5e135d2f2188182597,mtg_jamendo_cc::track::jamendo_634500,train,,,,,REAL,,,,,,,,,,,,,cal_v13,data\raw\public_v9\real_music\jamendo\634500.low.mp3,26e8c2988dfd57c5435e1b03b07478ddbe6a8b6ace831a5e135d2f2188182597,APPROVED,raw_30s audio-low shard 00,unknown,jamendo_artist_788fe073c21fe05e,jamendo_634500,jamendo_634500,jamendo::artist::788fe073c21fe05e,none,-1
C:\Users\lLrich\ai_voice_data_v13\raw\mtg_jamendo_cc\322d04979686ccf221c0db8c94d1b407afbdf3bb0e56b820f6c8e1777fd28a6a.mp3,0,0,0,0,1,jamendo_artist_ff2ee954f218b605,mtg_jamendo_cc::real,mtg_jamendo_cc,mtg_jamendo_cc,not_huggingface_official_archive,jamendo_659900,jamendo::artist::ff2ee954f218b605,https://github.com/MTG/mtg-jamendo-dataset,raw_30s audio-low shard 00,http://creativecommons.org/licenses/by-nc-sa/3.0/,YES,PER_TRACK_LICENSE_WITH_ATTRIBUTION,FOLLOW_RECORDED_CC_LICENSE,mtg_jamendo_cc,322d04979686ccf221c0db8c94d1b407afbdf3bb0e56b820f6c8e1777fd28a6a,mtg_jamendo_cc::track::jamendo_659900,train,,,,,REAL,,,,,,,,,,,,,cal_v13,data\raw\public_v9\real_music\jamendo\659900.low.mp3,322d04979686ccf221c0db8c94d1b407afbdf3bb0e56b820f6c8e1777fd28a6a,APPROVED,raw_30s audio-low shard 00,unknown,jamendo_artist_ff2ee954f218b605,jamendo_659900,jamendo_659900,jamendo::artist::ff2ee954f218b605,none,-1
C:\Users\lLrich\ai_voice_data_v13\raw\mtg_jamendo_cc\28d205af54406f1fc0a603ea983cb1146c2836afa17bb2a7ac9395f1053b37de.mp3,0,0,0,0,1,jamendo_artist_5f36b6eae9a3f317,mtg_jamendo_cc::real,mtg_jamendo_cc,mtg_jamendo_cc,not_huggingface_official_archive,jamendo_661300,jamendo::artist::5f36b6eae9a3f317,https://github.com/MTG/mtg-jamendo-dataset,raw_30s audio-low shard 00,http://creativecommons.org/licenses/by-nc-sa/3.0/,YES,PER_TRACK_LICENSE_WITH_ATTRIBUTION,FOLLOW_RECORDED_CC_LICENSE,mtg_jamendo_cc,28d205af54406f1fc0a603ea983cb1146c2836afa17bb2a7ac9395f1053b37de,mtg_jamendo_cc::track::jamendo_661300,train,,,,,REAL,,,,,,,,,,,,,cal_v13,data\raw\public_v9\real_music\jamendo\661300.low.mp3,28d205af54406f1fc0a603ea983cb1146c2836afa17bb2a7ac9395f1053b37de,APPROVED,raw_30s audio-low shard 00,unknown,jamendo_artist_5f36b6eae9a3f317,jamendo_661300,jamendo_661300,jamendo::artist::5f36b6eae9a3f317,none,-1
C:\Users\lLrich\ai_voice_data_v13\raw\mtg_jamendo_cc\15578bc2a433a24bb3d525ec7214031ebdbcaa37a044d376411c1496dc9563c8.mp3,0,0,0,0,1,jamendo_artist_7e6a053fd1808f58,mtg_jamendo_cc::real,mtg_jamendo_cc,mtg_jamendo_cc,not_huggingface_official_archive,jamendo_661600,jamendo::artist::7e6a053fd1808f58,https://github.com/MTG/mtg-jamendo-dataset,raw_30s audio-low shard 00,http://creativecommons.org/licenses/by-nc-sa/3.0/nl/,YES,PER_TRACK_LICENSE_WITH_ATTRIBUTION,FOLLOW_RECORDED_CC_LICENSE,mtg_jamendo_cc,15578bc2a433a24bb3d525ec7214031ebdbcaa37a044d376411c1496dc9563c8,mtg_jamendo_cc::track::jamendo_661600,train,,,,,REAL,,,,,,,,,,,,,cal_v13,data\raw\public_v9\real_music\jamendo\661600.low.mp3,15578bc2a433a24bb3d525ec7214031ebdbcaa37a044d376411c1496dc9563c8,APPROVED,raw_30s audio-low shard 00,unknown,jamendo_artist_7e6a053fd1808f58,jamendo_661600,jamendo_661600,jamendo::artist::7e6a053fd1808f58,none,-1
C:\Users\lLrich\ai_voice_data_v13\raw\mtg_jamendo_cc\5c8b3a426125dca3d611a639ea81e38dd4359e19822d75ce89adda7a9db6a4d1.mp3,0,0,0,0,1,jamendo_artist_b2545993f69bec62,mtg_jamendo_cc::real,mtg_jamendo_cc,mtg_jamendo_cc,not_huggingface_official_archive,jamendo_682600,jamendo::artist::b2545993f69bec62,https://github.com/MTG/mtg-jamendo-dataset,raw_30s audio-low shard 00,http://creativecommons.org/licenses/by/3.0/,YES,PER_TRACK_LICENSE_WITH_ATTRIBUTION,FOLLOW_RECORDED_CC_LICENSE,mtg_jamendo_cc,5c8b3a426125dca3d611a639ea81e38dd4359e19822d75ce89adda7a9db6a4d1,mtg_jamendo_cc::track::jamendo_682600,train,,,,,REAL,,,,,,,,,,,,,cal_v13,data\raw\public_v9\real_music\jamendo\682600.low.mp3,5c8b3a426125dca3d611a639ea81e38dd4359e19822d75ce89adda7a9db6a4d1,APPROVED,raw_30s audio-low shard 00,unknown,jamendo_artist_b2545993f69bec62,jamendo_682600,jamendo_682600,jamendo::artist::b2545993f69bec62,none,-1
C:\Users\lLrich\ai_voice_data_v13\raw\mtg_jamendo_cc\a6a6007a0088c5baca817fe9a5a39d6dcdd339de37abfa78b2564e0a232f9236.mp3,0,0,0,0,1,jamendo_artist_4dbcd1906d607cf2,mtg_jamendo_cc::real,mtg_jamendo_cc,mtg_jamendo_cc,not_huggingface_official_archive,jamendo_683800,jamendo::artist::4dbcd1906d607cf2,https://github.com/MTG/mtg-jamendo-dataset,raw_30s audio-low shard 00,http://creativecommons.org/licenses/by/3.0/,YES,PER_TRACK_LICENSE_WITH_ATTRIBUTION,FOLLOW_RECORDED_CC_LICENSE,mtg_jamendo_cc,a6a6007a0088c5baca817fe9a5a39d6dcdd339de37abfa78b2564e0a232f9236,mtg_jamendo_cc::track::jamendo_683800,train,,,,,REAL,,,,,,,,,,,,,cal_v13,data\raw\public_v9\real_music\jamendo\683800.low.mp3,a6a6007a0088c5baca817fe9a5a39d6dcdd339de37abfa78b2564e0a232f9236,APPROVED,raw_30s audio-low shard 00,unknown,jamendo_artist_4dbcd1906d607cf2,jamendo_683800,jamendo_683800,jamendo::artist::4dbcd1906d607cf2,none,-1
C:\Users\lLrich\ai_voice_data_v13\raw\mtg_jamendo_cc\eb51bd93e1cfc57c29b44d3e25a88caec22182cf07340dd9f3f13b609e1bacf1.mp3,0,0,0,0,1,jamendo_artist_a661a8b17afe7a77,mtg_jamendo_cc::real,mtg_jamendo_cc,mtg_jamendo_cc,not_huggingface_official_archive,jamendo_699100,jamendo::artist::a661a8b17afe7a77,https://github.com/MTG/mtg-jamendo-dataset,raw_30s audio-low shard 00,http://creativecommons.org/licenses/by-sa/2.5/se/,YES,PER_TRACK_LICENSE_WITH_ATTRIBUTION,FOLLOW_RECORDED_CC_LICENSE,mtg_jamendo_cc,eb51bd93e1cfc57c29b44d3e25a88caec22182cf07340dd9f3f13b609e1bacf1,mtg_jamendo_cc::track::jamendo_699100,train,,,,,REAL,,,,,,,,,,,,,cal_v13,data\raw\public_v9\real_music\jamendo\699100.low.mp3,eb51bd93e1cfc57c29b44d3e25a88caec22182cf07340dd9f3f13b609e1bacf1,APPROVED,raw_30s audio-low shard 00,unknown,jamendo_artist_a661a8b17afe7a77,jamendo_699100,jamendo_699100,jamendo::artist::a661a8b17afe7a77,none,-1
C:\Users\lLrich\ai_voice_data_v13\raw\mtg_jamendo_cc\e01062885bd90e41906ba88a4a018be4ba42f09617bd19a31ac90841085996cb.mp3,0,0,0,0,1,jamendo_artist_4601ea3ae7da6168,mtg_jamendo_cc::real,mtg_jamendo_cc,mtg_jamendo_cc,not_huggingface_official_archive,jamendo_702500,jamendo::artist::4601ea3ae7da6168,https://github.com/MTG/mtg-jamendo-dataset,raw_30s audio-low shard 00,http://creativecommons.org/licenses/by-nc-sa/3.0/,YES,PER_TRACK_LICENSE_WITH_ATTRIBUTION,FOLLOW_RECORDED_CC_LICENSE,mtg_jamendo_cc,e01062885bd90e41906ba88a4a018be4ba42f09617bd19a31ac90841085996cb,mtg_jamendo_cc::track::jamendo_702500,train,,,,,REAL,,,,,,,,,,,,,cal_v13,data\raw\public_v9\real_music\jamendo\702500.low.mp3,e01062885bd90e41906ba88a4a018be4ba42f09617bd19a31ac90841085996cb,APPROVED,raw_30s audio-low shard 00,unknown,jamendo_artist_4601ea3ae7da6168,jamendo_702500,jamendo_702500,jamendo::artist::4601ea3ae7da6168,none,-1
C:\Users\lLrich\ai_voice_data_v13\raw\mtg_jamendo_cc\57cb67fd299bc1e239d505302a5c0cc22c8391b8113777e4fde496d4b64f58cc.mp3,0,0,0,0,1,jamendo_artist_d0cb0f06b8892982,mtg_jamendo_cc::real,mtg_jamendo_cc,mtg_jamendo_cc,not_huggingface_official_archive,jamendo_704400,jamendo::artist::d0cb0f06b8892982,https://github.com/MTG/mtg-jamendo-dataset,raw_30s audio-low shard 00,http://creativecommons.org/licenses/by-sa/3.0/,YES,PER_TRACK_LICENSE_WITH_ATTRIBUTION,FOLLOW_RECORDED_CC_LICENSE,mtg_jamendo_cc,57cb67fd299bc1e239d505302a5c0cc22c8391b8113777e4fde496d4b64f58cc,mtg_jamendo_cc::track::jamendo_704400,train,,,,,REAL,,,,,,,,,,,,,cal_v13,data\raw\public_v9\real_music\jamendo\704400.low.mp3,57cb67fd299bc1e239d505302a5c0cc22c8391b8113777e4fde496d4b64f58cc,APPROVED,raw_30s audio-low shard 00,unknown,jamendo_artist_d0cb0f06b8892982,jamendo_704400,jamendo_704400,jamendo::artist::d0cb0f06b8892982,none,-1
C:\Users\lLrich\ai_voice_data_v13\raw\mtg_jamendo_cc\a63afac0c3a173c83723c20dde74705dab9639abf2815cec7bacdb328304dc80.mp3,0,0,0,0,1,jamendo_artist_b07f500ea4a56df7,mtg_jamendo_cc::real,mtg_jamendo_cc,mtg_jamendo_cc,not_huggingface_official_archive,jamendo_719800,jamendo::artist::b07f500ea4a56df7,https://github.com/MTG/mtg-jamendo-dataset,raw_30s audio-low shard 00,http://creativecommons.org/licenses/by-nc-sa/2.0/uk/,YES,PER_TRACK_LICENSE_WITH_ATTRIBUTION,FOLLOW_RECORDED_CC_LICENSE,mtg_jamendo_cc,a63afac0c3a173c83723c20dde74705dab9639abf2815cec7bacdb328304dc80,mtg_jamendo_cc::track::jamendo_719800,train,,,,,REAL,,,,,,,,,,,,,cal_v13,data\raw\public_v9\real_music\jamendo\719800.low.mp3,a63afac0c3a173c83723c20dde74705dab9639abf2815cec7bacdb328304dc80,APPROVED,raw_30s audio-low shard 00,unknown,jamendo_artist_b07f500ea4a56df7,jamendo_719800,jamendo_719800,jamendo::artist::b07f500ea4a56df7,none,-1
C:\Users\lLrich\ai_voice_data_v13\raw\mtg_jamendo_cc\a7f2922bb2a0a02148d3b4a6a26b6f22341423e57401a46675789b3387b51d48.mp3,0,0,0,0,1,jamendo_artist_58ee9d1ca895eb1a,mtg_jamendo_cc::real,mtg_jamendo_cc,mtg_jamendo_cc,not_huggingface_official_archive,jamendo_7200,jamendo::artist::58ee9d1ca895eb1a,https://github.com/MTG/mtg-jamendo-dataset,raw_30s audio-low shard 00,http://creativecommons.org/licenses/by-nc-sa/2.5/,YES,PER_TRACK_LICENSE_WITH_ATTRIBUTION,FOLLOW_RECORDED_CC_LICENSE,mtg_jamendo_cc,a7f2922bb2a0a02148d3b4a6a26b6f22341423e57401a46675789b3387b51d48,mtg_jamendo_cc::track::jamendo_7200,train,,,,,REAL,,,,,,,,,,,,,cal_v13,data\raw\public_v9\real_music\jamendo\7200.low.mp3,a7f2922bb2a0a02148d3b4a6a26b6f22341423e57401a46675789b3387b51d48,APPROVED,raw_30s audio-low shard 00,unknown,jamendo_artist_58ee9d1ca895eb1a,jamendo_7200,jamendo_7200,jamendo::artist::58ee9d1ca895eb1a,none,-1
C:\Users\lLrich\ai_voice_data_v13\raw\mtg_jamendo_cc\c290708ccc7357d124a178f0e1bfd73180cad35ef96d510cef1c1a92477d8f94.mp3,0,0,0,0,1,jamendo_artist_f17a80261e9befaa,mtg_jamendo_cc::real,mtg_jamendo_cc,mtg_jamendo_cc,not_huggingface_official_archive,jamendo_74000,jamendo::artist::f17a80261e9befaa,https://github.com/MTG/mtg-jamendo-dataset,raw_30s audio-low shard 00,http://creativecommons.org/licenses/by-nc-sa/3.0/,YES,PER_TRACK_LICENSE_WITH_ATTRIBUTION,FOLLOW_RECORDED_CC_LICENSE,mtg_jamendo_cc,c290708ccc7357d124a178f0e1bfd73180cad35ef96d510cef1c1a92477d8f94,mtg_jamendo_cc::track::jamendo_74000,train,,,,,REAL,,,,,,,,,,,,,cal_v13,data\raw\public_v9\real_music\jamendo\74000.low.mp3,c290708ccc7357d124a178f0e1bfd73180cad35ef96d510cef1c1a92477d8f94,APPROVED,raw_30s audio-low shard 00,unknown,jamendo_artist_f17a80261e9befaa,jamendo_74000,jamendo_74000,jamendo::artist::f17a80261e9befaa,none,-1
C:\Users\lLrich\ai_voice_data_v13\raw\mtg_jamendo_cc\ffa506fb418b1bedd1e69e3e736ae057860897cbfda4744e20f9b9d4eb76e50a.mp3,0,0,0,0,1,jamendo_artist_8fe3c27f70fc6366,mtg_jamendo_cc::real,mtg_jamendo_cc,mtg_jamendo_cc,not_huggingface_official_archive,jamendo_74700,jamendo::artist::8fe3c27f70fc6366,https://github.com/MTG/mtg-jamendo-dataset,raw_30s audio-low shard 00,http://creativecommons.org/licenses/by-nc-sa/2.0/fr/,YES,PER_TRACK_LICENSE_WITH_ATTRIBUTION,FOLLOW_RECORDED_CC_LICENSE,mtg_jamendo_cc,ffa506fb418b1bedd1e69e3e736ae057860897cbfda4744e20f9b9d4eb76e50a,mtg_jamendo_cc::track::jamendo_74700,train,,,,,REAL,,,,,,,,,,,,,cal_v13,data\raw\public_v9\real_music\jamendo\74700.low.mp3,ffa506fb418b1bedd1e69e3e736ae057860897cbfda4744e20f9b9d4eb76e50a,APPROVED,raw_30s audio-low shard 00,unknown,jamendo_artist_8fe3c27f70fc6366,jamendo_74700,jamendo_74700,jamendo::artist::8fe3c27f70fc6366,none,-1
C:\Users\lLrich\ai_voice_data_v13\raw\mtg_jamendo_cc\fb3cbdbf4b5e8d00935909bb2c95e563e3beb04073b9b8e586dfe227a83fdf92.mp3,0,0,0,0,1,jamendo_artist_b7dfe607ea65dddf,mtg_jamendo_cc::real,mtg_jamendo_cc,mtg_jamendo_cc,not_huggingface_official_archive,jamendo_75200,jamendo::artist::b7dfe607ea65dddf,https://github.com/MTG/mtg-jamendo-dataset,raw_30s audio-low shard 00,http://creativecommons.org/licenses/by-nc/3.0/,YES,PER_TRACK_LICENSE_WITH_ATTRIBUTION,FOLLOW_RECORDED_CC_LICENSE,mtg_jamendo_cc,fb3cbdbf4b5e8d00935909bb2c95e563e3beb04073b9b8e586dfe227a83fdf92,mtg_jamendo_cc::track::jamendo_75200,train,,,,,REAL,,,,,,,,,,,,,cal_v13,data\raw\public_v9\real_music\jamendo\75200.low.mp3,fb3cbdbf4b5e8d00935909bb2c95e563e3beb04073b9b8e586dfe227a83fdf92,APPROVED,raw_30s audio-low shard 00,unknown,jamendo_artist_b7dfe607ea65dddf,jamendo_75200,jamendo_75200,jamendo::artist::b7dfe607ea65dddf,none,-1
C:\Users\lLrich\ai_voice_data_v13\raw\mtg_jamendo_cc\af3f4bc6a34491e6df7a0dbc330c09d0a25c99e3e0398970736bfb9079187238.mp3,0,0,0,0,1,jamendo_artist_84ff016239606956,mtg_jamendo_cc::real,mtg_jamendo_cc,mtg_jamendo_cc,not_huggingface_official_archive,jamendo_752300,jamendo::artist::84ff016239606956,https://github.com/MTG/mtg-jamendo-dataset,raw_30s audio-low shard 00,http://creativecommons.org/licenses/by-nc-sa/3.0/,YES,PER_TRACK_LICENSE_WITH_ATTRIBUTION,FOLLOW_RECORDED_CC_LICENSE,mtg_jamendo_cc,af3f4bc6a34491e6df7a0dbc330c09d0a25c99e3e0398970736bfb9079187238,mtg_jamendo_cc::track::jamendo_752300,train,,,,,REAL,,,,,,,,,,,,,cal_v13,data\raw\public_v9\real_music\jamendo\752300.low.mp3,af3f4bc6a34491e6df7a0dbc330c09d0a25c99e3e0398970736bfb9079187238,APPROVED,raw_30s audio-low shard 00,unknown,jamendo_artist_84ff016239606956,jamendo_752300,jamendo_752300,jamendo::artist::84ff016239606956,none,-1
C:\Users\lLrich\ai_voice_data_v13\raw\mtg_jamendo_cc\3da244db59c8291ce54cf76aee2f157d05e7157c258c9bdb375b91d5f5d21697.mp3,0,0,0,0,1,jamendo_artist_4d65cfc350a9ba14,mtg_jamendo_cc::real,mtg_jamendo_cc,mtg_jamendo_cc,not_huggingface_official_archive,jamendo_757500,jamendo::artist::4d65cfc350a9ba14,https://github.com/MTG/mtg-jamendo-dataset,raw_30s audio-low shard 00,http://creativecommons.org/licenses/by-nc-sa/3.0/,YES,PER_TRACK_LICENSE_WITH_ATTRIBUTION,FOLLOW_RECORDED_CC_LICENSE,mtg_jamendo_cc,3da244db59c8291ce54cf76aee2f157d05e7157c258c9bdb375b91d5f5d21697,mtg_jamendo_cc::track::jamendo_757500,train,,,,,REAL,,,,,,,,,,,,,cal_v13,data\raw\public_v9\real_music\jamendo\757500.low.mp3,3da244db59c8291ce54cf76aee2f157d05e7157c258c9bdb375b91d5f5d21697,APPROVED,raw_30s audio-low shard 00,unknown,jamendo_artist_4d65cfc350a9ba14,jamendo_757500,jamendo_757500,jamendo::artist::4d65cfc350a9ba14,none,-1
C:\Users\lLrich\ai_voice_data_v13\raw\mtg_jamendo_cc\b3a4a3a6aeebdad602a9da5e797c01d5be687c4a9f2a16e7bf2cd6e2f59738a9.mp3,0,0,0,0,1,jamendo_artist_6ddbf5ea94ce577a,mtg_jamendo_cc::real,mtg_jamendo_cc,mtg_jamendo_cc,not_huggingface_official_archive,jamendo_759300,jamendo::artist::6ddbf5ea94ce577a,https://github.com/MTG/mtg-jamendo-dataset,raw_30s audio-low shard 00,http://creativecommons.org/licenses/by-nc/3.0/,YES,PER_TRACK_LICENSE_WITH_ATTRIBUTION,FOLLOW_RECORDED_CC_LICENSE,mtg_jamendo_cc,b3a4a3a6aeebdad602a9da5e797c01d5be687c4a9f2a16e7bf2cd6e2f59738a9,mtg_jamendo_cc::track::jamendo_759300,train,,,,,REAL,,,,,,,,,,,,,cal_v13,data\raw\public_v9\real_music\jamendo\759300.low.mp3,b3a4a3a6aeebdad602a9da5e797c01d5be687c4a9f2a16e7bf2cd6e2f59738a9,APPROVED,raw_30s audio-low shard 00,unknown,jamendo_artist_6ddbf5ea94ce577a,jamendo_759300,jamendo_759300,jamendo::artist::6ddbf5ea94ce577a,none,-1
C:\Users\lLrich\ai_voice_data_v13\raw\mtg_jamendo_cc\4f982a3b7a0294dd4cffd31139b920ff825a918dfe5a30cd4ebe374a64db5615.mp3,0,0,0,0,1,jamendo_artist_d613f2de2349a63a,mtg_jamendo_cc::real,mtg_jamendo_cc,mtg_jamendo_cc,not_huggingface_official_archive,jamendo_760900,jamendo::artist::d613f2de2349a63a,https://github.com/MTG/mtg-jamendo-dataset,raw_30s audio-low shard 00,http://creativecommons.org/licenses/by-sa/3.0/,YES,PER_TRACK_LICENSE_WITH_ATTRIBUTION,FOLLOW_RECORDED_CC_LICENSE,mtg_jamendo_cc,4f982a3b7a0294dd4cffd31139b920ff825a918dfe5a30cd4ebe374a64db5615,mtg_jamendo_cc::track::jamendo_760900,train,,,,,REAL,,,,,,,,,,,,,cal_v13,data\raw\public_v9\real_music\jamendo\760900.low.mp3,4f982a3b7a0294dd4cffd31139b920ff825a918dfe5a30cd4ebe374a64db5615,APPROVED,raw_30s audio-low shard 00,unknown,jamendo_artist_d613f2de2349a63a,jamendo_760900,jamendo_760900,jamendo::artist::d613f2de2349a63a,none,-1
C:\Users\lLrich\ai_voice_data_v13\raw\mtg_jamendo_cc\ae1f044116518a09da8398fcac7ad404fb1da7e51ef27e7e497ef2e833822604.mp3,0,0,0,0,1,jamendo_artist_fcbae1c701ac3388,mtg_jamendo_cc::real,mtg_jamendo_cc,mtg_jamendo_cc,not_huggingface_official_archive,jamendo_768200,jamendo::artist::fcbae1c701ac3388,https://github.com/MTG/mtg-jamendo-dataset,raw_30s audio-low shard 00,http://creativecommons.org/licenses/by-nc-sa/3.0/,YES,PER_TRACK_LICENSE_WITH_ATTRIBUTION,FOLLOW_RECORDED_CC_LICENSE,mtg_jamendo_cc,ae1f044116518a09da8398fcac7ad404fb1da7e51ef27e7e497ef2e833822604,mtg_jamendo_cc::track::jamendo_768200,train,,,,,REAL,,,,,,,,,,,,,cal_v13,data\raw\public_v9\real_music\jamendo\768200.low.mp3,ae1f044116518a09da8398fcac7ad404fb1da7e51ef27e7e497ef2e833822604,APPROVED,raw_30s audio-low shard 00,unknown,jamendo_artist_fcbae1c701ac3388,jamendo_768200,jamendo_768200,jamendo::artist::fcbae1c701ac3388,none,-1
C:\Users\lLrich\ai_voice_data_v13\raw\mtg_jamendo_cc\9317f4dc598ad94158756c874a681f5f52d0b30499c00a9a5ea11d0edc59738b.mp3,0,0,0,0,1,jamendo_artist_1f257e2eede47aa5,mtg_jamendo_cc::real,mtg_jamendo_cc,mtg_jamendo_cc,not_huggingface_official_archive,jamendo_769000,jamendo::artist::1f257e2eede47aa5,https://github.com/MTG/mtg-jamendo-dataset,raw_30s audio-low shard 00,http://creativecommons.org/licenses/by-sa/2.0/fr/,YES,PER_TRACK_LICENSE_WITH_ATTRIBUTION,FOLLOW_RECORDED_CC_LICENSE,mtg_jamendo_cc,9317f4dc598ad94158756c874a681f5f52d0b30499c00a9a5ea11d0edc59738b,mtg_jamendo_cc::track::jamendo_769000,train,,,,,REAL,,,,,,,,,,,,,cal_v13,data\raw\public_v9\real_music\jamendo\769000.low.mp3,9317f4dc598ad94158756c874a681f5f52d0b30499c00a9a5ea11d0edc59738b,APPROVED,raw_30s audio-low shard 00,unknown,jamendo_artist_1f257e2eede47aa5,jamendo_769000,jamendo_769000,jamendo::artist::1f257e2eede47aa5,none,-1
C:\Users\lLrich\ai_voice_data_v13\raw\mtg_jamendo_cc\5aab8bec626ab4e798dadbe28f5e18afcb9b6d23243fe8859964b46284183d1a.mp3,0,0,0,0,1,jamendo_artist_6ddbf5ea94ce577a,mtg_jamendo_cc::real,mtg_jamendo_cc,mtg_jamendo_cc,not_huggingface_official_archive,jamendo_776900,jamendo::artist::6ddbf5ea94ce577a,https://github.com/MTG/mtg-jamendo-dataset,raw_30s audio-low shard 00,http://creativecommons.org/licenses/by-nc-sa/3.0/,YES,PER_TRACK_LICENSE_WITH_ATTRIBUTION,FOLLOW_RECORDED_CC_LICENSE,mtg_jamendo_cc,5aab8bec626ab4e798dadbe28f5e18afcb9b6d23243fe8859964b46284183d1a,mtg_jamendo_cc::track::jamendo_776900,train,,,,,REAL,,,,,,,,,,,,,cal_v13,data\raw\public_v9\real_music\jamendo\776900.low.mp3,5aab8bec626ab4e798dadbe28f5e18afcb9b6d23243fe8859964b46284183d1a,APPROVED,raw_30s audio-low shard 00,unknown,jamendo_artist_6ddbf5ea94ce577a,jamendo_776900,jamendo_776900,jamendo::artist::6ddbf5ea94ce577a,none,-1
C:\Users\lLrich\ai_voice_data_v13\raw\mtg_jamendo_cc\a4516f0d857915049a47b3cece13cb34ed223be5a21bae0c8c000c1672b5dba7.mp3,0,0,0,0,1,jamendo_artist_8e1504d0adba551a,mtg_jamendo_cc::real,mtg_jamendo_cc,mtg_jamendo_cc,not_huggingface_official_archive,jamendo_794600,jamendo::artist::8e1504d0adba551a,https://github.com/MTG/mtg-jamendo-dataset,raw_30s audio-low shard 00,http://creativecommons.org/licenses/by-sa/3.0/,YES,PER_TRACK_LICENSE_WITH_ATTRIBUTION,FOLLOW_RECORDED_CC_LICENSE,mtg_jamendo_cc,a4516f0d857915049a47b3cece13cb34ed223be5a21bae0c8c000c1672b5dba7,mtg_jamendo_cc::track::jamendo_794600,train,,,,,REAL,,,,,,,,,,,,,cal_v13,data\raw\public_v9\real_music\jamendo\794600.low.mp3,a4516f0d857915049a47b3cece13cb34ed223be5a21bae0c8c000c1672b5dba7,APPROVED,raw_30s audio-low shard 00,unknown,jamendo_artist_8e1504d0adba551a,jamendo_794600,jamendo_794600,jamendo::artist::8e1504d0adba551a,none,-1
