component,domain,path,group,duration,rms,peak,crest,zcr,abs_q10,abs_q50,abs_q90,silence_fraction,clipping_fraction,spectral_centroid,spectral_bandwidth,spectral_rolloff85,spectral_flatness,frame_rms_std,frame_rms_p90_p10,log_band_0,log_band_1,log_band_2,log_band_3,log_band_4,log_band_5,log_band_6,log_band_7,procedural_probability
voice,existing_fake,data\raw\ajaykarthick_wavefake-audio\wavefake_ajay_LJ015-0107.wav,wavefake::LJ015-0107,5.7934375,0.0684017420427301,0.602990984916687,8.815433158705266,0.16778863788378967,0.0009023245773278176,0.0197291299700737,0.1100656121969223,0.10769728680079832,0.0,862.1045109325511,1349.2091010670508,937.5,0.09222261635012725,0.002391994996379904,38.5171223971093,-0.0668510565772835,-1.1538270906808157,-1.6786182125167908,-2.1573492446641014,-2.1419587594639005,-2.5366766283052837,-2.08956325299506,-1.579712797487846,0.003487234201436646
voice,existing_fake,data\raw\Bisher_ASVspoof_2019_LA\asvspoof2019_LA_T_3022880.flac,asvspoof::LA_0089,4.8885625,0.16724944316993878,1.0,5.9790931500078015,0.15857369336197197,0.002105712890625,0.044097900390625,0.295654296875,0.053645626909751075,2.5569888898832733e-05,431.30917117288277,664.865701862948,593.75,0.035431021384548164,0.005933014034538678,47.39418988197964,-0.029950053696311606,-1.4022651196523377,-1.8943422124052343,-2.524771796038993,-2.275430814926686,-2.4341465633788597,-2.880408754247957,-3.0031324404331965,0.05750178566118134
voice,existing_fake,data\raw\Bisher_ASVspoof_2019_LA\asvspoof2019_LA_T_9632347.flac,asvspoof::LA_0084,3.958,0.13089506480877852,1.0,7.639707436341287,0.10024160310767918,0.000946044921875,0.0379638671875,0.2198486328125,0.10469302678120262,4.7372410308236483e-05,656.0738643613687,544.5166341825676,906.25,0.008397337714632446,0.004709340286285209,77.8956666426111,-0.052694691703022045,-1.1135923255117803,-1.5777915042857555,-2.1077470440861155,-2.525876325623117,-4.701802726048573,-4.712538648092363,-4.7347185458601455,0.013446478557207528
voice,existing_fake,data\raw\Bisher_ASVspoof_2019_LA\asvspoof2019_LA_T_2297825.flac,asvspoof::LA_0082,3.8945,0.11128235607945063,1.0,8.986150502475386,0.1188393702556531,0.000885009765625,0.0264892578125,0.18804931640625,0.10839003723199384,1.6048273205803056e-05,595.6296800107679,823.641476261362,562.5,0.03752964998833046,0.004135556528803685,62.73422816927704,-0.04651477967109763,-1.376126165638316,-2.087519249204832,-1.4170094657870582,-1.9873091692526137,-2.8603352748067645,-2.9676310698883293,-3.5260679741926513,0.004680887793075216
voice,existing_fake,data\raw\ajaykarthick_wavefake-audio\wavefake_ajay_LJ019-0385_WF2_1.wav,wavefake::LJ019-0385,9.090625,0.05570433682618014,0.4455941319465637,7.999271822174206,0.21887670997429667,0.0009395904489792887,0.01530262315645814,0.09167456328868867,0.1049140625,0.0,1638.962952070347,2261.597270784528,5312.5,0.1905318653241681,0.0019374683845347013,28.904139825595582,-0.13983946610116563,-1.1484775327137124,-1.8416967636875357,-2.172035566693103,-1.6120208030244554,-1.422250346586634,-1.0607718064943652,-1.46943576463066,0.0002996748606782465
voice,existing_fake,data\raw\ajaykarthick_wavefake-audio\wavefake_ajay_LJ008-0262.wav,wavefake::LJ008-0262,4.760125,0.04603671668609466,0.347095251083374,7.539530967207611,0.23246806108113077,0.0004746061400510371,0.012166962027549744,0.07177919074893013,0.1779102439536777,0.0,1709.7739077506108,2386.6416029186935,6093.75,0.17144027521993135,0.0016928830214764045,72.81220143441178,-0.14300700706086797,-1.1451427939278502,-1.5896894172303417,-1.935099377814317,-2.096156760768086,-1.9574216724322648,-1.1941731914759182,-1.0523422261187314,0.00010864548907368222
voice,existing_fake,data\raw\ajaykarthick_wavefake-audio\wavefake_ajay_LJ028-0394.wav,wavefake::LJ028-0394,8.336,0.0680075024591476,0.532093346118927,7.824038920390551,0.18399362495019492,0.000543467205716297,0.01625919993966818,0.10481630191206932,0.1510625,0.0,809.3222653619777,966.5899877064332,906.25,0.07955087369046242,0.0026307569169516276,76.84262243185759,-0.055870556378298346,-1.1225970421529186,-1.971723650527385,-1.963775294735695,-2.471060913616271,-2.1574235764195246,-2.234444607910493,-2.119232127522386,0.010670076437420692
voice,existing_fake,data\raw\ajaykarthick_wavefake-audio\wavefake_ajay_LJ028-0392.wav,wavefake::LJ028-0392,6.768625,0.05358512046724086,0.3975971043109894,7.419916216369421,0.2216774241207051,0.0009197226725518704,0.014073013328015804,0.08770628646016122,0.10626235018190548,0.0,1166.4840921969262,1786.443307386287,1187.5,0.11146539312428907,0.0019285329824506715,26.615777182749383,-0.08374079096175549,-1.17118276527346,-1.9167102866148598,-2.0152693198807254,-2.431545314791068,-2.2630555069097533,-1.4543833949464344,-1.377860718639569,0.001789018775022623
voice,existing_fake,data\raw\ajaykarthick_wavefake-audio\wavefake_ajay_LJ048-0145.wav,wavefake::LJ048-0145,4.5395625,0.06308464176268284,0.5902329683303833,9.356207023426903,0.1737113118184822,0.0010656411992385985,0.017622463405132294,0.10150821208953859,0.09552131951041537,0.0,789.2583132229206,1229.3936827587236,718.75,0.08495952847602768,0.0022477994512831853,27.448360579529595,-0.04411368059481157,-1.4066596010193981,-2.012623442728729,-2.2351449259528957,-2.3121001514122175,-2.018839045053067,-1.8347114969042972,-1.893864081346266,0.005755427187559767
voice,existing_fake,data\raw\ajaykarthick_wavefake-audio\wavefake_ajay_LJ008-0247.wav,wavefake::LJ008-0247,6.9311875,0.04728733364621151,0.5471816062927246,11.571420169015235,0.19379970783963643,0.00041780396131798627,0.010162830352783203,0.06893060952425002,0.1902451780448877,0.0,1433.7490559269754,2109.9018084144054,2437.5,0.1526079464625045,0.001840090980318781,94.14762371793914,-0.0942243046528641,-1.4299109721945487,-1.8101586222116222,-2.0250820049973366,-2.0091184806028437,-1.7050898234238974,-1.3937635957733374,-1.2002732833054386,0.0002511114603984071
voice,existing_fake,data\raw\Bisher_ASVspoof_2019_LA\asvspoof2019_LA_T_6252888.flac,asvspoof::LA_0089,2.183,0.11923483808285497,1.0,8.386810567102135,0.1298995046811922,0.00091552734375,0.02288818359375,0.185791015625,0.10567453046266606,2.8630325240494732e-05,555.3021399555897,557.3489525346661,718.75,0.02287956432932162,0.004686039369382778,92.28956146691668,-0.05452059117567632,-1.007896954027798,-1.920803724442589,-2.6722422071671845,-2.5352200284143556,-2.76004883649567,-3.2263942013743527,-3.392275486112347,0.006748520599893612
voice,existing_fake,data\raw\ajaykarthick_wavefake-audio\wavefake_ajay_LJ015-0109.wav,wavefake::LJ015-0109,7.3259375,0.06670174356764105,0.6019428968429565,9.024395235373975,0.17160919344105652,0.0005511569557711483,0.014245250262320042,0.10993615239858628,0.1576163460307981,0.0,934.2233833123129,1321.1301129657986,968.75,0.1008432845311921,0.0025633393370554426,103.7986631765572,-0.06720118834568833,-1.3280389464796063,-1.350080229168277,-1.9935375970856075,-2.2106703252379414,-2.4286069966216037,-2.154622210616466,-1.6077317701755922,0.0037662940996924755
voice,existing_fake,data\raw\Bisher_ASVspoof_2019_LA\asvspoof2019_LA_T_5873461.flac,asvspoof::LA_0087,3.3859375,0.16269059043024162,0.999969482421875,6.146449402988929,0.17019234319046037,0.0008544921875,0.038818359375,0.28242797851562496,0.1134656206737425,1.8458698661744346e-05,567.7638293275362,663.8855150288143,1093.75,0.03042962394529499,0.005964022122246901,163.38227674704143,-0.10979013161439395,-0.6933846736606297,-2.035199535091083,-2.2284454688098996,-3.007112209082081,-3.122244883179094,-2.6486631772581126,-2.776282426680455,0.0036700976142055755
voice,existing_fake,data\raw\ajaykarthick_wavefake-audio\wavefake_ajay_LJ048-0121.wav,wavefake::LJ048-0121,6.9079375,0.060720556314721646,0.5925407409667969,9.758486695931932,0.18149575665454282,0.0004304394533392042,0.013935104943811893,0.09690248817205432,0.16940657034027884,0.0,1216.5281049401285,1793.1964863225444,1656.25,0.16883236940882076,0.0022350559892833663,106.193312438536,-0.10484574513191759,-1.0712920122672824,-1.7089491378287525,-1.8158635503353542,-1.8210597382618372,-1.8008844950329734,-1.6183483541024946,-1.400082494707907,0.00034649433855367574
voice,existing_fake,data\raw\Bisher_ASVspoof_2019_LA\asvspoof2019_LA_T_3910111.flac,asvspoof::LA_0084,3.745875,0.0840114074895596,1.0,11.903145416582547,0.1136268833530776,0.000152587890625,0.001220703125,0.11678161621093763,0.4574698835385591,1.6685020188874427e-05,677.1909919697445,756.5101618727607,1093.75,0.041272880278266304,0.0037988305012687756,281.3910439036259,-0.07952735409763485,-0.980825645346176,-1.4043249173942327,-1.7860934527425998,-2.3031360885093046,-3.293356434031383,-2.931337750585276,-3.4205968978298613,0.00021558711490760093
voice,existing_fake,data\raw\ajaykarthick_wavefake-audio\wavefake_ajay_LJ029-0159.wav,wavefake::LJ029-0159,8.2083125,0.07238053053336736,0.6580039262771606,9.090896701479984,0.14877459980156094,0.0005871404660865666,0.01835483219474554,0.11286979392170911,0.147359375,0.0,763.4765977985481,824.2649330668326,1031.25,0.06674223972900228,0.002674119072011817,99.0466790119092,-0.08092433763453356,-0.8962032943168714,-1.6773306301524924,-2.141217030017578,-2.3788720119712,-2.645099851051449,-2.6139708719997974,-2.2302676928569904,0.006179851600907113
voice,existing_fake,data\raw\Bisher_ASVspoof_2019_LA\asvspoof2019_LA_T_3144126.flac,asvspoof::LA_0089,3.95275,0.10838746134475598,0.999969482421875,9.225877883062493,0.11507992979460177,0.000244140625,0.017852783203125,0.1666259765625,0.2880431345265954,1.5811776611220036e-05,490.47384155551117,856.8304109299856,562.5,0.06355687569319744,0.0042722677753865785,315.6382251732975,-0.03370702117451975,-1.4787933053768183,-1.8196135013600738,-2.522745587149019,-1.9869268483633618,-2.0294990720285195,-2.576622371941453,-2.9901932224765675,0.00284279324032882
voice,existing_fake,data\raw\ajaykarthick_wavefake-audio\wavefake_ajay_LJ019-0364.wav,wavefake::LJ019-0364,9.20675,0.05873782760308199,0.4285849332809448,7.2965744694728345,0.2103610184454566,0.001480481866747141,0.02133564930409193,0.09433405697345734,0.0726484375,0.0,1304.7928267024295,2010.0367898186137,1843.75,0.14768647038641972,0.0018755812010348913,17.457009948577518,-0.09868174355730999,-1.1784724182148478,-1.7326153198945446,-2.0416523671538926,-2.1000914198474483,-2.0618943882182013,-1.5796325894687502,-1.1776878726990885,0.003372898698536923
voice,existing_fake,data\raw\Bisher_ASVspoof_2019_LA\asvspoof2019_LA_T_1994843.flac,asvspoof::LA_0097,3.209,0.14562971776169073,0.999969482421875,6.866520774683026,0.09085951346824299,0.000335693359375,0.002349853515625,0.23366394042968763,0.2787277968214397,1.947647242131505e-05,401.5977310502347,465.05833214019043,562.5,0.017457596239263178,0.006536840264770465,240.94229298784856,-0.017703299113847087,-1.6639644342757842,-2.0450302067682777,-2.1667315913184804,-2.8210969986287755,-3.478600891754365,-3.3435674288944277,-3.845856699318783,0.019131496003052584
voice,existing_fake,data\raw\Bisher_ASVspoof_2019_LA\asvspoof2019_LA_T_9435398.flac,asvspoof::LA_0087,1.178375,0.1499304739155904,1.0,6.669758147786498,0.2225640481620962,0.00079345703125,0.021697998046875,0.2452850341796876,0.11992150206852657,5.303914288745094e-05,539.9384552210071,669.5101520494941,843.75,0.025613357506551106,0.006021479760713096,175.23411349906806,-0.060335549547299076,-1.004255493310638,-1.7021995816282873,-2.3262415721853125,-3.0902672007985315,-3.1185857603340126,-2.6125562988683217,-2.6776467290644432,0.00112758019866209
voice,existing_fake,data\raw\Bisher_ASVspoof_2019_LA\asvspoof2019_LA_T_4903187.flac,asvspoof::LA_0098,5.77425,0.16662654862445758,1.0,6.001444597246007,0.13117646422115667,0.0008544921875,0.0609130859375,0.2890716552734376,0.11173529029744123,4.329566610382301e-05,555.029844828136,627.1031803387483,687.5,0.026470602583312023,0.00556635143582739,180.43324205017407,-0.03594095453940435,-1.4642675478221805,-1.5721345650388834,-1.8508284315905659,-2.941625726699143,-3.1035660942353718,-2.8892183688015494,-3.0058872642052874,0.02308532141869013
voice,existing_fake,data\raw\ajaykarthick_wavefake-audio\wavefake_ajay_LJ028-0163.wav,wavefake::LJ028-0163,5.3058125,0.05837937418233224,0.45822566747665405,7.84910208262099,0.14154455072327193,0.0005477732629515232,0.013131524436175823,0.0952501937747002,0.15427655990482136,0.0,1025.2189847782815,1411.0936275539043,1281.25,0.07094027978052984,0.0021457194748239995,76.67456776551528,-0.0907061573339024,-0.9606616972440922,-1.708445026177585,-1.905836049625254,-2.84973372185956,-2.944258625216472,-1.7048666767111946,-1.6066188585277188,0.0022764773913575374
voice,existing_fake,data\raw\ajaykarthick_wavefake-audio\wavefake_ajay_LJ048-0119_WF6_1.wav,wavefake::LJ048-0119,4.5046875,0.052947277377024635,0.4548164904117584,8.58998824761321,0.21493187557232843,0.0012987843714654447,0.01731094717979431,0.08840168863534928,0.08120707596253902,0.0,1159.1971031639234,1864.6483442582683,1281.25,0.14518458983889887,0.0017300001305216972,18.529972002413942,-0.07805122234773207,-1.4107115627148679,-1.7404960365581923,-1.982017108026412,-1.9983531524647222,-2.0002003116343072,-1.4629750929483123,-1.3707397072982896,0.0014086576052382304
voice,existing_fake,data\raw\ajaykarthick_wavefake-audio\wavefake_ajay_LJ043-0029_WF4_2.wav,wavefake::LJ043-0029,2.2871875,0.05077780601314505,0.28564029932022095,5.625298171533369,0.1526753019620703,0.0006496168440207839,0.013738483190536499,0.08432281911373138,0.14318896024047,0.0,819.1782629756738,1153.4273785717546,812.5,0.08921905325447706,0.0017027665686923908,51.133016500978144,-0.052046350465521696,-1.4757211388125722,-1.84564025394708,-1.7769294239340674,-1.8002227833990294,-1.6072770059739439,-2.250681137752251,-2.6272170991736963,0.005680423379250968
voice,existing_fake,data\raw\Bisher_ASVspoof_2019_LA\asvspoof2019_LA_T_3686694.flac,asvspoof::LA_0080,1.523875,0.1168617699711458,1.0,8.557118382229781,0.16570280136171608,3.0517578125e-05,0.0025634765625,0.177032470703125,0.42638011647937,4.101386268558773e-05,654.6617347858182,598.6277131172769,625.0,0.029235782591771287,0.005478881856769587,4266.179701195457,-0.03199249698552907,-1.4878817171263212,-1.605750016915307,-2.1513159551427092,-2.4060943483206865,-3.318039516487442,-2.92091022842879,-2.9799222701083887,2.404789492733163e-06
voice,existing_fake,data\raw\ajaykarthick_wavefake-audio\wavefake_ajay_LJ019-0319.wav,wavefake::LJ019-0319,4.6324375,0.06631147767670284,0.5829252600669861,8.790714375405704,0.1621198629212877,0.0006245937664061784,0.017518101260066032,0.106745807826519,0.14214978615469717,0.0,927.4136259637337,1331.5272298591567,1031.25,0.12172801776597339,0.002383968965058742,99.74434792773988,-0.0723440400447762,-1.1459480491969993,-1.8178341995486846,-1.9979567342206397,-1.6485418760881732,-2.1461983592106617,-1.8734346190544924,-1.8620357535314191,0.0013802865513669244
voice,existing_fake,data\raw\Bisher_ASVspoof_2019_LA\asvspoof2019_LA_T_7336869.flac,asvspoof::LA_0093,3.7130625,0.06806887765421014,0.999969482421875,14.690553405356841,0.11414287638028549,9.1552734375e-05,0.0020751953125,0.08587646484375,0.44540389503273914,1.6832466461310574e-05,872.6750492210383,995.0867817823645,2093.75,0.07421410003722624,0.003070549193236273,407.89063165606854,-0.13331673876049124,-1.091336574018705,-0.8414443254175109,-1.5836409583214448,-2.2964996842887304,-2.212467034470871,-2.790892432438894,-3.459342980583972,2.465325569129156e-05
voice,existing_fake,data\raw\Bisher_ASVspoof_2019_LA\asvspoof2019_LA_T_5077856.flac,asvspoof::LA_0088,1.32725,0.18815390937829085,0.999969482421875,5.314635692269338,0.12234518483635508,0.00048828125,0.0351104736328125,0.3313751220703125,0.17997739687323414,0.0003296289320022603,432.3627093087745,448.34347590301246,468.75,0.012307907009775913,0.007388282378002961,453.4264150697842,-0.011704621919042247,-2.04735584473173,-2.013575818039281,-2.2814633811479257,-2.965787312652474,-3.3232085089006076,-3.1631667183856225,-3.3396287158090883,1.0282248285943097e-06
voice,existing_fake,data\raw\Bisher_ASVspoof_2019_LA\asvspoof2019_LA_T_2690019.flac,asvspoof::LA_0089,1.6778125,0.15297465995972806,0.999969482421875,6.536830888757169,0.12818506928922666,0.00042724609375,0.0196533203125,0.27870483398437507,0.20875395790650028,3.7250884708511824e-05,437.01918898715957,462.7037816330363,593.75,0.013278552635941803,0.0059254927106694565,318.7569779811483,-0.026924328723339393,-1.354419649784987,-1.934441993750452,-2.703316814315718,-2.951575639250407,-3.1266851704094734,-3.620617303755856,-3.7378854311205436,0.012143977613548955
voice,existing_fake,data\raw\Bisher_ASVspoof_2019_LA\asvspoof2019_LA_T_3034269.flac,asvspoof::LA_0084,3.2496875,0.06419188766138481,1.0,15.578292467033318,0.10231949840366196,9.1552734375e-05,0.000640869140625,0.0667724609375,0.5706317915184153,0.00017309356668910472,734.0950447635468,439.6333418624945,1062.5,0.012294915677409172,0.0030898325769827613,278.07337433994456,-0.12759001565962155,-0.6193980551859986,-2.1260003997228676,-2.3408563422739337,-2.7132503986977055,-3.927989343004074,-3.749974937851507,-4.131374624878531,1.767009032796814e-06
voice,existing_fake,data\raw\Bisher_ASVspoof_2019_LA\asvspoof2019_LA_T_2842909.flac,asvspoof::LA_0093,3.832125,0.07865102287149697,1.0,12.714392813858733,0.10395837750558609,0.0008544921875,0.012725830078125,0.1158447265625,0.11582998988811691,1.630948886061911e-05,701.6485144534681,715.8872591289753,1375.0,0.0379722529346388,0.003215148066909516,72.12568946794542,-0.1383952020829536,-0.6757189528630649,-1.331446341205416,-2.0009603168952337,-2.5640996249438848,-2.7619522615915066,-3.2213267920092417,-3.642344054560429,0.00047837334851333303
voice,existing_fake,data\raw\ajaykarthick_wavefake-audio\wavefake_ajay_LJ017-0024.wav,wavefake::LJ017-0024,7.9064375,0.06310306322760871,0.542306661605835,8.593983142304353,0.22443123428878595,0.0006363030872307718,0.015373940579593182,0.10044475197792055,0.13869236302696378,0.0,1143.0575333178606,1660.779192258938,1312.5,0.13607412008375808,0.002280577963228623,71.74007382667688,-0.09178119309564559,-1.1764858049597082,-1.396608092964947,-2.0212128268047156,-2.280745228816535,-2.1052967893562027,-1.591524760812454,-1.4492320862045738,0.0016171937589208076
voice,existing_fake,data\raw\Bisher_ASVspoof_2019_LA\asvspoof2019_LA_T_6579305.flac,asvspoof::LA_0084,4.331125,0.1631946032454806,1.0,6.127653611778938,0.1889836500858623,0.00128173828125,0.041351318359375,0.2712493896484376,0.08044965222661549,4.3291292677999366e-05,593.4207923337491,589.7456271259883,781.25,0.026583788247480814,0.006001323811610571,64.75140477175117,-0.04050121017167209,-1.2630221481461987,-1.642384148396295,-2.212451412652126,-2.474962863637294,-3.5123897323803286,-3.010602471966582,-3.036012495271668,0.012374186230935587
voice,existing_fake,data\raw\ajaykarthick_wavefake-audio\wavefake_ajay_LJ009-0246.wav,wavefake::LJ009-0246,4.760125,0.046876266622473,0.4765644669532776,10.166433918284936,0.14578327490447868,0.00023200654977699743,0.006514637032523751,0.07310820519924173,0.28933063732570047,0.0,752.0211369035801,810.2906470569696,1343.75,0.06868476507898184,0.0019016324465590448,185.97205793443,-0.09450535162939817,-0.8061200971625221,-1.7542734706466803,-2.0555595532823707,-2.496357942845044,-2.474338653413796,-2.45707086604089,-2.5460237041895746,0.0009579729866388146
voice,existing_fake,data\raw\Bisher_ASVspoof_2019_LA\asvspoof2019_LA_T_6439800.flac,asvspoof::LA_0092,3.3076875,0.12063457822463453,0.999969482421875,8.289244237749351,0.1382411851403953,0.00054931640625,0.019256591796875,0.182708740234375,0.15751185684862914,1.8895376301419042e-05,669.8308862683302,555.5816809325773,1156.25,0.023496226147047168,0.0048575885328907675,194.2781891966017,-0.09589846565634483,-0.7563614547612006,-1.764872863214864,-2.4596641313284273,-3.2866386386584803,-2.9834301683300044,-3.3232821188562127,-3.6831448578479016,0.0031404121764642455
voice,existing_fake,data\raw\Bisher_ASVspoof_2019_LA\asvspoof2019_LA_T_9161713.flac,asvspoof::LA_0092,2.83,0.14030216654262148,1.0,7.127473685135265,0.1603834006934782,0.001007080078125,0.030548095703125,0.233306884765625,0.09818904593639576,2.2084805653710246e-05,613.2683000625092,624.019261059885,1031.25,0.034964287231608666,0.00522491245513229,110.15996443623852,-0.07812069206931962,-0.8910346034344915,-1.5926820766751029,-2.2462941385928192,-2.887029286239149,-2.699034748161019,-2.972898714256026,-3.2738876218163853,0.004618616907446227
voice,existing_fake,data\raw\Bisher_ASVspoof_2019_LA\asvspoof2019_LA_T_2233888.flac,asvspoof::LA_0080,4.413375,0.08684860188792826,0.999969482421875,11.513938747249636,0.17036523019840538,0.00018310546875,0.004364013671875,0.13597717285156263,0.36783074177925057,2.8322995439997735e-05,659.1013240307421,1034.7280150878048,750.0,0.09515768188058639,0.0037318996255078654,272.69070239543555,-0.04512558928599074,-1.479801590336179,-1.6976907574280038,-1.6927394298734264,-2.1325773070638756,-2.3593556662961666,-2.01495077746234,-2.418981617786918,0.00017599946197088695
voice,existing_fake,data\raw\Bisher_ASVspoof_2019_LA\asvspoof2019_LA_T_4766453.flac,asvspoof::LA_0080,3.1470625,0.10915984524064791,1.0,9.160877773282419,0.14126549094375596,0.000213623046875,0.001922607421875,0.153106689453125,0.3734236291780033,3.971957976684607e-05,501.11756523871094,620.7974248463503,593.75,0.0334260735702692,0.005017853309787784,262.5037767437912,-0.013935077618829747,-2.111395603345132,-1.9922762433157104,-2.3263302848457177,-2.576805545141696,-2.80412046975417,-2.464096208362905,-2.8897778962039804,0.0022048637003568997
voice,existing_fake,data\raw\ajaykarthick_wavefake-audio\wavefake_ajay_LJ028-0143.wav,wavefake::LJ028-0143,7.36075,0.06555638606183246,0.46622058749198914,7.1117493733143275,0.1714513759754099,0.0005945702840108425,0.016444138251245022,0.10695815235376367,0.14792989844784837,0.0,847.4526858388047,1160.6648275552175,812.5,0.08404626460122232,0.0024115730923898095,84.95108311106142,-0.053115885198874814,-1.1974764868251706,-1.9845090688847842,-2.15670974147614,-2.441135946106169,-2.187161100589951,-2.114204167875928,-1.782116442409478,0.010759717436312464
voice,existing_fake,data\raw\Bisher_ASVspoof_2019_LA\asvspoof2019_LA_T_9264723.flac,asvspoof::LA_0081,2.019125,0.19476094232170651,0.999969482421875,5.134343007902085,0.12100294072125058,0.000518798828125,0.05853271484375,0.3542938232421875,0.16309663839534452,3.095400235250418e-05,377.311239010153,471.14007138983976,531.25,0.012250959206462523,0.0068981137389837145,390.25776858941805,-0.02003495703351482,-1.6412516601773153,-1.812492740125236,-2.2872461506627104,-3.2390354441635436,-3.7648362989712894,-3.281537169229183,-3.388017961446763,0.04910286251699401
voice,existing_fake,data\raw\Bisher_ASVspoof_2019_LA\asvspoof2019_LA_T_9999337.flac,asvspoof::LA_0081,1.6029375,0.14381291079931963,1.0,6.953478616363079,0.1411916088278874,0.00067138671875,0.0333251953125,0.2403503417968751,0.13381682068078138,3.899091511677779e-05,649.6648420660212,492.24692406024826,1062.5,0.01410356006750607,0.005443176947876995,132.15874510319193,-0.09439373522488352,-0.7358897122700613,-2.073547754908443,-2.8192835059415224,-3.2494205703027252,-3.895644015127346,-3.3310397840411947,-3.2709585394824954,0.003522753307699357
voice,existing_fake,data\raw\ajaykarthick_wavefake-audio\wavefake_ajay_LJ016-0413.wav,wavefake::LJ016-0413,5.4915625,0.05057671128899937,0.45122477412223816,8.921591827983907,0.280922789766002,0.0007149824174121022,0.012480294331908226,0.07501111179590227,0.13112160701075515,0.0,1406.071635536228,1936.1602052965795,2312.5,0.20134928937560242,0.0018944143954758039,41.942168418900835,-0.1298004174190053,-0.9806979809635821,-1.7371873255595134,-1.6364962033075545,-1.8099955590632015,-1.7839359116939375,-1.4992288325050804,-1.3117459946859633,0.00012269130595795477
voice,existing_fake,data\raw\ajaykarthick_wavefake-audio\wavefake_ajay_LJ008-0153.wav,wavefake::LJ008-0153,8.5914375,0.042590040821675876,0.4159461557865143,9.766277462096765,0.1545480824068938,0.000419245447847061,0.010295647196471691,0.06824982240796089,0.1861328125,0.0,1039.8982618187417,1523.6650825217998,1125.0,0.09785306597460006,0.0015502088321602513,105.96163652822676,-0.09284446089253752,-1.096353147519568,-1.3549916720108954,-1.9066874593590488,-2.4903436496460776,-2.651850346170602,-1.7851170335538031,-1.4691047592478954,0.0025591920406286364
voice,existing_fake,data\raw\Bisher_ASVspoof_2019_LA\asvspoof2019_LA_T_2351220.flac,asvspoof::LA_0093,2.23575,0.0546852485449457,1.0,18.28646712976173,0.0897095412484974,6.103515625e-05,0.00054931640625,0.04302978515625,0.5751425696075143,2.7954825002795484e-05,844.5560871671889,587.5517328640983,1156.25,0.03263567937018229,0.0027029320339109833,300.6490729968284,-0.2673512088345878,-0.38174178264646397,-1.4937888659519158,-2.0813991393827624,-2.8274124608824653,-2.715534065333242,-3.2507621022430095,-3.8590514633190525,2.1764001854945768e-06
voice,existing_fake,data\raw\Bisher_ASVspoof_2019_LA\asvspoof2019_LA_T_3093092.flac,asvspoof::LA_0079,2.6958125,0.13277313373236319,1.0,7.5316441804841725,0.15250857831772235,6.103515625e-05,0.0194091796875,0.2312866210937501,0.2620267544571442,2.318410497762734e-05,690.4233087067015,875.0655717606032,968.75,0.05333713564723913,0.005277226977409357,3352.760162031952,-0.06749374370021753,-1.1753109793234142,-1.6049453431005736,-1.47972500461732,-1.7752853823838357,-3.2645588067042084,-2.8924367131339306,-3.237317070874487,1.7469586914373657e-05
voice,existing_fake,data\raw\ajaykarthick_wavefake-audio\wavefake_ajay_LJ002-0031.wav,wavefake::LJ002-0031,9.89175,0.05513079216480591,0.39519578218460083,7.1683312839622815,0.2239783123305651,0.0006484303448814899,0.009867907501757145,0.09535026848316196,0.148890625,0.0,1271.2005690492479,2048.1687174368044,1781.25,0.12541901984529102,0.0020966255746409134,65.84248765137755,-0.08172132945198529,-1.5585605584657503,-2.2721002369337824,-2.183052040825236,-1.7823321855529288,-1.618544918421673,-1.3275773365957,-1.352845806196464,0.004598223838777509
voice,existing_fake,data\raw\ajaykarthick_wavefake-audio\wavefake_ajay_LJ019-0335.wav,wavefake::LJ019-0335,8.637875,0.06034580157403663,0.6100397109985352,10.109066332478722,0.2359784060812975,0.0006510079314466568,0.016468333080410957,0.09451239481568338,0.136953125,0.0,1592.2049430167347,2330.4606573405904,5718.75,0.16728240407315273,0.002149344410608438,59.98917552269448,-0.122854066738011,-1.2903831351244228,-1.7839874380080523,-2.069272341207874,-1.9625222634741213,-1.7899084943592356,-1.037421365456767,-1.2897685254242905,0.0003734702792434831
voice,existing_fake,data\raw\Bisher_ASVspoof_2019_LA\asvspoof2019_LA_T_4137518.flac,asvspoof::LA_0080,6.5568125,0.13987593481183502,0.999969482421875,7.148974437719123,0.20260609295763907,0.000946044921875,0.027374267578125,0.2404235839843749,0.10387097389165849,9.53207065170767e-06,569.5274502531653,626.809505012772,656.25,0.03172215203873023,0.005325669194175913,77.92763379706403,-0.02934724127027304,-1.4524583717484336,-1.829309234238053,-2.0770041070405156,-2.539447174865866,-3.2089259002936164,-2.717794153057765,-2.838619949138226,0.03047768204092169
voice,existing_fake,data\raw\ajaykarthick_wavefake-audio\wavefake_ajay_LJ019-0323.wav,wavefake::LJ019-0323,7.5000625,0.06621973736061647,0.4819658398628235,7.278280752431191,0.17970833333333333,0.0008043342386372387,0.018606888130307198,0.10771609842777252,0.11531570570245248,0.0,907.9029766780927,1469.6202584391044,906.25,0.09521653887056829,0.0023680592162783625,38.31035669929836,-0.06161601500074983,-1.2485275454799374,-1.9361210635605621,-2.0795847946157062,-2.3664284220882807,-2.260968131796228,-1.6931722224382204,-1.586985047095037,0.007508829456043245
voice,existing_fake,data\raw\ajaykarthick_wavefake-audio\wavefake_ajay_LJ017-0033_WF4_1.wav,wavefake::LJ017-0033,7.163375,0.06129760266798186,0.4878612160682678,7.958895533170613,0.19690611012712345,0.00039319594507105656,0.01094790454953909,0.09451949521899222,0.197427888390598,0.0,833.3824646431954,1090.5546822967297,875.0,0.10287261371520123,0.0024266358948298802,137.12041138198745,-0.0565928879224471,-1.198949529325921,-1.9045412545679414,-1.9825040671086227,-1.9716216075483841,-2.0916698937275475,-2.0824051622135014,-2.045048929800497,0.004286709119829555
voice,existing_fake,data\raw\Bisher_ASVspoof_2019_LA\asvspoof2019_LA_T_1304568.flac,asvspoof::LA_0096,6.09625,0.0696716944248532,0.999969482421875,14.352593125181222,0.14562380176134673,0.00030517578125,0.01275634765625,0.102294921875,0.228347344679106,3.075661267172442e-05,821.0965294807835,1321.2706784230502,1562.5,0.15647796693766153,0.002713545002790227,212.68622277772093,-0.09620443846075631,-1.1401723732028608,-1.422641567230367,-1.5321221979714696,-1.5295602285797851,-1.645945573745147,-2.2480773764127293,-2.87282762520458,5.886466694908814e-05
voice,existing_fake,data\raw\Bisher_ASVspoof_2019_LA\asvspoof2019_LA_T_1497287.flac,asvspoof::LA_0087,2.9355,0.07377833595130169,0.999969482421875,13.55370068365214,0.09274597057508463,0.000152587890625,0.001007080078125,0.10483703613281259,0.49761539771759494,2.1291091807187873e-05,585.3939802538275,678.912720530572,1000.0,0.007667159613881829,0.0034238136369842223,240.84296864154157,-0.07269031793595948,-1.2286492630940005,-1.0422864334580015,-2.4236981652275054,-3.2994477463198892,-4.5660734739020965,-4.700293245196733,-5.0165540675871085,0.0008624406820176919
voice,existing_fake,data\raw\ajaykarthick_wavefake-audio\wavefake_ajay_LJ045-0156.wav,wavefake::LJ045-0156,8.347625,0.06449023506063092,0.4669915735721588,7.241275723884609,0.17280603754716833,0.00023039736552163962,0.007643919205293059,0.10419310778379441,0.2847109375,0.0,855.1043641195442,1221.1194683123256,937.5,0.07764860396994838,0.0026753030527895145,241.7894446067285,-0.06260036454586598,-1.1115895990568625,-1.9101010305731767,-2.160860751512188,-2.4449652176732086,-2.350353482823109,-1.9935370114669442,-1.7102418373394264,0.004978664234588056
voice,existing_fake,data\raw\ajaykarthick_wavefake-audio\wavefake_ajay_LJ050-0199_WF5_1.wav,wavefake::LJ050-0199,5.921125,0.05362597003038002,0.4755757451057434,8.868384941779546,0.18216747416532084,0.0006504893710371107,0.013090101070702076,0.08460628613829613,0.13737887648039857,0.0,927.5841971518166,1294.3245399069967,937.5,0.12940732840835306,0.0019406631006391216,45.37597996111971,-0.06516214974747296,-1.3043443177863954,-1.8846051570411662,-1.8597983612295548,-1.5882411304985176,-1.7145029798114397,-2.0107310869789976,-2.0973186783106286,0.0025106281660009283
voice,existing_fake,data\raw\Bisher_ASVspoof_2019_LA\asvspoof2019_LA_T_3892707.flac,asvspoof::LA_0095,3.2666875,0.1551660119101839,0.999969482421875,6.444513654193137,0.10012245054146099,0.000274658203125,0.003570556640625,0.2462097167968751,0.3156102320776015,0.00013392771729772132,328.81377181327014,661.4699654460607,500.0,0.04237496173574483,0.006654715526770099,357.99634487311664,-0.026924067752123103,-1.4120394405491272,-2.3654402059328934,-2.263505189439351,-2.299921893618596,-2.339147191188562,-2.797742453450648,-3.3543033086169975,0.0009051574669544839
voice,existing_fake,data\raw\Bisher_ASVspoof_2019_LA\asvspoof2019_LA_T_1964808.flac,asvspoof::LA_0092,1.689375,0.11366108063160227,1.0,8.798086332129774,0.15368678086499685,0.000579833984375,0.0197296142578125,0.1680908203125,0.14298927118017019,7.399186089530152e-05,813.4918794534409,563.7844127910807,1375.0,0.024403695753859866,0.0045677593071740685,153.20469167419455,-0.17215859356580349,-0.5104307927558798,-1.8864714844580925,-2.5852630747770684,-3.1221511343765695,-2.857311787116338,-3.272821798414169,-3.5491598093897694,0.00015567978335634497
voice,existing_fake,data\raw\ajaykarthick_wavefake-audio\wavefake_ajay_LJ050-0261.wav,wavefake::LJ050-0261,6.8266875,0.05292449538377899,0.41144853830337524,7.774255291803529,0.20224122461684946,0.0008649434661492705,0.014156457036733627,0.08305511027574543,0.11249965667829383,0.0,1110.7999597955788,1813.9027295435176,968.75,0.09330461918874045,0.0018751869389533168,35.0192557264941,-0.06901672074726271,-1.3328049649252702,-1.937533872732371,-2.3162496096672203,-2.485259255940654,-2.320291072999524,-1.6577108430769918,-1.267302169444065,0.003485835179396423
voice,existing_fake,data\raw\Bisher_ASVspoof_2019_LA\asvspoof2019_LA_T_2532604.flac,asvspoof::LA_0095,1.4335625,0.26436521601713936,0.999969482421875,3.7825304610310186,0.043643181025462156,0.00347900390625,0.112030029296875,0.47491455078125,0.03649125866503902,0.0002179884030169595,200.6083631773417,274.6720677837737,250.0,0.005012931389845332,0.008409692101772741,52.95508383055731,-0.007905659145060714,-1.8435455755640504,-2.694478656998899,-2.9691231664422153,-3.5107388233701124,-3.886130096101239,-3.8888103142500206,-4.4005311845948825,0.21056435094978374
voice,existing_fake,data\raw\Bisher_ASVspoof_2019_LA\asvspoof2019_LA_T_8697061.flac,asvspoof::LA_0084,2.0166875,0.07856654522024403,0.999969482421875,12.727675368933182,0.09111758507407178,0.0001220703125,0.000823974609375,0.09632568359375004,0.5545913781882419,6.198283075588062e-05,677.4591613333027,666.0559198292443,843.75,0.009048243549442371,0.003756828249686628,273.602373017714,-0.05892304869149602,-1.1456276488181694,-1.4794076988915748,-1.8091234797958504,-2.17846168197121,-4.844545243314868,-4.638302786192102,-4.754980065365812,0.00011251856822184646
voice,existing_fake,data\raw\ajaykarthick_wavefake-audio\wavefake_ajay_LJ009-0280.wav,wavefake::LJ009-0280,7.2795,0.047978893070324685,0.43989402055740356,9.168490400823387,0.21395883953945619,0.0002927715831901878,0.006775291636586189,0.07276992425322533,0.23797994367745037,0.0,2766.556819314125,3064.8372584881186,7250.0,0.14511157303409894,0.0019529082728076414,145.80405192423697,-0.22492530481508707,-1.2729431768004766,-1.903775324964047,-2.0812053095792318,-2.394385910690396,-1.6717835942743933,-1.299764589642574,-0.5940575287406921,2.5508825259014246e-05
voice,existing_fake,data\raw\Bisher_ASVspoof_2019_LA\asvspoof2019_LA_T_6745099.flac,asvspoof::LA_0097,2.81025,0.22865960690346096,0.999969482421875,4.373179399560752,0.13177501501234348,0.001129150390625,0.0758819580078125,0.42284240722656263,0.08978293746107997,2.224001423360911e-05,353.33296629535823,379.03919978749275,562.5,0.007694473577788201,0.007740011229019946,164.48689838299464,-0.027483439154099024,-1.2627369327840572,-2.355968453505469,-3.0059996337878427,-3.86033343165543,-3.625610102033697,-3.3254920253073794,-3.3243924534191676,0.23463986697680092
voice,existing_fake,data\raw\ajaykarthick_wavefake-audio\wavefake_ajay_LJ048-0186.wav,wavefake::LJ048-0186,9.0790625,0.06574384469000036,0.4745503067970276,7.218170903065648,0.23332994789021788,0.0006376724748406561,0.018345626071095467,0.10725552737712861,0.1256953125,0.0,1459.6545115730307,2159.025261123101,3281.25,0.17609901172691064,0.0022874571962505875,42.428253684269485,-0.11096053984999989,-1.258273121662324,-1.907393742354842,-1.8027688338989416,-1.9825424686726765,-1.5799427398751498,-1.4026476098886602,-1.1812148960202478,0.0005333797720955042
voice,existing_fake,data\raw\Bisher_ASVspoof_2019_LA\asvspoof2019_LA_T_9624371.flac,asvspoof::LA_0098,4.297125,0.11249076313825264,0.999969482421875,8.889347485294408,0.1666400011635856,0.000457763671875,0.009796142578125,0.17784729003906263,0.20407539924949822,1.4544608313698111e-05,625.4854315635396,870.8134652306715,531.25,0.05869099306587312,0.004813069416649723,172.8838926790952,-0.03600831795969253,-1.8798205836462198,-1.3901122412213829,-2.0036341050093327,-2.720107166228774,-2.4292211954512344,-2.1697671708593598,-2.475681178641184,0.004486612199836631
voice,existing_fake,data\raw\ajaykarthick_wavefake-audio\wavefake_ajay_LJ016-0406.wav,wavefake::LJ016-0406,8.6726875,0.05289202794334557,0.3879038393497467,7.333881010674115,0.19529840076875601,0.0010571319959126414,0.017039542086422443,0.08678426742553713,0.09546875,0.0,1323.5099882232391,1924.8825112866493,2000.0,0.17297117954815547,0.0017578229580382436,28.02536167588252,-0.12079544337824488,-1.0345552100505733,-1.8350353217416762,-1.8484491810016306,-1.8891311307714713,-1.387808202147297,-1.5970432616222436,-1.3714120521060422,0.0015647098644386691
voice,existing_fake,data\raw\Bisher_ASVspoof_2019_LA\asvspoof2019_LA_T_5938163.flac,asvspoof::LA_0096,3.524125,0.07315281439737743,0.999969482421875,13.669596865950853,0.07665159173539061,0.00018310546875,0.00396728515625,0.095611572265625,0.3633171354591565,1.773489873372823e-05,692.2286840586588,934.451768316175,1593.75,0.012630366546770376,0.0031555693267160136,285.4108791368247,-0.10090345791455718,-1.110039083713493,-1.1999121573132565,-1.1786188658511991,-3.8618961237557308,-3.950581686274565,-4.298023800480962,-4.779157607212192,0.0003422902035326328
voice,existing_fake,data\raw\Bisher_ASVspoof_2019_LA\asvspoof2019_LA_T_1163987.flac,asvspoof::LA_0089,3.9839375,0.07539785660603693,0.999969482421875,13.262571741884368,0.0948981833014339,0.0001220703125,0.00384521484375,0.10637817382812509,0.43264358439358047,1.568799711340853e-05,481.50819232601543,443.9546274415818,625.0,0.016387707353057814,0.0032425244596843428,347.3292585235786,-0.027328966177855143,-1.3712574252876293,-1.8287139244262534,-2.661157606193366,-3.1678834447356645,-3.332602324471841,-3.6750577239801783,-4.091098271722968,0.0022737422691935095
voice,existing_fake,data\raw\Bisher_ASVspoof_2019_LA\asvspoof2019_LA_T_1955840.flac,asvspoof::LA_0090,5.10325,0.15388333581419947,0.999969482421875,6.498231125098886,0.1888525553881765,0.001190185546875,0.048553466796875,0.26598815917968777,0.08743202860921961,1.2247097437907216e-05,496.832466681554,560.068433830429,687.5,0.020970814347206365,0.005303418889888855,82.05563014299186,-0.032348209587960766,-1.2843215240190429,-1.9651805660983994,-2.3070738269159,-3.5508212903363567,-3.0793607133377936,-2.8163184913279284,-2.8505892074870647,0.03846185458136794
voice,existing_fake,data\raw\ajaykarthick_wavefake-audio\wavefake_ajay_LJ028-0345.wav,wavefake::LJ028-0345,9.3925,0.06035047789872438,0.5412006378173828,8.967628039757779,0.18064203626590833,0.0005627363570965828,0.016713397577404976,0.09645982384681702,0.1513125,0.0,1037.5980023218178,1482.7275086934571,1281.25,0.12823924763371686,0.002179533061213139,118.77361264285824,-0.08741600520200399,-1.0526696108077755,-1.966615506462488,-1.8206304067010466,-1.9874060508901605,-1.6718693503255109,-1.7648302192358625,-1.7198906946044532,0.0024803628228616727
voice,existing_fake,data\raw\Bisher_ASVspoof_2019_LA\asvspoof2019_LA_T_8008789.flac,asvspoof::LA_0087,4.048,0.07159815900035704,0.999969482421875,13.966413332176439,0.13196535272592524,0.000152587890625,0.001861572265625,0.110626220703125,0.41426321640316205,3.0879446640316203e-05,525.2755169122948,810.7821779904097,812.5,0.061955839543367926,0.003074333522075343,237.7765443043559,-0.05140465834340423,-1.1497344307763748,-1.6358528219948127,-2.2254063241818773,-2.8773486711629825,-2.564463955462371,-2.263018491198168,-2.657604712635046,0.00019547446061413853
voice,existing_fake,data\raw\ajaykarthick_wavefake-audio\wavefake_ajay_LJ015-0115.wav,wavefake::LJ015-0115,8.93525,0.06591053616474776,0.6019093990325928,9.13221821664567,0.2353612137594825,0.00046894286933820697,0.015953133814036846,0.10315629541873947,0.168359375,0.0,1390.8293565686683,1999.2665855266805,2156.25,0.1551996626578327,0.002450279054076545,150.40446415849934,-0.12023951038469637,-1.0747130286213034,-1.4665083229078748,-2.08573579572164,-2.210446006619544,-1.9341920305624554,-1.3733669781022482,-1.2584164269614795,0.0002224956573879682
voice,existing_fake,data\raw\Bisher_ASVspoof_2019_LA\asvspoof2019_LA_T_1745658.flac,asvspoof::LA_0084,2.1163125,0.16575450190001623,0.999969482421875,6.032834529134301,0.10948021264028351,0.000579833984375,0.034454345703125,0.30133056640625,0.15545908272053394,2.9532500516818758e-05,535.5553991146362,630.6456617075903,625.0,0.01592981336604672,0.0062800722557469595,308.96826706788585,-0.03630211037776502,-1.4648149382317208,-1.565199206658041,-1.8851291683037643,-2.311128848316919,-3.993682332506556,-3.4880665875299193,-3.461906429565968,0.01022066312544056
voice,existing_fake,data\raw\Bisher_ASVspoof_2019_LA\asvspoof2019_LA_T_2979645.flac,asvspoof::LA_0096,2.229,0.06567667303590645,0.999969482421875,15.225641558840477,0.12447073998261504,0.00018310546875,0.001251220703125,0.07863464355468752,0.43365859129654555,5.607895917451772e-05,755.2538748451975,1330.9630162501899,1062.5,0.11290161948361283,0.0030722057482428645,156.63529158134492,-0.08310126847230827,-1.0494910381448848,-2.1688556866877713,-2.1499913834732833,-1.4573400825811709,-1.629595698390795,-1.95730460829203,-2.773940321233596,8.27215192470284e-06
voice,existing_fake,data\raw\Bisher_ASVspoof_2019_LA\asvspoof2019_LA_T_9393746.flac,asvspoof::LA_0096,4.782125,0.13669964717084307,1.0,7.315307835068736,0.12522055075608066,0.0040283203125,0.042449951171875,0.232208251953125,0.029367174634707373,1.3069503620252502e-05,515.7270240409587,1029.6827842103132,593.75,0.06367058152082018,0.004687454333572787,19.495932215124977,-0.0522868104566683,-1.4777551730822927,-1.6958618967785117,-1.455767261769525,-1.8932950571255611,-2.104578988619184,-2.487084859396084,-2.964484391217763,0.01922984026874742
voice,existing_fake,data\raw\ajaykarthick_wavefake-audio\wavefake_ajay_LJ008-0271.wav,wavefake::LJ008-0271,2.705125,0.04135200768583803,0.31255629658699036,7.558430994730943,0.20179755550934592,0.000901268725283444,0.010104335844516754,0.06654006689786911,0.10967607781525808,0.0,1788.222849519218,2546.724860376623,6687.5,0.0995272914845907,0.0014689416536991637,24.155355436311808,-0.12596032238629365,-1.3746605246559453,-1.874658087264908,-2.586354554789476,-2.41636514157501,-2.3595062150347457,-1.118770816150362,-0.9612010569924979,0.0004026109936813235
voice,existing_fake,data\raw\ajaykarthick_wavefake-audio\wavefake_ajay_LJ017-0007.wav,wavefake::LJ017-0007,9.9265625,0.06872694960978555,0.5411772727966309,7.874309508414097,0.17908733661981735,0.0007400665781460704,0.016616309992969036,0.11706763580441479,0.1248046875,0.0,851.8767461234747,1209.745229433116,843.75,0.11313467766992515,0.0024579649043328894,47.353351966303165,-0.05525461805783524,-1.327601505225695,-1.8127563810996499,-1.8053994176965298,-2.021793361887533,-1.9472799703895312,-2.0424003870771,-1.93852509152738,0.012375673696662363
voice,existing_fake,data\raw\Bisher_ASVspoof_2019_LA\asvspoof2019_LA_T_5636704.flac,asvspoof::LA_0084,3.9620625,0.14421399747264937,1.0,6.934139664144967,0.12924343765774862,0.000579833984375,0.025604248046875,0.25396728515625,0.15074219551054532,4.7323837016705316e-05,563.9478356958125,612.8719701050775,687.5,0.020273871175344058,0.005561073716121246,224.6788787491023,-0.04065346447987859,-1.2865754812313899,-1.7299994548040114,-1.8797684334548874,-2.3088656974379598,-3.880899536140158,-3.324048702195415,-3.466710804453498,0.005547169216018034
voice,existing_fake,data\raw\ajaykarthick_wavefake-audio\wavefake_ajay_LJ048-0127.wav,wavefake::LJ048-0127,5.3638125,0.060789336873601676,0.4548450708389282,7.482316706047978,0.23934980191097646,0.001097949454560876,0.017241746187210083,0.09959542006254196,0.09264632199578192,0.0,1010.2081853380075,1560.420471933548,937.5,0.11369587589955085,0.0020643564840145427,25.970176025667815,-0.06704013582504942,-1.2336234258690582,-2.070845729267508,-2.2092118743540436,-2.2589732880644258,-1.8632004989192563,-1.5822888889284192,-1.6090836891390456,0.0031340210964380553
voice,existing_fake,data\raw\ajaykarthick_wavefake-audio\wavefake_ajay_LJ009-0272.wav,wavefake::LJ009-0272,6.4319375,0.0655222995161661,0.5668282508850098,8.650921214160961,0.20113691575162765,0.0007667884929105639,0.01473819650709629,0.10343591123819351,0.1224553254754108,0.0,1641.6195682014343,2301.7253929851963,5468.75,0.1282668630409068,0.0024849189557429514,43.403695458196204,-0.13432411361395413,-1.090286222315213,-1.940093570076384,-1.956100364524405,-2.4217941049250973,-1.8155031084628528,-1.0592840209385623,-1.2522587642830967,0.0003703267908365244
voice,existing_fake,data\raw\ajaykarthick_wavefake-audio\wavefake_ajay_LJ048-0191.wav,wavefake::LJ048-0191,4.93425,0.06287261999662062,0.47413086891174316,7.5411342638055725,0.2257210533649157,0.0013881645631045104,0.019023437052965164,0.1000679612159729,0.07679738562091504,0.0,1133.165442195809,1728.2810171207614,1093.75,0.13129842499973646,0.002121361564595026,23.62017316954012,-0.07706048643864702,-1.2393527018713488,-1.9734390022808508,-2.061408229263867,-2.0857209767679845,-1.871248004287324,-1.6044968177517422,-1.4075391271939397,0.0015801443457734514
voice,existing_fake,data\raw\Bisher_ASVspoof_2019_LA\asvspoof2019_LA_T_2447776.flac,asvspoof::LA_0092,1.4501875,0.15299741691937474,1.0,6.53605805990157,0.11563658305318507,0.000885009765625,0.043212890625,0.251611328125,0.11080463733137956,8.619575054949792e-05,621.8766418446038,539.6543967015223,1000.0,0.02250267563064448,0.005488860423649812,90.58426796715175,-0.0706704579355158,-0.9047534325836406,-1.7453242890265508,-2.2739564725727717,-3.188539288716773,-2.9875758109120696,-3.342061528312328,-3.649531039163799,0.0013448362556484083
voice,existing_fake,data\raw\Bisher_ASVspoof_2019_LA\asvspoof2019_LA_T_3845823.flac,asvspoof::LA_0082,3.9775625,0.14063307433436617,1.0,7.110702832410685,0.11134506599622879,0.0020751953125,0.045928955078125,0.2447509765625,0.05498028000817083,1.571314089973445e-05,591.8750103367288,915.2879260939216,531.25,0.041299033093157474,0.004684006190571209,39.96877245900031,-0.047846216308770464,-1.467215130399111,-1.9883745836971816,-1.379811427274239,-1.8256534046019366,-2.795100654040233,-2.8549660644568453,-3.5226199602299575,0.015039225223630766
voice,existing_fake,data\raw\Bisher_ASVspoof_2019_LA\asvspoof2019_LA_T_4527283.flac,asvspoof::LA_0089,3.7875625,0.06980409487955523,0.999969482421875,14.325369939217618,0.14587458745874587,0.0001220703125,0.003631591796875,0.08905029296875,0.400653454563456,4.9504133595155194e-05,698.8038855464814,909.4174336643836,1093.75,0.09475378432090625,0.0030786595196396916,336.72623225284025,-0.08279459933073323,-0.9609210048956153,-1.5656935107928258,-1.7580297745045597,-2.154890156273698,-2.097660182186272,-2.487764829457461,-2.8941041597245505,2.9198296044194466e-05
voice,existing_fake,data\raw\ajaykarthick_wavefake-audio\wavefake_ajay_LJ019-0345.wav,wavefake::LJ019-0345,9.6015,0.07241936627547316,0.5786131620407104,7.989757323196488,0.17509511793060883,0.0006036208767909557,0.01879182830452919,0.11347370296716694,0.143203125,0.0,978.0334302982865,1486.3630503094937,937.5,0.09021833463290817,0.0026728113907831096,87.58082753537596,-0.060672065859173216,-1.2392902699265183,-2.094454581182833,-2.1136563489783136,-2.5397873909384594,-2.2112827293556947,-1.7501376639000235,-1.5201088992768546,0.009872540229550853
voice,existing_fake,data\raw\Bisher_ASVspoof_2019_LA\asvspoof2019_LA_T_2980765.flac,asvspoof::LA_0081,1.723875,0.16639509069301756,0.999969482421875,6.009609287492259,0.09597186468946013,0.000396728515625,0.0446624755859375,0.29781188964843763,0.204154883619752,7.251105793633529e-05,491.66080696045856,526.7639924992751,656.25,0.01204544178411176,0.006020108381195634,396.3774714735953,-0.035390284315920145,-1.3752277250087221,-1.5390034117155769,-2.2772958678363797,-2.825345636534589,-3.9940377140019305,-3.6860074114957304,-3.9214549656318427,0.0045714894594154195
voice,existing_fake,data\raw\Bisher_ASVspoof_2019_LA\asvspoof2019_LA_T_7419337.flac,asvspoof::LA_0079,2.9546875,0.11588630558825472,0.999969482421875,8.628883950919768,0.14160003384524264,6.103515625e-05,0.009185791015625,0.190948486328125,0.28323638286620834,2.1152829190904283e-05,838.7710042779397,865.3926964002396,1875.0,0.0484373346443962,0.004782213635495927,2448.0418200507743,-0.10375554552923308,-0.9444342861735237,-1.2743374487828425,-1.5080219484112498,-1.871562338668475,-3.6347734489243346,-3.22853946910823,-3.414933277069484,1.853106909120001e-05
voice,existing_fake,data\raw\Bisher_ASVspoof_2019_LA\asvspoof2019_LA_T_9100205.flac,asvspoof::LA_0095,1.0150625,0.2374433266778952,0.999969482421875,4.211402764662188,0.03731527093596059,0.001708984375,0.08154296875,0.430694580078125,0.057693491780062806,0.00018471768979742628,206.91058268849625,253.0574008659617,343.75,0.000882192170542976,0.008138468182695407,120.60541733955337,-0.006679232937219277,-1.9385868693696688,-2.6052112017075437,-2.9156664602240983,-4.385161528423891,-5.541289028580777,-5.805937462222578,-5.997785527880707,0.32445879212290657
voice,existing_fake,data\raw\ajaykarthick_wavefake-audio\wavefake_ajay_LJ028-0430.wav,wavefake::LJ028-0430,5.549625,0.048907135714374,0.391335666179657,8.001606728006397,0.21565889202977712,0.000582882156595588,0.012796326074749231,0.08211580961942672,0.14266729733991035,0.0,1286.2321155728728,1951.9451946569982,2625.0,0.1667641515163574,0.0017434495488335591,52.30660988918795,-0.09861010573503047,-1.3703542366659147,-1.680077385839628,-1.6877802901640448,-1.8610447288822964,-1.5484465545791541,-1.3511351440698631,-1.4883318875237541,0.0006984109008634033
voice,existing_fake,data\raw\ajaykarthick_wavefake-audio\wavefake_ajay_LJ029-0211_WF1_1.wav,wavefake::LJ029-0211,7.349125,0.07059276997636166,0.5537441968917847,7.844205533756625,0.1328060551941149,0.0007214505167212337,0.017884207889437675,0.11003828421235085,0.12664773017195924,0.0,663.8545147950085,605.5790952037089,843.75,0.03931889051885372,0.002622059935457463,71.7857555576865,-0.044859482894371853,-1.168504962076069,-1.7588296646125214,-2.3812036855297283,-2.2409458761372845,-3.0230191174480336,-3.0367430163752687,-2.9568413553462394,0.033445562739538096
voice,existing_fake,data\raw\ajaykarthick_wavefake-audio\wavefake_ajay_LJ019-0349_WF1_1.wav,wavefake::LJ019-0349,5.445125,0.05832434159070049,0.5491582155227661,9.415592196077641,0.2051629343097531,0.0008474519010633232,0.015857642516493797,0.09772043451666836,0.11444870411606713,0.0,1543.955721252452,2137.815253153812,5250.0,0.19661003926308532,0.001984439178257119,46.997144895872054,-0.14616932126682697,-1.0575122767030165,-1.5674065522545668,-2.045008797706595,-2.1285506053906524,-1.1741042068472498,-1.2464900124319922,-1.5087410191759303,0.00015159175620011527
voice,existing_fake,data\raw\ajaykarthick_wavefake-audio\wavefake_ajay_LJ008-0241.wav,wavefake::LJ008-0241,5.340625,0.046775056663736325,0.3649194836616516,7.801582930942031,0.15977951760699363,0.0006581785390153527,0.013929377775639296,0.07389939129352571,0.13870099473376243,0.0,1076.0336467459,1662.8578947454241,1093.75,0.09720958053959101,0.001661168458234876,60.525900565953236,-0.10014965556184936,-0.9923977279309206,-1.8792255943965508,-2.2182913120831564,-2.287462374537006,-1.7490889273759804,-1.2864044406170398,-1.9900060895981746,0.0018804051294493294
voice,existing_fake,data\raw\ajaykarthick_wavefake-audio\wavefake_ajay_LJ016-0438.wav,wavefake::LJ016-0438,4.5279375,0.054416547607195914,0.43152210116386414,7.9299793930109725,0.2562322281423405,0.0009953062981367111,0.014917323365807533,0.08794268667697906,0.1004734495562273,0.0,1607.6636622017056,2194.5521658050825,4937.5,0.19962482304496632,0.0019511184053419568,27.050745066973942,-0.13818498133328835,-1.098079291039599,-2.0094225064875313,-1.84624483568268,-1.7138992394668995,-1.405277509403412,-1.2052191931117326,-1.3213382092624932,0.00017922066209678835
voice,existing_fake,data\raw\Bisher_ASVspoof_2019_LA\asvspoof2019_LA_T_2237022.flac,asvspoof::LA_0098,3.5743125,0.12785051706890133,1.0,7.8216343815103935,0.15212981744421908,0.000579833984375,0.024169921875,0.2197265625,0.15910402350102293,1.748588015177744e-05,563.5530783168895,668.6630878950868,687.5,0.02921660635019655,0.0049319460196670184,190.828867263345,-0.03486487657857828,-1.4695756504876922,-1.7351589421356568,-1.710305557624624,-2.859293165563548,-3.086141624921459,-2.7540283050304297,-2.862123710137262,0.0067402318484395575
voice,existing_fake,data\raw\ajaykarthick_wavefake-audio\wavefake_ajay_LJ017-0044.wav,wavefake::LJ017-0044,7.15175,0.05035055950836818,0.4338464140892029,8.616516247790619,0.16503098045041817,0.0004672806477174163,0.008766022510826588,0.07688373997807503,0.18198343062886707,0.0,786.1077611327185,1049.4804253404398,968.75,0.08435428776372143,0.0019591034475488537,81.78373510396844,-0.0628042049368967,-1.127123480203756,-1.5767887784169607,-2.139171651251504,-2.3167296999447626,-2.4837709027842174,-2.2735290224865654,-1.8917636858168543,0.005703030355913901
voice,existing_fake,data\raw\Bisher_ASVspoof_2019_LA\asvspoof2019_LA_T_8078030.flac,asvspoof::LA_0096,1.752125,0.08702085044178706,1.0,11.491498818078707,0.056362144615274855,0.0008544921875,0.01983642578125,0.12959899902343752,0.1096525647428123,3.567097096382964e-05,711.1403099302528,694.0592479789836,1187.5,0.014942271970602244,0.0032518197860304564,86.33834294583804,-0.1425210438590304,-0.655815110157391,-1.4505774077667293,-1.6445254866430996,-3.391542949168907,-3.688657477605505,-3.9650806273827146,-4.41856641366711,0.00042186978584037005
voice,existing_fake,data\raw\Bisher_ASVspoof_2019_LA\asvspoof2019_LA_T_3624750.flac,asvspoof::LA_0082,4.5785,0.0682970958343234,0.999969482421875,14.641464182424725,0.17308033581325508,0.000152587890625,0.00567626953125,0.08660888671875,0.3547013213934695,5.460303592879764e-05,982.3914025827701,1250.9295026865097,1437.5,0.08571835212465087,0.0029979368475271575,267.8908315330127,-0.11613991468166393,-1.0041082157755328,-2.2928651829539892,-1.0228102161050563,-1.610219890052025,-2.110064275638642,-2.5498761410581734,-3.3026572578450413,1.2612161208323102e-05
voice,existing_fake,data\raw\ajaykarthick_wavefake-audio\wavefake_ajay_LJ029-0202.wav,wavefake::LJ029-0202,9.497,0.05696107450558196,0.5082002282142639,8.921886264004067,0.24947069898983587,0.0007693270454183222,0.012828391045331955,0.08688575029373172,0.123046875,0.0,1094.7580945873167,1561.946365009005,1281.25,0.15910542922131143,0.0021410797256604715,41.93807822491122,-0.10097526030163609,-1.0246577602044005,-1.5440891484220398,-2.075096973300021,-1.9079515957927904,-1.7284639401666817,-1.6129113727681461,-1.6869744829338544,0.0016566181625092007
voice,existing_fake,data\raw\ajaykarthick_wavefake-audio\wavefake_ajay_LJ009-0286.wav,wavefake::LJ009-0286,7.349125,0.048446461105302194,0.35405611991882324,7.308193660404925,0.2272738869753795,0.0006781519332434982,0.010737767443060875,0.07616466283798218,0.13491402037657543,0.0,1644.9776400779544,2272.53775140781,4937.5,0.17609776275809164,0.0017771027369523878,36.22600686077076,-0.13708773778015163,-1.1184673215753587,-1.7391731386914067,-1.8626893952084762,-1.7846457240031444,-1.7761626739407528,-1.2079485475095366,-1.1706981646602728,0.00017669253364240869
voice,existing_fake,data\raw\ajaykarthick_wavefake-audio\wavefake_ajay_LJ029-0184.wav,wavefake::LJ029-0184,6.1185,0.05930996991534684,0.41252851486206055,6.955466601161032,0.18587261862199295,0.0009279709775000811,0.015087820589542389,0.09696586057543755,0.10680722399280869,0.0,809.4279341163586,1158.2818886423524,781.25,0.09660269260981698,0.002183040483273895,38.81538140123352,-0.05188630519683494,-1.3661263758617352,-1.5751469457587999,-2.190414858395431,-2.0574047702391787,-2.225094640563398,-2.0227218061277767,-1.9095471858407815,0.011220193935862032
voice,existing_fake,data\raw\Bisher_ASVspoof_2019_LA\asvspoof2019_LA_T_3509909.flac,asvspoof::LA_0079,4.8629375,0.12744192826036194,1.0,7.846711154252273,0.19913631339485388,0.001312255859375,0.036163330078125,0.2161865234375,0.07766653385942139,3.855694217743905e-05,691.2490388926192,788.9823351576582,781.25,0.04088285637336433,0.00461618310741287,49.811591232864274,-0.05805679370157604,-1.312672187908163,-1.438908109972291,-1.5081423243815841,-2.269060340546412,-3.275780452009937,-2.7502956571423525,-2.876274581876339,0.003363243905110603
voice,existing_fake,data\raw\Bisher_ASVspoof_2019_LA\asvspoof2019_LA_T_4898738.flac,asvspoof::LA_0088,1.7379375,0.14742151527132863,0.999969482421875,6.783063385160814,0.19707976695677193,0.00146484375,0.043243408203125,0.25396728515625,0.0722120329413457,3.596216779947495e-05,451.3881291376487,587.986171629151,500.0,0.017301703235303018,0.005326173988688423,58.96680023820651,-0.019359064424596867,-1.5437370163812827,-2.1305151135784546,-2.860538413198944,-3.307784676567418,-3.041720457553249,-2.641039805365902,-2.59607247706311,0.01875248281949898
voice,existing_fake,data\raw\ajaykarthick_wavefake-audio\wavefake_ajay_LJ016-0413_WF5_1.wav,wavefake::LJ016-0413,5.4915625,0.05057671128899937,0.45122477412223816,8.921591827983907,0.280922789766002,0.0007149824174121022,0.012480294331908226,0.07501111179590227,0.13112160701075515,0.0,1406.071635536228,1936.1602052965795,2312.5,0.20134928937560242,0.0018944143954758039,41.942168418900835,-0.1298004174190053,-0.9806979809635821,-1.7371873255595134,-1.6364962033075545,-1.8099955590632015,-1.7839359116939375,-1.4992288325050804,-1.3117459946859633,0.00012269130595795477
voice,existing_fake,data\raw\Bisher_ASVspoof_2019_LA\asvspoof2019_LA_T_6703105.flac,asvspoof::LA_0079,4.5314375,0.09880797495027688,0.999969482421875,10.12033171335704,0.12548619348431767,0.000152587890625,0.001007080078125,0.12835693359375,0.49515192474794145,9.654772905948719e-05,802.7465508174544,771.4609319278292,1093.75,0.04290010271896199,0.004620055488212414,347.89858107621444,-0.084526218478074,-0.9934518937314665,-1.5721133309545348,-1.3825264546485987,-2.305224123471206,-3.200574103749011,-2.97107705725207,-3.3373221056749047,3.5111061234559134e-05
voice,existing_fake,data\raw\Bisher_ASVspoof_2019_LA\asvspoof2019_LA_T_1122961.flac,asvspoof::LA_0080,2.4595625,0.13173102202145529,1.0,7.591226308387163,0.13826489123805652,0.000701904296875,0.039886474609375,0.2235046386718751,0.12492059055218153,0.00010164409320763347,612.4470624293419,660.0665639193861,843.75,0.0229774631680191,0.004643349347457097,92.85959236739419,-0.05725745276655064,-1.105668266998212,-1.5672103558638353,-1.8812619989312918,-2.4018168563943814,-3.748049909971398,-3.429750640616774,-3.4339743279288575,0.00027753954692344126
voice,existing_fake,data\raw\ajaykarthick_wavefake-audio\wavefake_ajay_LJ050-0219.wav,wavefake::LJ050-0219,6.7570625,0.06164144708413197,0.4168747663497925,6.762897142580327,0.2128718366138819,0.0007185941096395256,0.014969674870371819,0.10005644857883456,0.12897616382858676,0.0,1078.9127499215201,1638.2419230935386,1531.25,0.14442810276203055,0.00224878369272872,47.101774315413664,-0.08184159936999477,-1.2322496524419535,-1.8069759948537227,-1.8814812621555117,-1.9513533580875846,-1.4804359988327542,-1.8314517612224714,-1.5945730192206389,0.0021602535482899902
voice,existing_fake,data\raw\ajaykarthick_wavefake-audio\wavefake_ajay_LJ008-0244.wav,wavefake::LJ008-0244,5.5960625,0.043639209658614335,0.3678692877292633,8.429788041696266,0.22857844889206577,0.0003600537078455091,0.00739299738779664,0.06915592849254608,0.22763773635480306,0.0,1857.0894206243252,2416.24070545204,6250.0,0.17756652160429814,0.0016980339020327528,99.57154524887194,-0.18269147011460604,-0.8753038771843856,-1.8368011843278238,-2.1010307290321393,-2.154140715762301,-1.6921188293158147,-1.1202207077237147,-1.0731723416511656,3.967656150931804e-05
voice,existing_fake,data\raw\Bisher_ASVspoof_2019_LA\asvspoof2019_LA_T_6264417.flac,asvspoof::LA_0087,2.995125,0.1493919191690955,0.999969482421875,6.693598207879087,0.12441309655474635,0.00103759765625,0.0526580810546875,0.2501220703125,0.09717874880013355,4.1734485205125e-05,459.85864539600215,589.79005366358,625.0,0.02224380956182774,0.005079813186598909,95.17524123980976,-0.04986460499754299,-1.0605044800992869,-1.9080320972547826,-2.2882643563569096,-3.295630986277898,-3.3513910242024085,-2.7746188188722383,-2.874057833254542,0.008481945674280471
voice,existing_fake,data\raw\ajaykarthick_wavefake-audio\wavefake_ajay_LJ045-0161.wav,wavefake::LJ045-0161,2.6935625,0.07656480747289952,0.3572578728199005,4.666084649221558,0.16660478930759234,0.001624933839775622,0.02320680022239685,0.13712781071662905,0.06703482841033019,0.0,893.3197089658133,1411.800942362549,843.75,0.06069061046667293,0.002564169850353939,21.61643910460769,-0.053627944900258594,-1.3542688500914628,-1.7136886827972448,-2.3547419406031946,-2.787133696462054,-2.7045645834931986,-1.7781520039701533,-1.5542969750514581,0.018924785429137406
voice,existing_fake,data\raw\ajaykarthick_wavefake-audio\wavefake_ajay_LJ050-0181.wav,wavefake::LJ050-0181,5.735375,0.0463052845712409,0.3940194249153137,8.509167551040811,0.21324034217839044,0.0007491823344025761,0.012702746782451868,0.07219212129712105,0.1253296427870889,0.0,1073.5398722641817,1707.7630046581683,1031.25,0.1472390401676654,0.0016782535403446265,27.100188530455316,-0.07480480748441101,-1.393806546310781,-1.8597648725351907,-1.884118586638456,-1.6909890336950804,-1.7377521493674464,-1.7093102977044337,-1.484353730992799,0.001566865707160437
voice,existing_fake,data\raw\Bisher_ASVspoof_2019_LA\asvspoof2019_LA_T_5773803.flac,asvspoof::LA_0087,2.992125,0.1800155608832937,0.999969482421875,5.554905795450469,0.10099638627201137,0.001708984375,0.072235107421875,0.312591552734375,0.06565150185904667,4.1776329531687346e-05,424.87035067171496,471.172198014841,593.75,0.008666129637990903,0.005801664705245237,54.026259949726544,-0.03588898851486316,-1.2389094485239258,-1.8239045040419999,-2.2208460721255188,-3.4266828190808334,-4.128286133625067,-3.9927425577977167,-4.208045654922112,0.06431027315951385
voice,existing_fake,data\raw\Bisher_ASVspoof_2019_LA\asvspoof2019_LA_T_3914688.flac,asvspoof::LA_0082,2.9930625,0.07974229173274731,1.0,12.540397049929977,0.15258519879719346,0.000152587890625,0.0015869140625,0.09763183593750013,0.44427739146776923,6.264486625321055e-05,832.3991490240281,1260.428007213235,1031.25,0.09518809989843563,0.003651245460320242,294.8962190170549,-0.07171696752217714,-1.2537377789636057,-2.3457554325106424,-1.5129205968746828,-1.4536144508925466,-1.7427778965756842,-2.1855396423895668,-2.8326683348820154,1.4545844797387197e-05
voice,existing_fake,data\raw\Bisher_ASVspoof_2019_LA\asvspoof2019_LA_T_9654776.flac,asvspoof::LA_0095,3.8196875,0.08185108897220729,0.999969482421875,12.21693559582838,0.08691952744052099,0.000244140625,0.017608642578125,0.1160888671875,0.28423463961384277,3.272519021516812e-05,440.1486717918818,811.3998235287229,656.25,0.06322266142421576,0.003250148834683846,234.88984505522976,-0.05357622287365695,-1.1345332719813304,-1.9848856662515824,-1.7416428566005728,-2.201244163541035,-2.295527038999219,-2.621575904527909,-3.328958700197493,0.000739692574837158
voice,existing_fake,data\raw\Bisher_ASVspoof_2019_LA\asvspoof2019_LA_T_1628273.flac,asvspoof::LA_0080,1.257125,0.11234970385260654,0.999969482421875,8.900508395943364,0.084820762690797,6.103515625e-05,0.001556396484375,0.16392211914062504,0.47345132743362833,4.971661529283086e-05,621.9018874180409,522.6910412284276,656.25,0.016430278831201326,0.005185679176613926,2469.3942842565834,-0.030568177969106824,-1.356108399333457,-1.916964934872664,-2.163512015629488,-2.3725935508665414,-3.9624345244175765,-3.409655815048746,-3.6715531053288695,2.3237267857284175e-05
voice,existing_fake,data\raw\Bisher_ASVspoof_2019_LA\asvspoof2019_LA_T_8167807.flac,asvspoof::LA_0092,3.43575,0.06587175134435058,0.999969482421875,15.180551025498676,0.11868075894562588,6.103515625e-05,0.00048828125,0.07122497558593754,0.5500436585898275,5.457323728443571e-05,747.0762261080625,620.9762231250303,1187.5,0.03841631130549886,0.0030802802307423847,556.1837217188215,-0.12089960924426486,-0.7077459890153128,-1.465237184995222,-2.004637005531116,-3.1354138190049845,-2.9198150548441784,-3.1329354664627527,-3.769586966711416,1.4599054927373522e-05
voice,existing_fake,data\raw\ajaykarthick_wavefake-audio\wavefake_ajay_LJ008-0278.wav,wavefake::LJ008-0278,5.82825,0.0635326987268588,0.4726865589618683,7.4400516337902305,0.1434300972643725,0.0005413047038018703,0.019190609455108643,0.10125318169593818,0.15206108179985417,0.0,875.4484598877051,1396.6230246259302,875.0,0.0753202211506097,0.0022222782353950943,119.81266910672005,-0.05918170324312865,-1.3481257028390359,-1.4928936331004223,-2.4219403904957972,-2.544335477448876,-2.5188985350481237,-1.822893353427435,-1.5903254275493488,0.0073882442429495845
voice,existing_fake,data\raw\ajaykarthick_wavefake-audio\wavefake_ajay_LJ019-0279.wav,wavefake::LJ019-0279,7.7786875,0.06315861709626064,0.6185462474822998,9.79353690628735,0.1922978032750004,0.0005629658233374358,0.015028329566121101,0.09844148606061935,0.14959946649097294,0.0,899.9407493641271,1174.9669883915176,968.75,0.1105809339438763,0.002356545531229199,86.28653913760309,-0.06608340518933604,-1.1612199438503021,-1.7543296716244032,-2.120362401826187,-1.9326804394586106,-1.7358440743536272,-1.9567138248623086,-2.230634829237067,0.002199053946699362
voice,existing_fake,data\raw\Bisher_ASVspoof_2019_LA\asvspoof2019_LA_T_8074390.flac,asvspoof::LA_0092,1.318875,0.16401770698868393,1.0,6.096902696420411,0.08909530354011658,0.00146484375,0.0496826171875,0.27044677734375,0.0686664771111743,4.738887309259786e-05,630.6328509366789,425.47259622611773,1093.75,0.007918524175394584,0.0057624782710890814,87.43671688232983,-0.09093316910213738,-0.7491888084151688,-2.096532347190554,-2.6334815869420187,-4.107270461876357,-3.7193354455894503,-3.9814059602577068,-4.319335772600905,0.012894772523251262
voice,existing_fake,data\raw\Bisher_ASVspoof_2019_LA\asvspoof2019_LA_T_3427363.flac,asvspoof::LA_0080,2.1484375,0.13324360254375747,0.999969482421875,7.504821720003277,0.09460638854948508,0.000274658203125,0.001861572265625,0.18509521484375013,0.31712,2.909090909090909e-05,411.9444315164998,476.21429926909724,468.75,0.021685178998335143,0.0062652441051652815,229.08435072080036,-0.012393919000343602,-1.877335368986508,-2.1595173229608156,-2.5685766686945755,-2.597649048806575,-2.9469489635810318,-2.9236957357390407,-3.4011098012623924,0.008378469113714225
voice,existing_fake,data\raw\Bisher_ASVspoof_2019_LA\asvspoof2019_LA_T_6535966.flac,asvspoof::LA_0081,5.4746875,0.07507632770431626,0.999969482421875,13.319371271863437,0.12482590131744184,0.00018310546875,0.008697509765625,0.12150878906250018,0.34333009874992865,2.2832353444831326e-05,498.04329338022785,570.5408590977747,593.75,0.034736411481257695,0.003035103411512688,318.38571910344064,-0.031021363723827088,-1.405504863003217,-1.6653491301963523,-2.40826247683297,-2.93092465626193,-3.1412979799437766,-2.8426888901596117,-3.1070168871473687,0.0016186986557874716
voice,existing_fake,data\raw\Bisher_ASVspoof_2019_LA\asvspoof2019_LA_T_4947096.flac,asvspoof::LA_0093,1.4816875,0.0886463674914987,1.0,11.28077808823809,0.18493208470429426,0.001007080078125,0.015045166015625,0.13718872070312504,0.0988737503690893,8.436326823301134e-05,900.6924454682149,1044.965510054326,2281.25,0.045329286429175074,0.0035534938833504813,60.78771014063065,-0.14255627427863568,-1.3912316077391587,-0.734263617172978,-1.3181337796664774,-2.445106839592161,-2.704657824505182,-3.062855574469602,-3.513382136685415,3.0332308478801616e-05
voice,existing_fake,data\raw\ajaykarthick_wavefake-audio\wavefake_ajay_LJ020-0001.wav,wavefake::LJ020-0001,5.3709375,0.06690004691765483,0.4525822401046753,6.7650511614998505,0.23073521539786349,0.000685286964289844,0.015582354739308357,0.1142809644341469,0.1285041019375109,0.0,1113.3895780741739,1617.527603905396,1531.25,0.14010313858319795,0.002444739962495428,49.895666085088074,-0.09243821360128944,-1.1326915152169517,-1.488533584635823,-2.168822228162263,-1.8710364139008782,-1.790720723971747,-1.7640871877187199,-1.4957310635768089,0.0008214035526014491
voice,existing_fake,data\raw\ajaykarthick_wavefake-audio\wavefake_ajay_LJ017-0025_WF3_1.wav,wavefake::LJ017-0025,3.018625,0.0662262563772928,0.7260911464691162,10.963795723746712,0.23206410336045716,0.0006892865698318928,0.011344897095113993,0.08998539596796036,0.13453973249409915,0.0,924.081358117574,1325.8821664137142,843.75,0.09529299462974544,0.0027716954054803913,45.537928813977175,-0.05278156883403782,-1.4195241657936624,-1.6473426405912135,-2.2651556563701636,-2.133940785086772,-1.9887946725484553,-2.0943931441001737,-1.6426501620103802,0.0007501124373671662
voice,existing_fake,data\raw\ajaykarthick_wavefake-audio\wavefake_ajay_LJ020-0067.wav,wavefake::LJ020-0067,2.066625,0.06437876739957409,0.5576026439666748,8.661281762445855,0.2917586571903826,0.0011211379314772785,0.018971426412463188,0.09452164173126221,0.09314703925482369,0.0,1165.9221413432713,1599.9128435186512,1468.75,0.13982664366892744,0.0023232950400421215,26.707355173592138,-0.1022163414769141,-1.050934889395645,-1.504127666315931,-2.020458145426281,-1.9598916988231374,-1.7797621875783771,-1.499205575588133,-1.6847636031848585,0.0003173692636008818
voice,existing_fake,data\raw\Bisher_ASVspoof_2019_LA\asvspoof2019_LA_T_2953953.flac,asvspoof::LA_0079,5.21725,0.15565232763744993,1.0,6.4245746605809195,0.1846421084156933,0.001007080078125,0.0430145263671875,0.26806640625,0.09911830945421439,2.3958982222435192e-05,599.540481259433,699.534688050405,718.75,0.03240117910246418,0.005562814407401429,103.53614029789043,-0.045316342975846635,-1.2905921376202487,-1.657981548616269,-1.6983998054403404,-2.596689693355465,-3.248248620000412,-2.7976226370708615,-2.930349347041916,0.011778410876071649
voice,existing_fake,data\raw\ajaykarthick_wavefake-audio\wavefake_ajay_LJ028-0354.wav,wavefake::LJ028-0354,8.3591875,0.06592229509054989,0.4852195978164673,7.360477925563374,0.17516543097992954,0.000512628204887733,0.018107390962541103,0.10297091007232669,0.1437734375,0.0,921.8735645593802,1324.5374326041097,1000.0,0.10798592364652564,0.0024456090036139894,79.56828156121725,-0.07387445888779905,-1.0678487803015424,-2.008343967441653,-2.024120023760427,-2.2686653072419474,-1.7594730132524325,-1.8599428864113707,-1.8232173813045291,0.004266189388386445
voice,existing_fake,data\raw\ajaykarthick_wavefake-audio\wavefake_ajay_LJ029-0134.wav,wavefake::LJ029-0134,2.6819375,0.059812252808390816,0.4768199026584625,7.971943544510188,0.24628291773479374,0.0007336089038290083,0.012272972613573074,0.08733527362346649,0.12689054088695206,0.0,1241.1811490691514,1646.3281289305567,1343.75,0.14426347071803292,0.0023121432718030475,39.3974423331206,-0.10248248607020649,-1.1255039893725234,-2.04666198677521,-1.967960334128636,-1.3105746706756003,-1.491896608448553,-1.7357950476634767,-1.7946760687839862,0.00039730133279527145
voice,existing_fake,data\raw\Bisher_ASVspoof_2019_LA\asvspoof2019_LA_T_1936706.flac,asvspoof::LA_0081,5.05725,0.15174570674435414,0.999969482421875,6.589771163058489,0.14301427423839833,0.000732421875,0.0272216796875,0.26055908203125,0.12800929358841268,1.2358495229620842e-05,466.45178097294075,476.22374162904924,593.75,0.015434424328881853,0.00575386879698923,155.2620891667605,-0.026812792090933523,-1.4529503497310599,-1.6962409715961169,-2.5710889512890316,-3.115639494008673,-3.7129890176323084,-3.3115977045094738,-3.429830078983382,0.06864938650336849
voice,existing_fake,data\raw\ajaykarthick_wavefake-audio\wavefake_ajay_LJ044-0109_WF3_1.wav,wavefake::LJ044-0109,6.7454375,0.06700162179015418,0.4122316241264343,6.152561880032154,0.20390823341919465,0.0019805542193353175,0.024616770446300507,0.11274351179599763,0.05486115615184337,0.0,1232.247011326023,1950.3104864758463,1531.25,0.1387446434521256,0.0020605315106247252,14.699609996991631,-0.07987519082934855,-1.5207169360239732,-2.054658502056564,-2.1421527648168124,-1.762158658151144,-1.5384127570388877,-1.4828190681588531,-1.369726013014212,0.0069813824370251795
voice,existing_fake,data\raw\Bisher_ASVspoof_2019_LA\asvspoof2019_LA_T_8002858.flac,asvspoof::LA_0098,2.6029375,0.17646401224699354,1.0,5.666877836826683,0.18407530134946934,0.0009765625,0.044097900390625,0.32221679687500004,0.10214421206809614,4.802266669868178e-05,534.4643082995455,552.663254080931,656.25,0.022037644328400538,0.006508740033974245,137.7728188619922,-0.02477642975123183,-1.4588713677009677,-2.1197514124741845,-2.086657398118427,-3.034473789369737,-3.0914782867226664,-2.6967677844955658,-2.9340683229863007,0.011544340809288579
voice,existing_fake,data\raw\Bisher_ASVspoof_2019_LA\asvspoof2019_LA_T_2287455.flac,asvspoof::LA_0080,0.906,0.19487902295539333,0.999969482421875,5.13123201900885,0.09975853742669887,0.001007080078125,0.056121826171875,0.355010986328125,0.09795805739514349,0.0001379690949227373,402.83444600573773,360.6684549006015,500.0,0.008275619724121722,0.0070555444206302055,178.0047446925049,-0.01093024568962015,-1.8199949522335623,-2.2468666968043625,-2.6561690640080795,-2.919924031121049,-3.7795005517965548,-3.444159562992852,-3.926483354622749,0.0027973281967477916
voice,existing_fake,data\raw\Bisher_ASVspoof_2019_LA\asvspoof2019_LA_T_9032288.flac,asvspoof::LA_0079,3.8805625,0.09330219418715652,0.999969482421875,10.717534471011675,0.13664476227290298,0.00018310546875,0.00152587890625,0.127685546875,0.42661340978273127,1.610591248047158e-05,881.3705884272046,1005.3514393811364,1625.0,0.05740821955213398,0.004230233889200896,303.9735269549777,-0.08641217520993379,-1.4072144466343455,-1.3782785873029078,-1.0618970415077984,-2.0576220906520795,-2.9138244102397306,-2.6689443302394826,-3.2347335011483866,0.00014216724002966643
voice,existing_fake,data\raw\ajaykarthick_wavefake-audio\wavefake_ajay_LJ034-0034.wav,wavefake::LJ034-0034,9.218375,0.05459287072498198,0.544380247592926,9.971636229486917,0.1808529754138704,0.0004876539402175695,0.0101061319001019,0.08310732543468477,0.1723671875,0.0,951.9737283506165,1203.0171263236514,1062.5,0.112085907429124,0.002123453349049213,101.66523512987939,-0.09340798850283731,-0.8875444258300564,-1.8652970663592972,-2.1098512026377625,-2.0686413002504547,-1.9475548685390385,-2.139955425027294,-1.809690212982955,0.0018725238470028531
voice,existing_fake,data\raw\Bisher_ASVspoof_2019_LA\asvspoof2019_LA_T_8356405.flac,asvspoof::LA_0097,2.8936875,0.1260922618055955,0.999969482421875,7.9304587617247435,0.12428182642878742,0.000274658203125,0.002044677734375,0.19663085937500013,0.3210004535735113,4.319747726732759e-05,395.1274448767949,637.5747565540757,562.5,0.025569910740411667,0.005721798958748193,244.52251975827087,-0.016265724638682106,-1.7553017541102212,-2.0172789855656594,-2.863899889808142,-3.4228624363121463,-2.6480332867948526,-2.4082407775073555,-2.7739974796312956,0.0052335666179525574
voice,existing_fake,data\raw\Bisher_ASVspoof_2019_LA\asvspoof2019_LA_T_4410198.flac,asvspoof::LA_0089,4.2199375,0.09082636867572541,0.999969482421875,11.009682507422875,0.12094552563760774,0.0001220703125,0.00299072265625,0.12106933593750013,0.437180645447948,1.4810645892267361e-05,518.0633199742828,838.8772302853773,593.75,0.0659529994923229,0.003991627036916058,371.31823133648925,-0.038215548868149526,-1.36117341538061,-1.7973781988804,-2.478559122627265,-2.0795343214186497,-2.05164724801068,-2.491220109022715,-2.9995960301969866,0.0006317653850705348
voice,existing_fake,data\raw\Bisher_ASVspoof_2019_LA\asvspoof2019_LA_T_1195400.flac,asvspoof::LA_0093,3.01,0.07510157300099504,0.999969482421875,13.314893982428652,0.09580763720176914,9.1552734375e-05,0.0006103515625,0.082794189453125,0.5815406976744186,0.00010382059800664452,778.6090517874877,828.1513409618639,1937.5,0.05702601835694739,0.003544634008017374,376.7838078340354,-0.11594067502820342,-1.023189507530548,-0.9208798124875845,-1.9363727622734048,-2.476732069881648,-2.4919802530008175,-2.9516947184769715,-3.5813891121820953,1.5779769812247985e-06
voice,existing_fake,data\raw\ajaykarthick_wavefake-audio\wavefake_ajay_LJ008-0271_WF6_1.wav,wavefake::LJ008-0271,2.705125,0.04135200768583803,0.31255629658699036,7.558430994730943,0.20179755550934592,0.000901268725283444,0.010104335844516754,0.06654006689786911,0.10967607781525808,0.0,1788.222849519218,2546.724860376623,6687.5,0.0995272914845907,0.0014689416536991637,24.155355436311808,-0.12596032238629365,-1.3746605246559453,-1.874658087264908,-2.586354554789476,-2.41636514157501,-2.3595062150347457,-1.118770816150362,-0.9612010569924979,0.0004026109936813235
voice,existing_fake,data\raw\ajaykarthick_wavefake-audio\wavefake_ajay_LJ002-0045.wav,wavefake::LJ002-0045,3.40175,0.06427986811780938,0.4172665476799011,6.491403294654447,0.1632829294284087,0.0014897389221005144,0.020159661769866943,0.10973973348736764,0.07165429558315572,0.0,956.7111078891503,1532.5630365058812,718.75,0.1083811181908872,0.0021220862492436145,19.494907669579224,-0.058353516626127463,-1.5484632441531867,-1.843170460879878,-1.9516363207645189,-2.3057419177366048,-1.6530894822455302,-1.4533061864260353,-2.0208901463080253,0.007113930915536284
voice,existing_fake,data\raw\ajaykarthick_wavefake-audio\wavefake_ajay_LJ019-0341.wav,wavefake::LJ019-0341,7.0356875,0.0745545168823239,0.7123271226882935,9.554446229094657,0.20671582126676735,0.0007872204296290874,0.019018761813640594,0.12004397809505463,0.1189116202219044,0.0,1065.7823802156306,1726.9189946700185,1000.0,0.12792275082217616,0.00270613245957101,53.493250652883866,-0.07186878968966408,-1.3344209059154168,-1.9775706300908034,-2.0940536078286516,-2.150304335112315,-1.7322003816537197,-1.4181828575022377,-1.622432331387198,0.001766272921254722
voice,existing_fake,data\raw\ajaykarthick_wavefake-audio\wavefake_ajay_LJ009-0227_WF6_1.wav,wavefake::LJ009-0227,9.0558125,0.049502551055413554,0.48896661400794983,9.877604357411736,0.22500957038726865,0.0003764204011531547,0.009991118218749762,0.07653554677963258,0.198546875,0.0,1252.7029952405137,1885.8644344195043,1656.25,0.14234045002821596,0.0018511629410751318,109.24950450860243,-0.0995798468579521,-1.0928960724626702,-1.9917363619930588,-2.2480238077003376,-1.958817821809213,-1.792340191259233,-1.4062517783373658,-1.3772515048208993,0.0004647604320410524
voice,existing_fake,data\raw\ajaykarthick_wavefake-audio\wavefake_ajay_LJ048-0152.wav,wavefake::LJ048-0152,3.4598125,0.07333123406279761,0.5972367525100708,8.144370678374562,0.25119228267938437,0.000599095621146262,0.016913801431655884,0.11658734381198883,0.13234098668641725,0.0,1251.349127471048,1763.1716600377365,1531.25,0.1293215880640052,0.0027746276737299473,57.22627194206375,-0.0926334259439406,-1.184890350000544,-2.2009190813810053,-2.259846857102936,-1.8124078491978894,-1.3156848362428835,-1.604627730932716,-1.5789872910198937,0.0006087689907683933
voice,existing_fake,data\raw\ajaykarthick_wavefake-audio\wavefake_ajay_LJ050-0263.wav,wavefake::LJ050-0263,8.3591875,0.057365088120125654,0.4505457878112793,7.8540067238772755,0.21002507832092437,0.0007966355129610751,0.018565325997769833,0.09396241679787638,0.11584375,0.0,1242.002897746421,1926.5107110988781,1375.0,0.14999975749341105,0.0019178442270899258,37.469447045038486,-0.09054453251509183,-1.323232792500429,-1.6863409925815234,-2.1610268561726875,-1.836927334658449,-1.724835941925802,-1.4808056592535919,-1.330353332473937,0.002261379185220619
voice,existing_fake,data\raw\ajaykarthick_wavefake-audio\wavefake_ajay_LJ019-0334.wav,wavefake::LJ019-0334,4.284125,0.06934793865165945,0.6832170486450195,9.852016684690176,0.17279159676125172,0.0008009732409846038,0.01734437234699726,0.10280997306108475,0.11862107198085957,0.0,869.0613221566325,1201.8575446322889,875.0,0.09521563649552159,0.0026238956288624207,72.77785459013249,-0.06067357814202013,-1.1830598268823418,-1.709559679919965,-2.207076100860823,-2.2004554820142066,-2.0549607830214316,-2.041403523801455,-1.828274707831522,0.00202294096982036
voice,existing_fake,data\raw\ajaykarthick_wavefake-audio\wavefake_ajay_LJ019-0271.wav,wavefake::LJ019-0271,6.699,0.06972834681475706,0.6744035482406616,9.671870609987462,0.18582237854883704,0.0003651444974821061,0.012878752779215574,0.1136813089251518,0.19383490073145246,0.0,1265.6113646135666,1860.384678853268,1718.75,0.1575269041715572,0.002715725027060579,179.51861049595666,-0.10829927427412575,-1.0471627552255236,-1.9779124296993686,-2.002593114598629,-1.9685477247901737,-1.6220178785434813,-1.2688030412038662,-1.6564729301428547,0.00023737625225082835
voice,existing_fake,data\raw\ajaykarthick_wavefake-audio\wavefake_ajay_LJ020-0072.wav,wavefake::LJ020-0072,2.1014375,0.0899018367910194,0.582973301410675,6.484553844720892,0.11757182796978169,0.0006782127427868546,0.018566377460956573,0.14358547329902646,0.12979210659370075,0.0,655.2584103346716,536.9975729021555,750.0,0.02533571226928959,0.003402071439401061,74.35618810795859,-0.036035476286534716,-1.3613463062351179,-1.594311128257662,-2.234257907536903,-2.457221703044843,-3.4479769355389576,-3.6611974727121814,-3.117006339865394,0.023192695833360647
voice,existing_fake,data\raw\Bisher_ASVspoof_2019_LA\asvspoof2019_LA_T_2367403.flac,asvspoof::LA_0082,3.4944375,0.09424734599936165,0.999969482421875,10.610054551866616,0.12090860311214452,0.0001220703125,0.001434326171875,0.126220703125,0.4615370857255281,1.788556813507181e-05,990.2699216032191,1237.6639568659186,3156.25,0.05298514984875543,0.004265053944058715,398.5574306611509,-0.10423245965776524,-1.27839198429705,-1.987934735203416,-0.8757026461529437,-1.885330655700241,-2.520230433505182,-2.969707788105151,-3.7712549938850564,7.653634186905685e-05
voice,existing_fake,data\raw\ajaykarthick_wavefake-audio\wavefake_ajay_LJ048-0100.wav,wavefake::LJ048-0100,3.9125625,0.0491339488932532,0.40151679515838623,8.17188123899238,0.21648562300319488,0.0007045686943456531,0.009744650684297085,0.07661912590265274,0.13312886375617003,0.0,1162.3458465373021,1758.5887699665711,1718.75,0.1569676536937902,0.0018162565873142702,31.636954133068144,-0.09269696831801111,-1.261606047974931,-1.656911939581354,-2.0790474232322693,-1.5285536661873944,-1.6037553660094457,-1.5689241331286958,-1.5920077385185554,0.0006458976136756568
voice,existing_fake,data\raw\Bisher_ASVspoof_2019_LA\asvspoof2019_LA_T_4238853.flac,asvspoof::LA_0096,4.84175,0.07961003912812893,0.999969482421875,12.56084651349646,0.09694450540230033,0.000213623046875,0.0078125,0.10621032714843759,0.3083337636185264,2.5817111581556254e-05,586.0265954495925,599.9104609533349,1156.25,0.030869305905357743,0.003336262620021292,287.434803480463,-0.11796886595822552,-0.6716921265730191,-1.7908233405874334,-2.2222898705508696,-2.9483627004097137,-3.009195848204348,-3.29897618864784,-3.948595715134188,0.00032053232334733133
voice,existing_fake,data\raw\ajaykarthick_wavefake-audio\wavefake_ajay_LJ034-0045.wav,wavefake::LJ034-0045,8.9165,0.057364264712339144,0.4867115318775177,8.484577189617934,0.1920874381831108,0.00040629477298352866,0.012889767065644264,0.09314996823668481,0.1785390625,0.0,1050.6055430994395,1524.7403328533221,1093.75,0.12808919932358315,0.0021399947206285456,132.01217317180345,-0.08546923177229052,-1.0528698496216373,-1.9941206186551867,-2.1014147219649124,-1.840622036935492,-1.8933825686755674,-1.6352552373267617,-1.664004169985804,0.00224983260623146
voice,existing_fake,data\raw\Bisher_ASVspoof_2019_LA\asvspoof2019_LA_T_3008105.flac,asvspoof::LA_0095,1.904625,0.21298952916839317,1.0,4.695066484744341,0.0761329701703147,0.004425048828125,0.0849761962890625,0.36783142089843757,0.03596508499048369,3.2814858567959574e-05,249.6270923334019,435.91512215304164,281.25,0.01508653986754458,0.006783584731233491,31.014290271016925,-0.020337088997320823,-1.443816246630838,-2.46140026756275,-2.529909640518892,-2.6885570477111855,-3.1568464944653933,-3.3409786963447536,-3.8276435546924175,0.47825511920126207
voice,existing_fake,data\raw\Bisher_ASVspoof_2019_LA\asvspoof2019_LA_T_5639402.flac,asvspoof::LA_0092,4.8333125,0.07687429087527632,0.999969482421875,13.007853094141216,0.13338592044690425,9.1552734375e-05,0.00372314453125,0.0865478515625,0.4083508980642158,2.5862180440432934e-05,664.187055820296,705.7626278764035,968.75,0.06703042355461317,0.00343782971549659,447.3113453147923,-0.06665966623599297,-0.9716916741284466,-1.7150908726028247,-2.2239199960497573,-2.589101352538281,-2.3127517179552113,-2.652437538879321,-3.1914646394302544,0.0001810889035729947
voice,existing_fake,data\raw\Bisher_ASVspoof_2019_LA\asvspoof2019_LA_T_1237039.flac,asvspoof::LA_0082,2.437625,0.11019360836154457,0.999969482421875,9.07465956773991,0.09476680085126023,0.00018310546875,0.001251220703125,0.1480957031250001,0.4403107532947028,2.5639710784062355e-05,396.2589146333102,474.8480062388967,500.0,0.016703283145145475,0.005011973560735495,320.1113078054232,-0.014769057726281164,-1.7564623508213373,-2.4447718416377167,-2.092316452439807,-2.47399644412616,-3.2868497630579583,-3.542109194022719,-4.10815945539679,0.003011499472495293
voice,existing_fake,data\raw\Bisher_ASVspoof_2019_LA\asvspoof2019_LA_T_9291366.flac,asvspoof::LA_0092,3.402625,0.07549186492807101,0.999969482421875,13.24605615949017,0.0933120258628607,6.103515625e-05,0.000457763671875,0.089599609375,0.5569045957165424,1.836817163219573e-05,789.7466774377757,636.7706203363376,1531.25,0.015996506616078373,0.0034674343927711964,757.0705278052085,-0.14109697742006536,-0.6409012514957232,-1.3874822993562732,-2.142950832662043,-3.921060657203864,-3.458147858890303,-3.981481401130922,-4.431528145527142,8.318753371362451e-05
voice,existing_fake,data\raw\ajaykarthick_wavefake-audio\wavefake_ajay_LJ020-0084.wav,wavefake::LJ020-0084,6.98925,0.06498765019831673,0.6874428987503052,10.578054394219517,0.1722660895848051,0.0003785026696277782,0.012217556592077017,0.09905985891819004,0.1888078119969954,0.0,953.9829464088807,1305.905718806536,1281.25,0.11846255877254543,0.002465191929207755,160.90574851427937,-0.08800789392907762,-1.018734736356459,-1.4748404475084131,-1.912742844543653,-2.3301948130262544,-2.164517929395464,-1.9588755827311213,-1.7120791310076584,0.000716803322467137
voice,existing_fake,data\raw\Bisher_ASVspoof_2019_LA\asvspoof2019_LA_T_1996825.flac,asvspoof::LA_0080,2.4635625,0.13507204409172105,1.0,7.403456479276698,0.1347422366551654,0.00030517578125,0.00701904296875,0.2393798828125,0.2604460004566558,5.0739528629779026e-05,609.5887357707193,579.1725725356894,687.5,0.010464136512092864,0.005694774466473487,347.9463679245676,-0.053710317212470673,-1.243095676263224,-1.2669909185420467,-2.472480062159499,-2.8540896504432887,-4.293826226987124,-3.7890902274560765,-3.862548266212655,0.0013574763399996023
voice,existing_fake,data\raw\Bisher_ASVspoof_2019_LA\asvspoof2019_LA_T_6838120.flac,asvspoof::LA_0097,4.6458125,0.13371328146107342,0.999969482421875,7.478460415414948,0.16605230587095732,0.000396728515625,0.004791259765625,0.2038513183593751,0.226696083838941,2.6905950250897986e-05,487.89193667410404,846.8020720148546,562.5,0.045893700839924036,0.005932615780200791,218.55129619902857,-0.031782979718548,-1.4075622372190029,-1.8772100553957094,-2.7670847284253024,-3.068527748543728,-2.322712321311162,-2.0992118110416658,-2.5375524968638987,0.0060446867492355335
voice,existing_fake,data\raw\Bisher_ASVspoof_2019_LA\asvspoof2019_LA_T_7620970.flac,asvspoof::LA_0089,7.3355,0.10176758392681699,0.999969482421875,9.826011818664892,0.14216943433844267,0.000335693359375,0.02130126953125,0.155120849609375,0.21901199645559266,1.704041987594574e-05,601.1680874439634,975.5198998490303,625.0,0.09725173570720431,0.003866981750387756,294.5118032993861,-0.04537595135422874,-1.4371080053203813,-1.6018332143361567,-2.1007283576048987,-1.9170395525649508,-1.8989283438597502,-2.4548377983376826,-2.829299617526908,0.002221334707777211
voice,existing_fake,data\raw\ajaykarthick_wavefake-audio\wavefake_ajay_LJ043-0040.wav,wavefake::LJ043-0040,4.284125,0.06225729103625541,0.48534566164016724,7.795804371853044,0.25110511342913416,0.0008753205765970051,0.013280756771564484,0.10062078759074211,0.1115892976978963,0.0,2241.357714561451,2624.2329626751903,6687.5,0.1540479031065822,0.002299038057816675,28.189414436176197,-0.17083622139225044,-1.5330016991790678,-2.2291365223161876,-2.240264561809677,-1.9608723182746273,-1.001754296358863,-0.9519824801347953,-1.2074178379943834,0.00010638657155912809
voice,existing_fake,data\raw\Bisher_ASVspoof_2019_LA\asvspoof2019_LA_T_3814751.flac,asvspoof::LA_0080,2.4060625,0.07952268881492526,0.999969482421875,12.574643756690923,0.12546758104738154,0.0001220703125,0.00115966796875,0.10950927734375004,0.4767384471517261,2.597605008182456e-05,728.7879186457626,762.1911007984329,875.0,0.04588715021584942,0.0036010574292804844,325.5137221664252,-0.06608557263106431,-1.0677064771049056,-1.4767042698644433,-1.9247942701917733,-2.2705394798394885,-2.8817825012061182,-2.549368800715826,-3.0776683941225267,6.970903502208661e-05
voice,existing_fake,data\raw\ajaykarthick_wavefake-audio\wavefake_ajay_LJ043-0032.wav,wavefake::LJ043-0032,5.7540625,0.05053805444910818,0.5517139434814453,10.91680218986311,0.17732229753215153,0.0005076044122688472,0.010995220392942429,0.0802444636821747,0.16867430619670884,0.0,912.0696893871219,1333.8797901510238,1031.25,0.11868012913470283,0.001902424315305872,78.85416241661007,-0.07563013221568196,-1.0898208715763014,-1.9872985599437227,-1.7734070973090117,-1.946767105162623,-1.9886582180324726,-1.747666901732506,-1.9239244850035657,0.0009054788748263691
voice,existing_fake,data\raw\ajaykarthick_wavefake-audio\wavefake_ajay_LJ019-0307.wav,wavefake::LJ019-0307,6.40875,0.06403298966902021,0.629358172416687,9.828655130266027,0.21027121387959702,0.0009432365477550775,0.016105003654956818,0.10246619582176214,0.10510044860542228,0.0,1113.4864729334906,1725.6978025363012,1250.0,0.14574892026226843,0.0023057303618039134,39.70914786147997,-0.08189905071439503,-1.324077330817427,-1.5931141019465889,-1.9519809466907783,-1.796717954411704,-1.9929962160057084,-1.5641782774129611,-1.4640749439272456,0.0010818036062955562
voice,existing_fake,data\raw\Bisher_ASVspoof_2019_LA\asvspoof2019_LA_T_2243717.flac,asvspoof::LA_0084,5.15975,0.08527061137450594,1.0,11.727369886068136,0.16955968748107322,0.00018310546875,0.005035400390625,0.116668701171875,0.3600949658413683,2.422597994088861e-05,729.6819448746946,895.002546229978,1000.0,0.08252669114102089,0.0037221666895938398,275.42968442948825,-0.07212230397099924,-1.0426790552853171,-1.5140592853756498,-1.8304836841819796,-2.226732929808858,-2.5845434974504453,-2.231047811999933,-2.5899300721449476,0.00017884840409922105
voice,existing_fake,data\raw\Bisher_ASVspoof_2019_LA\asvspoof2019_LA_T_4886583.flac,asvspoof::LA_0080,3.1911875,0.12552708919581582,1.0,7.9664079395647525,0.21066238395550158,0.0006103515625,0.02093505859375,0.20429077148437513,0.1440294561193913,1.9585185765486987e-05,604.826633122152,526.8825232025889,906.25,0.021959530297117304,0.005033284921338191,135.66058167802993,-0.05429201231294744,-0.9803609932593457,-2.244135899379386,-2.5057890512328456,-2.8953934273090804,-3.405911278086844,-2.8980187046253088,-2.9439357452763675,0.004237293432740301
voice,existing_fake,data\raw\Bisher_ASVspoof_2019_LA\asvspoof2019_LA_T_5979464.flac,asvspoof::LA_0088,2.7015,0.18204816871796892,0.999969482421875,5.492884050764823,0.2064410152002406,0.0010986328125,0.038787841796875,0.32927551269531263,0.0926337220062928,6.94058856191005e-05,511.65557845851214,482.2214572248517,656.25,0.013138488804312067,0.006768588173399192,84.02686565043481,-0.024624560379796614,-1.3283115077829784,-2.406927084218524,-3.2111350628383626,-3.570364454042734,-3.324337877810301,-2.856252704565915,-2.824279662174608,0.011069545752328847
voice,existing_fake,data\raw\Bisher_ASVspoof_2019_LA\asvspoof2019_LA_T_1836954.flac,asvspoof::LA_0096,3.04475,0.07680045060255854,0.999969482421875,13.020359575710119,0.10175510623011393,0.0001220703125,0.001251220703125,0.101531982421875,0.4730683964200673,4.105427374989737e-05,781.8804682447035,863.406009858543,1437.5,0.0376236374976721,0.0033794307505364616,312.07453675109133,-0.14192622537288202,-0.7753427327200177,-1.191175612892408,-1.3537442845574015,-2.9142519432510823,-3.248262818365379,-3.322112688645727,-4.060118877270513,2.3873167075532334e-05
voice,existing_fake,data\raw\ajaykarthick_wavefake-audio\wavefake_ajay_LJ019-0377.wav,wavefake::LJ019-0377,7.9645,0.0650348934201526,0.5405715107917786,8.312022706018146,0.2007125424739663,0.0007045850914437324,0.01421285280957818,0.10463787615299228,0.1314034151547492,0.0,1840.3708989986112,2493.744011393533,6687.5,0.1840669818650784,0.0024149541301299008,64.68430212875785,-0.1658136504324971,-1.0691450457582867,-1.65719370131136,-1.7906982642228575,-1.998499490185405,-1.8543730861586738,-1.045023584400654,-1.0985157089765862,0.00018096516722742036
voice,existing_fake,data\raw\Bisher_ASVspoof_2019_LA\asvspoof2019_LA_T_8401626.flac,asvspoof::LA_0080,6.41175,0.10139087930393088,0.999969482421875,9.862519087386064,0.12398257089104857,0.000335693359375,0.021484375,0.162933349609375,0.24197761921472297,1.9495457558388895e-05,582.6225212500001,790.9574825753185,718.75,0.06589858108942977,0.003808593508446986,242.9308245779994,-0.0354607982497978,-1.364072993278312,-1.802147775388331,-2.187307472981279,-2.6437279037368278,-2.654714842415706,-2.210267947850779,-2.648321786079255,0.002690825795334498
voice,existing_fake,data\raw\ajaykarthick_wavefake-audio\wavefake_ajay_LJ009-0009.wav,wavefake::LJ009-0009,9.9033125,0.06114204519129942,0.5224212408065796,8.54438609588612,0.20423597059352025,0.0005511277704499663,0.012671683449298143,0.09318763092160226,0.1455234375,0.0,916.8213632699643,1163.4177288686758,1062.5,0.122584187942091,0.002388261530293382,60.78136314876908,-0.08171951182071173,-1.0593842772203486,-1.5603448225354712,-1.8699680950397988,-1.9427513324383485,-1.8118087366657023,-1.9578716668592353,-2.2643619214334585,0.003864240816759683
voice,existing_fake,data\raw\Bisher_ASVspoof_2019_LA\asvspoof2019_LA_T_2225530.flac,asvspoof::LA_0090,2.1466875,0.1997635224498958,1.0,5.005918937231484,0.15425377045361904,0.000762939453125,0.043792724609375,0.36322021484375,0.12458147727603575,0.0001455731213788686,559.9724887214419,643.545664578817,906.25,0.022612072519608114,0.007440966045912784,246.67730754726753,-0.06153167157669995,-1.0199124017559253,-1.587545484087323,-2.217214294122114,-3.3713705997098113,-3.155004162076995,-2.847436580309274,-2.672801900321374,0.00035072416580074787
voice,existing_fake,data\raw\Bisher_ASVspoof_2019_LA\asvspoof2019_LA_T_3966620.flac,asvspoof::LA_0079,5.851,0.10082677503664181,0.999969482421875,9.917697774807065,0.1741280777653154,0.000244140625,0.019866943359375,0.145416259765625,0.15882968723295163,3.204580413604512e-05,1006.3038379122978,1052.9774298689615,2156.25,0.1017941501233715,0.004016595343881571,176.24613253971114,-0.11388745470083081,-1.2028735440020633,-1.1208979526207907,-1.1670385531309386,-1.698946208178619,-2.8835100963536773,-2.6603112969007334,-3.1404534793184733,0.00021629528761710684
voice,existing_fake,data\raw\Bisher_ASVspoof_2019_LA\asvspoof2019_LA_T_2196174.flac,asvspoof::LA_0090,3.4211875,0.1601648956837596,0.999969482421875,6.24337485535084,0.2513427600569988,0.000823974609375,0.030914306640625,0.28677978515625013,0.11412338552037853,3.653702113666673e-05,571.2742742584026,671.0232181455384,687.5,0.024946517349708798,0.006062226602773042,123.81075956962744,-0.036564408248256186,-1.221701487074181,-2.0123047793072293,-2.567623686933736,-3.531547147470802,-2.7803455690883916,-2.508737009374196,-2.4885266846087766,0.00687548397890583
voice,existing_fake,data\raw\Bisher_ASVspoof_2019_LA\asvspoof2019_LA_T_4868092.flac,asvspoof::LA_0090,6.5533125,0.06660963336549282,1.0,15.012843480355365,0.13782283599740586,0.000213623046875,0.0069580078125,0.09771728515625,0.31440206765662404,2.8611484649938486e-05,625.5418297840589,674.1991146270332,937.5,0.04801133513267355,0.002755877859322975,217.7671313118089,-0.06304051047118717,-0.9525687226886035,-1.9931439665787067,-2.2820801337734213,-3.009063341460093,-2.7541306364761335,-2.4521955795569874,-2.716824224031088,0.00035578535079861575
voice,existing_fake,data\raw\ajaykarthick_wavefake-audio\wavefake_ajay_LJ043-0060.wav,wavefake::LJ043-0060,8.5914375,0.05462352480344545,0.7306088209152222,13.37535106978556,0.22580645161290322,0.0005050978274084627,0.011187511030584574,0.08096922561526304,0.1527265625,0.0,1437.2225361986248,1853.8739142335342,3468.75,0.17364731490942706,0.0021164474292488748,54.70694701601393,-0.1302504909240938,-1.0285017047410372,-1.9988671636791804,-1.8500220740531166,-1.529744586371861,-1.2221420348587742,-1.4690931504679943,-1.7477713634144139,0.0001418320393405063
voice,existing_fake,data\raw\Bisher_ASVspoof_2019_LA\asvspoof2019_LA_T_4493789.flac,asvspoof::LA_0087,4.4275,0.14229970928376875,0.999969482421875,7.027206783871732,0.10903598300371264,0.00030517578125,0.013885498046875,0.241790771484375,0.2708498023715415,2.8232636928289102e-05,392.75200506770483,480.25939144990036,593.75,0.018045300172156508,0.005679490223674954,307.53472802052227,-0.03391133086935372,-1.270656177633888,-1.8378033001000316,-2.247882391961807,-3.209237386120278,-3.524957537427351,-3.5371553445104755,-3.9756235396967194,0.011309018084349996
voice,existing_fake,data\raw\ajaykarthick_wavefake-audio\wavefake_ajay_LJ020-0086.wav,wavefake::LJ020-0086,2.7631875,0.06757377478862057,0.5729542374610901,8.478943780384688,0.1845510065596019,0.0007606982835568488,0.011402567848563194,0.09941733628511429,0.12313677591549614,0.0,789.5271458554504,757.7856122140258,1031.25,0.05061424206145904,0.002693506808668246,47.144022969279646,-0.11549664697345155,-0.6968250820152748,-1.9617019234562125,-2.1266214647051394,-2.741704256475227,-2.2205251271069835,-2.36858538331209,-2.694255153788339,0.0017895855726026083
voice,existing_fake,data\raw\ajaykarthick_wavefake-audio\wavefake_ajay_LJ027-0128.wav,wavefake::LJ027-0128,9.10225,0.06951234570932235,0.47630101442337036,6.852034837309385,0.18635301838295612,0.0010155252879485489,0.026153171434998512,0.1152094528079033,0.0990078125,0.0,951.5367674973313,1406.8119769527505,1156.25,0.12192612889665698,0.0022567421018954512,34.90983230948692,-0.07556339367150652,-1.1370062280182276,-1.6931075868745673,-1.8651894307240153,-2.2522085242728016,-1.991717296605072,-1.68248812853671,-1.7883928299381435,0.008880381359594455
voice,existing_fake,data\raw\ajaykarthick_wavefake-audio\wavefake_ajay_LJ017-0033.wav,wavefake::LJ017-0033,7.163375,0.06129760266798186,0.4878612160682678,7.958895533170613,0.19690611012712345,0.00039319594507105656,0.01094790454953909,0.09451949521899222,0.197427888390598,0.0,833.3824646431954,1090.5546822967297,875.0,0.10287261371520123,0.0024266358948298802,137.12041138198745,-0.0565928879224471,-1.198949529325921,-1.9045412545679414,-1.9825040671086227,-1.9716216075483841,-2.0916698937275475,-2.0824051622135014,-2.045048929800497,0.004286709119829555
voice,existing_fake,data\raw\ajaykarthick_wavefake-audio\wavefake_ajay_LJ009-0230.wav,wavefake::LJ009-0230,7.6974375,0.059230396649928456,0.5668702125549316,9.570596258291584,0.2021143571672161,0.0010214105946943165,0.01619325578212738,0.09539631903171537,0.09847432993122711,0.0,1047.1014626280871,1442.1153600377247,1531.25,0.13032855418008893,0.0020734856285981405,38.62364986759563,-0.09167058963642682,-1.0040900420843886,-1.8151755148372477,-1.9158907575367738,-2.022857248872557,-1.8922616594049138,-1.5354025563179774,-1.908833935644914,0.0017834845916307365
voice,existing_fake,data\raw\ajaykarthick_wavefake-audio\wavefake_ajay_LJ008-0270_WF4_1.wav,wavefake::LJ008-0270,7.09375,0.04712939328105795,0.5199347138404846,11.032068898910579,0.17407201825566745,0.0007304656668566167,0.012858155649155378,0.07576751708984376,0.12697797356828194,0.0,1110.270147209909,1651.4233762087722,1062.5,0.11391650710340338,0.0016947737027497322,29.82637279984673,-0.07966984800774561,-1.1506022539880019,-1.8830733144359992,-2.2803670148402237,-2.0878555328849244,-2.080061001669534,-1.560561621485789,-1.461146719210361,0.0016633878875492978
voice,existing_fake,data\raw\Bisher_ASVspoof_2019_LA\asvspoof2019_LA_T_8561680.flac,asvspoof::LA_0087,2.7375625,0.14433459842353302,0.999969482421875,6.928134302820321,0.11990867579908676,0.000244140625,0.001983642578125,0.238525390625,0.3329832652222552,4.566105796671309e-05,386.999734846107,677.9190325532787,406.25,0.02862890335703775,0.0064653237562852526,331.19252410200477,-0.022883552366804664,-2.068862489681683,-1.6149994916381407,-1.896670545373544,-3.0949525388768326,-2.850902171724943,-2.562237582060574,-3.051617932551416,0.003924403947908613
voice,existing_fake,data\raw\Bisher_ASVspoof_2019_LA\asvspoof2019_LA_T_2135119.flac,asvspoof::LA_0092,0.7865625,0.1604783655200392,1.0,6.23136954791036,0.08550540368722187,0.000274658203125,0.003753662109375,0.27423095703125,0.301072705601907,0.00015891934843067143,632.5687930293865,409.68156272466115,1093.75,0.007811643304698443,0.0069616729586113105,438.86638492926033,-0.090519457999256,-0.746475571262185,-2.1801512889979704,-2.756395801859571,-3.595799173979901,-3.778860822595646,-4.18824787399021,-4.649368816379328,0.0001035429310523835
voice,existing_fake,data\raw\ajaykarthick_wavefake-audio\wavefake_ajay_LJ019-0346.wav,wavefake::LJ019-0346,7.7786875,0.09212779784034181,0.803524374961853,8.721845021785574,0.21223223898825305,0.0009106175857596099,0.023269828408956528,0.14914758801460265,0.10748117854072425,0.0,1083.8901961152276,1619.767594391419,1218.75,0.12224849129800304,0.0033936834409302626,64.86854498616061,-0.08241824117440025,-1.2038503415066513,-1.5829429034090445,-2.179519948021429,-2.029543729291602,-2.0805222617289973,-1.3304250847314483,-1.8794611012924163,0.0020019573380987954
voice,existing_fake,data\raw\Bisher_ASVspoof_2019_LA\asvspoof2019_LA_T_1033664.flac,asvspoof::LA_0088,4.102,0.11211572582659103,0.999969482421875,8.91908316205814,0.13426581950602612,0.000274658203125,0.0023193359375,0.15996093750000018,0.31635482691370065,1.523647001462701e-05,545.3196063349711,730.1078589172108,718.75,0.04333434086234354,0.005062914186167665,247.3289517433821,-0.03870806148557532,-1.1898024371060565,-2.223077708204975,-2.492306160272283,-3.029868517305894,-2.5528714837837865,-2.2824275188954033,-2.5980380953748363,0.0019627233558523077
voice,existing_fake,data\raw\ajaykarthick_wavefake-audio\wavefake_ajay_LJ019-0383_WF6_1.wav,wavefake::LJ019-0383,9.2299375,0.047670861244974945,0.44707807898521423,9.378435113385777,0.19643903467995844,0.0005622499680612236,0.010617280378937721,0.0788316808640957,0.1576640625,0.0,1267.7090577413173,2028.1825465637194,1625.0,0.12156780156136884,0.001733643226372637,57.222341131803134,-0.08574060228817797,-1.4067899521096696,-2.3495255090931892,-2.20726964145972,-1.7062686075430802,-1.9279465039189927,-1.1974656431893262,-1.4640446301383612,0.002533566036624961
voice,existing_fake,data\raw\ajaykarthick_wavefake-audio\wavefake_ajay_LJ008-0149.wav,wavefake::LJ008-0149,9.0558125,0.03733099923618534,0.46089816093444824,12.346258347344067,0.20574379487339745,0.00024351706379093231,0.0073811758775264025,0.05326453447341921,0.264359375,0.0,1716.397906491169,2231.187247429167,5093.75,0.23259289533249025,0.0014867740804377035,118.44942844953358,-0.17539768828936514,-0.9070115759055455,-1.6113725651442077,-1.8007871937433977,-1.7937295069130557,-1.684064463904797,-1.1174356140139956,-1.2595044606127004,3.479894183224553e-05
voice,existing_fake,data\raw\ajaykarthick_wavefake-audio\wavefake_ajay_LJ050-0184.wav,wavefake::LJ050-0184,3.29725,0.060900078090595076,0.5490078926086426,9.014896365024974,0.20705146431617857,0.001201976090669632,0.01639028638601303,0.09879191219806671,0.08524148911972097,0.0,912.9215493683955,1248.5645114130218,1062.5,0.09895793268469345,0.0021620866274697057,24.38991428327748,-0.10381598218488615,-0.8760112632452122,-1.5481051114801263,-1.9235974677765242,-2.2975051117026357,-2.1851675602010876,-1.841683662940265,-1.8735397716880702,0.0008678761396623042
voice,existing_fake,data\raw\Bisher_ASVspoof_2019_LA\asvspoof2019_LA_T_5022876.flac,asvspoof::LA_0087,9.3148125,0.13396284221659002,0.999969482421875,7.464528714650086,0.16944663630184612,0.000823974609375,0.040283203125,0.22943420410156268,0.115359375,7.8125e-06,471.278850033666,855.6766474331652,562.5,0.07316278897384662,0.004624784125810402,154.2745753288826,-0.04153061442602999,-1.3573771722994379,-1.6946387204477045,-1.8646806478710805,-2.5610926466285853,-2.5570213577350827,-2.229349834932799,-2.69730527191816,0.028709708578950124
voice,existing_fake,data\raw\ajaykarthick_wavefake-audio\wavefake_ajay_LJ028-0361.wav,wavefake::LJ028-0361,2.038875,0.0597879802281776,0.3495755195617676,5.846919702382176,0.12614573434290793,0.000785222591366619,0.016829507425427437,0.10300563126802449,0.12037888541475078,0.0,719.4335308320692,684.6807832864351,843.75,0.04384195265902835,0.0021090147719067935,47.887721750778525,-0.04937524006069869,-1.1435115305822368,-1.964482470752386,-1.7891670832000963,-2.538968629487624,-2.658754713971696,-2.771568857907442,-2.762624694268961,0.012795147447677704
voice,existing_fake,data\raw\ajaykarthick_wavefake-audio\wavefake_ajay_LJ045-0179.wav,wavefake::LJ045-0179,8.1966875,0.07064119069254707,0.590684175491333,8.361752820138301,0.19488433503386746,0.0006810945924371482,0.017369315028190613,0.1132130697369576,0.1324296875,0.0,966.4998900386306,1510.1596650870183,812.5,0.08773479913998795,0.002657793259233988,91.59410318192697,-0.05411757914367054,-1.5094536310560334,-1.6942312248412343,-2.3068222262093436,-2.27376967235429,-2.014833352340943,-1.9733619607420865,-1.4504643237271446,0.005269466219231565
voice,existing_fake,data\raw\ajaykarthick_wavefake-audio\wavefake_ajay_LJ029-0187.wav,wavefake::LJ029-0187,6.4551875,0.04505845362758833,0.6172987818717957,13.69995488468865,0.19145640092174823,0.0004601046966854483,0.011179031804203987,0.06563495546579362,0.1666585982204235,0.0,959.8051049092716,1208.1340590320601,1062.5,0.12084684350442915,0.0017052962756140462,65.78782926152022,-0.12456928097602396,-0.7760647214846412,-1.4909665995103,-1.9860450498287787,-2.108186415565221,-2.296908282773433,-1.87424284568016,-1.883482274869611,0.0003363817410799379
voice,existing_fake,data\raw\ajaykarthick_wavefake-audio\wavefake_ajay_LJ034-0055_WF6_2.wav,wavefake::LJ034-0055,6.03725,0.058658170404964204,0.40718555450439453,6.941668171599411,0.14271960246389565,0.0007732117956038564,0.016041085124015808,0.09704113379120827,0.12138183775725703,0.0,823.9721265326954,1173.5259878247932,968.75,0.0933401649722015,0.0020643853123379703,42.83094040974717,-0.06829742453894348,-1.0682067224336458,-1.7988123791598871,-2.0945962600534047,-2.207087523381779,-2.327903739844493,-1.8345905950246066,-1.975734218831421,0.006676513741357761
voice,existing_fake,data\raw\Bisher_ASVspoof_2019_LA\asvspoof2019_LA_T_7011242.flac,asvspoof::LA_0090,3.5928125,0.14756784765054562,0.999969482421875,6.77633711098027,0.11183981629670865,0.000335693359375,0.0048828125,0.24091796874999982,0.25810211359485086,1.7395842393667912e-05,531.454980375841,526.9300712299973,625.0,0.02345020863500615,0.006314397494802796,261.1734627821037,-0.031670924791911984,-1.4807527160617557,-1.5305254059019135,-2.262324235634897,-3.293446396721512,-3.1468023805334253,-3.0967051773560943,-3.510286000499836,0.00958148892138972
voice,existing_fake,data\raw\ajaykarthick_wavefake-audio\wavefake_ajay_LJ027-0122.wav,wavefake::LJ027-0122,8.2083125,0.07726788170560821,0.7796878218650818,10.09071045632782,0.17855608246939428,0.0005476196645759047,0.02232784777879715,0.12049949839711191,0.1389296875,0.0,1132.9465997547338,1654.097333934579,1375.0,0.11734590045802974,0.002782543545958198,118.83383199001344,-0.11903393028464941,-0.8381124397239952,-1.830567672499528,-1.9718692822435577,-2.2453236752371493,-2.223435051315106,-2.021610481667852,-1.3192872625872483,0.0007066230892296601
voice,existing_fake,data\raw\Bisher_ASVspoof_2019_LA\asvspoof2019_LA_T_2536330.flac,asvspoof::LA_0090,2.884625,0.10238916872795545,0.999969482421875,9.766360005116947,0.11630879899464823,0.000213623046875,0.0018310546875,0.15699462890625027,0.3610304632317892,4.3333188889370365e-05,598.4873781489994,868.8518542060086,875.0,0.04787222679544644,0.004433456684998472,238.19482886123498,-0.04987836168313834,-1.1363787430000516,-1.8385917246251215,-2.255026390994059,-3.3629054849587923,-2.4559683308531337,-2.105052579171598,-2.443159622392525,0.00026150875674994177
voice,existing_fake,data\raw\ajaykarthick_wavefake-audio\wavefake_ajay_LJ017-0004.wav,wavefake::LJ017-0004,9.0441875,0.06893056978054436,0.5314021110534668,7.709237175106812,0.2321502511738373,0.0008128791581839325,0.01686686836183071,0.10609843879938131,0.118328125,0.0,1220.8441623705019,1855.7585675079017,1343.75,0.14364917571913233,0.0025438866426949645,70.95350169276666,-0.08861121254526517,-1.222605509831853,-1.8132715751611972,-1.891411758751146,-1.9396668463089568,-2.084106386817577,-1.5213597078838674,-1.3313991336377018,0.002363275141944937
voice,existing_fake,data\raw\ajaykarthick_wavefake-audio\wavefake_ajay_LJ016-0446.wav,wavefake::LJ016-0446,3.7268125,0.06942133189529347,0.6039826273918152,8.700245456292711,0.20495404843362178,0.00047181991394609215,0.016599562019109726,0.11138623058795935,0.14348722936826042,0.0,1329.910128250942,1950.8541474185008,1531.25,0.09701569164335179,0.0025720814055844483,74.94300166280419,-0.08802179835368086,-1.3092413838517623,-1.5666109740523093,-2.2900771597046377,-2.3953826557300237,-2.5055711234331923,-1.4578042322959872,-1.2207920577382942,0.0004946646041649857
voice,existing_fake,data\raw\ajaykarthick_wavefake-audio\wavefake_ajay_LJ048-0153.wav,wavefake::LJ048-0153,8.8700625,0.07135210799347934,0.5619591474533081,7.875859077697661,0.1735247931624466,0.0019407454528845849,0.02624282520264387,0.11684026941657073,0.0615,0.0,1017.6849037700674,1650.9661388130103,1000.0,0.12070691295451905,0.0022895699080303106,17.496101606301654,-0.07230407920261706,-1.2501638911328214,-1.8061324626986996,-2.0756453841200893,-2.104223601393341,-2.050989143138997,-1.7144383766161257,-1.431028189962465,0.009463691557114937
voice,existing_fake,data\raw\Bisher_ASVspoof_2019_LA\asvspoof2019_LA_T_3824878.flac,asvspoof::LA_0082,2.065125,0.15499859611876793,1.0,6.451671337937463,0.12623709936139949,0.00054931640625,0.0381927490234375,0.2672973632812501,0.15111070758428666,3.0264511833424128e-05,619.2895511330629,830.053548387625,1187.5,0.032087404684145455,0.005612471390242551,309.71463977068754,-0.07530196158461952,-0.9809768148597836,-1.9432331706940928,-1.5029424365756459,-1.9958980291799395,-2.9306035469813914,-3.2656234943072806,-4.0185978649686005,0.0016562075419828542
voice,existing_fake,data\raw\ajaykarthick_wavefake-audio\wavefake_ajay_LJ028-0401.wav,wavefake::LJ028-0401,5.649625,0.07297696508300887,0.7435078620910645,10.188254077781243,0.21780447601031053,0.0008262907678727061,0.018517454154789448,0.10973854437470434,0.11658959665464522,0.0,953.0763592077026,1275.1634539049808,937.5,0.08728067889429032,0.0027642014680057665,63.246496176764325,-0.06371442356197164,-1.1209375541755289,-2.161772045362525,-1.935208348030149,-2.376286841612016,-2.2710995253886663,-1.8641269525253883,-1.720651198303289,0.0016974345783263526
voice,existing_fake,data\raw\ajaykarthick_wavefake-audio\wavefake_ajay_LJ017-0007_WF3_1.wav,wavefake::LJ017-0007,9.9265625,0.06872694960978555,0.5411772727966309,7.874309508414097,0.17908733661981735,0.0007400665781460704,0.016616309992969036,0.11706763580441479,0.1248046875,0.0,851.8767461234747,1209.745229433116,843.75,0.11313467766992515,0.0024579649043328894,47.353351966303165,-0.05525461805783524,-1.327601505225695,-1.8127563810996499,-1.8053994176965298,-2.021793361887533,-1.9472799703895312,-2.0424003870771,-1.93852509152738,0.012375673696662363
voice,existing_fake,data\raw\Bisher_ASVspoof_2019_LA\asvspoof2019_LA_T_7974784.flac,asvspoof::LA_0082,1.285375,0.10335279662305308,0.999969482421875,9.6753016376417,0.17490882567469002,0.000244140625,0.00531005859375,0.159698486328125,0.2773995915588836,9.724788485850433e-05,797.3742507023281,934.075619794278,1312.5,0.04053475682405089,0.004550658762308428,410.9728337842821,-0.10868647048693705,-0.8135165113368729,-2.4361045300102067,-1.359929531582366,-1.7810030751114612,-2.691588473394888,-2.852499034427218,-3.346342123422425,1.2929467013256296e-05
voice,existing_fake,data\raw\Bisher_ASVspoof_2019_LA\asvspoof2019_LA_T_1337649.flac,asvspoof::LA_0080,1.0430625,0.18435809316193447,1.0,5.424226204822106,0.11996644295302013,0.0008544921875,0.04595947265625,0.33747558593750004,0.11480615974594044,0.0001198394151836539,497.0420456596572,588.6306259690633,562.5,0.016937132794763807,0.006505661261456284,192.52091178337696,-0.02431966972985904,-1.8536380287553467,-1.5890492879606561,-1.9717831854195116,-2.5472141777755843,-3.704831794518969,-3.1735188577181455,-3.501011689167686,0.0011927374741965411
voice,existing_fake,data\raw\ajaykarthick_wavefake-audio\wavefake_ajay_LJ050-0218.wav,wavefake::LJ050-0218,8.1038125,0.06521283337261184,0.5497972369194031,8.430813514542178,0.17476699036711224,0.0012676805374212566,0.018903933465480804,0.10302442610263825,0.081859375,0.0,1005.384247814196,1474.5644939954923,1312.5,0.15787630154477172,0.0022228827760501077,25.530426760621292,-0.08440118123400957,-1.1307674713410356,-1.8219446636267969,-1.6650329078457775,-1.8454080764678387,-1.7628507330646317,-1.7499270522184611,-1.779799125038596,0.002625584334036362
voice,existing_fake,data\raw\Bisher_ASVspoof_2019_LA\asvspoof2019_LA_T_3888800.flac,asvspoof::LA_0088,6.76325,0.15350406899900476,0.999969482421875,6.514286487274537,0.14031845191339143,0.000579833984375,0.0266876220703125,0.26070861816406277,0.16136842494362919,1.8482238568735446e-05,530.9343607889114,674.5201374108372,625.0,0.05009931407190174,0.0058835270813347995,219.19329653891393,-0.02109630093009635,-1.6279985740705831,-2.086560179618709,-2.217674726570619,-2.763448037692723,-2.633951891583827,-2.416274739539247,-2.7614689110365958,0.027424988257409022
voice,existing_fake,data\raw\ajaykarthick_wavefake-audio\wavefake_ajay_LJ019-0282.wav,wavefake::LJ019-0282,4.0403125,0.06471794849704553,0.5558736324310303,8.589172638196446,0.1742002351339645,0.0006669125054031612,0.013770852237939835,0.10123775750398635,0.13515353082218268,0.0,767.8836497827133,995.8610517838588,812.5,0.07830996339267196,0.002488287106359136,71.92638461920177,-0.05464496568141954,-1.299473918614232,-1.451233113660473,-2.0462280605002503,-2.155099502844302,-2.742444823890456,-2.2124887269484863,-2.0583347711990765,0.004161380795537415
voice,existing_fake,data\raw\ajaykarthick_wavefake-audio\wavefake_ajay_LJ016-0428.wav,wavefake::LJ016-0428,6.0604375,0.06135697507009513,0.41949233412742615,6.836913548104218,0.20447373306107294,0.0014185004867613316,0.020844586193561554,0.1004536896944046,0.0751802159497561,0.0,1266.6987412973085,2004.3120600023667,1562.5,0.13921152625953037,0.001999053768148092,20.028552565338156,-0.08421705007624711,-1.407968396682032,-1.9708043904915353,-2.1436511702454517,-1.7500645103079195,-1.94353766335038,-1.427577183825866,-1.2775491911068888,0.0028045182391409082
voice,existing_fake,data\raw\Bisher_ASVspoof_2019_LA\asvspoof2019_LA_T_2198548.flac,asvspoof::LA_0097,4.04425,0.21155131972658558,0.999969482421875,4.726841145279838,0.13422040892020956,0.001861572265625,0.079193115234375,0.389617919921875,0.06308338999814551,3.0908079371947826e-05,351.6099982276208,467.5282034845455,531.25,0.013764736825253076,0.006824629786971469,56.49572757356768,-0.020960617359360743,-1.4305747493115315,-2.3040303865616365,-2.7355588523400813,-3.461982421950187,-3.2725866858924233,-2.9396564977311717,-2.927749551933085,0.21454334618750612
voice,existing_fake,data\raw\Bisher_ASVspoof_2019_LA\asvspoof2019_LA_T_5799828.flac,asvspoof::LA_0092,2.9820625,0.06544253289133604,0.999969482421875,15.280115824402348,0.16773558014755197,6.103515625e-05,0.000640869140625,0.06118164062500009,0.5277806887011925,4.19172971726783e-05,744.6246555233924,780.5427114588753,1218.75,0.07426150228109021,0.0031406612017553385,455.85040942384927,-0.08320028877158976,-0.863052091472342,-1.7854750711282221,-2.2375853065922007,-2.449518614686074,-2.142451832038543,-2.454163043300046,-3.0825957367181926,1.57710728609921e-05
voice,existing_fake,data\raw\Bisher_ASVspoof_2019_LA\asvspoof2019_LA_T_7196216.flac,asvspoof::LA_0098,8.3964375,0.10348046651062558,0.999969482421875,9.663364653648872,0.16286064734880742,0.0010986328125,0.037384033203125,0.16827392578125,0.0928046875,7.8125e-06,539.4681179255656,585.8150043937565,687.5,0.024631709061160963,0.0036147757604466156,42.412670682791095,-0.029555020509280033,-1.4939501635419616,-1.7973357655465223,-1.8673221942683402,-2.8367285644539812,-3.173548602825486,-2.921193861347659,-3.0569074661573956,0.05057378772044898
voice,existing_fake,data\raw\ajaykarthick_wavefake-audio\wavefake_ajay_LJ028-0158.wav,wavefake::LJ028-0158,4.075125,0.06733934437481282,0.3801707625389099,5.645596435018256,0.24312510544316804,0.0018230064539238812,0.024262884631752968,0.1152149684727192,0.061194441888285635,0.0,1518.149680407491,2187.7583915031882,3312.5,0.15831863323926088,0.0020801683811204055,14.1353049226833,-0.1130379305866668,-1.2025018120612616,-1.9258190067122392,-2.091700588039297,-2.028715345553361,-1.5880872734050882,-1.3835033010780629,-1.1552634418780579,0.0006136076226504456
voice,existing_fake,data\raw\ajaykarthick_wavefake-audio\wavefake_ajay_LJ043-0039.wav,wavefake::LJ043-0039,8.0225,0.05567240350160783,0.61379474401474,11.025116671979386,0.20307189899921094,0.0008153053291607648,0.013111150823533535,0.0854921810328961,0.11809375,0.0,1546.6714275570375,2130.9745737423427,4781.25,0.18342939975368575,0.002046323066972937,38.85124556782524,-0.12189031985922201,-1.2625188741891489,-1.8174355962904307,-1.9101529548481304,-1.7786314591217856,-1.2948437430268591,-1.1819005944316439,-1.5314936909498038,0.00027849077276193056
voice,existing_fake,data\raw\ajaykarthick_wavefake-audio\wavefake_ajay_LJ019-0388.wav,wavefake::LJ019-0388,8.986125,0.056727152625742,0.6046269536018372,10.658510530060797,0.17071227118961868,0.0003861089004203678,0.01323623489588499,0.0933536604046822,0.1844921875,0.0,1202.7633458218806,1878.0717533851778,1812.5,0.12512034274878525,0.002131148813413449,152.63594104957133,-0.10179502793082931,-1.0747637877607543,-1.7672118778663335,-1.9169552883063112,-1.8005934083021002,-1.98175585552765,-2.0736137387836506,-1.2156209406487344,0.0007019472202732806
voice,existing_fake,data\raw\Bisher_ASVspoof_2019_LA\asvspoof2019_LA_T_5033641.flac,asvspoof::LA_0092,3.457375,0.07215170082155807,0.999969482421875,13.859264175836254,0.1326174593705371,6.103515625e-05,0.000457763671875,0.062957763671875,0.5626920712968654,1.80772985285079e-05,909.6739867949863,815.3042221801492,1875.0,0.06131488295487573,0.003457218804544087,579.9753352135887,-0.1496067313295123,-0.7528046284670916,-1.024454488756889,-1.8521787050367893,-2.8454985702379085,-2.5479494354433405,-2.804114002936143,-3.493160742369042,1.704604529332087e-05
voice,existing_fake,data\raw\ajaykarthick_wavefake-audio\wavefake_ajay_LJ009-0266_WF4_1.wav,wavefake::LJ009-0266,7.291125,0.05714206636638228,0.6451764106750488,11.290743434763463,0.2700138011435233,0.000666675966931507,0.012458066456019878,0.0831240512430668,0.13757307685713796,0.0,3111.7954837372536,3155.5231415085314,7343.75,0.16419291755784463,0.002246327381616449,54.81900395113234,-0.2769451932765838,-1.1311192324176156,-1.930474672992061,-2.0491553311028228,-2.3209733856787635,-1.8582331682939142,-1.197029093968636,-0.5305943824282187,7.038349464935792e-06
voice,existing_fake,data\raw\ajaykarthick_wavefake-audio\wavefake_ajay_LJ019-0384.wav,wavefake::LJ019-0384,2.542625,0.062412173415973035,0.5993639826774597,9.603318549455699,0.20503429119244856,0.001683037134353072,0.019838133826851845,0.09747850596904756,0.06518853547023254,0.0,2802.0886048543343,3057.241743519511,7343.75,0.19030834206839053,0.0020752845508813875,12.4927542613896,-0.22557329775956766,-1.383963561077908,-1.924852094131556,-1.9801307531185195,-1.597854577356034,-1.4908993900088763,-1.5705290605870248,-0.589999335038287,1.1900663496251442e-05
voice,existing_fake,data\raw\Bisher_ASVspoof_2019_LA\asvspoof2019_LA_T_2088659.flac,asvspoof::LA_0087,5.618125,0.14683783354254615,0.999969482421875,6.8100261240379485,0.11108144489314599,0.0009765625,0.0540618896484375,0.2523529052734377,0.10061185893870286,1.1124707976415618e-05,447.5972544775205,546.8953634949258,656.25,0.016297163875639134,0.004837443743950916,87.83964223424786,-0.050080192355608205,-1.0972822541705332,-1.6795560449839715,-2.191090304536279,-3.216312719924431,-3.718810641602981,-3.3034140977763244,-3.4795898215662158,0.04974406186191214
voice,existing_fake,data\raw\Bisher_ASVspoof_2019_LA\asvspoof2019_LA_T_7149832.flac,asvspoof::LA_0092,3.6721875,0.07894766397945159,0.999969482421875,12.666232691598651,0.11587296184089593,9.1552734375e-05,0.0025634765625,0.09468383789062496,0.4390264658326951,1.7019828099736194e-05,693.6439323010891,566.6865462618024,1093.75,0.037066433862069585,0.0034918047357805748,631.1444584198038,-0.10070582421585948,-0.749436394752948,-1.6669047472337832,-2.37142609293457,-3.114322974322276,-2.8305275072777794,-3.1918694119806004,-3.6388282527233837,0.00018006218907900518
voice,existing_fake,data\raw\ajaykarthick_wavefake-audio\wavefake_ajay_LJ020-0058.wav,wavefake::LJ020-0058,9.404125,0.05762703615862493,0.656676709651947,11.395288625366229,0.19252494160110625,0.0005376210086978972,0.01611651759594679,0.09257555305957796,0.150234375,0.0,933.5339625928867,1383.1935806296601,906.25,0.09201739433599691,0.0020480314726154013,84.69491892251504,-0.0651507713225086,-1.1720963712553534,-1.7491275692878343,-2.121432428017472,-2.4897896663237318,-2.169668732832536,-2.0633968724759875,-1.5528769151592305,0.0034936434865908608
voice,existing_fake,data\raw\Bisher_ASVspoof_2019_LA\asvspoof2019_LA_T_2285472.flac,asvspoof::LA_0081,4.6244375,0.12488943945244846,0.999969482421875,8.006837782329967,0.13835653466684686,0.000274658203125,0.010406494140625,0.192108154296875,0.2812909678204106,1.351515724885459e-05,555.2562106658486,611.9234501838833,625.0,0.03779621701514498,0.005281940548758493,353.54733415209625,-0.03173695499856021,-1.4387596823644646,-1.603353716418577,-2.402368639206499,-2.817192188363868,-3.094983531412149,-2.727440510415527,-3.0114178949025803,0.006701414810024649
voice,existing_fake,data\raw\Bisher_ASVspoof_2019_LA\asvspoof2019_LA_T_7519722.flac,asvspoof::LA_0088,4.232375,0.10717892147031398,0.999969482421875,9.329908051918986,0.12713203479185434,0.000274658203125,0.0135498046875,0.174835205078125,0.29602173720428837,2.9534244957027673e-05,559.6323345899948,767.8784237017251,625.0,0.05033316664964202,0.004301656813168106,267.65473051333475,-0.026163362700296375,-1.4833589617986203,-2.0502814544119876,-2.3899021809432406,-2.96833774949043,-2.574554641820557,-2.247472755087996,-2.49081497493099,0.0017401609599556362
voice,existing_fake,data\raw\Bisher_ASVspoof_2019_LA\asvspoof2019_LA_T_5828339.flac,asvspoof::LA_0081,1.439,0.13393197485825892,1.0,7.46647692650173,0.21309125656951744,0.000457763671875,0.014251708984375,0.22906799316406257,0.1713429464906185,4.343293954134816e-05,718.47502273675,615.8822146519673,1250.0,0.024019678675430766,0.005458797563053641,271.5707663239376,-0.10399641342520709,-0.7512702112999192,-1.5411539486095993,-2.464042606977364,-2.7395227559924153,-3.654844077688218,-3.1381841658117233,-3.174233176177341,0.0006622888964733852
voice,existing_fake,data\raw\Bisher_ASVspoof_2019_LA\asvspoof2019_LA_T_3808520.flac,asvspoof::LA_0079,6.24125,0.10152531946046298,1.0,9.849759698509791,0.18982765699636486,0.000732421875,0.024932861328125,0.160919189453125,0.12574604446224716,3.004205888243541e-05,683.7752005756474,709.9501247927753,1000.0,0.037290827273247645,0.0038590618496480043,61.30729363648842,-0.07325678282208248,-0.9667281231740386,-1.7306356250203316,-1.6717050931596584,-2.4446750687792873,-3.263275054951304,-2.7477304957866115,-2.8403866179895703,0.0016338852417475945
voice,existing_fake,data\raw\ajaykarthick_wavefake-audio\wavefake_ajay_LJ020-0031.wav,wavefake::LJ020-0031,8.1850625,0.06361270176301669,0.47218239307403564,7.4227690380626825,0.1739076086531926,0.000348732274142094,0.014354332815855742,0.10843635275959969,0.1911484375,0.0,934.651396992321,1397.7146395722446,875.0,0.10504415803914492,0.0023182190094577456,200.0567190783669,-0.061529813115301764,-1.2669776846871592,-1.768408695698463,-2.196256995867145,-2.4776003091093832,-1.8064559296239362,-1.76244354746782,-1.7354988241647238,0.00608851290053586
voice,existing_fake,data\raw\Bisher_ASVspoof_2019_LA\asvspoof2019_LA_T_1686933.flac,asvspoof::LA_0082,1.4024375,0.1263168717519751,1.0,7.916598836959118,0.08717354487922274,0.0009765625,0.040618896484375,0.210418701171875,0.10053923971656491,4.4565265831810684e-05,747.4483918167404,990.2643359920304,1343.75,0.025947927121006076,0.004342685527068084,121.72271129138917,-0.10285770110058721,-0.9174201973041681,-1.9199247784651106,-1.196598956895499,-1.872416263716176,-3.351264245176739,-3.4278359855583216,-4.0528202790927335,0.0006151010131786113
voice,existing_fake,data\raw\Bisher_ASVspoof_2019_LA\asvspoof2019_LA_T_8926123.flac,asvspoof::LA_0095,4.007375,0.10563190335913697,0.999969482421875,9.466547989976926,0.11639658748849759,0.000213623046875,0.0035400390625,0.1678466796875,0.37580710564895975,9.357746654605571e-05,354.6879890534411,862.3356657862216,437.5,0.04837167800152773,0.004516481033362344,306.5547526877415,-0.019830183828566314,-1.9941102771996955,-2.511845717257285,-2.2705987881897376,-1.8997641050472347,-2.0050405547783376,-2.5414758767583123,-3.1534611685834983,0.0011672892722153394
voice,existing_fake,data\raw\ajaykarthick_wavefake-audio\wavefake_ajay_LJ009-0012.wav,wavefake::LJ009-0012,8.2315,0.058757242082921844,0.44896647334098816,7.641040617722986,0.2153923077524043,0.0004483714030357079,0.01471418421715498,0.09599373191595077,0.1450546875,0.0,1890.093398848628,2569.3383141436493,6812.5,0.1348261302341495,0.0021380412888450957,62.39905892970105,-0.13830600030924695,-1.2603039132345262,-1.9769413925521424,-2.2563667782927688,-2.369596824003403,-1.9468665345209046,-1.167899750688902,-0.9272978091494907,0.00023039170781903964
voice,existing_fake,data\raw\Bisher_ASVspoof_2019_LA\asvspoof2019_LA_T_9345319.flac,asvspoof::LA_0092,1.3109375,0.14228248573612354,0.999969482421875,7.028057439735864,0.10565462000572137,0.0009765625,0.020233154296875,0.2270446777343752,0.1004052443384982,4.767580452920143e-05,504.18207687247116,642.4054758695339,500.0,0.027347909979340376,0.0058902059463496964,136.6633598383082,-0.045745601391628726,-1.202332881521617,-1.59293405873579,-2.1664073083263897,-2.785464000138581,-2.7192392476466587,-3.0475520945407375,-3.3707543106327,0.0035972896861190895
voice,existing_fake,data\raw\Bisher_ASVspoof_2019_LA\asvspoof2019_LA_T_5933504.flac,asvspoof::LA_0084,4.139125,0.06949313700554931,1.0,14.389910185233774,0.14021895054737638,0.0001220703125,0.002288818359375,0.07733154296875,0.4464560746534594,9.059885845438347e-05,772.0632491031477,672.9564941977096,1125.0,0.05132749865567638,0.0031669823427821473,316.82106848461825,-0.08486840162111009,-0.8225261933032014,-2.0066102387438614,-2.121160449125892,-2.419943023060957,-2.9383488279462604,-2.483070962125695,-2.86248610183138,1.6362829156457388e-05
voice,existing_fake,data\raw\ajaykarthick_wavefake-audio\wavefake_ajay_LJ008-0132.wav,wavefake::LJ008-0132,6.30425,0.050443843890768864,0.5181777477264404,10.272368395408227,0.17521092131222302,0.0003301883349195123,0.010310648009181023,0.07591264247894287,0.19976603085220287,0.0,1012.5769114522527,1338.4421831008533,1093.75,0.11507442224442285,0.0019556841382743864,124.39127562945568,-0.09274060734430777,-1.000786290560937,-1.5032414267121774,-1.9782128716460072,-2.289860543223725,-2.157657496911168,-1.5372094883620913,-2.0246019694857016,0.0008487700035262349
voice,existing_fake,data\raw\Bisher_ASVspoof_2019_LA\asvspoof2019_LA_T_7238340.flac,asvspoof::LA_0095,2.9513125,0.2303498437136569,1.0,4.341222828191189,0.06323591698432868,0.002593994140625,0.097442626953125,0.404052734375,0.04349759640837763,6.353105609792253e-05,224.31042779174322,329.068663746664,281.25,0.007409671696970688,0.007421780267178371,51.14169472530219,-0.013605704067543358,-1.5816559160960044,-2.7149947459743506,-2.8704592866595697,-3.053446328377479,-3.510054634486567,-3.8586012579696187,-4.47759048037306,0.621460008801504
voice,existing_fake,data\raw\Bisher_ASVspoof_2019_LA\asvspoof2019_LA_T_9623702.flac,asvspoof::LA_0079,3.143875,0.12721084283664602,0.999969482421875,7.860725234766,0.17411184668296853,0.001068115234375,0.033233642578125,0.21670227050781254,0.09283925092441653,1.9879925251481054e-05,751.6576998922127,834.1374696533576,968.75,0.03373524432799313,0.004567825303611885,55.83773954309774,-0.06730966249836103,-1.2511054359599754,-1.4944281869085636,-1.3326226100277605,-2.1541324253295144,-3.5756697185115955,-3.03053280710832,-3.12571935080004,0.0031303401089164333
voice,existing_fake,data\raw\ajaykarthick_wavefake-audio\wavefake_ajay_LJ028-0394_WF5_1.wav,wavefake::LJ028-0394,8.336,0.0680075024591476,0.532093346118927,7.824038920390551,0.18399362495019492,0.000543467205716297,0.01625919993966818,0.10481630191206932,0.1510625,0.0,809.3222653619777,966.5899877064332,906.25,0.07955087369046242,0.0026307569169516276,76.84262243185759,-0.055870556378298346,-1.1225970421529186,-1.971723650527385,-1.963775294735695,-2.471060913616271,-2.1574235764195246,-2.234444607910493,-2.119232127522386,0.010670076437420692
voice,existing_fake,data\raw\ajaykarthick_wavefake-audio\wavefake_ajay_LJ042-0246.wav,wavefake::LJ042-0246,8.4869375,0.07209095349428908,0.5984373688697815,8.301143761639782,0.19054055109805546,0.0004885839822236451,0.0182948624715209,0.11382562592625618,0.1326484375,0.0,1236.274409263618,1818.5292152353286,1156.25,0.09401706695255795,0.002640454503679426,51.87295686104574,-0.1142323490698235,-0.931786365045541,-2.157098154165052,-2.1712646538245433,-2.6827910842141836,-1.7216608411508918,-1.2651876525802215,-1.5984574987092584,0.0019589829279935147
voice,existing_fake,data\raw\Bisher_ASVspoof_2019_LA\asvspoof2019_LA_T_5053542.flac,asvspoof::LA_0096,2.6670625,0.07948647709438753,1.0,12.580756331829042,0.13439726284214473,0.000152587890625,0.001190185546875,0.09136962890625,0.4573617978581304,2.343402151243175e-05,818.1915962745421,1163.5406888991288,1156.25,0.12202868746492918,0.0036630690192282953,233.8137288157523,-0.17760209465142726,-0.6106011884615369,-1.69702539428659,-1.5229304704965256,-1.7730189859869077,-1.8023026408422715,-2.19554114447423,-2.845754186242365,5.634589076891669e-06
voice,existing_fake,data\raw\ajaykarthick_wavefake-audio\wavefake_ajay_LJ042-0236.wav,wavefake::LJ042-0236,8.62625,0.07280847497993084,0.5786614418029785,7.947720948179214,0.2175407620372034,0.000756229175021872,0.017696984112262726,0.12042910680174829,0.12015625,0.0,1580.9707675431414,2346.575257173588,5656.25,0.11580510065665549,0.0027008147883728064,49.98734153202407,-0.10193050305717978,-1.8677436230374571,-1.7949561921738744,-2.223145704255342,-2.3471618632832,-1.4587266556816842,-1.130084864796458,-1.220182811465532,0.00326555233304368
voice,existing_fake,data\raw\Bisher_ASVspoof_2019_LA\asvspoof2019_LA_T_9054425.flac,asvspoof::LA_0079,5.69275,0.0672780692696142,1.0,14.863684568481588,0.14875443277011077,0.00018310546875,0.009490966796875,0.08611145019531241,0.3194853102630539,2.1957753282684117e-05,826.1250513622897,798.3154034760278,1125.0,0.07068894004606385,0.002843736387674296,241.80140433242948,-0.09532796022128019,-0.9232279333420136,-1.3426663820582836,-1.6605559864295212,-2.377274950946998,-2.837351914775901,-2.451396246497977,-2.892910952440531,0.00010017482259040585
voice,existing_fake,data\raw\Bisher_ASVspoof_2019_LA\asvspoof2019_LA_T_6747076.flac,asvspoof::LA_0088,2.0089375,0.20744175201548992,0.999969482421875,4.820483208930891,0.10270051645821666,0.001068115234375,0.083099365234375,0.35101318359375,0.0947951342438478,0.0003111097284012071,487.83690069924734,430.59811781575434,656.25,0.011053490271563764,0.006909180253588558,174.30073672546283,-0.020042732956814666,-1.5646433944346616,-1.893530531453819,-2.4090658534515317,-3.4180617641262265,-3.9304455774720304,-3.5334445064165982,-3.4168837712959874,5.6327077250186214e-06
voice,existing_fake,data\raw\ajaykarthick_wavefake-audio\wavefake_ajay_LJ043-0073_WF6_1.wav,wavefake::LJ043-0073,6.8150625,0.04349634258315122,0.35094791650772095,8.068446578854756,0.19906456346294937,0.0005253423005342484,0.009404031559824944,0.06655996292829514,0.16635027191606827,0.0,1052.0024830210336,1636.6733270037091,1093.75,0.11775797785680839,0.0016206008512468137,58.92832194155387,-0.07996240561652777,-1.1102380670045453,-2.072767101135079,-2.167074663206164,-2.0335921301536537,-1.9717778921979237,-1.6732346832513905,-1.4663531753197323,0.0021886597343979608
voice,existing_fake,data\raw\Bisher_ASVspoof_2019_LA\asvspoof2019_LA_T_5395263.flac,asvspoof::LA_0080,5.1610625,0.14096150878705743,1.0,7.094135190555057,0.16704611509397405,0.00042724609375,0.020965576171875,0.23736572265625,0.18417961417828208,1.2109909538975743e-05,639.0993027598576,492.8152816749008,906.25,0.01710413912316531,0.005597423109343367,301.4776302135814,-0.06641882651170927,-0.8850772107170087,-2.1930161321804875,-2.568499498253102,-3.0270455920885095,-3.6628878280623094,-3.167277762603404,-3.2433689690814798,0.00814680234052383
voice,existing_fake,data\raw\Bisher_ASVspoof_2019_LA\asvspoof2019_LA_T_2245023.flac,asvspoof::LA_0082,4.067875,0.08979472798016115,0.999969482421875,11.136171409114395,0.0981793039870938,0.00018310546875,0.006378173828125,0.1360321044921875,0.3608302860830286,1.536428725071444e-05,500.02501276723086,539.8744479914883,531.25,0.015481729862074653,0.00380967224281192,335.8494411779067,-0.031357803818836204,-1.3383039018961178,-2.468594573060424,-1.7434922961916899,-2.7587679027266447,-3.5126286733835306,-3.6348387706062186,-4.4109023131752965,0.002417657032461453
voice,existing_fake,data\raw\ajaykarthick_wavefake-audio\wavefake_ajay_LJ029-0211.wav,wavefake::LJ029-0211,7.349125,0.07059276997636166,0.5537441968917847,7.844205533756625,0.1328060551941149,0.0007214505167212337,0.017884207889437675,0.11003828421235085,0.12664773017195924,0.0,663.8545147950085,605.5790952037089,843.75,0.03931889051885372,0.002622059935457463,71.7857555576865,-0.044859482894371853,-1.168504962076069,-1.7588296646125214,-2.3812036855297283,-2.2409458761372845,-3.0230191174480336,-3.0367430163752687,-2.9568413553462394,0.033445562739538096
voice,existing_fake,data\raw\ajaykarthick_wavefake-audio\wavefake_ajay_LJ044-0107_WF4_1.wav,wavefake::LJ044-0107,4.45825,0.0589760069797514,0.43237948417663574,7.331447249812746,0.15772945844022934,0.001340343034826219,0.020637765526771545,0.09807552471756936,0.07996411147871924,0.0,1126.8999699183694,1720.620649665645,1593.75,0.15482716241272657,0.0018365421143586675,19.7710192997597,-0.09721218596096386,-1.1074798499569083,-1.6465149405861268,-2.018349847232322,-1.8521281697813738,-1.6571676964482192,-1.606269997133,-1.5303224463969816,0.0012697443471556104
voice,procedural_fake,data/generated_v8/audio/train/voice/proc_voice_train_00115__additive_formant.wav,proc::voice::train::00115,4.098,0.14296633207128934,0.8907470703125,6.230467393318408,0.06243994692451996,0.00518798828125,0.0472412109375,0.1905303955078126,0.02447840409956076,0.0,245.2208246994644,165.82924126207,375.0,0.0002506779639411446,0.005248161202651884,9.919450553680681,-0.0008891376299958536,-2.767536638099149,-3.513616352995198,-4.676600530982373,-5.286796143821689,-5.549823956201853,-5.774518515849914,-6.898822271428683,0.9956455288511278
voice,procedural_fake,data/generated_v8/audio/train/voice/proc_voice_train_00053__codec_phase.wav,proc::voice::train::00053,6.802,0.22974935798117746,0.850128173828125,3.7002417821675606,0.07235070889728111,0.008148193359375,0.089263916015625,0.384185791015625,0.01329572184651573,0.0,292.3058045872837,173.86963885205117,406.25,1.5395890465001327e-05,0.007383660026428054,17.38233828313799,-0.002834469134577014,-2.2370488797833845,-3.181765052611084,-4.271666964996392,-6.68754495520338,-9.002870021229228,-9.006266640091777,-8.990880811627004,0.9998704238805205
voice,procedural_fake,data/generated_v8/audio/train/voice/proc_voice_train_00087__codec_phase.wav,proc::voice::train::00087,5.553,0.206366158578436,0.80596923828125,3.905530072533263,0.09078528256440847,0.005789184570312522,0.066741943359375,0.3553466796875,0.019088780839186026,0.0,333.8943193684217,191.34078817683766,468.75,2.1297356723010996e-05,0.007033185974740157,18.249258561996573,-0.004012585614453807,-2.103026554235194,-2.923117932985989,-3.940680071268013,-6.460599328332176,-8.910645592758552,-8.911505176231554,-8.898641787234029,0.9992866313054825
voice,procedural_fake,data/generated_v8/audio/train/voice/proc_voice_train_00031__codec_phase.wav,proc::voice::train::00031,4.019,0.17331995396306446,0.729461669921875,4.208757579507133,0.08559476229724897,0.00665283203125,0.0631561279296875,0.263153076171875,0.017510574769843246,0.0,356.84226374865796,204.1018514714165,500.0,2.7387040761346383e-05,0.005928637230718687,13.339560980391036,-0.005385477490378584,-1.959658086858909,-2.9134485330803153,-3.887687575462132,-6.322045913390526,-8.759643328079585,-8.761437304032311,-8.747621644712819,0.9982158249720294
voice,procedural_fake,data/generated_v8/audio/train/voice/proc_voice_train_00115__codec_phase.wav,proc::voice::train::00115,4.098,0.20615296414435444,0.888427734375,4.309555955513191,0.06939466499916117,0.008453369140625,0.075714111328125,0.2967712402343752,0.01268911664226452,0.0,288.75895341578405,194.39361224590013,500.0,1.5500274999758575e-05,0.007064114760211553,10.046479010908785,-0.002244320304423631,-2.3387975429579906,-3.2685840690092594,-4.496087761090049,-6.808543390470704,-8.910185371196965,-8.911802708768452,-8.898303687572783,0.9997417263150439
voice,procedural_fake,data/generated_v8/audio/train/voice/proc_voice_train_00069__pulse_lpc.wav,proc::voice::train::00069,5.521,0.18859934141212972,0.808929443359375,4.289142460957443,0.11322805230089998,0.01220703125,0.09283447265625,0.32061767578125,0.010324216627422568,0.0,499.73261718734693,475.44857079946956,718.75,0.01813248806875572,0.0048193554599159655,4.956722339580478,-0.029767747518548958,-1.3627054642164305,-1.756966323625163,-2.4791081510272632,-3.0029848483640897,-3.1858076795273496,-3.423108982212998,-4.593569418737744,0.9172888545497633
voice,procedural_fake,data/generated_v8/audio/train/voice/proc_voice_train_00112__codec_phase.wav,proc::voice::train::00112,5.467,0.2096304033743919,0.746917724609375,3.5630219309143265,0.09132169519040596,0.007080078125,0.08221435546875,0.37698059082031277,0.018360160965794767,0.0,320.84668623502716,202.296866591479,468.75,2.1275897426206893e-05,0.006987778237043209,17.109972482901572,-0.003921867579172773,-2.1239743930827784,-2.859908076842657,-4.03542561181907,-6.580126624875062,-8.924027813311483,-8.924086798230082,-8.912329482024013,0.9996152013242048
voice,procedural_fake,data/generated_v8/audio/train/voice/proc_voice_train_00033__additive_formant.wav,proc::voice::train::00033,4.333,0.12530063202896297,0.795928955078125,6.35215435221546,0.12699236949529044,0.00408935546875,0.0341796875,0.1943756103515626,0.02785310408492961,0.0,316.92350672159245,282.36851165803233,437.5,0.003254102168587614,0.004773164078966691,14.06908912649382,-0.008891935129774877,-1.82997361088099,-2.3393301762543683,-3.219504142930093,-3.78814377849941,-4.091685785212949,-4.333930280857437,-5.538277100578481,0.7675856978482438
voice,procedural_fake,data/generated_v8/audio/train/voice/proc_voice_train_00007__additive_formant.wav,proc::voice::train::00007,5.944,0.17482254185820645,0.807281494140625,4.617719691979927,0.06346802939970347,0.005859375,0.0596923828125,0.2978729248046874,0.021260935397039032,0.0,279.3308622402229,149.16869282877695,406.25,0.00020604189296264153,0.0058751762596736595,21.01356680554108,-0.0013523446137399457,-2.549194379107623,-3.5827106291766384,-4.7839001252689455,-5.398816290875672,-5.649134031829244,-5.8934599379261705,-7.104441299218231,0.9989017257067563
voice,procedural_fake,data/generated_v8/audio/train/voice/proc_voice_train_00119__codec_phase.wav,proc::voice::train::00119,5.409,0.17747160113347604,0.79931640625,4.503911618224685,0.09828640097985972,0.005767822265625,0.0509033203125,0.27770385742187464,0.02093732667775929,0.0,339.2199081582486,217.52445987985436,406.25,2.8818993179179507e-05,0.006561815767325777,15.84558287121017,-0.005410744583781082,-1.983224373698977,-2.7364841590756415,-3.816154242460329,-6.418332337289154,-8.780411131559477,-8.780545218997853,-8.765840114793763,0.9979322689260948
voice,procedural_fake,data/generated_v8/audio/train/voice/proc_voice_train_00024__additive_formant.wav,proc::voice::train::00024,4.079,0.1380207677043261,0.870361328125,6.306017149459164,0.08203729525152077,0.004638671875,0.045379638671875,0.21205749511718763,0.02575692571708752,0.0,270.4679444717755,170.46029423619183,437.5,0.0006304249926777515,0.004965128979273311,12.384432569062225,-0.002303040325918659,-2.3438646375197973,-3.2241783782718776,-3.9172983319136385,-4.634532671548091,-4.952897058640857,-5.218458867722587,-6.43817319290351,0.9734254039955369
voice,procedural_fake,data/generated_v8/audio/train/voice/proc_voice_train_00101__codec_phase.wav,proc::voice::train::00101,4.771,0.24268229314050724,0.79974365234375,3.2954347101076613,0.09382327896770813,0.0057373046875,0.0751495361328125,0.46331787109375,0.023841961852861037,0.0,275.62449364482876,165.24509032765997,375.0,1.3623071972764167e-05,0.008284156984173485,24.160162693108298,-0.0020469428666192186,-2.420126285448683,-3.0757793816960586,-4.212393038958781,-6.765349407033056,-9.05149479787889,-9.0510941553611,-9.037715422010919,0.9997736245217747
voice,procedural_fake,data/generated_v8/audio/train/voice/proc_voice_train_00113__codec_phase.wav,proc::voice::train::00113,4.972,0.22371932450166257,0.7647705078125,3.418437408194555,0.10036328895928398,0.004791259765625,0.082061767578125,0.387847900390625,0.021859915526950924,0.0,308.7161380267375,190.56504374798095,437.5,1.934239338445884e-05,0.0075353680369641815,30.27809708354036,-0.0030541182687391522,-2.2406415611787716,-2.9641085813156924,-3.756220317953117,-6.472750829469905,-8.981565435163594,-8.978061660522727,-8.96818786467253,0.999318271878612
voice,procedural_fake,data/generated_v8/audio/train/voice/proc_voice_train_00008__pulse_lpc.wav,proc::voice::train::00008,4.817,0.24056550721982053,0.905548095703125,3.7642474441511107,0.15012131670797058,0.011993408203125,0.09368896484375,0.448272705078125,0.009160265725555325,0.0,414.321659753786,517.849400950118,593.75,0.02034271758431234,0.007860810719176272,7.5889781912536,-0.023964925241843668,-1.5592851901212383,-1.7486560001001392,-2.2615835857049156,-2.8612264538686576,-3.0676285741754823,-3.284919788106683,-4.465284141922345,0.9282036697575451
voice,procedural_fake,data/generated_v8/audio/train/voice/proc_voice_train_00009__pulse_lpc.wav,proc::voice::train::00009,4.612,0.2373177971169298,0.756805419921875,3.188995638405435,0.1070591264517353,0.0118408203125,0.09661865234375,0.443267822265625,0.010001084128360798,0.0,378.55170468700317,354.82728755071827,593.75,0.00832709722030244,0.0074211772876437805,9.458539612966332,-0.011826746390936225,-1.7782495066152129,-2.0999620476058936,-2.876615263328068,-3.324157712891999,-3.5490375396491767,-3.79119556374588,-4.961487856394148,0.9904237387539572
voice,procedural_fake,data/generated_v8/audio/train/voice/proc_voice_train_00082__pulse_lpc.wav,proc::voice::train::00082,6.132,0.26572116012829605,0.858673095703125,3.2314818108145347,0.1198846204808839,0.012725830078125,0.11212158203125,0.49361877441406277,0.00839856490541422,0.0,334.4891884030699,374.9324380948309,437.5,0.010298357303742192,0.008334602805161842,9.97730328115999,-0.012350233944773659,-1.786098302803274,-2.0883160674196275,-2.6449046413593273,-3.201483158104256,-3.448755768116175,-3.606494738029859,-4.814101965052764,0.9943884024907104
voice,procedural_fake,data/generated_v8/audio/train/voice/proc_voice_train_00106__codec_phase.wav,proc::voice::train::00106,6.604,0.23194928734020226,0.72015380859375,3.1047899170196347,0.07927088952613498,0.007904052734375,0.097442626953125,0.4122833251953124,0.013694351907934586,0.0,284.80733520000047,173.4828434075645,437.5,1.6603257551716682e-05,0.0072619904245795975,17.42446574678068,-0.002598718627493557,-2.298694639266929,-3.062784041160321,-4.135025087568276,-6.576479800348976,-9.012450144239901,-9.012678641680523,-8.998985120399208,0.9999035468782504
voice,procedural_fake,data/generated_v8/audio/train/voice/proc_voice_train_00013__additive_formant.wav,proc::voice::train::00013,5.668,0.1357082522937259,0.730194091796875,5.380616723413757,0.0643532149040105,0.00445556640625,0.037567138671875,0.2181793212890626,0.026662844036697247,0.0,278.6877357315738,154.1794261067159,437.5,0.00044452232171969964,0.0052927821832851486,13.649047380535718,-0.001432919334242788,-2.564482149493837,-3.3275710950715727,-4.156552802779775,-4.7891854516748795,-5.1374221428735884,-5.38117530008466,-6.609874339707141,0.9932719052057972
voice,procedural_fake,data/generated_v8/audio/train/voice/proc_voice_train_00005__additive_formant.wav,proc::voice::train::00005,6.272,0.18671598888824564,0.788604736328125,4.223552257220593,0.07798626819862284,0.0062255859375,0.07171630859375,0.32131652832031277,0.02131497130102041,0.0,301.17726710803925,168.9290233471739,468.75,0.0005480925796713871,0.006321421343737324,15.012966190532726,-0.0018285444500369657,-2.450887434467073,-3.27751204148665,-3.9961752320881634,-4.726488641892271,-5.099372672784186,-5.310535273308291,-6.506935897414834,0.9972119971377661
voice,procedural_fake,data/generated_v8/audio/train/voice/proc_voice_train_00024__codec_phase.wav,proc::voice::train::00024,4.079,0.18733468014059781,0.725555419921875,3.873043791877369,0.08329374990423363,0.0064697265625,0.069305419921875,0.30653991699218763,0.01771267467516548,0.0,311.24657291174583,190.9947788201037,437.5,2.085405892322262e-05,0.006303401885975278,14.420822065274608,-0.00421497339834242,-2.054251517625048,-3.1330659658236986,-4.016161235635794,-6.589997172838149,-8.827905071893642,-8.827781958229657,-8.817554763712403,0.9990145415666415
voice,procedural_fake,data/generated_v8/audio/train/voice/proc_voice_train_00071__pulse_lpc.wav,proc::voice::train::00071,4.312,0.20433009930428658,0.723602294921875,3.54133971150424,0.1535562609615747,0.00860595703125,0.064544677734375,0.38665771484375,0.012885551948051948,0.0,335.5551183468274,467.99568908471747,406.25,0.015758081445673117,0.007419550096512963,9.194523407676023,-0.0167574476005085,-1.7678465090550832,-1.8142647566995902,-2.4927068521697766,-2.9664459412034088,-3.162491529050105,-3.365239012781237,-4.501248357915723,0.9061346646494701
voice,procedural_fake,data/generated_v8/audio/train/voice/proc_voice_train_00108__additive_formant.wav,proc::voice::train::00108,4.488,0.18304408358980112,0.81048583984375,4.427817736300267,0.05450722074449566,0.005340576171875,0.0601806640625,0.3177276611328126,0.02437054367201426,0.0,245.48617061048603,140.82309766404748,343.75,0.00011731565636700724,0.006094634381763463,14.00116787573848,-0.0005913001824737451,-2.9225390184795366,-3.8197186221922435,-5.005700905789656,-5.6365059818517045,-6.0045626902994815,-6.178872405212552,-7.290135701748882,0.9993340654984848
voice,procedural_fake,data/generated_v8/audio/train/voice/proc_voice_train_00060__codec_phase.wav,proc::voice::train::00060,6.444,0.26955069423288935,0.861419677734375,3.1957613026591436,0.09068601301611011,0.007293701171875,0.10662841796875,0.4709075927734374,0.015110955927995034,0.0,262.78669786835746,171.05839372053657,375.0,1.474933631867362e-05,0.008824790677073308,20.64871696617661,-0.0024146131851331167,-2.3450030954049086,-3.0204290592127614,-4.1450696439571155,-6.614202272828035,-9.142120055379763,-9.14187795544568,-9.129408477929113,0.9999101184637915
voice,procedural_fake,data/generated_v8/audio/train/voice/proc_voice_train_00015__codec_phase.wav,proc::voice::train::00015,4.647,0.16598249849807017,0.783905029296875,4.722817383701386,0.0850291186399645,0.00714111328125,0.060394287109375,0.24346313476562553,0.014337206800086077,0.0,297.1320240069712,235.32414401622657,468.75,3.073345092250295e-05,0.005729472444644126,12.84518999550252,-0.005079561046011043,-2.021915084793479,-2.7015052784785336,-3.8820077838417135,-6.301887240770815,-8.721498285087636,-8.724049021472247,-8.710313362345895,0.9982475141201947
voice,procedural_fake,data/generated_v8/audio/train/voice/proc_voice_train_00108__codec_phase.wav,proc::voice::train::00108,4.488,0.27773981213011273,0.747314453125,2.6906997862262028,0.05893575835224978,0.009368896484375,0.108245849609375,0.5419708251953126,0.010959781639928699,0.0,279.76756613876563,166.99501461057457,375.0,1.1489763600051633e-05,0.008617971970041683,11.705230355596406,-0.0018838885163204792,-2.4197120559535295,-3.315942672573645,-4.39073948915156,-6.6776983153875396,-9.170230607385493,-9.168912241959019,-9.155383499646133,0.999964610327589
voice,procedural_fake,data/generated_v8/audio/train/voice/proc_voice_train_00111__pulse_lpc.wav,proc::voice::train::00111,6.278,0.3183647403847498,0.860595703125,2.703175301652293,0.0653478949097534,0.01934814453125,0.16168212890625,0.5842987060546876,0.005953329085696082,0.0,305.71362274694434,249.3510834529404,468.75,0.0023742148798415953,0.009182666596477443,6.753866566228007,-0.006167130447198427,-1.9747941121925376,-2.5404882048325788,-3.321627761017349,-4.002189936964629,-4.503565920540974,-4.8870121259584804,-6.013317120620596,0.9998882526115893
voice,procedural_fake,data/generated_v8/audio/train/voice/proc_voice_train_00086__additive_formant.wav,proc::voice::train::00086,4.003,0.16136288345444577,0.747955322265625,4.635237709276431,0.08849750964135712,0.0040283203125,0.0413818359375,0.2876983642578126,0.028697227079690232,0.0,328.3468865753337,165.26194539855206,468.75,0.0005973855698807196,0.006077591490061897,23.09448965809231,-0.0022021097509707407,-2.3725829701869854,-3.153590134451694,-4.10358068965755,-4.723349223617198,-4.942167443523457,-5.251541740336514,-6.422916028693759,0.9887104425476246
voice,procedural_fake,data/generated_v8/audio/train/voice/proc_voice_train_00050__pulse_lpc.wav,proc::voice::train::00050,6.095,0.20218952796617448,0.741546630859375,3.6675817898117495,0.09840133717531968,0.0125732421875,0.0953369140625,0.35910644531250036,0.009792863002461034,0.0,415.43406717618575,378.81001965179365,687.5,0.00937872329760084,0.0058798382042633416,6.451130089823838,-0.014375103789737664,-1.6666626018250994,-2.0944670235928955,-2.672934007224253,-3.348475496970946,-3.622228341375924,-3.83240859863716,-4.9647447832742415,0.9881575564632131
voice,procedural_fake,data/generated_v8/audio/train/voice/proc_voice_train_00075__additive_formant.wav,proc::voice::train::00075,6.491,0.12234098315549793,0.85174560546875,6.962062781416131,0.07448846950074624,0.004364013671875,0.0418701171875,0.167510986328125,0.025833846864889848,0.0,294.63109219493987,172.7304697561399,437.5,0.0006021541530104676,0.004490226790406232,13.084904034238305,-0.0020481548237881765,-2.4041658824579235,-3.1858311848824363,-4.118921910033332,-4.715224381406793,-5.059876057044204,-5.24886567828923,-6.471793170701547,0.9856995792425859
voice,procedural_fake,data/generated_v8/audio/train/voice/proc_voice_train_00113__pulse_lpc.wav,proc::voice::train::00113,4.972,0.25461347236849347,0.810638427734375,3.1838002136869075,0.12424733818556649,0.012451171875,0.120452880859375,0.45235900878906277,0.008497586484312147,0.0,385.65124448365117,390.8016808099504,625.0,0.01060581501830755,0.007469731653036253,9.873293476237434,-0.01294073776351669,-1.8305670345464442,-2.0142984193035542,-2.4326661204715085,-3.1904031703724316,-3.46412422070309,-3.669276478336123,-4.841691174774286,0.9895367196987024
voice,procedural_fake,data/generated_v8/audio/train/voice/proc_voice_train_00003__additive_formant.wav,proc::voice::train::00003,3.828,0.18704839835226617,0.741851806640625,3.9660954767626704,0.06785638480252094,0.005279541015625,0.0587158203125,0.3399993896484381,0.02311912225705329,0.0,269.0965373644041,127.9878650773575,375.0,0.00030859011796164915,0.006737232243915415,21.927166253209975,-0.0008285061474336691,-2.8612591895700574,-3.3192433716755003,-4.499250039970352,-5.026916189887263,-5.242431314846204,-5.518322988981856,-6.689235263847261,0.9977771242046545
voice,procedural_fake,data/generated_v8/audio/train/voice/proc_voice_train_00020__codec_phase.wav,proc::voice::train::00020,5.869,0.2624235679617043,0.862091064453125,3.2851129612677576,0.07005101008487481,0.010284423828125,0.1151123046875,0.4447753906249998,0.012118759584256261,0.0,278.27739706408556,167.23841503433093,406.25,1.3378909240344734e-05,0.008068693219404885,16.53059056671428,-0.002365522342383181,-2.3394228699968624,-3.10207689972539,-4.1916273325318745,-6.734099949347459,-9.117311488488511,-9.120298511573107,-9.106190208081426,0.9999505804646605
voice,procedural_fake,data/generated_v8/audio/train/voice/proc_voice_train_00015__pulse_lpc.wav,proc::voice::train::00015,4.647,0.20416274777720003,0.909515380859375,4.454854721351598,0.10649486893249586,0.012942504882812511,0.097259521484375,0.325042724609375,0.009333978911125458,0.0,418.8110934324198,489.7031399150789,718.75,0.017700346731055274,0.005862476111092935,4.993566010236149,-0.023534411577872096,-1.5480728002132926,-1.7194295365649161,-2.4824159214664125,-3.0164116823424028,-3.1998605767159187,-3.3550111019107343,-4.516114511330195,0.9342187023746062
voice,procedural_fake,data/generated_v8/audio/train/voice/proc_voice_train_00076__pulse_lpc.wav,proc::voice::train::00076,5.872,0.22342691316598848,0.73583984375,3.2934252786428164,0.06701365605475194,0.014129638671875,0.110260009765625,0.3858642578125,0.008706573569482288,0.0,340.9965229647465,263.65837051277504,500.0,0.002100334076987593,0.006126067239791119,5.0789815426313485,-0.008442298082608456,-1.8335496126366377,-2.403321419139675,-3.278655495357744,-4.137166955975112,-4.664938779747609,-5.067965134572067,-6.367998911850022,0.9988886195527182
voice,procedural_fake,data/generated_v8/audio/train/voice/proc_voice_train_00119__pulse_lpc.wav,proc::voice::train::00119,5.409,0.19090807772627716,0.77386474609375,4.053598754492267,0.12576407103982992,0.010894775390625,0.077880859375,0.320465087890625,0.011138842669624699,0.0,453.0563638594169,477.6005416030803,687.5,0.01706566637298371,0.006010777407313392,7.09386169426867,-0.02442186446185774,-1.4921260923058999,-1.7641317009438544,-2.5125510306855885,-2.9657736627417033,-3.1732407283796964,-3.381621717869338,-4.582056517435584,0.917274836212518
voice,procedural_fake,data/generated_v8/audio/train/voice/proc_voice_train_00105__codec_phase.wav,proc::voice::train::00105,7.103,0.27440273198630444,0.918701171875,3.348003007203488,0.07607767912923351,0.010101318359375,0.094573974609375,0.4853515625,0.01277629170772913,0.0,294.5937285614467,180.94920116706209,406.25,1.4316122761003314e-05,0.009329288966678026,15.261765982983443,-0.0026284205943245356,-2.2822986743003986,-3.152366708539109,-3.962014529365383,-6.56324428562108,-9.156909823602644,-9.15747990162324,-9.144141219232493,0.9999466683613101
voice,procedural_fake,data/generated_v8/audio/train/voice/proc_voice_train_00025__pulse_lpc.wav,proc::voice::train::00025,7.128,0.2630750968955568,0.754058837890625,2.8663254211020712,0.10930581251589257,0.011474609375,0.104705810546875,0.498382568359375,0.008794542648709316,0.0,319.6901038494227,304.25617754923843,406.25,0.007078996816377732,0.008317045032366448,8.766733879987072,-0.007553994915073119,-2.0462873896324596,-2.1936647263497,-2.990477327056377,-3.406927210289797,-3.5894209252010656,-3.7692155470129975,-4.978239125774017,0.9976211923918145
voice,procedural_fake,data/generated_v8/audio/train/voice/proc_voice_train_00078__additive_formant.wav,proc::voice::train::00078,6.476,0.13318203512935398,0.79412841796875,5.962729261476198,0.06665058147951551,0.006072998046875,0.05322265625,0.1976165771484375,0.02087515441630636,0.0,263.1530756594565,176.90164566630298,406.25,0.0004840754930336099,0.004440580574958738,14.998134157361935,-0.0019748570962514257,-2.4008830532058796,-3.324457402242428,-4.188612020742936,-4.848273244339021,-5.14721409368828,-5.409731492253504,-6.59565069696746,0.9948039828853658
voice,procedural_fake,data/generated_v8/audio/train/voice/proc_voice_train_00002__pulse_lpc.wav,proc::voice::train::00002,4.263,0.2014896719834378,0.721832275390625,3.582477792955853,0.0997551570953128,0.013763427734375,0.093017578125,0.3451721191406252,0.010042810227539292,0.0,409.9066649200667,397.25853995868556,718.75,0.010189501195248753,0.006166845744964055,5.622692246049206,-0.021157012966757954,-1.4699405994711334,-1.9607528180279614,-2.7828145990298436,-3.2758964938080206,-3.5049917393774126,-3.677995588179108,-4.912378633429545,0.9814860217115412
voice,procedural_fake,data/generated_v8/audio/train/voice/proc_voice_train_00014__codec_phase.wav,proc::voice::train::00014,6.769,0.23415667506871551,0.77618408203125,3.3148065576327106,0.06836375723664165,0.00836181640625,0.089324951171875,0.4153045654296874,0.014246934554587087,0.0,300.6552936223213,177.55098454050074,437.5,1.4555423652021467e-05,0.007517157856823726,15.464524880188224,-0.003103619635064924,-2.180204880781093,-3.3680883741492753,-4.053535033559607,-6.7241816972645285,-9.019952596445398,-9.019956706377625,-9.005195878032636,0.999892877914899
voice,procedural_fake,data/generated_v8/audio/train/voice/proc_voice_train_00029__codec_phase.wav,proc::voice::train::00029,5.653,0.2557491524268944,0.72650146484375,2.840679853480334,0.054374384998949664,0.011077880859375,0.1088104248046875,0.468414306640625,0.011045020343180612,0.0,283.1455715482171,164.12807758397255,437.5,1.1653391446351685e-05,0.007662390231675685,11.07827997812214,-0.0023039272430711646,-2.3133821246864077,-3.406642479829223,-4.409978601851625,-6.758418773470788,-9.097678721853816,-9.097434820412518,-9.084577704121822,0.9999804834547826
voice,procedural_fake,data/generated_v8/audio/train/voice/proc_voice_train_00032__codec_phase.wav,proc::voice::train::00032,4.277,0.25501134582232066,0.755950927734375,2.964381546619829,0.08686121786909441,0.006411743164062511,0.053314208984375,0.5065582275390625,0.015504442366144493,0.0,271.9930645080116,165.16276009983375,343.75,1.6111644085900688e-05,0.009615943982457386,25.43193070276208,-0.0030831319039082675,-2.2230203842947875,-3.001237058102749,-4.033056277876641,-6.43195880513435,-9.09826005718907,-9.096116872069642,-9.084803892619082,0.9996251740109567
voice,procedural_fake,data/generated_v8/audio/train/voice/proc_voice_train_00040__additive_formant.wav,proc::voice::train::00040,6.231,0.18237156376298622,0.869171142578125,4.765935679027885,0.094066904057375,0.00579833984375,0.0629119873046875,0.313812255859375,0.02163577274915744,0.0,273.7871036335191,189.1196539957414,406.25,0.0010865470387968119,0.00633560082626133,19.042594211967465,-0.0030852665994450723,-2.2431439496799257,-2.961282893074277,-3.703312706480905,-4.374818736547494,-4.692602568646169,-4.934104537937415,-6.189212379843441,0.9926735753928586
voice,procedural_fake,data/generated_v8/audio/train/voice/proc_voice_train_00017__codec_phase.wav,proc::voice::train::00017,6.816,0.24710876550367622,0.84429931640625,3.416711320156263,0.10090321397459998,0.005523681640625,0.0611572265625,0.44207763671875,0.019668794014084508,0.0,269.5585069151184,171.44251860871796,375.0,1.6517537812112137e-05,0.009398672408588953,24.945932240499822,-0.0023465059829209543,-2.3679906269679374,-2.9998938096968546,-3.9898321798177827,-6.575256650380094,-9.068233234266431,-9.069141931157914,-9.053719184621215,0.9997281498579189
voice,procedural_fake,data/generated_v8/audio/train/voice/proc_voice_train_00049__pulse_lpc.wav,proc::voice::train::00049,4.701,0.25251535571551115,0.859344482421875,3.403137524000836,0.12274147443993884,0.01568603515625,0.122833251953125,0.45318603515625,0.00797702616464582,0.0,421.56085942191766,457.8158627343329,500.0,0.016201960328644766,0.0071765542199138475,7.1652576675337905,-0.01951257936800169,-1.6955950375158726,-1.7838737290941589,-2.2840049129668323,-2.966272171339903,-3.203347668322983,-3.3986092634322813,-4.614100282121296,0.9881585480865748
voice,procedural_fake,data/generated_v8/audio/train/voice/proc_voice_train_00110__additive_formant.wav,proc::voice::train::00110,4.128,0.16087270269403975,0.883575439453125,5.492388855638098,0.060229836328675034,0.00689697265625,0.0538330078125,0.250213623046875,0.01709362887596899,0.0,246.57647727455324,145.2455854780726,312.5,0.00036817073098900324,0.005765815407716081,10.5403954951775,-0.0012266585140494725,-2.6268187467710398,-3.4152836950542023,-4.253786810486138,-4.949475992121285,-5.318556565763766,-5.571097912376349,-6.638936017353457,0.9955207472821305
voice,procedural_fake,data/generated_v8/audio/train/voice/proc_voice_train_00017__pulse_lpc.wav,proc::voice::train::00017,6.816,0.24311980220923057,0.839599609375,3.453439833964799,0.12892577139975242,0.0110015869140625,0.0921630859375,0.45458984375,0.01008656103286385,0.0,343.3866949054571,390.2138734139726,468.75,0.01166504320996846,0.008073644294569119,9.236851799780366,-0.012926163794010051,-1.8020471672788512,-2.010241086487079,-2.6424588644087925,-3.139010698843012,-3.337733585126939,-3.5188020695939666,-4.760979044673494,0.9852561986000788
voice,procedural_fake,data/generated_v8/audio/train/voice/proc_voice_train_00038__codec_phase.wav,proc::voice::train::00038,6.485,0.2716748584239516,0.791595458984375,2.9137604545985685,0.07014331286924508,0.008819580078125,0.1098175048828125,0.490020751953125,0.011314572089437163,0.0,270.97176060094836,169.02160805199324,437.5,1.356748479897009e-05,0.008684500912345582,16.841995089178965,-0.00269825413094263,-2.2649059734364863,-3.1729703375631524,-4.054111740886033,-6.58923853460849,-9.149188866039738,-9.150738784141863,-9.137947350109934,0.9999584848094463
voice,procedural_fake,data/generated_v8/audio/train/voice/proc_voice_train_00083__additive_formant.wav,proc::voice::train::00083,4.825,0.18536793876290325,0.7222900390625,3.896520854053151,0.0901566082462208,0.00543212890625,0.0621337890625,0.32843017578125,0.0236139896373057,0.0,303.9185448080915,173.02722212266423,468.75,0.0006657599536651033,0.006544952502862765,15.59948275391653,-0.001979919215906521,-2.4484479446827447,-3.065226186997604,-4.076677107046618,-4.597573346647449,-4.970572387211887,-5.155754593885021,-6.385097025383506,0.9962609864786554
voice,procedural_fake,data/generated_v8/audio/train/voice/proc_voice_train_00055__additive_formant.wav,proc::voice::train::00055,3.432,0.16165405274839637,0.818267822265625,5.061845393627117,0.044180583125421134,0.0137939453125,0.085418701171875,0.25143127441406254,0.009761072261072262,0.0,297.6273049124471,171.56333542618694,437.5,3.817767978650471e-05,0.004220446594527631,4.118710934003119,-0.003747660019663699,-2.0754071867856068,-3.754501357671638,-5.0201218766401166,-6.3023491343958105,-7.507133848450427,-7.642097020986593,-7.694368192754557,0.9997159537789473
voice,procedural_fake,data/generated_v8/audio/train/voice/proc_voice_train_00074__pulse_lpc.wav,proc::voice::train::00074,4.398,0.2261951629870613,0.73468017578125,3.247992424237979,0.06778745718873903,0.013824462890625,0.102081298828125,0.425994873046875,0.008924511141427921,0.0,332.9791097322832,274.8615034119696,468.75,0.00242711251857137,0.0071527504278865485,6.345424105131021,-0.00989236378501877,-1.7938479537783905,-2.2737874956305375,-3.010229307382145,-3.9766884944010816,-4.532559171556582,-5.010081448134495,-6.3207494041777545,0.9983512705298899
voice,procedural_fake,data/generated_v8/audio/train/voice/proc_voice_train_00089__additive_formant.wav,proc::voice::train::00089,5.212,0.20770606952896378,0.859588623046875,4.138485817945772,0.08881054310417191,0.004669189453125,0.049102783203125,0.38546142578125053,0.025805832693783576,0.0,276.3548806881919,141.39276042574113,375.0,0.0005292487482594936,0.00773078755281856,23.644987998335214,-0.0015871592125309261,-2.546143420944498,-3.1619452083908977,-4.104917741498093,-4.67267911868785,-5.018748082563611,-5.22819462070454,-6.4422406760446975,0.9966022993118803
voice,procedural_fake,data/generated_v8/audio/train/voice/proc_voice_train_00092__pulse_lpc.wav,proc::voice::train::00092,3.883,0.21563461860476746,0.775115966796875,3.594580368459158,0.13472403302911778,0.010955810546875,0.0853271484375,0.3715301513671876,0.01120267834148854,0.0,402.1882381273508,477.7407791915701,562.5,0.0172029187440043,0.007029827928109127,5.979170383780391,-0.018484492229207495,-1.757460513250618,-1.761526560314722,-2.3441103213496484,-2.9474329156778905,-3.1432081583716562,-3.3311356731945745,-4.522913277338589,0.9291761425945544
voice,procedural_fake,data/generated_v8/audio/train/voice/proc_voice_train_00042__additive_formant.wav,proc::voice::train::00042,6.435,0.1489584440353865,0.796173095703125,5.344934292640614,0.08739401120834507,0.003814697265625,0.039093017578125,0.228485107421875,0.03005050505050505,0.0,268.830945004713,150.31470003737778,343.75,0.0006695328657391142,0.005645566304372132,23.986014841554898,-0.0017884385315757917,-2.514890621844994,-3.0836732136506457,-3.7296828169600897,-4.605380730549175,-4.950004715720521,-5.196934418090197,-6.412616647581101,0.9896989251517995
voice,procedural_fake,data/generated_v8/audio/train/voice/proc_voice_train_00031__pulse_lpc.wav,proc::voice::train::00031,4.019,0.24092633761301274,0.910125732421875,3.7776099592887262,0.09940438237718302,0.013916015625,0.110198974609375,0.39919128417968763,0.009159616820104504,0.0,436.9415390925997,399.1349644112909,562.5,0.011939825274001038,0.00716496825021418,6.06006696929604,-0.019939373709798387,-1.5066044451147365,-2.0086054916301515,-2.582216416693738,-3.1703090398334277,-3.4052579926884765,-3.6490700919582113,-4.834989378859086,0.9751069619911353
voice,procedural_fake,data/generated_v8/audio/train/voice/proc_voice_train_00065__additive_formant.wav,proc::voice::train::00065,5.566,0.11929451406913096,0.760528564453125,6.375218260350179,0.09987086631856718,0.00433349609375,0.03668212890625,0.1748504638671875,0.02718514193316565,0.0,287.44280054955453,224.7933658443824,406.25,0.0017746340653797504,0.004397693360842562,12.474347160796922,-0.004007265389794416,-2.2522708059425365,-2.569856649573971,-3.1139378671970226,-4.128606236182314,-4.458617209538196,-4.7297710792733865,-5.960206660348326,0.9430279726781616
voice,procedural_fake,data/generated_v8/audio/train/voice/proc_voice_train_00072__additive_formant.wav,proc::voice::train::00072,4.404,0.09737014186390246,0.74334716796875,7.634241398228129,0.10152846174588082,0.00201416015625,0.02252197265625,0.156646728515625,0.05425465485921889,0.0,291.81211628445544,177.26906746987356,437.5,0.0006423114377735781,0.003778927088494068,22.938077408268576,-0.001876683546990738,-2.475838497684879,-3.073298560847211,-4.051262262997606,-4.718590193355918,-4.997618123846861,-5.251318883501058,-6.437939872440795,0.9466967254319241
voice,procedural_fake,data/generated_v8/audio/train/voice/proc_voice_train_00056__additive_formant.wav,proc::voice::train::00056,5.721,0.19819917355688296,0.755157470703125,3.810093943133398,0.08918992735019392,0.00482177734375,0.0645751953125,0.360595703125,0.026426761055759484,0.0,261.850429973009,130.36733665474958,343.75,0.00043307044530737265,0.006746046008721612,25.44492889305622,-0.0009164589867887132,-2.8175840090932556,-3.3002845910204264,-4.235281998669306,-4.83598475136942,-5.105915837910049,-5.369712281202399,-6.567647363384001,0.9986201411820022
voice,procedural_fake,data/generated_v8/audio/train/voice/proc_voice_train_00106__additive_formant.wav,proc::voice::train::00106,6.604,0.1895481656577258,0.775726318359375,4.09250237620412,0.07936553003416523,0.00653076171875,0.0736083984375,0.329803466796875,0.018710251362810418,0.0,255.67961262171383,157.7069640797142,406.25,0.0006207670001422055,0.006241022398161054,17.178040659356125,-0.0014907123328594867,-2.5759037132819556,-3.1986533722026205,-4.012762280756057,-4.638991976805616,-4.93026285252415,-5.201336252994563,-6.399403043410651,0.9982746000005973
voice,procedural_fake,data/generated_v8/audio/train/voice/proc_voice_train_00025__additive_formant.wav,proc::voice::train::00025,7.128,0.16746603000511395,0.724395751953125,4.325628020984339,0.08030022709935378,0.00390625,0.04205322265625,0.3161102294921876,0.028979026374859707,0.0,251.3684612304703,131.44346695762368,343.75,0.0004234702560743956,0.006094464780262599,22.927174962562837,-0.0009511511669923032,-2.812756334324219,-3.2441567249694554,-4.292797327090711,-4.815151976920807,-5.116789805070307,-5.343828558997132,-6.5252881480302936,0.9978029393122329
voice,procedural_fake,data/generated_v8/audio/train/voice/proc_voice_train_00096__pulse_lpc.wav,proc::voice::train::00096,3.775,0.24105919852352906,0.729705810546875,3.027081376758376,0.06082882166923293,0.01654052734375,0.1276092529296875,0.41748352050781246,0.007599337748344371,0.0,342.92073810606473,260.374070911778,468.75,0.0018531011543150282,0.005763366586113422,3.94374940072294,-0.008703487158379727,-1.844763859326294,-2.3522050281071296,-3.0141136893119964,-4.013350760328065,-4.511398662877901,-5.402139872148518,-6.448530439763495,0.9989518387228039
voice,procedural_fake,data/generated_v8/audio/train/voice/proc_voice_train_00068__additive_formant.wav,proc::voice::train::00068,5.931,0.1912820567880131,0.880126953125,4.601199756547966,0.10325096158912482,0.00537109375,0.0541229248046875,0.325927734375,0.02268799527904232,0.0,290.05250035009044,189.97925700140274,406.25,0.0011753768917384885,0.007051430770925846,17.628132165960178,-0.0038798739237733576,-2.1663054141259748,-2.745705872095765,-3.7134475458622562,-4.32079960674392,-4.622984800658757,-4.870997934422282,-6.039763443768204,0.9871724689535739
voice,procedural_fake,data/generated_v8/audio/train/voice/proc_voice_train_00081__codec_phase.wav,proc::voice::train::00081,3.478,0.1788837977601572,0.77252197265625,4.318568715161267,0.11375276295218072,0.00360107421875,0.0426025390625,0.3201324462890631,0.034664318573893044,0.0,314.39051787433186,197.960328909605,406.25,2.280553766013568e-05,0.006778277615282576,26.514260896848516,-0.004789825739607286,-2.018150626849053,-2.922550845243834,-3.7394279815896376,-6.573038947741947,-8.786904542778329,-8.787548442906028,-8.775749123031847,0.9949460231979456
voice,procedural_fake,data/generated_v8/audio/train/voice/proc_voice_train_00100__additive_formant.wav,proc::voice::train::00100,3.781,0.2002477450391048,0.806243896484375,4.0262320872923185,0.09250351268699893,0.00457763671875,0.05328369140625,0.3693084716796875,0.027324120603015076,0.0,273.1683206700743,153.46339326736364,406.25,0.0005017099468758923,0.007367670607184237,20.30125264033062,-0.0011382968769761297,-2.742449017180872,-3.1529730554401345,-4.138996524389146,-4.75569287523023,-5.054530588911561,-5.246743364879708,-6.442327518197686,0.9962908470338854
voice,procedural_fake,data/generated_v8/audio/train/voice/proc_voice_train_00022__pulse_lpc.wav,proc::voice::train::00022,6.264,0.21318782583861945,0.72894287109375,3.419251864998852,0.08688624367660118,0.01409912109375,0.108306884765625,0.3691528320312498,0.008510935504469987,0.0,409.62964023507385,377.5790174978815,687.5,0.009531655142477754,0.005806994646290455,6.544772859568476,-0.018116182965449742,-1.550075454142445,-2.0558058668577175,-2.5108666352314843,-3.329292791316318,-3.688163974399344,-3.9298165440064703,-5.11378028961383,0.9926530672761642
voice,procedural_fake,data/generated_v8/audio/train/voice/proc_voice_train_00011__pulse_lpc.wav,proc::voice::train::00011,5.776,0.3233520343045885,0.827301025390625,2.5585149855940936,0.06782448736676946,0.023590087890625,0.205352783203125,0.5582427978515625,0.004912569252077562,0.0,329.1997653275624,261.02438752602535,437.5,0.004046049208773673,0.00782800923359739,5.755320837749804,-0.007819153833378842,-1.8886650980318713,-2.395730600419659,-3.2587040830278053,-3.723053004741403,-4.041475293839197,-4.185836770875217,-5.384039087324857,0.9999575595861843
voice,procedural_fake,data/generated_v8/audio/train/voice/proc_voice_train_00090__codec_phase.wav,proc::voice::train::00090,6.778,0.33216287268957984,0.9166259765625,2.759567826290825,0.05908877147362306,0.013763427734375,0.139129638671875,0.6205230712890626,0.008916715845382119,0.0,267.036388827972,147.4590590619774,375.0,8.852454480396982e-06,0.01060162925912533,14.660578110123705,-0.001774364184826488,-2.4401674903760595,-3.3812811729878987,-4.493292197544546,-6.820164775445666,-9.323505289773475,-9.32513446275819,-9.311102619309025,0.9999967766192038
voice,procedural_fake,data/generated_v8/audio/train/voice/proc_voice_train_00072__pulse_lpc.wav,proc::voice::train::00072,4.404,0.22468414433409525,0.89984130859375,4.0049168189444035,0.13303435845763026,0.0093994140625,0.075225830078125,0.403961181640625,0.012034514078110809,0.0,401.9785550101101,357.58836652173926,531.25,0.009621992218661371,0.00754215532515217,10.03542127438607,-0.013202049825746772,-1.7488271843947916,-2.0356070258016863,-2.7306733215336148,-3.2681388553360766,-3.536976520225845,-3.7080418288282737,-4.889045155006966,0.9507453526506613
voice,procedural_fake,data/generated_v8/audio/train/voice/proc_voice_train_00059__codec_phase.wav,proc::voice::train::00059,5.228,0.295749132474272,0.884796142578125,2.9917117090955316,0.05506473633244468,0.013336181640625,0.120574951171875,0.515625,0.008033664881407804,0.0,281.97274496874047,166.06065935173234,375.0,1.1058045978970666e-05,0.00942115802894949,9.88719116225814,-0.002296441284418707,-2.3233587840103214,-3.314499703787636,-4.404616372736537,-6.607490010481858,-9.22278170941479,-9.22321577711239,-9.210232959293558,0.999987352434569
voice,procedural_fake,data/generated_v8/audio/train/voice/proc_voice_train_00056__codec_phase.wav,proc::voice::train::00056,5.721,0.33443776345120446,0.891876220703125,2.6667928032393164,0.08165182716993499,0.00909423828125,0.1260986328125,0.641937255859375,0.011645691312707568,0.0,281.94789995106186,150.48263973467633,375.0,1.1432489797283906e-05,0.010950560611217549,23.340400389288863,-0.0019780330633710768,-2.429606523378108,-3.11741580082568,-4.207519736180146,-6.404309834272086,-9.33132457112407,-9.329763933931002,-9.315539450645062,0.9999823892889326
voice,procedural_fake,data/generated_v8/audio/train/voice/proc_voice_train_00119__additive_formant.wav,proc::voice::train::00119,5.409,0.14669099534352031,0.8428955078125,5.746061684554059,0.09375686075130282,0.004974365234375,0.041748046875,0.2266754150390624,0.02463486781290442,0.0,303.3568098567877,206.57079589754142,406.25,0.0012918165453055363,0.005558402897611258,13.738181169017142,-0.0035941028269083925,-2.2100642759086826,-2.7436136955018355,-3.740499155196457,-4.2983840414196814,-4.61771037355306,-4.831309962523119,-6.004367375859141,0.9681715063841592
voice,procedural_fake,data/generated_v8/audio/train/voice/proc_voice_train_00085__pulse_lpc.wav,proc::voice::train::00085,5.712,0.20587306841273498,0.85357666015625,4.146130752979291,0.1128338676674946,0.011871337890625,0.090179443359375,0.353973388671875,0.010219712885154062,0.0,409.820195215082,460.9200289405769,593.75,0.01666649691473015,0.00601726100950247,5.949115894947435,-0.024036850220393053,-1.4809303237885478,-1.797014619599691,-2.536665589951843,-3.0263243189617217,-3.231392451168493,-3.4152158513017272,-4.623248039384601,0.9474455619958052
voice,procedural_fake,data/generated_v8/audio/train/voice/proc_voice_train_00107__codec_phase.wav,proc::voice::train::00107,5.93,0.1835288098754135,0.758575439453125,4.133277167590611,0.09013585724976023,0.0057373046875,0.055206298828125,0.30411682128906303,0.022291315345699832,0.0,292.4812913381095,212.94363416726893,406.25,2.4263125168412708e-05,0.006493765760937366,18.274522134883245,-0.003195188459434611,-2.229197437379346,-2.8901840200105586,-3.845120561238572,-6.510150288444407,-8.808777011753964,-8.810006114720833,-8.79612543002336,0.9991494108602482
voice,procedural_fake,data/generated_v8/audio/train/voice/proc_voice_train_00042__codec_phase.wav,proc::voice::train::00042,6.435,0.23679254368534583,0.825836181640625,3.487593691877439,0.08517953748579532,0.0067138671875,0.070404052734375,0.397735595703125,0.015374902874902875,0.0,297.7282116819467,172.4978782481588,375.0,1.9334784653715234e-05,0.008485667902557899,21.449945856723097,-0.0035436752629603627,-2.167536908797083,-2.9311762304071474,-3.8100680270039473,-6.25810825349435,-9.030256013416121,-9.031019320728667,-9.017803998537781,0.9997371302367675
voice,procedural_fake,data/generated_v8/audio/train/voice/proc_voice_train_00097__additive_formant.wav,proc::voice::train::00097,7.096,0.14898423832863888,0.856170654296875,5.7467196792205595,0.06167261196987713,0.0050048828125,0.0504150390625,0.262542724609375,0.0234815388951522,0.0,238.6726679069311,133.91582795693017,343.75,0.00020147008051992247,0.0053566263345124505,16.130994704548314,-0.0007723864210585976,-2.821705739987864,-3.6200121552475473,-4.660549580120065,-5.3715617277199055,-5.666646101297354,-5.973016146170162,-7.091394357973715,0.9985652499240468
voice,procedural_fake,data/generated_v8/audio/train/voice/proc_voice_train_00040__codec_phase.wav,proc::voice::train::00040,6.231,0.18669337250365023,0.732147216796875,3.9216561733200255,0.09208084658207533,0.0059814453125,0.0693817138671875,0.32330322265625,0.022518456106563955,0.0,304.5079283053964,204.22215379417347,437.5,2.5518370612942518e-05,0.0063420190445844455,21.05160818609219,-0.00463786250139956,-2.0369589034278217,-2.893556845858756,-3.7960906051431222,-6.408651778003258,-8.821696985066723,-8.823395872738448,-8.811524236625361,0.9992423164304757
voice,procedural_fake,data/generated_v8/audio/train/voice/proc_voice_train_00087__pulse_lpc.wav,proc::voice::train::00087,5.553,0.25386811292418077,0.899200439453125,3.541998359288536,0.1185858835976454,0.012969970703125,0.106201171875,0.4526153564453126,0.008632721051683775,0.0,405.6329132677212,390.25538311694925,562.5,0.012395979358295775,0.007584552537558006,7.083552368955691,-0.014210439976372398,-1.7476972969581395,-1.9874899526393985,-2.6069539991907322,-3.129787898866945,-3.323024192595584,-3.507737386217057,-4.657009505535522,0.9868593791519985
voice,procedural_fake,data/generated_v8/audio/train/voice/proc_voice_train_00007__codec_phase.wav,proc::voice::train::00007,5.944,0.22792687023778577,0.737213134765625,3.2344283672939658,0.06634911622136,0.007904052734375,0.0865478515625,0.409637451171875,0.013816453566621803,0.0,308.24173863555427,170.1736525883308,406.25,1.4911183029647267e-05,0.007260370386888211,17.985774910467477,-0.0028182489440053138,-2.225022015207107,-3.3311866687223635,-4.344023705799048,-6.745709461571044,-9.000635962848195,-8.998615726187879,-8.984940515175127,0.9999062925954433
voice,procedural_fake,data/generated_v8/audio/train/voice/proc_voice_train_00036__codec_phase.wav,proc::voice::train::00036,6.63,0.24285013043382328,0.822265625,3.385897399071266,0.08736884774554812,0.00677490234375,0.079681396484375,0.405548095703125,0.018957390648567118,0.0,322.80905809201846,178.90036588210754,437.5,1.5902577117557426e-05,0.008673452829806952,22.543556721139982,-0.002997772993028326,-2.2245938186026235,-3.115463390125645,-3.8241568446839604,-6.690897293180997,-9.05180278689354,-9.052656592628791,-9.03923916908426,0.9997807355667394
voice,procedural_fake,data/generated_v8/audio/train/voice/proc_voice_train_00037__pulse_lpc.wav,proc::voice::train::00037,6.733,0.24429873219887432,0.8984375,3.677618348295873,0.09381120796086403,0.01605224609375,0.1224365234375,0.426116943359375,0.007426110203475419,0.0,441.91439199899827,379.6511720713177,625.0,0.01056808005234338,0.006466481763618081,5.304671529712013,-0.01786656511540886,-1.553690701113182,-2.024310711259796,-2.7262480140272456,-3.2972582117854157,-3.512390529397068,-3.6983647037876284,-4.873002178177767,0.9951115497334657
voice,procedural_fake,data/generated_v8/audio/train/voice/proc_voice_train_00057__codec_phase.wav,proc::voice::train::00057,5.099,0.16246031593109217,0.837371826171875,5.154316125588773,0.08187980339041222,0.00677490234375,0.06719970703125,0.2480377197265624,0.01890076485585409,0.0,372.3860298222978,223.080491484204,562.5,2.7390651050569857e-05,0.005428111172649105,11.654687608981094,-0.005542572278505864,-1.9504608958355953,-2.856257538113527,-4.095548408954923,-6.551778585478869,-8.703165968078432,-8.704035060003381,-8.690417904045148,0.9983245949336668
voice,procedural_fake,data/generated_v8/audio/train/voice/proc_voice_train_00067__pulse_lpc.wav,proc::voice::train::00067,7.112,0.2213867939257083,0.851318359375,3.845389077998395,0.11605487252946191,0.011077880859375,0.0872955322265625,0.36166076660156277,0.009991915073115861,0.0,411.1060089874731,403.48107595495856,593.75,0.011812721407317192,0.007257396049649827,8.015041559105507,-0.017544439750968834,-1.6030527321024792,-1.9501011577162257,-2.669358493163116,-3.188711605470262,-3.416256061583909,-3.6136086611030525,-4.786322735486413,0.9757994914697733
voice,procedural_fake,data/generated_v8/audio/train/voice/proc_voice_train_00017__additive_formant.wav,proc::voice::train::00017,6.816,0.1685586417510002,0.89068603515625,5.2841315396454,0.10158177066617761,0.00360107421875,0.03814697265625,0.271942138671875,0.03331316021126761,0.0,242.0186375501289,149.4962666711737,343.75,0.0007062889444726464,0.006730277540241022,25.886351858539328,-0.001448685445077708,-2.6296839397908722,-3.0916007904393803,-3.8978810556954704,-4.5775125539390835,-4.876108869941217,-5.116742519741009,-6.316405702423181,0.9902287766952476
voice,procedural_fake,data/generated_v8/audio/train/voice/proc_voice_train_00059__pulse_lpc.wav,proc::voice::train::00059,5.228,0.2649594468052106,0.767578125,2.8969645515764455,0.067282747737516,0.015594482421875,0.133087158203125,0.4680664062500002,0.007854342004590665,0.0,317.51949160089896,252.38731473299066,406.25,0.0027859109483109267,0.007488503266466179,6.951649541543129,-0.00757813712674363,-1.8693744453434629,-2.517225984438073,-3.2532314702600162,-3.911590223610356,-4.368279394507492,-4.613469859246596,-5.784387547087708,0.9994095785348931
voice,procedural_fake,data/generated_v8/audio/train/voice/proc_voice_train_00087__additive_formant.wav,proc::voice::train::00087,5.553,0.1708390237751058,0.885009765625,5.180372411809352,0.09209089783560503,0.004730224609375,0.053619384765625,0.2903839111328126,0.02639339095984153,0.0,302.1409998162889,179.4652579166239,437.5,0.0009074506031639093,0.006021129421996621,16.731119857266208,-0.00267560377322339,-2.3182541295200023,-2.950924260195131,-3.814164082184024,-4.449223782319336,-4.7739798237428,-4.98964435808693,-6.196976258916171,0.9881695728538958
voice,procedural_fake,data/generated_v8/audio/train/voice/proc_voice_train_00079__codec_phase.wav,proc::voice::train::00079,3.698,0.23957209388407608,0.804656982421875,3.3587258406282983,0.09390369631720384,0.006103515625,0.071990966796875,0.4370208740234376,0.01818550567874527,0.0,345.34758353067656,165.3551101415707,437.5,1.549016215240782e-05,0.008328322242104903,21.868008531671933,-0.0042814380152768035,-2.063401288997049,-2.9587818492596387,-4.164751411993603,-6.586351660135983,-9.038769589198028,-9.04119756742677,-9.02878019758029,0.9995400628583603
voice,procedural_fake,data/generated_v8/audio/train/voice/proc_voice_train_00092__codec_phase.wav,proc::voice::train::00092,3.883,0.1853996166264389,0.771270751953125,4.160045020519951,0.10449562991935873,0.00494384765625,0.048828125,0.2941772460937502,0.02570499613700747,0.0,299.80049534927747,201.6588652803164,406.25,2.562252992896478e-05,0.007026487160973596,15.78373039166309,-0.0031558000484557687,-2.2950514063245726,-2.7063827723193725,-3.6897414899442627,-6.396450256006931,-8.816978022660862,-8.816597495104372,-8.804060154642919,0.9978788692966665
voice,procedural_fake,data/generated_v8/audio/train/voice/proc_voice_train_00006__codec_phase.wav,proc::voice::train::00006,7.131,0.25725277166211247,0.905853271484375,3.5212575772523222,0.08200184057145361,0.00970458984375,0.08966064453125,0.439544677734375,0.010929392792034778,0.0,317.0743696649861,188.61232400741997,406.25,1.786978345462973e-05,0.008643568231050109,13.181958817731447,-0.00344522962228094,-2.1642693974203464,-3.0256745851215148,-3.966882178498768,-6.399780812280277,-9.101108934052803,-9.101361843628826,-9.090032307057404,0.9998990263577948
voice,procedural_fake,data/generated_v8/audio/train/voice/proc_voice_train_00010__pulse_lpc.wav,proc::voice::train::00010,3.65,0.2655532449251211,0.799102783203125,3.0091998440028496,0.1473655370811144,0.012237548828125,0.097259521484375,0.521759033203125,0.010188356164383561,0.0,400.8646152476487,440.80335961715895,468.75,0.013827078481119894,0.008717044939089964,8.75613197841412,-0.017028397387896417,-1.6866203181077972,-1.918203805398616,-2.43502757221572,-2.9735498116240087,-3.198403812331618,-3.3959204090234105,-4.512773543898231,0.9675092156881357
voice,procedural_fake,data/generated_v8/audio/train/voice/proc_voice_train_00069__codec_phase.wav,proc::voice::train::00069,5.521,0.16797542368380333,0.882171630859375,5.251789883977155,0.09405105564045961,0.00714111328125,0.069549560546875,0.28143310546875,0.019199420394856004,0.0,386.4793153517493,246.1701128467194,531.25,3.3029550777857274e-05,0.004997097903309903,11.738234426240673,-0.008314407601865963,-1.7779762678087845,-2.678324088994456,-3.7180211283440205,-6.44711529516276,-8.731346284026214,-8.73111586849425,-8.718636495127777,0.9973637396116263
voice,procedural_fake,data/generated_v8/audio/train/voice/proc_voice_train_00103__codec_phase.wav,proc::voice::train::00103,5.335,0.22861005118280928,0.75396728515625,3.298049588175526,0.1121147154957298,0.0040283203125,0.0494384765625,0.44183349609375,0.0257029053420806,0.0,326.03311263704,175.47758358396513,468.75,1.8164943486085944e-05,0.008633545883291448,30.43750884387971,-0.0033531071588825704,-2.191760681049861,-2.941806390619794,-3.9322279828414946,-6.412950526433385,-8.999977010541361,-9.001166380106802,-8.988271846197375,0.999205295326216
voice,procedural_fake,data/generated_v8/audio/train/voice/proc_voice_train_00055__pulse_lpc.wav,proc::voice::train::00055,3.432,0.24770554885926238,0.8023681640625,3.2392014137655734,0.06115350294112291,0.02020263671875,0.162841796875,0.41137390136718754,0.007247960372960373,0.0,393.47000811768913,278.28854627559804,625.0,0.0017259344406450072,0.005038805543659812,3.1117083511032995,-0.019100428665557993,-1.4146748645881997,-2.42018593505912,-3.2104497756953188,-4.052487529782421,-4.506562008126969,-5.585292210428432,-6.166172361015,0.9992855609054403
voice,procedural_fake,data/generated_v8/audio/train/voice/proc_voice_train_00047__pulse_lpc.wav,proc::voice::train::00047,6.093,0.23122089585058062,0.856353759765625,3.703617515257,0.0949254772431196,0.014556884765625,0.1240234375,0.4021697998046876,0.008247168882323979,0.0,448.01507600155,367.5986808550222,687.5,0.008079377990638908,0.005982715066979996,6.479419118245111,-0.018758459410785824,-1.5044706023224834,-2.0567340550926785,-2.8136986844266474,-3.428790205621394,-3.7396072291237417,-3.9896316974832513,-5.1998300562478486,0.9934982511007009
voice,procedural_fake,data/generated_v8/audio/train/voice/proc_voice_train_00068__pulse_lpc.wav,proc::voice::train::00068,5.931,0.26395076563771525,0.9007568359375,3.412594139521576,0.13024922282522788,0.0142822265625,0.115386962890625,0.4819793701171875,0.00841974371944023,0.0,420.07680996224263,461.6189527061158,625.0,0.016686952668837712,0.008064351473851674,7.75287533827943,-0.022557101987781096,-1.565325039660696,-1.7526374705857397,-2.4661430083512825,-2.9476998876043554,-3.1507710730311507,-3.348572755851434,-4.514595480660157,0.9850768852668556
voice,procedural_fake,data/generated_v8/audio/train/voice/proc_voice_train_00093__pulse_lpc.wav,proc::voice::train::00093,5.747,0.3017136467664074,0.86798095703125,2.8768369158431137,0.09570314624093267,0.0159912109375,0.14605712890625,0.53936767578125,0.006927527405602923,0.0,312.56042264698016,295.0457650790061,375.0,0.006346769644159711,0.008471674511801659,9.258173147003182,-0.008308899649290382,-1.9278435346104734,-2.254331970972898,-3.0496380744317073,-3.4897436968225217,-3.6744436789081223,-3.859971581546584,-5.01823375738098,0.9990640150635858
voice,procedural_fake,data/generated_v8/audio/train/voice/proc_voice_train_00001__codec_phase.wav,proc::voice::train::00001,5.708,0.22746265145116776,0.901611328125,3.9637774481783885,0.10527007347224808,0.0067138671875,0.072540283203125,0.377288818359375,0.020212859145059565,0.0,304.81198969850334,207.22921198221863,437.5,2.2383653093432554e-05,0.008100902201154907,14.930367889702817,-0.004781009381269767,-2.041628694395378,-2.777094608934819,-3.7186513984999023,-6.329163358879387,-8.992410390276012,-8.994933843688422,-8.982409955130958,0.9993842347372803
voice,procedural_fake,data/generated_v8/audio/train/voice/proc_voice_train_00064__codec_phase.wav,proc::voice::train::00064,4.95,0.24136103956983995,0.9031982421875,3.742104540969843,0.07053119357567646,0.01031494140625,0.0924072265625,0.37152099609375,0.011085858585858586,0.0,305.60095716306023,187.02415773744696,468.75,1.397418060011572e-05,0.008470891795777006,11.012646475397647,-0.0028683649846647096,-2.226397912282156,-3.2187038670160177,-4.3887655124263985,-6.709148118882889,-9.05054511996003,-9.046562062339753,-9.03435578515398,0.9998827990734223
voice,procedural_fake,data/generated_v8/audio/train/voice/proc_voice_train_00019__codec_phase.wav,proc::voice::train::00019,5.431,0.2866303780143958,0.787750244140625,2.7483138723735028,0.053052534668277807,0.014007568359375,0.129058837890625,0.509490966796875,0.008274258884183391,0.0,248.9582007646598,143.27898877504686,343.75,1.047257650298243e-05,0.008385180557188903,8.679721793389739,-0.0018370709167764262,-2.417528542990426,-3.4466943117109548,-4.4001847855810805,-6.777605558701433,-9.197243528662433,-9.197047640559864,-9.184204413028144,0.9999916115978911
voice,procedural_fake,data/generated_v8/audio/train/voice/proc_voice_train_00039__additive_formant.wav,proc::voice::train::00039,6.232,0.19663646671998722,0.88543701171875,4.502913556617265,0.08877656427074244,0.005859375,0.066986083984375,0.362091064453125,0.021562098844672657,0.0,261.4809189536596,159.7291122970509,375.0,0.0007271643207026445,0.006674430024033386,17.950871021268142,-0.0014902521288576388,-2.6436128705380373,-3.0465117567198376,-3.6846853431409565,-4.549600986511906,-4.894937090416079,-5.145578772495663,-6.358416048928716,0.9963065657081791
voice,procedural_fake,data/generated_v8/audio/train/voice/proc_voice_train_00094__codec_phase.wav,proc::voice::train::00094,6.496,0.2034178003409418,0.7396240234375,3.6359847673008003,0.08665031029008514,0.006317138671875,0.07098388671875,0.3538055419921875,0.020464516625615763,0.0,295.0198676728941,185.6852065364747,437.5,1.9330618425984924e-05,0.0067961118510748925,19.00293423287228,-0.002712444370704648,-2.3009632434011302,-2.9338925348451794,-4.216466002260286,-6.627553250390883,-8.898408992089195,-8.898816778727506,-8.8866601320659,0.9997303240030528
voice,procedural_fake,data/generated_v8/audio/train/voice/proc_voice_train_00072__codec_phase.wav,proc::voice::train::00072,4.404,0.20774143970167708,0.859832763671875,4.138956410943433,0.1014716943644182,0.0045166015625,0.0509033203125,0.35502319335937527,0.022947888283378747,0.0,335.04241304702884,195.69321281330045,500.0,2.0633970839418596e-05,0.007740610198528278,26.508680976530595,-0.0035302951110620577,-2.169175963670863,-2.9131075636320385,-3.998572802457276,-6.4490760754453795,-8.917778817651202,-8.918934270927195,-8.902969749598117,0.9985550607241289
voice,procedural_fake,data/generated_v8/audio/train/voice/proc_voice_train_00039__codec_phase.wav,proc::voice::train::00039,6.232,0.2844494019352609,0.915374755859375,3.218058289564304,0.08747279638154266,0.00836181640625,0.107177734375,0.5187652587890628,0.01319801026957638,0.0,283.4235697566293,175.04102936576356,375.0,1.4800333392362678e-05,0.009448842971859309,18.77395870191842,-0.0024009254321339384,-2.3693459216992467,-2.9698805367249443,-3.772668111488277,-6.589930005747959,-9.1867386967966,-9.191052367190807,-9.17519312959104,0.9999152048462622
voice,procedural_fake,data/generated_v8/audio/train/voice/proc_voice_train_00040__pulse_lpc.wav,proc::voice::train::00040,6.231,0.2023838652652306,0.72576904296875,3.586101303172593,0.11659561663072371,0.012298583984375,0.096282958984375,0.3614654541015625,0.010030492697801315,0.0,396.7808546961724,448.7702039838182,593.75,0.014903278922749237,0.005952708758477631,7.656554108609859,-0.020157068105224846,-1.5717136948413437,-1.8857915208596725,-2.4231478030319984,-3.058109038004681,-3.2755990409090754,-3.4795602185706183,-4.608601368949253,0.9743432677403822
voice,procedural_fake,data/generated_v8/audio/train/voice/proc_voice_train_00079__pulse_lpc.wav,proc::voice::train::00079,3.698,0.25649178885367624,0.7908935546875,3.0835043812599006,0.11729511383034462,0.011810302734375,0.10321044921875,0.4837127685546876,0.010461736073553272,0.0,408.73927718543734,346.74508413797275,437.5,0.009174886153982993,0.007897359715640448,8.043574526367685,-0.01714000627437253,-1.5836347093231231,-1.9951190753945576,-2.864692474910544,-3.263990205913914,-3.4698360717407275,-3.6244616325004637,-4.832160700092987,0.9850192526190922
voice,procedural_fake,data/generated_v8/audio/train/voice/proc_voice_train_00030__codec_phase.wav,proc::voice::train::00030,3.459,0.24143998836111072,0.85418701171875,3.537885407951485,0.07466165549391973,0.009918212890625,0.104766845703125,0.42186584472656263,0.013750361376120266,0.0,324.4262693480663,182.94285476155184,468.75,1.4729838662266448e-05,0.006986315589309953,11.863721049968072,-0.0027239517516590476,-2.279206158039424,-3.032000549846555,-4.182381559265864,-6.824695476175318,-9.046615195099857,-9.046859928593166,-9.037323229925908,0.9998700373977785
voice,procedural_fake,data/generated_v8/audio/train/voice/proc_voice_train_00006__pulse_lpc.wav,proc::voice::train::00006,7.131,0.23460976221586485,0.801788330078125,3.4175403551212766,0.0964284149173934,0.014862060546875,0.1090545654296875,0.4146728515625,0.007502454073762445,0.0,395.4121151708683,394.90024373079916,531.25,0.01085301746776374,0.0067669068693353195,5.718007092587663,-0.015618793535404567,-1.6466222440157037,-2.0369430325323554,-2.620190080049521,-3.2035216095468897,-3.4762418018175016,-3.685390605798248,-4.852361682660821,0.9950648719759565
voice,procedural_fake,data/generated_v8/audio/train/voice/proc_voice_train_00007__pulse_lpc.wav,proc::voice::train::00007,5.944,0.25826493931232203,0.816314697265625,3.160764676146957,0.08174295237794812,0.01434326171875,0.120849609375,0.4764312744140624,0.007591689098250336,0.0,347.2602710659093,259.0836936864088,468.75,0.0038697059512225254,0.00734166193757922,9.316376168118865,-0.007593451160344038,-1.8985374600907192,-2.417511239160495,-3.2113885396675372,-3.829331901612027,-4.153185403139963,-4.3882815435150935,-5.495896655180247,0.9989191177813326
voice,procedural_fake,data/generated_v8/audio/train/voice/proc_voice_train_00077__pulse_lpc.wav,proc::voice::train::00077,7.157,0.27639165770409596,0.912200927734375,3.300392404429856,0.10056675777872869,0.016876220703125,0.12481689453125,0.49224548339843777,0.006837711331563504,0.0,403.5198553060441,384.37649080634077,625.0,0.011806875119084867,0.008072135193793375,6.817899101223555,-0.018262894696052738,-1.5677633639276185,-1.9672921866767936,-2.714004693781697,-3.1427757100636136,-3.388312479167251,-3.5776874428115204,-4.738574311529188,0.9966743931594497
voice,procedural_fake,data/generated_v8/audio/train/voice/proc_voice_train_00066__pulse_lpc.wav,proc::voice::train::00066,5.577,0.2670677347272015,0.907073974609375,3.396419172596469,0.10108594546738241,0.016815185546875,0.13385009765625,0.4609375,0.0072731755424063115,0.0,431.39292927485997,386.4450112871401,625.0,0.010303452556532065,0.0074693033523636106,6.027007752446622,-0.015639366549336592,-1.6883238827786764,-1.9420856296743048,-2.604796354533984,-3.2927971305927364,-3.5511996215129744,-3.7922771822256593,-4.951958137667898,0.9966317244414179
voice,procedural_fake,data/generated_v8/audio/train/voice/proc_voice_train_00099__additive_formant.wav,proc::voice::train::00099,5.048,0.1738791868499187,0.734832763671875,4.226111111884456,0.08706526180246883,0.004150390625,0.045867919921875,0.302093505859375,0.028909964342313788,0.0,245.08456131424572,133.79733994065873,312.5,0.0004698033611025932,0.006646350497938089,17.51628285886158,-0.001110741876700278,-2.6985948018480106,-3.3696126632489247,-4.011555811005268,-4.803189146764062,-5.097370305885401,-5.372447507346195,-6.552020031411398,0.9950509023879394
voice,procedural_fake,data/generated_v8/audio/train/voice/proc_voice_train_00058__codec_phase.wav,proc::voice::train::00058,4.844,0.20662454512190187,0.88470458984375,4.2817013308936875,0.06317174819039263,0.011505126953125,0.10162353515625,0.32232666015625,0.009922068538398018,0.0,312.9988424419331,208.9861669031098,500.0,1.7508769010510323e-05,0.005933225812275275,7.979463527106179,-0.005181953660725498,-1.9541560561855063,-3.153207439881168,-4.3495714492955795,-6.676467888451307,-8.913672290904396,-8.913199358738133,-8.89943070174569,0.9998227191624527
voice,procedural_fake,data/generated_v8/audio/train/voice/proc_voice_train_00013__codec_phase.wav,proc::voice::train::00013,5.668,0.2403449671020646,0.875213623046875,3.6414892876671217,0.07174126390772657,0.0089111328125,0.071533203125,0.40328674316406277,0.011633292166549047,0.0,316.4887694338568,181.58379714075278,468.75,1.4736510010087393e-05,0.008852703033425205,13.77612895595357,-0.0030026717837810433,-2.2098977083067353,-3.1834217416574373,-4.174323464778446,-6.679829981323323,-9.042532003814758,-9.043286350906952,-9.02966045223911,0.9998350691805271
voice,procedural_fake,data/generated_v8/audio/train/voice/proc_voice_train_00052__pulse_lpc.wav,proc::voice::train::00052,3.813,0.2846171340527528,0.841522216796875,2.956681506886728,0.07953185700001639,0.016082763671875,0.127471923828125,0.5202301025390628,0.00798255966430632,0.0,309.2182461706253,306.47060300411414,406.25,0.006691426533357339,0.008252406071477637,6.210787688242529,-0.007488032957891321,-1.9876071495199281,-2.3389212754214177,-2.837720414513099,-3.434416313795649,-3.624695964570744,-3.8137110896282453,-4.973169921966913,0.9982900541479951
voice,procedural_fake,data/generated_v8/audio/train/voice/proc_voice_train_00094__additive_formant.wav,proc::voice::train::00094,6.496,0.1571914566631726,0.816131591796875,5.191958959612347,0.08578438447106365,0.00494384765625,0.05194091796875,0.2680206298828125,0.024130233990147784,0.0,264.92703844350723,170.88356331671633,375.0,0.0007586034016289345,0.005378477327743614,17.99436391722456,-0.0017983017514246716,-2.5306180669856624,-2.9756438217019077,-4.095576373156428,-4.581835033817349,-4.884202777467999,-5.124277152668613,-6.318664361847592,0.9948301608624283
voice,procedural_fake,data/generated_v8/audio/train/voice/proc_voice_train_00118__codec_phase.wav,proc::voice::train::00118,6.829,0.2804838440973242,0.905364990234375,3.227868589537105,0.07742785755470745,0.009307861328125,0.095489501953125,0.49248657226562464,0.011668985210133256,0.0,304.48223765210344,182.196740834396,437.5,1.4754337841015529e-05,0.009472263822416872,18.212898581577758,-0.003957991729735894,-2.089717531317405,-3.060365871087657,-4.166836224933369,-6.550849516172545,-9.17701199821954,-9.176151666405943,-9.166786365205434,0.9999207453056649
voice,procedural_fake,data/generated_v8/audio/train/voice/proc_voice_train_00071__codec_phase.wav,proc::voice::train::00071,4.312,0.22665205909874656,0.78912353515625,3.4816517365608792,0.11314519285124147,0.004913330078125,0.038848876953125,0.416534423828125,0.01971243042671614,0.0,243.78404069952987,185.07265192290868,312.5,2.0422039429969867e-05,0.009283140748909598,24.100524137473855,-0.0027668033525263705,-2.319976800104061,-2.848471492145641,-3.8356680938813144,-6.319445263612919,-8.993066721326027,-8.994417570376442,-8.98116685486288,0.9991569157603271
voice,procedural_fake,data/generated_v8/audio/train/voice/proc_voice_train_00070__codec_phase.wav,proc::voice::train::00070,7.122,0.22650322950968155,0.889434814453125,3.926808533275714,0.09079341120306096,0.00726318359375,0.077880859375,0.39422607421875,0.015796124684077505,0.0,333.2105226213165,201.83634140452637,468.75,1.9188021467900784e-05,0.007827427050224565,17.706524982028668,-0.003445671591682535,-2.163941866575515,-3.0371713910202565,-3.890914686958842,-6.6304892117548135,-8.990674678196036,-8.990659724896858,-8.978766755904662,0.9997183658423262
voice,procedural_fake,data/generated_v8/audio/train/voice/proc_voice_train_00105__pulse_lpc.wav,proc::voice::train::00105,7.103,0.2572615863774536,0.847625732421875,3.2948010014143367,0.09247934393340783,0.015045166015625,0.1142120361328125,0.4653717041015626,0.007813599887371533,0.0,355.5054942046207,332.0856023023984,500.0,0.0072002983063591906,0.007631701932365135,6.498879152685051,-0.010787069618089654,-1.7942177737153446,-2.259724875056077,-2.6354360136943336,-3.456943170155678,-3.7316149310804407,-3.93975732500173,-5.1356733907354055,0.9975880311569506
voice,procedural_fake,data/generated_v8/audio/train/voice/proc_voice_train_00055__codec_phase.wav,proc::voice::train::00055,3.432,0.21594348359603488,0.773590087890625,3.5823729200265135,0.05059095627469906,0.016815185546875,0.12335205078125,0.34410705566406263,0.007666812354312354,0.0,337.24241981658275,196.9266831612759,500.0,1.2552836719473588e-05,0.005097662895664718,3.851624239976722,-0.007586706399697325,-1.7753629362293517,-3.2886468832867215,-4.540924571157795,-7.110683395977243,-8.951483430429713,-8.951658308625953,-8.939090849183353,0.999952250517666
voice,procedural_fake,data/generated_v8/audio/train/voice/proc_voice_train_00110__codec_phase.wav,proc::voice::train::00110,4.128,0.2531359135838217,0.91046142578125,3.5967295706532214,0.06437839720199252,0.011474609375,0.09130859375,0.42879943847656277,0.011158551356589148,0.0,278.62852466436226,170.55496642633483,375.0,1.4312665461983235e-05,0.008484934577914912,11.567482403515179,-0.002632578700777306,-2.272273864529562,-3.198801465162285,-4.16621490713355,-6.649911373023566,-9.090574578404727,-9.091470144131577,-9.077431434796308,0.999884764241499
voice,procedural_fake,data/generated_v8/audio/train/voice/proc_voice_train_00001__additive_formant.wav,proc::voice::train::00001,5.708,0.1891509798745744,0.828369140625,4.3794070809164705,0.10802938889923024,0.00543212890625,0.055145263671875,0.302825927734375,0.02213997897687456,0.0,274.3252569692902,196.75435807960562,406.25,0.0013723655241026096,0.006965122771317279,12.821112036081972,-0.003329792723618977,-2.2526194824248833,-2.7796859951440513,-3.5541003466990446,-4.218055483431358,-4.513817473434867,-4.794601371253502,-5.985818480005881,0.9887352523457608
voice,procedural_fake,data/generated_v8/audio/train/voice/proc_voice_train_00084__additive_formant.wav,proc::voice::train::00084,5.033,0.15779416756896175,0.754241943359375,4.779910151176811,0.0831770710444944,0.00439453125,0.05133056640625,0.2544647216796876,0.02754321478243592,0.0,254.95309755641472,167.39880750517176,375.0,0.0004602400846010534,0.0055252480005619,21.3243805183238,-0.0012606059684400915,-2.661950685259742,-3.1953928396977984,-4.245240258765457,-4.843554059537014,-5.144142918538448,-5.377448451829254,-6.6177006232037545,0.9963116642243063
voice,procedural_fake,data/generated_v8/audio/train/voice/proc_voice_train_00052__codec_phase.wav,proc::voice::train::00052,3.813,0.2614725117870875,0.75164794921875,2.874672920994478,0.06143557296703657,0.009490966796875,0.0924072265625,0.4790222167968752,0.011998426435877263,0.0,263.8426664218222,159.00781574921996,375.0,1.3027155181243893e-05,0.008465333798063522,14.110745290614036,-0.001731070186858746,-2.4558684242527833,-3.409682881874579,-4.0565605020027435,-6.431139955367796,-9.118639995734029,-9.117095783624958,-9.105295686359216,0.9999345786581024
voice,procedural_fake,data/generated_v8/audio/train/voice/proc_voice_train_00113__additive_formant.wav,proc::voice::train::00113,4.972,0.18906494440929944,0.846771240234375,4.478732124984695,0.10506467549119433,0.0042724609375,0.0625457763671875,0.3299560546875,0.02799426790024135,0.0,278.81201258718215,172.97636586600368,406.25,0.0007481157017004424,0.006549832025304681,28.81070370035498,-0.0017364298444259721,-2.5572343870864818,-3.030958787138592,-3.6186363177867418,-4.565731760200755,-4.898443232986568,-5.194533034838694,-6.3643454539197615,0.9901418951271128
voice,procedural_fake,data/generated_v8/audio/train/voice/proc_voice_train_00077__codec_phase.wav,proc::voice::train::00077,7.157,0.20383023783913937,0.801239013671875,3.930913402084161,0.0850747963077783,0.007568359375,0.07257080078125,0.34832763671875,0.018286293139583625,0.0,327.1295875806529,188.60867103603522,406.25,1.954800247317474e-05,0.006897581124549155,17.907659426155977,-0.0043700636171540635,-2.058562541503005,-2.9258916032917317,-4.059569013215787,-6.650672469019191,-8.899978784753236,-8.899660355337693,-8.887314007143667,0.9996805194013312
voice,procedural_fake,data/generated_v8/audio/train/voice/proc_voice_train_00033__codec_phase.wav,proc::voice::train::00033,4.333,0.16510531203774786,0.876739501953125,5.310183489145866,0.12448252484601958,0.005218505859375,0.04364013671875,0.263671875,0.02470863143318717,0.0,355.21927711000563,266.9526582104466,468.75,4.1704449037618374e-05,0.006241286109590881,16.259473668545983,-0.010636131698601677,-1.699314695786196,-2.411954829268541,-3.4748798783806167,-6.017247500998318,-8.718658016577523,-8.718029635821486,-8.705261246855917,0.9872635170318705
voice,procedural_fake,data/generated_v8/audio/train/voice/proc_voice_train_00050__additive_formant.wav,proc::voice::train::00050,6.095,0.17008685711710378,0.84979248046875,4.996226603703265,0.07563654262246332,0.006439208984375,0.058502197265625,0.27557373046875,0.01875512715340443,0.0,289.08262142572414,179.11885006763006,437.5,0.0006013716539751096,0.006175221200646249,14.214899978900565,-0.0016773019066361132,-2.502749888901145,-3.252815560287594,-3.9118921839675087,-4.723782592903836,-5.122293671380942,-5.355551021146638,-6.495714013121245,0.9971821400251455
voice,procedural_fake,data/generated_v8/audio/train/voice/proc_voice_train_00090__pulse_lpc.wav,proc::voice::train::00090,6.778,0.28193997718550023,0.768829345703125,2.7269256150832404,0.07310483461967597,0.017822265625,0.1470947265625,0.5146484375,0.006334833284154618,0.0,307.08647008670044,259.2096243068179,406.25,0.004012916728130428,0.007952553331446463,7.1929994097809535,-0.007250998559600752,-1.933440624511887,-2.4045817008886314,-3.186230413548724,-3.806936216532249,-4.017651175702491,-4.262343960869511,-5.4043649405853165,0.999785696176639
voice,procedural_fake,data/generated_v8/audio/train/voice/proc_voice_train_00076__additive_formant.wav,proc::voice::train::00076,5.872,0.1755770377274055,0.898468017578125,5.117229617309376,0.042937275813988145,0.008331298828125,0.06573486328125,0.28289794921875,0.014869294959128065,0.0,264.2516647248886,140.82700102591653,343.75,3.667230105479162e-05,0.005858835887498465,7.7760158132839114,-0.0009817484339996992,-2.6719047917277967,-3.9129983306161655,-5.176753866903684,-6.29393131190741,-7.625871397828972,-7.772019280776624,-7.830028279375259,0.9997776292078497
voice,procedural_fake,data/generated_v8/audio/train/voice/proc_voice_train_00084__codec_phase.wav,proc::voice::train::00084,5.033,0.24091090886651848,0.81805419921875,3.395671051459149,0.08017186782073094,0.007049560546875,0.0858306884765625,0.4036041259765626,0.014255910987482615,0.0,291.13782289115755,190.27657004081894,406.25,1.6589522320941673e-05,0.008031314077312685,22.169337563295482,-0.003030419978655017,-2.22338680718544,-3.05090605461832,-4.070181169021961,-6.604665200970908,-9.046884953257726,-9.045726146503156,-9.032127576976492,0.9997874842813124
voice,procedural_fake,data/generated_v8/audio/train/voice/proc_voice_train_00102__codec_phase.wav,proc::voice::train::00102,4.949,0.20873623638217786,0.86248779296875,4.131950484100949,0.08711465844941464,0.00689697265625,0.081817626953125,0.3530181884765624,0.020471307334815114,0.0,313.38794831601456,188.8281111165235,468.75,2.0389114746141697e-05,0.007069623045292433,19.275263836289245,-0.0033909010913152847,-2.200766368935041,-2.8758096168974485,-3.8306505742142063,-6.591323092524443,-8.92011022337107,-8.918685667302656,-8.90793843704663,0.9994148212675585
voice,procedural_fake,data/generated_v8/audio/train/voice/proc_voice_train_00051__pulse_lpc.wav,proc::voice::train::00051,6.983,0.2835236698476476,0.85888671875,3.0293298588139947,0.09775613772857053,0.016470336914062522,0.1235198974609375,0.529022216796875,0.006748532149505943,0.0,359.7574404114465,363.4637701324081,468.75,0.00944147973654388,0.008242959865011824,6.757068062143295,-0.011026827151184233,-1.861918372609346,-2.0811266753682,-2.700393074863196,-3.284984147750849,-3.5187427330740944,-3.6943834547997683,-4.846889074277208,0.9983449331044957
voice,procedural_fake,data/generated_v8/audio/train/voice/proc_voice_train_00061__additive_formant.wav,proc::voice::train::00061,4.002,0.15197667192494924,0.83770751953125,5.512079643018738,0.08142930767909294,0.003726196289062511,0.0399169921875,0.274017333984375,0.03125,0.0,255.7996013999379,146.24978357281353,343.75,0.0005794357220311671,0.0057200928825351825,20.933811872186894,-0.0012255904929701481,-2.7952249788622408,-2.958571166912762,-4.142276331052461,-4.647201899733276,-4.875347395580701,-5.146958552974441,-6.308879728234426,0.9863118575693915
voice,procedural_fake,data/generated_v8/audio/train/voice/proc_voice_train_00065__codec_phase.wav,proc::voice::train::00065,5.566,0.16999763057438094,0.750823974609375,4.416673174046733,0.09600808489135927,0.0064849853515625,0.056640625,0.265411376953125,0.016652443406395975,0.0,323.59737609197015,228.11742418854394,437.5,3.482197075178581e-05,0.006042745198781714,12.957316061733653,-0.005583876564470299,-2.001019630035318,-2.650605891797253,-3.2501233108385033,-6.147873222190827,-8.740915467087378,-8.74344706652914,-8.728361662272505,0.9979990257752709
voice,procedural_fake,data/generated_v8/audio/train/voice/proc_voice_train_00100__codec_phase.wav,proc::voice::train::00100,3.781,0.25503977136685185,0.8314208984375,3.25996566724323,0.09121414992974626,0.006256103515625,0.072998046875,0.476318359375,0.02137331393811161,0.0,301.926993299943,171.28364713280706,406.25,1.2852625914030654e-05,0.009161374697842145,22.4250704136282,-0.0019523223194426941,-2.4515754076488103,-3.0492602713004624,-4.243610181077566,-6.763274471844074,-9.09820187120252,-9.093530390493335,-9.080291742501695,0.9998142010879549
voice,procedural_fake,data/generated_v8/audio/train/voice/proc_voice_train_00098__additive_formant.wav,proc::voice::train::00098,6.824,0.1623388604322518,0.838592529296875,5.165691856305973,0.09510638103001383,0.005157470703125,0.048126220703125,0.2437347412109374,0.022292643610785465,0.0,301.0207078521707,210.07585626384574,468.75,0.0012972804816915385,0.006113649834228297,17.996307142275853,-0.0031170027948229117,-2.2601983457309416,-2.8930967917296666,-3.5379234362784233,-4.300155468919499,-4.613724632910633,-4.8413712468168795,-6.074891798216562,0.9857717469439283
voice,procedural_fake,data/generated_v8/audio/train/voice/proc_voice_train_00085__additive_formant.wav,proc::voice::train::00085,5.712,0.1158850794789722,0.7608642578125,6.565679216283938,0.08641988817279601,0.003936767578125,0.0369873046875,0.17739562988281277,0.029532125350140055,0.0,263.52012153091863,205.83477363325005,406.25,0.0012596109947206778,0.004143401661466257,12.567913113252187,-0.0036152237542125274,-2.2003914026579396,-2.765373568142042,-3.7250242097277733,-4.351928072575467,-4.646466423180516,-4.876667640134848,-6.0921760127223,0.9668143259243439
voice,procedural_fake,data/generated_v8/audio/train/voice/proc_voice_train_00110__pulse_lpc.wav,proc::voice::train::00110,4.128,0.22770930124871955,0.802520751953125,3.524321349862461,0.07567338410525838,0.013754272460937522,0.1025390625,0.40224914550781277,0.008584665697674418,0.0,334.4231235233099,325.0490792358197,468.75,0.006811721724297509,0.00666116673336195,5.512118281388252,-0.010530896767345406,-1.7962761241513971,-2.2247179849803427,-2.867803306400963,-3.455501047955836,-3.746421557723942,-3.932070681272028,-5.077119098469775,0.9915504628534663
voice,procedural_fake,data/generated_v8/audio/train/voice/proc_voice_train_00022__additive_formant.wav,proc::voice::train::00022,6.264,0.160488569769308,0.817596435546875,5.094421594772246,0.06894624986280594,0.0067138671875,0.061370849609375,0.2581085205078124,0.018787915070242658,0.0,289.49637952808655,180.84744961901947,406.25,0.0006463277653876312,0.005408661592166472,12.73248744296526,-0.0026866754231153755,-2.293405373610077,-3.086997952200172,-3.6428726289181608,-4.696265661170403,-5.085557498372232,-5.394293026287493,-6.63718191957305,0.996014082002218
voice,procedural_fake,data/generated_v8/audio/train/voice/proc_voice_train_00063__pulse_lpc.wav,proc::voice::train::00063,3.557,0.2511876455324643,0.832672119140625,3.3149405790859556,0.10075380857830647,0.01495361328125,0.1201171875,0.45962219238281254,0.008065082935057633,0.0,340.83577209985947,376.3987430657568,437.5,0.010121339658388398,0.00706309689526252,6.437932902646514,-0.01417946636371087,-1.70904772333437,-2.0112350865491186,-2.8035841804813577,-3.233138801925096,-3.397988218359299,-3.580602503732989,-4.763623223514708,0.9917374911793806
voice,procedural_fake,data/generated_v8/audio/train/voice/proc_voice_train_00109__additive_formant.wav,proc::voice::train::00109,6.472,0.2195143767370294,0.860137939453125,3.918367226049802,0.09290108255835289,0.0068359375,0.079132080078125,0.37341003417968777,0.01969059023485785,0.0,289.2053851660876,179.10139096227644,468.75,0.000854105017047552,0.007595895958519655,20.373967885752315,-0.002681867518027277,-2.335803243588077,-2.9070383306794256,-3.6117718786936086,-4.490904826349452,-4.789410685403665,-5.061421954198297,-6.249928072502211,0.9966418835575781
voice,procedural_fake,data/generated_v8/audio/train/voice/proc_voice_train_00083__pulse_lpc.wav,proc::voice::train::00083,4.825,0.3055721408275225,0.88861083984375,2.9080230856036007,0.11057138045829609,0.0166015625,0.144927978515625,0.556732177734375,0.007448186528497409,0.0,399.35406667456704,353.82850167598764,500.0,0.009336448060396733,0.009125011566274729,6.985727817115783,-0.013668072132601336,-1.7183387919601931,-2.028447532247052,-2.8554122709729413,-3.2755304109295906,-3.468717958940137,-3.6781593572080156,-4.876957324911944,0.9983338165306653
voice,procedural_fake,data/generated_v8/audio/train/voice/proc_voice_train_00029__pulse_lpc.wav,proc::voice::train::00029,5.653,0.31598406296382975,0.895843505859375,2.8350907873537943,0.06399327783121607,0.018707275390625,0.162078857421875,0.5801666259765628,0.006688926233858129,0.0,317.56433341371405,240.73705267859444,468.75,0.002904570066484222,0.008549096147873355,7.807876045126298,-0.006054929042300788,-1.9949020005498979,-2.511656872177071,-3.3485131815080105,-3.9599891613062708,-4.269159683775952,-4.4610939447882965,-5.622568142782351,0.9998815006165863
voice,procedural_fake,data/generated_v8/audio/train/voice/proc_voice_train_00000__codec_phase.wav,proc::voice::train::00000,4.275,0.32210106135124056,0.910919189453125,2.82805398290755,0.05266158861971666,0.01708984375,0.12957763671875,0.6097167968749999,0.0077631578947368425,0.0,288.38942326281847,150.94696198852688,375.0,7.404412601134765e-06,0.00988311589073268,7.263484777578262,-0.0017135048171062173,-2.461017564619566,-3.3494509868987827,-4.506452246957012,-7.244276518909115,-9.300148919675022,-9.296564546001843,-9.28344955092375,0.9999971349969384
voice,procedural_fake,data/generated_v8/audio/train/voice/proc_voice_train_00060__additive_formant.wav,proc::voice::train::00060,6.444,0.14884299790371155,0.81781005859375,5.494447640209463,0.09408067660494845,0.00396728515625,0.052337646484375,0.24871826171875,0.030619568590937306,0.0,233.04767094561916,153.0957753408626,343.75,0.0006445102455504916,0.005103928170655266,19.858199644104335,-0.0013521609101047477,-2.6642326394808533,-3.0927312997166596,-4.043261200460188,-4.620051419812735,-4.90709872034048,-5.151269251037735,-6.400495482951217,0.9929727704205118
voice,procedural_fake,data/generated_v8/audio/train/voice/proc_voice_train_00104__codec_phase.wav,proc::voice::train::00104,3.915,0.28186395684555193,0.821380615234375,2.9141030461175728,0.08614441482143713,0.007110595703125,0.10174560546875,0.5228088378906248,0.01602809706257982,0.0,302.0907514994632,158.91050393311244,437.5,1.1476597567773765e-05,0.009081451854436352,21.38464304269061,-0.002807958135694336,-2.255308739835669,-3.087284591447426,-4.145855982143738,-6.67824587246055,-9.181378728134066,-9.183200109787965,-9.17012616158101,0.9998797345709934
voice,procedural_fake,data/generated_v8/audio/train/voice/proc_voice_train_00063__codec_phase.wav,proc::voice::train::00063,3.557,0.24898798301451353,0.840728759765625,3.376583679207598,0.0841313630053944,0.007965087890625,0.091705322265625,0.4502502441406251,0.01396893449536126,0.0,274.98211139034595,182.1756596611245,375.0,1.5975921167095783e-05,0.008099495713985758,15.805113357030889,-0.0033802791431218975,-2.185048795581983,-2.937961516167071,-4.163266324939398,-6.427333200583187,-9.077200869260741,-9.074887469415234,-9.061393466909427,0.999741822240836
voice,procedural_fake,data/generated_v8/audio/train/voice/proc_voice_train_00060__pulse_lpc.wav,proc::voice::train::00060,6.444,0.2550620840345362,0.81475830078125,3.1943528724203842,0.10878441946403111,0.015106201171875,0.125,0.45556640625,0.007720360024829298,0.0,320.551828330638,360.1125311329362,437.5,0.009937368798206234,0.007326751259842834,7.125671638169006,-0.011411453933117665,-1.843303992618141,-2.055806754279905,-2.802636885632928,-3.2249293682279006,-3.438243517328039,-3.6167414750452536,-4.7606391336481,0.9969989720066222
voice,procedural_fake,data/generated_v8/audio/train/voice/proc_voice_train_00012__additive_formant.wav,proc::voice::train::00012,6.302,0.1453416836816279,0.754364013671875,5.1902798602795555,0.08037210778431236,0.003665161132812511,0.039093017578125,0.24642333984375053,0.03280704538241828,0.0,256.95778714529825,139.28982602050962,343.75,0.0004471768903962558,0.005465351002341282,24.28014060254502,-0.0014990418020317726,-2.546529355786025,-3.2801331312670374,-4.2625573718481045,-4.851124995095238,-5.130436498745781,-5.428908066466249,-6.642514961594118,0.9945248826527483
voice,procedural_fake,data/generated_v8/audio/train/voice/proc_voice_train_00092__additive_formant.wav,proc::voice::train::00092,3.883,0.1564201885341486,0.769622802734375,4.9202267939113,0.10427028506124551,0.00439453125,0.03997802734375,0.2461944580078126,0.027684779809425703,0.0,267.94443329898166,193.21486141757168,406.25,0.001245317834882979,0.006080180989667674,13.9009885566559,-0.0024703033164279104,-2.4943075322917774,-2.686158544380849,-3.499429697406068,-4.282216086915989,-4.620747319879792,-4.845595363807407,-6.006036335288851,0.9705634847376974
voice,procedural_fake,data/generated_v8/audio/train/voice/proc_voice_train_00061__codec_phase.wav,proc::voice::train::00061,4.002,0.24535312434471243,0.871978759765625,3.553974550332303,0.08536490137589604,0.0064697265625,0.067474365234375,0.45589904785156254,0.01547663668165917,0.0,282.5850682063491,166.08850701811565,375.0,1.441265451374728e-05,0.00888231392927084,21.71705874261805,-0.0023208034583660515,-2.382955219354739,-2.9506366218991227,-4.163689548884007,-6.7089349213394085,-9.059877245477752,-9.063993131928056,-9.048944947621838,0.9995931197838702
voice,procedural_fake,data/generated_v8/audio/train/voice/proc_voice_train_00056__pulse_lpc.wav,proc::voice::train::00056,5.721,0.3262334264499668,0.8704833984375,2.6682838969323175,0.10365433986999509,0.017333984375,0.1569061279296875,0.5986328125,0.007024558643593777,0.0,328.8721898819689,313.959294943347,375.0,0.007457829142265359,0.009505160590973928,9.254355190017423,-0.008348335341794431,-1.9953247308924358,-2.1621162777983396,-2.9423286821250114,-3.3423705803505195,-3.5586741882661346,-3.78663497266092,-5.002639089865799,0.9995923660678299
voice,procedural_fake,data/generated_v8/audio/train/voice/proc_voice_train_00027__codec_phase.wav,proc::voice::train::00027,6.517,0.21242005573415856,0.762664794921875,3.590361523472821,0.06419809918385745,0.0103759765625,0.092681884765625,0.34014587402343777,0.011690578487033912,0.0,310.68771497582304,181.0252504972804,406.25,1.8218941614855336e-05,0.006567866080171471,9.65256895297672,-0.0039483854735209035,-2.0806672634176073,-3.172217038704716,-4.13958739014497,-6.574414858569351,-8.934994030611488,-8.936728827722296,-8.921164973940277,0.9999044524165848
voice,procedural_fake,data/generated_v8/audio/train/voice/proc_voice_train_00106__pulse_lpc.wav,proc::voice::train::00106,6.604,0.28267521013188324,0.832489013671875,2.9450372152672104,0.09859648126591143,0.0174560546875,0.14605712890625,0.5098876953125,0.006700484554815264,0.0,343.31587162496544,359.27896723762353,468.75,0.009495180594913293,0.007660611659972234,6.65549140324861,-0.011136861006160204,-1.8453520812201576,-2.0841143301374245,-2.77638842157532,-3.250173172502173,-3.481855113902971,-3.657116915177633,-4.810269918683146,0.9988874431293225
voice,procedural_fake,data/generated_v8/audio/train/voice/proc_voice_train_00029__additive_formant.wav,proc::voice::train::00029,5.653,0.18000978046988605,0.783416748046875,4.352078792618345,0.05156611053987418,0.0064697265625,0.0687255859375,0.310333251953125,0.02039846099416239,0.0,253.5961636097653,138.87329221599245,406.25,0.00013423505315929727,0.005808822396291138,14.57663650971089,-0.0008984391368596157,-2.724635124168069,-3.7805376887922453,-4.955495565223483,-5.604730529159091,-5.9155700673221885,-6.120492506131611,-7.13982880707468,0.9996677017481854
voice,procedural_fake,data/generated_v8/audio/train/voice/proc_voice_train_00078__codec_phase.wav,proc::voice::train::00078,6.476,0.19423795373011957,0.72283935546875,3.72141150371202,0.06879312840804903,0.009185791015625,0.0877838134765625,0.3066558837890625,0.013115735021618283,0.0,306.839832120264,201.21154139458852,500.0,2.076390977691787e-05,0.005926432196420168,13.87582086699511,-0.004307605783726649,-2.0425963920372974,-3.135238818433356,-4.147612049603644,-6.613565694918977,-8.858925913147695,-8.85995146884664,-8.845936524660686,0.9998019874278992
voice,procedural_fake,data/generated_v8/audio/train/voice/proc_voice_train_00070__pulse_lpc.wav,proc::voice::train::00070,7.122,0.2312850973632025,0.8076171875,3.49186867942358,0.11634825495168977,0.0125732421875,0.102874755859375,0.416900634765625,0.008995015445099692,0.0,414.8076693880408,381.7149818375951,687.5,0.010825528890337643,0.006951831709127449,7.127394991215005,-0.014742235120906071,-1.6809417500818906,-2.0454194558923984,-2.618839827171472,-3.248441611743356,-3.4932956147384138,-3.6638734368252655,-4.877172701253282,0.9899627490828645
voice,procedural_fake,data/generated_v8/audio/train/voice/proc_voice_train_00091__pulse_lpc.wav,proc::voice::train::00091,6.218,0.2473187060889432,0.72894287109375,2.947382681322942,0.09167026847728849,0.01336669921875,0.11383056640625,0.446563720703125,0.009197089096172402,0.0,343.4950774508673,291.77965416438946,468.75,0.005317520606540755,0.0073291200984551864,8.613550996403633,-0.008290204890952876,-1.9080449227616854,-2.2982933647165966,-2.981943932049244,-3.5745442598404957,-3.8948219857325377,-4.11668196546166,-5.266408540136715,0.9976752583612232
voice,procedural_fake,data/generated_v8/audio/train/voice/proc_voice_train_00116__codec_phase.wav,proc::voice::train::00116,6.993,0.2550159226897662,0.880035400390625,3.450903736160867,0.07539749926264892,0.009674072265625,0.100250244140625,0.4044891357421876,0.011243386243386243,0.0,310.01659362969525,199.3972129002776,468.75,1.4982622812285412e-05,0.008678000341354965,15.90777085499739,-0.0037322257428579445,-2.112260148188626,-3.1080573004164243,-4.260726658695342,-6.75487658304496,-9.093984815656388,-9.09558182329655,-9.080600386950564,0.999938515198899
voice,procedural_fake,data/generated_v8/audio/train/voice/proc_voice_train_00103__pulse_lpc.wav,proc::voice::train::00103,5.335,0.2541422100762089,0.83087158203125,3.2693175280961744,0.14538595812978128,0.009979248046875,0.084930419921875,0.503021240234375,0.011176194939081537,0.0,391.63287485211123,375.3207317366359,500.0,0.011308968213660713,0.008587319002133954,10.736183198319308,-0.01369926650392854,-1.7661824580753522,-1.98713366614689,-2.670715877076702,-3.1324798512865337,-3.357140098311238,-3.541303074191748,-4.701580357504166,0.9743686990504329
voice,procedural_fake,data/generated_v8/audio/train/voice/proc_voice_train_00041__additive_formant.wav,proc::voice::train::00041,6.718,0.1958275002788853,0.900299072265625,4.597408795922306,0.12509419743782968,0.0035400390625,0.0374755859375,0.3433624267578126,0.033082762727002085,0.0,244.77653807680505,162.14909236097364,250.0,0.0009344330097134769,0.007991582616313801,24.084890576033136,-0.0019434194197955022,-2.5531745328358095,-2.8663874598713632,-3.633716748653585,-4.382769162127768,-4.688168569590225,-4.931902915169656,-6.1218060253962285,0.9881098329235997
voice,procedural_fake,data/generated_v8/audio/train/voice/proc_voice_train_00116__pulse_lpc.wav,proc::voice::train::00116,6.993,0.21991186452827002,0.736785888671875,3.3503689773734786,0.09411281024605182,0.013479614257812522,0.10723876953125,0.37841796875,0.009017946517946518,0.0,388.33341017933685,347.90725878023244,687.5,0.007176214532589024,0.006398476231196462,8.538265451600806,-0.014253318242752219,-1.6340918277090235,-2.1303260527556604,-2.9820963335746,-3.5051594531039005,-3.7449491366729895,-3.939438238638785,-5.13579008710397,0.9959289426161251
voice,procedural_fake,data/generated_v8/audio/train/voice/proc_voice_train_00034__pulse_lpc.wav,proc::voice::train::00034,3.871,0.3028328430892703,0.91644287109375,3.0262334221905953,0.09987890530394769,0.016387939453125,0.13970947265625,0.580322265625,0.007378584345130457,0.0,372.6321827945212,337.95531496289186,468.75,0.008676820537753625,0.00862257363924436,8.162550606581837,-0.011380452688578166,-1.7951175631090586,-2.1184670843340783,-2.919830857878461,-3.321318029473692,-3.501873238338121,-3.667773107564746,-4.862774537603171,0.9975916158058815
voice,procedural_fake,data/generated_v8/audio/train/voice/proc_voice_train_00002__codec_phase.wav,proc::voice::train::00002,4.263,0.1893530685098453,0.768096923828125,4.056427127761007,0.08268946002609703,0.007965087890625,0.065948486328125,0.29083251953125,0.015892563922120573,0.0,307.2302873856457,216.85584500959828,468.75,2.080752113930262e-05,0.00690169300163311,12.349944037540089,-0.005398704918359399,-1.9552430377463688,-2.9279395640870787,-4.056560226824466,-6.6756678159007645,-8.83611496763512,-8.838869453600147,-8.825100621308298,0.9993346238524229
voice,procedural_fake,data/generated_v8/audio/train/voice/proc_voice_train_00023__codec_phase.wav,proc::voice::train::00023,6.193,0.21990547729562684,0.891632080078125,4.0546151512155015,0.08388587806674942,0.00848388671875,0.09259033203125,0.373870849609375,0.01739867592443081,0.0,364.4669909561303,212.43348001430746,500.0,1.9917004820556778e-05,0.0067416440696331055,12.733163473516697,-0.00660589753093921,-1.860636972651752,-2.912525071892763,-4.052678747819201,-6.6670737604935395,-8.966655539054146,-8.96487703241977,-8.95448465151128,0.999564679068185
voice,procedural_fake,data/generated_v8/audio/train/voice/proc_voice_train_00091__additive_formant.wav,proc::voice::train::00091,6.218,0.2151134034815252,0.903900146484375,4.201970364724417,0.07108466432800266,0.00634765625,0.070281982421875,0.38104248046875,0.019962206497266002,0.0,269.5388452657552,135.36366734780626,343.75,0.00027391948048767007,0.00747505410629867,21.2477717998009,-0.0009278740310603045,-2.750994311627512,-3.5099299672666264,-4.416296898304879,-5.142130259914131,-5.475143232777061,-5.7190896408509095,-6.904179766766219,0.9989960758318306
voice,procedural_fake,data/generated_v8/audio/train/voice/proc_voice_train_00031__additive_formant.wav,proc::voice::train::00031,4.019,0.15165984428755996,0.817291259765625,5.388975991667057,0.07946752095547642,0.00579833984375,0.052154541015625,0.22509765625,0.02203595421746703,0.0,325.17055242040107,194.9010380382189,437.5,0.0008870727380934884,0.005325776096150283,12.18812667032709,-0.003389648390850243,-2.1804646591003305,-3.0188097771051146,-3.779731034385993,-4.529694908838563,-4.866983037327713,-5.130400733322345,-6.29479726422158,0.9771586879891607
voice,procedural_fake,data/generated_v8/audio/train/voice/proc_voice_train_00090__additive_formant.wav,proc::voice::train::00090,6.778,0.24022791649148828,0.88232421875,3.672862969617698,0.05975269025422557,0.00885009765625,0.08892822265625,0.4382110595703126,0.014311006196518147,0.0,245.62918999995028,120.52534854602577,312.5,0.00019709744045861189,0.008093638581453672,15.899673147149667,-0.0007657907416351667,-2.823336170579002,-3.64213879931992,-4.637423056539716,-5.303193335444187,-5.626711794779169,-5.87131575227586,-7.111653598451399,0.9998711233216507
voice,procedural_fake,data/generated_v8/audio/train/voice/proc_voice_train_00049__additive_formant.wav,proc::voice::train::00049,4.701,0.1680230272905409,0.816070556640625,4.856897115831021,0.10415475636508675,0.005340576171875,0.0582275390625,0.287139892578125,0.02389119336311423,0.0,299.23195906657025,193.2620308449867,468.75,0.001188015189266546,0.005795536125448926,17.492124610868736,-0.002742549856125448,-2.418295590041379,-2.7009703460447154,-3.3938093574562784,-4.330025597726418,-4.624303983163607,-4.909594898979466,-6.1281826975243,0.9843278974803968
voice,procedural_fake,data/generated_v8/audio/train/voice/proc_voice_train_00114__codec_phase.wav,proc::voice::train::00114,7.119,0.21127086075948248,0.76910400390625,3.640369529150651,0.09718795817493832,0.006011962890625,0.063873291015625,0.37646484375,0.020684084843376877,0.0,316.64705870245075,186.75001695279246,406.25,2.171147654847582e-05,0.007565092668335658,18.650607387152455,-0.0035046513813211393,-2.187148876930631,-2.853464747751766,-3.8646735598496256,-6.470423812758294,-8.93061366496864,-8.93047235589576,-8.917985732298119,0.9995909019729202
voice,procedural_fake,data/generated_v8/audio/train/voice/proc_voice_train_00030__additive_formant.wav,proc::voice::train::00030,3.459,0.1979044830286463,0.917205810546875,4.6345883453994885,0.07205970041378314,0.0079345703125,0.0822296142578125,0.34718933105468763,0.017327984966753397,0.0,296.20300487606727,171.21968728980693,437.5,0.0005454315097294296,0.005840554963599098,10.41543013275557,-0.0019388311085805567,-2.443528158445391,-3.131789670540692,-4.084674984495519,-4.7209750662868935,-5.076909378414014,-5.328482628087317,-6.469543415464175,0.9964499722970965
voice,procedural_fake,data/generated_v8/audio/train/voice/proc_voice_train_00098__pulse_lpc.wav,proc::voice::train::00098,6.824,0.21764872322192444,0.834564208984375,3.834454880460823,0.12144747808724801,0.01220703125,0.09075927734375,0.3673309326171874,0.009955671160609613,0.0,444.33432419547296,455.3527951149734,656.25,0.016428205134976163,0.006879040131021782,7.7122304157957275,-0.021044217236437155,-1.5431551222752373,-1.8945878145118717,-2.41161933676229,-2.9920533598678203,-3.2209711297868955,-3.399133016702627,-4.558940079205355,0.9676973577888228
voice,procedural_fake,data/generated_v8/audio/train/voice/proc_voice_train_00012__codec_phase.wav,proc::voice::train::00012,6.302,0.266771494946276,0.890289306640625,3.337272997701335,0.08027293193561504,0.007781982421875,0.08355712890625,0.47021179199218777,0.014578705172960964,0.0,283.90666375706303,164.89242445107337,375.0,1.3783298864777529e-05,0.009570979681759727,23.678228553193552,-0.0030827944696064646,-2.201623834314432,-3.139856202143833,-4.20516757919108,-6.679689049021235,-9.1333663081184,-9.133844239992325,-9.120618379689741,0.9999080818629603
voice,procedural_fake,data/generated_v8/audio/train/voice/proc_voice_train_00062__pulse_lpc.wav,proc::voice::train::00062,6.238,0.2600078594074341,0.7998046875,3.076078889779638,0.10041379863135852,0.014068603515625,0.10888671875,0.472869873046875,0.007905177941647964,0.0,333.8937502228959,330.07873040462016,468.75,0.00825493453139169,0.007890501023224488,7.811486002256114,-0.01009229780440747,-1.9087378663320749,-2.074329899837343,-2.8909335341530737,-3.3375623073351854,-3.5681231440324965,-3.749996327800566,-4.9313465768459865,0.997327595575277
voice,procedural_fake,data/generated_v8/audio/train/voice/proc_voice_train_00045__codec_phase.wav,proc::voice::train::00045,3.467,0.19260665526110968,0.779205322265625,4.045578389849952,0.09583385913360135,0.006256103515625,0.0673828125,0.3211914062500001,0.01764854340928757,0.0,331.92986269547947,223.4980570626597,500.0,2.8214638791468616e-05,0.006327572161660892,15.966183598682543,-0.004296492463918287,-2.1651532841455894,-2.601761932607168,-3.296399549448338,-6.317663589215445,-8.851992931034179,-8.852800879888703,-8.84096246699444,0.9983046242469449
voice,procedural_fake,data/generated_v8/audio/train/voice/proc_voice_train_00009__codec_phase.wav,proc::voice::train::00009,4.612,0.2780006309461257,0.897186279296875,3.2272814498422577,0.08938759469311976,0.008148193359375,0.08203125,0.5152252197265628,0.012575888985255855,0.0,308.5889597202706,185.78501248554898,406.25,1.4352332726094385e-05,0.01001940324677767,20.09070911321447,-0.0024655001894224233,-2.335297076205967,-3.0130748732013553,-4.157289106038727,-6.480527444219938,-9.169951765801779,-9.169657832791485,-9.15956203648199,0.9998796633716117
voice,procedural_fake,data/generated_v8/audio/train/voice/proc_voice_train_00111__additive_formant.wav,proc::voice::train::00111,6.278,0.23545777380501853,0.889556884765625,3.777989022788701,0.04902087668123488,0.009124755859375,0.0867919921875,0.4107452392578126,0.014943055113093342,0.0,240.41191997251428,120.34545503574019,281.25,7.977870538109637e-05,0.008241006110663232,11.637367703027296,-0.0005302895001675921,-2.9654340977296614,-3.8971705517417594,-5.049182171549592,-5.9513228342876285,-6.391689376662151,-6.592181241718771,-7.645025481659052,0.999914220064586
voice,procedural_fake,data/generated_v8/audio/train/voice/proc_voice_train_00100__pulse_lpc.wav,proc::voice::train::00100,3.781,0.2806182032721328,0.8204345703125,2.9236683890990274,0.11154640879411522,0.014007568359375,0.110137939453125,0.54058837890625,0.008298069293837609,0.0,358.6282512464065,334.84182955813804,437.5,0.007965970789830731,0.009021277385475864,8.322689160197246,-0.009461595844384189,-1.9564250552844895,-2.0926205356314305,-2.8356379048091207,-3.3352037406116493,-3.5323490955229455,-3.726626025507098,-4.909323576214031,0.9966458352542453
voice,procedural_fake,data/generated_v8/audio/train/voice/proc_voice_train_00001__pulse_lpc.wav,proc::voice::train::00001,5.708,0.2648427723319567,0.91259765625,3.4458091803469744,0.13566634182662302,0.01531982421875,0.1199951171875,0.46575927734375,0.008124562018220042,0.0,413.2141245638212,494.7794595631161,593.75,0.01918276561347342,0.007918552638629651,5.4396046881427065,-0.022712537918219217,-1.5684956931512954,-1.7665372935670487,-2.387869590433628,-2.8816845423483306,-3.0827087401311792,-3.2539722363725723,-4.448039210198157,0.9880585101109244
voice,procedural_fake,data/generated_v8/audio/train/voice/proc_voice_train_00025__codec_phase.wav,proc::voice::train::00025,7.128,0.3050222683930175,0.870819091796875,2.854936121171439,0.08382508965601901,0.007049560546875,0.0896759033203125,0.5818664550781252,0.014739407968574635,0.0,273.15715723012283,150.46233052619309,375.0,1.033512451147578e-05,0.010724784415800317,23.50229888333117,-0.001681288992323365,-2.507813301070893,-3.1452090725685253,-4.377045150790473,-6.7941347075189755,-9.249204769162525,-9.250800384438472,-9.236415997827853,0.999963873328142
voice,procedural_fake,data/generated_v8/audio/train/voice/proc_voice_train_00067__codec_phase.wav,proc::voice::train::00067,7.112,0.21977400281567214,0.868408203125,3.9513690973419973,0.08990166181859725,0.00653076171875,0.0628662109375,0.3179931640625,0.016117125984251968,0.0,323.0703831666467,196.32935526591177,437.5,2.047774999952888e-05,0.00837961039203916,20.033763217798867,-0.003768996984100537,-2.125220037499371,-2.983131073885928,-3.975915897388037,-6.364696322346888,-8.96458134886421,-8.966864544574324,-8.953480596567783,0.9995795764585859
voice,procedural_fake,data/generated_v8/audio/train/voice/proc_voice_train_00032__pulse_lpc.wav,proc::voice::train::00032,4.277,0.2913401001808475,0.887451171875,3.046100318233296,0.12111469947830661,0.011932373046875,0.0911712646484375,0.5646331787109375,0.009732288987608136,0.0,324.6261180353804,353.20670096591044,375.0,0.009776028105830692,0.009944114221411995,11.561007571702877,-0.012061388059152075,-1.7982707887939848,-2.0687913775753053,-2.762239180437823,-3.227235135933489,-3.4381067094026854,-3.6188161205604685,-4.786964254077332,0.9860909596121912
voice,procedural_fake,data/generated_v8/audio/train/voice/proc_voice_train_00097__codec_phase.wav,proc::voice::train::00097,7.096,0.27651624213427595,0.917724609375,3.3188813875510217,0.06466728321662923,0.010894775390625,0.103668212890625,0.505859375,0.0116967305524239,0.0,269.07766848425024,164.60667704179326,375.0,1.1485050255582439e-05,0.009356933869227464,13.121581047487483,-0.001876397614253406,-2.4238129974396143,-3.3001947799961497,-4.382171625932208,-6.8507740021716845,-9.164310397531924,-9.166702655983453,-9.152907638255192,0.9999780019576469
voice,procedural_fake,data/generated_v8/audio/train/voice/proc_voice_train_00019__pulse_lpc.wav,proc::voice::train::00019,5.431,0.2850122865719657,0.806671142578125,2.8303030451090403,0.06126934806375511,0.020050048828125,0.156951904296875,0.49444580078125,0.005765512796906647,0.0,279.0865182409749,242.9933650104757,375.0,0.003422379638771861,0.007461897904811235,5.032077034601557,-0.00596542027725174,-2.022916941207615,-2.4824380471293495,-3.2389490311797418,-3.8142255800298868,-4.087204443702862,-4.321983287640529,-5.451115826740611,0.9998197575495472
voice,procedural_fake,data/generated_v8/audio/train/voice/proc_voice_train_00045__additive_formant.wav,proc::voice::train::00045,3.467,0.16288943256280852,0.906280517578125,5.563777240298706,0.09525698112527267,0.005615234375,0.055267333984375,0.2718750000000001,0.023218921257571388,0.0,292.012398866323,217.7008828341532,468.75,0.0014712048552653464,0.005556990940704324,14.72838935479368,-0.002970957045872311,-2.4479153645273537,-2.6227954699459577,-3.121714195213638,-4.185942704777459,-4.511329095582342,-4.7852007567393855,-6.035964171278134,0.9649589406445355
voice,procedural_fake,data/generated_v8/audio/train/voice/proc_voice_train_00004__codec_phase.wav,proc::voice::train::00004,3.44,0.2456829714025974,0.857269287109375,3.4893313208288226,0.09807590980940788,0.00531005859375,0.05389404296875,0.40265808105468737,0.020675872093023257,0.0,297.59320644447575,167.373149846684,343.75,1.6240742396446602e-05,0.009403766534405346,23.88530898956654,-0.0026532012208522605,-2.294585187540912,-3.0430029252814284,-3.9596437936518774,-6.420832374483119,-9.063917928755702,-9.064547663598239,-9.050706772249606,0.9990161225953688
voice,procedural_fake,data/generated_v8/audio/train/voice/proc_voice_train_00109__pulse_lpc.wav,proc::voice::train::00109,6.472,0.28511219590800535,0.85235595703125,2.989545762210299,0.11124952921748704,0.016754150390625,0.145233154296875,0.5161407470703128,0.006682632880098888,0.0,399.04876123271276,400.81507616460146,500.0,0.012125828803522842,0.008219121052300642,8.106023362092463,-0.01837565513150682,-1.5915748541122157,-1.9605347105339008,-2.470520124935047,-3.1295575679268866,-3.3612175085774787,-3.540807645404485,-4.7683025784766055,0.9974768726349166
voice,procedural_fake,data/generated_v8/audio/train/voice/proc_voice_train_00098__codec_phase.wav,proc::voice::train::00098,6.824,0.18700029638615318,0.86151123046875,4.607004625755996,0.0955276920399696,0.00640869140625,0.057403564453125,0.2899169921875,0.02022274325908558,0.0,334.54386746675084,216.35461630840607,468.75,2.5759256513015204e-05,0.006898287578208602,20.030073437288824,-0.00432229686649705,-2.0736587738977317,-2.897021433070455,-3.7096160370012474,-6.434736718826385,-8.825968405052429,-8.826179290037773,-8.812903372837194,0.9990192431981066
voice,procedural_fake,data/generated_v8/audio/train/voice/proc_voice_train_00073__pulse_lpc.wav,proc::voice::train::00073,4.963,0.19658573552321526,0.83819580078125,4.263767147450358,0.12452302693717178,0.01129150390625,0.095123291015625,0.3241973876953126,0.011132379609107394,0.0,514.2395132719788,430.4906012672582,718.75,0.013535848137051935,0.0052419131185790085,6.1115827916228005,-0.024290193996311934,-1.429085856178174,-1.9192151985556518,-2.446034130532964,-3.094104857013367,-3.358395531147954,-3.5583902950823436,-4.7385863793900755,0.9194597097582636
voice,procedural_fake,data/generated_v8/audio/train/voice/proc_voice_train_00085__codec_phase.wav,proc::voice::train::00085,5.712,0.16612012434510184,0.75091552734375,4.52031642947594,0.09200030637590134,0.00579833984375,0.053619384765625,0.274017333984375,0.020023634453781514,0.0,303.7139201869441,221.48958308978027,468.75,3.006649842497711e-05,0.0057191003766880995,14.454109289927084,-0.005546965300792407,-1.9699927798182983,-2.7364081102272375,-3.852053468755147,-6.441917296332387,-8.72279342411588,-8.723038806189823,-8.709764144096692,0.9983172195798974
voice,procedural_fake,data/generated_v8/audio/train/voice/proc_voice_train_00035__additive_formant.wav,proc::voice::train::00035,6.752,0.15269750385127398,0.814849853515625,5.336366561101625,0.09015930612509372,0.003662109375,0.0379638671875,0.2650146484375,0.03236078199052133,0.0,257.0586226828287,166.7422525204608,375.0,0.0007803432953154863,0.0057316980168029925,19.95335943765157,-0.0019213791770171594,-2.4945214811314202,-2.9818435032643698,-3.9195656668351004,-4.564283291891104,-4.883560144520427,-5.094923540691649,-6.2824599163374515,0.9902060814026343
voice,procedural_fake,data/generated_v8/audio/train/voice/proc_voice_train_00035__pulse_lpc.wav,proc::voice::train::00035,6.752,0.24930481842819327,0.887725830078125,3.560804944224593,0.1192990900759967,0.0111083984375,0.090179443359375,0.446014404296875,0.010367298578199052,0.0,357.24719283138813,383.78702109757694,437.5,0.01153461961069797,0.00820102955247936,8.488352105594137,-0.013728675190287858,-1.7640604015937105,-1.9805297934084236,-2.6788734034277084,-3.184853591766044,-3.3922685156632166,-3.5668710088049655,-4.750000469184293,0.9877919521216927
voice,procedural_fake,data/generated_v8/audio/train/voice/proc_voice_train_00018__pulse_lpc.wav,proc::voice::train::00018,4.345,0.19809909251419083,0.744232177734375,3.756868182932549,0.08679641536846042,0.012298583984375,0.0944976806640625,0.343414306640625,0.010313578826237055,0.0,370.00663247744546,349.1860929466161,531.25,0.006859305570916324,0.005341862314448703,8.158639018286834,-0.014681447830796175,-1.6193160265226971,-2.1193329706340926,-2.969717333934734,-3.5273984723419485,-3.813245830712822,-4.054188080539687,-5.252907614383584,0.9836948905180446
voice,procedural_fake,data/generated_v8/audio/train/voice/proc_voice_train_00065__pulse_lpc.wav,proc::voice::train::00065,5.566,0.19824187405158025,0.804656982421875,4.058965777394298,0.12262085228229745,0.012298583984375,0.09332275390625,0.330413818359375,0.009645616241466044,0.0,462.292801134153,549.361409308126,656.25,0.023002036169334935,0.005816429626409186,5.615374168491865,-0.028466881012555203,-1.5280505675336826,-1.6974197632981185,-1.9697515429937789,-2.805672281484083,-3.074774132076296,-3.2469153626994833,-4.454123583809589,0.9155852743520555
voice,procedural_fake,data/generated_v8/audio/train/voice/proc_voice_train_00078__pulse_lpc.wav,proc::voice::train::00078,6.476,0.23814448885882925,0.847930908203125,3.5605732984472875,0.08537373932345703,0.016815185546875,0.12872314453125,0.38739013671875,0.007305821494749846,0.0,372.1446829553988,339.176708505775,562.5,0.007434781410559024,0.006223361196580279,6.184955457633542,-0.013855469505383869,-1.63960675901539,-2.185021454000108,-2.9043253002326845,-3.439446852898582,-3.7129919354771177,-3.895518406751535,-5.065156290506703,0.9973221946779752
voice,procedural_fake,data/generated_v8/audio/train/voice/proc_voice_train_00081__additive_formant.wav,proc::voice::train::00081,3.478,0.20776013305953372,0.915374755859375,4.405921109017937,0.1181375455999425,0.00445556640625,0.047760009765625,0.385498046875,0.027781771132834962,0.0,282.4303586356846,189.1332804646205,375.0,0.0011577421031383794,0.007961078850167256,24.10406802368357,-0.0032202896520542633,-2.2330886276883297,-2.9403337152121596,-3.5199043056834505,-4.288336197345077,-4.595355128703917,-4.863335583006083,-6.01929064152259,0.9647892848792198
voice,procedural_fake,data/generated_v8/audio/train/voice/proc_voice_train_00046__codec_phase.wav,proc::voice::train::00046,6.021,0.24400074338356428,0.81634521484375,3.3456669169260342,0.08171484922406187,0.007659912109375,0.082855224609375,0.430816650390625,0.014843879754193656,0.0,292.02592585366057,181.84862113576975,406.25,1.667870377330223e-05,0.008322448039419963,21.11949354553791,-0.003478202521127185,-2.162696169046581,-2.9849621709517673,-4.181007312870858,-6.642503724964591,-9.058143667980849,-9.05686995929957,-9.043412619570205,0.9998345354053698
voice,procedural_fake,data/generated_v8/audio/train/voice/proc_voice_train_00099__pulse_lpc.wav,proc::voice::train::00099,5.048,0.28240787600184813,0.8582763671875,3.039137503310578,0.10437431129050231,0.015472412109375,0.115020751953125,0.531402587890625,0.007156299524564183,0.0,323.8619479025044,332.6827422207387,406.25,0.008200273640595557,0.009131616190182427,7.225210830431661,-0.009880550118943655,-1.860335811160189,-2.223336806225181,-2.7381464003341582,-3.337949679933552,-3.5862443599041924,-3.7853975864602423,-4.943359055798158,0.9968492005791302
voice,procedural_fake,data/generated_v8/audio/train/voice/proc_voice_train_00083__codec_phase.wav,proc::voice::train::00083,4.825,0.21734071831822604,0.72845458984375,3.3516710328396035,0.08997525874687495,0.006011962890625,0.07958984375,0.3874237060546877,0.02266839378238342,0.0,333.5272677003621,187.0635666509496,500.0,1.656062585599307e-05,0.00741954165208466,17.901179168152865,-0.0031996587326329614,-2.2052768364878887,-2.9819426148512176,-4.191157022260238,-6.7275411169346135,-8.95617840535477,-8.958536150932101,-8.942280835134941,0.999702876323093
voice,procedural_fake,data/generated_v8/audio/train/voice/proc_voice_train_00024__pulse_lpc.wav,proc::voice::train::00024,4.079,0.23579718871011443,0.87152099609375,3.6960618608781846,0.10710509783491412,0.013192749023437506,0.108795166015625,0.40966796875,0.008963594018141702,0.0,385.9246309920171,371.8834564302732,500.0,0.009600577324025153,0.006850423628614956,6.200336003287563,-0.017144903305117903,-1.5535524090463004,-2.1035258904412992,-2.7341148334656067,-3.266946811859694,-3.537511529908675,-3.727045876202355,-4.9088381793460885,0.9770600705133563
voice,procedural_fake,data/generated_v8/audio/train/voice/proc_voice_train_00102__pulse_lpc.wav,proc::voice::train::00102,4.949,0.2632646655814361,0.916748046875,3.482229735807143,0.10479522119646893,0.015838623046875,0.1277618408203125,0.47479248046875,0.007829864619114973,0.0,390.66937829305937,398.26022700470065,500.0,0.01096247217184809,0.007794963541809771,7.691593313939417,-0.015511819857560245,-1.7137357164020641,-1.9454031761426887,-2.4919439336019598,-3.1857168621405494,-3.488400100090324,-3.6915758182476046,-4.848632212406048,0.9938693759130579
voice,procedural_fake,data/generated_v8/audio/train/voice/proc_voice_train_00037__additive_formant.wav,proc::voice::train::00037,6.733,0.13867448311008135,0.746978759765625,5.386562423114748,0.07309216816582657,0.00592041015625,0.059600830078125,0.22979736328125,0.020143323926927074,0.0,324.96177904526377,194.2862151135206,468.75,0.0008049967831210733,0.004413918052019915,9.970402098584339,-0.002867798682337448,-2.2553552554495373,-3.0535889096503253,-4.00128884915858,-4.628493591973519,-4.90468552712577,-5.150872538576133,-6.360338754917379,0.9947427015653814
voice,procedural_fake,data/generated_v8/audio/train/voice/proc_voice_train_00021__codec_phase.wav,proc::voice::train::00021,7.174,0.23642410340503528,0.90386962890625,3.823085784776205,0.08170199419774705,0.008697509765625,0.077301025390625,0.387786865234375,0.012458182325062727,0.0,281.9604447179893,195.84649618395946,437.5,1.8636625185362788e-05,0.008717423358997245,15.431954119794096,-0.003802159546819245,-2.1212806828682638,-2.9917463047675277,-3.8740088998161286,-6.524486524576432,-9.027966183211667,-9.028969120883103,-9.014769185150062,0.9998064524818681
voice,procedural_fake,data/generated_v8/audio/train/voice/proc_voice_train_00082__additive_formant.wav,proc::voice::train::00082,6.132,0.1944722459356167,0.912078857421875,4.6900206918155,0.0986229882480048,0.00439453125,0.05511474609375,0.337432861328125,0.027988421395955643,0.0,243.80008157023283,156.81225411433022,375.0,0.0006425801225291109,0.007160396394721423,27.39417343920963,-0.001519395625591368,-2.5712551579341585,-3.1932425065862122,-3.9003584239823623,-4.632539307650658,-4.939716927200275,-5.1648092223118365,-6.419433927648695,0.9949798813599985
voice,procedural_fake,data/generated_v8/audio/train/voice/proc_voice_train_00043__codec_phase.wav,proc::voice::train::00043,6.661,0.2261505049651657,0.885833740234375,3.9170097823607395,0.09972319962467746,0.006683349609375,0.063934326171875,0.3996429443359375,0.018165440624530852,0.0,301.5308001896838,191.22607775395002,406.25,2.2920591151421174e-05,0.00819183917876663,18.370830463405742,-0.003957749532462483,-2.146935697593332,-2.7771202318200245,-3.5670632875926502,-6.336874894833131,-8.989600748154594,-8.990691550594484,-8.978594445426829,0.9994150790486273
voice,procedural_fake,data/generated_v8/audio/train/voice/proc_voice_train_00075__codec_phase.wav,proc::voice::train::00075,6.491,0.21022226944208933,0.901641845703125,4.28899301722886,0.07606759424197199,0.008026123046875,0.078216552734375,0.310150146484375,0.012998767524264366,0.0,340.17016157027024,203.7077481456564,500.0,2.0907160413693022e-05,0.007125626776652776,14.945257557757607,-0.004639453407157925,-2.0197221962744143,-3.0090247847259524,-4.045128631897002,-6.562547204630005,-8.926878000726736,-8.92888467179684,-8.913265761496412,0.9995585510038941
voice,procedural_fake,data/generated_v8/audio/train/voice/proc_voice_train_00021__pulse_lpc.wav,proc::voice::train::00021,7.174,0.2555340067785565,0.9019775390625,3.5297749619843977,0.10536403474382094,0.01513671875,0.112396240234375,0.4526184082031248,0.0074923334262614995,0.0,376.6614324848511,425.58227435307157,593.75,0.0128517458674703,0.008127761363418461,6.317029325465588,-0.018071458055381573,-1.6085029490917229,-1.9220107869303702,-2.567793574651076,-3.1252824071475414,-3.369257286998549,-3.5843314310941783,-4.799215575818195,0.9942831943208728
voice,procedural_fake,data/generated_v8/audio/train/voice/proc_voice_train_00057__pulse_lpc.wav,proc::voice::train::00057,5.099,0.18086562647781665,0.789642333984375,4.3659060561251835,0.10220266477084687,0.01104736328125,0.086822509765625,0.296600341796875,0.011129633261423808,0.0,468.6286745984346,392.6341807638377,656.25,0.010023407897341324,0.005185823386330587,5.589754249212838,-0.021022499559967496,-1.4701519335334887,-1.9683486334822096,-2.7703547986614194,-3.31609310963466,-3.54446513574114,-3.825154519358358,-5.009527202719482,0.9461878027941173
voice,procedural_fake,data/generated_v8/audio/train/voice/proc_voice_train_00009__additive_formant.wav,proc::voice::train::00009,4.612,0.16402832297226905,0.800811767578125,4.882155429422466,0.08304535783496632,0.004425048828125,0.04327392578125,0.27999267578125053,0.026195251517779704,0.0,271.1092553794196,160.30830799954913,375.0,0.0004892259582583575,0.006230715551143039,19.702052412812954,-0.0013665463342508164,-2.6151723384251278,-3.2042609632036014,-4.209697348648116,-4.777330337481946,-5.081187488165972,-5.375877858416493,-6.529666724645259,0.9951772690257565
voice,procedural_fake,data/generated_v8/audio/train/voice/proc_voice_train_00036__additive_formant.wav,proc::voice::train::00036,6.63,0.1941943425753254,0.88360595703125,4.550111735044553,0.08555887593208834,0.005157470703125,0.058349609375,0.3018524169921877,0.025075414781297135,0.0,288.4658073730261,151.23412265977078,406.25,0.0005328286589337746,0.0073771009612367015,20.187251015410997,-0.0015128687574539955,-2.5612093871571866,-3.268799421208531,-3.79116300565238,-4.754491349139996,-5.079969879585209,-5.3556223663375055,-6.543790327263198,0.9960652320455455
voice,procedural_fake,data/generated_v8/audio/train/voice/proc_voice_train_00034__codec_phase.wav,proc::voice::train::00034,3.871,0.26829295735310676,0.903289794921875,3.366803973661648,0.08186001453136353,0.00860595703125,0.100250244140625,0.508148193359375,0.01669465254456213,0.0,316.7207822949892,171.90183512223925,406.25,1.3808005650649123e-05,0.008708643600864721,20.675633119666895,-0.0025018561152738523,-2.319367613918482,-3.046442878802425,-4.2841471112160585,-6.474986278442125,-9.139602037177985,-9.137247437974407,-9.127556836139378,0.9998668331932437
voice,procedural_fake,data/generated_v8/audio/train/voice/proc_voice_train_00089__pulse_lpc.wav,proc::voice::train::00089,5.212,0.24594211221955667,0.7623291015625,3.0996281795041103,0.12070846973894066,0.010345458984375,0.087738037109375,0.46398620605468777,0.01075642747505756,0.0,353.4454737677292,347.14536470541293,437.5,0.00911102063785428,0.0080642984206751,8.791848504587637,-0.011410140625929169,-1.8728925550743651,-2.0115206159927177,-2.769512922920173,-3.2715980285871247,-3.4838190997218508,-3.6703408319797144,-4.8145844638528885,0.9869430499645856
voice,procedural_fake,data/generated_v8/audio/train/voice/proc_voice_train_00114__additive_formant.wav,proc::voice::train::00114,7.119,0.1661409622763308,0.8404541015625,5.058680833716556,0.09422052096959693,0.005035400390625,0.04669189453125,0.298248291015625,0.023607599381935664,0.0,291.78576329902677,177.56230111937435,406.25,0.0010251813694403737,0.006069492036370923,16.780984622750218,-0.002423598823237638,-2.403122881851746,-2.873115488512388,-3.6949689322276384,-4.39353939824087,-4.713991827094588,-4.9654425024387,-6.139462883125363,0.9907257820151504
voice,procedural_fake,data/generated_v8/audio/train/voice/proc_voice_train_00044__codec_phase.wav,proc::voice::train::00044,6.005,0.20750253356965878,0.76336669921875,3.678830740456897,0.1184650131662486,0.00439453125,0.0457763671875,0.3609649658203127,0.02309533721898418,0.0,290.4596701955756,183.00766956518345,406.25,2.3843096099731104e-05,0.007752057178788758,24.3459014169465,-0.0034907639707495285,-2.2071239619995637,-2.8160730482950678,-3.5673530599856518,-6.272196414376605,-8.915338484218056,-8.915793105938874,-8.903171755950687,0.9987955253460549
voice,procedural_fake,data/generated_v8/audio/train/voice/proc_voice_train_00051__codec_phase.wav,proc::voice::train::00051,6.983,0.2572764712582343,0.859466552734375,3.3406340989173033,0.07874551361801534,0.008697509765625,0.08538818359375,0.4639373779296876,0.015143920950880711,0.0,296.5122918008181,178.51596773733144,437.5,1.406077884313321e-05,0.00854401795909558,16.227344891985446,-0.002179791642122128,-2.3764204356248055,-3.1397037810614874,-4.1064786525783825,-6.707119517633512,-9.100275818732205,-9.104021226949035,-9.090077266676266,0.999917380398037
voice,procedural_fake,data/generated_v8/audio/train/voice/proc_voice_train_00105__additive_formant.wav,proc::voice::train::00105,7.103,0.1681911161495457,0.868804931640625,5.165581580825793,0.07162529587230636,0.00579833984375,0.05291748046875,0.2865081787109376,0.020229128537237788,0.0,259.83316450630184,154.48446498909303,375.0,0.0004399324212663852,0.006037945330884643,15.393147139124734,-0.0012517890835865835,-2.638754817419963,-3.3639669608952327,-3.903234826425346,-4.868570759107548,-5.189932073550969,-5.516319590471733,-6.671136641901312,0.9974057570656554
voice,procedural_fake,data/generated_v8/audio/train/voice/proc_voice_train_00020__additive_formant.wav,proc::voice::train::00020,5.869,0.17404756766531468,0.78729248046875,4.523432823736305,0.07005101008487481,0.006591796875,0.070953369140625,0.2940277099609374,0.01940279434315897,0.0,247.3767076117934,154.0375676832401,375.0,0.00048589567951332025,0.005504331307360558,15.84953316536274,-0.001506356227823175,-2.5668915819933145,-3.1874137284608888,-4.1262742533434285,-4.824751965252986,-5.103766560540718,-5.373574544801132,-6.552869820865489,0.9978501879127359
voice,procedural_fake,data/generated_v8/audio/train/voice/proc_voice_train_00101__pulse_lpc.wav,proc::voice::train::00101,4.771,0.28785154467486773,0.808624267578125,2.8091711944484343,0.11661754110172266,0.0137176513671875,0.11871337890625,0.5438079833984375,0.008698386082582268,0.0,335.86543516019185,354.03770975283857,406.25,0.009137677337934092,0.008678068828222358,8.707809918265786,-0.010629821379561854,-1.8844530956629628,-2.0801339848953093,-2.7685556918356236,-3.2887152465838305,-3.441674279129322,-3.656695686244453,-4.812825388211466,0.9962099306474745
voice,procedural_fake,data/generated_v8/audio/train/voice/proc_voice_train_00062__codec_phase.wav,proc::voice::train::00062,6.238,0.28901954275812314,0.895660400390625,3.0989613776400997,0.07891230074042903,0.00860595703125,0.0950927734375,0.5282989501953126,0.011962968900288555,0.0,283.7310170151714,169.22696446523477,375.0,1.4702368835017184e-05,0.009896615283201867,20.430582766354085,-0.003011044724718087,-2.2272134792004428,-3.045124923761652,-4.091148908356967,-6.313217778678066,-9.203363067532587,-9.205123611551459,-9.191041046860015,0.9999307901704283
voice,procedural_fake,data/generated_v8/audio/train/voice/proc_voice_train_00043__pulse_lpc.wav,proc::voice::train::00043,6.661,0.24602622433552215,0.87896728515625,3.572656888631289,0.12704668074126202,0.01300048828125,0.102203369140625,0.453521728515625,0.00940174148025822,0.0,400.8216128950108,474.91296914645113,500.0,0.018210050035375812,0.007634524736448856,7.626319930721222,-0.021140903343588056,-1.633410378011916,-1.7937754135826207,-2.23387718193501,-2.931324332321841,-3.162239170478313,-3.3464419609035483,-4.519831402256091,0.9774895593927936
voice,procedural_fake,data/generated_v8/audio/train/voice/proc_voice_train_00028__additive_formant.wav,proc::voice::train::00028,4.986,0.161637352548742,0.755218505859375,4.672301877943946,0.11173926668755876,0.004058837890625,0.039459228515625,0.29296875,0.03023465703971119,0.0,273.0050902285484,183.4763304708372,406.25,0.0012311989902330665,0.006047993161091929,18.506384300787687,-0.002811718669228923,-2.3584313117573052,-2.7968459478762755,-3.412691001593965,-4.301865354336375,-4.604904046945019,-4.863697265698883,-6.075687534153491,0.9793993241888492
voice,procedural_fake,data/generated_v8/audio/train/voice/proc_voice_train_00026__pulse_lpc.wav,proc::voice::train::00026,5.447,0.23485330777692828,0.85418701171875,3.637108711835075,0.1016167341740198,0.014404296875,0.10894775390625,0.40057067871093777,0.008559757664769598,0.0,353.5910424182745,362.1619567860086,500.0,0.009220518306178248,0.0067292711286224835,6.609390784715357,-0.014880861298635488,-1.6392713579204377,-2.0903850110558273,-2.778651944512955,-3.325007725545223,-3.5417759172811643,-3.7470862462086045,-4.932410523183331,0.9913102465278774
voice,procedural_fake,data/generated_v8/audio/train/voice/proc_voice_train_00053__pulse_lpc.wav,proc::voice::train::00053,6.802,0.2165775723061315,0.743011474609375,3.4306944467875526,0.09223474929018387,0.011810302734375,0.102203369140625,0.37884521484375,0.009344678035871802,0.0,344.8142654309723,316.88520464838126,468.75,0.006997781447507145,0.006178553965395104,7.173321591051648,-0.009896965060768996,-1.843136213492542,-2.196758635299689,-2.930198319627918,-3.4796662371409384,-3.7258804238769554,-3.913399337183027,-5.103843093471643,0.994101374570213
voice,procedural_fake,data/generated_v8/audio/train/voice/proc_voice_train_00088__additive_formant.wav,proc::voice::train::00088,3.416,0.21162865882416015,0.86944580078125,4.108355671731883,0.04899826182416979,0.01263427734375,0.090179443359375,0.36376953125,0.010794789227166276,0.0,262.8653429818222,145.55206214992452,375.0,3.0446205407413913e-05,0.006496865220015229,6.420362152294741,-0.0019778244565583146,-2.3579009190801945,-3.8186169424691694,-5.283132930971649,-6.458904804051522,-7.6686237879937815,-7.815108002582218,-7.863287996614003,0.9999149335757183
voice,procedural_fake,data/generated_v8/audio/train/voice/proc_voice_train_00077__additive_formant.wav,proc::voice::train::00077,7.157,0.20819917971839225,0.918121337890625,4.409822071020957,0.08093545598239471,0.00738525390625,0.07135009765625,0.3598236083984383,0.016277770015369567,0.0,296.7044257187344,176.01235330102983,375.0,0.0008887098122631965,0.00723655090900854,15.446399466339402,-0.0027825250851241574,-2.302477863289219,-2.911339509151719,-3.9282872054083464,-4.4824433717414625,-4.789919385211984,-5.047638781302784,-6.20934682743946,0.9968475001543333
voice,procedural_fake,data/generated_v8/audio/train/voice/proc_voice_train_00112__additive_formant.wav,proc::voice::train::00112,5.467,0.168332972348349,0.771331787109375,4.582178858656268,0.08985835305415509,0.0057373046875,0.05975341796875,0.2979736328125,0.021286811779769526,0.0,284.737129870427,185.0233032159581,406.25,0.0009286962808193334,0.00589501097670214,14.717252694998615,-0.0024794032737158224,-2.371376759258639,-2.896384374848299,-3.9440878710864222,-4.514340732644164,-4.7711474850991165,-5.041912573976574,-6.170827183731229,0.9925711246235944
voice,procedural_fake,data/generated_v8/audio/train/voice/proc_voice_train_00022__codec_phase.wav,proc::voice::train::00022,6.264,0.20039813048244964,0.74273681640625,3.7063061148232466,0.07174001975594424,0.009490966796875,0.082489013671875,0.3339752197265624,0.011504230523627075,0.0,327.38190822457597,205.74697435921368,468.75,2.2365354593372e-05,0.006341590993769665,12.379537563079925,-0.004981872927134183,-1.9890162214340747,-3.0089618413217623,-3.7703192609797678,-6.64318664720945,-8.885868252437374,-8.886521081833997,-8.873144089624557,0.9997763919945136
voice,procedural_fake,data/generated_v8/audio/train/voice/proc_voice_train_00109__codec_phase.wav,proc::voice::train::00109,6.472,0.2406008708117107,0.823699951171875,3.423511928252686,0.0912400652818418,0.007568359375,0.096038818359375,0.414276123046875,0.017884734239802226,0.0,317.5282732535954,189.24546678433242,468.75,1.7467055178864516e-05,0.008095432130408066,22.65579768665571,-0.004203003784186893,-2.0840403731059283,-2.9099771919137005,-3.796245319069124,-6.555527135285491,-9.042292809498823,-9.044686759204057,-9.031302095885135,0.99976247385775
voice,procedural_fake,data/generated_v8/audio/train/voice/proc_voice_train_00097__pulse_lpc.wav,proc::voice::train::00097,7.096,0.27540168445379554,0.9178466796875,3.332756230260052,0.07668119963007003,0.0176239013671875,0.123809814453125,0.5110931396484375,0.006077367531003382,0.0,319.36611872168436,287.877078892648,437.5,0.0042068733878781175,0.008295689099756665,8.910603802488485,-0.008205441173736502,-1.8999829375581303,-2.297234738971042,-3.1013830484968916,-3.7688216310351432,-4.13099643138636,-4.361798900492383,-5.4943803656138455,0.9995257479072073
voice,procedural_fake,data/generated_v8/audio/train/voice/proc_voice_train_00094__pulse_lpc.wav,proc::voice::train::00094,6.496,0.25705767146283315,0.885711669921875,3.4455757141250545,0.10829845576562275,0.014495849609375,0.113861083984375,0.4660797119140625,0.008457127463054187,0.0,370.07739995588105,376.8912282942429,531.25,0.010668040767362127,0.007406182972622131,7.395034215508947,-0.013797235535842748,-1.7483638555866572,-1.970541174212972,-2.806670574638185,-3.242106498641265,-3.4640859029804796,-3.64511898342876,-4.826273791576087,0.9949565775616108
voice,procedural_fake,data/generated_v8/audio/train/voice/proc_voice_train_00082__codec_phase.wav,proc::voice::train::00082,6.132,0.24570562404216026,0.81298828125,3.3087898757681695,0.09371018540224847,0.00579833984375,0.07720947265625,0.445281982421875,0.01849926614481409,0.0,271.57599679588134,173.66065732654891,375.0,1.5507143221010154e-05,0.00876402586832119,27.178863845721025,-0.002635144212166361,-2.28197623317836,-3.1340411338892347,-4.044545826290053,-6.48590810091105,-9.061452079912105,-9.061732920555006,-9.049904374588943,0.9998184404579809
voice,procedural_fake,data/generated_v8/audio/train/voice/proc_voice_train_00004__pulse_lpc.wav,proc::voice::train::00004,3.44,0.24255571719294028,0.7982177734375,3.290863570132053,0.13172477697632587,0.010589599609375,0.082061767578125,0.4351470947265621,0.011191860465116278,0.0,365.71159891570557,394.20731152339977,375.0,0.011377927629867687,0.008200897673104222,8.18282388155849,-0.013277732846990405,-1.8175062863266356,-1.9602032475361748,-2.6414297959792745,-3.1074602776942464,-3.2958025215576066,-3.471638723533704,-4.692597435897399,0.9579236649546117
voice,procedural_fake,data/generated_v8/audio/train/voice/proc_voice_train_00023__pulse_lpc.wav,proc::voice::train::00023,6.193,0.23806592039978317,0.791748046875,3.3257513110041983,0.10366647491598292,0.0146484375,0.121429443359375,0.4127593994140626,0.008184643952849992,0.0,447.2767346944129,376.86822693745677,656.25,0.010442113688854596,0.006341545702614203,6.029161690968353,-0.021696054942107922,-1.4382237107032754,-2.027246114438534,-2.732990492600773,-3.277195097553425,-3.512682046824245,-3.732305294540853,-4.9470312969050365,0.9922733123785931
voice,procedural_fake,data/generated_v8/audio/train/voice/proc_voice_train_00047__codec_phase.wav,proc::voice::train::00047,6.093,0.1988179305796286,0.913787841796875,4.596103777626302,0.08138521033573708,0.008718872070312522,0.0933837890625,0.3274017333984376,0.016771294928606597,0.0,358.9031195588015,234.8674218166276,625.0,2.0770720913314738e-05,0.005974748822696427,14.69389371427494,-0.005739351885656458,-1.924665237983864,-2.938336548280941,-4.088900257099299,-6.777499763066838,-8.878814678202065,-8.87787846689286,-8.867011739254096,0.9995783642271177
voice,procedural_fake,data/generated_v8/audio/train/voice/proc_voice_train_00101__additive_formant.wav,proc::voice::train::00101,4.771,0.24633316391419302,0.8355712890625,3.392037335880444,0.0937708783651012,0.005767822265625,0.072906494140625,0.480072021484375,0.021942464892056174,0.0,249.59114500848992,152.24100859212865,343.75,0.000630213310897641,0.008563806446524777,20.43142984553211,-0.0013562596713411446,-2.6520451151175752,-3.126832114659266,-4.005166223363684,-4.604444922029331,-4.915475114738433,-5.165051723771171,-6.372994657148941,0.9983384583729762
voice,procedural_fake,data/generated_v8/audio/train/voice/proc_voice_train_00038__pulse_lpc.wav,proc::voice::train::00038,6.485,0.30827965212330083,0.893402099609375,2.89802487272837,0.08554438651104965,0.017791748046875,0.15496826171875,0.557830810546875,0.00605242868157286,0.0,315.05712248682846,302.5049045572718,468.75,0.006294640959380487,0.008830850572874421,7.1547278861601695,-0.008542583007169263,-1.926101507877233,-2.2664242636684113,-2.7875531910492803,-3.4940340454877092,-3.819808721499912,-4.005118660114851,-5.195685775159669,0.9996075809654681
voice,procedural_fake,data/generated_v8/audio/train/voice/proc_voice_train_00014__pulse_lpc.wav,proc::voice::train::00014,6.769,0.26451088270843,0.861053466796875,3.2552666944369664,0.08701513346814031,0.014434814453125,0.1249847412109375,0.47247314453125,0.007488181415275521,0.0,350.4213367805954,308.7187091706649,437.5,0.006314676305852345,0.007568170897510801,7.541767924842828,-0.010166047133112782,-1.7912004769539616,-2.3220740190754974,-2.7994270872259417,-3.4856475372976874,-3.7642870929123275,-3.968339063475162,-5.219136509553191,0.9979061765557451
voice,procedural_fake,data/generated_v8/audio/train/voice/proc_voice_train_00107__additive_formant.wav,proc::voice::train::00107,5.93,0.13556356682234286,0.73779296875,5.442413371410355,0.0891029627209393,0.004241943359375,0.04083251953125,0.22687072753906268,0.02866779089376054,0.0,254.44909415812566,192.4634377720341,375.0,0.0009553720406066032,0.004960171809676394,17.30823833263072,-0.002140375038257953,-2.4426468784724467,-2.9654840828961433,-3.78578539398808,-4.462767597950241,-4.77303888909601,-5.035740408816773,-6.2658459860598175,0.9856057333305445
voice,procedural_fake,data/generated_v8/audio/train/voice/proc_voice_train_00000__additive_formant.wav,proc::voice::train::00000,4.275,0.21989345043387082,0.739501953125,3.3630012702328873,0.04830479977777453,0.010162353515625,0.083892822265625,0.42074890136718746,0.012602339181286549,0.0,262.2847399210824,122.51024476936044,343.75,2.7064526076417777e-05,0.007120006955013701,8.283226371056335,-0.0007752872812372604,-2.791100699773599,-3.8067640701476857,-5.020336415517213,-6.626597117121024,-7.6872879362235444,-7.827666190747723,-7.873599117339313,0.9999676814566645
voice,procedural_fake,data/generated_v8/audio/train/voice/proc_voice_train_00066__codec_phase.wav,proc::voice::train::00066,5.577,0.19810705073589172,0.81500244140625,4.113949697291583,0.08606874292566485,0.0079345703125,0.08001708984375,0.319061279296875,0.016888560157790927,0.0,346.74261621575795,202.96256976680107,531.25,2.159353919966126e-05,0.006552964478561491,14.141446262065237,-0.0034080858870594874,-2.2082422324033764,-2.8211395633290217,-3.9358943634912937,-6.62779760642586,-8.875865633139188,-8.874553423871726,-8.863421255297535,0.9995945677179029
music,existing_fake,data\raw\fake_music_generated\fake_music_MusicGen_0000.wav,generated_music::fake_music_generator_0000,5.2788125,0.2601163185952167,0.79998779296875,3.0755002119404167,0.03890599100165759,0.043548583984375,0.2076416015625,0.414886474609375,0.0020364428552823196,0.0,320.90999557149746,309.8745766766233,437.5,0.004961146122951826,0.00022948894820783123,1.0360752304798464,-0.001291104689787287,-3.3753635606113366,-3.3873585209080948,-3.3878594132272384,-3.3265820329402596,-3.397681723394094,-3.37135276573387,-3.365583438489187,0.029551149883360633
music,existing_fake,data\raw\fake_music_generated\fake_music_MusicGen_0140.wav,generated_music::fake_music_generator_0140,4.53575,0.31145701776031626,0.800018310546875,2.568631512302395,0.0694905678576842,0.04165954589843751,0.229095458984375,0.514251708984375,0.0025905307832221796,0.0,523.7167210956881,344.06387717593884,687.5,0.005477568086947105,0.00025245154173666415,1.03589482970814,-0.028758554822100248,-1.2122636983519017,-3.341730719132183,-3.3315730104409,-3.3354173748682987,-3.3186502821739725,-3.3956356493689497,-3.328179244435103,0.003883628056240721
music,existing_fake,data\raw\fake_music_generated\fake_music_MusicGen_0084.wav,generated_music::fake_music_generator_0084,4.873875,0.31457255354502883,0.800018310546875,2.54319171056466,0.051281722470858285,0.0494384765625,0.249786376953125,0.5020751953125,0.0017568156754122746,0.0,440.8110768098874,275.87493783949077,656.25,0.0030714730302319605,0.0002947664180486189,1.0377548986241854,-0.020684225001925054,-1.3456838841466379,-3.649262292526075,-3.6673009329125414,-3.5966303843768874,-3.617676138618854,-3.6682911466545676,-3.605593580840904,0.0008897216103945111
music,existing_fake,data\raw\fake_music_generated\fake_music_MusicGen_0112.wav,generated_music::fake_music_generator_0112,5.9856875,0.2391343656082656,0.800018310546875,3.345476123901878,0.07530541923358046,0.034820556640625,0.179534912109375,0.390289306640625,0.0027879003038498084,0.0,560.5603583093823,395.9664879527881,1000.0,0.005291772970386932,0.0004760118471948787,1.0460921410234585,-0.08186784686565696,-0.7712279869342955,-3.3924776518723148,-3.3723558097963027,-3.394082706520094,-3.378568855519779,-3.421328037654803,-3.3656984797758964,0.010298486885970015
music,existing_fake,data\raw\fake_music_generated\fake_music_MusicGen_0056.wav,generated_music::fake_music_generator_0056,5.8925,0.2612874433630821,0.79998779296875,3.061715414533319,0.07862832656264916,0.035369873046875,0.18701171875,0.4345703125,0.0028956300381841322,0.0,568.4960657598898,357.1135253341827,875.0,0.0058580935852892875,0.0004390815444775866,1.0444085283319744,-0.026815864136038613,-1.242554399102938,-3.3712517969000135,-3.368122326138599,-3.3619716522603094,-3.351561672513553,-3.3321141083530885,-3.325339521378675,0.009800731488417222
music,existing_fake,data\raw\fake_music_generated\fake_music_MusicGen_0242.wav,generated_music::fake_music_generator_0242,5.6113125,0.3144811346521183,0.800018310546875,2.543931010144256,0.047449320561372244,0.048309326171875,0.24346923828125,0.511627197265625,0.0022833338902440384,0.0,375.5601026677509,293.0505511035654,531.25,0.004481543484310573,0.0002817378084183364,1.0354149429600552,-0.008472023724380717,-1.7660929518931925,-3.410026453421716,-3.449845669992085,-3.480427321388498,-3.422097919525234,-3.4429559294243783,-3.433126176738036,0.003669347988902022
music,existing_fake,data\raw\fake_music_generated\fake_music_MusicGen_0138.wav,generated_music::fake_music_generator_0138,5.271,0.3386864542348045,0.800018310546875,2.362120777325917,0.05794747139384597,0.06195068359375,0.279022216796875,0.5343017578125,0.001707455890722823,0.0,516.2212717295121,327.4096263752426,781.25,0.003488355543828019,0.0002867604397214601,1.0379249641295536,-0.031683399834600307,-1.1629132087478289,-3.5494032990384894,-3.5765623543349787,-3.563842794613701,-3.5615032485770275,-3.5885415515355783,-3.548428360650181,0.0003648523017155745
music,existing_fake,data\raw\fake_music_generated\fake_music_MusicGen_0272.wav,generated_music::fake_music_generator_0272,5.00125,0.2636867943683118,0.79998779296875,3.0338561128372055,0.06914607780652095,0.03860168457031252,0.200408935546875,0.42919921875,0.0023744063984004,0.0,521.6323759007273,388.62424151469315,687.5,0.006070005770699064,0.0007050404780445477,1.0495210925274212,-0.05681935689227462,-0.9217105158534182,-3.323517865773691,-3.3477320174483007,-3.310049476028138,-3.2831663336803056,-3.306157500790655,-3.345027568110872,0.01486562446104763
music,existing_fake,data\raw\fake_music_generated\fake_music_MusicGen_0072.wav,generated_music::fake_music_generator_0072,5.8180625,0.261485840652261,0.79998779296875,3.059392397589207,0.07693795118597456,0.03472900390625,0.191802978515625,0.430908203125,0.0029111925146902426,0.0,560.3201319368994,417.96565834877055,718.75,0.008864708764939295,0.0005684056396219506,1.0475023133926427,-0.05137077617392607,-0.9704904048117221,-3.118943775974424,-3.1493666847882573,-3.0937182487779067,-3.137240472500321,-3.140932299961925,-3.0972010217447052,0.04799672856674807
music,existing_fake,data\raw\fake_music_generated\fake_music_MusicGen_0244.wav,generated_music::fake_music_generator_0244,4.7101875,0.3113849962468729,0.800018310546875,2.5692256216243727,0.06310872853692842,0.053741455078125,0.25225830078125,0.4942626953125,0.001857675517163595,0.0,558.7425740351897,370.1295135507214,1156.25,0.003119019667484207,0.0003631631219290421,1.0346723200042132,-0.07100571819306233,-0.8257457240323356,-3.626497993167279,-3.6293148070787433,-3.596475115325437,-3.6261179848085505,-3.6215851399520096,-3.5784771878871604,0.00036805856213601877
music,existing_fake,data\raw\fake_music_generated\fake_music_MusicGen_0054.wav,generated_music::fake_music_generator_0054,4.677375,0.2686811815638679,0.79998779296875,2.9774611988543227,0.049373972767481324,0.03924560546875,0.2030792236328125,0.4378448486328126,0.0024586440043828004,0.0,370.958346449136,286.0615634257415,656.25,0.003054319421693553,0.00036362015304570165,1.0335907774591842,-0.0007769576331697215,-3.567408457005029,-3.6141677281241362,-3.616349867453677,-3.6056853348819153,-3.6065097672561546,-3.5400417675871925,-3.6057862640299683,0.0049664983174560135
music,existing_fake,data\raw\fake_music_generated\fake_music_MusicGen_0148.wav,generated_music::fake_music_generator_0148,4.8801875,0.3018234675828171,0.800018310546875,2.6506166566632485,0.0829000281755078,0.04093017578125002,0.222381591796875,0.4992614746093751,0.0024205012614781705,0.0,619.1401003414028,385.83349960427483,812.5,0.004724107317617466,0.0006395135957906733,1.046076335237177,-0.05177948549459616,-0.9579089128761017,-3.444958553270925,-3.3813490514303606,-3.473441216207412,-3.455428138195654,-3.4366681735973743,-3.4096068789823493,0.0020083502770689527
music,existing_fake,data\raw\fake_music_generated\fake_music_MusicGen_0006.wav,generated_music::fake_music_generator_0006,5.0739375,0.2763927439708842,0.800018310546875,2.89449823846009,0.05682294104604469,0.04351806640625,0.2169189453125,0.4445983886718752,0.002500523508616336,0.0,463.1956950605989,358.2711236310079,875.0,0.005079656352153287,0.0002584721439834142,1.0392381471759513,-0.018070691107530675,-1.4153845318786176,-3.39871070586647,-3.418434277582028,-3.407126485508628,-3.4308841780711687,-3.405949863409929,-3.404032496569828,0.006672747925820921
music,existing_fake,data\raw\fake_music_generated\fake_music_MusicGen_0078.wav,generated_music::fake_music_generator_0078,4.570125,0.3384940815502917,0.800018310546875,2.363463215908584,0.0340804967109312,0.06915283203125,0.2931976318359375,0.5199859619140628,0.0016547687426492711,0.0,307.396128507972,188.40904751693193,281.25,0.0016075749282005675,0.000495034239241351,1.0329698150085174,-0.0056141674511994664,-1.9163872653658014,-3.9070119966538397,-3.9417091872810173,-3.9144486049307075,-3.918860549398509,-3.911279393138607,-3.929563785876867,0.00013690536460325906
music,existing_fake,data\raw\fake_music_generated\fake_music_MusicGen_0206.wav,generated_music::fake_music_generator_0206,5.962625,0.2586928620732218,0.800018310546875,3.09254110892489,0.10520854079097704,0.0335693359375,0.183380126953125,0.430511474609375,0.002735791702480032,0.0,743.4280223661548,413.3475979318881,1156.25,0.0050084475772038065,0.00020076426061883652,1.0368192992920169,-0.07677478041149578,-0.79665895857428,-3.4211828205737147,-3.4036573826075145,-3.3961488156866606,-3.4362500451558247,-3.3970923541748674,-3.419755699283436,0.0018346417700789565
music,existing_fake,data\raw\fake_music_generated\fake_music_MusicGen_0098.wav,generated_music::fake_music_generator_0098,4.9796875,0.33198550855330716,0.800018310546875,2.409798891623655,0.0572206742475588,0.0504150390625,0.2529296875,0.5570068359375,0.0018575462817696895,0.0,498.9653194459745,280.2224418049795,718.75,0.0019542558516844775,0.0004817426021926731,1.032668471913976,-0.04233391594974151,-1.0361467001072031,-3.817016023946022,-3.8296895056355367,-3.8592084115780567,-3.8401572811403932,-3.8733461894674317,-3.834851476811308,0.00013575278834517066
music,existing_fake,data\raw\fake_music_generated\fake_music_MusicGen_0132.wav,generated_music::fake_music_generator_0132,4.898125,0.2642806465238403,0.800018310546875,3.0271543568163124,0.08172874478428971,0.036773681640625,0.19354248046875,0.436248779296875,0.0023733571519714176,0.0,600.5039624315743,397.1628148688688,1062.5,0.004940108217353387,0.0003850680357734767,1.0422130052174254,-0.0980556270919806,-0.6993703003526466,-3.433829387033335,-3.4096140208985264,-3.4113287128597225,-3.416493439175595,-3.4207701604527134,-3.416271161537109,0.003370757497994816
music,existing_fake,data\raw\fake_music_generated\fake_music_MusicGen_0036.wav,generated_music::fake_music_generator_0036,4.3830625,0.33614556650596583,0.79998779296875,2.379885004238341,0.056225758612822266,0.065185546875,0.28533935546875,0.52142333984375,0.0015257596714625904,0.0,515.102812438369,341.5810036294739,781.25,0.0024894950855989966,0.0003210429616331953,1.0356776930124325,-0.040311822099619136,-1.057738913744631,-3.7594142298515156,-3.7172255946521373,-3.73527559021772,-3.739135816197729,-3.768310965563228,-3.7208109179422486,0.00014337753597672102
music,existing_fake,data\raw\fake_music_generated\fake_music_MusicGen_0292.wav,generated_music::fake_music_generator_0292,4.775125,0.30067629788036715,0.800018310546875,2.660729549308159,0.04810146464051518,0.05697937011718751,0.251220703125,0.47265625,0.0018193241014633126,0.0,430.1693712570749,274.2107702542181,687.5,0.0033329098730749684,0.0003380098811837368,1.0343623898998302,-0.017161930906604363,-1.4302253274666756,-3.6002220462827283,-3.555672368783082,-3.560664971424365,-3.573696281190913,-3.585827481546367,-3.5508092201260486,0.0013617845641529672
music,existing_fake,data\raw\fake_music_generated\fake_music_MusicGen_0032.wav,generated_music::fake_music_generator_0032,5.0654375,0.2633247303663835,0.800018310546875,3.038143471878807,0.09077560891345655,0.0374755859375,0.196380615234375,0.43084716796875,0.00266512023887374,0.0,680.676896865021,444.99837951281444,1187.5,0.0050494435487314325,0.0003807587800988093,1.042642096890048,-0.1185286085327832,-0.6262052111208216,-3.437889698316909,-3.404587644519829,-3.3957252483573086,-3.383647050507147,-3.4267435866574387,-3.377506876897287,0.002216219971318861
music,existing_fake,data\raw\fake_music_generated\fake_music_MusicGen_0260.wav,generated_music::fake_music_generator_0260,5.2338125,0.253760622699527,0.79998779296875,3.1525292792018407,0.07759732505373776,0.03411865234375,0.186279296875,0.419525146484375,0.0029615122819168626,0.0,565.4933506455989,346.1156882940906,750.0,0.003795378248860671,0.00030846865518042614,1.0326033957813987,-0.06903036432442557,-0.8380518489801464,-3.553896878163386,-3.57829667290582,-3.5368909327167057,-3.509466002686353,-3.519906276464102,-3.4943391089312454,0.0038813178112659537
music,existing_fake,data\raw\fake_music_generated\fake_music_MusicGen_0016.wav,generated_music::fake_music_generator_0016,5.4848125,0.3240283814215361,0.800018310546875,2.468976041657636,0.0429942112220247,0.05089111328125001,0.253265380859375,0.52294921875,0.001959957610219128,0.0,363.4372390706401,226.7964222031881,531.25,0.0017412795183601511,0.0005641842589112692,1.0318303604841266,-0.009052235974427999,-1.701466347548974,-3.8734753149804235,-3.9244798944802235,-3.9237201653460505,-3.9217975114643773,-3.8784142758169646,-3.9266593832604477,0.00026137508943649814
music,existing_fake,data\raw\fake_music_generated\fake_music_MusicGen_0214.wav,generated_music::fake_music_generator_0214,5.6574375,0.34657582219203237,0.800018310546875,2.3083500328640842,0.054751541129941,0.064544677734375,0.297149658203125,0.53656005859375,0.0014251151691909985,0.0,485.60343769359616,285.3960634077893,437.5,0.002494143856644085,0.0005310444739566297,1.0323039717143268,-0.024772240420424804,-1.2649265689789817,-3.70820740346524,-3.7873919564976983,-3.7134390692049335,-3.774550523269421,-3.7361436778880077,-3.6869080193208967,0.00019637659454065055
music,existing_fake,data\raw\fake_music_generated\fake_music_MusicGen_0280.wav,generated_music::fake_music_generator_0280,5.875625,0.2913181969867853,0.79998779296875,2.7460961973653806,0.06530225829441862,0.049713134765625,0.2338104248046875,0.464599609375,0.001712583767684289,0.0,569.6978031360038,375.2322196106398,1156.25,0.0029091268230561516,0.0002948141446209861,1.033292053077719,-0.07944437259829623,-0.7803347431546831,-3.6830784053845065,-3.7009449397694127,-3.6523556371904666,-3.6276243475088297,-3.65571127469083,-3.593937657969889,0.00047325441341332613
music,existing_fake,data\raw\fake_music_generated\fake_music_MusicGen_0074.wav,generated_music::fake_music_generator_0074,5.8334375,0.2909533992743496,0.800018310546875,2.749644144189947,0.07624231255491032,0.038238525390625,0.208251953125,0.48223876953125,0.002464241709969465,0.0,549.9637505711045,330.95089218915166,875.0,0.003034574620783911,0.0004929325490002033,1.0433989237126473,-0.03787425034189075,-1.0850544690321995,-3.6772120262642325,-3.6735676500715693,-3.655982568692033,-3.6769587549993057,-3.656846564828936,-3.6452627514225657,0.0007699236622489333
music,existing_fake,data\raw\fake_music_generated\fake_music_MusicGen_0034.wav,generated_music::fake_music_generator_0034,4.5593125,0.2758596864012275,0.800018310546875,2.9000914232291217,0.09628776662828316,0.03692626953125,0.19549560546875,0.4574951171874999,0.0029335563201688853,0.0,699.1343555898725,444.1982115794855,1062.5,0.005430028479233903,0.0003747874590697305,1.041740396347781,-0.19676406219531442,-0.44147735238108193,-3.3801533708163003,-3.4260644152009654,-3.44015606732029,-3.386429983285061,-3.33530796878358,-3.3454604948614715,0.0015773824592360654
music,existing_fake,data\raw\fake_music_generated\fake_music_MusicGen_0010.wav,generated_music::fake_music_generator_0010,4.3808125,0.3195447345421517,0.79998779296875,2.5035236274976773,0.030702505278776465,0.07239379882812502,0.286102294921875,0.480377197265625,0.0013696089481117944,0.0,279.91772205285014,295.98189092625273,250.0,0.0050983601153120756,0.0005016478455630469,1.0331867046862613,-0.0013375673322050703,-3.333897233045166,-3.359706160043991,-3.3596389526946107,-3.3883409830305107,-3.352157041735299,-3.346480067452575,-3.3623608723350156,0.0054534631324511095
music,existing_fake,data\raw\fake_music_generated\fake_music_MusicGen_0282.wav,generated_music::fake_music_generator_0282,5.5383125,0.3031984800036166,0.79998779296875,2.6384953940376206,0.0390127747934817,0.045989990234375,0.230255126953125,0.49676513671875,0.002369855438818232,0.0,314.4680849136548,223.28838150633948,437.5,0.002176700436929493,0.0005469625731749974,1.0321741456073688,-0.0005457782172080321,-3.7119927658696543,-3.781925915868255,-3.775180315120397,-3.762690738697545,-3.715036763287806,-3.7612482729281913,-3.7211084450057768,0.0010628915165768733
music,existing_fake,data\raw\fake_music_generated\fake_music_MusicGen_0172.wav,generated_music::fake_music_generator_0172,4.637375,0.2455420395542907,0.79998779296875,3.258048171388054,0.052643637882933275,0.03334655761718752,0.177154541015625,0.407958984375,0.0030054718456023074,0.0,379.2356910608143,314.26772111992074,656.25,0.004873189378995793,0.00020297863798914365,1.0365412506560865,-0.0012407573012077607,-3.4097342357392644,-3.407648563727628,-3.3417166155831692,-3.3797856651172005,-3.4108012973303174,-3.3805182689033018,-3.4029951091128647,0.024743197442127926
music,existing_fake,data\raw\fake_music_generated\fake_music_MusicGen_0240.wav,generated_music::fake_music_generator_0240,4.787375,0.32524999082390427,0.800018310546875,2.4597027920594723,0.059976239278300716,0.057861328125,0.26739501953125,0.5104461669921876,0.0016449515653150213,0.0,536.8055185668613,356.23902273976125,781.25,0.0034858725242823594,0.0004557289230733852,1.03384921780466,-0.055425714221675776,-0.9274993624650487,-3.5509115417804153,-3.588325789641415,-3.5748438783936307,-3.511157647329469,-3.6002138753850645,-3.550642685055799,0.0005545340993288305
music,existing_fake,data\raw\fake_music_generated\fake_music_MusicGen_0274.wav,generated_music::fake_music_generator_0274,4.2635,0.2876058814928063,0.800018310546875,2.7816479495982955,0.056820347430916955,0.05328369140625,0.23876953125,0.45111083984375,0.0020083264923185175,0.0,506.6975910184123,366.55697032211776,781.25,0.006121398990656096,0.0007625656947660036,1.0491607802354481,-0.02854358518554293,-1.2172603624141332,-3.3274167962200827,-3.3034392059907765,-3.324743878741295,-3.271440601058377,-3.3169711866794396,-3.2881363563793466,0.008303053997948067
music,existing_fake,data\raw\fake_music_generated\fake_music_MusicGen_0136.wav,generated_music::fake_music_generator_0136,4.777625,0.24745038046518528,0.79998779296875,3.232922056797174,0.09544616109156082,0.03189392089843751,0.177764892578125,0.409881591796875,0.002891080819444808,0.0,678.7628091167318,453.31768815865826,812.5,0.008480445864768083,0.0006827107953831467,1.0510024206589725,-0.06480117469986776,-0.8713104935688484,-3.1473654133851454,-3.139104467828642,-3.1785682241163546,-3.1898376301162754,-3.169531194013321,-3.1559168114494796,0.029357474656851363
music,existing_fake,data\raw\fake_music_generated\fake_music_MusicGen_0164.wav,generated_music::fake_music_generator_0164,4.8239375,0.2569127701617151,0.79998779296875,3.1138498583203686,0.08850509186079655,0.035003662109375,0.185760498046875,0.426483154296875,0.0028892372672738816,0.0,631.128389343221,451.06220851390833,1031.25,0.009706180974684873,0.0005981577523666584,1.0475332908911645,-0.11456178356404015,-0.6439761090973558,-3.1022779337733373,-3.0743974442258795,-3.09409787460519,-3.1163048142745393,-3.0793267345757505,-3.081545209000983,0.027148481095503003
music,existing_fake,data\raw\fake_music_generated\fake_music_MusicGen_0018.wav,generated_music::fake_music_generator_0018,5.7979375,0.2760963159571331,0.79998779296875,2.8974953548201516,0.058997908716555636,0.0352783203125,0.192474365234375,0.457275390625,0.002942856834865847,0.0,409.0721439901678,324.7294605167249,687.5,0.004119009207486448,0.00023257431107964646,1.0380290360743996,-0.0010087683261208842,-3.4421321010310226,-3.482786536288771,-3.4957495735191904,-3.4960401601567286,-3.4650885444681063,-3.5190442380058604,-3.4609922621501963,0.006571903153516423
music,existing_fake,data\raw\fake_music_generated\fake_music_MusicGen_0020.wav,generated_music::fake_music_generator_0020,5.3200625,0.2850510555060779,0.800018310546875,2.8065790148593814,0.05351268796992481,0.050994873046875,0.234130859375,0.447967529296875,0.0019501650591510907,0.0,464.8867666013905,335.53092553694455,656.25,0.0030505621080777734,0.00023426021631523192,1.037647052493006,-0.05297713088010232,-0.9453382379366656,-3.6119878901717497,-3.599661943052631,-3.649831628583416,-3.6253125525241052,-3.649817559455968,-3.611835580059196,0.0015319164146831174
music,existing_fake,data\raw\fake_music_generated\fake_music_MusicGen_0050.wav,generated_music::fake_music_generator_0050,5.741625,0.2644613728523286,0.79998779296875,3.0249702795555384,0.08478745985957656,0.0350189208984375,0.190399169921875,0.438812255859375,0.002884636318115516,0.0,610.6802882610464,378.1085768879139,1031.25,0.005194526822142302,0.0004512857418656127,1.0439482573101047,-0.08467316746648272,-0.7577078682638085,-3.3943125275717874,-3.368098865763559,-3.4183319667548298,-3.4074855074685355,-3.3814276834249624,-3.378431506639961,0.0045465028985817646
music,existing_fake,data\raw\fake_music_generated\fake_music_MusicGen_0256.wav,generated_music::fake_music_generator_0256,4.7163125,0.263900556378927,0.800018310546875,3.03151430040243,0.06282798833819242,0.0384521484375,0.197998046875,0.428558349609375,0.002663627569207935,0.0,467.0541124121131,355.84078760512114,812.5,0.004426604535225065,0.00036613677104073384,1.0337748118869692,-0.05420640339598887,-0.9380584818296803,-3.4572573754055433,-3.447953813577556,-3.4841990016530318,-3.4841758582494666,-3.48748055391435,-3.490672677689275,0.006076883930387031
music,existing_fake,data\raw\fake_music_generated\fake_music_MusicGen_0250.wav,generated_music::fake_music_generator_0250,4.5259375,0.3123568031626463,0.79998779296875,2.5611345258652523,0.07863120391084596,0.039642333984375,0.217803955078125,0.5250244140625,0.0021542498101222124,0.0,559.3932173856374,314.3373792305728,687.5,0.00386630593477845,0.00041867342872112636,1.0407750244808331,-0.041770149602743445,-1.0462743697852623,-3.526757389304561,-3.487463030049346,-3.53930300988915,-3.531437543368358,-3.51636514540855,-3.5293520430296246,0.0009934998470820665
music,existing_fake,data\raw\fake_music_generated\fake_music_MusicGen_0094.wav,generated_music::fake_music_generator_0094,4.1011875,0.2835445751282449,0.79998779296875,2.821382819991961,0.06117223932457557,0.044830322265625,0.218048095703125,0.462860107421875,0.0024535576586049773,0.0,492.2056450540688,353.7260001626901,687.5,0.005083711768149079,0.000291173790565257,1.035853948041931,-0.041522601838750985,-1.051566123427505,-3.439476383219162,-3.39157993716995,-3.429448930957225,-3.383363299970065,-3.373099957872879,-3.400006887819459,0.005201923584923659
music,existing_fake,data\raw\fake_music_generated\fake_music_MusicGen_0192.wav,generated_music::fake_music_generator_0192,4.4568125,0.2797641097851531,0.800018310546875,2.859617379660511,0.07495652661692938,0.043548583984375,0.218017578125,0.450714111328125,0.002398014275897853,0.0,603.4794291322451,447.10883466268683,812.5,0.007183884498192546,0.000695733941978655,1.0476520005572003,-0.06861774715204443,-0.8459847164473331,-3.224102649196195,-3.242978989055204,-3.2098644913940135,-3.2094935504600284,-3.2296684041265755,-3.228331411233747,0.011444134956305536
music,existing_fake,data\raw\fake_music_generated\fake_music_MusicGen_0166.wav,generated_music::fake_music_generator_0166,5.5280625,0.3258221615943746,0.79998779296875,2.455289686416966,0.04792646526772793,0.047393798828125,0.24566650390625,0.53448486328125,0.00205768295854108,0.0,377.9240476472767,247.61017252220537,531.25,0.0026380487826913163,0.0002592166324946051,1.0364121146300733,-0.00746244068591642,-1.80126392333387,-3.7233165825768872,-3.6729777499901246,-3.675723587960914,-3.6433626073112877,-3.7299652692399214,-3.6834547349549434,0.0006520765737151726
music,existing_fake,data\raw\fake_music_generated\fake_music_MusicGen_0246.wav,generated_music::fake_music_generator_0246,4.3338125,0.29378809428499325,0.800018310546875,2.723113448466724,0.03723680415344678,0.05181884765625,0.2406005859375,0.462738037109375,0.0019613215846324685,0.0,314.1088545982935,261.3439305283156,437.5,0.0024574023295356718,0.0002250903798053424,1.0368459052591388,-0.0006074659012182569,-3.710893658272351,-3.67416536140096,-3.685079083109825,-3.7153889446886006,-3.718684623166263,-3.776058860785252,-3.631250188673668,0.0012929737566337574
music,existing_fake,data\raw\fake_music_generated\fake_music_MusicGen_0070.wav,generated_music::fake_music_generator_0070,4.511875,0.3120722965172087,0.800018310546875,2.5635672229648216,0.05434345952984527,0.04549865722656252,0.232635498046875,0.5074798583984375,0.002091702451863139,0.0,407.6355155969909,282.0515263808771,531.25,0.003589754130560482,0.0002490721239183638,1.0377021330042477,-0.014515680361092827,-1.5054803268168964,-3.543955448886363,-3.617162674207216,-3.537065210219861,-3.583165314718213,-3.566355638549767,-3.530453337122294,0.0016920521712615979
music,existing_fake,data\raw\fake_music_generated\fake_music_MusicGen_0262.wav,generated_music::fake_music_generator_0262,5.5283125,0.26414364061105905,0.800018310546875,3.0287244799691013,0.06701940035273368,0.03607177734375,0.19879150390625,0.43389892578125,0.0028715815178682463,0.0,504.1825338653185,324.46346947968084,687.5,0.004170766228612192,0.00031254165475161653,1.0342264612155132,-0.04079362353651273,-1.05700672758794,-3.505179491762178,-3.497962628645657,-3.507437783242626,-3.499716448208089,-3.449542157764519,-3.464911975181504,0.005543288625750558
music,existing_fake,data\raw\fake_music_generated\fake_music_MusicGen_0038.wav,generated_music::fake_music_generator_0038,5.62225,0.2511154990847004,0.79998779296875,3.185736427598668,0.07160246790061697,0.032470703125,0.1806640625,0.417633056640625,0.0029903508381875585,0.0,503.4741329843141,298.8307978135786,625.0,0.0035158377818574776,0.00020310255637848526,1.0357774999445397,-0.013449386512943647,-1.5383750786042478,-3.594983210749726,-3.5577061383417274,-3.6042639159236933,-3.572856336508567,-3.595749022468851,-3.6116253993063303,0.004521252942282744
music,existing_fake,data\raw\fake_music_generated\fake_music_MusicGen_0102.wav,generated_music::fake_music_generator_0102,5.848,0.2883385563164664,0.79998779296875,2.7744738795554014,0.10686459969861169,0.038238525390625,0.2044677734375,0.4755859375,0.0028535396716826266,0.0,777.4827196581589,442.5389394815753,1187.5,0.0043341474165737495,0.00047616450451086175,1.0439929310460263,-0.1408206465609602,-0.5607389954229901,-3.4550373888129364,-3.4992356461493457,-3.4823280966865906,-3.4880037854515105,-3.490639340328334,-3.478902385905037,0.00047352896983096486
music,existing_fake,data\raw\fake_music_generated\fake_music_MusicGen_0178.wav,generated_music::fake_music_generator_0178,5.1126875,0.30940185224790434,0.79998779296875,2.5855947117206326,0.0700471871103396,0.048126220703125,0.240020751953125,0.4979248046875,0.0020048164492744765,0.0,556.0987651488999,385.03603975089237,1031.25,0.003474045980739573,0.0002457034392050721,1.036128128564574,-0.08339904142494985,-0.7615188571009444,-3.6075960014153527,-3.579401091649176,-3.5863812773789316,-3.5694660290875215,-3.571308937285202,-3.619675905519132,0.0004961696512949462
music,existing_fake,data\raw\fake_music_generated\fake_music_MusicGen_0234.wav,generated_music::fake_music_generator_0234,5.0210625,0.2846339784143995,0.79998779296875,2.810584306993894,0.1127638916550488,0.037994384765625,0.201751708984375,0.47257690429687527,0.0024895129267958724,0.0,819.0083211409691,459.6084147465526,1187.5,0.005422767074093659,0.0003618427426505949,1.0416549910759108,-0.2006845532062498,-0.4348678069915058,-3.339925064597111,-3.3540729606633066,-3.3577543301998656,-3.355732269949503,-3.328781275158229,-3.404542795400592,0.0005804013997922192
music,existing_fake,data\raw\fake_music_generated\fake_music_MusicGen_0158.wav,generated_music::fake_music_generator_0158,5.5178125,0.3187831354612063,0.800018310546875,2.509600482439046,0.07286711068823343,0.047210693359375,0.255859375,0.507110595703125,0.0019255819221838364,0.0,523.1348598828226,351.7965166970261,968.75,0.0029994875954854846,0.0004104970807083024,1.0329557022103035,-0.05307335033300548,-0.9442178328890368,-3.63635859009036,-3.6882197505013514,-3.6752340763399856,-3.696721228780784,-3.5866993596807393,-3.655832532785031,0.0003264931289661842
music,existing_fake,data\raw\fake_music_generated\fake_music_MusicGen_0106.wav,generated_music::fake_music_generator_0106,5.1355,0.34900564969370723,0.79998779296875,2.292191526615204,0.036291942020519184,0.06493225097656252,0.28802490234375,0.5503631591796876,0.0013874014214779477,0.0,324.0330420206945,201.67532414254632,500.0,0.001794822448944078,0.0007068816190355573,1.031774185058872,-0.0038366620387844824,-2.097642870513573,-3.844685342235588,-3.8770570122839514,-3.8808962451367095,-3.904002994261277,-3.8438931137639267,-3.8743187040732394,0.00017130615194697394
music,existing_fake,data\raw\fake_music_generated\fake_music_MusicGen_0222.wav,generated_music::fake_music_generator_0222,5.0043125,0.2982569303724509,0.79998779296875,2.68221024057935,0.09026077833841235,0.039520263671875,0.214752197265625,0.4944519042968749,0.0028100763091833294,0.0,650.4948221531027,368.23153955294686,812.5,0.003845849561482146,0.0005126519266839371,1.0437759825438957,-0.06127394056787273,-0.8864925728144085,-3.498511557125219,-3.531525978857227,-3.5725354342903777,-3.5417877612834956,-3.5796013329273184,-3.539909422790963,0.0007497715074612762
music,existing_fake,data\raw\fake_music_generated\fake_music_MusicGen_0068.wav,generated_music::fake_music_generator_0068,4.0845625,0.27188427911459356,0.800018310546875,2.9424956571677465,0.05453543885420492,0.03656005859375,0.20166015625,0.4473205566406251,0.0027695744648294648,0.0,374.80549756481605,328.410719975212,625.0,0.0046169232300246965,0.0005338314674301301,1.0333061575538327,-0.0012292443666611786,-3.3964331536551633,-3.4281541538092224,-3.413193480715879,-3.40685152040018,-3.398716593661432,-3.351914087481256,-3.3666784777129792,0.014552046725102718
music,existing_fake,data\raw\fake_music_generated\fake_music_MusicGen_0026.wav,generated_music::fake_music_generator_0026,5.5035,0.2813080609119523,0.79998779296875,2.8438139681292007,0.08050650161830673,0.03680419921875,0.206207275390625,0.464141845703125,0.0024984101026619423,0.0,595.0284054081969,359.42780621948157,781.25,0.004214665357218948,0.0005795577133361477,1.0459924697300436,-0.0341446679318404,-1.1330258351506806,-3.517061037317165,-3.5105662607559096,-3.506345126082355,-3.4715533843840576,-3.460145808753328,-3.4146496260397146,0.0031169566567028476
music,existing_fake,data\raw\fake_music_generated\fake_music_MusicGen_0004.wav,generated_music::fake_music_generator_0004,5.82625,0.2931823927077761,0.800018310546875,2.728739277819722,0.05646917473905534,0.0494384765625,0.233367919921875,0.469635009765625,0.0020703711649860544,0.0,481.9895448905458,343.2551672894076,687.5,0.00527723693256569,0.0002681896070955264,1.0386206999735987,-0.03139834405676684,-1.172355044135102,-3.392870185357213,-3.355305734302807,-3.4316649250860687,-3.4090858977696907,-3.3419282714780976,-3.3544838550625995,0.005538581253956962
music,existing_fake,data\raw\fake_music_generated\fake_music_MusicGen_0180.wav,generated_music::fake_music_generator_0180,5.7940625,0.3527011244081417,0.79998779296875,2.268174773503169,0.031659906800138075,0.06757812499999999,0.300872802734375,0.545166015625,0.0014778059435844883,0.0,279.6199188161961,227.49781989532937,406.25,0.0024079764509660944,0.0004371007087251438,1.0332679487062992,-0.0005876230296481947,-3.7091366258064946,-3.728053666784419,-3.7000847570530877,-3.7863597969855474,-3.6944325327262932,-3.7327654482464725,-3.6584491475696064,0.0003167006294186891
music,existing_fake,data\raw\fake_music_generated\fake_music_MusicGen_0186.wav,generated_music::fake_music_generator_0186,5.321,0.3041712174637261,0.79998779296875,2.6300575039259013,0.10456334057673107,0.041015625,0.221649169921875,0.50390625,0.0024901334335651194,0.0,764.4793701753,383.55997835257665,1156.25,0.005812740056942973,0.00024597994880120087,1.0361071543540192,-0.0801733375202877,-0.7805490217212725,-3.330438403534112,-3.33106080810376,-3.3175322947069774,-3.325084362662354,-3.3564261193977765,-3.309166639479743,0.0008113391356190149
music,existing_fake,data\raw\fake_music_generated\fake_music_MusicGen_0230.wav,generated_music::fake_music_generator_0230,4.81725,0.34039096095215615,0.800018310546875,2.3502924646090175,0.04048005189750243,0.0594940185546875,0.28515625,0.5321044921875,0.001712595360423478,0.0,355.86227983437567,264.31651286011476,531.25,0.0025762215976169785,0.0004608158081370902,1.0332946238361536,-0.011547585592339543,-1.6013003918338047,-3.698312496180024,-3.6923310257914834,-3.708232378289135,-3.679292218024356,-3.708170508979284,-3.7191723234313234,0.00043024787245164595
music,existing_fake,data\raw\fake_music_generated\fake_music_MusicGen_0210.wav,generated_music::fake_music_generator_0210,4.754375,0.2985724294244819,0.79998779296875,2.6793759708851193,0.058604687849189555,0.05355529785156252,0.24505615234375,0.4696380615234377,0.0018667017220980677,0.0,500.0615671659077,423.62846399330687,968.75,0.005907107200236092,0.00026984751693925034,1.0364956138640415,-0.06857192072077019,-0.844177271025405,-3.330707559921457,-3.2806883603040062,-3.332006159384262,-3.336180882272455,-3.327587730349796,-3.2922237023210137,0.004005639633894501
music,existing_fake,data\raw\fake_music_generated\fake_music_MusicGen_0224.wav,generated_music::fake_music_generator_0224,5.0886875,0.28514970012642693,0.800018310546875,2.8056081075735677,0.044732123117738096,0.047393798828125,0.22802734375,0.453582763671875,0.0019897075621169505,0.0,376.57947297837853,286.6758567023419,531.25,0.0029881565763576748,0.00046611814730587086,1.032291922943353,-0.023971575997314972,-1.2809438644301852,-3.682102314824995,-3.6637904114726125,-3.6553006527921816,-3.687608056723411,-3.5875108197928984,-3.6491239858879325,0.002337143871788393
music,existing_fake,data\raw\fake_music_generated\fake_music_MusicGen_0288.wav,generated_music::fake_music_generator_0288,4.227625,0.333685394220476,0.79998779296875,2.397431253584249,0.037063319584275806,0.10165710449218751,0.3059234619140625,0.487579345703125,0.0006948345702374265,0.0,380.8181147665571,288.1524603376895,562.5,0.00330247127696629,0.0005920091828021355,1.032774640387089,-0.015668851548212005,-1.4695947066236843,-3.6482534512883897,-3.589416371552212,-3.6448122124031697,-3.5663786936127044,-3.5580598320089636,-3.580140402964406,0.00034033751844510815
music,existing_fake,data\raw\fake_music_generated\fake_music_MusicGen_0120.wav,generated_music::fake_music_generator_0120,5.440625,0.30447166116034946,0.79998779296875,2.6274622403936565,0.04954680697078657,0.05426025390625,0.24835205078125,0.48193359375,0.0016886846639862147,0.0,440.6848443758106,264.3404913392333,656.25,0.0016351507399721367,0.00047543935998103584,1.031879229361767,-0.023602606237930437,-1.2820831802347659,-3.973543804772312,-3.946655712793209,-3.959084827846843,-3.9799989485136202,-3.9372847751899744,-3.92991860293862,0.00018241908761172234
music,existing_fake,data\raw\fake_music_generated\fake_music_MusicGen_0044.wav,generated_music::fake_music_generator_0044,5.0984375,0.3081995536781178,0.800018310546875,2.5957802371849326,0.04842229141638267,0.050872802734375,0.24432373046875,0.4957153320312502,0.0019981612013484523,0.0,412.44711730251464,282.2064834677481,593.75,0.002519301395810657,0.0005986722342583862,1.0310764361041986,-0.019962117353520475,-1.3589310697649997,-3.7004768028919344,-3.7348421897853883,-3.7638850364917484,-3.703383378631422,-3.709505142661913,-3.665376455131964,0.0009019345200839782
music,existing_fake,data\raw\fake_music_generated\fake_music_MusicGen_0080.wav,generated_music::fake_music_generator_0080,5.8804375,0.26644912725714553,0.79998779296875,3.0024035027020197,0.09973853708309419,0.03636474609375001,0.190948486328125,0.43912963867187527,0.00275277137117774,0.0,720.413460694442,475.65861489932007,1062.5,0.007111880963793876,0.0003953392933776194,1.0425574426973163,-0.20713456908223604,-0.42492320448810256,-3.248238305791323,-3.265693394642574,-3.228333918087847,-3.2457959039392104,-3.2511549273130087,-3.2271865674822755,0.003312381017269375
music,existing_fake,data\raw\fake_music_generated\fake_music_MusicGen_0100.wav,generated_music::fake_music_generator_0100,5.0509375,0.2495742398737243,0.79998779296875,3.205410115136544,0.08280743435543346,0.03277587890625,0.179718017578125,0.412994384765625,0.00313060694178061,0.0,579.0641739657747,379.0806298527652,906.25,0.005212099394603857,0.00039069713024038365,1.0431556785753497,-0.06232812095348578,-0.8816468153809197,-3.4298816221467723,-3.420261936728133,-3.3901947413971087,-3.406974366656743,-3.406264058013578,-3.3734773934314077,0.008042983488799477
music,existing_fake,data\raw\fake_music_generated\fake_music_MusicGen_0236.wav,generated_music::fake_music_generator_0236,5.7521875,0.2894361896974206,0.79998779296875,2.7639521989460443,0.06363952452354564,0.046630859375,0.22906494140625,0.462371826171875,0.001999239419785951,0.0,530.0744910926468,375.7528358231303,1031.25,0.003616403079365454,0.00046099586731410943,1.0322249257304605,-0.0842638861484071,-0.7578491477033187,-3.558274125770333,-3.5278615816722625,-3.597291887476068,-3.497980182213679,-3.5616601828019983,-3.520427654782136,0.0014307554634003829
music,existing_fake,data\raw\fake_music_generated\fake_music_MusicGen_0030.wav,generated_music::fake_music_generator_0030,4.0805,0.2782674402533022,0.800018310546875,2.874997915022439,0.04448052445356656,0.04388427734375,0.22528076171875,0.437713623046875,0.002343462810930033,0.0,343.32766955888553,324.44024383204095,656.25,0.005388491970847585,0.0002869132564228534,1.04036709394755,-0.0013742551346849767,-3.3857120903416287,-3.318726702324174,-3.308488542164258,-3.3817398127610345,-3.3360596676844563,-3.341086101126668,-3.352626263047377,0.014671069228176702
music,existing_fake,data\raw\fake_music_generated\fake_music_MusicGen_0176.wav,generated_music::fake_music_generator_0176,4.83725,0.27676637975860946,0.79998779296875,2.890480388790303,0.05691582143549325,0.04510498046875,0.21844482421875,0.444854736328125,0.002067290299240271,0.0,485.54183108998876,329.5765555402286,687.5,0.0040560028335638485,0.0006773591054768859,1.0474908446692275,-0.03533847302011032,-1.1178520917146202,-3.4866733257639955,-3.524692565840517,-3.4937011427743427,-3.4885189506853225,-3.485718188934953,-3.499937941337415,0.004505419627574027
music,existing_fake,data\raw\fake_music_generated\fake_music_MusicGen_0216.wav,generated_music::fake_music_generator_0216,4.7901875,0.2952092478216229,0.800018310546875,2.7100042307288343,0.10519036559588738,0.038848876953125,0.21112060546875,0.4897094726562501,0.002609501193846796,0.0,743.1240090492381,453.11228660695514,1187.5,0.004656019431390677,0.00028636751949911256,1.0343111373135734,-0.09993315014531629,-0.69147084881402,-3.448431241484536,-3.4704995365134623,-3.498473414742385,-3.4931966392097484,-3.447155728854053,-3.42510014808427,0.000520581967558695
music,existing_fake,data\raw\fake_music_generated\fake_music_MusicGen_0294.wav,generated_music::fake_music_generator_0294,5.2265,0.31595585585334696,0.79998779296875,2.5319606462368265,0.058309316814751926,0.048065185546875,0.2423095703125,0.512908935546875,0.0020209509231799484,0.0,461.30015892909876,359.2701333162209,875.0,0.0056033751358500776,0.0005199158124470417,1.0323890755614022,-0.017714742136185603,-1.4292840131735414,-3.3567034764200776,-3.3464402339797084,-3.3022554601813554,-3.3200994135945674,-3.3485628225148183,-3.3578375712252297,0.003914642937868568
music,existing_fake,data\raw\fake_music_generated\fake_music_MusicGen_0108.wav,generated_music::fake_music_generator_0108,4.9563125,0.2940579263012813,0.800018310546875,2.7206146782358953,0.07319041614123581,0.04156494140625,0.220550537109375,0.48126220703125,0.0024211548404181535,0.0,535.5256451749207,368.1273617222841,687.5,0.004492881344457927,0.0002265496357369058,1.0355592421947413,-0.054137026668232544,-0.9387419923838585,-3.4751691170882286,-3.4554898772792644,-3.4765280387664874,-3.453000156718919,-3.472157343310668,-3.4663063377480556,0.002364550264759832
music,existing_fake,data\raw\fake_music_generated\fake_music_MusicGen_0046.wav,generated_music::fake_music_generator_0046,5.1598125,0.2920619217229734,0.79998779296875,2.7391033663318645,0.08935752701196763,0.041107177734375,0.215606689453125,0.48121337890625027,0.0027859539469699724,0.0,661.1119751760011,441.7683988526584,1156.25,0.005711015408338636,0.00031905328312506286,1.034149863108597,-0.07805362193803893,-0.791077781457181,-3.301699043289078,-3.3795216970180366,-3.336865874058939,-3.3374361113440187,-3.3626053821967967,-3.346341510852186,0.0021244725201251167
music,existing_fake,data\raw\fake_music_generated\fake_music_MusicGen_0150.wav,generated_music::fake_music_generator_0150,4.482125,0.32000842187912903,0.800018310546875,2.499991424753975,0.07136781336717192,0.0494384765625,0.248748779296875,0.5175903320312503,0.0020776975207072537,0.0,578.5064927594061,360.53673405682366,812.5,0.002158887842506972,0.0005052907233344949,1.0324478768532683,-0.04767922942378292,-0.9869672190148553,-3.808013091716814,-3.822097590257929,-3.835967139432936,-3.800334336986339,-3.844793492898277,-3.7598336173743383,0.00015588473742673986
music,existing_fake,data\raw\fake_music_generated\fake_music_MusicGen_0024.wav,generated_music::fake_music_generator_0024,5.3455625,0.2452415908645269,0.800018310546875,3.262164087774208,0.07205827331400243,0.03216552734375,0.176605224609375,0.41046142578125,0.0028294496603491212,0.0,509.18874750691435,350.74553926264565,781.25,0.006292791820155201,0.0005074032668463583,1.0449245509584515,-0.025696904759910533,-1.2641351024278273,-3.3199069705256075,-3.2893975998326184,-3.3321915631287977,-3.3176485113107335,-3.265672610065161,-3.2690783772495977,0.026798470514125886
music,existing_fake,data\raw\fake_music_generated\fake_music_MusicGen_0254.wav,generated_music::fake_music_generator_0254,5.277,0.2656612540522515,0.800018310546875,3.011422623148213,0.05290710757896981,0.039703369140625,0.2075958251953125,0.42867736816406277,0.00264117870001895,0.0,396.64358026889596,343.3962961765985,531.25,0.0062186272586065745,0.00029648319976264816,1.0349821168446645,-0.015065342425834105,-1.5085397369633717,-3.291221229044494,-3.268126139764079,-3.3471555102786428,-3.2537409900588043,-3.280255267199006,-3.2966993559771582,0.030518829469559958
music,existing_fake,data\raw\fake_music_generated\fake_music_MusicGen_0232.wav,generated_music::fake_music_generator_0232,5.5661875,0.31989701730772635,0.800018310546875,2.500862050168145,0.04950706281299827,0.049224853515625,0.24578857421875,0.519683837890625,0.002212016752939063,0.0,388.90739541300076,287.05358261423214,531.25,0.002985837128922593,0.0005830883014619429,1.0312350379029964,-0.029333966674197264,-1.1940729863152442,-3.6359611650629784,-3.6932817274416845,-3.6207125895271255,-3.6578697783120733,-3.650254337638244,-3.631371524579056,0.0010718209295282458
music,existing_fake,data\raw\fake_music_generated\fake_music_MusicGen_0008.wav,generated_music::fake_music_generator_0008,4.25675,0.27872231496506045,0.800018310546875,2.870305919521235,0.07915485926556741,0.036773681640625,0.200897216796875,0.46392822265625,0.002760321841780701,0.0,565.1782427509918,334.92170468598755,687.5,0.004295821720581061,0.0005217652069894327,1.032053288091905,-0.05336338320985518,-0.9445218357173975,-3.484287474417082,-3.443796483172381,-3.496186006400043,-3.4286643455857675,-3.5256014626224284,-3.4935756374870195,0.0028016185006161415
music,existing_fake,data\raw\fake_music_generated\fake_music_MusicGen_0268.wav,generated_music::fake_music_generator_0268,5.5535,0.2889718020047765,0.800018310546875,2.7684995733031807,0.05312025209611164,0.044891357421875,0.2257537841796875,0.46630859375,0.0021045286756099756,0.0,435.1748647035521,307.9931249986848,593.75,0.003543340715033033,0.00034615158247111935,1.0336691035929837,-0.020317121537463366,-1.3555866423103542,-3.5593620944980966,-3.59857966842793,-3.5639519361161582,-3.57380034201147,-3.5841109432826315,-3.5545016813353136,0.0024714935830393377
music,existing_fake,data\raw\fake_music_generated\fake_music_MusicGen_0190.wav,generated_music::fake_music_generator_0190,5.2289375,0.30253817654166365,0.800018310546875,2.6443549032123603,0.08184121823528005,0.043212890625,0.230255126953125,0.49468994140625,0.002247110431134432,0.0,635.0423152866812,402.26153374343716,1187.5,0.0037378209401461543,0.00023526461480524906,1.0370464447184322,-0.11801925055094492,-0.6267536331904275,-3.553933588977522,-3.5540158210986914,-3.491617595293301,-3.512070149566782,-3.56409073399148,-3.5063052310555953,0.0005113958093944985
music,existing_fake,data\raw\fake_music_generated\fake_music_MusicGen_0128.wav,generated_music::fake_music_generator_0128,4.7755625,0.3273804347900208,0.800018310546875,2.443696157530001,0.03338655638153073,0.061608886718750006,0.273193359375,0.513946533203125,0.0016751953303930165,0.0,287.62693729569907,251.62359370804973,437.5,0.003152994625409515,0.0004198396345044867,1.0337594123875369,-0.0008166178376629093,-3.60984628588904,-3.560300280890916,-3.572742317815976,-3.5650342895631013,-3.5506164505295232,-3.577405758879721,-3.565389697697269,0.0013874599911607088
music,existing_fake,data\raw\fake_music_generated\fake_music_MusicGen_0048.wav,generated_music::fake_music_generator_0048,4.6770625,0.2946343325160584,0.800018310546875,2.7152922190535,0.10355195638229635,0.040924072265625,0.211669921875,0.4926696777343751,0.002405355925861585,0.0,765.4806958307987,412.9856547293447,1187.5,0.005571006252657945,0.00027313116036721666,1.0356022826058442,-0.1286835207196534,-0.5954701969874344,-3.400003982781086,-3.3543037705598775,-3.338451661764929,-3.3596504497223396,-3.4030841078989895,-3.313690263809346,0.0008136392496605756
music,existing_fake,data\raw\fake_music_generated\fake_music_MusicGen_0264.wav,generated_music::fake_music_generator_0264,5.77925,0.33426897712089343,0.79998779296875,2.393245702485344,0.04017649539835833,0.05998840332031252,0.27423095703125,0.5274749755859376,0.0015356663926980145,0.0,354.975923879826,240.512329700717,531.25,0.0015266864055271374,0.0005107785946393138,1.0319795681672999,-0.019665102320925543,-1.3600520457850516,-4.025800302599941,-3.9867562138218897,-3.9679731671459844,-3.9945256089204775,-3.9956723883687646,-3.9314358959612274,0.00012097344473006402
music,existing_fake,data\raw\fake_music_generated\fake_music_MusicGen_0062.wav,generated_music::fake_music_generator_0062,4.827625,0.28623509007104175,0.800018310546875,2.7949693741194186,0.06020118848797918,0.047515869140625,0.2283935546875,0.45565490722656277,0.0019807876543849203,0.0,501.82062455003955,378.5016242419264,968.75,0.004501147946485124,0.0003937679501934371,1.0428836469407874,-0.06969384015908422,-0.8352784872398848,-3.4184326228106507,-3.4411660780985365,-3.4675308801069424,-3.485274674167369,-3.4441033817240654,-3.435921303026949,0.002694343955119758
music,existing_fake,data\raw\fake_music_generated\fake_music_MusicGen_0266.wav,generated_music::fake_music_generator_0266,4.6095625,0.3006336551838606,0.79998779296875,2.6610054435838064,0.0379786310879705,0.05222167968750002,0.2401123046875,0.48028564453125,0.001694846311336488,0.0,322.23650671829574,273.9003399103166,656.25,0.0033683009612411165,0.0005366900320638822,1.032287323656015,-0.0008377804573007427,-3.592681712671617,-3.5615316568931124,-3.53935798125095,-3.5441237115688775,-3.574908743435038,-3.5930449934437734,-3.5208405220849457,0.003135578274749359
music,existing_fake,data\raw\fake_music_generated\fake_music_MusicGen_0028.wav,generated_music::fake_music_generator_0028,4.4388125,0.24813462722738203,0.800018310546875,3.224130059903996,0.07473950999718389,0.0347900390625,0.181854248046875,0.408477783203125,0.0028019881443516704,0.0,560.1389563030937,392.95814918631726,1000.0,0.005699746875407255,0.0008694662933475912,1.053952622507896,-0.07954303815966358,-0.7832380760655118,-3.379996680041471,-3.341839609588784,-3.375465615891336,-3.338280043998255,-3.380699732222417,-3.331329901300851,0.012361729122976901
music,existing_fake,data\raw\fake_music_generated\fake_music_MusicGen_0076.wav,generated_music::fake_music_generator_0076,5.1944375,0.3521612245815315,0.800018310546875,2.2717387795817845,0.035471062447358925,0.068328857421875,0.3026123046875,0.546295166015625,0.001732622637196039,0.0,317.70660610147536,225.3849781811234,281.25,0.0023854662166900224,0.0006541130061172279,1.0318593675524452,-0.009559039955461267,-1.6849499782312476,-3.7033386891292364,-3.705504741267594,-3.738706588960927,-3.76336859453204,-3.760581898051207,-3.720447868491218,0.0004009881434414228
music,existing_fake,data\raw\fake_music_generated\fake_music_MusicGen_0092.wav,generated_music::fake_music_generator_0092,5.8970625,0.27344596044073793,0.800018310546875,2.925690726085008,0.06184288621332881,0.04291381835937502,0.21490478515625,0.43939208984375,0.00222568439795237,0.0,512.3009701590775,364.9213357969169,718.75,0.004850161255281905,0.00035585479177149034,1.0334509216425354,-0.0603452516116278,-0.894726796208977,-3.4439466734945174,-3.405768002952246,-3.438161077655521,-3.4055212514127544,-3.437833638385381,-3.373822856964225,0.005952643066554402
music,existing_fake,data\raw\fake_music_generated\fake_music_MusicGen_0022.wav,generated_music::fake_music_generator_0022,5.8976875,0.3006189904522234,0.79998779296875,2.661135252185241,0.04862126703545919,0.05035400390625,0.239105224609375,0.4796142578125,0.00197111155855579,0.0,417.32673182074143,283.1255424387239,593.75,0.0022613275200796816,0.000395714950156088,1.033097551693348,-0.02343248823483765,-1.2879898959776366,-3.7622970680439765,-3.765755547369257,-3.7897422430266627,-3.7940976889781233,-3.7560489321957164,-3.7990996682518445,0.0006225016938978489
music,existing_fake,data\raw\fake_music_generated\fake_music_MusicGen_0168.wav,generated_music::fake_music_generator_0168,5.409375,0.2712845247467042,0.800018310546875,2.949000910736963,0.050145004563888665,0.041290283203125,0.2074127197265625,0.4418975830078127,0.0023801270941652226,0.0,386.4619045270851,327.9491049672415,531.25,0.00569211919183483,0.0007102850014102473,1.0500681114574473,-0.021885851976419294,-1.3340291392546342,-3.2999005225756726,-3.3504378518492395,-3.331133921069348,-3.3297338157396035,-3.3660289101845597,-3.3087705071794424,0.02703389268888731
music,existing_fake,data\raw\fake_music_generated\fake_music_MusicGen_0184.wav,generated_music::fake_music_generator_0184,5.2946875,0.26106490147534583,0.800018310546875,3.064442236492776,0.07568996860023136,0.035125732421875,0.19183349609375,0.431365966796875,0.0027503983946172463,0.0,560.6735792682705,380.5261973179745,718.75,0.006626381080539388,0.00033815944463495926,1.0418446338034104,-0.05730595559074049,-0.9190918357021871,-3.3018322494891295,-3.2640879239919496,-3.2915005841825953,-3.2822489906869405,-3.266847278236213,-3.2830955162470343,0.013880390395066266
music,existing_fake,data\raw\fake_music_generated\fake_music_MusicGen_0142.wav,generated_music::fake_music_generator_0142,5.1454375,0.3189520969546624,0.79998779296875,2.5081753674203453,0.05310594465903846,0.058685302734375,0.256591796875,0.504913330078125,0.0013725752183366333,0.0,481.6111401051144,294.2499705441376,718.75,0.002134263345465689,0.0004729324323984777,1.032718734790625,-0.04133691817383202,-1.0464126642590303,-3.8304014531976938,-3.775060500840555,-3.856375764180556,-3.799107670298906,-3.8206655564334304,-3.7871370605264354,0.00019869335179871337
music,existing_fake,data\raw\fake_music_generated\fake_music_MusicGen_0238.wav,generated_music::fake_music_generator_0238,4.4696875,0.3025753692297741,0.800018310546875,2.644029858026366,0.07271303520988898,0.038360595703125,0.212921142578125,0.506182861328125,0.002447039082709921,0.0,524.091985536877,305.9786441472676,781.25,0.004534763554028243,0.00031315726372680905,1.039468927517257,-0.016239061117723677,-1.4606464370447285,-3.4544420778222635,-3.4593204286860253,-3.450848011843413,-3.4840692136575333,-3.476414141127706,-3.4380136434459887,0.0020000497012014414
music,existing_fake,data\raw\fake_music_generated\fake_music_MusicGen_0276.wav,generated_music::fake_music_generator_0276,5.1926875,0.28963700786046304,0.79998779296875,2.7620358284952182,0.0588936231674731,0.042327880859375,0.218841552734375,0.47442626953125,0.002202616660447986,0.0,441.97026932745945,351.5464043245037,781.25,0.005404419257153352,0.0006236363695053396,1.0456071045917166,-0.03375699971749618,-1.1409260643123476,-3.4107165362545104,-3.3745121375700675,-3.3592424306169284,-3.374461627605504,-3.397631597847653,-3.3719750289417063,0.007991284598021241
music,existing_fake,data\raw\fake_music_generated\fake_music_MusicGen_0228.wav,generated_music::fake_music_generator_0228,5.045375,0.29665095168330646,0.800018310546875,2.696833790713555,0.08384019820377826,0.03704833984375,0.21240234375,0.494964599609375,0.0029730198449074647,0.0,588.7580850813325,337.49438332132337,718.75,0.0028579497323831774,0.0003967955015987366,1.0414303883996407,-0.0543910232120386,-0.9338884185639791,-3.6664906043685423,-3.6891180532365064,-3.682947014786228,-3.696346534587896,-3.641642694468302,-3.6670586870522093,0.0006170958761345541
music,existing_fake,data\raw\fake_music_generated\fake_music_MusicGen_0160.wav,generated_music::fake_music_generator_0160,5.5598125,0.2916579929615227,0.800018310546875,2.7430014943990177,0.06348082197940555,0.04786987304687501,0.228912353515625,0.466949462890625,0.002169587553537102,0.0,531.5099627560674,392.15275801757156,1031.25,0.004606492249211936,0.00048776321493544607,1.0324718082569486,-0.09104875074046066,-0.7285245907330347,-3.42206787249126,-3.397553257860432,-3.4352714706978364,-3.4692548120006683,-3.4103327010133593,-3.3834029251949964,0.002711600544334349
music,existing_fake,data\raw\fake_music_generated\fake_music_MusicGen_0058.wav,generated_music::fake_music_generator_0058,5.3255,0.34957296928333664,0.79998779296875,2.2884715446071637,0.055194995716314386,0.063201904296875,0.28338623046875,0.5573822021484376,0.0017134541357619003,0.0,499.767925453169,266.3269397646481,781.25,0.0015669928322334479,0.0005655754469278947,1.0316153634143905,-0.02217803767515695,-1.3089783216080513,-3.957402102600052,-3.9740693462766887,-3.921039371468233,-3.9199684804339054,-3.907414911167363,-3.9539265320722587,4.571777887673853e-05
music,existing_fake,data\raw\fake_music_generated\fake_music_MusicGen_0204.wav,generated_music::fake_music_generator_0204,5.1064375,0.25146515893602167,0.800018310546875,3.1814280512332025,0.059619103571515994,0.04046630859375,0.202056884765625,0.400177001953125,0.0027171584886723867,0.0,502.7677654519439,382.6912374722333,968.75,0.004523152066457759,0.0002777819845074556,1.0344420113451291,-0.06301119982687796,-0.876229076263049,-3.4582232058643174,-3.441423329347656,-3.478952673027536,-3.4683897183035337,-3.4930499000064246,-3.42516683978607,0.006770949438917873
music,existing_fake,data\raw\fake_music_generated\fake_music_MusicGen_0134.wav,generated_music::fake_music_generator_0134,5.995375,0.3048644366683666,0.79998779296875,2.6240771200183692,0.06324732864216837,0.041778564453125,0.226470947265625,0.501434326171875,0.0023559827366928673,0.0,484.1107712582815,293.8720516068135,656.25,0.0028421744544158676,0.0005156033091621361,1.0317108043374477,-0.024584576879849936,-1.2696246971873597,-3.712214850750523,-3.6770303489866434,-3.6511455759300233,-3.663232785307148,-3.6864824444172544,-3.6281588356047316,0.0009407286431811065
music,existing_fake,data\raw\fake_music_generated\fake_music_MusicGen_0248.wav,generated_music::fake_music_generator_0248,5.2620625,0.28515062690956805,0.79998779296875,2.8054919662598397,0.0657307107563664,0.044525146484375,0.2188720703125,0.4642578125000001,0.002197332319789056,0.0,549.6936824791297,332.9088232892732,781.25,0.003568136706012818,0.0002160102881174534,1.0359295515920577,-0.024995730341474794,-1.2657677878938518,-3.6126835358510623,-3.498369089245217,-3.555082662869896,-3.5252147050327816,-3.54528152903005,-3.5567021866241104,0.001730410691020242
music,existing_fake,data\raw\fake_music_generated\fake_music_MusicGen_0284.wav,generated_music::fake_music_generator_0284,4.6621875,0.30063238786731716,0.800018310546875,2.6611181723373054,0.05446818778990267,0.040435791015625,0.221710205078125,0.498016357421875,0.002305784570011395,0.0,385.6035035865938,279.47477646743585,656.25,0.002862582568809895,0.00022445183666143032,1.0356059107893172,-0.0006856712514460971,-3.659351071740551,-3.6765048859348255,-3.6371595059853705,-3.6144877460869633,-3.676989471565875,-3.6147658029000533,-3.6553378952743656,0.0013179931689383372
music,existing_fake,data\raw\fake_music_generated\fake_music_MusicGen_0188.wav,generated_music::fake_music_generator_0188,5.702375,0.315338543047925,0.800018310546875,2.537014038354609,0.04970571149862446,0.056396484375,0.255767822265625,0.5008331298828126,0.0016002104386330256,0.0,442.2779370043823,271.51653741572403,656.25,0.0020504303366471596,0.0005471485302324118,1.0313139687626562,-0.02254436861797814,-1.3038049657156145,-3.7898081249441837,-3.8254400331010454,-3.8068618750249246,-3.8544117773203532,-3.798878221722479,-3.8600985169782622,0.0003005743794222762
music,existing_fake,data\raw\fake_music_generated\fake_music_MusicGen_0042.wav,generated_music::fake_music_generator_0042,5.037875,0.28509322820752897,0.79998779296875,2.806056804640803,0.06943737981514794,0.03985595703125,0.213623046875,0.4675445556640625,0.0025060169218172343,0.0,524.904620658247,349.56231850782325,687.5,0.004368429348668598,0.00045491430221750336,1.032019569205538,-0.043549959471484684,-1.0295275094357539,-3.4898741073390944,-3.4822504147304993,-3.4740410742740027,-3.488286455577246,-3.528980117088265,-3.4235334450231996,0.0030902580409386798
music,existing_fake,data\raw\fake_music_generated\fake_music_MusicGen_0286.wav,generated_music::fake_music_generator_0286,4.8540625,0.3344523368203622,0.79998779296875,2.3919336326791214,0.047422229089410795,0.054595947265625,0.26287841796875,0.539886474609375,0.0018927444794952682,0.0,401.8903228923687,259.8284471310969,593.75,0.0026802938321692964,0.00046685924775539955,1.0331203360287136,-0.005320870567614563,-1.9622615731925623,-3.6659619438851023,-3.7011300111022942,-3.6628922262982324,-3.679737227079491,-3.6769652802075723,-3.6623360686718307,0.0005561927044792468
music,existing_fake,data\raw\fake_music_generated\fake_music_MusicGen_0298.wav,generated_music::fake_music_generator_0298,4.346125,0.3169425115078934,0.79998779296875,2.5240785439690896,0.05494916375454794,0.06050720214843752,0.267852783203125,0.4931427001953126,0.0015531076533693807,0.0,494.79122310303256,329.0584137811434,781.25,0.004337381091073738,0.00041471890578354713,1.0409092255108845,-0.032717780854667665,-1.1516078962196699,-3.472466753765864,-3.4981592662176397,-3.45087423759914,-3.4977434962992473,-3.460360326546057,-3.441511571509854,0.001239420268227639
music,procedural_fake,data/generated_v8/audio/train/music/proc_music_train_00115__additive_band.wav,proc::music::train::00115,6.129,0.2100421944265333,0.857421875,4.082141101891322,0.037241365244791616,0.02081298828125,0.1559600830078125,0.331085205078125,0.03355971610376897,0.0,362.00880173739273,479.82407287463536,562.5,0.02637383399400951,0.003922800956577824,2.7575137075082865,-0.02139715232235804,-1.4280733357497413,-2.2851767049525544,-2.7859511375550254,-2.9364078077920515,-3.0263983111067234,-3.051266694177721,-3.0242132751866224,0.9917742883191181
music,procedural_fake,data/generated_v8/audio/train/music/proc_music_train_00053__subtractive_sequence.wav,proc::music::train::00053,4.317,0.17496796792075545,0.707763671875,4.045104257000644,0.031706504900754294,0.011538696289062511,0.118804931640625,0.28832702636718754,0.058808200138985404,0.0,339.1747567454632,568.7642203792892,500.0,0.03714096506508105,0.003363652773703476,3.086990004677624,-0.018555759822405173,-1.5223282756010377,-2.4613023733631727,-2.7973396254956957,-2.8083541626939246,-2.752965832788976,-2.7823355930728373,-2.753234009409926,0.9991780960930858
music,procedural_fake,data/generated_v8/audio/train/music/proc_music_train_00087__subtractive_sequence.wav,proc::music::train::00087,6.743,0.17995192775748375,0.873291015625,4.852912811258739,0.05199885064929046,0.021597290039062522,0.125152587890625,0.289093017578125,0.01843578525878689,0.0,554.6811176378758,747.912954528706,875.0,0.07658551024637911,0.0029183774174006863,2.3376705173935326,-0.05324877934063596,-1.1137393617655467,-1.6770099772986884,-2.1334769638064746,-2.4935840841383254,-2.6188147964706983,-2.6510094833478224,-2.659058453931049,0.9993875292544597
music,procedural_fake,data/generated_v8/audio/train/music/proc_music_train_00031__subtractive_sequence.wav,proc::music::train::00031,4.859,0.14062760870825555,0.742156982421875,5.27746286265555,0.04651222618113528,0.008697509765625,0.0966796875,0.23040771484375,0.06358046923235233,0.0,507.35489540695596,748.7626618501721,750.0,0.07046975716703585,0.0026122457917297577,2.75555117523355,-0.04795432920608012,-1.1632674345964473,-1.767964979376452,-2.094832660224298,-2.3575060768861222,-2.610793846355005,-2.7442026114908944,-2.670954884539502,0.999902080709102
music,procedural_fake,data/generated_v8/audio/train/music/proc_music_train_00115__subtractive_sequence.wav,proc::music::train::00115,6.129,0.17720274612423464,0.80731201171875,4.555866257020383,0.042768424380245355,0.01104736328125,0.118927001953125,0.29046630859375,0.05918583782019905,0.0,506.1989475080972,708.0893886222302,750.0,0.06601615238825563,0.0034399578906023757,3.413553955702693,-0.05129712731098824,-1.1173371067435605,-1.7279287435086175,-2.1074617949483967,-2.4906675781459273,-2.709120725526782,-2.754165344697538,-2.7908096112100225,0.9998295947032935
music,procedural_fake,data/generated_v8/audio/train/music/proc_music_train_00069__fm_percussive.wav,proc::music::train::00069,6.587,0.1686219553198133,0.7227783203125,4.286383223001166,0.09374614530652522,0.018096923828125,0.11859130859375,0.274810791015625,0.025618642781235768,0.0,681.9797014077153,699.0893153440417,1218.75,0.044172199005217246,0.0030963761830179507,2.632573598154274,-0.10163634579703382,-0.7772601675597289,-1.501968991737972,-2.3330471824815633,-2.8092851111064157,-2.887440341718434,-2.86462837983024,-2.881841881561705,0.9840316936525048
music,procedural_fake,data/generated_v8/audio/train/music/proc_music_train_00112__subtractive_sequence.wav,proc::music::train::00112,4.334,0.2076344283934293,0.90411376953125,4.3543538348954325,0.03818698354556336,0.024383544921875,0.144775390625,0.336761474609375,0.02089582371942778,0.0,378.94752633248515,658.3490803094219,531.25,0.051727257639351515,0.00339603530123011,2.2826083647312077,-0.030379927141595774,-1.3347521250512138,-2.0424785281598727,-2.422402671601212,-2.6326705032632995,-2.6981678875491535,-2.7099724147630284,-2.6646191593309445,0.9987169501742138
music,procedural_fake,data/generated_v8/audio/train/music/proc_music_train_00033__additive_band.wav,proc::music::train::00033,6.015,0.19346148612563874,0.82623291015625,4.270787569675101,0.033188208522532445,0.010650634765625,0.142913818359375,0.3031036376953127,0.0609621778886118,0.0,293.1890995229589,487.4276805234845,343.75,0.027866668232785198,0.0038770017770008857,2.530961042639847,-0.012790676638420703,-1.7054016713107818,-2.4826890391997813,-2.920065468885827,-2.910167114937756,-2.8971192930125955,-2.9345911568725476,-2.9342115751748032,0.998294703755661
music,procedural_fake,data/generated_v8/audio/train/music/proc_music_train_00007__additive_band.wav,proc::music::train::00007,4.399,0.17650630189355174,0.7703857421875,4.364635902077354,0.03623033971271472,0.0086669921875,0.1234130859375,0.28692626953125,0.06528472380086384,0.0,374.20550516152986,532.3290108672134,531.25,0.029127978649389607,0.0038776004374104743,3.5965486271193243,-0.02735386312344447,-1.3452026392569052,-2.107268355203513,-2.5015620366935907,-2.801268641674617,-2.9226223563691947,-2.9379167427399415,-3.0060338503900494,0.9993446420552395
music,procedural_fake,data/generated_v8/audio/train/music/proc_music_train_00119__subtractive_sequence.wav,proc::music::train::00119,5.659,0.16524382483728178,0.739990234375,4.478171787076946,0.03271373822382735,0.015594482421875,0.110595703125,0.271728515625,0.03189609471638099,0.0,321.7691079116788,588.15686287649,468.75,0.04024153406251942,0.0031941401769723377,3.2914376030173256,-0.018512972415509612,-1.562376216904354,-2.3123866046319255,-2.6259216575668374,-2.7345881607208895,-2.7476882821558664,-2.760565600143557,-2.760254211678297,0.9993104848971803
music,procedural_fake,data/generated_v8/audio/train/music/proc_music_train_00024__additive_band.wav,proc::music::train::00024,5.316,0.1924067819680394,0.75885009765625,3.9439883038130237,0.03390747163600023,0.014801025390625,0.140472412109375,0.3102264404296875,0.04788609857035365,0.0,297.97972178421975,448.13123348661753,406.25,0.021639647033296835,0.003964960520643096,2.688032127491582,-0.01287012729606505,-1.6541605387045502,-2.7018160933514315,-2.9463238412499777,-3.026759765459407,-3.0193617161125714,-2.999329973199326,-2.9959701314823484,0.9929079792879129
music,procedural_fake,data/generated_v8/audio/train/music/proc_music_train_00101__subtractive_sequence.wav,proc::music::train::00101,6.288,0.1777679896343703,0.907989501953125,5.10772217101999,0.041408649497549875,0.015350341796875,0.11614990234375,0.290496826171875,0.039877544529262086,0.0,480.48805365634684,726.7062873400426,718.75,0.06460505871538057,0.00367087083433138,3.2861640507726086,-0.049420230418402974,-1.1497976900584046,-1.7124693821542247,-2.0699468111714356,-2.5321220094860633,-2.6705854453269713,-2.733643515826698,-2.7184763544570316,0.9998859469330275
music,procedural_fake,data/generated_v8/audio/train/music/proc_music_train_00113__subtractive_sequence.wav,proc::music::train::00113,6.144,0.15316366374623766,0.7923583984375,5.173279216866237,0.050517278211244826,0.00799560546875,0.100006103515625,0.2503570556640624,0.06719970703125,0.0,562.5504996554866,814.321691306296,843.75,0.08464045812605916,0.0031575315030886223,3.1569330720843536,-0.0596542186840608,-1.0983235013329953,-1.5840768344904217,-2.040143220509545,-2.233669226638243,-2.549998654840548,-2.6344920368716513,-2.6106194326394316,0.9999645597554583
music,procedural_fake,data/generated_v8/audio/train/music/proc_music_train_00008__fm_percussive.wav,proc::music::train::00008,6.57,0.15877641560196665,0.758880615234375,4.77955502621244,0.04941066790970234,0.017822265625,0.1102294921875,0.2569915771484377,0.03343797564687976,0.0,352.70550133855244,533.2084128359901,625.0,0.028702256212550237,0.003451644928251295,3.1377683658918594,-0.025492556417765738,-1.3262252723645496,-2.437049631279029,-2.860237606277249,-2.9211339456856886,-2.916577981515716,-2.9592769279598783,-2.8917621733925967,0.9971408192602386
music,procedural_fake,data/generated_v8/audio/train/music/proc_music_train_00009__fm_percussive.wav,proc::music::train::00009,4.654,0.1737651449220989,0.74560546875,4.290880481722985,0.08490122611229738,0.01483154296875,0.112640380859375,0.2818206787109374,0.03843467984529437,0.0,614.3093744550877,721.4037880364658,1000.0,0.041747013382270604,0.004002941730845202,3.6190942942123683,-0.076940447906908,-0.9898026774281923,-1.334215422436794,-2.1200996330863147,-2.8675962285387016,-2.6932878032927063,-2.8597425946461827,-2.882621160584734,0.998481098934556
music,procedural_fake,data/generated_v8/audio/train/music/proc_music_train_00082__fm_percussive.wav,proc::music::train::00082,5.1,0.19541703653640216,0.879913330078125,4.502746258329505,0.06541746835132783,0.020416259765625,0.13116455078125,0.320159912109375,0.019742647058823528,0.0,463.64458437507096,550.0869444484529,843.75,0.03030347673790855,0.0042643028659148235,3.4171394712796883,-0.04425896730628138,-1.0613961988683944,-2.37671218628139,-2.873121592618078,-2.956680095678502,-2.971646398525894,-2.9096338479792454,-2.947281639359707,0.9920568784061248
music,procedural_fake,data/generated_v8/audio/train/music/proc_music_train_00106__subtractive_sequence.wav,proc::music::train::00106,5.526,0.1904093276839861,0.886932373046875,4.658030065201833,0.0415540349488209,0.011810302734375,0.123382568359375,0.314788818359375,0.057636626854867895,0.0,462.8848465525872,716.493941347699,750.0,0.06683174253818203,0.0038346436192890072,3.4159553050237603,-0.042176637590181885,-1.2028753427934398,-1.8432479058561273,-2.2185642534040264,-2.5078376011421066,-2.662012936209957,-2.640316849338875,-2.72023333558032,0.9999002687404769
music,procedural_fake,data/generated_v8/audio/train/music/proc_music_train_00013__additive_band.wav,proc::music::train::00013,4.071,0.20224169311842194,0.746337890625,3.6903265549106354,0.04086896445843249,0.02679443359375,0.15521240234375,0.3221588134765625,0.013464136575779906,0.0,329.00789651924316,505.35960833670146,468.75,0.029736762176112375,0.0030211015559040637,2.1426846627140694,-0.01698594630630497,-1.5643339911781913,-2.3405900881826707,-2.785014355483323,-2.8443578424283267,-2.9210984648290608,-2.9542662783844515,-2.942597303646759,0.9739455230395019
music,procedural_fake,data/generated_v8/audio/train/music/proc_music_train_00005__additive_band.wav,proc::music::train::00005,3.566,0.18348214001445634,0.870880126953125,4.746402711917952,0.033231092805187976,0.01708984375,0.139678955078125,0.288177490234375,0.035789399887829504,0.0,266.65661627686507,449.58111875918013,375.0,0.02186123322102219,0.003183340644937049,2.2419813107326,-0.010261730329531232,-1.7890925290206063,-2.693456594266918,-2.9720655967787915,-3.000236082309711,-3.006765719580885,-3.0202953763091442,-2.97094662977784,0.993008836203744
music,procedural_fake,data/generated_v8/audio/train/music/proc_music_train_00024__subtractive_sequence.wav,proc::music::train::00024,5.316,0.15061375737210222,0.70355224609375,4.671234941410917,0.03647051907589207,0.01373291015625,0.099945068359375,0.2442626953125,0.037116723100075244,0.0,392.0670859602235,631.3926363025174,531.25,0.047391013865052914,0.00300682119325679,2.823288046834656,-0.029753385004418726,-1.3177303357372032,-2.1341927724968652,-2.579416367572639,-2.6247309523565736,-2.67467346432269,-2.7307899624493874,-2.7497048229694396,0.9994722557200634
music,procedural_fake,data/generated_v8/audio/train/music/proc_music_train_00071__fm_percussive.wav,proc::music::train::00071,6.325,0.2074155053395167,0.90679931640625,4.371897438052752,0.08308382493898162,0.0269775390625,0.141998291015625,0.33538818359375,0.015138339920948617,0.0,590.6222184999502,666.2935121416963,1156.25,0.04346675311689455,0.0038088809450285022,2.762967059506689,-0.08198797017152983,-0.8347428962020734,-1.8097123392638945,-2.4086595059653435,-2.755293328053676,-2.7953781466736647,-2.835646040444684,-2.8207065975702306,0.9875957842498837
music,procedural_fake,data/generated_v8/audio/train/music/proc_music_train_00108__additive_band.wav,proc::music::train::00108,6.512,0.19274012550095396,0.783355712890625,4.064310484672522,0.04269082742271405,0.015869140625,0.134552001953125,0.319732666015625,0.00538429054054054,0.0,376.346411939199,542.0694510028188,500.0,0.03395161067212763,0.00389423548380838,2.914256881348835,-0.021989319960906136,-1.4553881200376269,-2.1906812235001047,-2.532242665876978,-2.832112044442058,-2.9118597507800046,-2.9485976090859025,-2.9496394133533688,0.9954578549443752
music,procedural_fake,data/generated_v8/audio/train/music/proc_music_train_00060__subtractive_sequence.wav,proc::music::train::00060,6.562,0.1924207915407497,0.84149169921875,4.373184895877242,0.03093598498918955,0.01654052734375,0.129180908203125,0.31573486328125,0.04044117647058824,0.0,303.40620485714084,612.9576175907855,406.25,0.04269161379354559,0.0038659907396094103,2.9542282458976095,-0.018097151407421404,-1.582477582547121,-2.3384308213289255,-2.6512538237383314,-2.695619588860682,-2.730591919194454,-2.702522303383476,-2.7027943721441043,0.9995464914982278
music,procedural_fake,data/generated_v8/audio/train/music/proc_music_train_00015__subtractive_sequence.wav,proc::music::train::00015,5.204,0.14210124345925274,0.78338623046875,5.512873859498524,0.03389260535892293,0.00537109375,0.08917236328125,0.238525390625,0.07759656033820138,0.0,376.37774936061635,696.6960422282793,562.5,0.05513482992201082,0.003200621796153956,4.362605419804834,-0.026378593720495114,-1.407396752063804,-2.209786512337626,-2.5280797044135723,-2.5646273906734667,-2.5702057172299653,-2.5661856140234476,-2.597073463373601,0.9999827667209197
music,procedural_fake,data/generated_v8/audio/train/music/proc_music_train_00108__subtractive_sequence.wav,proc::music::train::00108,6.512,0.15155657669372052,0.857025146484375,5.654819904096477,0.04889097906728988,0.012725830078125,0.1011962890625,0.24694519042968777,0.04400529791154791,0.0,480.8861535489862,744.5201736584529,687.5,0.07155536707996467,0.002885449686391368,2.637800236221113,-0.04293231282529305,-1.2230208828521285,-1.7655345224834769,-2.162006671687673,-2.445456043679195,-2.6413512523895175,-2.6587289331694617,-2.6615046793180515,0.999901131615043
music,procedural_fake,data/generated_v8/audio/train/music/proc_music_train_00111__fm_percussive.wav,proc::music::train::00111,4.268,0.1715482641227668,0.751617431640625,4.381375908897204,0.05277724896393164,0.02294921875,0.134368896484375,0.26983642578125,0.00396848641049672,0.0,358.8580981245385,625.1633280043961,593.75,0.03939931681586909,0.003129811920152899,2.694608421418171,-0.03966497541612138,-1.12838163829465,-2.4156260681343062,-2.703990727271152,-2.75397436834184,-2.7477958607850272,-2.745302582498795,-2.766205650789033,0.9956429060716661
music,procedural_fake,data/generated_v8/audio/train/music/proc_music_train_00086__additive_band.wav,proc::music::train::00086,3.412,0.26129143569750457,0.900421142578125,3.4460415442798396,0.04550200582513601,0.02090759277343751,0.20135498046875,0.42303161621093754,0.04621556271981243,0.0,415.9382791170699,505.94305150471996,562.5,0.027533510152389005,0.004539978581705354,2.240319132129915,-0.03098374900973621,-1.2844156450542024,-1.9937330192780471,-2.554251031223679,-2.8509249374844643,-3.055070879970335,-3.094033630842067,-3.0577968335058494,0.9794791991824906
music,procedural_fake,data/generated_v8/audio/train/music/proc_music_train_00050__fm_percussive.wav,proc::music::train::00050,6.431,0.1858032545539906,0.894134521484375,4.812265122215918,0.040915496379804656,0.02105712890625,0.1331787109375,0.3000335693359375,0.003479241175555901,0.0,313.73492525274366,594.4968674828375,500.0,0.03453034470322333,0.003935583048348361,3.189385413871596,-0.0129402658134623,-1.75324354414751,-2.6886624807040502,-2.7436413810395495,-2.6820476145139547,-2.7424572990878993,-2.6951435018591163,-2.7106531491482664,0.9989186941664717
music,procedural_fake,data/generated_v8/audio/train/music/proc_music_train_00075__additive_band.wav,proc::music::train::00075,7.038,0.16217854059968692,0.738311767578125,4.552462766331924,0.0374577068921115,0.014862060546875,0.1216888427734375,0.258819580078125,0.036427252060244386,0.0,389.85917282232435,481.4695478799852,500.0,0.023064257983235765,0.0031776598698453774,2.890476155650394,-0.020236139930338168,-1.4764407007299492,-2.1770590622061925,-2.6147283791717624,-3.107835981538055,-3.119155006448649,-3.105946854658862,-3.1323768929738405,0.9932670741089386
music,procedural_fake,data/generated_v8/audio/train/music/proc_music_train_00113__fm_percussive.wav,proc::music::train::00113,6.144,0.21765472031413666,0.905517578125,4.160339719800631,0.07767819903766925,0.018798828125,0.15118408203125,0.35888671875,0.047566731770833336,0.0,542.2944522863601,694.5366589412926,875.0,0.04754160447696607,0.004597470010424234,3.157898566217476,-0.06595334794316828,-1.0012357015205784,-1.5221309980476763,-2.3318985171452584,-2.76081308321863,-2.7879657239510034,-2.8112846023160287,-2.8064687949537435,0.998557205070525
music,procedural_fake,data/generated_v8/audio/train/music/proc_music_train_00003__additive_band.wav,proc::music::train::00003,5.234,0.26619315481308103,0.869354248046875,3.2658775491703738,0.027130625843354073,0.0194091796875,0.19866943359375,0.43743896484375,0.0038092281238058844,0.0,220.64130352958716,442.26028984773865,312.5,0.020010999039662147,0.0049643926804442936,2.588613887809412,-0.007754306319992865,-1.9514180753585662,-2.8568166037001537,-3.000886299366809,-2.9664977141886006,-3.0574203375689324,-2.963787453088576,-2.9661417262338845,0.9725273184619856
music,procedural_fake,data/generated_v8/audio/train/music/proc_music_train_00020__subtractive_sequence.wav,proc::music::train::00020,6.725,0.19920474581559364,0.87921142578125,4.413606825387319,0.03416388628147102,0.01806640625,0.14093017578125,0.32244873046875,0.0032899628252788106,0.0,322.99967064349295,629.8582973010617,437.5,0.04789695522044354,0.003421715331209123,2.241009759583223,-0.020508285618663854,-1.5245427606694752,-2.2786812853877625,-2.5943094840677747,-2.645130751351746,-2.6678656249550676,-2.7109452979874864,-2.683595854821457,0.9986691711864271
music,procedural_fake,data/generated_v8/audio/train/music/proc_music_train_00015__fm_percussive.wav,proc::music::train::00015,5.204,0.19051639249221355,0.794281005859375,4.169095349062089,0.04407720115777716,0.019784545898437533,0.141937255859375,0.30499267578125,0.04548184089162183,0.0,309.5976841243707,565.8494655350243,531.25,0.027858581970752538,0.003935773067508496,2.978708994833961,-0.01960986805237045,-1.466972751244336,-2.692333454420878,-2.816717652398063,-2.800931585061838,-2.794121080919887,-2.7548317762452417,-2.816650683916676,0.9979896757375857
music,procedural_fake,data/generated_v8/audio/train/music/proc_music_train_00076__fm_percussive.wav,proc::music::train::00076,6.908,0.2008609009198096,0.8680419921875,4.32160758122882,0.038777855184706,0.00640869140625,0.1475830078125,0.32635498046875,0.08470251881876086,0.0,314.90391078770875,517.1731303887943,562.5,0.02467601087332077,0.004594864351391459,4.313797004935314,-0.01953068525827238,-1.4655093818549845,-2.4329697138177866,-2.888752807587418,-2.928505881238831,-2.9339650262327566,-2.9206701876269503,-2.916249511375316,0.9996324570814722
music,procedural_fake,data/generated_v8/audio/train/music/proc_music_train_00119__fm_percussive.wav,proc::music::train::00119,5.659,0.2209093326931041,0.83941650390625,3.799823636570395,0.03960549131351954,0.03277587890625,0.15887451171875,0.3600372314453124,0.003180773988337162,0.0,290.3170670967365,452.6053961937005,500.0,0.019619962464924617,0.004151442169545953,2.7643686790547406,-0.007681545691426859,-1.9376398399467083,-2.979276263819124,-3.0207032040852115,-3.013528242529169,-2.9857754715266545,-3.0070742054131303,-3.000427926890016,0.9612085556633232
music,procedural_fake,data/generated_v8/audio/train/music/proc_music_train_00105__subtractive_sequence.wav,proc::music::train::00105,6.498,0.17033460286741403,0.711334228515625,4.176099374648598,0.04285975357565381,0.019195556640625,0.119171142578125,0.2765899658203126,0.022689673745767927,0.0,401.0388619780773,676.5296959398294,531.25,0.05453805800523152,0.0028972026473750817,2.2193670608418037,-0.02687335328659177,-1.4157685166336995,-2.0732040143521018,-2.442746069032597,-2.5304959056169714,-2.630940354899425,-2.689817837459874,-2.6526461648238735,0.9988114427247561
music,procedural_fake,data/generated_v8/audio/train/music/proc_music_train_00025__fm_percussive.wav,proc::music::train::00025,6.335,0.16834210764865634,0.8134765625,4.832282153659331,0.08305133239278209,0.0150146484375,0.11669921875,0.27203369140625,0.04168310970797159,0.0,573.0647838447289,657.9129698113635,1031.25,0.04291701921712977,0.003461765242698939,2.7299390215789234,-0.07959818270215455,-0.8350574785650765,-1.9165025638223208,-2.588325567631186,-2.7396251816199624,-2.7999694771254857,-2.7868411162429623,-2.8159232492203974,0.9965448382039873
music,procedural_fake,data/generated_v8/audio/train/music/proc_music_train_00078__additive_band.wav,proc::music::train::00078,4.179,0.2544230842416536,0.88909912109375,3.494569385257804,0.05025200783692027,0.02398681640625,0.191925048828125,0.40871276855468763,0.006221584111031347,0.0,471.8030878900608,557.2560008102721,625.0,0.03694410941358036,0.0043317110801028525,2.2934799704033204,-0.036922584225944105,-1.2061791863158857,-1.9426736385416081,-2.576432235485404,-2.721195729076002,-2.983309935989514,-2.948589271553509,-2.9313584174795944,0.9751165001412139
music,procedural_fake,data/generated_v8/audio/train/music/proc_music_train_00002__fm_percussive.wav,proc::music::train::00002,3.98,0.16691297433687857,0.75408935546875,4.517859432225921,0.058009704926270826,0.0166015625,0.1067352294921875,0.27496337890625,0.02881595477386935,0.0,457.97401293137705,524.3866061029523,875.0,0.02289290339034876,0.003925089420642455,3.8059337403937845,-0.029054389049580534,-1.2493779025331666,-2.5837447811904077,-2.9532500433382647,-2.9627475609576965,-2.9306180904912997,-2.9434961555412245,-2.8949512002502957,0.9942268882256866
music,procedural_fake,data/generated_v8/audio/train/music/proc_music_train_00014__subtractive_sequence.wav,proc::music::train::00014,3.941,0.15252316762847978,0.80914306640625,5.3050502358906115,0.054460391721512964,0.01715087890625,0.106048583984375,0.245208740234375,0.02592933265668612,0.0,587.219377040111,816.7745740376037,968.75,0.08107707279604492,0.0025605639762492608,2.357088038082626,-0.06644612046144999,-1.0240237263507717,-1.6024560768360632,-2.065691773131754,-2.226762931835467,-2.5141557882341568,-2.647707125507008,-2.6139450535705566,0.9997627315436384
music,procedural_fake,data/generated_v8/audio/train/music/proc_music_train_00029__subtractive_sequence.wav,proc::music::train::00029,4.176,0.1867705006829931,0.864044189453125,4.626234797751457,0.045857966025593055,0.023223876953125,0.122802734375,0.30712890625,0.004879070881226054,0.0,457.85594427150875,706.1129092234576,687.5,0.05156147769580243,0.0035069305333691164,2.8689751758040027,-0.04165938555725545,-1.224039209493168,-1.8467650233240374,-2.0674185411918162,-2.4047062125919996,-2.687294997691639,-2.8154246376853043,-2.837526457675808,0.9991174892294881
music,procedural_fake,data/generated_v8/audio/train/music/proc_music_train_00032__subtractive_sequence.wav,proc::music::train::00032,3.687,0.1539278455471072,0.74298095703125,4.8268132019289025,0.03702259666728823,0.018585205078125,0.1074676513671875,0.24761962890625,0.01864659614863032,0.0,358.42887885161747,689.8790341811678,500.0,0.05273842717219187,0.002642452633160073,2.3674001096809483,-0.025713988716553615,-1.4593839121603926,-2.019470834793944,-2.4804556165976934,-2.596599664893578,-2.607925012413635,-2.6332940728814,-2.5895642349707897,0.9994667183726789
music,procedural_fake,data/generated_v8/audio/train/music/proc_music_train_00040__additive_band.wav,proc::music::train::00040,7.031,0.21712776300149958,0.837005615234375,3.854899086436009,0.03376150051113383,0.014373779296875,0.16253662109375,0.350341796875,0.05583309628786801,0.0,302.5828212016822,509.06818151130534,406.25,0.029115103519575254,0.004074775711737412,2.6474597179522323,-0.01559168282779038,-1.6098238516302736,-2.377801816134698,-2.80086033545538,-2.9005789578464207,-2.9008748814107808,-2.898838392695122,-2.93562283923393,0.9971525352705278
music,procedural_fake,data/generated_v8/audio/train/music/proc_music_train_00017__subtractive_sequence.wav,proc::music::train::00017,6.382,0.14564272326229258,0.727447509765625,4.9947398227067055,0.03715564434781757,0.014984130859375,0.09930419921875,0.237457275390625,0.02822391099968662,0.0,368.0003800075458,690.7556907362347,531.25,0.05617484673305077,0.0027038239314304035,2.519416397602489,-0.02483269835294727,-1.4685648135527043,-2.0928725299335365,-2.476966776036638,-2.6072571884261997,-2.556968994982392,-2.6285908943671377,-2.5894024792341472,0.9997333186468874
music,procedural_fake,data/generated_v8/audio/train/music/proc_music_train_00049__fm_percussive.wav,proc::music::train::00049,3.833,0.18309939902407932,0.755462646484375,4.125970104276663,0.03809088982014447,0.027923583984375,0.148834228515625,0.2809539794921876,0.029415601356639707,0.0,267.8168284628956,517.8237264253501,406.25,0.02336901270031591,0.00292181819001727,2.191381762365505,-0.013901396993670616,-1.6322514216609953,-2.8352023517730034,-2.916550693179547,-2.8834826010262034,-2.9126987215352305,-2.840409369713853,-2.814343729833236,0.9885342913171575
music,procedural_fake,data/generated_v8/audio/train/music/proc_music_train_00110__additive_band.wav,proc::music::train::00110,5.666,0.18582207615055282,0.7823486328125,4.210202840369957,0.05197727648778335,0.0217437744140625,0.14056396484375,0.291717529296875,0.023219643487469115,0.0,501.9905532018623,588.3554533812426,750.0,0.03429182405675295,0.0030119794433855407,2.2112504292783535,-0.039402125674823256,-1.199482603635527,-1.8559573366592452,-2.379465678018395,-2.7279008727099296,-2.7533559246408728,-3.062864797935316,-3.020396037040766,0.9901683949107465
music,procedural_fake,data/generated_v8/audio/train/music/proc_music_train_00017__fm_percussive.wav,proc::music::train::00017,6.382,0.23120986613337852,0.90618896484375,3.919335191003462,0.042267728256505176,0.018768310546875,0.15966796875,0.38189697265625,0.04472539956126606,0.0,301.528720568204,519.0438547472019,593.75,0.02607570477581805,0.005324066924568049,3.690289530003862,-0.015392796003406092,-1.5722819358925757,-2.8607059366507763,-2.8649201499322583,-2.8974061863206777,-2.884956482936962,-2.8860939819067437,-2.8429840766895156,0.9979499328211356
music,procedural_fake,data/generated_v8/audio/train/music/proc_music_train_00038__subtractive_sequence.wav,proc::music::train::00038,7.14,0.13103134391055443,0.716888427734375,5.471121689965591,0.03848072899797792,0.011077880859375,0.083282470703125,0.215484619140625,0.03876050420168067,0.0,477.8585695718442,654.6854127815004,718.75,0.05539863704069041,0.002808218016845648,3.5639507873831353,-0.04342633043024962,-1.1651884590330877,-1.8188977176711192,-2.3515477798335147,-2.640757334892672,-2.783382553201056,-2.778901753808707,-2.803493713838382,0.9997914333096006
music,procedural_fake,data/generated_v8/audio/train/music/proc_music_train_00083__additive_band.wav,proc::music::train::00083,7.033,0.2526841771234493,0.905487060546875,3.5834735314847106,0.031032552187475006,0.03094482421875,0.1876983642578125,0.4039306640625,0.021132518128821273,0.0,269.74588281337725,457.5899201261231,343.75,0.02337100039765524,0.004478733745323511,2.674830035161161,-0.011307799178507777,-1.7519384465501795,-2.5464078861499355,-3.0082497248205735,-3.0040102342528794,-2.97456303281868,-2.980467249993034,-2.9676144157973665,0.9813976981049559
music,procedural_fake,data/generated_v8/audio/train/music/proc_music_train_00055__additive_band.wav,proc::music::train::00055,6.387,0.2149326398104509,0.83978271484375,3.9071902507890584,0.029161080721394252,0.018890380859375,0.159576416015625,0.34765625,0.004423046813840614,0.0,253.37057651640143,462.64287159356724,343.75,0.023632242592320697,0.003976380650997143,2.4943154323883383,-0.009565354960837607,-1.8608367886619708,-2.608608869527926,-2.9147952927461147,-2.9636633127048615,-2.962040678201385,-2.9600079048012278,-2.977743343511049,0.9887494578510405
music,procedural_fake,data/generated_v8/audio/train/music/proc_music_train_00074__fm_percussive.wav,proc::music::train::00074,4.449,0.1419136081809819,0.705291748046875,4.969866928810795,0.06203728418302123,0.015380859375,0.094482421875,0.23149719238281263,0.026438525511350865,0.0,471.1656671769949,571.9701538707716,812.5,0.034218477560689964,0.0030238577876584003,3.396318463259822,-0.05606647887759087,-0.9575544156741193,-2.385234656699759,-2.8630472264995004,-2.8401815272693804,-2.8675116610852758,-2.9261388342534125,-2.8637235048639273,0.995980534366771
music,procedural_fake,data/generated_v8/audio/train/music/proc_music_train_00089__additive_band.wav,proc::music::train::00089,5.82,0.22324140602360243,0.889678955078125,3.9852775115744556,0.03737153534724385,0.0177001953125,0.16839599609375,0.3569671630859377,0.046176975945017185,0.0,329.100781513378,479.63063475474866,500.0,0.026332041129954135,0.004030388706837326,2.3252169482422476,-0.017728485384276037,-1.5160666460182701,-2.394424381322413,-2.841602499823813,-3.006928373482184,-2.993169043335318,-2.9855416937894432,-2.9919969690270296,0.9914643061295294
music,procedural_fake,data/generated_v8/audio/train/music/proc_music_train_00092__fm_percussive.wav,proc::music::train::00092,4.87,0.179899115136358,0.78839111328125,4.382406843322569,0.042120663766218765,0.0152587890625,0.120330810546875,0.2981292724609377,0.03587012320328542,0.0,335.7096920401467,517.506171574917,562.5,0.02646724241826855,0.00422787759902279,4.0844731391909574,-0.024287733225760364,-1.3359949458576497,-2.695687651063208,-2.872164627702129,-2.927470175482051,-2.9661205352568336,-2.8489280751077137,-2.913321785528085,0.9983839053163953
music,procedural_fake,data/generated_v8/audio/train/music/proc_music_train_00042__additive_band.wav,proc::music::train::00042,6.43,0.21975573447244173,0.893524169921875,4.065987957342367,0.035070325333644375,0.022216796875,0.16314697265625,0.355194091796875,0.031259720062208396,0.0,322.66622719205674,480.0107917983171,406.25,0.026231314885513116,0.00384375477441022,2.2735025505298996,-0.01720192494283309,-1.535574098597524,-2.3717461344573163,-2.8947036674724655,-2.958692345084443,-3.0021134328873256,-2.9904602923661545,-2.9751864952767346,0.9898633802505641
music,procedural_fake,data/generated_v8/audio/train/music/proc_music_train_00031__fm_percussive.wav,proc::music::train::00031,4.859,0.1963538187421763,0.74981689453125,3.8187028871376425,0.06889366245192494,0.018035888671875,0.148040771484375,0.313568115234375,0.04801656719489607,0.0,458.8852796278134,612.1118977232242,750.0,0.03701849795938181,0.003643421060243655,2.5762784711304456,-0.05126411668896873,-1.0490216985223033,-1.8677680010317472,-2.4663231982825096,-2.8121216797258137,-2.919371859882409,-2.961748246142514,-2.920938581006205,0.9927655883616652
music,procedural_fake,data/generated_v8/audio/train/music/proc_music_train_00065__additive_band.wav,proc::music::train::00065,7.048,0.22090170451871113,0.816680908203125,3.6970330762384376,0.027117862495233534,0.02203369140625,0.165985107421875,0.353363037109375,0.034007874574347334,0.0,240.95314496653558,471.1720032602871,281.25,0.024028515382361695,0.003956245658434779,2.4087444987747073,-0.008584516686441078,-1.9281739464530592,-2.7507361544118307,-2.9230408359359172,-2.943628280013065,-2.893790167513422,-2.9210682472750302,-2.9244855461414314,0.9918227771488566
music,procedural_fake,data/generated_v8/audio/train/music/proc_music_train_00072__additive_band.wav,proc::music::train::00072,5.807,0.22187173528616388,0.805816650390625,3.6319031324621203,0.0340325688024023,0.02472229003906251,0.163360595703125,0.35888366699218777,0.020460220423626656,0.0,343.3554861410474,478.38924370103456,500.0,0.024235333455230993,0.004323807724678589,3.0491578716776124,-0.02044669745548423,-1.4545519775449582,-2.266972768595642,-2.726939372306724,-3.0217522596956403,-3.0277885832201954,-3.073629756615579,-3.0647816182783494,0.9868883232195176
music,procedural_fake,data/generated_v8/audio/train/music/proc_music_train_00056__additive_band.wav,proc::music::train::00056,5.373,0.22109390275646587,0.817718505859375,3.6985122414709415,0.02812707201600614,0.02435302734375,0.162017822265625,0.3549591064453126,0.024916247906197654,0.0,235.40621413062135,425.60440706398725,343.75,0.019096692890981325,0.004078924064589957,2.8413134953492563,-0.008919229899569682,-1.8611766810029724,-2.6798227094685934,-3.062941379110855,-3.0133982091281237,-3.0574951797966077,-3.063290027975398,-3.0476470362369796,0.9829103267062863
music,procedural_fake,data/generated_v8/audio/train/music/proc_music_train_00106__additive_band.wav,proc::music::train::00106,5.526,0.19769280116832155,0.861907958984375,4.359834823982896,0.038160945540915,0.016021728515625,0.149871826171875,0.3146209716796875,0.04469779225479551,0.0,333.48904783829676,496.95997229765607,437.5,0.02819159075668612,0.0035218481523936244,2.3373265309469113,-0.017418120963644212,-1.5483065975279124,-2.3049597795852637,-2.7223656145305033,-3.009408149074341,-2.995023744633092,-2.971331832847632,-2.9543892498880178,0.99536116486384
music,procedural_fake,data/generated_v8/audio/train/music/proc_music_train_00025__additive_band.wav,proc::music::train::00025,6.335,0.1751759415393731,0.76861572265625,4.387678558493682,0.04662634793160943,0.00885009765625,0.1298065185546875,0.28271484375,0.06574585635359116,0.0,440.0732303612254,543.0080140253007,593.75,0.034901107134329624,0.0033477758033471617,2.4789058577127507,-0.03116582036529022,-1.2805082872255282,-2.023735633989737,-2.6792137595841945,-2.7155847120278365,-2.9143941327811533,-2.9748214071402734,-2.9728591671373645,0.9981552966128466
music,procedural_fake,data/generated_v8/audio/train/music/proc_music_train_00096__fm_percussive.wav,proc::music::train::00096,5.84,0.12594935367438623,0.712921142578125,5.660379523830051,0.05802716210575884,0.005218505859375,0.087646484375,0.201568603515625,0.0790132705479452,0.0,471.48402945971344,525.4411457403094,875.0,0.025045814976661838,0.0029176349701323756,3.23892424518711,-0.042296503387199404,-1.0958640946723914,-2.1495429456161763,-2.8382405177014167,-2.9542028078894975,-2.9711344049241637,-3.0346769437258105,-3.0155909021433867,0.99886834320779
music,procedural_fake,data/generated_v8/audio/train/music/proc_music_train_00068__additive_band.wav,proc::music::train::00068,3.858,0.19864581785052882,0.755615234375,3.8038315759738937,0.04432420172695903,0.0184326171875,0.141937255859375,0.3233734130859376,0.03708203732503888,0.0,469.0837293488249,556.1184481688026,656.25,0.028109658428914698,0.0038171739543002422,2.7989637323061918,-0.03675376567517749,-1.211031728451155,-1.9749357263569784,-2.3170051736311157,-2.844185405098472,-2.9158896891587287,-3.1053425979158837,-3.1023866562545197,0.991491485787439
music,procedural_fake,data/generated_v8/audio/train/music/proc_music_train_00081__subtractive_sequence.wav,proc::music::train::00081,3.597,0.18660723440129207,0.83184814453125,4.4577486355239095,0.054490799464822506,0.01861877441406251,0.12872314453125,0.3006591796875,0.02827008618293022,0.0,545.9232763578729,750.8385431466847,875.0,0.0738604288268302,0.0032268634987095515,2.4438675082830064,-0.055629660706525495,-1.088122545144872,-1.6556111289244348,-2.179231441564356,-2.5044612109671633,-2.636784376973888,-2.6311212867391927,-2.6782176421457655,0.9992350020026586
music,procedural_fake,data/generated_v8/audio/train/music/proc_music_train_00100__additive_band.wav,proc::music::train::00100,4.084,0.2592693497367373,0.874847412109375,3.3742801183313684,0.0377699217972851,0.029946899414062506,0.185760498046875,0.42284240722656263,0.003703476983349657,0.0,325.5099974838564,522.0878900286051,500.0,0.030818070385258887,0.0045884449204691745,2.724224222801275,-0.019499599963509442,-1.4954775646710854,-2.312013504811493,-2.651137531398849,-2.9089007551503183,-2.908377787596567,-2.95199669128099,-2.899801652602457,0.9806281279920948
music,procedural_fake,data/generated_v8/audio/train/music/proc_music_train_00022__fm_percussive.wav,proc::music::train::00022,3.484,0.18483933001340436,0.755828857421875,4.089112730321318,0.06860054177206107,0.008758544921875,0.140045166015625,0.292327880859375,0.07441159586681975,0.0,486.9284570560535,663.6788703008774,875.0,0.03567670395168596,0.0037324133764718654,2.7596083679404897,-0.05698283125957305,-0.9892887807495853,-1.9259725333025635,-2.644456313541228,-2.793663398324694,-2.777902025589958,-2.8259319819177455,-2.8033443393714186,0.9978153611720862
music,procedural_fake,data/generated_v8/audio/train/music/proc_music_train_00011__fm_percussive.wav,proc::music::train::00011,7.154,0.1662103699582289,0.721099853515625,4.338476917516325,0.10183203305871766,0.01409912109375,0.113067626953125,0.273468017578125,0.042755800950517196,0.0,758.9491715689232,768.5289014857552,1187.5,0.05382658645270283,0.0032141945454102826,2.7543343215091562,-0.11147457366795102,-0.7667440506533362,-1.424383906451528,-1.9955594661503013,-2.665753970886534,-2.681464383616993,-2.7682560383170403,-2.7970987024781993,0.9959093749253987
music,procedural_fake,data/generated_v8/audio/train/music/proc_music_train_00090__subtractive_sequence.wav,proc::music::train::00090,3.9,0.1581132880913678,0.797210693359375,5.042022103156166,0.02657093863683713,0.012478637695312517,0.100860595703125,0.261566162109375,0.04394230769230769,0.0,279.38049998973656,597.38559273099,375.0,0.036910190602134685,0.0034235300659070356,3.927626247627003,-0.013233957891641298,-1.7593387170408552,-2.651221120073765,-2.616048626683666,-2.7020369039302548,-2.7287142901438353,-2.6743028936127393,-2.7023242639989182,0.9998484276028842
music,procedural_fake,data/generated_v8/audio/train/music/proc_music_train_00072__fm_percussive.wav,proc::music::train::00072,5.807,0.17682130177042893,0.75091552734375,4.2467481000602545,0.04681899882683428,0.01702880859375,0.11572265625,0.29498291015625,0.03150292750129154,0.0,365.6632858181938,534.6447491930617,625.0,0.026039347852908595,0.004064229243018565,3.8171222316625824,-0.028194766797231763,-1.2977181235884558,-2.1713925935881355,-2.924247611244882,-2.9509397808501054,-2.960846012054806,-2.929716260720927,-2.936943617578076,0.9976586774010434
music,procedural_fake,data/generated_v8/audio/train/music/proc_music_train_00059__subtractive_sequence.wav,proc::music::train::00059,5.41,0.14765419025664953,0.8822021484375,5.974785726731318,0.027310851557896927,0.011138916015625,0.099090576171875,0.2431640625,0.053280961182994455,0.0,263.105693303301,596.2078637747497,343.75,0.03738185154140432,0.0029562846493950507,2.8374882194678,-0.013770952245719201,-1.7462076717115058,-2.4426824744688562,-2.665350101519643,-2.768134373495532,-2.7236771350646816,-2.7525623392855083,-2.669502370080189,0.9998868595471652
music,procedural_fake,data/generated_v8/audio/train/music/proc_music_train_00056__subtractive_sequence.wav,proc::music::train::00056,5.373,0.1862205861118861,0.821533203125,4.411613239319319,0.03340816825060779,0.01812744140625,0.120147705078125,0.311553955078125,0.02782430671877908,0.0,323.0069843948541,614.3258363179715,406.25,0.04297517452482222,0.0037895392335540834,3.323071385104096,-0.021537334826046278,-1.47256808749298,-2.3335869208684925,-2.6101886504354406,-2.7353806571039816,-2.7238030716729313,-2.7499679926968,-2.6781152427767037,0.9994843880737498
music,procedural_fake,data/generated_v8/audio/train/music/proc_music_train_00119__additive_band.wav,proc::music::train::00119,5.659,0.17969004910124697,0.719024658203125,4.001471766519403,0.028229680925085317,0.006103515625,0.1335296630859375,0.2927764892578124,0.07745405548683514,0.0,257.58631961387516,425.42109563124757,312.5,0.01904314873024106,0.003597473744670007,2.815296193341627,-0.00887650862444227,-1.8409366466034258,-2.886633376427776,-3.067018438988444,-3.0705657201996233,-3.054440306686064,-3.023369083826174,-3.011844273853906,0.9963159694590367
music,procedural_fake,data/generated_v8/audio/train/music/proc_music_train_00085__fm_percussive.wav,proc::music::train::00085,3.715,0.2052126426027536,0.8599853515625,4.190703558295099,0.03926714783223136,0.030517578125,0.1498870849609375,0.33349914550781246,0.02481493943472409,0.0,233.99519913126883,508.0100940193951,343.75,0.02158514042627964,0.004477148408925836,3.1480736010024994,-0.018991943875431846,-1.453410567590084,-2.7947123464348627,-2.95188961787682,-2.9170878958944475,-2.9469963152604297,-2.9055216196010836,-2.892875673414128,0.9952725689641119
music,procedural_fake,data/generated_v8/audio/train/music/proc_music_train_00107__subtractive_sequence.wav,proc::music::train::00107,3.781,0.17453305909562442,0.884307861328125,5.066706937415359,0.04978923878006447,0.007049560546875,0.11505126953125,0.2870941162109375,0.076054615181169,0.0,557.5837581565796,784.3955712154745,875.0,0.07770186802524057,0.0034619053409173225,3.2610989929818426,-0.05773085568810769,-1.079045909858038,-1.661975914346945,-2.076667925756378,-2.463547655402865,-2.5941871564716377,-2.6442862980051256,-2.568438006367547,0.9999467870166782
music,procedural_fake,data/generated_v8/audio/train/music/proc_music_train_00042__subtractive_sequence.wav,proc::music::train::00042,6.43,0.16972186723147387,0.831146240234375,4.897107566586117,0.04168003188211394,0.01629638671875,0.115386962890625,0.27752685546875,0.03393273716951788,0.0,426.72457129204287,696.5472808607803,625.0,0.06098181437918108,0.0030224502898049386,2.5338304926677386,-0.03638478953020897,-1.2547004707500091,-2.00390243018297,-2.2531105838233065,-2.5356814592875923,-2.6928613082925805,-2.6957891549222888,-2.640713925339778,0.999666196513606
music,procedural_fake,data/generated_v8/audio/train/music/proc_music_train_00097__additive_band.wav,proc::music::train::00097,5.097,0.19875802901465364,0.84100341796875,4.231292804311046,0.05513114492771395,0.0130615234375,0.1428680419921875,0.32476806640625,0.05326662742789876,0.0,537.3690831950489,646.8989235885385,750.0,0.044137472380148535,0.0038871372585085164,2.944784530601538,-0.04526566517992271,-1.153193528048469,-1.7780758834520431,-2.311763018737046,-2.6243536186324286,-2.648133228651992,-2.899542323696931,-2.895082107493003,0.9988176613169074
music,procedural_fake,data/generated_v8/audio/train/music/proc_music_train_00040__subtractive_sequence.wav,proc::music::train::00040,7.031,0.1653424996295796,0.853485107421875,5.161922127305178,0.03717498555491355,0.014129638671875,0.1097412109375,0.2675323486328125,0.040988124022187454,0.0,377.44785467679793,695.0931258464947,531.25,0.058292143689121216,0.003317021746473529,3.0550640682737327,-0.028782209051088557,-1.373059968029462,-2.1414748681925837,-2.341623945637356,-2.5380621602035163,-2.5769269582614585,-2.65928064541593,-2.6467018562516045,0.9998971211484627
music,procedural_fake,data/generated_v8/audio/train/music/proc_music_train_00087__fm_percussive.wav,proc::music::train::00087,6.743,0.20419864820291653,0.9063720703125,4.438678112167612,0.07611667763493285,0.013641357421875,0.147430419921875,0.331634521484375,0.057670917989025655,0.0,563.9750301591337,649.2498733033252,1000.0,0.04297386578343381,0.003920593203768038,2.635099156449122,-0.07060611487891894,-0.8999255086041248,-1.8109752047670553,-2.596365836969142,-2.8087480540312413,-2.819319793517496,-2.8178784456088253,-2.8073611592664696,0.9966022023281192
music,procedural_fake,data/generated_v8/audio/train/music/proc_music_train_00007__subtractive_sequence.wav,proc::music::train::00007,4.399,0.17172556795975544,0.75421142578125,4.391957672593067,0.039583422133185574,0.014291381835937506,0.1151580810546875,0.28253173828125,0.04556433280290975,0.0,451.71701826415796,756.0336232868134,656.25,0.06913874479350622,0.0033051486899750497,2.9905474433494645,-0.0442807478670836,-1.2044627509344903,-1.8119942880845614,-2.115042144508507,-2.378340098273647,-2.5473744816810044,-2.6734944802699396,-2.6472830390412914,0.9998529770789155
music,procedural_fake,data/generated_v8/audio/train/music/proc_music_train_00036__subtractive_sequence.wav,proc::music::train::00036,4.374,0.17004679643708898,0.90765380859375,5.337670733065226,0.054470371375905574,0.016632080078125,0.1134033203125,0.273651123046875,0.03406492912665752,0.0,651.532673993902,874.7739554750867,1031.25,0.07859720330859121,0.0033260897993022277,2.7229743938901434,-0.07583469766122966,-1.0213360547539674,-1.434743441497781,-1.9598488090917066,-2.0145169616101897,-2.506687157253678,-2.6518350190567186,-2.6417826386701257,0.999903921453079
music,procedural_fake,data/generated_v8/audio/train/music/proc_music_train_00037__fm_percussive.wav,proc::music::train::00037,3.463,0.2123087934395019,0.8931884765625,4.2070253525180386,0.10005955926146516,0.021881103515625,0.1455841064453125,0.3492828369140626,0.028389402252382328,0.0,825.4875436327341,815.2629177235739,1562.5,0.039118137687422484,0.004526093086796909,3.503093566377258,-0.10423008189762842,-0.9373669949546184,-1.0923434705581856,-1.9609209735329105,-2.833989054905085,-2.6320521009052897,-2.966025286045831,-2.9243876565251767,0.9920660146354949
music,procedural_fake,data/generated_v8/audio/train/music/proc_music_train_00057__subtractive_sequence.wav,proc::music::train::00057,6.969,0.14168056232315082,0.731231689453125,5.161129215349257,0.058922181465969524,0.017098999023437533,0.096038818359375,0.2296142578125,0.015237121538240781,0.0,716.943552871608,874.8715691557154,1187.5,0.08898896769914742,0.002576911881277421,2.609882225602311,-0.08768306697100367,-0.9419951848543999,-1.4374036282955338,-1.8112339924855896,-2.0398495070435154,-2.4357204535487837,-2.7382807750230693,-2.710916103502008,0.9997374182997565
music,procedural_fake,data/generated_v8/audio/train/music/proc_music_train_00067__fm_percussive.wav,proc::music::train::00067,5.357,0.22594161392614168,0.784332275390625,3.471393612541939,0.034767999439978534,0.037994384765625,0.1708221435546875,0.35736083984375,0.01667211125630017,0.0,275.8031011579878,501.234582158713,468.75,0.024022244212454545,0.004000218804050507,2.5495691787469545,-0.00908837581980678,-1.8924356948455903,-2.8688894782859156,-2.8566694508721535,-2.8773867130248694,-2.926250133861328,-2.901609406210763,-2.8570256570640664,0.975089936869606
music,procedural_fake,data/generated_v8/audio/train/music/proc_music_train_00017__additive_band.wav,proc::music::train::00017,6.382,0.23051719820946276,0.87603759765625,3.800313401606703,0.028713850613548003,0.012908935546875,0.165740966796875,0.37371520996093777,0.05974811971168913,0.0,245.32685911841708,434.08067616816163,281.25,0.02012085221612673,0.0048981109229252594,3.116327744237921,-0.009284673381550096,-1.830109136371657,-2.8495093175191157,-2.9978336952886293,-2.978553011438019,-2.9946640943148264,-3.062973952668694,-2.992534998101129,0.9968028157908564
music,procedural_fake,data/generated_v8/audio/train/music/proc_music_train_00059__fm_percussive.wav,proc::music::train::00059,5.41,0.22411573596555637,0.82147216796875,3.6653926348795047,0.027380168440023566,0.041351318359375,0.16937255859375,0.3574554443359377,0.01581561922365989,0.0,202.01444177951566,451.8111220267385,312.5,0.018436423243348276,0.004513427388112952,3.1372858741325107,-0.006549511981684856,-2.0797958738267677,-2.9108307104092783,-2.937191659838707,-2.9834546659124204,-2.9821408264895966,-2.9776491154342613,-2.9473171808369303,0.9861028110464657
music,procedural_fake,data/generated_v8/audio/train/music/proc_music_train_00087__additive_band.wav,proc::music::train::00087,6.743,0.2180197926274057,0.829833984375,3.8062323350301526,0.047086303261746086,0.024435424804687522,0.15899658203125,0.3521820068359376,0.02617529289633694,0.0,429.0699811881728,542.5884904728688,562.5,0.03549730265582571,0.00378027086640825,2.44984122439669,-0.0273334454015087,-1.3412932480713062,-2.1121246920150147,-2.5322039175475823,-2.9359810152082253,-2.954553820728809,-2.9032365544398133,-2.9046804127631862,0.9895188031702113
music,procedural_fake,data/generated_v8/audio/train/music/proc_music_train_00079__subtractive_sequence.wav,proc::music::train::00079,5.79,0.14729045777483324,0.732269287109375,4.971600320699757,0.034175671153617804,0.011810302734375,0.099700927734375,0.240936279296875,0.04981649395509499,0.0,403.42280874497834,656.6997355443424,593.75,0.052007895442111284,0.0029027732622097517,2.724844470362008,-0.02948032676327389,-1.3592346306518237,-1.9926913107291746,-2.4575313649362056,-2.668598714145078,-2.678298845724452,-2.705952652729901,-2.6919883327994834,0.9997404777550986
music,procedural_fake,data/generated_v8/audio/train/music/proc_music_train_00092__subtractive_sequence.wav,proc::music::train::00092,4.87,0.18254016349694097,0.90399169921875,4.952289303903791,0.034548698006904605,0.019195556640625,0.12030029296875,0.2978515625,0.024383983572895278,0.0,388.6369890391135,660.0053099827949,562.5,0.05087313732280596,0.0036994350565132776,3.011992135268389,-0.027505782546297233,-1.3883639956304927,-2.0750905563726816,-2.471978503563417,-2.6155947360631764,-2.716912682776613,-2.6792716605299884,-2.6462187222112727,0.9996968101930616
music,procedural_fake,data/generated_v8/audio/train/music/proc_music_train_00006__subtractive_sequence.wav,proc::music::train::00006,4.116,0.1322679207772304,0.720428466796875,5.446736159179838,0.050444157619011464,0.011505126953125,0.087860107421875,0.2127685546875,0.04189443634596696,0.0,543.6588984371762,793.8744525780069,781.25,0.08460017864781495,0.0026541207523530746,2.7842676179931165,-0.055615744943274356,-1.0891325279838655,-1.7188571686402947,-2.1618949239278495,-2.3853736877932037,-2.4980036761005056,-2.5940069080243897,-2.5346536319810147,0.9999312016214364
music,procedural_fake,data/generated_v8/audio/train/music/proc_music_train_00010__fm_percussive.wav,proc::music::train::00010,4.779,0.21663658703337302,0.86822509765625,4.007749150527834,0.06954997842093562,0.02850341796875,0.159637451171875,0.3478302001953124,0.003557229545930111,0.0,525.7048142814448,675.4556505468137,937.5,0.04269489695764226,0.0038614055257507967,2.8204786011675327,-0.06796779063475206,-0.9349603827871041,-1.7156840026256284,-2.616286191939837,-2.764022363041263,-2.739337425532898,-2.751422396362292,-2.76111646813416,0.9892820334271688
music,procedural_fake,data/generated_v8/audio/train/music/proc_music_train_00069__subtractive_sequence.wav,proc::music::train::00069,6.587,0.13395203626571306,0.700286865234375,5.227892645433592,0.059492746059910236,0.012542724609375,0.0928955078125,0.21575927734375,0.03744117200546531,0.0,652.6942503119919,796.4567975922408,1093.75,0.08624629553260417,0.0022317173978829716,2.4274681504387443,-0.07853960323763315,-0.9506857832179615,-1.5033914498195666,-1.976157892964723,-2.3356096402379496,-2.5709701247047168,-2.7022776789291,-2.6613555431557105,0.99967758096345
music,procedural_fake,data/generated_v8/audio/train/music/proc_music_train_00103__subtractive_sequence.wav,proc::music::train::00103,3.592,0.16008628346270284,0.74957275390625,4.682304677782632,0.04684101546867116,0.012542724609375,0.114288330078125,0.25646667480468754,0.05115534521158129,0.0,485.15505155681785,716.6132986104873,750.0,0.06422527939228269,0.0026683372737563646,2.1100782662398996,-0.046875021261568756,-1.1460784357090348,-1.7574807465626532,-2.3515362320320405,-2.6809411285979508,-2.6733737985274333,-2.6364641327667138,-2.6143535721633633,0.9994609584826396
music,procedural_fake,data/generated_v8/audio/train/music/proc_music_train_00055__fm_percussive.wav,proc::music::train::00055,6.387,0.19385724377756827,0.88726806640625,4.576914687925209,0.03558043271912399,0.02255554199218751,0.1474609375,0.311187744140625,0.0482131673712228,0.0,278.8278233269168,517.6088221477685,437.5,0.0262203602105305,0.0039032585970444744,2.881567694970455,-0.013623767749271891,-1.6512797686559322,-2.6749276809488305,-2.903163252770265,-2.8960404490657363,-2.8826004847152293,-2.8902742812900395,-2.8762439461487355,0.9979745371510589
music,procedural_fake,data/generated_v8/audio/train/music/proc_music_train_00047__fm_percussive.wav,proc::music::train::00047,6.825,0.19461150758659385,0.745361328125,3.829996167073244,0.08307768386157383,0.0203857421875,0.138458251953125,0.318603515625,0.02836080586080586,0.0,609.9521534816613,714.0795918931942,1093.75,0.05166917112784604,0.0038416775299,3.0800346299695103,-0.09316777106684336,-0.7779363655681882,-1.7801469548968702,-2.566544253113569,-2.732037328438168,-2.763338109228573,-2.7766113312425915,-2.7510824874373347,0.9931038749605671
music,procedural_fake,data/generated_v8/audio/train/music/proc_music_train_00068__fm_percussive.wav,proc::music::train::00068,3.858,0.1970150852113483,0.742584228515625,3.769174465594938,0.07167041975148639,0.01690673828125,0.1376800537109375,0.3186126708984376,0.04286547433903577,0.0,571.7700733089832,709.4244959032593,1000.0,0.03572190747058817,0.004233979085204278,3.667929213864262,-0.07197466246423594,-0.9752819542410609,-1.492941405681756,-2.0499418921286257,-2.717519262569113,-2.8974161681836113,-2.8975231764688,-2.865520986743778,0.997253476399951
music,procedural_fake,data/generated_v8/audio/train/music/proc_music_train_00093__fm_percussive.wav,proc::music::train::00093,5.831,0.2061800394958362,0.807220458984375,3.9151241844663476,0.02563910177394287,0.00555419921875,0.146697998046875,0.3343505859375,0.08757074258274739,0.0,249.73725950204965,470.6468192896879,406.25,0.020909155190210846,0.005214593628885505,8.230632010547204,-0.006788502430824283,-2.0645953409538045,-2.9117447718736837,-2.949049798006089,-2.9445268863799465,-2.9349720542166526,-2.938408891363169,-2.961913416575068,0.9999579181132195
music,procedural_fake,data/generated_v8/audio/train/music/proc_music_train_00001__subtractive_sequence.wav,proc::music::train::00001,6.035,0.1763410844871731,0.771759033203125,4.376512912164052,0.03993413353493719,0.01800537109375,0.122283935546875,0.2854949951171877,0.030126346313173156,0.0,399.5837959330796,657.1123987912907,593.75,0.053816496094952385,0.0030570430570158124,2.3655202603702397,-0.029004741219693063,-1.3621226214336595,-2.032804286676386,-2.451452149079256,-2.651642515438922,-2.7140736823101297,-2.656506817148615,-2.701217693391023,0.9990590124568322
music,procedural_fake,data/generated_v8/audio/train/music/proc_music_train_00064__subtractive_sequence.wav,proc::music::train::00064,5.516,0.18296379779638763,0.853912353515625,4.667111001193288,0.03356183785621211,0.0159912109375,0.114166259765625,0.30328369140625,0.03036620739666425,0.0,353.7513995134211,630.4513822047426,468.75,0.046168003203468345,0.004082857154134003,4.112886465877973,-0.022832131858848293,-1.4486590309956742,-2.2976035612078842,-2.635479638078044,-2.714448725710807,-2.69086229415397,-2.6700823943971326,-2.6647125580255855,0.9998207367520768
music,procedural_fake,data/generated_v8/audio/train/music/proc_music_train_00019__subtractive_sequence.wav,proc::music::train::00019,3.96,0.15318217725143912,0.81658935546875,5.330837895902007,0.05404125696428289,0.01678466796875,0.101348876953125,0.247833251953125,0.01857638888888889,0.0,611.3478072297262,800.2464749518813,968.75,0.07785813293514039,0.0029976071350792436,2.7465498483219264,-0.06956746748400905,-1.015339292616194,-1.5209916760623883,-2.003278938664549,-2.3366366643850096,-2.558840970831316,-2.7064059068513973,-2.6788711982925575,0.999775512004115
music,procedural_fake,data/generated_v8/audio/train/music/proc_music_train_00039__additive_band.wav,proc::music::train::00039,4.506,0.21421450334473235,0.8382568359375,3.913165648679283,0.04477425618974964,0.0181884765625,0.151824951171875,0.3384857177734375,0.042831779849090104,0.0,424.98513116252695,508.6026372368056,531.25,0.031732594483437834,0.0042281729768753685,2.951393996689169,-0.025791749863577983,-1.3578792595490827,-2.135944896130993,-2.617466707384965,-3.0095165753891435,-3.0061463510185935,-2.995974933782052,-2.9607390159632248,0.9949620316270434
music,procedural_fake,data/generated_v8/audio/train/music/proc_music_train_00094__subtractive_sequence.wav,proc::music::train::00094,3.878,0.20116260190516577,0.865447998046875,4.302231079984111,0.03797121536899447,0.024649047851562522,0.140411376953125,0.3265777587890626,0.003835740072202166,0.0,362.98906683567196,682.962376505865,468.75,0.056164658498186096,0.0033566070528352684,2.3320433252684194,-0.0247062578422147,-1.4659314075500383,-2.0932354105772206,-2.474621359729844,-2.62650825383636,-2.6089209819312402,-2.6314103616615756,-2.5993095891772238,0.9988757782888934
music,procedural_fake,data/generated_v8/audio/train/music/proc_music_train_00072__subtractive_sequence.wav,proc::music::train::00072,5.807,0.17858806103667363,0.859771728515625,4.814273269583615,0.03930643303806869,0.016754150390625,0.116455078125,0.29363708496093777,0.0278327880144653,0.0,435.3987861097272,656.1140857885986,625.0,0.051864944859990963,0.003612807117431638,3.360648590677656,-0.0383234345741636,-1.2274918554947667,-1.8656171966121236,-2.388893289013192,-2.6395458462541175,-2.714524582117437,-2.7905032794439157,-2.77399421328084,0.9996703605953304
music,procedural_fake,data/generated_v8/audio/train/music/proc_music_train_00039__subtractive_sequence.wav,proc::music::train::00039,4.506,0.1551293592449055,0.7591552734375,4.893691801040755,0.04965670296137041,0.01129150390625,0.103973388671875,0.24932861328125,0.05385874389702619,0.0,544.9745402491529,719.8370017993102,812.5,0.07076784894005947,0.002977735047859281,2.6038694698723357,-0.05620876266708107,-1.0525355159054435,-1.7542602313171447,-2.1994215040571636,-2.62351536667054,-2.6863618943092225,-2.645232022806598,-2.6646194263691254,0.9997321922532039
music,procedural_fake,data/generated_v8/audio/train/music/proc_music_train_00040__fm_percussive.wav,proc::music::train::00040,7.031,0.19264960733711597,0.8009033203125,4.15730574997231,0.04874883328147918,0.010345458984375,0.14300537109375,0.311126708984375,0.0031467785521262976,0.0,348.6297810005009,566.8869284595411,593.75,0.030640203611298523,0.003976238801713037,2.9050235583392405,-0.03678290208709747,-1.1487928857716003,-2.461211931906909,-2.8311323480469874,-2.9108413652829865,-2.88325387103546,-2.86551062054224,-2.858752475417487,0.9948797573212456
music,procedural_fake,data/generated_v8/audio/train/music/proc_music_train_00079__fm_percussive.wav,proc::music::train::00079,5.79,0.21547409897769929,0.90087890625,4.180915063685855,0.04665421690648647,0.0189208984375,0.150054931640625,0.3525726318359377,0.03962651122625216,0.0,322.2280798263013,496.8098153179703,593.75,0.024315893625051536,0.004763588753778631,3.5492959195876863,-0.019965784859905758,-1.4438457015702755,-2.4610523330458105,-2.916190936906757,-2.96626131860435,-2.9612592667328155,-2.99053493575035,-2.9679844655936587,0.9966919841961799
music,procedural_fake,data/generated_v8/audio/train/music/proc_music_train_00030__subtractive_sequence.wav,proc::music::train::00030,6.992,0.17086367015139833,0.778289794921875,4.555033812818433,0.058638968097183365,0.015411376953125,0.1165313720703125,0.27630615234375,0.03913401029748284,0.0,716.4279776397051,815.8143256288532,1156.25,0.07957223391735992,0.003221246573393285,2.578722044259733,-0.08124245723199447,-0.9515023529671145,-1.515533761225361,-1.782130556246955,-2.2663610493869495,-2.5603763632114402,-2.7886002496489017,-2.7039318465579947,0.9995532697814251
music,procedural_fake,data/generated_v8/audio/train/music/proc_music_train_00006__fm_percussive.wav,proc::music::train::00006,4.116,0.174056481883698,0.800750732421875,4.600522334795466,0.07899172424265431,0.01995849609375,0.1178436279296875,0.27490234375,0.015533892128279884,0.0,529.3738045698744,670.8263674731954,968.75,0.04596688533075387,0.003584967486626958,2.8785383179292148,-0.06881506526366603,-0.8836215979809878,-2.215287652554711,-2.6951201541580105,-2.714526083666524,-2.738787678865703,-2.727698227856491,-2.6840194359295086,0.9954707295683939
music,procedural_fake,data/generated_v8/audio/train/music/proc_music_train_00007__fm_percussive.wav,proc::music::train::00007,4.399,0.21064465960467488,0.81243896484375,3.856916982222508,0.05046673202335791,0.01495361328125,0.1485595703125,0.346160888671875,0.050721754944305524,0.0,429.94168383247836,619.1314910741005,687.5,0.03215518852665429,0.004834541879520655,4.455557989856402,-0.0496077076075119,-1.044393508200953,-1.9992392532086487,-2.6911344359263905,-2.83277650640273,-2.867006876165371,-2.851793722652098,-2.862676456540432,0.9992001837063633
music,procedural_fake,data/generated_v8/audio/train/music/proc_music_train_00077__fm_percussive.wav,proc::music::train::00077,4.394,0.2056941408184228,0.8525390625,4.144692984972196,0.05063795286118658,0.028115844726562506,0.154937744140625,0.33132019042968763,0.021606167501137915,0.0,350.90977567859386,540.0344915153946,656.25,0.030902916284776337,0.0037689959931667097,2.716134156499262,-0.023475436101204332,-1.3704305816637343,-2.515725214466654,-2.797208916367308,-2.900400079903357,-2.830824636480391,-2.8920691546148287,-2.87211083660546,0.9898369693386596
music,procedural_fake,data/generated_v8/audio/train/music/proc_music_train_00066__fm_percussive.wav,proc::music::train::00066,6.965,0.19664385945765292,0.867034912109375,4.4091634211242186,0.04088335322463411,0.0284423828125,0.14874267578125,0.312957763671875,0.028418880114860014,0.0,308.81055756304164,519.9239311843345,500.0,0.027874108932369163,0.0036042891587386404,2.590093432746093,-0.01407728342039698,-1.6293064814909297,-2.760345880198882,-2.8603799183419794,-2.8723834711257665,-2.8940390939769625,-2.8880175398783714,-2.8579108864818403,0.9943438998443771
music,procedural_fake,data/generated_v8/audio/train/music/proc_music_train_00099__additive_band.wav,proc::music::train::00099,4.354,0.19216297609677752,0.724334716796875,3.769377075176459,0.05219413461952543,0.008270263671875,0.140716552734375,0.3077392578125,0.07052423059255856,0.0,588.6522163077993,647.555738868297,781.25,0.04178766675529684,0.0040563731144454,3.4157081441658077,-0.05054761921363502,-1.1037684219980142,-1.7713409873414112,-2.141538395892107,-2.540032395652325,-2.778100809353218,-2.8575940453827497,-2.9837788036996225,0.9990167812296921
music,procedural_fake,data/generated_v8/audio/train/music/proc_music_train_00058__subtractive_sequence.wav,proc::music::train::00058,3.723,0.1782649489613736,0.903594970703125,5.068831399373501,0.03807477294475129,0.01324462890625,0.1195068359375,0.290283203125,0.04787805533172173,0.0,411.50851539175926,670.4207904516943,593.75,0.05431905977546749,0.0034936877286063537,2.7806467937274575,-0.03219372047540937,-1.3223322406159361,-1.9896757659869095,-2.2664447061414226,-2.6371041976395824,-2.696606878173963,-2.7046124036278254,-2.722412701937054,0.9998280229931207
music,procedural_fake,data/generated_v8/audio/train/music/proc_music_train_00013__subtractive_sequence.wav,proc::music::train::00013,4.071,0.20240855710412284,0.86199951171875,4.2587108176227995,0.04562831043217932,0.019989013671875,0.140869140625,0.32818603515625,0.030551461557356916,0.0,444.7710592764564,705.5615676129748,656.25,0.06101712871718888,0.003435396693086609,2.2581819296600827,-0.03906457135813488,-1.2192964946519058,-1.9254346112705054,-2.41291490095589,-2.499855135018511,-2.6389954233580504,-2.673440127626499,-2.6287743758278,0.9991425292988125
music,procedural_fake,data/generated_v8/audio/train/music/proc_music_train_00052__fm_percussive.wav,proc::music::train::00052,4.069,0.20778097760946723,0.86669921875,4.171215424633319,0.06592630139932107,0.0166015625,0.1430511474609375,0.342041015625,0.04996620791349226,0.0,561.5600716052003,575.7383531374345,1000.0,0.02674909052461329,0.004559141436678263,3.7627876434042977,-0.07727414729591868,-0.827959424807576,-2.0325298090029063,-2.8486988041218946,-3.0191060689008906,-3.0476223485091953,-2.999121863762689,-3.0749203065801702,0.9929959108718732
music,procedural_fake,data/generated_v8/audio/train/music/proc_music_train_00094__additive_band.wav,proc::music::train::00094,3.878,0.17834877177250877,0.72802734375,4.082042934832368,0.03084758328363982,0.00653076171875,0.125396728515625,0.288818359375,0.07550605982465189,0.0,282.33651545057086,475.3717279969921,343.75,0.024864378095232228,0.0038354595529697987,3.3371671517078094,-0.011261108478852849,-1.7779931137016127,-2.494836373657127,-2.9143337881008713,-2.9612559814283763,-2.960845010221874,-2.95604022496738,-2.916746942620269,0.9990526977116196
music,procedural_fake,data/generated_v8/audio/train/music/proc_music_train_00118__subtractive_sequence.wav,proc::music::train::00118,5.248,0.19904253696193547,0.902374267578125,4.533574990308194,0.03961079948074839,0.01861572265625,0.141693115234375,0.318695068359375,0.039253048780487805,0.0,420.57321469156375,654.8273334582398,593.75,0.05389929483540727,0.0034184167498138526,2.157192672506523,-0.033519186655618226,-1.2863899604236664,-1.9839416786856952,-2.3837941125350186,-2.6181001974970246,-2.688181059511133,-2.749488098309226,-2.741328876900577,0.9992096147214815
music,procedural_fake,data/generated_v8/audio/train/music/proc_music_train_00071__subtractive_sequence.wav,proc::music::train::00071,6.325,0.19923691179046893,0.87664794921875,4.400027792745013,0.05733258233777014,0.0250244140625,0.13848876953125,0.3248321533203127,0.013270750988142293,0.0,588.6174484856923,766.203190412915,875.0,0.07784933876039613,0.0031669439278208004,2.350210104201252,-0.06449884945705696,-1.0139927109807665,-1.659197350559343,-2.061607084803208,-2.4295346064773518,-2.600932807111149,-2.6476617354133865,-2.675607642604694,0.9987565275132355
music,procedural_fake,data/generated_v8/audio/train/music/proc_music_train_00070__subtractive_sequence.wav,proc::music::train::00070,4.492,0.16807775450870258,0.823028564453125,4.896713231675825,0.032947920579927924,0.01733703613281251,0.109161376953125,0.27865295410156254,0.02112088156723063,0.0,336.4404920330464,657.5821156386303,468.75,0.04739531108739728,0.0033738155041634073,3.3156496252414884,-0.020245154777702452,-1.5381165318202459,-2.317029852227532,-2.653378358573383,-2.6225872452927823,-2.6427301357544666,-2.620574832260892,-2.6049522685498396,0.9997388414072224
music,procedural_fake,data/generated_v8/audio/train/music/proc_music_train_00105__fm_percussive.wav,proc::music::train::00105,6.498,0.21378464820977078,0.903411865234375,4.225803268848027,0.053266901997749284,0.026885986328125,0.152496337890625,0.34222412109375,0.003299092028316405,0.0,379.829722659102,573.267026419753,656.25,0.03059795850937262,0.004188969755251246,2.9813861381631224,-0.02882165934179371,-1.29231452406341,-2.252378632964692,-2.7487074086599947,-2.842209723565374,-2.8349577465008857,-2.8638931406844157,-2.8091588439307196,0.9946277847258749
music,procedural_fake,data/generated_v8/audio/train/music/proc_music_train_00055__subtractive_sequence.wav,proc::music::train::00055,6.387,0.17052999290086635,0.7984619140625,4.682237420408898,0.03209675998864871,0.0146484375,0.11639404296875,0.27853088378906277,0.042615860341318305,0.0,339.1533195848897,656.310573204974,468.75,0.05180088505456818,0.0032588124605169065,2.537833269075283,-0.023672316357066264,-1.4619083851246317,-2.1809837911715078,-2.5039353939856057,-2.6414842054978114,-2.6480142054487916,-2.691846817434799,-2.650505768339275,0.9997302296791213
music,procedural_fake,data/generated_v8/audio/train/music/proc_music_train_00110__subtractive_sequence.wav,proc::music::train::00110,5.666,0.15957817873910937,0.72833251953125,4.564110991152392,0.05802217197065799,0.02020263671875,0.11065673828125,0.2575225830078125,0.011383692199082245,0.0,681.1045230610723,836.9612181966463,1093.75,0.08261123071061399,0.002599298455600337,2.306792979620044,-0.08233954698468537,-0.947883876246117,-1.4766582961890466,-1.8717425052100825,-2.205133559609529,-2.5224191369143663,-2.6837676489858584,-2.7350278799444596,0.9990986768761569
music,procedural_fake,data/generated_v8/audio/train/music/proc_music_train_00001__additive_band.wav,proc::music::train::00001,6.035,0.19754918941578026,0.852081298828125,4.31326142794115,0.03330606157893102,0.011627197265625,0.146484375,0.317413330078125,0.05943454846727424,0.0,303.01409068570865,483.54616652800047,437.5,0.026928055456162888,0.0039007276864777905,2.7434899717310057,-0.013169626965808832,-1.6957980729820077,-2.444907282579603,-2.7737971505059424,-2.9621086474095155,-2.953556019082275,-2.9483031525007903,-2.9513560435160238,0.997989086395321
music,procedural_fake,data/generated_v8/audio/train/music/proc_music_train_00084__additive_band.wav,proc::music::train::00084,7.106,0.21881822050361316,0.90826416015625,4.150770251516841,0.02765293108755882,0.026275634765625,0.157623291015625,0.34820556640625,0.01643857303687025,0.0,242.42879670818658,432.7298930903463,312.5,0.020813049290928212,0.004275934666799637,2.8489502005468355,-0.008816201549065652,-1.8728501454185729,-2.6952767157770237,-3.014173196732585,-3.046859779598985,-3.0360538418131617,-3.0472121528556304,-3.0026188551232504,0.9902656410146548
music,procedural_fake,data/generated_v8/audio/train/music/proc_music_train_00052__subtractive_sequence.wav,proc::music::train::00052,4.069,0.16948032024737422,0.851043701171875,5.0214898103194985,0.04989017403191865,0.018646240234375,0.117218017578125,0.275482177734375,0.02800135168346031,0.0,625.2539579121359,760.499406062879,1031.25,0.06864174734002636,0.0029222595164875775,2.53554727378291,-0.0759516990544492,-0.960372401784806,-1.566127158969755,-1.8941182467559818,-2.2392717993380864,-2.6196737741117113,-2.8004790608919383,-2.9109372018960835,0.9994388983866797
music,procedural_fake,data/generated_v8/audio/train/music/proc_music_train_00113__additive_band.wav,proc::music::train::00113,6.144,0.2050051080009166,0.89093017578125,4.345892570526909,0.047526525131481236,0.023956298828125,0.1497802734375,0.32574462890625,0.022562662760416668,0.0,411.80536238957075,559.154148230306,656.25,0.03494093755015075,0.003805690151967198,2.4512338287462976,-0.026615014421433977,-1.3854969789233331,-2.017332810110277,-2.507736419423193,-2.6774062734739954,-2.8870306919345876,-2.9889589061842035,-2.9427824279693398,0.9954487129349877
music,procedural_fake,data/generated_v8/audio/train/music/proc_music_train_00077__subtractive_sequence.wav,proc::music::train::00077,4.394,0.1890247082038268,0.818634033203125,4.3308308262028135,0.03908794788273615,0.015838623046875,0.129669189453125,0.3101806640625,0.00392580791989076,0.0,402.7295341010802,695.7119869757354,531.25,0.05835027127114103,0.0035527792797217924,2.4920691307860623,-0.030935365253264326,-1.3313704686181496,-2.052381676207285,-2.460892818555075,-2.621406120648605,-2.647260106351818,-2.608515240668087,-2.5692326290644325,0.9992397398782462
music,procedural_fake,data/generated_v8/audio/train/music/proc_music_train_00033__subtractive_sequence.wav,proc::music::train::00033,6.015,0.15686334160530244,0.882537841796875,5.626157346676354,0.038362825881399436,0.014862060546875,0.10791015625,0.25726318359375,0.036086866167913546,0.0,367.2263329615307,668.1671459928773,531.25,0.05407935448798859,0.0028643279076121706,2.4510985422675593,-0.02543127872028862,-1.4284114939378632,-2.1332438193775176,-2.5300433239422055,-2.6470327220317116,-2.6281377862691784,-2.6248395200303265,-2.6388350275910026,0.9998046200018145
music,procedural_fake,data/generated_v8/audio/train/music/proc_music_train_00050__additive_band.wav,proc::music::train::00050,6.431,0.19218696993043166,0.7777099609375,4.0466320959168955,0.031196851158948442,0.021148681640625,0.148162841796875,0.302642822265625,0.027765899549059243,0.0,268.3059105605402,516.4692236188391,343.75,0.027644252658828455,0.003244315896969773,2.1551508725453914,-0.010297237485134662,-1.8491635798768578,-2.6935291546668894,-2.8650838408870825,-2.8534264709845836,-2.8418347833738995,-2.828151112176117,-2.806028637748188,0.994722716245136
music,procedural_fake,data/generated_v8/audio/train/music/proc_music_train_00090__fm_percussive.wav,proc::music::train::00090,3.9,0.248096406167044,0.88330078125,3.5603126820598567,0.03009663616404109,0.024533081054687517,0.1849212646484375,0.40057373046875,0.043237179487179485,0.0,239.59645602082998,478.4256198690751,406.25,0.020240130163271176,0.005205416618105365,3.2926529831633586,-0.007187224804417825,-2.03920631349564,-2.9200551306688567,-2.923032655766608,-2.9503537043381387,-2.9113972932130316,-2.8871809163836875,-2.9079291558115283,0.994764060689277
music,procedural_fake,data/generated_v8/audio/train/music/proc_music_train_00076__additive_band.wav,proc::music::train::00076,6.908,0.18494039487903347,0.73187255859375,3.9573428999784284,0.030671238701855657,0.017364501953125,0.14141845703125,0.2918792724609376,0.03896750144759699,0.0,270.6885778599243,441.657168791022,375.0,0.021223826064839482,0.003297703619334444,2.389882146431636,-0.009659228345166753,-1.8189184361931066,-2.744158494915282,-2.9312884302932902,-3.031910336410439,-3.013388554510427,-3.013696089311382,-3.008420712705449,0.9879938104466796
music,procedural_fake,data/generated_v8/audio/train/music/proc_music_train_00084__subtractive_sequence.wav,proc::music::train::00084,7.106,0.1797828829508918,0.806854248046875,4.487936975998263,0.03046747878094903,0.018280029296875,0.118408203125,0.292694091796875,0.025216366450886575,0.0,317.0045939085757,643.4462655946451,437.5,0.046354547383379706,0.003652844470924519,3.0034762149057332,-0.01728104006863179,-1.637757101739082,-2.3213304133527948,-2.6644568032562463,-2.6869576979711636,-2.627006313482852,-2.6436653071403713,-2.627591022706655,0.9996016127016549
music,procedural_fake,data/generated_v8/audio/train/music/proc_music_train_00102__subtractive_sequence.wav,proc::music::train::00102,5.268,0.16446774070598863,0.7164306640625,4.356055850145287,0.028308042758669782,0.01019287109375,0.113739013671875,0.268524169921875,0.06091021260440395,0.0,290.6629878395747,588.2503773592196,375.0,0.039061614700443704,0.0031779671071069165,2.551813976290636,-0.016757713715204264,-1.6291451577555747,-2.300151815328723,-2.6477935957010184,-2.747760976511773,-2.7297615836570155,-2.781103216497469,-2.7455908356959515,0.9995014715769986
music,procedural_fake,data/generated_v8/audio/train/music/proc_music_train_00051__fm_percussive.wav,proc::music::train::00051,5.911,0.21559963637105356,0.8836669921875,4.098647878360436,0.07113930742796722,0.025482177734375,0.147674560546875,0.3547210693359375,0.02189773304009474,0.0,537.6244826579069,560.4086850145335,1000.0,0.029610008787640325,0.004297932249775831,3.416298576928991,-0.07992952894853948,-0.8060271073363762,-2.2069097136343707,-2.878434725721932,-2.998296984714256,-2.9675208384719967,-2.947535622702852,-2.977464523379659,0.9732472790606286
music,procedural_fake,data/generated_v8/audio/train/music/proc_music_train_00061__additive_band.wav,proc::music::train::00061,4.32,0.208684049286926,0.81341552734375,3.897832776981246,0.03975751964004109,0.0125732421875,0.153717041015625,0.341461181640625,0.004629629629629629,0.0,383.13125122845594,505.5103702937296,500.0,0.029549736849174266,0.0040158226009949435,2.634887720652204,-0.02412513399083524,-1.3819866031811934,-2.1737269542664346,-2.825094216462799,-2.9882703584338373,-2.9531904973682104,-2.9734974328296375,-2.9447445860806156,0.9882195713439033
music,procedural_fake,data/generated_v8/audio/train/music/proc_music_train_00065__subtractive_sequence.wav,proc::music::train::00065,7.048,0.15756456246522013,0.766448974609375,4.864348700099088,0.03164046219195332,0.011688232421875,0.10418701171875,0.2555633544921876,0.05130001418842225,0.0,347.73200319136544,681.3838935734254,500.0,0.056040380369962305,0.003292162714143824,3.1926793635657877,-0.024912528388994454,-1.4569962236434402,-2.1224918804569675,-2.4235293309944224,-2.642354952939419,-2.601416815865568,-2.6312139515230264,-2.619561162728491,0.9999026604482275
music,procedural_fake,data/generated_v8/audio/train/music/proc_music_train_00100__subtractive_sequence.wav,proc::music::train::00100,4.084,0.17693333467068514,0.843658447265625,4.768227812107161,0.04150406317432625,0.0179443359375,0.1245269775390625,0.28656005859375,0.034494368266405485,0.0,448.00643510092897,734.4124013468979,656.25,0.06742019274076927,0.0029410489403292497,2.3135631420820393,-0.0410617728436924,-1.2214233074893874,-1.8347597562558187,-2.2787944375652325,-2.565806851462376,-2.571062942057812,-2.6147746047295173,-2.613619182096909,0.9996490794274426
music,procedural_fake,data/generated_v8/audio/train/music/proc_music_train_00098__additive_band.wav,proc::music::train::00098,4.69,0.2560455904033179,0.897430419921875,3.5049633876071074,0.03856661202841189,0.027008056640625,0.192779541015625,0.407867431640625,0.029584221748400853,0.0,333.56664494774947,481.7163707477967,468.75,0.02594823898125672,0.0042389163989466575,2.367149400222784,-0.01653515895190716,-1.5369998197050174,-2.5593559889648025,-2.9869682538235285,-2.9429636524421148,-2.9589006870010692,-2.96517504205475,-2.918719759906589,0.9737117077245073
music,procedural_fake,data/generated_v8/audio/train/music/proc_music_train_00085__additive_band.wav,proc::music::train::00085,3.715,0.26599186725382673,0.874267578125,3.2868207105396836,0.029307357122428036,0.02532958984375,0.1873626708984375,0.44430847167968746,0.004088156123822342,0.0,207.07680082207852,446.66890160020444,312.5,0.020288711001255906,0.005775179180986555,3.124455597356953,-0.008495540064140623,-1.9136595792440056,-2.6814194035460277,-3.019794028790492,-2.9868502911721015,-2.9772847451059894,-2.9729465720796817,-3.0063323743625876,0.984859653265554
music,procedural_fake,data/generated_v8/audio/train/music/proc_music_train_00110__fm_percussive.wav,proc::music::train::00110,5.666,0.1952373704122949,0.718994140625,3.682666587378509,0.08030445094037836,0.012451171875,0.13525390625,0.322845458984375,0.06216907871514296,0.0,662.1292658926777,751.3825695311608,1125.0,0.046460072616168226,0.004198966055107429,3.886375181174605,-0.08873495598317031,-0.916513129562611,-1.3333638224475468,-1.962800483081417,-2.776128416543666,-2.7425347272464045,-2.851025334284623,-2.8529248802975555,0.9984751590870167
music,procedural_fake,data/generated_v8/audio/train/music/proc_music_train_00022__additive_band.wav,proc::music::train::00022,3.484,0.19904440194806416,0.750335693359375,3.769690008941608,0.04305473332974544,0.019723510742187506,0.144775390625,0.31951904296875,0.032703071182548796,0.0,378.2355664819254,531.2322650133208,531.25,0.029514221336607582,0.0036514922029012645,2.6591167141964944,-0.027103645704102303,-1.3460118931998981,-2.079585485484302,-2.546864530478992,-2.9245786262564293,-2.9941606252275355,-3.0111100494412395,-2.9673107781215116,0.991739088591919
music,procedural_fake,data/generated_v8/audio/train/music/proc_music_train_00063__fm_percussive.wav,proc::music::train::00063,5.058,0.18945308999566177,0.817657470703125,4.315883529383703,0.08951277076871748,0.017822265625,0.128570556640625,0.3122344970703126,0.0361432384341637,0.0,656.2086215373816,771.9198010083579,1125.0,0.05606705704376451,0.003534237341522003,2.6806546202800487,-0.09004200112861266,-0.8882644464804188,-1.3807398536889173,-2.0696985278339537,-2.7197818466306014,-2.658789529723565,-2.727738909056019,-2.744264280020966,0.9971627733679184
music,procedural_fake,data/generated_v8/audio/train/music/proc_music_train_00109__additive_band.wav,proc::music::train::00109,5.63,0.22392586766325537,0.767608642578125,3.4279587730903502,0.02946302689861122,0.022247314453125,0.165008544921875,0.367279052734375,0.02936278863232682,0.0,274.89019533960436,400.8898814725496,375.0,0.017170432959314707,0.004335332771610833,2.8741141340769194,-0.011352579704998882,-1.7032389717957657,-2.668227943548295,-2.997429310950833,-3.1509977872421566,-3.1234739781133793,-3.1228786471571146,-3.199179753918959,0.9680596422960871
music,procedural_fake,data/generated_v8/audio/train/music/proc_music_train_00083__fm_percussive.wav,proc::music::train::00083,7.033,0.21368949281278263,0.908935546875,4.253534111156956,0.0434206901454762,0.024191284179687522,0.16156005859375,0.335357666015625,0.04752594909711361,0.0,315.51628146844735,540.9543792720807,500.0,0.029893786442302183,0.004230546750809486,2.774271218763543,-0.020521040094590343,-1.429519472703361,-2.7419202362872475,-2.8687740209543624,-2.820279766832984,-2.8291882735044567,-2.8643597531290768,-2.843963846298415,0.99698378798704
music,procedural_fake,data/generated_v8/audio/train/music/proc_music_train_00029__fm_percussive.wav,proc::music::train::00029,4.176,0.2044126105500566,0.804168701171875,3.93404643191008,0.06073486492554067,0.020965576171875,0.139190673828125,0.3319549560546875,0.02918462643678161,0.0,461.11511333468326,599.9845214155051,687.5,0.0233563353782224,0.004713724005676051,4.675153855438667,-0.06177749822182221,-0.9258799349567277,-2.0558078801513564,-2.9813269629736276,-2.853053159429211,-3.06999671730542,-3.054336349277979,-2.9957009429924573,0.99489999625797
music,procedural_fake,data/generated_v8/audio/train/music/proc_music_train_00000__subtractive_sequence.wav,proc::music::train::00000,6.228,0.1631295126064798,0.846649169921875,5.190042907590007,0.03177215570965508,0.013763427734375,0.107452392578125,0.266357421875,0.04223868015414258,0.0,379.0624910641361,619.5324329255677,531.25,0.04597275988927042,0.0033990960991078555,3.144675670342357,-0.0295133361484052,-1.316718673616026,-2.092980934863224,-2.6686854910392683,-2.7826663271434544,-2.7152803590356562,-2.7349846572643015,-2.735272338633168,0.9997605980812183
music,procedural_fake,data/generated_v8/audio/train/music/proc_music_train_00060__additive_band.wav,proc::music::train::00060,6.562,0.18216152637775868,0.754180908203125,4.140176705805249,0.027392824146831633,0.011962890625,0.131866455078125,0.29437255859375,0.05180394696738799,0.0,239.62623307823958,425.79660637310786,312.5,0.0193489520639385,0.0035982047677304775,3.388794566517778,-0.009266274122416585,-1.8475480966988864,-2.5852848508872732,-3.0526109491586997,-3.0761157366988883,-3.0703487187483818,-3.0514362755272413,-3.07434639980534,0.9959697810510286
music,procedural_fake,data/generated_v8/audio/train/music/proc_music_train_00104__subtractive_sequence.wav,proc::music::train::00104,4.513,0.19778261952675277,0.821929931640625,4.155723761811375,0.030329469442020855,0.0230712890625,0.141265869140625,0.3183685302734376,0.02316917793042322,0.0,301.8064093393547,622.6630049743575,406.25,0.04427745531021255,0.003219031769891084,2.3102905653082018,-0.01786145276559462,-1.6186468961454699,-2.3030680351376773,-2.5196897541682297,-2.6534935735231255,-2.6742321995382783,-2.6967418990328733,-2.7251338771451317,0.9986362962283948
music,procedural_fake,data/generated_v8/audio/train/music/proc_music_train_00063__subtractive_sequence.wav,proc::music::train::00063,5.058,0.17764319940990758,0.86676025390625,4.879220013968679,0.060498968205913974,0.018789672851562522,0.119964599609375,0.28790283203125,0.027654211150652433,0.0,658.8618118941528,892.9636905074774,1031.25,0.10205153324799698,0.0031479967110814087,2.4612324182456695,-0.07348379024979303,-1.0170907897230472,-1.5396982593582058,-1.8676831732489432,-2.141724791946437,-2.371844396949003,-2.554472040866718,-2.5457498766084563,0.9998557899726832
music,procedural_fake,data/generated_v8/audio/train/music/proc_music_train_00060__fm_percussive.wav,proc::music::train::00060,6.562,0.1900223838738491,0.761199951171875,4.0058436045998445,0.036212627749045156,0.021453857421875,0.142913818359375,0.305145263671875,0.03831720512039012,0.0,243.12590226070915,476.5582034917677,343.75,0.02130339051762698,0.004095308511876643,3.711302510920843,-0.012028134961375454,-1.6890954399832252,-2.8413424558885607,-2.9800720298439556,-2.94846438115233,-2.9680293902538497,-2.968996412105111,-2.9619662374900804,0.9960143890637702
music,procedural_fake,data/generated_v8/audio/train/music/proc_music_train_00012__additive_band.wav,proc::music::train::00012,6.98,0.17150879977977362,0.743408203125,4.334519302097475,0.028367016180302473,0.013458251953125,0.12158203125,0.27874755859375,0.04609598853868195,0.0,257.61987873853553,426.9871403793581,343.75,0.019863057452562054,0.0035759170004743047,2.95376173926724,-0.008810807264265176,-1.8593517233196588,-2.774031088449821,-3.048445892986746,-3.0598495786233655,-3.019857828583441,-3.032310287158838,-3.0329728144497055,0.9955379034420287
music,procedural_fake,data/generated_v8/audio/train/music/proc_music_train_00092__additive_band.wav,proc::music::train::00092,4.87,0.23204305525232433,0.85858154296875,3.7000958379690605,0.030595875203737213,0.027679443359375,0.1668701171875,0.3723480224609377,0.017723305954825463,0.0,271.2574245983022,441.5566318442385,343.75,0.020574219381863653,0.004523781733368653,3.0042162041056413,-0.010850248656581348,-1.7528482824413092,-2.676012145771547,-3.002098257105887,-3.0008004349247632,-2.9999437006418748,-3.0663338154403332,-2.9799815365195976,0.9854089039383072
music,procedural_fake,data/generated_v8/audio/train/music/proc_music_train_00061__subtractive_sequence.wav,proc::music::train::00061,4.32,0.1929491062110058,0.900146484375,4.66520162778373,0.04719396982016522,0.017117309570312517,0.1337738037109375,0.31479187011718746,0.00390625,0.0,535.9650831375856,759.3406029211,750.0,0.07299289607072226,0.003307596822914409,2.303215971741154,-0.057582787014391894,-1.0820472600557494,-1.6364744669822398,-2.0763632618714998,-2.4472714566555474,-2.6829021524417453,-2.6571496155691445,-2.6863402346459972,0.9992927907805713
music,procedural_fake,data/generated_v8/audio/train/music/proc_music_train_00056__fm_percussive.wav,proc::music::train::00056,5.373,0.1898300997400603,0.7271728515625,3.8306509481807063,0.037642351134737746,0.018646240234375,0.135406494140625,0.3073822021484376,0.0504606365159129,0.0,244.2967542640904,454.27657324589194,375.0,0.01884577079033507,0.004089387372620085,3.325108273693419,-0.012949057729797587,-1.634365960456123,-2.876872123581672,-2.998278614956151,-3.014682713879618,-3.040844474138998,-2.9999048383930487,-3.01799545321936,0.9937053842391247
music,procedural_fake,data/generated_v8/audio/train/music/proc_music_train_00027__subtractive_sequence.wav,proc::music::train::00027,4.671,0.1911367499634796,0.821746826171875,4.299261268850107,0.03883053455542918,0.017669677734375,0.1351776123046875,0.309967041015625,0.04109130807107686,0.0,394.6356940830117,695.4145861266597,562.5,0.05697673640127202,0.0032410484663715814,2.344861838735576,-0.031219291987918625,-1.322216378121781,-2.0791358341556614,-2.45387874366437,-2.6013266723393644,-2.6063681466392157,-2.593456070958432,-2.626641051522218,0.9994838329326948
music,procedural_fake,data/generated_v8/audio/train/music/proc_music_train_00106__fm_percussive.wav,proc::music::train::00106,5.526,0.1932983389686988,0.809356689453125,4.187085588894718,0.05367867443307131,0.0103759765625,0.13275146484375,0.318450927734375,0.07218150560984438,0.0,437.60311398708944,612.7346956888705,812.5,0.036935430770015834,0.0043311520472251236,3.4823450682966715,-0.05452353782873059,-0.9931929204598181,-2.0581199928255858,-2.728685897511932,-2.852580344288639,-2.8486309945098998,-2.851978239154077,-2.8063659910375827,0.9990981041670363
music,procedural_fake,data/generated_v8/audio/train/music/proc_music_train_00029__additive_band.wav,proc::music::train::00029,4.176,0.17787632800747025,0.71270751953125,4.006758670559686,0.04151762328818379,0.0125579833984375,0.115509033203125,0.2939300537109375,0.04392660440613027,0.0,402.76446041056266,526.6149461663296,593.75,0.025446627929315478,0.004222433343771469,5.41348639169057,-0.028269100679933292,-1.3192390819895035,-2.0856446835306155,-2.5872911968038834,-2.7797060868334165,-3.062312456323671,-3.078573103401668,-3.0392668338779862,0.9991502622170139
music,procedural_fake,data/generated_v8/audio/train/music/proc_music_train_00078__subtractive_sequence.wav,proc::music::train::00078,4.179,0.16298425002734757,0.7283935546875,4.469103944493292,0.05306372732303367,0.00347900390625,0.102294921875,0.27281799316406263,0.0897493419478344,0.0,583.5023654178959,833.7289901599793,875.0,0.09256843433359235,0.0036137842886234785,4.166653457952639,-0.06316706304582312,-1.057386396935935,-1.6182840819386817,-2.032121178156396,-2.2400227851626036,-2.4966354276845943,-2.613616727286055,-2.5233171778432317,0.9999810280845983
music,procedural_fake,data/generated_v8/audio/train/music/proc_music_train_00070__fm_percussive.wav,proc::music::train::00070,4.492,0.14868190004665774,0.715789794921875,4.814236263440631,0.03623158158367074,0.006317138671875,0.0937652587890625,0.244873046875,0.071209928762244,0.0,337.23428331497115,574.7853210799714,593.75,0.031596985797268835,0.0038893261394612987,5.650904460991362,-0.018077402482326557,-1.5152980377588054,-2.75714680838865,-2.7889388641798596,-2.7652651598196587,-2.7683310395239755,-2.7914617003635693,-2.737773567824475,0.9999027471604371
music,procedural_fake,data/generated_v8/audio/train/music/proc_music_train_00091__fm_percussive.wav,proc::music::train::00091,6.207,0.1456742864254738,0.74432373046875,5.109506617350359,0.029301890022253325,0.012451171875,0.10076904296875,0.23605041503906277,0.04613742548735299,0.0,233.17727811233527,440.3258289953377,343.75,0.018483066492938304,0.003508651058339434,4.112610678924091,-0.004826953786546519,-2.327422820490544,-2.9173993662420603,-2.999468714622996,-2.9678320997182763,-2.969431954583934,-3.0347878605336107,-2.972972962976297,0.9989512592268108
music,procedural_fake,data/generated_v8/audio/train/music/proc_music_train_00116__subtractive_sequence.wav,proc::music::train::00116,4.75,0.14008962294207866,0.78546142578125,5.606849453124777,0.03339517625231911,0.013519287109375,0.09375,0.22808837890625,0.03451315789473684,0.0,333.05267619456913,651.1241292412034,468.75,0.048634451283389044,0.0027005788108115324,2.8283936323474905,-0.02165866439335449,-1.4974418791987483,-2.290972309754131,-2.53611861912202,-2.663385559443971,-2.6639834702956633,-2.6986712477954153,-2.6070948707322943,0.999817379561695
music,procedural_fake,data/generated_v8/audio/train/music/proc_music_train_00103__fm_percussive.wav,proc::music::train::00103,3.592,0.20394932499435184,0.81658935546875,4.003883589667995,0.07081832576429851,0.021484375,0.147186279296875,0.32806396484375,0.0267608574610245,0.0,487.4047433397066,638.5413514279602,875.0,0.03621776395196789,0.00385922390685881,2.8471248421907607,-0.047129931076961555,-1.0660567414062379,-2.034776766246915,-2.711003685499323,-2.858781981754575,-2.8304707452717692,-2.8430642279366563,-2.8307134506722598,0.9920333523029049
music,procedural_fake,data/generated_v8/audio/train/music/proc_music_train_00041__additive_band.wav,proc::music::train::00041,4.978,0.2101932764218023,0.814239501953125,3.87376568753399,0.033020703855763556,0.01483154296875,0.15771484375,0.3364654541015626,0.05245580554439534,0.0,296.05145981013413,413.01006072815824,375.0,0.019264849365206997,0.003957545523497359,2.576580369020538,-0.011925699534781018,-1.6794185982055498,-2.649121568330559,-3.1099396186516604,-3.109435132345597,-3.1432946531470196,-3.0954620520182887,-3.072171837170163,0.9858643281035603
music,procedural_fake,data/generated_v8/audio/train/music/proc_music_train_00116__fm_percussive.wav,proc::music::train::00116,4.75,0.2041653472774837,0.74407958984375,3.644495012331657,0.038158396821010805,0.020294189453125,0.151702880859375,0.326507568359375,0.03671052631578947,0.0,265.3949123281409,489.31942713120077,500.0,0.022326705197216395,0.004291243038966303,3.372566125368233,-0.009075796982001264,-1.8767274295870071,-2.87776054061576,-2.9165386079149,-2.920947169643896,-2.938538081365397,-2.8729950471220818,-2.931683563979337,0.9938035639542224
music,procedural_fake,data/generated_v8/audio/train/music/proc_music_train_00034__fm_percussive.wav,proc::music::train::00034,7.113,0.1922066309417184,0.769256591796875,4.002237529620567,0.08558348783466746,0.020843505859375,0.138519287109375,0.312042236328125,0.03257240264304794,0.0,625.6909913355594,701.3130742634045,1187.5,0.049392277440888484,0.003639740328321228,2.84144752062684,-0.10039168761733142,-0.7447857311675614,-1.7543819636401419,-2.5907983106745793,-2.7632178266137655,-2.8121726256453776,-2.832696784641579,-2.8221695020184305,0.9893352266780725
music,procedural_fake,data/generated_v8/audio/train/music/proc_music_train_00002__subtractive_sequence.wav,proc::music::train::00002,3.98,0.1730714395862982,0.78826904296875,4.554587659598782,0.041300899825688214,0.0169677734375,0.11993408203125,0.282440185546875,0.03483040201005025,0.0,498.8549566132431,645.0184007177879,687.5,0.04763474393084578,0.003207103890248109,2.4204212807033505,-0.04306794063110969,-1.1984918330782959,-1.716232848714001,-2.2629384062711395,-2.6829076588845027,-2.8784798328578294,-2.823019990762285,-2.8199933161789272,0.9987066257087239
music,procedural_fake,data/generated_v8/audio/train/music/proc_music_train_00023__subtractive_sequence.wav,proc::music::train::00023,6.366,0.15087275646961607,0.857269287109375,5.682068169027048,0.043630651416228954,0.015228271484375,0.1038818359375,0.241363525390625,0.033370640904806785,0.0,510.10059665239095,745.1229319761394,750.0,0.06933917589828519,0.0027494901391956817,2.405394198743965,-0.04968317610239714,-1.13946215531684,-1.7443657090769586,-2.150295981208004,-2.39839888342487,-2.596035273603585,-2.731365379530496,-2.6801239079663883,0.9998446391078322
music,procedural_fake,data/generated_v8/audio/train/music/proc_music_train_00091__additive_band.wav,proc::music::train::00091,6.207,0.1900246387193259,0.762054443359375,4.010292815159408,0.02547552637673571,0.017913818359375,0.13446044921875,0.31060791015625,0.0296137425487353,0.0,221.03945743730438,421.6185842837005,250.0,0.017970548961980873,0.00408348439924901,3.0907908471070535,-0.0063925938357203395,-2.055302690365749,-3.038913447596796,-3.001079091542319,-2.9784732399609237,-3.0229170686333915,-3.0655522878509687,-2.9845523106885756,0.9931835399704185
music,procedural_fake,data/generated_v8/audio/train/music/proc_music_train_00031__additive_band.wav,proc::music::train::00031,4.859,0.16702704795449755,0.72564697265625,4.34448780328043,0.04334795415664433,0.0172119140625,0.125030517578125,0.267120361328125,0.03012451121629965,0.0,377.36743931495147,523.8985951551264,593.75,0.03125042099977951,0.0029231401896364193,2.621419372116058,-0.02218568444364269,-1.4475469787150075,-2.164635456134422,-2.591497428322698,-2.8181300353775716,-2.9364393424278665,-2.9997416026027857,-2.985253342263264,0.9943409240414718
music,procedural_fake,data/generated_v8/audio/train/music/proc_music_train_00090__additive_band.wav,proc::music::train::00090,3.9,0.20677526945745936,0.89373779296875,4.3222663682835725,0.02458372730332217,0.022335815429687517,0.153228759765625,0.32944030761718746,0.023878205128205127,0.0,201.3522317512523,394.35075901808796,250.0,0.015043411472012328,0.0038390074632326725,2.7465626008568704,-0.005310352862556774,-2.1488042167203187,-3.0774522331242866,-3.0479442235040763,-3.0633710810662476,-3.1310510665641447,-3.0516891071386736,-3.080695218106749,0.9874325746151781
music,procedural_fake,data/generated_v8/audio/train/music/proc_music_train_00049__additive_band.wav,proc::music::train::00049,3.833,0.22691853850599605,0.857666015625,3.779620745276117,0.02997048608280203,0.02410888671875,0.179473876953125,0.3533416748046876,0.03173102008870336,0.0,226.27281135958697,460.5993250817341,312.5,0.0221673134008806,0.0036101188272749255,2.024908730549233,-0.007836335369408825,-1.9771234864013565,-2.803895288581885,-2.912458540060197,-2.938265977285143,-2.963281088853668,-2.9276018988428305,-2.9489627531526157,0.9841396750243536
music,procedural_fake,data/generated_v8/audio/train/music/proc_music_train_00114__subtractive_sequence.wav,proc::music::train::00114,4.882,0.16710013118366537,0.765716552734375,4.582381517658716,0.05046664362253716,0.015838623046875,0.114471435546875,0.27187805175781277,0.034834596476853746,0.0,563.1627228947102,684.8267253588889,843.75,0.06233964878893979,0.0029647448301401125,2.5369797476496734,-0.05925369670800097,-1.0285220924537533,-1.7030401927955718,-2.1677777022868323,-2.6171010068085994,-2.7789381973213367,-2.846858532379719,-2.7484622890682378,0.998764357221962
music,procedural_fake,data/generated_v8/audio/train/music/proc_music_train_00030__additive_band.wav,proc::music::train::00030,6.992,0.1890281982357667,0.77093505859375,4.078412986998882,0.053454425186151906,0.011138916015625,0.1278076171875,0.307952880859375,0.057762442791762014,0.0,552.532359842721,613.3715662634962,781.25,0.03502558975785714,0.004069889903438957,4.224305395959929,-0.03955740852819585,-1.2167266660304057,-1.8650663186240835,-2.182555973391095,-2.6652671951636213,-2.7908800771263094,-2.872960975193177,-2.993193312504188,0.9992484667096941
music,procedural_fake,data/generated_v8/audio/train/music/proc_music_train_00098__fm_percussive.wav,proc::music::train::00098,4.69,0.20312547958646282,0.773193359375,3.806481397356558,0.05735684110928983,0.017791748046875,0.145538330078125,0.33251953125,0.0429637526652452,0.0,420.63338306451544,557.5470639359953,750.0,0.03003310466542513,0.003985221433635572,2.9500468845802947,-0.03660473789032368,-1.1425375873560042,-2.7429252942987357,-2.856633788088022,-2.87783010763456,-2.867024471163632,-2.857434676263332,-2.8126441598965455,0.9904582054959796
music,procedural_fake,data/generated_v8/audio/train/music/proc_music_train_00012__subtractive_sequence.wav,proc::music::train::00012,6.98,0.16718724479405417,0.85302734375,5.102227414542194,0.032253154129245426,0.017120361328125,0.10992431640625,0.272705078125,0.026853510028653296,0.0,349.4700592170466,632.1381435677645,500.0,0.04748186883683042,0.003316764524385779,3.1471912314012056,-0.021192237874202966,-1.5156943518723083,-2.25034102522344,-2.502754534103292,-2.637196323344212,-2.6729964211674506,-2.71740526758461,-2.695088517153862,0.9997493003461035
music,procedural_fake,data/generated_v8/audio/train/music/proc_music_train_00062__fm_percussive.wav,proc::music::train::00062,3.788,0.19896399616350832,0.80535888671875,4.047761917974884,0.05395416371046249,0.01336669921875,0.14080810546875,0.318145751953125,0.06202151531151003,0.0,390.1413165878597,532.7443867326325,718.75,0.02680398163853298,0.00411243159127271,2.708864277283013,-0.031055761598609784,-1.21390598512291,-2.768515349382567,-2.921029495691854,-2.956721469940088,-2.90209346120017,-2.8798085669793037,-2.8780252735079124,0.9939317730038223
music,procedural_fake,data/generated_v8/audio/train/music/proc_music_train_00045__subtractive_sequence.wav,proc::music::train::00045,6.373,0.16292339786438967,0.78839111328125,4.839029406552596,0.04534800474663372,0.013937377929687522,0.112457275390625,0.2644439697265626,0.044896438098226896,0.0,427.9972176456071,699.2497593667019,625.0,0.06346477313464825,0.0028635757834800718,2.312346631041157,-0.03243936389931426,-1.3146625870621345,-2.0071577554994633,-2.429008440775963,-2.547074539825322,-2.615229179147176,-2.6479247169424633,-2.6116337902995985,0.9997053664047256
music,procedural_fake,data/generated_v8/audio/train/music/proc_music_train_00009__subtractive_sequence.wav,proc::music::train::00009,4.654,0.14627740369304096,0.7850341796875,5.36674947645962,0.0555712232921048,0.011993408203125,0.097991943359375,0.23551635742187482,0.04670713364847443,0.0,692.6087603607997,837.4990838583923,1031.25,0.08220431225104333,0.0028846311073463166,2.5878422476257987,-0.08289109116720089,-0.9632629504302873,-1.4097471175286187,-1.8832970462707268,-2.209999894654145,-2.505956092746879,-2.707358142300733,-2.7770655459776337,0.9998746298647434
music,procedural_fake,data/generated_v8/audio/train/music/proc_music_train_00111__additive_band.wav,proc::music::train::00111,4.268,0.16936801615765146,0.8310546875,4.9067982630583336,0.03707879977155242,0.013671875,0.1232452392578125,0.2749420166015626,0.04866155107778819,0.0,322.38336503805795,571.4601208472799,406.25,0.03681236226176715,0.0032405629747659995,2.770196977260004,-0.01709527156308453,-1.6020887966945185,-2.2909745969412234,-2.7261080914435376,-2.788733802426101,-2.771561280728808,-2.81543165754537,-2.7554561413630294,0.9993579792311464
music,procedural_fake,data/generated_v8/audio/train/music/proc_music_train_00100__fm_percussive.wav,proc::music::train::00100,4.084,0.18852216844858635,0.7760009765625,4.116231968624584,0.05160460952206051,0.0281982421875,0.1473388671875,0.29247131347656263,0.025373408423114592,0.0,369.48828736095936,608.1003169755483,687.5,0.03515626617930484,0.003278076688270018,2.392731617291962,-0.03325410058153052,-1.2421212872277578,-2.0739644131323867,-2.724931141031435,-2.786941860320811,-2.826861777724713,-2.8159091601456456,-2.829823736647745,0.9930607420181468
music,procedural_fake,data/generated_v8/audio/train/music/proc_music_train_00001__fm_percussive.wav,proc::music::train::00001,6.035,0.20210493694557558,0.78900146484375,3.9039197991299868,0.048447063453432616,0.01800537109375,0.150115966796875,0.3260223388671877,0.0513877381938691,0.0,362.7893323957328,572.8302792728766,593.75,0.03168999732294989,0.004075659298392019,3.186094620962109,-0.032444270031644754,-1.24968941958301,-2.08680252633311,-2.746926829511373,-2.83318626227364,-2.8716052930462492,-2.8337976839047565,-2.838249170426593,0.9980132623853836
music,procedural_fake,data/generated_v8/audio/train/music/proc_music_train_00025__subtractive_sequence.wav,proc::music::train::00025,6.335,0.15815297610768836,0.793853759765625,5.019530958589613,0.05136199054844661,0.01422119140625,0.107086181640625,0.25732421875,0.04074585635359116,0.0,570.3028593807566,781.3626435583145,875.0,0.08449964082999374,0.002883971063146211,2.549525855583634,-0.06148800622138503,-1.055620965153418,-1.6142854340343011,-2.0712741911590977,-2.3938908039053763,-2.5749383299376385,-2.6651520930480785,-2.6228010341351675,0.9998283452329949
music,procedural_fake,data/generated_v8/audio/train/music/proc_music_train_00067__subtractive_sequence.wav,proc::music::train::00067,5.357,0.15544894530429734,0.754669189453125,4.854772015183704,0.03269125316470465,0.01416015625,0.1044769287109375,0.25283508300781277,0.04065941758446892,0.0,330.27451555266265,653.0704122267671,468.75,0.04841005553771675,0.0030285902282738784,2.679973805585931,-0.020734850241701987,-1.5177010895629992,-2.3230825217035704,-2.612575878394286,-2.6743596441177018,-2.6755294471607978,-2.5960731426519335,-2.636899260760299,0.9996980167066658
music,procedural_fake,data/generated_v8/audio/train/music/proc_music_train_00032__fm_percussive.wav,proc::music::train::00032,3.687,0.20023329234134804,0.829437255859375,4.142354381535067,0.04271838076994796,0.0252685546875,0.15069580078125,0.31866455078125,0.03681855166802278,0.0,314.6160535824805,549.12678840298,500.0,0.025619693248584503,0.003982605904102646,2.952840235148204,-0.02147555513187489,-1.411497825253389,-2.6356952410583023,-2.8218252707866487,-2.871314300823436,-2.829568197907532,-2.8896438264723967,-2.812383534327143,0.9962263227644779
music,procedural_fake,data/generated_v8/audio/train/music/proc_music_train_00097__subtractive_sequence.wav,proc::music::train::00097,5.097,0.17052377657150466,0.857513427734375,5.028703005382943,0.05836838297507081,0.00970458984375,0.108795166015625,0.28188781738281277,0.004769962723170492,0.0,632.8420876209011,848.8393842985361,1000.0,0.08779446417720549,0.0035994842290890793,3.333782811005546,-0.0726910765654483,-1.009059935879556,-1.4988109296198293,-1.9731399043589424,-2.2513933912104647,-2.474804457232202,-2.6194123238628664,-2.605886397867396,0.9998850680492007
music,procedural_fake,data/generated_v8/audio/train/music/proc_music_train_00019__fm_percussive.wav,proc::music::train::00019,3.96,0.1918375173445141,0.795135498046875,4.144838345770081,0.08090405467258006,0.024993896484375,0.133514404296875,0.31323547363281246,0.008175505050505051,0.0,595.1532354480153,720.7856679840755,906.25,0.03616037266528663,0.0036412054321011546,2.6777877429862036,-0.06550336309117756,-1.0556529080053427,-1.4276591308523434,-2.0449921060796594,-2.725575189399504,-2.8771945704223194,-2.9261551653803637,-2.897030957660755,0.9920050818109526
music,procedural_fake,data/generated_v8/audio/train/music/proc_music_train_00045__additive_band.wav,proc::music::train::00045,6.373,0.24059851639768737,0.902740478515625,3.7520617002620145,0.03799268390753871,0.023712158203125,0.178924560546875,0.389556884765625,0.003805115330299702,0.0,333.9532388609898,510.02227427066435,406.25,0.031004200209102082,0.004300028747635004,2.3848127892712188,-0.015604280392573087,-1.60986328847309,-2.3769308818886365,-2.8112933306934504,-2.9313853923471505,-2.8950805034901412,-2.8927697963352164,-2.895995455738959,0.9862211293992786
music,procedural_fake,data/generated_v8/audio/train/music/proc_music_train_00004__subtractive_sequence.wav,proc::music::train::00004,5.839,0.17570375179010442,0.879425048828125,5.005158056492075,0.033053958875223444,0.013619995117187533,0.118255615234375,0.2905181884765624,0.049120140435005996,0.0,314.75514504593394,656.0007281750962,406.25,0.049276516955523875,0.0034069630849690217,2.573024613504637,-0.021568720384109223,-1.5152272219530882,-2.189668784249699,-2.5968307342787975,-2.655298316768139,-2.6800536478904977,-2.6487895445559544,-2.6233929688513995,0.9998215070465183
music,procedural_fake,data/generated_v8/audio/train/music/proc_music_train_00109__fm_percussive.wav,proc::music::train::00109,5.63,0.2251650903437181,0.89508056640625,3.9752190938652845,0.03985390601583055,0.019805908203125,0.158416748046875,0.366790771484375,0.03476909413854352,0.0,337.49784127570473,496.68730854826254,625.0,0.022952567010995833,0.00488050820942408,3.972063004130394,-0.0268085697684374,-1.2924384849600237,-2.4416368320067834,-2.9667696479644987,-2.9586769417324525,-2.9884560355621157,-2.9933898530078564,-2.989419918296109,0.9966902454733566
music,procedural_fake,data/generated_v8/audio/train/music/proc_music_train_00098__subtractive_sequence.wav,proc::music::train::00098,4.69,0.16832723055932186,0.77642822265625,4.612612113181659,0.04224469942296672,0.015286254882812517,0.11981201171875,0.2687408447265627,0.042337420042643924,0.0,443.19569945782524,641.7164415414602,687.5,0.05258164323997281,0.002885340064524109,2.1836671772734357,-0.03740690854013385,-1.2020462288034612,-2.0587327739153816,-2.5361850401368975,-2.632093016399845,-2.7002418497189313,-2.726367419776843,-2.726102744750759,0.998935121173737
music,procedural_fake,data/generated_v8/audio/train/music/proc_music_train_00073__fm_percussive.wav,proc::music::train::00073,4.157,0.24752714791576372,0.90228271484375,3.6451868913821404,0.04047450797612425,0.03607177734375,0.1891632080078125,0.39571838378906254,0.025484123165744527,0.0,266.9232715845084,516.5951919695304,375.0,0.025621218509396394,0.004553508600359765,2.7089523654051977,-0.022574579382304755,-1.3710759628157103,-2.804879641562597,-2.838056890736051,-2.889721777118963,-2.846253489488034,-2.9154673693328395,-2.93861965817458,0.9867225279101901
music,procedural_fake,data/generated_v8/audio/train/music/proc_music_train_00085__subtractive_sequence.wav,proc::music::train::00085,3.715,0.20880333623167252,0.86285400390625,4.132376519831522,0.03677720015478053,0.022552490234375,0.1475830078125,0.33819580078125,0.024310228802153434,0.0,323.8535792665806,670.6752169964394,437.5,0.048248904361572476,0.003470456147548841,2.302444556525648,-0.02236783768299616,-1.5093781396510373,-2.177855543890461,-2.4807267746716897,-2.5740001855552035,-2.7127140267569807,-2.710097764603894,-2.5601311923513235,0.9989626250980944
music,procedural_fake,data/generated_v8/audio/train/music/proc_music_train_00035__additive_band.wav,proc::music::train::00035,6.084,0.20810382274339773,0.76092529296875,3.6564695589807035,0.027346599139126595,0.022674560546875,0.150848388671875,0.34088134765625,0.026062212360289282,0.0,258.2792160003373,444.05694238429066,343.75,0.021033410873017692,0.004078861671438603,2.9300362877931896,-0.012213770244759083,-1.69643790842469,-2.5244365351906257,-3.033337922742833,-3.0093466483814013,-3.042323105360576,-3.0696734692856404,-3.0170413508042095,0.9873543404497996
music,procedural_fake,data/generated_v8/audio/train/music/proc_music_train_00035__fm_percussive.wav,proc::music::train::00035,6.084,0.18745092196823884,0.700927734375,3.7392599994454185,0.03587314958445908,0.018380737304687533,0.12890625,0.307830810546875,0.032410831689677844,0.0,257.42468292410314,481.8270986271701,375.0,0.02123001314331707,0.0044677757830852,4.940146463447157,-0.02259239268376528,-1.3565824719187585,-2.831988521852182,-2.964176628091721,-2.9752682211373416,-2.9536147713671634,-3.0053224690687106,-3.010075023361077,0.9974818298819426
music,procedural_fake,data/generated_v8/audio/train/music/proc_music_train_00018__fm_percussive.wav,proc::music::train::00018,6.808,0.17569135445783748,0.751861572265625,4.279445477472582,0.08558025099378483,0.01422119140625,0.1171875,0.2896820068359376,0.04293661868390129,0.0,558.3655234039436,671.7709267715175,906.25,0.04407671998759873,0.0037893144848635016,3.024620606830511,-0.06947497395565663,-0.9245629874763169,-1.745880170539194,-2.40672792334434,-2.7144615307194306,-2.77199870370977,-2.7902031857360323,-2.7572273685111433,0.997510919427271
music,procedural_fake,data/generated_v8/audio/train/music/proc_music_train_00065__fm_percussive.wav,proc::music::train::00065,7.048,0.17321260758549487,0.7037353515625,4.062841391121879,0.0344959074906666,0.025909423828125,0.132537841796875,0.273773193359375,0.03024794267877412,0.0,259.1983330178123,507.4824145381582,406.25,0.025408660904301755,0.003281545955645495,2.6573447750956656,-0.009617473174054153,-1.8611852604034342,-2.8422032119464564,-2.861337929569341,-2.8762684212220466,-2.86981347721693,-2.861816287003403,-2.8970979966877,0.9939154680476872
music,procedural_fake,data/generated_v8/audio/train/music/proc_music_train_00078__fm_percussive.wav,proc::music::train::00078,4.179,0.19091561663473663,0.7198486328125,3.7705068108164665,0.08584718005473879,0.024179077148437506,0.134368896484375,0.31256103515625,0.0073731754008135916,0.0,603.2521306937538,651.0698912227326,1093.75,0.04147984415437392,0.0034138155012209616,2.7019503593700693,-0.0992053492476215,-0.7295570331794204,-1.9918625374544894,-2.738283288710767,-2.749044036613225,-2.858633798749123,-2.8894009756766534,-2.8711910330198696,0.9508855351472832
music,procedural_fake,data/generated_v8/audio/train/music/proc_music_train_00081__additive_band.wav,proc::music::train::00081,3.597,0.19161508645209968,0.893280029296875,4.661846025992212,0.04649788882903859,0.013946533203125,0.1371307373046875,0.303497314453125,0.05078885182096191,0.0,414.55493239829485,579.6285390364601,593.75,0.039126353013084904,0.0040063127859569685,3.0245945784871133,-0.02531195976931349,-1.3979881243736096,-2.1106177452265142,-2.61547673307057,-2.702324737885673,-2.815007747146029,-2.872771628577015,-2.7986011361614564,0.9991702649350213
music,procedural_fake,data/generated_v8/audio/train/music/proc_music_train_00046__subtractive_sequence.wav,proc::music::train::00046,4.586,0.16199574681830453,0.786041259765625,4.852233933322052,0.04363884156729131,0.017364501953125,0.1055145263671875,0.26483154296875,0.0228139991277802,0.0,455.3080778569315,701.2607217357479,718.75,0.06392912591680826,0.003123309928531854,2.8833541638087663,-0.043002562650136834,-1.1755129336820167,-1.8703306462924187,-2.2977374321835113,-2.603529233759923,-2.67330576753287,-2.6395643288462085,-2.6791572758983944,0.9995916686368622
music,procedural_fake,data/generated_v8/audio/train/music/proc_music_train_00099__fm_percussive.wav,proc::music::train::00099,4.354,0.22297705939976475,0.8372802734375,3.7550063476995668,0.08400442128533081,0.025115966796875,0.16375732421875,0.3526611328125,0.0297140560404226,0.0,696.0345569104649,727.9977417753869,1125.0,0.039589256105324246,0.0042274350291228915,2.8824481545669403,-0.08737714333217608,-0.9245373034642759,-1.3068142512027556,-2.061283394902864,-2.7670982909081836,-2.835716757092445,-2.9694435669553103,-2.998245680014437,0.9853347734898719
music,procedural_fake,data/generated_v8/audio/train/music/proc_music_train_00083__subtractive_sequence.wav,proc::music::train::00083,7.033,0.15469284995690544,0.76336669921875,4.934725163001456,0.03620464421872084,0.015228271484375,0.105987548828125,0.249755859375,0.03291625195506896,0.0,359.03071346838357,626.1723747791295,531.25,0.04955676587480334,0.0028656515828264493,2.6278688686364653,-0.026569509800354264,-1.384004026355771,-2.1545361646304397,-2.4630477710117824,-2.698456546346178,-2.7161167329806752,-2.7396811102072673,-2.7339162122354934,0.9995601279392955
music,procedural_fake,data/generated_v8/audio/train/music/proc_music_train_00024__fm_percussive.wav,proc::music::train::00024,5.316,0.16754148464444893,0.704345703125,4.20400776929809,0.047804361883487155,0.01495361328125,0.118682861328125,0.277069091796875,0.04022056057185854,0.0,375.1570246244798,549.8797265262431,718.75,0.028922996141870088,0.003504033920172169,3.1875270380092036,-0.02500627866705866,-1.3479585354753527,-2.38832464087642,-2.769696541651406,-2.8731699702549207,-2.89738040407935,-2.900669158236463,-2.8470125616750828,0.996526903071314
music,procedural_fake,data/generated_v8/audio/train/music/proc_music_train_00102__fm_percussive.wav,proc::music::train::00102,5.268,0.23087574220176105,0.825592041015625,3.5759150491182594,0.030823258628258212,0.0394287109375,0.1859130859375,0.354736328125,0.028639901290812453,0.0,219.25922645653665,427.5687024970906,343.75,0.015761077915790102,0.0041578888570083655,2.4352993891859622,-0.011272493642966279,-1.6940914854688474,-2.908868095959801,-3.1048479033052825,-3.081005631121132,-3.10770680033041,-3.0646365145384284,-3.043310392985268,0.9541623962926251
music,procedural_fake,data/generated_v8/audio/train/music/proc_music_train_00037__additive_band.wav,proc::music::train::00037,3.463,0.22118650668942466,0.87091064453125,3.9374492484486163,0.057573952749652574,0.01910400390625,0.156005859375,0.3597503662109376,0.04066199826739821,0.0,571.4285727331453,632.3611869333442,781.25,0.03832523689478474,0.00440694013274992,2.876465765041112,-0.04872748398488131,-1.113294558033451,-1.8129168341093225,-2.1691550622166615,-2.5584750144583763,-2.7537293202079294,-2.844678631661671,-3.008645859811237,0.9971551677985036
music,procedural_fake,data/generated_v8/audio/train/music/proc_music_train_00021__subtractive_sequence.wav,proc::music::train::00021,4.255,0.15135598253578683,0.80523681640625,5.320151889046464,0.03334361550551565,0.014248657226562517,0.093780517578125,0.249420166015625,0.0213572267920094,0.0,409.5752990228743,674.6755040464806,562.5,0.053813223556380484,0.003343698380007696,3.8713716730793144,-0.03476944877126579,-1.2760701750888928,-1.945072128538075,-2.3922161088856857,-2.6496372425104995,-2.6425720826431505,-2.7222556374990328,-2.6643248453347605,0.9998903092240967
music,procedural_fake,data/generated_v8/audio/train/music/proc_music_train_00082__additive_band.wav,proc::music::train::00082,5.1,0.21074813479339252,0.75848388671875,3.5990064038399754,0.03936322749053297,0.011688232421875,0.155914306640625,0.343170166015625,0.06241421568627451,0.0,387.69471367920136,464.06490792090426,531.25,0.024877620214204012,0.004307694476675724,2.8165548212027383,-0.022721741082901755,-1.3865298349278314,-2.293615586581441,-2.8702809726333274,-3.0193607249699506,-3.076224506386005,-3.071440208497251,-3.0804497192946014,0.9911218465695185
music,procedural_fake,data/generated_v8/audio/train/music/proc_music_train_00043__subtractive_sequence.wav,proc::music::train::00043,4.935,0.1819420146880024,0.7593994140625,4.173854045558045,0.026494763104902546,0.016357421875,0.122589111328125,0.2983428955078127,0.037803951367781155,0.0,261.0103352661707,534.9826689525378,343.75,0.030453750800601302,0.0035352581477431943,2.8760502259599954,-0.01644349578149096,-1.6053505136549264,-2.343383997680783,-2.6103892705708143,-2.822279258733759,-2.880338371236616,-2.8897688533447567,-2.9052817755303084,0.9987643012316264
music,procedural_fake,data/generated_v8/audio/train/music/proc_music_train_00075__subtractive_sequence.wav,proc::music::train::00075,7.038,0.19243459301739313,0.893798828125,4.644688951763545,0.04038825295052705,0.02001953125,0.130645751953125,0.311492919921875,0.027014066496163683,0.0,466.4896651665097,672.3333723349007,718.75,0.05597477105323634,0.0036324110713470094,2.643517061610057,-0.0385749639448614,-1.2352458459142062,-1.8715921520907832,-2.302168323724707,-2.491671228278936,-2.694177640443826,-2.801950412443605,-2.8058613405245265,0.9993800326601854
music,procedural_fake,data/generated_v8/audio/train/music/proc_music_train_00021__fm_percussive.wav,proc::music::train::00021,4.255,0.16385349018712408,0.7259521484375,4.43049548476781,0.038396568692254586,0.010040283203125,0.10015869140625,0.2762451171875,0.04832549941245593,0.0,298.8489959603441,469.8789284079177,531.25,0.021447685797169633,0.004273340136444386,6.533234782308964,-0.012978602836992053,-1.6456357960882315,-2.82747258666771,-2.9612382953041063,-2.9285511226449206,-2.965649548377006,-2.997158073140951,-3.008725751302654,0.9996803878933074
music,procedural_fake,data/generated_v8/audio/train/music/proc_music_train_00057__fm_percussive.wav,proc::music::train::00057,6.969,0.17342175637458368,0.77978515625,4.496466721082544,0.0784911616727801,0.016998291015625,0.124053955078125,0.279632568359375,0.04513739417420003,0.0,639.7231032925001,699.1394147382942,1093.75,0.04110884823443007,0.0036846723952383177,3.5155309597471573,-0.07454908522683562,-0.9278815026827082,-1.5375407983165428,-2.295176205083252,-2.7061782534868204,-2.8647114287250726,-2.9595106525730546,-2.9339292433660873,0.997889678270043
music,procedural_fake,data/generated_v8/audio/train/music/proc_music_train_00009__additive_band.wav,proc::music::train::00009,4.654,0.19150455032141164,0.7220458984375,3.77038507557995,0.05366423592925346,0.01531982421875,0.135162353515625,0.315185546875,0.04394069617533305,0.0,551.509795356118,639.9317280791797,750.0,0.03872362257676184,0.003690051489800582,2.871285156909597,-0.04347716778063892,-1.1837380163172992,-1.7436033726567546,-2.347970514756584,-2.629322312930458,-2.565876447373858,-2.993075431695324,-2.9418416619158267,0.9972824780147185
music,procedural_fake,data/generated_v8/audio/train/music/proc_music_train_00036__additive_band.wav,proc::music::train::00036,4.374,0.23443197325959558,0.8665771484375,3.6964972669402294,0.050040724175871285,0.02197265625,0.168212890625,0.371551513671875,0.034250685871056244,0.0,504.7952031421843,623.4273303777293,687.5,0.03244409927496074,0.004560842920819922,3.0491571157312065,-0.04244917418249314,-1.1919662657259236,-1.764185681907379,-2.302603693686164,-2.4899670286442377,-2.7664765240708276,-3.072211162097036,-3.0676132604624518,0.9960602311203597
music,procedural_fake,data/generated_v8/audio/train/music/proc_music_train_00034__subtractive_sequence.wav,proc::music::train::00034,7.113,0.17444350863261415,0.865386962890625,4.96084359729985,0.055163566388710714,0.01507568359375,0.117706298828125,0.28741455078125,0.04154365246731337,0.0,600.2951128602152,824.6974701520913,937.5,0.08812344838374205,0.003134876159138606,2.547655295775117,-0.06793331345840924,-1.0260866053321291,-1.5935062870205627,-1.9789903747022461,-2.1873320993439136,-2.460875950027951,-2.6491988747002972,-2.6127331980765796,0.9998792009281292
music,procedural_fake,data/generated_v8/audio/train/music/proc_music_train_00089__fm_percussive.wav,proc::music::train::00089,5.82,0.1785011058753718,0.769287109375,4.30970500492087,0.05805474715149433,0.0172119140625,0.122100830078125,0.2943450927734377,0.03798324742268041,0.0,419.00447222342973,585.5312009187389,781.25,0.036678964120189984,0.0037819676025813874,3.518000610461276,-0.040572779455442215,-1.108208498543608,-2.4530960055621427,-2.7677070665488492,-2.794441041455884,-2.831323181942764,-2.8592561956890545,-2.8088899630243676,0.9972982128761471
music,procedural_fake,data/generated_v8/audio/train/music/proc_music_train_00114__additive_band.wav,proc::music::train::00114,4.882,0.16651430731974684,0.850067138671875,5.105069662509811,0.04419351947869058,0.021270751953125,0.118255615234375,0.269134521484375,0.013967124129455142,0.0,437.79692479786564,488.6774461224154,562.5,0.027678079218892034,0.0032052643917474494,2.9993574839377555,-0.028506642588928363,-1.2921654564373761,-2.1393274465714405,-2.8165205269362072,-3.019138005550242,-3.0499662085464028,-3.0542274217724,-3.0052879264700127,0.9928824736826187
music,procedural_fake,data/generated_v8/audio/train/music/proc_music_train_00044__subtractive_sequence.wav,proc::music::train::00044,5.394,0.16692280554054548,0.77984619140625,4.671897221478378,0.05102951229968831,0.00885009765625,0.106903076171875,0.27606201171875,0.06618464961067853,0.0,636.3154391059168,801.2662661656998,1000.0,0.07181538513490614,0.0036013846253501974,3.1937011255491656,-0.07756660008286462,-0.9567415110446285,-1.5321632519977308,-1.9274534045928093,-2.1979146415752635,-2.6131100282054076,-2.7873839411348493,-2.824831571886118,0.9998814143998392
music,procedural_fake,data/generated_v8/audio/train/music/proc_music_train_00051__subtractive_sequence.wav,proc::music::train::00051,5.911,0.1877960021561784,0.89892578125,4.786714152212989,0.04400740153317473,0.013763427734375,0.129913330078125,0.30413818359375,0.04957917442057182,0.0,560.3375042396252,695.6803614204858,875.0,0.06099906019081114,0.003507842729131312,2.909603675045855,-0.0584921915073346,-1.0509859777824766,-1.6436294382310859,-2.1605541176385334,-2.562370064296239,-2.818135582193272,-2.8154121147670126,-2.7778428242624362,0.9995531482744592
music,procedural_fake,data/generated_v8/audio/train/music/proc_music_train_00105__additive_band.wav,proc::music::train::00105,6.498,0.16282693987663807,0.706085205078125,4.336415126471538,0.037531139688555024,0.017578125,0.121429443359375,0.261749267578125,0.030143890427823946,0.0,320.4021543389942,506.37065556049697,468.75,0.02696252560159723,0.002925604408830638,2.3613814924972827,-0.014039068378142812,-1.6672664787432172,-2.441339017784138,-2.716635443731087,-2.9206519354762013,-2.952258141776479,-2.9222094336401097,-2.905904712920727,0.9940492724176225
music,procedural_fake,data/generated_v8/audio/train/music/proc_music_train_00020__additive_band.wav,proc::music::train::00020,6.725,0.19070268171885352,0.79974365234375,4.1936675726604875,0.02990734114629318,0.018612670898437544,0.144073486328125,0.30279541015625,0.03521375464684015,0.0,233.74436554095018,438.6120518055178,312.5,0.02087979301646882,0.003309328061460926,2.3572587803688885,-0.007935269968043198,-1.9453553233327077,-2.7696025840249514,-3.0102981285556942,-2.988524155694977,-2.9782427474607367,-3.0165939390424668,-2.979693761784491,0.9903352400885611
music,procedural_fake,data/generated_v8/audio/train/music/proc_music_train_00101__fm_percussive.wav,proc::music::train::00101,6.288,0.13198630134980655,0.761474609375,5.769345769882929,0.053296490303855595,0.012786865234375,0.089385986328125,0.217071533203125,0.04133866094147583,0.0,404.36883878962146,619.9126750173092,687.5,0.036146241137510145,0.0030964914087536874,3.9997706041391097,-0.05636505536394548,-0.9713882694018895,-2.1452578164712786,-2.7426081503925173,-2.801269819151341,-2.885852975337698,-2.8085542022790166,-2.8223906596172954,0.9995826405847373
music,procedural_fake,data/generated_v8/audio/train/music/proc_music_train_00062__subtractive_sequence.wav,proc::music::train::00062,3.788,0.1936875041147667,0.8199462890625,4.233346352466047,0.04148035705446566,0.016348266601562522,0.129425048828125,0.320159912109375,0.04040720696937698,0.0,427.72527172206287,685.7816923288489,656.25,0.058347044991203044,0.0037338901704602793,2.8596518126021255,-0.036694263987935655,-1.2436046281139999,-1.939312613277305,-2.481145113854883,-2.6071937278851522,-2.6776305972169814,-2.6593357604408423,-2.622046633324444,0.9995303828562647
music,procedural_fake,data/generated_v8/audio/train/music/proc_music_train_00043__fm_percussive.wav,proc::music::train::00043,4.935,0.24232848849862135,0.85638427734375,3.5339810133327436,0.03034486252358819,0.026641845703125,0.182586669921875,0.389923095703125,0.039285714285714285,0.0,214.30023480425237,428.37816820540235,343.75,0.014335222917158006,0.005545964261964931,4.3837784231772865,-0.014249715912462822,-1.5699108705119575,-2.8808413136024873,-3.092612276131039,-3.1245580781629303,-3.0856677947828963,-3.1226611909145605,-3.0416169973821146,0.9931371447693891
music,procedural_fake,data/generated_v8/audio/train/music/proc_music_train_00028__additive_band.wav,proc::music::train::00028,4.918,0.1684976144206498,0.715911865234375,4.24879525859114,0.0354061026599057,0.014678955078125,0.12060546875,0.2766815185546876,0.04132777551850346,0.0,324.31262146040285,497.5886799202577,437.5,0.028442745931165272,0.003365183572884832,3.0293151701127914,-0.01581574383903024,-1.5814052069514057,-2.475087327287889,-2.8998206223615015,-2.891846552663292,-2.9513808060214695,-2.917081446641954,-2.878039879306367,0.9970445309763202
music,procedural_fake,data/generated_v8/audio/train/music/proc_music_train_00026__fm_percussive.wav,proc::music::train::00026,5.654,0.17571366046896417,0.74151611328125,4.220025416932351,0.030421277207256004,0.017608642578125,0.1312255859375,0.28326416015625,0.051832773257870536,0.0,257.1033006830176,479.6441678110294,468.75,0.021373591467544254,0.003666030024767625,2.9238711534198316,-0.006487148991909277,-2.116716208715545,-2.934044441485035,-2.9731479908127008,-2.8692533105297877,-2.920186385320237,-2.929945697010388,-2.9111588183326322,0.9966385351904204
music,procedural_fake,data/generated_v8/audio/train/music/proc_music_train_00053__fm_percussive.wav,proc::music::train::00053,4.317,0.23162548108558295,0.909393310546875,3.926136737135862,0.03758451448509505,0.0191650390625,0.16796875,0.37603454589843754,0.05307505211952745,0.0,290.89901918120904,439.52155429973425,562.5,0.017170837158298168,0.004546593521624409,2.475962586524803,-0.008767388196287019,-1.8400575769294094,-3.040526889164322,-3.037260022142378,-3.045815260012214,-3.0301239983149846,-3.0209192228461608,-3.03704385926039,0.9848161196705945
music,procedural_fake,data/generated_v8/audio/train/music/proc_music_train_00088__additive_band.wav,proc::music::train::00088,4.504,0.15657289301139715,0.70709228515625,4.516058121917565,0.040048291078639525,0.006591796875,0.115447998046875,0.2515869140625,0.07238010657193605,0.0,354.5221490085889,535.0604351014543,500.0,0.03436578823113153,0.0031692907918612883,2.7609794104877556,-0.018850064971403936,-1.5121378231366145,-2.4185052899867796,-2.678123818344616,-2.7736615924134487,-2.8576741133021426,-2.8526748700766684,-2.874449075203685,0.9990510657730944
music,procedural_fake,data/generated_v8/audio/train/music/proc_music_train_00077__additive_band.wav,proc::music::train::00077,4.394,0.22243702173403276,0.864105224609375,3.8847185503255965,0.034621566647227,0.020782470703125,0.1596832275390625,0.361480712890625,0.036143035958124715,0.0,262.0043783147685,445.42629087624806,343.75,0.021440017539614515,0.004137341214438094,2.54206164705662,-0.009554839204829618,-1.8252999946955604,-2.7327607803291345,-2.9797192880446968,-3.0405625140745114,-3.055394308268125,-3.0204164970346623,-2.9335612833536184,0.9881043502954305
music,procedural_fake,data/generated_v8/audio/train/music/proc_music_train_00112__additive_band.wav,proc::music::train::00112,4.334,0.22160653177301332,0.870330810546875,3.927369845931868,0.033485715933836147,0.011331176757812506,0.1611328125,0.3587646484375,0.06372577295800647,0.0,274.7202005461201,474.28541862472946,343.75,0.02530143235547368,0.004333656026735891,3.0119790724972986,-0.012598128591671974,-1.7047205120962512,-2.4843011740539813,-2.927184723232853,-2.968972829373064,-2.950085971530397,-2.9755638673256155,-2.943213899690055,0.997607407266697
music,procedural_fake,data/generated_v8/audio/train/music/proc_music_train_00022__subtractive_sequence.wav,proc::music::train::00022,3.484,0.14520273291399258,0.73956298828125,5.093313145278834,0.04818542238487344,0.0133056640625,0.09857177734375,0.235076904296875,0.03855123421354765,0.0,549.0333180192863,838.3485618444109,875.0,0.07803383445896751,0.0027560651413216777,2.6634739493969564,-0.05941484018052853,-1.0947270055305987,-1.6508742077705225,-1.972756681022232,-2.20007248543478,-2.482975092186818,-2.6201724697721995,-2.6065528340140482,0.999898739265461
music,procedural_fake,data/generated_v8/audio/train/music/proc_music_train_00109__subtractive_sequence.wav,proc::music::train::00109,5.63,0.19102517848331718,0.8516845703125,4.458493781158174,0.03279343687207895,0.016815185546875,0.12908935546875,0.3127471923828127,0.0405417406749556,0.0,386.8275967995572,610.0015704845323,593.75,0.04488540235513222,0.0037599093299545638,2.856133168439828,-0.03131947335071191,-1.2936541671308321,-2.0353153269107294,-2.5206712690694024,-2.764343023762279,-2.79367887940265,-2.8089679909556033,-2.794541889457978,0.9992864471011795
music,procedural_fake,data/generated_v8/audio/train/music/proc_music_train_00097__fm_percussive.wav,proc::music::train::00097,5.097,0.1750057887054179,0.78082275390625,4.461696722618622,0.09204056357371461,0.012240600585937511,0.12255859375,0.29098205566406277,0.05673680596429272,0.0,692.7625340243459,763.9535064016102,1468.75,0.04890189103637193,0.0035451122349271697,3.0408831748996112,-0.11149328269523993,-0.7776024157830588,-1.3372604088913589,-2.155016943376793,-2.798763529321524,-2.7155847627851792,-2.802821858709279,-2.837212678894045,0.9967823258231846
music,procedural_fake,data/generated_v8/audio/train/music/proc_music_train_00094__fm_percussive.wav,proc::music::train::00094,3.878,0.2239027166654019,0.895477294921875,3.999403438503463,0.043483165987074315,0.031219482421875,0.168487548828125,0.3515625,0.02665678184631253,0.0,300.4787203391394,517.3981054263608,468.75,0.02620368743022199,0.004182446807433419,2.652261682161913,-0.016806876345789225,-1.5272913543165842,-2.758499708927367,-2.8537925702543703,-2.910278635067821,-2.920648132241637,-2.866232868965461,-2.8766235235035977,0.9897823824353471
music,procedural_fake,data/generated_v8/audio/train/music/proc_music_train_00082__subtractive_sequence.wav,proc::music::train::00082,5.1,0.20708274247396877,0.874481201171875,4.222858895553796,0.04451034939153666,0.01666259765625,0.146240234375,0.33392333984375,0.04935049019607843,0.0,499.0025031598449,673.3466757032676,750.0,0.058998769545499444,0.0037067966939924877,2.3035689869678317,-0.04706256414840436,-1.1291606099406966,-1.8236031060869886,-2.2430983473976984,-2.641421440901944,-2.7182314789682795,-2.754653332466826,-2.7579455930264873,0.9990588408605974
music,procedural_fake,data/generated_v8/audio/train/music/proc_music_train_00004__fm_percussive.wav,proc::music::train::00004,5.839,0.18207847410083375,0.722381591796875,3.9674189679161374,0.035130535307151343,0.01678466796875,0.137481689453125,0.29241943359375,0.0027508991265627674,0.0,252.4033690194786,517.8081071604942,375.0,0.025567305123794085,0.003767292636847478,3.084999880366239,-0.014196779932088266,-1.624978133388979,-2.7863950776837703,-2.852418718643071,-2.85858814370384,-2.8659145300184132,-2.8814724139069297,-2.8711372663573362,0.9944767539789342
music,procedural_fake,data/generated_v8/audio/train/music/proc_music_train_00023__fm_percussive.wav,proc::music::train::00023,6.366,0.15844309590827718,0.772613525390625,4.8762839488941285,0.05859309803151539,0.01434326171875,0.110870361328125,0.255462646484375,0.036924677976751495,0.0,453.1310291730678,607.7079414686798,718.75,0.03481308036692035,0.0032756869295561476,3.116992027517715,-0.04446441151220622,-1.0978036854849251,-2.01720057464616,-2.6870243398490063,-2.8382878031983796,-2.83160028168684,-2.87485593352889,-2.808399165919811,0.9984323207275981
music,procedural_fake,data/generated_v8/audio/train/music/proc_music_train_00047__subtractive_sequence.wav,proc::music::train::00047,6.825,0.15350215220665492,0.797515869140625,5.195470276318702,0.05547669850456506,0.0152587890625,0.102996826171875,0.24884338378906268,0.03001831501831502,0.0,610.9059806777877,782.5355916308653,1031.25,0.08394577083376123,0.0028606728489724,2.6804345374650644,-0.07349937871661925,-0.9698427875214168,-1.5633657135066503,-1.996230585373153,-2.348408836940148,-2.6276836770942933,-2.6773364916150584,-2.6690096245553065,0.9997528718657613
music,procedural_fake,data/generated_v8/audio/train/music/proc_music_train_00101__additive_band.wav,proc::music::train::00101,6.288,0.18322575798044807,0.815155029296875,4.4489106678104715,0.0350870217778087,0.0089111328125,0.12091064453125,0.30487060546875,0.06435869910941476,0.0,407.3840889913281,554.9170593153923,531.25,0.03436853008448731,0.004413359119944671,4.394174921485227,-0.030460377353232922,-1.3035531529794153,-1.9977218253518987,-2.5425683552810714,-2.8318287039646797,-2.931595560075684,-2.9322575104532618,-2.8886647340131293,0.9997247814240119
music,procedural_fake,data/generated_v8/audio/train/music/proc_music_train_00038__fm_percussive.wav,proc::music::train::00038,7.14,0.16751409962215655,0.8399658203125,5.0142992273911275,0.055742784863312876,0.018524169921875,0.10968017578125,0.27264404296875,0.007659313725490196,0.0,462.2793537401527,562.356408003109,718.75,0.02807793289805237,0.0038819954946100353,4.0577651960850245,-0.036779585191464084,-1.1597071726484025,-2.2222271729351504,-2.8889084869824426,-2.8742495070182117,-2.9877345118187537,-2.932425533827932,-2.9384129715053575,0.997268639913237
music,procedural_fake,data/generated_v8/audio/train/music/proc_music_train_00014__fm_percussive.wav,proc::music::train::00014,3.941,0.24343863761343013,0.8797607421875,3.6138911670403013,0.07558480691459836,0.0240478515625,0.18084716796875,0.389373779296875,0.003441385435168739,0.0,515.3075242480561,653.2024011614334,875.0,0.03969220194855143,0.0045511785046274495,2.5675559292410743,-0.05437956581320615,-1.0032930543792327,-1.975888586920983,-2.7338646092761736,-2.7622949787252926,-2.8696132407771975,-2.804782091119364,-2.8588250202757712,0.9729243023984955
music,procedural_fake,data/generated_v8/audio/train/music/proc_music_train_00107__additive_band.wav,proc::music::train::00107,3.781,0.17360556224854287,0.754302978515625,4.344924026315039,0.045458302339036284,0.0112762451171875,0.128021240234375,0.2809906005859375,0.055623512298333774,0.0,403.635047663226,528.795194944744,593.75,0.03194397170874179,0.003206015215864195,2.7495033295367617,-0.02409639981684739,-1.405654631084336,-2.1244886933473155,-2.631486193322661,-2.8580306566187827,-2.906400329732327,-2.9753670550697433,-2.9402101090132886,0.9969630205921381
music,procedural_fake,data/generated_v8/audio/train/music/proc_music_train_00000__additive_band.wav,proc::music::train::00000,6.228,0.19916289581244737,0.814239501953125,4.088309213579111,0.0278382690898873,0.018157958984375,0.1455078125,0.3230072021484376,0.038696210661528584,0.0,266.9960095495735,415.34496317705833,343.75,0.01852238027107321,0.0038945037383930846,2.9752872455725785,-0.010431120998360303,-1.7496273101224853,-2.7441259549387658,-3.075840462354943,-3.1052062202923616,-3.1127277456600018,-3.04679118495086,-3.076776909130779,0.9908350666401279
music,procedural_fake,data/generated_v8/audio/train/music/proc_music_train_00066__subtractive_sequence.wav,proc::music::train::00066,6.965,0.16338971377461134,0.728759765625,4.46025486420945,0.034942883550642054,0.016204833984375,0.111175537109375,0.2676116943359377,0.03273510409188801,0.0,356.9708984585668,649.0331510561633,500.0,0.05230007906867261,0.00300071366755706,2.763199075213429,-0.0238711592771889,-1.4441720979737838,-2.2227584006115775,-2.5475420034005505,-2.677131393500767,-2.6574886543323144,-2.6776409693072276,-2.6391592211702357,0.999513435181159
