path,component_fake,file_fake,component_present
MIX::data\raw\public_v9\mlaad_tiny\fake\en\RVC\dorothy_and_wizard_oz_07_f000014.wav|data\raw\public_v9\echoes_fma_paired\fake\Celia_Ergo_Phizmiz_producer_ATA_001.mp3,0.0012246629921719432,0.0010161245008930564,0.9978678822517395
MIX::data\raw\public_v9\mlaad_tiny\fake\en\RVC\dorothy_and_wizard_oz_07_f000014.wav|data\raw\public_v9\echoes_fma_paired\fake\Cloudy_Subway_Sonicbeat_audioldm_ATA_001.mp3,5.457026054500602e-05,4.098177305422723e-05,0.9999191164970398
MIX::data\raw\public_v9\mlaad_tiny\fake\en\FishTTS\dorothy_and_wizard_oz_07_f000046.wav|data\raw\public_v9\echoes_fma_paired\fake\Burn_Room_For_A_Ghost_musicgen_ATA_001.wav,0.0004991133464500308,0.0003998471947852522,0.9999217987060547
MIX::data\raw\public_v9\mlaad_tiny\fake\en\Higgs-Audio-V2\dorothy_and_wizard_oz_08_f000005.wav|data\raw\public_v9\sonics\fake_09743_suno_0.mp3,0.0010770278749987483,0.0009099965100176632,0.9987723231315613
MIX::data\raw\public_v9\mlaad_tiny\fake\en\RVC\dorothy_and_wizard_oz_08_f000016.wav|data\raw\public_v9\echoes_fma_paired\fake\Celia_Ergo_Phizmiz_stableaudio_TTA_001.mp3,3.321086478536017e-05,2.4237890102085657e-05,0.999965488910675
MIX::data\raw\public_v9\mlaad_tiny\fake\en\Chatterbox\dorothy_and_wizard_oz_08_f000065.wav|data\raw\public_v9\sonics\fake_09164_suno_0.mp3,5.788552698504645e-06,4.081308816239471e-06,0.9999955296516418
MIX::data\raw\public_v9\mlaad_tiny\fake\en\f5-tts\dorothy_and_wizard_oz_14_f000043.wav|data\raw\public_v9\echoes_fma_paired\fake\Cold_Chains_Rolemusic_producer_ATA_001.mp3,0.07245343923568726,0.06648880988359451,0.76021409034729
MIX::data\raw\public_v9\mlaad_tiny\fake\en\Microsoft VibeVoice 1.5B\dorothy_and_wizard_oz_14_f000082.wav|data\raw\public_v9\sonics\fake_09380_suno_0.mp3,7.452852878486738e-05,5.6155873608076945e-05,0.9999578595161438
MIX::data\raw\public_v9\mlaad_tiny\fake\en\Chatterbox\dorothy_and_wizard_oz_14_f000118.wav|data\raw\public_v9\sonics\fake_10003_suno_0.mp3,1.2137262274336535e-05,8.74041870702058e-06,0.9999894499778748
MIX::data\raw\public_v9\mlaad_tiny\fake\en\FireRedTTS-2.0\dorothy_and_wizard_oz_14_f000119.wav|data\raw\public_v9\echoes_fma_paired\fake\Celia_Ergo_Phizmiz_mubert_TTA_001.mp3,0.001287846709601581,0.0010883788345381618,0.9985585808753967
MIX::data\raw\public_v9\mlaad_tiny\fake\en\FishTTS\emerald_city_of_oz_05_f000014.wav|data\raw\public_v9\echoes_fma_paired\fake\Celia_Ergo_Phizmiz_producer_ATA_001.mp3,0.00029125597211532295,0.00023356736346613616,0.9995418190956116
MIX::data\raw\public_v9\mlaad_tiny\fake\en\Higgs-Audio-V2\emerald_city_of_oz_05_f000024.wav|data\raw\public_v9\echoes_fma_paired\fake\Fuckaboing_RoccoW_suno_TTA_001.mp3,2.0001893972221296e-06,1.3814014891977422e-06,0.9999983906745911
MIX::data\raw\public_v9\mlaad_tiny\fake\en\RVC\emerald_city_of_oz_05_f000077.wav|data\raw\public_v9\sonics\fake_09214_suno_0.mp3,6.305397255346179e-05,4.665168671635911e-05,0.9999651312828064
MIX::data\raw\public_v9\mlaad_tiny\fake\en\RVC\emerald_city_of_oz_05_f000077.wav|data\raw\public_v9\sonics\fake_10003_suno_0.mp3,3.7368354242062196e-05,2.717864845180884e-05,0.9999701380729675
MIX::data\raw\public_v9\mlaad_tiny\fake\en\Higgs-Audio-V2\emerald_city_of_oz_05_f000091.wav|data\raw\public_v9\sonics\fake_09912_suno_0.mp3,0.015401938930153847,0.014160195365548134,0.9872403144836426
MIX::data\raw\public_v9\mlaad_tiny\fake\en\FireRedTTS-2.0\emerald_city_of_oz_08_f000059.wav|data\raw\public_v9\echoes_fma_paired\fake\Celia_Ergo_Phizmiz_brev_TTA_001.mp3,3.468386421445757e-05,2.595037040009629e-05,0.9999692440032959
MIX::data\raw\public_v9\mlaad_tiny\fake\en\FireRedTTS-2.0\emerald_city_of_oz_08_f000073.wav|data\raw\public_v9\echoes_fma_paired\fake\Digital_Lightning_Cloudkicker_brev_TTA_001.mp3,0.00040518451714888215,0.00032710860250517726,0.9994650483131409
MIX::data\raw\public_v9\mlaad_tiny\fake\en\Chatterbox\emerald_city_of_oz_13_f000060.wav|data\raw\public_v9\echoes_fma_paired\fake\Digital_Lightning_Cloudkicker_elevenlabs_TTA_001.mp3,0.02365925908088684,0.02129627764225006,0.904076337814331
MIX::data\raw\public_v9\mlaad_tiny\fake\en\FishTTS\emerald_city_of_oz_24_f000069.wav|data\raw\public_v9\echoes_fma_paired\fake\Celia_Ergo_Phizmiz_elevenlabs_TTA_001.mp3,0.0006232333835214376,0.0005003776168450713,0.9993069767951965
MIX::data\raw\public_v9\mlaad_tiny\fake\en\f5-tts\hunters_space_05_f000015.wav|data\raw\public_v9\echoes_fma_paired\fake\Busby_Berkeley_Ergo_Phizmiz_producer_ATA_001.mp3,3.360214759595692e-05,2.5002162146847695e-05,0.9999505877494812
MIX::data\raw\public_v9\mlaad_tiny\fake\en\FishTTS\hunters_space_05_f000074.wav|data\raw\public_v9\echoes_fma_paired\fake\Cold_Chains_Rolemusic_audioldm_ATA_001.mp3,1.3055079080004361e-06,8.923643122216163e-07,0.9999989867210388
MIX::data\raw\public_v9\mlaad_tiny\fake\en\Qwen2.5-Omni\hunters_space_05_f000109.wav|data\raw\public_v9\echoes_fma_paired\fake\Digital_Lightning_Cloudkicker_udio_TTA_001.mp3,0.00022721933783032,0.00017694274720270187,0.9996018409729004
MIX::data\raw\public_v9\mlaad_tiny\fake\en\Higgs-Audio-V2\hunters_space_06_f000014.wav|data\raw\public_v9\echoes_fma_paired\fake\Celia_Ergo_Phizmiz_suno_TTA_001.mp3,0.0033107444178313017,0.002834319369867444,0.9969103932380676
MIX::data\raw\public_v9\mlaad_tiny\fake\en\f5-tts\hunters_space_06_f000023.wav|data\raw\public_v9\echoes_fma_paired\fake\Fuckaboing_RoccoW_mubert_TTA_001.mp3,7.269365596584976e-05,5.534549200092442e-05,0.9998705983161926
MIX::data\raw\public_v9\mlaad_tiny\fake\en\MiniCPM-o-2.6\hunters_space_06_f000036.wav|data\raw\public_v9\sonics\fake_09164_suno_0.mp3,4.7891012400214095e-06,3.3746287044778e-06,0.9999955296516418
MIX::data\raw\public_v9\mlaad_tiny\fake\en\MiniCPM-o-2.6\hunters_space_06_f000036.wav|data\raw\public_v9\echoes_fma_paired\fake\Cloudy_Subway_Sonicbeat_audioldm_ATA_001.mp3,6.245736585697159e-06,4.4643020373769104e-06,0.9999920725822449
MIX::data\raw\public_v9\mlaad_tiny\fake\en\Higgs-Audio-V2\hunters_space_08_f000081.wav|data\raw\public_v9\sonics\fake_09922_suno_0.mp3,1.427425286237849e-05,1.0055624443339184e-05,0.9999859929084778
MIX::data\raw\public_v9\mlaad_tiny\fake\en\MiniCPM-o-2.6\hunters_space_08_f000103.wav|data\raw\public_v9\echoes_fma_paired\fake\Digital_Lightning_Cloudkicker_musicgen_ATA_001.wav,0.05329887196421623,0.04820064455270767,0.9467649459838867
MIX::data\raw\public_v9\mlaad_tiny\fake\en\FishTTS\hunters_space_17_f000018.wav|data\raw\public_v9\sonics\fake_09214_suno_0.mp3,3.1924139420880238e-06,2.2174072000780143e-06,0.9999983906745911
MIX::data\raw\public_v9\mlaad_tiny\fake\en\Chatterbox\hunters_space_18_f000010.wav|data\raw\public_v9\echoes_fma_paired\fake\Cold_Chains_Rolemusic_elevenlabs_TTA_001.mp3,8.497708768118173e-05,6.585181836271659e-05,0.9998664855957031
MIX::data\raw\public_v9\mlaad_tiny\fake\en\OpenVoiceV2\hunters_space_18_f000024.wav|data\raw\public_v9\echoes_fma_paired\fake\Busby_Berkeley_Ergo_Phizmiz_musicgen_ATA_001.wav,0.0045362976379692554,0.003920909482985735,0.9930320382118225
MIX::data\raw\public_v9\mlaad_tiny\fake\en\Chatterbox\jane_eyre_05_f000047.wav|data\raw\public_v9\echoes_fma_paired\fake\Digital_Lightning_Cloudkicker_stableaudio_TTA_001.mp3,1.8994935544469627e-06,1.2840752106058062e-06,0.9999987483024597
MIX::data\raw\public_v9\mlaad_tiny\fake\en\OpenVoiceV2\jane_eyre_05_f000054.wav|data\raw\public_v9\sonics\fake_09584_suno_0.mp3,0.015887079760432243,0.014500031247735023,0.964726984500885
MIX::data\raw\public_v9\mlaad_tiny\fake\en\Microsoft VibeVoice 1.5B\jane_eyre_05_f000057.wav|data\raw\public_v9\sonics\fake_10148_suno_0.mp3,0.003073008731007576,0.0027125924825668335,0.9967382550239563
MIX::data\raw\public_v9\mlaad_tiny\fake\en\OpenVoiceV2\jane_eyre_05_f000097.wav|data\raw\public_v9\sonics\fake_10686_suno_0.mp3,0.0005448138690553606,0.0004465085221454501,0.9994276165962219
MIX::data\raw\public_v9\mlaad_tiny\fake\en\suno_bark\jane_eyre_05_f000137.wav|data\raw\public_v9\sonics\fake_09437_suno_0.mp3,2.972870788653381e-05,2.1647130779456347e-05,0.9999777674674988
MIX::data\raw\public_v9\mlaad_tiny\fake\en\Microsoft VibeVoice 1.5B\jane_eyre_05_f000180.wav|data\raw\public_v9\echoes_fma_paired\fake\Busby_Berkeley_Ergo_Phizmiz_brev_TTA_001.mp3,0.0002944147272501141,0.0002211089013144374,0.9999220371246338
MIX::data\raw\public_v9\mlaad_tiny\fake\en\Chatterbox\jane_eyre_06_f000021.wav|data\raw\public_v9\sonics\fake_09699_suno_0.mp3,5.7304627262055874e-05,4.260504647390917e-05,0.9999401569366455
MIX::data\raw\public_v9\mlaad_tiny\fake\en\FireRedTTS-2.0\jane_eyre_17_f000177.wav|data\raw\public_v9\sonics\fake_10686_suno_0.mp3,9.345738362753764e-05,7.371920219156891e-05,0.9998764991760254
MIX::data\raw\public_v9\mlaad_tiny\fake\en\FireRedTTS-2.0\jane_eyre_17_f000177.wav|data\raw\public_v9\echoes_fma_paired\fake\Cold_Chains_Rolemusic_musicgen_ATA_001.wav,0.0006286120624281466,0.0005049325991421938,0.9989771246910095
MIX::data\raw\public_v9\mlaad_tiny\fake\en\FireRedTTS-2.0\jane_eyre_17_f000379.wav|data\raw\public_v9\echoes_fma_paired\fake\Dr._Bodysnatcher_Modey_Lemon_acestep_TTA_001.mp3,8.80469633557368e-06,6.211582785908831e-06,0.9999906420707703
MIX::data\raw\public_v9\mlaad_tiny\fake\en\Chatterbox\jane_eyre_18_f000063.wav|data\raw\public_v9\echoes_fma_paired\fake\Cold_Chains_Rolemusic_musicgen_ATA_001.wav,0.003752627642825246,0.0031868615187704563,0.9894974827766418
MIX::data\raw\public_v9\mlaad_tiny\fake\en\RVC\dorothy_and_wizard_oz_07_f000014.wav|data\raw\public_v9\real_music\jamendo\11100.low.mp3,0.004168270155787468,0.003561001503840089,0.9868125915527344
MIX::data\raw\public_v9\mlaad_tiny\fake\en\FishTTS\dorothy_and_wizard_oz_07_f000046.wav|data\raw\public_v9\real_music\guitarset\00_BN3-154-E_solo_mic.wav,1.0352721801609732e-05,7.573375114588998e-06,0.9999802112579346
MIX::data\raw\public_v9\mlaad_tiny\fake\en\Higgs-Audio-V2\dorothy_and_wizard_oz_08_f000005.wav|data\raw\public_v9\echoes_fma_paired\real\fma_61491.mp3,0.008991795592010021,0.007819677703082561,0.98612380027771
MIX::data\raw\public_v9\mlaad_tiny\fake\en\RVC\dorothy_and_wizard_oz_08_f000016.wav|data\raw\public_v9\real_music\guitarset\00_Rock3-148-C_comp_mic.wav,5.0312904932070524e-05,3.857693081954494e-05,0.9998947978019714
MIX::data\raw\public_v9\mlaad_tiny\fake\en\Chatterbox\dorothy_and_wizard_oz_08_f000065.wav|data\raw\public_v9\real_music\jamendo\374600.low.mp3,1.2484637181842118e-06,8.489813012602099e-07,0.9999992251396179
MIX::data\raw\public_v9\mlaad_tiny\fake\en\f5-tts\dorothy_and_wizard_oz_14_f000043.wav|data\raw\public_v9\real_music\jamendo\1347100.low.mp3,0.002975918585434556,0.0025097187608480453,0.9818110466003418
MIX::data\raw\public_v9\mlaad_tiny\fake\en\Microsoft VibeVoice 1.5B\dorothy_and_wizard_oz_14_f000082.wav|data\raw\public_v9\echoes_fma_paired\real\fma_22473.mp3,0.04347439482808113,0.039996739476919174,0.8683891296386719
MIX::data\raw\public_v9\mlaad_tiny\fake\en\Chatterbox\dorothy_and_wizard_oz_14_f000118.wav|data\raw\public_v9\real_music\guitarset\00_SS1-68-E_solo_mic.wav,0.00015640362107660621,0.00011894959607161582,0.9999879002571106
MIX::data\raw\public_v9\mlaad_tiny\fake\en\Chatterbox\dorothy_and_wizard_oz_14_f000118.wav|data\raw\public_v9\echoes_fma_paired\real\fma_22480.mp3,0.007348574697971344,0.006004548165947199,0.9471869468688965
MIX::data\raw\public_v9\mlaad_tiny\fake\en\FireRedTTS-2.0\dorothy_and_wizard_oz_14_f000119.wav|data\raw\public_v9\real_music\guitarset\00_SS3-84-Bb_solo_mic.wav,5.765450987382792e-05,4.4306128984317183e-05,0.9999558329582214
MIX::data\raw\public_v9\mlaad_tiny\fake\en\FishTTS\emerald_city_of_oz_05_f000014.wav|data\raw\public_v9\real_music\guitarset\00_Jazz2-187-F#_solo_mic.wav,6.59749421174638e-05,5.072421845397912e-05,0.9998884201049805
MIX::data\raw\public_v9\mlaad_tiny\fake\en\Higgs-Audio-V2\emerald_city_of_oz_05_f000024.wav|data\raw\public_v9\real_music\guitarset\00_SS2-107-Ab_solo_mic.wav,2.5520932467770763e-05,1.8912614905275404e-05,0.9999725222587585
MIX::data\raw\public_v9\mlaad_tiny\fake\en\RVC\emerald_city_of_oz_05_f000077.wav|data\raw\public_v9\real_music\jamendo\1173500.low.mp3,0.0878138616681099,0.0817774161696434,0.9885055422782898
MIX::data\raw\public_v9\mlaad_tiny\fake\en\Higgs-Audio-V2\emerald_city_of_oz_05_f000091.wav|data\raw\public_v9\real_music\guitarset\00_SS2-88-F_comp_mic.wav,7.112474122550339e-05,5.5028911447152495e-05,0.9998800158500671
MIX::data\raw\public_v9\mlaad_tiny\fake\en\FireRedTTS-2.0\emerald_city_of_oz_08_f000059.wav|data\raw\public_v9\real_music\jamendo\433300.low.mp3,2.8612621463253163e-06,2.0000861695734784e-06,0.9999975562095642
MIX::data\raw\public_v9\mlaad_tiny\fake\en\FireRedTTS-2.0\emerald_city_of_oz_08_f000073.wav|data\raw\public_v9\real_music\guitarset\00_Jazz2-110-Bb_solo_mic.wav,0.0007568160071969032,0.0006038460414856672,0.9999698996543884
MIX::data\raw\public_v9\mlaad_tiny\fake\en\Chatterbox\emerald_city_of_oz_13_f000060.wav|data\raw\public_v9\real_music\guitarset\00_Jazz2-187-F#_comp_mic.wav,0.001327738631516695,0.0010790134547278285,0.990324854850769
MIX::data\raw\public_v9\mlaad_tiny\fake\en\FishTTS\emerald_city_of_oz_24_f000069.wav|data\raw\public_v9\real_music\guitarset\00_Funk2-119-G_comp_mic.wav,1.1859989172080532e-05,8.784759302216116e-06,0.9999925494194031
MIX::data\raw\public_v9\mlaad_tiny\fake\en\FishTTS\emerald_city_of_oz_24_f000069.wav|data\raw\public_v9\echoes_fma_paired\real\fma_112315.mp3,4.86326971440576e-05,3.641760486061685e-05,0.9998992085456848
MIX::data\raw\public_v9\mlaad_tiny\fake\en\f5-tts\hunters_space_05_f000015.wav|data\raw\public_v9\real_music\jamendo\117300.low.mp3,0.009462989866733551,0.00793461687862873,0.9802544116973877
MIX::data\raw\public_v9\mlaad_tiny\fake\en\f5-tts\hunters_space_05_f000015.wav|data\raw\public_v9\real_music\jamendo\1270100.low.mp3,2.4883343030523974e-06,1.6939716260822024e-06,0.9999977946281433
MIX::data\raw\public_v9\mlaad_tiny\fake\en\FishTTS\hunters_space_05_f000074.wav|data\raw\public_v9\real_music\guitarset\00_BN1-147-Gb_solo_mic.wav,0.00015946879284456372,0.00012543846969492733,0.9997833967208862
MIX::data\raw\public_v9\mlaad_tiny\fake\en\Qwen2.5-Omni\hunters_space_05_f000109.wav|data\raw\public_v9\real_music\jamendo\490800.low.mp3,0.12048480659723282,0.11607187986373901,0.834071695804596
MIX::data\raw\public_v9\mlaad_tiny\fake\en\Higgs-Audio-V2\hunters_space_06_f000014.wav|data\raw\public_v9\real_music\guitarset\00_Jazz1-130-D_solo_mic.wav,0.00012066072667948902,9.680441144155338e-05,0.9997764825820923
MIX::data\raw\public_v9\mlaad_tiny\fake\en\f5-tts\hunters_space_06_f000023.wav|data\raw\public_v9\real_music\jamendo\394600.low.mp3,7.620034011779353e-06,5.3046255743538495e-06,0.9999889731407166
MIX::data\raw\public_v9\mlaad_tiny\fake\en\MiniCPM-o-2.6\hunters_space_06_f000036.wav|data\raw\public_v9\real_music\guitarset\00_Jazz2-110-Bb_comp_mic.wav,3.2070463930722326e-05,2.392305941611994e-05,0.9999640583992004
MIX::data\raw\public_v9\mlaad_tiny\fake\en\Higgs-Audio-V2\hunters_space_08_f000081.wav|data\raw\public_v9\real_music\jamendo\1089300.low.mp3,1.8028093791144784e-06,1.221156367137155e-06,0.9999993443489075
MIX::data\raw\public_v9\mlaad_tiny\fake\en\MiniCPM-o-2.6\hunters_space_08_f000103.wav|data\raw\public_v9\real_music\guitarset\00_SS3-98-C_solo_mic.wav,1.116154726332752e-05,8.120769962260965e-06,0.9999917149543762
MIX::data\raw\public_v9\mlaad_tiny\fake\en\FishTTS\hunters_space_17_f000018.wav|data\raw\public_v9\real_music\jamendo\1257400.low.mp3,1.4157759551380877e-06,9.736367019286263e-07,0.9999985694885254
MIX::data\raw\public_v9\mlaad_tiny\fake\en\Chatterbox\hunters_space_18_f000010.wav|data\raw\public_v9\real_music\jamendo\1266300.low.mp3,0.0006607384420931339,0.000551292730960995,0.9994926452636719
MIX::data\raw\public_v9\mlaad_tiny\fake\en\OpenVoiceV2\hunters_space_18_f000024.wav|data\raw\public_v9\real_music\guitarset\00_Funk2-108-Eb_comp_mic.wav,2.1472005755640566e-06,1.501115320934332e-06,0.9999964833259583
MIX::data\raw\public_v9\mlaad_tiny\fake\en\Chatterbox\jane_eyre_05_f000047.wav|data\raw\public_v9\real_music\guitarset\00_BN1-129-Eb_comp_mic.wav,0.0001730549702188,0.0001378539891447872,0.9998470544815063
MIX::data\raw\public_v9\mlaad_tiny\fake\en\OpenVoiceV2\jane_eyre_05_f000054.wav|data\raw\public_v9\real_music\guitarset\00_Rock2-142-D_solo_mic.wav,0.003116474486887455,0.002616863464936614,0.9981549382209778
MIX::data\raw\public_v9\mlaad_tiny\fake\en\Microsoft VibeVoice 1.5B\jane_eyre_05_f000057.wav|data\raw\public_v9\real_music\guitarset\00_Jazz3-150-C_solo_mic.wav,4.768750659422949e-05,3.583406942198053e-05,0.9999918341636658
MIX::data\raw\public_v9\mlaad_tiny\fake\en\OpenVoiceV2\jane_eyre_05_f000097.wav|data\raw\public_v9\real_music\jamendo\1311300.low.mp3,0.0021367771551012993,0.001824097940698266,0.9971559643745422
MIX::data\raw\public_v9\mlaad_tiny\fake\en\suno_bark\jane_eyre_05_f000137.wav|data\raw\public_v9\real_music\jamendo\1162600.low.mp3,1.179927039629547e-05,8.486814294883516e-06,0.9999826550483704
MIX::data\raw\public_v9\mlaad_tiny\fake\en\Microsoft VibeVoice 1.5B\jane_eyre_05_f000180.wav|data\raw\public_v9\real_music\guitarset\00_Jazz3-137-Eb_comp_mic.wav,3.9750757423462346e-05,3.0305469408631325e-05,0.9999640583992004
MIX::data\raw\public_v9\mlaad_tiny\fake\en\Chatterbox\jane_eyre_06_f000021.wav|data\raw\public_v9\real_music\guitarset\00_BN2-166-Ab_solo_mic.wav,0.0025830327067524195,0.002187180332839489,0.9891124963760376
MIX::data\raw\public_v9\mlaad_tiny\fake\en\FireRedTTS-2.0\jane_eyre_17_f000177.wav|data\raw\public_v9\real_music\guitarset\00_Funk1-97-C_comp_mic.wav,0.00019011956464964896,0.0001521805243100971,0.9996070861816406
MIX::data\raw\public_v9\mlaad_tiny\fake\en\FireRedTTS-2.0\jane_eyre_17_f000379.wav|data\raw\public_v9\real_music\jamendo\1339600.low.mp3,0.0016813980182632804,0.0014010671293362975,0.9956164360046387
MIX::data\raw\public_v9\mlaad_tiny\fake\en\Chatterbox\jane_eyre_18_f000063.wav|data\raw\public_v9\real_music\guitarset\00_Funk1-114-Ab_comp_mic.wav,0.0006050672382116318,0.000492768594995141,0.9975370764732361
MIX::data\raw\public_v9\mlaad_tiny\original\en\dorothy_and_wizard_oz_07_f000014.wav|data\raw\public_v9\sonics\fake_09699_suno_0.mp3,2.495191802154295e-05,1.8391931007499807e-05,0.9999729990959167
MIX::data\raw\public_v9\mlaad_tiny\original\en\dorothy_and_wizard_oz_07_f000046.wav|data\raw\public_v9\sonics\fake_10581_suno_0.mp3,0.0002829768054652959,0.00022662115225102752,0.9997896552085876
MIX::data\raw\public_v9\mlaad_tiny\original\en\dorothy_and_wizard_oz_08_f000005.wav|data\raw\public_v9\echoes_fma_paired\fake\Fuckaboing_RoccoW_suno_TTA_001.mp3,2.136248986062128e-05,1.5568952221656218e-05,0.9999768137931824
MIX::data\raw\public_v9\mlaad_tiny\original\en\dorothy_and_wizard_oz_08_f000005.wav|data\raw\public_v9\echoes_fma_paired\fake\Celia_Ergo_Phizmiz_elevenlabs_TTA_001.mp3,0.0006163902580738068,0.0004921656800433993,0.9988923072814941
MIX::data\raw\public_v9\mlaad_tiny\original\en\dorothy_and_wizard_oz_08_f000016.wav|data\raw\public_v9\echoes_fma_paired\fake\Celia_Ergo_Phizmiz_stableaudio_TTA_001.mp3,1.983914989978075e-05,1.4342678696266375e-05,0.9999809265136719
MIX::data\raw\public_v9\mlaad_tiny\original\en\dorothy_and_wizard_oz_08_f000065.wav|data\raw\public_v9\echoes_fma_paired\fake\Fuckaboing_RoccoW_udio_TTA_001.mp3,0.0015785436844453216,0.0013353649992495775,0.9997438788414001
MIX::data\raw\public_v9\mlaad_tiny\original\en\dorothy_and_wizard_oz_14_f000043.wav|data\raw\public_v9\echoes_fma_paired\fake\Busby_Berkeley_Ergo_Phizmiz_acestep_TTA_001.mp3,0.008404052816331387,0.007736831903457642,0.9962270855903625
MIX::data\raw\public_v9\mlaad_tiny\original\en\dorothy_and_wizard_oz_14_f000082.wav|data\raw\public_v9\echoes_fma_paired\fake\Celia_Ergo_Phizmiz_musicgen_ATA_001.wav,0.010849406942725182,0.009846163913607597,0.9762040972709656
MIX::data\raw\public_v9\mlaad_tiny\original\en\dorothy_and_wizard_oz_14_f000118.wav|data\raw\public_v9\sonics\fake_09912_suno_0.mp3,0.0009679486975073814,0.0008243307820521295,0.9992243647575378
MIX::data\raw\public_v9\mlaad_tiny\original\en\dorothy_and_wizard_oz_14_f000119.wav|data\raw\public_v9\echoes_fma_paired\fake\Digital_Lightning_Cloudkicker_suno_TTA_001.mp3,6.479084549937397e-05,5.0578270020196214e-05,0.9998615384101868
MIX::data\raw\public_v9\mlaad_tiny\original\en\emerald_city_of_oz_05_f000014.wav|data\raw\public_v9\echoes_fma_paired\fake\Digital_Lightning_Cloudkicker_producer_ATA_001.mp3,0.00015626272943336517,0.00012266659177839756,0.9996402263641357
MIX::data\raw\public_v9\mlaad_tiny\original\en\emerald_city_of_oz_05_f000024.wav|data\raw\public_v9\sonics\fake_10148_suno_0.mp3,4.376107972348109e-05,3.220613143639639e-05,0.9999284744262695
MIX::data\raw\public_v9\mlaad_tiny\original\en\emerald_city_of_oz_05_f000077.wav|data\raw\public_v9\sonics\fake_10259_suno_0.mp3,1.196254015667364e-05,8.449902452412061e-06,0.9999921917915344
MIX::data\raw\public_v9\mlaad_tiny\original\en\emerald_city_of_oz_05_f000091.wav|data\raw\public_v9\echoes_fma_paired\fake\Fuckaboing_RoccoW_udio_TTA_001.mp3,0.004567784257233143,0.004103433806449175,0.9935758709907532
MIX::data\raw\public_v9\mlaad_tiny\original\en\emerald_city_of_oz_05_f000091.wav|data\raw\public_v9\echoes_fma_paired\fake\Digital_Lightning_Cloudkicker_acestep_TTA_001.mp3,8.847170101944357e-05,6.757730443496257e-05,0.999734103679657
MIX::data\raw\public_v9\mlaad_tiny\original\en\emerald_city_of_oz_08_f000059.wav|data\raw\public_v9\echoes_fma_paired\fake\Cold_Chains_Rolemusic_audioldm_ATA_001.mp3,3.2808723062771605e-06,2.2655895008938387e-06,0.9999966621398926
MIX::data\raw\public_v9\mlaad_tiny\original\en\emerald_city_of_oz_08_f000073.wav|data\raw\public_v9\echoes_fma_paired\fake\Digital_Lightning_Cloudkicker_acestep_TTA_001.mp3,4.55574736406561e-05,3.4265045542269945e-05,0.9999032020568848
MIX::data\raw\public_v9\mlaad_tiny\original\en\emerald_city_of_oz_13_f000060.wav|data\raw\public_v9\sonics\fake_09584_suno_0.mp3,0.0011265721404924989,0.0009494536207057536,0.9985368847846985
MIX::data\raw\public_v9\mlaad_tiny\original\en\emerald_city_of_oz_24_f000069.wav|data\raw\public_v9\echoes_fma_paired\fake\Cold_Chains_Rolemusic_udio_TTA_001.mp3,0.0008335394086316228,0.0006822822615504265,0.9983429908752441
MIX::data\raw\public_v9\mlaad_tiny\original\en\hunters_space_05_f000015.wav|data\raw\public_v9\echoes_fma_paired\fake\Cloudy_Subway_Sonicbeat_musicgen_ATA_001.wav,0.000596335856243968,0.0004918694030493498,0.9992449879646301
MIX::data\raw\public_v9\mlaad_tiny\original\en\hunters_space_05_f000074.wav|data\raw\public_v9\sonics\fake_09771_suno_0.mp3,0.00013014199794270098,0.00010188323358306661,0.9997542500495911
MIX::data\raw\public_v9\mlaad_tiny\original\en\hunters_space_05_f000109.wav|data\raw\public_v9\sonics\fake_09897_suno_0.mp3,2.0737131762871286e-06,1.433977445230994e-06,0.9999983906745911
MIX::data\raw\public_v9\mlaad_tiny\original\en\hunters_space_06_f000014.wav|data\raw\public_v9\echoes_fma_paired\fake\Busby_Berkeley_Ergo_Phizmiz_udio_TTA_001.mp3,4.388349680084502e-06,3.080237547692377e-06,0.9999939799308777
MIX::data\raw\public_v9\mlaad_tiny\original\en\hunters_space_06_f000023.wav|data\raw\public_v9\echoes_fma_paired\fake\Celia_Ergo_Phizmiz_audioldm_ATA_001.mp3,0.002384371357038617,0.0020146833267062902,0.9935324192047119
MIX::data\raw\public_v9\mlaad_tiny\original\en\hunters_space_06_f000036.wav|data\raw\public_v9\echoes_fma_paired\fake\Busby_Berkeley_Ergo_Phizmiz_audioldm_ATA_001.mp3,0.0002806978300213814,0.00022066209930926561,0.9994584918022156
MIX::data\raw\public_v9\mlaad_tiny\original\en\hunters_space_08_f000081.wav|data\raw\public_v9\echoes_fma_paired\fake\Burn_Room_For_A_Ghost_musicgen_ATA_001.wav,0.00016938602493610233,0.00012967859220225364,0.9999265074729919
MIX::data\raw\public_v9\mlaad_tiny\original\en\hunters_space_08_f000103.wav|data\raw\public_v9\echoes_fma_paired\fake\Celia_Ergo_Phizmiz_elevenlabs_TTA_001.mp3,0.0005250762915238738,0.0004188714374322444,0.9991224408149719
MIX::data\raw\public_v9\mlaad_tiny\original\en\hunters_space_17_f000018.wav|data\raw\public_v9\echoes_fma_paired\fake\Digital_Lightning_Cloudkicker_brev_TTA_001.mp3,0.00012213121226523072,9.630058048060164e-05,0.9999197125434875
MIX::data\raw\public_v9\mlaad_tiny\original\en\hunters_space_18_f000010.wav|data\raw\public_v9\echoes_fma_paired\fake\Dr_Bodysnatcher_Modey_Lemon_musicgen_ATA_001.wav,0.011212056502699852,0.009938233532011509,0.9856545329093933
MIX::data\raw\public_v9\mlaad_tiny\original\en\hunters_space_18_f000024.wav|data\raw\public_v9\echoes_fma_paired\fake\Digital_Lightning_Cloudkicker_elevenlabs_TTA_001.mp3,0.00964797381311655,0.008325250819325447,0.958565890789032
MIX::data\raw\public_v9\mlaad_tiny\original\en\jane_eyre_05_f000047.wav|data\raw\public_v9\sonics\fake_09233_suno_0.mp3,9.360713011119515e-05,7.220386032713577e-05,0.9999464154243469
MIX::data\raw\public_v9\mlaad_tiny\original\en\jane_eyre_05_f000054.wav|data\raw\public_v9\sonics\fake_09000_suno_0.mp3,4.259891284164041e-05,3.1873711122898385e-05,0.9999704360961914
MIX::data\raw\public_v9\mlaad_tiny\original\en\jane_eyre_05_f000057.wav|data\raw\public_v9\sonics\fake_09918_suno_0.mp3,7.102652307366952e-05,5.522309947991744e-05,0.9999096393585205
MIX::data\raw\public_v9\mlaad_tiny\original\en\jane_eyre_05_f000097.wav|data\raw\public_v9\sonics\fake_09788_suno_1.mp3,6.313829362625256e-05,4.778680158779025e-05,0.9999348521232605
MIX::data\raw\public_v9\mlaad_tiny\original\en\jane_eyre_05_f000137.wav|data\raw\public_v9\echoes_fma_paired\fake\Digital_Lightning_Cloudkicker_udio_TTA_001.mp3,0.002599803963676095,0.0022238062229007483,0.9958634376525879
MIX::data\raw\public_v9\mlaad_tiny\original\en\jane_eyre_05_f000180.wav|data\raw\public_v9\echoes_fma_paired\fake\Fuckaboing_RoccoW_suno_TTA_001.mp3,1.3165496056899428e-05,9.486893759458326e-06,0.9999892115592957
MIX::data\raw\public_v9\mlaad_tiny\original\en\jane_eyre_05_f000180.wav|data\raw\public_v9\echoes_fma_paired\fake\Digital_Lightning_Cloudkicker_suno_TTA_001.mp3,0.0002925718144979328,0.00023413807502947748,0.9997072219848633
MIX::data\raw\public_v9\mlaad_tiny\original\en\jane_eyre_06_f000021.wav|data\raw\public_v9\echoes_fma_paired\fake\Fuckaboing_RoccoW_mubert_TTA_001.mp3,1.3041737474850379e-05,9.615905582904816e-06,0.9999821782112122
MIX::data\raw\public_v9\mlaad_tiny\original\en\jane_eyre_17_f000177.wav|data\raw\public_v9\sonics\fake_09924_suno_0.mp3,0.0007939827628433704,0.0006480988231487572,0.9989772439002991
MIX::data\raw\public_v9\mlaad_tiny\original\en\jane_eyre_17_f000379.wav|data\raw\public_v9\sonics\fake_09924_suno_0.mp3,0.0007670198101550341,0.0006217530462890863,0.9989650845527649
MIX::data\raw\public_v9\mlaad_tiny\original\en\jane_eyre_17_f000379.wav|data\raw\public_v9\echoes_fma_paired\fake\Digital_Lightning_Cloudkicker_producer_ATA_001.mp3,0.00011352854198776186,8.744879596633837e-05,0.9998494982719421
MIX::data\raw\public_v9\mlaad_tiny\original\en\jane_eyre_18_f000063.wav|data\raw\public_v9\sonics\fake_09996_suno_0.mp3,6.014341488480568e-05,4.609197276295163e-05,0.999963104724884
MIX::data\raw\public_v9\mlaad_tiny\original\en\dorothy_and_wizard_oz_07_f000014.wav|data\raw\public_v9\real_music\jamendo\209800.low.mp3,0.0006249677389860153,0.0005065781297162175,0.9987035393714905
MIX::data\raw\public_v9\mlaad_tiny\original\en\dorothy_and_wizard_oz_07_f000046.wav|data\raw\public_v9\real_music\guitarset\00_Jazz3-150-C_solo_mic.wav,4.0973965951707214e-05,3.1488147214986384e-05,0.9999849796295166
MIX::data\raw\public_v9\mlaad_tiny\original\en\dorothy_and_wizard_oz_08_f000005.wav|data\raw\public_v9\real_music\jamendo\390000.low.mp3,0.0017015577759593725,0.0014147070469334722,0.9953120350837708
MIX::data\raw\public_v9\mlaad_tiny\original\en\dorothy_and_wizard_oz_08_f000016.wav|data\raw\public_v9\real_music\guitarset\00_SS2-107-Ab_solo_mic.wav,3.406892574275844e-05,2.5801831725402735e-05,0.9999721646308899
MIX::data\raw\public_v9\mlaad_tiny\original\en\dorothy_and_wizard_oz_08_f000065.wav|data\raw\public_v9\real_music\jamendo\769000.low.mp3,1.2284613148949575e-06,8.233959079007036e-07,0.9999980926513672
MIX::data\raw\public_v9\mlaad_tiny\original\en\dorothy_and_wizard_oz_14_f000043.wav|data\raw\public_v9\real_music\jamendo\1089300.low.mp3,2.0458059225347824e-05,1.5161665942287073e-05,0.9999955296516418
MIX::data\raw\public_v9\mlaad_tiny\original\en\dorothy_and_wizard_oz_14_f000082.wav|data\raw\public_v9\real_music\jamendo\477400.low.mp3,1.3141866475052666e-05,9.704898729978595e-06,0.9999876618385315
MIX::data\raw\public_v9\mlaad_tiny\original\en\dorothy_and_wizard_oz_14_f000118.wav|data\raw\public_v9\real_music\guitarset\00_BN1-147-Gb_solo_mic.wav,0.00014765956439077854,0.00011690564861055464,0.9997625350952148
MIX::data\raw\public_v9\mlaad_tiny\original\en\dorothy_and_wizard_oz_14_f000118.wav|data\raw\public_v9\real_music\guitarset\00_BN2-166-Ab_comp_mic.wav,1.34290557980421e-05,9.745016541273799e-06,0.9999507069587708
MIX::data\raw\public_v9\mlaad_tiny\original\en\dorothy_and_wizard_oz_14_f000119.wav|data\raw\public_v9\real_music\guitarset\00_SS3-98-C_comp_mic.wav,2.270420009153895e-05,1.710436299617868e-05,0.99995356798172
MIX::data\raw\public_v9\mlaad_tiny\original\en\emerald_city_of_oz_05_f000014.wav|data\raw\public_v9\real_music\guitarset\00_BN1-129-Eb_comp_mic.wav,3.436299448367208e-05,2.5782062948565e-05,0.9999814033508301
MIX::data\raw\public_v9\mlaad_tiny\original\en\emerald_city_of_oz_05_f000024.wav|data\raw\public_v9\real_music\jamendo\1159700.low.mp3,0.010819893330335617,0.009765799157321453,0.9921918511390686
MIX::data\raw\public_v9\mlaad_tiny\original\en\emerald_city_of_oz_05_f000077.wav|data\raw\public_v9\real_music\jamendo\1170400.low.mp3,0.00023697616416029632,0.00019168027210980654,0.9998074173927307
MIX::data\raw\public_v9\mlaad_tiny\original\en\emerald_city_of_oz_05_f000091.wav|data\raw\public_v9\real_music\guitarset\00_SS1-100-C#_comp_mic.wav,5.1168080972274765e-05,3.8883972592884675e-05,0.999851644039154
MIX::data\raw\public_v9\mlaad_tiny\original\en\emerald_city_of_oz_08_f000059.wav|data\raw\public_v9\real_music\guitarset\00_Jazz1-130-D_solo_mic.wav,0.000730264640878886,0.0006058635772205889,0.9987451434135437
MIX::data\raw\public_v9\mlaad_tiny\original\en\emerald_city_of_oz_08_f000073.wav|data\raw\public_v9\echoes_fma_paired\real\fma_106336.mp3,0.0052765910513699055,0.00457414286211133,0.9907028079032898
MIX::data\raw\public_v9\mlaad_tiny\original\en\emerald_city_of_oz_08_f000073.wav|data\raw\public_v9\real_music\jamendo\117300.low.mp3,0.025273164734244347,0.022523533552885056,0.9404330849647522
MIX::data\raw\public_v9\mlaad_tiny\original\en\emerald_city_of_oz_13_f000060.wav|data\raw\public_v9\real_music\jamendo\383000.low.mp3,0.00045376981142908335,0.00036301856744103134,0.9987289309501648
MIX::data\raw\public_v9\mlaad_tiny\original\en\emerald_city_of_oz_24_f000069.wav|data\raw\public_v9\real_music\jamendo\1162600.low.mp3,8.498037686877069e-07,5.726716949538968e-07,0.9999988079071045
MIX::data\raw\public_v9\mlaad_tiny\original\en\hunters_space_05_f000015.wav|data\raw\public_v9\real_music\jamendo\342300.low.mp3,2.2037751477910206e-05,1.600236282683909e-05,0.9999834895133972
MIX::data\raw\public_v9\mlaad_tiny\original\en\hunters_space_05_f000074.wav|data\raw\public_v9\real_music\guitarset\00_SS1-68-E_comp_mic.wav,3.4154280001530424e-05,2.5599658329156227e-05,0.9999449849128723
MIX::data\raw\public_v9\mlaad_tiny\original\en\hunters_space_05_f000109.wav|data\raw\public_v9\real_music\guitarset\00_Jazz3-150-C_comp_mic.wav,2.2037531380192377e-05,1.6320213035214692e-05,0.9999791979789734
MIX::data\raw\public_v9\mlaad_tiny\original\en\hunters_space_05_f000109.wav|data\raw\public_v9\real_music\jamendo\1072900.low.mp3,0.026430394500494003,0.02397981658577919,0.9437363147735596
MIX::data\raw\public_v9\mlaad_tiny\original\en\hunters_space_06_f000014.wav|data\raw\public_v9\real_music\guitarset\00_Rock1-90-C#_comp_mic.wav,4.5105380763743597e-07,3.0029576691958937e-07,0.9999992251396179
MIX::data\raw\public_v9\mlaad_tiny\original\en\hunters_space_06_f000023.wav|data\raw\public_v9\real_music\jamendo\1165500.low.mp3,2.6511825126362965e-05,1.9538987544365227e-05,0.9999451637268066
MIX::data\raw\public_v9\mlaad_tiny\original\en\hunters_space_06_f000036.wav|data\raw\public_v9\real_music\jamendo\374600.low.mp3,0.00014713976997882128,0.0001148944502347149,0.9997774958610535
MIX::data\raw\public_v9\mlaad_tiny\original\en\hunters_space_06_f000036.wav|data\raw\public_v9\real_music\jamendo\398700.low.mp3,0.007528034970164299,0.006505821365863085,0.9722374081611633
MIX::data\raw\public_v9\mlaad_tiny\original\en\hunters_space_08_f000081.wav|data\raw\public_v9\real_music\guitarset\00_BN2-131-B_comp_mic.wav,0.0005029405583627522,0.0004092840536031872,0.9990176558494568
MIX::data\raw\public_v9\mlaad_tiny\original\en\hunters_space_08_f000103.wav|data\raw\public_v9\real_music\guitarset\00_SS3-84-Bb_solo_mic.wav,8.542461000615731e-05,6.619909981964156e-05,0.999932050704956
MIX::data\raw\public_v9\mlaad_tiny\original\en\hunters_space_17_f000018.wav|data\raw\public_v9\real_music\guitarset\00_Jazz2-187-F#_solo_mic.wav,1.509939238530933e-06,1.0426106200611684e-06,0.9999977946281433
MIX::data\raw\public_v9\mlaad_tiny\original\en\hunters_space_18_f000010.wav|data\raw\public_v9\real_music\guitarset\00_Jazz2-110-Bb_comp_mic.wav,8.274700667243451e-05,6.245512486202642e-05,0.9998397827148438
MIX::data\raw\public_v9\mlaad_tiny\original\en\hunters_space_18_f000024.wav|data\raw\public_v9\real_music\jamendo\1314100.low.mp3,0.0009962694020941854,0.0008233560947701335,0.9991175532341003
MIX::data\raw\public_v9\mlaad_tiny\original\en\jane_eyre_05_f000047.wav|data\raw\public_v9\real_music\jamendo\1218700.low.mp3,0.018210316076874733,0.016412468627095222,0.9716891646385193
MIX::data\raw\public_v9\mlaad_tiny\original\en\jane_eyre_05_f000054.wav|data\raw\public_v9\real_music\jamendo\1173500.low.mp3,0.02000144124031067,0.017880169674754143,0.9963739514350891
MIX::data\raw\public_v9\mlaad_tiny\original\en\jane_eyre_05_f000057.wav|data\raw\public_v9\real_music\guitarset\00_Rock2-85-F_solo_mic.wav,0.0015529030933976173,0.0013116003246977925,0.9991561770439148
MIX::data\raw\public_v9\mlaad_tiny\original\en\jane_eyre_05_f000097.wav|data\raw\public_v9\real_music\jamendo\1088000.low.mp3,3.929328158847056e-05,2.9723851184826344e-05,0.9999516606330872
MIX::data\raw\public_v9\mlaad_tiny\original\en\jane_eyre_05_f000137.wav|data\raw\public_v9\real_music\guitarset\00_Funk2-108-Eb_solo_mic.wav,4.718362106359564e-05,3.5563552955864e-05,0.9999269843101501
MIX::data\raw\public_v9\mlaad_tiny\original\en\jane_eyre_05_f000180.wav|data\raw\public_v9\real_music\jamendo\485800.low.mp3,0.0034583546221256256,0.00299049261957407,0.9942669868469238
MIX::data\raw\public_v9\mlaad_tiny\original\en\jane_eyre_06_f000021.wav|data\raw\public_v9\real_music\jamendo\201900.low.mp3,1.869059587988886e-06,1.2832357469960698e-06,0.9999983310699463
MIX::data\raw\public_v9\mlaad_tiny\original\en\jane_eyre_17_f000177.wav|data\raw\public_v9\echoes_fma_paired\real\fma_3966.mp3,0.01899377442896366,0.0171570535749197,0.964817225933075
MIX::data\raw\public_v9\mlaad_tiny\original\en\jane_eyre_17_f000379.wav|data\raw\public_v9\real_music\jamendo\1231600.low.mp3,0.010694495402276516,0.009495014324784279,0.993902862071991
MIX::data\raw\public_v9\mlaad_tiny\original\en\jane_eyre_18_f000063.wav|data\raw\public_v9\real_music\guitarset\00_SS2-107-Ab_comp_mic.wav,4.102147599382988e-08,2.5576738948984712e-08,1.0
MIX::data\raw\public_v9\mlaad_tiny\fake\en\RVC\dorothy_and_wizard_oz_07_f000014.wav|data\raw\public_v9\sonics\fake_09918_suno_0.mp3,0.00047490777797065675,0.00038511701859533787,0.9984946250915527
MIX::data\raw\public_v9\mlaad_tiny\fake\en\FishTTS\dorothy_and_wizard_oz_07_f000046.wav|data\raw\public_v9\sonics\fake_09924_suno_0.mp3,0.0003896978741977364,0.0003153772559016943,0.9994952082633972
MIX::data\raw\public_v9\mlaad_tiny\fake\en\Higgs-Audio-V2\dorothy_and_wizard_oz_08_f000005.wav|data\raw\public_v9\sonics\fake_09519_suno_0.mp3,0.00011086206359323114,8.390319271711633e-05,0.9998170733451843
MIX::data\raw\public_v9\mlaad_tiny\fake\en\RVC\dorothy_and_wizard_oz_08_f000016.wav|data\raw\public_v9\sonics\fake_10039_suno_0.mp3,2.3196676920633763e-05,1.696015715424437e-05,0.9999749064445496
MIX::data\raw\public_v9\mlaad_tiny\fake\en\Chatterbox\dorothy_and_wizard_oz_08_f000065.wav|data\raw\public_v9\echoes_fma_paired\fake\Celia_Ergo_Phizmiz_acestep_TTA_001.mp3,5.57832663616864e-06,3.9466895032092e-06,0.9999979138374329
MIX::data\raw\public_v9\mlaad_tiny\fake\en\f5-tts\dorothy_and_wizard_oz_14_f000043.wav|data\raw\public_v9\echoes_fma_paired\fake\Dr_Bodysnatcher_Modey_Lemon_musicgen_ATA_001.wav,0.02066250890493393,0.018393635749816895,0.9714245200157166
MIX::data\raw\public_v9\mlaad_tiny\fake\en\Microsoft VibeVoice 1.5B\dorothy_and_wizard_oz_14_f000082.wav|data\raw\public_v9\echoes_fma_paired\fake\Busby_Berkeley_Ergo_Phizmiz_audioldm_ATA_001.mp3,0.0006972533883526921,0.0005742083303630352,0.9988266825675964
MIX::data\raw\public_v9\mlaad_tiny\fake\en\Chatterbox\dorothy_and_wizard_oz_14_f000118.wav|data\raw\public_v9\sonics\fake_10259_suno_0.mp3,6.819868190177658e-07,4.525459758042416e-07,0.9999997019767761
MIX::data\raw\public_v9\mlaad_tiny\fake\en\FireRedTTS-2.0\dorothy_and_wizard_oz_14_f000119.wav|data\raw\public_v9\echoes_fma_paired\fake\Digital_Lightning_Cloudkicker_producer_ATA_001.mp3,0.007547532208263874,0.006280120462179184,0.9582202434539795
MIX::data\raw\public_v9\mlaad_tiny\fake\en\FishTTS\emerald_city_of_oz_05_f000014.wav|data\raw\public_v9\sonics\fake_09771_suno_0.mp3,0.00036145630292594433,0.00029313957202248275,0.9994708895683289
MIX::data\raw\public_v9\mlaad_tiny\fake\en\Higgs-Audio-V2\emerald_city_of_oz_05_f000024.wav|data\raw\public_v9\sonics\fake_09996_suno_0.mp3,3.058676156797446e-05,2.3234115360537544e-05,0.9999699592590332
MIX::data\raw\public_v9\mlaad_tiny\fake\en\RVC\emerald_city_of_oz_05_f000077.wav|data\raw\public_v9\sonics\fake_09574_suno_0.mp3,0.00045937320101074874,0.0003591569256968796,0.9995962977409363
MIX::data\raw\public_v9\mlaad_tiny\fake\en\Higgs-Audio-V2\emerald_city_of_oz_05_f000091.wav|data\raw\public_v9\sonics\fake_09607_suno_0.mp3,1.1180706678715069e-05,8.12799044069834e-06,0.999981701374054
MIX::data\raw\public_v9\mlaad_tiny\fake\en\Higgs-Audio-V2\emerald_city_of_oz_05_f000091.wav|data\raw\public_v9\echoes_fma_paired\fake\Busby_Berkeley_Ergo_Phizmiz_mubert_TTA_001.mp3,3.1555380701320246e-05,2.3331536795012653e-05,0.9999749660491943
MIX::data\raw\public_v9\mlaad_tiny\fake\en\FireRedTTS-2.0\emerald_city_of_oz_08_f000059.wav|data\raw\public_v9\sonics\fake_10581_suno_0.mp3,9.982073606806807e-06,7.3266505751234945e-06,0.9999958872795105
MIX::data\raw\public_v9\mlaad_tiny\fake\en\FireRedTTS-2.0\emerald_city_of_oz_08_f000059.wav|data\raw\public_v9\echoes_fma_paired\fake\Busby_Berkeley_Ergo_Phizmiz_audioldm_ATA_001.mp3,0.0002699247852433473,0.0002163379394914955,0.9995676875114441
MIX::data\raw\public_v9\mlaad_tiny\fake\en\FireRedTTS-2.0\emerald_city_of_oz_08_f000073.wav|data\raw\public_v9\sonics\fake_09233_suno_0.mp3,0.0005540368729270995,0.0004551700549200177,0.9997337460517883
MIX::data\raw\public_v9\mlaad_tiny\fake\en\Chatterbox\emerald_city_of_oz_13_f000060.wav|data\raw\public_v9\sonics\fake_10604_suno_0.mp3,0.0005825250409543514,0.0004610632895492017,0.9988780617713928
MIX::data\raw\public_v9\mlaad_tiny\fake\en\FishTTS\emerald_city_of_oz_24_f000069.wav|data\raw\public_v9\echoes_fma_paired\fake\Food_and_War_Ergo_Phizmiz_mubert_TTA_001.mp3,0.00011242482287343591,8.691004040883854e-05,0.9998686909675598
MIX::data\raw\public_v9\mlaad_tiny\fake\en\f5-tts\hunters_space_05_f000015.wav|data\raw\public_v9\echoes_fma_paired\fake\Celia_Ergo_Phizmiz_musicgen_ATA_001.wav,0.10935782641172409,0.1020423024892807,0.86371248960495
MIX::data\raw\public_v9\mlaad_tiny\fake\en\FishTTS\hunters_space_05_f000074.wav|data\raw\public_v9\echoes_fma_paired\fake\Busby_Berkeley_Ergo_Phizmiz_acestep_TTA_001.mp3,0.001271783490665257,0.0010739773279055953,0.9997098445892334
MIX::data\raw\public_v9\mlaad_tiny\fake\en\Qwen2.5-Omni\hunters_space_05_f000109.wav|data\raw\public_v9\echoes_fma_paired\fake\Chipho_instrumental_RoccoW_audioldm_ATA_001.mp3,0.010082991793751717,0.008477326482534409,0.9478840827941895
MIX::data\raw\public_v9\mlaad_tiny\fake\en\Higgs-Audio-V2\hunters_space_06_f000014.wav|data\raw\public_v9\echoes_fma_paired\fake\Food_and_War_Ergo_Phizmiz_producer_ATA_001.mp3,0.00039707066025584936,0.0003220418293494731,0.9995229244232178
MIX::data\raw\public_v9\mlaad_tiny\fake\en\f5-tts\hunters_space_06_f000023.wav|data\raw\public_v9\echoes_fma_paired\fake\Busby_Berkeley_Ergo_Phizmiz_suno_TTA_001.mp3,0.0005434548947960138,0.0004430264816619456,0.9992995858192444
MIX::data\raw\public_v9\mlaad_tiny\fake\en\MiniCPM-o-2.6\hunters_space_06_f000036.wav|data\raw\public_v9\echoes_fma_paired\fake\Digital_Lightning_Cloudkicker_audioldm_ATA_001.mp3,0.0002581714070402086,0.00019604832050390542,0.9995381236076355
MIX::data\raw\public_v9\mlaad_tiny\fake\en\Higgs-Audio-V2\hunters_space_08_f000081.wav|data\raw\public_v9\echoes_fma_paired\fake\Cold_Chains_Rolemusic_suno_TTA_001.mp3,1.955431798705831e-06,1.339814048151311e-06,0.9999971389770508
MIX::data\raw\public_v9\mlaad_tiny\fake\en\MiniCPM-o-2.6\hunters_space_08_f000103.wav|data\raw\public_v9\sonics\fake_10437_suno_0.mp3,4.33951172453817e-05,3.1941948691383004e-05,0.9999649524688721
MIX::data\raw\public_v9\mlaad_tiny\fake\en\FishTTS\hunters_space_17_f000018.wav|data\raw\public_v9\sonics\fake_09543_suno_0.mp3,1.0884520634135697e-05,7.532077688665595e-06,0.9999990463256836
MIX::data\raw\public_v9\mlaad_tiny\fake\en\Chatterbox\hunters_space_18_f000010.wav|data\raw\public_v9\echoes_fma_paired\fake\Busby_Berkeley_Ergo_Phizmiz_mubert_TTA_001.mp3,3.21840780088678e-05,2.3784694349160418e-05,0.9999757409095764
MIX::data\raw\public_v9\mlaad_tiny\fake\en\Chatterbox\hunters_space_18_f000010.wav|data\raw\public_v9\echoes_fma_paired\fake\Food_and_War_Ergo_Phizmiz_mubert_TTA_001.mp3,8.605104812886566e-05,6.527591904159635e-05,0.9998888969421387
MIX::data\raw\public_v9\mlaad_tiny\fake\en\OpenVoiceV2\hunters_space_18_f000024.wav|data\raw\public_v9\sonics\fake_09701_suno_0.mp3,2.616184610815253e-05,1.8856298993341625e-05,0.9999883770942688
MIX::data\raw\public_v9\mlaad_tiny\fake\en\Chatterbox\jane_eyre_05_f000047.wav|data\raw\public_v9\echoes_fma_paired\fake\Burn_Room_For_A_Ghost_audioldm_ATA_001.mp3,0.003049673978239298,0.0025982356164604425,0.9936378598213196
MIX::data\raw\public_v9\mlaad_tiny\fake\en\OpenVoiceV2\jane_eyre_05_f000054.wav|data\raw\public_v9\sonics\fake_09519_suno_0.mp3,7.564715633634478e-05,5.6237906392198056e-05,0.999880850315094
MIX::data\raw\public_v9\mlaad_tiny\fake\en\OpenVoiceV2\jane_eyre_05_f000054.wav|data\raw\public_v9\sonics\fake_10378_suno_0.mp3,0.003852384863421321,0.003278004238381982,0.9858929514884949
MIX::data\raw\public_v9\mlaad_tiny\fake\en\Microsoft VibeVoice 1.5B\jane_eyre_05_f000057.wav|data\raw\public_v9\sonics\fake_10581_suno_0.mp3,0.00038048953865654767,0.0003101637994404882,0.9997676014900208
MIX::data\raw\public_v9\mlaad_tiny\fake\en\OpenVoiceV2\jane_eyre_05_f000097.wav|data\raw\public_v9\echoes_fma_paired\fake\Digital_Lightning_Cloudkicker_acestep_TTA_001.mp3,7.519336264749654e-08,4.614230064703406e-08,0.9999999403953552
MIX::data\raw\public_v9\mlaad_tiny\fake\en\suno_bark\jane_eyre_05_f000137.wav|data\raw\public_v9\echoes_fma_paired\fake\Celia_Ergo_Phizmiz_audioldm_ATA_001.mp3,0.02217542752623558,0.019776321947574615,0.9380388855934143
MIX::data\raw\public_v9\mlaad_tiny\fake\en\Microsoft VibeVoice 1.5B\jane_eyre_05_f000180.wav|data\raw\public_v9\echoes_fma_paired\fake\Burn_Room_For_A_Ghost_acestep_TTA_001.mp3,0.00015380956756416708,0.00012198862532386556,0.9998555779457092
MIX::data\raw\public_v9\mlaad_tiny\fake\en\Chatterbox\jane_eyre_06_f000021.wav|data\raw\public_v9\sonics\fake_09607_suno_0.mp3,1.0639962056302465e-05,7.708901648584288e-06,0.999983549118042
MIX::data\raw\public_v9\mlaad_tiny\fake\en\FireRedTTS-2.0\jane_eyre_17_f000177.wav|data\raw\public_v9\sonics\fake_09788_suno_1.mp3,1.3457031855068635e-05,9.870111171039753e-06,0.9999847412109375
MIX::data\raw\public_v9\mlaad_tiny\fake\en\FireRedTTS-2.0\jane_eyre_17_f000379.wav|data\raw\public_v9\sonics\fake_10378_suno_0.mp3,0.00013404808123596013,0.00010450091940583661,0.9997753500938416
MIX::data\raw\public_v9\mlaad_tiny\fake\en\Chatterbox\jane_eyre_18_f000063.wav|data\raw\public_v9\sonics\fake_09896_suno_0.mp3,0.0003315689682494849,0.00026929425075650215,0.9997867941856384
MIX::data\raw\public_v9\mlaad_tiny\fake\en\RVC\dorothy_and_wizard_oz_07_f000014.wav|data\raw\public_v9\real_music\guitarset\00_BN1-147-Gb_comp_mic.wav,4.7090568955354684e-07,3.053642956274416e-07,0.9999969601631165
MIX::data\raw\public_v9\mlaad_tiny\fake\en\FishTTS\dorothy_and_wizard_oz_07_f000046.wav|data\raw\public_v9\real_music\jamendo\19200.low.mp3,1.1919170219698572e-06,8.189186360141321e-07,0.9999983906745911
MIX::data\raw\public_v9\mlaad_tiny\fake\en\Higgs-Audio-V2\dorothy_and_wizard_oz_08_f000005.wav|data\raw\public_v9\real_music\guitarset\00_Jazz1-200-B_comp_mic.wav,0.00040767082828097045,0.0003182203508913517,0.9972169399261475
MIX::data\raw\public_v9\mlaad_tiny\fake\en\RVC\dorothy_and_wizard_oz_08_f000016.wav|data\raw\public_v9\real_music\guitarset\00_SS2-107-Ab_comp_mic.wav,1.8081080099818791e-07,1.1756795714745749e-07,0.9999998211860657
MIX::data\raw\public_v9\mlaad_tiny\fake\en\Chatterbox\dorothy_and_wizard_oz_08_f000065.wav|data\raw\public_v9\real_music\jamendo\769000.low.mp3,4.360739694675431e-06,3.037799388039275e-06,0.9999909400939941
MIX::data\raw\public_v9\mlaad_tiny\fake\en\f5-tts\dorothy_and_wizard_oz_14_f000043.wav|data\raw\public_v9\real_music\guitarset\00_Rock1-90-C#_comp_mic.wav,2.975092911583488e-06,2.070865321002202e-06,0.9999931454658508
MIX::data\raw\public_v9\mlaad_tiny\fake\en\Microsoft VibeVoice 1.5B\dorothy_and_wizard_oz_14_f000082.wav|data\raw\public_v9\real_music\jamendo\308500.low.mp3,3.348055179230869e-05,2.4878880140022375e-05,0.9999544024467468
MIX::data\raw\public_v9\mlaad_tiny\fake\en\Chatterbox\dorothy_and_wizard_oz_14_f000118.wav|data\raw\public_v9\real_music\jamendo\342300.low.mp3,8.525852535967715e-06,6.073929398553446e-06,0.999993622303009
MIX::data\raw\public_v9\mlaad_tiny\fake\en\FireRedTTS-2.0\dorothy_and_wizard_oz_14_f000119.wav|data\raw\public_v9\real_music\jamendo\1165500.low.mp3,1.6623118881398113e-06,1.1292067938484251e-06,0.9999971389770508
MIX::data\raw\public_v9\mlaad_tiny\fake\en\FishTTS\emerald_city_of_oz_05_f000014.wav|data\raw\public_v9\real_music\guitarset\00_BN1-129-Eb_solo_mic.wav,0.0007534645847044885,0.0006347983726300299,0.9996451139450073
MIX::data\raw\public_v9\mlaad_tiny\fake\en\Higgs-Audio-V2\emerald_city_of_oz_05_f000024.wav|data\raw\public_v9\real_music\guitarset\00_BN2-131-B_comp_mic.wav,6.109970854595304e-05,4.63449141534511e-05,0.9999198317527771
MIX::data\raw\public_v9\mlaad_tiny\fake\en\RVC\emerald_city_of_oz_05_f000077.wav|data\raw\public_v9\real_music\guitarset\00_Funk2-108-Eb_solo_mic.wav,0.0008836567285470665,0.0007381398463621736,0.9985141754150391
MIX::data\raw\public_v9\mlaad_tiny\fake\en\Higgs-Audio-V2\emerald_city_of_oz_05_f000091.wav|data\raw\public_v9\real_music\guitarset\00_BN3-119-G_comp_mic.wav,3.285643833805807e-05,2.420209057163447e-05,0.9999521374702454
MIX::data\raw\public_v9\mlaad_tiny\fake\en\FireRedTTS-2.0\emerald_city_of_oz_08_f000059.wav|data\raw\public_v9\real_music\guitarset\00_Jazz1-200-B_solo_mic.wav,0.0001350327074760571,0.00010594243940431625,0.9996853470802307
MIX::data\raw\public_v9\mlaad_tiny\fake\en\FireRedTTS-2.0\emerald_city_of_oz_08_f000073.wav|data\raw\public_v9\real_music\jamendo\1088000.low.mp3,0.0003392602375242859,0.00027471265639178455,0.9995603561401367
MIX::data\raw\public_v9\mlaad_tiny\fake\en\Chatterbox\emerald_city_of_oz_13_f000060.wav|data\raw\public_v9\real_music\jamendo\1156400.low.mp3,9.363782282889588e-07,6.234288321138592e-07,0.9999990463256836
MIX::data\raw\public_v9\mlaad_tiny\fake\en\FishTTS\emerald_city_of_oz_24_f000069.wav|data\raw\public_v9\real_music\jamendo\1226700.low.mp3,0.00015525022172369063,0.00012224235979374498,0.9997096061706543
MIX::data\raw\public_v9\mlaad_tiny\fake\en\f5-tts\hunters_space_05_f000015.wav|data\raw\public_v9\real_music\jamendo\1157600.low.mp3,0.13904640078544617,0.1305217742919922,0.7080690860748291
MIX::data\raw\public_v9\mlaad_tiny\fake\en\FishTTS\hunters_space_05_f000074.wav|data\raw\public_v9\real_music\guitarset\00_Funk3-98-A_solo_mic.wav,0.0001299206487601623,0.0001049782513291575,0.9999141693115234
MIX::data\raw\public_v9\mlaad_tiny\fake\en\Qwen2.5-Omni\hunters_space_05_f000109.wav|data\raw\public_v9\real_music\guitarset\00_BN3-154-E_comp_mic.wav,1.0899975677602924e-05,7.95654341345653e-06,0.9999684691429138
MIX::data\raw\public_v9\mlaad_tiny\fake\en\Qwen2.5-Omni\hunters_space_05_f000109.wav|data\raw\public_v9\echoes_fma_paired\real\fma_74900.mp3,0.0004850553232245147,0.00037983187939971685,0.9995759129524231
MIX::data\raw\public_v9\mlaad_tiny\fake\en\Higgs-Audio-V2\hunters_space_06_f000014.wav|data\raw\public_v9\real_music\guitarset\00_BN2-166-Ab_comp_mic.wav,2.2528955014422536e-05,1.6522695659659803e-05,0.9999040961265564
MIX::data\raw\public_v9\mlaad_tiny\fake\en\f5-tts\hunters_space_06_f000023.wav|data\raw\public_v9\real_music\jamendo\383000.low.mp3,0.0008244448690675199,0.0006627669790759683,0.9969043135643005
MIX::data\raw\public_v9\mlaad_tiny\fake\en\MiniCPM-o-2.6\hunters_space_06_f000036.wav|data\raw\public_v9\real_music\guitarset\00_Rock2-85-F_solo_mic.wav,0.00012267529382370412,9.716534259496257e-05,0.9999381899833679
MIX::data\raw\public_v9\mlaad_tiny\fake\en\MiniCPM-o-2.6\hunters_space_06_f000036.wav|data\raw\public_v9\real_music\guitarset\00_SS1-68-E_comp_mic.wav,1.5046823591546854e-06,1.0170838322665077e-06,0.9999977946281433
MIX::data\raw\public_v9\mlaad_tiny\fake\en\Higgs-Audio-V2\hunters_space_08_f000081.wav|data\raw\public_v9\real_music\jamendo\47900.low.mp3,0.010620907880365849,0.009241374209523201,0.953040361404419
MIX::data\raw\public_v9\mlaad_tiny\fake\en\MiniCPM-o-2.6\hunters_space_08_f000103.wav|data\raw\public_v9\real_music\guitarset\00_SS3-84-Bb_comp_mic.wav,0.0001775795972207561,0.0001413760764990002,0.9997410774230957
MIX::data\raw\public_v9\mlaad_tiny\fake\en\FishTTS\hunters_space_17_f000018.wav|data\raw\public_v9\real_music\jamendo\1093500.low.mp3,0.002151611726731062,0.0018684989772737026,0.9969154000282288
MIX::data\raw\public_v9\mlaad_tiny\fake\en\Chatterbox\hunters_space_18_f000010.wav|data\raw\public_v9\real_music\jamendo\485800.low.mp3,0.00020982646674383432,0.0001651885686442256,0.9993157386779785
MIX::data\raw\public_v9\mlaad_tiny\fake\en\OpenVoiceV2\hunters_space_18_f000024.wav|data\raw\public_v9\echoes_fma_paired\real\fma_3988.mp3,0.0005920132389292121,0.0004854717117268592,0.9991998672485352
MIX::data\raw\public_v9\mlaad_tiny\fake\en\OpenVoiceV2\hunters_space_18_f000024.wav|data\raw\public_v9\real_music\jamendo\514000.low.mp3,5.710228833777364e-06,3.981211193604395e-06,0.9999964833259583
MIX::data\raw\public_v9\mlaad_tiny\fake\en\Chatterbox\jane_eyre_05_f000047.wav|data\raw\public_v9\real_music\jamendo\1159700.low.mp3,0.03365371376276016,0.030480816960334778,0.9872835278511047
MIX::data\raw\public_v9\mlaad_tiny\fake\en\OpenVoiceV2\jane_eyre_05_f000054.wav|data\raw\public_v9\real_music\jamendo\1420700.low.mp3,0.00012612897262442857,9.53889248194173e-05,0.9997634887695312
MIX::data\raw\public_v9\mlaad_tiny\fake\en\Microsoft VibeVoice 1.5B\jane_eyre_05_f000057.wav|data\raw\public_v9\real_music\jamendo\398700.low.mp3,0.011998334899544716,0.010865987278521061,0.9792364239692688
MIX::data\raw\public_v9\mlaad_tiny\fake\en\OpenVoiceV2\jane_eyre_05_f000097.wav|data\raw\public_v9\real_music\jamendo\1149700.low.mp3,1.2552360203699209e-05,9.022772246680688e-06,0.9999859929084778
MIX::data\raw\public_v9\mlaad_tiny\fake\en\suno_bark\jane_eyre_05_f000137.wav|data\raw\public_v9\real_music\guitarset\00_SS2-88-F_solo_mic.wav,0.008715772069990635,0.007770806085318327,0.9738821983337402
MIX::data\raw\public_v9\mlaad_tiny\fake\en\suno_bark\jane_eyre_05_f000137.wav|data\raw\public_v9\real_music\jamendo\1045700.low.mp3,0.10225296765565872,0.09661521762609482,0.8020150661468506
MIX::data\raw\public_v9\mlaad_tiny\fake\en\Microsoft VibeVoice 1.5B\jane_eyre_05_f000180.wav|data\raw\public_v9\real_music\jamendo\1417800.low.mp3,2.628753281896934e-05,1.9563676687539555e-05,0.999981701374054
MIX::data\raw\public_v9\mlaad_tiny\fake\en\Chatterbox\jane_eyre_06_f000021.wav|data\raw\public_v9\real_music\guitarset\00_SS3-98-C_comp_mic.wav,1.3806769629809423e-06,9.422914786227921e-07,0.9999988675117493
MIX::data\raw\public_v9\mlaad_tiny\fake\en\FireRedTTS-2.0\jane_eyre_17_f000177.wav|data\raw\public_v9\real_music\jamendo\201900.low.mp3,4.487067144509638e-06,3.1508534448221326e-06,0.9999925494194031
MIX::data\raw\public_v9\mlaad_tiny\fake\en\FireRedTTS-2.0\jane_eyre_17_f000379.wav|data\raw\public_v9\real_music\guitarset\00_Rock3-117-Bb_solo_mic.wav,2.9458702556439675e-05,2.2102460206951946e-05,0.9999383091926575
MIX::data\raw\public_v9\mlaad_tiny\fake\en\Chatterbox\jane_eyre_18_f000063.wav|data\raw\public_v9\real_music\guitarset\00_SS1-100-C#_solo_mic.wav,0.0017448958242312074,0.001478435704484582,0.9973710179328918
MIX::data\raw\public_v9\mlaad_tiny\original\en\dorothy_and_wizard_oz_07_f000014.wav|data\raw\public_v9\echoes_fma_paired\fake\Fuckaboing_RoccoW_brev_TTA_001.mp3,0.003982881549745798,0.0035109471064060926,0.990814208984375
MIX::data\raw\public_v9\mlaad_tiny\original\en\dorothy_and_wizard_oz_07_f000046.wav|data\raw\public_v9\echoes_fma_paired\fake\Cold_Chains_Rolemusic_suno_TTA_001.mp3,6.48948287107487e-07,4.2617179474291333e-07,0.9999995231628418
MIX::data\raw\public_v9\mlaad_tiny\original\en\dorothy_and_wizard_oz_08_f000005.wav|data\raw\public_v9\echoes_fma_paired\fake\Busby_Berkeley_Ergo_Phizmiz_producer_ATA_001.mp3,1.3992112144478597e-05,1.017073191178497e-05,0.9999802112579346
MIX::data\raw\public_v9\mlaad_tiny\original\en\dorothy_and_wizard_oz_08_f000016.wav|data\raw\public_v9\echoes_fma_paired\fake\Busby_Berkeley_Ergo_Phizmiz_brev_TTA_001.mp3,0.00010645594011293724,8.241312752943486e-05,0.9998367428779602
MIX::data\raw\public_v9\mlaad_tiny\original\en\dorothy_and_wizard_oz_08_f000065.wav|data\raw\public_v9\echoes_fma_paired\fake\Cloudy_Subway_Sonicbeat_audioldm_ATA_001.mp3,6.538436991831986e-06,4.708369488071185e-06,0.9999904632568359
MIX::data\raw\public_v9\mlaad_tiny\original\en\dorothy_and_wizard_oz_14_f000043.wav|data\raw\public_v9\echoes_fma_paired\fake\Busby_Berkeley_Ergo_Phizmiz_mubert_TTA_001.mp3,0.000186894103535451,0.00015027981135062873,0.9997072219848633
MIX::data\raw\public_v9\mlaad_tiny\original\en\dorothy_and_wizard_oz_14_f000082.wav|data\raw\public_v9\echoes_fma_paired\fake\Cold_Chains_Rolemusic_brev_TTA_001.mp3,0.025769343599677086,0.024061862379312515,0.9374924302101135
MIX::data\raw\public_v9\mlaad_tiny\original\en\dorothy_and_wizard_oz_14_f000118.wav|data\raw\public_v9\echoes_fma_paired\fake\Celia_Ergo_Phizmiz_brev_TTA_001.mp3,2.2954760424909182e-05,1.656696076679509e-05,0.9999656677246094
MIX::data\raw\public_v9\mlaad_tiny\original\en\dorothy_and_wizard_oz_14_f000119.wav|data\raw\public_v9\sonics\fake_09896_suno_0.mp3,9.339622920379043e-05,6.949218368390575e-05,0.9999625086784363
MIX::data\raw\public_v9\mlaad_tiny\original\en\emerald_city_of_oz_05_f000014.wav|data\raw\public_v9\echoes_fma_paired\fake\Cold_Chains_Rolemusic_mubert_TTA_001.mp3,0.00015941844321787357,0.00012178907491033897,0.9998436570167542
MIX::data\raw\public_v9\mlaad_tiny\original\en\emerald_city_of_oz_05_f000024.wav|data\raw\public_v9\sonics\fake_10331_suno_0.mp3,2.71180433628615e-05,2.032663905993104e-05,0.9999640583992004
MIX::data\raw\public_v9\mlaad_tiny\original\en\emerald_city_of_oz_05_f000077.wav|data\raw\public_v9\sonics\fake_09056_suno_0.mp3,0.00012183675426058471,9.440723079023883e-05,0.9998543858528137
MIX::data\raw\public_v9\mlaad_tiny\original\en\emerald_city_of_oz_05_f000091.wav|data\raw\public_v9\echoes_fma_paired\fake\Celia_Ergo_Phizmiz_acestep_TTA_001.mp3,6.611271965084597e-05,5.1098555559292436e-05,0.9999579787254333
MIX::data\raw\public_v9\mlaad_tiny\original\en\emerald_city_of_oz_08_f000059.wav|data\raw\public_v9\sonics\fake_09059_suno_0.mp3,2.7442671125754714e-05,1.9014725694432855e-05,0.9999933242797852
MIX::data\raw\public_v9\mlaad_tiny\original\en\emerald_city_of_oz_08_f000073.wav|data\raw\public_v9\sonics\fake_10604_suno_0.mp3,0.0006143897189758718,0.0004893445875495672,0.9989133477210999
MIX::data\raw\public_v9\mlaad_tiny\original\en\emerald_city_of_oz_13_f000060.wav|data\raw\public_v9\sonics\fake_09543_suno_0.mp3,0.0004107948043383658,0.000304838118609041,0.9999856948852539
MIX::data\raw\public_v9\mlaad_tiny\original\en\emerald_city_of_oz_24_f000069.wav|data\raw\public_v9\sonics\fake_09150_suno_0.mp3,9.142024282482453e-06,6.461194061557762e-06,0.9999950528144836
MIX::data\raw\public_v9\mlaad_tiny\original\en\emerald_city_of_oz_24_f000069.wav|data\raw\public_v9\sonics\fake_09743_suno_0.mp3,0.0015224897069856524,0.0013096100883558393,0.9979920387268066
MIX::data\raw\public_v9\mlaad_tiny\original\en\hunters_space_05_f000015.wav|data\raw\public_v9\echoes_fma_paired\fake\Busby_Berkeley_Ergo_Phizmiz_suno_TTA_001.mp3,5.015385977458209e-05,3.7808997149113566e-05,0.9999300837516785
MIX::data\raw\public_v9\mlaad_tiny\original\en\hunters_space_05_f000074.wav|data\raw\public_v9\sonics\fake_09150_suno_0.mp3,1.0652718628989533e-05,7.6216260822548065e-06,0.9999945163726807
MIX::data\raw\public_v9\mlaad_tiny\original\en\hunters_space_05_f000109.wav|data\raw\public_v9\sonics\fake_10686_suno_0.mp3,8.816994522931054e-05,6.866877083666623e-05,0.9998984336853027
MIX::data\raw\public_v9\mlaad_tiny\original\en\hunters_space_06_f000014.wav|data\raw\public_v9\echoes_fma_paired\fake\Celia_Ergo_Phizmiz_mubert_TTA_001.mp3,0.008019705303013325,0.007049363572150469,0.9906328320503235
MIX::data\raw\public_v9\mlaad_tiny\original\en\hunters_space_06_f000023.wav|data\raw\public_v9\echoes_fma_paired\fake\Food_and_War_Ergo_Phizmiz_elevenlabs_TTA_001.mp3,0.0013256171951070428,0.0010840385220944881,0.9956133961677551
MIX::data\raw\public_v9\mlaad_tiny\original\en\hunters_space_06_f000036.wav|data\raw\public_v9\echoes_fma_paired\fake\Cold_Chains_Rolemusic_musicgen_ATA_001.wav,0.007332275155931711,0.006169137079268694,0.981863796710968
MIX::data\raw\public_v9\mlaad_tiny\original\en\hunters_space_08_f000081.wav|data\raw\public_v9\sonics\fake_09743_suno_0.mp3,0.0004013621073681861,0.000330362148815766,0.999586820602417
MIX::data\raw\public_v9\mlaad_tiny\original\en\hunters_space_08_f000103.wav|data\raw\public_v9\echoes_fma_paired\fake\Celia_Ergo_Phizmiz_udio_TTA_001.mp3,0.0007705639582127333,0.0006288508302532136,0.9976263642311096
MIX::data\raw\public_v9\mlaad_tiny\original\en\hunters_space_17_f000018.wav|data\raw\public_v9\echoes_fma_paired\fake\Chipho_instrumental_RoccoW_audioldm_ATA_001.mp3,0.002381168771535158,0.0019421998877078295,0.9913754463195801
MIX::data\raw\public_v9\mlaad_tiny\original\en\hunters_space_18_f000010.wav|data\raw\public_v9\sonics\fake_09519_suno_0.mp3,6.937595026101917e-05,5.159899592399597e-05,0.9998990893363953
MIX::data\raw\public_v9\mlaad_tiny\original\en\hunters_space_18_f000024.wav|data\raw\public_v9\echoes_fma_paired\fake\Food_and_War_Ergo_Phizmiz_suno_TTA_001.mp3,0.003665158525109291,0.0032302788458764553,0.9961052536964417
MIX::data\raw\public_v9\mlaad_tiny\original\en\jane_eyre_05_f000047.wav|data\raw\public_v9\sonics\fake_10686_suno_0.mp3,0.0002510462945792824,0.00020086522272322327,0.9997574687004089
MIX::data\raw\public_v9\mlaad_tiny\original\en\jane_eyre_05_f000047.wav|data\raw\public_v9\echoes_fma_paired\fake\Cold_Chains_Rolemusic_musicgen_ATA_001.wav,0.0007263771840371192,0.000582472886890173,0.9992677569389343
MIX::data\raw\public_v9\mlaad_tiny\original\en\jane_eyre_05_f000054.wav|data\raw\public_v9\echoes_fma_paired\fake\Cold_Chains_Rolemusic_brev_TTA_001.mp3,0.03817274793982506,0.03553587943315506,0.9615075588226318
MIX::data\raw\public_v9\mlaad_tiny\original\en\jane_eyre_05_f000054.wav|data\raw\public_v9\echoes_fma_paired\fake\Busby_Berkeley_Ergo_Phizmiz_suno_TTA_001.mp3,7.199958781711757e-05,5.47325071238447e-05,0.9998988509178162
MIX::data\raw\public_v9\mlaad_tiny\original\en\jane_eyre_05_f000057.wav|data\raw\public_v9\sonics\fake_10567_suno_0.mp3,0.00011784076923504472,9.188734838971868e-05,0.9999502301216125
MIX::data\raw\public_v9\mlaad_tiny\original\en\jane_eyre_05_f000097.wav|data\raw\public_v9\echoes_fma_paired\fake\Cold_Chains_Rolemusic_elevenlabs_TTA_001.mp3,9.304288687417284e-05,7.155593630159274e-05,0.999824583530426
MIX::data\raw\public_v9\mlaad_tiny\original\en\jane_eyre_05_f000137.wav|data\raw\public_v9\sonics\fake_10146_suno_0.mp3,0.026523184031248093,0.024051208049058914,0.9781692624092102
MIX::data\raw\public_v9\mlaad_tiny\original\en\jane_eyre_05_f000180.wav|data\raw\public_v9\echoes_fma_paired\fake\Burn_Room_For_A_Ghost_stableaudio_TTA_001.mp3,6.739639502484351e-05,5.014980342821218e-05,0.9999478459358215
MIX::data\raw\public_v9\mlaad_tiny\original\en\jane_eyre_06_f000021.wav|data\raw\public_v9\echoes_fma_paired\fake\Busby_Berkeley_Ergo_Phizmiz_musicgen_ATA_001.wav,0.0019742390140891075,0.0016720545245334506,0.9972466826438904
MIX::data\raw\public_v9\mlaad_tiny\original\en\jane_eyre_17_f000177.wav|data\raw\public_v9\echoes_fma_paired\fake\Cold_Chains_Rolemusic_acestep_TTA_001.mp3,0.0024487909395247698,0.002132855588570237,0.9992587566375732
MIX::data\raw\public_v9\mlaad_tiny\original\en\jane_eyre_17_f000379.wav|data\raw\public_v9\sonics\fake_09380_suno_0.mp3,2.900581239373423e-05,2.146230690414086e-05,0.9999856948852539
MIX::data\raw\public_v9\mlaad_tiny\original\en\jane_eyre_18_f000063.wav|data\raw\public_v9\echoes_fma_paired\fake\Food_and_War_Ergo_Phizmiz_producer_ATA_001.mp3,0.005924162454903126,0.005246650893241167,0.9927389621734619
MIX::data\raw\public_v9\mlaad_tiny\original\en\dorothy_and_wizard_oz_07_f000014.wav|data\raw\public_v9\real_music\jamendo\308500.low.mp3,0.00017424949328415096,0.0001384465431328863,0.9997556805610657
MIX::data\raw\public_v9\mlaad_tiny\original\en\dorothy_and_wizard_oz_07_f000046.wav|data\raw\public_v9\real_music\jamendo\1194600.low.mp3,0.12408872693777084,0.11860208958387375,0.8112063407897949
MIX::data\raw\public_v9\mlaad_tiny\original\en\dorothy_and_wizard_oz_08_f000005.wav|data\raw\public_v9\real_music\guitarset\00_SS1-100-C#_solo_mic.wav,0.00022788860951550305,0.0001793491974240169,0.9995569586753845
MIX::data\raw\public_v9\mlaad_tiny\original\en\dorothy_and_wizard_oz_08_f000016.wav|data\raw\public_v9\real_music\jamendo\11100.low.mp3,0.0004313131212256849,0.0003492652322165668,0.9989169239997864
MIX::data\raw\public_v9\mlaad_tiny\original\en\dorothy_and_wizard_oz_08_f000065.wav|data\raw\public_v9\echoes_fma_paired\real\fma_74900.mp3,5.1437124056974426e-05,3.871858643833548e-05,0.9999664425849915
MIX::data\raw\public_v9\mlaad_tiny\original\en\dorothy_and_wizard_oz_14_f000043.wav|data\raw\public_v9\real_music\guitarset\00_Funk1-97-C_solo_mic.wav,0.00041630634223110974,0.0003400226414669305,0.9992956519126892
MIX::data\raw\public_v9\mlaad_tiny\original\en\dorothy_and_wizard_oz_14_f000043.wav|data\raw\public_v9\real_music\guitarset\00_SS3-98-C_solo_mic.wav,1.3091525033814833e-05,9.657959708420094e-06,0.9999894499778748
MIX::data\raw\public_v9\mlaad_tiny\original\en\dorothy_and_wizard_oz_14_f000082.wav|data\raw\public_v9\real_music\jamendo\1378200.low.mp3,0.016265109181404114,0.014926082454621792,0.971930742263794
MIX::data\raw\public_v9\mlaad_tiny\original\en\dorothy_and_wizard_oz_14_f000118.wav|data\raw\public_v9\real_music\guitarset\00_BN3-154-E_comp_mic.wav,1.7115030459535774e-06,1.1791341876232764e-06,0.999996542930603
MIX::data\raw\public_v9\mlaad_tiny\original\en\dorothy_and_wizard_oz_14_f000119.wav|data\raw\public_v9\real_music\jamendo\1226700.low.mp3,1.149542905309886e-09,6.321591583535735e-10,1.0
MIX::data\raw\public_v9\mlaad_tiny\original\en\emerald_city_of_oz_05_f000014.wav|data\raw\public_v9\real_music\guitarset\00_SS2-88-F_solo_mic.wav,0.001635417458601296,0.0013973577879369259,0.9966997504234314
MIX::data\raw\public_v9\mlaad_tiny\original\en\emerald_city_of_oz_05_f000024.wav|data\raw\public_v9\real_music\guitarset\00_Jazz1-200-B_comp_mic.wav,0.00041855283780023456,0.0003276766510680318,0.9981347322463989
MIX::data\raw\public_v9\mlaad_tiny\original\en\emerald_city_of_oz_05_f000077.wav|data\raw\public_v9\real_music\guitarset\00_Jazz2-187-F#_comp_mic.wav,0.0008901478722691536,0.0007122999522835016,0.9938842058181763
MIX::data\raw\public_v9\mlaad_tiny\original\en\emerald_city_of_oz_05_f000091.wav|data\raw\public_v9\echoes_fma_paired\real\fma_3988.mp3,0.00247288029640913,0.0020918098744004965,0.9963245391845703
MIX::data\raw\public_v9\mlaad_tiny\original\en\emerald_city_of_oz_08_f000059.wav|data\raw\public_v9\real_music\jamendo\1257400.low.mp3,0.0018355515785515308,0.0015639865305274725,0.9956353306770325
MIX::data\raw\public_v9\mlaad_tiny\original\en\emerald_city_of_oz_08_f000073.wav|data\raw\public_v9\real_music\guitarset\00_Jazz3-137-Eb_solo_mic.wav,0.0002948558540083468,0.0002446309954393655,0.999810516834259
MIX::data\raw\public_v9\mlaad_tiny\original\en\emerald_city_of_oz_13_f000060.wav|data\raw\public_v9\real_music\guitarset\00_Funk3-112-C#_comp_mic.wav,0.00019789746147580445,0.00015612426795996726,0.9994180202484131
MIX::data\raw\public_v9\mlaad_tiny\original\en\emerald_city_of_oz_13_f000060.wav|data\raw\public_v9\echoes_fma_paired\real\fma_61491.mp3,0.07648499310016632,0.07209338992834091,0.8081521391868591
MIX::data\raw\public_v9\mlaad_tiny\original\en\emerald_city_of_oz_24_f000069.wav|data\raw\public_v9\real_music\guitarset\00_BN3-119-G_solo_mic.wav,7.867733074817806e-05,6.122949707787484e-05,0.9999200701713562
MIX::data\raw\public_v9\mlaad_tiny\original\en\hunters_space_05_f000015.wav|data\raw\public_v9\real_music\guitarset\00_SS2-88-F_comp_mic.wav,1.5928929997244268e-06,1.0978943691952736e-06,0.9999977946281433
MIX::data\raw\public_v9\mlaad_tiny\original\en\hunters_space_05_f000074.wav|data\raw\public_v9\real_music\guitarset\00_Funk2-119-G_solo_mic.wav,4.809494566870853e-05,3.6171593819744885e-05,0.9999688267707825
MIX::data\raw\public_v9\mlaad_tiny\original\en\hunters_space_05_f000109.wav|data\raw\public_v9\real_music\guitarset\00_BN2-166-Ab_solo_mic.wav,0.0012588240206241608,0.0010446625528857112,0.9959616661071777
MIX::data\raw\public_v9\mlaad_tiny\original\en\hunters_space_06_f000014.wav|data\raw\public_v9\real_music\jamendo\1383900.low.mp3,0.0007506131078116596,0.000595219200477004,0.9987385869026184
MIX::data\raw\public_v9\mlaad_tiny\original\en\hunters_space_06_f000023.wav|data\raw\public_v9\real_music\guitarset\00_Rock2-85-F_comp_mic.wav,3.857465799228521e-06,2.7161518119100947e-06,0.9999975562095642
MIX::data\raw\public_v9\mlaad_tiny\original\en\hunters_space_06_f000023.wav|data\raw\public_v9\real_music\guitarset\00_SS1-68-E_solo_mic.wav,1.8311442545382306e-05,1.3390742424235214e-05,0.9999918341636658
MIX::data\raw\public_v9\mlaad_tiny\original\en\hunters_space_06_f000036.wav|data\raw\public_v9\real_music\guitarset\00_Rock3-148-C_comp_mic.wav,8.107391477096826e-05,6.178696639835835e-05,0.9998813271522522
MIX::data\raw\public_v9\mlaad_tiny\original\en\hunters_space_08_f000081.wav|data\raw\public_v9\real_music\jamendo\1093500.low.mp3,0.00023506754951085895,0.000183742813533172,0.9997299313545227
MIX::data\raw\public_v9\mlaad_tiny\original\en\hunters_space_08_f000103.wav|data\raw\public_v9\real_music\guitarset\00_Rock2-142-D_solo_mic.wav,0.001195418182760477,0.0010199227835983038,0.9987571835517883
MIX::data\raw\public_v9\mlaad_tiny\original\en\hunters_space_17_f000018.wav|data\raw\public_v9\real_music\guitarset\00_Rock3-117-Bb_solo_mic.wav,1.9296050595585257e-05,1.400204018864315e-05,0.9999744296073914
MIX::data\raw\public_v9\mlaad_tiny\original\en\hunters_space_18_f000010.wav|data\raw\public_v9\real_music\guitarset\00_BN3-119-G_comp_mic.wav,4.95337626489345e-05,3.672851744340733e-05,0.9999098777770996
MIX::data\raw\public_v9\mlaad_tiny\original\en\hunters_space_18_f000024.wav|data\raw\public_v9\real_music\guitarset\00_Jazz2-110-Bb_solo_mic.wav,0.00010924669186351821,8.508061728207394e-05,0.9999799728393555
MIX::data\raw\public_v9\mlaad_tiny\original\en\jane_eyre_05_f000047.wav|data\raw\public_v9\real_music\guitarset\00_BN1-147-Gb_comp_mic.wav,1.5939619402161043e-07,1.0059962818331769e-07,0.9999992847442627
MIX::data\raw\public_v9\mlaad_tiny\original\en\jane_eyre_05_f000054.wav|data\raw\public_v9\real_music\guitarset\00_BN2-131-B_solo_mic.wav,0.0005999192362651229,0.00046140074846334755,0.9999496340751648
MIX::data\raw\public_v9\mlaad_tiny\original\en\jane_eyre_05_f000054.wav|data\raw\public_v9\real_music\jamendo\307100.low.mp3,4.862311470787972e-06,3.3345377232762985e-06,0.9999964833259583
MIX::data\raw\public_v9\mlaad_tiny\original\en\jane_eyre_05_f000057.wav|data\raw\public_v9\real_music\guitarset\00_Jazz3-137-Eb_comp_mic.wav,2.9837192414561287e-05,2.2441325199906714e-05,0.9999832510948181
MIX::data\raw\public_v9\mlaad_tiny\original\en\jane_eyre_05_f000097.wav|data\raw\public_v9\real_music\jamendo\1149700.low.mp3,2.4049826606642455e-05,1.7689369997242466e-05,0.9999651312828064
MIX::data\raw\public_v9\mlaad_tiny\original\en\jane_eyre_05_f000137.wav|data\raw\public_v9\real_music\guitarset\00_Funk3-112-C#_solo_mic.wav,0.00017868158465716988,0.0001410248369211331,0.9997841715812683
MIX::data\raw\public_v9\mlaad_tiny\original\en\jane_eyre_05_f000180.wav|data\raw\public_v9\real_music\guitarset\00_Funk1-114-Ab_comp_mic.wav,0.00022994735627435148,0.00018004215962719172,0.9995232224464417
MIX::data\raw\public_v9\mlaad_tiny\original\en\jane_eyre_06_f000021.wav|data\raw\public_v9\echoes_fma_paired\real\fma_71506.mp3,6.689815199933946e-05,5.179083382245153e-05,0.9999807476997375
MIX::data\raw\public_v9\mlaad_tiny\original\en\jane_eyre_17_f000177.wav|data\raw\public_v9\real_music\guitarset\00_Funk1-114-Ab_solo_mic.wav,0.0005615440895780921,0.0004576456267386675,0.999344527721405
MIX::data\raw\public_v9\mlaad_tiny\original\en\jane_eyre_17_f000379.wav|data\raw\public_v9\real_music\jamendo\1420700.low.mp3,3.149858093820512e-05,2.3369595510303043e-05,0.9999761581420898
MIX::data\raw\public_v9\mlaad_tiny\original\en\jane_eyre_18_f000063.wav|data\raw\public_v9\real_music\jamendo\47900.low.mp3,0.010253974236547947,0.009087834507226944,0.9812304377555847
MIX::data\raw\public_v9\mlaad_tiny\fake\en\RVC\dorothy_and_wizard_oz_07_f000014.wav|data\raw\public_v9\echoes_fma_paired\fake\Digital_Lightning_Cloudkicker_suno_TTA_001.mp3,0.00011265984358033165,8.879094093572348e-05,0.9998183846473694
MIX::data\raw\public_v9\mlaad_tiny\fake\en\FishTTS\dorothy_and_wizard_oz_07_f000046.wav|data\raw\public_v9\echoes_fma_paired\fake\Digital_Lightning_Cloudkicker_mubert_TTA_001.mp3,0.004496726673096418,0.003934373613446951,0.9992308020591736
MIX::data\raw\public_v9\mlaad_tiny\fake\en\Higgs-Audio-V2\dorothy_and_wizard_oz_08_f000005.wav|data\raw\public_v9\echoes_fma_paired\fake\Cloudy_Subway_Sonicbeat_musicgen_ATA_001.wav,0.057442810386419296,0.0536913201212883,0.9394691586494446
MIX::data\raw\public_v9\mlaad_tiny\fake\en\RVC\dorothy_and_wizard_oz_08_f000016.wav|data\raw\public_v9\echoes_fma_paired\fake\Fuckaboing_RoccoW_brev_TTA_001.mp3,0.06300187855958939,0.0578438863158226,0.7799441814422607
MIX::data\raw\public_v9\mlaad_tiny\fake\en\RVC\dorothy_and_wizard_oz_08_f000016.wav|data\raw\public_v9\echoes_fma_paired\fake\Busby_Berkeley_Ergo_Phizmiz_stableaudio_TTA_001.mp3,0.0005175795522518456,0.00042609829688444734,0.9997515678405762
MIX::data\raw\public_v9\mlaad_tiny\fake\en\Chatterbox\dorothy_and_wizard_oz_08_f000065.wav|data\raw\public_v9\echoes_fma_paired\fake\Cold_Chains_Rolemusic_acestep_TTA_001.mp3,1.8378968347221303e-09,1.032460450467454e-09,1.0
MIX::data\raw\public_v9\mlaad_tiny\fake\en\f5-tts\dorothy_and_wizard_oz_14_f000043.wav|data\raw\public_v9\sonics\fake_10146_suno_0.mp3,0.08221792429685593,0.07646285742521286,0.8654970526695251
MIX::data\raw\public_v9\mlaad_tiny\fake\en\Microsoft VibeVoice 1.5B\dorothy_and_wizard_oz_14_f000082.wav|data\raw\public_v9\sonics\fake_09897_suno_0.mp3,7.665747943974566e-06,5.498050086316653e-06,0.9999926686286926
MIX::data\raw\public_v9\mlaad_tiny\fake\en\Chatterbox\dorothy_and_wizard_oz_14_f000118.wav|data\raw\public_v9\echoes_fma_paired\fake\Busby_Berkeley_Ergo_Phizmiz_elevenlabs_TTA_001.mp3,0.011272046715021133,0.009481498040258884,0.944277286529541
MIX::data\raw\public_v9\mlaad_tiny\fake\en\FireRedTTS-2.0\dorothy_and_wizard_oz_14_f000119.wav|data\raw\public_v9\echoes_fma_paired\fake\Busby_Berkeley_Ergo_Phizmiz_stableaudio_TTA_001.mp3,8.828746103972662e-06,6.31096372671891e-06,0.999997079372406
MIX::data\raw\public_v9\mlaad_tiny\fake\en\FishTTS\emerald_city_of_oz_05_f000014.wav|data\raw\public_v9\echoes_fma_paired\fake\Dr._Bodysnatcher_Modey_Lemon_audioldm_ATA_001.mp3,0.0012064503971487284,0.001006249338388443,0.9978856444358826
MIX::data\raw\public_v9\mlaad_tiny\fake\en\Higgs-Audio-V2\emerald_city_of_oz_05_f000024.wav|data\raw\public_v9\sonics\fake_09150_suno_0.mp3,3.414024831727147e-06,2.3872905785538023e-06,0.9999980926513672
MIX::data\raw\public_v9\mlaad_tiny\fake\en\RVC\emerald_city_of_oz_05_f000077.wav|data\raw\public_v9\echoes_fma_paired\fake\Food_and_War_Ergo_Phizmiz_elevenlabs_TTA_001.mp3,0.22178098559379578,0.21514488756656647,0.7050414681434631
MIX::data\raw\public_v9\mlaad_tiny\fake\en\Higgs-Audio-V2\emerald_city_of_oz_05_f000091.wav|data\raw\public_v9\echoes_fma_paired\fake\Fuckaboing_RoccoW_producer_ATA_001.mp3,0.026059024035930634,0.02405836433172226,0.9548473358154297
MIX::data\raw\public_v9\mlaad_tiny\fake\en\FireRedTTS-2.0\emerald_city_of_oz_08_f000059.wav|data\raw\public_v9\echoes_fma_paired\fake\Food_and_War_Ergo_Phizmiz_brev_TTA_001.mp3,0.004531212616711855,0.0040197414346039295,0.9965620636940002
MIX::data\raw\public_v9\mlaad_tiny\fake\en\FireRedTTS-2.0\emerald_city_of_oz_08_f000073.wav|data\raw\public_v9\echoes_fma_paired\fake\Eyes_Getting_Louder_Mod_Fun_stableaudio_TTA_001.mp3,0.001888596685603261,0.0015653318259865046,0.9982128739356995
MIX::data\raw\public_v9\mlaad_tiny\fake\en\Chatterbox\emerald_city_of_oz_13_f000060.wav|data\raw\public_v9\sonics\fake_10567_suno_0.mp3,0.0001215819938806817,9.462679008720443e-05,0.999893844127655
MIX::data\raw\public_v9\mlaad_tiny\fake\en\FishTTS\emerald_city_of_oz_24_f000069.wav|data\raw\public_v9\sonics\fake_09056_suno_0.mp3,3.8442118238890544e-05,2.9004153475398198e-05,0.9999498724937439
MIX::data\raw\public_v9\mlaad_tiny\fake\en\f5-tts\hunters_space_05_f000015.wav|data\raw\public_v9\sonics\fake_10567_suno_0.mp3,8.734394214116037e-05,6.70481676934287e-05,0.999930202960968
MIX::data\raw\public_v9\mlaad_tiny\fake\en\f5-tts\hunters_space_05_f000015.wav|data\raw\public_v9\echoes_fma_paired\fake\Food_and_War_Ergo_Phizmiz_udio_TTA_001.mp3,7.061782412165485e-07,4.658888599351485e-07,0.9999985694885254
MIX::data\raw\public_v9\mlaad_tiny\fake\en\FishTTS\hunters_space_05_f000074.wav|data\raw\public_v9\echoes_fma_paired\fake\Cold_Chains_Rolemusic_stableaudio_TTA_001.mp3,0.033712197095155716,0.03151927515864372,0.9581263661384583
MIX::data\raw\public_v9\mlaad_tiny\fake\en\Qwen2.5-Omni\hunters_space_05_f000109.wav|data\raw\public_v9\sonics\fake_09000_suno_0.mp3,0.00033251591958105564,0.00026653119130060077,0.9995850920677185
MIX::data\raw\public_v9\mlaad_tiny\fake\en\Higgs-Audio-V2\hunters_space_06_f000014.wav|data\raw\public_v9\sonics\fake_10440_suno_0.mp3,1.4345301678986289e-05,1.049403908837121e-05,0.9999883770942688
MIX::data\raw\public_v9\mlaad_tiny\fake\en\Higgs-Audio-V2\hunters_space_06_f000014.wav|data\raw\public_v9\echoes_fma_paired\fake\Eyes_Getting_Louder_Mod_Fun_stableaudio_TTA_001.mp3,0.0003369994228705764,0.00026615586830303073,0.9996755123138428
MIX::data\raw\public_v9\mlaad_tiny\fake\en\f5-tts\hunters_space_06_f000023.wav|data\raw\public_v9\sonics\fake_10440_suno_0.mp3,7.035290036583319e-05,5.2463015890680254e-05,0.9999217391014099
MIX::data\raw\public_v9\mlaad_tiny\fake\en\MiniCPM-o-2.6\hunters_space_06_f000036.wav|data\raw\public_v9\sonics\fake_09059_suno_0.mp3,5.525552637664077e-07,3.6256679436519335e-07,0.9999998211860657
MIX::data\raw\public_v9\mlaad_tiny\fake\en\Higgs-Audio-V2\hunters_space_08_f000081.wav|data\raw\public_v9\echoes_fma_paired\fake\Fuckaboing_RoccoW_brev_TTA_001.mp3,0.006850561127066612,0.005987444892525673,0.9727112650871277
MIX::data\raw\public_v9\mlaad_tiny\fake\en\MiniCPM-o-2.6\hunters_space_08_f000103.wav|data\raw\public_v9\echoes_fma_paired\fake\Food_and_War_Ergo_Phizmiz_udio_TTA_001.mp3,1.0266787285218015e-05,7.389184247585945e-06,0.9999837875366211
MIX::data\raw\public_v9\mlaad_tiny\fake\en\FishTTS\hunters_space_17_f000018.wav|data\raw\public_v9\sonics\fake_10026_suno_0.mp3,4.797318979399279e-06,3.3034680200216826e-06,0.9999951720237732
MIX::data\raw\public_v9\mlaad_tiny\fake\en\Chatterbox\hunters_space_18_f000010.wav|data\raw\public_v9\echoes_fma_paired\fake\Cloudy_Subway_Sonicbeat_acestep_TTA_001.mp3,0.002825825707986951,0.0023841133806854486,0.9930718541145325
MIX::data\raw\public_v9\mlaad_tiny\fake\en\OpenVoiceV2\hunters_space_18_f000024.wav|data\raw\public_v9\echoes_fma_paired\fake\Fuckaboing_RoccoW_udio_TTA_001.mp3,0.0011458608787506819,0.0009610374108888209,0.9997617602348328
MIX::data\raw\public_v9\mlaad_tiny\fake\en\Chatterbox\jane_eyre_05_f000047.wav|data\raw\public_v9\echoes_fma_paired\fake\Cold_Chains_Rolemusic_udio_TTA_001.mp3,0.0008420825470238924,0.0006999937468208373,0.9987690448760986
MIX::data\raw\public_v9\mlaad_tiny\fake\en\OpenVoiceV2\jane_eyre_05_f000054.wav|data\raw\public_v9\sonics\fake_10331_suno_0.mp3,0.0001311562373302877,0.00010217502131126821,0.9997920989990234
MIX::data\raw\public_v9\mlaad_tiny\fake\en\Microsoft VibeVoice 1.5B\jane_eyre_05_f000057.wav|data\raw\public_v9\echoes_fma_paired\fake\Burn_Room_For_A_Ghost_stableaudio_TTA_001.mp3,6.608205148950219e-05,4.9121896154247224e-05,0.9999487996101379
MIX::data\raw\public_v9\mlaad_tiny\fake\en\OpenVoiceV2\jane_eyre_05_f000097.wav|data\raw\public_v9\echoes_fma_paired\fake\Fuckaboing_RoccoW_elevenlabs_TTA_001.mp3,0.0005809792783111334,0.000464158714748919,0.9981486797332764
MIX::data\raw\public_v9\mlaad_tiny\fake\en\suno_bark\jane_eyre_05_f000137.wav|data\raw\public_v9\echoes_fma_paired\fake\Busby_Berkeley_Ergo_Phizmiz_udio_TTA_001.mp3,0.00026342214550822973,0.000208640267373994,0.9994743466377258
MIX::data\raw\public_v9\mlaad_tiny\fake\en\Microsoft VibeVoice 1.5B\jane_eyre_05_f000180.wav|data\raw\public_v9\echoes_fma_paired\fake\Cold_Chains_Rolemusic_brev_TTA_001.mp3,0.08562405407428741,0.08299002796411514,0.8582799434661865
MIX::data\raw\public_v9\mlaad_tiny\fake\en\Chatterbox\jane_eyre_06_f000021.wav|data\raw\public_v9\echoes_fma_paired\fake\Chipho_instrumental_RoccoW_musicgen_ATA_001.wav,0.005142061039805412,0.004298814106732607,0.9974293112754822
MIX::data\raw\public_v9\mlaad_tiny\fake\en\FireRedTTS-2.0\jane_eyre_17_f000177.wav|data\raw\public_v9\echoes_fma_paired\fake\Cold_Chains_Rolemusic_mubert_TTA_001.mp3,6.505836790893227e-05,4.915637691738084e-05,0.9999424815177917
MIX::data\raw\public_v9\mlaad_tiny\fake\en\FireRedTTS-2.0\jane_eyre_17_f000379.wav|data\raw\public_v9\echoes_fma_paired\fake\Food_and_War_Ergo_Phizmiz_suno_TTA_001.mp3,0.0011235162382945418,0.0009535623248666525,0.9989187121391296
MIX::data\raw\public_v9\mlaad_tiny\fake\en\Chatterbox\jane_eyre_18_f000063.wav|data\raw\public_v9\echoes_fma_paired\fake\Celia_Ergo_Phizmiz_udio_TTA_001.mp3,0.0024921696167439222,0.0021568932570517063,0.9966347813606262
MIX::data\raw\public_v9\mlaad_tiny\fake\en\RVC\dorothy_and_wizard_oz_07_f000014.wav|data\raw\public_v9\real_music\guitarset\00_BN2-131-B_solo_mic.wav,0.03940102830529213,0.033151429146528244,0.9995822906494141
MIX::data\raw\public_v9\mlaad_tiny\fake\en\FishTTS\dorothy_and_wizard_oz_07_f000046.wav|data\raw\public_v9\real_music\jamendo\1383900.low.mp3,0.0003392200742382556,0.0002639584708958864,0.999419629573822
MIX::data\raw\public_v9\mlaad_tiny\fake\en\Higgs-Audio-V2\dorothy_and_wizard_oz_08_f000005.wav|data\raw\public_v9\real_music\jamendo\1231600.low.mp3,0.008461358025670052,0.007584183476865292,0.9890612959861755
MIX::data\raw\public_v9\mlaad_tiny\fake\en\RVC\dorothy_and_wizard_oz_08_f000016.wav|data\raw\public_v9\real_music\guitarset\00_SS1-100-C#_comp_mic.wav,3.3749034628272057e-05,2.564284841355402e-05,0.9999260902404785
MIX::data\raw\public_v9\mlaad_tiny\fake\en\Chatterbox\dorothy_and_wizard_oz_08_f000065.wav|data\raw\public_v9\real_music\jamendo\1088100.low.mp3,1.6363030226784758e-05,1.206980596180074e-05,0.99998539686203
MIX::data\raw\public_v9\mlaad_tiny\fake\en\f5-tts\dorothy_and_wizard_oz_14_f000043.wav|data\raw\public_v9\real_music\jamendo\389700.low.mp3,0.33276689052581787,0.3209059238433838,0.7671332359313965
MIX::data\raw\public_v9\mlaad_tiny\fake\en\Microsoft VibeVoice 1.5B\dorothy_and_wizard_oz_14_f000082.wav|data\raw\public_v9\real_music\jamendo\1194600.low.mp3,0.06526945531368256,0.060552142560482025,0.818824291229248
MIX::data\raw\public_v9\mlaad_tiny\fake\en\Chatterbox\dorothy_and_wizard_oz_14_f000118.wav|data\raw\public_v9\real_music\jamendo\1218700.low.mp3,1.2254970727099135e-07,7.656971234837329e-08,0.9999998211860657
MIX::data\raw\public_v9\mlaad_tiny\fake\en\FireRedTTS-2.0\dorothy_and_wizard_oz_14_f000119.wav|data\raw\public_v9\real_music\jamendo\307100.low.mp3,0.0012108103837817907,0.0010049506090581417,0.9982468485832214
MIX::data\raw\public_v9\mlaad_tiny\fake\en\FishTTS\emerald_city_of_oz_05_f000014.wav|data\raw\public_v9\real_music\guitarset\00_Funk1-97-C_solo_mic.wav,0.0005025640712119639,0.0004188759485259652,0.999466598033905
MIX::data\raw\public_v9\mlaad_tiny\fake\en\Higgs-Audio-V2\emerald_city_of_oz_05_f000024.wav|data\raw\public_v9\echoes_fma_paired\real\fma_114004.mp3,4.4373365426508826e-07,2.8745878921654366e-07,0.9999992251396179
MIX::data\raw\public_v9\mlaad_tiny\fake\en\RVC\emerald_city_of_oz_05_f000077.wav|data\raw\public_v9\real_music\guitarset\00_Jazz1-130-D_comp_mic.wav,0.0004962118109688163,0.0004173156339675188,0.999305009841919
MIX::data\raw\public_v9\mlaad_tiny\fake\en\Higgs-Audio-V2\emerald_city_of_oz_05_f000091.wav|data\raw\public_v9\real_music\guitarset\00_Rock1-90-C#_solo_mic.wav,2.107519503624644e-05,1.558230178488884e-05,0.9999642372131348
MIX::data\raw\public_v9\mlaad_tiny\fake\en\FireRedTTS-2.0\emerald_city_of_oz_08_f000059.wav|data\raw\public_v9\real_music\guitarset\00_Rock1-130-A_comp_mic.wav,1.2699545095529174e-06,8.847753747431852e-07,0.9999980330467224
MIX::data\raw\public_v9\mlaad_tiny\fake\en\FireRedTTS-2.0\emerald_city_of_oz_08_f000059.wav|data\raw\public_v9\echoes_fma_paired\real\fma_22472.mp3,8.42526278574951e-05,6.572467100340873e-05,0.9998404383659363
MIX::data\raw\public_v9\mlaad_tiny\fake\en\FireRedTTS-2.0\emerald_city_of_oz_08_f000073.wav|data\raw\public_v9\echoes_fma_paired\real\fma_106336.mp3,0.006593618076294661,0.005762465763837099,0.9866630434989929
MIX::data\raw\public_v9\mlaad_tiny\fake\en\FireRedTTS-2.0\emerald_city_of_oz_08_f000073.wav|data\raw\public_v9\real_music\jamendo\1294000.low.mp3,0.0005236604483798146,0.00042246910743415356,0.9984111785888672
MIX::data\raw\public_v9\mlaad_tiny\fake\en\Chatterbox\emerald_city_of_oz_13_f000060.wav|data\raw\public_v9\real_music\jamendo\1208600.low.mp3,1.7384674720233306e-05,1.2834610970458016e-05,0.999984085559845
MIX::data\raw\public_v9\mlaad_tiny\fake\en\FishTTS\emerald_city_of_oz_24_f000069.wav|data\raw\public_v9\real_music\jamendo\451400.low.mp3,0.000929735426325351,0.0007708304328843951,0.9983262419700623
MIX::data\raw\public_v9\mlaad_tiny\fake\en\f5-tts\hunters_space_05_f000015.wav|data\raw\public_v9\real_music\guitarset\00_Funk3-112-C#_solo_mic.wav,0.0009382236166857183,0.0007712352089583874,0.9966585040092468
MIX::data\raw\public_v9\mlaad_tiny\fake\en\FishTTS\hunters_space_05_f000074.wav|data\raw\public_v9\real_music\guitarset\00_Rock2-142-D_comp_mic.wav,4.485777481022524e-06,3.179395889674197e-06,0.9999963641166687
MIX::data\raw\public_v9\mlaad_tiny\fake\en\Qwen2.5-Omni\hunters_space_05_f000109.wav|data\raw\public_v9\real_music\jamendo\1378200.low.mp3,0.03394011780619621,0.03121720626950264,0.88759446144104
MIX::data\raw\public_v9\mlaad_tiny\fake\en\Higgs-Audio-V2\hunters_space_06_f000014.wav|data\raw\public_v9\real_music\jamendo\39700.low.mp3,8.002001550266868e-07,5.334983370630653e-07,0.9999995231628418
MIX::data\raw\public_v9\mlaad_tiny\fake\en\f5-tts\hunters_space_06_f000023.wav|data\raw\public_v9\real_music\guitarset\00_Rock2-85-F_comp_mic.wav,9.945610145223327e-06,7.137329703255091e-06,0.9999833106994629
MIX::data\raw\public_v9\mlaad_tiny\fake\en\MiniCPM-o-2.6\hunters_space_06_f000036.wav|data\raw\public_v9\real_music\jamendo\1072900.low.mp3,0.05368124693632126,0.049530044198036194,0.8718014359474182
MIX::data\raw\public_v9\mlaad_tiny\fake\en\Higgs-Audio-V2\hunters_space_08_f000081.wav|data\raw\public_v9\real_music\guitarset\00_Funk3-112-C#_comp_mic.wav,6.932464020792395e-05,5.384874384617433e-05,0.9998336434364319
MIX::data\raw\public_v9\mlaad_tiny\fake\en\MiniCPM-o-2.6\hunters_space_08_f000103.wav|data\raw\public_v9\echoes_fma_paired\real\fma_3966.mp3,0.12016524374485016,0.1132148951292038,0.7405983805656433
MIX::data\raw\public_v9\mlaad_tiny\fake\en\FishTTS\hunters_space_17_f000018.wav|data\raw\public_v9\echoes_fma_paired\real\fma_71506.mp3,2.1548034112583991e-07,1.4014432281328482e-07,0.9999998211860657
MIX::data\raw\public_v9\mlaad_tiny\fake\en\Chatterbox\hunters_space_18_f000010.wav|data\raw\public_v9\real_music\guitarset\00_Rock3-117-Bb_comp_mic.wav,1.0728681445471011e-05,7.76848628447624e-06,0.9999840259552002
MIX::data\raw\public_v9\mlaad_tiny\fake\en\Chatterbox\hunters_space_18_f000010.wav|data\raw\public_v9\real_music\guitarset\00_Rock3-148-C_solo_mic.wav,0.003329741768538952,0.0027912729419767857,0.9894172549247742
MIX::data\raw\public_v9\mlaad_tiny\fake\en\OpenVoiceV2\hunters_space_18_f000024.wav|data\raw\public_v9\real_music\jamendo\1170400.low.mp3,0.00017599390412215143,0.0001416252925992012,0.999841034412384
MIX::data\raw\public_v9\mlaad_tiny\fake\en\Chatterbox\jane_eyre_05_f000047.wav|data\raw\public_v9\real_music\jamendo\1248600.low.mp3,0.003916027024388313,0.003397448221221566,0.9913943409919739
MIX::data\raw\public_v9\mlaad_tiny\fake\en\OpenVoiceV2\jane_eyre_05_f000054.wav|data\raw\public_v9\real_music\jamendo\390000.low.mp3,0.0027346692513674498,0.0022653709165751934,0.989560604095459
MIX::data\raw\public_v9\mlaad_tiny\fake\en\Microsoft VibeVoice 1.5B\jane_eyre_05_f000057.wav|data\raw\public_v9\real_music\guitarset\00_BN3-119-G_solo_mic.wav,6.749243766535074e-05,5.1942937716376036e-05,0.999962568283081
MIX::data\raw\public_v9\mlaad_tiny\fake\en\OpenVoiceV2\jane_eyre_05_f000097.wav|data\raw\public_v9\real_music\jamendo\1314100.low.mp3,0.001561822951771319,0.0013036348391324282,0.9986414909362793
MIX::data\raw\public_v9\mlaad_tiny\fake\en\suno_bark\jane_eyre_05_f000137.wav|data\raw\public_v9\real_music\guitarset\00_Jazz3-150-C_comp_mic.wav,4.874785190622788e-06,3.445514721533982e-06,0.9999966621398926
MIX::data\raw\public_v9\mlaad_tiny\fake\en\Microsoft VibeVoice 1.5B\jane_eyre_05_f000180.wav|data\raw\public_v9\real_music\guitarset\00_Rock1-130-A_solo_mic.wav,0.0005415617488324642,0.0004448986437637359,0.9988870620727539
MIX::data\raw\public_v9\mlaad_tiny\fake\en\Chatterbox\jane_eyre_06_f000021.wav|data\raw\public_v9\real_music\guitarset\00_Funk3-98-A_comp_mic.wav,1.2242804587003775e-05,8.812938176561147e-06,0.9999745488166809
MIX::data\raw\public_v9\mlaad_tiny\fake\en\Chatterbox\jane_eyre_06_f000021.wav|data\raw\public_v9\real_music\jamendo\209800.low.mp3,0.00017718940216582268,0.00013288165791891515,0.9998127818107605
MIX::data\raw\public_v9\mlaad_tiny\fake\en\FireRedTTS-2.0\jane_eyre_17_f000177.wav|data\raw\public_v9\real_music\guitarset\00_Jazz3-137-Eb_solo_mic.wav,5.371875158743933e-05,4.048551636515185e-05,0.9999750256538391
MIX::data\raw\public_v9\mlaad_tiny\fake\en\FireRedTTS-2.0\jane_eyre_17_f000379.wav|data\raw\public_v9\real_music\guitarset\00_Funk1-114-Ab_solo_mic.wav,0.0006046613561920822,0.0005054190405644476,0.9992485046386719
MIX::data\raw\public_v9\mlaad_tiny\fake\en\Chatterbox\jane_eyre_18_f000063.wav|data\raw\public_v9\real_music\jamendo\1381000.low.mp3,0.023768223822116852,0.02177482284605503,0.9525447487831116
MIX::data\raw\public_v9\mlaad_tiny\original\en\dorothy_and_wizard_oz_07_f000014.wav|data\raw\public_v9\sonics\fake_10003_suno_0.mp3,8.199432159017306e-06,5.728014457417885e-06,0.9999932646751404
MIX::data\raw\public_v9\mlaad_tiny\original\en\dorothy_and_wizard_oz_07_f000046.wav|data\raw\public_v9\echoes_fma_paired\fake\Digital_Lightning_Cloudkicker_mubert_TTA_001.mp3,0.028685245662927628,0.02595006860792637,0.995037853717804
MIX::data\raw\public_v9\mlaad_tiny\original\en\dorothy_and_wizard_oz_08_f000005.wav|data\raw\public_v9\echoes_fma_paired\fake\Burn_Room_For_A_Ghost_acestep_TTA_001.mp3,0.0003215946489945054,0.00025971225113607943,0.999406635761261
MIX::data\raw\public_v9\mlaad_tiny\original\en\dorothy_and_wizard_oz_08_f000016.wav|data\raw\public_v9\echoes_fma_paired\fake\Eyes_Getting_Louder_Mod_Fun_stableaudio_TTA_001.mp3,0.04558919370174408,0.04149417579174042,0.8424844741821289
MIX::data\raw\public_v9\mlaad_tiny\original\en\dorothy_and_wizard_oz_08_f000065.wav|data\raw\public_v9\sonics\fake_10026_suno_0.mp3,5.171597877051681e-06,3.5639545785670634e-06,0.9999944567680359
MIX::data\raw\public_v9\mlaad_tiny\original\en\dorothy_and_wizard_oz_14_f000043.wav|data\raw\public_v9\echoes_fma_paired\fake\Food_and_War_Ergo_Phizmiz_udio_TTA_001.mp3,1.4681182847198215e-06,1.0118125146618695e-06,0.9999973773956299
MIX::data\raw\public_v9\mlaad_tiny\original\en\dorothy_and_wizard_oz_14_f000082.wav|data\raw\public_v9\sonics\fake_09574_suno_0.mp3,5.28239797858987e-05,4.0186248952522874e-05,0.9999321103096008
MIX::data\raw\public_v9\mlaad_tiny\original\en\dorothy_and_wizard_oz_14_f000118.wav|data\raw\public_v9\echoes_fma_paired\fake\Digital_Lightning_Cloudkicker_audioldm_ATA_001.mp3,0.00019321742001920938,0.00014578131958842278,0.999701976776123
MIX::data\raw\public_v9\mlaad_tiny\original\en\dorothy_and_wizard_oz_14_f000118.wav|data\raw\public_v9\echoes_fma_paired\fake\Chipho_instrumental_RoccoW_musicgen_ATA_001.wav,0.0035634238738566637,0.0030102862510830164,0.9948185086250305
MIX::data\raw\public_v9\mlaad_tiny\original\en\dorothy_and_wizard_oz_14_f000119.wav|data\raw\public_v9\echoes_fma_paired\fake\Dr._Bodysnatcher_Modey_Lemon_acestep_TTA_001.mp3,1.3314016541698948e-05,9.688616955827456e-06,0.9999783635139465
MIX::data\raw\public_v9\mlaad_tiny\original\en\emerald_city_of_oz_05_f000014.wav|data\raw\public_v9\sonics\fake_10437_suno_0.mp3,2.199118898715824e-05,1.565994170960039e-05,0.9999863505363464
MIX::data\raw\public_v9\mlaad_tiny\original\en\emerald_city_of_oz_05_f000024.wav|data\raw\public_v9\echoes_fma_paired\fake\Digital_Lightning_Cloudkicker_audioldm_ATA_001.mp3,0.0003325498546473682,0.00025155485491268337,0.9996500015258789
MIX::data\raw\public_v9\mlaad_tiny\original\en\emerald_city_of_oz_05_f000077.wav|data\raw\public_v9\sonics\fake_09437_suno_0.mp3,4.06739636673592e-05,3.0424202122958377e-05,0.9999658465385437
MIX::data\raw\public_v9\mlaad_tiny\original\en\emerald_city_of_oz_05_f000091.wav|data\raw\public_v9\echoes_fma_paired\fake\Busby_Berkeley_Ergo_Phizmiz_elevenlabs_TTA_001.mp3,0.10084360092878342,0.09428799897432327,0.7609270215034485
MIX::data\raw\public_v9\mlaad_tiny\original\en\emerald_city_of_oz_08_f000059.wav|data\raw\public_v9\sonics\fake_10039_suno_0.mp3,7.728515811322723e-06,5.455325208458817e-06,0.9999935626983643
MIX::data\raw\public_v9\mlaad_tiny\original\en\emerald_city_of_oz_08_f000073.wav|data\raw\public_v9\sonics\fake_09607_suno_0.mp3,1.97445278899977e-05,1.4505316357826814e-05,0.9999778866767883
MIX::data\raw\public_v9\mlaad_tiny\original\en\emerald_city_of_oz_13_f000060.wav|data\raw\public_v9\echoes_fma_paired\fake\Celia_Ergo_Phizmiz_producer_ATA_001.mp3,0.09429813176393509,0.08828506618738174,0.7719969749450684
MIX::data\raw\public_v9\mlaad_tiny\original\en\emerald_city_of_oz_24_f000069.wav|data\raw\public_v9\echoes_fma_paired\fake\Cold_Chains_Rolemusic_producer_ATA_001.mp3,0.0015987049555405974,0.0012890183134004474,0.9848594665527344
MIX::data\raw\public_v9\mlaad_tiny\original\en\hunters_space_05_f000015.wav|data\raw\public_v9\echoes_fma_paired\fake\Food_and_War_Ergo_Phizmiz_brev_TTA_001.mp3,0.000854628102388233,0.0007102074450813234,0.9984688758850098
MIX::data\raw\public_v9\mlaad_tiny\original\en\hunters_space_05_f000074.wav|data\raw\public_v9\sonics\fake_09701_suno_0.mp3,3.6650249967351556e-05,2.7170079192728736e-05,0.9999744892120361
MIX::data\raw\public_v9\mlaad_tiny\original\en\hunters_space_05_f000109.wav|data\raw\public_v9\sonics\fake_09164_suno_0.mp3,1.8419334082864225e-05,1.3204739843786228e-05,0.9999807476997375
MIX::data\raw\public_v9\mlaad_tiny\original\en\hunters_space_06_f000014.wav|data\raw\public_v9\sonics\fake_10440_suno_0.mp3,1.8032920706900768e-05,1.3228980606072582e-05,0.9999823570251465
MIX::data\raw\public_v9\mlaad_tiny\original\en\hunters_space_06_f000023.wav|data\raw\public_v9\echoes_fma_paired\fake\Chipho_instrumental_RoccoW_musicgen_ATA_001.wav,0.002442296128720045,0.00201731501147151,0.9978585243225098
MIX::data\raw\public_v9\mlaad_tiny\original\en\hunters_space_06_f000036.wav|data\raw\public_v9\sonics\fake_09214_suno_0.mp3,6.266498530749232e-05,4.74492808280047e-05,0.9999444484710693
MIX::data\raw\public_v9\mlaad_tiny\original\en\hunters_space_08_f000081.wav|data\raw\public_v9\sonics\fake_09922_suno_0.mp3,1.397448704665294e-05,9.851489267020952e-06,0.9999861717224121
MIX::data\raw\public_v9\mlaad_tiny\original\en\hunters_space_08_f000103.wav|data\raw\public_v9\echoes_fma_paired\fake\Fuckaboing_RoccoW_elevenlabs_TTA_001.mp3,0.00063901930116117,0.0005119885900057852,0.9977826476097107
MIX::data\raw\public_v9\mlaad_tiny\original\en\hunters_space_17_f000018.wav|data\raw\public_v9\echoes_fma_paired\fake\Dr._Bodysnatcher_Modey_Lemon_audioldm_ATA_001.mp3,0.00045634241541847587,0.0003657075867522508,0.9994686245918274
MIX::data\raw\public_v9\mlaad_tiny\original\en\hunters_space_17_f000018.wav|data\raw\public_v9\echoes_fma_paired\fake\Cloudy_Subway_Sonicbeat_acestep_TTA_001.mp3,0.0033217938616871834,0.002692664274945855,0.9806435108184814
MIX::data\raw\public_v9\mlaad_tiny\original\en\hunters_space_18_f000010.wav|data\raw\public_v9\sonics\fake_10378_suno_0.mp3,0.00015888959751464427,0.00012369458272587508,0.9996469020843506
MIX::data\raw\public_v9\mlaad_tiny\original\en\hunters_space_18_f000024.wav|data\raw\public_v9\echoes_fma_paired\fake\Busby_Berkeley_Ergo_Phizmiz_stableaudio_TTA_001.mp3,0.0001644912117626518,0.0001287321501877159,0.9999038577079773
MIX::data\raw\public_v9\mlaad_tiny\original\en\jane_eyre_05_f000047.wav|data\raw\public_v9\echoes_fma_paired\fake\Burn_Room_For_A_Ghost_audioldm_ATA_001.mp3,0.0014269198291003704,0.001189305679872632,0.9976336359977722
MIX::data\raw\public_v9\mlaad_tiny\original\en\jane_eyre_05_f000054.wav|data\raw\public_v9\echoes_fma_paired\fake\Food_and_War_Ergo_Phizmiz_mubert_TTA_001.mp3,0.0002117819240083918,0.00016888212121557444,0.9996774196624756
MIX::data\raw\public_v9\mlaad_tiny\original\en\jane_eyre_05_f000057.wav|data\raw\public_v9\echoes_fma_paired\fake\Celia_Ergo_Phizmiz_producer_ATA_001.mp3,5.072650674264878e-05,3.898471186403185e-05,0.9999301433563232
MIX::data\raw\public_v9\mlaad_tiny\original\en\jane_eyre_05_f000057.wav|data\raw\public_v9\echoes_fma_paired\fake\Eyes_Getting_Louder_Mod_Fun_stableaudio_TTA_001.mp3,0.016901571303606033,0.015207893215119839,0.9721177220344543
MIX::data\raw\public_v9\mlaad_tiny\original\en\jane_eyre_05_f000097.wav|data\raw\public_v9\echoes_fma_paired\fake\Dr._Bodysnatcher_Modey_Lemon_audioldm_ATA_001.mp3,0.000657178636174649,0.0005262185586616397,0.9993119835853577
MIX::data\raw\public_v9\mlaad_tiny\original\en\jane_eyre_05_f000137.wav|data\raw\public_v9\sonics\fake_10003_suno_0.mp3,1.100538793252781e-05,7.759492291370407e-06,0.9999887347221375
MIX::data\raw\public_v9\mlaad_tiny\original\en\jane_eyre_05_f000137.wav|data\raw\public_v9\echoes_fma_paired\fake\Cloudy_Subway_Sonicbeat_acestep_TTA_001.mp3,0.007557939738035202,0.006637917831540108,0.9839909672737122
MIX::data\raw\public_v9\mlaad_tiny\original\en\jane_eyre_05_f000180.wav|data\raw\public_v9\echoes_fma_paired\fake\Fuckaboing_RoccoW_producer_ATA_001.mp3,0.0046157632023096085,0.004037231206893921,0.9926939606666565
MIX::data\raw\public_v9\mlaad_tiny\original\en\jane_eyre_06_f000021.wav|data\raw\public_v9\echoes_fma_paired\fake\Digital_Lightning_Cloudkicker_musicgen_ATA_001.wav,0.007500403560698032,0.006544448435306549,0.9921171069145203
MIX::data\raw\public_v9\mlaad_tiny\original\en\jane_eyre_17_f000177.wav|data\raw\public_v9\echoes_fma_paired\fake\Celia_Ergo_Phizmiz_suno_TTA_001.mp3,0.0027017409447580576,0.0022968698758631945,0.9966570734977722
MIX::data\raw\public_v9\mlaad_tiny\original\en\jane_eyre_17_f000379.wav|data\raw\public_v9\echoes_fma_paired\fake\Cold_Chains_Rolemusic_stableaudio_TTA_001.mp3,0.06748729944229126,0.06417234987020493,0.8838580250740051
MIX::data\raw\public_v9\mlaad_tiny\original\en\jane_eyre_18_f000063.wav|data\raw\public_v9\echoes_fma_paired\fake\Digital_Lightning_Cloudkicker_stableaudio_TTA_001.mp3,1.0457257815232879e-07,6.566096999449655e-08,0.9999999403953552
MIX::data\raw\public_v9\mlaad_tiny\original\en\dorothy_and_wizard_oz_07_f000014.wav|data\raw\public_v9\real_music\guitarset\00_Rock1-130-A_solo_mic.wav,0.0003873261739499867,0.00031729269539937377,0.9994206428527832
MIX::data\raw\public_v9\mlaad_tiny\original\en\dorothy_and_wizard_oz_07_f000014.wav|data\raw\public_v9\real_music\guitarset\00_Rock1-90-C#_solo_mic.wav,7.726608600933105e-06,5.576896001002751e-06,0.9999880790710449
MIX::data\raw\public_v9\mlaad_tiny\original\en\dorothy_and_wizard_oz_07_f000046.wav|data\raw\public_v9\real_music\jamendo\1417800.low.mp3,2.7424799554864876e-05,2.039302489720285e-05,0.9999811053276062
MIX::data\raw\public_v9\mlaad_tiny\original\en\dorothy_and_wizard_oz_08_f000005.wav|data\raw\public_v9\real_music\guitarset\00_Jazz1-200-B_solo_mic.wav,6.444805330829695e-05,4.944004467688501e-05,0.9997826814651489
MIX::data\raw\public_v9\mlaad_tiny\original\en\dorothy_and_wizard_oz_08_f000005.wav|data\raw\public_v9\real_music\jamendo\394600.low.mp3,5.075981971458532e-05,3.914270200766623e-05,0.9998955130577087
MIX::data\raw\public_v9\mlaad_tiny\original\en\dorothy_and_wizard_oz_08_f000016.wav|data\raw\public_v9\real_music\jamendo\1266300.low.mp3,1.7725904399412684e-05,1.2988268281333148e-05,0.9999696612358093
MIX::data\raw\public_v9\mlaad_tiny\original\en\dorothy_and_wizard_oz_08_f000065.wav|data\raw\public_v9\real_music\jamendo\1156400.low.mp3,9.276113814848941e-07,6.175341695779935e-07,0.9999990463256836
MIX::data\raw\public_v9\mlaad_tiny\original\en\dorothy_and_wizard_oz_14_f000043.wav|data\raw\public_v9\real_music\guitarset\00_Rock1-130-A_comp_mic.wav,1.2298048204684164e-05,9.195438906317577e-06,0.9999677538871765
MIX::data\raw\public_v9\mlaad_tiny\original\en\dorothy_and_wizard_oz_14_f000082.wav|data\raw\public_v9\real_music\guitarset\00_BN1-129-Eb_solo_mic.wav,0.00020325349760241807,0.0001642181450733915,0.9996299743652344
MIX::data\raw\public_v9\mlaad_tiny\original\en\dorothy_and_wizard_oz_14_f000118.wav|data\raw\public_v9\real_music\guitarset\00_BN3-154-E_solo_mic.wav,7.625300213476294e-07,5.155057465344726e-07,0.9999986886978149
MIX::data\raw\public_v9\mlaad_tiny\original\en\dorothy_and_wizard_oz_14_f000119.wav|data\raw\public_v9\real_music\guitarset\00_Funk1-97-C_comp_mic.wav,0.00059203349519521,0.0004786886856891215,0.9980611801147461
MIX::data\raw\public_v9\mlaad_tiny\original\en\emerald_city_of_oz_05_f000014.wav|data\raw\public_v9\real_music\jamendo\19200.low.mp3,3.2019584068621043e-06,2.223829596914584e-06,0.9999954104423523
MIX::data\raw\public_v9\mlaad_tiny\original\en\emerald_city_of_oz_05_f000024.wav|data\raw\public_v9\echoes_fma_paired\real\fma_22480.mp3,0.018984727561473846,0.01701771281659603,0.9343922138214111
MIX::data\raw\public_v9\mlaad_tiny\original\en\emerald_city_of_oz_05_f000077.wav|data\raw\public_v9\real_music\jamendo\39700.low.mp3,0.0003183598746545613,0.0002546304021961987,0.9993367195129395
MIX::data\raw\public_v9\mlaad_tiny\original\en\emerald_city_of_oz_05_f000091.wav|data\raw\public_v9\echoes_fma_paired\real\fma_22472.mp3,0.08075776696205139,0.07571791857481003,0.8023468852043152
MIX::data\raw\public_v9\mlaad_tiny\original\en\emerald_city_of_oz_08_f000059.wav|data\raw\public_v9\real_music\guitarset\00_Funk2-119-G_comp_mic.wav,0.00015239119238685817,0.00011986053868895397,0.9997880458831787
MIX::data\raw\public_v9\mlaad_tiny\original\en\emerald_city_of_oz_08_f000073.wav|data\raw\public_v9\real_music\jamendo\1088100.low.mp3,0.0005878544179722667,0.0004751250671688467,0.9992838501930237
MIX::data\raw\public_v9\mlaad_tiny\original\en\emerald_city_of_oz_13_f000060.wav|data\raw\public_v9\real_music\jamendo\1248600.low.mp3,0.0016687668394297361,0.0013864428037777543,0.9955223202705383
MIX::data\raw\public_v9\mlaad_tiny\original\en\emerald_city_of_oz_24_f000069.wav|data\raw\public_v9\real_music\jamendo\1208600.low.mp3,1.2671598597080447e-05,9.11187999008689e-06,0.9999923706054688
MIX::data\raw\public_v9\mlaad_tiny\original\en\hunters_space_05_f000015.wav|data\raw\public_v9\real_music\guitarset\00_Funk3-98-A_comp_mic.wav,3.3822463592514396e-05,2.517144093872048e-05,0.9999227523803711
MIX::data\raw\public_v9\mlaad_tiny\original\en\hunters_space_05_f000074.wav|data\raw\public_v9\real_music\guitarset\00_Funk2-108-Eb_comp_mic.wav,9.707579920359422e-06,6.965455668250797e-06,0.9999797344207764
MIX::data\raw\public_v9\mlaad_tiny\original\en\hunters_space_05_f000109.wav|data\raw\public_v9\real_music\jamendo\514000.low.mp3,0.0020487429574131966,0.0017194582615047693,0.9941660761833191
MIX::data\raw\public_v9\mlaad_tiny\original\en\hunters_space_06_f000014.wav|data\raw\public_v9\real_music\jamendo\1157600.low.mp3,0.010138299316167831,0.008940724655985832,0.9742229580879211
MIX::data\raw\public_v9\mlaad_tiny\original\en\hunters_space_06_f000023.wav|data\raw\public_v9\real_music\jamendo\1311300.low.mp3,0.0003694889892358333,0.00028520706109702587,0.9982659220695496
MIX::data\raw\public_v9\mlaad_tiny\original\en\hunters_space_06_f000036.wav|data\raw\public_v9\real_music\guitarset\00_Funk3-98-A_solo_mic.wav,0.0001888925617095083,0.00015378513489849865,0.9997829794883728
MIX::data\raw\public_v9\mlaad_tiny\original\en\hunters_space_08_f000081.wav|data\raw\public_v9\real_music\jamendo\433300.low.mp3,3.6676217860076576e-05,2.7772119210567325e-05,0.9999234080314636
MIX::data\raw\public_v9\mlaad_tiny\original\en\hunters_space_08_f000103.wav|data\raw\public_v9\real_music\jamendo\451400.low.mp3,0.0002835921186488122,0.00022678733512293547,0.9993647933006287
MIX::data\raw\public_v9\mlaad_tiny\original\en\hunters_space_17_f000018.wav|data\raw\public_v9\real_music\guitarset\00_Jazz1-130-D_comp_mic.wav,1.4475380893941292e-08,8.681657170939161e-09,1.0
MIX::data\raw\public_v9\mlaad_tiny\original\en\hunters_space_18_f000010.wav|data\raw\public_v9\echoes_fma_paired\real\fma_114004.mp3,3.9944228547028615e-07,2.577882298737677e-07,0.9999992251396179
MIX::data\raw\public_v9\mlaad_tiny\original\en\hunters_space_18_f000010.wav|data\raw\public_v9\real_music\jamendo\1381000.low.mp3,0.0014039871748536825,0.0011590177891775966,0.9981839060783386
MIX::data\raw\public_v9\mlaad_tiny\original\en\hunters_space_18_f000024.wav|data\raw\public_v9\echoes_fma_paired\real\fma_112315.mp3,9.814111399464309e-05,7.491366704925895e-05,0.9997565150260925
MIX::data\raw\public_v9\mlaad_tiny\original\en\jane_eyre_05_f000047.wav|data\raw\public_v9\real_music\jamendo\389700.low.mp3,9.722143295221031e-05,7.33909837435931e-05,0.9999799132347107
MIX::data\raw\public_v9\mlaad_tiny\original\en\jane_eyre_05_f000054.wav|data\raw\public_v9\echoes_fma_paired\real\fma_22473.mp3,1.570065592204628e-06,1.067536345544795e-06,0.9999983906745911
MIX::data\raw\public_v9\mlaad_tiny\original\en\jane_eyre_05_f000057.wav|data\raw\public_v9\real_music\guitarset\00_Rock3-148-C_solo_mic.wav,0.0019719148986041546,0.001685576164163649,0.997371256351471
MIX::data\raw\public_v9\mlaad_tiny\original\en\jane_eyre_05_f000097.wav|data\raw\public_v9\real_music\jamendo\1339600.low.mp3,0.0027083177119493484,0.0023287588264793158,0.9959505200386047
MIX::data\raw\public_v9\mlaad_tiny\original\en\jane_eyre_05_f000137.wav|data\raw\public_v9\real_music\jamendo\490800.low.mp3,0.020459024235606194,0.01847049966454506,0.9889522194862366
MIX::data\raw\public_v9\mlaad_tiny\original\en\jane_eyre_05_f000180.wav|data\raw\public_v9\real_music\jamendo\1347100.low.mp3,0.000646824948489666,0.0005283208447508514,0.9990079998970032
MIX::data\raw\public_v9\mlaad_tiny\original\en\jane_eyre_06_f000021.wav|data\raw\public_v9\real_music\jamendo\1045700.low.mp3,3.437319173826836e-05,2.600407606223598e-05,0.9999815821647644
MIX::data\raw\public_v9\mlaad_tiny\original\en\jane_eyre_17_f000177.wav|data\raw\public_v9\real_music\jamendo\1294000.low.mp3,4.5352557208389044e-05,3.4412401873851195e-05,0.9999204277992249
MIX::data\raw\public_v9\mlaad_tiny\original\en\jane_eyre_17_f000379.wav|data\raw\public_v9\real_music\guitarset\00_Rock2-142-D_comp_mic.wav,1.6783677665443975e-06,1.1453662409621757e-06,0.9999980926513672
MIX::data\raw\public_v9\mlaad_tiny\original\en\jane_eyre_18_f000063.wav|data\raw\public_v9\real_music\guitarset\00_Rock3-117-Bb_comp_mic.wav,5.707497166440589e-06,4.1012317524291575e-06,0.9999909400939941
