path,file_fake,voice_fake,music_fake,voice_present,music_present,speaker_id,generator,source,dataset,hf_id,original_id,split_group_id,source_url,version,license,allowed_for_competition,redistribution_allowed,commercial_restriction,dataset_name,content_hash,near_duplicate_group,data_role,upstream_split,upstream_label
data\raw\public_v9\echoes_fma_paired\real\fma_106336.mp3,0,0,0,0,1,fma_artist_10484,Echoes::FMA_original,echoes_fma_paired,echoes_fma_paired,Octavian97/Echoes + official FMA,fma_106336,echoes_fma::106336,https://huggingface.co/datasets/Octavian97/Echoes ; https://github.com/mdeff/fma,Echoes 14b0c76c6a691c42fadfab9fb6a4eb1ee8c628a2; FMA metadata rc1,generated CC BY-SA 4.0; original http://creativecommons.org/licenses/by/4.0/,YES,FOLLOW_CC_ATTRIBUTION_AND_SHAREALIKE,FOLLOW_ORIGINAL_FMA_TRACK_LICENSE,Echoes-FMA-paired,80f7dffb4849fc1f179391ff0dec8d0734420bf6b0b28fb10baa4dd92bc6a134,echoes_fma::106336,train,TTA,real
data\raw\public_v9\echoes_fma_paired\fake\Fuckaboing_RoccoW_brev_TTA_001.mp3,1,0,1,0,1,fma_artist_10484,Echoes::brev,echoes_fma_paired,echoes_fma_paired,Octavian97/Echoes + official FMA,fma_106336,echoes_fma::106336,https://huggingface.co/datasets/Octavian97/Echoes ; https://github.com/mdeff/fma,Echoes 14b0c76c6a691c42fadfab9fb6a4eb1ee8c628a2; FMA metadata rc1,generated CC BY-SA 4.0; original http://creativecommons.org/licenses/by/4.0/,YES,FOLLOW_CC_ATTRIBUTION_AND_SHAREALIKE,FOLLOW_ORIGINAL_FMA_TRACK_LICENSE,Echoes-FMA-paired,41a91f8cebcdb0b33b75934b8e045451cf1bc481d0bf1cf563010d48d9b545b4,echoes_fma::106336,train,TTA,fake
data\raw\public_v9\echoes_fma_paired\fake\Fuckaboing_RoccoW_elevenlabs_TTA_001.mp3,1,0,1,0,1,fma_artist_10484,Echoes::elevenlabs,echoes_fma_paired,echoes_fma_paired,Octavian97/Echoes + official FMA,fma_106336,echoes_fma::106336,https://huggingface.co/datasets/Octavian97/Echoes ; https://github.com/mdeff/fma,Echoes 14b0c76c6a691c42fadfab9fb6a4eb1ee8c628a2; FMA metadata rc1,generated CC BY-SA 4.0; original http://creativecommons.org/licenses/by/4.0/,YES,FOLLOW_CC_ATTRIBUTION_AND_SHAREALIKE,FOLLOW_ORIGINAL_FMA_TRACK_LICENSE,Echoes-FMA-paired,42679fe2a165e8faeff1f7e6bb3db01ca1a79887c09af2da0706cf8e900197ad,echoes_fma::106336,train,TTA,fake
data\raw\public_v9\echoes_fma_paired\fake\Fuckaboing_RoccoW_mubert_TTA_001.mp3,1,0,1,0,1,fma_artist_10484,Echoes::mubert,echoes_fma_paired,echoes_fma_paired,Octavian97/Echoes + official FMA,fma_106336,echoes_fma::106336,https://huggingface.co/datasets/Octavian97/Echoes ; https://github.com/mdeff/fma,Echoes 14b0c76c6a691c42fadfab9fb6a4eb1ee8c628a2; FMA metadata rc1,generated CC BY-SA 4.0; original http://creativecommons.org/licenses/by/4.0/,YES,FOLLOW_CC_ATTRIBUTION_AND_SHAREALIKE,FOLLOW_ORIGINAL_FMA_TRACK_LICENSE,Echoes-FMA-paired,5267714cf913344fe820245f426ef7efb53086ad543e8a33851c14b81cac85ca,echoes_fma::106336,train,TTA,fake
data\raw\public_v9\echoes_fma_paired\fake\Fuckaboing_RoccoW_producer_ATA_001.mp3,1,0,1,0,1,fma_artist_10484,Echoes::producer,echoes_fma_paired,echoes_fma_paired,Octavian97/Echoes + official FMA,fma_106336,echoes_fma::106336,https://huggingface.co/datasets/Octavian97/Echoes ; https://github.com/mdeff/fma,Echoes 14b0c76c6a691c42fadfab9fb6a4eb1ee8c628a2; FMA metadata rc1,generated CC BY-SA 4.0; original http://creativecommons.org/licenses/by/4.0/,YES,FOLLOW_CC_ATTRIBUTION_AND_SHAREALIKE,FOLLOW_ORIGINAL_FMA_TRACK_LICENSE,Echoes-FMA-paired,62beb4f4c29cb56361489cf856bb5cdd48d1193d468b0f0be45cb441b655a8fd,echoes_fma::106336,train,ATA,fake
data\raw\public_v9\echoes_fma_paired\fake\Fuckaboing_RoccoW_suno_TTA_001.mp3,1,0,1,0,1,fma_artist_10484,Echoes::suno,echoes_fma_paired,echoes_fma_paired,Octavian97/Echoes + official FMA,fma_106336,echoes_fma::106336,https://huggingface.co/datasets/Octavian97/Echoes ; https://github.com/mdeff/fma,Echoes 14b0c76c6a691c42fadfab9fb6a4eb1ee8c628a2; FMA metadata rc1,generated CC BY-SA 4.0; original http://creativecommons.org/licenses/by/4.0/,YES,FOLLOW_CC_ATTRIBUTION_AND_SHAREALIKE,FOLLOW_ORIGINAL_FMA_TRACK_LICENSE,Echoes-FMA-paired,f0874357b4c703569c8033d481718cc41308be627c4fbaa0ec78d1bb0d909ef6,echoes_fma::106336,train,TTA,fake
data\raw\public_v9\echoes_fma_paired\fake\Fuckaboing_RoccoW_udio_TTA_001.mp3,1,0,1,0,1,fma_artist_10484,Echoes::udio,echoes_fma_paired,echoes_fma_paired,Octavian97/Echoes + official FMA,fma_106336,echoes_fma::106336,https://huggingface.co/datasets/Octavian97/Echoes ; https://github.com/mdeff/fma,Echoes 14b0c76c6a691c42fadfab9fb6a4eb1ee8c628a2; FMA metadata rc1,generated CC BY-SA 4.0; original http://creativecommons.org/licenses/by/4.0/,YES,FOLLOW_CC_ATTRIBUTION_AND_SHAREALIKE,FOLLOW_ORIGINAL_FMA_TRACK_LICENSE,Echoes-FMA-paired,42705f33c11fabbb23688047a0c63d4a5956bd351eba57519e6ead1152b952e1,echoes_fma::106336,train,TTA,fake
data\raw\public_v9\echoes_fma_paired\real\fma_107429.mp3,0,0,0,0,1,fma_artist_18761,Echoes::FMA_original,echoes_fma_paired,echoes_fma_paired,Octavian97/Echoes + official FMA,fma_107429,echoes_fma::107429,https://huggingface.co/datasets/Octavian97/Echoes ; https://github.com/mdeff/fma,Echoes 14b0c76c6a691c42fadfab9fb6a4eb1ee8c628a2; FMA metadata rc1,generated CC BY-SA 4.0; original http://creativecommons.org/licenses/by/4.0/,YES,FOLLOW_CC_ATTRIBUTION_AND_SHAREALIKE,FOLLOW_ORIGINAL_FMA_TRACK_LICENSE,Echoes-FMA-paired,1c821fb42fa093b1fc1a5e8fc090d678f42773bd8598d2dae46b25fbcd359bdb,echoes_fma::107429,train,TTA,real
data\raw\public_v9\echoes_fma_paired\fake\CopperNickle_UncleBibby_acestep_TTA_001.mp3,1,0,1,0,1,fma_artist_18761,Echoes::acestep,echoes_fma_paired,echoes_fma_paired,Octavian97/Echoes + official FMA,fma_107429,echoes_fma::107429,https://huggingface.co/datasets/Octavian97/Echoes ; https://github.com/mdeff/fma,Echoes 14b0c76c6a691c42fadfab9fb6a4eb1ee8c628a2; FMA metadata rc1,generated CC BY-SA 4.0; original http://creativecommons.org/licenses/by/4.0/,YES,FOLLOW_CC_ATTRIBUTION_AND_SHAREALIKE,FOLLOW_ORIGINAL_FMA_TRACK_LICENSE,Echoes-FMA-paired,e06884a75344531dec708b88b0f834fbf2e58f3c2824d12ae8fb28d061b5512e,echoes_fma::107429,train,TTA,fake
data\raw\public_v9\echoes_fma_paired\fake\CopperNickle_UncleBibby_audioldm_ATA_001.mp3,1,0,1,0,1,fma_artist_18761,Echoes::audioldm,echoes_fma_paired,echoes_fma_paired,Octavian97/Echoes + official FMA,fma_107429,echoes_fma::107429,https://huggingface.co/datasets/Octavian97/Echoes ; https://github.com/mdeff/fma,Echoes 14b0c76c6a691c42fadfab9fb6a4eb1ee8c628a2; FMA metadata rc1,generated CC BY-SA 4.0; original http://creativecommons.org/licenses/by/4.0/,YES,FOLLOW_CC_ATTRIBUTION_AND_SHAREALIKE,FOLLOW_ORIGINAL_FMA_TRACK_LICENSE,Echoes-FMA-paired,dfb1c8aa00814e99d4daa78952ad7f49f2f01a92fb5f7069cc5e149087c3634c,echoes_fma::107429,train,ATA,fake
data\raw\public_v9\echoes_fma_paired\fake\CopperNickle_UncleBibby_brev_TTA_001.mp3,1,0,1,0,1,fma_artist_18761,Echoes::brev,echoes_fma_paired,echoes_fma_paired,Octavian97/Echoes + official FMA,fma_107429,echoes_fma::107429,https://huggingface.co/datasets/Octavian97/Echoes ; https://github.com/mdeff/fma,Echoes 14b0c76c6a691c42fadfab9fb6a4eb1ee8c628a2; FMA metadata rc1,generated CC BY-SA 4.0; original http://creativecommons.org/licenses/by/4.0/,YES,FOLLOW_CC_ATTRIBUTION_AND_SHAREALIKE,FOLLOW_ORIGINAL_FMA_TRACK_LICENSE,Echoes-FMA-paired,2119ff5a47d3867042b9f391f8f6b6a2cdef9c1dcbb503f49b9ce4334d113957,echoes_fma::107429,train,TTA,fake
data\raw\public_v9\echoes_fma_paired\fake\CopperNickle_UncleBibby_elevenlabs_TTA_001.mp3,1,0,1,0,1,fma_artist_18761,Echoes::elevenlabs,echoes_fma_paired,echoes_fma_paired,Octavian97/Echoes + official FMA,fma_107429,echoes_fma::107429,https://huggingface.co/datasets/Octavian97/Echoes ; https://github.com/mdeff/fma,Echoes 14b0c76c6a691c42fadfab9fb6a4eb1ee8c628a2; FMA metadata rc1,generated CC BY-SA 4.0; original http://creativecommons.org/licenses/by/4.0/,YES,FOLLOW_CC_ATTRIBUTION_AND_SHAREALIKE,FOLLOW_ORIGINAL_FMA_TRACK_LICENSE,Echoes-FMA-paired,57b269a680607ec15469820841be4a658d894b7f7b4e24ffe0e476d39dfc3c9d,echoes_fma::107429,train,TTA,fake
data\raw\public_v9\echoes_fma_paired\fake\CopperNickle_UncleBibby_mubert_TTA_001.mp3,1,0,1,0,1,fma_artist_18761,Echoes::mubert,echoes_fma_paired,echoes_fma_paired,Octavian97/Echoes + official FMA,fma_107429,echoes_fma::107429,https://huggingface.co/datasets/Octavian97/Echoes ; https://github.com/mdeff/fma,Echoes 14b0c76c6a691c42fadfab9fb6a4eb1ee8c628a2; FMA metadata rc1,generated CC BY-SA 4.0; original http://creativecommons.org/licenses/by/4.0/,YES,FOLLOW_CC_ATTRIBUTION_AND_SHAREALIKE,FOLLOW_ORIGINAL_FMA_TRACK_LICENSE,Echoes-FMA-paired,bd5357cf82280e77510772597d860639101adad3a05e895f59c6627e4e27e3d0,echoes_fma::107429,train,TTA,fake
data\raw\public_v9\echoes_fma_paired\fake\CopperNickle_UncleBibby_musicgen_ATA_001.wav,1,0,1,0,1,fma_artist_18761,Echoes::musicgen,echoes_fma_paired,echoes_fma_paired,Octavian97/Echoes + official FMA,fma_107429,echoes_fma::107429,https://huggingface.co/datasets/Octavian97/Echoes ; https://github.com/mdeff/fma,Echoes 14b0c76c6a691c42fadfab9fb6a4eb1ee8c628a2; FMA metadata rc1,generated CC BY-SA 4.0; original http://creativecommons.org/licenses/by/4.0/,YES,FOLLOW_CC_ATTRIBUTION_AND_SHAREALIKE,FOLLOW_ORIGINAL_FMA_TRACK_LICENSE,Echoes-FMA-paired,adc22347607bd37437c26d15411bb3ff41bd174385096f5d5d0f94e47f0daa71,echoes_fma::107429,train,ATA,fake
data\raw\public_v9\echoes_fma_paired\fake\CopperNickle_UncleBibby_producer_ATA_001.mp3,1,0,1,0,1,fma_artist_18761,Echoes::producer,echoes_fma_paired,echoes_fma_paired,Octavian97/Echoes + official FMA,fma_107429,echoes_fma::107429,https://huggingface.co/datasets/Octavian97/Echoes ; https://github.com/mdeff/fma,Echoes 14b0c76c6a691c42fadfab9fb6a4eb1ee8c628a2; FMA metadata rc1,generated CC BY-SA 4.0; original http://creativecommons.org/licenses/by/4.0/,YES,FOLLOW_CC_ATTRIBUTION_AND_SHAREALIKE,FOLLOW_ORIGINAL_FMA_TRACK_LICENSE,Echoes-FMA-paired,35f86dca1b8db17ead7a4cc47d2db8c448102f20029f76964fdcc7f01fb62ded,echoes_fma::107429,train,ATA,fake
data\raw\public_v9\echoes_fma_paired\fake\CopperNickle_UncleBibby_stableaudio_TTA_001.mp3,1,0,1,0,1,fma_artist_18761,Echoes::stableaudio,echoes_fma_paired,echoes_fma_paired,Octavian97/Echoes + official FMA,fma_107429,echoes_fma::107429,https://huggingface.co/datasets/Octavian97/Echoes ; https://github.com/mdeff/fma,Echoes 14b0c76c6a691c42fadfab9fb6a4eb1ee8c628a2; FMA metadata rc1,generated CC BY-SA 4.0; original http://creativecommons.org/licenses/by/4.0/,YES,FOLLOW_CC_ATTRIBUTION_AND_SHAREALIKE,FOLLOW_ORIGINAL_FMA_TRACK_LICENSE,Echoes-FMA-paired,145c1c4bab94d127471a3c0674867ffd29242195c81c887d1957cda1847afd9a,echoes_fma::107429,train,TTA,fake
data\raw\public_v9\echoes_fma_paired\fake\CopperNickle_UncleBibby_suno_TTA_001.mp3,1,0,1,0,1,fma_artist_18761,Echoes::suno,echoes_fma_paired,echoes_fma_paired,Octavian97/Echoes + official FMA,fma_107429,echoes_fma::107429,https://huggingface.co/datasets/Octavian97/Echoes ; https://github.com/mdeff/fma,Echoes 14b0c76c6a691c42fadfab9fb6a4eb1ee8c628a2; FMA metadata rc1,generated CC BY-SA 4.0; original http://creativecommons.org/licenses/by/4.0/,YES,FOLLOW_CC_ATTRIBUTION_AND_SHAREALIKE,FOLLOW_ORIGINAL_FMA_TRACK_LICENSE,Echoes-FMA-paired,d49311e2f90c10e25e177025d7fbcb20b208288138664502962178035b872883,echoes_fma::107429,train,TTA,fake
data\raw\public_v9\echoes_fma_paired\fake\CopperNickle_UncleBibby_udio_TTA_001.mp3,1,0,1,0,1,fma_artist_18761,Echoes::udio,echoes_fma_paired,echoes_fma_paired,Octavian97/Echoes + official FMA,fma_107429,echoes_fma::107429,https://huggingface.co/datasets/Octavian97/Echoes ; https://github.com/mdeff/fma,Echoes 14b0c76c6a691c42fadfab9fb6a4eb1ee8c628a2; FMA metadata rc1,generated CC BY-SA 4.0; original http://creativecommons.org/licenses/by/4.0/,YES,FOLLOW_CC_ATTRIBUTION_AND_SHAREALIKE,FOLLOW_ORIGINAL_FMA_TRACK_LICENSE,Echoes-FMA-paired,0ee2a2eb82792814dc9c66f68d2acc33b3153502f68bf9c950d9ac96dd5aa0a3,echoes_fma::107429,train,TTA,fake
data\raw\public_v9\echoes_fma_paired\real\fma_112315.mp3,0,0,0,0,1,fma_artist_11018,Echoes::FMA_original,echoes_fma_paired,echoes_fma_paired,Octavian97/Echoes + official FMA,fma_112315,echoes_fma::112315,https://huggingface.co/datasets/Octavian97/Echoes ; https://github.com/mdeff/fma,Echoes 14b0c76c6a691c42fadfab9fb6a4eb1ee8c628a2; FMA metadata rc1,generated CC BY-SA 4.0; original http://creativecommons.org/licenses/by/4.0/,YES,FOLLOW_CC_ATTRIBUTION_AND_SHAREALIKE,FOLLOW_ORIGINAL_FMA_TRACK_LICENSE,Echoes-FMA-paired,fdc89dbd163e7d62db1224497de74282c477fe263852df26b0b360b81d626d8b,echoes_fma::112315,train,TTA,real
data\raw\public_v9\echoes_fma_paired\fake\Digital_Lightning_Cloudkicker_acestep_TTA_001.mp3,1,0,1,0,1,fma_artist_11018,Echoes::acestep,echoes_fma_paired,echoes_fma_paired,Octavian97/Echoes + official FMA,fma_112315,echoes_fma::112315,https://huggingface.co/datasets/Octavian97/Echoes ; https://github.com/mdeff/fma,Echoes 14b0c76c6a691c42fadfab9fb6a4eb1ee8c628a2; FMA metadata rc1,generated CC BY-SA 4.0; original http://creativecommons.org/licenses/by/4.0/,YES,FOLLOW_CC_ATTRIBUTION_AND_SHAREALIKE,FOLLOW_ORIGINAL_FMA_TRACK_LICENSE,Echoes-FMA-paired,c6c145fedff52eecf13f2fa2728b5bff237107f2839cc9284b04fb5619b8e73c,echoes_fma::112315,train,TTA,fake
data\raw\public_v9\echoes_fma_paired\fake\Digital_Lightning_Cloudkicker_audioldm_ATA_001.mp3,1,0,1,0,1,fma_artist_11018,Echoes::audioldm,echoes_fma_paired,echoes_fma_paired,Octavian97/Echoes + official FMA,fma_112315,echoes_fma::112315,https://huggingface.co/datasets/Octavian97/Echoes ; https://github.com/mdeff/fma,Echoes 14b0c76c6a691c42fadfab9fb6a4eb1ee8c628a2; FMA metadata rc1,generated CC BY-SA 4.0; original http://creativecommons.org/licenses/by/4.0/,YES,FOLLOW_CC_ATTRIBUTION_AND_SHAREALIKE,FOLLOW_ORIGINAL_FMA_TRACK_LICENSE,Echoes-FMA-paired,6daadd14d5b32c2584826de80a9f162e261e1bb05ccd9c094ee287204b3a9274,echoes_fma::112315,train,ATA,fake
data\raw\public_v9\echoes_fma_paired\fake\Digital_Lightning_Cloudkicker_brev_TTA_001.mp3,1,0,1,0,1,fma_artist_11018,Echoes::brev,echoes_fma_paired,echoes_fma_paired,Octavian97/Echoes + official FMA,fma_112315,echoes_fma::112315,https://huggingface.co/datasets/Octavian97/Echoes ; https://github.com/mdeff/fma,Echoes 14b0c76c6a691c42fadfab9fb6a4eb1ee8c628a2; FMA metadata rc1,generated CC BY-SA 4.0; original http://creativecommons.org/licenses/by/4.0/,YES,FOLLOW_CC_ATTRIBUTION_AND_SHAREALIKE,FOLLOW_ORIGINAL_FMA_TRACK_LICENSE,Echoes-FMA-paired,e4eca1af238c943e4576a07566820aa9e606d2d54ae349407903a1510e2095e3,echoes_fma::112315,train,TTA,fake
data\raw\public_v9\echoes_fma_paired\fake\Digital_Lightning_Cloudkicker_elevenlabs_TTA_001.mp3,1,0,1,0,1,fma_artist_11018,Echoes::elevenlabs,echoes_fma_paired,echoes_fma_paired,Octavian97/Echoes + official FMA,fma_112315,echoes_fma::112315,https://huggingface.co/datasets/Octavian97/Echoes ; https://github.com/mdeff/fma,Echoes 14b0c76c6a691c42fadfab9fb6a4eb1ee8c628a2; FMA metadata rc1,generated CC BY-SA 4.0; original http://creativecommons.org/licenses/by/4.0/,YES,FOLLOW_CC_ATTRIBUTION_AND_SHAREALIKE,FOLLOW_ORIGINAL_FMA_TRACK_LICENSE,Echoes-FMA-paired,3d877c31e73cd261b5483364278e75287dc0aa9bc2915ff2af05072794d09bb6,echoes_fma::112315,train,TTA,fake
data\raw\public_v9\echoes_fma_paired\fake\Digital_Lightning_Cloudkicker_mubert_TTA_001.mp3,1,0,1,0,1,fma_artist_11018,Echoes::mubert,echoes_fma_paired,echoes_fma_paired,Octavian97/Echoes + official FMA,fma_112315,echoes_fma::112315,https://huggingface.co/datasets/Octavian97/Echoes ; https://github.com/mdeff/fma,Echoes 14b0c76c6a691c42fadfab9fb6a4eb1ee8c628a2; FMA metadata rc1,generated CC BY-SA 4.0; original http://creativecommons.org/licenses/by/4.0/,YES,FOLLOW_CC_ATTRIBUTION_AND_SHAREALIKE,FOLLOW_ORIGINAL_FMA_TRACK_LICENSE,Echoes-FMA-paired,8e041142e5317e76462aee51a652214b81d1e6ca2e1b96da1f1136b82d9bcd15,echoes_fma::112315,train,TTA,fake
data\raw\public_v9\echoes_fma_paired\fake\Digital_Lightning_Cloudkicker_musicgen_ATA_001.wav,1,0,1,0,1,fma_artist_11018,Echoes::musicgen,echoes_fma_paired,echoes_fma_paired,Octavian97/Echoes + official FMA,fma_112315,echoes_fma::112315,https://huggingface.co/datasets/Octavian97/Echoes ; https://github.com/mdeff/fma,Echoes 14b0c76c6a691c42fadfab9fb6a4eb1ee8c628a2; FMA metadata rc1,generated CC BY-SA 4.0; original http://creativecommons.org/licenses/by/4.0/,YES,FOLLOW_CC_ATTRIBUTION_AND_SHAREALIKE,FOLLOW_ORIGINAL_FMA_TRACK_LICENSE,Echoes-FMA-paired,063011ba240a51f17b9268b57d5a58ecc7f18f9df0104b9f0c826be6c629ca2c,echoes_fma::112315,train,ATA,fake
data\raw\public_v9\echoes_fma_paired\fake\Digital_Lightning_Cloudkicker_producer_ATA_001.mp3,1,0,1,0,1,fma_artist_11018,Echoes::producer,echoes_fma_paired,echoes_fma_paired,Octavian97/Echoes + official FMA,fma_112315,echoes_fma::112315,https://huggingface.co/datasets/Octavian97/Echoes ; https://github.com/mdeff/fma,Echoes 14b0c76c6a691c42fadfab9fb6a4eb1ee8c628a2; FMA metadata rc1,generated CC BY-SA 4.0; original http://creativecommons.org/licenses/by/4.0/,YES,FOLLOW_CC_ATTRIBUTION_AND_SHAREALIKE,FOLLOW_ORIGINAL_FMA_TRACK_LICENSE,Echoes-FMA-paired,60261a2201934ad064ea40438d1e29e541e82379f2f9015c4fb36ce14b3ea4f7,echoes_fma::112315,train,ATA,fake
data\raw\public_v9\echoes_fma_paired\fake\Digital_Lightning_Cloudkicker_stableaudio_TTA_001.mp3,1,0,1,0,1,fma_artist_11018,Echoes::stableaudio,echoes_fma_paired,echoes_fma_paired,Octavian97/Echoes + official FMA,fma_112315,echoes_fma::112315,https://huggingface.co/datasets/Octavian97/Echoes ; https://github.com/mdeff/fma,Echoes 14b0c76c6a691c42fadfab9fb6a4eb1ee8c628a2; FMA metadata rc1,generated CC BY-SA 4.0; original http://creativecommons.org/licenses/by/4.0/,YES,FOLLOW_CC_ATTRIBUTION_AND_SHAREALIKE,FOLLOW_ORIGINAL_FMA_TRACK_LICENSE,Echoes-FMA-paired,5096562d81824ece5eb6ff0b187a3a948f4407a60cde1bfea895443059bdae80,echoes_fma::112315,train,TTA,fake
data\raw\public_v9\echoes_fma_paired\fake\Digital_Lightning_Cloudkicker_suno_TTA_001.mp3,1,0,1,0,1,fma_artist_11018,Echoes::suno,echoes_fma_paired,echoes_fma_paired,Octavian97/Echoes + official FMA,fma_112315,echoes_fma::112315,https://huggingface.co/datasets/Octavian97/Echoes ; https://github.com/mdeff/fma,Echoes 14b0c76c6a691c42fadfab9fb6a4eb1ee8c628a2; FMA metadata rc1,generated CC BY-SA 4.0; original http://creativecommons.org/licenses/by/4.0/,YES,FOLLOW_CC_ATTRIBUTION_AND_SHAREALIKE,FOLLOW_ORIGINAL_FMA_TRACK_LICENSE,Echoes-FMA-paired,1a11b7dde82ad056d589fc42c7e190d70492d8c15aab0220f13c81e020d1a8c8,echoes_fma::112315,train,TTA,fake
data\raw\public_v9\echoes_fma_paired\fake\Digital_Lightning_Cloudkicker_udio_TTA_001.mp3,1,0,1,0,1,fma_artist_11018,Echoes::udio,echoes_fma_paired,echoes_fma_paired,Octavian97/Echoes + official FMA,fma_112315,echoes_fma::112315,https://huggingface.co/datasets/Octavian97/Echoes ; https://github.com/mdeff/fma,Echoes 14b0c76c6a691c42fadfab9fb6a4eb1ee8c628a2; FMA metadata rc1,generated CC BY-SA 4.0; original http://creativecommons.org/licenses/by/4.0/,YES,FOLLOW_CC_ATTRIBUTION_AND_SHAREALIKE,FOLLOW_ORIGINAL_FMA_TRACK_LICENSE,Echoes-FMA-paired,2ab66dfb41c91c012e522ebf0e3e5d5ad2acf75cd0667faeaf17941318a81809,echoes_fma::112315,train,TTA,fake
data\raw\public_v9\echoes_fma_paired\real\fma_114004.mp3,0,0,0,0,1,fma_artist_10397,Echoes::FMA_original,echoes_fma_paired,echoes_fma_paired,Octavian97/Echoes + official FMA,fma_114004,echoes_fma::114004,https://huggingface.co/datasets/Octavian97/Echoes ; https://github.com/mdeff/fma,Echoes 14b0c76c6a691c42fadfab9fb6a4eb1ee8c628a2; FMA metadata rc1,generated CC BY-SA 4.0; original http://creativecommons.org/licenses/by/3.0/,YES,FOLLOW_CC_ATTRIBUTION_AND_SHAREALIKE,FOLLOW_ORIGINAL_FMA_TRACK_LICENSE,Echoes-FMA-paired,e931cf91a17e1f4f3e4df72c3a85b9d3b00c07152fecd157b48f1c37448a9f96,echoes_fma::114004,train,TTA,real
data\raw\public_v9\echoes_fma_paired\fake\Cold_Chains_Rolemusic_acestep_TTA_001.mp3,1,0,1,0,1,fma_artist_10397,Echoes::acestep,echoes_fma_paired,echoes_fma_paired,Octavian97/Echoes + official FMA,fma_114004,echoes_fma::114004,https://huggingface.co/datasets/Octavian97/Echoes ; https://github.com/mdeff/fma,Echoes 14b0c76c6a691c42fadfab9fb6a4eb1ee8c628a2; FMA metadata rc1,generated CC BY-SA 4.0; original http://creativecommons.org/licenses/by/3.0/,YES,FOLLOW_CC_ATTRIBUTION_AND_SHAREALIKE,FOLLOW_ORIGINAL_FMA_TRACK_LICENSE,Echoes-FMA-paired,4d361bc064ba5c6d4b29b61a2d7e1fbbc2db18ddc21ea440001b7f8b3aea38b0,echoes_fma::114004,train,TTA,fake
data\raw\public_v9\echoes_fma_paired\fake\Cold_Chains_Rolemusic_audioldm_ATA_001.mp3,1,0,1,0,1,fma_artist_10397,Echoes::audioldm,echoes_fma_paired,echoes_fma_paired,Octavian97/Echoes + official FMA,fma_114004,echoes_fma::114004,https://huggingface.co/datasets/Octavian97/Echoes ; https://github.com/mdeff/fma,Echoes 14b0c76c6a691c42fadfab9fb6a4eb1ee8c628a2; FMA metadata rc1,generated CC BY-SA 4.0; original http://creativecommons.org/licenses/by/3.0/,YES,FOLLOW_CC_ATTRIBUTION_AND_SHAREALIKE,FOLLOW_ORIGINAL_FMA_TRACK_LICENSE,Echoes-FMA-paired,dbb097859092583953487d1d65a7e08939f555bcd0e6a68857f9ccb8ac265156,echoes_fma::114004,train,ATA,fake
data\raw\public_v9\echoes_fma_paired\fake\Cold_Chains_Rolemusic_brev_TTA_001.mp3,1,0,1,0,1,fma_artist_10397,Echoes::brev,echoes_fma_paired,echoes_fma_paired,Octavian97/Echoes + official FMA,fma_114004,echoes_fma::114004,https://huggingface.co/datasets/Octavian97/Echoes ; https://github.com/mdeff/fma,Echoes 14b0c76c6a691c42fadfab9fb6a4eb1ee8c628a2; FMA metadata rc1,generated CC BY-SA 4.0; original http://creativecommons.org/licenses/by/3.0/,YES,FOLLOW_CC_ATTRIBUTION_AND_SHAREALIKE,FOLLOW_ORIGINAL_FMA_TRACK_LICENSE,Echoes-FMA-paired,3850209a61fd8257c6317b315200257084eb7442e850a28d63e9fac639464ff8,echoes_fma::114004,train,TTA,fake
data\raw\public_v9\echoes_fma_paired\fake\Cold_Chains_Rolemusic_elevenlabs_TTA_001.mp3,1,0,1,0,1,fma_artist_10397,Echoes::elevenlabs,echoes_fma_paired,echoes_fma_paired,Octavian97/Echoes + official FMA,fma_114004,echoes_fma::114004,https://huggingface.co/datasets/Octavian97/Echoes ; https://github.com/mdeff/fma,Echoes 14b0c76c6a691c42fadfab9fb6a4eb1ee8c628a2; FMA metadata rc1,generated CC BY-SA 4.0; original http://creativecommons.org/licenses/by/3.0/,YES,FOLLOW_CC_ATTRIBUTION_AND_SHAREALIKE,FOLLOW_ORIGINAL_FMA_TRACK_LICENSE,Echoes-FMA-paired,9f7857ff4e779caedb83eced985040fb375f8b35fd31ffb84548766f3143915e,echoes_fma::114004,train,TTA,fake
data\raw\public_v9\echoes_fma_paired\fake\Cold_Chains_Rolemusic_mubert_TTA_001.mp3,1,0,1,0,1,fma_artist_10397,Echoes::mubert,echoes_fma_paired,echoes_fma_paired,Octavian97/Echoes + official FMA,fma_114004,echoes_fma::114004,https://huggingface.co/datasets/Octavian97/Echoes ; https://github.com/mdeff/fma,Echoes 14b0c76c6a691c42fadfab9fb6a4eb1ee8c628a2; FMA metadata rc1,generated CC BY-SA 4.0; original http://creativecommons.org/licenses/by/3.0/,YES,FOLLOW_CC_ATTRIBUTION_AND_SHAREALIKE,FOLLOW_ORIGINAL_FMA_TRACK_LICENSE,Echoes-FMA-paired,a65050a702852e6e82318f8295fc37b32fb8d4c67f2ecc1b5e25e20621e8aee7,echoes_fma::114004,train,TTA,fake
data\raw\public_v9\echoes_fma_paired\fake\Cold_Chains_Rolemusic_musicgen_ATA_001.wav,1,0,1,0,1,fma_artist_10397,Echoes::musicgen,echoes_fma_paired,echoes_fma_paired,Octavian97/Echoes + official FMA,fma_114004,echoes_fma::114004,https://huggingface.co/datasets/Octavian97/Echoes ; https://github.com/mdeff/fma,Echoes 14b0c76c6a691c42fadfab9fb6a4eb1ee8c628a2; FMA metadata rc1,generated CC BY-SA 4.0; original http://creativecommons.org/licenses/by/3.0/,YES,FOLLOW_CC_ATTRIBUTION_AND_SHAREALIKE,FOLLOW_ORIGINAL_FMA_TRACK_LICENSE,Echoes-FMA-paired,6dd938907733c93e20dad5503dd15ff0aa5c356766884d4609a2b5f4bb73ec30,echoes_fma::114004,train,ATA,fake
data\raw\public_v9\echoes_fma_paired\fake\Cold_Chains_Rolemusic_producer_ATA_001.mp3,1,0,1,0,1,fma_artist_10397,Echoes::producer,echoes_fma_paired,echoes_fma_paired,Octavian97/Echoes + official FMA,fma_114004,echoes_fma::114004,https://huggingface.co/datasets/Octavian97/Echoes ; https://github.com/mdeff/fma,Echoes 14b0c76c6a691c42fadfab9fb6a4eb1ee8c628a2; FMA metadata rc1,generated CC BY-SA 4.0; original http://creativecommons.org/licenses/by/3.0/,YES,FOLLOW_CC_ATTRIBUTION_AND_SHAREALIKE,FOLLOW_ORIGINAL_FMA_TRACK_LICENSE,Echoes-FMA-paired,5a074fbacb9d2b5560eaed7191399c88ea7eda904bf08a2b10d4319fc068e474,echoes_fma::114004,train,ATA,fake
data\raw\public_v9\echoes_fma_paired\fake\Cold_Chains_Rolemusic_stableaudio_TTA_001.mp3,1,0,1,0,1,fma_artist_10397,Echoes::stableaudio,echoes_fma_paired,echoes_fma_paired,Octavian97/Echoes + official FMA,fma_114004,echoes_fma::114004,https://huggingface.co/datasets/Octavian97/Echoes ; https://github.com/mdeff/fma,Echoes 14b0c76c6a691c42fadfab9fb6a4eb1ee8c628a2; FMA metadata rc1,generated CC BY-SA 4.0; original http://creativecommons.org/licenses/by/3.0/,YES,FOLLOW_CC_ATTRIBUTION_AND_SHAREALIKE,FOLLOW_ORIGINAL_FMA_TRACK_LICENSE,Echoes-FMA-paired,c994e17e3afbf10fb2ec86e3277e10e240797a774b64176504327548a0795e20,echoes_fma::114004,train,TTA,fake
data\raw\public_v9\echoes_fma_paired\fake\Cold_Chains_Rolemusic_suno_TTA_001.mp3,1,0,1,0,1,fma_artist_10397,Echoes::suno,echoes_fma_paired,echoes_fma_paired,Octavian97/Echoes + official FMA,fma_114004,echoes_fma::114004,https://huggingface.co/datasets/Octavian97/Echoes ; https://github.com/mdeff/fma,Echoes 14b0c76c6a691c42fadfab9fb6a4eb1ee8c628a2; FMA metadata rc1,generated CC BY-SA 4.0; original http://creativecommons.org/licenses/by/3.0/,YES,FOLLOW_CC_ATTRIBUTION_AND_SHAREALIKE,FOLLOW_ORIGINAL_FMA_TRACK_LICENSE,Echoes-FMA-paired,f4d4ee1d84755a5b4ec9c16bce4b7e856453370c0025b1a7d438c1eedda9b54b,echoes_fma::114004,train,TTA,fake
data\raw\public_v9\echoes_fma_paired\fake\Cold_Chains_Rolemusic_udio_TTA_001.mp3,1,0,1,0,1,fma_artist_10397,Echoes::udio,echoes_fma_paired,echoes_fma_paired,Octavian97/Echoes + official FMA,fma_114004,echoes_fma::114004,https://huggingface.co/datasets/Octavian97/Echoes ; https://github.com/mdeff/fma,Echoes 14b0c76c6a691c42fadfab9fb6a4eb1ee8c628a2; FMA metadata rc1,generated CC BY-SA 4.0; original http://creativecommons.org/licenses/by/3.0/,YES,FOLLOW_CC_ATTRIBUTION_AND_SHAREALIKE,FOLLOW_ORIGINAL_FMA_TRACK_LICENSE,Echoes-FMA-paired,35db03487ecf4466aed2b23c0a26657117f3b69f08ac83de9e4ebc7598e4a088,echoes_fma::114004,train,TTA,fake
data\raw\public_v9\echoes_fma_paired\real\fma_114396.mp3,0,0,0,0,1,fma_artist_19498,Echoes::FMA_original,echoes_fma_paired,echoes_fma_paired,Octavian97/Echoes + official FMA,fma_114396,echoes_fma::114396,https://huggingface.co/datasets/Octavian97/Echoes ; https://github.com/mdeff/fma,Echoes 14b0c76c6a691c42fadfab9fb6a4eb1ee8c628a2; FMA metadata rc1,generated CC BY-SA 4.0; original http://creativecommons.org/licenses/by/4.0/,YES,FOLLOW_CC_ATTRIBUTION_AND_SHAREALIKE,FOLLOW_ORIGINAL_FMA_TRACK_LICENSE,Echoes-FMA-paired,efcb6d8161d8dfdf555aca81ac1c8bbb51aad9df93a2725ee63de5680792b9ea,echoes_fma::114396,train,TTA,real
data\raw\public_v9\echoes_fma_paired\fake\Breathe_New_Life_Scott_Holmes_acestep_TTA_001.mp3,1,0,1,0,1,fma_artist_19498,Echoes::acestep,echoes_fma_paired,echoes_fma_paired,Octavian97/Echoes + official FMA,fma_114396,echoes_fma::114396,https://huggingface.co/datasets/Octavian97/Echoes ; https://github.com/mdeff/fma,Echoes 14b0c76c6a691c42fadfab9fb6a4eb1ee8c628a2; FMA metadata rc1,generated CC BY-SA 4.0; original http://creativecommons.org/licenses/by/4.0/,YES,FOLLOW_CC_ATTRIBUTION_AND_SHAREALIKE,FOLLOW_ORIGINAL_FMA_TRACK_LICENSE,Echoes-FMA-paired,3b57be7170b7a98e55980799e683533f7fa200ea31e47501ef51eeb989ca2cb9,echoes_fma::114396,train,TTA,fake
data\raw\public_v9\echoes_fma_paired\fake\Breathe_New_Life_Scott_Holmes_audioldm_ATA_001.mp3,1,0,1,0,1,fma_artist_19498,Echoes::audioldm,echoes_fma_paired,echoes_fma_paired,Octavian97/Echoes + official FMA,fma_114396,echoes_fma::114396,https://huggingface.co/datasets/Octavian97/Echoes ; https://github.com/mdeff/fma,Echoes 14b0c76c6a691c42fadfab9fb6a4eb1ee8c628a2; FMA metadata rc1,generated CC BY-SA 4.0; original http://creativecommons.org/licenses/by/4.0/,YES,FOLLOW_CC_ATTRIBUTION_AND_SHAREALIKE,FOLLOW_ORIGINAL_FMA_TRACK_LICENSE,Echoes-FMA-paired,13b485cf3334760d60b853dad6d1b1d9facb1cbfce98d77d8c159cae619b084c,echoes_fma::114396,train,ATA,fake
data\raw\public_v9\echoes_fma_paired\fake\Breathe_New_Life_Scott_Holmes_musicgen_ATA_001.wav,1,0,1,0,1,fma_artist_19498,Echoes::musicgen,echoes_fma_paired,echoes_fma_paired,Octavian97/Echoes + official FMA,fma_114396,echoes_fma::114396,https://huggingface.co/datasets/Octavian97/Echoes ; https://github.com/mdeff/fma,Echoes 14b0c76c6a691c42fadfab9fb6a4eb1ee8c628a2; FMA metadata rc1,generated CC BY-SA 4.0; original http://creativecommons.org/licenses/by/4.0/,YES,FOLLOW_CC_ATTRIBUTION_AND_SHAREALIKE,FOLLOW_ORIGINAL_FMA_TRACK_LICENSE,Echoes-FMA-paired,18bc07175e8554867a69ac1294f0a999158e46b5d0e138d4fb26b7f69eb9c347,echoes_fma::114396,train,ATA,fake
data\raw\public_v9\echoes_fma_paired\real\fma_114404.mp3,0,0,0,0,1,fma_artist_19498,Echoes::FMA_original,echoes_fma_paired,echoes_fma_paired,Octavian97/Echoes + official FMA,fma_114404,echoes_fma::114404,https://huggingface.co/datasets/Octavian97/Echoes ; https://github.com/mdeff/fma,Echoes 14b0c76c6a691c42fadfab9fb6a4eb1ee8c628a2; FMA metadata rc1,generated CC BY-SA 4.0; original http://creativecommons.org/licenses/by/4.0/,YES,FOLLOW_CC_ATTRIBUTION_AND_SHAREALIKE,FOLLOW_ORIGINAL_FMA_TRACK_LICENSE,Echoes-FMA-paired,26d7eee5652d2840f6717267e4e510e4c4b44254dff18ed7d6ed223f8fc444f0,echoes_fma::114404,train,TTA,real
data\raw\public_v9\echoes_fma_paired\fake\Colossal_Stillness_Scott_Holmes_acestep_TTA_001.mp3,1,0,1,0,1,fma_artist_19498,Echoes::acestep,echoes_fma_paired,echoes_fma_paired,Octavian97/Echoes + official FMA,fma_114404,echoes_fma::114404,https://huggingface.co/datasets/Octavian97/Echoes ; https://github.com/mdeff/fma,Echoes 14b0c76c6a691c42fadfab9fb6a4eb1ee8c628a2; FMA metadata rc1,generated CC BY-SA 4.0; original http://creativecommons.org/licenses/by/4.0/,YES,FOLLOW_CC_ATTRIBUTION_AND_SHAREALIKE,FOLLOW_ORIGINAL_FMA_TRACK_LICENSE,Echoes-FMA-paired,921fa53a8dad0fa13c9d5dafc851ab8d2809c9dc4cf708720bc2025214572143,echoes_fma::114404,train,TTA,fake
data\raw\public_v9\echoes_fma_paired\fake\Colossal_Stillness_Scott_Holmes_audioldm_ATA_001.mp3,1,0,1,0,1,fma_artist_19498,Echoes::audioldm,echoes_fma_paired,echoes_fma_paired,Octavian97/Echoes + official FMA,fma_114404,echoes_fma::114404,https://huggingface.co/datasets/Octavian97/Echoes ; https://github.com/mdeff/fma,Echoes 14b0c76c6a691c42fadfab9fb6a4eb1ee8c628a2; FMA metadata rc1,generated CC BY-SA 4.0; original http://creativecommons.org/licenses/by/4.0/,YES,FOLLOW_CC_ATTRIBUTION_AND_SHAREALIKE,FOLLOW_ORIGINAL_FMA_TRACK_LICENSE,Echoes-FMA-paired,113798abdf07ef7c7c7bec76dab36b19097674fe89d459e136d268f15768c778,echoes_fma::114404,train,ATA,fake
data\raw\public_v9\echoes_fma_paired\fake\Colossal_Stillness_Scott_Holmes_brev_TTA_001.mp3,1,0,1,0,1,fma_artist_19498,Echoes::brev,echoes_fma_paired,echoes_fma_paired,Octavian97/Echoes + official FMA,fma_114404,echoes_fma::114404,https://huggingface.co/datasets/Octavian97/Echoes ; https://github.com/mdeff/fma,Echoes 14b0c76c6a691c42fadfab9fb6a4eb1ee8c628a2; FMA metadata rc1,generated CC BY-SA 4.0; original http://creativecommons.org/licenses/by/4.0/,YES,FOLLOW_CC_ATTRIBUTION_AND_SHAREALIKE,FOLLOW_ORIGINAL_FMA_TRACK_LICENSE,Echoes-FMA-paired,260730a0726dc0468bc83db8a105907ee97ecf9dc27e4e0b020d86b1a7eff8be,echoes_fma::114404,train,TTA,fake
data\raw\public_v9\echoes_fma_paired\fake\Colossal_Stillness_Scott_Holmes_elevenlabs_TTA_001.mp3,1,0,1,0,1,fma_artist_19498,Echoes::elevenlabs,echoes_fma_paired,echoes_fma_paired,Octavian97/Echoes + official FMA,fma_114404,echoes_fma::114404,https://huggingface.co/datasets/Octavian97/Echoes ; https://github.com/mdeff/fma,Echoes 14b0c76c6a691c42fadfab9fb6a4eb1ee8c628a2; FMA metadata rc1,generated CC BY-SA 4.0; original http://creativecommons.org/licenses/by/4.0/,YES,FOLLOW_CC_ATTRIBUTION_AND_SHAREALIKE,FOLLOW_ORIGINAL_FMA_TRACK_LICENSE,Echoes-FMA-paired,4d4c59673e768212d8f91717bac3c6c5e7558664fdf94eeb9f187c1f17add501,echoes_fma::114404,train,TTA,fake
data\raw\public_v9\echoes_fma_paired\fake\Colossal_Stillness_Scott_Holmes_mubert_TTA_001.mp3,1,0,1,0,1,fma_artist_19498,Echoes::mubert,echoes_fma_paired,echoes_fma_paired,Octavian97/Echoes + official FMA,fma_114404,echoes_fma::114404,https://huggingface.co/datasets/Octavian97/Echoes ; https://github.com/mdeff/fma,Echoes 14b0c76c6a691c42fadfab9fb6a4eb1ee8c628a2; FMA metadata rc1,generated CC BY-SA 4.0; original http://creativecommons.org/licenses/by/4.0/,YES,FOLLOW_CC_ATTRIBUTION_AND_SHAREALIKE,FOLLOW_ORIGINAL_FMA_TRACK_LICENSE,Echoes-FMA-paired,792061be4f17fb705c0e63fb17557df3f756a085266e9d32e18ec5ce35601ecf,echoes_fma::114404,train,TTA,fake
data\raw\public_v9\echoes_fma_paired\fake\Colossal_Stillness_Scott_Holmes_musicgen_ATA_001.wav,1,0,1,0,1,fma_artist_19498,Echoes::musicgen,echoes_fma_paired,echoes_fma_paired,Octavian97/Echoes + official FMA,fma_114404,echoes_fma::114404,https://huggingface.co/datasets/Octavian97/Echoes ; https://github.com/mdeff/fma,Echoes 14b0c76c6a691c42fadfab9fb6a4eb1ee8c628a2; FMA metadata rc1,generated CC BY-SA 4.0; original http://creativecommons.org/licenses/by/4.0/,YES,FOLLOW_CC_ATTRIBUTION_AND_SHAREALIKE,FOLLOW_ORIGINAL_FMA_TRACK_LICENSE,Echoes-FMA-paired,b2338776dbb48c63976a2c278a90d4455f6cfa87e0e725bcbb28cbd3ab5f1c5d,echoes_fma::114404,train,ATA,fake
data\raw\public_v9\echoes_fma_paired\fake\Colossal_Stillness_Scott_Holmes_producer_ATA_001.mp3,1,0,1,0,1,fma_artist_19498,Echoes::producer,echoes_fma_paired,echoes_fma_paired,Octavian97/Echoes + official FMA,fma_114404,echoes_fma::114404,https://huggingface.co/datasets/Octavian97/Echoes ; https://github.com/mdeff/fma,Echoes 14b0c76c6a691c42fadfab9fb6a4eb1ee8c628a2; FMA metadata rc1,generated CC BY-SA 4.0; original http://creativecommons.org/licenses/by/4.0/,YES,FOLLOW_CC_ATTRIBUTION_AND_SHAREALIKE,FOLLOW_ORIGINAL_FMA_TRACK_LICENSE,Echoes-FMA-paired,7fbc815f840fbcdb8738a1156e9d16c88bd1f8a89fa9a394e5b847e8099475e4,echoes_fma::114404,train,ATA,fake
data\raw\public_v9\echoes_fma_paired\fake\Colossal_Stillness_Scott_Holmes_stableaudio_TTA_001.mp3,1,0,1,0,1,fma_artist_19498,Echoes::stableaudio,echoes_fma_paired,echoes_fma_paired,Octavian97/Echoes + official FMA,fma_114404,echoes_fma::114404,https://huggingface.co/datasets/Octavian97/Echoes ; https://github.com/mdeff/fma,Echoes 14b0c76c6a691c42fadfab9fb6a4eb1ee8c628a2; FMA metadata rc1,generated CC BY-SA 4.0; original http://creativecommons.org/licenses/by/4.0/,YES,FOLLOW_CC_ATTRIBUTION_AND_SHAREALIKE,FOLLOW_ORIGINAL_FMA_TRACK_LICENSE,Echoes-FMA-paired,9b830607a0338bbf49136256786d547e6ce61faba523717b19152f706ecf6b17,echoes_fma::114404,train,TTA,fake
data\raw\public_v9\echoes_fma_paired\fake\Colossal_Stillness_Scott_Holmes_suno_TTA_001.mp3,1,0,1,0,1,fma_artist_19498,Echoes::suno,echoes_fma_paired,echoes_fma_paired,Octavian97/Echoes + official FMA,fma_114404,echoes_fma::114404,https://huggingface.co/datasets/Octavian97/Echoes ; https://github.com/mdeff/fma,Echoes 14b0c76c6a691c42fadfab9fb6a4eb1ee8c628a2; FMA metadata rc1,generated CC BY-SA 4.0; original http://creativecommons.org/licenses/by/4.0/,YES,FOLLOW_CC_ATTRIBUTION_AND_SHAREALIKE,FOLLOW_ORIGINAL_FMA_TRACK_LICENSE,Echoes-FMA-paired,eea584b75b6186bf4041dc2b8412adbb48f74fa02eb84ba3957428737a5e0905,echoes_fma::114404,train,TTA,fake
data\raw\public_v9\echoes_fma_paired\fake\Colossal_Stillness_Scott_Holmes_udio_TTA_001.mp3,1,0,1,0,1,fma_artist_19498,Echoes::udio,echoes_fma_paired,echoes_fma_paired,Octavian97/Echoes + official FMA,fma_114404,echoes_fma::114404,https://huggingface.co/datasets/Octavian97/Echoes ; https://github.com/mdeff/fma,Echoes 14b0c76c6a691c42fadfab9fb6a4eb1ee8c628a2; FMA metadata rc1,generated CC BY-SA 4.0; original http://creativecommons.org/licenses/by/4.0/,YES,FOLLOW_CC_ATTRIBUTION_AND_SHAREALIKE,FOLLOW_ORIGINAL_FMA_TRACK_LICENSE,Echoes-FMA-paired,5de67f48a77b605e6f2db6fbf3e43fbdc997275d60da222b3600ed7e88b73ea0,echoes_fma::114404,train,TTA,fake
data\raw\public_v9\echoes_fma_paired\real\fma_118055.mp3,0,0,0,0,1,fma_artist_19949,Echoes::FMA_original,echoes_fma_paired,echoes_fma_paired,Octavian97/Echoes + official FMA,fma_118055,echoes_fma::118055,https://huggingface.co/datasets/Octavian97/Echoes ; https://github.com/mdeff/fma,Echoes 14b0c76c6a691c42fadfab9fb6a4eb1ee8c628a2; FMA metadata rc1,generated CC BY-SA 4.0; original http://creativecommons.org/licenses/by/4.0/,YES,FOLLOW_CC_ATTRIBUTION_AND_SHAREALIKE,FOLLOW_ORIGINAL_FMA_TRACK_LICENSE,Echoes-FMA-paired,347c1be14a36ed295bde4ac4262a2a8d0113461b056498e630063e42bd59eb2b,echoes_fma::118055,train,TTA,real
data\raw\public_v9\echoes_fma_paired\fake\Empty_Pockets_Pete_Prodoehl_brev_TTA_001.mp3,1,0,1,0,1,fma_artist_19949,Echoes::brev,echoes_fma_paired,echoes_fma_paired,Octavian97/Echoes + official FMA,fma_118055,echoes_fma::118055,https://huggingface.co/datasets/Octavian97/Echoes ; https://github.com/mdeff/fma,Echoes 14b0c76c6a691c42fadfab9fb6a4eb1ee8c628a2; FMA metadata rc1,generated CC BY-SA 4.0; original http://creativecommons.org/licenses/by/4.0/,YES,FOLLOW_CC_ATTRIBUTION_AND_SHAREALIKE,FOLLOW_ORIGINAL_FMA_TRACK_LICENSE,Echoes-FMA-paired,1e8a59203668da52d03a05f385a1dc630023304f94016a4e20484953f6c1fc45,echoes_fma::118055,train,TTA,fake
data\raw\public_v9\echoes_fma_paired\fake\Empty_Pockets_Pete_Prodoehl_elevenlabs_TTA_001.mp3,1,0,1,0,1,fma_artist_19949,Echoes::elevenlabs,echoes_fma_paired,echoes_fma_paired,Octavian97/Echoes + official FMA,fma_118055,echoes_fma::118055,https://huggingface.co/datasets/Octavian97/Echoes ; https://github.com/mdeff/fma,Echoes 14b0c76c6a691c42fadfab9fb6a4eb1ee8c628a2; FMA metadata rc1,generated CC BY-SA 4.0; original http://creativecommons.org/licenses/by/4.0/,YES,FOLLOW_CC_ATTRIBUTION_AND_SHAREALIKE,FOLLOW_ORIGINAL_FMA_TRACK_LICENSE,Echoes-FMA-paired,5f01efe1ebd003b989058486040b22de160a380cba0d8292c3f1c921ba1de9d9,echoes_fma::118055,train,TTA,fake
data\raw\public_v9\echoes_fma_paired\fake\Empty_Pockets_Pete_Prodoehl_mubert_TTA_001.mp3,1,0,1,0,1,fma_artist_19949,Echoes::mubert,echoes_fma_paired,echoes_fma_paired,Octavian97/Echoes + official FMA,fma_118055,echoes_fma::118055,https://huggingface.co/datasets/Octavian97/Echoes ; https://github.com/mdeff/fma,Echoes 14b0c76c6a691c42fadfab9fb6a4eb1ee8c628a2; FMA metadata rc1,generated CC BY-SA 4.0; original http://creativecommons.org/licenses/by/4.0/,YES,FOLLOW_CC_ATTRIBUTION_AND_SHAREALIKE,FOLLOW_ORIGINAL_FMA_TRACK_LICENSE,Echoes-FMA-paired,b2f7f9d9bcc8db11479dc1df933fb9925626bc07f3fd96e04720ae35a46871ee,echoes_fma::118055,train,TTA,fake
data\raw\public_v9\echoes_fma_paired\fake\Empty_Pockets_Pete_Prodoehl_producer_ATA_001.mp3,1,0,1,0,1,fma_artist_19949,Echoes::producer,echoes_fma_paired,echoes_fma_paired,Octavian97/Echoes + official FMA,fma_118055,echoes_fma::118055,https://huggingface.co/datasets/Octavian97/Echoes ; https://github.com/mdeff/fma,Echoes 14b0c76c6a691c42fadfab9fb6a4eb1ee8c628a2; FMA metadata rc1,generated CC BY-SA 4.0; original http://creativecommons.org/licenses/by/4.0/,YES,FOLLOW_CC_ATTRIBUTION_AND_SHAREALIKE,FOLLOW_ORIGINAL_FMA_TRACK_LICENSE,Echoes-FMA-paired,e6239ee0597f44f4cf2750ac96b12716a77cf1cb5da1581b3be7b081a11255e2,echoes_fma::118055,train,ATA,fake
data\raw\public_v9\echoes_fma_paired\fake\Empty_Pockets_Pete_Prodoehl_stableaudio_TTA_001.mp3,1,0,1,0,1,fma_artist_19949,Echoes::stableaudio,echoes_fma_paired,echoes_fma_paired,Octavian97/Echoes + official FMA,fma_118055,echoes_fma::118055,https://huggingface.co/datasets/Octavian97/Echoes ; https://github.com/mdeff/fma,Echoes 14b0c76c6a691c42fadfab9fb6a4eb1ee8c628a2; FMA metadata rc1,generated CC BY-SA 4.0; original http://creativecommons.org/licenses/by/4.0/,YES,FOLLOW_CC_ATTRIBUTION_AND_SHAREALIKE,FOLLOW_ORIGINAL_FMA_TRACK_LICENSE,Echoes-FMA-paired,f6a915ceda9b987542bfa081b190e42d7c0fec407ab6a8670a99e53c0006cd24,echoes_fma::118055,train,TTA,fake
data\raw\public_v9\echoes_fma_paired\fake\Empty_Pockets_Pete_Prodoehl_suno_TTA_001.mp3,1,0,1,0,1,fma_artist_19949,Echoes::suno,echoes_fma_paired,echoes_fma_paired,Octavian97/Echoes + official FMA,fma_118055,echoes_fma::118055,https://huggingface.co/datasets/Octavian97/Echoes ; https://github.com/mdeff/fma,Echoes 14b0c76c6a691c42fadfab9fb6a4eb1ee8c628a2; FMA metadata rc1,generated CC BY-SA 4.0; original http://creativecommons.org/licenses/by/4.0/,YES,FOLLOW_CC_ATTRIBUTION_AND_SHAREALIKE,FOLLOW_ORIGINAL_FMA_TRACK_LICENSE,Echoes-FMA-paired,04128e3229e8249a490cb6e8cb4c156545ec64429f36844318563e038efc7cc1,echoes_fma::118055,train,TTA,fake
data\raw\public_v9\echoes_fma_paired\fake\Empty_Pockets_Pete_Prodoehl_udio_TTA_001.mp3,1,0,1,0,1,fma_artist_19949,Echoes::udio,echoes_fma_paired,echoes_fma_paired,Octavian97/Echoes + official FMA,fma_118055,echoes_fma::118055,https://huggingface.co/datasets/Octavian97/Echoes ; https://github.com/mdeff/fma,Echoes 14b0c76c6a691c42fadfab9fb6a4eb1ee8c628a2; FMA metadata rc1,generated CC BY-SA 4.0; original http://creativecommons.org/licenses/by/4.0/,YES,FOLLOW_CC_ATTRIBUTION_AND_SHAREALIKE,FOLLOW_ORIGINAL_FMA_TRACK_LICENSE,Echoes-FMA-paired,2076cf9d2047242aac3704c1d5259901e9b78b805503e587d93aa5a81bcc9d7d,echoes_fma::118055,train,TTA,fake
data\raw\public_v9\echoes_fma_paired\real\fma_121722.mp3,0,0,0,0,1,fma_artist_20332,Echoes::FMA_original,echoes_fma_paired,echoes_fma_paired,Octavian97/Echoes + official FMA,fma_121722,echoes_fma::121722,https://huggingface.co/datasets/Octavian97/Echoes ; https://github.com/mdeff/fma,Echoes 14b0c76c6a691c42fadfab9fb6a4eb1ee8c628a2; FMA metadata rc1,generated CC BY-SA 4.0; original http://creativecommons.org/licenses/by/4.0/,YES,FOLLOW_CC_ATTRIBUTION_AND_SHAREALIKE,FOLLOW_ORIGINAL_FMA_TRACK_LICENSE,Echoes-FMA-paired,24c7d66d1abb405d579de09d20a8225c8d268542fb3f69481a201cbcb7798626,echoes_fma::121722,train,TTA,real
data\raw\public_v9\echoes_fma_paired\fake\Go_On_Then_Jim_Rooster_mubert_TTA_001.mp3,1,0,1,0,1,fma_artist_20332,Echoes::mubert,echoes_fma_paired,echoes_fma_paired,Octavian97/Echoes + official FMA,fma_121722,echoes_fma::121722,https://huggingface.co/datasets/Octavian97/Echoes ; https://github.com/mdeff/fma,Echoes 14b0c76c6a691c42fadfab9fb6a4eb1ee8c628a2; FMA metadata rc1,generated CC BY-SA 4.0; original http://creativecommons.org/licenses/by/4.0/,YES,FOLLOW_CC_ATTRIBUTION_AND_SHAREALIKE,FOLLOW_ORIGINAL_FMA_TRACK_LICENSE,Echoes-FMA-paired,2cddf001887e8de8007a9712839e399806726d7b43a68e864994a4d7d33f8890,echoes_fma::121722,train,TTA,fake
data\raw\public_v9\echoes_fma_paired\real\fma_123920.mp3,0,0,0,0,1,fma_artist_20705,Echoes::FMA_original,echoes_fma_paired,echoes_fma_paired,Octavian97/Echoes + official FMA,fma_123920,echoes_fma::123920,https://huggingface.co/datasets/Octavian97/Echoes ; https://github.com/mdeff/fma,Echoes 14b0c76c6a691c42fadfab9fb6a4eb1ee8c628a2; FMA metadata rc1,generated CC BY-SA 4.0; original http://creativecommons.org/licenses/by/4.0/,YES,FOLLOW_CC_ATTRIBUTION_AND_SHAREALIKE,FOLLOW_ORIGINAL_FMA_TRACK_LICENSE,Echoes-FMA-paired,c032d040949bcf257f4fdc54664bd9ea2b53fd5a38640c7eb310cc597e488177,echoes_fma::123920,train,TTA,real
data\raw\public_v9\echoes_fma_paired\fake\Dance_Harder_Three_Chain_Links_acestep_TTA_001.mp3,1,0,1,0,1,fma_artist_20705,Echoes::acestep,echoes_fma_paired,echoes_fma_paired,Octavian97/Echoes + official FMA,fma_123920,echoes_fma::123920,https://huggingface.co/datasets/Octavian97/Echoes ; https://github.com/mdeff/fma,Echoes 14b0c76c6a691c42fadfab9fb6a4eb1ee8c628a2; FMA metadata rc1,generated CC BY-SA 4.0; original http://creativecommons.org/licenses/by/4.0/,YES,FOLLOW_CC_ATTRIBUTION_AND_SHAREALIKE,FOLLOW_ORIGINAL_FMA_TRACK_LICENSE,Echoes-FMA-paired,63d1d63e85fa5bbae21f7c46c1f93f83666f406054c3ae70ca58354dc83a2db4,echoes_fma::123920,train,TTA,fake
data\raw\public_v9\echoes_fma_paired\fake\Dance_Harder_Three_Chain_Links_audioldm_ATA_001.mp3,1,0,1,0,1,fma_artist_20705,Echoes::audioldm,echoes_fma_paired,echoes_fma_paired,Octavian97/Echoes + official FMA,fma_123920,echoes_fma::123920,https://huggingface.co/datasets/Octavian97/Echoes ; https://github.com/mdeff/fma,Echoes 14b0c76c6a691c42fadfab9fb6a4eb1ee8c628a2; FMA metadata rc1,generated CC BY-SA 4.0; original http://creativecommons.org/licenses/by/4.0/,YES,FOLLOW_CC_ATTRIBUTION_AND_SHAREALIKE,FOLLOW_ORIGINAL_FMA_TRACK_LICENSE,Echoes-FMA-paired,259add0c900807180f794bd6eb1a647376469b1e56a86500262dacc248aaa164,echoes_fma::123920,train,ATA,fake
data\raw\public_v9\echoes_fma_paired\fake\Dance_Harder_Three_Chain_Links_brev_TTA_001.mp3,1,0,1,0,1,fma_artist_20705,Echoes::brev,echoes_fma_paired,echoes_fma_paired,Octavian97/Echoes + official FMA,fma_123920,echoes_fma::123920,https://huggingface.co/datasets/Octavian97/Echoes ; https://github.com/mdeff/fma,Echoes 14b0c76c6a691c42fadfab9fb6a4eb1ee8c628a2; FMA metadata rc1,generated CC BY-SA 4.0; original http://creativecommons.org/licenses/by/4.0/,YES,FOLLOW_CC_ATTRIBUTION_AND_SHAREALIKE,FOLLOW_ORIGINAL_FMA_TRACK_LICENSE,Echoes-FMA-paired,cbed6fbbc90bffab52a0197c50a0d2e63686bf2667ca5f4dc508baad51ca47e6,echoes_fma::123920,train,TTA,fake
data\raw\public_v9\echoes_fma_paired\fake\Dance_Harder_Three_Chain_Links_elevenlabs_TTA_001.mp3,1,0,1,0,1,fma_artist_20705,Echoes::elevenlabs,echoes_fma_paired,echoes_fma_paired,Octavian97/Echoes + official FMA,fma_123920,echoes_fma::123920,https://huggingface.co/datasets/Octavian97/Echoes ; https://github.com/mdeff/fma,Echoes 14b0c76c6a691c42fadfab9fb6a4eb1ee8c628a2; FMA metadata rc1,generated CC BY-SA 4.0; original http://creativecommons.org/licenses/by/4.0/,YES,FOLLOW_CC_ATTRIBUTION_AND_SHAREALIKE,FOLLOW_ORIGINAL_FMA_TRACK_LICENSE,Echoes-FMA-paired,b5a1c06d2b3bcf3faaf5ebb4be7c463bbf21f2b456b3e9d0b4c4896e402db042,echoes_fma::123920,train,TTA,fake
data\raw\public_v9\echoes_fma_paired\fake\Dance_Harder_Three_Chain_Links_mubert_TTA_001.mp3,1,0,1,0,1,fma_artist_20705,Echoes::mubert,echoes_fma_paired,echoes_fma_paired,Octavian97/Echoes + official FMA,fma_123920,echoes_fma::123920,https://huggingface.co/datasets/Octavian97/Echoes ; https://github.com/mdeff/fma,Echoes 14b0c76c6a691c42fadfab9fb6a4eb1ee8c628a2; FMA metadata rc1,generated CC BY-SA 4.0; original http://creativecommons.org/licenses/by/4.0/,YES,FOLLOW_CC_ATTRIBUTION_AND_SHAREALIKE,FOLLOW_ORIGINAL_FMA_TRACK_LICENSE,Echoes-FMA-paired,1695251b19b52aecc8ea6cde337177daad5e6393ac3d25445cea59eb7e11e733,echoes_fma::123920,train,TTA,fake
data\raw\public_v9\echoes_fma_paired\fake\Dance_Harder_Three_Chain_Links_musicgen_ATA_001.wav,1,0,1,0,1,fma_artist_20705,Echoes::musicgen,echoes_fma_paired,echoes_fma_paired,Octavian97/Echoes + official FMA,fma_123920,echoes_fma::123920,https://huggingface.co/datasets/Octavian97/Echoes ; https://github.com/mdeff/fma,Echoes 14b0c76c6a691c42fadfab9fb6a4eb1ee8c628a2; FMA metadata rc1,generated CC BY-SA 4.0; original http://creativecommons.org/licenses/by/4.0/,YES,FOLLOW_CC_ATTRIBUTION_AND_SHAREALIKE,FOLLOW_ORIGINAL_FMA_TRACK_LICENSE,Echoes-FMA-paired,e09c809290b4fd88125c389cc9ad8596d8d524b021f3105ad8f093b63b65bb6e,echoes_fma::123920,train,ATA,fake
data\raw\public_v9\echoes_fma_paired\fake\Dance_Harder_Three_Chain_Links_producer_ATA_001.mp3,1,0,1,0,1,fma_artist_20705,Echoes::producer,echoes_fma_paired,echoes_fma_paired,Octavian97/Echoes + official FMA,fma_123920,echoes_fma::123920,https://huggingface.co/datasets/Octavian97/Echoes ; https://github.com/mdeff/fma,Echoes 14b0c76c6a691c42fadfab9fb6a4eb1ee8c628a2; FMA metadata rc1,generated CC BY-SA 4.0; original http://creativecommons.org/licenses/by/4.0/,YES,FOLLOW_CC_ATTRIBUTION_AND_SHAREALIKE,FOLLOW_ORIGINAL_FMA_TRACK_LICENSE,Echoes-FMA-paired,cdee3f99a82f89ecc5c6f57a6b99a57d3887157f85cdd93552087ec90339f65c,echoes_fma::123920,train,ATA,fake
data\raw\public_v9\echoes_fma_paired\fake\Dance_Harder_Three_Chain_Links_stableaudio_TTA_001.mp3,1,0,1,0,1,fma_artist_20705,Echoes::stableaudio,echoes_fma_paired,echoes_fma_paired,Octavian97/Echoes + official FMA,fma_123920,echoes_fma::123920,https://huggingface.co/datasets/Octavian97/Echoes ; https://github.com/mdeff/fma,Echoes 14b0c76c6a691c42fadfab9fb6a4eb1ee8c628a2; FMA metadata rc1,generated CC BY-SA 4.0; original http://creativecommons.org/licenses/by/4.0/,YES,FOLLOW_CC_ATTRIBUTION_AND_SHAREALIKE,FOLLOW_ORIGINAL_FMA_TRACK_LICENSE,Echoes-FMA-paired,8c9a1cc1f5820233ea255fb478156824da7036fc9ac87525960afcc19daa5057,echoes_fma::123920,train,TTA,fake
data\raw\public_v9\echoes_fma_paired\fake\Dance_Harder_Three_Chain_Links_suno_TTA_001.mp3,1,0,1,0,1,fma_artist_20705,Echoes::suno,echoes_fma_paired,echoes_fma_paired,Octavian97/Echoes + official FMA,fma_123920,echoes_fma::123920,https://huggingface.co/datasets/Octavian97/Echoes ; https://github.com/mdeff/fma,Echoes 14b0c76c6a691c42fadfab9fb6a4eb1ee8c628a2; FMA metadata rc1,generated CC BY-SA 4.0; original http://creativecommons.org/licenses/by/4.0/,YES,FOLLOW_CC_ATTRIBUTION_AND_SHAREALIKE,FOLLOW_ORIGINAL_FMA_TRACK_LICENSE,Echoes-FMA-paired,49e1e3c2c4dd05528d164b2039366b47ed1107b7b3d7101ac4b925caf4a67c8d,echoes_fma::123920,train,TTA,fake
data\raw\public_v9\echoes_fma_paired\fake\Dance_Harder_Three_Chain_Links_udio_TTA_001.mp3,1,0,1,0,1,fma_artist_20705,Echoes::udio,echoes_fma_paired,echoes_fma_paired,Octavian97/Echoes + official FMA,fma_123920,echoes_fma::123920,https://huggingface.co/datasets/Octavian97/Echoes ; https://github.com/mdeff/fma,Echoes 14b0c76c6a691c42fadfab9fb6a4eb1ee8c628a2; FMA metadata rc1,generated CC BY-SA 4.0; original http://creativecommons.org/licenses/by/4.0/,YES,FOLLOW_CC_ATTRIBUTION_AND_SHAREALIKE,FOLLOW_ORIGINAL_FMA_TRACK_LICENSE,Echoes-FMA-paired,2dcf6360fedd02c2f1d2083a0c1264e46100a520216d1b04c75d77f5622c471b,echoes_fma::123920,train,TTA,fake
data\raw\public_v9\echoes_fma_paired\real\fma_127296.mp3,0,0,0,0,1,fma_artist_21081,Echoes::FMA_original,echoes_fma_paired,echoes_fma_paired,Octavian97/Echoes + official FMA,fma_127296,echoes_fma::127296,https://huggingface.co/datasets/Octavian97/Echoes ; https://github.com/mdeff/fma,Echoes 14b0c76c6a691c42fadfab9fb6a4eb1ee8c628a2; FMA metadata rc1,generated CC BY-SA 4.0; original http://creativecommons.org/licenses/by/4.0/,YES,FOLLOW_CC_ATTRIBUTION_AND_SHAREALIKE,FOLLOW_ORIGINAL_FMA_TRACK_LICENSE,Echoes-FMA-paired,91644839ac6f302d77a9d8ea31302a4b9be3ab2ff257269927f85a2358db2c64,echoes_fma::127296,train,TTA,real
data\raw\public_v9\echoes_fma_paired\fake\First_Glance_Oh_Yeah_the_Future_brev_TTA_001.mp3,1,0,1,0,1,fma_artist_21081,Echoes::brev,echoes_fma_paired,echoes_fma_paired,Octavian97/Echoes + official FMA,fma_127296,echoes_fma::127296,https://huggingface.co/datasets/Octavian97/Echoes ; https://github.com/mdeff/fma,Echoes 14b0c76c6a691c42fadfab9fb6a4eb1ee8c628a2; FMA metadata rc1,generated CC BY-SA 4.0; original http://creativecommons.org/licenses/by/4.0/,YES,FOLLOW_CC_ATTRIBUTION_AND_SHAREALIKE,FOLLOW_ORIGINAL_FMA_TRACK_LICENSE,Echoes-FMA-paired,6c84179819ca12e66e28568b64f2f96bbc015b847d5a721a38fbdf892cdf753e,echoes_fma::127296,train,TTA,fake
data\raw\public_v9\echoes_fma_paired\fake\First_Glance_Oh_Yeah_the_Future_elevenlabs_TTA_001.mp3,1,0,1,0,1,fma_artist_21081,Echoes::elevenlabs,echoes_fma_paired,echoes_fma_paired,Octavian97/Echoes + official FMA,fma_127296,echoes_fma::127296,https://huggingface.co/datasets/Octavian97/Echoes ; https://github.com/mdeff/fma,Echoes 14b0c76c6a691c42fadfab9fb6a4eb1ee8c628a2; FMA metadata rc1,generated CC BY-SA 4.0; original http://creativecommons.org/licenses/by/4.0/,YES,FOLLOW_CC_ATTRIBUTION_AND_SHAREALIKE,FOLLOW_ORIGINAL_FMA_TRACK_LICENSE,Echoes-FMA-paired,92dd647c8efdd41025d694c4c0053b42eb6b4fe2eeb607a10d47dde5ad03433a,echoes_fma::127296,train,TTA,fake
data\raw\public_v9\echoes_fma_paired\fake\First_Glance_Oh_Yeah_the_Future_producer_ATA_001.mp3,1,0,1,0,1,fma_artist_21081,Echoes::producer,echoes_fma_paired,echoes_fma_paired,Octavian97/Echoes + official FMA,fma_127296,echoes_fma::127296,https://huggingface.co/datasets/Octavian97/Echoes ; https://github.com/mdeff/fma,Echoes 14b0c76c6a691c42fadfab9fb6a4eb1ee8c628a2; FMA metadata rc1,generated CC BY-SA 4.0; original http://creativecommons.org/licenses/by/4.0/,YES,FOLLOW_CC_ATTRIBUTION_AND_SHAREALIKE,FOLLOW_ORIGINAL_FMA_TRACK_LICENSE,Echoes-FMA-paired,a691291e74513e2d1146f8cfacb3fe9e3168a56ee53b96de943df88c19b1189c,echoes_fma::127296,train,ATA,fake
data\raw\public_v9\echoes_fma_paired\fake\First_Glance_Oh_Yeah_the_Future_suno_TTA_001.mp3,1,0,1,0,1,fma_artist_21081,Echoes::suno,echoes_fma_paired,echoes_fma_paired,Octavian97/Echoes + official FMA,fma_127296,echoes_fma::127296,https://huggingface.co/datasets/Octavian97/Echoes ; https://github.com/mdeff/fma,Echoes 14b0c76c6a691c42fadfab9fb6a4eb1ee8c628a2; FMA metadata rc1,generated CC BY-SA 4.0; original http://creativecommons.org/licenses/by/4.0/,YES,FOLLOW_CC_ATTRIBUTION_AND_SHAREALIKE,FOLLOW_ORIGINAL_FMA_TRACK_LICENSE,Echoes-FMA-paired,0fc461854d4b2437b00cb477df8fc9df63edde06c7219d488b91532455dc391c,echoes_fma::127296,train,TTA,fake
data\raw\public_v9\echoes_fma_paired\fake\First_Glance_Oh_Yeah_the_Future_udio_TTA_001.mp3,1,0,1,0,1,fma_artist_21081,Echoes::udio,echoes_fma_paired,echoes_fma_paired,Octavian97/Echoes + official FMA,fma_127296,echoes_fma::127296,https://huggingface.co/datasets/Octavian97/Echoes ; https://github.com/mdeff/fma,Echoes 14b0c76c6a691c42fadfab9fb6a4eb1ee8c628a2; FMA metadata rc1,generated CC BY-SA 4.0; original http://creativecommons.org/licenses/by/4.0/,YES,FOLLOW_CC_ATTRIBUTION_AND_SHAREALIKE,FOLLOW_ORIGINAL_FMA_TRACK_LICENSE,Echoes-FMA-paired,2a8dac9850155e00599294ba54f3cb9dbb7565648901f7acbf9e37edf502a3d8,echoes_fma::127296,train,TTA,fake
data\raw\public_v9\echoes_fma_paired\real\fma_130608.mp3,0,0,0,0,1,fma_artist_21456,Echoes::FMA_original,echoes_fma_paired,echoes_fma_paired,Octavian97/Echoes + official FMA,fma_130608,echoes_fma::130608,https://huggingface.co/datasets/Octavian97/Echoes ; https://github.com/mdeff/fma,Echoes 14b0c76c6a691c42fadfab9fb6a4eb1ee8c628a2; FMA metadata rc1,generated CC BY-SA 4.0; original http://creativecommons.org/licenses/by/4.0/,YES,FOLLOW_CC_ATTRIBUTION_AND_SHAREALIKE,FOLLOW_ORIGINAL_FMA_TRACK_LICENSE,Echoes-FMA-paired,22598a021d0ac019e16d260e99a7dda6ade8e890f9ac6fd4d68bbef716cee4b4,echoes_fma::130608,train,TTA,real
data\raw\public_v9\echoes_fma_paired\fake\Demolition_Michett_acestep_TTA_001.mp3,1,0,1,0,1,fma_artist_21456,Echoes::acestep,echoes_fma_paired,echoes_fma_paired,Octavian97/Echoes + official FMA,fma_130608,echoes_fma::130608,https://huggingface.co/datasets/Octavian97/Echoes ; https://github.com/mdeff/fma,Echoes 14b0c76c6a691c42fadfab9fb6a4eb1ee8c628a2; FMA metadata rc1,generated CC BY-SA 4.0; original http://creativecommons.org/licenses/by/4.0/,YES,FOLLOW_CC_ATTRIBUTION_AND_SHAREALIKE,FOLLOW_ORIGINAL_FMA_TRACK_LICENSE,Echoes-FMA-paired,7b8a42d07604ab6838888f89a4409c79a842bc793a538c56de8cd8017fcbee1a,echoes_fma::130608,train,TTA,fake
data\raw\public_v9\echoes_fma_paired\fake\Demolition_Michett_audioldm_ATA_001.mp3,1,0,1,0,1,fma_artist_21456,Echoes::audioldm,echoes_fma_paired,echoes_fma_paired,Octavian97/Echoes + official FMA,fma_130608,echoes_fma::130608,https://huggingface.co/datasets/Octavian97/Echoes ; https://github.com/mdeff/fma,Echoes 14b0c76c6a691c42fadfab9fb6a4eb1ee8c628a2; FMA metadata rc1,generated CC BY-SA 4.0; original http://creativecommons.org/licenses/by/4.0/,YES,FOLLOW_CC_ATTRIBUTION_AND_SHAREALIKE,FOLLOW_ORIGINAL_FMA_TRACK_LICENSE,Echoes-FMA-paired,beb6f48d8be338fd58f0b23de29953c33d69e3eb7d5e1902e9a01618762541fe,echoes_fma::130608,train,ATA,fake
data\raw\public_v9\echoes_fma_paired\fake\Demolition_Michett_musicgen_ATA_001.wav,1,0,1,0,1,fma_artist_21456,Echoes::musicgen,echoes_fma_paired,echoes_fma_paired,Octavian97/Echoes + official FMA,fma_130608,echoes_fma::130608,https://huggingface.co/datasets/Octavian97/Echoes ; https://github.com/mdeff/fma,Echoes 14b0c76c6a691c42fadfab9fb6a4eb1ee8c628a2; FMA metadata rc1,generated CC BY-SA 4.0; original http://creativecommons.org/licenses/by/4.0/,YES,FOLLOW_CC_ATTRIBUTION_AND_SHAREALIKE,FOLLOW_ORIGINAL_FMA_TRACK_LICENSE,Echoes-FMA-paired,24f1270bf8e62620a39445351dfb280b5c28ea8e268c4775086638031a8e654a,echoes_fma::130608,train,ATA,fake
data\raw\public_v9\echoes_fma_paired\fake\Demolition_Michett_stableaudio_TTA_001.mp3,1,0,1,0,1,fma_artist_21456,Echoes::stableaudio,echoes_fma_paired,echoes_fma_paired,Octavian97/Echoes + official FMA,fma_130608,echoes_fma::130608,https://huggingface.co/datasets/Octavian97/Echoes ; https://github.com/mdeff/fma,Echoes 14b0c76c6a691c42fadfab9fb6a4eb1ee8c628a2; FMA metadata rc1,generated CC BY-SA 4.0; original http://creativecommons.org/licenses/by/4.0/,YES,FOLLOW_CC_ATTRIBUTION_AND_SHAREALIKE,FOLLOW_ORIGINAL_FMA_TRACK_LICENSE,Echoes-FMA-paired,b2adbcbe5fda7856f0d05bc305cfc217ec506839ec7e179bdcc89cb99789d3d1,echoes_fma::130608,train,TTA,fake
data\raw\public_v9\echoes_fma_paired\real\fma_131153.mp3,0,0,0,0,1,fma_artist_21203,Echoes::FMA_original,echoes_fma_paired,echoes_fma_paired,Octavian97/Echoes + official FMA,fma_131153,echoes_fma::131153,https://huggingface.co/datasets/Octavian97/Echoes ; https://github.com/mdeff/fma,Echoes 14b0c76c6a691c42fadfab9fb6a4eb1ee8c628a2; FMA metadata rc1,generated CC BY-SA 4.0; original http://creativecommons.org/licenses/by/4.0/,YES,FOLLOW_CC_ATTRIBUTION_AND_SHAREALIKE,FOLLOW_ORIGINAL_FMA_TRACK_LICENSE,Echoes-FMA-paired,fa1ff3b0bc812f9a9e7c1e710f746d1cd81219acfab2fcd65a9eed46b4082c55,echoes_fma::131153,train,TTA,real
data\raw\public_v9\echoes_fma_paired\fake\Black_Panda_The_Crypts_acestep_TTA_001.mp3,1,0,1,0,1,fma_artist_21203,Echoes::acestep,echoes_fma_paired,echoes_fma_paired,Octavian97/Echoes + official FMA,fma_131153,echoes_fma::131153,https://huggingface.co/datasets/Octavian97/Echoes ; https://github.com/mdeff/fma,Echoes 14b0c76c6a691c42fadfab9fb6a4eb1ee8c628a2; FMA metadata rc1,generated CC BY-SA 4.0; original http://creativecommons.org/licenses/by/4.0/,YES,FOLLOW_CC_ATTRIBUTION_AND_SHAREALIKE,FOLLOW_ORIGINAL_FMA_TRACK_LICENSE,Echoes-FMA-paired,60eab2bdcaf53fdc8f541b653a9363b3ef85b12407a75494019244a9c44b6216,echoes_fma::131153,train,TTA,fake
data\raw\public_v9\echoes_fma_paired\fake\Black_Panda_The_Crypts_audioldm_ATA_001.mp3,1,0,1,0,1,fma_artist_21203,Echoes::audioldm,echoes_fma_paired,echoes_fma_paired,Octavian97/Echoes + official FMA,fma_131153,echoes_fma::131153,https://huggingface.co/datasets/Octavian97/Echoes ; https://github.com/mdeff/fma,Echoes 14b0c76c6a691c42fadfab9fb6a4eb1ee8c628a2; FMA metadata rc1,generated CC BY-SA 4.0; original http://creativecommons.org/licenses/by/4.0/,YES,FOLLOW_CC_ATTRIBUTION_AND_SHAREALIKE,FOLLOW_ORIGINAL_FMA_TRACK_LICENSE,Echoes-FMA-paired,cc77855b0725327de0d565959bca143e4a04b56f0e115da93ae8663fc0a00faa,echoes_fma::131153,train,ATA,fake
data\raw\public_v9\echoes_fma_paired\fake\Black_Panda_The_Crypts_musicgen_ATA_001.wav,1,0,1,0,1,fma_artist_21203,Echoes::musicgen,echoes_fma_paired,echoes_fma_paired,Octavian97/Echoes + official FMA,fma_131153,echoes_fma::131153,https://huggingface.co/datasets/Octavian97/Echoes ; https://github.com/mdeff/fma,Echoes 14b0c76c6a691c42fadfab9fb6a4eb1ee8c628a2; FMA metadata rc1,generated CC BY-SA 4.0; original http://creativecommons.org/licenses/by/4.0/,YES,FOLLOW_CC_ATTRIBUTION_AND_SHAREALIKE,FOLLOW_ORIGINAL_FMA_TRACK_LICENSE,Echoes-FMA-paired,de1742746dd66298fb677fcc7a96b3ffc5c2920a0d0c13487e8fca425fb391e2,echoes_fma::131153,train,ATA,fake
data\raw\public_v9\echoes_fma_paired\fake\Black_Panda_The_Crypts_stableaudio_TTA_001.mp3,1,0,1,0,1,fma_artist_21203,Echoes::stableaudio,echoes_fma_paired,echoes_fma_paired,Octavian97/Echoes + official FMA,fma_131153,echoes_fma::131153,https://huggingface.co/datasets/Octavian97/Echoes ; https://github.com/mdeff/fma,Echoes 14b0c76c6a691c42fadfab9fb6a4eb1ee8c628a2; FMA metadata rc1,generated CC BY-SA 4.0; original http://creativecommons.org/licenses/by/4.0/,YES,FOLLOW_CC_ATTRIBUTION_AND_SHAREALIKE,FOLLOW_ORIGINAL_FMA_TRACK_LICENSE,Echoes-FMA-paired,22f19ebe8a5ff586d4e0bf103ab026c62b1f3b1509f4c3a5832585b309332080,echoes_fma::131153,train,TTA,fake
data\raw\public_v9\echoes_fma_paired\real\fma_131168.mp3,0,0,0,0,1,fma_artist_21203,Echoes::FMA_original,echoes_fma_paired,echoes_fma_paired,Octavian97/Echoes + official FMA,fma_131168,echoes_fma::131168,https://huggingface.co/datasets/Octavian97/Echoes ; https://github.com/mdeff/fma,Echoes 14b0c76c6a691c42fadfab9fb6a4eb1ee8c628a2; FMA metadata rc1,generated CC BY-SA 4.0; original http://creativecommons.org/licenses/by/4.0/,YES,FOLLOW_CC_ATTRIBUTION_AND_SHAREALIKE,FOLLOW_ORIGINAL_FMA_TRACK_LICENSE,Echoes-FMA-paired,b7f6f181ef8cbe78ef6dcd57ac7c0447d22b9b36bdedc24bfba6a9c04d4e7647,echoes_fma::131168,train,TTA,real
data\raw\public_v9\echoes_fma_paired\fake\Gila_Monster_FlopMusic_History_LessonThe_Sonics_The_Crypts_brev_TTA_001.mp3,1,0,1,0,1,fma_artist_21203,Echoes::brev,echoes_fma_paired,echoes_fma_paired,Octavian97/Echoes + official FMA,fma_131168,echoes_fma::131168,https://huggingface.co/datasets/Octavian97/Echoes ; https://github.com/mdeff/fma,Echoes 14b0c76c6a691c42fadfab9fb6a4eb1ee8c628a2; FMA metadata rc1,generated CC BY-SA 4.0; original http://creativecommons.org/licenses/by/4.0/,YES,FOLLOW_CC_ATTRIBUTION_AND_SHAREALIKE,FOLLOW_ORIGINAL_FMA_TRACK_LICENSE,Echoes-FMA-paired,fbee4cb99d3e9afbe7c74b88ec2d275db855b6df70e9d5520656e076aa20f3bd,echoes_fma::131168,train,TTA,fake
data\raw\public_v9\echoes_fma_paired\fake\Gila_Monster_FlopMusic_History_LessonThe_Sonics_The_Crypts_elevenlabs_TTA_001.mp3,1,0,1,0,1,fma_artist_21203,Echoes::elevenlabs,echoes_fma_paired,echoes_fma_paired,Octavian97/Echoes + official FMA,fma_131168,echoes_fma::131168,https://huggingface.co/datasets/Octavian97/Echoes ; https://github.com/mdeff/fma,Echoes 14b0c76c6a691c42fadfab9fb6a4eb1ee8c628a2; FMA metadata rc1,generated CC BY-SA 4.0; original http://creativecommons.org/licenses/by/4.0/,YES,FOLLOW_CC_ATTRIBUTION_AND_SHAREALIKE,FOLLOW_ORIGINAL_FMA_TRACK_LICENSE,Echoes-FMA-paired,b7f4f7c3f7482cb1c266228d96eeee96c621e7d0f794db57630d97b7f3625bde,echoes_fma::131168,train,TTA,fake
data\raw\public_v9\echoes_fma_paired\fake\Gila_Monster_FlopMusic_History_LessonThe_Sonics_The_Crypts_mubert_TTA_001.mp3,1,0,1,0,1,fma_artist_21203,Echoes::mubert,echoes_fma_paired,echoes_fma_paired,Octavian97/Echoes + official FMA,fma_131168,echoes_fma::131168,https://huggingface.co/datasets/Octavian97/Echoes ; https://github.com/mdeff/fma,Echoes 14b0c76c6a691c42fadfab9fb6a4eb1ee8c628a2; FMA metadata rc1,generated CC BY-SA 4.0; original http://creativecommons.org/licenses/by/4.0/,YES,FOLLOW_CC_ATTRIBUTION_AND_SHAREALIKE,FOLLOW_ORIGINAL_FMA_TRACK_LICENSE,Echoes-FMA-paired,3aade8121ad3d022f312b4a96283335f96f9e3dac314563234339e2ce554f828,echoes_fma::131168,train,TTA,fake
data\raw\public_v9\echoes_fma_paired\fake\Gila_Monster_FlopMusic_History_LessonThe_Sonics_The_Crypts_producer_ATA_001.mp3,1,0,1,0,1,fma_artist_21203,Echoes::producer,echoes_fma_paired,echoes_fma_paired,Octavian97/Echoes + official FMA,fma_131168,echoes_fma::131168,https://huggingface.co/datasets/Octavian97/Echoes ; https://github.com/mdeff/fma,Echoes 14b0c76c6a691c42fadfab9fb6a4eb1ee8c628a2; FMA metadata rc1,generated CC BY-SA 4.0; original http://creativecommons.org/licenses/by/4.0/,YES,FOLLOW_CC_ATTRIBUTION_AND_SHAREALIKE,FOLLOW_ORIGINAL_FMA_TRACK_LICENSE,Echoes-FMA-paired,b660d7045de2661b3f38d5cc29eedf5622524c27b2814f4291dd5edb1db20dd9,echoes_fma::131168,train,ATA,fake
data\raw\public_v9\echoes_fma_paired\fake\Gila_Monster_FlopMusic_History_LessonThe_Sonics_The_Crypts_suno_TTA_001.mp3,1,0,1,0,1,fma_artist_21203,Echoes::suno,echoes_fma_paired,echoes_fma_paired,Octavian97/Echoes + official FMA,fma_131168,echoes_fma::131168,https://huggingface.co/datasets/Octavian97/Echoes ; https://github.com/mdeff/fma,Echoes 14b0c76c6a691c42fadfab9fb6a4eb1ee8c628a2; FMA metadata rc1,generated CC BY-SA 4.0; original http://creativecommons.org/licenses/by/4.0/,YES,FOLLOW_CC_ATTRIBUTION_AND_SHAREALIKE,FOLLOW_ORIGINAL_FMA_TRACK_LICENSE,Echoes-FMA-paired,703e93b28148d3cd7037ed434904d9fde29cd04d445650b5e45d3fac434b33f8,echoes_fma::131168,train,TTA,fake
data\raw\public_v9\echoes_fma_paired\fake\Gila_Monster_FlopMusic_History_LessonThe_Sonics_The_Crypts_udio_TTA_001.mp3,1,0,1,0,1,fma_artist_21203,Echoes::udio,echoes_fma_paired,echoes_fma_paired,Octavian97/Echoes + official FMA,fma_131168,echoes_fma::131168,https://huggingface.co/datasets/Octavian97/Echoes ; https://github.com/mdeff/fma,Echoes 14b0c76c6a691c42fadfab9fb6a4eb1ee8c628a2; FMA metadata rc1,generated CC BY-SA 4.0; original http://creativecommons.org/licenses/by/4.0/,YES,FOLLOW_CC_ATTRIBUTION_AND_SHAREALIKE,FOLLOW_ORIGINAL_FMA_TRACK_LICENSE,Echoes-FMA-paired,b11e420dea124d3b205a8b1a48a1a490f7105746f3b077e70a4c1049c9950122,echoes_fma::131168,train,TTA,fake
data\raw\public_v9\echoes_fma_paired\real\fma_135341.mp3,0,0,0,0,1,fma_artist_21957,Echoes::FMA_original,echoes_fma_paired,echoes_fma_paired,Octavian97/Echoes + official FMA,fma_135341,echoes_fma::135341,https://huggingface.co/datasets/Octavian97/Echoes ; https://github.com/mdeff/fma,Echoes 14b0c76c6a691c42fadfab9fb6a4eb1ee8c628a2; FMA metadata rc1,generated CC BY-SA 4.0; original http://creativecommons.org/licenses/by/4.0/,YES,FOLLOW_CC_ATTRIBUTION_AND_SHAREALIKE,FOLLOW_ORIGINAL_FMA_TRACK_LICENSE,Echoes-FMA-paired,f1db4cce93fffdd3a64c7e6944cb5679e12bd9f9a6f8c2c435477fe6129130ea,echoes_fma::135341,train,TTA,real
data\raw\public_v9\echoes_fma_paired\fake\Evil_Cannot_Create_Caleb_Lemond_brev_TTA_001.mp3,1,0,1,0,1,fma_artist_21957,Echoes::brev,echoes_fma_paired,echoes_fma_paired,Octavian97/Echoes + official FMA,fma_135341,echoes_fma::135341,https://huggingface.co/datasets/Octavian97/Echoes ; https://github.com/mdeff/fma,Echoes 14b0c76c6a691c42fadfab9fb6a4eb1ee8c628a2; FMA metadata rc1,generated CC BY-SA 4.0; original http://creativecommons.org/licenses/by/4.0/,YES,FOLLOW_CC_ATTRIBUTION_AND_SHAREALIKE,FOLLOW_ORIGINAL_FMA_TRACK_LICENSE,Echoes-FMA-paired,4e1397baf003abc99d1c4dae17721c7959c11f61d429cdb6a38e9633374098c2,echoes_fma::135341,train,TTA,fake
data\raw\public_v9\echoes_fma_paired\fake\Evil_Cannot_Create_Caleb_Lemond_elevenlabs_TTA_001.mp3,1,0,1,0,1,fma_artist_21957,Echoes::elevenlabs,echoes_fma_paired,echoes_fma_paired,Octavian97/Echoes + official FMA,fma_135341,echoes_fma::135341,https://huggingface.co/datasets/Octavian97/Echoes ; https://github.com/mdeff/fma,Echoes 14b0c76c6a691c42fadfab9fb6a4eb1ee8c628a2; FMA metadata rc1,generated CC BY-SA 4.0; original http://creativecommons.org/licenses/by/4.0/,YES,FOLLOW_CC_ATTRIBUTION_AND_SHAREALIKE,FOLLOW_ORIGINAL_FMA_TRACK_LICENSE,Echoes-FMA-paired,9f7a23c202a8d6750738d89cea299c9c217609027d1e99dd13239e8b022dfb1e,echoes_fma::135341,train,TTA,fake
data\raw\public_v9\echoes_fma_paired\fake\Evil_Cannot_Create_Caleb_Lemond_mubert_TTA_001.mp3,1,0,1,0,1,fma_artist_21957,Echoes::mubert,echoes_fma_paired,echoes_fma_paired,Octavian97/Echoes + official FMA,fma_135341,echoes_fma::135341,https://huggingface.co/datasets/Octavian97/Echoes ; https://github.com/mdeff/fma,Echoes 14b0c76c6a691c42fadfab9fb6a4eb1ee8c628a2; FMA metadata rc1,generated CC BY-SA 4.0; original http://creativecommons.org/licenses/by/4.0/,YES,FOLLOW_CC_ATTRIBUTION_AND_SHAREALIKE,FOLLOW_ORIGINAL_FMA_TRACK_LICENSE,Echoes-FMA-paired,5596f45fd72cbb2a2fca2f4f4463318d8b77308a5883788f2a052377f408eeee,echoes_fma::135341,train,TTA,fake
data\raw\public_v9\echoes_fma_paired\fake\Evil_Cannot_Create_Caleb_Lemond_producer_ATA_001.mp3,1,0,1,0,1,fma_artist_21957,Echoes::producer,echoes_fma_paired,echoes_fma_paired,Octavian97/Echoes + official FMA,fma_135341,echoes_fma::135341,https://huggingface.co/datasets/Octavian97/Echoes ; https://github.com/mdeff/fma,Echoes 14b0c76c6a691c42fadfab9fb6a4eb1ee8c628a2; FMA metadata rc1,generated CC BY-SA 4.0; original http://creativecommons.org/licenses/by/4.0/,YES,FOLLOW_CC_ATTRIBUTION_AND_SHAREALIKE,FOLLOW_ORIGINAL_FMA_TRACK_LICENSE,Echoes-FMA-paired,05b9a3ddd1ba2e9bb1a38b213018e0359b833638b81c628371fec9d5ccec0647,echoes_fma::135341,train,ATA,fake
data\raw\public_v9\echoes_fma_paired\fake\Evil_Cannot_Create_Caleb_Lemond_stableaudio_TTA_001.mp3,1,0,1,0,1,fma_artist_21957,Echoes::stableaudio,echoes_fma_paired,echoes_fma_paired,Octavian97/Echoes + official FMA,fma_135341,echoes_fma::135341,https://huggingface.co/datasets/Octavian97/Echoes ; https://github.com/mdeff/fma,Echoes 14b0c76c6a691c42fadfab9fb6a4eb1ee8c628a2; FMA metadata rc1,generated CC BY-SA 4.0; original http://creativecommons.org/licenses/by/4.0/,YES,FOLLOW_CC_ATTRIBUTION_AND_SHAREALIKE,FOLLOW_ORIGINAL_FMA_TRACK_LICENSE,Echoes-FMA-paired,0132d581b0215eaf75dfbe81dd709aa6980938c32fd7eac2b15ecf9f6ccdb6d1,echoes_fma::135341,train,TTA,fake
data\raw\public_v9\echoes_fma_paired\fake\Evil_Cannot_Create_Caleb_Lemond_suno_TTA_001.mp3,1,0,1,0,1,fma_artist_21957,Echoes::suno,echoes_fma_paired,echoes_fma_paired,Octavian97/Echoes + official FMA,fma_135341,echoes_fma::135341,https://huggingface.co/datasets/Octavian97/Echoes ; https://github.com/mdeff/fma,Echoes 14b0c76c6a691c42fadfab9fb6a4eb1ee8c628a2; FMA metadata rc1,generated CC BY-SA 4.0; original http://creativecommons.org/licenses/by/4.0/,YES,FOLLOW_CC_ATTRIBUTION_AND_SHAREALIKE,FOLLOW_ORIGINAL_FMA_TRACK_LICENSE,Echoes-FMA-paired,4aa0de641c42623d7fb3ee70d5ca97e48c7061f6174497cf3fbb4ffcd3c0fc70,echoes_fma::135341,train,TTA,fake
data\raw\public_v9\echoes_fma_paired\fake\Evil_Cannot_Create_Caleb_Lemond_udio_TTA_001.mp3,1,0,1,0,1,fma_artist_21957,Echoes::udio,echoes_fma_paired,echoes_fma_paired,Octavian97/Echoes + official FMA,fma_135341,echoes_fma::135341,https://huggingface.co/datasets/Octavian97/Echoes ; https://github.com/mdeff/fma,Echoes 14b0c76c6a691c42fadfab9fb6a4eb1ee8c628a2; FMA metadata rc1,generated CC BY-SA 4.0; original http://creativecommons.org/licenses/by/4.0/,YES,FOLLOW_CC_ATTRIBUTION_AND_SHAREALIKE,FOLLOW_ORIGINAL_FMA_TRACK_LICENSE,Echoes-FMA-paired,f1f9ce7d1ff7ff19db342a453bc1a526676d34d35f01f39941cdfabbd8532f61,echoes_fma::135341,train,TTA,fake
data\raw\public_v9\echoes_fma_paired\real\fma_140324.mp3,0,0,0,0,1,fma_artist_22467,Echoes::FMA_original,echoes_fma_paired,echoes_fma_paired,Octavian97/Echoes + official FMA,fma_140324,echoes_fma::140324,https://huggingface.co/datasets/Octavian97/Echoes ; https://github.com/mdeff/fma,Echoes 14b0c76c6a691c42fadfab9fb6a4eb1ee8c628a2; FMA metadata rc1,generated CC BY-SA 4.0; original http://creativecommons.org/licenses/by/4.0/,YES,FOLLOW_CC_ATTRIBUTION_AND_SHAREALIKE,FOLLOW_ORIGINAL_FMA_TRACK_LICENSE,Echoes-FMA-paired,094521108f716020204f2f4d1f7fd55150f129a8b78cf53309d2c8e2bc081412,echoes_fma::140324,train,TTA,real
data\raw\public_v9\echoes_fma_paired\fake\Flashback_Seclorance_brev_TTA_001.mp3,1,0,1,0,1,fma_artist_22467,Echoes::brev,echoes_fma_paired,echoes_fma_paired,Octavian97/Echoes + official FMA,fma_140324,echoes_fma::140324,https://huggingface.co/datasets/Octavian97/Echoes ; https://github.com/mdeff/fma,Echoes 14b0c76c6a691c42fadfab9fb6a4eb1ee8c628a2; FMA metadata rc1,generated CC BY-SA 4.0; original http://creativecommons.org/licenses/by/4.0/,YES,FOLLOW_CC_ATTRIBUTION_AND_SHAREALIKE,FOLLOW_ORIGINAL_FMA_TRACK_LICENSE,Echoes-FMA-paired,50ab7f24c50ad1e4e1a9cf3a20aa7d15addb28c2df3dfc695b7a5414a42314a7,echoes_fma::140324,train,TTA,fake
data\raw\public_v9\echoes_fma_paired\fake\Flashback_Seclorance_elevenlabs_TTA_001.mp3,1,0,1,0,1,fma_artist_22467,Echoes::elevenlabs,echoes_fma_paired,echoes_fma_paired,Octavian97/Echoes + official FMA,fma_140324,echoes_fma::140324,https://huggingface.co/datasets/Octavian97/Echoes ; https://github.com/mdeff/fma,Echoes 14b0c76c6a691c42fadfab9fb6a4eb1ee8c628a2; FMA metadata rc1,generated CC BY-SA 4.0; original http://creativecommons.org/licenses/by/4.0/,YES,FOLLOW_CC_ATTRIBUTION_AND_SHAREALIKE,FOLLOW_ORIGINAL_FMA_TRACK_LICENSE,Echoes-FMA-paired,aa0320a39461f624f1c7faf8bbf304502a59e993bcf5eaebb1dbe36363fff17e,echoes_fma::140324,train,TTA,fake
data\raw\public_v9\echoes_fma_paired\fake\Flashback_Seclorance_mubert_TTA_001.mp3,1,0,1,0,1,fma_artist_22467,Echoes::mubert,echoes_fma_paired,echoes_fma_paired,Octavian97/Echoes + official FMA,fma_140324,echoes_fma::140324,https://huggingface.co/datasets/Octavian97/Echoes ; https://github.com/mdeff/fma,Echoes 14b0c76c6a691c42fadfab9fb6a4eb1ee8c628a2; FMA metadata rc1,generated CC BY-SA 4.0; original http://creativecommons.org/licenses/by/4.0/,YES,FOLLOW_CC_ATTRIBUTION_AND_SHAREALIKE,FOLLOW_ORIGINAL_FMA_TRACK_LICENSE,Echoes-FMA-paired,782f1416d615d758f6ea0bdc1d191ad27afaae6ae45068e7f0bfeb8b413f13e8,echoes_fma::140324,train,TTA,fake
data\raw\public_v9\echoes_fma_paired\fake\Flashback_Seclorance_producer_ATA_001.mp3,1,0,1,0,1,fma_artist_22467,Echoes::producer,echoes_fma_paired,echoes_fma_paired,Octavian97/Echoes + official FMA,fma_140324,echoes_fma::140324,https://huggingface.co/datasets/Octavian97/Echoes ; https://github.com/mdeff/fma,Echoes 14b0c76c6a691c42fadfab9fb6a4eb1ee8c628a2; FMA metadata rc1,generated CC BY-SA 4.0; original http://creativecommons.org/licenses/by/4.0/,YES,FOLLOW_CC_ATTRIBUTION_AND_SHAREALIKE,FOLLOW_ORIGINAL_FMA_TRACK_LICENSE,Echoes-FMA-paired,8c07fccc0392da6c98dadce3108362146fcce0a3299e0cf2077bac0de8bacee3,echoes_fma::140324,train,ATA,fake
data\raw\public_v9\echoes_fma_paired\fake\Flashback_Seclorance_suno_TTA_001.mp3,1,0,1,0,1,fma_artist_22467,Echoes::suno,echoes_fma_paired,echoes_fma_paired,Octavian97/Echoes + official FMA,fma_140324,echoes_fma::140324,https://huggingface.co/datasets/Octavian97/Echoes ; https://github.com/mdeff/fma,Echoes 14b0c76c6a691c42fadfab9fb6a4eb1ee8c628a2; FMA metadata rc1,generated CC BY-SA 4.0; original http://creativecommons.org/licenses/by/4.0/,YES,FOLLOW_CC_ATTRIBUTION_AND_SHAREALIKE,FOLLOW_ORIGINAL_FMA_TRACK_LICENSE,Echoes-FMA-paired,0ed78b34448c42b8964b053b6b3ec66b0ee61c2a80ce0656942277d42ba2236e,echoes_fma::140324,train,TTA,fake
data\raw\public_v9\echoes_fma_paired\fake\Flashback_Seclorance_udio_TTA_001.mp3,1,0,1,0,1,fma_artist_22467,Echoes::udio,echoes_fma_paired,echoes_fma_paired,Octavian97/Echoes + official FMA,fma_140324,echoes_fma::140324,https://huggingface.co/datasets/Octavian97/Echoes ; https://github.com/mdeff/fma,Echoes 14b0c76c6a691c42fadfab9fb6a4eb1ee8c628a2; FMA metadata rc1,generated CC BY-SA 4.0; original http://creativecommons.org/licenses/by/4.0/,YES,FOLLOW_CC_ATTRIBUTION_AND_SHAREALIKE,FOLLOW_ORIGINAL_FMA_TRACK_LICENSE,Echoes-FMA-paired,2a1438b24680c32cac97b0c96b53b0cd918d11442b5a536b2fb5222ea27f1185,echoes_fma::140324,train,TTA,fake
data\raw\public_v9\echoes_fma_paired\real\fma_143051.mp3,0,0,0,0,1,fma_artist_22774,Echoes::FMA_original,echoes_fma_paired,echoes_fma_paired,Octavian97/Echoes + official FMA,fma_143051,echoes_fma::143051,https://huggingface.co/datasets/Octavian97/Echoes ; https://github.com/mdeff/fma,Echoes 14b0c76c6a691c42fadfab9fb6a4eb1ee8c628a2; FMA metadata rc1,generated CC BY-SA 4.0; original http://creativecommons.org/licenses/by/4.0/,YES,FOLLOW_CC_ATTRIBUTION_AND_SHAREALIKE,FOLLOW_ORIGINAL_FMA_TRACK_LICENSE,Echoes-FMA-paired,44c528eece5fdad2382345fa6c405b7604c12f1bfc5164424bded94d9ae5a2f3,echoes_fma::143051,train,TTA,real
data\raw\public_v9\echoes_fma_paired\fake\Edge_Mystery_Mammal_acestep_TTA_001.mp3,1,0,1,0,1,fma_artist_22774,Echoes::acestep,echoes_fma_paired,echoes_fma_paired,Octavian97/Echoes + official FMA,fma_143051,echoes_fma::143051,https://huggingface.co/datasets/Octavian97/Echoes ; https://github.com/mdeff/fma,Echoes 14b0c76c6a691c42fadfab9fb6a4eb1ee8c628a2; FMA metadata rc1,generated CC BY-SA 4.0; original http://creativecommons.org/licenses/by/4.0/,YES,FOLLOW_CC_ATTRIBUTION_AND_SHAREALIKE,FOLLOW_ORIGINAL_FMA_TRACK_LICENSE,Echoes-FMA-paired,6bdb3ac939308e940a5b5898cade15bd21bb94d4e2e35937735c639489dac64b,echoes_fma::143051,train,TTA,fake
data\raw\public_v9\echoes_fma_paired\fake\Edge_Mystery_Mammal_audioldm_ATA_001.mp3,1,0,1,0,1,fma_artist_22774,Echoes::audioldm,echoes_fma_paired,echoes_fma_paired,Octavian97/Echoes + official FMA,fma_143051,echoes_fma::143051,https://huggingface.co/datasets/Octavian97/Echoes ; https://github.com/mdeff/fma,Echoes 14b0c76c6a691c42fadfab9fb6a4eb1ee8c628a2; FMA metadata rc1,generated CC BY-SA 4.0; original http://creativecommons.org/licenses/by/4.0/,YES,FOLLOW_CC_ATTRIBUTION_AND_SHAREALIKE,FOLLOW_ORIGINAL_FMA_TRACK_LICENSE,Echoes-FMA-paired,58e26401fe5727abbff6c9d61019366d55e2996fca2643a0a0bb295a1d54c8a8,echoes_fma::143051,train,ATA,fake
data\raw\public_v9\echoes_fma_paired\fake\Edge_Mystery_Mammal_brev_TTA_001.mp3,1,0,1,0,1,fma_artist_22774,Echoes::brev,echoes_fma_paired,echoes_fma_paired,Octavian97/Echoes + official FMA,fma_143051,echoes_fma::143051,https://huggingface.co/datasets/Octavian97/Echoes ; https://github.com/mdeff/fma,Echoes 14b0c76c6a691c42fadfab9fb6a4eb1ee8c628a2; FMA metadata rc1,generated CC BY-SA 4.0; original http://creativecommons.org/licenses/by/4.0/,YES,FOLLOW_CC_ATTRIBUTION_AND_SHAREALIKE,FOLLOW_ORIGINAL_FMA_TRACK_LICENSE,Echoes-FMA-paired,7314f11257ea5bae3284ea6d0f065622e60ca781120478528497f96bb8ab1fb1,echoes_fma::143051,train,TTA,fake
data\raw\public_v9\echoes_fma_paired\fake\Edge_Mystery_Mammal_elevenlabs_TTA_001.mp3,1,0,1,0,1,fma_artist_22774,Echoes::elevenlabs,echoes_fma_paired,echoes_fma_paired,Octavian97/Echoes + official FMA,fma_143051,echoes_fma::143051,https://huggingface.co/datasets/Octavian97/Echoes ; https://github.com/mdeff/fma,Echoes 14b0c76c6a691c42fadfab9fb6a4eb1ee8c628a2; FMA metadata rc1,generated CC BY-SA 4.0; original http://creativecommons.org/licenses/by/4.0/,YES,FOLLOW_CC_ATTRIBUTION_AND_SHAREALIKE,FOLLOW_ORIGINAL_FMA_TRACK_LICENSE,Echoes-FMA-paired,d8c501f5d910003448ac1656f55f5c98798f888698490c8e7018317c5c6e8aa0,echoes_fma::143051,train,TTA,fake
data\raw\public_v9\echoes_fma_paired\fake\Edge_Mystery_Mammal_mubert_TTA_001.mp3,1,0,1,0,1,fma_artist_22774,Echoes::mubert,echoes_fma_paired,echoes_fma_paired,Octavian97/Echoes + official FMA,fma_143051,echoes_fma::143051,https://huggingface.co/datasets/Octavian97/Echoes ; https://github.com/mdeff/fma,Echoes 14b0c76c6a691c42fadfab9fb6a4eb1ee8c628a2; FMA metadata rc1,generated CC BY-SA 4.0; original http://creativecommons.org/licenses/by/4.0/,YES,FOLLOW_CC_ATTRIBUTION_AND_SHAREALIKE,FOLLOW_ORIGINAL_FMA_TRACK_LICENSE,Echoes-FMA-paired,e1a9d221af76e73b0da5ef5af227df7e52c9fdcec7affbf275a7fc4031326958,echoes_fma::143051,train,TTA,fake
data\raw\public_v9\echoes_fma_paired\fake\Edge_Mystery_Mammal_musicgen_ATA_001.wav,1,0,1,0,1,fma_artist_22774,Echoes::musicgen,echoes_fma_paired,echoes_fma_paired,Octavian97/Echoes + official FMA,fma_143051,echoes_fma::143051,https://huggingface.co/datasets/Octavian97/Echoes ; https://github.com/mdeff/fma,Echoes 14b0c76c6a691c42fadfab9fb6a4eb1ee8c628a2; FMA metadata rc1,generated CC BY-SA 4.0; original http://creativecommons.org/licenses/by/4.0/,YES,FOLLOW_CC_ATTRIBUTION_AND_SHAREALIKE,FOLLOW_ORIGINAL_FMA_TRACK_LICENSE,Echoes-FMA-paired,74f49696183fe212d603107a38128afe1c95501ac30754a8a68dcc8f5e6af770,echoes_fma::143051,train,ATA,fake
data\raw\public_v9\echoes_fma_paired\fake\Edge_Mystery_Mammal_producer_ATA_001.mp3,1,0,1,0,1,fma_artist_22774,Echoes::producer,echoes_fma_paired,echoes_fma_paired,Octavian97/Echoes + official FMA,fma_143051,echoes_fma::143051,https://huggingface.co/datasets/Octavian97/Echoes ; https://github.com/mdeff/fma,Echoes 14b0c76c6a691c42fadfab9fb6a4eb1ee8c628a2; FMA metadata rc1,generated CC BY-SA 4.0; original http://creativecommons.org/licenses/by/4.0/,YES,FOLLOW_CC_ATTRIBUTION_AND_SHAREALIKE,FOLLOW_ORIGINAL_FMA_TRACK_LICENSE,Echoes-FMA-paired,926b44effebfd8f37784914809e7b6b099c38f488823e984a2cb4ec304081524,echoes_fma::143051,train,ATA,fake
data\raw\public_v9\echoes_fma_paired\fake\Edge_Mystery_Mammal_suno_TTA_001.mp3,1,0,1,0,1,fma_artist_22774,Echoes::suno,echoes_fma_paired,echoes_fma_paired,Octavian97/Echoes + official FMA,fma_143051,echoes_fma::143051,https://huggingface.co/datasets/Octavian97/Echoes ; https://github.com/mdeff/fma,Echoes 14b0c76c6a691c42fadfab9fb6a4eb1ee8c628a2; FMA metadata rc1,generated CC BY-SA 4.0; original http://creativecommons.org/licenses/by/4.0/,YES,FOLLOW_CC_ATTRIBUTION_AND_SHAREALIKE,FOLLOW_ORIGINAL_FMA_TRACK_LICENSE,Echoes-FMA-paired,ee170c440946a96678405119db9cc976a6bbcf5ca1a009ff435414d5ac95301a,echoes_fma::143051,train,TTA,fake
data\raw\public_v9\echoes_fma_paired\fake\Edge_Mystery_Mammal_udio_TTA_001.mp3,1,0,1,0,1,fma_artist_22774,Echoes::udio,echoes_fma_paired,echoes_fma_paired,Octavian97/Echoes + official FMA,fma_143051,echoes_fma::143051,https://huggingface.co/datasets/Octavian97/Echoes ; https://github.com/mdeff/fma,Echoes 14b0c76c6a691c42fadfab9fb6a4eb1ee8c628a2; FMA metadata rc1,generated CC BY-SA 4.0; original http://creativecommons.org/licenses/by/4.0/,YES,FOLLOW_CC_ATTRIBUTION_AND_SHAREALIKE,FOLLOW_ORIGINAL_FMA_TRACK_LICENSE,Echoes-FMA-paired,8c0cc7a3ab36635476eea4230e6d9cd0eaa4a9883eaee602d90f40570fcd53ae,echoes_fma::143051,train,TTA,fake
data\raw\public_v9\echoes_fma_paired\real\fma_145816.mp3,0,0,0,0,1,fma_artist_21691,Echoes::FMA_original,echoes_fma_paired,echoes_fma_paired,Octavian97/Echoes + official FMA,fma_145816,echoes_fma::145816,https://huggingface.co/datasets/Octavian97/Echoes ; https://github.com/mdeff/fma,Echoes 14b0c76c6a691c42fadfab9fb6a4eb1ee8c628a2; FMA metadata rc1,generated CC BY-SA 4.0; original http://creativecommons.org/licenses/by/3.0/,YES,FOLLOW_CC_ATTRIBUTION_AND_SHAREALIKE,FOLLOW_ORIGINAL_FMA_TRACK_LICENSE,Echoes-FMA-paired,1c4852b19e735b3d2f6234d3313c39bbddec1a2f70c0bdcb04b44d6bff2cede9,echoes_fma::145816,train,TTA,real
data\raw\public_v9\echoes_fma_paired\fake\Clay_Heart_Nihilore_acestep_TTA_001.mp3,1,0,1,0,1,fma_artist_21691,Echoes::acestep,echoes_fma_paired,echoes_fma_paired,Octavian97/Echoes + official FMA,fma_145816,echoes_fma::145816,https://huggingface.co/datasets/Octavian97/Echoes ; https://github.com/mdeff/fma,Echoes 14b0c76c6a691c42fadfab9fb6a4eb1ee8c628a2; FMA metadata rc1,generated CC BY-SA 4.0; original http://creativecommons.org/licenses/by/3.0/,YES,FOLLOW_CC_ATTRIBUTION_AND_SHAREALIKE,FOLLOW_ORIGINAL_FMA_TRACK_LICENSE,Echoes-FMA-paired,88c410fe1a37aaffe4333e3c577281ac938c04eaf3d258f57c375a84cc87f52c,echoes_fma::145816,train,TTA,fake
data\raw\public_v9\echoes_fma_paired\fake\Clay_Heart_Nihilore_audioldm_ATA_001.mp3,1,0,1,0,1,fma_artist_21691,Echoes::audioldm,echoes_fma_paired,echoes_fma_paired,Octavian97/Echoes + official FMA,fma_145816,echoes_fma::145816,https://huggingface.co/datasets/Octavian97/Echoes ; https://github.com/mdeff/fma,Echoes 14b0c76c6a691c42fadfab9fb6a4eb1ee8c628a2; FMA metadata rc1,generated CC BY-SA 4.0; original http://creativecommons.org/licenses/by/3.0/,YES,FOLLOW_CC_ATTRIBUTION_AND_SHAREALIKE,FOLLOW_ORIGINAL_FMA_TRACK_LICENSE,Echoes-FMA-paired,11963940068523a65a4878f119bf76b6176960c05e0b7e7862e5dd6d73e17982,echoes_fma::145816,train,ATA,fake
data\raw\public_v9\echoes_fma_paired\fake\Clay_Heart_Nihilore_brev_TTA_001.mp3,1,0,1,0,1,fma_artist_21691,Echoes::brev,echoes_fma_paired,echoes_fma_paired,Octavian97/Echoes + official FMA,fma_145816,echoes_fma::145816,https://huggingface.co/datasets/Octavian97/Echoes ; https://github.com/mdeff/fma,Echoes 14b0c76c6a691c42fadfab9fb6a4eb1ee8c628a2; FMA metadata rc1,generated CC BY-SA 4.0; original http://creativecommons.org/licenses/by/3.0/,YES,FOLLOW_CC_ATTRIBUTION_AND_SHAREALIKE,FOLLOW_ORIGINAL_FMA_TRACK_LICENSE,Echoes-FMA-paired,b8959527d24fc00e40fb0e02d6404439acc94de499105c6ab3bb96e474852e3d,echoes_fma::145816,train,TTA,fake
data\raw\public_v9\echoes_fma_paired\fake\Clay_Heart_Nihilore_elevenlabs_TTA_001.mp3,1,0,1,0,1,fma_artist_21691,Echoes::elevenlabs,echoes_fma_paired,echoes_fma_paired,Octavian97/Echoes + official FMA,fma_145816,echoes_fma::145816,https://huggingface.co/datasets/Octavian97/Echoes ; https://github.com/mdeff/fma,Echoes 14b0c76c6a691c42fadfab9fb6a4eb1ee8c628a2; FMA metadata rc1,generated CC BY-SA 4.0; original http://creativecommons.org/licenses/by/3.0/,YES,FOLLOW_CC_ATTRIBUTION_AND_SHAREALIKE,FOLLOW_ORIGINAL_FMA_TRACK_LICENSE,Echoes-FMA-paired,6857c32f93ed3f5a6f59db18f3a03dd07d02bf6c2117c62be4fded69c6923a94,echoes_fma::145816,train,TTA,fake
data\raw\public_v9\echoes_fma_paired\fake\Clay_Heart_Nihilore_mubert_TTA_001.mp3,1,0,1,0,1,fma_artist_21691,Echoes::mubert,echoes_fma_paired,echoes_fma_paired,Octavian97/Echoes + official FMA,fma_145816,echoes_fma::145816,https://huggingface.co/datasets/Octavian97/Echoes ; https://github.com/mdeff/fma,Echoes 14b0c76c6a691c42fadfab9fb6a4eb1ee8c628a2; FMA metadata rc1,generated CC BY-SA 4.0; original http://creativecommons.org/licenses/by/3.0/,YES,FOLLOW_CC_ATTRIBUTION_AND_SHAREALIKE,FOLLOW_ORIGINAL_FMA_TRACK_LICENSE,Echoes-FMA-paired,bb20a1931700b08864735dbb0c999d362d84ab022f32be69e671cecbdf4f4356,echoes_fma::145816,train,TTA,fake
data\raw\public_v9\echoes_fma_paired\fake\Clay_Heart_Nihilore_musicgen_ATA_001.wav,1,0,1,0,1,fma_artist_21691,Echoes::musicgen,echoes_fma_paired,echoes_fma_paired,Octavian97/Echoes + official FMA,fma_145816,echoes_fma::145816,https://huggingface.co/datasets/Octavian97/Echoes ; https://github.com/mdeff/fma,Echoes 14b0c76c6a691c42fadfab9fb6a4eb1ee8c628a2; FMA metadata rc1,generated CC BY-SA 4.0; original http://creativecommons.org/licenses/by/3.0/,YES,FOLLOW_CC_ATTRIBUTION_AND_SHAREALIKE,FOLLOW_ORIGINAL_FMA_TRACK_LICENSE,Echoes-FMA-paired,b01cf7fa124cfd71adb1b8f36974315d149e0de151ca3f16ab150e3d153db98f,echoes_fma::145816,train,ATA,fake
data\raw\public_v9\echoes_fma_paired\fake\Clay_Heart_Nihilore_producer_ATA_001.mp3,1,0,1,0,1,fma_artist_21691,Echoes::producer,echoes_fma_paired,echoes_fma_paired,Octavian97/Echoes + official FMA,fma_145816,echoes_fma::145816,https://huggingface.co/datasets/Octavian97/Echoes ; https://github.com/mdeff/fma,Echoes 14b0c76c6a691c42fadfab9fb6a4eb1ee8c628a2; FMA metadata rc1,generated CC BY-SA 4.0; original http://creativecommons.org/licenses/by/3.0/,YES,FOLLOW_CC_ATTRIBUTION_AND_SHAREALIKE,FOLLOW_ORIGINAL_FMA_TRACK_LICENSE,Echoes-FMA-paired,f1eff916d2b90fa00b988f7166583d34de1aa0ee317df7596a97f033a238d9eb,echoes_fma::145816,train,ATA,fake
data\raw\public_v9\echoes_fma_paired\fake\Clay_Heart_Nihilore_stableaudio_TTA_001.mp3,1,0,1,0,1,fma_artist_21691,Echoes::stableaudio,echoes_fma_paired,echoes_fma_paired,Octavian97/Echoes + official FMA,fma_145816,echoes_fma::145816,https://huggingface.co/datasets/Octavian97/Echoes ; https://github.com/mdeff/fma,Echoes 14b0c76c6a691c42fadfab9fb6a4eb1ee8c628a2; FMA metadata rc1,generated CC BY-SA 4.0; original http://creativecommons.org/licenses/by/3.0/,YES,FOLLOW_CC_ATTRIBUTION_AND_SHAREALIKE,FOLLOW_ORIGINAL_FMA_TRACK_LICENSE,Echoes-FMA-paired,f7b694fe79ee207cd5d3a7cbca4f382f8fc1102f92809f87d1d22b50691e3f74,echoes_fma::145816,train,TTA,fake
data\raw\public_v9\echoes_fma_paired\fake\Clay_Heart_Nihilore_suno_TTA_001.mp3,1,0,1,0,1,fma_artist_21691,Echoes::suno,echoes_fma_paired,echoes_fma_paired,Octavian97/Echoes + official FMA,fma_145816,echoes_fma::145816,https://huggingface.co/datasets/Octavian97/Echoes ; https://github.com/mdeff/fma,Echoes 14b0c76c6a691c42fadfab9fb6a4eb1ee8c628a2; FMA metadata rc1,generated CC BY-SA 4.0; original http://creativecommons.org/licenses/by/3.0/,YES,FOLLOW_CC_ATTRIBUTION_AND_SHAREALIKE,FOLLOW_ORIGINAL_FMA_TRACK_LICENSE,Echoes-FMA-paired,3be6109210242aacc3719607d479395d073d6af6494d8ead9528510e42550a90,echoes_fma::145816,train,TTA,fake
data\raw\public_v9\echoes_fma_paired\fake\Clay_Heart_Nihilore_udio_TTA_001.mp3,1,0,1,0,1,fma_artist_21691,Echoes::udio,echoes_fma_paired,echoes_fma_paired,Octavian97/Echoes + official FMA,fma_145816,echoes_fma::145816,https://huggingface.co/datasets/Octavian97/Echoes ; https://github.com/mdeff/fma,Echoes 14b0c76c6a691c42fadfab9fb6a4eb1ee8c628a2; FMA metadata rc1,generated CC BY-SA 4.0; original http://creativecommons.org/licenses/by/3.0/,YES,FOLLOW_CC_ATTRIBUTION_AND_SHAREALIKE,FOLLOW_ORIGINAL_FMA_TRACK_LICENSE,Echoes-FMA-paired,63b6cacaa23f60210a83d99caf5a616c2373a966a05b4267180b80402407c1bb,echoes_fma::145816,train,TTA,fake
data\raw\public_v9\echoes_fma_paired\real\fma_145916.mp3,0,0,0,0,1,fma_artist_23219,Echoes::FMA_original,echoes_fma_paired,echoes_fma_paired,Octavian97/Echoes + official FMA,fma_145916,echoes_fma::145916,https://huggingface.co/datasets/Octavian97/Echoes ; https://github.com/mdeff/fma,Echoes 14b0c76c6a691c42fadfab9fb6a4eb1ee8c628a2; FMA metadata rc1,generated CC BY-SA 4.0; original http://creativecommons.org/licenses/by/4.0/,YES,FOLLOW_CC_ATTRIBUTION_AND_SHAREALIKE,FOLLOW_ORIGINAL_FMA_TRACK_LICENSE,Echoes-FMA-paired,2ce8c45355d24f10e9fb87148ca6bdb6ebd8e97ae9487d979fa3927d8cb2d0ef,echoes_fma::145916,train,TTA,real
data\raw\public_v9\echoes_fma_paired\fake\End_of_the_Line_H-LR_stableaudio_TTA_001.mp3,1,0,1,0,1,fma_artist_23219,Echoes::stableaudio,echoes_fma_paired,echoes_fma_paired,Octavian97/Echoes + official FMA,fma_145916,echoes_fma::145916,https://huggingface.co/datasets/Octavian97/Echoes ; https://github.com/mdeff/fma,Echoes 14b0c76c6a691c42fadfab9fb6a4eb1ee8c628a2; FMA metadata rc1,generated CC BY-SA 4.0; original http://creativecommons.org/licenses/by/4.0/,YES,FOLLOW_CC_ATTRIBUTION_AND_SHAREALIKE,FOLLOW_ORIGINAL_FMA_TRACK_LICENSE,Echoes-FMA-paired,5450a4fdb84b60dbde2fbf52819f907cc72cd61b246ff4029e1ee5d8f1789475,echoes_fma::145916,train,TTA,fake
data\raw\public_v9\echoes_fma_paired\real\fma_147380.mp3,0,0,0,0,1,fma_artist_19741,Echoes::FMA_original,echoes_fma_paired,echoes_fma_paired,Octavian97/Echoes + official FMA,fma_147380,echoes_fma::147380,https://huggingface.co/datasets/Octavian97/Echoes ; https://github.com/mdeff/fma,Echoes 14b0c76c6a691c42fadfab9fb6a4eb1ee8c628a2; FMA metadata rc1,generated CC BY-SA 4.0; original http://creativecommons.org/licenses/by/4.0/,YES,FOLLOW_CC_ATTRIBUTION_AND_SHAREALIKE,FOLLOW_ORIGINAL_FMA_TRACK_LICENSE,Echoes-FMA-paired,e185a1dff0e362fa0fa1660797f888192f18e191d9aeb7d31ccdd349ea9d4a16,echoes_fma::147380,train,TTA,real
data\raw\public_v9\echoes_fma_paired\fake\Electric_Girlfriend_The_Zombie_Dandies_acestep_TTA_001.mp3,1,0,1,0,1,fma_artist_19741,Echoes::acestep,echoes_fma_paired,echoes_fma_paired,Octavian97/Echoes + official FMA,fma_147380,echoes_fma::147380,https://huggingface.co/datasets/Octavian97/Echoes ; https://github.com/mdeff/fma,Echoes 14b0c76c6a691c42fadfab9fb6a4eb1ee8c628a2; FMA metadata rc1,generated CC BY-SA 4.0; original http://creativecommons.org/licenses/by/4.0/,YES,FOLLOW_CC_ATTRIBUTION_AND_SHAREALIKE,FOLLOW_ORIGINAL_FMA_TRACK_LICENSE,Echoes-FMA-paired,f451dcfb54c9da6804946cf186c59d2be5a65932656214b8b1f7109ad18bc249,echoes_fma::147380,train,TTA,fake
data\raw\public_v9\echoes_fma_paired\fake\Electric_Girlfriend_The_Zombie_Dandies_stableaudio_TTA_001.mp3,1,0,1,0,1,fma_artist_19741,Echoes::stableaudio,echoes_fma_paired,echoes_fma_paired,Octavian97/Echoes + official FMA,fma_147380,echoes_fma::147380,https://huggingface.co/datasets/Octavian97/Echoes ; https://github.com/mdeff/fma,Echoes 14b0c76c6a691c42fadfab9fb6a4eb1ee8c628a2; FMA metadata rc1,generated CC BY-SA 4.0; original http://creativecommons.org/licenses/by/4.0/,YES,FOLLOW_CC_ATTRIBUTION_AND_SHAREALIKE,FOLLOW_ORIGINAL_FMA_TRACK_LICENSE,Echoes-FMA-paired,1f94e2b4b9470eb8c86c41cadbaaec62d1a5200be0cecea4154676b6bac620da,echoes_fma::147380,train,TTA,fake
data\raw\public_v9\echoes_fma_paired\real\fma_147384.mp3,0,0,0,0,1,fma_artist_19741,Echoes::FMA_original,echoes_fma_paired,echoes_fma_paired,Octavian97/Echoes + official FMA,fma_147384,echoes_fma::147384,https://huggingface.co/datasets/Octavian97/Echoes ; https://github.com/mdeff/fma,Echoes 14b0c76c6a691c42fadfab9fb6a4eb1ee8c628a2; FMA metadata rc1,generated CC BY-SA 4.0; original http://creativecommons.org/licenses/by/4.0/,YES,FOLLOW_CC_ATTRIBUTION_AND_SHAREALIKE,FOLLOW_ORIGINAL_FMA_TRACK_LICENSE,Echoes-FMA-paired,51896853aa32543a1abe3c8058b0c9f1d36d4700ebf4ed2cefe72bf99a7a2094,echoes_fma::147384,train,TTA,real
data\raw\public_v9\echoes_fma_paired\fake\Cassie_Lace_The_Zombie_Dandies_acestep_TTA_001.mp3,1,0,1,0,1,fma_artist_19741,Echoes::acestep,echoes_fma_paired,echoes_fma_paired,Octavian97/Echoes + official FMA,fma_147384,echoes_fma::147384,https://huggingface.co/datasets/Octavian97/Echoes ; https://github.com/mdeff/fma,Echoes 14b0c76c6a691c42fadfab9fb6a4eb1ee8c628a2; FMA metadata rc1,generated CC BY-SA 4.0; original http://creativecommons.org/licenses/by/4.0/,YES,FOLLOW_CC_ATTRIBUTION_AND_SHAREALIKE,FOLLOW_ORIGINAL_FMA_TRACK_LICENSE,Echoes-FMA-paired,363809047ff79663ca15194079de01b0f26c8b6f44d32a2dd02f992252846acf,echoes_fma::147384,train,TTA,fake
data\raw\public_v9\echoes_fma_paired\fake\Cassie_Lace_The_Zombie_Dandies_audioldm_ATA_001.mp3,1,0,1,0,1,fma_artist_19741,Echoes::audioldm,echoes_fma_paired,echoes_fma_paired,Octavian97/Echoes + official FMA,fma_147384,echoes_fma::147384,https://huggingface.co/datasets/Octavian97/Echoes ; https://github.com/mdeff/fma,Echoes 14b0c76c6a691c42fadfab9fb6a4eb1ee8c628a2; FMA metadata rc1,generated CC BY-SA 4.0; original http://creativecommons.org/licenses/by/4.0/,YES,FOLLOW_CC_ATTRIBUTION_AND_SHAREALIKE,FOLLOW_ORIGINAL_FMA_TRACK_LICENSE,Echoes-FMA-paired,b0da72ce6763aaf9e171c214a63c59e102a322c6ea94a52adfd230edf3f4b286,echoes_fma::147384,train,ATA,fake
data\raw\public_v9\echoes_fma_paired\fake\Cassie_Lace_The_Zombie_Dandies_musicgen_ATA_001.wav,1,0,1,0,1,fma_artist_19741,Echoes::musicgen,echoes_fma_paired,echoes_fma_paired,Octavian97/Echoes + official FMA,fma_147384,echoes_fma::147384,https://huggingface.co/datasets/Octavian97/Echoes ; https://github.com/mdeff/fma,Echoes 14b0c76c6a691c42fadfab9fb6a4eb1ee8c628a2; FMA metadata rc1,generated CC BY-SA 4.0; original http://creativecommons.org/licenses/by/4.0/,YES,FOLLOW_CC_ATTRIBUTION_AND_SHAREALIKE,FOLLOW_ORIGINAL_FMA_TRACK_LICENSE,Echoes-FMA-paired,cef2ca0601ff1bdafa647aa1d831a619f5d2bfb58d423c6c94dd0f257f455d4a,echoes_fma::147384,train,ATA,fake
data\raw\public_v9\echoes_fma_paired\fake\Cassie_Lace_The_Zombie_Dandies_stableaudio_TTA_001.mp3,1,0,1,0,1,fma_artist_19741,Echoes::stableaudio,echoes_fma_paired,echoes_fma_paired,Octavian97/Echoes + official FMA,fma_147384,echoes_fma::147384,https://huggingface.co/datasets/Octavian97/Echoes ; https://github.com/mdeff/fma,Echoes 14b0c76c6a691c42fadfab9fb6a4eb1ee8c628a2; FMA metadata rc1,generated CC BY-SA 4.0; original http://creativecommons.org/licenses/by/4.0/,YES,FOLLOW_CC_ATTRIBUTION_AND_SHAREALIKE,FOLLOW_ORIGINAL_FMA_TRACK_LICENSE,Echoes-FMA-paired,7052925de59b19424eba76c03d938d7c001ec94badd6476fcb87ca30e27309b4,echoes_fma::147384,train,TTA,fake
data\raw\public_v9\echoes_fma_paired\real\fma_149414.mp3,0,0,0,0,1,fma_artist_22128,Echoes::FMA_original,echoes_fma_paired,echoes_fma_paired,Octavian97/Echoes + official FMA,fma_149414,echoes_fma::149414,https://huggingface.co/datasets/Octavian97/Echoes ; https://github.com/mdeff/fma,Echoes 14b0c76c6a691c42fadfab9fb6a4eb1ee8c628a2; FMA metadata rc1,generated CC BY-SA 4.0; original http://creativecommons.org/licenses/by/4.0/,YES,FOLLOW_CC_ATTRIBUTION_AND_SHAREALIKE,FOLLOW_ORIGINAL_FMA_TRACK_LICENSE,Echoes-FMA-paired,73550e48b278d75ee92e1e097037edd967f49dc4d80f09285a55b120f3034e17,echoes_fma::149414,train,TTA,real
data\raw\public_v9\echoes_fma_paired\fake\Formic_Acid_for_Blood_Punk_Rock_Opera_brev_TTA_001.mp3,1,0,1,0,1,fma_artist_22128,Echoes::brev,echoes_fma_paired,echoes_fma_paired,Octavian97/Echoes + official FMA,fma_149414,echoes_fma::149414,https://huggingface.co/datasets/Octavian97/Echoes ; https://github.com/mdeff/fma,Echoes 14b0c76c6a691c42fadfab9fb6a4eb1ee8c628a2; FMA metadata rc1,generated CC BY-SA 4.0; original http://creativecommons.org/licenses/by/4.0/,YES,FOLLOW_CC_ATTRIBUTION_AND_SHAREALIKE,FOLLOW_ORIGINAL_FMA_TRACK_LICENSE,Echoes-FMA-paired,32cd2ec29485face198ca7e46107fe616bd320eda408db8eb2af3dc8b8693e09,echoes_fma::149414,train,TTA,fake
data\raw\public_v9\echoes_fma_paired\fake\Formic_Acid_for_Blood_Punk_Rock_Opera_elevenlabs_TTA_001.mp3,1,0,1,0,1,fma_artist_22128,Echoes::elevenlabs,echoes_fma_paired,echoes_fma_paired,Octavian97/Echoes + official FMA,fma_149414,echoes_fma::149414,https://huggingface.co/datasets/Octavian97/Echoes ; https://github.com/mdeff/fma,Echoes 14b0c76c6a691c42fadfab9fb6a4eb1ee8c628a2; FMA metadata rc1,generated CC BY-SA 4.0; original http://creativecommons.org/licenses/by/4.0/,YES,FOLLOW_CC_ATTRIBUTION_AND_SHAREALIKE,FOLLOW_ORIGINAL_FMA_TRACK_LICENSE,Echoes-FMA-paired,78a013f9c1102bf347690dd50458d86860d49a3748d70082973cd106e3563b0e,echoes_fma::149414,train,TTA,fake
data\raw\public_v9\echoes_fma_paired\fake\Formic_Acid_for_Blood_Punk_Rock_Opera_mubert_TTA_001.mp3,1,0,1,0,1,fma_artist_22128,Echoes::mubert,echoes_fma_paired,echoes_fma_paired,Octavian97/Echoes + official FMA,fma_149414,echoes_fma::149414,https://huggingface.co/datasets/Octavian97/Echoes ; https://github.com/mdeff/fma,Echoes 14b0c76c6a691c42fadfab9fb6a4eb1ee8c628a2; FMA metadata rc1,generated CC BY-SA 4.0; original http://creativecommons.org/licenses/by/4.0/,YES,FOLLOW_CC_ATTRIBUTION_AND_SHAREALIKE,FOLLOW_ORIGINAL_FMA_TRACK_LICENSE,Echoes-FMA-paired,fa0da8be4e048499b818203492c717aec477f0f0d0734e8bc87bc9982f4b84b5,echoes_fma::149414,train,TTA,fake
data\raw\public_v9\echoes_fma_paired\fake\Formic_Acid_for_Blood_Punk_Rock_Opera_producer_ATA_001.mp3,1,0,1,0,1,fma_artist_22128,Echoes::producer,echoes_fma_paired,echoes_fma_paired,Octavian97/Echoes + official FMA,fma_149414,echoes_fma::149414,https://huggingface.co/datasets/Octavian97/Echoes ; https://github.com/mdeff/fma,Echoes 14b0c76c6a691c42fadfab9fb6a4eb1ee8c628a2; FMA metadata rc1,generated CC BY-SA 4.0; original http://creativecommons.org/licenses/by/4.0/,YES,FOLLOW_CC_ATTRIBUTION_AND_SHAREALIKE,FOLLOW_ORIGINAL_FMA_TRACK_LICENSE,Echoes-FMA-paired,3842ff18e285e90763a8072edd33258d40f214de1a0d03c229c05787507f9d00,echoes_fma::149414,train,ATA,fake
data\raw\public_v9\echoes_fma_paired\fake\Formic_Acid_for_Blood_Punk_Rock_Opera_suno_TTA_001.mp3,1,0,1,0,1,fma_artist_22128,Echoes::suno,echoes_fma_paired,echoes_fma_paired,Octavian97/Echoes + official FMA,fma_149414,echoes_fma::149414,https://huggingface.co/datasets/Octavian97/Echoes ; https://github.com/mdeff/fma,Echoes 14b0c76c6a691c42fadfab9fb6a4eb1ee8c628a2; FMA metadata rc1,generated CC BY-SA 4.0; original http://creativecommons.org/licenses/by/4.0/,YES,FOLLOW_CC_ATTRIBUTION_AND_SHAREALIKE,FOLLOW_ORIGINAL_FMA_TRACK_LICENSE,Echoes-FMA-paired,1c2fe48b74292ea0e256bd26a8bfc9ea84ff7066796f6fe215d9613dd5f528b1,echoes_fma::149414,train,TTA,fake
data\raw\public_v9\echoes_fma_paired\fake\Formic_Acid_for_Blood_Punk_Rock_Opera_udio_TTA_001.mp3,1,0,1,0,1,fma_artist_22128,Echoes::udio,echoes_fma_paired,echoes_fma_paired,Octavian97/Echoes + official FMA,fma_149414,echoes_fma::149414,https://huggingface.co/datasets/Octavian97/Echoes ; https://github.com/mdeff/fma,Echoes 14b0c76c6a691c42fadfab9fb6a4eb1ee8c628a2; FMA metadata rc1,generated CC BY-SA 4.0; original http://creativecommons.org/licenses/by/4.0/,YES,FOLLOW_CC_ATTRIBUTION_AND_SHAREALIKE,FOLLOW_ORIGINAL_FMA_TRACK_LICENSE,Echoes-FMA-paired,9da544c32bc7c4492414d6aa00b29164c4ea6ab289275ce0dfb18c11593fedb1,echoes_fma::149414,train,TTA,fake
data\raw\public_v9\echoes_fma_paired\real\fma_149695.mp3,0,0,0,0,1,fma_artist_23706,Echoes::FMA_original,echoes_fma_paired,echoes_fma_paired,Octavian97/Echoes + official FMA,fma_149695,echoes_fma::149695,https://huggingface.co/datasets/Octavian97/Echoes ; https://github.com/mdeff/fma,Echoes 14b0c76c6a691c42fadfab9fb6a4eb1ee8c628a2; FMA metadata rc1,generated CC BY-SA 4.0; original http://creativecommons.org/licenses/by/4.0/,YES,FOLLOW_CC_ATTRIBUTION_AND_SHAREALIKE,FOLLOW_ORIGINAL_FMA_TRACK_LICENSE,Echoes-FMA-paired,79f7e1258b351da22f076d4dfc4ae705f4ea77510ce9d0d9f4b745d24454cfb2,echoes_fma::149695,train,TTA,real
data\raw\public_v9\echoes_fma_paired\fake\Forest_Silence_Serpentarivm_brev_TTA_001.mp3,1,0,1,0,1,fma_artist_23706,Echoes::brev,echoes_fma_paired,echoes_fma_paired,Octavian97/Echoes + official FMA,fma_149695,echoes_fma::149695,https://huggingface.co/datasets/Octavian97/Echoes ; https://github.com/mdeff/fma,Echoes 14b0c76c6a691c42fadfab9fb6a4eb1ee8c628a2; FMA metadata rc1,generated CC BY-SA 4.0; original http://creativecommons.org/licenses/by/4.0/,YES,FOLLOW_CC_ATTRIBUTION_AND_SHAREALIKE,FOLLOW_ORIGINAL_FMA_TRACK_LICENSE,Echoes-FMA-paired,9f97c8cd2576455f340095f0bff6ed1dd2391cad802ddcaf6070b657d0b5466c,echoes_fma::149695,train,TTA,fake
data\raw\public_v9\echoes_fma_paired\fake\Forest_Silence_Serpentarivm_elevenlabs_TTA_001.mp3,1,0,1,0,1,fma_artist_23706,Echoes::elevenlabs,echoes_fma_paired,echoes_fma_paired,Octavian97/Echoes + official FMA,fma_149695,echoes_fma::149695,https://huggingface.co/datasets/Octavian97/Echoes ; https://github.com/mdeff/fma,Echoes 14b0c76c6a691c42fadfab9fb6a4eb1ee8c628a2; FMA metadata rc1,generated CC BY-SA 4.0; original http://creativecommons.org/licenses/by/4.0/,YES,FOLLOW_CC_ATTRIBUTION_AND_SHAREALIKE,FOLLOW_ORIGINAL_FMA_TRACK_LICENSE,Echoes-FMA-paired,cf36ff7fb44000773b0fe53c8f7e3a7d14099712fd7c4713bab861c466d51aae,echoes_fma::149695,train,TTA,fake
data\raw\public_v9\echoes_fma_paired\fake\Forest_Silence_Serpentarivm_mubert_TTA_001.mp3,1,0,1,0,1,fma_artist_23706,Echoes::mubert,echoes_fma_paired,echoes_fma_paired,Octavian97/Echoes + official FMA,fma_149695,echoes_fma::149695,https://huggingface.co/datasets/Octavian97/Echoes ; https://github.com/mdeff/fma,Echoes 14b0c76c6a691c42fadfab9fb6a4eb1ee8c628a2; FMA metadata rc1,generated CC BY-SA 4.0; original http://creativecommons.org/licenses/by/4.0/,YES,FOLLOW_CC_ATTRIBUTION_AND_SHAREALIKE,FOLLOW_ORIGINAL_FMA_TRACK_LICENSE,Echoes-FMA-paired,a4944c1ac06f9bfa261ee09a1aaa74e8477218b8c7802cf6227430505026b5f5,echoes_fma::149695,train,TTA,fake
data\raw\public_v9\echoes_fma_paired\fake\Forest_Silence_Serpentarivm_producer_ATA_001.mp3,1,0,1,0,1,fma_artist_23706,Echoes::producer,echoes_fma_paired,echoes_fma_paired,Octavian97/Echoes + official FMA,fma_149695,echoes_fma::149695,https://huggingface.co/datasets/Octavian97/Echoes ; https://github.com/mdeff/fma,Echoes 14b0c76c6a691c42fadfab9fb6a4eb1ee8c628a2; FMA metadata rc1,generated CC BY-SA 4.0; original http://creativecommons.org/licenses/by/4.0/,YES,FOLLOW_CC_ATTRIBUTION_AND_SHAREALIKE,FOLLOW_ORIGINAL_FMA_TRACK_LICENSE,Echoes-FMA-paired,4691e461b182a3f3d7098ac8b41be646b7b40709ec087be802b7825dd697f840,echoes_fma::149695,train,ATA,fake
data\raw\public_v9\echoes_fma_paired\fake\Forest_Silence_Serpentarivm_suno_TTA_001.mp3,1,0,1,0,1,fma_artist_23706,Echoes::suno,echoes_fma_paired,echoes_fma_paired,Octavian97/Echoes + official FMA,fma_149695,echoes_fma::149695,https://huggingface.co/datasets/Octavian97/Echoes ; https://github.com/mdeff/fma,Echoes 14b0c76c6a691c42fadfab9fb6a4eb1ee8c628a2; FMA metadata rc1,generated CC BY-SA 4.0; original http://creativecommons.org/licenses/by/4.0/,YES,FOLLOW_CC_ATTRIBUTION_AND_SHAREALIKE,FOLLOW_ORIGINAL_FMA_TRACK_LICENSE,Echoes-FMA-paired,189e9af1cb824ae18460140f0b3e10038e4b16659a5da4a1c9b21afc64771d20,echoes_fma::149695,train,TTA,fake
data\raw\public_v9\echoes_fma_paired\fake\Forest_Silence_Serpentarivm_udio_TTA_001.mp3,1,0,1,0,1,fma_artist_23706,Echoes::udio,echoes_fma_paired,echoes_fma_paired,Octavian97/Echoes + official FMA,fma_149695,echoes_fma::149695,https://huggingface.co/datasets/Octavian97/Echoes ; https://github.com/mdeff/fma,Echoes 14b0c76c6a691c42fadfab9fb6a4eb1ee8c628a2; FMA metadata rc1,generated CC BY-SA 4.0; original http://creativecommons.org/licenses/by/4.0/,YES,FOLLOW_CC_ATTRIBUTION_AND_SHAREALIKE,FOLLOW_ORIGINAL_FMA_TRACK_LICENSE,Echoes-FMA-paired,2622d280a1ee05fb67755eb197408b2d61ed89a15c79774c086fa7cf58f09742,echoes_fma::149695,train,TTA,fake
data\raw\public_v9\echoes_fma_paired\real\fma_150311.mp3,0,0,0,0,1,fma_artist_23769,Echoes::FMA_original,echoes_fma_paired,echoes_fma_paired,Octavian97/Echoes + official FMA,fma_150311,echoes_fma::150311,https://huggingface.co/datasets/Octavian97/Echoes ; https://github.com/mdeff/fma,Echoes 14b0c76c6a691c42fadfab9fb6a4eb1ee8c628a2; FMA metadata rc1,generated CC BY-SA 4.0; original http://creativecommons.org/licenses/by/4.0/,YES,FOLLOW_CC_ATTRIBUTION_AND_SHAREALIKE,FOLLOW_ORIGINAL_FMA_TRACK_LICENSE,Echoes-FMA-paired,f42e4d7e514ca768cc300690939c982576aff43d70ed89d3c998c80e150bc773,echoes_fma::150311,train,TTA,real
data\raw\public_v9\echoes_fma_paired\fake\Endless_The_Birth_and_Death_of_Silence_brev_TTA_001.mp3,1,0,1,0,1,fma_artist_23769,Echoes::brev,echoes_fma_paired,echoes_fma_paired,Octavian97/Echoes + official FMA,fma_150311,echoes_fma::150311,https://huggingface.co/datasets/Octavian97/Echoes ; https://github.com/mdeff/fma,Echoes 14b0c76c6a691c42fadfab9fb6a4eb1ee8c628a2; FMA metadata rc1,generated CC BY-SA 4.0; original http://creativecommons.org/licenses/by/4.0/,YES,FOLLOW_CC_ATTRIBUTION_AND_SHAREALIKE,FOLLOW_ORIGINAL_FMA_TRACK_LICENSE,Echoes-FMA-paired,456337c2f4b61cfb1871f4305557830cef30bb7fd896c84a86fca6b22a70e895,echoes_fma::150311,train,TTA,fake
data\raw\public_v9\echoes_fma_paired\fake\Endless_The_Birth_and_Death_of_Silence_elevenlabs_TTA_001.mp3,1,0,1,0,1,fma_artist_23769,Echoes::elevenlabs,echoes_fma_paired,echoes_fma_paired,Octavian97/Echoes + official FMA,fma_150311,echoes_fma::150311,https://huggingface.co/datasets/Octavian97/Echoes ; https://github.com/mdeff/fma,Echoes 14b0c76c6a691c42fadfab9fb6a4eb1ee8c628a2; FMA metadata rc1,generated CC BY-SA 4.0; original http://creativecommons.org/licenses/by/4.0/,YES,FOLLOW_CC_ATTRIBUTION_AND_SHAREALIKE,FOLLOW_ORIGINAL_FMA_TRACK_LICENSE,Echoes-FMA-paired,6b485a2d0e25be72d85cf2157a8aa0dd75e296d9ded0a6c59eee0aea030301a3,echoes_fma::150311,train,TTA,fake
data\raw\public_v9\echoes_fma_paired\fake\Endless_The_Birth_and_Death_of_Silence_mubert_TTA_001.mp3,1,0,1,0,1,fma_artist_23769,Echoes::mubert,echoes_fma_paired,echoes_fma_paired,Octavian97/Echoes + official FMA,fma_150311,echoes_fma::150311,https://huggingface.co/datasets/Octavian97/Echoes ; https://github.com/mdeff/fma,Echoes 14b0c76c6a691c42fadfab9fb6a4eb1ee8c628a2; FMA metadata rc1,generated CC BY-SA 4.0; original http://creativecommons.org/licenses/by/4.0/,YES,FOLLOW_CC_ATTRIBUTION_AND_SHAREALIKE,FOLLOW_ORIGINAL_FMA_TRACK_LICENSE,Echoes-FMA-paired,c90c8460f86b2817d23cb0375c491f87d148b9e3823bbcb0b89957e802bc3cf0,echoes_fma::150311,train,TTA,fake
data\raw\public_v9\echoes_fma_paired\fake\Endless_The_Birth_and_Death_of_Silence_producer_ATA_001.mp3,1,0,1,0,1,fma_artist_23769,Echoes::producer,echoes_fma_paired,echoes_fma_paired,Octavian97/Echoes + official FMA,fma_150311,echoes_fma::150311,https://huggingface.co/datasets/Octavian97/Echoes ; https://github.com/mdeff/fma,Echoes 14b0c76c6a691c42fadfab9fb6a4eb1ee8c628a2; FMA metadata rc1,generated CC BY-SA 4.0; original http://creativecommons.org/licenses/by/4.0/,YES,FOLLOW_CC_ATTRIBUTION_AND_SHAREALIKE,FOLLOW_ORIGINAL_FMA_TRACK_LICENSE,Echoes-FMA-paired,19d76fd5b54ddbfab0758a879647b8ecf432f1c936b4339682e1c47168daaf8f,echoes_fma::150311,train,ATA,fake
data\raw\public_v9\echoes_fma_paired\fake\Endless_The_Birth_and_Death_of_Silence_stableaudio_TTA_001.mp3,1,0,1,0,1,fma_artist_23769,Echoes::stableaudio,echoes_fma_paired,echoes_fma_paired,Octavian97/Echoes + official FMA,fma_150311,echoes_fma::150311,https://huggingface.co/datasets/Octavian97/Echoes ; https://github.com/mdeff/fma,Echoes 14b0c76c6a691c42fadfab9fb6a4eb1ee8c628a2; FMA metadata rc1,generated CC BY-SA 4.0; original http://creativecommons.org/licenses/by/4.0/,YES,FOLLOW_CC_ATTRIBUTION_AND_SHAREALIKE,FOLLOW_ORIGINAL_FMA_TRACK_LICENSE,Echoes-FMA-paired,f06b63641602ced6813aa120a500de3d9e489cff83da0d0158f5f7e5ec31d6ad,echoes_fma::150311,train,TTA,fake
data\raw\public_v9\echoes_fma_paired\fake\Endless_The_Birth_and_Death_of_Silence_suno_TTA_001.mp3,1,0,1,0,1,fma_artist_23769,Echoes::suno,echoes_fma_paired,echoes_fma_paired,Octavian97/Echoes + official FMA,fma_150311,echoes_fma::150311,https://huggingface.co/datasets/Octavian97/Echoes ; https://github.com/mdeff/fma,Echoes 14b0c76c6a691c42fadfab9fb6a4eb1ee8c628a2; FMA metadata rc1,generated CC BY-SA 4.0; original http://creativecommons.org/licenses/by/4.0/,YES,FOLLOW_CC_ATTRIBUTION_AND_SHAREALIKE,FOLLOW_ORIGINAL_FMA_TRACK_LICENSE,Echoes-FMA-paired,2622f3891c24073e34e4cf028addf66602d94b3fffe904ffe61ae8ec0cc552a3,echoes_fma::150311,train,TTA,fake
data\raw\public_v9\echoes_fma_paired\fake\Endless_The_Birth_and_Death_of_Silence_udio_TTA_001.mp3,1,0,1,0,1,fma_artist_23769,Echoes::udio,echoes_fma_paired,echoes_fma_paired,Octavian97/Echoes + official FMA,fma_150311,echoes_fma::150311,https://huggingface.co/datasets/Octavian97/Echoes ; https://github.com/mdeff/fma,Echoes 14b0c76c6a691c42fadfab9fb6a4eb1ee8c628a2; FMA metadata rc1,generated CC BY-SA 4.0; original http://creativecommons.org/licenses/by/4.0/,YES,FOLLOW_CC_ATTRIBUTION_AND_SHAREALIKE,FOLLOW_ORIGINAL_FMA_TRACK_LICENSE,Echoes-FMA-paired,a78ae023467f9f2c2707228a810fc6eaaccbc893ec928177ccdad8e8e77ec602,echoes_fma::150311,train,TTA,fake
data\raw\public_v9\echoes_fma_paired\real\fma_1881.mp3,0,0,0,0,1,fma_artist_303,Echoes::FMA_original,echoes_fma_paired,echoes_fma_paired,Octavian97/Echoes + official FMA,fma_1881,echoes_fma::1881,https://huggingface.co/datasets/Octavian97/Echoes ; https://github.com/mdeff/fma,Echoes 14b0c76c6a691c42fadfab9fb6a4eb1ee8c628a2; FMA metadata rc1,generated CC BY-SA 4.0; original http://creativecommons.org/licenses/by/4.0/,YES,FOLLOW_CC_ATTRIBUTION_AND_SHAREALIKE,FOLLOW_ORIGINAL_FMA_TRACK_LICENSE,Echoes-FMA-paired,3944c40fc50facd665d2f7f306dd101a88fe9198642f759daf9b2e7aabb94aaf,echoes_fma::1881,train,TTA,real
data\raw\public_v9\echoes_fma_paired\fake\Bizzy_The_Tleilaxu_Music_Machine_acestep_TTA_001.mp3,1,0,1,0,1,fma_artist_303,Echoes::acestep,echoes_fma_paired,echoes_fma_paired,Octavian97/Echoes + official FMA,fma_1881,echoes_fma::1881,https://huggingface.co/datasets/Octavian97/Echoes ; https://github.com/mdeff/fma,Echoes 14b0c76c6a691c42fadfab9fb6a4eb1ee8c628a2; FMA metadata rc1,generated CC BY-SA 4.0; original http://creativecommons.org/licenses/by/4.0/,YES,FOLLOW_CC_ATTRIBUTION_AND_SHAREALIKE,FOLLOW_ORIGINAL_FMA_TRACK_LICENSE,Echoes-FMA-paired,7ff0d0ac4f07d879d2717febedf3379f47c9c85109acadb6580c7a59d8a0945d,echoes_fma::1881,train,TTA,fake
data\raw\public_v9\echoes_fma_paired\fake\Bizzy_The_Tleilaxu_Music_Machine_audioldm_ATA_001.mp3,1,0,1,0,1,fma_artist_303,Echoes::audioldm,echoes_fma_paired,echoes_fma_paired,Octavian97/Echoes + official FMA,fma_1881,echoes_fma::1881,https://huggingface.co/datasets/Octavian97/Echoes ; https://github.com/mdeff/fma,Echoes 14b0c76c6a691c42fadfab9fb6a4eb1ee8c628a2; FMA metadata rc1,generated CC BY-SA 4.0; original http://creativecommons.org/licenses/by/4.0/,YES,FOLLOW_CC_ATTRIBUTION_AND_SHAREALIKE,FOLLOW_ORIGINAL_FMA_TRACK_LICENSE,Echoes-FMA-paired,95b133d015af9a96e017b28651f71e4c7fa2e394a03204ae7bc88a9e9f7889ee,echoes_fma::1881,train,ATA,fake
data\raw\public_v9\echoes_fma_paired\fake\Bizzy_The_Tleilaxu_Music_Machine_musicgen_ATA_001.wav,1,0,1,0,1,fma_artist_303,Echoes::musicgen,echoes_fma_paired,echoes_fma_paired,Octavian97/Echoes + official FMA,fma_1881,echoes_fma::1881,https://huggingface.co/datasets/Octavian97/Echoes ; https://github.com/mdeff/fma,Echoes 14b0c76c6a691c42fadfab9fb6a4eb1ee8c628a2; FMA metadata rc1,generated CC BY-SA 4.0; original http://creativecommons.org/licenses/by/4.0/,YES,FOLLOW_CC_ATTRIBUTION_AND_SHAREALIKE,FOLLOW_ORIGINAL_FMA_TRACK_LICENSE,Echoes-FMA-paired,c7681007f0e2b3d57b58c1a2990ce4b90a522377b71b81149e7e18bb0aa0f381,echoes_fma::1881,train,ATA,fake
data\raw\public_v9\echoes_fma_paired\real\fma_22472.mp3,0,0,0,0,1,fma_artist_129,Echoes::FMA_original,echoes_fma_paired,echoes_fma_paired,Octavian97/Echoes + official FMA,fma_22472,echoes_fma::22472,https://huggingface.co/datasets/Octavian97/Echoes ; https://github.com/mdeff/fma,Echoes 14b0c76c6a691c42fadfab9fb6a4eb1ee8c628a2; FMA metadata rc1,generated CC BY-SA 4.0; original http://creativecommons.org/licenses/by/3.0/us/,YES,FOLLOW_CC_ATTRIBUTION_AND_SHAREALIKE,FOLLOW_ORIGINAL_FMA_TRACK_LICENSE,Echoes-FMA-paired,8d52154f578338acc468acac5673897fadfbfe103fa7d05b9f25ab54425df62b,echoes_fma::22472,train,TTA,real
data\raw\public_v9\echoes_fma_paired\fake\Busby_Berkeley_Ergo_Phizmiz_acestep_TTA_001.mp3,1,0,1,0,1,fma_artist_129,Echoes::acestep,echoes_fma_paired,echoes_fma_paired,Octavian97/Echoes + official FMA,fma_22472,echoes_fma::22472,https://huggingface.co/datasets/Octavian97/Echoes ; https://github.com/mdeff/fma,Echoes 14b0c76c6a691c42fadfab9fb6a4eb1ee8c628a2; FMA metadata rc1,generated CC BY-SA 4.0; original http://creativecommons.org/licenses/by/3.0/us/,YES,FOLLOW_CC_ATTRIBUTION_AND_SHAREALIKE,FOLLOW_ORIGINAL_FMA_TRACK_LICENSE,Echoes-FMA-paired,b9f4e658b22c2d230d0a46c6199086020b709cdd7052dcb6a6faa880771bedc2,echoes_fma::22472,train,TTA,fake
data\raw\public_v9\echoes_fma_paired\fake\Busby_Berkeley_Ergo_Phizmiz_audioldm_ATA_001.mp3,1,0,1,0,1,fma_artist_129,Echoes::audioldm,echoes_fma_paired,echoes_fma_paired,Octavian97/Echoes + official FMA,fma_22472,echoes_fma::22472,https://huggingface.co/datasets/Octavian97/Echoes ; https://github.com/mdeff/fma,Echoes 14b0c76c6a691c42fadfab9fb6a4eb1ee8c628a2; FMA metadata rc1,generated CC BY-SA 4.0; original http://creativecommons.org/licenses/by/3.0/us/,YES,FOLLOW_CC_ATTRIBUTION_AND_SHAREALIKE,FOLLOW_ORIGINAL_FMA_TRACK_LICENSE,Echoes-FMA-paired,44772bb866265ab776699ebe3e187b3b7496c21a2dd9fe3502888e2420c8367b,echoes_fma::22472,train,ATA,fake
data\raw\public_v9\echoes_fma_paired\fake\Busby_Berkeley_Ergo_Phizmiz_brev_TTA_001.mp3,1,0,1,0,1,fma_artist_129,Echoes::brev,echoes_fma_paired,echoes_fma_paired,Octavian97/Echoes + official FMA,fma_22472,echoes_fma::22472,https://huggingface.co/datasets/Octavian97/Echoes ; https://github.com/mdeff/fma,Echoes 14b0c76c6a691c42fadfab9fb6a4eb1ee8c628a2; FMA metadata rc1,generated CC BY-SA 4.0; original http://creativecommons.org/licenses/by/3.0/us/,YES,FOLLOW_CC_ATTRIBUTION_AND_SHAREALIKE,FOLLOW_ORIGINAL_FMA_TRACK_LICENSE,Echoes-FMA-paired,3b1fd0bd440416933bc0eb27866d7e586d84674e8d64ab42636ad1c0839375cc,echoes_fma::22472,train,TTA,fake
data\raw\public_v9\echoes_fma_paired\fake\Busby_Berkeley_Ergo_Phizmiz_elevenlabs_TTA_001.mp3,1,0,1,0,1,fma_artist_129,Echoes::elevenlabs,echoes_fma_paired,echoes_fma_paired,Octavian97/Echoes + official FMA,fma_22472,echoes_fma::22472,https://huggingface.co/datasets/Octavian97/Echoes ; https://github.com/mdeff/fma,Echoes 14b0c76c6a691c42fadfab9fb6a4eb1ee8c628a2; FMA metadata rc1,generated CC BY-SA 4.0; original http://creativecommons.org/licenses/by/3.0/us/,YES,FOLLOW_CC_ATTRIBUTION_AND_SHAREALIKE,FOLLOW_ORIGINAL_FMA_TRACK_LICENSE,Echoes-FMA-paired,8ba54f058e5f5969ae25a3904a4d65d875dc9e7165fb1888bd2a30c1c9a4d2ff,echoes_fma::22472,train,TTA,fake
data\raw\public_v9\echoes_fma_paired\fake\Busby_Berkeley_Ergo_Phizmiz_mubert_TTA_001.mp3,1,0,1,0,1,fma_artist_129,Echoes::mubert,echoes_fma_paired,echoes_fma_paired,Octavian97/Echoes + official FMA,fma_22472,echoes_fma::22472,https://huggingface.co/datasets/Octavian97/Echoes ; https://github.com/mdeff/fma,Echoes 14b0c76c6a691c42fadfab9fb6a4eb1ee8c628a2; FMA metadata rc1,generated CC BY-SA 4.0; original http://creativecommons.org/licenses/by/3.0/us/,YES,FOLLOW_CC_ATTRIBUTION_AND_SHAREALIKE,FOLLOW_ORIGINAL_FMA_TRACK_LICENSE,Echoes-FMA-paired,70928dfb91ec3a151c2d19429194685a5707ee1efb53073edaaf31bf1260d1af,echoes_fma::22472,train,TTA,fake
data\raw\public_v9\echoes_fma_paired\fake\Busby_Berkeley_Ergo_Phizmiz_musicgen_ATA_001.wav,1,0,1,0,1,fma_artist_129,Echoes::musicgen,echoes_fma_paired,echoes_fma_paired,Octavian97/Echoes + official FMA,fma_22472,echoes_fma::22472,https://huggingface.co/datasets/Octavian97/Echoes ; https://github.com/mdeff/fma,Echoes 14b0c76c6a691c42fadfab9fb6a4eb1ee8c628a2; FMA metadata rc1,generated CC BY-SA 4.0; original http://creativecommons.org/licenses/by/3.0/us/,YES,FOLLOW_CC_ATTRIBUTION_AND_SHAREALIKE,FOLLOW_ORIGINAL_FMA_TRACK_LICENSE,Echoes-FMA-paired,f84b80c338d1c36f54c4001093d09f7c0c29c6de37e3713367a93b22010f4fa4,echoes_fma::22472,train,ATA,fake
data\raw\public_v9\echoes_fma_paired\fake\Busby_Berkeley_Ergo_Phizmiz_producer_ATA_001.mp3,1,0,1,0,1,fma_artist_129,Echoes::producer,echoes_fma_paired,echoes_fma_paired,Octavian97/Echoes + official FMA,fma_22472,echoes_fma::22472,https://huggingface.co/datasets/Octavian97/Echoes ; https://github.com/mdeff/fma,Echoes 14b0c76c6a691c42fadfab9fb6a4eb1ee8c628a2; FMA metadata rc1,generated CC BY-SA 4.0; original http://creativecommons.org/licenses/by/3.0/us/,YES,FOLLOW_CC_ATTRIBUTION_AND_SHAREALIKE,FOLLOW_ORIGINAL_FMA_TRACK_LICENSE,Echoes-FMA-paired,1b615dd074eae03c5e891b76a76a42e98711be875287bd6655bbc6703944b428,echoes_fma::22472,train,ATA,fake
data\raw\public_v9\echoes_fma_paired\fake\Busby_Berkeley_Ergo_Phizmiz_stableaudio_TTA_001.mp3,1,0,1,0,1,fma_artist_129,Echoes::stableaudio,echoes_fma_paired,echoes_fma_paired,Octavian97/Echoes + official FMA,fma_22472,echoes_fma::22472,https://huggingface.co/datasets/Octavian97/Echoes ; https://github.com/mdeff/fma,Echoes 14b0c76c6a691c42fadfab9fb6a4eb1ee8c628a2; FMA metadata rc1,generated CC BY-SA 4.0; original http://creativecommons.org/licenses/by/3.0/us/,YES,FOLLOW_CC_ATTRIBUTION_AND_SHAREALIKE,FOLLOW_ORIGINAL_FMA_TRACK_LICENSE,Echoes-FMA-paired,dc6a3f0f1424cf9efe8b1a85adcfbc1ad0f23bb536ecdd67ef4e31d3131dae89,echoes_fma::22472,train,TTA,fake
data\raw\public_v9\echoes_fma_paired\fake\Busby_Berkeley_Ergo_Phizmiz_suno_TTA_001.mp3,1,0,1,0,1,fma_artist_129,Echoes::suno,echoes_fma_paired,echoes_fma_paired,Octavian97/Echoes + official FMA,fma_22472,echoes_fma::22472,https://huggingface.co/datasets/Octavian97/Echoes ; https://github.com/mdeff/fma,Echoes 14b0c76c6a691c42fadfab9fb6a4eb1ee8c628a2; FMA metadata rc1,generated CC BY-SA 4.0; original http://creativecommons.org/licenses/by/3.0/us/,YES,FOLLOW_CC_ATTRIBUTION_AND_SHAREALIKE,FOLLOW_ORIGINAL_FMA_TRACK_LICENSE,Echoes-FMA-paired,b9b6cf6936b6cb83af2cf7e6b64f4191a9e396ebf13b04ec4c010ab1102e1074,echoes_fma::22472,train,TTA,fake
data\raw\public_v9\echoes_fma_paired\fake\Busby_Berkeley_Ergo_Phizmiz_udio_TTA_001.mp3,1,0,1,0,1,fma_artist_129,Echoes::udio,echoes_fma_paired,echoes_fma_paired,Octavian97/Echoes + official FMA,fma_22472,echoes_fma::22472,https://huggingface.co/datasets/Octavian97/Echoes ; https://github.com/mdeff/fma,Echoes 14b0c76c6a691c42fadfab9fb6a4eb1ee8c628a2; FMA metadata rc1,generated CC BY-SA 4.0; original http://creativecommons.org/licenses/by/3.0/us/,YES,FOLLOW_CC_ATTRIBUTION_AND_SHAREALIKE,FOLLOW_ORIGINAL_FMA_TRACK_LICENSE,Echoes-FMA-paired,4bbd999f3a475160ed204f3a9ee18055695e16bf6e917be4a8f64dc8649bc746,echoes_fma::22472,train,TTA,fake
data\raw\public_v9\echoes_fma_paired\real\fma_22473.mp3,0,0,0,0,1,fma_artist_129,Echoes::FMA_original,echoes_fma_paired,echoes_fma_paired,Octavian97/Echoes + official FMA,fma_22473,echoes_fma::22473,https://huggingface.co/datasets/Octavian97/Echoes ; https://github.com/mdeff/fma,Echoes 14b0c76c6a691c42fadfab9fb6a4eb1ee8c628a2; FMA metadata rc1,generated CC BY-SA 4.0; original http://creativecommons.org/licenses/by/3.0/us/,YES,FOLLOW_CC_ATTRIBUTION_AND_SHAREALIKE,FOLLOW_ORIGINAL_FMA_TRACK_LICENSE,Echoes-FMA-paired,b07bd8b2b95212305196ce762b501945d8ebbaf6951e57f94160f183f9652631,echoes_fma::22473,train,TTA,real
data\raw\public_v9\echoes_fma_paired\fake\Food_and_War_Ergo_Phizmiz_brev_TTA_001.mp3,1,0,1,0,1,fma_artist_129,Echoes::brev,echoes_fma_paired,echoes_fma_paired,Octavian97/Echoes + official FMA,fma_22473,echoes_fma::22473,https://huggingface.co/datasets/Octavian97/Echoes ; https://github.com/mdeff/fma,Echoes 14b0c76c6a691c42fadfab9fb6a4eb1ee8c628a2; FMA metadata rc1,generated CC BY-SA 4.0; original http://creativecommons.org/licenses/by/3.0/us/,YES,FOLLOW_CC_ATTRIBUTION_AND_SHAREALIKE,FOLLOW_ORIGINAL_FMA_TRACK_LICENSE,Echoes-FMA-paired,f73030ccea864c059b89da6bc55b22cbe7e6286cc4fe0637b46d12756d8ac560,echoes_fma::22473,train,TTA,fake
data\raw\public_v9\echoes_fma_paired\fake\Food_and_War_Ergo_Phizmiz_elevenlabs_TTA_001.mp3,1,0,1,0,1,fma_artist_129,Echoes::elevenlabs,echoes_fma_paired,echoes_fma_paired,Octavian97/Echoes + official FMA,fma_22473,echoes_fma::22473,https://huggingface.co/datasets/Octavian97/Echoes ; https://github.com/mdeff/fma,Echoes 14b0c76c6a691c42fadfab9fb6a4eb1ee8c628a2; FMA metadata rc1,generated CC BY-SA 4.0; original http://creativecommons.org/licenses/by/3.0/us/,YES,FOLLOW_CC_ATTRIBUTION_AND_SHAREALIKE,FOLLOW_ORIGINAL_FMA_TRACK_LICENSE,Echoes-FMA-paired,44bf7bcf796f6000f88cb65afaaf2672c1d162451b50d99c600835b0f5843dd9,echoes_fma::22473,train,TTA,fake
data\raw\public_v9\echoes_fma_paired\fake\Food_and_War_Ergo_Phizmiz_mubert_TTA_001.mp3,1,0,1,0,1,fma_artist_129,Echoes::mubert,echoes_fma_paired,echoes_fma_paired,Octavian97/Echoes + official FMA,fma_22473,echoes_fma::22473,https://huggingface.co/datasets/Octavian97/Echoes ; https://github.com/mdeff/fma,Echoes 14b0c76c6a691c42fadfab9fb6a4eb1ee8c628a2; FMA metadata rc1,generated CC BY-SA 4.0; original http://creativecommons.org/licenses/by/3.0/us/,YES,FOLLOW_CC_ATTRIBUTION_AND_SHAREALIKE,FOLLOW_ORIGINAL_FMA_TRACK_LICENSE,Echoes-FMA-paired,66437fa7361d09fdcefc60077e48463398541c6ff6879731674b57f5e0690bd8,echoes_fma::22473,train,TTA,fake
data\raw\public_v9\echoes_fma_paired\fake\Food_and_War_Ergo_Phizmiz_producer_ATA_001.mp3,1,0,1,0,1,fma_artist_129,Echoes::producer,echoes_fma_paired,echoes_fma_paired,Octavian97/Echoes + official FMA,fma_22473,echoes_fma::22473,https://huggingface.co/datasets/Octavian97/Echoes ; https://github.com/mdeff/fma,Echoes 14b0c76c6a691c42fadfab9fb6a4eb1ee8c628a2; FMA metadata rc1,generated CC BY-SA 4.0; original http://creativecommons.org/licenses/by/3.0/us/,YES,FOLLOW_CC_ATTRIBUTION_AND_SHAREALIKE,FOLLOW_ORIGINAL_FMA_TRACK_LICENSE,Echoes-FMA-paired,4cf36bde909f80a8013fa161fc53400110e66c4de2d81643c1d9f755d2f69ea0,echoes_fma::22473,train,ATA,fake
data\raw\public_v9\echoes_fma_paired\fake\Food_and_War_Ergo_Phizmiz_suno_TTA_001.mp3,1,0,1,0,1,fma_artist_129,Echoes::suno,echoes_fma_paired,echoes_fma_paired,Octavian97/Echoes + official FMA,fma_22473,echoes_fma::22473,https://huggingface.co/datasets/Octavian97/Echoes ; https://github.com/mdeff/fma,Echoes 14b0c76c6a691c42fadfab9fb6a4eb1ee8c628a2; FMA metadata rc1,generated CC BY-SA 4.0; original http://creativecommons.org/licenses/by/3.0/us/,YES,FOLLOW_CC_ATTRIBUTION_AND_SHAREALIKE,FOLLOW_ORIGINAL_FMA_TRACK_LICENSE,Echoes-FMA-paired,3448b2a8fd26b4a747ca2a6fdc9474ba06db5f85810ed694f8df0e95cfd2b0af,echoes_fma::22473,train,TTA,fake
data\raw\public_v9\echoes_fma_paired\fake\Food_and_War_Ergo_Phizmiz_udio_TTA_001.mp3,1,0,1,0,1,fma_artist_129,Echoes::udio,echoes_fma_paired,echoes_fma_paired,Octavian97/Echoes + official FMA,fma_22473,echoes_fma::22473,https://huggingface.co/datasets/Octavian97/Echoes ; https://github.com/mdeff/fma,Echoes 14b0c76c6a691c42fadfab9fb6a4eb1ee8c628a2; FMA metadata rc1,generated CC BY-SA 4.0; original http://creativecommons.org/licenses/by/3.0/us/,YES,FOLLOW_CC_ATTRIBUTION_AND_SHAREALIKE,FOLLOW_ORIGINAL_FMA_TRACK_LICENSE,Echoes-FMA-paired,870f51963b1e1d8c344d3a1abc4c2e74582b1fcfd74401d2fa32dab551720afc,echoes_fma::22473,train,TTA,fake
data\raw\public_v9\echoes_fma_paired\real\fma_22480.mp3,0,0,0,0,1,fma_artist_129,Echoes::FMA_original,echoes_fma_paired,echoes_fma_paired,Octavian97/Echoes + official FMA,fma_22480,echoes_fma::22480,https://huggingface.co/datasets/Octavian97/Echoes ; https://github.com/mdeff/fma,Echoes 14b0c76c6a691c42fadfab9fb6a4eb1ee8c628a2; FMA metadata rc1,generated CC BY-SA 4.0; original http://creativecommons.org/licenses/by/3.0/us/,YES,FOLLOW_CC_ATTRIBUTION_AND_SHAREALIKE,FOLLOW_ORIGINAL_FMA_TRACK_LICENSE,Echoes-FMA-paired,4f4e823d75d74ea259ceda929001ea3af55fdc07cc8a5cac18f220b7c598e5d2,echoes_fma::22480,train,TTA,real
data\raw\public_v9\echoes_fma_paired\fake\Celia_Ergo_Phizmiz_acestep_TTA_001.mp3,1,0,1,0,1,fma_artist_129,Echoes::acestep,echoes_fma_paired,echoes_fma_paired,Octavian97/Echoes + official FMA,fma_22480,echoes_fma::22480,https://huggingface.co/datasets/Octavian97/Echoes ; https://github.com/mdeff/fma,Echoes 14b0c76c6a691c42fadfab9fb6a4eb1ee8c628a2; FMA metadata rc1,generated CC BY-SA 4.0; original http://creativecommons.org/licenses/by/3.0/us/,YES,FOLLOW_CC_ATTRIBUTION_AND_SHAREALIKE,FOLLOW_ORIGINAL_FMA_TRACK_LICENSE,Echoes-FMA-paired,1a9b44bfbaedf6b162445f884774b93a447d7fa49d0c57d1ea7db97093589094,echoes_fma::22480,train,TTA,fake
data\raw\public_v9\echoes_fma_paired\fake\Celia_Ergo_Phizmiz_audioldm_ATA_001.mp3,1,0,1,0,1,fma_artist_129,Echoes::audioldm,echoes_fma_paired,echoes_fma_paired,Octavian97/Echoes + official FMA,fma_22480,echoes_fma::22480,https://huggingface.co/datasets/Octavian97/Echoes ; https://github.com/mdeff/fma,Echoes 14b0c76c6a691c42fadfab9fb6a4eb1ee8c628a2; FMA metadata rc1,generated CC BY-SA 4.0; original http://creativecommons.org/licenses/by/3.0/us/,YES,FOLLOW_CC_ATTRIBUTION_AND_SHAREALIKE,FOLLOW_ORIGINAL_FMA_TRACK_LICENSE,Echoes-FMA-paired,d066f1c9e023f47fe10989137242dce385b349c08e5e0c17ea8b9615aac11e2e,echoes_fma::22480,train,ATA,fake
data\raw\public_v9\echoes_fma_paired\fake\Celia_Ergo_Phizmiz_brev_TTA_001.mp3,1,0,1,0,1,fma_artist_129,Echoes::brev,echoes_fma_paired,echoes_fma_paired,Octavian97/Echoes + official FMA,fma_22480,echoes_fma::22480,https://huggingface.co/datasets/Octavian97/Echoes ; https://github.com/mdeff/fma,Echoes 14b0c76c6a691c42fadfab9fb6a4eb1ee8c628a2; FMA metadata rc1,generated CC BY-SA 4.0; original http://creativecommons.org/licenses/by/3.0/us/,YES,FOLLOW_CC_ATTRIBUTION_AND_SHAREALIKE,FOLLOW_ORIGINAL_FMA_TRACK_LICENSE,Echoes-FMA-paired,0e52297ae203d9289597e8f111753b39a2da7a223d66037297c9c99aef8b11c9,echoes_fma::22480,train,TTA,fake
data\raw\public_v9\echoes_fma_paired\fake\Celia_Ergo_Phizmiz_elevenlabs_TTA_001.mp3,1,0,1,0,1,fma_artist_129,Echoes::elevenlabs,echoes_fma_paired,echoes_fma_paired,Octavian97/Echoes + official FMA,fma_22480,echoes_fma::22480,https://huggingface.co/datasets/Octavian97/Echoes ; https://github.com/mdeff/fma,Echoes 14b0c76c6a691c42fadfab9fb6a4eb1ee8c628a2; FMA metadata rc1,generated CC BY-SA 4.0; original http://creativecommons.org/licenses/by/3.0/us/,YES,FOLLOW_CC_ATTRIBUTION_AND_SHAREALIKE,FOLLOW_ORIGINAL_FMA_TRACK_LICENSE,Echoes-FMA-paired,bc662461c6b502cdc901d85e70ae296ea266e636c039d271da727ba40bbf2337,echoes_fma::22480,train,TTA,fake
data\raw\public_v9\echoes_fma_paired\fake\Celia_Ergo_Phizmiz_mubert_TTA_001.mp3,1,0,1,0,1,fma_artist_129,Echoes::mubert,echoes_fma_paired,echoes_fma_paired,Octavian97/Echoes + official FMA,fma_22480,echoes_fma::22480,https://huggingface.co/datasets/Octavian97/Echoes ; https://github.com/mdeff/fma,Echoes 14b0c76c6a691c42fadfab9fb6a4eb1ee8c628a2; FMA metadata rc1,generated CC BY-SA 4.0; original http://creativecommons.org/licenses/by/3.0/us/,YES,FOLLOW_CC_ATTRIBUTION_AND_SHAREALIKE,FOLLOW_ORIGINAL_FMA_TRACK_LICENSE,Echoes-FMA-paired,c39989d841b9fb6550fedaf59ee2f1cd293ea70dbf3c95b87fd5d1ed3cc4c6a1,echoes_fma::22480,train,TTA,fake
data\raw\public_v9\echoes_fma_paired\fake\Celia_Ergo_Phizmiz_musicgen_ATA_001.wav,1,0,1,0,1,fma_artist_129,Echoes::musicgen,echoes_fma_paired,echoes_fma_paired,Octavian97/Echoes + official FMA,fma_22480,echoes_fma::22480,https://huggingface.co/datasets/Octavian97/Echoes ; https://github.com/mdeff/fma,Echoes 14b0c76c6a691c42fadfab9fb6a4eb1ee8c628a2; FMA metadata rc1,generated CC BY-SA 4.0; original http://creativecommons.org/licenses/by/3.0/us/,YES,FOLLOW_CC_ATTRIBUTION_AND_SHAREALIKE,FOLLOW_ORIGINAL_FMA_TRACK_LICENSE,Echoes-FMA-paired,8f56415bec71cb07dccfc8a44fd62d9422dae40608ba93e3cc2a69ed0b6d89a6,echoes_fma::22480,train,ATA,fake
data\raw\public_v9\echoes_fma_paired\fake\Celia_Ergo_Phizmiz_producer_ATA_001.mp3,1,0,1,0,1,fma_artist_129,Echoes::producer,echoes_fma_paired,echoes_fma_paired,Octavian97/Echoes + official FMA,fma_22480,echoes_fma::22480,https://huggingface.co/datasets/Octavian97/Echoes ; https://github.com/mdeff/fma,Echoes 14b0c76c6a691c42fadfab9fb6a4eb1ee8c628a2; FMA metadata rc1,generated CC BY-SA 4.0; original http://creativecommons.org/licenses/by/3.0/us/,YES,FOLLOW_CC_ATTRIBUTION_AND_SHAREALIKE,FOLLOW_ORIGINAL_FMA_TRACK_LICENSE,Echoes-FMA-paired,d2c37b529115ac10090ae01ccddfba8187e7d7f4706765f92d2116530865523a,echoes_fma::22480,train,ATA,fake
data\raw\public_v9\echoes_fma_paired\fake\Celia_Ergo_Phizmiz_stableaudio_TTA_001.mp3,1,0,1,0,1,fma_artist_129,Echoes::stableaudio,echoes_fma_paired,echoes_fma_paired,Octavian97/Echoes + official FMA,fma_22480,echoes_fma::22480,https://huggingface.co/datasets/Octavian97/Echoes ; https://github.com/mdeff/fma,Echoes 14b0c76c6a691c42fadfab9fb6a4eb1ee8c628a2; FMA metadata rc1,generated CC BY-SA 4.0; original http://creativecommons.org/licenses/by/3.0/us/,YES,FOLLOW_CC_ATTRIBUTION_AND_SHAREALIKE,FOLLOW_ORIGINAL_FMA_TRACK_LICENSE,Echoes-FMA-paired,aa18ea7c019aa081738ac5e0375d40f25c2c8410d37c2485447eb816746a8957,echoes_fma::22480,train,TTA,fake
data\raw\public_v9\echoes_fma_paired\fake\Celia_Ergo_Phizmiz_suno_TTA_001.mp3,1,0,1,0,1,fma_artist_129,Echoes::suno,echoes_fma_paired,echoes_fma_paired,Octavian97/Echoes + official FMA,fma_22480,echoes_fma::22480,https://huggingface.co/datasets/Octavian97/Echoes ; https://github.com/mdeff/fma,Echoes 14b0c76c6a691c42fadfab9fb6a4eb1ee8c628a2; FMA metadata rc1,generated CC BY-SA 4.0; original http://creativecommons.org/licenses/by/3.0/us/,YES,FOLLOW_CC_ATTRIBUTION_AND_SHAREALIKE,FOLLOW_ORIGINAL_FMA_TRACK_LICENSE,Echoes-FMA-paired,f36f61199334b4049261c0a779e3902cdf628169f6b9157984064d3866375b0f,echoes_fma::22480,train,TTA,fake
data\raw\public_v9\echoes_fma_paired\fake\Celia_Ergo_Phizmiz_udio_TTA_001.mp3,1,0,1,0,1,fma_artist_129,Echoes::udio,echoes_fma_paired,echoes_fma_paired,Octavian97/Echoes + official FMA,fma_22480,echoes_fma::22480,https://huggingface.co/datasets/Octavian97/Echoes ; https://github.com/mdeff/fma,Echoes 14b0c76c6a691c42fadfab9fb6a4eb1ee8c628a2; FMA metadata rc1,generated CC BY-SA 4.0; original http://creativecommons.org/licenses/by/3.0/us/,YES,FOLLOW_CC_ATTRIBUTION_AND_SHAREALIKE,FOLLOW_ORIGINAL_FMA_TRACK_LICENSE,Echoes-FMA-paired,855d099cb6b2d1651155b10eae170d3bfeaf7a79f0cd52dd14d1d57f9ab8ca58,echoes_fma::22480,train,TTA,fake
data\raw\public_v9\echoes_fma_paired\real\fma_3966.mp3,0,0,0,0,1,fma_artist_1041,Echoes::FMA_original,echoes_fma_paired,echoes_fma_paired,Octavian97/Echoes + official FMA,fma_3966,echoes_fma::3966,https://huggingface.co/datasets/Octavian97/Echoes ; https://github.com/mdeff/fma,Echoes 14b0c76c6a691c42fadfab9fb6a4eb1ee8c628a2; FMA metadata rc1,generated CC BY-SA 4.0; original http://creativecommons.org/licenses/by/4.0/,YES,FOLLOW_CC_ATTRIBUTION_AND_SHAREALIKE,FOLLOW_ORIGINAL_FMA_TRACK_LICENSE,Echoes-FMA-paired,4ae56b8ad4d615109bd3dcb353e0d899e196854fe2a4e9b52e75b69dc99b7163,echoes_fma::3966,train,TTA,real
data\raw\public_v9\echoes_fma_paired\fake\Eyes_Getting_Louder_Mod_Fun_stableaudio_TTA_001.mp3,1,0,1,0,1,fma_artist_1041,Echoes::stableaudio,echoes_fma_paired,echoes_fma_paired,Octavian97/Echoes + official FMA,fma_3966,echoes_fma::3966,https://huggingface.co/datasets/Octavian97/Echoes ; https://github.com/mdeff/fma,Echoes 14b0c76c6a691c42fadfab9fb6a4eb1ee8c628a2; FMA metadata rc1,generated CC BY-SA 4.0; original http://creativecommons.org/licenses/by/4.0/,YES,FOLLOW_CC_ATTRIBUTION_AND_SHAREALIKE,FOLLOW_ORIGINAL_FMA_TRACK_LICENSE,Echoes-FMA-paired,2514ac0509a20da17ad0c263e0189f49b11ca29ffb7f54b40cd2a45ce06cdfd4,echoes_fma::3966,train,TTA,fake
data\raw\public_v9\echoes_fma_paired\real\fma_3988.mp3,0,0,0,0,1,fma_artist_1042,Echoes::FMA_original,echoes_fma_paired,echoes_fma_paired,Octavian97/Echoes + official FMA,fma_3988,echoes_fma::3988,https://huggingface.co/datasets/Octavian97/Echoes ; https://github.com/mdeff/fma,Echoes 14b0c76c6a691c42fadfab9fb6a4eb1ee8c628a2; FMA metadata rc1,generated CC BY-SA 4.0; original http://creativecommons.org/licenses/by/4.0/,YES,FOLLOW_CC_ATTRIBUTION_AND_SHAREALIKE,FOLLOW_ORIGINAL_FMA_TRACK_LICENSE,Echoes-FMA-paired,0ce03dda2480f8dabf122eadb3f8aef3ccb4585ebaf2aefb21ea8016ba9ed65d,echoes_fma::3988,train,TTA,real
data\raw\public_v9\echoes_fma_paired\fake\Dr._Bodysnatcher_Modey_Lemon_acestep_TTA_001.mp3,1,0,1,0,1,fma_artist_1042,Echoes::acestep,echoes_fma_paired,echoes_fma_paired,Octavian97/Echoes + official FMA,fma_3988,echoes_fma::3988,https://huggingface.co/datasets/Octavian97/Echoes ; https://github.com/mdeff/fma,Echoes 14b0c76c6a691c42fadfab9fb6a4eb1ee8c628a2; FMA metadata rc1,generated CC BY-SA 4.0; original http://creativecommons.org/licenses/by/4.0/,YES,FOLLOW_CC_ATTRIBUTION_AND_SHAREALIKE,FOLLOW_ORIGINAL_FMA_TRACK_LICENSE,Echoes-FMA-paired,8d1089dba62127a2e19be4da17b87ad07b37de457cb61acb9d8690258662c0bf,echoes_fma::3988,train,TTA,fake
data\raw\public_v9\echoes_fma_paired\fake\Dr._Bodysnatcher_Modey_Lemon_audioldm_ATA_001.mp3,1,0,1,0,1,fma_artist_1042,Echoes::audioldm,echoes_fma_paired,echoes_fma_paired,Octavian97/Echoes + official FMA,fma_3988,echoes_fma::3988,https://huggingface.co/datasets/Octavian97/Echoes ; https://github.com/mdeff/fma,Echoes 14b0c76c6a691c42fadfab9fb6a4eb1ee8c628a2; FMA metadata rc1,generated CC BY-SA 4.0; original http://creativecommons.org/licenses/by/4.0/,YES,FOLLOW_CC_ATTRIBUTION_AND_SHAREALIKE,FOLLOW_ORIGINAL_FMA_TRACK_LICENSE,Echoes-FMA-paired,58ab7a0a28a57c56414bb4d2723a42656dfda0d8e52ba735e90e0064fb9ec4bc,echoes_fma::3988,train,ATA,fake
data\raw\public_v9\echoes_fma_paired\fake\Dr_Bodysnatcher_Modey_Lemon_musicgen_ATA_001.wav,1,0,1,0,1,fma_artist_1042,Echoes::musicgen,echoes_fma_paired,echoes_fma_paired,Octavian97/Echoes + official FMA,fma_3988,echoes_fma::3988,https://huggingface.co/datasets/Octavian97/Echoes ; https://github.com/mdeff/fma,Echoes 14b0c76c6a691c42fadfab9fb6a4eb1ee8c628a2; FMA metadata rc1,generated CC BY-SA 4.0; original http://creativecommons.org/licenses/by/4.0/,YES,FOLLOW_CC_ATTRIBUTION_AND_SHAREALIKE,FOLLOW_ORIGINAL_FMA_TRACK_LICENSE,Echoes-FMA-paired,6f5909b4918421742d56d2968f7f7e4d977355a1f0707a6acdfc965148c4d37e,echoes_fma::3988,train,ATA,fake
data\raw\public_v9\echoes_fma_paired\real\fma_5289.mp3,0,0,0,0,1,fma_artist_763,Echoes::FMA_original,echoes_fma_paired,echoes_fma_paired,Octavian97/Echoes + official FMA,fma_5289,echoes_fma::5289,https://huggingface.co/datasets/Octavian97/Echoes ; https://github.com/mdeff/fma,Echoes 14b0c76c6a691c42fadfab9fb6a4eb1ee8c628a2; FMA metadata rc1,generated CC BY-SA 4.0; original http://creativecommons.org/licenses/by/4.0/,YES,FOLLOW_CC_ATTRIBUTION_AND_SHAREALIKE,FOLLOW_ORIGINAL_FMA_TRACK_LICENSE,Echoes-FMA-paired,540ecddda50474f5428f78f6bf5dd3d2d3e2bed0ecb66d53dee3ae1aa4ec41c1,echoes_fma::5289,train,TTA,real
data\raw\public_v9\echoes_fma_paired\fake\Dont_want_to_be_your_man_Frigg_A_Go_Go_F.A.G.G._acestep_TTA_001.mp3,1,0,1,0,1,fma_artist_763,Echoes::acestep,echoes_fma_paired,echoes_fma_paired,Octavian97/Echoes + official FMA,fma_5289,echoes_fma::5289,https://huggingface.co/datasets/Octavian97/Echoes ; https://github.com/mdeff/fma,Echoes 14b0c76c6a691c42fadfab9fb6a4eb1ee8c628a2; FMA metadata rc1,generated CC BY-SA 4.0; original http://creativecommons.org/licenses/by/4.0/,YES,FOLLOW_CC_ATTRIBUTION_AND_SHAREALIKE,FOLLOW_ORIGINAL_FMA_TRACK_LICENSE,Echoes-FMA-paired,51a3d1d39ffe9832be66ede38dd42c09dca2e725d5ad66ab1dff6dcce9fdabbd,echoes_fma::5289,train,TTA,fake
data\raw\public_v9\echoes_fma_paired\fake\Dont_want_to_be_your_man_Frigg_A_Go_Go_F.A.G.G._audioldm_ATA_001.mp3,1,0,1,0,1,fma_artist_763,Echoes::audioldm,echoes_fma_paired,echoes_fma_paired,Octavian97/Echoes + official FMA,fma_5289,echoes_fma::5289,https://huggingface.co/datasets/Octavian97/Echoes ; https://github.com/mdeff/fma,Echoes 14b0c76c6a691c42fadfab9fb6a4eb1ee8c628a2; FMA metadata rc1,generated CC BY-SA 4.0; original http://creativecommons.org/licenses/by/4.0/,YES,FOLLOW_CC_ATTRIBUTION_AND_SHAREALIKE,FOLLOW_ORIGINAL_FMA_TRACK_LICENSE,Echoes-FMA-paired,8b905c09c09e299e6a10e747639d35a89aef85cd194dcb1b475b3589a53bdcb6,echoes_fma::5289,train,ATA,fake
data\raw\public_v9\echoes_fma_paired\fake\Dont_want_to_be_your_man_Frigg_A_Go_Go_FAGG_musicgen_ATA_001.wav,1,0,1,0,1,fma_artist_763,Echoes::musicgen,echoes_fma_paired,echoes_fma_paired,Octavian97/Echoes + official FMA,fma_5289,echoes_fma::5289,https://huggingface.co/datasets/Octavian97/Echoes ; https://github.com/mdeff/fma,Echoes 14b0c76c6a691c42fadfab9fb6a4eb1ee8c628a2; FMA metadata rc1,generated CC BY-SA 4.0; original http://creativecommons.org/licenses/by/4.0/,YES,FOLLOW_CC_ATTRIBUTION_AND_SHAREALIKE,FOLLOW_ORIGINAL_FMA_TRACK_LICENSE,Echoes-FMA-paired,834d3caf91b47d2ccf457dff3bca46b0b0aacdb5c8245dee184e919b0010125f,echoes_fma::5289,train,ATA,fake
data\raw\public_v9\echoes_fma_paired\fake\Dont_want_to_be_your_man_Frigg_A_Go_Go_F.A.G.G._stableaudio_TTA_001.mp3,1,0,1,0,1,fma_artist_763,Echoes::stableaudio,echoes_fma_paired,echoes_fma_paired,Octavian97/Echoes + official FMA,fma_5289,echoes_fma::5289,https://huggingface.co/datasets/Octavian97/Echoes ; https://github.com/mdeff/fma,Echoes 14b0c76c6a691c42fadfab9fb6a4eb1ee8c628a2; FMA metadata rc1,generated CC BY-SA 4.0; original http://creativecommons.org/licenses/by/4.0/,YES,FOLLOW_CC_ATTRIBUTION_AND_SHAREALIKE,FOLLOW_ORIGINAL_FMA_TRACK_LICENSE,Echoes-FMA-paired,355c625a137ac415558dadfcd80774198ddd26f393c407c8974655e8c38f1d11,echoes_fma::5289,train,TTA,fake
data\raw\public_v9\echoes_fma_paired\real\fma_61491.mp3,0,0,0,0,1,fma_artist_13115,Echoes::FMA_original,echoes_fma_paired,echoes_fma_paired,Octavian97/Echoes + official FMA,fma_61491,echoes_fma::61491,https://huggingface.co/datasets/Octavian97/Echoes ; https://github.com/mdeff/fma,Echoes 14b0c76c6a691c42fadfab9fb6a4eb1ee8c628a2; FMA metadata rc1,generated CC BY-SA 4.0; original http://creativecommons.org/licenses/by/3.0/,YES,FOLLOW_CC_ATTRIBUTION_AND_SHAREALIKE,FOLLOW_ORIGINAL_FMA_TRACK_LICENSE,Echoes-FMA-paired,840a74339f18e34c968960f0cc6e0fb1ccc63809d1b71f22ca0c5891372d6097,echoes_fma::61491,train,TTA,real
data\raw\public_v9\echoes_fma_paired\fake\Burn_Room_For_A_Ghost_acestep_TTA_001.mp3,1,0,1,0,1,fma_artist_13115,Echoes::acestep,echoes_fma_paired,echoes_fma_paired,Octavian97/Echoes + official FMA,fma_61491,echoes_fma::61491,https://huggingface.co/datasets/Octavian97/Echoes ; https://github.com/mdeff/fma,Echoes 14b0c76c6a691c42fadfab9fb6a4eb1ee8c628a2; FMA metadata rc1,generated CC BY-SA 4.0; original http://creativecommons.org/licenses/by/3.0/,YES,FOLLOW_CC_ATTRIBUTION_AND_SHAREALIKE,FOLLOW_ORIGINAL_FMA_TRACK_LICENSE,Echoes-FMA-paired,53cc399ba341352b361d7a0c582a12e6fd47569d7bd1e5a0fa97b59368a02bd6,echoes_fma::61491,train,TTA,fake
data\raw\public_v9\echoes_fma_paired\fake\Burn_Room_For_A_Ghost_audioldm_ATA_001.mp3,1,0,1,0,1,fma_artist_13115,Echoes::audioldm,echoes_fma_paired,echoes_fma_paired,Octavian97/Echoes + official FMA,fma_61491,echoes_fma::61491,https://huggingface.co/datasets/Octavian97/Echoes ; https://github.com/mdeff/fma,Echoes 14b0c76c6a691c42fadfab9fb6a4eb1ee8c628a2; FMA metadata rc1,generated CC BY-SA 4.0; original http://creativecommons.org/licenses/by/3.0/,YES,FOLLOW_CC_ATTRIBUTION_AND_SHAREALIKE,FOLLOW_ORIGINAL_FMA_TRACK_LICENSE,Echoes-FMA-paired,9e6017d9f3f3ec1cbced8a17ad593e44d6e4225c0aedc1ecd86fc62e23f2d9a3,echoes_fma::61491,train,ATA,fake
data\raw\public_v9\echoes_fma_paired\fake\Burn_Room_For_A_Ghost_musicgen_ATA_001.wav,1,0,1,0,1,fma_artist_13115,Echoes::musicgen,echoes_fma_paired,echoes_fma_paired,Octavian97/Echoes + official FMA,fma_61491,echoes_fma::61491,https://huggingface.co/datasets/Octavian97/Echoes ; https://github.com/mdeff/fma,Echoes 14b0c76c6a691c42fadfab9fb6a4eb1ee8c628a2; FMA metadata rc1,generated CC BY-SA 4.0; original http://creativecommons.org/licenses/by/3.0/,YES,FOLLOW_CC_ATTRIBUTION_AND_SHAREALIKE,FOLLOW_ORIGINAL_FMA_TRACK_LICENSE,Echoes-FMA-paired,683b299f1b144c282247085180993918870202072c41db70a6c3aa6689764c96,echoes_fma::61491,train,ATA,fake
data\raw\public_v9\echoes_fma_paired\fake\Burn_Room_For_A_Ghost_stableaudio_TTA_001.mp3,1,0,1,0,1,fma_artist_13115,Echoes::stableaudio,echoes_fma_paired,echoes_fma_paired,Octavian97/Echoes + official FMA,fma_61491,echoes_fma::61491,https://huggingface.co/datasets/Octavian97/Echoes ; https://github.com/mdeff/fma,Echoes 14b0c76c6a691c42fadfab9fb6a4eb1ee8c628a2; FMA metadata rc1,generated CC BY-SA 4.0; original http://creativecommons.org/licenses/by/3.0/,YES,FOLLOW_CC_ATTRIBUTION_AND_SHAREALIKE,FOLLOW_ORIGINAL_FMA_TRACK_LICENSE,Echoes-FMA-paired,8ec6a8b3d710ee749aaf803ee828bdfbcbeea8aeb9ce522f0fe0e4095ba39a28,echoes_fma::61491,train,TTA,fake
data\raw\public_v9\echoes_fma_paired\real\fma_71505.mp3,0,0,0,0,1,fma_artist_15502,Echoes::FMA_original,echoes_fma_paired,echoes_fma_paired,Octavian97/Echoes + official FMA,fma_71505,echoes_fma::71505,https://huggingface.co/datasets/Octavian97/Echoes ; https://github.com/mdeff/fma,Echoes 14b0c76c6a691c42fadfab9fb6a4eb1ee8c628a2; FMA metadata rc1,generated CC BY-SA 4.0; original http://creativecommons.org/licenses/by/3.0/,YES,FOLLOW_CC_ATTRIBUTION_AND_SHAREALIKE,FOLLOW_ORIGINAL_FMA_TRACK_LICENSE,Echoes-FMA-paired,d31d3f99cf2241671ca8a892d5ccff36ef2ba5db09031da13990cffc8906d683,echoes_fma::71505,train,TTA,real
data\raw\public_v9\echoes_fma_paired\fake\Empower_Thee_vargero_brev_TTA_001.mp3,1,0,1,0,1,fma_artist_15502,Echoes::brev,echoes_fma_paired,echoes_fma_paired,Octavian97/Echoes + official FMA,fma_71505,echoes_fma::71505,https://huggingface.co/datasets/Octavian97/Echoes ; https://github.com/mdeff/fma,Echoes 14b0c76c6a691c42fadfab9fb6a4eb1ee8c628a2; FMA metadata rc1,generated CC BY-SA 4.0; original http://creativecommons.org/licenses/by/3.0/,YES,FOLLOW_CC_ATTRIBUTION_AND_SHAREALIKE,FOLLOW_ORIGINAL_FMA_TRACK_LICENSE,Echoes-FMA-paired,baaf2df8a8562a849825dd89cedafc44d125670528ade7212f0ee0319368b5b4,echoes_fma::71505,train,TTA,fake
data\raw\public_v9\echoes_fma_paired\fake\Empower_Thee_vargero_elevenlabs_TTA_001.mp3,1,0,1,0,1,fma_artist_15502,Echoes::elevenlabs,echoes_fma_paired,echoes_fma_paired,Octavian97/Echoes + official FMA,fma_71505,echoes_fma::71505,https://huggingface.co/datasets/Octavian97/Echoes ; https://github.com/mdeff/fma,Echoes 14b0c76c6a691c42fadfab9fb6a4eb1ee8c628a2; FMA metadata rc1,generated CC BY-SA 4.0; original http://creativecommons.org/licenses/by/3.0/,YES,FOLLOW_CC_ATTRIBUTION_AND_SHAREALIKE,FOLLOW_ORIGINAL_FMA_TRACK_LICENSE,Echoes-FMA-paired,96c7f93da77ac9218463aca6f2a9b4c6e3b246f0b031c33900ade199abe65770,echoes_fma::71505,train,TTA,fake
data\raw\public_v9\echoes_fma_paired\fake\Empower_Thee_vargero_mubert_TTA_001.mp3,1,0,1,0,1,fma_artist_15502,Echoes::mubert,echoes_fma_paired,echoes_fma_paired,Octavian97/Echoes + official FMA,fma_71505,echoes_fma::71505,https://huggingface.co/datasets/Octavian97/Echoes ; https://github.com/mdeff/fma,Echoes 14b0c76c6a691c42fadfab9fb6a4eb1ee8c628a2; FMA metadata rc1,generated CC BY-SA 4.0; original http://creativecommons.org/licenses/by/3.0/,YES,FOLLOW_CC_ATTRIBUTION_AND_SHAREALIKE,FOLLOW_ORIGINAL_FMA_TRACK_LICENSE,Echoes-FMA-paired,8e316174b8960f7118a78e032cc1c48e0f98af5fdac862c141c0bde304cceb90,echoes_fma::71505,train,TTA,fake
data\raw\public_v9\echoes_fma_paired\fake\Empower_Thee_vargero_producer_ATA_001.mp3,1,0,1,0,1,fma_artist_15502,Echoes::producer,echoes_fma_paired,echoes_fma_paired,Octavian97/Echoes + official FMA,fma_71505,echoes_fma::71505,https://huggingface.co/datasets/Octavian97/Echoes ; https://github.com/mdeff/fma,Echoes 14b0c76c6a691c42fadfab9fb6a4eb1ee8c628a2; FMA metadata rc1,generated CC BY-SA 4.0; original http://creativecommons.org/licenses/by/3.0/,YES,FOLLOW_CC_ATTRIBUTION_AND_SHAREALIKE,FOLLOW_ORIGINAL_FMA_TRACK_LICENSE,Echoes-FMA-paired,95bfebfde0dd4458a35e6728da124491b4ee1a25ede7ecba8b3718cb4dddadb9,echoes_fma::71505,train,ATA,fake
data\raw\public_v9\echoes_fma_paired\fake\Empower_Thee_vargero_stableaudio_TTA_001.mp3,1,0,1,0,1,fma_artist_15502,Echoes::stableaudio,echoes_fma_paired,echoes_fma_paired,Octavian97/Echoes + official FMA,fma_71505,echoes_fma::71505,https://huggingface.co/datasets/Octavian97/Echoes ; https://github.com/mdeff/fma,Echoes 14b0c76c6a691c42fadfab9fb6a4eb1ee8c628a2; FMA metadata rc1,generated CC BY-SA 4.0; original http://creativecommons.org/licenses/by/3.0/,YES,FOLLOW_CC_ATTRIBUTION_AND_SHAREALIKE,FOLLOW_ORIGINAL_FMA_TRACK_LICENSE,Echoes-FMA-paired,a089a54d9936f2621728d0e93d948bab6d7c758d609050377e26fef9e0a1421d,echoes_fma::71505,train,TTA,fake
data\raw\public_v9\echoes_fma_paired\fake\Empower_Thee_vargero_suno_TTA_001.mp3,1,0,1,0,1,fma_artist_15502,Echoes::suno,echoes_fma_paired,echoes_fma_paired,Octavian97/Echoes + official FMA,fma_71505,echoes_fma::71505,https://huggingface.co/datasets/Octavian97/Echoes ; https://github.com/mdeff/fma,Echoes 14b0c76c6a691c42fadfab9fb6a4eb1ee8c628a2; FMA metadata rc1,generated CC BY-SA 4.0; original http://creativecommons.org/licenses/by/3.0/,YES,FOLLOW_CC_ATTRIBUTION_AND_SHAREALIKE,FOLLOW_ORIGINAL_FMA_TRACK_LICENSE,Echoes-FMA-paired,78cac4c04875d585e17be1c790a99357ff0abdd6e9e2d33e069d46993f1b1bfd,echoes_fma::71505,train,TTA,fake
data\raw\public_v9\echoes_fma_paired\fake\Empower_Thee_vargero_udio_TTA_001.mp3,1,0,1,0,1,fma_artist_15502,Echoes::udio,echoes_fma_paired,echoes_fma_paired,Octavian97/Echoes + official FMA,fma_71505,echoes_fma::71505,https://huggingface.co/datasets/Octavian97/Echoes ; https://github.com/mdeff/fma,Echoes 14b0c76c6a691c42fadfab9fb6a4eb1ee8c628a2; FMA metadata rc1,generated CC BY-SA 4.0; original http://creativecommons.org/licenses/by/3.0/,YES,FOLLOW_CC_ATTRIBUTION_AND_SHAREALIKE,FOLLOW_ORIGINAL_FMA_TRACK_LICENSE,Echoes-FMA-paired,61554b35ccda5ac46d8a0b4a68ccb8f594a4959abe72d8f49b8812918fb77980,echoes_fma::71505,train,TTA,fake
data\raw\public_v9\echoes_fma_paired\real\fma_71506.mp3,0,0,0,0,1,fma_artist_15501,Echoes::FMA_original,echoes_fma_paired,echoes_fma_paired,Octavian97/Echoes + official FMA,fma_71506,echoes_fma::71506,https://huggingface.co/datasets/Octavian97/Echoes ; https://github.com/mdeff/fma,Echoes 14b0c76c6a691c42fadfab9fb6a4eb1ee8c628a2; FMA metadata rc1,generated CC BY-SA 4.0; original http://creativecommons.org/licenses/by/3.0/,YES,FOLLOW_CC_ATTRIBUTION_AND_SHAREALIKE,FOLLOW_ORIGINAL_FMA_TRACK_LICENSE,Echoes-FMA-paired,fde55dd4674f689a174ebcd12c58ed7acaf3b780b425d11f6d39c8e2d1e11cd8,echoes_fma::71506,train,TTA,real
data\raw\public_v9\echoes_fma_paired\fake\Cloudy_Subway_Sonicbeat_acestep_TTA_001.mp3,1,0,1,0,1,fma_artist_15501,Echoes::acestep,echoes_fma_paired,echoes_fma_paired,Octavian97/Echoes + official FMA,fma_71506,echoes_fma::71506,https://huggingface.co/datasets/Octavian97/Echoes ; https://github.com/mdeff/fma,Echoes 14b0c76c6a691c42fadfab9fb6a4eb1ee8c628a2; FMA metadata rc1,generated CC BY-SA 4.0; original http://creativecommons.org/licenses/by/3.0/,YES,FOLLOW_CC_ATTRIBUTION_AND_SHAREALIKE,FOLLOW_ORIGINAL_FMA_TRACK_LICENSE,Echoes-FMA-paired,c7ddac4fe612db5e481aac458c6771b9e2a92fb869d56be862119c27422d77d1,echoes_fma::71506,train,TTA,fake
data\raw\public_v9\echoes_fma_paired\fake\Cloudy_Subway_Sonicbeat_audioldm_ATA_001.mp3,1,0,1,0,1,fma_artist_15501,Echoes::audioldm,echoes_fma_paired,echoes_fma_paired,Octavian97/Echoes + official FMA,fma_71506,echoes_fma::71506,https://huggingface.co/datasets/Octavian97/Echoes ; https://github.com/mdeff/fma,Echoes 14b0c76c6a691c42fadfab9fb6a4eb1ee8c628a2; FMA metadata rc1,generated CC BY-SA 4.0; original http://creativecommons.org/licenses/by/3.0/,YES,FOLLOW_CC_ATTRIBUTION_AND_SHAREALIKE,FOLLOW_ORIGINAL_FMA_TRACK_LICENSE,Echoes-FMA-paired,0283cb3e39140007888ea17849b21ca138d6fa7cb1a95ff3d8e8a7c569c10c10,echoes_fma::71506,train,ATA,fake
data\raw\public_v9\echoes_fma_paired\fake\Cloudy_Subway_Sonicbeat_musicgen_ATA_001.wav,1,0,1,0,1,fma_artist_15501,Echoes::musicgen,echoes_fma_paired,echoes_fma_paired,Octavian97/Echoes + official FMA,fma_71506,echoes_fma::71506,https://huggingface.co/datasets/Octavian97/Echoes ; https://github.com/mdeff/fma,Echoes 14b0c76c6a691c42fadfab9fb6a4eb1ee8c628a2; FMA metadata rc1,generated CC BY-SA 4.0; original http://creativecommons.org/licenses/by/3.0/,YES,FOLLOW_CC_ATTRIBUTION_AND_SHAREALIKE,FOLLOW_ORIGINAL_FMA_TRACK_LICENSE,Echoes-FMA-paired,2f985970caed6e16b0a3309e6728e00566331e818e7b045cad940a96ced57788,echoes_fma::71506,train,ATA,fake
data\raw\public_v9\echoes_fma_paired\real\fma_74900.mp3,0,0,0,0,1,fma_artist_10484,Echoes::FMA_original,echoes_fma_paired,echoes_fma_paired,Octavian97/Echoes + official FMA,fma_74900,echoes_fma::74900,https://huggingface.co/datasets/Octavian97/Echoes ; https://github.com/mdeff/fma,Echoes 14b0c76c6a691c42fadfab9fb6a4eb1ee8c628a2; FMA metadata rc1,generated CC BY-SA 4.0; original http://creativecommons.org/licenses/by/4.0/,YES,FOLLOW_CC_ATTRIBUTION_AND_SHAREALIKE,FOLLOW_ORIGINAL_FMA_TRACK_LICENSE,Echoes-FMA-paired,1b4e84f2b185ebbd0610e4dc33429968cfd6e2c25548c91f72f3eb32808a896b,echoes_fma::74900,train,ATA,real
data\raw\public_v9\echoes_fma_paired\fake\Chipho_instrumental_RoccoW_audioldm_ATA_001.mp3,1,0,1,0,1,fma_artist_10484,Echoes::audioldm,echoes_fma_paired,echoes_fma_paired,Octavian97/Echoes + official FMA,fma_74900,echoes_fma::74900,https://huggingface.co/datasets/Octavian97/Echoes ; https://github.com/mdeff/fma,Echoes 14b0c76c6a691c42fadfab9fb6a4eb1ee8c628a2; FMA metadata rc1,generated CC BY-SA 4.0; original http://creativecommons.org/licenses/by/4.0/,YES,FOLLOW_CC_ATTRIBUTION_AND_SHAREALIKE,FOLLOW_ORIGINAL_FMA_TRACK_LICENSE,Echoes-FMA-paired,666c43e058b77706570b15084f5ec1818b2f45e5838665cea5a7b26cf65e5bd6,echoes_fma::74900,train,ATA,fake
data\raw\public_v9\echoes_fma_paired\fake\Chipho_instrumental_RoccoW_musicgen_ATA_001.wav,1,0,1,0,1,fma_artist_10484,Echoes::musicgen,echoes_fma_paired,echoes_fma_paired,Octavian97/Echoes + official FMA,fma_74900,echoes_fma::74900,https://huggingface.co/datasets/Octavian97/Echoes ; https://github.com/mdeff/fma,Echoes 14b0c76c6a691c42fadfab9fb6a4eb1ee8c628a2; FMA metadata rc1,generated CC BY-SA 4.0; original http://creativecommons.org/licenses/by/4.0/,YES,FOLLOW_CC_ATTRIBUTION_AND_SHAREALIKE,FOLLOW_ORIGINAL_FMA_TRACK_LICENSE,Echoes-FMA-paired,4b9eeac98803d90d5e6e1fb8a1d5116ee4706016444caf94274d6fd1acc1a811,echoes_fma::74900,train,ATA,fake
data\raw\public_v9\echoes_fma_paired\real\fma_89814.mp3,0,0,0,0,1,fma_artist_16893,Echoes::FMA_original,echoes_fma_paired,echoes_fma_paired,Octavian97/Echoes + official FMA,fma_89814,echoes_fma::89814,https://huggingface.co/datasets/Octavian97/Echoes ; https://github.com/mdeff/fma,Echoes 14b0c76c6a691c42fadfab9fb6a4eb1ee8c628a2; FMA metadata rc1,generated CC BY-SA 4.0; original http://creativecommons.org/licenses/by/3.0/,YES,FOLLOW_CC_ATTRIBUTION_AND_SHAREALIKE,FOLLOW_ORIGINAL_FMA_TRACK_LICENSE,Echoes-FMA-paired,4eef3b315f10957c3afce2d986127ccbb82643fdf41f33e2b3e14329fc977178,echoes_fma::89814,train,TTA,real
data\raw\public_v9\echoes_fma_paired\fake\Dreams_ENDRUDARK_acestep_TTA_001.mp3,1,0,1,0,1,fma_artist_16893,Echoes::acestep,echoes_fma_paired,echoes_fma_paired,Octavian97/Echoes + official FMA,fma_89814,echoes_fma::89814,https://huggingface.co/datasets/Octavian97/Echoes ; https://github.com/mdeff/fma,Echoes 14b0c76c6a691c42fadfab9fb6a4eb1ee8c628a2; FMA metadata rc1,generated CC BY-SA 4.0; original http://creativecommons.org/licenses/by/3.0/,YES,FOLLOW_CC_ATTRIBUTION_AND_SHAREALIKE,FOLLOW_ORIGINAL_FMA_TRACK_LICENSE,Echoes-FMA-paired,f72de064c1aa9231b7895c4ea77ebed31279e7f5cacba1b45bda1c3acc428775,echoes_fma::89814,train,TTA,fake
data\raw\public_v9\echoes_fma_paired\fake\Dreams_ENDRUDARK_audioldm_ATA_001.mp3,1,0,1,0,1,fma_artist_16893,Echoes::audioldm,echoes_fma_paired,echoes_fma_paired,Octavian97/Echoes + official FMA,fma_89814,echoes_fma::89814,https://huggingface.co/datasets/Octavian97/Echoes ; https://github.com/mdeff/fma,Echoes 14b0c76c6a691c42fadfab9fb6a4eb1ee8c628a2; FMA metadata rc1,generated CC BY-SA 4.0; original http://creativecommons.org/licenses/by/3.0/,YES,FOLLOW_CC_ATTRIBUTION_AND_SHAREALIKE,FOLLOW_ORIGINAL_FMA_TRACK_LICENSE,Echoes-FMA-paired,bbdf8116a644b98eb8b219d9266ce7a5ef6283a62d8e188de658bb243d7f8e99,echoes_fma::89814,train,ATA,fake
data\raw\public_v9\echoes_fma_paired\fake\Dreams_ENDRUDARK_musicgen_ATA_001.wav,1,0,1,0,1,fma_artist_16893,Echoes::musicgen,echoes_fma_paired,echoes_fma_paired,Octavian97/Echoes + official FMA,fma_89814,echoes_fma::89814,https://huggingface.co/datasets/Octavian97/Echoes ; https://github.com/mdeff/fma,Echoes 14b0c76c6a691c42fadfab9fb6a4eb1ee8c628a2; FMA metadata rc1,generated CC BY-SA 4.0; original http://creativecommons.org/licenses/by/3.0/,YES,FOLLOW_CC_ATTRIBUTION_AND_SHAREALIKE,FOLLOW_ORIGINAL_FMA_TRACK_LICENSE,Echoes-FMA-paired,1878efe89f1622bf2640e796ccb97e27083376ab1977ae7206c953b3596f42f6,echoes_fma::89814,train,ATA,fake
data\raw\public_v9\echoes_fma_paired\real\fma_111819.mp3,0,0,0,0,1,fma_artist_19189,Echoes::FMA_original,echoes_fma_paired,echoes_fma_paired,Octavian97/Echoes + official FMA,fma_111819,echoes_fma::111819,https://huggingface.co/datasets/Octavian97/Echoes ; https://github.com/mdeff/fma,Echoes 14b0c76c6a691c42fadfab9fb6a4eb1ee8c628a2; FMA metadata rc1,generated CC BY-SA 4.0; original http://creativecommons.org/licenses/by/4.0/,YES,FOLLOW_CC_ATTRIBUTION_AND_SHAREALIKE,FOLLOW_ORIGINAL_FMA_TRACK_LICENSE,Echoes-FMA-paired,a68ded21f76de3066ebdfa297c36e84190f6368d399229db4e1135b55461a013,echoes_fma::111819,val_b_unseen_music_generator,ATA,real
data\raw\public_v9\echoes_fma_paired\fake\Ad_Astra_P_C_III_diffrhythm_ATA_001.mp3,1,0,1,0,1,fma_artist_19189,Echoes::diffrhythm,echoes_fma_paired,echoes_fma_paired,Octavian97/Echoes + official FMA,fma_111819,echoes_fma::111819,https://huggingface.co/datasets/Octavian97/Echoes ; https://github.com/mdeff/fma,Echoes 14b0c76c6a691c42fadfab9fb6a4eb1ee8c628a2; FMA metadata rc1,generated CC BY-SA 4.0; original http://creativecommons.org/licenses/by/4.0/,YES,FOLLOW_CC_ATTRIBUTION_AND_SHAREALIKE,FOLLOW_ORIGINAL_FMA_TRACK_LICENSE,Echoes-FMA-paired,ea9233246d838a070ee98bd38c67eb9df2b18393a0c78ea5d96ffa98a22ef1ac,echoes_fma::111819,val_b_unseen_music_generator,ATA,fake
data\raw\public_v9\echoes_fma_paired\fake\Ad_Astra_P_C_III_songgen_ATA_001.mp3,1,0,1,0,1,fma_artist_19189,Echoes::songgen,echoes_fma_paired,echoes_fma_paired,Octavian97/Echoes + official FMA,fma_111819,echoes_fma::111819,https://huggingface.co/datasets/Octavian97/Echoes ; https://github.com/mdeff/fma,Echoes 14b0c76c6a691c42fadfab9fb6a4eb1ee8c628a2; FMA metadata rc1,generated CC BY-SA 4.0; original http://creativecommons.org/licenses/by/4.0/,YES,FOLLOW_CC_ATTRIBUTION_AND_SHAREALIKE,FOLLOW_ORIGINAL_FMA_TRACK_LICENSE,Echoes-FMA-paired,ce85206ee42a155349a1d5839ed6acf92787c5f213c3673c5d7ec5748af17f79,echoes_fma::111819,val_b_unseen_music_generator,ATA,fake
data\raw\public_v9\echoes_fma_paired\real\fma_111821.mp3,0,0,0,0,1,fma_artist_19189,Echoes::FMA_original,echoes_fma_paired,echoes_fma_paired,Octavian97/Echoes + official FMA,fma_111821,echoes_fma::111821,https://huggingface.co/datasets/Octavian97/Echoes ; https://github.com/mdeff/fma,Echoes 14b0c76c6a691c42fadfab9fb6a4eb1ee8c628a2; FMA metadata rc1,generated CC BY-SA 4.0; original http://creativecommons.org/licenses/by/4.0/,YES,FOLLOW_CC_ATTRIBUTION_AND_SHAREALIKE,FOLLOW_ORIGINAL_FMA_TRACK_LICENSE,Echoes-FMA-paired,a3c5fe1daa7be638cf472d932e15a2aa412ebb74d842aa2ebb486efdcb1ad0d6,echoes_fma::111821,val_b_unseen_music_generator,ATA,real
data\raw\public_v9\echoes_fma_paired\fake\Ancient_Whispers_I_P_C_III_diffrhythm_ATA_001.mp3,1,0,1,0,1,fma_artist_19189,Echoes::diffrhythm,echoes_fma_paired,echoes_fma_paired,Octavian97/Echoes + official FMA,fma_111821,echoes_fma::111821,https://huggingface.co/datasets/Octavian97/Echoes ; https://github.com/mdeff/fma,Echoes 14b0c76c6a691c42fadfab9fb6a4eb1ee8c628a2; FMA metadata rc1,generated CC BY-SA 4.0; original http://creativecommons.org/licenses/by/4.0/,YES,FOLLOW_CC_ATTRIBUTION_AND_SHAREALIKE,FOLLOW_ORIGINAL_FMA_TRACK_LICENSE,Echoes-FMA-paired,be1f50018c0cb20b2df5b6fd8c2fade8a50f6563816191f67838f9c3e2f453ef,echoes_fma::111821,val_b_unseen_music_generator,ATA,fake
data\raw\public_v9\echoes_fma_paired\fake\Ancient_Whispers_I_P_C_III_songgen_ATA_001.mp3,1,0,1,0,1,fma_artist_19189,Echoes::songgen,echoes_fma_paired,echoes_fma_paired,Octavian97/Echoes + official FMA,fma_111821,echoes_fma::111821,https://huggingface.co/datasets/Octavian97/Echoes ; https://github.com/mdeff/fma,Echoes 14b0c76c6a691c42fadfab9fb6a4eb1ee8c628a2; FMA metadata rc1,generated CC BY-SA 4.0; original http://creativecommons.org/licenses/by/4.0/,YES,FOLLOW_CC_ATTRIBUTION_AND_SHAREALIKE,FOLLOW_ORIGINAL_FMA_TRACK_LICENSE,Echoes-FMA-paired,a9410c087230a779f5bc93e971362c46e6539b651ea7c55ff9498e98fb50ae8e,echoes_fma::111821,val_b_unseen_music_generator,ATA,fake
data\raw\public_v9\echoes_fma_paired\real\fma_112378.mp3,0,0,0,0,1,fma_artist_19273,Echoes::FMA_original,echoes_fma_paired,echoes_fma_paired,Octavian97/Echoes + official FMA,fma_112378,echoes_fma::112378,https://huggingface.co/datasets/Octavian97/Echoes ; https://github.com/mdeff/fma,Echoes 14b0c76c6a691c42fadfab9fb6a4eb1ee8c628a2; FMA metadata rc1,generated CC BY-SA 4.0; original http://creativecommons.org/licenses/by/4.0/,YES,FOLLOW_CC_ATTRIBUTION_AND_SHAREALIKE,FOLLOW_ORIGINAL_FMA_TRACK_LICENSE,Echoes-FMA-paired,252a53c879a8ef17ac01c6708c580a598479c003d1287893e5438639b4680853,echoes_fma::112378,val_b_unseen_music_generator,ATA,real
data\raw\public_v9\echoes_fma_paired\fake\3_am_West_End_statusq_diffrhythm_ATA_001.mp3,1,0,1,0,1,fma_artist_19273,Echoes::diffrhythm,echoes_fma_paired,echoes_fma_paired,Octavian97/Echoes + official FMA,fma_112378,echoes_fma::112378,https://huggingface.co/datasets/Octavian97/Echoes ; https://github.com/mdeff/fma,Echoes 14b0c76c6a691c42fadfab9fb6a4eb1ee8c628a2; FMA metadata rc1,generated CC BY-SA 4.0; original http://creativecommons.org/licenses/by/4.0/,YES,FOLLOW_CC_ATTRIBUTION_AND_SHAREALIKE,FOLLOW_ORIGINAL_FMA_TRACK_LICENSE,Echoes-FMA-paired,7e150f9a0e71cc538d27126281e26e601671df3ef78e9bc558332b7e21d030e9,echoes_fma::112378,val_b_unseen_music_generator,ATA,fake
data\raw\public_v9\echoes_fma_paired\fake\3_am_West_End_statusq_songgen_ATA_001.mp3,1,0,1,0,1,fma_artist_19273,Echoes::songgen,echoes_fma_paired,echoes_fma_paired,Octavian97/Echoes + official FMA,fma_112378,echoes_fma::112378,https://huggingface.co/datasets/Octavian97/Echoes ; https://github.com/mdeff/fma,Echoes 14b0c76c6a691c42fadfab9fb6a4eb1ee8c628a2; FMA metadata rc1,generated CC BY-SA 4.0; original http://creativecommons.org/licenses/by/4.0/,YES,FOLLOW_CC_ATTRIBUTION_AND_SHAREALIKE,FOLLOW_ORIGINAL_FMA_TRACK_LICENSE,Echoes-FMA-paired,188d8cd651019eae8d0bf5cb13eeef63c99f429c711744699eb42846b71f2616,echoes_fma::112378,val_b_unseen_music_generator,ATA,fake
data\raw\public_v9\echoes_fma_paired\real\fma_114244.mp3,0,0,0,0,1,fma_artist_19475,Echoes::FMA_original,echoes_fma_paired,echoes_fma_paired,Octavian97/Echoes + official FMA,fma_114244,echoes_fma::114244,https://huggingface.co/datasets/Octavian97/Echoes ; https://github.com/mdeff/fma,Echoes 14b0c76c6a691c42fadfab9fb6a4eb1ee8c628a2; FMA metadata rc1,generated CC BY-SA 4.0; original http://creativecommons.org/licenses/by/4.0/,YES,FOLLOW_CC_ATTRIBUTION_AND_SHAREALIKE,FOLLOW_ORIGINAL_FMA_TRACK_LICENSE,Echoes-FMA-paired,7a160d62c4667f319ad3872e44f2f9a8cf608a23d438c7ef068dbac52f2d0fcc,echoes_fma::114244,val_b_unseen_music_generator,ATA,real
data\raw\public_v9\echoes_fma_paired\fake\2Much_Andy_Spinelli_Alex_Sánchez_House_Edit_Tentacles_diffrhythm_ATA_001.mp3,1,0,1,0,1,fma_artist_19475,Echoes::diffrhythm,echoes_fma_paired,echoes_fma_paired,Octavian97/Echoes + official FMA,fma_114244,echoes_fma::114244,https://huggingface.co/datasets/Octavian97/Echoes ; https://github.com/mdeff/fma,Echoes 14b0c76c6a691c42fadfab9fb6a4eb1ee8c628a2; FMA metadata rc1,generated CC BY-SA 4.0; original http://creativecommons.org/licenses/by/4.0/,YES,FOLLOW_CC_ATTRIBUTION_AND_SHAREALIKE,FOLLOW_ORIGINAL_FMA_TRACK_LICENSE,Echoes-FMA-paired,23c7cbbf902c33505983445c7fc2630a4e459a85f8f55161396c426246d43ccd,echoes_fma::114244,val_b_unseen_music_generator,ATA,fake
data\raw\public_v9\echoes_fma_paired\fake\2Much_Andy_Spinelli_Alex_Sánchez_House_Edit_Tentacles_songgen_ATA_001.mp3,1,0,1,0,1,fma_artist_19475,Echoes::songgen,echoes_fma_paired,echoes_fma_paired,Octavian97/Echoes + official FMA,fma_114244,echoes_fma::114244,https://huggingface.co/datasets/Octavian97/Echoes ; https://github.com/mdeff/fma,Echoes 14b0c76c6a691c42fadfab9fb6a4eb1ee8c628a2; FMA metadata rc1,generated CC BY-SA 4.0; original http://creativecommons.org/licenses/by/4.0/,YES,FOLLOW_CC_ATTRIBUTION_AND_SHAREALIKE,FOLLOW_ORIGINAL_FMA_TRACK_LICENSE,Echoes-FMA-paired,d76ea099d07d271666b48e59cd9e375676bf059bcec3e1747d8d3fa314c85e0f,echoes_fma::114244,val_b_unseen_music_generator,ATA,fake
data\raw\public_v9\echoes_fma_paired\real\fma_118048.mp3,0,0,0,0,1,fma_artist_19949,Echoes::FMA_original,echoes_fma_paired,echoes_fma_paired,Octavian97/Echoes + official FMA,fma_118048,echoes_fma::118048,https://huggingface.co/datasets/Octavian97/Echoes ; https://github.com/mdeff/fma,Echoes 14b0c76c6a691c42fadfab9fb6a4eb1ee8c628a2; FMA metadata rc1,generated CC BY-SA 4.0; original http://creativecommons.org/licenses/by/4.0/,YES,FOLLOW_CC_ATTRIBUTION_AND_SHAREALIKE,FOLLOW_ORIGINAL_FMA_TRACK_LICENSE,Echoes-FMA-paired,5d43ce7a5be93b9dff0538e0b2bd0def2529d5a2a4d7ce5f4e96db22f2f46cc2,echoes_fma::118048,val_b_unseen_music_generator,ATA,real
data\raw\public_v9\echoes_fma_paired\fake\Attention_Pete_Prodoehl_diffrhythm_ATA_001.mp3,1,0,1,0,1,fma_artist_19949,Echoes::diffrhythm,echoes_fma_paired,echoes_fma_paired,Octavian97/Echoes + official FMA,fma_118048,echoes_fma::118048,https://huggingface.co/datasets/Octavian97/Echoes ; https://github.com/mdeff/fma,Echoes 14b0c76c6a691c42fadfab9fb6a4eb1ee8c628a2; FMA metadata rc1,generated CC BY-SA 4.0; original http://creativecommons.org/licenses/by/4.0/,YES,FOLLOW_CC_ATTRIBUTION_AND_SHAREALIKE,FOLLOW_ORIGINAL_FMA_TRACK_LICENSE,Echoes-FMA-paired,2723cb9bebfbd2e2b28c2566129c6682e3918dfa7395b45da9c021f38bc34e11,echoes_fma::118048,val_b_unseen_music_generator,ATA,fake
data\raw\public_v9\echoes_fma_paired\fake\Attention_Pete_Prodoehl_songgen_TTA_001.mp3,1,0,1,0,1,fma_artist_19949,Echoes::songgen,echoes_fma_paired,echoes_fma_paired,Octavian97/Echoes + official FMA,fma_118048,echoes_fma::118048,https://huggingface.co/datasets/Octavian97/Echoes ; https://github.com/mdeff/fma,Echoes 14b0c76c6a691c42fadfab9fb6a4eb1ee8c628a2; FMA metadata rc1,generated CC BY-SA 4.0; original http://creativecommons.org/licenses/by/4.0/,YES,FOLLOW_CC_ATTRIBUTION_AND_SHAREALIKE,FOLLOW_ORIGINAL_FMA_TRACK_LICENSE,Echoes-FMA-paired,34426845e85a8dc19ecf94b51b7e340ec038e7a16a029cf8cc65f328425e6153,echoes_fma::118048,val_b_unseen_music_generator,TTA,fake
data\raw\public_v9\echoes_fma_paired\real\fma_127294.mp3,0,0,0,0,1,fma_artist_21081,Echoes::FMA_original,echoes_fma_paired,echoes_fma_paired,Octavian97/Echoes + official FMA,fma_127294,echoes_fma::127294,https://huggingface.co/datasets/Octavian97/Echoes ; https://github.com/mdeff/fma,Echoes 14b0c76c6a691c42fadfab9fb6a4eb1ee8c628a2; FMA metadata rc1,generated CC BY-SA 4.0; original http://creativecommons.org/licenses/by/4.0/,YES,FOLLOW_CC_ATTRIBUTION_AND_SHAREALIKE,FOLLOW_ORIGINAL_FMA_TRACK_LICENSE,Echoes-FMA-paired,e6881194d160e9f87ea7ceed13b18b01b766ed9f912a402b51644d77300c2747,echoes_fma::127294,val_b_unseen_music_generator,ATA,real
data\raw\public_v9\echoes_fma_paired\fake\Autopsy_Oh_Yeah_the_Future_diffrhythm_ATA_001.mp3,1,0,1,0,1,fma_artist_21081,Echoes::diffrhythm,echoes_fma_paired,echoes_fma_paired,Octavian97/Echoes + official FMA,fma_127294,echoes_fma::127294,https://huggingface.co/datasets/Octavian97/Echoes ; https://github.com/mdeff/fma,Echoes 14b0c76c6a691c42fadfab9fb6a4eb1ee8c628a2; FMA metadata rc1,generated CC BY-SA 4.0; original http://creativecommons.org/licenses/by/4.0/,YES,FOLLOW_CC_ATTRIBUTION_AND_SHAREALIKE,FOLLOW_ORIGINAL_FMA_TRACK_LICENSE,Echoes-FMA-paired,b604f77105eedb8ee5209154d899230c734c062bcfa36eed45826640484e52cb,echoes_fma::127294,val_b_unseen_music_generator,ATA,fake
data\raw\public_v9\echoes_fma_paired\fake\Autopsy_Oh_Yeah_the_Future_songgen_ATA_001.mp3,1,0,1,0,1,fma_artist_21081,Echoes::songgen,echoes_fma_paired,echoes_fma_paired,Octavian97/Echoes + official FMA,fma_127294,echoes_fma::127294,https://huggingface.co/datasets/Octavian97/Echoes ; https://github.com/mdeff/fma,Echoes 14b0c76c6a691c42fadfab9fb6a4eb1ee8c628a2; FMA metadata rc1,generated CC BY-SA 4.0; original http://creativecommons.org/licenses/by/4.0/,YES,FOLLOW_CC_ATTRIBUTION_AND_SHAREALIKE,FOLLOW_ORIGINAL_FMA_TRACK_LICENSE,Echoes-FMA-paired,2c193838fae1bcef1c844544041291f9f462f786ce1a70fc02bf288791e2a749,echoes_fma::127294,val_b_unseen_music_generator,ATA,fake
data\raw\public_v9\echoes_fma_paired\real\fma_129963.mp3,0,0,0,0,1,fma_artist_19164,Echoes::FMA_original,echoes_fma_paired,echoes_fma_paired,Octavian97/Echoes + official FMA,fma_129963,echoes_fma::129963,https://huggingface.co/datasets/Octavian97/Echoes ; https://github.com/mdeff/fma,Echoes 14b0c76c6a691c42fadfab9fb6a4eb1ee8c628a2; FMA metadata rc1,generated CC BY-SA 4.0; original http://creativecommons.org/licenses/by/4.0/,YES,FOLLOW_CC_ATTRIBUTION_AND_SHAREALIKE,FOLLOW_ORIGINAL_FMA_TRACK_LICENSE,Echoes-FMA-paired,2c081bdc189ccb0026b5b1e3d26ded25face9a85fc31af5ea14b3cca67203c55,echoes_fma::129963,val_b_unseen_music_generator,ATA,real
data\raw\public_v9\echoes_fma_paired\fake\A_Dark_Blue_Arc_Pipe_Choir_diffrhythm_ATA_001.mp3,1,0,1,0,1,fma_artist_19164,Echoes::diffrhythm,echoes_fma_paired,echoes_fma_paired,Octavian97/Echoes + official FMA,fma_129963,echoes_fma::129963,https://huggingface.co/datasets/Octavian97/Echoes ; https://github.com/mdeff/fma,Echoes 14b0c76c6a691c42fadfab9fb6a4eb1ee8c628a2; FMA metadata rc1,generated CC BY-SA 4.0; original http://creativecommons.org/licenses/by/4.0/,YES,FOLLOW_CC_ATTRIBUTION_AND_SHAREALIKE,FOLLOW_ORIGINAL_FMA_TRACK_LICENSE,Echoes-FMA-paired,b1de75c1f5439e98f50ac7bd733ac54eb527c37cbcbb76a464517976fc851575,echoes_fma::129963,val_b_unseen_music_generator,ATA,fake
data\raw\public_v9\echoes_fma_paired\fake\A_Dark_Blue_Arc_Pipe_Choir_songgen_ATA_001.mp3,1,0,1,0,1,fma_artist_19164,Echoes::songgen,echoes_fma_paired,echoes_fma_paired,Octavian97/Echoes + official FMA,fma_129963,echoes_fma::129963,https://huggingface.co/datasets/Octavian97/Echoes ; https://github.com/mdeff/fma,Echoes 14b0c76c6a691c42fadfab9fb6a4eb1ee8c628a2; FMA metadata rc1,generated CC BY-SA 4.0; original http://creativecommons.org/licenses/by/4.0/,YES,FOLLOW_CC_ATTRIBUTION_AND_SHAREALIKE,FOLLOW_ORIGINAL_FMA_TRACK_LICENSE,Echoes-FMA-paired,9d42708664617777d6daa91a578dab9500e6d55e5635369e5349415c3cf46204,echoes_fma::129963,val_b_unseen_music_generator,ATA,fake
data\raw\public_v9\echoes_fma_paired\real\fma_130129.mp3,0,0,0,0,1,fma_artist_21456,Echoes::FMA_original,echoes_fma_paired,echoes_fma_paired,Octavian97/Echoes + official FMA,fma_130129,echoes_fma::130129,https://huggingface.co/datasets/Octavian97/Echoes ; https://github.com/mdeff/fma,Echoes 14b0c76c6a691c42fadfab9fb6a4eb1ee8c628a2; FMA metadata rc1,generated CC BY-SA 4.0; original http://creativecommons.org/licenses/by/4.0/,YES,FOLLOW_CC_ATTRIBUTION_AND_SHAREALIKE,FOLLOW_ORIGINAL_FMA_TRACK_LICENSE,Echoes-FMA-paired,24d8a926ef279df5a9c752bda067d42bc267c548f850ac07d5cb54aaf839c24b,echoes_fma::130129,val_b_unseen_music_generator,ATA,real
data\raw\public_v9\echoes_fma_paired\fake\Artificial_anxiety_Michett_diffrhythm_ATA_001.mp3,1,0,1,0,1,fma_artist_21456,Echoes::diffrhythm,echoes_fma_paired,echoes_fma_paired,Octavian97/Echoes + official FMA,fma_130129,echoes_fma::130129,https://huggingface.co/datasets/Octavian97/Echoes ; https://github.com/mdeff/fma,Echoes 14b0c76c6a691c42fadfab9fb6a4eb1ee8c628a2; FMA metadata rc1,generated CC BY-SA 4.0; original http://creativecommons.org/licenses/by/4.0/,YES,FOLLOW_CC_ATTRIBUTION_AND_SHAREALIKE,FOLLOW_ORIGINAL_FMA_TRACK_LICENSE,Echoes-FMA-paired,60832062bec9f98d4aa9a77e402c57a6966292d982dd7e98531cbeec77dd9ade,echoes_fma::130129,val_b_unseen_music_generator,ATA,fake
data\raw\public_v9\echoes_fma_paired\fake\Artificial_anxiety_Michett_songgen_ATA_001.mp3,1,0,1,0,1,fma_artist_21456,Echoes::songgen,echoes_fma_paired,echoes_fma_paired,Octavian97/Echoes + official FMA,fma_130129,echoes_fma::130129,https://huggingface.co/datasets/Octavian97/Echoes ; https://github.com/mdeff/fma,Echoes 14b0c76c6a691c42fadfab9fb6a4eb1ee8c628a2; FMA metadata rc1,generated CC BY-SA 4.0; original http://creativecommons.org/licenses/by/4.0/,YES,FOLLOW_CC_ATTRIBUTION_AND_SHAREALIKE,FOLLOW_ORIGINAL_FMA_TRACK_LICENSE,Echoes-FMA-paired,05f8704cf5e717f25240d07cc2694a5f996a1ce117031e83d0735dda5ec4a1e5,echoes_fma::130129,val_b_unseen_music_generator,ATA,fake
data\raw\public_v9\echoes_fma_paired\real\fma_130401.mp3,0,0,0,0,1,fma_artist_21502,Echoes::FMA_original,echoes_fma_paired,echoes_fma_paired,Octavian97/Echoes + official FMA,fma_130401,echoes_fma::130401,https://huggingface.co/datasets/Octavian97/Echoes ; https://github.com/mdeff/fma,Echoes 14b0c76c6a691c42fadfab9fb6a4eb1ee8c628a2; FMA metadata rc1,generated CC BY-SA 4.0; original http://creativecommons.org/licenses/by/4.0/,YES,FOLLOW_CC_ATTRIBUTION_AND_SHAREALIKE,FOLLOW_ORIGINAL_FMA_TRACK_LICENSE,Echoes-FMA-paired,825ad9652d5d43d5d7990707f2cef0d3043b4d1782ab52d63464debdbe5ccd5c,echoes_fma::130401,val_b_unseen_music_generator,ATA,real
data\raw\public_v9\echoes_fma_paired\fake\50000_Volts_of_Democracy_mp3_Legally_Blind_diffrhythm_ATA_001.mp3,1,0,1,0,1,fma_artist_21502,Echoes::diffrhythm,echoes_fma_paired,echoes_fma_paired,Octavian97/Echoes + official FMA,fma_130401,echoes_fma::130401,https://huggingface.co/datasets/Octavian97/Echoes ; https://github.com/mdeff/fma,Echoes 14b0c76c6a691c42fadfab9fb6a4eb1ee8c628a2; FMA metadata rc1,generated CC BY-SA 4.0; original http://creativecommons.org/licenses/by/4.0/,YES,FOLLOW_CC_ATTRIBUTION_AND_SHAREALIKE,FOLLOW_ORIGINAL_FMA_TRACK_LICENSE,Echoes-FMA-paired,11e854675c3132d1e1e61395634523c69900c22581e009b66d2d594080f88cf6,echoes_fma::130401,val_b_unseen_music_generator,ATA,fake
data\raw\public_v9\echoes_fma_paired\fake\50000_Volts_of_Democracy_mp3_Legally_Blind_songgen_TTA_001.mp3,1,0,1,0,1,fma_artist_21502,Echoes::songgen,echoes_fma_paired,echoes_fma_paired,Octavian97/Echoes + official FMA,fma_130401,echoes_fma::130401,https://huggingface.co/datasets/Octavian97/Echoes ; https://github.com/mdeff/fma,Echoes 14b0c76c6a691c42fadfab9fb6a4eb1ee8c628a2; FMA metadata rc1,generated CC BY-SA 4.0; original http://creativecommons.org/licenses/by/4.0/,YES,FOLLOW_CC_ATTRIBUTION_AND_SHAREALIKE,FOLLOW_ORIGINAL_FMA_TRACK_LICENSE,Echoes-FMA-paired,60e2a265903bfccce85f4c024ecaf9e4a0b032c8dabee05742380ecc1133e479,echoes_fma::130401,val_b_unseen_music_generator,TTA,fake
data\raw\public_v9\echoes_fma_paired\real\fma_137049.mp3,0,0,0,0,1,fma_artist_22121,Echoes::FMA_original,echoes_fma_paired,echoes_fma_paired,Octavian97/Echoes + official FMA,fma_137049,echoes_fma::137049,https://huggingface.co/datasets/Octavian97/Echoes ; https://github.com/mdeff/fma,Echoes 14b0c76c6a691c42fadfab9fb6a4eb1ee8c628a2; FMA metadata rc1,generated CC BY-SA 4.0; original http://creativecommons.org/licenses/by/4.0/,YES,FOLLOW_CC_ATTRIBUTION_AND_SHAREALIKE,FOLLOW_ORIGINAL_FMA_TRACK_LICENSE,Echoes-FMA-paired,2694c18ad02610e545f541abc88723036150b80fadced8918fd2a4def01f7a94,echoes_fma::137049,val_b_unseen_music_generator,ATA,real
data\raw\public_v9\echoes_fma_paired\fake\Autobahn_S-B-J_diffrhythm_ATA_001.mp3,1,0,1,0,1,fma_artist_22121,Echoes::diffrhythm,echoes_fma_paired,echoes_fma_paired,Octavian97/Echoes + official FMA,fma_137049,echoes_fma::137049,https://huggingface.co/datasets/Octavian97/Echoes ; https://github.com/mdeff/fma,Echoes 14b0c76c6a691c42fadfab9fb6a4eb1ee8c628a2; FMA metadata rc1,generated CC BY-SA 4.0; original http://creativecommons.org/licenses/by/4.0/,YES,FOLLOW_CC_ATTRIBUTION_AND_SHAREALIKE,FOLLOW_ORIGINAL_FMA_TRACK_LICENSE,Echoes-FMA-paired,889e9a8ce502315e2f8761cba2fd734833d1ccfce4f4ac15ae7f966f92a06f2b,echoes_fma::137049,val_b_unseen_music_generator,ATA,fake
data\raw\public_v9\echoes_fma_paired\fake\Autobahn_S-B-J_songgen_ATA_001.mp3,1,0,1,0,1,fma_artist_22121,Echoes::songgen,echoes_fma_paired,echoes_fma_paired,Octavian97/Echoes + official FMA,fma_137049,echoes_fma::137049,https://huggingface.co/datasets/Octavian97/Echoes ; https://github.com/mdeff/fma,Echoes 14b0c76c6a691c42fadfab9fb6a4eb1ee8c628a2; FMA metadata rc1,generated CC BY-SA 4.0; original http://creativecommons.org/licenses/by/4.0/,YES,FOLLOW_CC_ATTRIBUTION_AND_SHAREALIKE,FOLLOW_ORIGINAL_FMA_TRACK_LICENSE,Echoes-FMA-paired,cfa38d1ac6bcadb51d376b02aa23258a7bb095b69909301f9c5e091e7384a2d8,echoes_fma::137049,val_b_unseen_music_generator,ATA,fake
data\raw\public_v9\echoes_fma_paired\real\fma_138061.mp3,0,0,0,0,1,fma_artist_22222,Echoes::FMA_original,echoes_fma_paired,echoes_fma_paired,Octavian97/Echoes + official FMA,fma_138061,echoes_fma::138061,https://huggingface.co/datasets/Octavian97/Echoes ; https://github.com/mdeff/fma,Echoes 14b0c76c6a691c42fadfab9fb6a4eb1ee8c628a2; FMA metadata rc1,generated CC BY-SA 4.0; original http://creativecommons.org/licenses/by/4.0/,YES,FOLLOW_CC_ATTRIBUTION_AND_SHAREALIKE,FOLLOW_ORIGINAL_FMA_TRACK_LICENSE,Echoes-FMA-paired,9d38d4a8389850a3d53c9c9d1d8ae11a4ed86d98d06a5dc53803ce2fd36fe060,echoes_fma::138061,val_b_unseen_music_generator,ATA,real
data\raw\public_v9\echoes_fma_paired\fake\Bergwald_Bergwald_Every_Now_and_Every_Then_diffrhythm_ATA_001.mp3,1,0,1,0,1,fma_artist_22222,Echoes::diffrhythm,echoes_fma_paired,echoes_fma_paired,Octavian97/Echoes + official FMA,fma_138061,echoes_fma::138061,https://huggingface.co/datasets/Octavian97/Echoes ; https://github.com/mdeff/fma,Echoes 14b0c76c6a691c42fadfab9fb6a4eb1ee8c628a2; FMA metadata rc1,generated CC BY-SA 4.0; original http://creativecommons.org/licenses/by/4.0/,YES,FOLLOW_CC_ATTRIBUTION_AND_SHAREALIKE,FOLLOW_ORIGINAL_FMA_TRACK_LICENSE,Echoes-FMA-paired,dfeb39c0b574690c5c0f6707a713a7f2f75d4f1a552b12d18bb29182bb048144,echoes_fma::138061,val_b_unseen_music_generator,ATA,fake
data\raw\public_v9\echoes_fma_paired\fake\Bergwald_Bergwald_Every_Now_and_Every_Then_songgen_TTA_001.mp3,1,0,1,0,1,fma_artist_22222,Echoes::songgen,echoes_fma_paired,echoes_fma_paired,Octavian97/Echoes + official FMA,fma_138061,echoes_fma::138061,https://huggingface.co/datasets/Octavian97/Echoes ; https://github.com/mdeff/fma,Echoes 14b0c76c6a691c42fadfab9fb6a4eb1ee8c628a2; FMA metadata rc1,generated CC BY-SA 4.0; original http://creativecommons.org/licenses/by/4.0/,YES,FOLLOW_CC_ATTRIBUTION_AND_SHAREALIKE,FOLLOW_ORIGINAL_FMA_TRACK_LICENSE,Echoes-FMA-paired,cbb4a58b7c550cb72c64173e32bba0891d08341a612f9a64928b5efd841c6107,echoes_fma::138061,val_b_unseen_music_generator,TTA,fake
data\raw\public_v9\echoes_fma_paired\real\fma_140924.mp3,0,0,0,0,1,fma_artist_21691,Echoes::FMA_original,echoes_fma_paired,echoes_fma_paired,Octavian97/Echoes + official FMA,fma_140924,echoes_fma::140924,https://huggingface.co/datasets/Octavian97/Echoes ; https://github.com/mdeff/fma,Echoes 14b0c76c6a691c42fadfab9fb6a4eb1ee8c628a2; FMA metadata rc1,generated CC BY-SA 4.0; original http://creativecommons.org/licenses/by/3.0/,YES,FOLLOW_CC_ATTRIBUTION_AND_SHAREALIKE,FOLLOW_ORIGINAL_FMA_TRACK_LICENSE,Echoes-FMA-paired,d17a30b0ee712b1c8cbea40729109250e1ff7667458640d6370f73dd299ec7d0,echoes_fma::140924,val_b_unseen_music_generator,ATA,real
data\raw\public_v9\echoes_fma_paired\fake\Authenticity_Nihilore_diffrhythm_ATA_001.mp3,1,0,1,0,1,fma_artist_21691,Echoes::diffrhythm,echoes_fma_paired,echoes_fma_paired,Octavian97/Echoes + official FMA,fma_140924,echoes_fma::140924,https://huggingface.co/datasets/Octavian97/Echoes ; https://github.com/mdeff/fma,Echoes 14b0c76c6a691c42fadfab9fb6a4eb1ee8c628a2; FMA metadata rc1,generated CC BY-SA 4.0; original http://creativecommons.org/licenses/by/3.0/,YES,FOLLOW_CC_ATTRIBUTION_AND_SHAREALIKE,FOLLOW_ORIGINAL_FMA_TRACK_LICENSE,Echoes-FMA-paired,34e2299d8ace22e1af85767be46cf73531c943bcac716f718f69f5d8936cdbd0,echoes_fma::140924,val_b_unseen_music_generator,ATA,fake
data\raw\public_v9\echoes_fma_paired\fake\Authenticity_Nihilore_songgen_ATA_001.mp3,1,0,1,0,1,fma_artist_21691,Echoes::songgen,echoes_fma_paired,echoes_fma_paired,Octavian97/Echoes + official FMA,fma_140924,echoes_fma::140924,https://huggingface.co/datasets/Octavian97/Echoes ; https://github.com/mdeff/fma,Echoes 14b0c76c6a691c42fadfab9fb6a4eb1ee8c628a2; FMA metadata rc1,generated CC BY-SA 4.0; original http://creativecommons.org/licenses/by/3.0/,YES,FOLLOW_CC_ATTRIBUTION_AND_SHAREALIKE,FOLLOW_ORIGINAL_FMA_TRACK_LICENSE,Echoes-FMA-paired,451fc583501254045493a2dd692810046913cc465460c7d977e62fffdb9dd3c8,echoes_fma::140924,val_b_unseen_music_generator,ATA,fake
data\raw\public_v9\echoes_fma_paired\real\fma_140926.mp3,0,0,0,0,1,fma_artist_21691,Echoes::FMA_original,echoes_fma_paired,echoes_fma_paired,Octavian97/Echoes + official FMA,fma_140926,echoes_fma::140926,https://huggingface.co/datasets/Octavian97/Echoes ; https://github.com/mdeff/fma,Echoes 14b0c76c6a691c42fadfab9fb6a4eb1ee8c628a2; FMA metadata rc1,generated CC BY-SA 4.0; original http://creativecommons.org/licenses/by/3.0/,YES,FOLLOW_CC_ATTRIBUTION_AND_SHAREALIKE,FOLLOW_ORIGINAL_FMA_TRACK_LICENSE,Echoes-FMA-paired,984f735a64fe11eff86a0d20ee281afe7e4c724937888b7ece5e95d4d6b3f5a2,echoes_fma::140926,val_b_unseen_music_generator,ATA,real
data\raw\public_v9\echoes_fma_paired\fake\A_Different_World_By_Night_Nihilore_diffrhythm_ATA_001.mp3,1,0,1,0,1,fma_artist_21691,Echoes::diffrhythm,echoes_fma_paired,echoes_fma_paired,Octavian97/Echoes + official FMA,fma_140926,echoes_fma::140926,https://huggingface.co/datasets/Octavian97/Echoes ; https://github.com/mdeff/fma,Echoes 14b0c76c6a691c42fadfab9fb6a4eb1ee8c628a2; FMA metadata rc1,generated CC BY-SA 4.0; original http://creativecommons.org/licenses/by/3.0/,YES,FOLLOW_CC_ATTRIBUTION_AND_SHAREALIKE,FOLLOW_ORIGINAL_FMA_TRACK_LICENSE,Echoes-FMA-paired,c80f69523a7769d50382f05aadb8acaee758e068e0028e1ba6a8f8ced5cb3d75,echoes_fma::140926,val_b_unseen_music_generator,ATA,fake
data\raw\public_v9\echoes_fma_paired\fake\A_Different_World_By_Night_Nihilore_songgen_ATA_001.mp3,1,0,1,0,1,fma_artist_21691,Echoes::songgen,echoes_fma_paired,echoes_fma_paired,Octavian97/Echoes + official FMA,fma_140926,echoes_fma::140926,https://huggingface.co/datasets/Octavian97/Echoes ; https://github.com/mdeff/fma,Echoes 14b0c76c6a691c42fadfab9fb6a4eb1ee8c628a2; FMA metadata rc1,generated CC BY-SA 4.0; original http://creativecommons.org/licenses/by/3.0/,YES,FOLLOW_CC_ATTRIBUTION_AND_SHAREALIKE,FOLLOW_ORIGINAL_FMA_TRACK_LICENSE,Echoes-FMA-paired,f64f2b46b4fdf346e1932318f8fc6d10a2c17629dbb38f965023b48010e97b84,echoes_fma::140926,val_b_unseen_music_generator,ATA,fake
data\raw\public_v9\echoes_fma_paired\real\fma_140932.mp3,0,0,0,0,1,fma_artist_21691,Echoes::FMA_original,echoes_fma_paired,echoes_fma_paired,Octavian97/Echoes + official FMA,fma_140932,echoes_fma::140932,https://huggingface.co/datasets/Octavian97/Echoes ; https://github.com/mdeff/fma,Echoes 14b0c76c6a691c42fadfab9fb6a4eb1ee8c628a2; FMA metadata rc1,generated CC BY-SA 4.0; original http://creativecommons.org/licenses/by/3.0/,YES,FOLLOW_CC_ATTRIBUTION_AND_SHAREALIKE,FOLLOW_ORIGINAL_FMA_TRACK_LICENSE,Echoes-FMA-paired,f49409677fe1d374c2f4167a1dfbde43d85be3f168b615aa2192099ba350e0bf,echoes_fma::140932,val_b_unseen_music_generator,ATA,real
data\raw\public_v9\echoes_fma_paired\fake\10000_People_Chanting_Im_an_Individual_Nihilore_diffrhythm_ATA_001.mp3,1,0,1,0,1,fma_artist_21691,Echoes::diffrhythm,echoes_fma_paired,echoes_fma_paired,Octavian97/Echoes + official FMA,fma_140932,echoes_fma::140932,https://huggingface.co/datasets/Octavian97/Echoes ; https://github.com/mdeff/fma,Echoes 14b0c76c6a691c42fadfab9fb6a4eb1ee8c628a2; FMA metadata rc1,generated CC BY-SA 4.0; original http://creativecommons.org/licenses/by/3.0/,YES,FOLLOW_CC_ATTRIBUTION_AND_SHAREALIKE,FOLLOW_ORIGINAL_FMA_TRACK_LICENSE,Echoes-FMA-paired,e374a45226b87ff4973211ef8fac3b0ac34def1972b74cad42aac0f97c546285,echoes_fma::140932,val_b_unseen_music_generator,ATA,fake
data\raw\public_v9\echoes_fma_paired\fake\10000_People_Chanting_Im_an_Individual_Nihilore_songgen_ATA_001.mp3,1,0,1,0,1,fma_artist_21691,Echoes::songgen,echoes_fma_paired,echoes_fma_paired,Octavian97/Echoes + official FMA,fma_140932,echoes_fma::140932,https://huggingface.co/datasets/Octavian97/Echoes ; https://github.com/mdeff/fma,Echoes 14b0c76c6a691c42fadfab9fb6a4eb1ee8c628a2; FMA metadata rc1,generated CC BY-SA 4.0; original http://creativecommons.org/licenses/by/3.0/,YES,FOLLOW_CC_ATTRIBUTION_AND_SHAREALIKE,FOLLOW_ORIGINAL_FMA_TRACK_LICENSE,Echoes-FMA-paired,f2c0bfbc1e674cdfa477551c6b4f0a427ae4b0e84c97f623ceef365383934e44,echoes_fma::140932,val_b_unseen_music_generator,ATA,fake
data\raw\public_v9\echoes_fma_paired\real\fma_141875.mp3,0,0,0,0,1,fma_artist_22429,Echoes::FMA_original,echoes_fma_paired,echoes_fma_paired,Octavian97/Echoes + official FMA,fma_141875,echoes_fma::141875,https://huggingface.co/datasets/Octavian97/Echoes ; https://github.com/mdeff/fma,Echoes 14b0c76c6a691c42fadfab9fb6a4eb1ee8c628a2; FMA metadata rc1,generated CC BY-SA 4.0; original http://creativecommons.org/licenses/by/4.0/,YES,FOLLOW_CC_ATTRIBUTION_AND_SHAREALIKE,FOLLOW_ORIGINAL_FMA_TRACK_LICENSE,Echoes-FMA-paired,01664dfd1e9eb47506856d5e205edda79f89053b0a93f9982fb1508239341cad,echoes_fma::141875,val_b_unseen_music_generator,ATA,real
data\raw\public_v9\echoes_fma_paired\fake\Acoustic_Unleashed_Remain_diffrhythm_ATA_001.mp3,1,0,1,0,1,fma_artist_22429,Echoes::diffrhythm,echoes_fma_paired,echoes_fma_paired,Octavian97/Echoes + official FMA,fma_141875,echoes_fma::141875,https://huggingface.co/datasets/Octavian97/Echoes ; https://github.com/mdeff/fma,Echoes 14b0c76c6a691c42fadfab9fb6a4eb1ee8c628a2; FMA metadata rc1,generated CC BY-SA 4.0; original http://creativecommons.org/licenses/by/4.0/,YES,FOLLOW_CC_ATTRIBUTION_AND_SHAREALIKE,FOLLOW_ORIGINAL_FMA_TRACK_LICENSE,Echoes-FMA-paired,f8f2f969dac8065de9e4c333bb805d1f11ac8e9e6290db46ff1add5ec953cece,echoes_fma::141875,val_b_unseen_music_generator,ATA,fake
data\raw\public_v9\echoes_fma_paired\fake\Acoustic_Unleashed_Remain_songgen_ATA_001.mp3,1,0,1,0,1,fma_artist_22429,Echoes::songgen,echoes_fma_paired,echoes_fma_paired,Octavian97/Echoes + official FMA,fma_141875,echoes_fma::141875,https://huggingface.co/datasets/Octavian97/Echoes ; https://github.com/mdeff/fma,Echoes 14b0c76c6a691c42fadfab9fb6a4eb1ee8c628a2; FMA metadata rc1,generated CC BY-SA 4.0; original http://creativecommons.org/licenses/by/4.0/,YES,FOLLOW_CC_ATTRIBUTION_AND_SHAREALIKE,FOLLOW_ORIGINAL_FMA_TRACK_LICENSE,Echoes-FMA-paired,bc77800ca11555c5beab9b02adbd9d3bebd0159dde1d878d79211375ec1d95f0,echoes_fma::141875,val_b_unseen_music_generator,ATA,fake
data\raw\public_v9\echoes_fma_paired\real\fma_144723.mp3,0,0,0,0,1,fma_artist_23056,Echoes::FMA_original,echoes_fma_paired,echoes_fma_paired,Octavian97/Echoes + official FMA,fma_144723,echoes_fma::144723,https://huggingface.co/datasets/Octavian97/Echoes ; https://github.com/mdeff/fma,Echoes 14b0c76c6a691c42fadfab9fb6a4eb1ee8c628a2; FMA metadata rc1,generated CC BY-SA 4.0; original http://creativecommons.org/licenses/by/4.0/,YES,FOLLOW_CC_ATTRIBUTION_AND_SHAREALIKE,FOLLOW_ORIGINAL_FMA_TRACK_LICENSE,Echoes-FMA-paired,fdd638fcabaff98a249d53bfb1f39b178691be13486db61f37e0a50327f2b0f2,echoes_fma::144723,val_b_unseen_music_generator,ATA,real
data\raw\public_v9\echoes_fma_paired\fake\And_Over_The_Rainbows_milky-chu_diffrhythm_ATA_001.mp3,1,0,1,0,1,fma_artist_23056,Echoes::diffrhythm,echoes_fma_paired,echoes_fma_paired,Octavian97/Echoes + official FMA,fma_144723,echoes_fma::144723,https://huggingface.co/datasets/Octavian97/Echoes ; https://github.com/mdeff/fma,Echoes 14b0c76c6a691c42fadfab9fb6a4eb1ee8c628a2; FMA metadata rc1,generated CC BY-SA 4.0; original http://creativecommons.org/licenses/by/4.0/,YES,FOLLOW_CC_ATTRIBUTION_AND_SHAREALIKE,FOLLOW_ORIGINAL_FMA_TRACK_LICENSE,Echoes-FMA-paired,1c0360d51b9c7d3f90d7b7a7879add6a3a830b87cc2268e1f97e871d3767fcd4,echoes_fma::144723,val_b_unseen_music_generator,ATA,fake
data\raw\public_v9\echoes_fma_paired\fake\And_Over_The_Rainbows_milky-chu_songgen_ATA_001.mp3,1,0,1,0,1,fma_artist_23056,Echoes::songgen,echoes_fma_paired,echoes_fma_paired,Octavian97/Echoes + official FMA,fma_144723,echoes_fma::144723,https://huggingface.co/datasets/Octavian97/Echoes ; https://github.com/mdeff/fma,Echoes 14b0c76c6a691c42fadfab9fb6a4eb1ee8c628a2; FMA metadata rc1,generated CC BY-SA 4.0; original http://creativecommons.org/licenses/by/4.0/,YES,FOLLOW_CC_ATTRIBUTION_AND_SHAREALIKE,FOLLOW_ORIGINAL_FMA_TRACK_LICENSE,Echoes-FMA-paired,42a8f747fedd755a35949b9f01b3d73149a2c1b327408fc8f684393e2fa7507a,echoes_fma::144723,val_b_unseen_music_generator,ATA,fake
data\raw\public_v9\echoes_fma_paired\real\fma_3956.mp3,0,0,0,0,1,fma_artist_1037,Echoes::FMA_original,echoes_fma_paired,echoes_fma_paired,Octavian97/Echoes + official FMA,fma_3956,echoes_fma::3956,https://huggingface.co/datasets/Octavian97/Echoes ; https://github.com/mdeff/fma,Echoes 14b0c76c6a691c42fadfab9fb6a4eb1ee8c628a2; FMA metadata rc1,generated CC BY-SA 4.0; original http://creativecommons.org/licenses/by/4.0/,YES,FOLLOW_CC_ATTRIBUTION_AND_SHAREALIKE,FOLLOW_ORIGINAL_FMA_TRACK_LICENSE,Echoes-FMA-paired,a6f6ae86c586a0a9437f36486ddf1c712e2a0ba3fb66999d042a1d49ab7b490b,echoes_fma::3956,val_b_unseen_music_generator,ATA,real
data\raw\public_v9\echoes_fma_paired\fake\Better_Run_Away_From_Me_Miss_Derringer_diffrhythm_ATA_001.mp3,1,0,1,0,1,fma_artist_1037,Echoes::diffrhythm,echoes_fma_paired,echoes_fma_paired,Octavian97/Echoes + official FMA,fma_3956,echoes_fma::3956,https://huggingface.co/datasets/Octavian97/Echoes ; https://github.com/mdeff/fma,Echoes 14b0c76c6a691c42fadfab9fb6a4eb1ee8c628a2; FMA metadata rc1,generated CC BY-SA 4.0; original http://creativecommons.org/licenses/by/4.0/,YES,FOLLOW_CC_ATTRIBUTION_AND_SHAREALIKE,FOLLOW_ORIGINAL_FMA_TRACK_LICENSE,Echoes-FMA-paired,720445dc71675b0932701e552a6457b1584e177143110e880f9028be7a1ff64e,echoes_fma::3956,val_b_unseen_music_generator,ATA,fake
data\raw\public_v9\echoes_fma_paired\fake\Better_Run_Away_From_Me_Miss_Derringer_songgen_ATA_001.mp3,1,0,1,0,1,fma_artist_1037,Echoes::songgen,echoes_fma_paired,echoes_fma_paired,Octavian97/Echoes + official FMA,fma_3956,echoes_fma::3956,https://huggingface.co/datasets/Octavian97/Echoes ; https://github.com/mdeff/fma,Echoes 14b0c76c6a691c42fadfab9fb6a4eb1ee8c628a2; FMA metadata rc1,generated CC BY-SA 4.0; original http://creativecommons.org/licenses/by/4.0/,YES,FOLLOW_CC_ATTRIBUTION_AND_SHAREALIKE,FOLLOW_ORIGINAL_FMA_TRACK_LICENSE,Echoes-FMA-paired,826522e48b0db976588c0d694bb5fc066f34b35530e1e9f0710a6b0227d1c6d0,echoes_fma::3956,val_b_unseen_music_generator,ATA,fake
data\raw\public_v9\echoes_fma_paired\real\fma_4003.mp3,0,0,0,0,1,fma_artist_214,Echoes::FMA_original,echoes_fma_paired,echoes_fma_paired,Octavian97/Echoes + official FMA,fma_4003,echoes_fma::4003,https://huggingface.co/datasets/Octavian97/Echoes ; https://github.com/mdeff/fma,Echoes 14b0c76c6a691c42fadfab9fb6a4eb1ee8c628a2; FMA metadata rc1,generated CC BY-SA 4.0; original http://creativecommons.org/licenses/by/4.0/,YES,FOLLOW_CC_ATTRIBUTION_AND_SHAREALIKE,FOLLOW_ORIGINAL_FMA_TRACK_LICENSE,Echoes-FMA-paired,9e2b97a1aa9b13ca898fede606d2f9d6a9e3e76230e3ed3a91a0f7a2ba9536d9,echoes_fma::4003,val_b_unseen_music_generator,ATA,real
data\raw\public_v9\echoes_fma_paired\fake\Beyond_Luxury_Mors_Ontologica_diffrhythm_ATA_001.mp3,1,0,1,0,1,fma_artist_214,Echoes::diffrhythm,echoes_fma_paired,echoes_fma_paired,Octavian97/Echoes + official FMA,fma_4003,echoes_fma::4003,https://huggingface.co/datasets/Octavian97/Echoes ; https://github.com/mdeff/fma,Echoes 14b0c76c6a691c42fadfab9fb6a4eb1ee8c628a2; FMA metadata rc1,generated CC BY-SA 4.0; original http://creativecommons.org/licenses/by/4.0/,YES,FOLLOW_CC_ATTRIBUTION_AND_SHAREALIKE,FOLLOW_ORIGINAL_FMA_TRACK_LICENSE,Echoes-FMA-paired,6f5b4eb8d25bcb13063cd223a1edb99771088a50bc8894c82962e06b607683a7,echoes_fma::4003,val_b_unseen_music_generator,ATA,fake
data\raw\public_v9\echoes_fma_paired\fake\Beyond_Luxury_Mors_Ontologica_songgen_ATA_001.mp3,1,0,1,0,1,fma_artist_214,Echoes::songgen,echoes_fma_paired,echoes_fma_paired,Octavian97/Echoes + official FMA,fma_4003,echoes_fma::4003,https://huggingface.co/datasets/Octavian97/Echoes ; https://github.com/mdeff/fma,Echoes 14b0c76c6a691c42fadfab9fb6a4eb1ee8c628a2; FMA metadata rc1,generated CC BY-SA 4.0; original http://creativecommons.org/licenses/by/4.0/,YES,FOLLOW_CC_ATTRIBUTION_AND_SHAREALIKE,FOLLOW_ORIGINAL_FMA_TRACK_LICENSE,Echoes-FMA-paired,255dea8ec345dacae039bbd74a826828a39bf61772ca7bc53101518c9f949599,echoes_fma::4003,val_b_unseen_music_generator,ATA,fake
data\raw\public_v9\echoes_fma_paired\real\fma_47071.mp3,0,0,0,0,1,fma_artist_10779,Echoes::FMA_original,echoes_fma_paired,echoes_fma_paired,Octavian97/Echoes + official FMA,fma_47071,echoes_fma::47071,https://huggingface.co/datasets/Octavian97/Echoes ; https://github.com/mdeff/fma,Echoes 14b0c76c6a691c42fadfab9fb6a4eb1ee8c628a2; FMA metadata rc1,generated CC BY-SA 4.0; original http://creativecommons.org/licenses/by/3.0/,YES,FOLLOW_CC_ATTRIBUTION_AND_SHAREALIKE,FOLLOW_ORIGINAL_FMA_TRACK_LICENSE,Echoes-FMA-paired,44c0a562f3962c81e7ae9272a41e740e8e509057d0a20a3390c60dd6cb70efdf,echoes_fma::47071,val_b_unseen_music_generator,ATA,real
data\raw\public_v9\echoes_fma_paired\fake\All_of_Us_Eric_Skiff_diffrhythm_ATA_001.mp3,1,0,1,0,1,fma_artist_10779,Echoes::diffrhythm,echoes_fma_paired,echoes_fma_paired,Octavian97/Echoes + official FMA,fma_47071,echoes_fma::47071,https://huggingface.co/datasets/Octavian97/Echoes ; https://github.com/mdeff/fma,Echoes 14b0c76c6a691c42fadfab9fb6a4eb1ee8c628a2; FMA metadata rc1,generated CC BY-SA 4.0; original http://creativecommons.org/licenses/by/3.0/,YES,FOLLOW_CC_ATTRIBUTION_AND_SHAREALIKE,FOLLOW_ORIGINAL_FMA_TRACK_LICENSE,Echoes-FMA-paired,43bff7e82acd53027559c9acb4e262510d553fe817913b884ca3e4a068f416e6,echoes_fma::47071,val_b_unseen_music_generator,ATA,fake
data\raw\public_v9\echoes_fma_paired\fake\All_of_Us_Eric_Skiff_songgen_ATA_001.mp3,1,0,1,0,1,fma_artist_10779,Echoes::songgen,echoes_fma_paired,echoes_fma_paired,Octavian97/Echoes + official FMA,fma_47071,echoes_fma::47071,https://huggingface.co/datasets/Octavian97/Echoes ; https://github.com/mdeff/fma,Echoes 14b0c76c6a691c42fadfab9fb6a4eb1ee8c628a2; FMA metadata rc1,generated CC BY-SA 4.0; original http://creativecommons.org/licenses/by/3.0/,YES,FOLLOW_CC_ATTRIBUTION_AND_SHAREALIKE,FOLLOW_ORIGINAL_FMA_TRACK_LICENSE,Echoes-FMA-paired,ef73fe3a5cf0a68fb59ac83d18e811ca8baf29061dc3e807d48b7d7c7b035c76,echoes_fma::47071,val_b_unseen_music_generator,ATA,fake
data\raw\public_v9\echoes_fma_paired\real\fma_74910.mp3,0,0,0,0,1,fma_artist_15212,Echoes::FMA_original,echoes_fma_paired,echoes_fma_paired,Octavian97/Echoes + official FMA,fma_74910,echoes_fma::74910,https://huggingface.co/datasets/Octavian97/Echoes ; https://github.com/mdeff/fma,Echoes 14b0c76c6a691c42fadfab9fb6a4eb1ee8c628a2; FMA metadata rc1,generated CC BY-SA 4.0; original http://creativecommons.org/licenses/by/3.0/,YES,FOLLOW_CC_ATTRIBUTION_AND_SHAREALIKE,FOLLOW_ORIGINAL_FMA_TRACK_LICENSE,Echoes-FMA-paired,806014a59218e6cae9ad247b4c9d58a912f3d6be8e30b7f5331aab19b515fc51,echoes_fma::74910,val_b_unseen_music_generator,ATA,real
data\raw\public_v9\echoes_fma_paired\fake\A_Lady_In_Red_With_A_Plan_To_Steal_Did_You_Just_Hex_Me_diffrhythm_ATA_001.mp3,1,0,1,0,1,fma_artist_15212,Echoes::diffrhythm,echoes_fma_paired,echoes_fma_paired,Octavian97/Echoes + official FMA,fma_74910,echoes_fma::74910,https://huggingface.co/datasets/Octavian97/Echoes ; https://github.com/mdeff/fma,Echoes 14b0c76c6a691c42fadfab9fb6a4eb1ee8c628a2; FMA metadata rc1,generated CC BY-SA 4.0; original http://creativecommons.org/licenses/by/3.0/,YES,FOLLOW_CC_ATTRIBUTION_AND_SHAREALIKE,FOLLOW_ORIGINAL_FMA_TRACK_LICENSE,Echoes-FMA-paired,8d7bf84a6ab01b582917c0df637739d69c323c63f0d791c2919a4dc8959771a2,echoes_fma::74910,val_b_unseen_music_generator,ATA,fake
data\raw\public_v9\echoes_fma_paired\fake\A_Lady_In_Red_With_A_Plan_To_Steal_Did_You_Just_Hex_Me_songgen_ATA_001.mp3,1,0,1,0,1,fma_artist_15212,Echoes::songgen,echoes_fma_paired,echoes_fma_paired,Octavian97/Echoes + official FMA,fma_74910,echoes_fma::74910,https://huggingface.co/datasets/Octavian97/Echoes ; https://github.com/mdeff/fma,Echoes 14b0c76c6a691c42fadfab9fb6a4eb1ee8c628a2; FMA metadata rc1,generated CC BY-SA 4.0; original http://creativecommons.org/licenses/by/3.0/,YES,FOLLOW_CC_ATTRIBUTION_AND_SHAREALIKE,FOLLOW_ORIGINAL_FMA_TRACK_LICENSE,Echoes-FMA-paired,ffce689e327b636c095e0a9d985eb422a7642ab79a0b2453636df103f0fa934e,echoes_fma::74910,val_b_unseen_music_generator,ATA,fake
