path,file_fake,voice_fake,music_fake,voice_present,music_present,speaker_id,generator,source,dataset,hf_id,original_id,split_group_id,source_url,version,license,allowed_for_competition,redistribution_allowed,commercial_restriction,dataset_name,content_hash,near_duplicate_group,data_role,upstream_split,upstream_label
data\raw\public_v9\mlaad_tiny\fake\en\Chatterbox\dorothy_and_wizard_oz_08_f000065.wav,1,1,0,1,0,mlaad::dorothy_and_wizard_oz_08,MLAAD::Chatterbox,mlaad_tiny_matched,mlaad_tiny_matched,mueller91/MLAAD-tiny,dorothy_and_wizard_oz_08_f000065,mlaad_tiny::en::dorothy_and_wizard_oz_08_f000065,https://huggingface.co/datasets/mueller91/MLAAD-tiny,9143e5ea709575ebab6bec52840a1043aada7bb1,CC BY-NC 4.0,YES,YES_WITH_ATTRIBUTION_NONCOMMERCIAL,YES_NONCOMMERCIAL_ONLY,MLAAD-tiny-fake,149606610d6212721ab02037ddc91f70e721ac7e7ec7a803e7fac9b75bf198b3,mlaad_tiny::en::dorothy_and_wizard_oz_08_f000065,train,not_applicable,not_applicable
data\raw\public_v9\mlaad_tiny\fake\en\Chatterbox\dorothy_and_wizard_oz_14_f000118.wav,1,1,0,1,0,mlaad::dorothy_and_wizard_oz_14,MLAAD::Chatterbox,mlaad_tiny_matched,mlaad_tiny_matched,mueller91/MLAAD-tiny,dorothy_and_wizard_oz_14_f000118,mlaad_tiny::en::dorothy_and_wizard_oz_14_f000118,https://huggingface.co/datasets/mueller91/MLAAD-tiny,9143e5ea709575ebab6bec52840a1043aada7bb1,CC BY-NC 4.0,YES,YES_WITH_ATTRIBUTION_NONCOMMERCIAL,YES_NONCOMMERCIAL_ONLY,MLAAD-tiny-fake,17e8fdc42a108e2a355f143b7c38b24a10297879af7a4d48d6bc586e46d643b1,mlaad_tiny::en::dorothy_and_wizard_oz_14_f000118,train,not_applicable,not_applicable
data\raw\public_v9\mlaad_tiny\fake\en\Chatterbox\emerald_city_of_oz_07_f000056.wav,1,1,0,1,0,mlaad::emerald_city_of_oz_07,MLAAD::Chatterbox,mlaad_tiny_matched,mlaad_tiny_matched,mueller91/MLAAD-tiny,emerald_city_of_oz_07_f000056,mlaad_tiny::en::emerald_city_of_oz_07_f000056,https://huggingface.co/datasets/mueller91/MLAAD-tiny,9143e5ea709575ebab6bec52840a1043aada7bb1,CC BY-NC 4.0,YES,YES_WITH_ATTRIBUTION_NONCOMMERCIAL,YES_NONCOMMERCIAL_ONLY,MLAAD-tiny-fake,6ae530c3670ecbdcac17dd392f3a95b029316e0e9f30ca8b52971022e5e3f24e,mlaad_tiny::en::emerald_city_of_oz_07_f000056,train,not_applicable,not_applicable
data\raw\public_v9\mlaad_tiny\fake\en\Chatterbox\emerald_city_of_oz_13_f000060.wav,1,1,0,1,0,mlaad::emerald_city_of_oz_13,MLAAD::Chatterbox,mlaad_tiny_matched,mlaad_tiny_matched,mueller91/MLAAD-tiny,emerald_city_of_oz_13_f000060,mlaad_tiny::en::emerald_city_of_oz_13_f000060,https://huggingface.co/datasets/mueller91/MLAAD-tiny,9143e5ea709575ebab6bec52840a1043aada7bb1,CC BY-NC 4.0,YES,YES_WITH_ATTRIBUTION_NONCOMMERCIAL,YES_NONCOMMERCIAL_ONLY,MLAAD-tiny-fake,8f4cab49bffcf12ee885b8099507912b66348efb95d43e7d806c8c34111e0380,mlaad_tiny::en::emerald_city_of_oz_13_f000060,train,not_applicable,not_applicable
data\raw\public_v9\mlaad_tiny\fake\en\Chatterbox\hunters_space_07_f000061.wav,1,1,0,1,0,mlaad::hunters_space_07,MLAAD::Chatterbox,mlaad_tiny_matched,mlaad_tiny_matched,mueller91/MLAAD-tiny,hunters_space_07_f000061,mlaad_tiny::en::hunters_space_07_f000061,https://huggingface.co/datasets/mueller91/MLAAD-tiny,9143e5ea709575ebab6bec52840a1043aada7bb1,CC BY-NC 4.0,YES,YES_WITH_ATTRIBUTION_NONCOMMERCIAL,YES_NONCOMMERCIAL_ONLY,MLAAD-tiny-fake,8616cc905671ef9917dc79a2816ceea68af49ce2317ae88c01b06e6617045074,mlaad_tiny::en::hunters_space_07_f000061,train,not_applicable,not_applicable
data\raw\public_v9\mlaad_tiny\fake\en\Chatterbox\hunters_space_18_f000010.wav,1,1,0,1,0,mlaad::hunters_space_18,MLAAD::Chatterbox,mlaad_tiny_matched,mlaad_tiny_matched,mueller91/MLAAD-tiny,hunters_space_18_f000010,mlaad_tiny::en::hunters_space_18_f000010,https://huggingface.co/datasets/mueller91/MLAAD-tiny,9143e5ea709575ebab6bec52840a1043aada7bb1,CC BY-NC 4.0,YES,YES_WITH_ATTRIBUTION_NONCOMMERCIAL,YES_NONCOMMERCIAL_ONLY,MLAAD-tiny-fake,d68c532d75a469ab2a1d4391db6b511bb2952d12037df0682e38f58db715be80,mlaad_tiny::en::hunters_space_18_f000010,train,not_applicable,not_applicable
data\raw\public_v9\mlaad_tiny\fake\en\Chatterbox\jane_eyre_05_f000047.wav,1,1,0,1,0,mlaad::jane_eyre_05,MLAAD::Chatterbox,mlaad_tiny_matched,mlaad_tiny_matched,mueller91/MLAAD-tiny,jane_eyre_05_f000047,mlaad_tiny::en::jane_eyre_05_f000047,https://huggingface.co/datasets/mueller91/MLAAD-tiny,9143e5ea709575ebab6bec52840a1043aada7bb1,CC BY-NC 4.0,YES,YES_WITH_ATTRIBUTION_NONCOMMERCIAL,YES_NONCOMMERCIAL_ONLY,MLAAD-tiny-fake,6b22df8b2d236ebfd196fa858ae9bc1a90149005deaecb34464820a72a7373ea,mlaad_tiny::en::jane_eyre_05_f000047,train,not_applicable,not_applicable
data\raw\public_v9\mlaad_tiny\fake\en\Chatterbox\jane_eyre_06_f000021.wav,1,1,0,1,0,mlaad::jane_eyre_06,MLAAD::Chatterbox,mlaad_tiny_matched,mlaad_tiny_matched,mueller91/MLAAD-tiny,jane_eyre_06_f000021,mlaad_tiny::en::jane_eyre_06_f000021,https://huggingface.co/datasets/mueller91/MLAAD-tiny,9143e5ea709575ebab6bec52840a1043aada7bb1,CC BY-NC 4.0,YES,YES_WITH_ATTRIBUTION_NONCOMMERCIAL,YES_NONCOMMERCIAL_ONLY,MLAAD-tiny-fake,5c6aa3ed3f06ef223555be8d94665a6da85fa9323685f2fdcff54656fefacf47,mlaad_tiny::en::jane_eyre_06_f000021,train,not_applicable,not_applicable
data\raw\public_v9\mlaad_tiny\fake\en\Chatterbox\jane_eyre_12_f000082.wav,1,1,0,1,0,mlaad::jane_eyre_12,MLAAD::Chatterbox,mlaad_tiny_matched,mlaad_tiny_matched,mueller91/MLAAD-tiny,jane_eyre_12_f000082,mlaad_tiny::en::jane_eyre_12_f000082,https://huggingface.co/datasets/mueller91/MLAAD-tiny,9143e5ea709575ebab6bec52840a1043aada7bb1,CC BY-NC 4.0,YES,YES_WITH_ATTRIBUTION_NONCOMMERCIAL,YES_NONCOMMERCIAL_ONLY,MLAAD-tiny-fake,147468e9868e6fe7cb712f860cd0d5d0f158b6ebd2efc4e36c82bf11e940a0c7,mlaad_tiny::en::jane_eyre_12_f000082,train,not_applicable,not_applicable
data\raw\public_v9\mlaad_tiny\fake\en\Chatterbox\jane_eyre_18_f000063.wav,1,1,0,1,0,mlaad::jane_eyre_18,MLAAD::Chatterbox,mlaad_tiny_matched,mlaad_tiny_matched,mueller91/MLAAD-tiny,jane_eyre_18_f000063,mlaad_tiny::en::jane_eyre_18_f000063,https://huggingface.co/datasets/mueller91/MLAAD-tiny,9143e5ea709575ebab6bec52840a1043aada7bb1,CC BY-NC 4.0,YES,YES_WITH_ATTRIBUTION_NONCOMMERCIAL,YES_NONCOMMERCIAL_ONLY,MLAAD-tiny-fake,8e2a7886943b4be526cc31d1b41920268b53c1a2054090bf4319cecd720c384d,mlaad_tiny::en::jane_eyre_18_f000063,train,not_applicable,not_applicable
data\raw\public_v9\mlaad_tiny\fake\en\FireRedTTS-2.0\dorothy_and_wizard_oz_09_f000102.wav,1,1,0,1,0,mlaad::dorothy_and_wizard_oz_09,MLAAD::FireRedTTS-2.0,mlaad_tiny_matched,mlaad_tiny_matched,mueller91/MLAAD-tiny,dorothy_and_wizard_oz_09_f000102,mlaad_tiny::en::dorothy_and_wizard_oz_09_f000102,https://huggingface.co/datasets/mueller91/MLAAD-tiny,9143e5ea709575ebab6bec52840a1043aada7bb1,CC BY-NC 4.0,YES,YES_WITH_ATTRIBUTION_NONCOMMERCIAL,YES_NONCOMMERCIAL_ONLY,MLAAD-tiny-fake,c5b5eaab170ee4c757900b1e7c69725ea851a8dd2b338d091f0bbe6bf6bec403,mlaad_tiny::en::dorothy_and_wizard_oz_09_f000102,train,not_applicable,not_applicable
data\raw\public_v9\mlaad_tiny\fake\en\FireRedTTS-2.0\dorothy_and_wizard_oz_14_f000119.wav,1,1,0,1,0,mlaad::dorothy_and_wizard_oz_14,MLAAD::FireRedTTS-2.0,mlaad_tiny_matched,mlaad_tiny_matched,mueller91/MLAAD-tiny,dorothy_and_wizard_oz_14_f000119,mlaad_tiny::en::dorothy_and_wizard_oz_14_f000119,https://huggingface.co/datasets/mueller91/MLAAD-tiny,9143e5ea709575ebab6bec52840a1043aada7bb1,CC BY-NC 4.0,YES,YES_WITH_ATTRIBUTION_NONCOMMERCIAL,YES_NONCOMMERCIAL_ONLY,MLAAD-tiny-fake,08e1fd34ce4eaa91f2157f0ea2b189aca34e5d79c95198b12c3a7c54a31ec2f4,mlaad_tiny::en::dorothy_and_wizard_oz_14_f000119,train,not_applicable,not_applicable
data\raw\public_v9\mlaad_tiny\fake\en\FireRedTTS-2.0\emerald_city_of_oz_08_f000059.wav,1,1,0,1,0,mlaad::emerald_city_of_oz_08,MLAAD::FireRedTTS-2.0,mlaad_tiny_matched,mlaad_tiny_matched,mueller91/MLAAD-tiny,emerald_city_of_oz_08_f000059,mlaad_tiny::en::emerald_city_of_oz_08_f000059,https://huggingface.co/datasets/mueller91/MLAAD-tiny,9143e5ea709575ebab6bec52840a1043aada7bb1,CC BY-NC 4.0,YES,YES_WITH_ATTRIBUTION_NONCOMMERCIAL,YES_NONCOMMERCIAL_ONLY,MLAAD-tiny-fake,405fc2f2d87374ee8675ec40843d686e48939858692bc4b5a34635f2659f50ea,mlaad_tiny::en::emerald_city_of_oz_08_f000059,train,not_applicable,not_applicable
data\raw\public_v9\mlaad_tiny\fake\en\FireRedTTS-2.0\emerald_city_of_oz_08_f000073.wav,1,1,0,1,0,mlaad::emerald_city_of_oz_08,MLAAD::FireRedTTS-2.0,mlaad_tiny_matched,mlaad_tiny_matched,mueller91/MLAAD-tiny,emerald_city_of_oz_08_f000073,mlaad_tiny::en::emerald_city_of_oz_08_f000073,https://huggingface.co/datasets/mueller91/MLAAD-tiny,9143e5ea709575ebab6bec52840a1043aada7bb1,CC BY-NC 4.0,YES,YES_WITH_ATTRIBUTION_NONCOMMERCIAL,YES_NONCOMMERCIAL_ONLY,MLAAD-tiny-fake,2727d66bae293fcc1e4cbd1bc1074130a69c0c3e5f78885270cc41f25dc55c6c,mlaad_tiny::en::emerald_city_of_oz_08_f000073,train,not_applicable,not_applicable
data\raw\public_v9\mlaad_tiny\fake\en\FireRedTTS-2.0\jane_eyre_01_f000039.wav,1,1,0,1,0,mlaad::jane_eyre_01,MLAAD::FireRedTTS-2.0,mlaad_tiny_matched,mlaad_tiny_matched,mueller91/MLAAD-tiny,jane_eyre_01_f000039,mlaad_tiny::en::jane_eyre_01_f000039,https://huggingface.co/datasets/mueller91/MLAAD-tiny,9143e5ea709575ebab6bec52840a1043aada7bb1,CC BY-NC 4.0,YES,YES_WITH_ATTRIBUTION_NONCOMMERCIAL,YES_NONCOMMERCIAL_ONLY,MLAAD-tiny-fake,f8db49fa010baa62a293223090b2ebd5d94dd0e1c7fcf5b5079830fced9dbfe7,mlaad_tiny::en::jane_eyre_01_f000039,train,not_applicable,not_applicable
data\raw\public_v9\mlaad_tiny\fake\en\FireRedTTS-2.0\jane_eyre_02_f000105.wav,1,1,0,1,0,mlaad::jane_eyre_02,MLAAD::FireRedTTS-2.0,mlaad_tiny_matched,mlaad_tiny_matched,mueller91/MLAAD-tiny,jane_eyre_02_f000105,mlaad_tiny::en::jane_eyre_02_f000105,https://huggingface.co/datasets/mueller91/MLAAD-tiny,9143e5ea709575ebab6bec52840a1043aada7bb1,CC BY-NC 4.0,YES,YES_WITH_ATTRIBUTION_NONCOMMERCIAL,YES_NONCOMMERCIAL_ONLY,MLAAD-tiny-fake,07c7de63ec0b87f85e53dfbc00e12dd0f2a93a37cc6eee97f4c0700d1f3685f1,mlaad_tiny::en::jane_eyre_02_f000105,train,not_applicable,not_applicable
data\raw\public_v9\mlaad_tiny\fake\en\FireRedTTS-2.0\jane_eyre_08_f000060.wav,1,1,0,1,0,mlaad::jane_eyre_08,MLAAD::FireRedTTS-2.0,mlaad_tiny_matched,mlaad_tiny_matched,mueller91/MLAAD-tiny,jane_eyre_08_f000060,mlaad_tiny::en::jane_eyre_08_f000060,https://huggingface.co/datasets/mueller91/MLAAD-tiny,9143e5ea709575ebab6bec52840a1043aada7bb1,CC BY-NC 4.0,YES,YES_WITH_ATTRIBUTION_NONCOMMERCIAL,YES_NONCOMMERCIAL_ONLY,MLAAD-tiny-fake,cbbd08b3f00a4231c9d3cd3b6c6b67c148d4e2a065bd528230ab2d9f57e56b99,mlaad_tiny::en::jane_eyre_08_f000060,train,not_applicable,not_applicable
data\raw\public_v9\mlaad_tiny\fake\en\FireRedTTS-2.0\jane_eyre_12_f000078.wav,1,1,0,1,0,mlaad::jane_eyre_12,MLAAD::FireRedTTS-2.0,mlaad_tiny_matched,mlaad_tiny_matched,mueller91/MLAAD-tiny,jane_eyre_12_f000078,mlaad_tiny::en::jane_eyre_12_f000078,https://huggingface.co/datasets/mueller91/MLAAD-tiny,9143e5ea709575ebab6bec52840a1043aada7bb1,CC BY-NC 4.0,YES,YES_WITH_ATTRIBUTION_NONCOMMERCIAL,YES_NONCOMMERCIAL_ONLY,MLAAD-tiny-fake,2c952fa2ee741a5ec1d8f6cf9b2512f7f30e941b3fb3e4a4128dccdedc6139c0,mlaad_tiny::en::jane_eyre_12_f000078,train,not_applicable,not_applicable
data\raw\public_v9\mlaad_tiny\fake\en\FireRedTTS-2.0\jane_eyre_17_f000177.wav,1,1,0,1,0,mlaad::jane_eyre_17,MLAAD::FireRedTTS-2.0,mlaad_tiny_matched,mlaad_tiny_matched,mueller91/MLAAD-tiny,jane_eyre_17_f000177,mlaad_tiny::en::jane_eyre_17_f000177,https://huggingface.co/datasets/mueller91/MLAAD-tiny,9143e5ea709575ebab6bec52840a1043aada7bb1,CC BY-NC 4.0,YES,YES_WITH_ATTRIBUTION_NONCOMMERCIAL,YES_NONCOMMERCIAL_ONLY,MLAAD-tiny-fake,c7b46e587eab745814b7d4b72f83022aabc188be0a2dcbf0cd01d3ea7084c935,mlaad_tiny::en::jane_eyre_17_f000177,train,not_applicable,not_applicable
data\raw\public_v9\mlaad_tiny\fake\en\FireRedTTS-2.0\jane_eyre_17_f000379.wav,1,1,0,1,0,mlaad::jane_eyre_17,MLAAD::FireRedTTS-2.0,mlaad_tiny_matched,mlaad_tiny_matched,mueller91/MLAAD-tiny,jane_eyre_17_f000379,mlaad_tiny::en::jane_eyre_17_f000379,https://huggingface.co/datasets/mueller91/MLAAD-tiny,9143e5ea709575ebab6bec52840a1043aada7bb1,CC BY-NC 4.0,YES,YES_WITH_ATTRIBUTION_NONCOMMERCIAL,YES_NONCOMMERCIAL_ONLY,MLAAD-tiny-fake,2a2f4ae9ab72d3f448d3dd1af942158c478f6cd06fd2494d60364e04df0d3a6f,mlaad_tiny::en::jane_eyre_17_f000379,train,not_applicable,not_applicable
data\raw\public_v9\mlaad_tiny\fake\en\FishTTS\dorothy_and_wizard_oz_02_f000150.wav,1,1,0,1,0,mlaad::dorothy_and_wizard_oz_02,MLAAD::FishTTS,mlaad_tiny_matched,mlaad_tiny_matched,mueller91/MLAAD-tiny,dorothy_and_wizard_oz_02_f000150,mlaad_tiny::en::dorothy_and_wizard_oz_02_f000150,https://huggingface.co/datasets/mueller91/MLAAD-tiny,9143e5ea709575ebab6bec52840a1043aada7bb1,CC BY-NC 4.0,YES,YES_WITH_ATTRIBUTION_NONCOMMERCIAL,YES_NONCOMMERCIAL_ONLY,MLAAD-tiny-fake,3bc3f750c2a8a68e6ebb05cea243d36fc50e43ae923b91dd01fbe367acd6c074,mlaad_tiny::en::dorothy_and_wizard_oz_02_f000150,train,not_applicable,not_applicable
data\raw\public_v9\mlaad_tiny\fake\en\FishTTS\dorothy_and_wizard_oz_03_f000008.wav,1,1,0,1,0,mlaad::dorothy_and_wizard_oz_03,MLAAD::FishTTS,mlaad_tiny_matched,mlaad_tiny_matched,mueller91/MLAAD-tiny,dorothy_and_wizard_oz_03_f000008,mlaad_tiny::en::dorothy_and_wizard_oz_03_f000008,https://huggingface.co/datasets/mueller91/MLAAD-tiny,9143e5ea709575ebab6bec52840a1043aada7bb1,CC BY-NC 4.0,YES,YES_WITH_ATTRIBUTION_NONCOMMERCIAL,YES_NONCOMMERCIAL_ONLY,MLAAD-tiny-fake,3c4e80c492b0da5a9c9041573222be1834445ecbe70dd0540f53c601f2522f38,mlaad_tiny::en::dorothy_and_wizard_oz_03_f000008,train,not_applicable,not_applicable
data\raw\public_v9\mlaad_tiny\fake\en\FishTTS\dorothy_and_wizard_oz_07_f000046.wav,1,1,0,1,0,mlaad::dorothy_and_wizard_oz_07,MLAAD::FishTTS,mlaad_tiny_matched,mlaad_tiny_matched,mueller91/MLAAD-tiny,dorothy_and_wizard_oz_07_f000046,mlaad_tiny::en::dorothy_and_wizard_oz_07_f000046,https://huggingface.co/datasets/mueller91/MLAAD-tiny,9143e5ea709575ebab6bec52840a1043aada7bb1,CC BY-NC 4.0,YES,YES_WITH_ATTRIBUTION_NONCOMMERCIAL,YES_NONCOMMERCIAL_ONLY,MLAAD-tiny-fake,bb5f2ef4bc11c0bba5c5ea190f384ebeabdb2bca08971c81d6b4b7a5e03414de,mlaad_tiny::en::dorothy_and_wizard_oz_07_f000046,train,not_applicable,not_applicable
data\raw\public_v9\mlaad_tiny\fake\en\FishTTS\emerald_city_of_oz_05_f000014.wav,1,1,0,1,0,mlaad::emerald_city_of_oz_05,MLAAD::FishTTS,mlaad_tiny_matched,mlaad_tiny_matched,mueller91/MLAAD-tiny,emerald_city_of_oz_05_f000014,mlaad_tiny::en::emerald_city_of_oz_05_f000014,https://huggingface.co/datasets/mueller91/MLAAD-tiny,9143e5ea709575ebab6bec52840a1043aada7bb1,CC BY-NC 4.0,YES,YES_WITH_ATTRIBUTION_NONCOMMERCIAL,YES_NONCOMMERCIAL_ONLY,MLAAD-tiny-fake,c18c53937242fa65af450bc223d8c2198bdd76c6988754c18a008e01fdd20e58,mlaad_tiny::en::emerald_city_of_oz_05_f000014,train,not_applicable,not_applicable
data\raw\public_v9\mlaad_tiny\fake\en\FishTTS\emerald_city_of_oz_07_f000058.wav,1,1,0,1,0,mlaad::emerald_city_of_oz_07,MLAAD::FishTTS,mlaad_tiny_matched,mlaad_tiny_matched,mueller91/MLAAD-tiny,emerald_city_of_oz_07_f000058,mlaad_tiny::en::emerald_city_of_oz_07_f000058,https://huggingface.co/datasets/mueller91/MLAAD-tiny,9143e5ea709575ebab6bec52840a1043aada7bb1,CC BY-NC 4.0,YES,YES_WITH_ATTRIBUTION_NONCOMMERCIAL,YES_NONCOMMERCIAL_ONLY,MLAAD-tiny-fake,9741a04a0599492831e1a9c5cb3e4029210e58094b3c6f5795b032a91771806b,mlaad_tiny::en::emerald_city_of_oz_07_f000058,train,not_applicable,not_applicable
data\raw\public_v9\mlaad_tiny\fake\en\FishTTS\emerald_city_of_oz_19_f000084.wav,1,1,0,1,0,mlaad::emerald_city_of_oz_19,MLAAD::FishTTS,mlaad_tiny_matched,mlaad_tiny_matched,mueller91/MLAAD-tiny,emerald_city_of_oz_19_f000084,mlaad_tiny::en::emerald_city_of_oz_19_f000084,https://huggingface.co/datasets/mueller91/MLAAD-tiny,9143e5ea709575ebab6bec52840a1043aada7bb1,CC BY-NC 4.0,YES,YES_WITH_ATTRIBUTION_NONCOMMERCIAL,YES_NONCOMMERCIAL_ONLY,MLAAD-tiny-fake,77d577f67274af6a3e658dcc82f1241bac5af33e019b4abb32bfb32ab3689de7,mlaad_tiny::en::emerald_city_of_oz_19_f000084,train,not_applicable,not_applicable
data\raw\public_v9\mlaad_tiny\fake\en\FishTTS\emerald_city_of_oz_24_f000069.wav,1,1,0,1,0,mlaad::emerald_city_of_oz_24,MLAAD::FishTTS,mlaad_tiny_matched,mlaad_tiny_matched,mueller91/MLAAD-tiny,emerald_city_of_oz_24_f000069,mlaad_tiny::en::emerald_city_of_oz_24_f000069,https://huggingface.co/datasets/mueller91/MLAAD-tiny,9143e5ea709575ebab6bec52840a1043aada7bb1,CC BY-NC 4.0,YES,YES_WITH_ATTRIBUTION_NONCOMMERCIAL,YES_NONCOMMERCIAL_ONLY,MLAAD-tiny-fake,401ed7bdeb9470b07eecdd13e9eea6bf571c0cd40fddd4237608808abd56f6a4,mlaad_tiny::en::emerald_city_of_oz_24_f000069,train,not_applicable,not_applicable
data\raw\public_v9\mlaad_tiny\fake\en\FishTTS\emerald_city_of_oz_29_f000003.wav,1,1,0,1,0,mlaad::emerald_city_of_oz_29,MLAAD::FishTTS,mlaad_tiny_matched,mlaad_tiny_matched,mueller91/MLAAD-tiny,emerald_city_of_oz_29_f000003,mlaad_tiny::en::emerald_city_of_oz_29_f000003,https://huggingface.co/datasets/mueller91/MLAAD-tiny,9143e5ea709575ebab6bec52840a1043aada7bb1,CC BY-NC 4.0,YES,YES_WITH_ATTRIBUTION_NONCOMMERCIAL,YES_NONCOMMERCIAL_ONLY,MLAAD-tiny-fake,01dd9b1f96c738ab25ff63dc3e24861cd04ed2d219c212f12ddf2f8c075ea82c,mlaad_tiny::en::emerald_city_of_oz_29_f000003,train,not_applicable,not_applicable
data\raw\public_v9\mlaad_tiny\fake\en\FishTTS\hunters_space_05_f000074.wav,1,1,0,1,0,mlaad::hunters_space_05,MLAAD::FishTTS,mlaad_tiny_matched,mlaad_tiny_matched,mueller91/MLAAD-tiny,hunters_space_05_f000074,mlaad_tiny::en::hunters_space_05_f000074,https://huggingface.co/datasets/mueller91/MLAAD-tiny,9143e5ea709575ebab6bec52840a1043aada7bb1,CC BY-NC 4.0,YES,YES_WITH_ATTRIBUTION_NONCOMMERCIAL,YES_NONCOMMERCIAL_ONLY,MLAAD-tiny-fake,d7bcfe4768ebe7d153081d2d933676c933f5e61c340af5ef2ee5563265fa1ccf,mlaad_tiny::en::hunters_space_05_f000074,train,not_applicable,not_applicable
data\raw\public_v9\mlaad_tiny\fake\en\FishTTS\hunters_space_17_f000018.wav,1,1,0,1,0,mlaad::hunters_space_17,MLAAD::FishTTS,mlaad_tiny_matched,mlaad_tiny_matched,mueller91/MLAAD-tiny,hunters_space_17_f000018,mlaad_tiny::en::hunters_space_17_f000018,https://huggingface.co/datasets/mueller91/MLAAD-tiny,9143e5ea709575ebab6bec52840a1043aada7bb1,CC BY-NC 4.0,YES,YES_WITH_ATTRIBUTION_NONCOMMERCIAL,YES_NONCOMMERCIAL_ONLY,MLAAD-tiny-fake,2f2f71e8798d3670a32c2f07153930986987fce1653d3076188586cc5d001c70,mlaad_tiny::en::hunters_space_17_f000018,train,not_applicable,not_applicable
data\raw\public_v9\mlaad_tiny\fake\en\Higgs-Audio-V2\dorothy_and_wizard_oz_02_f000014.wav,1,1,0,1,0,mlaad::dorothy_and_wizard_oz_02,MLAAD::Higgs-Audio-V2,mlaad_tiny_matched,mlaad_tiny_matched,mueller91/MLAAD-tiny,dorothy_and_wizard_oz_02_f000014,mlaad_tiny::en::dorothy_and_wizard_oz_02_f000014,https://huggingface.co/datasets/mueller91/MLAAD-tiny,9143e5ea709575ebab6bec52840a1043aada7bb1,CC BY-NC 4.0,YES,YES_WITH_ATTRIBUTION_NONCOMMERCIAL,YES_NONCOMMERCIAL_ONLY,MLAAD-tiny-fake,0e63dd699496a46935acf3a98c9752be8baff8ccc941a4ae81744b5c65cfb806,mlaad_tiny::en::dorothy_and_wizard_oz_02_f000014,train,not_applicable,not_applicable
data\raw\public_v9\mlaad_tiny\fake\en\Higgs-Audio-V2\dorothy_and_wizard_oz_06_f000021.wav,1,1,0,1,0,mlaad::dorothy_and_wizard_oz_06,MLAAD::Higgs-Audio-V2,mlaad_tiny_matched,mlaad_tiny_matched,mueller91/MLAAD-tiny,dorothy_and_wizard_oz_06_f000021,mlaad_tiny::en::dorothy_and_wizard_oz_06_f000021,https://huggingface.co/datasets/mueller91/MLAAD-tiny,9143e5ea709575ebab6bec52840a1043aada7bb1,CC BY-NC 4.0,YES,YES_WITH_ATTRIBUTION_NONCOMMERCIAL,YES_NONCOMMERCIAL_ONLY,MLAAD-tiny-fake,d26475cf38ee71534de32c9982860a8347045c0347413ca2440e03d46686e7de,mlaad_tiny::en::dorothy_and_wizard_oz_06_f000021,train,not_applicable,not_applicable
data\raw\public_v9\mlaad_tiny\fake\en\Higgs-Audio-V2\dorothy_and_wizard_oz_08_f000005.wav,1,1,0,1,0,mlaad::dorothy_and_wizard_oz_08,MLAAD::Higgs-Audio-V2,mlaad_tiny_matched,mlaad_tiny_matched,mueller91/MLAAD-tiny,dorothy_and_wizard_oz_08_f000005,mlaad_tiny::en::dorothy_and_wizard_oz_08_f000005,https://huggingface.co/datasets/mueller91/MLAAD-tiny,9143e5ea709575ebab6bec52840a1043aada7bb1,CC BY-NC 4.0,YES,YES_WITH_ATTRIBUTION_NONCOMMERCIAL,YES_NONCOMMERCIAL_ONLY,MLAAD-tiny-fake,881c8275233ab4525583b8ec44b19b96c55ae07cf9de15bc0acd14fb1986b477,mlaad_tiny::en::dorothy_and_wizard_oz_08_f000005,train,not_applicable,not_applicable
data\raw\public_v9\mlaad_tiny\fake\en\Higgs-Audio-V2\dorothy_and_wizard_oz_11_f000081.wav,1,1,0,1,0,mlaad::dorothy_and_wizard_oz_11,MLAAD::Higgs-Audio-V2,mlaad_tiny_matched,mlaad_tiny_matched,mueller91/MLAAD-tiny,dorothy_and_wizard_oz_11_f000081,mlaad_tiny::en::dorothy_and_wizard_oz_11_f000081,https://huggingface.co/datasets/mueller91/MLAAD-tiny,9143e5ea709575ebab6bec52840a1043aada7bb1,CC BY-NC 4.0,YES,YES_WITH_ATTRIBUTION_NONCOMMERCIAL,YES_NONCOMMERCIAL_ONLY,MLAAD-tiny-fake,30294f2ef618af37adff957dacc34f4629275cfc8fc696f7f7b3e30e95bce866,mlaad_tiny::en::dorothy_and_wizard_oz_11_f000081,train,not_applicable,not_applicable
data\raw\public_v9\mlaad_tiny\fake\en\Higgs-Audio-V2\emerald_city_of_oz_05_f000024.wav,1,1,0,1,0,mlaad::emerald_city_of_oz_05,MLAAD::Higgs-Audio-V2,mlaad_tiny_matched,mlaad_tiny_matched,mueller91/MLAAD-tiny,emerald_city_of_oz_05_f000024,mlaad_tiny::en::emerald_city_of_oz_05_f000024,https://huggingface.co/datasets/mueller91/MLAAD-tiny,9143e5ea709575ebab6bec52840a1043aada7bb1,CC BY-NC 4.0,YES,YES_WITH_ATTRIBUTION_NONCOMMERCIAL,YES_NONCOMMERCIAL_ONLY,MLAAD-tiny-fake,68ec8b7e667478da9936fed3a2d3e5d98f53cbc9865bb11dcaca9a19fd5e33ab,mlaad_tiny::en::emerald_city_of_oz_05_f000024,train,not_applicable,not_applicable
data\raw\public_v9\mlaad_tiny\fake\en\Higgs-Audio-V2\emerald_city_of_oz_05_f000091.wav,1,1,0,1,0,mlaad::emerald_city_of_oz_05,MLAAD::Higgs-Audio-V2,mlaad_tiny_matched,mlaad_tiny_matched,mueller91/MLAAD-tiny,emerald_city_of_oz_05_f000091,mlaad_tiny::en::emerald_city_of_oz_05_f000091,https://huggingface.co/datasets/mueller91/MLAAD-tiny,9143e5ea709575ebab6bec52840a1043aada7bb1,CC BY-NC 4.0,YES,YES_WITH_ATTRIBUTION_NONCOMMERCIAL,YES_NONCOMMERCIAL_ONLY,MLAAD-tiny-fake,6902bd44996b4f23123d358807e4a3a7ecc69b40ac978e6e6fda2f2dfd5d0421,mlaad_tiny::en::emerald_city_of_oz_05_f000091,train,not_applicable,not_applicable
data\raw\public_v9\mlaad_tiny\fake\en\Higgs-Audio-V2\emerald_city_of_oz_12_f000089.wav,1,1,0,1,0,mlaad::emerald_city_of_oz_12,MLAAD::Higgs-Audio-V2,mlaad_tiny_matched,mlaad_tiny_matched,mueller91/MLAAD-tiny,emerald_city_of_oz_12_f000089,mlaad_tiny::en::emerald_city_of_oz_12_f000089,https://huggingface.co/datasets/mueller91/MLAAD-tiny,9143e5ea709575ebab6bec52840a1043aada7bb1,CC BY-NC 4.0,YES,YES_WITH_ATTRIBUTION_NONCOMMERCIAL,YES_NONCOMMERCIAL_ONLY,MLAAD-tiny-fake,4bba1f7967586f62cefc160853f17e787c39c377429ce8786ea36b04b6ea97e4,mlaad_tiny::en::emerald_city_of_oz_12_f000089,train,not_applicable,not_applicable
data\raw\public_v9\mlaad_tiny\fake\en\Higgs-Audio-V2\hunters_space_06_f000014.wav,1,1,0,1,0,mlaad::hunters_space_06,MLAAD::Higgs-Audio-V2,mlaad_tiny_matched,mlaad_tiny_matched,mueller91/MLAAD-tiny,hunters_space_06_f000014,mlaad_tiny::en::hunters_space_06_f000014,https://huggingface.co/datasets/mueller91/MLAAD-tiny,9143e5ea709575ebab6bec52840a1043aada7bb1,CC BY-NC 4.0,YES,YES_WITH_ATTRIBUTION_NONCOMMERCIAL,YES_NONCOMMERCIAL_ONLY,MLAAD-tiny-fake,dcb19d30a4fb8890757bf139e337c4d9adfd8593b2cb03f968c1b8dca2e5bf22,mlaad_tiny::en::hunters_space_06_f000014,train,not_applicable,not_applicable
data\raw\public_v9\mlaad_tiny\fake\en\Higgs-Audio-V2\hunters_space_08_f000081.wav,1,1,0,1,0,mlaad::hunters_space_08,MLAAD::Higgs-Audio-V2,mlaad_tiny_matched,mlaad_tiny_matched,mueller91/MLAAD-tiny,hunters_space_08_f000081,mlaad_tiny::en::hunters_space_08_f000081,https://huggingface.co/datasets/mueller91/MLAAD-tiny,9143e5ea709575ebab6bec52840a1043aada7bb1,CC BY-NC 4.0,YES,YES_WITH_ATTRIBUTION_NONCOMMERCIAL,YES_NONCOMMERCIAL_ONLY,MLAAD-tiny-fake,cbfe6295192ecc7a6aa9d21544eadc9b0f9231b0e669d9ceecc09f328bb31049,mlaad_tiny::en::hunters_space_08_f000081,train,not_applicable,not_applicable
data\raw\public_v9\mlaad_tiny\fake\en\Higgs-Audio-V2\hunters_space_12_f000017.wav,1,1,0,1,0,mlaad::hunters_space_12,MLAAD::Higgs-Audio-V2,mlaad_tiny_matched,mlaad_tiny_matched,mueller91/MLAAD-tiny,hunters_space_12_f000017,mlaad_tiny::en::hunters_space_12_f000017,https://huggingface.co/datasets/mueller91/MLAAD-tiny,9143e5ea709575ebab6bec52840a1043aada7bb1,CC BY-NC 4.0,YES,YES_WITH_ATTRIBUTION_NONCOMMERCIAL,YES_NONCOMMERCIAL_ONLY,MLAAD-tiny-fake,9fbcd564622e1b2f33a1c8f75592cff1dafdfac799bac10c84aecd9252e4d885,mlaad_tiny::en::hunters_space_12_f000017,train,not_applicable,not_applicable
data\raw\public_v9\mlaad_tiny\fake\en\Microsoft VibeVoice 1.5B\dorothy_and_wizard_oz_09_f000114.wav,1,1,0,1,0,mlaad::dorothy_and_wizard_oz_09,MLAAD::Microsoft VibeVoice 1.5B,mlaad_tiny_matched,mlaad_tiny_matched,mueller91/MLAAD-tiny,dorothy_and_wizard_oz_09_f000114,mlaad_tiny::en::dorothy_and_wizard_oz_09_f000114,https://huggingface.co/datasets/mueller91/MLAAD-tiny,9143e5ea709575ebab6bec52840a1043aada7bb1,CC BY-NC 4.0,YES,YES_WITH_ATTRIBUTION_NONCOMMERCIAL,YES_NONCOMMERCIAL_ONLY,MLAAD-tiny-fake,4478494dbf70a8ffebdd08e0f11c76d83c27472d5b1f82a7790c666b46986e6b,mlaad_tiny::en::dorothy_and_wizard_oz_09_f000114,train,not_applicable,not_applicable
data\raw\public_v9\mlaad_tiny\fake\en\Microsoft VibeVoice 1.5B\dorothy_and_wizard_oz_12_f000128.wav,1,1,0,1,0,mlaad::dorothy_and_wizard_oz_12,MLAAD::Microsoft VibeVoice 1.5B,mlaad_tiny_matched,mlaad_tiny_matched,mueller91/MLAAD-tiny,dorothy_and_wizard_oz_12_f000128,mlaad_tiny::en::dorothy_and_wizard_oz_12_f000128,https://huggingface.co/datasets/mueller91/MLAAD-tiny,9143e5ea709575ebab6bec52840a1043aada7bb1,CC BY-NC 4.0,YES,YES_WITH_ATTRIBUTION_NONCOMMERCIAL,YES_NONCOMMERCIAL_ONLY,MLAAD-tiny-fake,de5bc9cbe46e0749cd4ef9902d10920b1aded9f6793a4537596dcc9c75daf131,mlaad_tiny::en::dorothy_and_wizard_oz_12_f000128,train,not_applicable,not_applicable
data\raw\public_v9\mlaad_tiny\fake\en\Microsoft VibeVoice 1.5B\dorothy_and_wizard_oz_14_f000082.wav,1,1,0,1,0,mlaad::dorothy_and_wizard_oz_14,MLAAD::Microsoft VibeVoice 1.5B,mlaad_tiny_matched,mlaad_tiny_matched,mueller91/MLAAD-tiny,dorothy_and_wizard_oz_14_f000082,mlaad_tiny::en::dorothy_and_wizard_oz_14_f000082,https://huggingface.co/datasets/mueller91/MLAAD-tiny,9143e5ea709575ebab6bec52840a1043aada7bb1,CC BY-NC 4.0,YES,YES_WITH_ATTRIBUTION_NONCOMMERCIAL,YES_NONCOMMERCIAL_ONLY,MLAAD-tiny-fake,ce05ac632977d8c5bec12fffceece3cc2ae98e9b59320e17e9fc0f52b2df245a,mlaad_tiny::en::dorothy_and_wizard_oz_14_f000082,train,not_applicable,not_applicable
data\raw\public_v9\mlaad_tiny\fake\en\Microsoft VibeVoice 1.5B\dorothy_and_wizard_oz_15_f000058.wav,1,1,0,1,0,mlaad::dorothy_and_wizard_oz_15,MLAAD::Microsoft VibeVoice 1.5B,mlaad_tiny_matched,mlaad_tiny_matched,mueller91/MLAAD-tiny,dorothy_and_wizard_oz_15_f000058,mlaad_tiny::en::dorothy_and_wizard_oz_15_f000058,https://huggingface.co/datasets/mueller91/MLAAD-tiny,9143e5ea709575ebab6bec52840a1043aada7bb1,CC BY-NC 4.0,YES,YES_WITH_ATTRIBUTION_NONCOMMERCIAL,YES_NONCOMMERCIAL_ONLY,MLAAD-tiny-fake,8aec590d3f65206356b847e0221814642710f15a000fdae1d36411d944f55b75,mlaad_tiny::en::dorothy_and_wizard_oz_15_f000058,train,not_applicable,not_applicable
data\raw\public_v9\mlaad_tiny\fake\en\Microsoft VibeVoice 1.5B\emerald_city_of_oz_11_f000090.wav,1,1,0,1,0,mlaad::emerald_city_of_oz_11,MLAAD::Microsoft VibeVoice 1.5B,mlaad_tiny_matched,mlaad_tiny_matched,mueller91/MLAAD-tiny,emerald_city_of_oz_11_f000090,mlaad_tiny::en::emerald_city_of_oz_11_f000090,https://huggingface.co/datasets/mueller91/MLAAD-tiny,9143e5ea709575ebab6bec52840a1043aada7bb1,CC BY-NC 4.0,YES,YES_WITH_ATTRIBUTION_NONCOMMERCIAL,YES_NONCOMMERCIAL_ONLY,MLAAD-tiny-fake,79f89947e1d8990ab5d6e278307d16842ffad12ff4a6c9a0c1bc11fa86121503,mlaad_tiny::en::emerald_city_of_oz_11_f000090,train,not_applicable,not_applicable
data\raw\public_v9\mlaad_tiny\fake\en\Microsoft VibeVoice 1.5B\hunters_space_01_f000007.wav,1,1,0,1,0,mlaad::hunters_space_01,MLAAD::Microsoft VibeVoice 1.5B,mlaad_tiny_matched,mlaad_tiny_matched,mueller91/MLAAD-tiny,hunters_space_01_f000007,mlaad_tiny::en::hunters_space_01_f000007,https://huggingface.co/datasets/mueller91/MLAAD-tiny,9143e5ea709575ebab6bec52840a1043aada7bb1,CC BY-NC 4.0,YES,YES_WITH_ATTRIBUTION_NONCOMMERCIAL,YES_NONCOMMERCIAL_ONLY,MLAAD-tiny-fake,4a9a92962447ee8c58c19d126a6eb986a4871dd5bcae64515de989486bf49c84,mlaad_tiny::en::hunters_space_01_f000007,train,not_applicable,not_applicable
data\raw\public_v9\mlaad_tiny\fake\en\Microsoft VibeVoice 1.5B\jane_eyre_02_f000039.wav,1,1,0,1,0,mlaad::jane_eyre_02,MLAAD::Microsoft VibeVoice 1.5B,mlaad_tiny_matched,mlaad_tiny_matched,mueller91/MLAAD-tiny,jane_eyre_02_f000039,mlaad_tiny::en::jane_eyre_02_f000039,https://huggingface.co/datasets/mueller91/MLAAD-tiny,9143e5ea709575ebab6bec52840a1043aada7bb1,CC BY-NC 4.0,YES,YES_WITH_ATTRIBUTION_NONCOMMERCIAL,YES_NONCOMMERCIAL_ONLY,MLAAD-tiny-fake,4eb541e7ea8371e74d6abcd4235fe69ad921a6748a8600b253bf24649bfd0955,mlaad_tiny::en::jane_eyre_02_f000039,train,not_applicable,not_applicable
data\raw\public_v9\mlaad_tiny\fake\en\Microsoft VibeVoice 1.5B\jane_eyre_05_f000057.wav,1,1,0,1,0,mlaad::jane_eyre_05,MLAAD::Microsoft VibeVoice 1.5B,mlaad_tiny_matched,mlaad_tiny_matched,mueller91/MLAAD-tiny,jane_eyre_05_f000057,mlaad_tiny::en::jane_eyre_05_f000057,https://huggingface.co/datasets/mueller91/MLAAD-tiny,9143e5ea709575ebab6bec52840a1043aada7bb1,CC BY-NC 4.0,YES,YES_WITH_ATTRIBUTION_NONCOMMERCIAL,YES_NONCOMMERCIAL_ONLY,MLAAD-tiny-fake,a3d8984830813f206347b2eaa5e92842dcd543a68a1c671961c0e4ee46974c52,mlaad_tiny::en::jane_eyre_05_f000057,train,not_applicable,not_applicable
data\raw\public_v9\mlaad_tiny\fake\en\Microsoft VibeVoice 1.5B\jane_eyre_05_f000180.wav,1,1,0,1,0,mlaad::jane_eyre_05,MLAAD::Microsoft VibeVoice 1.5B,mlaad_tiny_matched,mlaad_tiny_matched,mueller91/MLAAD-tiny,jane_eyre_05_f000180,mlaad_tiny::en::jane_eyre_05_f000180,https://huggingface.co/datasets/mueller91/MLAAD-tiny,9143e5ea709575ebab6bec52840a1043aada7bb1,CC BY-NC 4.0,YES,YES_WITH_ATTRIBUTION_NONCOMMERCIAL,YES_NONCOMMERCIAL_ONLY,MLAAD-tiny-fake,24bf3f9d71a33fe72ea4be7551337db7d82dbcd24f4dedacbdd144549a421c27,mlaad_tiny::en::jane_eyre_05_f000180,train,not_applicable,not_applicable
data\raw\public_v9\mlaad_tiny\fake\en\Microsoft VibeVoice 1.5B\jane_eyre_09_f000110.wav,1,1,0,1,0,mlaad::jane_eyre_09,MLAAD::Microsoft VibeVoice 1.5B,mlaad_tiny_matched,mlaad_tiny_matched,mueller91/MLAAD-tiny,jane_eyre_09_f000110,mlaad_tiny::en::jane_eyre_09_f000110,https://huggingface.co/datasets/mueller91/MLAAD-tiny,9143e5ea709575ebab6bec52840a1043aada7bb1,CC BY-NC 4.0,YES,YES_WITH_ATTRIBUTION_NONCOMMERCIAL,YES_NONCOMMERCIAL_ONLY,MLAAD-tiny-fake,ddf06b3c8f27c98f66a723bab46c85ac806c9a0a218de2e9647642276a3d3f9c,mlaad_tiny::en::jane_eyre_09_f000110,train,not_applicable,not_applicable
data\raw\public_v9\mlaad_tiny\fake\en\MiniCPM-o-2.6\dorothy_and_wizard_oz_11_f000097.wav,1,1,0,1,0,mlaad::dorothy_and_wizard_oz_11,MLAAD::MiniCPM-o-2.6,mlaad_tiny_matched,mlaad_tiny_matched,mueller91/MLAAD-tiny,dorothy_and_wizard_oz_11_f000097,mlaad_tiny::en::dorothy_and_wizard_oz_11_f000097,https://huggingface.co/datasets/mueller91/MLAAD-tiny,9143e5ea709575ebab6bec52840a1043aada7bb1,CC BY-NC 4.0,YES,YES_WITH_ATTRIBUTION_NONCOMMERCIAL,YES_NONCOMMERCIAL_ONLY,MLAAD-tiny-fake,f022d471b15038661b3410be395361b7a48239096020d1cf83ae02979c18174f,mlaad_tiny::en::dorothy_and_wizard_oz_11_f000097,train,not_applicable,not_applicable
data\raw\public_v9\mlaad_tiny\fake\en\MiniCPM-o-2.6\dorothy_and_wizard_oz_18_f000005.wav,1,1,0,1,0,mlaad::dorothy_and_wizard_oz_18,MLAAD::MiniCPM-o-2.6,mlaad_tiny_matched,mlaad_tiny_matched,mueller91/MLAAD-tiny,dorothy_and_wizard_oz_18_f000005,mlaad_tiny::en::dorothy_and_wizard_oz_18_f000005,https://huggingface.co/datasets/mueller91/MLAAD-tiny,9143e5ea709575ebab6bec52840a1043aada7bb1,CC BY-NC 4.0,YES,YES_WITH_ATTRIBUTION_NONCOMMERCIAL,YES_NONCOMMERCIAL_ONLY,MLAAD-tiny-fake,0e40f8ef35418289ec4238ae49b53899e99ab5f9f91da3adaba9c4973be8c7da,mlaad_tiny::en::dorothy_and_wizard_oz_18_f000005,train,not_applicable,not_applicable
data\raw\public_v9\mlaad_tiny\fake\en\MiniCPM-o-2.6\emerald_city_of_oz_07_f000035.wav,1,1,0,1,0,mlaad::emerald_city_of_oz_07,MLAAD::MiniCPM-o-2.6,mlaad_tiny_matched,mlaad_tiny_matched,mueller91/MLAAD-tiny,emerald_city_of_oz_07_f000035,mlaad_tiny::en::emerald_city_of_oz_07_f000035,https://huggingface.co/datasets/mueller91/MLAAD-tiny,9143e5ea709575ebab6bec52840a1043aada7bb1,CC BY-NC 4.0,YES,YES_WITH_ATTRIBUTION_NONCOMMERCIAL,YES_NONCOMMERCIAL_ONLY,MLAAD-tiny-fake,2f5a72afa89543576a8a73ba3d4b06b001ace896c9393253d6bcb149ab61d8ee,mlaad_tiny::en::emerald_city_of_oz_07_f000035,train,not_applicable,not_applicable
data\raw\public_v9\mlaad_tiny\fake\en\MiniCPM-o-2.6\emerald_city_of_oz_07_f000038.wav,1,1,0,1,0,mlaad::emerald_city_of_oz_07,MLAAD::MiniCPM-o-2.6,mlaad_tiny_matched,mlaad_tiny_matched,mueller91/MLAAD-tiny,emerald_city_of_oz_07_f000038,mlaad_tiny::en::emerald_city_of_oz_07_f000038,https://huggingface.co/datasets/mueller91/MLAAD-tiny,9143e5ea709575ebab6bec52840a1043aada7bb1,CC BY-NC 4.0,YES,YES_WITH_ATTRIBUTION_NONCOMMERCIAL,YES_NONCOMMERCIAL_ONLY,MLAAD-tiny-fake,8722755631ab35e70775baa298cb9a856901e69be9bb71b3c441d0e653e69c5f,mlaad_tiny::en::emerald_city_of_oz_07_f000038,train,not_applicable,not_applicable
data\raw\public_v9\mlaad_tiny\fake\en\MiniCPM-o-2.6\emerald_city_of_oz_07_f000053.wav,1,1,0,1,0,mlaad::emerald_city_of_oz_07,MLAAD::MiniCPM-o-2.6,mlaad_tiny_matched,mlaad_tiny_matched,mueller91/MLAAD-tiny,emerald_city_of_oz_07_f000053,mlaad_tiny::en::emerald_city_of_oz_07_f000053,https://huggingface.co/datasets/mueller91/MLAAD-tiny,9143e5ea709575ebab6bec52840a1043aada7bb1,CC BY-NC 4.0,YES,YES_WITH_ATTRIBUTION_NONCOMMERCIAL,YES_NONCOMMERCIAL_ONLY,MLAAD-tiny-fake,c331a639074ef0d1e4a68d6df646f8be70bec1a8830bc2d6c5b583ba6a69bd7f,mlaad_tiny::en::emerald_city_of_oz_07_f000053,train,not_applicable,not_applicable
data\raw\public_v9\mlaad_tiny\fake\en\MiniCPM-o-2.6\emerald_city_of_oz_17_f000017.wav,1,1,0,1,0,mlaad::emerald_city_of_oz_17,MLAAD::MiniCPM-o-2.6,mlaad_tiny_matched,mlaad_tiny_matched,mueller91/MLAAD-tiny,emerald_city_of_oz_17_f000017,mlaad_tiny::en::emerald_city_of_oz_17_f000017,https://huggingface.co/datasets/mueller91/MLAAD-tiny,9143e5ea709575ebab6bec52840a1043aada7bb1,CC BY-NC 4.0,YES,YES_WITH_ATTRIBUTION_NONCOMMERCIAL,YES_NONCOMMERCIAL_ONLY,MLAAD-tiny-fake,47268a899cc9c1a609e401217a724c4435630b9d8c3db5f2a98dbad1a4e3e0d3,mlaad_tiny::en::emerald_city_of_oz_17_f000017,train,not_applicable,not_applicable
data\raw\public_v9\mlaad_tiny\fake\en\MiniCPM-o-2.6\hunters_space_04_f000021.wav,1,1,0,1,0,mlaad::hunters_space_04,MLAAD::MiniCPM-o-2.6,mlaad_tiny_matched,mlaad_tiny_matched,mueller91/MLAAD-tiny,hunters_space_04_f000021,mlaad_tiny::en::hunters_space_04_f000021,https://huggingface.co/datasets/mueller91/MLAAD-tiny,9143e5ea709575ebab6bec52840a1043aada7bb1,CC BY-NC 4.0,YES,YES_WITH_ATTRIBUTION_NONCOMMERCIAL,YES_NONCOMMERCIAL_ONLY,MLAAD-tiny-fake,00d8cb49189c7e78743e6880682242b3a6804888d8eae59d2f72f83b06ca290c,mlaad_tiny::en::hunters_space_04_f000021,train,not_applicable,not_applicable
data\raw\public_v9\mlaad_tiny\fake\en\MiniCPM-o-2.6\hunters_space_06_f000036.wav,1,1,0,1,0,mlaad::hunters_space_06,MLAAD::MiniCPM-o-2.6,mlaad_tiny_matched,mlaad_tiny_matched,mueller91/MLAAD-tiny,hunters_space_06_f000036,mlaad_tiny::en::hunters_space_06_f000036,https://huggingface.co/datasets/mueller91/MLAAD-tiny,9143e5ea709575ebab6bec52840a1043aada7bb1,CC BY-NC 4.0,YES,YES_WITH_ATTRIBUTION_NONCOMMERCIAL,YES_NONCOMMERCIAL_ONLY,MLAAD-tiny-fake,e16999ed685c420b420de20c76b0f9553024fed246575dcb1f52a7fc8defe84d,mlaad_tiny::en::hunters_space_06_f000036,train,not_applicable,not_applicable
data\raw\public_v9\mlaad_tiny\fake\en\MiniCPM-o-2.6\hunters_space_08_f000103.wav,1,1,0,1,0,mlaad::hunters_space_08,MLAAD::MiniCPM-o-2.6,mlaad_tiny_matched,mlaad_tiny_matched,mueller91/MLAAD-tiny,hunters_space_08_f000103,mlaad_tiny::en::hunters_space_08_f000103,https://huggingface.co/datasets/mueller91/MLAAD-tiny,9143e5ea709575ebab6bec52840a1043aada7bb1,CC BY-NC 4.0,YES,YES_WITH_ATTRIBUTION_NONCOMMERCIAL,YES_NONCOMMERCIAL_ONLY,MLAAD-tiny-fake,ed647d46fa8d2f59a6303e3d811760feb79204683e5f99aec43d15286464ab60,mlaad_tiny::en::hunters_space_08_f000103,train,not_applicable,not_applicable
data\raw\public_v9\mlaad_tiny\fake\en\MiniCPM-o-2.6\hunters_space_10_f000106.wav,1,1,0,1,0,mlaad::hunters_space_10,MLAAD::MiniCPM-o-2.6,mlaad_tiny_matched,mlaad_tiny_matched,mueller91/MLAAD-tiny,hunters_space_10_f000106,mlaad_tiny::en::hunters_space_10_f000106,https://huggingface.co/datasets/mueller91/MLAAD-tiny,9143e5ea709575ebab6bec52840a1043aada7bb1,CC BY-NC 4.0,YES,YES_WITH_ATTRIBUTION_NONCOMMERCIAL,YES_NONCOMMERCIAL_ONLY,MLAAD-tiny-fake,4fa4a0468e1925a70cad27fa7c12950df388a9658a0165454f6eb8715b57a9e3,mlaad_tiny::en::hunters_space_10_f000106,train,not_applicable,not_applicable
data\raw\public_v9\mlaad_tiny\fake\en\OpenVoiceV2\dorothy_and_wizard_oz_09_f000123.wav,1,1,0,1,0,mlaad::dorothy_and_wizard_oz_09,MLAAD::OpenVoiceV2,mlaad_tiny_matched,mlaad_tiny_matched,mueller91/MLAAD-tiny,dorothy_and_wizard_oz_09_f000123,mlaad_tiny::en::dorothy_and_wizard_oz_09_f000123,https://huggingface.co/datasets/mueller91/MLAAD-tiny,9143e5ea709575ebab6bec52840a1043aada7bb1,CC BY-NC 4.0,YES,YES_WITH_ATTRIBUTION_NONCOMMERCIAL,YES_NONCOMMERCIAL_ONLY,MLAAD-tiny-fake,fafcd9d171cbf735019542de8739aa6d92628976beb419c3e4f60df28c023c87,mlaad_tiny::en::dorothy_and_wizard_oz_09_f000123,train,not_applicable,not_applicable
data\raw\public_v9\mlaad_tiny\fake\en\OpenVoiceV2\emerald_city_of_oz_07_f000047.wav,1,1,0,1,0,mlaad::emerald_city_of_oz_07,MLAAD::OpenVoiceV2,mlaad_tiny_matched,mlaad_tiny_matched,mueller91/MLAAD-tiny,emerald_city_of_oz_07_f000047,mlaad_tiny::en::emerald_city_of_oz_07_f000047,https://huggingface.co/datasets/mueller91/MLAAD-tiny,9143e5ea709575ebab6bec52840a1043aada7bb1,CC BY-NC 4.0,YES,YES_WITH_ATTRIBUTION_NONCOMMERCIAL,YES_NONCOMMERCIAL_ONLY,MLAAD-tiny-fake,757f05fface8435c4fe70efa90822a2f892e27d696107d49221fd8a8d3d83aec,mlaad_tiny::en::emerald_city_of_oz_07_f000047,train,not_applicable,not_applicable
data\raw\public_v9\mlaad_tiny\fake\en\OpenVoiceV2\emerald_city_of_oz_09_f000074.wav,1,1,0,1,0,mlaad::emerald_city_of_oz_09,MLAAD::OpenVoiceV2,mlaad_tiny_matched,mlaad_tiny_matched,mueller91/MLAAD-tiny,emerald_city_of_oz_09_f000074,mlaad_tiny::en::emerald_city_of_oz_09_f000074,https://huggingface.co/datasets/mueller91/MLAAD-tiny,9143e5ea709575ebab6bec52840a1043aada7bb1,CC BY-NC 4.0,YES,YES_WITH_ATTRIBUTION_NONCOMMERCIAL,YES_NONCOMMERCIAL_ONLY,MLAAD-tiny-fake,d0e2c2f3cd77dca408a928f68f0bedfd9dcedb043eabcacb48dfcd9015373047,mlaad_tiny::en::emerald_city_of_oz_09_f000074,train,not_applicable,not_applicable
data\raw\public_v9\mlaad_tiny\fake\en\OpenVoiceV2\emerald_city_of_oz_11_f000043.wav,1,1,0,1,0,mlaad::emerald_city_of_oz_11,MLAAD::OpenVoiceV2,mlaad_tiny_matched,mlaad_tiny_matched,mueller91/MLAAD-tiny,emerald_city_of_oz_11_f000043,mlaad_tiny::en::emerald_city_of_oz_11_f000043,https://huggingface.co/datasets/mueller91/MLAAD-tiny,9143e5ea709575ebab6bec52840a1043aada7bb1,CC BY-NC 4.0,YES,YES_WITH_ATTRIBUTION_NONCOMMERCIAL,YES_NONCOMMERCIAL_ONLY,MLAAD-tiny-fake,bd12d0bcf30c32cfffae653067860720a0bcd6d16c532c28992322151b03f821,mlaad_tiny::en::emerald_city_of_oz_11_f000043,train,not_applicable,not_applicable
data\raw\public_v9\mlaad_tiny\fake\en\OpenVoiceV2\hunters_space_02_f000090.wav,1,1,0,1,0,mlaad::hunters_space_02,MLAAD::OpenVoiceV2,mlaad_tiny_matched,mlaad_tiny_matched,mueller91/MLAAD-tiny,hunters_space_02_f000090,mlaad_tiny::en::hunters_space_02_f000090,https://huggingface.co/datasets/mueller91/MLAAD-tiny,9143e5ea709575ebab6bec52840a1043aada7bb1,CC BY-NC 4.0,YES,YES_WITH_ATTRIBUTION_NONCOMMERCIAL,YES_NONCOMMERCIAL_ONLY,MLAAD-tiny-fake,4a785bdce38b44bdf1fb98c52c3f3d48b937c315aecea773fd7f41973045c80c,mlaad_tiny::en::hunters_space_02_f000090,train,not_applicable,not_applicable
data\raw\public_v9\mlaad_tiny\fake\en\OpenVoiceV2\hunters_space_07_f000081.wav,1,1,0,1,0,mlaad::hunters_space_07,MLAAD::OpenVoiceV2,mlaad_tiny_matched,mlaad_tiny_matched,mueller91/MLAAD-tiny,hunters_space_07_f000081,mlaad_tiny::en::hunters_space_07_f000081,https://huggingface.co/datasets/mueller91/MLAAD-tiny,9143e5ea709575ebab6bec52840a1043aada7bb1,CC BY-NC 4.0,YES,YES_WITH_ATTRIBUTION_NONCOMMERCIAL,YES_NONCOMMERCIAL_ONLY,MLAAD-tiny-fake,eaa6e1137067d0e8b3d50e9b48b55c279f667dc7294d2f96ae61c6da383f50bb,mlaad_tiny::en::hunters_space_07_f000081,train,not_applicable,not_applicable
data\raw\public_v9\mlaad_tiny\fake\en\OpenVoiceV2\hunters_space_18_f000024.wav,1,1,0,1,0,mlaad::hunters_space_18,MLAAD::OpenVoiceV2,mlaad_tiny_matched,mlaad_tiny_matched,mueller91/MLAAD-tiny,hunters_space_18_f000024,mlaad_tiny::en::hunters_space_18_f000024,https://huggingface.co/datasets/mueller91/MLAAD-tiny,9143e5ea709575ebab6bec52840a1043aada7bb1,CC BY-NC 4.0,YES,YES_WITH_ATTRIBUTION_NONCOMMERCIAL,YES_NONCOMMERCIAL_ONLY,MLAAD-tiny-fake,887b0b56b72d4ce94e1c4fdbdae3f214bc1d912d3e4ec6a7e930744e6733804b,mlaad_tiny::en::hunters_space_18_f000024,train,not_applicable,not_applicable
data\raw\public_v9\mlaad_tiny\fake\en\OpenVoiceV2\jane_eyre_04_f000253.wav,1,1,0,1,0,mlaad::jane_eyre_04,MLAAD::OpenVoiceV2,mlaad_tiny_matched,mlaad_tiny_matched,mueller91/MLAAD-tiny,jane_eyre_04_f000253,mlaad_tiny::en::jane_eyre_04_f000253,https://huggingface.co/datasets/mueller91/MLAAD-tiny,9143e5ea709575ebab6bec52840a1043aada7bb1,CC BY-NC 4.0,YES,YES_WITH_ATTRIBUTION_NONCOMMERCIAL,YES_NONCOMMERCIAL_ONLY,MLAAD-tiny-fake,f6acabe13ed3fc3ef5d04eb763200df9a1f026349df30086e8c914cfc478b644,mlaad_tiny::en::jane_eyre_04_f000253,train,not_applicable,not_applicable
data\raw\public_v9\mlaad_tiny\fake\en\OpenVoiceV2\jane_eyre_05_f000054.wav,1,1,0,1,0,mlaad::jane_eyre_05,MLAAD::OpenVoiceV2,mlaad_tiny_matched,mlaad_tiny_matched,mueller91/MLAAD-tiny,jane_eyre_05_f000054,mlaad_tiny::en::jane_eyre_05_f000054,https://huggingface.co/datasets/mueller91/MLAAD-tiny,9143e5ea709575ebab6bec52840a1043aada7bb1,CC BY-NC 4.0,YES,YES_WITH_ATTRIBUTION_NONCOMMERCIAL,YES_NONCOMMERCIAL_ONLY,MLAAD-tiny-fake,47a19a43b76ca89e9957cdcc3e2515f4083593d1134113c2564466fbebbdde5a,mlaad_tiny::en::jane_eyre_05_f000054,train,not_applicable,not_applicable
data\raw\public_v9\mlaad_tiny\fake\en\OpenVoiceV2\jane_eyre_05_f000097.wav,1,1,0,1,0,mlaad::jane_eyre_05,MLAAD::OpenVoiceV2,mlaad_tiny_matched,mlaad_tiny_matched,mueller91/MLAAD-tiny,jane_eyre_05_f000097,mlaad_tiny::en::jane_eyre_05_f000097,https://huggingface.co/datasets/mueller91/MLAAD-tiny,9143e5ea709575ebab6bec52840a1043aada7bb1,CC BY-NC 4.0,YES,YES_WITH_ATTRIBUTION_NONCOMMERCIAL,YES_NONCOMMERCIAL_ONLY,MLAAD-tiny-fake,fa3ae92a1cc4abcbe61c9c635a87a8947df11526b65a20a89fb5ed7a02cea6c7,mlaad_tiny::en::jane_eyre_05_f000097,train,not_applicable,not_applicable
data\raw\public_v9\mlaad_tiny\fake\en\Qwen2.5-Omni\dorothy_and_wizard_oz_01_f000045.wav,1,1,0,1,0,mlaad::dorothy_and_wizard_oz_01,MLAAD::Qwen2.5-Omni,mlaad_tiny_matched,mlaad_tiny_matched,mueller91/MLAAD-tiny,dorothy_and_wizard_oz_01_f000045,mlaad_tiny::en::dorothy_and_wizard_oz_01_f000045,https://huggingface.co/datasets/mueller91/MLAAD-tiny,9143e5ea709575ebab6bec52840a1043aada7bb1,CC BY-NC 4.0,YES,YES_WITH_ATTRIBUTION_NONCOMMERCIAL,YES_NONCOMMERCIAL_ONLY,MLAAD-tiny-fake,0ca3a6c63a2140c820c52486ff7b4530fe2a5eb37790b9108528b3d552e1a3b9,mlaad_tiny::en::dorothy_and_wizard_oz_01_f000045,train,not_applicable,not_applicable
data\raw\public_v9\mlaad_tiny\fake\en\Qwen2.5-Omni\dorothy_and_wizard_oz_18_f000006.wav,1,1,0,1,0,mlaad::dorothy_and_wizard_oz_18,MLAAD::Qwen2.5-Omni,mlaad_tiny_matched,mlaad_tiny_matched,mueller91/MLAAD-tiny,dorothy_and_wizard_oz_18_f000006,mlaad_tiny::en::dorothy_and_wizard_oz_18_f000006,https://huggingface.co/datasets/mueller91/MLAAD-tiny,9143e5ea709575ebab6bec52840a1043aada7bb1,CC BY-NC 4.0,YES,YES_WITH_ATTRIBUTION_NONCOMMERCIAL,YES_NONCOMMERCIAL_ONLY,MLAAD-tiny-fake,e81eb1ee34442369fe6272b7be63e0b06712d935d0465c48ada9c29676726c19,mlaad_tiny::en::dorothy_and_wizard_oz_18_f000006,train,not_applicable,not_applicable
data\raw\public_v9\mlaad_tiny\fake\en\Qwen2.5-Omni\emerald_city_of_oz_02_f000050.wav,1,1,0,1,0,mlaad::emerald_city_of_oz_02,MLAAD::Qwen2.5-Omni,mlaad_tiny_matched,mlaad_tiny_matched,mueller91/MLAAD-tiny,emerald_city_of_oz_02_f000050,mlaad_tiny::en::emerald_city_of_oz_02_f000050,https://huggingface.co/datasets/mueller91/MLAAD-tiny,9143e5ea709575ebab6bec52840a1043aada7bb1,CC BY-NC 4.0,YES,YES_WITH_ATTRIBUTION_NONCOMMERCIAL,YES_NONCOMMERCIAL_ONLY,MLAAD-tiny-fake,65b7e8a3e7dcc527b51326be79bcefed189e1a6520a98a7146eaeea0817da3e8,mlaad_tiny::en::emerald_city_of_oz_02_f000050,train,not_applicable,not_applicable
data\raw\public_v9\mlaad_tiny\fake\en\Qwen2.5-Omni\emerald_city_of_oz_16_f000095.wav,1,1,0,1,0,mlaad::emerald_city_of_oz_16,MLAAD::Qwen2.5-Omni,mlaad_tiny_matched,mlaad_tiny_matched,mueller91/MLAAD-tiny,emerald_city_of_oz_16_f000095,mlaad_tiny::en::emerald_city_of_oz_16_f000095,https://huggingface.co/datasets/mueller91/MLAAD-tiny,9143e5ea709575ebab6bec52840a1043aada7bb1,CC BY-NC 4.0,YES,YES_WITH_ATTRIBUTION_NONCOMMERCIAL,YES_NONCOMMERCIAL_ONLY,MLAAD-tiny-fake,0e907715cd059c78872c5692b85c4132d7a0b9113aa36485d7290b7e6394109e,mlaad_tiny::en::emerald_city_of_oz_16_f000095,train,not_applicable,not_applicable
data\raw\public_v9\mlaad_tiny\fake\en\Qwen2.5-Omni\emerald_city_of_oz_19_f000032.wav,1,1,0,1,0,mlaad::emerald_city_of_oz_19,MLAAD::Qwen2.5-Omni,mlaad_tiny_matched,mlaad_tiny_matched,mueller91/MLAAD-tiny,emerald_city_of_oz_19_f000032,mlaad_tiny::en::emerald_city_of_oz_19_f000032,https://huggingface.co/datasets/mueller91/MLAAD-tiny,9143e5ea709575ebab6bec52840a1043aada7bb1,CC BY-NC 4.0,YES,YES_WITH_ATTRIBUTION_NONCOMMERCIAL,YES_NONCOMMERCIAL_ONLY,MLAAD-tiny-fake,7f384defb0f9233a3ae27ff964e904ac572bd1ebecf836683b8b4f9d011a2e0c,mlaad_tiny::en::emerald_city_of_oz_19_f000032,train,not_applicable,not_applicable
data\raw\public_v9\mlaad_tiny\fake\en\Qwen2.5-Omni\emerald_city_of_oz_25_f000067.wav,1,1,0,1,0,mlaad::emerald_city_of_oz_25,MLAAD::Qwen2.5-Omni,mlaad_tiny_matched,mlaad_tiny_matched,mueller91/MLAAD-tiny,emerald_city_of_oz_25_f000067,mlaad_tiny::en::emerald_city_of_oz_25_f000067,https://huggingface.co/datasets/mueller91/MLAAD-tiny,9143e5ea709575ebab6bec52840a1043aada7bb1,CC BY-NC 4.0,YES,YES_WITH_ATTRIBUTION_NONCOMMERCIAL,YES_NONCOMMERCIAL_ONLY,MLAAD-tiny-fake,0ce309f1a6bd6571808e8fa88d42da8f0b854946a2c087ef468b4b357d11eafd,mlaad_tiny::en::emerald_city_of_oz_25_f000067,train,not_applicable,not_applicable
data\raw\public_v9\mlaad_tiny\fake\en\Qwen2.5-Omni\emerald_city_of_oz_27_f000033.wav,1,1,0,1,0,mlaad::emerald_city_of_oz_27,MLAAD::Qwen2.5-Omni,mlaad_tiny_matched,mlaad_tiny_matched,mueller91/MLAAD-tiny,emerald_city_of_oz_27_f000033,mlaad_tiny::en::emerald_city_of_oz_27_f000033,https://huggingface.co/datasets/mueller91/MLAAD-tiny,9143e5ea709575ebab6bec52840a1043aada7bb1,CC BY-NC 4.0,YES,YES_WITH_ATTRIBUTION_NONCOMMERCIAL,YES_NONCOMMERCIAL_ONLY,MLAAD-tiny-fake,c61de17f6c35c93a77c5a2abe62ec7f84a15920176f19ed01e4dc8e639cac2bd,mlaad_tiny::en::emerald_city_of_oz_27_f000033,train,not_applicable,not_applicable
data\raw\public_v9\mlaad_tiny\fake\en\Qwen2.5-Omni\hunters_space_02_f000032.wav,1,1,0,1,0,mlaad::hunters_space_02,MLAAD::Qwen2.5-Omni,mlaad_tiny_matched,mlaad_tiny_matched,mueller91/MLAAD-tiny,hunters_space_02_f000032,mlaad_tiny::en::hunters_space_02_f000032,https://huggingface.co/datasets/mueller91/MLAAD-tiny,9143e5ea709575ebab6bec52840a1043aada7bb1,CC BY-NC 4.0,YES,YES_WITH_ATTRIBUTION_NONCOMMERCIAL,YES_NONCOMMERCIAL_ONLY,MLAAD-tiny-fake,0670c80a597564341d18b9e124a2b8cdba6ccadf90a02f7aea183405aa675d32,mlaad_tiny::en::hunters_space_02_f000032,train,not_applicable,not_applicable
data\raw\public_v9\mlaad_tiny\fake\en\Qwen2.5-Omni\hunters_space_05_f000109.wav,1,1,0,1,0,mlaad::hunters_space_05,MLAAD::Qwen2.5-Omni,mlaad_tiny_matched,mlaad_tiny_matched,mueller91/MLAAD-tiny,hunters_space_05_f000109,mlaad_tiny::en::hunters_space_05_f000109,https://huggingface.co/datasets/mueller91/MLAAD-tiny,9143e5ea709575ebab6bec52840a1043aada7bb1,CC BY-NC 4.0,YES,YES_WITH_ATTRIBUTION_NONCOMMERCIAL,YES_NONCOMMERCIAL_ONLY,MLAAD-tiny-fake,f7ccde90cec632f224c1c4f8c920fad7a3b8b66e3938174b8ce3954c43dfaf50,mlaad_tiny::en::hunters_space_05_f000109,train,not_applicable,not_applicable
data\raw\public_v9\mlaad_tiny\fake\en\Qwen2.5-Omni\hunters_space_16_f000012.wav,1,1,0,1,0,mlaad::hunters_space_16,MLAAD::Qwen2.5-Omni,mlaad_tiny_matched,mlaad_tiny_matched,mueller91/MLAAD-tiny,hunters_space_16_f000012,mlaad_tiny::en::hunters_space_16_f000012,https://huggingface.co/datasets/mueller91/MLAAD-tiny,9143e5ea709575ebab6bec52840a1043aada7bb1,CC BY-NC 4.0,YES,YES_WITH_ATTRIBUTION_NONCOMMERCIAL,YES_NONCOMMERCIAL_ONLY,MLAAD-tiny-fake,d4e55f55d529cbc89ecf179ec43c5ec232233646c5cbd239cb761601a3113804,mlaad_tiny::en::hunters_space_16_f000012,train,not_applicable,not_applicable
data\raw\public_v9\mlaad_tiny\fake\en\RVC\dorothy_and_wizard_oz_05_f000049.wav,1,1,0,1,0,mlaad::dorothy_and_wizard_oz_05,MLAAD::RVC,mlaad_tiny_matched,mlaad_tiny_matched,mueller91/MLAAD-tiny,dorothy_and_wizard_oz_05_f000049,mlaad_tiny::en::dorothy_and_wizard_oz_05_f000049,https://huggingface.co/datasets/mueller91/MLAAD-tiny,9143e5ea709575ebab6bec52840a1043aada7bb1,CC BY-NC 4.0,YES,YES_WITH_ATTRIBUTION_NONCOMMERCIAL,YES_NONCOMMERCIAL_ONLY,MLAAD-tiny-fake,d9189a2bac8cc4bc7b34ee73ab5bc62c3c8e8e1711d4b1c7e2752c56097c05f9,mlaad_tiny::en::dorothy_and_wizard_oz_05_f000049,train,not_applicable,not_applicable
data\raw\public_v9\mlaad_tiny\fake\en\RVC\dorothy_and_wizard_oz_05_f000058.wav,1,1,0,1,0,mlaad::dorothy_and_wizard_oz_05,MLAAD::RVC,mlaad_tiny_matched,mlaad_tiny_matched,mueller91/MLAAD-tiny,dorothy_and_wizard_oz_05_f000058,mlaad_tiny::en::dorothy_and_wizard_oz_05_f000058,https://huggingface.co/datasets/mueller91/MLAAD-tiny,9143e5ea709575ebab6bec52840a1043aada7bb1,CC BY-NC 4.0,YES,YES_WITH_ATTRIBUTION_NONCOMMERCIAL,YES_NONCOMMERCIAL_ONLY,MLAAD-tiny-fake,71620bfde4d98bf176b3e38022b7f9ce5e1b32de1fbb154999ecf14baf7d670b,mlaad_tiny::en::dorothy_and_wizard_oz_05_f000058,train,not_applicable,not_applicable
data\raw\public_v9\mlaad_tiny\fake\en\RVC\dorothy_and_wizard_oz_07_f000014.wav,1,1,0,1,0,mlaad::dorothy_and_wizard_oz_07,MLAAD::RVC,mlaad_tiny_matched,mlaad_tiny_matched,mueller91/MLAAD-tiny,dorothy_and_wizard_oz_07_f000014,mlaad_tiny::en::dorothy_and_wizard_oz_07_f000014,https://huggingface.co/datasets/mueller91/MLAAD-tiny,9143e5ea709575ebab6bec52840a1043aada7bb1,CC BY-NC 4.0,YES,YES_WITH_ATTRIBUTION_NONCOMMERCIAL,YES_NONCOMMERCIAL_ONLY,MLAAD-tiny-fake,6ad89505ccec6213c1831c99d211b2d0b0aafd6e3c6d3d346282b989321c77db,mlaad_tiny::en::dorothy_and_wizard_oz_07_f000014,train,not_applicable,not_applicable
data\raw\public_v9\mlaad_tiny\fake\en\RVC\dorothy_and_wizard_oz_08_f000016.wav,1,1,0,1,0,mlaad::dorothy_and_wizard_oz_08,MLAAD::RVC,mlaad_tiny_matched,mlaad_tiny_matched,mueller91/MLAAD-tiny,dorothy_and_wizard_oz_08_f000016,mlaad_tiny::en::dorothy_and_wizard_oz_08_f000016,https://huggingface.co/datasets/mueller91/MLAAD-tiny,9143e5ea709575ebab6bec52840a1043aada7bb1,CC BY-NC 4.0,YES,YES_WITH_ATTRIBUTION_NONCOMMERCIAL,YES_NONCOMMERCIAL_ONLY,MLAAD-tiny-fake,44aa4335c5d051b268ca38afb76bab8a4e1fa2f069c6cd13b460cc9c98984ce9,mlaad_tiny::en::dorothy_and_wizard_oz_08_f000016,train,not_applicable,not_applicable
data\raw\public_v9\mlaad_tiny\fake\en\RVC\dorothy_and_wizard_oz_13_f000057.wav,1,1,0,1,0,mlaad::dorothy_and_wizard_oz_13,MLAAD::RVC,mlaad_tiny_matched,mlaad_tiny_matched,mueller91/MLAAD-tiny,dorothy_and_wizard_oz_13_f000057,mlaad_tiny::en::dorothy_and_wizard_oz_13_f000057,https://huggingface.co/datasets/mueller91/MLAAD-tiny,9143e5ea709575ebab6bec52840a1043aada7bb1,CC BY-NC 4.0,YES,YES_WITH_ATTRIBUTION_NONCOMMERCIAL,YES_NONCOMMERCIAL_ONLY,MLAAD-tiny-fake,b9cecc0b1a802f9da9c88378f45deff9f9ff5001ff7def16ce1bff5b8c76740d,mlaad_tiny::en::dorothy_and_wizard_oz_13_f000057,train,not_applicable,not_applicable
data\raw\public_v9\mlaad_tiny\fake\en\RVC\dorothy_and_wizard_oz_18_f000066.wav,1,1,0,1,0,mlaad::dorothy_and_wizard_oz_18,MLAAD::RVC,mlaad_tiny_matched,mlaad_tiny_matched,mueller91/MLAAD-tiny,dorothy_and_wizard_oz_18_f000066,mlaad_tiny::en::dorothy_and_wizard_oz_18_f000066,https://huggingface.co/datasets/mueller91/MLAAD-tiny,9143e5ea709575ebab6bec52840a1043aada7bb1,CC BY-NC 4.0,YES,YES_WITH_ATTRIBUTION_NONCOMMERCIAL,YES_NONCOMMERCIAL_ONLY,MLAAD-tiny-fake,68614f2b75965b92734b4c83050315b0e5c77a86e4b64c40640bc81b9f84ff5d,mlaad_tiny::en::dorothy_and_wizard_oz_18_f000066,train,not_applicable,not_applicable
data\raw\public_v9\mlaad_tiny\fake\en\RVC\emerald_city_of_oz_05_f000077.wav,1,1,0,1,0,mlaad::emerald_city_of_oz_05,MLAAD::RVC,mlaad_tiny_matched,mlaad_tiny_matched,mueller91/MLAAD-tiny,emerald_city_of_oz_05_f000077,mlaad_tiny::en::emerald_city_of_oz_05_f000077,https://huggingface.co/datasets/mueller91/MLAAD-tiny,9143e5ea709575ebab6bec52840a1043aada7bb1,CC BY-NC 4.0,YES,YES_WITH_ATTRIBUTION_NONCOMMERCIAL,YES_NONCOMMERCIAL_ONLY,MLAAD-tiny-fake,371c3f193fe6e2ab11d8c6ff54ac4372923ef5e4da9bf9686468a25b66280880,mlaad_tiny::en::emerald_city_of_oz_05_f000077,train,not_applicable,not_applicable
data\raw\public_v9\mlaad_tiny\fake\en\RVC\emerald_city_of_oz_26_f000009.wav,1,1,0,1,0,mlaad::emerald_city_of_oz_26,MLAAD::RVC,mlaad_tiny_matched,mlaad_tiny_matched,mueller91/MLAAD-tiny,emerald_city_of_oz_26_f000009,mlaad_tiny::en::emerald_city_of_oz_26_f000009,https://huggingface.co/datasets/mueller91/MLAAD-tiny,9143e5ea709575ebab6bec52840a1043aada7bb1,CC BY-NC 4.0,YES,YES_WITH_ATTRIBUTION_NONCOMMERCIAL,YES_NONCOMMERCIAL_ONLY,MLAAD-tiny-fake,80d8505c62ec8cc132b644b25a5977dde7e0df54cdf4b22c766d172b229b0c39,mlaad_tiny::en::emerald_city_of_oz_26_f000009,train,not_applicable,not_applicable
data\raw\public_v9\mlaad_tiny\fake\en\RVC\emerald_city_of_oz_28_f000037.wav,1,1,0,1,0,mlaad::emerald_city_of_oz_28,MLAAD::RVC,mlaad_tiny_matched,mlaad_tiny_matched,mueller91/MLAAD-tiny,emerald_city_of_oz_28_f000037,mlaad_tiny::en::emerald_city_of_oz_28_f000037,https://huggingface.co/datasets/mueller91/MLAAD-tiny,9143e5ea709575ebab6bec52840a1043aada7bb1,CC BY-NC 4.0,YES,YES_WITH_ATTRIBUTION_NONCOMMERCIAL,YES_NONCOMMERCIAL_ONLY,MLAAD-tiny-fake,3c39342d2074c068309396ce4561728f6653367bd179622fbc8d3504e0870aa4,mlaad_tiny::en::emerald_city_of_oz_28_f000037,train,not_applicable,not_applicable
data\raw\public_v9\mlaad_tiny\fake\en\RVC\jane_eyre_04_f000074.wav,1,1,0,1,0,mlaad::jane_eyre_04,MLAAD::RVC,mlaad_tiny_matched,mlaad_tiny_matched,mueller91/MLAAD-tiny,jane_eyre_04_f000074,mlaad_tiny::en::jane_eyre_04_f000074,https://huggingface.co/datasets/mueller91/MLAAD-tiny,9143e5ea709575ebab6bec52840a1043aada7bb1,CC BY-NC 4.0,YES,YES_WITH_ATTRIBUTION_NONCOMMERCIAL,YES_NONCOMMERCIAL_ONLY,MLAAD-tiny-fake,4499be2e5c0e8e725bea666038cff9af53aa3b360b5fc4729f0011daf99b8992,mlaad_tiny::en::jane_eyre_04_f000074,train,not_applicable,not_applicable
data\raw\public_v9\mlaad_tiny\fake\en\f5-tts\dorothy_and_wizard_oz_06_f000068.wav,1,1,0,1,0,mlaad::dorothy_and_wizard_oz_06,MLAAD::f5-tts,mlaad_tiny_matched,mlaad_tiny_matched,mueller91/MLAAD-tiny,dorothy_and_wizard_oz_06_f000068,mlaad_tiny::en::dorothy_and_wizard_oz_06_f000068,https://huggingface.co/datasets/mueller91/MLAAD-tiny,9143e5ea709575ebab6bec52840a1043aada7bb1,CC BY-NC 4.0,YES,YES_WITH_ATTRIBUTION_NONCOMMERCIAL,YES_NONCOMMERCIAL_ONLY,MLAAD-tiny-fake,8b62287436a0966de76ff489f952159170bc703efe96fa18b2a21035053a38b3,mlaad_tiny::en::dorothy_and_wizard_oz_06_f000068,train,not_applicable,not_applicable
data\raw\public_v9\mlaad_tiny\fake\en\f5-tts\dorothy_and_wizard_oz_10_f000004.wav,1,1,0,1,0,mlaad::dorothy_and_wizard_oz_10,MLAAD::f5-tts,mlaad_tiny_matched,mlaad_tiny_matched,mueller91/MLAAD-tiny,dorothy_and_wizard_oz_10_f000004,mlaad_tiny::en::dorothy_and_wizard_oz_10_f000004,https://huggingface.co/datasets/mueller91/MLAAD-tiny,9143e5ea709575ebab6bec52840a1043aada7bb1,CC BY-NC 4.0,YES,YES_WITH_ATTRIBUTION_NONCOMMERCIAL,YES_NONCOMMERCIAL_ONLY,MLAAD-tiny-fake,3df57f3240ba03d7fa08de42359e550451d3e417faf94d152a136f60e1c153e8,mlaad_tiny::en::dorothy_and_wizard_oz_10_f000004,train,not_applicable,not_applicable
data\raw\public_v9\mlaad_tiny\fake\en\f5-tts\dorothy_and_wizard_oz_14_f000043.wav,1,1,0,1,0,mlaad::dorothy_and_wizard_oz_14,MLAAD::f5-tts,mlaad_tiny_matched,mlaad_tiny_matched,mueller91/MLAAD-tiny,dorothy_and_wizard_oz_14_f000043,mlaad_tiny::en::dorothy_and_wizard_oz_14_f000043,https://huggingface.co/datasets/mueller91/MLAAD-tiny,9143e5ea709575ebab6bec52840a1043aada7bb1,CC BY-NC 4.0,YES,YES_WITH_ATTRIBUTION_NONCOMMERCIAL,YES_NONCOMMERCIAL_ONLY,MLAAD-tiny-fake,72f6aa1b1e8517a5f5595c72726b8530659685d7df219bbe07aada915e456c0e,mlaad_tiny::en::dorothy_and_wizard_oz_14_f000043,train,not_applicable,not_applicable
data\raw\public_v9\mlaad_tiny\fake\en\f5-tts\emerald_city_of_oz_25_f000012.wav,1,1,0,1,0,mlaad::emerald_city_of_oz_25,MLAAD::f5-tts,mlaad_tiny_matched,mlaad_tiny_matched,mueller91/MLAAD-tiny,emerald_city_of_oz_25_f000012,mlaad_tiny::en::emerald_city_of_oz_25_f000012,https://huggingface.co/datasets/mueller91/MLAAD-tiny,9143e5ea709575ebab6bec52840a1043aada7bb1,CC BY-NC 4.0,YES,YES_WITH_ATTRIBUTION_NONCOMMERCIAL,YES_NONCOMMERCIAL_ONLY,MLAAD-tiny-fake,34b3482364208305f862027cabfb1a9bc004371b70b066afeff31ca25c051f29,mlaad_tiny::en::emerald_city_of_oz_25_f000012,train,not_applicable,not_applicable
data\raw\public_v9\mlaad_tiny\fake\en\f5-tts\hunters_space_05_f000015.wav,1,1,0,1,0,mlaad::hunters_space_05,MLAAD::f5-tts,mlaad_tiny_matched,mlaad_tiny_matched,mueller91/MLAAD-tiny,hunters_space_05_f000015,mlaad_tiny::en::hunters_space_05_f000015,https://huggingface.co/datasets/mueller91/MLAAD-tiny,9143e5ea709575ebab6bec52840a1043aada7bb1,CC BY-NC 4.0,YES,YES_WITH_ATTRIBUTION_NONCOMMERCIAL,YES_NONCOMMERCIAL_ONLY,MLAAD-tiny-fake,197cd6c10e69a4ba5b365b88d6c05d4937cb77a38597fd4de0097eff44c83ad2,mlaad_tiny::en::hunters_space_05_f000015,train,not_applicable,not_applicable
data\raw\public_v9\mlaad_tiny\fake\en\f5-tts\hunters_space_06_f000023.wav,1,1,0,1,0,mlaad::hunters_space_06,MLAAD::f5-tts,mlaad_tiny_matched,mlaad_tiny_matched,mueller91/MLAAD-tiny,hunters_space_06_f000023,mlaad_tiny::en::hunters_space_06_f000023,https://huggingface.co/datasets/mueller91/MLAAD-tiny,9143e5ea709575ebab6bec52840a1043aada7bb1,CC BY-NC 4.0,YES,YES_WITH_ATTRIBUTION_NONCOMMERCIAL,YES_NONCOMMERCIAL_ONLY,MLAAD-tiny-fake,3741609df7e0595ed770ccad4f9a55be8c9f01bb2c29e890d93009c0d7afd9f1,mlaad_tiny::en::hunters_space_06_f000023,train,not_applicable,not_applicable
data\raw\public_v9\mlaad_tiny\fake\en\f5-tts\hunters_space_15_f000040.wav,1,1,0,1,0,mlaad::hunters_space_15,MLAAD::f5-tts,mlaad_tiny_matched,mlaad_tiny_matched,mueller91/MLAAD-tiny,hunters_space_15_f000040,mlaad_tiny::en::hunters_space_15_f000040,https://huggingface.co/datasets/mueller91/MLAAD-tiny,9143e5ea709575ebab6bec52840a1043aada7bb1,CC BY-NC 4.0,YES,YES_WITH_ATTRIBUTION_NONCOMMERCIAL,YES_NONCOMMERCIAL_ONLY,MLAAD-tiny-fake,0fb918b2424050c9a40db6be833d448bd4fd154fbde99933f0537e0d380986eb,mlaad_tiny::en::hunters_space_15_f000040,train,not_applicable,not_applicable
data\raw\public_v9\mlaad_tiny\fake\en\f5-tts\hunters_space_19_f000016.wav,1,1,0,1,0,mlaad::hunters_space_19,MLAAD::f5-tts,mlaad_tiny_matched,mlaad_tiny_matched,mueller91/MLAAD-tiny,hunters_space_19_f000016,mlaad_tiny::en::hunters_space_19_f000016,https://huggingface.co/datasets/mueller91/MLAAD-tiny,9143e5ea709575ebab6bec52840a1043aada7bb1,CC BY-NC 4.0,YES,YES_WITH_ATTRIBUTION_NONCOMMERCIAL,YES_NONCOMMERCIAL_ONLY,MLAAD-tiny-fake,a3238c9ee6f5d956b646f049457508d5f44aee1a6defa508b9ac5a8456c21fd9,mlaad_tiny::en::hunters_space_19_f000016,train,not_applicable,not_applicable
data\raw\public_v9\mlaad_tiny\fake\en\f5-tts\jane_eyre_09_f000010.wav,1,1,0,1,0,mlaad::jane_eyre_09,MLAAD::f5-tts,mlaad_tiny_matched,mlaad_tiny_matched,mueller91/MLAAD-tiny,jane_eyre_09_f000010,mlaad_tiny::en::jane_eyre_09_f000010,https://huggingface.co/datasets/mueller91/MLAAD-tiny,9143e5ea709575ebab6bec52840a1043aada7bb1,CC BY-NC 4.0,YES,YES_WITH_ATTRIBUTION_NONCOMMERCIAL,YES_NONCOMMERCIAL_ONLY,MLAAD-tiny-fake,5426839d27e632bff6ddc88b2389a55a220d31bb4fa03cf48bc8e3e6b3c5601b,mlaad_tiny::en::jane_eyre_09_f000010,train,not_applicable,not_applicable
data\raw\public_v9\mlaad_tiny\fake\en\f5-tts\jane_eyre_12_f000178.wav,1,1,0,1,0,mlaad::jane_eyre_12,MLAAD::f5-tts,mlaad_tiny_matched,mlaad_tiny_matched,mueller91/MLAAD-tiny,jane_eyre_12_f000178,mlaad_tiny::en::jane_eyre_12_f000178,https://huggingface.co/datasets/mueller91/MLAAD-tiny,9143e5ea709575ebab6bec52840a1043aada7bb1,CC BY-NC 4.0,YES,YES_WITH_ATTRIBUTION_NONCOMMERCIAL,YES_NONCOMMERCIAL_ONLY,MLAAD-tiny-fake,210793044f7e3dfec69abb1afde71318cff62f298bb10bb89b823a37822f776d,mlaad_tiny::en::jane_eyre_12_f000178,train,not_applicable,not_applicable
data\raw\public_v9\mlaad_tiny\fake\en\suno_bark\dorothy_and_wizard_oz_03_f000011.wav,1,1,0,1,0,mlaad::dorothy_and_wizard_oz_03,MLAAD::suno_bark,mlaad_tiny_matched,mlaad_tiny_matched,mueller91/MLAAD-tiny,dorothy_and_wizard_oz_03_f000011,mlaad_tiny::en::dorothy_and_wizard_oz_03_f000011,https://huggingface.co/datasets/mueller91/MLAAD-tiny,9143e5ea709575ebab6bec52840a1043aada7bb1,CC BY-NC 4.0,YES,YES_WITH_ATTRIBUTION_NONCOMMERCIAL,YES_NONCOMMERCIAL_ONLY,MLAAD-tiny-fake,4f69034cbd1e222d53a5ca64ab0ca92e9932a0b8efebbe5e7636c5e5049bbfc8,mlaad_tiny::en::dorothy_and_wizard_oz_03_f000011,train,not_applicable,not_applicable
data\raw\public_v9\mlaad_tiny\fake\en\suno_bark\dorothy_and_wizard_oz_09_f000127.wav,1,1,0,1,0,mlaad::dorothy_and_wizard_oz_09,MLAAD::suno_bark,mlaad_tiny_matched,mlaad_tiny_matched,mueller91/MLAAD-tiny,dorothy_and_wizard_oz_09_f000127,mlaad_tiny::en::dorothy_and_wizard_oz_09_f000127,https://huggingface.co/datasets/mueller91/MLAAD-tiny,9143e5ea709575ebab6bec52840a1043aada7bb1,CC BY-NC 4.0,YES,YES_WITH_ATTRIBUTION_NONCOMMERCIAL,YES_NONCOMMERCIAL_ONLY,MLAAD-tiny-fake,251c84e64c6f5108913f29c7636ef9d5ec53e5ef295e2e5b2c469d292413cf2a,mlaad_tiny::en::dorothy_and_wizard_oz_09_f000127,train,not_applicable,not_applicable
data\raw\public_v9\mlaad_tiny\fake\en\suno_bark\dorothy_and_wizard_oz_16_f000035.wav,1,1,0,1,0,mlaad::dorothy_and_wizard_oz_16,MLAAD::suno_bark,mlaad_tiny_matched,mlaad_tiny_matched,mueller91/MLAAD-tiny,dorothy_and_wizard_oz_16_f000035,mlaad_tiny::en::dorothy_and_wizard_oz_16_f000035,https://huggingface.co/datasets/mueller91/MLAAD-tiny,9143e5ea709575ebab6bec52840a1043aada7bb1,CC BY-NC 4.0,YES,YES_WITH_ATTRIBUTION_NONCOMMERCIAL,YES_NONCOMMERCIAL_ONLY,MLAAD-tiny-fake,df08bd2df60003a498b69512311c811d5e85591934a2c6726ab25b9009cbd34d,mlaad_tiny::en::dorothy_and_wizard_oz_16_f000035,train,not_applicable,not_applicable
data\raw\public_v9\mlaad_tiny\fake\en\suno_bark\emerald_city_of_oz_16_f000007.wav,1,1,0,1,0,mlaad::emerald_city_of_oz_16,MLAAD::suno_bark,mlaad_tiny_matched,mlaad_tiny_matched,mueller91/MLAAD-tiny,emerald_city_of_oz_16_f000007,mlaad_tiny::en::emerald_city_of_oz_16_f000007,https://huggingface.co/datasets/mueller91/MLAAD-tiny,9143e5ea709575ebab6bec52840a1043aada7bb1,CC BY-NC 4.0,YES,YES_WITH_ATTRIBUTION_NONCOMMERCIAL,YES_NONCOMMERCIAL_ONLY,MLAAD-tiny-fake,d069d643b68113685c77971b643b74257506e97fab75e8a583e5b25ea1dd9084,mlaad_tiny::en::emerald_city_of_oz_16_f000007,train,not_applicable,not_applicable
data\raw\public_v9\mlaad_tiny\fake\en\suno_bark\hunters_space_02_f000110.wav,1,1,0,1,0,mlaad::hunters_space_02,MLAAD::suno_bark,mlaad_tiny_matched,mlaad_tiny_matched,mueller91/MLAAD-tiny,hunters_space_02_f000110,mlaad_tiny::en::hunters_space_02_f000110,https://huggingface.co/datasets/mueller91/MLAAD-tiny,9143e5ea709575ebab6bec52840a1043aada7bb1,CC BY-NC 4.0,YES,YES_WITH_ATTRIBUTION_NONCOMMERCIAL,YES_NONCOMMERCIAL_ONLY,MLAAD-tiny-fake,cfb84d7de21fb1dc195337d3ea5b1c234d41f0bce755eef8cffbae8be09c4b8e,mlaad_tiny::en::hunters_space_02_f000110,train,not_applicable,not_applicable
data\raw\public_v9\mlaad_tiny\fake\en\suno_bark\hunters_space_10_f000009.wav,1,1,0,1,0,mlaad::hunters_space_10,MLAAD::suno_bark,mlaad_tiny_matched,mlaad_tiny_matched,mueller91/MLAAD-tiny,hunters_space_10_f000009,mlaad_tiny::en::hunters_space_10_f000009,https://huggingface.co/datasets/mueller91/MLAAD-tiny,9143e5ea709575ebab6bec52840a1043aada7bb1,CC BY-NC 4.0,YES,YES_WITH_ATTRIBUTION_NONCOMMERCIAL,YES_NONCOMMERCIAL_ONLY,MLAAD-tiny-fake,982d64d3919e7e54be0c839df41761146a46b6b7f06ffcd53e2774f1b0629852,mlaad_tiny::en::hunters_space_10_f000009,train,not_applicable,not_applicable
data\raw\public_v9\mlaad_tiny\fake\en\suno_bark\jane_eyre_02_f000021.wav,1,1,0,1,0,mlaad::jane_eyre_02,MLAAD::suno_bark,mlaad_tiny_matched,mlaad_tiny_matched,mueller91/MLAAD-tiny,jane_eyre_02_f000021,mlaad_tiny::en::jane_eyre_02_f000021,https://huggingface.co/datasets/mueller91/MLAAD-tiny,9143e5ea709575ebab6bec52840a1043aada7bb1,CC BY-NC 4.0,YES,YES_WITH_ATTRIBUTION_NONCOMMERCIAL,YES_NONCOMMERCIAL_ONLY,MLAAD-tiny-fake,34040ba0552a0197e1b823546a1cb9fd5ef6f7fdb441722f7f82791b4f3ac77e,mlaad_tiny::en::jane_eyre_02_f000021,train,not_applicable,not_applicable
data\raw\public_v9\mlaad_tiny\fake\en\suno_bark\jane_eyre_03_f000013.wav,1,1,0,1,0,mlaad::jane_eyre_03,MLAAD::suno_bark,mlaad_tiny_matched,mlaad_tiny_matched,mueller91/MLAAD-tiny,jane_eyre_03_f000013,mlaad_tiny::en::jane_eyre_03_f000013,https://huggingface.co/datasets/mueller91/MLAAD-tiny,9143e5ea709575ebab6bec52840a1043aada7bb1,CC BY-NC 4.0,YES,YES_WITH_ATTRIBUTION_NONCOMMERCIAL,YES_NONCOMMERCIAL_ONLY,MLAAD-tiny-fake,32112d53e2b1d6f2e97ff1b9ce27eed83fea99f9a9b56821bd0d182baa16c620,mlaad_tiny::en::jane_eyre_03_f000013,train,not_applicable,not_applicable
data\raw\public_v9\mlaad_tiny\fake\en\suno_bark\jane_eyre_04_f000138.wav,1,1,0,1,0,mlaad::jane_eyre_04,MLAAD::suno_bark,mlaad_tiny_matched,mlaad_tiny_matched,mueller91/MLAAD-tiny,jane_eyre_04_f000138,mlaad_tiny::en::jane_eyre_04_f000138,https://huggingface.co/datasets/mueller91/MLAAD-tiny,9143e5ea709575ebab6bec52840a1043aada7bb1,CC BY-NC 4.0,YES,YES_WITH_ATTRIBUTION_NONCOMMERCIAL,YES_NONCOMMERCIAL_ONLY,MLAAD-tiny-fake,64d30f14cc7cbe76cecc89f5039ec401b428ce978d558d7bc925fa1ae4bcf3f7,mlaad_tiny::en::jane_eyre_04_f000138,train,not_applicable,not_applicable
data\raw\public_v9\mlaad_tiny\fake\en\suno_bark\jane_eyre_05_f000137.wav,1,1,0,1,0,mlaad::jane_eyre_05,MLAAD::suno_bark,mlaad_tiny_matched,mlaad_tiny_matched,mueller91/MLAAD-tiny,jane_eyre_05_f000137,mlaad_tiny::en::jane_eyre_05_f000137,https://huggingface.co/datasets/mueller91/MLAAD-tiny,9143e5ea709575ebab6bec52840a1043aada7bb1,CC BY-NC 4.0,YES,YES_WITH_ATTRIBUTION_NONCOMMERCIAL,YES_NONCOMMERCIAL_ONLY,MLAAD-tiny-fake,e6f0ba7f927cad4a51c3f66528ef07778349708e4f7e9b48bc86564df6600f43,mlaad_tiny::en::jane_eyre_05_f000137,train,not_applicable,not_applicable
data\raw\public_v9\mlaad_tiny\fake\en\zonosTTS-v0.1\dorothy_and_wizard_oz_02_f000009.wav,1,1,0,1,0,mlaad::dorothy_and_wizard_oz_02,MLAAD::zonosTTS-v0.1,mlaad_tiny_matched,mlaad_tiny_matched,mueller91/MLAAD-tiny,dorothy_and_wizard_oz_02_f000009,mlaad_tiny::en::dorothy_and_wizard_oz_02_f000009,https://huggingface.co/datasets/mueller91/MLAAD-tiny,9143e5ea709575ebab6bec52840a1043aada7bb1,CC BY-NC 4.0,YES,YES_WITH_ATTRIBUTION_NONCOMMERCIAL,YES_NONCOMMERCIAL_ONLY,MLAAD-tiny-fake,396eae42748f62c9ed080eea88d2cc3bcd82db32ca7e63fa661c2242fcc07332,mlaad_tiny::en::dorothy_and_wizard_oz_02_f000009,train,not_applicable,not_applicable
data\raw\public_v9\mlaad_tiny\fake\en\zonosTTS-v0.1\dorothy_and_wizard_oz_12_f000071.wav,1,1,0,1,0,mlaad::dorothy_and_wizard_oz_12,MLAAD::zonosTTS-v0.1,mlaad_tiny_matched,mlaad_tiny_matched,mueller91/MLAAD-tiny,dorothy_and_wizard_oz_12_f000071,mlaad_tiny::en::dorothy_and_wizard_oz_12_f000071,https://huggingface.co/datasets/mueller91/MLAAD-tiny,9143e5ea709575ebab6bec52840a1043aada7bb1,CC BY-NC 4.0,YES,YES_WITH_ATTRIBUTION_NONCOMMERCIAL,YES_NONCOMMERCIAL_ONLY,MLAAD-tiny-fake,505788cbf28c96c3812943afdea934defed3ebe4ee3b2fbe4addd1879a4c4a24,mlaad_tiny::en::dorothy_and_wizard_oz_12_f000071,train,not_applicable,not_applicable
data\raw\public_v9\mlaad_tiny\fake\en\zonosTTS-v0.1\dorothy_and_wizard_oz_19_f000025.wav,1,1,0,1,0,mlaad::dorothy_and_wizard_oz_19,MLAAD::zonosTTS-v0.1,mlaad_tiny_matched,mlaad_tiny_matched,mueller91/MLAAD-tiny,dorothy_and_wizard_oz_19_f000025,mlaad_tiny::en::dorothy_and_wizard_oz_19_f000025,https://huggingface.co/datasets/mueller91/MLAAD-tiny,9143e5ea709575ebab6bec52840a1043aada7bb1,CC BY-NC 4.0,YES,YES_WITH_ATTRIBUTION_NONCOMMERCIAL,YES_NONCOMMERCIAL_ONLY,MLAAD-tiny-fake,d880f814af16668433971a6fe1a1a1b94a91ac9947944dfbcb2414985ef99cd9,mlaad_tiny::en::dorothy_and_wizard_oz_19_f000025,train,not_applicable,not_applicable
data\raw\public_v9\mlaad_tiny\fake\en\zonosTTS-v0.1\dorothy_and_wizard_oz_20_f000022.wav,1,1,0,1,0,mlaad::dorothy_and_wizard_oz_20,MLAAD::zonosTTS-v0.1,mlaad_tiny_matched,mlaad_tiny_matched,mueller91/MLAAD-tiny,dorothy_and_wizard_oz_20_f000022,mlaad_tiny::en::dorothy_and_wizard_oz_20_f000022,https://huggingface.co/datasets/mueller91/MLAAD-tiny,9143e5ea709575ebab6bec52840a1043aada7bb1,CC BY-NC 4.0,YES,YES_WITH_ATTRIBUTION_NONCOMMERCIAL,YES_NONCOMMERCIAL_ONLY,MLAAD-tiny-fake,5258ad3477dbe9b35bad344bf2352f97c9121d409c5862b3352de5ccc9596bab,mlaad_tiny::en::dorothy_and_wizard_oz_20_f000022,train,not_applicable,not_applicable
data\raw\public_v9\mlaad_tiny\fake\en\zonosTTS-v0.1\emerald_city_of_oz_07_f000100.wav,1,1,0,1,0,mlaad::emerald_city_of_oz_07,MLAAD::zonosTTS-v0.1,mlaad_tiny_matched,mlaad_tiny_matched,mueller91/MLAAD-tiny,emerald_city_of_oz_07_f000100,mlaad_tiny::en::emerald_city_of_oz_07_f000100,https://huggingface.co/datasets/mueller91/MLAAD-tiny,9143e5ea709575ebab6bec52840a1043aada7bb1,CC BY-NC 4.0,YES,YES_WITH_ATTRIBUTION_NONCOMMERCIAL,YES_NONCOMMERCIAL_ONLY,MLAAD-tiny-fake,dd7eb7ea3a907a269a9cc44e5c188abb4d39de0aea127530404cce0a9ac4d82e,mlaad_tiny::en::emerald_city_of_oz_07_f000100,train,not_applicable,not_applicable
data\raw\public_v9\mlaad_tiny\fake\en\zonosTTS-v0.1\hunters_space_12_f000024.wav,1,1,0,1,0,mlaad::hunters_space_12,MLAAD::zonosTTS-v0.1,mlaad_tiny_matched,mlaad_tiny_matched,mueller91/MLAAD-tiny,hunters_space_12_f000024,mlaad_tiny::en::hunters_space_12_f000024,https://huggingface.co/datasets/mueller91/MLAAD-tiny,9143e5ea709575ebab6bec52840a1043aada7bb1,CC BY-NC 4.0,YES,YES_WITH_ATTRIBUTION_NONCOMMERCIAL,YES_NONCOMMERCIAL_ONLY,MLAAD-tiny-fake,fd66737fab9bbdbe1aec15e432c81f3b4005b5533b710b20a911a525eaee4259,mlaad_tiny::en::hunters_space_12_f000024,train,not_applicable,not_applicable
data\raw\public_v9\mlaad_tiny\fake\en\zonosTTS-v0.1\hunters_space_19_f000042.wav,1,1,0,1,0,mlaad::hunters_space_19,MLAAD::zonosTTS-v0.1,mlaad_tiny_matched,mlaad_tiny_matched,mueller91/MLAAD-tiny,hunters_space_19_f000042,mlaad_tiny::en::hunters_space_19_f000042,https://huggingface.co/datasets/mueller91/MLAAD-tiny,9143e5ea709575ebab6bec52840a1043aada7bb1,CC BY-NC 4.0,YES,YES_WITH_ATTRIBUTION_NONCOMMERCIAL,YES_NONCOMMERCIAL_ONLY,MLAAD-tiny-fake,9fdf50ecccfd47060723f762eb6c7535f41a094b307b3bcbce94bb34fca0bd44,mlaad_tiny::en::hunters_space_19_f000042,train,not_applicable,not_applicable
data\raw\public_v9\mlaad_tiny\fake\en\zonosTTS-v0.1\jane_eyre_13_f000059.wav,1,1,0,1,0,mlaad::jane_eyre_13,MLAAD::zonosTTS-v0.1,mlaad_tiny_matched,mlaad_tiny_matched,mueller91/MLAAD-tiny,jane_eyre_13_f000059,mlaad_tiny::en::jane_eyre_13_f000059,https://huggingface.co/datasets/mueller91/MLAAD-tiny,9143e5ea709575ebab6bec52840a1043aada7bb1,CC BY-NC 4.0,YES,YES_WITH_ATTRIBUTION_NONCOMMERCIAL,YES_NONCOMMERCIAL_ONLY,MLAAD-tiny-fake,b293da512a35afe0e43557bade7f8780e477e13efe65ea4d70a82d5de440c673,mlaad_tiny::en::jane_eyre_13_f000059,train,not_applicable,not_applicable
data\raw\public_v9\mlaad_tiny\fake\en\zonosTTS-v0.1\jane_eyre_19_f000225.wav,1,1,0,1,0,mlaad::jane_eyre_19,MLAAD::zonosTTS-v0.1,mlaad_tiny_matched,mlaad_tiny_matched,mueller91/MLAAD-tiny,jane_eyre_19_f000225,mlaad_tiny::en::jane_eyre_19_f000225,https://huggingface.co/datasets/mueller91/MLAAD-tiny,9143e5ea709575ebab6bec52840a1043aada7bb1,CC BY-NC 4.0,YES,YES_WITH_ATTRIBUTION_NONCOMMERCIAL,YES_NONCOMMERCIAL_ONLY,MLAAD-tiny-fake,3a90c64ea95367ad36986917a662b5e2e897f7f29f8f6121f12a95e9612f55c7,mlaad_tiny::en::jane_eyre_19_f000225,train,not_applicable,not_applicable
data\raw\public_v9\mlaad_tiny\fake\en\zonosTTS-v0.1\jane_eyre_21_f000014.wav,1,1,0,1,0,mlaad::jane_eyre_21,MLAAD::zonosTTS-v0.1,mlaad_tiny_matched,mlaad_tiny_matched,mueller91/MLAAD-tiny,jane_eyre_21_f000014,mlaad_tiny::en::jane_eyre_21_f000014,https://huggingface.co/datasets/mueller91/MLAAD-tiny,9143e5ea709575ebab6bec52840a1043aada7bb1,CC BY-NC 4.0,YES,YES_WITH_ATTRIBUTION_NONCOMMERCIAL,YES_NONCOMMERCIAL_ONLY,MLAAD-tiny-fake,133b886668095dd4e418143c215c646fd526d22f6ed34f4c5d37a688b376a553,mlaad_tiny::en::jane_eyre_21_f000014,train,not_applicable,not_applicable
data\raw\public_v9\mlaad_tiny\original\en\dorothy_and_wizard_oz_01_f000045.wav,0,0,0,1,0,mlaad::dorothy_and_wizard_oz_01,MLAAD_original,mlaad_tiny_matched,mlaad_tiny_matched,mueller91/MLAAD-tiny,dorothy_and_wizard_oz_01_f000045,mlaad_tiny::en::dorothy_and_wizard_oz_01_f000045,https://huggingface.co/datasets/mueller91/MLAAD-tiny,9143e5ea709575ebab6bec52840a1043aada7bb1,M-AILABS original corpus license (see MLAAD LICENSE),YES,YES_WITH_NOTICE,NO_FOR_ORIGINAL_SUBSET,MLAAD-tiny-original,70b9cc0f4a771312e95c730cbc9b515a3005432c4dba394930b427c03a96e053,mlaad_tiny::en::dorothy_and_wizard_oz_01_f000045,train,not_applicable,not_applicable
data\raw\public_v9\mlaad_tiny\original\en\dorothy_and_wizard_oz_02_f000009.wav,0,0,0,1,0,mlaad::dorothy_and_wizard_oz_02,MLAAD_original,mlaad_tiny_matched,mlaad_tiny_matched,mueller91/MLAAD-tiny,dorothy_and_wizard_oz_02_f000009,mlaad_tiny::en::dorothy_and_wizard_oz_02_f000009,https://huggingface.co/datasets/mueller91/MLAAD-tiny,9143e5ea709575ebab6bec52840a1043aada7bb1,M-AILABS original corpus license (see MLAAD LICENSE),YES,YES_WITH_NOTICE,NO_FOR_ORIGINAL_SUBSET,MLAAD-tiny-original,afe34aca112465a5f7dc5cdb9d8ba589f40361580c240f7fc37c3e921ba4f0d8,mlaad_tiny::en::dorothy_and_wizard_oz_02_f000009,train,not_applicable,not_applicable
data\raw\public_v9\mlaad_tiny\original\en\dorothy_and_wizard_oz_02_f000014.wav,0,0,0,1,0,mlaad::dorothy_and_wizard_oz_02,MLAAD_original,mlaad_tiny_matched,mlaad_tiny_matched,mueller91/MLAAD-tiny,dorothy_and_wizard_oz_02_f000014,mlaad_tiny::en::dorothy_and_wizard_oz_02_f000014,https://huggingface.co/datasets/mueller91/MLAAD-tiny,9143e5ea709575ebab6bec52840a1043aada7bb1,M-AILABS original corpus license (see MLAAD LICENSE),YES,YES_WITH_NOTICE,NO_FOR_ORIGINAL_SUBSET,MLAAD-tiny-original,887db14b2da5c9b402724af38809586850949ec8aade309eaa66e56e03fc7f53,mlaad_tiny::en::dorothy_and_wizard_oz_02_f000014,train,not_applicable,not_applicable
data\raw\public_v9\mlaad_tiny\original\en\dorothy_and_wizard_oz_02_f000150.wav,0,0,0,1,0,mlaad::dorothy_and_wizard_oz_02,MLAAD_original,mlaad_tiny_matched,mlaad_tiny_matched,mueller91/MLAAD-tiny,dorothy_and_wizard_oz_02_f000150,mlaad_tiny::en::dorothy_and_wizard_oz_02_f000150,https://huggingface.co/datasets/mueller91/MLAAD-tiny,9143e5ea709575ebab6bec52840a1043aada7bb1,M-AILABS original corpus license (see MLAAD LICENSE),YES,YES_WITH_NOTICE,NO_FOR_ORIGINAL_SUBSET,MLAAD-tiny-original,bdda60c8200b4f62c7fd5b8ab6b2c383619acb28294102e9004848a3014c2333,mlaad_tiny::en::dorothy_and_wizard_oz_02_f000150,train,not_applicable,not_applicable
data\raw\public_v9\mlaad_tiny\original\en\dorothy_and_wizard_oz_03_f000008.wav,0,0,0,1,0,mlaad::dorothy_and_wizard_oz_03,MLAAD_original,mlaad_tiny_matched,mlaad_tiny_matched,mueller91/MLAAD-tiny,dorothy_and_wizard_oz_03_f000008,mlaad_tiny::en::dorothy_and_wizard_oz_03_f000008,https://huggingface.co/datasets/mueller91/MLAAD-tiny,9143e5ea709575ebab6bec52840a1043aada7bb1,M-AILABS original corpus license (see MLAAD LICENSE),YES,YES_WITH_NOTICE,NO_FOR_ORIGINAL_SUBSET,MLAAD-tiny-original,3fe54e1e3367cf344fb5cb15ede60e6bb8b1a2bec3d65582ab641b74a83528bc,mlaad_tiny::en::dorothy_and_wizard_oz_03_f000008,train,not_applicable,not_applicable
data\raw\public_v9\mlaad_tiny\original\en\dorothy_and_wizard_oz_03_f000011.wav,0,0,0,1,0,mlaad::dorothy_and_wizard_oz_03,MLAAD_original,mlaad_tiny_matched,mlaad_tiny_matched,mueller91/MLAAD-tiny,dorothy_and_wizard_oz_03_f000011,mlaad_tiny::en::dorothy_and_wizard_oz_03_f000011,https://huggingface.co/datasets/mueller91/MLAAD-tiny,9143e5ea709575ebab6bec52840a1043aada7bb1,M-AILABS original corpus license (see MLAAD LICENSE),YES,YES_WITH_NOTICE,NO_FOR_ORIGINAL_SUBSET,MLAAD-tiny-original,cf300693c1030918b7eeb46cd3eaf9f771e017eaabb81684983384e70ed191e9,mlaad_tiny::en::dorothy_and_wizard_oz_03_f000011,train,not_applicable,not_applicable
data\raw\public_v9\mlaad_tiny\original\en\dorothy_and_wizard_oz_05_f000049.wav,0,0,0,1,0,mlaad::dorothy_and_wizard_oz_05,MLAAD_original,mlaad_tiny_matched,mlaad_tiny_matched,mueller91/MLAAD-tiny,dorothy_and_wizard_oz_05_f000049,mlaad_tiny::en::dorothy_and_wizard_oz_05_f000049,https://huggingface.co/datasets/mueller91/MLAAD-tiny,9143e5ea709575ebab6bec52840a1043aada7bb1,M-AILABS original corpus license (see MLAAD LICENSE),YES,YES_WITH_NOTICE,NO_FOR_ORIGINAL_SUBSET,MLAAD-tiny-original,42a5819c77826b7d8244e25404c491c7b29cb6865acd3c9a89c0dbd425b4c46d,mlaad_tiny::en::dorothy_and_wizard_oz_05_f000049,train,not_applicable,not_applicable
data\raw\public_v9\mlaad_tiny\original\en\dorothy_and_wizard_oz_05_f000058.wav,0,0,0,1,0,mlaad::dorothy_and_wizard_oz_05,MLAAD_original,mlaad_tiny_matched,mlaad_tiny_matched,mueller91/MLAAD-tiny,dorothy_and_wizard_oz_05_f000058,mlaad_tiny::en::dorothy_and_wizard_oz_05_f000058,https://huggingface.co/datasets/mueller91/MLAAD-tiny,9143e5ea709575ebab6bec52840a1043aada7bb1,M-AILABS original corpus license (see MLAAD LICENSE),YES,YES_WITH_NOTICE,NO_FOR_ORIGINAL_SUBSET,MLAAD-tiny-original,b092394c6a9f8a608f11082b497286feb586b0b9a8f2576bbabfd063b38ad5d4,mlaad_tiny::en::dorothy_and_wizard_oz_05_f000058,train,not_applicable,not_applicable
data\raw\public_v9\mlaad_tiny\original\en\dorothy_and_wizard_oz_06_f000021.wav,0,0,0,1,0,mlaad::dorothy_and_wizard_oz_06,MLAAD_original,mlaad_tiny_matched,mlaad_tiny_matched,mueller91/MLAAD-tiny,dorothy_and_wizard_oz_06_f000021,mlaad_tiny::en::dorothy_and_wizard_oz_06_f000021,https://huggingface.co/datasets/mueller91/MLAAD-tiny,9143e5ea709575ebab6bec52840a1043aada7bb1,M-AILABS original corpus license (see MLAAD LICENSE),YES,YES_WITH_NOTICE,NO_FOR_ORIGINAL_SUBSET,MLAAD-tiny-original,9b67597eb885693e9fbf9fd6952b49233b939cabdef1153154faf0d76b6f021c,mlaad_tiny::en::dorothy_and_wizard_oz_06_f000021,train,not_applicable,not_applicable
data\raw\public_v9\mlaad_tiny\original\en\dorothy_and_wizard_oz_06_f000068.wav,0,0,0,1,0,mlaad::dorothy_and_wizard_oz_06,MLAAD_original,mlaad_tiny_matched,mlaad_tiny_matched,mueller91/MLAAD-tiny,dorothy_and_wizard_oz_06_f000068,mlaad_tiny::en::dorothy_and_wizard_oz_06_f000068,https://huggingface.co/datasets/mueller91/MLAAD-tiny,9143e5ea709575ebab6bec52840a1043aada7bb1,M-AILABS original corpus license (see MLAAD LICENSE),YES,YES_WITH_NOTICE,NO_FOR_ORIGINAL_SUBSET,MLAAD-tiny-original,5cae411321039205e5174508ad50b16a898b7c5451f3d5bc1552c2fdb59692dc,mlaad_tiny::en::dorothy_and_wizard_oz_06_f000068,train,not_applicable,not_applicable
data\raw\public_v9\mlaad_tiny\original\en\dorothy_and_wizard_oz_07_f000014.wav,0,0,0,1,0,mlaad::dorothy_and_wizard_oz_07,MLAAD_original,mlaad_tiny_matched,mlaad_tiny_matched,mueller91/MLAAD-tiny,dorothy_and_wizard_oz_07_f000014,mlaad_tiny::en::dorothy_and_wizard_oz_07_f000014,https://huggingface.co/datasets/mueller91/MLAAD-tiny,9143e5ea709575ebab6bec52840a1043aada7bb1,M-AILABS original corpus license (see MLAAD LICENSE),YES,YES_WITH_NOTICE,NO_FOR_ORIGINAL_SUBSET,MLAAD-tiny-original,6e9514c3f51cf8c8e5d23c70181ec7dd91de7381d1f7f775347104d9cdaea8fa,mlaad_tiny::en::dorothy_and_wizard_oz_07_f000014,train,not_applicable,not_applicable
data\raw\public_v9\mlaad_tiny\original\en\dorothy_and_wizard_oz_07_f000046.wav,0,0,0,1,0,mlaad::dorothy_and_wizard_oz_07,MLAAD_original,mlaad_tiny_matched,mlaad_tiny_matched,mueller91/MLAAD-tiny,dorothy_and_wizard_oz_07_f000046,mlaad_tiny::en::dorothy_and_wizard_oz_07_f000046,https://huggingface.co/datasets/mueller91/MLAAD-tiny,9143e5ea709575ebab6bec52840a1043aada7bb1,M-AILABS original corpus license (see MLAAD LICENSE),YES,YES_WITH_NOTICE,NO_FOR_ORIGINAL_SUBSET,MLAAD-tiny-original,c22e8a180a454662d26075d28ab270e6757a500628c409d76303f9fa56f76cd2,mlaad_tiny::en::dorothy_and_wizard_oz_07_f000046,train,not_applicable,not_applicable
data\raw\public_v9\mlaad_tiny\original\en\dorothy_and_wizard_oz_08_f000005.wav,0,0,0,1,0,mlaad::dorothy_and_wizard_oz_08,MLAAD_original,mlaad_tiny_matched,mlaad_tiny_matched,mueller91/MLAAD-tiny,dorothy_and_wizard_oz_08_f000005,mlaad_tiny::en::dorothy_and_wizard_oz_08_f000005,https://huggingface.co/datasets/mueller91/MLAAD-tiny,9143e5ea709575ebab6bec52840a1043aada7bb1,M-AILABS original corpus license (see MLAAD LICENSE),YES,YES_WITH_NOTICE,NO_FOR_ORIGINAL_SUBSET,MLAAD-tiny-original,87638f8db4a3cd547d8bcfcbfeef00313511ba9a7bd851506773ef1c5954e532,mlaad_tiny::en::dorothy_and_wizard_oz_08_f000005,train,not_applicable,not_applicable
data\raw\public_v9\mlaad_tiny\original\en\dorothy_and_wizard_oz_08_f000016.wav,0,0,0,1,0,mlaad::dorothy_and_wizard_oz_08,MLAAD_original,mlaad_tiny_matched,mlaad_tiny_matched,mueller91/MLAAD-tiny,dorothy_and_wizard_oz_08_f000016,mlaad_tiny::en::dorothy_and_wizard_oz_08_f000016,https://huggingface.co/datasets/mueller91/MLAAD-tiny,9143e5ea709575ebab6bec52840a1043aada7bb1,M-AILABS original corpus license (see MLAAD LICENSE),YES,YES_WITH_NOTICE,NO_FOR_ORIGINAL_SUBSET,MLAAD-tiny-original,014288cade28fdc1142f84611fdb2f08d0ee2ba651249fe5ae9b7785445adaca,mlaad_tiny::en::dorothy_and_wizard_oz_08_f000016,train,not_applicable,not_applicable
data\raw\public_v9\mlaad_tiny\original\en\dorothy_and_wizard_oz_08_f000065.wav,0,0,0,1,0,mlaad::dorothy_and_wizard_oz_08,MLAAD_original,mlaad_tiny_matched,mlaad_tiny_matched,mueller91/MLAAD-tiny,dorothy_and_wizard_oz_08_f000065,mlaad_tiny::en::dorothy_and_wizard_oz_08_f000065,https://huggingface.co/datasets/mueller91/MLAAD-tiny,9143e5ea709575ebab6bec52840a1043aada7bb1,M-AILABS original corpus license (see MLAAD LICENSE),YES,YES_WITH_NOTICE,NO_FOR_ORIGINAL_SUBSET,MLAAD-tiny-original,68f72f3dfdf9a8afcc570f19e3702392bcc0d533b64eaaf356abe5d52c741920,mlaad_tiny::en::dorothy_and_wizard_oz_08_f000065,train,not_applicable,not_applicable
data\raw\public_v9\mlaad_tiny\original\en\dorothy_and_wizard_oz_09_f000102.wav,0,0,0,1,0,mlaad::dorothy_and_wizard_oz_09,MLAAD_original,mlaad_tiny_matched,mlaad_tiny_matched,mueller91/MLAAD-tiny,dorothy_and_wizard_oz_09_f000102,mlaad_tiny::en::dorothy_and_wizard_oz_09_f000102,https://huggingface.co/datasets/mueller91/MLAAD-tiny,9143e5ea709575ebab6bec52840a1043aada7bb1,M-AILABS original corpus license (see MLAAD LICENSE),YES,YES_WITH_NOTICE,NO_FOR_ORIGINAL_SUBSET,MLAAD-tiny-original,ad6bfebec914a57019754167641840e8bd2aed9d222e9e60bea364e148aee5c9,mlaad_tiny::en::dorothy_and_wizard_oz_09_f000102,train,not_applicable,not_applicable
data\raw\public_v9\mlaad_tiny\original\en\dorothy_and_wizard_oz_09_f000114.wav,0,0,0,1,0,mlaad::dorothy_and_wizard_oz_09,MLAAD_original,mlaad_tiny_matched,mlaad_tiny_matched,mueller91/MLAAD-tiny,dorothy_and_wizard_oz_09_f000114,mlaad_tiny::en::dorothy_and_wizard_oz_09_f000114,https://huggingface.co/datasets/mueller91/MLAAD-tiny,9143e5ea709575ebab6bec52840a1043aada7bb1,M-AILABS original corpus license (see MLAAD LICENSE),YES,YES_WITH_NOTICE,NO_FOR_ORIGINAL_SUBSET,MLAAD-tiny-original,f3e673309efd2c34869df0a6ad5abcdaf1d0266505551efb269f454d1989b4d9,mlaad_tiny::en::dorothy_and_wizard_oz_09_f000114,train,not_applicable,not_applicable
data\raw\public_v9\mlaad_tiny\original\en\dorothy_and_wizard_oz_09_f000123.wav,0,0,0,1,0,mlaad::dorothy_and_wizard_oz_09,MLAAD_original,mlaad_tiny_matched,mlaad_tiny_matched,mueller91/MLAAD-tiny,dorothy_and_wizard_oz_09_f000123,mlaad_tiny::en::dorothy_and_wizard_oz_09_f000123,https://huggingface.co/datasets/mueller91/MLAAD-tiny,9143e5ea709575ebab6bec52840a1043aada7bb1,M-AILABS original corpus license (see MLAAD LICENSE),YES,YES_WITH_NOTICE,NO_FOR_ORIGINAL_SUBSET,MLAAD-tiny-original,56ce73e6ac809a70d95b0f2fbdbcb1925896682791791a8ae10212e4908fa1ad,mlaad_tiny::en::dorothy_and_wizard_oz_09_f000123,train,not_applicable,not_applicable
data\raw\public_v9\mlaad_tiny\original\en\dorothy_and_wizard_oz_09_f000127.wav,0,0,0,1,0,mlaad::dorothy_and_wizard_oz_09,MLAAD_original,mlaad_tiny_matched,mlaad_tiny_matched,mueller91/MLAAD-tiny,dorothy_and_wizard_oz_09_f000127,mlaad_tiny::en::dorothy_and_wizard_oz_09_f000127,https://huggingface.co/datasets/mueller91/MLAAD-tiny,9143e5ea709575ebab6bec52840a1043aada7bb1,M-AILABS original corpus license (see MLAAD LICENSE),YES,YES_WITH_NOTICE,NO_FOR_ORIGINAL_SUBSET,MLAAD-tiny-original,3552884eeeeac77b2f18daa57b16e1ccfd5c7c94446c0658dece6488cf463df2,mlaad_tiny::en::dorothy_and_wizard_oz_09_f000127,train,not_applicable,not_applicable
data\raw\public_v9\mlaad_tiny\original\en\dorothy_and_wizard_oz_10_f000004.wav,0,0,0,1,0,mlaad::dorothy_and_wizard_oz_10,MLAAD_original,mlaad_tiny_matched,mlaad_tiny_matched,mueller91/MLAAD-tiny,dorothy_and_wizard_oz_10_f000004,mlaad_tiny::en::dorothy_and_wizard_oz_10_f000004,https://huggingface.co/datasets/mueller91/MLAAD-tiny,9143e5ea709575ebab6bec52840a1043aada7bb1,M-AILABS original corpus license (see MLAAD LICENSE),YES,YES_WITH_NOTICE,NO_FOR_ORIGINAL_SUBSET,MLAAD-tiny-original,219f99e786246bf6d082b2e155fb87ea8f0edcd57aedde147bc95edc355fbf16,mlaad_tiny::en::dorothy_and_wizard_oz_10_f000004,train,not_applicable,not_applicable
data\raw\public_v9\mlaad_tiny\original\en\dorothy_and_wizard_oz_11_f000081.wav,0,0,0,1,0,mlaad::dorothy_and_wizard_oz_11,MLAAD_original,mlaad_tiny_matched,mlaad_tiny_matched,mueller91/MLAAD-tiny,dorothy_and_wizard_oz_11_f000081,mlaad_tiny::en::dorothy_and_wizard_oz_11_f000081,https://huggingface.co/datasets/mueller91/MLAAD-tiny,9143e5ea709575ebab6bec52840a1043aada7bb1,M-AILABS original corpus license (see MLAAD LICENSE),YES,YES_WITH_NOTICE,NO_FOR_ORIGINAL_SUBSET,MLAAD-tiny-original,3694a0803ae5f4e597ef693b7e0b77c5d74b05aad311cb683a9d9c5b2b9f1b9b,mlaad_tiny::en::dorothy_and_wizard_oz_11_f000081,train,not_applicable,not_applicable
data\raw\public_v9\mlaad_tiny\original\en\dorothy_and_wizard_oz_11_f000097.wav,0,0,0,1,0,mlaad::dorothy_and_wizard_oz_11,MLAAD_original,mlaad_tiny_matched,mlaad_tiny_matched,mueller91/MLAAD-tiny,dorothy_and_wizard_oz_11_f000097,mlaad_tiny::en::dorothy_and_wizard_oz_11_f000097,https://huggingface.co/datasets/mueller91/MLAAD-tiny,9143e5ea709575ebab6bec52840a1043aada7bb1,M-AILABS original corpus license (see MLAAD LICENSE),YES,YES_WITH_NOTICE,NO_FOR_ORIGINAL_SUBSET,MLAAD-tiny-original,06a9c1d89da906c9419d32ab6822b1dd15f119388839e37dc773c01eda1da0e4,mlaad_tiny::en::dorothy_and_wizard_oz_11_f000097,train,not_applicable,not_applicable
data\raw\public_v9\mlaad_tiny\original\en\dorothy_and_wizard_oz_12_f000071.wav,0,0,0,1,0,mlaad::dorothy_and_wizard_oz_12,MLAAD_original,mlaad_tiny_matched,mlaad_tiny_matched,mueller91/MLAAD-tiny,dorothy_and_wizard_oz_12_f000071,mlaad_tiny::en::dorothy_and_wizard_oz_12_f000071,https://huggingface.co/datasets/mueller91/MLAAD-tiny,9143e5ea709575ebab6bec52840a1043aada7bb1,M-AILABS original corpus license (see MLAAD LICENSE),YES,YES_WITH_NOTICE,NO_FOR_ORIGINAL_SUBSET,MLAAD-tiny-original,ba1cd13c6d15a6675331b3a78906ee52f94c3497c7f9b60d5b1969f0d30cf21c,mlaad_tiny::en::dorothy_and_wizard_oz_12_f000071,train,not_applicable,not_applicable
data\raw\public_v9\mlaad_tiny\original\en\dorothy_and_wizard_oz_12_f000128.wav,0,0,0,1,0,mlaad::dorothy_and_wizard_oz_12,MLAAD_original,mlaad_tiny_matched,mlaad_tiny_matched,mueller91/MLAAD-tiny,dorothy_and_wizard_oz_12_f000128,mlaad_tiny::en::dorothy_and_wizard_oz_12_f000128,https://huggingface.co/datasets/mueller91/MLAAD-tiny,9143e5ea709575ebab6bec52840a1043aada7bb1,M-AILABS original corpus license (see MLAAD LICENSE),YES,YES_WITH_NOTICE,NO_FOR_ORIGINAL_SUBSET,MLAAD-tiny-original,5e7f986d7a92c60f696dce2987e91a2b8feff96eb6bb30a9be509399a440da8a,mlaad_tiny::en::dorothy_and_wizard_oz_12_f000128,train,not_applicable,not_applicable
data\raw\public_v9\mlaad_tiny\original\en\dorothy_and_wizard_oz_13_f000057.wav,0,0,0,1,0,mlaad::dorothy_and_wizard_oz_13,MLAAD_original,mlaad_tiny_matched,mlaad_tiny_matched,mueller91/MLAAD-tiny,dorothy_and_wizard_oz_13_f000057,mlaad_tiny::en::dorothy_and_wizard_oz_13_f000057,https://huggingface.co/datasets/mueller91/MLAAD-tiny,9143e5ea709575ebab6bec52840a1043aada7bb1,M-AILABS original corpus license (see MLAAD LICENSE),YES,YES_WITH_NOTICE,NO_FOR_ORIGINAL_SUBSET,MLAAD-tiny-original,e6bea3f1fac5638f8aa116efab19d6166c4ed9df9c3b356e3abd6b36c4240e0f,mlaad_tiny::en::dorothy_and_wizard_oz_13_f000057,train,not_applicable,not_applicable
data\raw\public_v9\mlaad_tiny\original\en\dorothy_and_wizard_oz_14_f000043.wav,0,0,0,1,0,mlaad::dorothy_and_wizard_oz_14,MLAAD_original,mlaad_tiny_matched,mlaad_tiny_matched,mueller91/MLAAD-tiny,dorothy_and_wizard_oz_14_f000043,mlaad_tiny::en::dorothy_and_wizard_oz_14_f000043,https://huggingface.co/datasets/mueller91/MLAAD-tiny,9143e5ea709575ebab6bec52840a1043aada7bb1,M-AILABS original corpus license (see MLAAD LICENSE),YES,YES_WITH_NOTICE,NO_FOR_ORIGINAL_SUBSET,MLAAD-tiny-original,f348a888289a3b8762e53f3059a2c557fc62bd9d1fcb4d27fe24f978476f56a8,mlaad_tiny::en::dorothy_and_wizard_oz_14_f000043,train,not_applicable,not_applicable
data\raw\public_v9\mlaad_tiny\original\en\dorothy_and_wizard_oz_14_f000082.wav,0,0,0,1,0,mlaad::dorothy_and_wizard_oz_14,MLAAD_original,mlaad_tiny_matched,mlaad_tiny_matched,mueller91/MLAAD-tiny,dorothy_and_wizard_oz_14_f000082,mlaad_tiny::en::dorothy_and_wizard_oz_14_f000082,https://huggingface.co/datasets/mueller91/MLAAD-tiny,9143e5ea709575ebab6bec52840a1043aada7bb1,M-AILABS original corpus license (see MLAAD LICENSE),YES,YES_WITH_NOTICE,NO_FOR_ORIGINAL_SUBSET,MLAAD-tiny-original,ff12a6b82d99dc6b0fa36b6c94d1a884af4b022102cbd3e9d9da3d6632d56b0a,mlaad_tiny::en::dorothy_and_wizard_oz_14_f000082,train,not_applicable,not_applicable
data\raw\public_v9\mlaad_tiny\original\en\dorothy_and_wizard_oz_14_f000118.wav,0,0,0,1,0,mlaad::dorothy_and_wizard_oz_14,MLAAD_original,mlaad_tiny_matched,mlaad_tiny_matched,mueller91/MLAAD-tiny,dorothy_and_wizard_oz_14_f000118,mlaad_tiny::en::dorothy_and_wizard_oz_14_f000118,https://huggingface.co/datasets/mueller91/MLAAD-tiny,9143e5ea709575ebab6bec52840a1043aada7bb1,M-AILABS original corpus license (see MLAAD LICENSE),YES,YES_WITH_NOTICE,NO_FOR_ORIGINAL_SUBSET,MLAAD-tiny-original,6eb50e803e90c37f63aa04c21f9f3416e9d8e4ed05885bdead32e363e33c3a3f,mlaad_tiny::en::dorothy_and_wizard_oz_14_f000118,train,not_applicable,not_applicable
data\raw\public_v9\mlaad_tiny\original\en\dorothy_and_wizard_oz_14_f000119.wav,0,0,0,1,0,mlaad::dorothy_and_wizard_oz_14,MLAAD_original,mlaad_tiny_matched,mlaad_tiny_matched,mueller91/MLAAD-tiny,dorothy_and_wizard_oz_14_f000119,mlaad_tiny::en::dorothy_and_wizard_oz_14_f000119,https://huggingface.co/datasets/mueller91/MLAAD-tiny,9143e5ea709575ebab6bec52840a1043aada7bb1,M-AILABS original corpus license (see MLAAD LICENSE),YES,YES_WITH_NOTICE,NO_FOR_ORIGINAL_SUBSET,MLAAD-tiny-original,e8142ca7b96985247d4ae0d4dd8f7793ffc6926533c13d03f0e288cd3a7dc32e,mlaad_tiny::en::dorothy_and_wizard_oz_14_f000119,train,not_applicable,not_applicable
data\raw\public_v9\mlaad_tiny\original\en\dorothy_and_wizard_oz_15_f000058.wav,0,0,0,1,0,mlaad::dorothy_and_wizard_oz_15,MLAAD_original,mlaad_tiny_matched,mlaad_tiny_matched,mueller91/MLAAD-tiny,dorothy_and_wizard_oz_15_f000058,mlaad_tiny::en::dorothy_and_wizard_oz_15_f000058,https://huggingface.co/datasets/mueller91/MLAAD-tiny,9143e5ea709575ebab6bec52840a1043aada7bb1,M-AILABS original corpus license (see MLAAD LICENSE),YES,YES_WITH_NOTICE,NO_FOR_ORIGINAL_SUBSET,MLAAD-tiny-original,1c714041386bf53992a847ccb6ab1fcdc371913ff211a611d3dcb1704d7e9e93,mlaad_tiny::en::dorothy_and_wizard_oz_15_f000058,train,not_applicable,not_applicable
data\raw\public_v9\mlaad_tiny\original\en\dorothy_and_wizard_oz_16_f000035.wav,0,0,0,1,0,mlaad::dorothy_and_wizard_oz_16,MLAAD_original,mlaad_tiny_matched,mlaad_tiny_matched,mueller91/MLAAD-tiny,dorothy_and_wizard_oz_16_f000035,mlaad_tiny::en::dorothy_and_wizard_oz_16_f000035,https://huggingface.co/datasets/mueller91/MLAAD-tiny,9143e5ea709575ebab6bec52840a1043aada7bb1,M-AILABS original corpus license (see MLAAD LICENSE),YES,YES_WITH_NOTICE,NO_FOR_ORIGINAL_SUBSET,MLAAD-tiny-original,93e0b6007846e779d2d02618d4ad16b855379c2fd3209fce3e50dc42d6263b25,mlaad_tiny::en::dorothy_and_wizard_oz_16_f000035,train,not_applicable,not_applicable
data\raw\public_v9\mlaad_tiny\original\en\dorothy_and_wizard_oz_18_f000005.wav,0,0,0,1,0,mlaad::dorothy_and_wizard_oz_18,MLAAD_original,mlaad_tiny_matched,mlaad_tiny_matched,mueller91/MLAAD-tiny,dorothy_and_wizard_oz_18_f000005,mlaad_tiny::en::dorothy_and_wizard_oz_18_f000005,https://huggingface.co/datasets/mueller91/MLAAD-tiny,9143e5ea709575ebab6bec52840a1043aada7bb1,M-AILABS original corpus license (see MLAAD LICENSE),YES,YES_WITH_NOTICE,NO_FOR_ORIGINAL_SUBSET,MLAAD-tiny-original,33b09b06b53d7755330256eef00b072b4b8ad4067885824b6d99c31c3d5cab3e,mlaad_tiny::en::dorothy_and_wizard_oz_18_f000005,train,not_applicable,not_applicable
data\raw\public_v9\mlaad_tiny\original\en\dorothy_and_wizard_oz_18_f000006.wav,0,0,0,1,0,mlaad::dorothy_and_wizard_oz_18,MLAAD_original,mlaad_tiny_matched,mlaad_tiny_matched,mueller91/MLAAD-tiny,dorothy_and_wizard_oz_18_f000006,mlaad_tiny::en::dorothy_and_wizard_oz_18_f000006,https://huggingface.co/datasets/mueller91/MLAAD-tiny,9143e5ea709575ebab6bec52840a1043aada7bb1,M-AILABS original corpus license (see MLAAD LICENSE),YES,YES_WITH_NOTICE,NO_FOR_ORIGINAL_SUBSET,MLAAD-tiny-original,9415dc4cbfda4561d3e073e785550af4317cae3397a93ee07f151ea695814fd3,mlaad_tiny::en::dorothy_and_wizard_oz_18_f000006,train,not_applicable,not_applicable
data\raw\public_v9\mlaad_tiny\original\en\dorothy_and_wizard_oz_18_f000066.wav,0,0,0,1,0,mlaad::dorothy_and_wizard_oz_18,MLAAD_original,mlaad_tiny_matched,mlaad_tiny_matched,mueller91/MLAAD-tiny,dorothy_and_wizard_oz_18_f000066,mlaad_tiny::en::dorothy_and_wizard_oz_18_f000066,https://huggingface.co/datasets/mueller91/MLAAD-tiny,9143e5ea709575ebab6bec52840a1043aada7bb1,M-AILABS original corpus license (see MLAAD LICENSE),YES,YES_WITH_NOTICE,NO_FOR_ORIGINAL_SUBSET,MLAAD-tiny-original,7ddb1174dfe85c6dfd3f3055d3b6b1ff9c683a725982623fd9f92fcc454a528f,mlaad_tiny::en::dorothy_and_wizard_oz_18_f000066,train,not_applicable,not_applicable
data\raw\public_v9\mlaad_tiny\original\en\dorothy_and_wizard_oz_19_f000025.wav,0,0,0,1,0,mlaad::dorothy_and_wizard_oz_19,MLAAD_original,mlaad_tiny_matched,mlaad_tiny_matched,mueller91/MLAAD-tiny,dorothy_and_wizard_oz_19_f000025,mlaad_tiny::en::dorothy_and_wizard_oz_19_f000025,https://huggingface.co/datasets/mueller91/MLAAD-tiny,9143e5ea709575ebab6bec52840a1043aada7bb1,M-AILABS original corpus license (see MLAAD LICENSE),YES,YES_WITH_NOTICE,NO_FOR_ORIGINAL_SUBSET,MLAAD-tiny-original,e45a471c35ec2b368b0a18a31b8c1a6b0b8a188f16aa1df9b9756734549a694d,mlaad_tiny::en::dorothy_and_wizard_oz_19_f000025,train,not_applicable,not_applicable
data\raw\public_v9\mlaad_tiny\original\en\dorothy_and_wizard_oz_20_f000022.wav,0,0,0,1,0,mlaad::dorothy_and_wizard_oz_20,MLAAD_original,mlaad_tiny_matched,mlaad_tiny_matched,mueller91/MLAAD-tiny,dorothy_and_wizard_oz_20_f000022,mlaad_tiny::en::dorothy_and_wizard_oz_20_f000022,https://huggingface.co/datasets/mueller91/MLAAD-tiny,9143e5ea709575ebab6bec52840a1043aada7bb1,M-AILABS original corpus license (see MLAAD LICENSE),YES,YES_WITH_NOTICE,NO_FOR_ORIGINAL_SUBSET,MLAAD-tiny-original,a5c3626384fdc6b4ace8a78872212d70d7f739c5b127e3ab153fddbe9d251378,mlaad_tiny::en::dorothy_and_wizard_oz_20_f000022,train,not_applicable,not_applicable
data\raw\public_v9\mlaad_tiny\original\en\emerald_city_of_oz_02_f000050.wav,0,0,0,1,0,mlaad::emerald_city_of_oz_02,MLAAD_original,mlaad_tiny_matched,mlaad_tiny_matched,mueller91/MLAAD-tiny,emerald_city_of_oz_02_f000050,mlaad_tiny::en::emerald_city_of_oz_02_f000050,https://huggingface.co/datasets/mueller91/MLAAD-tiny,9143e5ea709575ebab6bec52840a1043aada7bb1,M-AILABS original corpus license (see MLAAD LICENSE),YES,YES_WITH_NOTICE,NO_FOR_ORIGINAL_SUBSET,MLAAD-tiny-original,35d6f96ba2819a3512c4ce9eaf8225ef3dd150412dfc046663142ae141282730,mlaad_tiny::en::emerald_city_of_oz_02_f000050,train,not_applicable,not_applicable
data\raw\public_v9\mlaad_tiny\original\en\emerald_city_of_oz_05_f000014.wav,0,0,0,1,0,mlaad::emerald_city_of_oz_05,MLAAD_original,mlaad_tiny_matched,mlaad_tiny_matched,mueller91/MLAAD-tiny,emerald_city_of_oz_05_f000014,mlaad_tiny::en::emerald_city_of_oz_05_f000014,https://huggingface.co/datasets/mueller91/MLAAD-tiny,9143e5ea709575ebab6bec52840a1043aada7bb1,M-AILABS original corpus license (see MLAAD LICENSE),YES,YES_WITH_NOTICE,NO_FOR_ORIGINAL_SUBSET,MLAAD-tiny-original,320067930d57139cc380f6f1208b88095f1343583b162fd2d7fbedeac69f612b,mlaad_tiny::en::emerald_city_of_oz_05_f000014,train,not_applicable,not_applicable
data\raw\public_v9\mlaad_tiny\original\en\emerald_city_of_oz_05_f000024.wav,0,0,0,1,0,mlaad::emerald_city_of_oz_05,MLAAD_original,mlaad_tiny_matched,mlaad_tiny_matched,mueller91/MLAAD-tiny,emerald_city_of_oz_05_f000024,mlaad_tiny::en::emerald_city_of_oz_05_f000024,https://huggingface.co/datasets/mueller91/MLAAD-tiny,9143e5ea709575ebab6bec52840a1043aada7bb1,M-AILABS original corpus license (see MLAAD LICENSE),YES,YES_WITH_NOTICE,NO_FOR_ORIGINAL_SUBSET,MLAAD-tiny-original,4ff8b4f25a5558efaccc2e97dd7c94f9da2d7a16ee768a247c76419f0d73107a,mlaad_tiny::en::emerald_city_of_oz_05_f000024,train,not_applicable,not_applicable
data\raw\public_v9\mlaad_tiny\original\en\emerald_city_of_oz_05_f000077.wav,0,0,0,1,0,mlaad::emerald_city_of_oz_05,MLAAD_original,mlaad_tiny_matched,mlaad_tiny_matched,mueller91/MLAAD-tiny,emerald_city_of_oz_05_f000077,mlaad_tiny::en::emerald_city_of_oz_05_f000077,https://huggingface.co/datasets/mueller91/MLAAD-tiny,9143e5ea709575ebab6bec52840a1043aada7bb1,M-AILABS original corpus license (see MLAAD LICENSE),YES,YES_WITH_NOTICE,NO_FOR_ORIGINAL_SUBSET,MLAAD-tiny-original,6604052352406f51b0c73c46d4dbbd3c4150e0d914bc708d648cb690bc46ed05,mlaad_tiny::en::emerald_city_of_oz_05_f000077,train,not_applicable,not_applicable
data\raw\public_v9\mlaad_tiny\original\en\emerald_city_of_oz_05_f000091.wav,0,0,0,1,0,mlaad::emerald_city_of_oz_05,MLAAD_original,mlaad_tiny_matched,mlaad_tiny_matched,mueller91/MLAAD-tiny,emerald_city_of_oz_05_f000091,mlaad_tiny::en::emerald_city_of_oz_05_f000091,https://huggingface.co/datasets/mueller91/MLAAD-tiny,9143e5ea709575ebab6bec52840a1043aada7bb1,M-AILABS original corpus license (see MLAAD LICENSE),YES,YES_WITH_NOTICE,NO_FOR_ORIGINAL_SUBSET,MLAAD-tiny-original,6aeff3a296416df97053dd382cca75547a58004101f230a1b307cd35be6e2dbc,mlaad_tiny::en::emerald_city_of_oz_05_f000091,train,not_applicable,not_applicable
data\raw\public_v9\mlaad_tiny\original\en\emerald_city_of_oz_07_f000035.wav,0,0,0,1,0,mlaad::emerald_city_of_oz_07,MLAAD_original,mlaad_tiny_matched,mlaad_tiny_matched,mueller91/MLAAD-tiny,emerald_city_of_oz_07_f000035,mlaad_tiny::en::emerald_city_of_oz_07_f000035,https://huggingface.co/datasets/mueller91/MLAAD-tiny,9143e5ea709575ebab6bec52840a1043aada7bb1,M-AILABS original corpus license (see MLAAD LICENSE),YES,YES_WITH_NOTICE,NO_FOR_ORIGINAL_SUBSET,MLAAD-tiny-original,4dce4c8e448a30a2e67f024ca66fc2393cadfd3b12d05fb397c661618fff8662,mlaad_tiny::en::emerald_city_of_oz_07_f000035,train,not_applicable,not_applicable
data\raw\public_v9\mlaad_tiny\original\en\emerald_city_of_oz_07_f000038.wav,0,0,0,1,0,mlaad::emerald_city_of_oz_07,MLAAD_original,mlaad_tiny_matched,mlaad_tiny_matched,mueller91/MLAAD-tiny,emerald_city_of_oz_07_f000038,mlaad_tiny::en::emerald_city_of_oz_07_f000038,https://huggingface.co/datasets/mueller91/MLAAD-tiny,9143e5ea709575ebab6bec52840a1043aada7bb1,M-AILABS original corpus license (see MLAAD LICENSE),YES,YES_WITH_NOTICE,NO_FOR_ORIGINAL_SUBSET,MLAAD-tiny-original,291568593d1b47d79e11a0338563718181fcf24cfb2ff762cb94cc8b774516f8,mlaad_tiny::en::emerald_city_of_oz_07_f000038,train,not_applicable,not_applicable
data\raw\public_v9\mlaad_tiny\original\en\emerald_city_of_oz_07_f000047.wav,0,0,0,1,0,mlaad::emerald_city_of_oz_07,MLAAD_original,mlaad_tiny_matched,mlaad_tiny_matched,mueller91/MLAAD-tiny,emerald_city_of_oz_07_f000047,mlaad_tiny::en::emerald_city_of_oz_07_f000047,https://huggingface.co/datasets/mueller91/MLAAD-tiny,9143e5ea709575ebab6bec52840a1043aada7bb1,M-AILABS original corpus license (see MLAAD LICENSE),YES,YES_WITH_NOTICE,NO_FOR_ORIGINAL_SUBSET,MLAAD-tiny-original,d752957a755ae51a4ec1c4e87799ef238444dad34ea697bc0e1f50cd01e86997,mlaad_tiny::en::emerald_city_of_oz_07_f000047,train,not_applicable,not_applicable
data\raw\public_v9\mlaad_tiny\original\en\emerald_city_of_oz_07_f000053.wav,0,0,0,1,0,mlaad::emerald_city_of_oz_07,MLAAD_original,mlaad_tiny_matched,mlaad_tiny_matched,mueller91/MLAAD-tiny,emerald_city_of_oz_07_f000053,mlaad_tiny::en::emerald_city_of_oz_07_f000053,https://huggingface.co/datasets/mueller91/MLAAD-tiny,9143e5ea709575ebab6bec52840a1043aada7bb1,M-AILABS original corpus license (see MLAAD LICENSE),YES,YES_WITH_NOTICE,NO_FOR_ORIGINAL_SUBSET,MLAAD-tiny-original,dc91c39f9c4d0a70d6f7d708c46ab1e63e55ef6e5da3fea454cfc6ba7ff00095,mlaad_tiny::en::emerald_city_of_oz_07_f000053,train,not_applicable,not_applicable
data\raw\public_v9\mlaad_tiny\original\en\emerald_city_of_oz_07_f000056.wav,0,0,0,1,0,mlaad::emerald_city_of_oz_07,MLAAD_original,mlaad_tiny_matched,mlaad_tiny_matched,mueller91/MLAAD-tiny,emerald_city_of_oz_07_f000056,mlaad_tiny::en::emerald_city_of_oz_07_f000056,https://huggingface.co/datasets/mueller91/MLAAD-tiny,9143e5ea709575ebab6bec52840a1043aada7bb1,M-AILABS original corpus license (see MLAAD LICENSE),YES,YES_WITH_NOTICE,NO_FOR_ORIGINAL_SUBSET,MLAAD-tiny-original,e4afb2298a5156646486b31bbd9f0f032d9348de9287102a27ee7a3fc71f69e3,mlaad_tiny::en::emerald_city_of_oz_07_f000056,train,not_applicable,not_applicable
data\raw\public_v9\mlaad_tiny\original\en\emerald_city_of_oz_07_f000058.wav,0,0,0,1,0,mlaad::emerald_city_of_oz_07,MLAAD_original,mlaad_tiny_matched,mlaad_tiny_matched,mueller91/MLAAD-tiny,emerald_city_of_oz_07_f000058,mlaad_tiny::en::emerald_city_of_oz_07_f000058,https://huggingface.co/datasets/mueller91/MLAAD-tiny,9143e5ea709575ebab6bec52840a1043aada7bb1,M-AILABS original corpus license (see MLAAD LICENSE),YES,YES_WITH_NOTICE,NO_FOR_ORIGINAL_SUBSET,MLAAD-tiny-original,d323854605f809037752c15ce3e1717b4978328fcfd93b27c2078e6775eb1764,mlaad_tiny::en::emerald_city_of_oz_07_f000058,train,not_applicable,not_applicable
data\raw\public_v9\mlaad_tiny\original\en\emerald_city_of_oz_07_f000100.wav,0,0,0,1,0,mlaad::emerald_city_of_oz_07,MLAAD_original,mlaad_tiny_matched,mlaad_tiny_matched,mueller91/MLAAD-tiny,emerald_city_of_oz_07_f000100,mlaad_tiny::en::emerald_city_of_oz_07_f000100,https://huggingface.co/datasets/mueller91/MLAAD-tiny,9143e5ea709575ebab6bec52840a1043aada7bb1,M-AILABS original corpus license (see MLAAD LICENSE),YES,YES_WITH_NOTICE,NO_FOR_ORIGINAL_SUBSET,MLAAD-tiny-original,ef5a901b0d2f812ccb21d43cd7b0e40d34897a25d10bc13c15f61f8592333e4a,mlaad_tiny::en::emerald_city_of_oz_07_f000100,train,not_applicable,not_applicable
data\raw\public_v9\mlaad_tiny\original\en\emerald_city_of_oz_08_f000059.wav,0,0,0,1,0,mlaad::emerald_city_of_oz_08,MLAAD_original,mlaad_tiny_matched,mlaad_tiny_matched,mueller91/MLAAD-tiny,emerald_city_of_oz_08_f000059,mlaad_tiny::en::emerald_city_of_oz_08_f000059,https://huggingface.co/datasets/mueller91/MLAAD-tiny,9143e5ea709575ebab6bec52840a1043aada7bb1,M-AILABS original corpus license (see MLAAD LICENSE),YES,YES_WITH_NOTICE,NO_FOR_ORIGINAL_SUBSET,MLAAD-tiny-original,64fecf86b066a46efb6a7cfe89272c2022bc86f6e9d2cc33181321b6d1d1792e,mlaad_tiny::en::emerald_city_of_oz_08_f000059,train,not_applicable,not_applicable
data\raw\public_v9\mlaad_tiny\original\en\emerald_city_of_oz_08_f000073.wav,0,0,0,1,0,mlaad::emerald_city_of_oz_08,MLAAD_original,mlaad_tiny_matched,mlaad_tiny_matched,mueller91/MLAAD-tiny,emerald_city_of_oz_08_f000073,mlaad_tiny::en::emerald_city_of_oz_08_f000073,https://huggingface.co/datasets/mueller91/MLAAD-tiny,9143e5ea709575ebab6bec52840a1043aada7bb1,M-AILABS original corpus license (see MLAAD LICENSE),YES,YES_WITH_NOTICE,NO_FOR_ORIGINAL_SUBSET,MLAAD-tiny-original,852bd4ce32be1bcf3494bd33e251e20ae7042f8955789e5a1093bfab2b53f195,mlaad_tiny::en::emerald_city_of_oz_08_f000073,train,not_applicable,not_applicable
data\raw\public_v9\mlaad_tiny\original\en\emerald_city_of_oz_09_f000074.wav,0,0,0,1,0,mlaad::emerald_city_of_oz_09,MLAAD_original,mlaad_tiny_matched,mlaad_tiny_matched,mueller91/MLAAD-tiny,emerald_city_of_oz_09_f000074,mlaad_tiny::en::emerald_city_of_oz_09_f000074,https://huggingface.co/datasets/mueller91/MLAAD-tiny,9143e5ea709575ebab6bec52840a1043aada7bb1,M-AILABS original corpus license (see MLAAD LICENSE),YES,YES_WITH_NOTICE,NO_FOR_ORIGINAL_SUBSET,MLAAD-tiny-original,2fc8203fc4c4ffda449937743c1e76beaf70ca92c0f58943e443039013132b5d,mlaad_tiny::en::emerald_city_of_oz_09_f000074,train,not_applicable,not_applicable
data\raw\public_v9\mlaad_tiny\original\en\emerald_city_of_oz_11_f000043.wav,0,0,0,1,0,mlaad::emerald_city_of_oz_11,MLAAD_original,mlaad_tiny_matched,mlaad_tiny_matched,mueller91/MLAAD-tiny,emerald_city_of_oz_11_f000043,mlaad_tiny::en::emerald_city_of_oz_11_f000043,https://huggingface.co/datasets/mueller91/MLAAD-tiny,9143e5ea709575ebab6bec52840a1043aada7bb1,M-AILABS original corpus license (see MLAAD LICENSE),YES,YES_WITH_NOTICE,NO_FOR_ORIGINAL_SUBSET,MLAAD-tiny-original,2b5ecce6c25bc3299bd85032f10852e65f61b0e74d9555ff25fdc01b73290e7e,mlaad_tiny::en::emerald_city_of_oz_11_f000043,train,not_applicable,not_applicable
data\raw\public_v9\mlaad_tiny\original\en\emerald_city_of_oz_11_f000090.wav,0,0,0,1,0,mlaad::emerald_city_of_oz_11,MLAAD_original,mlaad_tiny_matched,mlaad_tiny_matched,mueller91/MLAAD-tiny,emerald_city_of_oz_11_f000090,mlaad_tiny::en::emerald_city_of_oz_11_f000090,https://huggingface.co/datasets/mueller91/MLAAD-tiny,9143e5ea709575ebab6bec52840a1043aada7bb1,M-AILABS original corpus license (see MLAAD LICENSE),YES,YES_WITH_NOTICE,NO_FOR_ORIGINAL_SUBSET,MLAAD-tiny-original,c8fd0901474a4703d432c7da51eeb1549f477910125f983300263e0cba225f88,mlaad_tiny::en::emerald_city_of_oz_11_f000090,train,not_applicable,not_applicable
data\raw\public_v9\mlaad_tiny\original\en\emerald_city_of_oz_12_f000089.wav,0,0,0,1,0,mlaad::emerald_city_of_oz_12,MLAAD_original,mlaad_tiny_matched,mlaad_tiny_matched,mueller91/MLAAD-tiny,emerald_city_of_oz_12_f000089,mlaad_tiny::en::emerald_city_of_oz_12_f000089,https://huggingface.co/datasets/mueller91/MLAAD-tiny,9143e5ea709575ebab6bec52840a1043aada7bb1,M-AILABS original corpus license (see MLAAD LICENSE),YES,YES_WITH_NOTICE,NO_FOR_ORIGINAL_SUBSET,MLAAD-tiny-original,14c082276f96040b1a30c7b76123da4581db9e2901125e4d84aed365c19ffd7a,mlaad_tiny::en::emerald_city_of_oz_12_f000089,train,not_applicable,not_applicable
data\raw\public_v9\mlaad_tiny\original\en\emerald_city_of_oz_13_f000060.wav,0,0,0,1,0,mlaad::emerald_city_of_oz_13,MLAAD_original,mlaad_tiny_matched,mlaad_tiny_matched,mueller91/MLAAD-tiny,emerald_city_of_oz_13_f000060,mlaad_tiny::en::emerald_city_of_oz_13_f000060,https://huggingface.co/datasets/mueller91/MLAAD-tiny,9143e5ea709575ebab6bec52840a1043aada7bb1,M-AILABS original corpus license (see MLAAD LICENSE),YES,YES_WITH_NOTICE,NO_FOR_ORIGINAL_SUBSET,MLAAD-tiny-original,4f690d832997c1d555dec24d1e0896bcbd9f10d35e4c273d7155b5d1f7d70a73,mlaad_tiny::en::emerald_city_of_oz_13_f000060,train,not_applicable,not_applicable
data\raw\public_v9\mlaad_tiny\original\en\emerald_city_of_oz_16_f000007.wav,0,0,0,1,0,mlaad::emerald_city_of_oz_16,MLAAD_original,mlaad_tiny_matched,mlaad_tiny_matched,mueller91/MLAAD-tiny,emerald_city_of_oz_16_f000007,mlaad_tiny::en::emerald_city_of_oz_16_f000007,https://huggingface.co/datasets/mueller91/MLAAD-tiny,9143e5ea709575ebab6bec52840a1043aada7bb1,M-AILABS original corpus license (see MLAAD LICENSE),YES,YES_WITH_NOTICE,NO_FOR_ORIGINAL_SUBSET,MLAAD-tiny-original,933fe0c2a0f395571a83247bd34ea7ca6555007c0104271b3774234c8affdaa7,mlaad_tiny::en::emerald_city_of_oz_16_f000007,train,not_applicable,not_applicable
data\raw\public_v9\mlaad_tiny\original\en\emerald_city_of_oz_16_f000095.wav,0,0,0,1,0,mlaad::emerald_city_of_oz_16,MLAAD_original,mlaad_tiny_matched,mlaad_tiny_matched,mueller91/MLAAD-tiny,emerald_city_of_oz_16_f000095,mlaad_tiny::en::emerald_city_of_oz_16_f000095,https://huggingface.co/datasets/mueller91/MLAAD-tiny,9143e5ea709575ebab6bec52840a1043aada7bb1,M-AILABS original corpus license (see MLAAD LICENSE),YES,YES_WITH_NOTICE,NO_FOR_ORIGINAL_SUBSET,MLAAD-tiny-original,1bbca5197ea16cf6c9d10606de01ae344e21ece0b428a164ba111f06e496531d,mlaad_tiny::en::emerald_city_of_oz_16_f000095,train,not_applicable,not_applicable
data\raw\public_v9\mlaad_tiny\original\en\emerald_city_of_oz_17_f000017.wav,0,0,0,1,0,mlaad::emerald_city_of_oz_17,MLAAD_original,mlaad_tiny_matched,mlaad_tiny_matched,mueller91/MLAAD-tiny,emerald_city_of_oz_17_f000017,mlaad_tiny::en::emerald_city_of_oz_17_f000017,https://huggingface.co/datasets/mueller91/MLAAD-tiny,9143e5ea709575ebab6bec52840a1043aada7bb1,M-AILABS original corpus license (see MLAAD LICENSE),YES,YES_WITH_NOTICE,NO_FOR_ORIGINAL_SUBSET,MLAAD-tiny-original,9a7228ffe694bc5e0dd2ac30b1c19c571857d8e62f0b876d31bd7f75966abea8,mlaad_tiny::en::emerald_city_of_oz_17_f000017,train,not_applicable,not_applicable
data\raw\public_v9\mlaad_tiny\original\en\emerald_city_of_oz_19_f000032.wav,0,0,0,1,0,mlaad::emerald_city_of_oz_19,MLAAD_original,mlaad_tiny_matched,mlaad_tiny_matched,mueller91/MLAAD-tiny,emerald_city_of_oz_19_f000032,mlaad_tiny::en::emerald_city_of_oz_19_f000032,https://huggingface.co/datasets/mueller91/MLAAD-tiny,9143e5ea709575ebab6bec52840a1043aada7bb1,M-AILABS original corpus license (see MLAAD LICENSE),YES,YES_WITH_NOTICE,NO_FOR_ORIGINAL_SUBSET,MLAAD-tiny-original,4b236a84afa698c5bde3f033e74ebbd1c62ad0dc582a0102dc6e3aa886adf85c,mlaad_tiny::en::emerald_city_of_oz_19_f000032,train,not_applicable,not_applicable
data\raw\public_v9\mlaad_tiny\original\en\emerald_city_of_oz_19_f000084.wav,0,0,0,1,0,mlaad::emerald_city_of_oz_19,MLAAD_original,mlaad_tiny_matched,mlaad_tiny_matched,mueller91/MLAAD-tiny,emerald_city_of_oz_19_f000084,mlaad_tiny::en::emerald_city_of_oz_19_f000084,https://huggingface.co/datasets/mueller91/MLAAD-tiny,9143e5ea709575ebab6bec52840a1043aada7bb1,M-AILABS original corpus license (see MLAAD LICENSE),YES,YES_WITH_NOTICE,NO_FOR_ORIGINAL_SUBSET,MLAAD-tiny-original,1722b9235c88e53e30f161ecdf7d5adb7ae22d6ded36141c8787cdd370d1fae7,mlaad_tiny::en::emerald_city_of_oz_19_f000084,train,not_applicable,not_applicable
data\raw\public_v9\mlaad_tiny\original\en\emerald_city_of_oz_24_f000069.wav,0,0,0,1,0,mlaad::emerald_city_of_oz_24,MLAAD_original,mlaad_tiny_matched,mlaad_tiny_matched,mueller91/MLAAD-tiny,emerald_city_of_oz_24_f000069,mlaad_tiny::en::emerald_city_of_oz_24_f000069,https://huggingface.co/datasets/mueller91/MLAAD-tiny,9143e5ea709575ebab6bec52840a1043aada7bb1,M-AILABS original corpus license (see MLAAD LICENSE),YES,YES_WITH_NOTICE,NO_FOR_ORIGINAL_SUBSET,MLAAD-tiny-original,04b92241e91508f594c2e6ebc227134809826bf1f8522e7311c12b77cd713f60,mlaad_tiny::en::emerald_city_of_oz_24_f000069,train,not_applicable,not_applicable
data\raw\public_v9\mlaad_tiny\original\en\emerald_city_of_oz_25_f000012.wav,0,0,0,1,0,mlaad::emerald_city_of_oz_25,MLAAD_original,mlaad_tiny_matched,mlaad_tiny_matched,mueller91/MLAAD-tiny,emerald_city_of_oz_25_f000012,mlaad_tiny::en::emerald_city_of_oz_25_f000012,https://huggingface.co/datasets/mueller91/MLAAD-tiny,9143e5ea709575ebab6bec52840a1043aada7bb1,M-AILABS original corpus license (see MLAAD LICENSE),YES,YES_WITH_NOTICE,NO_FOR_ORIGINAL_SUBSET,MLAAD-tiny-original,dc6da5ee4309c97c6daa2867b648bd5b540c56449c096a8814ee8b5731b30966,mlaad_tiny::en::emerald_city_of_oz_25_f000012,train,not_applicable,not_applicable
data\raw\public_v9\mlaad_tiny\original\en\emerald_city_of_oz_25_f000067.wav,0,0,0,1,0,mlaad::emerald_city_of_oz_25,MLAAD_original,mlaad_tiny_matched,mlaad_tiny_matched,mueller91/MLAAD-tiny,emerald_city_of_oz_25_f000067,mlaad_tiny::en::emerald_city_of_oz_25_f000067,https://huggingface.co/datasets/mueller91/MLAAD-tiny,9143e5ea709575ebab6bec52840a1043aada7bb1,M-AILABS original corpus license (see MLAAD LICENSE),YES,YES_WITH_NOTICE,NO_FOR_ORIGINAL_SUBSET,MLAAD-tiny-original,357741b69cc29b65143d5456b61e4e4208563b6f295a9b5a3000f90727932272,mlaad_tiny::en::emerald_city_of_oz_25_f000067,train,not_applicable,not_applicable
data\raw\public_v9\mlaad_tiny\original\en\emerald_city_of_oz_26_f000009.wav,0,0,0,1,0,mlaad::emerald_city_of_oz_26,MLAAD_original,mlaad_tiny_matched,mlaad_tiny_matched,mueller91/MLAAD-tiny,emerald_city_of_oz_26_f000009,mlaad_tiny::en::emerald_city_of_oz_26_f000009,https://huggingface.co/datasets/mueller91/MLAAD-tiny,9143e5ea709575ebab6bec52840a1043aada7bb1,M-AILABS original corpus license (see MLAAD LICENSE),YES,YES_WITH_NOTICE,NO_FOR_ORIGINAL_SUBSET,MLAAD-tiny-original,dad65ff5011cebb27ed3422f0cb47d5bc71aa35212eadcacf5efc96b5ce85f12,mlaad_tiny::en::emerald_city_of_oz_26_f000009,train,not_applicable,not_applicable
data\raw\public_v9\mlaad_tiny\original\en\emerald_city_of_oz_27_f000033.wav,0,0,0,1,0,mlaad::emerald_city_of_oz_27,MLAAD_original,mlaad_tiny_matched,mlaad_tiny_matched,mueller91/MLAAD-tiny,emerald_city_of_oz_27_f000033,mlaad_tiny::en::emerald_city_of_oz_27_f000033,https://huggingface.co/datasets/mueller91/MLAAD-tiny,9143e5ea709575ebab6bec52840a1043aada7bb1,M-AILABS original corpus license (see MLAAD LICENSE),YES,YES_WITH_NOTICE,NO_FOR_ORIGINAL_SUBSET,MLAAD-tiny-original,6cd081fc10b2f04e0e30ff38a8f014cfb60aaeecd1769e506820abf13d682ccf,mlaad_tiny::en::emerald_city_of_oz_27_f000033,train,not_applicable,not_applicable
data\raw\public_v9\mlaad_tiny\original\en\emerald_city_of_oz_28_f000037.wav,0,0,0,1,0,mlaad::emerald_city_of_oz_28,MLAAD_original,mlaad_tiny_matched,mlaad_tiny_matched,mueller91/MLAAD-tiny,emerald_city_of_oz_28_f000037,mlaad_tiny::en::emerald_city_of_oz_28_f000037,https://huggingface.co/datasets/mueller91/MLAAD-tiny,9143e5ea709575ebab6bec52840a1043aada7bb1,M-AILABS original corpus license (see MLAAD LICENSE),YES,YES_WITH_NOTICE,NO_FOR_ORIGINAL_SUBSET,MLAAD-tiny-original,9dee56cfeceedde2600f832139c26829a6fbed1c43a3d96619914ea3c36c1bc1,mlaad_tiny::en::emerald_city_of_oz_28_f000037,train,not_applicable,not_applicable
data\raw\public_v9\mlaad_tiny\original\en\emerald_city_of_oz_29_f000003.wav,0,0,0,1,0,mlaad::emerald_city_of_oz_29,MLAAD_original,mlaad_tiny_matched,mlaad_tiny_matched,mueller91/MLAAD-tiny,emerald_city_of_oz_29_f000003,mlaad_tiny::en::emerald_city_of_oz_29_f000003,https://huggingface.co/datasets/mueller91/MLAAD-tiny,9143e5ea709575ebab6bec52840a1043aada7bb1,M-AILABS original corpus license (see MLAAD LICENSE),YES,YES_WITH_NOTICE,NO_FOR_ORIGINAL_SUBSET,MLAAD-tiny-original,2ebc5b3e1fa8206e03cbf35f806ced68868409a26e701f255ed038acb4bdcd17,mlaad_tiny::en::emerald_city_of_oz_29_f000003,train,not_applicable,not_applicable
data\raw\public_v9\mlaad_tiny\original\en\hunters_space_01_f000007.wav,0,0,0,1,0,mlaad::hunters_space_01,MLAAD_original,mlaad_tiny_matched,mlaad_tiny_matched,mueller91/MLAAD-tiny,hunters_space_01_f000007,mlaad_tiny::en::hunters_space_01_f000007,https://huggingface.co/datasets/mueller91/MLAAD-tiny,9143e5ea709575ebab6bec52840a1043aada7bb1,M-AILABS original corpus license (see MLAAD LICENSE),YES,YES_WITH_NOTICE,NO_FOR_ORIGINAL_SUBSET,MLAAD-tiny-original,92fb422cf8a56a96b57b8f4efa221cb463e3965d364ad692f57778986a72eb47,mlaad_tiny::en::hunters_space_01_f000007,train,not_applicable,not_applicable
data\raw\public_v9\mlaad_tiny\original\en\hunters_space_02_f000032.wav,0,0,0,1,0,mlaad::hunters_space_02,MLAAD_original,mlaad_tiny_matched,mlaad_tiny_matched,mueller91/MLAAD-tiny,hunters_space_02_f000032,mlaad_tiny::en::hunters_space_02_f000032,https://huggingface.co/datasets/mueller91/MLAAD-tiny,9143e5ea709575ebab6bec52840a1043aada7bb1,M-AILABS original corpus license (see MLAAD LICENSE),YES,YES_WITH_NOTICE,NO_FOR_ORIGINAL_SUBSET,MLAAD-tiny-original,9314c37edd89c6f85aedf80a32529b6b0e22e7a76918894bc270c3a13a7aefba,mlaad_tiny::en::hunters_space_02_f000032,train,not_applicable,not_applicable
data\raw\public_v9\mlaad_tiny\original\en\hunters_space_02_f000090.wav,0,0,0,1,0,mlaad::hunters_space_02,MLAAD_original,mlaad_tiny_matched,mlaad_tiny_matched,mueller91/MLAAD-tiny,hunters_space_02_f000090,mlaad_tiny::en::hunters_space_02_f000090,https://huggingface.co/datasets/mueller91/MLAAD-tiny,9143e5ea709575ebab6bec52840a1043aada7bb1,M-AILABS original corpus license (see MLAAD LICENSE),YES,YES_WITH_NOTICE,NO_FOR_ORIGINAL_SUBSET,MLAAD-tiny-original,b7e4335212fcaa40535283c596a22b746485144a80d75d898c988ea24491b3bd,mlaad_tiny::en::hunters_space_02_f000090,train,not_applicable,not_applicable
data\raw\public_v9\mlaad_tiny\original\en\hunters_space_02_f000110.wav,0,0,0,1,0,mlaad::hunters_space_02,MLAAD_original,mlaad_tiny_matched,mlaad_tiny_matched,mueller91/MLAAD-tiny,hunters_space_02_f000110,mlaad_tiny::en::hunters_space_02_f000110,https://huggingface.co/datasets/mueller91/MLAAD-tiny,9143e5ea709575ebab6bec52840a1043aada7bb1,M-AILABS original corpus license (see MLAAD LICENSE),YES,YES_WITH_NOTICE,NO_FOR_ORIGINAL_SUBSET,MLAAD-tiny-original,1c7180b2004bd7287309662afa1b1ff2c5bb5c0e1e33e9c6b19208b2f448faf6,mlaad_tiny::en::hunters_space_02_f000110,train,not_applicable,not_applicable
data\raw\public_v9\mlaad_tiny\original\en\hunters_space_04_f000021.wav,0,0,0,1,0,mlaad::hunters_space_04,MLAAD_original,mlaad_tiny_matched,mlaad_tiny_matched,mueller91/MLAAD-tiny,hunters_space_04_f000021,mlaad_tiny::en::hunters_space_04_f000021,https://huggingface.co/datasets/mueller91/MLAAD-tiny,9143e5ea709575ebab6bec52840a1043aada7bb1,M-AILABS original corpus license (see MLAAD LICENSE),YES,YES_WITH_NOTICE,NO_FOR_ORIGINAL_SUBSET,MLAAD-tiny-original,6a0e4d51f4e8e9b831061206971679ab54aa672957d1324263cfc2d68b95acce,mlaad_tiny::en::hunters_space_04_f000021,train,not_applicable,not_applicable
data\raw\public_v9\mlaad_tiny\original\en\hunters_space_05_f000015.wav,0,0,0,1,0,mlaad::hunters_space_05,MLAAD_original,mlaad_tiny_matched,mlaad_tiny_matched,mueller91/MLAAD-tiny,hunters_space_05_f000015,mlaad_tiny::en::hunters_space_05_f000015,https://huggingface.co/datasets/mueller91/MLAAD-tiny,9143e5ea709575ebab6bec52840a1043aada7bb1,M-AILABS original corpus license (see MLAAD LICENSE),YES,YES_WITH_NOTICE,NO_FOR_ORIGINAL_SUBSET,MLAAD-tiny-original,5a5305da1c58b004657a5713f6787bddde9f3fa0261fe653e80f7f8b407d388e,mlaad_tiny::en::hunters_space_05_f000015,train,not_applicable,not_applicable
data\raw\public_v9\mlaad_tiny\original\en\hunters_space_05_f000074.wav,0,0,0,1,0,mlaad::hunters_space_05,MLAAD_original,mlaad_tiny_matched,mlaad_tiny_matched,mueller91/MLAAD-tiny,hunters_space_05_f000074,mlaad_tiny::en::hunters_space_05_f000074,https://huggingface.co/datasets/mueller91/MLAAD-tiny,9143e5ea709575ebab6bec52840a1043aada7bb1,M-AILABS original corpus license (see MLAAD LICENSE),YES,YES_WITH_NOTICE,NO_FOR_ORIGINAL_SUBSET,MLAAD-tiny-original,417365b6e5d07d9d6048566fdea4a362da264cece971e7a77e8641a7462d479d,mlaad_tiny::en::hunters_space_05_f000074,train,not_applicable,not_applicable
data\raw\public_v9\mlaad_tiny\original\en\hunters_space_05_f000109.wav,0,0,0,1,0,mlaad::hunters_space_05,MLAAD_original,mlaad_tiny_matched,mlaad_tiny_matched,mueller91/MLAAD-tiny,hunters_space_05_f000109,mlaad_tiny::en::hunters_space_05_f000109,https://huggingface.co/datasets/mueller91/MLAAD-tiny,9143e5ea709575ebab6bec52840a1043aada7bb1,M-AILABS original corpus license (see MLAAD LICENSE),YES,YES_WITH_NOTICE,NO_FOR_ORIGINAL_SUBSET,MLAAD-tiny-original,730ea49d4ee5754106aa24dbb4376af60b23ee9d77c3fd43e3cee4aa2ff12d4b,mlaad_tiny::en::hunters_space_05_f000109,train,not_applicable,not_applicable
data\raw\public_v9\mlaad_tiny\original\en\hunters_space_06_f000014.wav,0,0,0,1,0,mlaad::hunters_space_06,MLAAD_original,mlaad_tiny_matched,mlaad_tiny_matched,mueller91/MLAAD-tiny,hunters_space_06_f000014,mlaad_tiny::en::hunters_space_06_f000014,https://huggingface.co/datasets/mueller91/MLAAD-tiny,9143e5ea709575ebab6bec52840a1043aada7bb1,M-AILABS original corpus license (see MLAAD LICENSE),YES,YES_WITH_NOTICE,NO_FOR_ORIGINAL_SUBSET,MLAAD-tiny-original,50ea3eab3ff1381a8cf1ee04a99a27c5724e77554192843fdb05b1e9fd2f960a,mlaad_tiny::en::hunters_space_06_f000014,train,not_applicable,not_applicable
data\raw\public_v9\mlaad_tiny\original\en\hunters_space_06_f000023.wav,0,0,0,1,0,mlaad::hunters_space_06,MLAAD_original,mlaad_tiny_matched,mlaad_tiny_matched,mueller91/MLAAD-tiny,hunters_space_06_f000023,mlaad_tiny::en::hunters_space_06_f000023,https://huggingface.co/datasets/mueller91/MLAAD-tiny,9143e5ea709575ebab6bec52840a1043aada7bb1,M-AILABS original corpus license (see MLAAD LICENSE),YES,YES_WITH_NOTICE,NO_FOR_ORIGINAL_SUBSET,MLAAD-tiny-original,86e7cb91406c5024a88bf4a45278b10452612463bff2041e44726e4c5f0e2303,mlaad_tiny::en::hunters_space_06_f000023,train,not_applicable,not_applicable
data\raw\public_v9\mlaad_tiny\original\en\hunters_space_06_f000036.wav,0,0,0,1,0,mlaad::hunters_space_06,MLAAD_original,mlaad_tiny_matched,mlaad_tiny_matched,mueller91/MLAAD-tiny,hunters_space_06_f000036,mlaad_tiny::en::hunters_space_06_f000036,https://huggingface.co/datasets/mueller91/MLAAD-tiny,9143e5ea709575ebab6bec52840a1043aada7bb1,M-AILABS original corpus license (see MLAAD LICENSE),YES,YES_WITH_NOTICE,NO_FOR_ORIGINAL_SUBSET,MLAAD-tiny-original,637d53f8c414c1cfa109b0fb9f30db7bda19e82055581002ce20973bd9a65b8a,mlaad_tiny::en::hunters_space_06_f000036,train,not_applicable,not_applicable
data\raw\public_v9\mlaad_tiny\original\en\hunters_space_07_f000061.wav,0,0,0,1,0,mlaad::hunters_space_07,MLAAD_original,mlaad_tiny_matched,mlaad_tiny_matched,mueller91/MLAAD-tiny,hunters_space_07_f000061,mlaad_tiny::en::hunters_space_07_f000061,https://huggingface.co/datasets/mueller91/MLAAD-tiny,9143e5ea709575ebab6bec52840a1043aada7bb1,M-AILABS original corpus license (see MLAAD LICENSE),YES,YES_WITH_NOTICE,NO_FOR_ORIGINAL_SUBSET,MLAAD-tiny-original,3810804a5e4a5325c424f25728bb269bca3106804cc16542a7315bf5f1d0bc98,mlaad_tiny::en::hunters_space_07_f000061,train,not_applicable,not_applicable
data\raw\public_v9\mlaad_tiny\original\en\hunters_space_07_f000081.wav,0,0,0,1,0,mlaad::hunters_space_07,MLAAD_original,mlaad_tiny_matched,mlaad_tiny_matched,mueller91/MLAAD-tiny,hunters_space_07_f000081,mlaad_tiny::en::hunters_space_07_f000081,https://huggingface.co/datasets/mueller91/MLAAD-tiny,9143e5ea709575ebab6bec52840a1043aada7bb1,M-AILABS original corpus license (see MLAAD LICENSE),YES,YES_WITH_NOTICE,NO_FOR_ORIGINAL_SUBSET,MLAAD-tiny-original,88d61dd130f028217b3e1ee133b09bc63fbc330a1a00c42f2ebe649d3ea2f8bd,mlaad_tiny::en::hunters_space_07_f000081,train,not_applicable,not_applicable
data\raw\public_v9\mlaad_tiny\original\en\hunters_space_08_f000081.wav,0,0,0,1,0,mlaad::hunters_space_08,MLAAD_original,mlaad_tiny_matched,mlaad_tiny_matched,mueller91/MLAAD-tiny,hunters_space_08_f000081,mlaad_tiny::en::hunters_space_08_f000081,https://huggingface.co/datasets/mueller91/MLAAD-tiny,9143e5ea709575ebab6bec52840a1043aada7bb1,M-AILABS original corpus license (see MLAAD LICENSE),YES,YES_WITH_NOTICE,NO_FOR_ORIGINAL_SUBSET,MLAAD-tiny-original,c415db5e9c30123c7638a8bc79ce0e532ff1e6dd502400fb0b409c77b6c5d96d,mlaad_tiny::en::hunters_space_08_f000081,train,not_applicable,not_applicable
data\raw\public_v9\mlaad_tiny\original\en\hunters_space_08_f000103.wav,0,0,0,1,0,mlaad::hunters_space_08,MLAAD_original,mlaad_tiny_matched,mlaad_tiny_matched,mueller91/MLAAD-tiny,hunters_space_08_f000103,mlaad_tiny::en::hunters_space_08_f000103,https://huggingface.co/datasets/mueller91/MLAAD-tiny,9143e5ea709575ebab6bec52840a1043aada7bb1,M-AILABS original corpus license (see MLAAD LICENSE),YES,YES_WITH_NOTICE,NO_FOR_ORIGINAL_SUBSET,MLAAD-tiny-original,6b5a0de37c4c27471891f453262369d8d6448d8b0db2a6cdba824cacf11f6293,mlaad_tiny::en::hunters_space_08_f000103,train,not_applicable,not_applicable
data\raw\public_v9\mlaad_tiny\original\en\hunters_space_10_f000009.wav,0,0,0,1,0,mlaad::hunters_space_10,MLAAD_original,mlaad_tiny_matched,mlaad_tiny_matched,mueller91/MLAAD-tiny,hunters_space_10_f000009,mlaad_tiny::en::hunters_space_10_f000009,https://huggingface.co/datasets/mueller91/MLAAD-tiny,9143e5ea709575ebab6bec52840a1043aada7bb1,M-AILABS original corpus license (see MLAAD LICENSE),YES,YES_WITH_NOTICE,NO_FOR_ORIGINAL_SUBSET,MLAAD-tiny-original,2229d0a05cdf35f19f5e7ba19223b7017ff005c965253c8e3fd271ba267c8d4d,mlaad_tiny::en::hunters_space_10_f000009,train,not_applicable,not_applicable
data\raw\public_v9\mlaad_tiny\original\en\hunters_space_10_f000106.wav,0,0,0,1,0,mlaad::hunters_space_10,MLAAD_original,mlaad_tiny_matched,mlaad_tiny_matched,mueller91/MLAAD-tiny,hunters_space_10_f000106,mlaad_tiny::en::hunters_space_10_f000106,https://huggingface.co/datasets/mueller91/MLAAD-tiny,9143e5ea709575ebab6bec52840a1043aada7bb1,M-AILABS original corpus license (see MLAAD LICENSE),YES,YES_WITH_NOTICE,NO_FOR_ORIGINAL_SUBSET,MLAAD-tiny-original,d4de18d619e16c96344e8d16314e784ceddf1952a1c03fe555a17340b91e93d6,mlaad_tiny::en::hunters_space_10_f000106,train,not_applicable,not_applicable
data\raw\public_v9\mlaad_tiny\original\en\hunters_space_12_f000017.wav,0,0,0,1,0,mlaad::hunters_space_12,MLAAD_original,mlaad_tiny_matched,mlaad_tiny_matched,mueller91/MLAAD-tiny,hunters_space_12_f000017,mlaad_tiny::en::hunters_space_12_f000017,https://huggingface.co/datasets/mueller91/MLAAD-tiny,9143e5ea709575ebab6bec52840a1043aada7bb1,M-AILABS original corpus license (see MLAAD LICENSE),YES,YES_WITH_NOTICE,NO_FOR_ORIGINAL_SUBSET,MLAAD-tiny-original,4a06c7a4d0b8485eed07942d2b72cb18b37b5e00efda5e59f1a699cafeabace5,mlaad_tiny::en::hunters_space_12_f000017,train,not_applicable,not_applicable
data\raw\public_v9\mlaad_tiny\original\en\hunters_space_12_f000024.wav,0,0,0,1,0,mlaad::hunters_space_12,MLAAD_original,mlaad_tiny_matched,mlaad_tiny_matched,mueller91/MLAAD-tiny,hunters_space_12_f000024,mlaad_tiny::en::hunters_space_12_f000024,https://huggingface.co/datasets/mueller91/MLAAD-tiny,9143e5ea709575ebab6bec52840a1043aada7bb1,M-AILABS original corpus license (see MLAAD LICENSE),YES,YES_WITH_NOTICE,NO_FOR_ORIGINAL_SUBSET,MLAAD-tiny-original,3e9537dd074dbe7975cdf6e2ee4d16c755756f821d9bded28a47d7d823e784d4,mlaad_tiny::en::hunters_space_12_f000024,train,not_applicable,not_applicable
data\raw\public_v9\mlaad_tiny\original\en\hunters_space_15_f000040.wav,0,0,0,1,0,mlaad::hunters_space_15,MLAAD_original,mlaad_tiny_matched,mlaad_tiny_matched,mueller91/MLAAD-tiny,hunters_space_15_f000040,mlaad_tiny::en::hunters_space_15_f000040,https://huggingface.co/datasets/mueller91/MLAAD-tiny,9143e5ea709575ebab6bec52840a1043aada7bb1,M-AILABS original corpus license (see MLAAD LICENSE),YES,YES_WITH_NOTICE,NO_FOR_ORIGINAL_SUBSET,MLAAD-tiny-original,411d94a99179f3e472d5832edee58279a0b45dd1bedd2ceec5f292b205d3f3aa,mlaad_tiny::en::hunters_space_15_f000040,train,not_applicable,not_applicable
data\raw\public_v9\mlaad_tiny\original\en\hunters_space_16_f000012.wav,0,0,0,1,0,mlaad::hunters_space_16,MLAAD_original,mlaad_tiny_matched,mlaad_tiny_matched,mueller91/MLAAD-tiny,hunters_space_16_f000012,mlaad_tiny::en::hunters_space_16_f000012,https://huggingface.co/datasets/mueller91/MLAAD-tiny,9143e5ea709575ebab6bec52840a1043aada7bb1,M-AILABS original corpus license (see MLAAD LICENSE),YES,YES_WITH_NOTICE,NO_FOR_ORIGINAL_SUBSET,MLAAD-tiny-original,f2a4adf37d1e523c806b74c2cf19b94136a10e7b28943ca5c1cf43e585d133d2,mlaad_tiny::en::hunters_space_16_f000012,train,not_applicable,not_applicable
data\raw\public_v9\mlaad_tiny\original\en\hunters_space_17_f000018.wav,0,0,0,1,0,mlaad::hunters_space_17,MLAAD_original,mlaad_tiny_matched,mlaad_tiny_matched,mueller91/MLAAD-tiny,hunters_space_17_f000018,mlaad_tiny::en::hunters_space_17_f000018,https://huggingface.co/datasets/mueller91/MLAAD-tiny,9143e5ea709575ebab6bec52840a1043aada7bb1,M-AILABS original corpus license (see MLAAD LICENSE),YES,YES_WITH_NOTICE,NO_FOR_ORIGINAL_SUBSET,MLAAD-tiny-original,606c494880432fddc8fa1d0a2c38c86d78e855cfbeb81e0711d1281ee0318976,mlaad_tiny::en::hunters_space_17_f000018,train,not_applicable,not_applicable
data\raw\public_v9\mlaad_tiny\original\en\hunters_space_18_f000010.wav,0,0,0,1,0,mlaad::hunters_space_18,MLAAD_original,mlaad_tiny_matched,mlaad_tiny_matched,mueller91/MLAAD-tiny,hunters_space_18_f000010,mlaad_tiny::en::hunters_space_18_f000010,https://huggingface.co/datasets/mueller91/MLAAD-tiny,9143e5ea709575ebab6bec52840a1043aada7bb1,M-AILABS original corpus license (see MLAAD LICENSE),YES,YES_WITH_NOTICE,NO_FOR_ORIGINAL_SUBSET,MLAAD-tiny-original,fae077847d8057616eb3379b272ddcb63d40d258ee4ad1ae72eff5f86983b469,mlaad_tiny::en::hunters_space_18_f000010,train,not_applicable,not_applicable
data\raw\public_v9\mlaad_tiny\original\en\hunters_space_18_f000024.wav,0,0,0,1,0,mlaad::hunters_space_18,MLAAD_original,mlaad_tiny_matched,mlaad_tiny_matched,mueller91/MLAAD-tiny,hunters_space_18_f000024,mlaad_tiny::en::hunters_space_18_f000024,https://huggingface.co/datasets/mueller91/MLAAD-tiny,9143e5ea709575ebab6bec52840a1043aada7bb1,M-AILABS original corpus license (see MLAAD LICENSE),YES,YES_WITH_NOTICE,NO_FOR_ORIGINAL_SUBSET,MLAAD-tiny-original,ea007bb9432fc31fd5572b7c9a1e205fbc6e706024580d932d17397d46e1d3e9,mlaad_tiny::en::hunters_space_18_f000024,train,not_applicable,not_applicable
data\raw\public_v9\mlaad_tiny\original\en\hunters_space_19_f000016.wav,0,0,0,1,0,mlaad::hunters_space_19,MLAAD_original,mlaad_tiny_matched,mlaad_tiny_matched,mueller91/MLAAD-tiny,hunters_space_19_f000016,mlaad_tiny::en::hunters_space_19_f000016,https://huggingface.co/datasets/mueller91/MLAAD-tiny,9143e5ea709575ebab6bec52840a1043aada7bb1,M-AILABS original corpus license (see MLAAD LICENSE),YES,YES_WITH_NOTICE,NO_FOR_ORIGINAL_SUBSET,MLAAD-tiny-original,7dc031d04409fcbf4c01cf4198bee09f81fa5ba858dd7f8f95c8c21cea1fca6d,mlaad_tiny::en::hunters_space_19_f000016,train,not_applicable,not_applicable
data\raw\public_v9\mlaad_tiny\original\en\hunters_space_19_f000042.wav,0,0,0,1,0,mlaad::hunters_space_19,MLAAD_original,mlaad_tiny_matched,mlaad_tiny_matched,mueller91/MLAAD-tiny,hunters_space_19_f000042,mlaad_tiny::en::hunters_space_19_f000042,https://huggingface.co/datasets/mueller91/MLAAD-tiny,9143e5ea709575ebab6bec52840a1043aada7bb1,M-AILABS original corpus license (see MLAAD LICENSE),YES,YES_WITH_NOTICE,NO_FOR_ORIGINAL_SUBSET,MLAAD-tiny-original,7ae0655b8b2e7befddde7728917ab7d58f7fc8ba906b097cb2dba25f1b743410,mlaad_tiny::en::hunters_space_19_f000042,train,not_applicable,not_applicable
data\raw\public_v9\mlaad_tiny\original\en\jane_eyre_01_f000039.wav,0,0,0,1,0,mlaad::jane_eyre_01,MLAAD_original,mlaad_tiny_matched,mlaad_tiny_matched,mueller91/MLAAD-tiny,jane_eyre_01_f000039,mlaad_tiny::en::jane_eyre_01_f000039,https://huggingface.co/datasets/mueller91/MLAAD-tiny,9143e5ea709575ebab6bec52840a1043aada7bb1,M-AILABS original corpus license (see MLAAD LICENSE),YES,YES_WITH_NOTICE,NO_FOR_ORIGINAL_SUBSET,MLAAD-tiny-original,4f567dd04f0efaa89bb8004eb4d944c01b87b4a43bf8602a1d7e54ecbd896c27,mlaad_tiny::en::jane_eyre_01_f000039,train,not_applicable,not_applicable
data\raw\public_v9\mlaad_tiny\original\en\jane_eyre_02_f000021.wav,0,0,0,1,0,mlaad::jane_eyre_02,MLAAD_original,mlaad_tiny_matched,mlaad_tiny_matched,mueller91/MLAAD-tiny,jane_eyre_02_f000021,mlaad_tiny::en::jane_eyre_02_f000021,https://huggingface.co/datasets/mueller91/MLAAD-tiny,9143e5ea709575ebab6bec52840a1043aada7bb1,M-AILABS original corpus license (see MLAAD LICENSE),YES,YES_WITH_NOTICE,NO_FOR_ORIGINAL_SUBSET,MLAAD-tiny-original,b968c79213291a09c0003a02380618af1089981a4b02a0ce06c0029d459c3911,mlaad_tiny::en::jane_eyre_02_f000021,train,not_applicable,not_applicable
data\raw\public_v9\mlaad_tiny\original\en\jane_eyre_02_f000039.wav,0,0,0,1,0,mlaad::jane_eyre_02,MLAAD_original,mlaad_tiny_matched,mlaad_tiny_matched,mueller91/MLAAD-tiny,jane_eyre_02_f000039,mlaad_tiny::en::jane_eyre_02_f000039,https://huggingface.co/datasets/mueller91/MLAAD-tiny,9143e5ea709575ebab6bec52840a1043aada7bb1,M-AILABS original corpus license (see MLAAD LICENSE),YES,YES_WITH_NOTICE,NO_FOR_ORIGINAL_SUBSET,MLAAD-tiny-original,5cf40fd3f7737c170aced9422e32c001edbd09321be9d603413e84f3af63b6e3,mlaad_tiny::en::jane_eyre_02_f000039,train,not_applicable,not_applicable
data\raw\public_v9\mlaad_tiny\original\en\jane_eyre_02_f000105.wav,0,0,0,1,0,mlaad::jane_eyre_02,MLAAD_original,mlaad_tiny_matched,mlaad_tiny_matched,mueller91/MLAAD-tiny,jane_eyre_02_f000105,mlaad_tiny::en::jane_eyre_02_f000105,https://huggingface.co/datasets/mueller91/MLAAD-tiny,9143e5ea709575ebab6bec52840a1043aada7bb1,M-AILABS original corpus license (see MLAAD LICENSE),YES,YES_WITH_NOTICE,NO_FOR_ORIGINAL_SUBSET,MLAAD-tiny-original,b49c2faa78c4dbb792a4610b509cc7e78b1d6e4632a9f9c66bd30a7fed8b5a26,mlaad_tiny::en::jane_eyre_02_f000105,train,not_applicable,not_applicable
data\raw\public_v9\mlaad_tiny\original\en\jane_eyre_03_f000013.wav,0,0,0,1,0,mlaad::jane_eyre_03,MLAAD_original,mlaad_tiny_matched,mlaad_tiny_matched,mueller91/MLAAD-tiny,jane_eyre_03_f000013,mlaad_tiny::en::jane_eyre_03_f000013,https://huggingface.co/datasets/mueller91/MLAAD-tiny,9143e5ea709575ebab6bec52840a1043aada7bb1,M-AILABS original corpus license (see MLAAD LICENSE),YES,YES_WITH_NOTICE,NO_FOR_ORIGINAL_SUBSET,MLAAD-tiny-original,2ed1d95e75b2dbe474c1a21550e1456e98eda005e445f0a9810934960d8e1e08,mlaad_tiny::en::jane_eyre_03_f000013,train,not_applicable,not_applicable
data\raw\public_v9\mlaad_tiny\original\en\jane_eyre_04_f000074.wav,0,0,0,1,0,mlaad::jane_eyre_04,MLAAD_original,mlaad_tiny_matched,mlaad_tiny_matched,mueller91/MLAAD-tiny,jane_eyre_04_f000074,mlaad_tiny::en::jane_eyre_04_f000074,https://huggingface.co/datasets/mueller91/MLAAD-tiny,9143e5ea709575ebab6bec52840a1043aada7bb1,M-AILABS original corpus license (see MLAAD LICENSE),YES,YES_WITH_NOTICE,NO_FOR_ORIGINAL_SUBSET,MLAAD-tiny-original,c553bc72f923e2e4da20b6a44c945c1cbedb76ecf9cecdce0321e47a4070186c,mlaad_tiny::en::jane_eyre_04_f000074,train,not_applicable,not_applicable
data\raw\public_v9\mlaad_tiny\original\en\jane_eyre_04_f000138.wav,0,0,0,1,0,mlaad::jane_eyre_04,MLAAD_original,mlaad_tiny_matched,mlaad_tiny_matched,mueller91/MLAAD-tiny,jane_eyre_04_f000138,mlaad_tiny::en::jane_eyre_04_f000138,https://huggingface.co/datasets/mueller91/MLAAD-tiny,9143e5ea709575ebab6bec52840a1043aada7bb1,M-AILABS original corpus license (see MLAAD LICENSE),YES,YES_WITH_NOTICE,NO_FOR_ORIGINAL_SUBSET,MLAAD-tiny-original,376aae5565113dced5e22c75c1e8502e6780037b6d435ae2c297b7fcce365ba7,mlaad_tiny::en::jane_eyre_04_f000138,train,not_applicable,not_applicable
data\raw\public_v9\mlaad_tiny\original\en\jane_eyre_04_f000253.wav,0,0,0,1,0,mlaad::jane_eyre_04,MLAAD_original,mlaad_tiny_matched,mlaad_tiny_matched,mueller91/MLAAD-tiny,jane_eyre_04_f000253,mlaad_tiny::en::jane_eyre_04_f000253,https://huggingface.co/datasets/mueller91/MLAAD-tiny,9143e5ea709575ebab6bec52840a1043aada7bb1,M-AILABS original corpus license (see MLAAD LICENSE),YES,YES_WITH_NOTICE,NO_FOR_ORIGINAL_SUBSET,MLAAD-tiny-original,6fdc9c20c865567b32943f5976c7e25db244b72c4c47163b5106140a61ad3a85,mlaad_tiny::en::jane_eyre_04_f000253,train,not_applicable,not_applicable
data\raw\public_v9\mlaad_tiny\original\en\jane_eyre_05_f000047.wav,0,0,0,1,0,mlaad::jane_eyre_05,MLAAD_original,mlaad_tiny_matched,mlaad_tiny_matched,mueller91/MLAAD-tiny,jane_eyre_05_f000047,mlaad_tiny::en::jane_eyre_05_f000047,https://huggingface.co/datasets/mueller91/MLAAD-tiny,9143e5ea709575ebab6bec52840a1043aada7bb1,M-AILABS original corpus license (see MLAAD LICENSE),YES,YES_WITH_NOTICE,NO_FOR_ORIGINAL_SUBSET,MLAAD-tiny-original,2e6ecb29e93eef3886d187dffde88f4ff99b001562975da5a90a645f6c53f017,mlaad_tiny::en::jane_eyre_05_f000047,train,not_applicable,not_applicable
data\raw\public_v9\mlaad_tiny\original\en\jane_eyre_05_f000054.wav,0,0,0,1,0,mlaad::jane_eyre_05,MLAAD_original,mlaad_tiny_matched,mlaad_tiny_matched,mueller91/MLAAD-tiny,jane_eyre_05_f000054,mlaad_tiny::en::jane_eyre_05_f000054,https://huggingface.co/datasets/mueller91/MLAAD-tiny,9143e5ea709575ebab6bec52840a1043aada7bb1,M-AILABS original corpus license (see MLAAD LICENSE),YES,YES_WITH_NOTICE,NO_FOR_ORIGINAL_SUBSET,MLAAD-tiny-original,75d6550bafded7de3c3855c2258661f3caa6d736113587d28097859fe5ba4a9b,mlaad_tiny::en::jane_eyre_05_f000054,train,not_applicable,not_applicable
data\raw\public_v9\mlaad_tiny\original\en\jane_eyre_05_f000057.wav,0,0,0,1,0,mlaad::jane_eyre_05,MLAAD_original,mlaad_tiny_matched,mlaad_tiny_matched,mueller91/MLAAD-tiny,jane_eyre_05_f000057,mlaad_tiny::en::jane_eyre_05_f000057,https://huggingface.co/datasets/mueller91/MLAAD-tiny,9143e5ea709575ebab6bec52840a1043aada7bb1,M-AILABS original corpus license (see MLAAD LICENSE),YES,YES_WITH_NOTICE,NO_FOR_ORIGINAL_SUBSET,MLAAD-tiny-original,284de0f38a2bc61f58c055bffa5d2293a6017bf99a9df0fde79c5079888d07f6,mlaad_tiny::en::jane_eyre_05_f000057,train,not_applicable,not_applicable
data\raw\public_v9\mlaad_tiny\original\en\jane_eyre_05_f000097.wav,0,0,0,1,0,mlaad::jane_eyre_05,MLAAD_original,mlaad_tiny_matched,mlaad_tiny_matched,mueller91/MLAAD-tiny,jane_eyre_05_f000097,mlaad_tiny::en::jane_eyre_05_f000097,https://huggingface.co/datasets/mueller91/MLAAD-tiny,9143e5ea709575ebab6bec52840a1043aada7bb1,M-AILABS original corpus license (see MLAAD LICENSE),YES,YES_WITH_NOTICE,NO_FOR_ORIGINAL_SUBSET,MLAAD-tiny-original,fd2ecc3c809e76941dba8169001f07e47a7faedced9dd955e0c72179da751dd6,mlaad_tiny::en::jane_eyre_05_f000097,train,not_applicable,not_applicable
data\raw\public_v9\mlaad_tiny\original\en\jane_eyre_05_f000137.wav,0,0,0,1,0,mlaad::jane_eyre_05,MLAAD_original,mlaad_tiny_matched,mlaad_tiny_matched,mueller91/MLAAD-tiny,jane_eyre_05_f000137,mlaad_tiny::en::jane_eyre_05_f000137,https://huggingface.co/datasets/mueller91/MLAAD-tiny,9143e5ea709575ebab6bec52840a1043aada7bb1,M-AILABS original corpus license (see MLAAD LICENSE),YES,YES_WITH_NOTICE,NO_FOR_ORIGINAL_SUBSET,MLAAD-tiny-original,ab003f5a35cf80534e1789148d7e74c4fbd190b8cb227109e00cdde8ebee7a6a,mlaad_tiny::en::jane_eyre_05_f000137,train,not_applicable,not_applicable
data\raw\public_v9\mlaad_tiny\original\en\jane_eyre_05_f000180.wav,0,0,0,1,0,mlaad::jane_eyre_05,MLAAD_original,mlaad_tiny_matched,mlaad_tiny_matched,mueller91/MLAAD-tiny,jane_eyre_05_f000180,mlaad_tiny::en::jane_eyre_05_f000180,https://huggingface.co/datasets/mueller91/MLAAD-tiny,9143e5ea709575ebab6bec52840a1043aada7bb1,M-AILABS original corpus license (see MLAAD LICENSE),YES,YES_WITH_NOTICE,NO_FOR_ORIGINAL_SUBSET,MLAAD-tiny-original,a24d56b1b2a2870f5eb654a9a87f63d7f634954852f8da2d3dd2640c559a3439,mlaad_tiny::en::jane_eyre_05_f000180,train,not_applicable,not_applicable
data\raw\public_v9\mlaad_tiny\original\en\jane_eyre_06_f000021.wav,0,0,0,1,0,mlaad::jane_eyre_06,MLAAD_original,mlaad_tiny_matched,mlaad_tiny_matched,mueller91/MLAAD-tiny,jane_eyre_06_f000021,mlaad_tiny::en::jane_eyre_06_f000021,https://huggingface.co/datasets/mueller91/MLAAD-tiny,9143e5ea709575ebab6bec52840a1043aada7bb1,M-AILABS original corpus license (see MLAAD LICENSE),YES,YES_WITH_NOTICE,NO_FOR_ORIGINAL_SUBSET,MLAAD-tiny-original,d0833757eb48a8bcad26ac74ca78507e3d023a0111daa047c9bfe45c12c3fac6,mlaad_tiny::en::jane_eyre_06_f000021,train,not_applicable,not_applicable
data\raw\public_v9\mlaad_tiny\original\en\jane_eyre_08_f000060.wav,0,0,0,1,0,mlaad::jane_eyre_08,MLAAD_original,mlaad_tiny_matched,mlaad_tiny_matched,mueller91/MLAAD-tiny,jane_eyre_08_f000060,mlaad_tiny::en::jane_eyre_08_f000060,https://huggingface.co/datasets/mueller91/MLAAD-tiny,9143e5ea709575ebab6bec52840a1043aada7bb1,M-AILABS original corpus license (see MLAAD LICENSE),YES,YES_WITH_NOTICE,NO_FOR_ORIGINAL_SUBSET,MLAAD-tiny-original,e3ee7f85f3827bf8fbc59c3dbd03e46edc70f4a4b02e6f8c24bf080148fa6836,mlaad_tiny::en::jane_eyre_08_f000060,train,not_applicable,not_applicable
data\raw\public_v9\mlaad_tiny\original\en\jane_eyre_09_f000010.wav,0,0,0,1,0,mlaad::jane_eyre_09,MLAAD_original,mlaad_tiny_matched,mlaad_tiny_matched,mueller91/MLAAD-tiny,jane_eyre_09_f000010,mlaad_tiny::en::jane_eyre_09_f000010,https://huggingface.co/datasets/mueller91/MLAAD-tiny,9143e5ea709575ebab6bec52840a1043aada7bb1,M-AILABS original corpus license (see MLAAD LICENSE),YES,YES_WITH_NOTICE,NO_FOR_ORIGINAL_SUBSET,MLAAD-tiny-original,b2cdaa03db42cd90426c85216555bf461693b334bd531adf417e8614e7346f94,mlaad_tiny::en::jane_eyre_09_f000010,train,not_applicable,not_applicable
data\raw\public_v9\mlaad_tiny\original\en\jane_eyre_09_f000110.wav,0,0,0,1,0,mlaad::jane_eyre_09,MLAAD_original,mlaad_tiny_matched,mlaad_tiny_matched,mueller91/MLAAD-tiny,jane_eyre_09_f000110,mlaad_tiny::en::jane_eyre_09_f000110,https://huggingface.co/datasets/mueller91/MLAAD-tiny,9143e5ea709575ebab6bec52840a1043aada7bb1,M-AILABS original corpus license (see MLAAD LICENSE),YES,YES_WITH_NOTICE,NO_FOR_ORIGINAL_SUBSET,MLAAD-tiny-original,ec2bcc773b8a235f0ea96b446685d4fd9d15827872c831bbbca90fed344c13c0,mlaad_tiny::en::jane_eyre_09_f000110,train,not_applicable,not_applicable
data\raw\public_v9\mlaad_tiny\original\en\jane_eyre_12_f000078.wav,0,0,0,1,0,mlaad::jane_eyre_12,MLAAD_original,mlaad_tiny_matched,mlaad_tiny_matched,mueller91/MLAAD-tiny,jane_eyre_12_f000078,mlaad_tiny::en::jane_eyre_12_f000078,https://huggingface.co/datasets/mueller91/MLAAD-tiny,9143e5ea709575ebab6bec52840a1043aada7bb1,M-AILABS original corpus license (see MLAAD LICENSE),YES,YES_WITH_NOTICE,NO_FOR_ORIGINAL_SUBSET,MLAAD-tiny-original,634c769e93fe8f2f4ea3de6a6a4a6abdf1b4f64189f420341f68a51fcf76bdd2,mlaad_tiny::en::jane_eyre_12_f000078,train,not_applicable,not_applicable
data\raw\public_v9\mlaad_tiny\original\en\jane_eyre_12_f000082.wav,0,0,0,1,0,mlaad::jane_eyre_12,MLAAD_original,mlaad_tiny_matched,mlaad_tiny_matched,mueller91/MLAAD-tiny,jane_eyre_12_f000082,mlaad_tiny::en::jane_eyre_12_f000082,https://huggingface.co/datasets/mueller91/MLAAD-tiny,9143e5ea709575ebab6bec52840a1043aada7bb1,M-AILABS original corpus license (see MLAAD LICENSE),YES,YES_WITH_NOTICE,NO_FOR_ORIGINAL_SUBSET,MLAAD-tiny-original,c158c700a8a90ea56018c55cf0b871d7f8a727cb14effe426d16a263b9a8beaa,mlaad_tiny::en::jane_eyre_12_f000082,train,not_applicable,not_applicable
data\raw\public_v9\mlaad_tiny\original\en\jane_eyre_12_f000178.wav,0,0,0,1,0,mlaad::jane_eyre_12,MLAAD_original,mlaad_tiny_matched,mlaad_tiny_matched,mueller91/MLAAD-tiny,jane_eyre_12_f000178,mlaad_tiny::en::jane_eyre_12_f000178,https://huggingface.co/datasets/mueller91/MLAAD-tiny,9143e5ea709575ebab6bec52840a1043aada7bb1,M-AILABS original corpus license (see MLAAD LICENSE),YES,YES_WITH_NOTICE,NO_FOR_ORIGINAL_SUBSET,MLAAD-tiny-original,b9a47c06111b2afd24317f18e83cf0b391befa776dd5e2660ad56967a0067be8,mlaad_tiny::en::jane_eyre_12_f000178,train,not_applicable,not_applicable
data\raw\public_v9\mlaad_tiny\original\en\jane_eyre_13_f000059.wav,0,0,0,1,0,mlaad::jane_eyre_13,MLAAD_original,mlaad_tiny_matched,mlaad_tiny_matched,mueller91/MLAAD-tiny,jane_eyre_13_f000059,mlaad_tiny::en::jane_eyre_13_f000059,https://huggingface.co/datasets/mueller91/MLAAD-tiny,9143e5ea709575ebab6bec52840a1043aada7bb1,M-AILABS original corpus license (see MLAAD LICENSE),YES,YES_WITH_NOTICE,NO_FOR_ORIGINAL_SUBSET,MLAAD-tiny-original,eb90d33d81791285ec6b274647e65333a269faedf3e3d8f5a69a4dc72ba2e766,mlaad_tiny::en::jane_eyre_13_f000059,train,not_applicable,not_applicable
data\raw\public_v9\mlaad_tiny\original\en\jane_eyre_17_f000177.wav,0,0,0,1,0,mlaad::jane_eyre_17,MLAAD_original,mlaad_tiny_matched,mlaad_tiny_matched,mueller91/MLAAD-tiny,jane_eyre_17_f000177,mlaad_tiny::en::jane_eyre_17_f000177,https://huggingface.co/datasets/mueller91/MLAAD-tiny,9143e5ea709575ebab6bec52840a1043aada7bb1,M-AILABS original corpus license (see MLAAD LICENSE),YES,YES_WITH_NOTICE,NO_FOR_ORIGINAL_SUBSET,MLAAD-tiny-original,e31de757c3283b7dbcc0d19c18164dc4b757c26b6c5dd1480390165bfb21026a,mlaad_tiny::en::jane_eyre_17_f000177,train,not_applicable,not_applicable
data\raw\public_v9\mlaad_tiny\original\en\jane_eyre_17_f000379.wav,0,0,0,1,0,mlaad::jane_eyre_17,MLAAD_original,mlaad_tiny_matched,mlaad_tiny_matched,mueller91/MLAAD-tiny,jane_eyre_17_f000379,mlaad_tiny::en::jane_eyre_17_f000379,https://huggingface.co/datasets/mueller91/MLAAD-tiny,9143e5ea709575ebab6bec52840a1043aada7bb1,M-AILABS original corpus license (see MLAAD LICENSE),YES,YES_WITH_NOTICE,NO_FOR_ORIGINAL_SUBSET,MLAAD-tiny-original,6f6f1d1d5b8d14df8e48499151cc99c7ac761d974de5aba279d7b97e4fb12f85,mlaad_tiny::en::jane_eyre_17_f000379,train,not_applicable,not_applicable
data\raw\public_v9\mlaad_tiny\original\en\jane_eyre_18_f000063.wav,0,0,0,1,0,mlaad::jane_eyre_18,MLAAD_original,mlaad_tiny_matched,mlaad_tiny_matched,mueller91/MLAAD-tiny,jane_eyre_18_f000063,mlaad_tiny::en::jane_eyre_18_f000063,https://huggingface.co/datasets/mueller91/MLAAD-tiny,9143e5ea709575ebab6bec52840a1043aada7bb1,M-AILABS original corpus license (see MLAAD LICENSE),YES,YES_WITH_NOTICE,NO_FOR_ORIGINAL_SUBSET,MLAAD-tiny-original,94c3d60869b34960ca7ed8eefa49b5adf6a72ba93e17a5daeaf05217bf499380,mlaad_tiny::en::jane_eyre_18_f000063,train,not_applicable,not_applicable
data\raw\public_v9\mlaad_tiny\original\en\jane_eyre_19_f000225.wav,0,0,0,1,0,mlaad::jane_eyre_19,MLAAD_original,mlaad_tiny_matched,mlaad_tiny_matched,mueller91/MLAAD-tiny,jane_eyre_19_f000225,mlaad_tiny::en::jane_eyre_19_f000225,https://huggingface.co/datasets/mueller91/MLAAD-tiny,9143e5ea709575ebab6bec52840a1043aada7bb1,M-AILABS original corpus license (see MLAAD LICENSE),YES,YES_WITH_NOTICE,NO_FOR_ORIGINAL_SUBSET,MLAAD-tiny-original,ec86d79543c650a544b498438b68d000efd05c2f2da49aa7ae52a1363afbc40b,mlaad_tiny::en::jane_eyre_19_f000225,train,not_applicable,not_applicable
data\raw\public_v9\mlaad_tiny\original\en\jane_eyre_21_f000014.wav,0,0,0,1,0,mlaad::jane_eyre_21,MLAAD_original,mlaad_tiny_matched,mlaad_tiny_matched,mueller91/MLAAD-tiny,jane_eyre_21_f000014,mlaad_tiny::en::jane_eyre_21_f000014,https://huggingface.co/datasets/mueller91/MLAAD-tiny,9143e5ea709575ebab6bec52840a1043aada7bb1,M-AILABS original corpus license (see MLAAD LICENSE),YES,YES_WITH_NOTICE,NO_FOR_ORIGINAL_SUBSET,MLAAD-tiny-original,771e5fbf995a0c6940c0ab881b77fbfa2c27aef274cd2e9df48234a0caa0f54f,mlaad_tiny::en::jane_eyre_21_f000014,train,not_applicable,not_applicable
data\raw\public_v9\mlaad_tiny\fake\en\Cartesia.ai (Sonic-3)\dorothy_and_wizard_oz_06_f000040.wav,1,1,0,1,0,mlaad::dorothy_and_wizard_oz_06,MLAAD::Cartesia.ai (Sonic-3),mlaad_tiny_matched,mlaad_tiny_matched,mueller91/MLAAD-tiny,dorothy_and_wizard_oz_06_f000040,mlaad_tiny::en::dorothy_and_wizard_oz_06_f000040,https://huggingface.co/datasets/mueller91/MLAAD-tiny,9143e5ea709575ebab6bec52840a1043aada7bb1,CC BY-NC 4.0,YES,YES_WITH_ATTRIBUTION_NONCOMMERCIAL,YES_NONCOMMERCIAL_ONLY,MLAAD-tiny-fake,c390adb21c5966f149d66bfe287d4425cfbbc96dc397ff726c02ad68b79c62b0,mlaad_tiny::en::dorothy_and_wizard_oz_06_f000040,val_b_unseen_generator,not_applicable,not_applicable
data\raw\public_v9\mlaad_tiny\fake\en\Cartesia.ai (Sonic-3)\dorothy_and_wizard_oz_12_f000027.wav,1,1,0,1,0,mlaad::dorothy_and_wizard_oz_12,MLAAD::Cartesia.ai (Sonic-3),mlaad_tiny_matched,mlaad_tiny_matched,mueller91/MLAAD-tiny,dorothy_and_wizard_oz_12_f000027,mlaad_tiny::en::dorothy_and_wizard_oz_12_f000027,https://huggingface.co/datasets/mueller91/MLAAD-tiny,9143e5ea709575ebab6bec52840a1043aada7bb1,CC BY-NC 4.0,YES,YES_WITH_ATTRIBUTION_NONCOMMERCIAL,YES_NONCOMMERCIAL_ONLY,MLAAD-tiny-fake,4f7ad2f3c351088cd95b331856c961fb67cfe292295108290c3a153200678c2b,mlaad_tiny::en::dorothy_and_wizard_oz_12_f000027,val_b_unseen_generator,not_applicable,not_applicable
data\raw\public_v9\mlaad_tiny\fake\en\Cartesia.ai (Sonic-3)\emerald_city_of_oz_09_f000109.wav,1,1,0,1,0,mlaad::emerald_city_of_oz_09,MLAAD::Cartesia.ai (Sonic-3),mlaad_tiny_matched,mlaad_tiny_matched,mueller91/MLAAD-tiny,emerald_city_of_oz_09_f000109,mlaad_tiny::en::emerald_city_of_oz_09_f000109,https://huggingface.co/datasets/mueller91/MLAAD-tiny,9143e5ea709575ebab6bec52840a1043aada7bb1,CC BY-NC 4.0,YES,YES_WITH_ATTRIBUTION_NONCOMMERCIAL,YES_NONCOMMERCIAL_ONLY,MLAAD-tiny-fake,85e0d1c2c634cc3e2b9ee056f432cb7267615829a3206fa156a9b11fc2943335,mlaad_tiny::en::emerald_city_of_oz_09_f000109,val_b_unseen_generator,not_applicable,not_applicable
data\raw\public_v9\mlaad_tiny\fake\en\Cartesia.ai (Sonic-3)\emerald_city_of_oz_10_f000117.wav,1,1,0,1,0,mlaad::emerald_city_of_oz_10,MLAAD::Cartesia.ai (Sonic-3),mlaad_tiny_matched,mlaad_tiny_matched,mueller91/MLAAD-tiny,emerald_city_of_oz_10_f000117,mlaad_tiny::en::emerald_city_of_oz_10_f000117,https://huggingface.co/datasets/mueller91/MLAAD-tiny,9143e5ea709575ebab6bec52840a1043aada7bb1,CC BY-NC 4.0,YES,YES_WITH_ATTRIBUTION_NONCOMMERCIAL,YES_NONCOMMERCIAL_ONLY,MLAAD-tiny-fake,71d66d21d944448c77b45c1971c8cd1f9a4b8bdfe0a17e1a509b71a7b0dc7042,mlaad_tiny::en::emerald_city_of_oz_10_f000117,val_b_unseen_generator,not_applicable,not_applicable
data\raw\public_v9\mlaad_tiny\fake\en\Cartesia.ai (Sonic-3)\emerald_city_of_oz_12_f000086.wav,1,1,0,1,0,mlaad::emerald_city_of_oz_12,MLAAD::Cartesia.ai (Sonic-3),mlaad_tiny_matched,mlaad_tiny_matched,mueller91/MLAAD-tiny,emerald_city_of_oz_12_f000086,mlaad_tiny::en::emerald_city_of_oz_12_f000086,https://huggingface.co/datasets/mueller91/MLAAD-tiny,9143e5ea709575ebab6bec52840a1043aada7bb1,CC BY-NC 4.0,YES,YES_WITH_ATTRIBUTION_NONCOMMERCIAL,YES_NONCOMMERCIAL_ONLY,MLAAD-tiny-fake,96b9cef6f6848cd4c01a5db48fbad6502200469926ca9e939ef369cd4f91de91,mlaad_tiny::en::emerald_city_of_oz_12_f000086,val_b_unseen_generator,not_applicable,not_applicable
data\raw\public_v9\mlaad_tiny\fake\en\Cartesia.ai (Sonic-3)\emerald_city_of_oz_22_f000076.wav,1,1,0,1,0,mlaad::emerald_city_of_oz_22,MLAAD::Cartesia.ai (Sonic-3),mlaad_tiny_matched,mlaad_tiny_matched,mueller91/MLAAD-tiny,emerald_city_of_oz_22_f000076,mlaad_tiny::en::emerald_city_of_oz_22_f000076,https://huggingface.co/datasets/mueller91/MLAAD-tiny,9143e5ea709575ebab6bec52840a1043aada7bb1,CC BY-NC 4.0,YES,YES_WITH_ATTRIBUTION_NONCOMMERCIAL,YES_NONCOMMERCIAL_ONLY,MLAAD-tiny-fake,a227dad3c2bf598421cd94edeade1f7e0a5544336729e55bda21901d572bdd9e,mlaad_tiny::en::emerald_city_of_oz_22_f000076,val_b_unseen_generator,not_applicable,not_applicable
data\raw\public_v9\mlaad_tiny\fake\en\Cartesia.ai (Sonic-3)\emerald_city_of_oz_29_f000057.wav,1,1,0,1,0,mlaad::emerald_city_of_oz_29,MLAAD::Cartesia.ai (Sonic-3),mlaad_tiny_matched,mlaad_tiny_matched,mueller91/MLAAD-tiny,emerald_city_of_oz_29_f000057,mlaad_tiny::en::emerald_city_of_oz_29_f000057,https://huggingface.co/datasets/mueller91/MLAAD-tiny,9143e5ea709575ebab6bec52840a1043aada7bb1,CC BY-NC 4.0,YES,YES_WITH_ATTRIBUTION_NONCOMMERCIAL,YES_NONCOMMERCIAL_ONLY,MLAAD-tiny-fake,80527a80ff03bdc62607e741a67a8f1556fae7d4a9181ce16bd5b5ecfbe20aba,mlaad_tiny::en::emerald_city_of_oz_29_f000057,val_b_unseen_generator,not_applicable,not_applicable
data\raw\public_v9\mlaad_tiny\fake\en\Cartesia.ai (Sonic-3)\hunters_space_02_f000038.wav,1,1,0,1,0,mlaad::hunters_space_02,MLAAD::Cartesia.ai (Sonic-3),mlaad_tiny_matched,mlaad_tiny_matched,mueller91/MLAAD-tiny,hunters_space_02_f000038,mlaad_tiny::en::hunters_space_02_f000038,https://huggingface.co/datasets/mueller91/MLAAD-tiny,9143e5ea709575ebab6bec52840a1043aada7bb1,CC BY-NC 4.0,YES,YES_WITH_ATTRIBUTION_NONCOMMERCIAL,YES_NONCOMMERCIAL_ONLY,MLAAD-tiny-fake,5c8f5a0758ee9efeacad965d9414ae450fa60c0576d769c26dc55731208f73d5,mlaad_tiny::en::hunters_space_02_f000038,val_b_unseen_generator,not_applicable,not_applicable
data\raw\public_v9\mlaad_tiny\fake\en\Cartesia.ai (Sonic-3)\hunters_space_12_f000054.wav,1,1,0,1,0,mlaad::hunters_space_12,MLAAD::Cartesia.ai (Sonic-3),mlaad_tiny_matched,mlaad_tiny_matched,mueller91/MLAAD-tiny,hunters_space_12_f000054,mlaad_tiny::en::hunters_space_12_f000054,https://huggingface.co/datasets/mueller91/MLAAD-tiny,9143e5ea709575ebab6bec52840a1043aada7bb1,CC BY-NC 4.0,YES,YES_WITH_ATTRIBUTION_NONCOMMERCIAL,YES_NONCOMMERCIAL_ONLY,MLAAD-tiny-fake,84b8ad0fbe8eb2c9cc71479c2862c8a7f2f33acb55f94523674dcf4d03001f79,mlaad_tiny::en::hunters_space_12_f000054,val_b_unseen_generator,not_applicable,not_applicable
data\raw\public_v9\mlaad_tiny\fake\en\Cartesia.ai (Sonic-3)\jane_eyre_01_f000012.wav,1,1,0,1,0,mlaad::jane_eyre_01,MLAAD::Cartesia.ai (Sonic-3),mlaad_tiny_matched,mlaad_tiny_matched,mueller91/MLAAD-tiny,jane_eyre_01_f000012,mlaad_tiny::en::jane_eyre_01_f000012,https://huggingface.co/datasets/mueller91/MLAAD-tiny,9143e5ea709575ebab6bec52840a1043aada7bb1,CC BY-NC 4.0,YES,YES_WITH_ATTRIBUTION_NONCOMMERCIAL,YES_NONCOMMERCIAL_ONLY,MLAAD-tiny-fake,c1953636c6e3fd41e490e59e2cc5ff9621520aeb5a50827e1c73615d7fa8f767,mlaad_tiny::en::jane_eyre_01_f000012,val_b_unseen_generator,not_applicable,not_applicable
data\raw\public_v9\mlaad_tiny\fake\en\DeepGram\dorothy_and_wizard_oz_03_f000061.wav,1,1,0,1,0,mlaad::dorothy_and_wizard_oz_03,MLAAD::DeepGram,mlaad_tiny_matched,mlaad_tiny_matched,mueller91/MLAAD-tiny,dorothy_and_wizard_oz_03_f000061,mlaad_tiny::en::dorothy_and_wizard_oz_03_f000061,https://huggingface.co/datasets/mueller91/MLAAD-tiny,9143e5ea709575ebab6bec52840a1043aada7bb1,CC BY-NC 4.0,YES,YES_WITH_ATTRIBUTION_NONCOMMERCIAL,YES_NONCOMMERCIAL_ONLY,MLAAD-tiny-fake,92de3a8be3066bc4e6282e8ec2cdf27df36b03789fca701ebdac98607f423ae7,mlaad_tiny::en::dorothy_and_wizard_oz_03_f000061,val_b_unseen_generator,not_applicable,not_applicable
data\raw\public_v9\mlaad_tiny\fake\en\DeepGram\dorothy_and_wizard_oz_11_f000069.wav,1,1,0,1,0,mlaad::dorothy_and_wizard_oz_11,MLAAD::DeepGram,mlaad_tiny_matched,mlaad_tiny_matched,mueller91/MLAAD-tiny,dorothy_and_wizard_oz_11_f000069,mlaad_tiny::en::dorothy_and_wizard_oz_11_f000069,https://huggingface.co/datasets/mueller91/MLAAD-tiny,9143e5ea709575ebab6bec52840a1043aada7bb1,CC BY-NC 4.0,YES,YES_WITH_ATTRIBUTION_NONCOMMERCIAL,YES_NONCOMMERCIAL_ONLY,MLAAD-tiny-fake,17e374042bbbbd7c23658b573bae910f292683f6d789947cf72c31f8e6f80d9e,mlaad_tiny::en::dorothy_and_wizard_oz_11_f000069,val_b_unseen_generator,not_applicable,not_applicable
data\raw\public_v9\mlaad_tiny\fake\en\DeepGram\emerald_city_of_oz_10_f000012.wav,1,1,0,1,0,mlaad::emerald_city_of_oz_10,MLAAD::DeepGram,mlaad_tiny_matched,mlaad_tiny_matched,mueller91/MLAAD-tiny,emerald_city_of_oz_10_f000012,mlaad_tiny::en::emerald_city_of_oz_10_f000012,https://huggingface.co/datasets/mueller91/MLAAD-tiny,9143e5ea709575ebab6bec52840a1043aada7bb1,CC BY-NC 4.0,YES,YES_WITH_ATTRIBUTION_NONCOMMERCIAL,YES_NONCOMMERCIAL_ONLY,MLAAD-tiny-fake,889f79688d482b779072cfa50fb817646df434ae00d3c22d9d34db00819dd4a5,mlaad_tiny::en::emerald_city_of_oz_10_f000012,val_b_unseen_generator,not_applicable,not_applicable
data\raw\public_v9\mlaad_tiny\fake\en\DeepGram\emerald_city_of_oz_10_f000046.wav,1,1,0,1,0,mlaad::emerald_city_of_oz_10,MLAAD::DeepGram,mlaad_tiny_matched,mlaad_tiny_matched,mueller91/MLAAD-tiny,emerald_city_of_oz_10_f000046,mlaad_tiny::en::emerald_city_of_oz_10_f000046,https://huggingface.co/datasets/mueller91/MLAAD-tiny,9143e5ea709575ebab6bec52840a1043aada7bb1,CC BY-NC 4.0,YES,YES_WITH_ATTRIBUTION_NONCOMMERCIAL,YES_NONCOMMERCIAL_ONLY,MLAAD-tiny-fake,d8123fbd596029ce4e691b868b5e2f0a21f5e1948f408510165b718fecc8b0a1,mlaad_tiny::en::emerald_city_of_oz_10_f000046,val_b_unseen_generator,not_applicable,not_applicable
data\raw\public_v9\mlaad_tiny\fake\en\DeepGram\emerald_city_of_oz_10_f000072.wav,1,1,0,1,0,mlaad::emerald_city_of_oz_10,MLAAD::DeepGram,mlaad_tiny_matched,mlaad_tiny_matched,mueller91/MLAAD-tiny,emerald_city_of_oz_10_f000072,mlaad_tiny::en::emerald_city_of_oz_10_f000072,https://huggingface.co/datasets/mueller91/MLAAD-tiny,9143e5ea709575ebab6bec52840a1043aada7bb1,CC BY-NC 4.0,YES,YES_WITH_ATTRIBUTION_NONCOMMERCIAL,YES_NONCOMMERCIAL_ONLY,MLAAD-tiny-fake,a4983b2aa591070622ea0a2a0cd48ee1ef029ca261cb7ff508db24ec69e07c68,mlaad_tiny::en::emerald_city_of_oz_10_f000072,val_b_unseen_generator,not_applicable,not_applicable
data\raw\public_v9\mlaad_tiny\fake\en\DeepGram\emerald_city_of_oz_14_f000041.wav,1,1,0,1,0,mlaad::emerald_city_of_oz_14,MLAAD::DeepGram,mlaad_tiny_matched,mlaad_tiny_matched,mueller91/MLAAD-tiny,emerald_city_of_oz_14_f000041,mlaad_tiny::en::emerald_city_of_oz_14_f000041,https://huggingface.co/datasets/mueller91/MLAAD-tiny,9143e5ea709575ebab6bec52840a1043aada7bb1,CC BY-NC 4.0,YES,YES_WITH_ATTRIBUTION_NONCOMMERCIAL,YES_NONCOMMERCIAL_ONLY,MLAAD-tiny-fake,afbcbaeb8c5311fde9465e3f1c108d61e82c61ac6291f7261e1e2e850307f4c4,mlaad_tiny::en::emerald_city_of_oz_14_f000041,val_b_unseen_generator,not_applicable,not_applicable
data\raw\public_v9\mlaad_tiny\fake\en\DeepGram\emerald_city_of_oz_23_f000030.wav,1,1,0,1,0,mlaad::emerald_city_of_oz_23,MLAAD::DeepGram,mlaad_tiny_matched,mlaad_tiny_matched,mueller91/MLAAD-tiny,emerald_city_of_oz_23_f000030,mlaad_tiny::en::emerald_city_of_oz_23_f000030,https://huggingface.co/datasets/mueller91/MLAAD-tiny,9143e5ea709575ebab6bec52840a1043aada7bb1,CC BY-NC 4.0,YES,YES_WITH_ATTRIBUTION_NONCOMMERCIAL,YES_NONCOMMERCIAL_ONLY,MLAAD-tiny-fake,5a2662ff76555888a1b9d434f62d8350881fb2e4a50ad017a241175135104361,mlaad_tiny::en::emerald_city_of_oz_23_f000030,val_b_unseen_generator,not_applicable,not_applicable
data\raw\public_v9\mlaad_tiny\fake\en\DeepGram\emerald_city_of_oz_29_f000051.wav,1,1,0,1,0,mlaad::emerald_city_of_oz_29,MLAAD::DeepGram,mlaad_tiny_matched,mlaad_tiny_matched,mueller91/MLAAD-tiny,emerald_city_of_oz_29_f000051,mlaad_tiny::en::emerald_city_of_oz_29_f000051,https://huggingface.co/datasets/mueller91/MLAAD-tiny,9143e5ea709575ebab6bec52840a1043aada7bb1,CC BY-NC 4.0,YES,YES_WITH_ATTRIBUTION_NONCOMMERCIAL,YES_NONCOMMERCIAL_ONLY,MLAAD-tiny-fake,976ede7e13519638eeadaf2a8e313aba461375018d8205c26681b2e24b9c547a,mlaad_tiny::en::emerald_city_of_oz_29_f000051,val_b_unseen_generator,not_applicable,not_applicable
data\raw\public_v9\mlaad_tiny\fake\en\DeepGram\jane_eyre_03_f000165.wav,1,1,0,1,0,mlaad::jane_eyre_03,MLAAD::DeepGram,mlaad_tiny_matched,mlaad_tiny_matched,mueller91/MLAAD-tiny,jane_eyre_03_f000165,mlaad_tiny::en::jane_eyre_03_f000165,https://huggingface.co/datasets/mueller91/MLAAD-tiny,9143e5ea709575ebab6bec52840a1043aada7bb1,CC BY-NC 4.0,YES,YES_WITH_ATTRIBUTION_NONCOMMERCIAL,YES_NONCOMMERCIAL_ONLY,MLAAD-tiny-fake,1439af4cf703c95c8634a02021045526744bc8e6f0acb4dc13bfe697b41d3b3d,mlaad_tiny::en::jane_eyre_03_f000165,val_b_unseen_generator,not_applicable,not_applicable
data\raw\public_v9\mlaad_tiny\fake\en\DeepGram\jane_eyre_03_f000179.wav,1,1,0,1,0,mlaad::jane_eyre_03,MLAAD::DeepGram,mlaad_tiny_matched,mlaad_tiny_matched,mueller91/MLAAD-tiny,jane_eyre_03_f000179,mlaad_tiny::en::jane_eyre_03_f000179,https://huggingface.co/datasets/mueller91/MLAAD-tiny,9143e5ea709575ebab6bec52840a1043aada7bb1,CC BY-NC 4.0,YES,YES_WITH_ATTRIBUTION_NONCOMMERCIAL,YES_NONCOMMERCIAL_ONLY,MLAAD-tiny-fake,b12a0901cfcda2c3d3a71e54b7878f35705c0d2242f61762ef6291a34c6d72c1,mlaad_tiny::en::jane_eyre_03_f000179,val_b_unseen_generator,not_applicable,not_applicable
data\raw\public_v9\mlaad_tiny\fake\en\Edge-TTS\emerald_city_of_oz_06_f000048.wav,1,1,0,1,0,mlaad::emerald_city_of_oz_06,MLAAD::Edge-TTS,mlaad_tiny_matched,mlaad_tiny_matched,mueller91/MLAAD-tiny,emerald_city_of_oz_06_f000048,mlaad_tiny::en::emerald_city_of_oz_06_f000048,https://huggingface.co/datasets/mueller91/MLAAD-tiny,9143e5ea709575ebab6bec52840a1043aada7bb1,CC BY-NC 4.0,YES,YES_WITH_ATTRIBUTION_NONCOMMERCIAL,YES_NONCOMMERCIAL_ONLY,MLAAD-tiny-fake,24615e556ee2ad0b62f97ef5857a822553b019d74a1e7f3f343e2f5130a484f2,mlaad_tiny::en::emerald_city_of_oz_06_f000048,val_b_unseen_generator,not_applicable,not_applicable
data\raw\public_v9\mlaad_tiny\fake\en\Edge-TTS\emerald_city_of_oz_12_f000118.wav,1,1,0,1,0,mlaad::emerald_city_of_oz_12,MLAAD::Edge-TTS,mlaad_tiny_matched,mlaad_tiny_matched,mueller91/MLAAD-tiny,emerald_city_of_oz_12_f000118,mlaad_tiny::en::emerald_city_of_oz_12_f000118,https://huggingface.co/datasets/mueller91/MLAAD-tiny,9143e5ea709575ebab6bec52840a1043aada7bb1,CC BY-NC 4.0,YES,YES_WITH_ATTRIBUTION_NONCOMMERCIAL,YES_NONCOMMERCIAL_ONLY,MLAAD-tiny-fake,54a3fa79131ac5d6b12045045fb2006ce71b7b1bf226ad3d2c27f807c91b1867,mlaad_tiny::en::emerald_city_of_oz_12_f000118,val_b_unseen_generator,not_applicable,not_applicable
data\raw\public_v9\mlaad_tiny\fake\en\Edge-TTS\emerald_city_of_oz_19_f000080.wav,1,1,0,1,0,mlaad::emerald_city_of_oz_19,MLAAD::Edge-TTS,mlaad_tiny_matched,mlaad_tiny_matched,mueller91/MLAAD-tiny,emerald_city_of_oz_19_f000080,mlaad_tiny::en::emerald_city_of_oz_19_f000080,https://huggingface.co/datasets/mueller91/MLAAD-tiny,9143e5ea709575ebab6bec52840a1043aada7bb1,CC BY-NC 4.0,YES,YES_WITH_ATTRIBUTION_NONCOMMERCIAL,YES_NONCOMMERCIAL_ONLY,MLAAD-tiny-fake,c28bde7943e8a83cde3827fd2c9a739bc5f7f9e63ab48bf8c85aa50e81557ab4,mlaad_tiny::en::emerald_city_of_oz_19_f000080,val_b_unseen_generator,not_applicable,not_applicable
data\raw\public_v9\mlaad_tiny\fake\en\Edge-TTS\emerald_city_of_oz_23_f000060.wav,1,1,0,1,0,mlaad::emerald_city_of_oz_23,MLAAD::Edge-TTS,mlaad_tiny_matched,mlaad_tiny_matched,mueller91/MLAAD-tiny,emerald_city_of_oz_23_f000060,mlaad_tiny::en::emerald_city_of_oz_23_f000060,https://huggingface.co/datasets/mueller91/MLAAD-tiny,9143e5ea709575ebab6bec52840a1043aada7bb1,CC BY-NC 4.0,YES,YES_WITH_ATTRIBUTION_NONCOMMERCIAL,YES_NONCOMMERCIAL_ONLY,MLAAD-tiny-fake,f1b0bfce59578d59c96b37e84e6d5a87a4bb0b0e7a1d44e3e7afe9de4336487f,mlaad_tiny::en::emerald_city_of_oz_23_f000060,val_b_unseen_generator,not_applicable,not_applicable
data\raw\public_v9\mlaad_tiny\fake\en\Edge-TTS\hunters_space_13_f000101.wav,1,1,0,1,0,mlaad::hunters_space_13,MLAAD::Edge-TTS,mlaad_tiny_matched,mlaad_tiny_matched,mueller91/MLAAD-tiny,hunters_space_13_f000101,mlaad_tiny::en::hunters_space_13_f000101,https://huggingface.co/datasets/mueller91/MLAAD-tiny,9143e5ea709575ebab6bec52840a1043aada7bb1,CC BY-NC 4.0,YES,YES_WITH_ATTRIBUTION_NONCOMMERCIAL,YES_NONCOMMERCIAL_ONLY,MLAAD-tiny-fake,1326db1161b98f394b619eced970c7c9119b6dcfba3ad06ab3a73a614526fa2d,mlaad_tiny::en::hunters_space_13_f000101,val_b_unseen_generator,not_applicable,not_applicable
data\raw\public_v9\mlaad_tiny\fake\en\Edge-TTS\jane_eyre_02_f000096.wav,1,1,0,1,0,mlaad::jane_eyre_02,MLAAD::Edge-TTS,mlaad_tiny_matched,mlaad_tiny_matched,mueller91/MLAAD-tiny,jane_eyre_02_f000096,mlaad_tiny::en::jane_eyre_02_f000096,https://huggingface.co/datasets/mueller91/MLAAD-tiny,9143e5ea709575ebab6bec52840a1043aada7bb1,CC BY-NC 4.0,YES,YES_WITH_ATTRIBUTION_NONCOMMERCIAL,YES_NONCOMMERCIAL_ONLY,MLAAD-tiny-fake,0097dbb5bc8c01ecebcb54914de7e4c82ba29886616a62ee4edf09ebf5616ef1,mlaad_tiny::en::jane_eyre_02_f000096,val_b_unseen_generator,not_applicable,not_applicable
data\raw\public_v9\mlaad_tiny\fake\en\Edge-TTS\jane_eyre_04_f000070.wav,1,1,0,1,0,mlaad::jane_eyre_04,MLAAD::Edge-TTS,mlaad_tiny_matched,mlaad_tiny_matched,mueller91/MLAAD-tiny,jane_eyre_04_f000070,mlaad_tiny::en::jane_eyre_04_f000070,https://huggingface.co/datasets/mueller91/MLAAD-tiny,9143e5ea709575ebab6bec52840a1043aada7bb1,CC BY-NC 4.0,YES,YES_WITH_ATTRIBUTION_NONCOMMERCIAL,YES_NONCOMMERCIAL_ONLY,MLAAD-tiny-fake,83d2120853009336914cdd699b92ed41b33dfd2d6e9fc232bcb8a5483a8190b9,mlaad_tiny::en::jane_eyre_04_f000070,val_b_unseen_generator,not_applicable,not_applicable
data\raw\public_v9\mlaad_tiny\fake\en\Edge-TTS\jane_eyre_08_f000086.wav,1,1,0,1,0,mlaad::jane_eyre_08,MLAAD::Edge-TTS,mlaad_tiny_matched,mlaad_tiny_matched,mueller91/MLAAD-tiny,jane_eyre_08_f000086,mlaad_tiny::en::jane_eyre_08_f000086,https://huggingface.co/datasets/mueller91/MLAAD-tiny,9143e5ea709575ebab6bec52840a1043aada7bb1,CC BY-NC 4.0,YES,YES_WITH_ATTRIBUTION_NONCOMMERCIAL,YES_NONCOMMERCIAL_ONLY,MLAAD-tiny-fake,b413267ace886df259f6b58925b8ae2e60baf3dd004a9899266d468b2d862723,mlaad_tiny::en::jane_eyre_08_f000086,val_b_unseen_generator,not_applicable,not_applicable
data\raw\public_v9\mlaad_tiny\fake\en\Edge-TTS\jane_eyre_12_f000050.wav,1,1,0,1,0,mlaad::jane_eyre_12,MLAAD::Edge-TTS,mlaad_tiny_matched,mlaad_tiny_matched,mueller91/MLAAD-tiny,jane_eyre_12_f000050,mlaad_tiny::en::jane_eyre_12_f000050,https://huggingface.co/datasets/mueller91/MLAAD-tiny,9143e5ea709575ebab6bec52840a1043aada7bb1,CC BY-NC 4.0,YES,YES_WITH_ATTRIBUTION_NONCOMMERCIAL,YES_NONCOMMERCIAL_ONLY,MLAAD-tiny-fake,d31f75fd2bf4c80723a89c01b07ff865d4fabe88a506cae48fd96199a802f0e4,mlaad_tiny::en::jane_eyre_12_f000050,val_b_unseen_generator,not_applicable,not_applicable
data\raw\public_v9\mlaad_tiny\fake\en\Edge-TTS\jane_eyre_12_f000061.wav,1,1,0,1,0,mlaad::jane_eyre_12,MLAAD::Edge-TTS,mlaad_tiny_matched,mlaad_tiny_matched,mueller91/MLAAD-tiny,jane_eyre_12_f000061,mlaad_tiny::en::jane_eyre_12_f000061,https://huggingface.co/datasets/mueller91/MLAAD-tiny,9143e5ea709575ebab6bec52840a1043aada7bb1,CC BY-NC 4.0,YES,YES_WITH_ATTRIBUTION_NONCOMMERCIAL,YES_NONCOMMERCIAL_ONLY,MLAAD-tiny-fake,e603800fe3dcee5a723ffae4cc5dae4ea0eb2cb7f45d821489fdc288e20f86ae,mlaad_tiny::en::jane_eyre_12_f000061,val_b_unseen_generator,not_applicable,not_applicable
"data\raw\public_v9\mlaad_tiny\fake\en\Resemble.ai (April 12th, 2025)\dorothy_and_wizard_oz_01_f000032.wav",1,1,0,1,0,mlaad::dorothy_and_wizard_oz_01,"MLAAD::Resemble.ai (April 12th, 2025)",mlaad_tiny_matched,mlaad_tiny_matched,mueller91/MLAAD-tiny,dorothy_and_wizard_oz_01_f000032,mlaad_tiny::en::dorothy_and_wizard_oz_01_f000032,https://huggingface.co/datasets/mueller91/MLAAD-tiny,9143e5ea709575ebab6bec52840a1043aada7bb1,CC BY-NC 4.0,YES,YES_WITH_ATTRIBUTION_NONCOMMERCIAL,YES_NONCOMMERCIAL_ONLY,MLAAD-tiny-fake,b13976e32be880636adc16550a8906c1fcd5b306052f08ca62b06a91727455d2,mlaad_tiny::en::dorothy_and_wizard_oz_01_f000032,val_b_unseen_generator,not_applicable,not_applicable
"data\raw\public_v9\mlaad_tiny\fake\en\Resemble.ai (April 12th, 2025)\dorothy_and_wizard_oz_02_f000008.wav",1,1,0,1,0,mlaad::dorothy_and_wizard_oz_02,"MLAAD::Resemble.ai (April 12th, 2025)",mlaad_tiny_matched,mlaad_tiny_matched,mueller91/MLAAD-tiny,dorothy_and_wizard_oz_02_f000008,mlaad_tiny::en::dorothy_and_wizard_oz_02_f000008,https://huggingface.co/datasets/mueller91/MLAAD-tiny,9143e5ea709575ebab6bec52840a1043aada7bb1,CC BY-NC 4.0,YES,YES_WITH_ATTRIBUTION_NONCOMMERCIAL,YES_NONCOMMERCIAL_ONLY,MLAAD-tiny-fake,284d6f852b57f9d19b1baefae84921b7c9edc38f7d6617804d812601171babe1,mlaad_tiny::en::dorothy_and_wizard_oz_02_f000008,val_b_unseen_generator,not_applicable,not_applicable
"data\raw\public_v9\mlaad_tiny\fake\en\Resemble.ai (April 12th, 2025)\dorothy_and_wizard_oz_05_f000066.wav",1,1,0,1,0,mlaad::dorothy_and_wizard_oz_05,"MLAAD::Resemble.ai (April 12th, 2025)",mlaad_tiny_matched,mlaad_tiny_matched,mueller91/MLAAD-tiny,dorothy_and_wizard_oz_05_f000066,mlaad_tiny::en::dorothy_and_wizard_oz_05_f000066,https://huggingface.co/datasets/mueller91/MLAAD-tiny,9143e5ea709575ebab6bec52840a1043aada7bb1,CC BY-NC 4.0,YES,YES_WITH_ATTRIBUTION_NONCOMMERCIAL,YES_NONCOMMERCIAL_ONLY,MLAAD-tiny-fake,22150100c623c6614ff257368e2b0fc7ccd4d09f247bc6d7e0eea5d2233137d1,mlaad_tiny::en::dorothy_and_wizard_oz_05_f000066,val_b_unseen_generator,not_applicable,not_applicable
"data\raw\public_v9\mlaad_tiny\fake\en\Resemble.ai (April 12th, 2025)\dorothy_and_wizard_oz_06_f000025.wav",1,1,0,1,0,mlaad::dorothy_and_wizard_oz_06,"MLAAD::Resemble.ai (April 12th, 2025)",mlaad_tiny_matched,mlaad_tiny_matched,mueller91/MLAAD-tiny,dorothy_and_wizard_oz_06_f000025,mlaad_tiny::en::dorothy_and_wizard_oz_06_f000025,https://huggingface.co/datasets/mueller91/MLAAD-tiny,9143e5ea709575ebab6bec52840a1043aada7bb1,CC BY-NC 4.0,YES,YES_WITH_ATTRIBUTION_NONCOMMERCIAL,YES_NONCOMMERCIAL_ONLY,MLAAD-tiny-fake,6bb3404248258befc80244653cafd4b7c87dedd9fe31e9e0f7c8c52c312fda7f,mlaad_tiny::en::dorothy_and_wizard_oz_06_f000025,val_b_unseen_generator,not_applicable,not_applicable
"data\raw\public_v9\mlaad_tiny\fake\en\Resemble.ai (April 12th, 2025)\dorothy_and_wizard_oz_09_f000035.wav",1,1,0,1,0,mlaad::dorothy_and_wizard_oz_09,"MLAAD::Resemble.ai (April 12th, 2025)",mlaad_tiny_matched,mlaad_tiny_matched,mueller91/MLAAD-tiny,dorothy_and_wizard_oz_09_f000035,mlaad_tiny::en::dorothy_and_wizard_oz_09_f000035,https://huggingface.co/datasets/mueller91/MLAAD-tiny,9143e5ea709575ebab6bec52840a1043aada7bb1,CC BY-NC 4.0,YES,YES_WITH_ATTRIBUTION_NONCOMMERCIAL,YES_NONCOMMERCIAL_ONLY,MLAAD-tiny-fake,7c2bcf9dc3e4a1bb19eca67451a5fda1ae92a3058ff12b74846033a2d153c45a,mlaad_tiny::en::dorothy_and_wizard_oz_09_f000035,val_b_unseen_generator,not_applicable,not_applicable
"data\raw\public_v9\mlaad_tiny\fake\en\Resemble.ai (April 12th, 2025)\emerald_city_of_oz_07_f000009.wav",1,1,0,1,0,mlaad::emerald_city_of_oz_07,"MLAAD::Resemble.ai (April 12th, 2025)",mlaad_tiny_matched,mlaad_tiny_matched,mueller91/MLAAD-tiny,emerald_city_of_oz_07_f000009,mlaad_tiny::en::emerald_city_of_oz_07_f000009,https://huggingface.co/datasets/mueller91/MLAAD-tiny,9143e5ea709575ebab6bec52840a1043aada7bb1,CC BY-NC 4.0,YES,YES_WITH_ATTRIBUTION_NONCOMMERCIAL,YES_NONCOMMERCIAL_ONLY,MLAAD-tiny-fake,b8b74bddd15c39592309ff176a8dd8bea8020b7a1e9a553a2cd9e538d935a833,mlaad_tiny::en::emerald_city_of_oz_07_f000009,val_b_unseen_generator,not_applicable,not_applicable
"data\raw\public_v9\mlaad_tiny\fake\en\Resemble.ai (April 12th, 2025)\emerald_city_of_oz_21_f000090.wav",1,1,0,1,0,mlaad::emerald_city_of_oz_21,"MLAAD::Resemble.ai (April 12th, 2025)",mlaad_tiny_matched,mlaad_tiny_matched,mueller91/MLAAD-tiny,emerald_city_of_oz_21_f000090,mlaad_tiny::en::emerald_city_of_oz_21_f000090,https://huggingface.co/datasets/mueller91/MLAAD-tiny,9143e5ea709575ebab6bec52840a1043aada7bb1,CC BY-NC 4.0,YES,YES_WITH_ATTRIBUTION_NONCOMMERCIAL,YES_NONCOMMERCIAL_ONLY,MLAAD-tiny-fake,a0a0cca495e2ac89bafd4d0f5df19b6487201c1349a309111d499fb4394735ca,mlaad_tiny::en::emerald_city_of_oz_21_f000090,val_b_unseen_generator,not_applicable,not_applicable
"data\raw\public_v9\mlaad_tiny\fake\en\Resemble.ai (April 12th, 2025)\hunters_space_07_f000104.wav",1,1,0,1,0,mlaad::hunters_space_07,"MLAAD::Resemble.ai (April 12th, 2025)",mlaad_tiny_matched,mlaad_tiny_matched,mueller91/MLAAD-tiny,hunters_space_07_f000104,mlaad_tiny::en::hunters_space_07_f000104,https://huggingface.co/datasets/mueller91/MLAAD-tiny,9143e5ea709575ebab6bec52840a1043aada7bb1,CC BY-NC 4.0,YES,YES_WITH_ATTRIBUTION_NONCOMMERCIAL,YES_NONCOMMERCIAL_ONLY,MLAAD-tiny-fake,009a7ba09f32678133c2ac0f6f151460cdc48b6036c70f4d3819c8ef218e8c9b,mlaad_tiny::en::hunters_space_07_f000104,val_b_unseen_generator,not_applicable,not_applicable
"data\raw\public_v9\mlaad_tiny\fake\en\Resemble.ai (April 12th, 2025)\hunters_space_10_f000046.wav",1,1,0,1,0,mlaad::hunters_space_10,"MLAAD::Resemble.ai (April 12th, 2025)",mlaad_tiny_matched,mlaad_tiny_matched,mueller91/MLAAD-tiny,hunters_space_10_f000046,mlaad_tiny::en::hunters_space_10_f000046,https://huggingface.co/datasets/mueller91/MLAAD-tiny,9143e5ea709575ebab6bec52840a1043aada7bb1,CC BY-NC 4.0,YES,YES_WITH_ATTRIBUTION_NONCOMMERCIAL,YES_NONCOMMERCIAL_ONLY,MLAAD-tiny-fake,7ae3be7abfa5fa48fdae36363064c2b3fc5f73d9f6d1bed4fe8662b09c2c27aa,mlaad_tiny::en::hunters_space_10_f000046,val_b_unseen_generator,not_applicable,not_applicable
"data\raw\public_v9\mlaad_tiny\fake\en\Resemble.ai (April 12th, 2025)\jane_eyre_01_f000063.wav",1,1,0,1,0,mlaad::jane_eyre_01,"MLAAD::Resemble.ai (April 12th, 2025)",mlaad_tiny_matched,mlaad_tiny_matched,mueller91/MLAAD-tiny,jane_eyre_01_f000063,mlaad_tiny::en::jane_eyre_01_f000063,https://huggingface.co/datasets/mueller91/MLAAD-tiny,9143e5ea709575ebab6bec52840a1043aada7bb1,CC BY-NC 4.0,YES,YES_WITH_ATTRIBUTION_NONCOMMERCIAL,YES_NONCOMMERCIAL_ONLY,MLAAD-tiny-fake,e8cfd3631b527445fd1751d939544b276567dcbcea0d42801b2082972bb65713,mlaad_tiny::en::jane_eyre_01_f000063,val_b_unseen_generator,not_applicable,not_applicable
data\raw\public_v9\mlaad_tiny\original\en\dorothy_and_wizard_oz_01_f000032.wav,0,0,0,1,0,mlaad::dorothy_and_wizard_oz_01,MLAAD_original,mlaad_tiny_matched,mlaad_tiny_matched,mueller91/MLAAD-tiny,dorothy_and_wizard_oz_01_f000032,mlaad_tiny::en::dorothy_and_wizard_oz_01_f000032,https://huggingface.co/datasets/mueller91/MLAAD-tiny,9143e5ea709575ebab6bec52840a1043aada7bb1,M-AILABS original corpus license (see MLAAD LICENSE),YES,YES_WITH_NOTICE,NO_FOR_ORIGINAL_SUBSET,MLAAD-tiny-original,c835418a7c9d6ab0633c47545ebfd5dc9eb30a2eaaa3115a294f924a15d06fcc,mlaad_tiny::en::dorothy_and_wizard_oz_01_f000032,val_b_unseen_generator,not_applicable,not_applicable
data\raw\public_v9\mlaad_tiny\original\en\dorothy_and_wizard_oz_02_f000008.wav,0,0,0,1,0,mlaad::dorothy_and_wizard_oz_02,MLAAD_original,mlaad_tiny_matched,mlaad_tiny_matched,mueller91/MLAAD-tiny,dorothy_and_wizard_oz_02_f000008,mlaad_tiny::en::dorothy_and_wizard_oz_02_f000008,https://huggingface.co/datasets/mueller91/MLAAD-tiny,9143e5ea709575ebab6bec52840a1043aada7bb1,M-AILABS original corpus license (see MLAAD LICENSE),YES,YES_WITH_NOTICE,NO_FOR_ORIGINAL_SUBSET,MLAAD-tiny-original,a285894c800c8c672fbd9c3df20ac54e6d3500ed92d6aa77148d0d3e39595f1f,mlaad_tiny::en::dorothy_and_wizard_oz_02_f000008,val_b_unseen_generator,not_applicable,not_applicable
data\raw\public_v9\mlaad_tiny\original\en\dorothy_and_wizard_oz_03_f000061.wav,0,0,0,1,0,mlaad::dorothy_and_wizard_oz_03,MLAAD_original,mlaad_tiny_matched,mlaad_tiny_matched,mueller91/MLAAD-tiny,dorothy_and_wizard_oz_03_f000061,mlaad_tiny::en::dorothy_and_wizard_oz_03_f000061,https://huggingface.co/datasets/mueller91/MLAAD-tiny,9143e5ea709575ebab6bec52840a1043aada7bb1,M-AILABS original corpus license (see MLAAD LICENSE),YES,YES_WITH_NOTICE,NO_FOR_ORIGINAL_SUBSET,MLAAD-tiny-original,a63473854f8275fdd85cc81d4830a4b6e78f6d19e1141466539425336f5ef1d9,mlaad_tiny::en::dorothy_and_wizard_oz_03_f000061,val_b_unseen_generator,not_applicable,not_applicable
data\raw\public_v9\mlaad_tiny\original\en\dorothy_and_wizard_oz_05_f000066.wav,0,0,0,1,0,mlaad::dorothy_and_wizard_oz_05,MLAAD_original,mlaad_tiny_matched,mlaad_tiny_matched,mueller91/MLAAD-tiny,dorothy_and_wizard_oz_05_f000066,mlaad_tiny::en::dorothy_and_wizard_oz_05_f000066,https://huggingface.co/datasets/mueller91/MLAAD-tiny,9143e5ea709575ebab6bec52840a1043aada7bb1,M-AILABS original corpus license (see MLAAD LICENSE),YES,YES_WITH_NOTICE,NO_FOR_ORIGINAL_SUBSET,MLAAD-tiny-original,8477d674ce4484cae1976d20728b0f4bb0b7faa865b9c79ecc24fd3d01dc046c,mlaad_tiny::en::dorothy_and_wizard_oz_05_f000066,val_b_unseen_generator,not_applicable,not_applicable
data\raw\public_v9\mlaad_tiny\original\en\dorothy_and_wizard_oz_06_f000025.wav,0,0,0,1,0,mlaad::dorothy_and_wizard_oz_06,MLAAD_original,mlaad_tiny_matched,mlaad_tiny_matched,mueller91/MLAAD-tiny,dorothy_and_wizard_oz_06_f000025,mlaad_tiny::en::dorothy_and_wizard_oz_06_f000025,https://huggingface.co/datasets/mueller91/MLAAD-tiny,9143e5ea709575ebab6bec52840a1043aada7bb1,M-AILABS original corpus license (see MLAAD LICENSE),YES,YES_WITH_NOTICE,NO_FOR_ORIGINAL_SUBSET,MLAAD-tiny-original,0c914d74e06921b2b350476b19e1e9ca2728ac9d09931e860385e25719f37c9a,mlaad_tiny::en::dorothy_and_wizard_oz_06_f000025,val_b_unseen_generator,not_applicable,not_applicable
data\raw\public_v9\mlaad_tiny\original\en\dorothy_and_wizard_oz_06_f000040.wav,0,0,0,1,0,mlaad::dorothy_and_wizard_oz_06,MLAAD_original,mlaad_tiny_matched,mlaad_tiny_matched,mueller91/MLAAD-tiny,dorothy_and_wizard_oz_06_f000040,mlaad_tiny::en::dorothy_and_wizard_oz_06_f000040,https://huggingface.co/datasets/mueller91/MLAAD-tiny,9143e5ea709575ebab6bec52840a1043aada7bb1,M-AILABS original corpus license (see MLAAD LICENSE),YES,YES_WITH_NOTICE,NO_FOR_ORIGINAL_SUBSET,MLAAD-tiny-original,e17736077ec8d69fb11a976a1de6ef5c4c9183a3d84daf158dfe40213d540456,mlaad_tiny::en::dorothy_and_wizard_oz_06_f000040,val_b_unseen_generator,not_applicable,not_applicable
data\raw\public_v9\mlaad_tiny\original\en\dorothy_and_wizard_oz_09_f000035.wav,0,0,0,1,0,mlaad::dorothy_and_wizard_oz_09,MLAAD_original,mlaad_tiny_matched,mlaad_tiny_matched,mueller91/MLAAD-tiny,dorothy_and_wizard_oz_09_f000035,mlaad_tiny::en::dorothy_and_wizard_oz_09_f000035,https://huggingface.co/datasets/mueller91/MLAAD-tiny,9143e5ea709575ebab6bec52840a1043aada7bb1,M-AILABS original corpus license (see MLAAD LICENSE),YES,YES_WITH_NOTICE,NO_FOR_ORIGINAL_SUBSET,MLAAD-tiny-original,3264d8e788f992cac1875b935fec19e9283b4590b05629927b96ce3e94c91e30,mlaad_tiny::en::dorothy_and_wizard_oz_09_f000035,val_b_unseen_generator,not_applicable,not_applicable
data\raw\public_v9\mlaad_tiny\original\en\dorothy_and_wizard_oz_11_f000069.wav,0,0,0,1,0,mlaad::dorothy_and_wizard_oz_11,MLAAD_original,mlaad_tiny_matched,mlaad_tiny_matched,mueller91/MLAAD-tiny,dorothy_and_wizard_oz_11_f000069,mlaad_tiny::en::dorothy_and_wizard_oz_11_f000069,https://huggingface.co/datasets/mueller91/MLAAD-tiny,9143e5ea709575ebab6bec52840a1043aada7bb1,M-AILABS original corpus license (see MLAAD LICENSE),YES,YES_WITH_NOTICE,NO_FOR_ORIGINAL_SUBSET,MLAAD-tiny-original,79867fd33185f59959a75473b0a962f84316661b0118b2c55ffcc17e726a1402,mlaad_tiny::en::dorothy_and_wizard_oz_11_f000069,val_b_unseen_generator,not_applicable,not_applicable
data\raw\public_v9\mlaad_tiny\original\en\dorothy_and_wizard_oz_12_f000027.wav,0,0,0,1,0,mlaad::dorothy_and_wizard_oz_12,MLAAD_original,mlaad_tiny_matched,mlaad_tiny_matched,mueller91/MLAAD-tiny,dorothy_and_wizard_oz_12_f000027,mlaad_tiny::en::dorothy_and_wizard_oz_12_f000027,https://huggingface.co/datasets/mueller91/MLAAD-tiny,9143e5ea709575ebab6bec52840a1043aada7bb1,M-AILABS original corpus license (see MLAAD LICENSE),YES,YES_WITH_NOTICE,NO_FOR_ORIGINAL_SUBSET,MLAAD-tiny-original,d1066c6cdd7122c62e1d10c9bdad18e216b31f6c671fa61c78352a56c2111933,mlaad_tiny::en::dorothy_and_wizard_oz_12_f000027,val_b_unseen_generator,not_applicable,not_applicable
data\raw\public_v9\mlaad_tiny\original\en\emerald_city_of_oz_06_f000048.wav,0,0,0,1,0,mlaad::emerald_city_of_oz_06,MLAAD_original,mlaad_tiny_matched,mlaad_tiny_matched,mueller91/MLAAD-tiny,emerald_city_of_oz_06_f000048,mlaad_tiny::en::emerald_city_of_oz_06_f000048,https://huggingface.co/datasets/mueller91/MLAAD-tiny,9143e5ea709575ebab6bec52840a1043aada7bb1,M-AILABS original corpus license (see MLAAD LICENSE),YES,YES_WITH_NOTICE,NO_FOR_ORIGINAL_SUBSET,MLAAD-tiny-original,57a82913a8b87b006290aa4407b730299f9032bb53f6be250fe1d35d9df4ee1b,mlaad_tiny::en::emerald_city_of_oz_06_f000048,val_b_unseen_generator,not_applicable,not_applicable
data\raw\public_v9\mlaad_tiny\original\en\emerald_city_of_oz_07_f000009.wav,0,0,0,1,0,mlaad::emerald_city_of_oz_07,MLAAD_original,mlaad_tiny_matched,mlaad_tiny_matched,mueller91/MLAAD-tiny,emerald_city_of_oz_07_f000009,mlaad_tiny::en::emerald_city_of_oz_07_f000009,https://huggingface.co/datasets/mueller91/MLAAD-tiny,9143e5ea709575ebab6bec52840a1043aada7bb1,M-AILABS original corpus license (see MLAAD LICENSE),YES,YES_WITH_NOTICE,NO_FOR_ORIGINAL_SUBSET,MLAAD-tiny-original,75aea993a27837e0dc888619c2142aa523ee351a817dfc0ecac2b1ff6aa56452,mlaad_tiny::en::emerald_city_of_oz_07_f000009,val_b_unseen_generator,not_applicable,not_applicable
data\raw\public_v9\mlaad_tiny\original\en\emerald_city_of_oz_09_f000109.wav,0,0,0,1,0,mlaad::emerald_city_of_oz_09,MLAAD_original,mlaad_tiny_matched,mlaad_tiny_matched,mueller91/MLAAD-tiny,emerald_city_of_oz_09_f000109,mlaad_tiny::en::emerald_city_of_oz_09_f000109,https://huggingface.co/datasets/mueller91/MLAAD-tiny,9143e5ea709575ebab6bec52840a1043aada7bb1,M-AILABS original corpus license (see MLAAD LICENSE),YES,YES_WITH_NOTICE,NO_FOR_ORIGINAL_SUBSET,MLAAD-tiny-original,26cb9ad54c53f68d0db517316d5559d298e7408eb684212ed8f3f8aeabc783ab,mlaad_tiny::en::emerald_city_of_oz_09_f000109,val_b_unseen_generator,not_applicable,not_applicable
data\raw\public_v9\mlaad_tiny\original\en\emerald_city_of_oz_10_f000012.wav,0,0,0,1,0,mlaad::emerald_city_of_oz_10,MLAAD_original,mlaad_tiny_matched,mlaad_tiny_matched,mueller91/MLAAD-tiny,emerald_city_of_oz_10_f000012,mlaad_tiny::en::emerald_city_of_oz_10_f000012,https://huggingface.co/datasets/mueller91/MLAAD-tiny,9143e5ea709575ebab6bec52840a1043aada7bb1,M-AILABS original corpus license (see MLAAD LICENSE),YES,YES_WITH_NOTICE,NO_FOR_ORIGINAL_SUBSET,MLAAD-tiny-original,058a55fc3be7c7c47dde1cd368b4c4f0c58f5a1d461e94e350fe5874eef0e2b5,mlaad_tiny::en::emerald_city_of_oz_10_f000012,val_b_unseen_generator,not_applicable,not_applicable
data\raw\public_v9\mlaad_tiny\original\en\emerald_city_of_oz_10_f000046.wav,0,0,0,1,0,mlaad::emerald_city_of_oz_10,MLAAD_original,mlaad_tiny_matched,mlaad_tiny_matched,mueller91/MLAAD-tiny,emerald_city_of_oz_10_f000046,mlaad_tiny::en::emerald_city_of_oz_10_f000046,https://huggingface.co/datasets/mueller91/MLAAD-tiny,9143e5ea709575ebab6bec52840a1043aada7bb1,M-AILABS original corpus license (see MLAAD LICENSE),YES,YES_WITH_NOTICE,NO_FOR_ORIGINAL_SUBSET,MLAAD-tiny-original,d2cf928fa0a1d471d934fc0526efd9ac9c368fb1fb9f97d44ae47611762ae782,mlaad_tiny::en::emerald_city_of_oz_10_f000046,val_b_unseen_generator,not_applicable,not_applicable
data\raw\public_v9\mlaad_tiny\original\en\emerald_city_of_oz_10_f000072.wav,0,0,0,1,0,mlaad::emerald_city_of_oz_10,MLAAD_original,mlaad_tiny_matched,mlaad_tiny_matched,mueller91/MLAAD-tiny,emerald_city_of_oz_10_f000072,mlaad_tiny::en::emerald_city_of_oz_10_f000072,https://huggingface.co/datasets/mueller91/MLAAD-tiny,9143e5ea709575ebab6bec52840a1043aada7bb1,M-AILABS original corpus license (see MLAAD LICENSE),YES,YES_WITH_NOTICE,NO_FOR_ORIGINAL_SUBSET,MLAAD-tiny-original,93589df318d438e525695b7e4e10680dd16b132906215f8c83cff2216138def4,mlaad_tiny::en::emerald_city_of_oz_10_f000072,val_b_unseen_generator,not_applicable,not_applicable
data\raw\public_v9\mlaad_tiny\original\en\emerald_city_of_oz_10_f000117.wav,0,0,0,1,0,mlaad::emerald_city_of_oz_10,MLAAD_original,mlaad_tiny_matched,mlaad_tiny_matched,mueller91/MLAAD-tiny,emerald_city_of_oz_10_f000117,mlaad_tiny::en::emerald_city_of_oz_10_f000117,https://huggingface.co/datasets/mueller91/MLAAD-tiny,9143e5ea709575ebab6bec52840a1043aada7bb1,M-AILABS original corpus license (see MLAAD LICENSE),YES,YES_WITH_NOTICE,NO_FOR_ORIGINAL_SUBSET,MLAAD-tiny-original,c7ebd83e8e9bc0ac89d3d9e440d12707af460d40b381e19b71e562e75bbbf8c9,mlaad_tiny::en::emerald_city_of_oz_10_f000117,val_b_unseen_generator,not_applicable,not_applicable
data\raw\public_v9\mlaad_tiny\original\en\emerald_city_of_oz_12_f000086.wav,0,0,0,1,0,mlaad::emerald_city_of_oz_12,MLAAD_original,mlaad_tiny_matched,mlaad_tiny_matched,mueller91/MLAAD-tiny,emerald_city_of_oz_12_f000086,mlaad_tiny::en::emerald_city_of_oz_12_f000086,https://huggingface.co/datasets/mueller91/MLAAD-tiny,9143e5ea709575ebab6bec52840a1043aada7bb1,M-AILABS original corpus license (see MLAAD LICENSE),YES,YES_WITH_NOTICE,NO_FOR_ORIGINAL_SUBSET,MLAAD-tiny-original,e98c0d7aa1bf8d1ed68572eec9243f3c0a6948338b75ee1392c667fac1314024,mlaad_tiny::en::emerald_city_of_oz_12_f000086,val_b_unseen_generator,not_applicable,not_applicable
data\raw\public_v9\mlaad_tiny\original\en\emerald_city_of_oz_12_f000118.wav,0,0,0,1,0,mlaad::emerald_city_of_oz_12,MLAAD_original,mlaad_tiny_matched,mlaad_tiny_matched,mueller91/MLAAD-tiny,emerald_city_of_oz_12_f000118,mlaad_tiny::en::emerald_city_of_oz_12_f000118,https://huggingface.co/datasets/mueller91/MLAAD-tiny,9143e5ea709575ebab6bec52840a1043aada7bb1,M-AILABS original corpus license (see MLAAD LICENSE),YES,YES_WITH_NOTICE,NO_FOR_ORIGINAL_SUBSET,MLAAD-tiny-original,648685c85968a723b32441a4adff92166018a4dcd379ccf568e13f608cb3b234,mlaad_tiny::en::emerald_city_of_oz_12_f000118,val_b_unseen_generator,not_applicable,not_applicable
data\raw\public_v9\mlaad_tiny\original\en\emerald_city_of_oz_14_f000041.wav,0,0,0,1,0,mlaad::emerald_city_of_oz_14,MLAAD_original,mlaad_tiny_matched,mlaad_tiny_matched,mueller91/MLAAD-tiny,emerald_city_of_oz_14_f000041,mlaad_tiny::en::emerald_city_of_oz_14_f000041,https://huggingface.co/datasets/mueller91/MLAAD-tiny,9143e5ea709575ebab6bec52840a1043aada7bb1,M-AILABS original corpus license (see MLAAD LICENSE),YES,YES_WITH_NOTICE,NO_FOR_ORIGINAL_SUBSET,MLAAD-tiny-original,6e583f87043a83263a9053a1bcee0d352b130c086dca8cddac5706a0db4a50f1,mlaad_tiny::en::emerald_city_of_oz_14_f000041,val_b_unseen_generator,not_applicable,not_applicable
data\raw\public_v9\mlaad_tiny\original\en\emerald_city_of_oz_19_f000080.wav,0,0,0,1,0,mlaad::emerald_city_of_oz_19,MLAAD_original,mlaad_tiny_matched,mlaad_tiny_matched,mueller91/MLAAD-tiny,emerald_city_of_oz_19_f000080,mlaad_tiny::en::emerald_city_of_oz_19_f000080,https://huggingface.co/datasets/mueller91/MLAAD-tiny,9143e5ea709575ebab6bec52840a1043aada7bb1,M-AILABS original corpus license (see MLAAD LICENSE),YES,YES_WITH_NOTICE,NO_FOR_ORIGINAL_SUBSET,MLAAD-tiny-original,6cf653a8b00193462ae62c3f37334cf2ebf429552896bf80f6dce5139b3a75bd,mlaad_tiny::en::emerald_city_of_oz_19_f000080,val_b_unseen_generator,not_applicable,not_applicable
data\raw\public_v9\mlaad_tiny\original\en\emerald_city_of_oz_21_f000090.wav,0,0,0,1,0,mlaad::emerald_city_of_oz_21,MLAAD_original,mlaad_tiny_matched,mlaad_tiny_matched,mueller91/MLAAD-tiny,emerald_city_of_oz_21_f000090,mlaad_tiny::en::emerald_city_of_oz_21_f000090,https://huggingface.co/datasets/mueller91/MLAAD-tiny,9143e5ea709575ebab6bec52840a1043aada7bb1,M-AILABS original corpus license (see MLAAD LICENSE),YES,YES_WITH_NOTICE,NO_FOR_ORIGINAL_SUBSET,MLAAD-tiny-original,c337048d04d9f594da7859de7ea287a6bcf90c29461c9f0e2b0ecc037dbf44c3,mlaad_tiny::en::emerald_city_of_oz_21_f000090,val_b_unseen_generator,not_applicable,not_applicable
data\raw\public_v9\mlaad_tiny\original\en\emerald_city_of_oz_22_f000076.wav,0,0,0,1,0,mlaad::emerald_city_of_oz_22,MLAAD_original,mlaad_tiny_matched,mlaad_tiny_matched,mueller91/MLAAD-tiny,emerald_city_of_oz_22_f000076,mlaad_tiny::en::emerald_city_of_oz_22_f000076,https://huggingface.co/datasets/mueller91/MLAAD-tiny,9143e5ea709575ebab6bec52840a1043aada7bb1,M-AILABS original corpus license (see MLAAD LICENSE),YES,YES_WITH_NOTICE,NO_FOR_ORIGINAL_SUBSET,MLAAD-tiny-original,f51cf322498cad388378bf981ec57f1bc8b4d35705e7f76116f7c4e000eef26a,mlaad_tiny::en::emerald_city_of_oz_22_f000076,val_b_unseen_generator,not_applicable,not_applicable
data\raw\public_v9\mlaad_tiny\original\en\emerald_city_of_oz_23_f000030.wav,0,0,0,1,0,mlaad::emerald_city_of_oz_23,MLAAD_original,mlaad_tiny_matched,mlaad_tiny_matched,mueller91/MLAAD-tiny,emerald_city_of_oz_23_f000030,mlaad_tiny::en::emerald_city_of_oz_23_f000030,https://huggingface.co/datasets/mueller91/MLAAD-tiny,9143e5ea709575ebab6bec52840a1043aada7bb1,M-AILABS original corpus license (see MLAAD LICENSE),YES,YES_WITH_NOTICE,NO_FOR_ORIGINAL_SUBSET,MLAAD-tiny-original,2be7b830381f096b30ab4c7213a0e55686515c252e0b425584540d20e1b684de,mlaad_tiny::en::emerald_city_of_oz_23_f000030,val_b_unseen_generator,not_applicable,not_applicable
data\raw\public_v9\mlaad_tiny\original\en\emerald_city_of_oz_23_f000060.wav,0,0,0,1,0,mlaad::emerald_city_of_oz_23,MLAAD_original,mlaad_tiny_matched,mlaad_tiny_matched,mueller91/MLAAD-tiny,emerald_city_of_oz_23_f000060,mlaad_tiny::en::emerald_city_of_oz_23_f000060,https://huggingface.co/datasets/mueller91/MLAAD-tiny,9143e5ea709575ebab6bec52840a1043aada7bb1,M-AILABS original corpus license (see MLAAD LICENSE),YES,YES_WITH_NOTICE,NO_FOR_ORIGINAL_SUBSET,MLAAD-tiny-original,f2b9784566c5596a4dab4450b2cc1e31f82d6fdca9357cd2fa1239e216d2a5da,mlaad_tiny::en::emerald_city_of_oz_23_f000060,val_b_unseen_generator,not_applicable,not_applicable
data\raw\public_v9\mlaad_tiny\original\en\emerald_city_of_oz_29_f000051.wav,0,0,0,1,0,mlaad::emerald_city_of_oz_29,MLAAD_original,mlaad_tiny_matched,mlaad_tiny_matched,mueller91/MLAAD-tiny,emerald_city_of_oz_29_f000051,mlaad_tiny::en::emerald_city_of_oz_29_f000051,https://huggingface.co/datasets/mueller91/MLAAD-tiny,9143e5ea709575ebab6bec52840a1043aada7bb1,M-AILABS original corpus license (see MLAAD LICENSE),YES,YES_WITH_NOTICE,NO_FOR_ORIGINAL_SUBSET,MLAAD-tiny-original,7b314a398962a3ad0c5b63bf46cc1b638c31168c0fd51ce6cfbfa5ea20df8ab1,mlaad_tiny::en::emerald_city_of_oz_29_f000051,val_b_unseen_generator,not_applicable,not_applicable
data\raw\public_v9\mlaad_tiny\original\en\emerald_city_of_oz_29_f000057.wav,0,0,0,1,0,mlaad::emerald_city_of_oz_29,MLAAD_original,mlaad_tiny_matched,mlaad_tiny_matched,mueller91/MLAAD-tiny,emerald_city_of_oz_29_f000057,mlaad_tiny::en::emerald_city_of_oz_29_f000057,https://huggingface.co/datasets/mueller91/MLAAD-tiny,9143e5ea709575ebab6bec52840a1043aada7bb1,M-AILABS original corpus license (see MLAAD LICENSE),YES,YES_WITH_NOTICE,NO_FOR_ORIGINAL_SUBSET,MLAAD-tiny-original,f45b1e80e91cf897ca1a5c92fd18bc535621197c8b590aa60a2abccc5c166815,mlaad_tiny::en::emerald_city_of_oz_29_f000057,val_b_unseen_generator,not_applicable,not_applicable
data\raw\public_v9\mlaad_tiny\original\en\hunters_space_02_f000038.wav,0,0,0,1,0,mlaad::hunters_space_02,MLAAD_original,mlaad_tiny_matched,mlaad_tiny_matched,mueller91/MLAAD-tiny,hunters_space_02_f000038,mlaad_tiny::en::hunters_space_02_f000038,https://huggingface.co/datasets/mueller91/MLAAD-tiny,9143e5ea709575ebab6bec52840a1043aada7bb1,M-AILABS original corpus license (see MLAAD LICENSE),YES,YES_WITH_NOTICE,NO_FOR_ORIGINAL_SUBSET,MLAAD-tiny-original,319e3dc922ae20bccd31ec0405ef5152c0991a5c6542a7e7a2521809d63b48f3,mlaad_tiny::en::hunters_space_02_f000038,val_b_unseen_generator,not_applicable,not_applicable
data\raw\public_v9\mlaad_tiny\original\en\hunters_space_07_f000104.wav,0,0,0,1,0,mlaad::hunters_space_07,MLAAD_original,mlaad_tiny_matched,mlaad_tiny_matched,mueller91/MLAAD-tiny,hunters_space_07_f000104,mlaad_tiny::en::hunters_space_07_f000104,https://huggingface.co/datasets/mueller91/MLAAD-tiny,9143e5ea709575ebab6bec52840a1043aada7bb1,M-AILABS original corpus license (see MLAAD LICENSE),YES,YES_WITH_NOTICE,NO_FOR_ORIGINAL_SUBSET,MLAAD-tiny-original,8ee7b308d67012a7c09b3bf594877d1863cbf93867fbfd835dc7bef6a3ab2f79,mlaad_tiny::en::hunters_space_07_f000104,val_b_unseen_generator,not_applicable,not_applicable
data\raw\public_v9\mlaad_tiny\original\en\hunters_space_10_f000046.wav,0,0,0,1,0,mlaad::hunters_space_10,MLAAD_original,mlaad_tiny_matched,mlaad_tiny_matched,mueller91/MLAAD-tiny,hunters_space_10_f000046,mlaad_tiny::en::hunters_space_10_f000046,https://huggingface.co/datasets/mueller91/MLAAD-tiny,9143e5ea709575ebab6bec52840a1043aada7bb1,M-AILABS original corpus license (see MLAAD LICENSE),YES,YES_WITH_NOTICE,NO_FOR_ORIGINAL_SUBSET,MLAAD-tiny-original,5ee6678845fa980a3d17ab0cb81151ae8334320a7aa09cb283cc2a23e96af02b,mlaad_tiny::en::hunters_space_10_f000046,val_b_unseen_generator,not_applicable,not_applicable
data\raw\public_v9\mlaad_tiny\original\en\hunters_space_12_f000054.wav,0,0,0,1,0,mlaad::hunters_space_12,MLAAD_original,mlaad_tiny_matched,mlaad_tiny_matched,mueller91/MLAAD-tiny,hunters_space_12_f000054,mlaad_tiny::en::hunters_space_12_f000054,https://huggingface.co/datasets/mueller91/MLAAD-tiny,9143e5ea709575ebab6bec52840a1043aada7bb1,M-AILABS original corpus license (see MLAAD LICENSE),YES,YES_WITH_NOTICE,NO_FOR_ORIGINAL_SUBSET,MLAAD-tiny-original,25675a4de3621e926ba2eec4e2d73c12229fe37053244415d0143ac53c0ef054,mlaad_tiny::en::hunters_space_12_f000054,val_b_unseen_generator,not_applicable,not_applicable
data\raw\public_v9\mlaad_tiny\original\en\hunters_space_13_f000101.wav,0,0,0,1,0,mlaad::hunters_space_13,MLAAD_original,mlaad_tiny_matched,mlaad_tiny_matched,mueller91/MLAAD-tiny,hunters_space_13_f000101,mlaad_tiny::en::hunters_space_13_f000101,https://huggingface.co/datasets/mueller91/MLAAD-tiny,9143e5ea709575ebab6bec52840a1043aada7bb1,M-AILABS original corpus license (see MLAAD LICENSE),YES,YES_WITH_NOTICE,NO_FOR_ORIGINAL_SUBSET,MLAAD-tiny-original,00da04bc99afa8b94e1310e7148dd4a5fc9e9a1644c6fea1ef38d0b367ed86dd,mlaad_tiny::en::hunters_space_13_f000101,val_b_unseen_generator,not_applicable,not_applicable
data\raw\public_v9\mlaad_tiny\original\en\jane_eyre_01_f000012.wav,0,0,0,1,0,mlaad::jane_eyre_01,MLAAD_original,mlaad_tiny_matched,mlaad_tiny_matched,mueller91/MLAAD-tiny,jane_eyre_01_f000012,mlaad_tiny::en::jane_eyre_01_f000012,https://huggingface.co/datasets/mueller91/MLAAD-tiny,9143e5ea709575ebab6bec52840a1043aada7bb1,M-AILABS original corpus license (see MLAAD LICENSE),YES,YES_WITH_NOTICE,NO_FOR_ORIGINAL_SUBSET,MLAAD-tiny-original,b3b9e6dca72b02e94c0258ffa2877cce3df4d1f24b456ae4d61e62a5129ebd4c,mlaad_tiny::en::jane_eyre_01_f000012,val_b_unseen_generator,not_applicable,not_applicable
data\raw\public_v9\mlaad_tiny\original\en\jane_eyre_01_f000063.wav,0,0,0,1,0,mlaad::jane_eyre_01,MLAAD_original,mlaad_tiny_matched,mlaad_tiny_matched,mueller91/MLAAD-tiny,jane_eyre_01_f000063,mlaad_tiny::en::jane_eyre_01_f000063,https://huggingface.co/datasets/mueller91/MLAAD-tiny,9143e5ea709575ebab6bec52840a1043aada7bb1,M-AILABS original corpus license (see MLAAD LICENSE),YES,YES_WITH_NOTICE,NO_FOR_ORIGINAL_SUBSET,MLAAD-tiny-original,84f1c23d2f9e2172e94085034f2fb5f42a4fec384c27a0170fa0a8544a4ca75d,mlaad_tiny::en::jane_eyre_01_f000063,val_b_unseen_generator,not_applicable,not_applicable
data\raw\public_v9\mlaad_tiny\original\en\jane_eyre_02_f000096.wav,0,0,0,1,0,mlaad::jane_eyre_02,MLAAD_original,mlaad_tiny_matched,mlaad_tiny_matched,mueller91/MLAAD-tiny,jane_eyre_02_f000096,mlaad_tiny::en::jane_eyre_02_f000096,https://huggingface.co/datasets/mueller91/MLAAD-tiny,9143e5ea709575ebab6bec52840a1043aada7bb1,M-AILABS original corpus license (see MLAAD LICENSE),YES,YES_WITH_NOTICE,NO_FOR_ORIGINAL_SUBSET,MLAAD-tiny-original,231fbfea0d6880da8e2d76cb98f689ab7202ae511c16739f7171f36f253d142b,mlaad_tiny::en::jane_eyre_02_f000096,val_b_unseen_generator,not_applicable,not_applicable
data\raw\public_v9\mlaad_tiny\original\en\jane_eyre_03_f000165.wav,0,0,0,1,0,mlaad::jane_eyre_03,MLAAD_original,mlaad_tiny_matched,mlaad_tiny_matched,mueller91/MLAAD-tiny,jane_eyre_03_f000165,mlaad_tiny::en::jane_eyre_03_f000165,https://huggingface.co/datasets/mueller91/MLAAD-tiny,9143e5ea709575ebab6bec52840a1043aada7bb1,M-AILABS original corpus license (see MLAAD LICENSE),YES,YES_WITH_NOTICE,NO_FOR_ORIGINAL_SUBSET,MLAAD-tiny-original,3a0ab2488ce3b8411568515cba14eb7aa4fbcec0d66de0ddae5964561cb6581a,mlaad_tiny::en::jane_eyre_03_f000165,val_b_unseen_generator,not_applicable,not_applicable
data\raw\public_v9\mlaad_tiny\original\en\jane_eyre_03_f000179.wav,0,0,0,1,0,mlaad::jane_eyre_03,MLAAD_original,mlaad_tiny_matched,mlaad_tiny_matched,mueller91/MLAAD-tiny,jane_eyre_03_f000179,mlaad_tiny::en::jane_eyre_03_f000179,https://huggingface.co/datasets/mueller91/MLAAD-tiny,9143e5ea709575ebab6bec52840a1043aada7bb1,M-AILABS original corpus license (see MLAAD LICENSE),YES,YES_WITH_NOTICE,NO_FOR_ORIGINAL_SUBSET,MLAAD-tiny-original,a70fc9fb7118d474dad0a528c043287742479865d1bfbf0fe9759282b15a6bad,mlaad_tiny::en::jane_eyre_03_f000179,val_b_unseen_generator,not_applicable,not_applicable
data\raw\public_v9\mlaad_tiny\original\en\jane_eyre_04_f000070.wav,0,0,0,1,0,mlaad::jane_eyre_04,MLAAD_original,mlaad_tiny_matched,mlaad_tiny_matched,mueller91/MLAAD-tiny,jane_eyre_04_f000070,mlaad_tiny::en::jane_eyre_04_f000070,https://huggingface.co/datasets/mueller91/MLAAD-tiny,9143e5ea709575ebab6bec52840a1043aada7bb1,M-AILABS original corpus license (see MLAAD LICENSE),YES,YES_WITH_NOTICE,NO_FOR_ORIGINAL_SUBSET,MLAAD-tiny-original,81d8529e5ef14dedf6eccc8cf98766a671883aacf2ea6e19aefa6aa44eb1fed8,mlaad_tiny::en::jane_eyre_04_f000070,val_b_unseen_generator,not_applicable,not_applicable
data\raw\public_v9\mlaad_tiny\original\en\jane_eyre_08_f000086.wav,0,0,0,1,0,mlaad::jane_eyre_08,MLAAD_original,mlaad_tiny_matched,mlaad_tiny_matched,mueller91/MLAAD-tiny,jane_eyre_08_f000086,mlaad_tiny::en::jane_eyre_08_f000086,https://huggingface.co/datasets/mueller91/MLAAD-tiny,9143e5ea709575ebab6bec52840a1043aada7bb1,M-AILABS original corpus license (see MLAAD LICENSE),YES,YES_WITH_NOTICE,NO_FOR_ORIGINAL_SUBSET,MLAAD-tiny-original,2e6d3ddfd7c0f434fde551ae3c5c0ef7e72728cfd748a0b53dabb40ca76981c1,mlaad_tiny::en::jane_eyre_08_f000086,val_b_unseen_generator,not_applicable,not_applicable
data\raw\public_v9\mlaad_tiny\original\en\jane_eyre_12_f000050.wav,0,0,0,1,0,mlaad::jane_eyre_12,MLAAD_original,mlaad_tiny_matched,mlaad_tiny_matched,mueller91/MLAAD-tiny,jane_eyre_12_f000050,mlaad_tiny::en::jane_eyre_12_f000050,https://huggingface.co/datasets/mueller91/MLAAD-tiny,9143e5ea709575ebab6bec52840a1043aada7bb1,M-AILABS original corpus license (see MLAAD LICENSE),YES,YES_WITH_NOTICE,NO_FOR_ORIGINAL_SUBSET,MLAAD-tiny-original,45aa5e4e0ede44c2cbc128f59ee52163c54c4f5faa59ca5f55e1c6bf27ff171a,mlaad_tiny::en::jane_eyre_12_f000050,val_b_unseen_generator,not_applicable,not_applicable
data\raw\public_v9\mlaad_tiny\original\en\jane_eyre_12_f000061.wav,0,0,0,1,0,mlaad::jane_eyre_12,MLAAD_original,mlaad_tiny_matched,mlaad_tiny_matched,mueller91/MLAAD-tiny,jane_eyre_12_f000061,mlaad_tiny::en::jane_eyre_12_f000061,https://huggingface.co/datasets/mueller91/MLAAD-tiny,9143e5ea709575ebab6bec52840a1043aada7bb1,M-AILABS original corpus license (see MLAAD LICENSE),YES,YES_WITH_NOTICE,NO_FOR_ORIGINAL_SUBSET,MLAAD-tiny-original,78987b3f60f24a912ffa0176b1defafd08ad42e803b8792e36caa7eff52a1650,mlaad_tiny::en::jane_eyre_12_f000061,val_b_unseen_generator,not_applicable,not_applicable
