path,file_fake,voice_fake,music_fake,voice_present,music_present,speaker_id,generator,source,dataset,hf_id,original_id,split_group_id,source_url,version,license,allowed_for_competition,redistribution_allowed,commercial_restriction,dataset_name,content_hash,near_duplicate_group,data_role,upstream_split,upstream_label
data\raw\public_v9\sonics\fake_09000_suno_0.mp3,1,1,1,1,1,sonics::9000,SONICS::chirp-v2-xxl-alpha,sonics_official,sonics_official,awsaf49/sonics,fake_09000_suno_0,sonics::9000,https://github.com/awsaf49/sonics,official part_01 + metadata snapshot 2026-08-31,CC BY-NC 4.0,YES,YES_WITH_ATTRIBUTION_NONCOMMERCIAL,YES_NONCOMMERCIAL_ONLY,SONICS-fake,a8ed6ee95e668ad3dcfd1bb4052ba07a02d8337fdc373d334d07be8fdbfe33ea,sonics::9000,train,test,half fake
data\raw\public_v9\sonics\fake_09056_suno_0.mp3,1,1,1,1,1,sonics::9056,SONICS::chirp-v2-xxl-alpha,sonics_official,sonics_official,awsaf49/sonics,fake_09056_suno_0,sonics::9056,https://github.com/awsaf49/sonics,official part_01 + metadata snapshot 2026-08-31,CC BY-NC 4.0,YES,YES_WITH_ATTRIBUTION_NONCOMMERCIAL,YES_NONCOMMERCIAL_ONLY,SONICS-fake,476ac38bdf809a8f74e4040db5bb49ea01f0c4c56f7e891a085d5af39cfa122d,sonics::9056,train,test,mostly fake
data\raw\public_v9\sonics\fake_09059_suno_0.mp3,1,1,1,1,1,sonics::9059,SONICS::chirp-v2-xxl-alpha,sonics_official,sonics_official,awsaf49/sonics,fake_09059_suno_0,sonics::9059,https://github.com/awsaf49/sonics,official part_01 + metadata snapshot 2026-08-31,CC BY-NC 4.0,YES,YES_WITH_ATTRIBUTION_NONCOMMERCIAL,YES_NONCOMMERCIAL_ONLY,SONICS-fake,d7ae9775dc7006b342ce5aed40fdaf693bc5d9a168fdced8ec7e07f43961125d,sonics::9059,train,test,mostly fake
data\raw\public_v9\sonics\fake_09150_suno_0.mp3,1,1,1,1,1,sonics::9150,SONICS::chirp-v2-xxl-alpha,sonics_official,sonics_official,awsaf49/sonics,fake_09150_suno_0,sonics::9150,https://github.com/awsaf49/sonics,official part_01 + metadata snapshot 2026-08-31,CC BY-NC 4.0,YES,YES_WITH_ATTRIBUTION_NONCOMMERCIAL,YES_NONCOMMERCIAL_ONLY,SONICS-fake,da168ce74ec5a75867a6ffd7e03fce06329687202042220cf0d2f56a41f423df,sonics::9150,train,test,mostly fake
data\raw\public_v9\sonics\fake_09164_suno_0.mp3,1,1,1,1,1,sonics::9164,SONICS::chirp-v2-xxl-alpha,sonics_official,sonics_official,awsaf49/sonics,fake_09164_suno_0,sonics::9164,https://github.com/awsaf49/sonics,official part_01 + metadata snapshot 2026-08-31,CC BY-NC 4.0,YES,YES_WITH_ATTRIBUTION_NONCOMMERCIAL,YES_NONCOMMERCIAL_ONLY,SONICS-fake,3536869ca40f9b6d52d05e15177130156c10c5176638227a9bc0089a818a3ac6,sonics::9164,train,test,mostly fake
data\raw\public_v9\sonics\fake_09214_suno_0.mp3,1,1,1,1,1,sonics::9214,SONICS::chirp-v2-xxl-alpha,sonics_official,sonics_official,awsaf49/sonics,fake_09214_suno_0,sonics::9214,https://github.com/awsaf49/sonics,official part_01 + metadata snapshot 2026-08-31,CC BY-NC 4.0,YES,YES_WITH_ATTRIBUTION_NONCOMMERCIAL,YES_NONCOMMERCIAL_ONLY,SONICS-fake,c7a6c2edfbe50c812884743cf0bc242fb0f973f4ce93983ab010004889694d92,sonics::9214,train,valid,half fake
data\raw\public_v9\sonics\fake_09233_suno_0.mp3,1,1,1,1,1,sonics::9233,SONICS::chirp-v2-xxl-alpha,sonics_official,sonics_official,awsaf49/sonics,fake_09233_suno_0,sonics::9233,https://github.com/awsaf49/sonics,official part_01 + metadata snapshot 2026-08-31,CC BY-NC 4.0,YES,YES_WITH_ATTRIBUTION_NONCOMMERCIAL,YES_NONCOMMERCIAL_ONLY,SONICS-fake,3b7d45e7a225ef8928d0ec00e9d5f3a58031da4cb74351c746a7f1d316788482,sonics::9233,train,test,mostly fake
data\raw\public_v9\sonics\fake_09380_suno_0.mp3,1,1,1,1,1,sonics::9380,SONICS::chirp-v2-xxl-alpha,sonics_official,sonics_official,awsaf49/sonics,fake_09380_suno_0,sonics::9380,https://github.com/awsaf49/sonics,official part_01 + metadata snapshot 2026-08-31,CC BY-NC 4.0,YES,YES_WITH_ATTRIBUTION_NONCOMMERCIAL,YES_NONCOMMERCIAL_ONLY,SONICS-fake,501ca4d75cae5f8dba7eef310f3a7bc30c71a8523155dd111eeacffee08b77b3,sonics::9380,train,test,mostly fake
data\raw\public_v9\sonics\fake_09437_suno_0.mp3,1,1,1,1,1,sonics::9437,SONICS::chirp-v2-xxl-alpha,sonics_official,sonics_official,awsaf49/sonics,fake_09437_suno_0,sonics::9437,https://github.com/awsaf49/sonics,official part_01 + metadata snapshot 2026-08-31,CC BY-NC 4.0,YES,YES_WITH_ATTRIBUTION_NONCOMMERCIAL,YES_NONCOMMERCIAL_ONLY,SONICS-fake,2f58fae6c037c200c094a99791e414d6c9105c9efb05b819d40af779af8ad6eb,sonics::9437,train,test,mostly fake
data\raw\public_v9\sonics\fake_09519_suno_0.mp3,1,1,1,1,1,sonics::9519,SONICS::chirp-v2-xxl-alpha,sonics_official,sonics_official,awsaf49/sonics,fake_09519_suno_0,sonics::9519,https://github.com/awsaf49/sonics,official part_01 + metadata snapshot 2026-08-31,CC BY-NC 4.0,YES,YES_WITH_ATTRIBUTION_NONCOMMERCIAL,YES_NONCOMMERCIAL_ONLY,SONICS-fake,35e784ec6ca7c590ca7c5725209464d2d93a3c8ad1807620a4e5d2d421ef4fc1,sonics::9519,train,test,mostly fake
data\raw\public_v9\sonics\fake_09543_suno_0.mp3,1,1,1,1,1,sonics::9543,SONICS::chirp-v2-xxl-alpha,sonics_official,sonics_official,awsaf49/sonics,fake_09543_suno_0,sonics::9543,https://github.com/awsaf49/sonics,official part_01 + metadata snapshot 2026-08-31,CC BY-NC 4.0,YES,YES_WITH_ATTRIBUTION_NONCOMMERCIAL,YES_NONCOMMERCIAL_ONLY,SONICS-fake,d65f848a549376a301c1d724a854589f4f3d700aea44647e216b51b131a679ad,sonics::9543,train,test,mostly fake
data\raw\public_v9\sonics\fake_09574_suno_0.mp3,1,1,1,1,1,sonics::9574,SONICS::chirp-v2-xxl-alpha,sonics_official,sonics_official,awsaf49/sonics,fake_09574_suno_0,sonics::9574,https://github.com/awsaf49/sonics,official part_01 + metadata snapshot 2026-08-31,CC BY-NC 4.0,YES,YES_WITH_ATTRIBUTION_NONCOMMERCIAL,YES_NONCOMMERCIAL_ONLY,SONICS-fake,e756c8bd9ec4c2c9c9c1dc25970da4c2b7525d0a3292c331f292d2306dfbc64b,sonics::9574,train,test,mostly fake
data\raw\public_v9\sonics\fake_09584_suno_0.mp3,1,1,1,1,1,sonics::9584,SONICS::chirp-v2-xxl-alpha,sonics_official,sonics_official,awsaf49/sonics,fake_09584_suno_0,sonics::9584,https://github.com/awsaf49/sonics,official part_01 + metadata snapshot 2026-08-31,CC BY-NC 4.0,YES,YES_WITH_ATTRIBUTION_NONCOMMERCIAL,YES_NONCOMMERCIAL_ONLY,SONICS-fake,144245bcfc9e233c71d0006a3fd2f6f89a1edcc8e17055d5e370e7baa46b56ec,sonics::9584,train,valid,mostly fake
data\raw\public_v9\sonics\fake_09607_suno_0.mp3,1,1,1,1,1,sonics::9607,SONICS::chirp-v2-xxl-alpha,sonics_official,sonics_official,awsaf49/sonics,fake_09607_suno_0,sonics::9607,https://github.com/awsaf49/sonics,official part_01 + metadata snapshot 2026-08-31,CC BY-NC 4.0,YES,YES_WITH_ATTRIBUTION_NONCOMMERCIAL,YES_NONCOMMERCIAL_ONLY,SONICS-fake,227d739e001301a972142babb786ca2f77ac02abf8f0c7ab30b7c542a7573d91,sonics::9607,train,test,mostly fake
data\raw\public_v9\sonics\fake_09699_suno_0.mp3,1,1,1,1,1,sonics::9699,SONICS::chirp-v2-xxl-alpha,sonics_official,sonics_official,awsaf49/sonics,fake_09699_suno_0,sonics::9699,https://github.com/awsaf49/sonics,official part_01 + metadata snapshot 2026-08-31,CC BY-NC 4.0,YES,YES_WITH_ATTRIBUTION_NONCOMMERCIAL,YES_NONCOMMERCIAL_ONLY,SONICS-fake,393554a1da2390269b0105bcdd1e82543ed4d071ef4baffea03b868f2c218435,sonics::9699,train,valid,mostly fake
data\raw\public_v9\sonics\fake_09701_suno_0.mp3,1,1,1,1,1,sonics::9701,SONICS::chirp-v2-xxl-alpha,sonics_official,sonics_official,awsaf49/sonics,fake_09701_suno_0,sonics::9701,https://github.com/awsaf49/sonics,official part_01 + metadata snapshot 2026-08-31,CC BY-NC 4.0,YES,YES_WITH_ATTRIBUTION_NONCOMMERCIAL,YES_NONCOMMERCIAL_ONLY,SONICS-fake,a6214b8fde3c57792e9ebbb321c8463c15e1efedb41be99f909850be1d03d5c0,sonics::9701,train,test,mostly fake
data\raw\public_v9\sonics\fake_09743_suno_0.mp3,1,1,1,1,1,sonics::9743,SONICS::chirp-v2-xxl-alpha,sonics_official,sonics_official,awsaf49/sonics,fake_09743_suno_0,sonics::9743,https://github.com/awsaf49/sonics,official part_01 + metadata snapshot 2026-08-31,CC BY-NC 4.0,YES,YES_WITH_ATTRIBUTION_NONCOMMERCIAL,YES_NONCOMMERCIAL_ONLY,SONICS-fake,3ffb09949c93452e028c89846d06cb4e346716ed1b9a7b58fba5821721c06bb7,sonics::9743,train,test,mostly fake
data\raw\public_v9\sonics\fake_09771_suno_0.mp3,1,1,1,1,1,sonics::9771,SONICS::chirp-v2-xxl-alpha,sonics_official,sonics_official,awsaf49/sonics,fake_09771_suno_0,sonics::9771,https://github.com/awsaf49/sonics,official part_01 + metadata snapshot 2026-08-31,CC BY-NC 4.0,YES,YES_WITH_ATTRIBUTION_NONCOMMERCIAL,YES_NONCOMMERCIAL_ONLY,SONICS-fake,d01ffc79df3c69be1503b0397127c64a7d60d8de1baae90027a9c8d36eba61e0,sonics::9771,train,test,mostly fake
data\raw\public_v9\sonics\fake_09788_suno_1.mp3,1,1,1,1,1,sonics::9788,SONICS::chirp-v2-xxl-alpha,sonics_official,sonics_official,awsaf49/sonics,fake_09788_suno_1,sonics::9788,https://github.com/awsaf49/sonics,official part_01 + metadata snapshot 2026-08-31,CC BY-NC 4.0,YES,YES_WITH_ATTRIBUTION_NONCOMMERCIAL,YES_NONCOMMERCIAL_ONLY,SONICS-fake,60f5e3234e1adb676c4f947b6784aed47c28f25e669708d73447aced91fbd93d,sonics::9788,train,test,mostly fake
data\raw\public_v9\sonics\fake_09896_suno_0.mp3,1,1,1,1,1,sonics::9896,SONICS::chirp-v2-xxl-alpha,sonics_official,sonics_official,awsaf49/sonics,fake_09896_suno_0,sonics::9896,https://github.com/awsaf49/sonics,official part_01 + metadata snapshot 2026-08-31,CC BY-NC 4.0,YES,YES_WITH_ATTRIBUTION_NONCOMMERCIAL,YES_NONCOMMERCIAL_ONLY,SONICS-fake,486a0e1e3f544e50c85cd479095614408167909cd79adbbb8635edcb794c7260,sonics::9896,train,test,mostly fake
data\raw\public_v9\sonics\fake_09897_suno_0.mp3,1,1,1,1,1,sonics::9897,SONICS::chirp-v2-xxl-alpha,sonics_official,sonics_official,awsaf49/sonics,fake_09897_suno_0,sonics::9897,https://github.com/awsaf49/sonics,official part_01 + metadata snapshot 2026-08-31,CC BY-NC 4.0,YES,YES_WITH_ATTRIBUTION_NONCOMMERCIAL,YES_NONCOMMERCIAL_ONLY,SONICS-fake,7b7c13977cd5f395dde22950678f7c301f059f5ab8d193f5de8318e6972138b1,sonics::9897,train,test,half fake
data\raw\public_v9\sonics\fake_09912_suno_0.mp3,1,1,1,1,1,sonics::9912,SONICS::chirp-v2-xxl-alpha,sonics_official,sonics_official,awsaf49/sonics,fake_09912_suno_0,sonics::9912,https://github.com/awsaf49/sonics,official part_01 + metadata snapshot 2026-08-31,CC BY-NC 4.0,YES,YES_WITH_ATTRIBUTION_NONCOMMERCIAL,YES_NONCOMMERCIAL_ONLY,SONICS-fake,263e98880b9e553a669cb69082282c864e6cb96860a63118ca88b205843b9294,sonics::9912,train,test,mostly fake
data\raw\public_v9\sonics\fake_09918_suno_0.mp3,1,1,1,1,1,sonics::9918,SONICS::chirp-v2-xxl-alpha,sonics_official,sonics_official,awsaf49/sonics,fake_09918_suno_0,sonics::9918,https://github.com/awsaf49/sonics,official part_01 + metadata snapshot 2026-08-31,CC BY-NC 4.0,YES,YES_WITH_ATTRIBUTION_NONCOMMERCIAL,YES_NONCOMMERCIAL_ONLY,SONICS-fake,a47c2bd6f169697abd3fadee7b91028117fa5ceab600adb7bf5b060328989a2b,sonics::9918,train,test,half fake
data\raw\public_v9\sonics\fake_09922_suno_0.mp3,1,1,1,1,1,sonics::9922,SONICS::chirp-v2-xxl-alpha,sonics_official,sonics_official,awsaf49/sonics,fake_09922_suno_0,sonics::9922,https://github.com/awsaf49/sonics,official part_01 + metadata snapshot 2026-08-31,CC BY-NC 4.0,YES,YES_WITH_ATTRIBUTION_NONCOMMERCIAL,YES_NONCOMMERCIAL_ONLY,SONICS-fake,cde291bd1df79ea4e2dfcc3b3fe4d39f5f13ce096adce1e76cb1f6dececcdc42,sonics::9922,train,valid,mostly fake
data\raw\public_v9\sonics\fake_09924_suno_0.mp3,1,1,1,1,1,sonics::9924,SONICS::chirp-v2-xxl-alpha,sonics_official,sonics_official,awsaf49/sonics,fake_09924_suno_0,sonics::9924,https://github.com/awsaf49/sonics,official part_01 + metadata snapshot 2026-08-31,CC BY-NC 4.0,YES,YES_WITH_ATTRIBUTION_NONCOMMERCIAL,YES_NONCOMMERCIAL_ONLY,SONICS-fake,4cd9c9023424a0308fa8c73101ac44975d039807fa1f648dd8f7814bab69e7ef,sonics::9924,train,test,mostly fake
data\raw\public_v9\sonics\fake_09996_suno_0.mp3,1,1,1,1,1,sonics::9996,SONICS::chirp-v2-xxl-alpha,sonics_official,sonics_official,awsaf49/sonics,fake_09996_suno_0,sonics::9996,https://github.com/awsaf49/sonics,official part_01 + metadata snapshot 2026-08-31,CC BY-NC 4.0,YES,YES_WITH_ATTRIBUTION_NONCOMMERCIAL,YES_NONCOMMERCIAL_ONLY,SONICS-fake,bad8025ab6d2a57ebaba0529fbe6367b46c758f20c81226ec047c98658a06024,sonics::9996,train,test,mostly fake
data\raw\public_v9\sonics\fake_10003_suno_0.mp3,1,1,1,1,1,sonics::10003,SONICS::chirp-v2-xxl-alpha,sonics_official,sonics_official,awsaf49/sonics,fake_10003_suno_0,sonics::10003,https://github.com/awsaf49/sonics,official part_01 + metadata snapshot 2026-08-31,CC BY-NC 4.0,YES,YES_WITH_ATTRIBUTION_NONCOMMERCIAL,YES_NONCOMMERCIAL_ONLY,SONICS-fake,a05efaaedc83d50f9119bc2fdbe187ac08ec30a2f65e8884d70967481a497f6a,sonics::10003,train,valid,mostly fake
data\raw\public_v9\sonics\fake_10026_suno_0.mp3,1,1,1,1,1,sonics::10026,SONICS::chirp-v2-xxl-alpha,sonics_official,sonics_official,awsaf49/sonics,fake_10026_suno_0,sonics::10026,https://github.com/awsaf49/sonics,official part_01 + metadata snapshot 2026-08-31,CC BY-NC 4.0,YES,YES_WITH_ATTRIBUTION_NONCOMMERCIAL,YES_NONCOMMERCIAL_ONLY,SONICS-fake,f1e63026c8ae6f079187d59137716bc380281bcf87e7caceae562b48fb857d74,sonics::10026,train,test,mostly fake
data\raw\public_v9\sonics\fake_10039_suno_0.mp3,1,1,1,1,1,sonics::10039,SONICS::chirp-v2-xxl-alpha,sonics_official,sonics_official,awsaf49/sonics,fake_10039_suno_0,sonics::10039,https://github.com/awsaf49/sonics,official part_01 + metadata snapshot 2026-08-31,CC BY-NC 4.0,YES,YES_WITH_ATTRIBUTION_NONCOMMERCIAL,YES_NONCOMMERCIAL_ONLY,SONICS-fake,3a8e97536ebffe1fe9738abb0f9b3870274a9efbd2fc3f75531c29c80076ea23,sonics::10039,train,test,half fake
data\raw\public_v9\sonics\fake_10146_suno_0.mp3,1,1,1,1,1,sonics::10146,SONICS::chirp-v2-xxl-alpha,sonics_official,sonics_official,awsaf49/sonics,fake_10146_suno_0,sonics::10146,https://github.com/awsaf49/sonics,official part_01 + metadata snapshot 2026-08-31,CC BY-NC 4.0,YES,YES_WITH_ATTRIBUTION_NONCOMMERCIAL,YES_NONCOMMERCIAL_ONLY,SONICS-fake,fa12b3a0f3863761005e4fbd42ce036a84b3a172c2a0b79b567ac1ab75e6202d,sonics::10146,train,test,mostly fake
data\raw\public_v9\sonics\fake_10148_suno_0.mp3,1,1,1,1,1,sonics::10148,SONICS::chirp-v2-xxl-alpha,sonics_official,sonics_official,awsaf49/sonics,fake_10148_suno_0,sonics::10148,https://github.com/awsaf49/sonics,official part_01 + metadata snapshot 2026-08-31,CC BY-NC 4.0,YES,YES_WITH_ATTRIBUTION_NONCOMMERCIAL,YES_NONCOMMERCIAL_ONLY,SONICS-fake,4f19c7771bf5248deb975ff4514910beb10ded200b8faf6b0d880e681356d4dc,sonics::10148,train,test,mostly fake
data\raw\public_v9\sonics\fake_10259_suno_0.mp3,1,1,1,1,1,sonics::10259,SONICS::chirp-v2-xxl-alpha,sonics_official,sonics_official,awsaf49/sonics,fake_10259_suno_0,sonics::10259,https://github.com/awsaf49/sonics,official part_01 + metadata snapshot 2026-08-31,CC BY-NC 4.0,YES,YES_WITH_ATTRIBUTION_NONCOMMERCIAL,YES_NONCOMMERCIAL_ONLY,SONICS-fake,a821d4dc167bdb1c0b22e0bb979045b87d4936672bd45e94c665422c307d06fa,sonics::10259,train,test,mostly fake
data\raw\public_v9\sonics\fake_10331_suno_0.mp3,1,1,1,1,1,sonics::10331,SONICS::chirp-v2-xxl-alpha,sonics_official,sonics_official,awsaf49/sonics,fake_10331_suno_0,sonics::10331,https://github.com/awsaf49/sonics,official part_01 + metadata snapshot 2026-08-31,CC BY-NC 4.0,YES,YES_WITH_ATTRIBUTION_NONCOMMERCIAL,YES_NONCOMMERCIAL_ONLY,SONICS-fake,e8e93c057d9e98e416b606fb7e0d5a881444c7223ac4ef6294611af769bd4dec,sonics::10331,train,test,mostly fake
data\raw\public_v9\sonics\fake_10378_suno_0.mp3,1,1,1,1,1,sonics::10378,SONICS::chirp-v2-xxl-alpha,sonics_official,sonics_official,awsaf49/sonics,fake_10378_suno_0,sonics::10378,https://github.com/awsaf49/sonics,official part_01 + metadata snapshot 2026-08-31,CC BY-NC 4.0,YES,YES_WITH_ATTRIBUTION_NONCOMMERCIAL,YES_NONCOMMERCIAL_ONLY,SONICS-fake,318cc2663583d05829d601c0d100511186f1e2f972966a13dabcd6d28bbe7509,sonics::10378,train,valid,mostly fake
data\raw\public_v9\sonics\fake_10437_suno_0.mp3,1,1,1,1,1,sonics::10437,SONICS::chirp-v2-xxl-alpha,sonics_official,sonics_official,awsaf49/sonics,fake_10437_suno_0,sonics::10437,https://github.com/awsaf49/sonics,official part_01 + metadata snapshot 2026-08-31,CC BY-NC 4.0,YES,YES_WITH_ATTRIBUTION_NONCOMMERCIAL,YES_NONCOMMERCIAL_ONLY,SONICS-fake,67475894ffc60b860dc91138556bc07da951f624c20aa59268f19a4d349be687,sonics::10437,train,test,mostly fake
data\raw\public_v9\sonics\fake_10440_suno_0.mp3,1,1,1,1,1,sonics::10440,SONICS::chirp-v2-xxl-alpha,sonics_official,sonics_official,awsaf49/sonics,fake_10440_suno_0,sonics::10440,https://github.com/awsaf49/sonics,official part_01 + metadata snapshot 2026-08-31,CC BY-NC 4.0,YES,YES_WITH_ATTRIBUTION_NONCOMMERCIAL,YES_NONCOMMERCIAL_ONLY,SONICS-fake,c66b7687a18b123692a5c62c47c09d4c9d0cfedb90f056cc8b57414f4f5b8eff,sonics::10440,train,test,mostly fake
data\raw\public_v9\sonics\fake_10567_suno_0.mp3,1,1,1,1,1,sonics::10567,SONICS::chirp-v2-xxl-alpha,sonics_official,sonics_official,awsaf49/sonics,fake_10567_suno_0,sonics::10567,https://github.com/awsaf49/sonics,official part_01 + metadata snapshot 2026-08-31,CC BY-NC 4.0,YES,YES_WITH_ATTRIBUTION_NONCOMMERCIAL,YES_NONCOMMERCIAL_ONLY,SONICS-fake,ad69910123d96372754ea2abf848dcd59e29baf972f7b935ea9c4d3408fd984e,sonics::10567,train,test,half fake
data\raw\public_v9\sonics\fake_10581_suno_0.mp3,1,1,1,1,1,sonics::10581,SONICS::chirp-v2-xxl-alpha,sonics_official,sonics_official,awsaf49/sonics,fake_10581_suno_0,sonics::10581,https://github.com/awsaf49/sonics,official part_01 + metadata snapshot 2026-08-31,CC BY-NC 4.0,YES,YES_WITH_ATTRIBUTION_NONCOMMERCIAL,YES_NONCOMMERCIAL_ONLY,SONICS-fake,b2ea905c0f122b158261cd84699015737a812cb65cce454b88ae98336d10a929,sonics::10581,train,test,mostly fake
data\raw\public_v9\sonics\fake_10604_suno_0.mp3,1,1,1,1,1,sonics::10604,SONICS::chirp-v2-xxl-alpha,sonics_official,sonics_official,awsaf49/sonics,fake_10604_suno_0,sonics::10604,https://github.com/awsaf49/sonics,official part_01 + metadata snapshot 2026-08-31,CC BY-NC 4.0,YES,YES_WITH_ATTRIBUTION_NONCOMMERCIAL,YES_NONCOMMERCIAL_ONLY,SONICS-fake,6234ac622a3df2f28a33bcad61f33dd5d9f53a7bc8a3aec45633b59a4fee7d37,sonics::10604,train,test,mostly fake
data\raw\public_v9\sonics\fake_10686_suno_0.mp3,1,1,1,1,1,sonics::10686,SONICS::chirp-v2-xxl-alpha,sonics_official,sonics_official,awsaf49/sonics,fake_10686_suno_0,sonics::10686,https://github.com/awsaf49/sonics,official part_01 + metadata snapshot 2026-08-31,CC BY-NC 4.0,YES,YES_WITH_ATTRIBUTION_NONCOMMERCIAL,YES_NONCOMMERCIAL_ONLY,SONICS-fake,589052c36974f935f9bc03bcb757c1631e13f131b563fc05051cb8633e5b4a09,sonics::10686,train,test,mostly fake
data\raw\public_v9\sonics\fake_09008_suno_0.mp3,1,1,1,1,1,sonics::9008,SONICS::chirp-v3,sonics_official,sonics_official,awsaf49/sonics,fake_09008_suno_0,sonics::9008,https://github.com/awsaf49/sonics,official part_01 + metadata snapshot 2026-08-31,CC BY-NC 4.0,YES,YES_WITH_ATTRIBUTION_NONCOMMERCIAL,YES_NONCOMMERCIAL_ONLY,SONICS-fake,96fd5837da2e388f9493377fc8e7c828473d44097ec9807356c6b356ead12d3e,sonics::9008,train,test,mostly fake
data\raw\public_v9\sonics\fake_09009_suno_1.mp3,1,1,1,1,1,sonics::9009,SONICS::chirp-v3,sonics_official,sonics_official,awsaf49/sonics,fake_09009_suno_1,sonics::9009,https://github.com/awsaf49/sonics,official part_01 + metadata snapshot 2026-08-31,CC BY-NC 4.0,YES,YES_WITH_ATTRIBUTION_NONCOMMERCIAL,YES_NONCOMMERCIAL_ONLY,SONICS-fake,7ec11680acfbd4bd3b819b63eb3e92e068ef62832d38a782ba134651d81393c1,sonics::9009,train,test,half fake
data\raw\public_v9\sonics\fake_09018_suno_0.mp3,1,1,1,1,1,sonics::9018,SONICS::chirp-v3,sonics_official,sonics_official,awsaf49/sonics,fake_09018_suno_0,sonics::9018,https://github.com/awsaf49/sonics,official part_01 + metadata snapshot 2026-08-31,CC BY-NC 4.0,YES,YES_WITH_ATTRIBUTION_NONCOMMERCIAL,YES_NONCOMMERCIAL_ONLY,SONICS-fake,b24a5e6b382f90bbdd075c5281f0940b766e43d25d390ff82c3451854c2db7f2,sonics::9018,train,valid,half fake
data\raw\public_v9\sonics\fake_09025_suno_0.mp3,1,1,1,1,1,sonics::9025,SONICS::chirp-v3,sonics_official,sonics_official,awsaf49/sonics,fake_09025_suno_0,sonics::9025,https://github.com/awsaf49/sonics,official part_01 + metadata snapshot 2026-08-31,CC BY-NC 4.0,YES,YES_WITH_ATTRIBUTION_NONCOMMERCIAL,YES_NONCOMMERCIAL_ONLY,SONICS-fake,6e528a29aafc2f953832865402742ff017f2b006bab4f5a7f56d7f2eb824479f,sonics::9025,train,test,mostly fake
data\raw\public_v9\sonics\fake_09063_suno_0.mp3,1,1,1,1,1,sonics::9063,SONICS::chirp-v3,sonics_official,sonics_official,awsaf49/sonics,fake_09063_suno_0,sonics::9063,https://github.com/awsaf49/sonics,official part_01 + metadata snapshot 2026-08-31,CC BY-NC 4.0,YES,YES_WITH_ATTRIBUTION_NONCOMMERCIAL,YES_NONCOMMERCIAL_ONLY,SONICS-fake,6220faf95d047ee5cf5bfa422d9be0e26b7de0c12cf283508d528181efd338fe,sonics::9063,train,test,mostly fake
data\raw\public_v9\sonics\fake_09068_suno_0.mp3,1,1,1,1,1,sonics::9068,SONICS::chirp-v3,sonics_official,sonics_official,awsaf49/sonics,fake_09068_suno_0,sonics::9068,https://github.com/awsaf49/sonics,official part_01 + metadata snapshot 2026-08-31,CC BY-NC 4.0,YES,YES_WITH_ATTRIBUTION_NONCOMMERCIAL,YES_NONCOMMERCIAL_ONLY,SONICS-fake,de89c0b5d252ad3ab24db2ae011a08bf1b09ca2c65dfffa1e8f7e742987c7dc3,sonics::9068,train,test,half fake
data\raw\public_v9\sonics\fake_09094_suno_0.mp3,1,1,1,1,1,sonics::9094,SONICS::chirp-v3,sonics_official,sonics_official,awsaf49/sonics,fake_09094_suno_0,sonics::9094,https://github.com/awsaf49/sonics,official part_01 + metadata snapshot 2026-08-31,CC BY-NC 4.0,YES,YES_WITH_ATTRIBUTION_NONCOMMERCIAL,YES_NONCOMMERCIAL_ONLY,SONICS-fake,8f2aa1fc6e1818530ecef91bed27950b782956d6ea9d0793c79a118c30bb6cc4,sonics::9094,train,test,mostly fake
data\raw\public_v9\sonics\fake_09122_suno_0.mp3,1,1,1,1,1,sonics::9122,SONICS::chirp-v3,sonics_official,sonics_official,awsaf49/sonics,fake_09122_suno_0,sonics::9122,https://github.com/awsaf49/sonics,official part_01 + metadata snapshot 2026-08-31,CC BY-NC 4.0,YES,YES_WITH_ATTRIBUTION_NONCOMMERCIAL,YES_NONCOMMERCIAL_ONLY,SONICS-fake,a5c4d4202f6211ec4926b0bd856dd70447eb574982d49eb03c9d1a6f5338ac15,sonics::9122,train,test,mostly fake
data\raw\public_v9\sonics\fake_09165_suno_0.mp3,1,1,1,1,1,sonics::9165,SONICS::chirp-v3,sonics_official,sonics_official,awsaf49/sonics,fake_09165_suno_0,sonics::9165,https://github.com/awsaf49/sonics,official part_01 + metadata snapshot 2026-08-31,CC BY-NC 4.0,YES,YES_WITH_ATTRIBUTION_NONCOMMERCIAL,YES_NONCOMMERCIAL_ONLY,SONICS-fake,964ff2e3de2f20437c5c903ce6b7da70277c2dfc39e3392973464fc6effea725,sonics::9165,train,test,mostly fake
data\raw\public_v9\sonics\fake_09176_suno_0.mp3,1,1,1,1,1,sonics::9176,SONICS::chirp-v3,sonics_official,sonics_official,awsaf49/sonics,fake_09176_suno_0,sonics::9176,https://github.com/awsaf49/sonics,official part_01 + metadata snapshot 2026-08-31,CC BY-NC 4.0,YES,YES_WITH_ATTRIBUTION_NONCOMMERCIAL,YES_NONCOMMERCIAL_ONLY,SONICS-fake,17fb1eac38c2a987fd8650145d3ff15b66deb3d4e2485427bdbdc6338287ca54,sonics::9176,train,test,mostly fake
data\raw\public_v9\sonics\fake_09199_suno_0.mp3,1,1,1,1,1,sonics::9199,SONICS::chirp-v3,sonics_official,sonics_official,awsaf49/sonics,fake_09199_suno_0,sonics::9199,https://github.com/awsaf49/sonics,official part_01 + metadata snapshot 2026-08-31,CC BY-NC 4.0,YES,YES_WITH_ATTRIBUTION_NONCOMMERCIAL,YES_NONCOMMERCIAL_ONLY,SONICS-fake,7609d5ef3927ec7b8dac0771676b729fde154a98a22002a3fcdab51fedecda31,sonics::9199,train,test,half fake
data\raw\public_v9\sonics\fake_09224_suno_0.mp3,1,1,1,1,1,sonics::9224,SONICS::chirp-v3,sonics_official,sonics_official,awsaf49/sonics,fake_09224_suno_0,sonics::9224,https://github.com/awsaf49/sonics,official part_01 + metadata snapshot 2026-08-31,CC BY-NC 4.0,YES,YES_WITH_ATTRIBUTION_NONCOMMERCIAL,YES_NONCOMMERCIAL_ONLY,SONICS-fake,8d6b2b1da3a09e28af79f083bb647bb9f84879ab417185d380c7397ea001c114,sonics::9224,train,test,half fake
data\raw\public_v9\sonics\fake_09239_suno_0.mp3,1,1,1,1,1,sonics::9239,SONICS::chirp-v3,sonics_official,sonics_official,awsaf49/sonics,fake_09239_suno_0,sonics::9239,https://github.com/awsaf49/sonics,official part_01 + metadata snapshot 2026-08-31,CC BY-NC 4.0,YES,YES_WITH_ATTRIBUTION_NONCOMMERCIAL,YES_NONCOMMERCIAL_ONLY,SONICS-fake,3c003274e87d2841cef12d823a5e7e1fb3cf058ec1fd0213b86253f0e2de6508,sonics::9239,train,test,mostly fake
data\raw\public_v9\sonics\fake_09250_suno_0.mp3,1,1,1,1,1,sonics::9250,SONICS::chirp-v3,sonics_official,sonics_official,awsaf49/sonics,fake_09250_suno_0,sonics::9250,https://github.com/awsaf49/sonics,official part_01 + metadata snapshot 2026-08-31,CC BY-NC 4.0,YES,YES_WITH_ATTRIBUTION_NONCOMMERCIAL,YES_NONCOMMERCIAL_ONLY,SONICS-fake,e438a13ce3ec1e14060e7340b8cb0efe4f8bd00f7b8c6ac86a0a0fa80b095f33,sonics::9250,train,test,mostly fake
data\raw\public_v9\sonics\fake_09280_suno_0.mp3,1,1,1,1,1,sonics::9280,SONICS::chirp-v3,sonics_official,sonics_official,awsaf49/sonics,fake_09280_suno_0,sonics::9280,https://github.com/awsaf49/sonics,official part_01 + metadata snapshot 2026-08-31,CC BY-NC 4.0,YES,YES_WITH_ATTRIBUTION_NONCOMMERCIAL,YES_NONCOMMERCIAL_ONLY,SONICS-fake,025d4bef47e0dc534f69880a24cd1a1af7852bcbbcfafcc670369887bda6e593,sonics::9280,train,test,mostly fake
data\raw\public_v9\sonics\fake_09283_suno_0.mp3,1,1,1,1,1,sonics::9283,SONICS::chirp-v3,sonics_official,sonics_official,awsaf49/sonics,fake_09283_suno_0,sonics::9283,https://github.com/awsaf49/sonics,official part_01 + metadata snapshot 2026-08-31,CC BY-NC 4.0,YES,YES_WITH_ATTRIBUTION_NONCOMMERCIAL,YES_NONCOMMERCIAL_ONLY,SONICS-fake,91e5f6c4b4488ca84f9209c223fee1d9952b5d8bd96fa3cfcbaa1434933ee4da,sonics::9283,train,test,mostly fake
data\raw\public_v9\sonics\fake_09289_suno_0.mp3,1,1,1,1,1,sonics::9289,SONICS::chirp-v3,sonics_official,sonics_official,awsaf49/sonics,fake_09289_suno_0,sonics::9289,https://github.com/awsaf49/sonics,official part_01 + metadata snapshot 2026-08-31,CC BY-NC 4.0,YES,YES_WITH_ATTRIBUTION_NONCOMMERCIAL,YES_NONCOMMERCIAL_ONLY,SONICS-fake,2ee736313258974452bcb8a8dc840f597b80c0d1c6c16df298d12c7d49164b14,sonics::9289,train,test,mostly fake
data\raw\public_v9\sonics\fake_09372_suno_0.mp3,1,1,1,1,1,sonics::9372,SONICS::chirp-v3,sonics_official,sonics_official,awsaf49/sonics,fake_09372_suno_0,sonics::9372,https://github.com/awsaf49/sonics,official part_01 + metadata snapshot 2026-08-31,CC BY-NC 4.0,YES,YES_WITH_ATTRIBUTION_NONCOMMERCIAL,YES_NONCOMMERCIAL_ONLY,SONICS-fake,8bbffa4c942ffd9158987c5cdc8619df63ce01224aef02291b4cf2d0fa029dc9,sonics::9372,train,test,mostly fake
data\raw\public_v9\sonics\fake_09405_suno_0.mp3,1,1,1,1,1,sonics::9405,SONICS::chirp-v3,sonics_official,sonics_official,awsaf49/sonics,fake_09405_suno_0,sonics::9405,https://github.com/awsaf49/sonics,official part_01 + metadata snapshot 2026-08-31,CC BY-NC 4.0,YES,YES_WITH_ATTRIBUTION_NONCOMMERCIAL,YES_NONCOMMERCIAL_ONLY,SONICS-fake,a98eb2da19645f0c079e0a4576e2392dc9f02e614834da94871a773c55f6dcf1,sonics::9405,train,test,mostly fake
data\raw\public_v9\sonics\fake_09421_suno_0.mp3,1,1,1,1,1,sonics::9421,SONICS::chirp-v3,sonics_official,sonics_official,awsaf49/sonics,fake_09421_suno_0,sonics::9421,https://github.com/awsaf49/sonics,official part_01 + metadata snapshot 2026-08-31,CC BY-NC 4.0,YES,YES_WITH_ATTRIBUTION_NONCOMMERCIAL,YES_NONCOMMERCIAL_ONLY,SONICS-fake,bb357092453c06a4856fb437e7aad9cabcc9ca902a74a945d8223d8394e395fb,sonics::9421,train,test,mostly fake
data\raw\public_v9\sonics\fake_09431_suno_0.mp3,1,1,1,1,1,sonics::9431,SONICS::chirp-v3,sonics_official,sonics_official,awsaf49/sonics,fake_09431_suno_0,sonics::9431,https://github.com/awsaf49/sonics,official part_01 + metadata snapshot 2026-08-31,CC BY-NC 4.0,YES,YES_WITH_ATTRIBUTION_NONCOMMERCIAL,YES_NONCOMMERCIAL_ONLY,SONICS-fake,09f08ae01aeeb7b76c70ce328e544c97ce943ddbeb6f6f5dbdc98860b7adae36,sonics::9431,train,test,mostly fake
data\raw\public_v9\sonics\fake_09483_suno_0.mp3,1,1,1,1,1,sonics::9483,SONICS::chirp-v3,sonics_official,sonics_official,awsaf49/sonics,fake_09483_suno_0,sonics::9483,https://github.com/awsaf49/sonics,official part_01 + metadata snapshot 2026-08-31,CC BY-NC 4.0,YES,YES_WITH_ATTRIBUTION_NONCOMMERCIAL,YES_NONCOMMERCIAL_ONLY,SONICS-fake,b513487ad5cc5c55e9230cb7008247819fe53d80f4306e4ded10b08a14554bf1,sonics::9483,train,test,mostly fake
data\raw\public_v9\sonics\fake_09510_suno_0.mp3,1,1,1,1,1,sonics::9510,SONICS::chirp-v3,sonics_official,sonics_official,awsaf49/sonics,fake_09510_suno_0,sonics::9510,https://github.com/awsaf49/sonics,official part_01 + metadata snapshot 2026-08-31,CC BY-NC 4.0,YES,YES_WITH_ATTRIBUTION_NONCOMMERCIAL,YES_NONCOMMERCIAL_ONLY,SONICS-fake,20f269f33ab3d782fc08a62aaceffcb8413d75697854d13ca4b77aff428a4339,sonics::9510,train,test,mostly fake
data\raw\public_v9\sonics\fake_09533_suno_0.mp3,1,1,1,1,1,sonics::9533,SONICS::chirp-v3,sonics_official,sonics_official,awsaf49/sonics,fake_09533_suno_0,sonics::9533,https://github.com/awsaf49/sonics,official part_01 + metadata snapshot 2026-08-31,CC BY-NC 4.0,YES,YES_WITH_ATTRIBUTION_NONCOMMERCIAL,YES_NONCOMMERCIAL_ONLY,SONICS-fake,a36d76a6a1c6008610dbc2e6086ea49a9c2a4bff8e01b003a66def99de6197d8,sonics::9533,train,test,mostly fake
data\raw\public_v9\sonics\fake_09556_suno_0.mp3,1,1,1,1,1,sonics::9556,SONICS::chirp-v3,sonics_official,sonics_official,awsaf49/sonics,fake_09556_suno_0,sonics::9556,https://github.com/awsaf49/sonics,official part_01 + metadata snapshot 2026-08-31,CC BY-NC 4.0,YES,YES_WITH_ATTRIBUTION_NONCOMMERCIAL,YES_NONCOMMERCIAL_ONLY,SONICS-fake,2eb070b77e9bd08e0d2f4307673349f00d49c9b7bb35dcc67a44657ff24fe751,sonics::9556,train,test,mostly fake
data\raw\public_v9\sonics\fake_09632_suno_0.mp3,1,1,1,1,1,sonics::9632,SONICS::chirp-v3,sonics_official,sonics_official,awsaf49/sonics,fake_09632_suno_0,sonics::9632,https://github.com/awsaf49/sonics,official part_01 + metadata snapshot 2026-08-31,CC BY-NC 4.0,YES,YES_WITH_ATTRIBUTION_NONCOMMERCIAL,YES_NONCOMMERCIAL_ONLY,SONICS-fake,3cba0dc3fae6a67b8941efac68f02e387eae4643007c2dbef6478a6af94198d6,sonics::9632,train,valid,mostly fake
data\raw\public_v9\sonics\fake_09640_suno_0.mp3,1,1,1,1,1,sonics::9640,SONICS::chirp-v3,sonics_official,sonics_official,awsaf49/sonics,fake_09640_suno_0,sonics::9640,https://github.com/awsaf49/sonics,official part_01 + metadata snapshot 2026-08-31,CC BY-NC 4.0,YES,YES_WITH_ATTRIBUTION_NONCOMMERCIAL,YES_NONCOMMERCIAL_ONLY,SONICS-fake,662e2db32210c1a27dd7314f190b3b60c89a228d8537f93d82c4d389d8ac8c60,sonics::9640,train,valid,mostly fake
data\raw\public_v9\sonics\fake_09680_suno_0.mp3,1,1,1,1,1,sonics::9680,SONICS::chirp-v3,sonics_official,sonics_official,awsaf49/sonics,fake_09680_suno_0,sonics::9680,https://github.com/awsaf49/sonics,official part_01 + metadata snapshot 2026-08-31,CC BY-NC 4.0,YES,YES_WITH_ATTRIBUTION_NONCOMMERCIAL,YES_NONCOMMERCIAL_ONLY,SONICS-fake,ada70b2506d31971b97fb1dc388040893fd5551056aa443196ce3cb9a4bad07f,sonics::9680,train,test,mostly fake
data\raw\public_v9\sonics\fake_09684_suno_0.mp3,1,1,1,1,1,sonics::9684,SONICS::chirp-v3,sonics_official,sonics_official,awsaf49/sonics,fake_09684_suno_0,sonics::9684,https://github.com/awsaf49/sonics,official part_01 + metadata snapshot 2026-08-31,CC BY-NC 4.0,YES,YES_WITH_ATTRIBUTION_NONCOMMERCIAL,YES_NONCOMMERCIAL_ONLY,SONICS-fake,284496af598e41eda5e8b7d8bfff3a66c006e227a433392a31558fdbee3510ca,sonics::9684,train,valid,mostly fake
data\raw\public_v9\sonics\fake_09725_suno_0.mp3,1,1,1,1,1,sonics::9725,SONICS::chirp-v3,sonics_official,sonics_official,awsaf49/sonics,fake_09725_suno_0,sonics::9725,https://github.com/awsaf49/sonics,official part_01 + metadata snapshot 2026-08-31,CC BY-NC 4.0,YES,YES_WITH_ATTRIBUTION_NONCOMMERCIAL,YES_NONCOMMERCIAL_ONLY,SONICS-fake,6a3784c54dea1197dc3f57c6139bedcea346bcc52e92a5245f0abcda8f2bb8a9,sonics::9725,train,test,mostly fake
data\raw\public_v9\sonics\fake_09782_suno_0.mp3,1,1,1,1,1,sonics::9782,SONICS::chirp-v3,sonics_official,sonics_official,awsaf49/sonics,fake_09782_suno_0,sonics::9782,https://github.com/awsaf49/sonics,official part_01 + metadata snapshot 2026-08-31,CC BY-NC 4.0,YES,YES_WITH_ATTRIBUTION_NONCOMMERCIAL,YES_NONCOMMERCIAL_ONLY,SONICS-fake,cfa400648763024c70af8b0eb4529213c0dc1cf4016c2ea30e77f6bcbbcc470e,sonics::9782,train,test,mostly fake
data\raw\public_v9\sonics\fake_09798_suno_0.mp3,1,1,1,1,1,sonics::9798,SONICS::chirp-v3,sonics_official,sonics_official,awsaf49/sonics,fake_09798_suno_0,sonics::9798,https://github.com/awsaf49/sonics,official part_01 + metadata snapshot 2026-08-31,CC BY-NC 4.0,YES,YES_WITH_ATTRIBUTION_NONCOMMERCIAL,YES_NONCOMMERCIAL_ONLY,SONICS-fake,38b0f43a631197f6176927e5db6d8605467c458150c3a01b3c47e49a50495adb,sonics::9798,train,test,mostly fake
data\raw\public_v9\sonics\fake_09834_suno_0.mp3,1,1,1,1,1,sonics::9834,SONICS::chirp-v3,sonics_official,sonics_official,awsaf49/sonics,fake_09834_suno_0,sonics::9834,https://github.com/awsaf49/sonics,official part_01 + metadata snapshot 2026-08-31,CC BY-NC 4.0,YES,YES_WITH_ATTRIBUTION_NONCOMMERCIAL,YES_NONCOMMERCIAL_ONLY,SONICS-fake,b0f4e57840e27731f011179770b889029364d9c59ec4a8be5eb94540c2aa2585,sonics::9834,train,test,mostly fake
data\raw\public_v9\sonics\fake_09848_suno_0.mp3,1,1,1,1,1,sonics::9848,SONICS::chirp-v3,sonics_official,sonics_official,awsaf49/sonics,fake_09848_suno_0,sonics::9848,https://github.com/awsaf49/sonics,official part_01 + metadata snapshot 2026-08-31,CC BY-NC 4.0,YES,YES_WITH_ATTRIBUTION_NONCOMMERCIAL,YES_NONCOMMERCIAL_ONLY,SONICS-fake,8e39c89045706259ee28c7d1727d588173e0e1622b67a8a603b9c262f96d337f,sonics::9848,train,test,mostly fake
data\raw\public_v9\sonics\fake_09859_suno_0.mp3,1,1,1,1,1,sonics::9859,SONICS::chirp-v3,sonics_official,sonics_official,awsaf49/sonics,fake_09859_suno_0,sonics::9859,https://github.com/awsaf49/sonics,official part_01 + metadata snapshot 2026-08-31,CC BY-NC 4.0,YES,YES_WITH_ATTRIBUTION_NONCOMMERCIAL,YES_NONCOMMERCIAL_ONLY,SONICS-fake,d0f17dda0e2ec417d483f64be5c2a56e909647f638afdde4f7d85a81ae40aec9,sonics::9859,train,test,mostly fake
data\raw\public_v9\sonics\fake_09861_suno_0.mp3,1,1,1,1,1,sonics::9861,SONICS::chirp-v3,sonics_official,sonics_official,awsaf49/sonics,fake_09861_suno_0,sonics::9861,https://github.com/awsaf49/sonics,official part_01 + metadata snapshot 2026-08-31,CC BY-NC 4.0,YES,YES_WITH_ATTRIBUTION_NONCOMMERCIAL,YES_NONCOMMERCIAL_ONLY,SONICS-fake,114f6f1dfba050b3688dfe87585351161f9a97260e8bcd13cb514127d39d799d,sonics::9861,train,valid,mostly fake
data\raw\public_v9\sonics\fake_09862_suno_0.mp3,1,1,1,1,1,sonics::9862,SONICS::chirp-v3,sonics_official,sonics_official,awsaf49/sonics,fake_09862_suno_0,sonics::9862,https://github.com/awsaf49/sonics,official part_01 + metadata snapshot 2026-08-31,CC BY-NC 4.0,YES,YES_WITH_ATTRIBUTION_NONCOMMERCIAL,YES_NONCOMMERCIAL_ONLY,SONICS-fake,1cb8e76c7a1afa633535296f6c48137b30d56c89efceca75a5904233effce121,sonics::9862,train,test,half fake
data\raw\public_v9\sonics\fake_09915_suno_0.mp3,1,1,1,1,1,sonics::9915,SONICS::chirp-v3,sonics_official,sonics_official,awsaf49/sonics,fake_09915_suno_0,sonics::9915,https://github.com/awsaf49/sonics,official part_01 + metadata snapshot 2026-08-31,CC BY-NC 4.0,YES,YES_WITH_ATTRIBUTION_NONCOMMERCIAL,YES_NONCOMMERCIAL_ONLY,SONICS-fake,28c063182204e57ebde4faf22b4c51c8e29a9fb9b684668796f9d56a8aed38ba,sonics::9915,train,test,mostly fake
data\raw\public_v9\sonics\fake_09938_suno_0.mp3,1,1,1,1,1,sonics::9938,SONICS::chirp-v3,sonics_official,sonics_official,awsaf49/sonics,fake_09938_suno_0,sonics::9938,https://github.com/awsaf49/sonics,official part_01 + metadata snapshot 2026-08-31,CC BY-NC 4.0,YES,YES_WITH_ATTRIBUTION_NONCOMMERCIAL,YES_NONCOMMERCIAL_ONLY,SONICS-fake,2fc6eccead1b11846361d79b3a9b369033fd22813b6e5b588ccb16ed1314189c,sonics::9938,train,test,mostly fake
data\raw\public_v9\sonics\fake_09946_suno_0.mp3,1,1,1,1,1,sonics::9946,SONICS::chirp-v3,sonics_official,sonics_official,awsaf49/sonics,fake_09946_suno_0,sonics::9946,https://github.com/awsaf49/sonics,official part_01 + metadata snapshot 2026-08-31,CC BY-NC 4.0,YES,YES_WITH_ATTRIBUTION_NONCOMMERCIAL,YES_NONCOMMERCIAL_ONLY,SONICS-fake,02ec08f48ec9d717f494493a3b098fa2c723c15288d59e1faf6c3c1f78db6e2f,sonics::9946,train,test,mostly fake
data\raw\public_v9\sonics\fake_00001_suno_0.mp3,1,1,1,1,1,sonics::1,SONICS::chirp-v3.5,sonics_official,sonics_official,awsaf49/sonics,fake_00001_suno_0,sonics::1,https://github.com/awsaf49/sonics,official part_01 + metadata snapshot 2026-08-31,CC BY-NC 4.0,YES,YES_WITH_ATTRIBUTION_NONCOMMERCIAL,YES_NONCOMMERCIAL_ONLY,SONICS-fake,2c6d06d5d79e0103f383d3f30a0b0b1b14d015fe06d8c69da4a85480ebee69ab,sonics::1,train,train,half fake
data\raw\public_v9\sonics\fake_00006_suno_0.mp3,1,1,1,1,1,sonics::6,SONICS::chirp-v3.5,sonics_official,sonics_official,awsaf49/sonics,fake_00006_suno_0,sonics::6,https://github.com/awsaf49/sonics,official part_01 + metadata snapshot 2026-08-31,CC BY-NC 4.0,YES,YES_WITH_ATTRIBUTION_NONCOMMERCIAL,YES_NONCOMMERCIAL_ONLY,SONICS-fake,39909ce985256e1b36b02aa0aefc10514349b3fb7e3006c5c44e71183f6d731e,sonics::6,train,train,mostly fake
data\raw\public_v9\sonics\fake_00007_suno_0.mp3,1,1,1,1,1,sonics::7,SONICS::chirp-v3.5,sonics_official,sonics_official,awsaf49/sonics,fake_00007_suno_0,sonics::7,https://github.com/awsaf49/sonics,official part_01 + metadata snapshot 2026-08-31,CC BY-NC 4.0,YES,YES_WITH_ATTRIBUTION_NONCOMMERCIAL,YES_NONCOMMERCIAL_ONLY,SONICS-fake,a73c49d6bb9ee4b43dca1a9d60c690a6abcad7338e15c3eab73da1c98cdfb973,sonics::7,train,train,half fake
data\raw\public_v9\sonics\fake_00011_suno_0.mp3,1,1,1,1,1,sonics::11,SONICS::chirp-v3.5,sonics_official,sonics_official,awsaf49/sonics,fake_00011_suno_0,sonics::11,https://github.com/awsaf49/sonics,official part_01 + metadata snapshot 2026-08-31,CC BY-NC 4.0,YES,YES_WITH_ATTRIBUTION_NONCOMMERCIAL,YES_NONCOMMERCIAL_ONLY,SONICS-fake,d4f91ed9442619ee11b8291cc8a46c57cc99a014be0d559bd11f4e9a2551a4f1,sonics::11,train,train,half fake
data\raw\public_v9\sonics\fake_00014_suno_0.mp3,1,1,1,1,1,sonics::14,SONICS::chirp-v3.5,sonics_official,sonics_official,awsaf49/sonics,fake_00014_suno_0,sonics::14,https://github.com/awsaf49/sonics,official part_01 + metadata snapshot 2026-08-31,CC BY-NC 4.0,YES,YES_WITH_ATTRIBUTION_NONCOMMERCIAL,YES_NONCOMMERCIAL_ONLY,SONICS-fake,8b5e28df17808b14fcad2058227270c19dba2fde3c0dfea811dc6f1d26a554be,sonics::14,train,train,half fake
data\raw\public_v9\sonics\fake_00018_suno_0.mp3,1,1,1,1,1,sonics::18,SONICS::chirp-v3.5,sonics_official,sonics_official,awsaf49/sonics,fake_00018_suno_0,sonics::18,https://github.com/awsaf49/sonics,official part_01 + metadata snapshot 2026-08-31,CC BY-NC 4.0,YES,YES_WITH_ATTRIBUTION_NONCOMMERCIAL,YES_NONCOMMERCIAL_ONLY,SONICS-fake,e11c5311fedae64558a2c80b5e3704f1fead8c82c94644d2ef4a5e69c4bb2c52,sonics::18,train,train,mostly fake
data\raw\public_v9\sonics\fake_00025_suno_0.mp3,1,1,1,1,1,sonics::25,SONICS::chirp-v3.5,sonics_official,sonics_official,awsaf49/sonics,fake_00025_suno_0,sonics::25,https://github.com/awsaf49/sonics,official part_01 + metadata snapshot 2026-08-31,CC BY-NC 4.0,YES,YES_WITH_ATTRIBUTION_NONCOMMERCIAL,YES_NONCOMMERCIAL_ONLY,SONICS-fake,8fc62737ca803d55e7510b227db75ccf13cafed03d54e9a2e4ba4670732e1753,sonics::25,train,train,half fake
data\raw\public_v9\sonics\fake_00031_suno_0.mp3,1,1,1,1,1,sonics::31,SONICS::chirp-v3.5,sonics_official,sonics_official,awsaf49/sonics,fake_00031_suno_0,sonics::31,https://github.com/awsaf49/sonics,official part_01 + metadata snapshot 2026-08-31,CC BY-NC 4.0,YES,YES_WITH_ATTRIBUTION_NONCOMMERCIAL,YES_NONCOMMERCIAL_ONLY,SONICS-fake,feb08732bd8dcd381d5faf6f4272789ffbc1882245949fb67d952c5a077352bd,sonics::31,train,train,half fake
data\raw\public_v9\sonics\fake_00034_suno_0.mp3,1,1,1,1,1,sonics::34,SONICS::chirp-v3.5,sonics_official,sonics_official,awsaf49/sonics,fake_00034_suno_0,sonics::34,https://github.com/awsaf49/sonics,official part_01 + metadata snapshot 2026-08-31,CC BY-NC 4.0,YES,YES_WITH_ATTRIBUTION_NONCOMMERCIAL,YES_NONCOMMERCIAL_ONLY,SONICS-fake,d12485783d096f7a90d7a746cbf6c3ce7a2a08de47a855bad07388f49064fbcc,sonics::34,train,train,mostly fake
data\raw\public_v9\sonics\fake_00036_suno_0.mp3,1,1,1,1,1,sonics::36,SONICS::chirp-v3.5,sonics_official,sonics_official,awsaf49/sonics,fake_00036_suno_0,sonics::36,https://github.com/awsaf49/sonics,official part_01 + metadata snapshot 2026-08-31,CC BY-NC 4.0,YES,YES_WITH_ATTRIBUTION_NONCOMMERCIAL,YES_NONCOMMERCIAL_ONLY,SONICS-fake,b5fd1916dd2defac3f93e68093f88d3687fa68e956173fa6b738c106b85672e2,sonics::36,train,train,mostly fake
data\raw\public_v9\sonics\fake_00040_suno_0.mp3,1,1,1,1,1,sonics::40,SONICS::chirp-v3.5,sonics_official,sonics_official,awsaf49/sonics,fake_00040_suno_0,sonics::40,https://github.com/awsaf49/sonics,official part_01 + metadata snapshot 2026-08-31,CC BY-NC 4.0,YES,YES_WITH_ATTRIBUTION_NONCOMMERCIAL,YES_NONCOMMERCIAL_ONLY,SONICS-fake,b3f5b78214964401124d0de09937e900042f3b5899a5bc4cad0c959f8fe2aa29,sonics::40,train,train,mostly fake
data\raw\public_v9\sonics\fake_00049_suno_0.mp3,1,1,1,1,1,sonics::49,SONICS::chirp-v3.5,sonics_official,sonics_official,awsaf49/sonics,fake_00049_suno_0,sonics::49,https://github.com/awsaf49/sonics,official part_01 + metadata snapshot 2026-08-31,CC BY-NC 4.0,YES,YES_WITH_ATTRIBUTION_NONCOMMERCIAL,YES_NONCOMMERCIAL_ONLY,SONICS-fake,1ed1b5a3697fed41bd44748c4340cde53a479dffe866448ca7f7c455f3b26726,sonics::49,train,train,mostly fake
data\raw\public_v9\sonics\fake_00053_suno_0.mp3,1,1,1,1,1,sonics::53,SONICS::chirp-v3.5,sonics_official,sonics_official,awsaf49/sonics,fake_00053_suno_0,sonics::53,https://github.com/awsaf49/sonics,official part_01 + metadata snapshot 2026-08-31,CC BY-NC 4.0,YES,YES_WITH_ATTRIBUTION_NONCOMMERCIAL,YES_NONCOMMERCIAL_ONLY,SONICS-fake,10981cc53518508ac58c5ec1f4420e2c4b361ae82787213887f3ba24b2a6bfa4,sonics::53,train,train,half fake
data\raw\public_v9\sonics\fake_00056_suno_0.mp3,1,1,1,1,1,sonics::56,SONICS::chirp-v3.5,sonics_official,sonics_official,awsaf49/sonics,fake_00056_suno_0,sonics::56,https://github.com/awsaf49/sonics,official part_01 + metadata snapshot 2026-08-31,CC BY-NC 4.0,YES,YES_WITH_ATTRIBUTION_NONCOMMERCIAL,YES_NONCOMMERCIAL_ONLY,SONICS-fake,59ee7202be3043f541e7da81cd77a79a18830d1c1402e17e069f38c24dbbda68,sonics::56,train,train,half fake
data\raw\public_v9\sonics\fake_00057_suno_0.mp3,1,1,1,1,1,sonics::57,SONICS::chirp-v3.5,sonics_official,sonics_official,awsaf49/sonics,fake_00057_suno_0,sonics::57,https://github.com/awsaf49/sonics,official part_01 + metadata snapshot 2026-08-31,CC BY-NC 4.0,YES,YES_WITH_ATTRIBUTION_NONCOMMERCIAL,YES_NONCOMMERCIAL_ONLY,SONICS-fake,f15ae8f29dc138e3658e490f4374ce0a2891354549c6ff3a72848ad7a40aa0f0,sonics::57,train,train,mostly fake
data\raw\public_v9\sonics\fake_00058_suno_0.mp3,1,1,1,1,1,sonics::58,SONICS::chirp-v3.5,sonics_official,sonics_official,awsaf49/sonics,fake_00058_suno_0,sonics::58,https://github.com/awsaf49/sonics,official part_01 + metadata snapshot 2026-08-31,CC BY-NC 4.0,YES,YES_WITH_ATTRIBUTION_NONCOMMERCIAL,YES_NONCOMMERCIAL_ONLY,SONICS-fake,ca0aa8f628f038c052bfb12d6c9a4345cb602b00e9c8a09ba8a97921700893d3,sonics::58,train,train,half fake
data\raw\public_v9\sonics\fake_00061_suno_0.mp3,1,1,1,1,1,sonics::61,SONICS::chirp-v3.5,sonics_official,sonics_official,awsaf49/sonics,fake_00061_suno_0,sonics::61,https://github.com/awsaf49/sonics,official part_01 + metadata snapshot 2026-08-31,CC BY-NC 4.0,YES,YES_WITH_ATTRIBUTION_NONCOMMERCIAL,YES_NONCOMMERCIAL_ONLY,SONICS-fake,ab4223aec04c6d2e9b8484f2007971fabb839faf284618ecea4f381f5a697bad,sonics::61,train,train,half fake
data\raw\public_v9\sonics\fake_00063_suno_0.mp3,1,1,1,1,1,sonics::63,SONICS::chirp-v3.5,sonics_official,sonics_official,awsaf49/sonics,fake_00063_suno_0,sonics::63,https://github.com/awsaf49/sonics,official part_01 + metadata snapshot 2026-08-31,CC BY-NC 4.0,YES,YES_WITH_ATTRIBUTION_NONCOMMERCIAL,YES_NONCOMMERCIAL_ONLY,SONICS-fake,77d7e4c4f67b7738ed31b90288d4dd7776a2cd80227b77152b23a330dda34a98,sonics::63,train,train,half fake
data\raw\public_v9\sonics\fake_00065_suno_0.mp3,1,1,1,1,1,sonics::65,SONICS::chirp-v3.5,sonics_official,sonics_official,awsaf49/sonics,fake_00065_suno_0,sonics::65,https://github.com/awsaf49/sonics,official part_01 + metadata snapshot 2026-08-31,CC BY-NC 4.0,YES,YES_WITH_ATTRIBUTION_NONCOMMERCIAL,YES_NONCOMMERCIAL_ONLY,SONICS-fake,66b09ca6ce4b892915a5041123a89de2d70844edcd0fe5362e20e73377eba9c0,sonics::65,train,train,half fake
data\raw\public_v9\sonics\fake_00070_suno_0.mp3,1,1,1,1,1,sonics::70,SONICS::chirp-v3.5,sonics_official,sonics_official,awsaf49/sonics,fake_00070_suno_0,sonics::70,https://github.com/awsaf49/sonics,official part_01 + metadata snapshot 2026-08-31,CC BY-NC 4.0,YES,YES_WITH_ATTRIBUTION_NONCOMMERCIAL,YES_NONCOMMERCIAL_ONLY,SONICS-fake,ade892d2b1c45b4fd46b8ddf1487a669db6d9ca4ae4351841e206890fa8d0de8,sonics::70,train,train,half fake
data\raw\public_v9\sonics\fake_00079_suno_0.mp3,1,1,1,1,1,sonics::79,SONICS::chirp-v3.5,sonics_official,sonics_official,awsaf49/sonics,fake_00079_suno_0,sonics::79,https://github.com/awsaf49/sonics,official part_01 + metadata snapshot 2026-08-31,CC BY-NC 4.0,YES,YES_WITH_ATTRIBUTION_NONCOMMERCIAL,YES_NONCOMMERCIAL_ONLY,SONICS-fake,b6629785380b0ed7b21140f8ad525daac67021a7c8bce1199b0b54edfa0b8074,sonics::79,train,train,mostly fake
data\raw\public_v9\sonics\fake_00082_suno_0.mp3,1,1,1,1,1,sonics::82,SONICS::chirp-v3.5,sonics_official,sonics_official,awsaf49/sonics,fake_00082_suno_0,sonics::82,https://github.com/awsaf49/sonics,official part_01 + metadata snapshot 2026-08-31,CC BY-NC 4.0,YES,YES_WITH_ATTRIBUTION_NONCOMMERCIAL,YES_NONCOMMERCIAL_ONLY,SONICS-fake,a5e2a1a073b446570685cd0f67225d581aaa58124b46f8ed5a85566899e47832,sonics::82,train,train,half fake
data\raw\public_v9\sonics\fake_00085_suno_0.mp3,1,1,1,1,1,sonics::85,SONICS::chirp-v3.5,sonics_official,sonics_official,awsaf49/sonics,fake_00085_suno_0,sonics::85,https://github.com/awsaf49/sonics,official part_01 + metadata snapshot 2026-08-31,CC BY-NC 4.0,YES,YES_WITH_ATTRIBUTION_NONCOMMERCIAL,YES_NONCOMMERCIAL_ONLY,SONICS-fake,6c3407809bbb14be840f4582eadc7aa349169567564d4d2d428e0b9807081117,sonics::85,train,train,half fake
data\raw\public_v9\sonics\fake_00089_suno_0.mp3,1,1,1,1,1,sonics::89,SONICS::chirp-v3.5,sonics_official,sonics_official,awsaf49/sonics,fake_00089_suno_0,sonics::89,https://github.com/awsaf49/sonics,official part_01 + metadata snapshot 2026-08-31,CC BY-NC 4.0,YES,YES_WITH_ATTRIBUTION_NONCOMMERCIAL,YES_NONCOMMERCIAL_ONLY,SONICS-fake,e66025b117fefcb27cecd1fc119123e390b7597dd8979694cc1f7c860412e72a,sonics::89,train,train,half fake
data\raw\public_v9\sonics\fake_00093_suno_0.mp3,1,1,1,1,1,sonics::93,SONICS::chirp-v3.5,sonics_official,sonics_official,awsaf49/sonics,fake_00093_suno_0,sonics::93,https://github.com/awsaf49/sonics,official part_01 + metadata snapshot 2026-08-31,CC BY-NC 4.0,YES,YES_WITH_ATTRIBUTION_NONCOMMERCIAL,YES_NONCOMMERCIAL_ONLY,SONICS-fake,3f6a8911195dbccb5e13b4411408f30f5c53c0c5d77f4286b5711f6a84e61eb0,sonics::93,train,train,mostly fake
data\raw\public_v9\sonics\fake_00096_suno_0.mp3,1,1,1,1,1,sonics::96,SONICS::chirp-v3.5,sonics_official,sonics_official,awsaf49/sonics,fake_00096_suno_0,sonics::96,https://github.com/awsaf49/sonics,official part_01 + metadata snapshot 2026-08-31,CC BY-NC 4.0,YES,YES_WITH_ATTRIBUTION_NONCOMMERCIAL,YES_NONCOMMERCIAL_ONLY,SONICS-fake,f8895732d0bc614e5ab6c5cf3960a40ce876b243064bc3bdfd35b9c7b690a844,sonics::96,train,train,half fake
data\raw\public_v9\sonics\fake_00100_suno_0.mp3,1,1,1,1,1,sonics::100,SONICS::chirp-v3.5,sonics_official,sonics_official,awsaf49/sonics,fake_00100_suno_0,sonics::100,https://github.com/awsaf49/sonics,official part_01 + metadata snapshot 2026-08-31,CC BY-NC 4.0,YES,YES_WITH_ATTRIBUTION_NONCOMMERCIAL,YES_NONCOMMERCIAL_ONLY,SONICS-fake,bcef1ca991a20cf164ae3ac11d0ba0e4e6e517d27f51f5688d077a5b6ebb12a4,sonics::100,train,train,mostly fake
data\raw\public_v9\sonics\fake_00102_suno_0.mp3,1,1,1,1,1,sonics::102,SONICS::chirp-v3.5,sonics_official,sonics_official,awsaf49/sonics,fake_00102_suno_0,sonics::102,https://github.com/awsaf49/sonics,official part_01 + metadata snapshot 2026-08-31,CC BY-NC 4.0,YES,YES_WITH_ATTRIBUTION_NONCOMMERCIAL,YES_NONCOMMERCIAL_ONLY,SONICS-fake,c1dbda10ecaa62c0398cb353614ca03bba5d231160771a35fdb758561e528f5f,sonics::102,train,train,half fake
data\raw\public_v9\sonics\fake_00103_suno_0.mp3,1,1,1,1,1,sonics::103,SONICS::chirp-v3.5,sonics_official,sonics_official,awsaf49/sonics,fake_00103_suno_0,sonics::103,https://github.com/awsaf49/sonics,official part_01 + metadata snapshot 2026-08-31,CC BY-NC 4.0,YES,YES_WITH_ATTRIBUTION_NONCOMMERCIAL,YES_NONCOMMERCIAL_ONLY,SONICS-fake,b1d46e0fd1b0e36e253fd57bb455d64183283901c30e7a2615b4b7aaa46fa54b,sonics::103,train,train,mostly fake
data\raw\public_v9\sonics\fake_00104_suno_0.mp3,1,1,1,1,1,sonics::104,SONICS::chirp-v3.5,sonics_official,sonics_official,awsaf49/sonics,fake_00104_suno_0,sonics::104,https://github.com/awsaf49/sonics,official part_01 + metadata snapshot 2026-08-31,CC BY-NC 4.0,YES,YES_WITH_ATTRIBUTION_NONCOMMERCIAL,YES_NONCOMMERCIAL_ONLY,SONICS-fake,6d85078e27582dd880d37f1a590a59c8f1bdbb41efe539be947c22b34be432c7,sonics::104,train,train,mostly fake
data\raw\public_v9\sonics\fake_00105_suno_0.mp3,1,1,1,1,1,sonics::105,SONICS::chirp-v3.5,sonics_official,sonics_official,awsaf49/sonics,fake_00105_suno_0,sonics::105,https://github.com/awsaf49/sonics,official part_01 + metadata snapshot 2026-08-31,CC BY-NC 4.0,YES,YES_WITH_ATTRIBUTION_NONCOMMERCIAL,YES_NONCOMMERCIAL_ONLY,SONICS-fake,db84ac722f241547915892d770f15bf23faae9ea85f8258a8c7935585571c7d6,sonics::105,train,train,mostly fake
data\raw\public_v9\sonics\fake_00120_suno_0.mp3,1,1,1,1,1,sonics::120,SONICS::chirp-v3.5,sonics_official,sonics_official,awsaf49/sonics,fake_00120_suno_0,sonics::120,https://github.com/awsaf49/sonics,official part_01 + metadata snapshot 2026-08-31,CC BY-NC 4.0,YES,YES_WITH_ATTRIBUTION_NONCOMMERCIAL,YES_NONCOMMERCIAL_ONLY,SONICS-fake,1b11689ad017f78f39385ea6df459b47390de8823b5eeb992648bb0c2beb8fbb,sonics::120,train,train,mostly fake
data\raw\public_v9\sonics\fake_00123_suno_0.mp3,1,1,1,1,1,sonics::123,SONICS::chirp-v3.5,sonics_official,sonics_official,awsaf49/sonics,fake_00123_suno_0,sonics::123,https://github.com/awsaf49/sonics,official part_01 + metadata snapshot 2026-08-31,CC BY-NC 4.0,YES,YES_WITH_ATTRIBUTION_NONCOMMERCIAL,YES_NONCOMMERCIAL_ONLY,SONICS-fake,99fe05eb9f3428fa8ff50fccf032a0774e824425b7e62bf65c4b8c68db5569bd,sonics::123,train,train,mostly fake
data\raw\public_v9\sonics\fake_00127_suno_0.mp3,1,1,1,1,1,sonics::127,SONICS::chirp-v3.5,sonics_official,sonics_official,awsaf49/sonics,fake_00127_suno_0,sonics::127,https://github.com/awsaf49/sonics,official part_01 + metadata snapshot 2026-08-31,CC BY-NC 4.0,YES,YES_WITH_ATTRIBUTION_NONCOMMERCIAL,YES_NONCOMMERCIAL_ONLY,SONICS-fake,df8a09c03de68835dd9a2ae83238ad5a1b59dacae615480402f6f2bd385d074d,sonics::127,train,train,half fake
data\raw\public_v9\sonics\fake_00131_suno_0.mp3,1,1,1,1,1,sonics::131,SONICS::chirp-v3.5,sonics_official,sonics_official,awsaf49/sonics,fake_00131_suno_0,sonics::131,https://github.com/awsaf49/sonics,official part_01 + metadata snapshot 2026-08-31,CC BY-NC 4.0,YES,YES_WITH_ATTRIBUTION_NONCOMMERCIAL,YES_NONCOMMERCIAL_ONLY,SONICS-fake,dd2aed3d95205a8b0667a6c581e8a1bb8a9245b33729fd0e46410486620f7639,sonics::131,train,train,half fake
data\raw\public_v9\sonics\fake_00133_suno_0.mp3,1,1,1,1,1,sonics::133,SONICS::chirp-v3.5,sonics_official,sonics_official,awsaf49/sonics,fake_00133_suno_0,sonics::133,https://github.com/awsaf49/sonics,official part_01 + metadata snapshot 2026-08-31,CC BY-NC 4.0,YES,YES_WITH_ATTRIBUTION_NONCOMMERCIAL,YES_NONCOMMERCIAL_ONLY,SONICS-fake,44161107c53ebd114dc8b078a0a7ed2529312dee9e24e2e6bed7ead49bd3090e,sonics::133,train,train,mostly fake
data\raw\public_v9\sonics\fake_00147_suno_0.mp3,1,1,1,1,1,sonics::147,SONICS::chirp-v3.5,sonics_official,sonics_official,awsaf49/sonics,fake_00147_suno_0,sonics::147,https://github.com/awsaf49/sonics,official part_01 + metadata snapshot 2026-08-31,CC BY-NC 4.0,YES,YES_WITH_ATTRIBUTION_NONCOMMERCIAL,YES_NONCOMMERCIAL_ONLY,SONICS-fake,4e50b8918618c272c8f04498240930edc2cae55254b62d4d236b9af4445d97b4,sonics::147,train,train,mostly fake
data\raw\public_v9\sonics\fake_00154_suno_0.mp3,1,1,1,1,1,sonics::154,SONICS::chirp-v3.5,sonics_official,sonics_official,awsaf49/sonics,fake_00154_suno_0,sonics::154,https://github.com/awsaf49/sonics,official part_01 + metadata snapshot 2026-08-31,CC BY-NC 4.0,YES,YES_WITH_ATTRIBUTION_NONCOMMERCIAL,YES_NONCOMMERCIAL_ONLY,SONICS-fake,7aedc003e975327acc6690b9f7829b170eaeb7871fe6e80bd58ab46578708361,sonics::154,train,train,half fake
data\raw\public_v9\sonics\fake_00162_suno_0.mp3,1,1,1,1,1,sonics::162,SONICS::chirp-v3.5,sonics_official,sonics_official,awsaf49/sonics,fake_00162_suno_0,sonics::162,https://github.com/awsaf49/sonics,official part_01 + metadata snapshot 2026-08-31,CC BY-NC 4.0,YES,YES_WITH_ATTRIBUTION_NONCOMMERCIAL,YES_NONCOMMERCIAL_ONLY,SONICS-fake,a4f45e89dae191e3db2e1f76c1343ebed3c32e6e4cc1bb02c2c3544987f0b90a,sonics::162,train,train,mostly fake
data\raw\public_v9\sonics\fake_00165_suno_0.mp3,1,1,1,1,1,sonics::165,SONICS::chirp-v3.5,sonics_official,sonics_official,awsaf49/sonics,fake_00165_suno_0,sonics::165,https://github.com/awsaf49/sonics,official part_01 + metadata snapshot 2026-08-31,CC BY-NC 4.0,YES,YES_WITH_ATTRIBUTION_NONCOMMERCIAL,YES_NONCOMMERCIAL_ONLY,SONICS-fake,c14addb6387dc59406fa6bd4cc742473a956b80eacd870d0650ea05f347e210d,sonics::165,train,train,mostly fake
data\raw\public_v9\sonics\fake_00167_suno_0.mp3,1,1,1,1,1,sonics::167,SONICS::chirp-v3.5,sonics_official,sonics_official,awsaf49/sonics,fake_00167_suno_0,sonics::167,https://github.com/awsaf49/sonics,official part_01 + metadata snapshot 2026-08-31,CC BY-NC 4.0,YES,YES_WITH_ATTRIBUTION_NONCOMMERCIAL,YES_NONCOMMERCIAL_ONLY,SONICS-fake,61dcfe35aab2e525a9395804c3601468e3ded8d4a7bba7cc70771c1172009ef7,sonics::167,train,train,half fake
data\raw\public_v9\sonics\fake_00172_suno_0.mp3,1,1,1,1,1,sonics::172,SONICS::chirp-v3.5,sonics_official,sonics_official,awsaf49/sonics,fake_00172_suno_0,sonics::172,https://github.com/awsaf49/sonics,official part_01 + metadata snapshot 2026-08-31,CC BY-NC 4.0,YES,YES_WITH_ATTRIBUTION_NONCOMMERCIAL,YES_NONCOMMERCIAL_ONLY,SONICS-fake,3b6845e302a2fc86292982128fcea9f5f70c6841b7698c67dd1201e58cf35ba5,sonics::172,train,train,mostly fake
data\raw\public_v9\sonics\fake_00174_suno_0.mp3,1,1,1,1,1,sonics::174,SONICS::chirp-v3.5,sonics_official,sonics_official,awsaf49/sonics,fake_00174_suno_0,sonics::174,https://github.com/awsaf49/sonics,official part_01 + metadata snapshot 2026-08-31,CC BY-NC 4.0,YES,YES_WITH_ATTRIBUTION_NONCOMMERCIAL,YES_NONCOMMERCIAL_ONLY,SONICS-fake,2e064b24650e503e15f06501045e68f08aed83d54638b594c93d9e983129098d,sonics::174,train,train,half fake
data\raw\public_v9\sonics\fake_00183_suno_0.mp3,1,1,1,1,1,sonics::183,SONICS::chirp-v3.5,sonics_official,sonics_official,awsaf49/sonics,fake_00183_suno_0,sonics::183,https://github.com/awsaf49/sonics,official part_01 + metadata snapshot 2026-08-31,CC BY-NC 4.0,YES,YES_WITH_ATTRIBUTION_NONCOMMERCIAL,YES_NONCOMMERCIAL_ONLY,SONICS-fake,9869090fb194f93efdaa1e1f2b914f80723ca1bbf0fc56caee7566d20ca1c66f,sonics::183,train,train,half fake
data\raw\public_v9\sonics\fake_00195_suno_0.mp3,1,1,1,1,1,sonics::195,SONICS::chirp-v3.5,sonics_official,sonics_official,awsaf49/sonics,fake_00195_suno_0,sonics::195,https://github.com/awsaf49/sonics,official part_01 + metadata snapshot 2026-08-31,CC BY-NC 4.0,YES,YES_WITH_ATTRIBUTION_NONCOMMERCIAL,YES_NONCOMMERCIAL_ONLY,SONICS-fake,4b76d1a0e7df60ff28d66f760f39271b1e97195f8e4310fd054285c48b5adb5d,sonics::195,train,train,mostly fake
data\raw\public_v9\sonics\fake_00199_suno_0.mp3,1,1,1,1,1,sonics::199,SONICS::chirp-v3.5,sonics_official,sonics_official,awsaf49/sonics,fake_00199_suno_0,sonics::199,https://github.com/awsaf49/sonics,official part_01 + metadata snapshot 2026-08-31,CC BY-NC 4.0,YES,YES_WITH_ATTRIBUTION_NONCOMMERCIAL,YES_NONCOMMERCIAL_ONLY,SONICS-fake,82c44a0103a9d69b659753116980719749f38f3b139b9e65feaacf6ffcc7267a,sonics::199,train,test,half fake
data\raw\public_v9\sonics\fake_00200_suno_0.mp3,1,1,1,1,1,sonics::200,SONICS::chirp-v3.5,sonics_official,sonics_official,awsaf49/sonics,fake_00200_suno_0,sonics::200,https://github.com/awsaf49/sonics,official part_01 + metadata snapshot 2026-08-31,CC BY-NC 4.0,YES,YES_WITH_ATTRIBUTION_NONCOMMERCIAL,YES_NONCOMMERCIAL_ONLY,SONICS-fake,0f2876a89b270449f5f57f291db8bc37cd582576c2498583f97b2b3b180afe8a,sonics::200,train,train,mostly fake
data\raw\public_v9\sonics\fake_00211_suno_0.mp3,1,1,1,1,1,sonics::211,SONICS::chirp-v3.5,sonics_official,sonics_official,awsaf49/sonics,fake_00211_suno_0,sonics::211,https://github.com/awsaf49/sonics,official part_01 + metadata snapshot 2026-08-31,CC BY-NC 4.0,YES,YES_WITH_ATTRIBUTION_NONCOMMERCIAL,YES_NONCOMMERCIAL_ONLY,SONICS-fake,f03fee416d6138431deaa6af8419faacc06818a67d0115748694fbfa7b5d0aa2,sonics::211,train,train,half fake
data\raw\public_v9\sonics\fake_00213_suno_0.mp3,1,1,1,1,1,sonics::213,SONICS::chirp-v3.5,sonics_official,sonics_official,awsaf49/sonics,fake_00213_suno_0,sonics::213,https://github.com/awsaf49/sonics,official part_01 + metadata snapshot 2026-08-31,CC BY-NC 4.0,YES,YES_WITH_ATTRIBUTION_NONCOMMERCIAL,YES_NONCOMMERCIAL_ONLY,SONICS-fake,39a7c0eb14d091cd3722ef71cf1044a3dd7a5b5591b442df24c3352768505d79,sonics::213,train,train,mostly fake
data\raw\public_v9\sonics\fake_00217_suno_0.mp3,1,1,1,1,1,sonics::217,SONICS::chirp-v3.5,sonics_official,sonics_official,awsaf49/sonics,fake_00217_suno_0,sonics::217,https://github.com/awsaf49/sonics,official part_01 + metadata snapshot 2026-08-31,CC BY-NC 4.0,YES,YES_WITH_ATTRIBUTION_NONCOMMERCIAL,YES_NONCOMMERCIAL_ONLY,SONICS-fake,58e45e0490f9da5d5b5a83aa89c1874bb40388a5b93df63a63d0d1eefd77d4f5,sonics::217,train,train,half fake
data\raw\public_v9\sonics\fake_00220_suno_0.mp3,1,1,1,1,1,sonics::220,SONICS::chirp-v3.5,sonics_official,sonics_official,awsaf49/sonics,fake_00220_suno_0,sonics::220,https://github.com/awsaf49/sonics,official part_01 + metadata snapshot 2026-08-31,CC BY-NC 4.0,YES,YES_WITH_ATTRIBUTION_NONCOMMERCIAL,YES_NONCOMMERCIAL_ONLY,SONICS-fake,4bb2df692abb4fe39a67c0d179e4e532944131932803309af3df22a92d6a42d0,sonics::220,train,train,mostly fake
data\raw\public_v9\sonics\fake_00226_suno_0.mp3,1,1,1,1,1,sonics::226,SONICS::chirp-v3.5,sonics_official,sonics_official,awsaf49/sonics,fake_00226_suno_0,sonics::226,https://github.com/awsaf49/sonics,official part_01 + metadata snapshot 2026-08-31,CC BY-NC 4.0,YES,YES_WITH_ATTRIBUTION_NONCOMMERCIAL,YES_NONCOMMERCIAL_ONLY,SONICS-fake,79c2684079f3984e36f819d859c234f2137694f45f56d8f3fe50579131cdab55,sonics::226,train,train,half fake
data\raw\public_v9\sonics\fake_00242_suno_0.mp3,1,1,1,1,1,sonics::242,SONICS::chirp-v3.5,sonics_official,sonics_official,awsaf49/sonics,fake_00242_suno_0,sonics::242,https://github.com/awsaf49/sonics,official part_01 + metadata snapshot 2026-08-31,CC BY-NC 4.0,YES,YES_WITH_ATTRIBUTION_NONCOMMERCIAL,YES_NONCOMMERCIAL_ONLY,SONICS-fake,865af76b983d2506c588acda62095ca2188eb3a0de4dfe825695e55cfc5f9af1,sonics::242,train,test,half fake
data\raw\public_v9\sonics\fake_00243_suno_0.mp3,1,1,1,1,1,sonics::243,SONICS::chirp-v3.5,sonics_official,sonics_official,awsaf49/sonics,fake_00243_suno_0,sonics::243,https://github.com/awsaf49/sonics,official part_01 + metadata snapshot 2026-08-31,CC BY-NC 4.0,YES,YES_WITH_ATTRIBUTION_NONCOMMERCIAL,YES_NONCOMMERCIAL_ONLY,SONICS-fake,fa45c08d693a8d79b82c110bf6b80ab1c3f029b65abb9a7f2f970be4a4256b31,sonics::243,train,train,half fake
data\raw\public_v9\sonics\fake_00248_suno_0.mp3,1,1,1,1,1,sonics::248,SONICS::chirp-v3.5,sonics_official,sonics_official,awsaf49/sonics,fake_00248_suno_0,sonics::248,https://github.com/awsaf49/sonics,official part_01 + metadata snapshot 2026-08-31,CC BY-NC 4.0,YES,YES_WITH_ATTRIBUTION_NONCOMMERCIAL,YES_NONCOMMERCIAL_ONLY,SONICS-fake,c4a324db7f4ff5bf0999a4c8189345194c988d53af641e6a7cbd6a2702952e9e,sonics::248,train,train,mostly fake
data\raw\public_v9\sonics\fake_00250_suno_0.mp3,1,1,1,1,1,sonics::250,SONICS::chirp-v3.5,sonics_official,sonics_official,awsaf49/sonics,fake_00250_suno_0,sonics::250,https://github.com/awsaf49/sonics,official part_01 + metadata snapshot 2026-08-31,CC BY-NC 4.0,YES,YES_WITH_ATTRIBUTION_NONCOMMERCIAL,YES_NONCOMMERCIAL_ONLY,SONICS-fake,62bda878c3f6347e39cd6f100035d5bbcfb69a9ba8deea4120a56e69a71f1c73,sonics::250,train,test,half fake
data\raw\public_v9\sonics\fake_00289_suno_0.mp3,1,1,1,1,1,sonics::289,SONICS::chirp-v3.5,sonics_official,sonics_official,awsaf49/sonics,fake_00289_suno_0,sonics::289,https://github.com/awsaf49/sonics,official part_01 + metadata snapshot 2026-08-31,CC BY-NC 4.0,YES,YES_WITH_ATTRIBUTION_NONCOMMERCIAL,YES_NONCOMMERCIAL_ONLY,SONICS-fake,c0e51cf5f688915503309afb03d7a21a6be3e7f97a6ec5ae8a222d571fd12bd1,sonics::289,train,train,mostly fake
data\raw\public_v9\sonics\fake_00290_suno_0.mp3,1,1,1,1,1,sonics::290,SONICS::chirp-v3.5,sonics_official,sonics_official,awsaf49/sonics,fake_00290_suno_0,sonics::290,https://github.com/awsaf49/sonics,official part_01 + metadata snapshot 2026-08-31,CC BY-NC 4.0,YES,YES_WITH_ATTRIBUTION_NONCOMMERCIAL,YES_NONCOMMERCIAL_ONLY,SONICS-fake,7267927f1f3ec65b7e55da3519ebd3a4d277c47760c57851bdd8bcb9262875cf,sonics::290,train,train,half fake
data\raw\public_v9\sonics\fake_00294_suno_0.mp3,1,1,1,1,1,sonics::294,SONICS::chirp-v3.5,sonics_official,sonics_official,awsaf49/sonics,fake_00294_suno_0,sonics::294,https://github.com/awsaf49/sonics,official part_01 + metadata snapshot 2026-08-31,CC BY-NC 4.0,YES,YES_WITH_ATTRIBUTION_NONCOMMERCIAL,YES_NONCOMMERCIAL_ONLY,SONICS-fake,862c881a8f884514b7b48b6404ab86c5048df93cb8c3c35c84e8a07e236dd502,sonics::294,train,test,half fake
data\raw\public_v9\sonics\fake_00309_suno_0.mp3,1,1,1,1,1,sonics::309,SONICS::chirp-v3.5,sonics_official,sonics_official,awsaf49/sonics,fake_00309_suno_0,sonics::309,https://github.com/awsaf49/sonics,official part_01 + metadata snapshot 2026-08-31,CC BY-NC 4.0,YES,YES_WITH_ATTRIBUTION_NONCOMMERCIAL,YES_NONCOMMERCIAL_ONLY,SONICS-fake,0d32dbfc1119b82dfac674481f815f890ab3d660af1e420b7a026e6485bf184c,sonics::309,train,train,half fake
data\raw\public_v9\sonics\fake_00313_suno_0.mp3,1,1,1,1,1,sonics::313,SONICS::chirp-v3.5,sonics_official,sonics_official,awsaf49/sonics,fake_00313_suno_0,sonics::313,https://github.com/awsaf49/sonics,official part_01 + metadata snapshot 2026-08-31,CC BY-NC 4.0,YES,YES_WITH_ATTRIBUTION_NONCOMMERCIAL,YES_NONCOMMERCIAL_ONLY,SONICS-fake,92e15cf056a984ebb1e48cb955e8f23b43517f478b153a9861210756ea0007fb,sonics::313,train,train,half fake
data\raw\public_v9\sonics\fake_00314_suno_0.mp3,1,1,1,1,1,sonics::314,SONICS::chirp-v3.5,sonics_official,sonics_official,awsaf49/sonics,fake_00314_suno_0,sonics::314,https://github.com/awsaf49/sonics,official part_01 + metadata snapshot 2026-08-31,CC BY-NC 4.0,YES,YES_WITH_ATTRIBUTION_NONCOMMERCIAL,YES_NONCOMMERCIAL_ONLY,SONICS-fake,c92b91fe91a50cb65d323a3f64d59ee7313151e1ecb42c1c972c924d9352d370,sonics::314,train,train,half fake
data\raw\public_v9\sonics\fake_00315_suno_0.mp3,1,1,1,1,1,sonics::315,SONICS::chirp-v3.5,sonics_official,sonics_official,awsaf49/sonics,fake_00315_suno_0,sonics::315,https://github.com/awsaf49/sonics,official part_01 + metadata snapshot 2026-08-31,CC BY-NC 4.0,YES,YES_WITH_ATTRIBUTION_NONCOMMERCIAL,YES_NONCOMMERCIAL_ONLY,SONICS-fake,285f1e7608da74f4df87a91f33b9a170bf152a84a0600419025c6bfffd3886f6,sonics::315,train,train,half fake
data\raw\public_v9\sonics\fake_00318_suno_0.mp3,1,1,1,1,1,sonics::318,SONICS::chirp-v3.5,sonics_official,sonics_official,awsaf49/sonics,fake_00318_suno_0,sonics::318,https://github.com/awsaf49/sonics,official part_01 + metadata snapshot 2026-08-31,CC BY-NC 4.0,YES,YES_WITH_ATTRIBUTION_NONCOMMERCIAL,YES_NONCOMMERCIAL_ONLY,SONICS-fake,4cfe3045ef2f6b43a05dec6a8723658fd043fca31bffbdea102ba3b7881d48c8,sonics::318,train,train,half fake
data\raw\public_v9\sonics\fake_00319_suno_0.mp3,1,1,1,1,1,sonics::319,SONICS::chirp-v3.5,sonics_official,sonics_official,awsaf49/sonics,fake_00319_suno_0,sonics::319,https://github.com/awsaf49/sonics,official part_01 + metadata snapshot 2026-08-31,CC BY-NC 4.0,YES,YES_WITH_ATTRIBUTION_NONCOMMERCIAL,YES_NONCOMMERCIAL_ONLY,SONICS-fake,476bfb69d413c1bfaaf0e142afdbe4412c1489db87072d1ca0a9d9d4b4bcbc03,sonics::319,train,test,mostly fake
data\raw\public_v9\sonics\fake_00320_suno_0.mp3,1,1,1,1,1,sonics::320,SONICS::chirp-v3.5,sonics_official,sonics_official,awsaf49/sonics,fake_00320_suno_0,sonics::320,https://github.com/awsaf49/sonics,official part_01 + metadata snapshot 2026-08-31,CC BY-NC 4.0,YES,YES_WITH_ATTRIBUTION_NONCOMMERCIAL,YES_NONCOMMERCIAL_ONLY,SONICS-fake,fd10461e24294d601ea6c0af3819e6115ffc3b69f35950e9ec1fc6129d20b7be,sonics::320,train,train,half fake
data\raw\public_v9\sonics\fake_00328_suno_0.mp3,1,1,1,1,1,sonics::328,SONICS::chirp-v3.5,sonics_official,sonics_official,awsaf49/sonics,fake_00328_suno_0,sonics::328,https://github.com/awsaf49/sonics,official part_01 + metadata snapshot 2026-08-31,CC BY-NC 4.0,YES,YES_WITH_ATTRIBUTION_NONCOMMERCIAL,YES_NONCOMMERCIAL_ONLY,SONICS-fake,3f3ab14a0bdcd9d5be475c1f1ff1a736c962196a367cdfcb3c75a52f1294c46c,sonics::328,train,train,half fake
data\raw\public_v9\sonics\fake_00332_suno_0.mp3,1,1,1,1,1,sonics::332,SONICS::chirp-v3.5,sonics_official,sonics_official,awsaf49/sonics,fake_00332_suno_0,sonics::332,https://github.com/awsaf49/sonics,official part_01 + metadata snapshot 2026-08-31,CC BY-NC 4.0,YES,YES_WITH_ATTRIBUTION_NONCOMMERCIAL,YES_NONCOMMERCIAL_ONLY,SONICS-fake,3c0c490f455a47f69b8593a1eb4d8d4e18d814229336f63595201ff3b0dad5bb,sonics::332,train,test,mostly fake
data\raw\public_v9\sonics\fake_00333_suno_0.mp3,1,1,1,1,1,sonics::333,SONICS::chirp-v3.5,sonics_official,sonics_official,awsaf49/sonics,fake_00333_suno_0,sonics::333,https://github.com/awsaf49/sonics,official part_01 + metadata snapshot 2026-08-31,CC BY-NC 4.0,YES,YES_WITH_ATTRIBUTION_NONCOMMERCIAL,YES_NONCOMMERCIAL_ONLY,SONICS-fake,fc23c8f886b68da7d71c88bca5effedb53bc404031edb84ca46253a15b950fba,sonics::333,train,train,half fake
data\raw\public_v9\sonics\fake_00334_suno_0.mp3,1,1,1,1,1,sonics::334,SONICS::chirp-v3.5,sonics_official,sonics_official,awsaf49/sonics,fake_00334_suno_0,sonics::334,https://github.com/awsaf49/sonics,official part_01 + metadata snapshot 2026-08-31,CC BY-NC 4.0,YES,YES_WITH_ATTRIBUTION_NONCOMMERCIAL,YES_NONCOMMERCIAL_ONLY,SONICS-fake,e82f7d6fe526b70905f882c84489925a97b025b6bd2a2ef9e6079958aa66c680,sonics::334,train,train,half fake
data\raw\public_v9\sonics\fake_00340_suno_0.mp3,1,1,1,1,1,sonics::340,SONICS::chirp-v3.5,sonics_official,sonics_official,awsaf49/sonics,fake_00340_suno_0,sonics::340,https://github.com/awsaf49/sonics,official part_01 + metadata snapshot 2026-08-31,CC BY-NC 4.0,YES,YES_WITH_ATTRIBUTION_NONCOMMERCIAL,YES_NONCOMMERCIAL_ONLY,SONICS-fake,03ad88d5735c6dc4cbb454931fc6d9149f094cf1a26c49c1addcc6291575e095,sonics::340,train,test,half fake
data\raw\public_v9\sonics\fake_00342_suno_0.mp3,1,1,1,1,1,sonics::342,SONICS::chirp-v3.5,sonics_official,sonics_official,awsaf49/sonics,fake_00342_suno_0,sonics::342,https://github.com/awsaf49/sonics,official part_01 + metadata snapshot 2026-08-31,CC BY-NC 4.0,YES,YES_WITH_ATTRIBUTION_NONCOMMERCIAL,YES_NONCOMMERCIAL_ONLY,SONICS-fake,093e109db06d5775c24ce63107caff8e2ed57aa066083a98474e0c1f6afa6119,sonics::342,train,train,half fake
data\raw\public_v9\sonics\fake_00344_suno_0.mp3,1,1,1,1,1,sonics::344,SONICS::chirp-v3.5,sonics_official,sonics_official,awsaf49/sonics,fake_00344_suno_0,sonics::344,https://github.com/awsaf49/sonics,official part_01 + metadata snapshot 2026-08-31,CC BY-NC 4.0,YES,YES_WITH_ATTRIBUTION_NONCOMMERCIAL,YES_NONCOMMERCIAL_ONLY,SONICS-fake,fd161f8dd858b8ad31ffb1a410be0c638b26d9b8d91d9bca430ae39442b683b8,sonics::344,train,train,half fake
data\raw\public_v9\sonics\fake_00346_suno_0.mp3,1,1,1,1,1,sonics::346,SONICS::chirp-v3.5,sonics_official,sonics_official,awsaf49/sonics,fake_00346_suno_0,sonics::346,https://github.com/awsaf49/sonics,official part_01 + metadata snapshot 2026-08-31,CC BY-NC 4.0,YES,YES_WITH_ATTRIBUTION_NONCOMMERCIAL,YES_NONCOMMERCIAL_ONLY,SONICS-fake,406f0b9d85592684cfaa6f200ae0cafb463d6f31050def2e2997579f832253a3,sonics::346,train,train,half fake
data\raw\public_v9\sonics\fake_00348_suno_0.mp3,1,1,1,1,1,sonics::348,SONICS::chirp-v3.5,sonics_official,sonics_official,awsaf49/sonics,fake_00348_suno_0,sonics::348,https://github.com/awsaf49/sonics,official part_01 + metadata snapshot 2026-08-31,CC BY-NC 4.0,YES,YES_WITH_ATTRIBUTION_NONCOMMERCIAL,YES_NONCOMMERCIAL_ONLY,SONICS-fake,b1d8181ba5a2e2ff54ec441c41ae08ad4a2a0a9d77a6022bece3e6df7545e8bf,sonics::348,train,train,half fake
data\raw\public_v9\sonics\fake_00357_suno_0.mp3,1,1,1,1,1,sonics::357,SONICS::chirp-v3.5,sonics_official,sonics_official,awsaf49/sonics,fake_00357_suno_0,sonics::357,https://github.com/awsaf49/sonics,official part_01 + metadata snapshot 2026-08-31,CC BY-NC 4.0,YES,YES_WITH_ATTRIBUTION_NONCOMMERCIAL,YES_NONCOMMERCIAL_ONLY,SONICS-fake,8168c880db27c513bf44d858b2f27fa2beea2077aa00b2c635e02db7035b126c,sonics::357,train,train,half fake
data\raw\public_v9\sonics\fake_00359_suno_0.mp3,1,1,1,1,1,sonics::359,SONICS::chirp-v3.5,sonics_official,sonics_official,awsaf49/sonics,fake_00359_suno_0,sonics::359,https://github.com/awsaf49/sonics,official part_01 + metadata snapshot 2026-08-31,CC BY-NC 4.0,YES,YES_WITH_ATTRIBUTION_NONCOMMERCIAL,YES_NONCOMMERCIAL_ONLY,SONICS-fake,dbc62fff1768e0e741e43f2d838b74c7b9cf0db979a85dc2b80fa3cba8f95c6d,sonics::359,train,train,mostly fake
data\raw\public_v9\sonics\fake_00362_suno_0.mp3,1,1,1,1,1,sonics::362,SONICS::chirp-v3.5,sonics_official,sonics_official,awsaf49/sonics,fake_00362_suno_0,sonics::362,https://github.com/awsaf49/sonics,official part_01 + metadata snapshot 2026-08-31,CC BY-NC 4.0,YES,YES_WITH_ATTRIBUTION_NONCOMMERCIAL,YES_NONCOMMERCIAL_ONLY,SONICS-fake,b4a42039233ef94d223450231e7bb9eb813d6e766472d9c17beb75d3facd3e83,sonics::362,train,train,half fake
data\raw\public_v9\sonics\fake_00369_suno_0.mp3,1,1,1,1,1,sonics::369,SONICS::chirp-v3.5,sonics_official,sonics_official,awsaf49/sonics,fake_00369_suno_0,sonics::369,https://github.com/awsaf49/sonics,official part_01 + metadata snapshot 2026-08-31,CC BY-NC 4.0,YES,YES_WITH_ATTRIBUTION_NONCOMMERCIAL,YES_NONCOMMERCIAL_ONLY,SONICS-fake,f99144ba5e91d6e6be569358697e9904cd673e2049538f4cc7cd9674f37670a3,sonics::369,train,train,half fake
data\raw\public_v9\sonics\fake_00371_suno_0.mp3,1,1,1,1,1,sonics::371,SONICS::chirp-v3.5,sonics_official,sonics_official,awsaf49/sonics,fake_00371_suno_0,sonics::371,https://github.com/awsaf49/sonics,official part_01 + metadata snapshot 2026-08-31,CC BY-NC 4.0,YES,YES_WITH_ATTRIBUTION_NONCOMMERCIAL,YES_NONCOMMERCIAL_ONLY,SONICS-fake,3af3b54c93ed0968e749324b82ef3ffaa7b9d105e41f6eaad84a0852ae49e322,sonics::371,train,train,half fake
data\raw\public_v9\sonics\fake_00374_suno_0.mp3,1,1,1,1,1,sonics::374,SONICS::chirp-v3.5,sonics_official,sonics_official,awsaf49/sonics,fake_00374_suno_0,sonics::374,https://github.com/awsaf49/sonics,official part_01 + metadata snapshot 2026-08-31,CC BY-NC 4.0,YES,YES_WITH_ATTRIBUTION_NONCOMMERCIAL,YES_NONCOMMERCIAL_ONLY,SONICS-fake,6c707fde449b8f8594eab90b5b00924bbec7a48a8e74fbee3361ac6365aacbb0,sonics::374,train,train,mostly fake
data\raw\public_v9\sonics\fake_00378_suno_0.mp3,1,1,1,1,1,sonics::378,SONICS::chirp-v3.5,sonics_official,sonics_official,awsaf49/sonics,fake_00378_suno_0,sonics::378,https://github.com/awsaf49/sonics,official part_01 + metadata snapshot 2026-08-31,CC BY-NC 4.0,YES,YES_WITH_ATTRIBUTION_NONCOMMERCIAL,YES_NONCOMMERCIAL_ONLY,SONICS-fake,f8757162bcea61d676520ca1f7dcfdc475b48a6352f673e4a487672107a3a5c0,sonics::378,train,train,mostly fake
data\raw\public_v9\sonics\fake_00385_suno_0.mp3,1,1,1,1,1,sonics::385,SONICS::chirp-v3.5,sonics_official,sonics_official,awsaf49/sonics,fake_00385_suno_0,sonics::385,https://github.com/awsaf49/sonics,official part_01 + metadata snapshot 2026-08-31,CC BY-NC 4.0,YES,YES_WITH_ATTRIBUTION_NONCOMMERCIAL,YES_NONCOMMERCIAL_ONLY,SONICS-fake,853ea3af306aca3fa6db6e29911cb0cc57d3531031edabc7e3bb95abbaa6386d,sonics::385,train,test,mostly fake
data\raw\public_v9\sonics\fake_00387_suno_0.mp3,1,1,1,1,1,sonics::387,SONICS::chirp-v3.5,sonics_official,sonics_official,awsaf49/sonics,fake_00387_suno_0,sonics::387,https://github.com/awsaf49/sonics,official part_01 + metadata snapshot 2026-08-31,CC BY-NC 4.0,YES,YES_WITH_ATTRIBUTION_NONCOMMERCIAL,YES_NONCOMMERCIAL_ONLY,SONICS-fake,5da5cc1e57df32bb32d3a3573c5c84fc5bd6799e6e9e5dd1fefaf1d09a547aea,sonics::387,train,train,mostly fake
data\raw\public_v9\sonics\fake_00388_suno_0.mp3,1,1,1,1,1,sonics::388,SONICS::chirp-v3.5,sonics_official,sonics_official,awsaf49/sonics,fake_00388_suno_0,sonics::388,https://github.com/awsaf49/sonics,official part_01 + metadata snapshot 2026-08-31,CC BY-NC 4.0,YES,YES_WITH_ATTRIBUTION_NONCOMMERCIAL,YES_NONCOMMERCIAL_ONLY,SONICS-fake,08a7dca4ed0337f008511ea6f7ad54bf4357b8e738cc3d7abc12f07494f9b5e0,sonics::388,train,train,half fake
data\raw\public_v9\sonics\fake_00389_suno_0.mp3,1,1,1,1,1,sonics::389,SONICS::chirp-v3.5,sonics_official,sonics_official,awsaf49/sonics,fake_00389_suno_0,sonics::389,https://github.com/awsaf49/sonics,official part_01 + metadata snapshot 2026-08-31,CC BY-NC 4.0,YES,YES_WITH_ATTRIBUTION_NONCOMMERCIAL,YES_NONCOMMERCIAL_ONLY,SONICS-fake,f2b474c01024168c85ea6bff6a240334d01b618c24f22cd31985e4f3be492718,sonics::389,train,train,mostly fake
data\raw\public_v9\sonics\fake_00390_suno_0.mp3,1,1,1,1,1,sonics::390,SONICS::chirp-v3.5,sonics_official,sonics_official,awsaf49/sonics,fake_00390_suno_0,sonics::390,https://github.com/awsaf49/sonics,official part_01 + metadata snapshot 2026-08-31,CC BY-NC 4.0,YES,YES_WITH_ATTRIBUTION_NONCOMMERCIAL,YES_NONCOMMERCIAL_ONLY,SONICS-fake,c1871ebea70a5abadc98afd8cbcb1c1f2e402e6eb6f6bed3f8a3b4c1347202ff,sonics::390,train,train,mostly fake
data\raw\public_v9\sonics\fake_00392_suno_0.mp3,1,1,1,1,1,sonics::392,SONICS::chirp-v3.5,sonics_official,sonics_official,awsaf49/sonics,fake_00392_suno_0,sonics::392,https://github.com/awsaf49/sonics,official part_01 + metadata snapshot 2026-08-31,CC BY-NC 4.0,YES,YES_WITH_ATTRIBUTION_NONCOMMERCIAL,YES_NONCOMMERCIAL_ONLY,SONICS-fake,af9083dc8e213bae40f69acd29929ef91d16dc48cd859bc037a0431212693cb9,sonics::392,train,train,half fake
data\raw\public_v9\sonics\fake_00396_suno_0.mp3,1,1,1,1,1,sonics::396,SONICS::chirp-v3.5,sonics_official,sonics_official,awsaf49/sonics,fake_00396_suno_0,sonics::396,https://github.com/awsaf49/sonics,official part_01 + metadata snapshot 2026-08-31,CC BY-NC 4.0,YES,YES_WITH_ATTRIBUTION_NONCOMMERCIAL,YES_NONCOMMERCIAL_ONLY,SONICS-fake,3160dafbfb2e4f1f9967ca312b4ebd7d56d326c2284abad6d3fe07a1f4ab0eff,sonics::396,train,train,mostly fake
data\raw\public_v9\sonics\fake_00406_suno_0.mp3,1,1,1,1,1,sonics::406,SONICS::chirp-v3.5,sonics_official,sonics_official,awsaf49/sonics,fake_00406_suno_0,sonics::406,https://github.com/awsaf49/sonics,official part_01 + metadata snapshot 2026-08-31,CC BY-NC 4.0,YES,YES_WITH_ATTRIBUTION_NONCOMMERCIAL,YES_NONCOMMERCIAL_ONLY,SONICS-fake,734abd7fb421a3f747fbe41c38b6f9cdae361bc3989f62628c1fa35663b2c03a,sonics::406,train,train,half fake
data\raw\public_v9\sonics\fake_00407_suno_0.mp3,1,1,1,1,1,sonics::407,SONICS::chirp-v3.5,sonics_official,sonics_official,awsaf49/sonics,fake_00407_suno_0,sonics::407,https://github.com/awsaf49/sonics,official part_01 + metadata snapshot 2026-08-31,CC BY-NC 4.0,YES,YES_WITH_ATTRIBUTION_NONCOMMERCIAL,YES_NONCOMMERCIAL_ONLY,SONICS-fake,7ee6c569239e4ba12d2ef33dd942fa8d6535cdda436c5cfc8b5ac2338f649e85,sonics::407,train,train,mostly fake
data\raw\public_v9\sonics\fake_00409_suno_0.mp3,1,1,1,1,1,sonics::409,SONICS::chirp-v3.5,sonics_official,sonics_official,awsaf49/sonics,fake_00409_suno_0,sonics::409,https://github.com/awsaf49/sonics,official part_01 + metadata snapshot 2026-08-31,CC BY-NC 4.0,YES,YES_WITH_ATTRIBUTION_NONCOMMERCIAL,YES_NONCOMMERCIAL_ONLY,SONICS-fake,9688b6caeae3ce05825a4bb70b35aacbad2562aba630c45bbccb182144249c81,sonics::409,train,train,half fake
data\raw\public_v9\sonics\fake_00411_suno_0.mp3,1,1,1,1,1,sonics::411,SONICS::chirp-v3.5,sonics_official,sonics_official,awsaf49/sonics,fake_00411_suno_0,sonics::411,https://github.com/awsaf49/sonics,official part_01 + metadata snapshot 2026-08-31,CC BY-NC 4.0,YES,YES_WITH_ATTRIBUTION_NONCOMMERCIAL,YES_NONCOMMERCIAL_ONLY,SONICS-fake,563fdc23a544477723e2ccdf31b7c8798ed69770c0b09ba0774e554233386965,sonics::411,train,train,half fake
data\raw\public_v9\sonics\fake_00415_suno_0.mp3,1,1,1,1,1,sonics::415,SONICS::chirp-v3.5,sonics_official,sonics_official,awsaf49/sonics,fake_00415_suno_0,sonics::415,https://github.com/awsaf49/sonics,official part_01 + metadata snapshot 2026-08-31,CC BY-NC 4.0,YES,YES_WITH_ATTRIBUTION_NONCOMMERCIAL,YES_NONCOMMERCIAL_ONLY,SONICS-fake,65e713b1710f8c640c28596afb0877613490b6b912f6690386842c0ed6c1680f,sonics::415,train,test,half fake
data\raw\public_v9\sonics\fake_00417_suno_0.mp3,1,1,1,1,1,sonics::417,SONICS::chirp-v3.5,sonics_official,sonics_official,awsaf49/sonics,fake_00417_suno_0,sonics::417,https://github.com/awsaf49/sonics,official part_01 + metadata snapshot 2026-08-31,CC BY-NC 4.0,YES,YES_WITH_ATTRIBUTION_NONCOMMERCIAL,YES_NONCOMMERCIAL_ONLY,SONICS-fake,dac438e65d2ec4a9eea54112bf710bc65dda1adfa9eccf5d42147057b35e2235,sonics::417,train,train,half fake
data\raw\public_v9\sonics\fake_00425_suno_0.mp3,1,1,1,1,1,sonics::425,SONICS::chirp-v3.5,sonics_official,sonics_official,awsaf49/sonics,fake_00425_suno_0,sonics::425,https://github.com/awsaf49/sonics,official part_01 + metadata snapshot 2026-08-31,CC BY-NC 4.0,YES,YES_WITH_ATTRIBUTION_NONCOMMERCIAL,YES_NONCOMMERCIAL_ONLY,SONICS-fake,fae097847d38ca566afac9f624d177439420da5cda405285766294e1e7a817b1,sonics::425,train,train,half fake
data\raw\public_v9\sonics\fake_00430_suno_0.mp3,1,1,1,1,1,sonics::430,SONICS::chirp-v3.5,sonics_official,sonics_official,awsaf49/sonics,fake_00430_suno_0,sonics::430,https://github.com/awsaf49/sonics,official part_01 + metadata snapshot 2026-08-31,CC BY-NC 4.0,YES,YES_WITH_ATTRIBUTION_NONCOMMERCIAL,YES_NONCOMMERCIAL_ONLY,SONICS-fake,9782050d76e626b530c6cd2d198955eb8a914466a6b57dbddcd59449a30bcb5c,sonics::430,train,train,mostly fake
data\raw\public_v9\sonics\fake_00433_suno_0.mp3,1,1,1,1,1,sonics::433,SONICS::chirp-v3.5,sonics_official,sonics_official,awsaf49/sonics,fake_00433_suno_0,sonics::433,https://github.com/awsaf49/sonics,official part_01 + metadata snapshot 2026-08-31,CC BY-NC 4.0,YES,YES_WITH_ATTRIBUTION_NONCOMMERCIAL,YES_NONCOMMERCIAL_ONLY,SONICS-fake,550ff7374cb19f4208d06b582748a7c037548ef2c36c59de31f0bca9b8158667,sonics::433,train,train,mostly fake
data\raw\public_v9\sonics\fake_00436_suno_0.mp3,1,1,1,1,1,sonics::436,SONICS::chirp-v3.5,sonics_official,sonics_official,awsaf49/sonics,fake_00436_suno_0,sonics::436,https://github.com/awsaf49/sonics,official part_01 + metadata snapshot 2026-08-31,CC BY-NC 4.0,YES,YES_WITH_ATTRIBUTION_NONCOMMERCIAL,YES_NONCOMMERCIAL_ONLY,SONICS-fake,7c7870b55c6f7131866e655756b9f15cf36a2ee0bdf57091a012a0351a266c83,sonics::436,train,train,half fake
data\raw\public_v9\sonics\fake_00437_suno_0.mp3,1,1,1,1,1,sonics::437,SONICS::chirp-v3.5,sonics_official,sonics_official,awsaf49/sonics,fake_00437_suno_0,sonics::437,https://github.com/awsaf49/sonics,official part_01 + metadata snapshot 2026-08-31,CC BY-NC 4.0,YES,YES_WITH_ATTRIBUTION_NONCOMMERCIAL,YES_NONCOMMERCIAL_ONLY,SONICS-fake,b3c40c6ee7a208715af28c1e524b7b1bd2c53825a36e5f44dc46158e2c61ba39,sonics::437,train,train,mostly fake
data\raw\public_v9\sonics\fake_00012_udio_0.mp3,1,1,1,1,1,sonics::12,SONICS::udio-120s,sonics_official,sonics_official,awsaf49/sonics,fake_00012_udio_0,sonics::12,https://github.com/awsaf49/sonics,official part_01 + metadata snapshot 2026-08-31,CC BY-NC 4.0,YES,YES_WITH_ATTRIBUTION_NONCOMMERCIAL,YES_NONCOMMERCIAL_ONLY,SONICS-fake,f366251def0cd3de8c26604cfe8e8fa395ab903a3606a7795a4060ea56fe03e8,sonics::12,train,train,mostly fake
data\raw\public_v9\sonics\fake_00013_udio_0.mp3,1,1,1,1,1,sonics::13,SONICS::udio-120s,sonics_official,sonics_official,awsaf49/sonics,fake_00013_udio_0,sonics::13,https://github.com/awsaf49/sonics,official part_01 + metadata snapshot 2026-08-31,CC BY-NC 4.0,YES,YES_WITH_ATTRIBUTION_NONCOMMERCIAL,YES_NONCOMMERCIAL_ONLY,SONICS-fake,9874e03e6933c96d14fd6edb2b460b2ba94d86f7d8a91255e8c71b51f29b63b8,sonics::13,train,test,mostly fake
data\raw\public_v9\sonics\fake_00017_udio_0.mp3,1,1,1,1,1,sonics::17,SONICS::udio-120s,sonics_official,sonics_official,awsaf49/sonics,fake_00017_udio_0,sonics::17,https://github.com/awsaf49/sonics,official part_01 + metadata snapshot 2026-08-31,CC BY-NC 4.0,YES,YES_WITH_ATTRIBUTION_NONCOMMERCIAL,YES_NONCOMMERCIAL_ONLY,SONICS-fake,2fdbe025b31df51d719307fc9b8042c38caf97d93cb40c4ceba8e386f3a041b0,sonics::17,train,test,mostly fake
data\raw\public_v9\sonics\fake_00021_udio_0.mp3,1,1,1,1,1,sonics::21,SONICS::udio-120s,sonics_official,sonics_official,awsaf49/sonics,fake_00021_udio_0,sonics::21,https://github.com/awsaf49/sonics,official part_01 + metadata snapshot 2026-08-31,CC BY-NC 4.0,YES,YES_WITH_ATTRIBUTION_NONCOMMERCIAL,YES_NONCOMMERCIAL_ONLY,SONICS-fake,241ed39650d49d7e906d947c4a9c504bf1ad6670c205bfcab78f32dd9661b145,sonics::21,train,test,mostly fake
data\raw\public_v9\sonics\fake_00023_udio_0.mp3,1,1,1,1,1,sonics::23,SONICS::udio-120s,sonics_official,sonics_official,awsaf49/sonics,fake_00023_udio_0,sonics::23,https://github.com/awsaf49/sonics,official part_01 + metadata snapshot 2026-08-31,CC BY-NC 4.0,YES,YES_WITH_ATTRIBUTION_NONCOMMERCIAL,YES_NONCOMMERCIAL_ONLY,SONICS-fake,d23ce44204c0c8c1c6b50ab566cd12bfbd0b6222481340925e697b7e7965221d,sonics::23,train,train,mostly fake
data\raw\public_v9\sonics\fake_00026_udio_0.mp3,1,1,1,1,1,sonics::26,SONICS::udio-120s,sonics_official,sonics_official,awsaf49/sonics,fake_00026_udio_0,sonics::26,https://github.com/awsaf49/sonics,official part_01 + metadata snapshot 2026-08-31,CC BY-NC 4.0,YES,YES_WITH_ATTRIBUTION_NONCOMMERCIAL,YES_NONCOMMERCIAL_ONLY,SONICS-fake,eba8e95f1b31f1a011b24e0aba11924c3253e721da6eae4a65a36382e57a3c51,sonics::26,train,train,mostly fake
data\raw\public_v9\sonics\fake_00038_udio_0.mp3,1,1,1,1,1,sonics::38,SONICS::udio-120s,sonics_official,sonics_official,awsaf49/sonics,fake_00038_udio_0,sonics::38,https://github.com/awsaf49/sonics,official part_01 + metadata snapshot 2026-08-31,CC BY-NC 4.0,YES,YES_WITH_ATTRIBUTION_NONCOMMERCIAL,YES_NONCOMMERCIAL_ONLY,SONICS-fake,e650e599a5dd5a3140ff4d3dda413b388ec7cd0d6a5b4796cecc82e5422eba94,sonics::38,train,train,mostly fake
data\raw\public_v9\sonics\fake_00041_udio_0.mp3,1,1,1,1,1,sonics::41,SONICS::udio-120s,sonics_official,sonics_official,awsaf49/sonics,fake_00041_udio_0,sonics::41,https://github.com/awsaf49/sonics,official part_01 + metadata snapshot 2026-08-31,CC BY-NC 4.0,YES,YES_WITH_ATTRIBUTION_NONCOMMERCIAL,YES_NONCOMMERCIAL_ONLY,SONICS-fake,3f404952d9c4e4a6ceea5f0704bcef49119dc847e9325d0f51563d3b528957fa,sonics::41,train,train,mostly fake
data\raw\public_v9\sonics\fake_00042_udio_0.mp3,1,1,1,1,1,sonics::42,SONICS::udio-120s,sonics_official,sonics_official,awsaf49/sonics,fake_00042_udio_0,sonics::42,https://github.com/awsaf49/sonics,official part_01 + metadata snapshot 2026-08-31,CC BY-NC 4.0,YES,YES_WITH_ATTRIBUTION_NONCOMMERCIAL,YES_NONCOMMERCIAL_ONLY,SONICS-fake,2f483cb5b341ffdf68afc781247372f81a5729c42f450e2621e35f1fd8701ea2,sonics::42,train,train,mostly fake
data\raw\public_v9\sonics\fake_00044_udio_0.mp3,1,1,1,1,1,sonics::44,SONICS::udio-120s,sonics_official,sonics_official,awsaf49/sonics,fake_00044_udio_0,sonics::44,https://github.com/awsaf49/sonics,official part_01 + metadata snapshot 2026-08-31,CC BY-NC 4.0,YES,YES_WITH_ATTRIBUTION_NONCOMMERCIAL,YES_NONCOMMERCIAL_ONLY,SONICS-fake,311e210285964fbde6cc5f3102c722ec9670514a4c201e45f3f7069d849565df,sonics::44,train,test,mostly fake
data\raw\public_v9\sonics\fake_00045_udio_0.mp3,1,1,1,1,1,sonics::45,SONICS::udio-120s,sonics_official,sonics_official,awsaf49/sonics,fake_00045_udio_0,sonics::45,https://github.com/awsaf49/sonics,official part_01 + metadata snapshot 2026-08-31,CC BY-NC 4.0,YES,YES_WITH_ATTRIBUTION_NONCOMMERCIAL,YES_NONCOMMERCIAL_ONLY,SONICS-fake,926b17d81f578ffa62b0722750df9e469c8618a695811f619cb9de6e99b93340,sonics::45,train,train,mostly fake
data\raw\public_v9\sonics\fake_00048_udio_0.mp3,1,1,1,1,1,sonics::48,SONICS::udio-120s,sonics_official,sonics_official,awsaf49/sonics,fake_00048_udio_0,sonics::48,https://github.com/awsaf49/sonics,official part_01 + metadata snapshot 2026-08-31,CC BY-NC 4.0,YES,YES_WITH_ATTRIBUTION_NONCOMMERCIAL,YES_NONCOMMERCIAL_ONLY,SONICS-fake,ce457424d7607fe04d07d0a2b87fdd9c10345f7b2b14a13846e5143aa618b23e,sonics::48,train,train,mostly fake
data\raw\public_v9\sonics\fake_00050_udio_0.mp3,1,1,1,1,1,sonics::50,SONICS::udio-120s,sonics_official,sonics_official,awsaf49/sonics,fake_00050_udio_0,sonics::50,https://github.com/awsaf49/sonics,official part_01 + metadata snapshot 2026-08-31,CC BY-NC 4.0,YES,YES_WITH_ATTRIBUTION_NONCOMMERCIAL,YES_NONCOMMERCIAL_ONLY,SONICS-fake,0693686796c26ea64a10367fc0f720607752a56c511fe683cf28249d96fe512a,sonics::50,train,train,mostly fake
data\raw\public_v9\sonics\fake_00054_udio_0.mp3,1,1,1,1,1,sonics::54,SONICS::udio-120s,sonics_official,sonics_official,awsaf49/sonics,fake_00054_udio_0,sonics::54,https://github.com/awsaf49/sonics,official part_01 + metadata snapshot 2026-08-31,CC BY-NC 4.0,YES,YES_WITH_ATTRIBUTION_NONCOMMERCIAL,YES_NONCOMMERCIAL_ONLY,SONICS-fake,cd519f1f54d0e21591d97d1e6838683701f50063e109c4b8bc9ecde667467894,sonics::54,train,train,mostly fake
data\raw\public_v9\sonics\fake_00062_udio_0.mp3,1,1,1,1,1,sonics::62,SONICS::udio-120s,sonics_official,sonics_official,awsaf49/sonics,fake_00062_udio_0,sonics::62,https://github.com/awsaf49/sonics,official part_01 + metadata snapshot 2026-08-31,CC BY-NC 4.0,YES,YES_WITH_ATTRIBUTION_NONCOMMERCIAL,YES_NONCOMMERCIAL_ONLY,SONICS-fake,0292b39c513fc892e54cbc1bc4519b7b9ad3b2c161899942b35b01b68d97a21d,sonics::62,train,valid,mostly fake
data\raw\public_v9\sonics\fake_00069_udio_0.mp3,1,1,1,1,1,sonics::69,SONICS::udio-120s,sonics_official,sonics_official,awsaf49/sonics,fake_00069_udio_0,sonics::69,https://github.com/awsaf49/sonics,official part_01 + metadata snapshot 2026-08-31,CC BY-NC 4.0,YES,YES_WITH_ATTRIBUTION_NONCOMMERCIAL,YES_NONCOMMERCIAL_ONLY,SONICS-fake,16c86cdcbfceb905e9e5df7e23363329d0d70f54be97999e8c983d5e05a1fe88,sonics::69,train,train,mostly fake
data\raw\public_v9\sonics\fake_00075_udio_0.mp3,1,1,1,1,1,sonics::75,SONICS::udio-120s,sonics_official,sonics_official,awsaf49/sonics,fake_00075_udio_0,sonics::75,https://github.com/awsaf49/sonics,official part_01 + metadata snapshot 2026-08-31,CC BY-NC 4.0,YES,YES_WITH_ATTRIBUTION_NONCOMMERCIAL,YES_NONCOMMERCIAL_ONLY,SONICS-fake,65d4e1e4789a9ad1b4759e40095da967b517df76420fa9eec46af1c21afbdd86,sonics::75,train,train,mostly fake
data\raw\public_v9\sonics\fake_00088_udio_0.mp3,1,1,1,1,1,sonics::88,SONICS::udio-120s,sonics_official,sonics_official,awsaf49/sonics,fake_00088_udio_0,sonics::88,https://github.com/awsaf49/sonics,official part_01 + metadata snapshot 2026-08-31,CC BY-NC 4.0,YES,YES_WITH_ATTRIBUTION_NONCOMMERCIAL,YES_NONCOMMERCIAL_ONLY,SONICS-fake,e1e5cb56bfdc1cb537b0a9adf287b83a8779e9b3cf560694a1d607349d024487,sonics::88,train,train,mostly fake
data\raw\public_v9\sonics\fake_00107_udio_0.mp3,1,1,1,1,1,sonics::107,SONICS::udio-120s,sonics_official,sonics_official,awsaf49/sonics,fake_00107_udio_0,sonics::107,https://github.com/awsaf49/sonics,official part_01 + metadata snapshot 2026-08-31,CC BY-NC 4.0,YES,YES_WITH_ATTRIBUTION_NONCOMMERCIAL,YES_NONCOMMERCIAL_ONLY,SONICS-fake,89fae3e27b0ad4f92c3d084756b5ba10731c1f7f60ab3f497ef02eebb9d8f3f4,sonics::107,train,train,mostly fake
data\raw\public_v9\sonics\fake_00114_udio_0.mp3,1,1,1,1,1,sonics::114,SONICS::udio-120s,sonics_official,sonics_official,awsaf49/sonics,fake_00114_udio_0,sonics::114,https://github.com/awsaf49/sonics,official part_01 + metadata snapshot 2026-08-31,CC BY-NC 4.0,YES,YES_WITH_ATTRIBUTION_NONCOMMERCIAL,YES_NONCOMMERCIAL_ONLY,SONICS-fake,a38045f54898a7635c054ed852226ca061a634170c169bbc595cd6084d00f904,sonics::114,train,train,mostly fake
data\raw\public_v9\sonics\fake_00115_udio_0.mp3,1,1,1,1,1,sonics::115,SONICS::udio-120s,sonics_official,sonics_official,awsaf49/sonics,fake_00115_udio_0,sonics::115,https://github.com/awsaf49/sonics,official part_01 + metadata snapshot 2026-08-31,CC BY-NC 4.0,YES,YES_WITH_ATTRIBUTION_NONCOMMERCIAL,YES_NONCOMMERCIAL_ONLY,SONICS-fake,34ec01bf596dab75b20ac95677bd44ed0c9f86efcd12d6731ebb051d65e0ebb8,sonics::115,train,train,mostly fake
data\raw\public_v9\sonics\fake_00116_udio_0.mp3,1,1,1,1,1,sonics::116,SONICS::udio-120s,sonics_official,sonics_official,awsaf49/sonics,fake_00116_udio_0,sonics::116,https://github.com/awsaf49/sonics,official part_01 + metadata snapshot 2026-08-31,CC BY-NC 4.0,YES,YES_WITH_ATTRIBUTION_NONCOMMERCIAL,YES_NONCOMMERCIAL_ONLY,SONICS-fake,4b3e68ef74506220b97262abae09a36f75f254d0d8f6cc132d4121d12eb5ec62,sonics::116,train,train,mostly fake
data\raw\public_v9\sonics\fake_00118_udio_0.mp3,1,1,1,1,1,sonics::118,SONICS::udio-120s,sonics_official,sonics_official,awsaf49/sonics,fake_00118_udio_0,sonics::118,https://github.com/awsaf49/sonics,official part_01 + metadata snapshot 2026-08-31,CC BY-NC 4.0,YES,YES_WITH_ATTRIBUTION_NONCOMMERCIAL,YES_NONCOMMERCIAL_ONLY,SONICS-fake,b2aed786ced816760a49cc1d60b1a634ae6918095b8998434fb955ca69c8079e,sonics::118,train,train,mostly fake
data\raw\public_v9\sonics\fake_00124_udio_0.mp3,1,1,1,1,1,sonics::124,SONICS::udio-120s,sonics_official,sonics_official,awsaf49/sonics,fake_00124_udio_0,sonics::124,https://github.com/awsaf49/sonics,official part_01 + metadata snapshot 2026-08-31,CC BY-NC 4.0,YES,YES_WITH_ATTRIBUTION_NONCOMMERCIAL,YES_NONCOMMERCIAL_ONLY,SONICS-fake,f5ad1c7066a8350f66fcf0c978d93137f98711cb25d25338ca9eb0dfc24a6e9f,sonics::124,train,train,mostly fake
data\raw\public_v9\sonics\fake_00125_udio_0.mp3,1,1,1,1,1,sonics::125,SONICS::udio-120s,sonics_official,sonics_official,awsaf49/sonics,fake_00125_udio_0,sonics::125,https://github.com/awsaf49/sonics,official part_01 + metadata snapshot 2026-08-31,CC BY-NC 4.0,YES,YES_WITH_ATTRIBUTION_NONCOMMERCIAL,YES_NONCOMMERCIAL_ONLY,SONICS-fake,1a0b1c3eb8673eabcb3272ebbeeae5697752dde3d18a72c93bf845813fc4bc0a,sonics::125,train,train,mostly fake
data\raw\public_v9\sonics\fake_00130_udio_0.mp3,1,1,1,1,1,sonics::130,SONICS::udio-120s,sonics_official,sonics_official,awsaf49/sonics,fake_00130_udio_0,sonics::130,https://github.com/awsaf49/sonics,official part_01 + metadata snapshot 2026-08-31,CC BY-NC 4.0,YES,YES_WITH_ATTRIBUTION_NONCOMMERCIAL,YES_NONCOMMERCIAL_ONLY,SONICS-fake,e9e79f597cc12f93e6098e77e176619df1d5534f9717c2d4ce7a6d2767b57115,sonics::130,train,train,mostly fake
data\raw\public_v9\sonics\fake_00135_udio_0.mp3,1,1,1,1,1,sonics::135,SONICS::udio-120s,sonics_official,sonics_official,awsaf49/sonics,fake_00135_udio_0,sonics::135,https://github.com/awsaf49/sonics,official part_01 + metadata snapshot 2026-08-31,CC BY-NC 4.0,YES,YES_WITH_ATTRIBUTION_NONCOMMERCIAL,YES_NONCOMMERCIAL_ONLY,SONICS-fake,f1aba3cfb4f195d9accba766d62f124cc419a6b61ca0613c5043a687249ede40,sonics::135,train,train,mostly fake
data\raw\public_v9\sonics\fake_00142_udio_0.mp3,1,1,1,1,1,sonics::142,SONICS::udio-120s,sonics_official,sonics_official,awsaf49/sonics,fake_00142_udio_0,sonics::142,https://github.com/awsaf49/sonics,official part_01 + metadata snapshot 2026-08-31,CC BY-NC 4.0,YES,YES_WITH_ATTRIBUTION_NONCOMMERCIAL,YES_NONCOMMERCIAL_ONLY,SONICS-fake,eb09945bcb1e34a5b6894b54939c39d739d6f97eb3db21a6c331a059525247fa,sonics::142,train,train,mostly fake
data\raw\public_v9\sonics\fake_00145_udio_0.mp3,1,1,1,1,1,sonics::145,SONICS::udio-120s,sonics_official,sonics_official,awsaf49/sonics,fake_00145_udio_0,sonics::145,https://github.com/awsaf49/sonics,official part_01 + metadata snapshot 2026-08-31,CC BY-NC 4.0,YES,YES_WITH_ATTRIBUTION_NONCOMMERCIAL,YES_NONCOMMERCIAL_ONLY,SONICS-fake,b45ccf3fe8f4c2fd52d4da2a373ba76ba97f12278efa1f45d739df2b69d3ed03,sonics::145,train,train,mostly fake
data\raw\public_v9\sonics\fake_00150_udio_0.mp3,1,1,1,1,1,sonics::150,SONICS::udio-120s,sonics_official,sonics_official,awsaf49/sonics,fake_00150_udio_0,sonics::150,https://github.com/awsaf49/sonics,official part_01 + metadata snapshot 2026-08-31,CC BY-NC 4.0,YES,YES_WITH_ATTRIBUTION_NONCOMMERCIAL,YES_NONCOMMERCIAL_ONLY,SONICS-fake,f8e924ac95d7557eff843d0e8893bc9fa8fd281c1b450e53650e1c26f81c6862,sonics::150,train,train,mostly fake
data\raw\public_v9\sonics\fake_00153_udio_0.mp3,1,1,1,1,1,sonics::153,SONICS::udio-120s,sonics_official,sonics_official,awsaf49/sonics,fake_00153_udio_0,sonics::153,https://github.com/awsaf49/sonics,official part_01 + metadata snapshot 2026-08-31,CC BY-NC 4.0,YES,YES_WITH_ATTRIBUTION_NONCOMMERCIAL,YES_NONCOMMERCIAL_ONLY,SONICS-fake,bf8f42125988ffc46ad43b3c49705ec92983d8286cec6407881919ff6d2ff3e6,sonics::153,train,test,mostly fake
data\raw\public_v9\sonics\fake_00155_udio_0.mp3,1,1,1,1,1,sonics::155,SONICS::udio-120s,sonics_official,sonics_official,awsaf49/sonics,fake_00155_udio_0,sonics::155,https://github.com/awsaf49/sonics,official part_01 + metadata snapshot 2026-08-31,CC BY-NC 4.0,YES,YES_WITH_ATTRIBUTION_NONCOMMERCIAL,YES_NONCOMMERCIAL_ONLY,SONICS-fake,b693a109999c666a455e1ff6d77757990fd29f808c4de3a78a05452b9edd74f2,sonics::155,train,train,mostly fake
data\raw\public_v9\sonics\fake_00156_udio_0.mp3,1,1,1,1,1,sonics::156,SONICS::udio-120s,sonics_official,sonics_official,awsaf49/sonics,fake_00156_udio_0,sonics::156,https://github.com/awsaf49/sonics,official part_01 + metadata snapshot 2026-08-31,CC BY-NC 4.0,YES,YES_WITH_ATTRIBUTION_NONCOMMERCIAL,YES_NONCOMMERCIAL_ONLY,SONICS-fake,4027315157c54771b90b1c2684befcc61c5fa41a524ddcce3a5ef4eae50c432c,sonics::156,train,train,mostly fake
data\raw\public_v9\sonics\fake_00157_udio_0.mp3,1,1,1,1,1,sonics::157,SONICS::udio-120s,sonics_official,sonics_official,awsaf49/sonics,fake_00157_udio_0,sonics::157,https://github.com/awsaf49/sonics,official part_01 + metadata snapshot 2026-08-31,CC BY-NC 4.0,YES,YES_WITH_ATTRIBUTION_NONCOMMERCIAL,YES_NONCOMMERCIAL_ONLY,SONICS-fake,a6022117c37ebb01cbc0b9316aa48bf3131f3bb657bb6d7a41b0aae528c00639,sonics::157,train,train,mostly fake
data\raw\public_v9\sonics\fake_00160_udio_0.mp3,1,1,1,1,1,sonics::160,SONICS::udio-120s,sonics_official,sonics_official,awsaf49/sonics,fake_00160_udio_0,sonics::160,https://github.com/awsaf49/sonics,official part_01 + metadata snapshot 2026-08-31,CC BY-NC 4.0,YES,YES_WITH_ATTRIBUTION_NONCOMMERCIAL,YES_NONCOMMERCIAL_ONLY,SONICS-fake,507036717fcc25ad26cdccfd736c125ae4d6daf32ec29bfcf8082996f26a7a80,sonics::160,train,train,mostly fake
data\raw\public_v9\sonics\fake_00161_udio_0.mp3,1,1,1,1,1,sonics::161,SONICS::udio-120s,sonics_official,sonics_official,awsaf49/sonics,fake_00161_udio_0,sonics::161,https://github.com/awsaf49/sonics,official part_01 + metadata snapshot 2026-08-31,CC BY-NC 4.0,YES,YES_WITH_ATTRIBUTION_NONCOMMERCIAL,YES_NONCOMMERCIAL_ONLY,SONICS-fake,e37768665a9cf6b48dcefee650083c45068bcaa4a7459a4613a3c9a841bd1643,sonics::161,train,train,mostly fake
data\raw\public_v9\sonics\fake_00164_udio_0.mp3,1,1,1,1,1,sonics::164,SONICS::udio-120s,sonics_official,sonics_official,awsaf49/sonics,fake_00164_udio_0,sonics::164,https://github.com/awsaf49/sonics,official part_01 + metadata snapshot 2026-08-31,CC BY-NC 4.0,YES,YES_WITH_ATTRIBUTION_NONCOMMERCIAL,YES_NONCOMMERCIAL_ONLY,SONICS-fake,47e5db3b3bc4f4e70d3f7b362f231f5ff564d425ff167e7022bddb290bbc8069,sonics::164,train,train,mostly fake
data\raw\public_v9\sonics\fake_00166_udio_0.mp3,1,1,1,1,1,sonics::166,SONICS::udio-120s,sonics_official,sonics_official,awsaf49/sonics,fake_00166_udio_0,sonics::166,https://github.com/awsaf49/sonics,official part_01 + metadata snapshot 2026-08-31,CC BY-NC 4.0,YES,YES_WITH_ATTRIBUTION_NONCOMMERCIAL,YES_NONCOMMERCIAL_ONLY,SONICS-fake,cbeaf36623e88b5491ad72f9d5b7f7a205708315d40ad326ac135f4e01b447f7,sonics::166,train,train,mostly fake
data\raw\public_v9\sonics\fake_00168_udio_0.mp3,1,1,1,1,1,sonics::168,SONICS::udio-120s,sonics_official,sonics_official,awsaf49/sonics,fake_00168_udio_0,sonics::168,https://github.com/awsaf49/sonics,official part_01 + metadata snapshot 2026-08-31,CC BY-NC 4.0,YES,YES_WITH_ATTRIBUTION_NONCOMMERCIAL,YES_NONCOMMERCIAL_ONLY,SONICS-fake,1ea41a268065b02e5ce05c18fe5c7e5de7be2e7e007c0d163fd070fcb458487c,sonics::168,train,train,mostly fake
data\raw\public_v9\sonics\fake_00169_udio_0.mp3,1,1,1,1,1,sonics::169,SONICS::udio-120s,sonics_official,sonics_official,awsaf49/sonics,fake_00169_udio_0,sonics::169,https://github.com/awsaf49/sonics,official part_01 + metadata snapshot 2026-08-31,CC BY-NC 4.0,YES,YES_WITH_ATTRIBUTION_NONCOMMERCIAL,YES_NONCOMMERCIAL_ONLY,SONICS-fake,2ff6f27f1c6457b3994c2ce072a69bd7cac8221a85f274da0378975bf4b52020,sonics::169,train,train,mostly fake
data\raw\public_v9\sonics\fake_00181_udio_0.mp3,1,1,1,1,1,sonics::181,SONICS::udio-120s,sonics_official,sonics_official,awsaf49/sonics,fake_00181_udio_0,sonics::181,https://github.com/awsaf49/sonics,official part_01 + metadata snapshot 2026-08-31,CC BY-NC 4.0,YES,YES_WITH_ATTRIBUTION_NONCOMMERCIAL,YES_NONCOMMERCIAL_ONLY,SONICS-fake,28168e97478492806d3dbc746b09b066680f6b677fd69cc13ac1fb143e6fb5c1,sonics::181,train,train,mostly fake
data\raw\public_v9\sonics\fake_00186_udio_0.mp3,1,1,1,1,1,sonics::186,SONICS::udio-120s,sonics_official,sonics_official,awsaf49/sonics,fake_00186_udio_0,sonics::186,https://github.com/awsaf49/sonics,official part_01 + metadata snapshot 2026-08-31,CC BY-NC 4.0,YES,YES_WITH_ATTRIBUTION_NONCOMMERCIAL,YES_NONCOMMERCIAL_ONLY,SONICS-fake,d241d59c01598973b549e93a5464128944d9080c436fcaf267661ed9816ab99e,sonics::186,train,train,mostly fake
data\raw\public_v9\sonics\fake_00188_udio_0.mp3,1,1,1,1,1,sonics::188,SONICS::udio-120s,sonics_official,sonics_official,awsaf49/sonics,fake_00188_udio_0,sonics::188,https://github.com/awsaf49/sonics,official part_01 + metadata snapshot 2026-08-31,CC BY-NC 4.0,YES,YES_WITH_ATTRIBUTION_NONCOMMERCIAL,YES_NONCOMMERCIAL_ONLY,SONICS-fake,ffcde98506f657fa1d152c4ff19afcb78db28ced097add578fc1f5ea223568c1,sonics::188,train,train,mostly fake
data\raw\public_v9\sonics\fake_00190_udio_0.mp3,1,1,1,1,1,sonics::190,SONICS::udio-120s,sonics_official,sonics_official,awsaf49/sonics,fake_00190_udio_0,sonics::190,https://github.com/awsaf49/sonics,official part_01 + metadata snapshot 2026-08-31,CC BY-NC 4.0,YES,YES_WITH_ATTRIBUTION_NONCOMMERCIAL,YES_NONCOMMERCIAL_ONLY,SONICS-fake,58298054ff016b1f23e993f8f4ff8a8685e3817b565a20515c02babc6b9f23ad,sonics::190,train,train,mostly fake
data\raw\public_v9\sonics\fake_00194_udio_0.mp3,1,1,1,1,1,sonics::194,SONICS::udio-120s,sonics_official,sonics_official,awsaf49/sonics,fake_00194_udio_0,sonics::194,https://github.com/awsaf49/sonics,official part_01 + metadata snapshot 2026-08-31,CC BY-NC 4.0,YES,YES_WITH_ATTRIBUTION_NONCOMMERCIAL,YES_NONCOMMERCIAL_ONLY,SONICS-fake,45dcdf262fefbefd30f44167c4ff2e99b5e659611ba5e53fa4a502afc3394c53,sonics::194,train,train,mostly fake
data\raw\public_v9\sonics\fake_00196_udio_0.mp3,1,1,1,1,1,sonics::196,SONICS::udio-120s,sonics_official,sonics_official,awsaf49/sonics,fake_00196_udio_0,sonics::196,https://github.com/awsaf49/sonics,official part_01 + metadata snapshot 2026-08-31,CC BY-NC 4.0,YES,YES_WITH_ATTRIBUTION_NONCOMMERCIAL,YES_NONCOMMERCIAL_ONLY,SONICS-fake,98b00be1aad8d2818d01c44963372df752f51a766f572a0d49f3f860efcd12ec,sonics::196,train,train,mostly fake
data\raw\public_v9\sonics\fake_00205_udio_0.mp3,1,1,1,1,1,sonics::205,SONICS::udio-120s,sonics_official,sonics_official,awsaf49/sonics,fake_00205_udio_0,sonics::205,https://github.com/awsaf49/sonics,official part_01 + metadata snapshot 2026-08-31,CC BY-NC 4.0,YES,YES_WITH_ATTRIBUTION_NONCOMMERCIAL,YES_NONCOMMERCIAL_ONLY,SONICS-fake,420277b2fcc7711ca962c74a5c6a497c4b7501cee7967a9193739f74c7ba1f50,sonics::205,train,train,mostly fake
data\raw\public_v9\sonics\fake_00208_udio_0.mp3,1,1,1,1,1,sonics::208,SONICS::udio-120s,sonics_official,sonics_official,awsaf49/sonics,fake_00208_udio_0,sonics::208,https://github.com/awsaf49/sonics,official part_01 + metadata snapshot 2026-08-31,CC BY-NC 4.0,YES,YES_WITH_ATTRIBUTION_NONCOMMERCIAL,YES_NONCOMMERCIAL_ONLY,SONICS-fake,0cd7f4101b92a94f0f4d3d3fa631bce413cf289cca8bf702b952a6bb12c37960,sonics::208,train,train,mostly fake
data\raw\public_v9\sonics\fake_00214_udio_0.mp3,1,1,1,1,1,sonics::214,SONICS::udio-120s,sonics_official,sonics_official,awsaf49/sonics,fake_00214_udio_0,sonics::214,https://github.com/awsaf49/sonics,official part_01 + metadata snapshot 2026-08-31,CC BY-NC 4.0,YES,YES_WITH_ATTRIBUTION_NONCOMMERCIAL,YES_NONCOMMERCIAL_ONLY,SONICS-fake,2794aa776db61003fd137d465aba79a165069232c95a0eb43fff8e69ad10f55a,sonics::214,train,train,mostly fake
data\raw\public_v9\sonics\fake_00215_udio_0.mp3,1,1,1,1,1,sonics::215,SONICS::udio-120s,sonics_official,sonics_official,awsaf49/sonics,fake_00215_udio_0,sonics::215,https://github.com/awsaf49/sonics,official part_01 + metadata snapshot 2026-08-31,CC BY-NC 4.0,YES,YES_WITH_ATTRIBUTION_NONCOMMERCIAL,YES_NONCOMMERCIAL_ONLY,SONICS-fake,85b5bc059eb2ce85d1431ffbdf49fd58571d4d9f820e499558540fe4827eb715,sonics::215,train,train,mostly fake
data\raw\public_v9\sonics\fake_00216_udio_0.mp3,1,1,1,1,1,sonics::216,SONICS::udio-120s,sonics_official,sonics_official,awsaf49/sonics,fake_00216_udio_0,sonics::216,https://github.com/awsaf49/sonics,official part_01 + metadata snapshot 2026-08-31,CC BY-NC 4.0,YES,YES_WITH_ATTRIBUTION_NONCOMMERCIAL,YES_NONCOMMERCIAL_ONLY,SONICS-fake,286b7d2d6d52cdce350b98d251bf68d9a3112831c521c95ed51f61ad4d0842b6,sonics::216,train,train,mostly fake
data\raw\public_v9\sonics\fake_00228_udio_0.mp3,1,1,1,1,1,sonics::228,SONICS::udio-120s,sonics_official,sonics_official,awsaf49/sonics,fake_00228_udio_0,sonics::228,https://github.com/awsaf49/sonics,official part_01 + metadata snapshot 2026-08-31,CC BY-NC 4.0,YES,YES_WITH_ATTRIBUTION_NONCOMMERCIAL,YES_NONCOMMERCIAL_ONLY,SONICS-fake,555d30f25208eda3ff3d0f72118dabe79fecefaa3133175d79df57059d388c41,sonics::228,train,train,mostly fake
data\raw\public_v9\sonics\fake_00233_udio_0.mp3,1,1,1,1,1,sonics::233,SONICS::udio-120s,sonics_official,sonics_official,awsaf49/sonics,fake_00233_udio_0,sonics::233,https://github.com/awsaf49/sonics,official part_01 + metadata snapshot 2026-08-31,CC BY-NC 4.0,YES,YES_WITH_ATTRIBUTION_NONCOMMERCIAL,YES_NONCOMMERCIAL_ONLY,SONICS-fake,ca34d8c0463a6bfc1bb11f130f5f76512fc036c8634171c56ac5f2016f85c676,sonics::233,train,test,mostly fake
data\raw\public_v9\sonics\fake_00236_udio_0.mp3,1,1,1,1,1,sonics::236,SONICS::udio-120s,sonics_official,sonics_official,awsaf49/sonics,fake_00236_udio_0,sonics::236,https://github.com/awsaf49/sonics,official part_01 + metadata snapshot 2026-08-31,CC BY-NC 4.0,YES,YES_WITH_ATTRIBUTION_NONCOMMERCIAL,YES_NONCOMMERCIAL_ONLY,SONICS-fake,36f57639e2ef1dc68d2af0d9f5e378b4f7e41b9b716d4b79e7c8f9f4a52379e6,sonics::236,train,train,mostly fake
data\raw\public_v9\sonics\fake_00237_udio_0.mp3,1,1,1,1,1,sonics::237,SONICS::udio-120s,sonics_official,sonics_official,awsaf49/sonics,fake_00237_udio_0,sonics::237,https://github.com/awsaf49/sonics,official part_01 + metadata snapshot 2026-08-31,CC BY-NC 4.0,YES,YES_WITH_ATTRIBUTION_NONCOMMERCIAL,YES_NONCOMMERCIAL_ONLY,SONICS-fake,02e815a069462ad9018909a69ad67934f6004b0d1b9374e0096842826e423788,sonics::237,train,train,mostly fake
data\raw\public_v9\sonics\fake_00249_udio_0.mp3,1,1,1,1,1,sonics::249,SONICS::udio-120s,sonics_official,sonics_official,awsaf49/sonics,fake_00249_udio_0,sonics::249,https://github.com/awsaf49/sonics,official part_01 + metadata snapshot 2026-08-31,CC BY-NC 4.0,YES,YES_WITH_ATTRIBUTION_NONCOMMERCIAL,YES_NONCOMMERCIAL_ONLY,SONICS-fake,c59ddb8b2fdd6a39657fb041b4d04fe49320f2680919495219da338129bcad97,sonics::249,train,train,mostly fake
data\raw\public_v9\sonics\fake_00251_udio_0.mp3,1,1,1,1,1,sonics::251,SONICS::udio-120s,sonics_official,sonics_official,awsaf49/sonics,fake_00251_udio_0,sonics::251,https://github.com/awsaf49/sonics,official part_01 + metadata snapshot 2026-08-31,CC BY-NC 4.0,YES,YES_WITH_ATTRIBUTION_NONCOMMERCIAL,YES_NONCOMMERCIAL_ONLY,SONICS-fake,40eb13678c1621f7653a19b4855ead6d56e5a989d6e56cc08d526fd1378cf066,sonics::251,train,train,mostly fake
data\raw\public_v9\sonics\fake_00252_udio_0.mp3,1,1,1,1,1,sonics::252,SONICS::udio-120s,sonics_official,sonics_official,awsaf49/sonics,fake_00252_udio_0,sonics::252,https://github.com/awsaf49/sonics,official part_01 + metadata snapshot 2026-08-31,CC BY-NC 4.0,YES,YES_WITH_ATTRIBUTION_NONCOMMERCIAL,YES_NONCOMMERCIAL_ONLY,SONICS-fake,a62bd7f3af99751840fbcfca39b1117cd16962049c1f2df5c5ac3a779e271771,sonics::252,train,train,mostly fake
data\raw\public_v9\sonics\fake_00253_udio_0.mp3,1,1,1,1,1,sonics::253,SONICS::udio-120s,sonics_official,sonics_official,awsaf49/sonics,fake_00253_udio_0,sonics::253,https://github.com/awsaf49/sonics,official part_01 + metadata snapshot 2026-08-31,CC BY-NC 4.0,YES,YES_WITH_ATTRIBUTION_NONCOMMERCIAL,YES_NONCOMMERCIAL_ONLY,SONICS-fake,a36089bd633c068d69fddc0c745c28f1b6e7f1e4e63c7f48985ae791357a9da2,sonics::253,train,train,mostly fake
data\raw\public_v9\sonics\fake_00254_udio_0.mp3,1,1,1,1,1,sonics::254,SONICS::udio-120s,sonics_official,sonics_official,awsaf49/sonics,fake_00254_udio_0,sonics::254,https://github.com/awsaf49/sonics,official part_01 + metadata snapshot 2026-08-31,CC BY-NC 4.0,YES,YES_WITH_ATTRIBUTION_NONCOMMERCIAL,YES_NONCOMMERCIAL_ONLY,SONICS-fake,6746ed93b9ca5a7e2731f860195dabe2e42b452a4724b9892d6a75fd78c576ec,sonics::254,train,train,mostly fake
data\raw\public_v9\sonics\fake_00261_udio_0.mp3,1,1,1,1,1,sonics::261,SONICS::udio-120s,sonics_official,sonics_official,awsaf49/sonics,fake_00261_udio_0,sonics::261,https://github.com/awsaf49/sonics,official part_01 + metadata snapshot 2026-08-31,CC BY-NC 4.0,YES,YES_WITH_ATTRIBUTION_NONCOMMERCIAL,YES_NONCOMMERCIAL_ONLY,SONICS-fake,3f244837334ca10c969049ece31bb6cf75298983bfadc973ec6f49d5b63cde9d,sonics::261,train,train,mostly fake
data\raw\public_v9\sonics\fake_00266_udio_0.mp3,1,1,1,1,1,sonics::266,SONICS::udio-120s,sonics_official,sonics_official,awsaf49/sonics,fake_00266_udio_0,sonics::266,https://github.com/awsaf49/sonics,official part_01 + metadata snapshot 2026-08-31,CC BY-NC 4.0,YES,YES_WITH_ATTRIBUTION_NONCOMMERCIAL,YES_NONCOMMERCIAL_ONLY,SONICS-fake,7ec610fb70169956956e0fecb5ceed8e789b3b3ef48db0ff1d41b8d100a301de,sonics::266,train,train,mostly fake
data\raw\public_v9\sonics\fake_00268_udio_0.mp3,1,1,1,1,1,sonics::268,SONICS::udio-120s,sonics_official,sonics_official,awsaf49/sonics,fake_00268_udio_0,sonics::268,https://github.com/awsaf49/sonics,official part_01 + metadata snapshot 2026-08-31,CC BY-NC 4.0,YES,YES_WITH_ATTRIBUTION_NONCOMMERCIAL,YES_NONCOMMERCIAL_ONLY,SONICS-fake,adfc0fa97512b103e4d51b83eec1188e3a15c78227ffda05ad2baeee59b077db,sonics::268,train,train,mostly fake
data\raw\public_v9\sonics\fake_00271_udio_0.mp3,1,1,1,1,1,sonics::271,SONICS::udio-120s,sonics_official,sonics_official,awsaf49/sonics,fake_00271_udio_0,sonics::271,https://github.com/awsaf49/sonics,official part_01 + metadata snapshot 2026-08-31,CC BY-NC 4.0,YES,YES_WITH_ATTRIBUTION_NONCOMMERCIAL,YES_NONCOMMERCIAL_ONLY,SONICS-fake,66fa8c9c8e1c41097e1a1289046644ac41769197f3d7e6ef4e597963d9c3babf,sonics::271,train,train,mostly fake
data\raw\public_v9\sonics\fake_00272_udio_0.mp3,1,1,1,1,1,sonics::272,SONICS::udio-120s,sonics_official,sonics_official,awsaf49/sonics,fake_00272_udio_0,sonics::272,https://github.com/awsaf49/sonics,official part_01 + metadata snapshot 2026-08-31,CC BY-NC 4.0,YES,YES_WITH_ATTRIBUTION_NONCOMMERCIAL,YES_NONCOMMERCIAL_ONLY,SONICS-fake,3cbcc51a336788a7e1aa7eb1f88d1bd141f417b5cf0aa2630bc2ce3adcddab3e,sonics::272,train,train,mostly fake
data\raw\public_v9\sonics\fake_00273_udio_0.mp3,1,1,1,1,1,sonics::273,SONICS::udio-120s,sonics_official,sonics_official,awsaf49/sonics,fake_00273_udio_0,sonics::273,https://github.com/awsaf49/sonics,official part_01 + metadata snapshot 2026-08-31,CC BY-NC 4.0,YES,YES_WITH_ATTRIBUTION_NONCOMMERCIAL,YES_NONCOMMERCIAL_ONLY,SONICS-fake,ecd597f0be0c48d84f8d96b02ae4b9ca683ab7b7e54b0798c956d1bffaa8c236,sonics::273,train,train,mostly fake
data\raw\public_v9\sonics\fake_00274_udio_0.mp3,1,1,1,1,1,sonics::274,SONICS::udio-120s,sonics_official,sonics_official,awsaf49/sonics,fake_00274_udio_0,sonics::274,https://github.com/awsaf49/sonics,official part_01 + metadata snapshot 2026-08-31,CC BY-NC 4.0,YES,YES_WITH_ATTRIBUTION_NONCOMMERCIAL,YES_NONCOMMERCIAL_ONLY,SONICS-fake,5e24b7d09d0f295405f5c9c2b1d2dfc5ef1737652335631988e074fa151c4b13,sonics::274,train,train,mostly fake
data\raw\public_v9\sonics\fake_00280_udio_0.mp3,1,1,1,1,1,sonics::280,SONICS::udio-120s,sonics_official,sonics_official,awsaf49/sonics,fake_00280_udio_0,sonics::280,https://github.com/awsaf49/sonics,official part_01 + metadata snapshot 2026-08-31,CC BY-NC 4.0,YES,YES_WITH_ATTRIBUTION_NONCOMMERCIAL,YES_NONCOMMERCIAL_ONLY,SONICS-fake,766f52b6563f960dc4b831070e09412e35f31c2f01d01ad85e7560caa22ef35e,sonics::280,train,train,mostly fake
data\raw\public_v9\sonics\fake_00281_udio_0.mp3,1,1,1,1,1,sonics::281,SONICS::udio-120s,sonics_official,sonics_official,awsaf49/sonics,fake_00281_udio_0,sonics::281,https://github.com/awsaf49/sonics,official part_01 + metadata snapshot 2026-08-31,CC BY-NC 4.0,YES,YES_WITH_ATTRIBUTION_NONCOMMERCIAL,YES_NONCOMMERCIAL_ONLY,SONICS-fake,9a775cc1da43aaea2233a0e40f8040b8ddefbaa6ffd3a24889aac397d99ce819,sonics::281,train,train,mostly fake
data\raw\public_v9\sonics\fake_00285_udio_0.mp3,1,1,1,1,1,sonics::285,SONICS::udio-120s,sonics_official,sonics_official,awsaf49/sonics,fake_00285_udio_0,sonics::285,https://github.com/awsaf49/sonics,official part_01 + metadata snapshot 2026-08-31,CC BY-NC 4.0,YES,YES_WITH_ATTRIBUTION_NONCOMMERCIAL,YES_NONCOMMERCIAL_ONLY,SONICS-fake,1c70f2843d4b914e010ed64cbacd5d00ad1d76b12931fa94860aec64ff43fcc5,sonics::285,train,train,mostly fake
data\raw\public_v9\sonics\fake_00286_udio_0.mp3,1,1,1,1,1,sonics::286,SONICS::udio-120s,sonics_official,sonics_official,awsaf49/sonics,fake_00286_udio_0,sonics::286,https://github.com/awsaf49/sonics,official part_01 + metadata snapshot 2026-08-31,CC BY-NC 4.0,YES,YES_WITH_ATTRIBUTION_NONCOMMERCIAL,YES_NONCOMMERCIAL_ONLY,SONICS-fake,60df995c4eb12df8f2c848b3c4c8d5983851e82b0cc8c44a625a6c10cd635f38,sonics::286,train,train,mostly fake
data\raw\public_v9\sonics\fake_00297_udio_0.mp3,1,1,1,1,1,sonics::297,SONICS::udio-120s,sonics_official,sonics_official,awsaf49/sonics,fake_00297_udio_0,sonics::297,https://github.com/awsaf49/sonics,official part_01 + metadata snapshot 2026-08-31,CC BY-NC 4.0,YES,YES_WITH_ATTRIBUTION_NONCOMMERCIAL,YES_NONCOMMERCIAL_ONLY,SONICS-fake,bb39430a88a169a8f887e74032fa1465edb304c5004439d1ca11ab7444af15c1,sonics::297,train,test,mostly fake
data\raw\public_v9\sonics\fake_00298_udio_0.mp3,1,1,1,1,1,sonics::298,SONICS::udio-120s,sonics_official,sonics_official,awsaf49/sonics,fake_00298_udio_0,sonics::298,https://github.com/awsaf49/sonics,official part_01 + metadata snapshot 2026-08-31,CC BY-NC 4.0,YES,YES_WITH_ATTRIBUTION_NONCOMMERCIAL,YES_NONCOMMERCIAL_ONLY,SONICS-fake,ed1ac84d164f227b6efba90215a1764a5d7c3da98abdc51e9ebc0851baecf6f7,sonics::298,train,train,mostly fake
data\raw\public_v9\sonics\fake_00299_udio_0.mp3,1,1,1,1,1,sonics::299,SONICS::udio-120s,sonics_official,sonics_official,awsaf49/sonics,fake_00299_udio_0,sonics::299,https://github.com/awsaf49/sonics,official part_01 + metadata snapshot 2026-08-31,CC BY-NC 4.0,YES,YES_WITH_ATTRIBUTION_NONCOMMERCIAL,YES_NONCOMMERCIAL_ONLY,SONICS-fake,9a1a0e901cd1bbe41db4faecb7f0b160ad404d7691dc9964a66fff6e96288608,sonics::299,train,train,mostly fake
data\raw\public_v9\sonics\fake_00300_udio_0.mp3,1,1,1,1,1,sonics::300,SONICS::udio-120s,sonics_official,sonics_official,awsaf49/sonics,fake_00300_udio_0,sonics::300,https://github.com/awsaf49/sonics,official part_01 + metadata snapshot 2026-08-31,CC BY-NC 4.0,YES,YES_WITH_ATTRIBUTION_NONCOMMERCIAL,YES_NONCOMMERCIAL_ONLY,SONICS-fake,84c01d3828d4e514254632edae856116763326ac6d8c4617d29729b0bd7f34bb,sonics::300,train,train,mostly fake
data\raw\public_v9\sonics\fake_00303_udio_0.mp3,1,1,1,1,1,sonics::303,SONICS::udio-120s,sonics_official,sonics_official,awsaf49/sonics,fake_00303_udio_0,sonics::303,https://github.com/awsaf49/sonics,official part_01 + metadata snapshot 2026-08-31,CC BY-NC 4.0,YES,YES_WITH_ATTRIBUTION_NONCOMMERCIAL,YES_NONCOMMERCIAL_ONLY,SONICS-fake,69b3a54af22e35f3025966fdc616d2fd3a98f038c4f2e99a6e31bcafe6707942,sonics::303,train,train,mostly fake
data\raw\public_v9\sonics\fake_00305_udio_0.mp3,1,1,1,1,1,sonics::305,SONICS::udio-120s,sonics_official,sonics_official,awsaf49/sonics,fake_00305_udio_0,sonics::305,https://github.com/awsaf49/sonics,official part_01 + metadata snapshot 2026-08-31,CC BY-NC 4.0,YES,YES_WITH_ATTRIBUTION_NONCOMMERCIAL,YES_NONCOMMERCIAL_ONLY,SONICS-fake,96de2828129510dfbb213e0f115dfa5bf5f83ba6af2c5b25294086995d1e383d,sonics::305,train,train,mostly fake
data\raw\public_v9\sonics\fake_00316_udio_0.mp3,1,1,1,1,1,sonics::316,SONICS::udio-120s,sonics_official,sonics_official,awsaf49/sonics,fake_00316_udio_0,sonics::316,https://github.com/awsaf49/sonics,official part_01 + metadata snapshot 2026-08-31,CC BY-NC 4.0,YES,YES_WITH_ATTRIBUTION_NONCOMMERCIAL,YES_NONCOMMERCIAL_ONLY,SONICS-fake,029fbf9dc236ffd13e837eed40357e0bbdaaa3105d3697f014a3e21c721d4ca1,sonics::316,train,train,mostly fake
data\raw\public_v9\sonics\fake_00317_udio_0.mp3,1,1,1,1,1,sonics::317,SONICS::udio-120s,sonics_official,sonics_official,awsaf49/sonics,fake_00317_udio_0,sonics::317,https://github.com/awsaf49/sonics,official part_01 + metadata snapshot 2026-08-31,CC BY-NC 4.0,YES,YES_WITH_ATTRIBUTION_NONCOMMERCIAL,YES_NONCOMMERCIAL_ONLY,SONICS-fake,50e12a5cc68f597ada0a6992b598da4a9f11ebbd9229adf73aac6c96a96a4061,sonics::317,train,train,mostly fake
data\raw\public_v9\sonics\fake_00324_udio_0.mp3,1,1,1,1,1,sonics::324,SONICS::udio-120s,sonics_official,sonics_official,awsaf49/sonics,fake_00324_udio_0,sonics::324,https://github.com/awsaf49/sonics,official part_01 + metadata snapshot 2026-08-31,CC BY-NC 4.0,YES,YES_WITH_ATTRIBUTION_NONCOMMERCIAL,YES_NONCOMMERCIAL_ONLY,SONICS-fake,542ee9012c7f8dda05c3324e5df91166ea1bd108cde2aafa316ff6a459e80755,sonics::324,train,train,mostly fake
data\raw\public_v9\sonics\fake_00327_udio_0.mp3,1,1,1,1,1,sonics::327,SONICS::udio-120s,sonics_official,sonics_official,awsaf49/sonics,fake_00327_udio_0,sonics::327,https://github.com/awsaf49/sonics,official part_01 + metadata snapshot 2026-08-31,CC BY-NC 4.0,YES,YES_WITH_ATTRIBUTION_NONCOMMERCIAL,YES_NONCOMMERCIAL_ONLY,SONICS-fake,e2255d76592c57a61e28b678858642ea07bcf451a65089aa1ace539a7fbc37f2,sonics::327,train,train,mostly fake
data\raw\public_v9\sonics\fake_00330_udio_0.mp3,1,1,1,1,1,sonics::330,SONICS::udio-120s,sonics_official,sonics_official,awsaf49/sonics,fake_00330_udio_0,sonics::330,https://github.com/awsaf49/sonics,official part_01 + metadata snapshot 2026-08-31,CC BY-NC 4.0,YES,YES_WITH_ATTRIBUTION_NONCOMMERCIAL,YES_NONCOMMERCIAL_ONLY,SONICS-fake,1836b56087d3829f6f6629089f26c6b1926eaadd849bca3b9ef225f16fc17ece,sonics::330,train,train,mostly fake
data\raw\public_v9\sonics\fake_00331_udio_0.mp3,1,1,1,1,1,sonics::331,SONICS::udio-120s,sonics_official,sonics_official,awsaf49/sonics,fake_00331_udio_0,sonics::331,https://github.com/awsaf49/sonics,official part_01 + metadata snapshot 2026-08-31,CC BY-NC 4.0,YES,YES_WITH_ATTRIBUTION_NONCOMMERCIAL,YES_NONCOMMERCIAL_ONLY,SONICS-fake,f4371eeb17e1dc5996bbe35fbd1117a7cc7bf2f6950f3a07ce2131d96be7f77a,sonics::331,train,train,mostly fake
data\raw\public_v9\sonics\fake_00335_udio_0.mp3,1,1,1,1,1,sonics::335,SONICS::udio-120s,sonics_official,sonics_official,awsaf49/sonics,fake_00335_udio_0,sonics::335,https://github.com/awsaf49/sonics,official part_01 + metadata snapshot 2026-08-31,CC BY-NC 4.0,YES,YES_WITH_ATTRIBUTION_NONCOMMERCIAL,YES_NONCOMMERCIAL_ONLY,SONICS-fake,e0dc3c173d87779594bcacd7da122ef6cd08475b11e67a34f52165c064634a0e,sonics::335,train,train,mostly fake
data\raw\public_v9\sonics\fake_00349_udio_0.mp3,1,1,1,1,1,sonics::349,SONICS::udio-120s,sonics_official,sonics_official,awsaf49/sonics,fake_00349_udio_0,sonics::349,https://github.com/awsaf49/sonics,official part_01 + metadata snapshot 2026-08-31,CC BY-NC 4.0,YES,YES_WITH_ATTRIBUTION_NONCOMMERCIAL,YES_NONCOMMERCIAL_ONLY,SONICS-fake,30766224ffb153c3fbf080fad2ff832fabcb24549eb6297cbaf0f0f62f4a4df2,sonics::349,train,train,mostly fake
data\raw\public_v9\sonics\fake_00351_udio_0.mp3,1,1,1,1,1,sonics::351,SONICS::udio-120s,sonics_official,sonics_official,awsaf49/sonics,fake_00351_udio_0,sonics::351,https://github.com/awsaf49/sonics,official part_01 + metadata snapshot 2026-08-31,CC BY-NC 4.0,YES,YES_WITH_ATTRIBUTION_NONCOMMERCIAL,YES_NONCOMMERCIAL_ONLY,SONICS-fake,cbaddadd5f419cfb732be5b8b85ca73a55b4413ac01f9158dacd1ef4541b8b95,sonics::351,train,valid,mostly fake
data\raw\public_v9\sonics\fake_00372_udio_0.mp3,1,1,1,1,1,sonics::372,SONICS::udio-120s,sonics_official,sonics_official,awsaf49/sonics,fake_00372_udio_0,sonics::372,https://github.com/awsaf49/sonics,official part_01 + metadata snapshot 2026-08-31,CC BY-NC 4.0,YES,YES_WITH_ATTRIBUTION_NONCOMMERCIAL,YES_NONCOMMERCIAL_ONLY,SONICS-fake,5a0004e2fc91f750d6cbf87a567805a87b1f388ed7c9a80dac7c55ce1eeda733,sonics::372,train,train,mostly fake
data\raw\public_v9\sonics\fake_00373_udio_0.mp3,1,1,1,1,1,sonics::373,SONICS::udio-120s,sonics_official,sonics_official,awsaf49/sonics,fake_00373_udio_0,sonics::373,https://github.com/awsaf49/sonics,official part_01 + metadata snapshot 2026-08-31,CC BY-NC 4.0,YES,YES_WITH_ATTRIBUTION_NONCOMMERCIAL,YES_NONCOMMERCIAL_ONLY,SONICS-fake,b2897cb989b8710964aaf75cdfad66e065310f0ed0ed0bc77fc6325578fa5596,sonics::373,train,train,mostly fake
data\raw\public_v9\sonics\fake_00375_udio_0.mp3,1,1,1,1,1,sonics::375,SONICS::udio-120s,sonics_official,sonics_official,awsaf49/sonics,fake_00375_udio_0,sonics::375,https://github.com/awsaf49/sonics,official part_01 + metadata snapshot 2026-08-31,CC BY-NC 4.0,YES,YES_WITH_ATTRIBUTION_NONCOMMERCIAL,YES_NONCOMMERCIAL_ONLY,SONICS-fake,cbf60f35729924b0ca76339bb4a0078d41a6ad1e58ce163774dce4548da2aee7,sonics::375,train,train,mostly fake
data\raw\public_v9\sonics\fake_00379_udio_0.mp3,1,1,1,1,1,sonics::379,SONICS::udio-120s,sonics_official,sonics_official,awsaf49/sonics,fake_00379_udio_0,sonics::379,https://github.com/awsaf49/sonics,official part_01 + metadata snapshot 2026-08-31,CC BY-NC 4.0,YES,YES_WITH_ATTRIBUTION_NONCOMMERCIAL,YES_NONCOMMERCIAL_ONLY,SONICS-fake,b103294db779a13276981de4c0db1d6d494256de073b9bed367e5b6b33b83289,sonics::379,train,test,mostly fake
data\raw\public_v9\sonics\fake_00383_udio_0.mp3,1,1,1,1,1,sonics::383,SONICS::udio-120s,sonics_official,sonics_official,awsaf49/sonics,fake_00383_udio_0,sonics::383,https://github.com/awsaf49/sonics,official part_01 + metadata snapshot 2026-08-31,CC BY-NC 4.0,YES,YES_WITH_ATTRIBUTION_NONCOMMERCIAL,YES_NONCOMMERCIAL_ONLY,SONICS-fake,ca75316835db7ba48bc47b34d33c8903eb375bd0e79d4e9b2415c410fafb1fb7,sonics::383,train,train,mostly fake
data\raw\public_v9\sonics\fake_00393_udio_0.mp3,1,1,1,1,1,sonics::393,SONICS::udio-120s,sonics_official,sonics_official,awsaf49/sonics,fake_00393_udio_0,sonics::393,https://github.com/awsaf49/sonics,official part_01 + metadata snapshot 2026-08-31,CC BY-NC 4.0,YES,YES_WITH_ATTRIBUTION_NONCOMMERCIAL,YES_NONCOMMERCIAL_ONLY,SONICS-fake,49051ed4994ddef1b94fd9756eea2c77a478653aeaf36a8f2610b3214c6d5d27,sonics::393,train,train,mostly fake
data\raw\public_v9\sonics\fake_00395_udio_0.mp3,1,1,1,1,1,sonics::395,SONICS::udio-120s,sonics_official,sonics_official,awsaf49/sonics,fake_00395_udio_0,sonics::395,https://github.com/awsaf49/sonics,official part_01 + metadata snapshot 2026-08-31,CC BY-NC 4.0,YES,YES_WITH_ATTRIBUTION_NONCOMMERCIAL,YES_NONCOMMERCIAL_ONLY,SONICS-fake,0db328fbb5e98360ec306814ee8a791cd9d47910f054905f7fd3416152394e7c,sonics::395,train,test,mostly fake
data\raw\public_v9\sonics\fake_00397_udio_0.mp3,1,1,1,1,1,sonics::397,SONICS::udio-120s,sonics_official,sonics_official,awsaf49/sonics,fake_00397_udio_0,sonics::397,https://github.com/awsaf49/sonics,official part_01 + metadata snapshot 2026-08-31,CC BY-NC 4.0,YES,YES_WITH_ATTRIBUTION_NONCOMMERCIAL,YES_NONCOMMERCIAL_ONLY,SONICS-fake,b50eec00dd6dd1c225b7817b55e44ab2f89bd2ad390dc04f4a30f7b8482478a3,sonics::397,train,train,mostly fake
data\raw\public_v9\sonics\fake_00401_udio_0.mp3,1,1,1,1,1,sonics::401,SONICS::udio-120s,sonics_official,sonics_official,awsaf49/sonics,fake_00401_udio_0,sonics::401,https://github.com/awsaf49/sonics,official part_01 + metadata snapshot 2026-08-31,CC BY-NC 4.0,YES,YES_WITH_ATTRIBUTION_NONCOMMERCIAL,YES_NONCOMMERCIAL_ONLY,SONICS-fake,19aa3da211fd6651d61bb8b2e8f37148ee811bd29c12cad02c9051229b8f5ba1,sonics::401,train,train,mostly fake
data\raw\public_v9\sonics\fake_00402_udio_0.mp3,1,1,1,1,1,sonics::402,SONICS::udio-120s,sonics_official,sonics_official,awsaf49/sonics,fake_00402_udio_0,sonics::402,https://github.com/awsaf49/sonics,official part_01 + metadata snapshot 2026-08-31,CC BY-NC 4.0,YES,YES_WITH_ATTRIBUTION_NONCOMMERCIAL,YES_NONCOMMERCIAL_ONLY,SONICS-fake,526f2aa643839a2634113fb70a03504eed52cf4ab2b9721fa5e8fccbbb67d446,sonics::402,train,train,mostly fake
data\raw\public_v9\sonics\fake_00405_udio_0.mp3,1,1,1,1,1,sonics::405,SONICS::udio-120s,sonics_official,sonics_official,awsaf49/sonics,fake_00405_udio_0,sonics::405,https://github.com/awsaf49/sonics,official part_01 + metadata snapshot 2026-08-31,CC BY-NC 4.0,YES,YES_WITH_ATTRIBUTION_NONCOMMERCIAL,YES_NONCOMMERCIAL_ONLY,SONICS-fake,962906db0147e4e6912bbf3d0e92322705d4de6c4ddd7fee1417e17df9e87672,sonics::405,train,train,mostly fake
data\raw\public_v9\sonics\fake_00408_udio_0.mp3,1,1,1,1,1,sonics::408,SONICS::udio-120s,sonics_official,sonics_official,awsaf49/sonics,fake_00408_udio_0,sonics::408,https://github.com/awsaf49/sonics,official part_01 + metadata snapshot 2026-08-31,CC BY-NC 4.0,YES,YES_WITH_ATTRIBUTION_NONCOMMERCIAL,YES_NONCOMMERCIAL_ONLY,SONICS-fake,9d4284187537352a4952cce74e1ad69ebe35f2d128e83f0da51063c57a8d0201,sonics::408,train,train,mostly fake
data\raw\public_v9\sonics\fake_00410_udio_0.mp3,1,1,1,1,1,sonics::410,SONICS::udio-120s,sonics_official,sonics_official,awsaf49/sonics,fake_00410_udio_0,sonics::410,https://github.com/awsaf49/sonics,official part_01 + metadata snapshot 2026-08-31,CC BY-NC 4.0,YES,YES_WITH_ATTRIBUTION_NONCOMMERCIAL,YES_NONCOMMERCIAL_ONLY,SONICS-fake,939fdc2c169a853a40f160a03e35cc7618ddbc099dfee3cce77108ed2bd6c648,sonics::410,train,train,mostly fake
data\raw\public_v9\sonics\fake_00413_udio_0.mp3,1,1,1,1,1,sonics::413,SONICS::udio-120s,sonics_official,sonics_official,awsaf49/sonics,fake_00413_udio_0,sonics::413,https://github.com/awsaf49/sonics,official part_01 + metadata snapshot 2026-08-31,CC BY-NC 4.0,YES,YES_WITH_ATTRIBUTION_NONCOMMERCIAL,YES_NONCOMMERCIAL_ONLY,SONICS-fake,e9029b7fa32bd3e62576b68d602628cf3cda85257d6c6cdf186c1326d7bf5ee3,sonics::413,train,train,mostly fake
data\raw\public_v9\sonics\fake_09002_udio_0.mp3,1,1,1,1,1,sonics::9002,SONICS::udio-30s,sonics_official,sonics_official,awsaf49/sonics,fake_09002_udio_0,sonics::9002,https://github.com/awsaf49/sonics,official part_01 + metadata snapshot 2026-08-31,CC BY-NC 4.0,YES,YES_WITH_ATTRIBUTION_NONCOMMERCIAL,YES_NONCOMMERCIAL_ONLY,SONICS-fake,db2d881d28057cd15d3df41c9d57868928852bd884e82e03ad9e89c5987765b1,sonics::9002,train,test,mostly fake
data\raw\public_v9\sonics\fake_09011_udio_0.mp3,1,1,1,1,1,sonics::9011,SONICS::udio-30s,sonics_official,sonics_official,awsaf49/sonics,fake_09011_udio_0,sonics::9011,https://github.com/awsaf49/sonics,official part_01 + metadata snapshot 2026-08-31,CC BY-NC 4.0,YES,YES_WITH_ATTRIBUTION_NONCOMMERCIAL,YES_NONCOMMERCIAL_ONLY,SONICS-fake,6f6484bcc7597eb2baf9a7cbbdabeee9ee2454eb9db661de0122a68387e5745a,sonics::9011,train,test,mostly fake
data\raw\public_v9\sonics\fake_09013_udio_0.mp3,1,1,1,1,1,sonics::9013,SONICS::udio-30s,sonics_official,sonics_official,awsaf49/sonics,fake_09013_udio_0,sonics::9013,https://github.com/awsaf49/sonics,official part_01 + metadata snapshot 2026-08-31,CC BY-NC 4.0,YES,YES_WITH_ATTRIBUTION_NONCOMMERCIAL,YES_NONCOMMERCIAL_ONLY,SONICS-fake,4be2cf3c88b9099b03a6e380fae11a1ffedb2da07db17cf45efa5ec924763381,sonics::9013,train,test,mostly fake
data\raw\public_v9\sonics\fake_09034_udio_1.mp3,1,1,1,1,1,sonics::9034,SONICS::udio-30s,sonics_official,sonics_official,awsaf49/sonics,fake_09034_udio_1,sonics::9034,https://github.com/awsaf49/sonics,official part_01 + metadata snapshot 2026-08-31,CC BY-NC 4.0,YES,YES_WITH_ATTRIBUTION_NONCOMMERCIAL,YES_NONCOMMERCIAL_ONLY,SONICS-fake,9c6296668ea4f081b62811c838c8a39f69195cadfbed9a7ca7a65ac20338e006,sonics::9034,train,test,mostly fake
data\raw\public_v9\sonics\fake_09037_udio_1.mp3,1,1,1,1,1,sonics::9037,SONICS::udio-30s,sonics_official,sonics_official,awsaf49/sonics,fake_09037_udio_1,sonics::9037,https://github.com/awsaf49/sonics,official part_01 + metadata snapshot 2026-08-31,CC BY-NC 4.0,YES,YES_WITH_ATTRIBUTION_NONCOMMERCIAL,YES_NONCOMMERCIAL_ONLY,SONICS-fake,17a5ef2c716e706d22e3bfcfc3d8a1434d1aeefc893671b0e58ae77b6da8260f,sonics::9037,train,test,mostly fake
data\raw\public_v9\sonics\fake_09042_udio_0.mp3,1,1,1,1,1,sonics::9042,SONICS::udio-30s,sonics_official,sonics_official,awsaf49/sonics,fake_09042_udio_0,sonics::9042,https://github.com/awsaf49/sonics,official part_01 + metadata snapshot 2026-08-31,CC BY-NC 4.0,YES,YES_WITH_ATTRIBUTION_NONCOMMERCIAL,YES_NONCOMMERCIAL_ONLY,SONICS-fake,c21707d05f609603d105753094ace0db85ee3bdc6808ce3e1545978783a11ac0,sonics::9042,train,test,mostly fake
data\raw\public_v9\sonics\fake_09043_udio_0.mp3,1,1,1,1,1,sonics::9043,SONICS::udio-30s,sonics_official,sonics_official,awsaf49/sonics,fake_09043_udio_0,sonics::9043,https://github.com/awsaf49/sonics,official part_01 + metadata snapshot 2026-08-31,CC BY-NC 4.0,YES,YES_WITH_ATTRIBUTION_NONCOMMERCIAL,YES_NONCOMMERCIAL_ONLY,SONICS-fake,789b5bbc79da3c7f7704dd6eb6fdecc0bd05140ac055bf63ea07e7e89d0fd851,sonics::9043,train,test,mostly fake
data\raw\public_v9\sonics\fake_09069_udio_0.mp3,1,1,1,1,1,sonics::9069,SONICS::udio-30s,sonics_official,sonics_official,awsaf49/sonics,fake_09069_udio_0,sonics::9069,https://github.com/awsaf49/sonics,official part_01 + metadata snapshot 2026-08-31,CC BY-NC 4.0,YES,YES_WITH_ATTRIBUTION_NONCOMMERCIAL,YES_NONCOMMERCIAL_ONLY,SONICS-fake,5d660c2c52188558e1deaa7d0e78590a2c33d0880f122648ce3d1afa27b3e5c7,sonics::9069,train,test,mostly fake
data\raw\public_v9\sonics\fake_09089_udio_0.mp3,1,1,1,1,1,sonics::9089,SONICS::udio-30s,sonics_official,sonics_official,awsaf49/sonics,fake_09089_udio_0,sonics::9089,https://github.com/awsaf49/sonics,official part_01 + metadata snapshot 2026-08-31,CC BY-NC 4.0,YES,YES_WITH_ATTRIBUTION_NONCOMMERCIAL,YES_NONCOMMERCIAL_ONLY,SONICS-fake,cf58b2db7b9a960b21f84e883aad9167344ab45ece75a366207d11dad0ae91c2,sonics::9089,train,test,mostly fake
data\raw\public_v9\sonics\fake_09104_udio_0.mp3,1,1,1,1,1,sonics::9104,SONICS::udio-30s,sonics_official,sonics_official,awsaf49/sonics,fake_09104_udio_0,sonics::9104,https://github.com/awsaf49/sonics,official part_01 + metadata snapshot 2026-08-31,CC BY-NC 4.0,YES,YES_WITH_ATTRIBUTION_NONCOMMERCIAL,YES_NONCOMMERCIAL_ONLY,SONICS-fake,4e57dcab870431adf2058b6bb06f01a1c799bbe887c2db7db79b0edf5c37d1ce,sonics::9104,train,test,mostly fake
data\raw\public_v9\sonics\fake_09115_udio_0.mp3,1,1,1,1,1,sonics::9115,SONICS::udio-30s,sonics_official,sonics_official,awsaf49/sonics,fake_09115_udio_0,sonics::9115,https://github.com/awsaf49/sonics,official part_01 + metadata snapshot 2026-08-31,CC BY-NC 4.0,YES,YES_WITH_ATTRIBUTION_NONCOMMERCIAL,YES_NONCOMMERCIAL_ONLY,SONICS-fake,6ec9eae6fc17558fb7c69015b1fe39ff9252eaf9c5ebf4bf07102489b4ae506d,sonics::9115,train,test,mostly fake
data\raw\public_v9\sonics\fake_09123_udio_0.mp3,1,1,1,1,1,sonics::9123,SONICS::udio-30s,sonics_official,sonics_official,awsaf49/sonics,fake_09123_udio_0,sonics::9123,https://github.com/awsaf49/sonics,official part_01 + metadata snapshot 2026-08-31,CC BY-NC 4.0,YES,YES_WITH_ATTRIBUTION_NONCOMMERCIAL,YES_NONCOMMERCIAL_ONLY,SONICS-fake,e179f5a0752d2c5e043f107000ed8d69ff2c2ea4375a43e9826d3c206abdd12c,sonics::9123,train,valid,mostly fake
data\raw\public_v9\sonics\fake_09153_udio_0.mp3,1,1,1,1,1,sonics::9153,SONICS::udio-30s,sonics_official,sonics_official,awsaf49/sonics,fake_09153_udio_0,sonics::9153,https://github.com/awsaf49/sonics,official part_01 + metadata snapshot 2026-08-31,CC BY-NC 4.0,YES,YES_WITH_ATTRIBUTION_NONCOMMERCIAL,YES_NONCOMMERCIAL_ONLY,SONICS-fake,6d34aee5d4fba2d187f95575322c6518334fbec6749a27fa9f15c22bbc5e7757,sonics::9153,train,test,mostly fake
data\raw\public_v9\sonics\fake_09171_udio_1.mp3,1,1,1,1,1,sonics::9171,SONICS::udio-30s,sonics_official,sonics_official,awsaf49/sonics,fake_09171_udio_1,sonics::9171,https://github.com/awsaf49/sonics,official part_01 + metadata snapshot 2026-08-31,CC BY-NC 4.0,YES,YES_WITH_ATTRIBUTION_NONCOMMERCIAL,YES_NONCOMMERCIAL_ONLY,SONICS-fake,43c0de1a686a78625c9fc2cdf0c3d36942820ec89b81b1a6b0df3653d2eacf49,sonics::9171,train,valid,mostly fake
data\raw\public_v9\sonics\fake_09175_udio_0.mp3,1,1,1,1,1,sonics::9175,SONICS::udio-30s,sonics_official,sonics_official,awsaf49/sonics,fake_09175_udio_0,sonics::9175,https://github.com/awsaf49/sonics,official part_01 + metadata snapshot 2026-08-31,CC BY-NC 4.0,YES,YES_WITH_ATTRIBUTION_NONCOMMERCIAL,YES_NONCOMMERCIAL_ONLY,SONICS-fake,5e789d73f89b940269dab5c35e430a509214971ce228cba1862f436ac55aaef8,sonics::9175,train,test,mostly fake
data\raw\public_v9\sonics\fake_09182_udio_0.mp3,1,1,1,1,1,sonics::9182,SONICS::udio-30s,sonics_official,sonics_official,awsaf49/sonics,fake_09182_udio_0,sonics::9182,https://github.com/awsaf49/sonics,official part_01 + metadata snapshot 2026-08-31,CC BY-NC 4.0,YES,YES_WITH_ATTRIBUTION_NONCOMMERCIAL,YES_NONCOMMERCIAL_ONLY,SONICS-fake,d3412e9edd010c2985fffd484e5a99e8ed5c3947535b75dca25da58b4bd640c6,sonics::9182,train,test,mostly fake
data\raw\public_v9\sonics\fake_09212_udio_0.mp3,1,1,1,1,1,sonics::9212,SONICS::udio-30s,sonics_official,sonics_official,awsaf49/sonics,fake_09212_udio_0,sonics::9212,https://github.com/awsaf49/sonics,official part_01 + metadata snapshot 2026-08-31,CC BY-NC 4.0,YES,YES_WITH_ATTRIBUTION_NONCOMMERCIAL,YES_NONCOMMERCIAL_ONLY,SONICS-fake,110ba1fa1d3ab6c1d83302dce44874b69ba8c53948b853f4b4804e6b4a68ab24,sonics::9212,train,test,mostly fake
data\raw\public_v9\sonics\fake_09217_udio_0.mp3,1,1,1,1,1,sonics::9217,SONICS::udio-30s,sonics_official,sonics_official,awsaf49/sonics,fake_09217_udio_0,sonics::9217,https://github.com/awsaf49/sonics,official part_01 + metadata snapshot 2026-08-31,CC BY-NC 4.0,YES,YES_WITH_ATTRIBUTION_NONCOMMERCIAL,YES_NONCOMMERCIAL_ONLY,SONICS-fake,e4a65a7da6b561d95a1fbcc17ff9a3bbcb71065b2ffa6b4e800793710f017f5d,sonics::9217,train,test,mostly fake
data\raw\public_v9\sonics\fake_09218_udio_0.mp3,1,1,1,1,1,sonics::9218,SONICS::udio-30s,sonics_official,sonics_official,awsaf49/sonics,fake_09218_udio_0,sonics::9218,https://github.com/awsaf49/sonics,official part_01 + metadata snapshot 2026-08-31,CC BY-NC 4.0,YES,YES_WITH_ATTRIBUTION_NONCOMMERCIAL,YES_NONCOMMERCIAL_ONLY,SONICS-fake,bb9568afe23584b606717ccf8fa87d07feefde79a38378fc17922f5376eef97c,sonics::9218,train,test,mostly fake
data\raw\public_v9\sonics\fake_09221_udio_1.mp3,1,1,1,1,1,sonics::9221,SONICS::udio-30s,sonics_official,sonics_official,awsaf49/sonics,fake_09221_udio_1,sonics::9221,https://github.com/awsaf49/sonics,official part_01 + metadata snapshot 2026-08-31,CC BY-NC 4.0,YES,YES_WITH_ATTRIBUTION_NONCOMMERCIAL,YES_NONCOMMERCIAL_ONLY,SONICS-fake,67cff83d3be48c4d7bdac0b1cdf76baff50cf4662c6fb146361ebb81225de1b7,sonics::9221,train,test,mostly fake
data\raw\public_v9\sonics\fake_09264_udio_0.mp3,1,1,1,1,1,sonics::9264,SONICS::udio-30s,sonics_official,sonics_official,awsaf49/sonics,fake_09264_udio_0,sonics::9264,https://github.com/awsaf49/sonics,official part_01 + metadata snapshot 2026-08-31,CC BY-NC 4.0,YES,YES_WITH_ATTRIBUTION_NONCOMMERCIAL,YES_NONCOMMERCIAL_ONLY,SONICS-fake,8e40bf8d67f4fd83e51f949f8249f691bb51407d9889ea9800b4d83d96b96339,sonics::9264,train,test,mostly fake
data\raw\public_v9\sonics\fake_09271_udio_0.mp3,1,1,1,1,1,sonics::9271,SONICS::udio-30s,sonics_official,sonics_official,awsaf49/sonics,fake_09271_udio_0,sonics::9271,https://github.com/awsaf49/sonics,official part_01 + metadata snapshot 2026-08-31,CC BY-NC 4.0,YES,YES_WITH_ATTRIBUTION_NONCOMMERCIAL,YES_NONCOMMERCIAL_ONLY,SONICS-fake,c1f7228dba2556edf45ed8635cdaee1c3be74496b28d8c4a7f750f17ba122162,sonics::9271,train,test,mostly fake
data\raw\public_v9\sonics\fake_09284_udio_0.mp3,1,1,1,1,1,sonics::9284,SONICS::udio-30s,sonics_official,sonics_official,awsaf49/sonics,fake_09284_udio_0,sonics::9284,https://github.com/awsaf49/sonics,official part_01 + metadata snapshot 2026-08-31,CC BY-NC 4.0,YES,YES_WITH_ATTRIBUTION_NONCOMMERCIAL,YES_NONCOMMERCIAL_ONLY,SONICS-fake,13770e9cc335090bbe37e56bccdad07ea342107cb836bd22b18453784346b477,sonics::9284,train,test,mostly fake
data\raw\public_v9\sonics\fake_09288_udio_0.mp3,1,1,1,1,1,sonics::9288,SONICS::udio-30s,sonics_official,sonics_official,awsaf49/sonics,fake_09288_udio_0,sonics::9288,https://github.com/awsaf49/sonics,official part_01 + metadata snapshot 2026-08-31,CC BY-NC 4.0,YES,YES_WITH_ATTRIBUTION_NONCOMMERCIAL,YES_NONCOMMERCIAL_ONLY,SONICS-fake,fdc0335647a200184c4acbc4afc3fe74aacd11e793ba81630d24ebf65adb5da1,sonics::9288,train,valid,mostly fake
data\raw\public_v9\sonics\fake_09298_udio_0.mp3,1,1,1,1,1,sonics::9298,SONICS::udio-30s,sonics_official,sonics_official,awsaf49/sonics,fake_09298_udio_0,sonics::9298,https://github.com/awsaf49/sonics,official part_01 + metadata snapshot 2026-08-31,CC BY-NC 4.0,YES,YES_WITH_ATTRIBUTION_NONCOMMERCIAL,YES_NONCOMMERCIAL_ONLY,SONICS-fake,ae0052271345db37ef22870959ee6eb43cbe66e68e41943a90b9eaff9687cd27,sonics::9298,train,test,mostly fake
data\raw\public_v9\sonics\fake_09299_udio_1.mp3,1,1,1,1,1,sonics::9299,SONICS::udio-30s,sonics_official,sonics_official,awsaf49/sonics,fake_09299_udio_1,sonics::9299,https://github.com/awsaf49/sonics,official part_01 + metadata snapshot 2026-08-31,CC BY-NC 4.0,YES,YES_WITH_ATTRIBUTION_NONCOMMERCIAL,YES_NONCOMMERCIAL_ONLY,SONICS-fake,cb67531e2d688d5fb9d59697dc56a3bced7c69a2216a6ebfab41d2370895fc91,sonics::9299,train,test,mostly fake
data\raw\public_v9\sonics\fake_09307_udio_0.mp3,1,1,1,1,1,sonics::9307,SONICS::udio-30s,sonics_official,sonics_official,awsaf49/sonics,fake_09307_udio_0,sonics::9307,https://github.com/awsaf49/sonics,official part_01 + metadata snapshot 2026-08-31,CC BY-NC 4.0,YES,YES_WITH_ATTRIBUTION_NONCOMMERCIAL,YES_NONCOMMERCIAL_ONLY,SONICS-fake,8bb06cd41c59dae1fbd0d8410283b3a509c733c05ea4a46a31957b0b851fc84d,sonics::9307,train,test,mostly fake
data\raw\public_v9\sonics\fake_09318_udio_0.mp3,1,1,1,1,1,sonics::9318,SONICS::udio-30s,sonics_official,sonics_official,awsaf49/sonics,fake_09318_udio_0,sonics::9318,https://github.com/awsaf49/sonics,official part_01 + metadata snapshot 2026-08-31,CC BY-NC 4.0,YES,YES_WITH_ATTRIBUTION_NONCOMMERCIAL,YES_NONCOMMERCIAL_ONLY,SONICS-fake,3068502e2036f1354f32106aaf7e921db5cbd61e4b45d3c1a2387cd74b11803c,sonics::9318,train,test,mostly fake
data\raw\public_v9\sonics\fake_09320_udio_0.mp3,1,1,1,1,1,sonics::9320,SONICS::udio-30s,sonics_official,sonics_official,awsaf49/sonics,fake_09320_udio_0,sonics::9320,https://github.com/awsaf49/sonics,official part_01 + metadata snapshot 2026-08-31,CC BY-NC 4.0,YES,YES_WITH_ATTRIBUTION_NONCOMMERCIAL,YES_NONCOMMERCIAL_ONLY,SONICS-fake,34e04e63f5240a94b8ce6f269478f706c8928b9c607dbbe2ea45afe8c58ae00f,sonics::9320,train,test,mostly fake
data\raw\public_v9\sonics\fake_09327_udio_0.mp3,1,1,1,1,1,sonics::9327,SONICS::udio-30s,sonics_official,sonics_official,awsaf49/sonics,fake_09327_udio_0,sonics::9327,https://github.com/awsaf49/sonics,official part_01 + metadata snapshot 2026-08-31,CC BY-NC 4.0,YES,YES_WITH_ATTRIBUTION_NONCOMMERCIAL,YES_NONCOMMERCIAL_ONLY,SONICS-fake,ebc1cf897af5da6a5efad4a0737d2db47b361819b882f1a39324c629e90f41db,sonics::9327,train,test,mostly fake
data\raw\public_v9\sonics\fake_09359_udio_0.mp3,1,1,1,1,1,sonics::9359,SONICS::udio-30s,sonics_official,sonics_official,awsaf49/sonics,fake_09359_udio_0,sonics::9359,https://github.com/awsaf49/sonics,official part_01 + metadata snapshot 2026-08-31,CC BY-NC 4.0,YES,YES_WITH_ATTRIBUTION_NONCOMMERCIAL,YES_NONCOMMERCIAL_ONLY,SONICS-fake,0f9feba1fd008af15a3297d414e9e0dd117c48aa655fd943b244f34a79504ea7,sonics::9359,train,test,mostly fake
data\raw\public_v9\sonics\fake_09377_udio_0.mp3,1,1,1,1,1,sonics::9377,SONICS::udio-30s,sonics_official,sonics_official,awsaf49/sonics,fake_09377_udio_0,sonics::9377,https://github.com/awsaf49/sonics,official part_01 + metadata snapshot 2026-08-31,CC BY-NC 4.0,YES,YES_WITH_ATTRIBUTION_NONCOMMERCIAL,YES_NONCOMMERCIAL_ONLY,SONICS-fake,469082584e67e05155d0aed4eefdea7d404458a32f8a68bd66d77e7df8fea5e7,sonics::9377,train,valid,mostly fake
data\raw\public_v9\sonics\fake_09387_udio_0.mp3,1,1,1,1,1,sonics::9387,SONICS::udio-30s,sonics_official,sonics_official,awsaf49/sonics,fake_09387_udio_0,sonics::9387,https://github.com/awsaf49/sonics,official part_01 + metadata snapshot 2026-08-31,CC BY-NC 4.0,YES,YES_WITH_ATTRIBUTION_NONCOMMERCIAL,YES_NONCOMMERCIAL_ONLY,SONICS-fake,cbc2466fe57421e1574f6e173899a8e8fa2c45677804284c9642232580eb67fc,sonics::9387,train,test,mostly fake
data\raw\public_v9\sonics\fake_09399_udio_0.mp3,1,1,1,1,1,sonics::9399,SONICS::udio-30s,sonics_official,sonics_official,awsaf49/sonics,fake_09399_udio_0,sonics::9399,https://github.com/awsaf49/sonics,official part_01 + metadata snapshot 2026-08-31,CC BY-NC 4.0,YES,YES_WITH_ATTRIBUTION_NONCOMMERCIAL,YES_NONCOMMERCIAL_ONLY,SONICS-fake,b342acdda1c973569b69b2fe9a3aae7de1431d7bc34ca4d6f444f4a996bc606d,sonics::9399,train,test,mostly fake
data\raw\public_v9\sonics\fake_09402_udio_0.mp3,1,1,1,1,1,sonics::9402,SONICS::udio-30s,sonics_official,sonics_official,awsaf49/sonics,fake_09402_udio_0,sonics::9402,https://github.com/awsaf49/sonics,official part_01 + metadata snapshot 2026-08-31,CC BY-NC 4.0,YES,YES_WITH_ATTRIBUTION_NONCOMMERCIAL,YES_NONCOMMERCIAL_ONLY,SONICS-fake,30739c65e96d743d43ec81fc5ef2908c32899cb792ba15777ccf6e07b5782288,sonics::9402,train,test,mostly fake
data\raw\public_v9\sonics\fake_09403_udio_0.mp3,1,1,1,1,1,sonics::9403,SONICS::udio-30s,sonics_official,sonics_official,awsaf49/sonics,fake_09403_udio_0,sonics::9403,https://github.com/awsaf49/sonics,official part_01 + metadata snapshot 2026-08-31,CC BY-NC 4.0,YES,YES_WITH_ATTRIBUTION_NONCOMMERCIAL,YES_NONCOMMERCIAL_ONLY,SONICS-fake,45f4c4cabe28ad819a706202ca9ffe7bdb9adb8e763ff83e0700fa5b21fc7ce9,sonics::9403,train,valid,mostly fake
data\raw\public_v9\sonics\fake_09410_udio_0.mp3,1,1,1,1,1,sonics::9410,SONICS::udio-30s,sonics_official,sonics_official,awsaf49/sonics,fake_09410_udio_0,sonics::9410,https://github.com/awsaf49/sonics,official part_01 + metadata snapshot 2026-08-31,CC BY-NC 4.0,YES,YES_WITH_ATTRIBUTION_NONCOMMERCIAL,YES_NONCOMMERCIAL_ONLY,SONICS-fake,183b8308a8e2f3880463e0b2debfbd056ae30ad9c4410275cbd4959b1f1fd295,sonics::9410,train,test,mostly fake
data\raw\public_v9\sonics\fake_09465_udio_0.mp3,1,1,1,1,1,sonics::9465,SONICS::udio-30s,sonics_official,sonics_official,awsaf49/sonics,fake_09465_udio_0,sonics::9465,https://github.com/awsaf49/sonics,official part_01 + metadata snapshot 2026-08-31,CC BY-NC 4.0,YES,YES_WITH_ATTRIBUTION_NONCOMMERCIAL,YES_NONCOMMERCIAL_ONLY,SONICS-fake,368330b67644876e646421873c676b6cf60073cc286ece8970cfed849992c43f,sonics::9465,train,test,mostly fake
data\raw\public_v9\sonics\fake_09472_udio_1.mp3,1,1,1,1,1,sonics::9472,SONICS::udio-30s,sonics_official,sonics_official,awsaf49/sonics,fake_09472_udio_1,sonics::9472,https://github.com/awsaf49/sonics,official part_01 + metadata snapshot 2026-08-31,CC BY-NC 4.0,YES,YES_WITH_ATTRIBUTION_NONCOMMERCIAL,YES_NONCOMMERCIAL_ONLY,SONICS-fake,6e9e378495f3d497d5fae42ac8e4bc83ec2c52a2e632d38a04a3e74b6fd45fd9,sonics::9472,train,test,mostly fake
data\raw\public_v9\sonics\fake_09485_udio_0.mp3,1,1,1,1,1,sonics::9485,SONICS::udio-30s,sonics_official,sonics_official,awsaf49/sonics,fake_09485_udio_0,sonics::9485,https://github.com/awsaf49/sonics,official part_01 + metadata snapshot 2026-08-31,CC BY-NC 4.0,YES,YES_WITH_ATTRIBUTION_NONCOMMERCIAL,YES_NONCOMMERCIAL_ONLY,SONICS-fake,246055c966c95a7ec8e394f454eb9812b35d193da89c9fd18137c3a05774d76c,sonics::9485,train,test,mostly fake
