path,component_fake,file_fake,component_present
MIX::data\raw\public_v9\mlaad_tiny\fake\en\RVC\dorothy_and_wizard_oz_07_f000014.wav|data\raw\public_v9\echoes_fma_paired\fake\Celia_Ergo_Phizmiz_producer_ATA_001.mp3,0.690278172492981,0.6933193206787109,0.6983126997947693
MIX::data\raw\public_v9\mlaad_tiny\fake\en\RVC\dorothy_and_wizard_oz_07_f000014.wav|data\raw\public_v9\echoes_fma_paired\fake\Cloudy_Subway_Sonicbeat_audioldm_ATA_001.mp3,0.6734046936035156,0.6704995632171631,0.8308773040771484
MIX::data\raw\public_v9\mlaad_tiny\fake\en\FishTTS\dorothy_and_wizard_oz_07_f000046.wav|data\raw\public_v9\echoes_fma_paired\fake\Burn_Room_For_A_Ghost_musicgen_ATA_001.wav,0.6724629402160645,0.6795614957809448,0.8652498722076416
MIX::data\raw\public_v9\mlaad_tiny\fake\en\Higgs-Audio-V2\dorothy_and_wizard_oz_08_f000005.wav|data\raw\public_v9\sonics\fake_09743_suno_0.mp3,0.6923051476478577,0.6549177169799805,0.7484097480773926
MIX::data\raw\public_v9\mlaad_tiny\fake\en\RVC\dorothy_and_wizard_oz_08_f000016.wav|data\raw\public_v9\echoes_fma_paired\fake\Celia_Ergo_Phizmiz_stableaudio_TTA_001.mp3,0.6608327031135559,0.6524423360824585,0.5843678116798401
MIX::data\raw\public_v9\mlaad_tiny\fake\en\Chatterbox\dorothy_and_wizard_oz_08_f000065.wav|data\raw\public_v9\sonics\fake_09164_suno_0.mp3,0.7205110788345337,0.7198545336723328,0.9527115225791931
MIX::data\raw\public_v9\mlaad_tiny\fake\en\f5-tts\dorothy_and_wizard_oz_14_f000043.wav|data\raw\public_v9\echoes_fma_paired\fake\Cold_Chains_Rolemusic_producer_ATA_001.mp3,0.8307058215141296,0.8039108514785767,0.9415502548217773
MIX::data\raw\public_v9\mlaad_tiny\fake\en\Microsoft VibeVoice 1.5B\dorothy_and_wizard_oz_14_f000082.wav|data\raw\public_v9\sonics\fake_09380_suno_0.mp3,0.658180832862854,0.652702808380127,0.737004280090332
MIX::data\raw\public_v9\mlaad_tiny\fake\en\Chatterbox\dorothy_and_wizard_oz_14_f000118.wav|data\raw\public_v9\sonics\fake_10003_suno_0.mp3,0.6351072192192078,0.6240016222000122,0.6663172245025635
MIX::data\raw\public_v9\mlaad_tiny\fake\en\FireRedTTS-2.0\dorothy_and_wizard_oz_14_f000119.wav|data\raw\public_v9\echoes_fma_paired\fake\Celia_Ergo_Phizmiz_mubert_TTA_001.mp3,0.657166063785553,0.6573508977890015,0.9190378189086914
MIX::data\raw\public_v9\mlaad_tiny\fake\en\FishTTS\emerald_city_of_oz_05_f000014.wav|data\raw\public_v9\echoes_fma_paired\fake\Celia_Ergo_Phizmiz_producer_ATA_001.mp3,0.6861564517021179,0.6902801394462585,0.8361546397209167
MIX::data\raw\public_v9\mlaad_tiny\fake\en\Higgs-Audio-V2\emerald_city_of_oz_05_f000024.wav|data\raw\public_v9\echoes_fma_paired\fake\Fuckaboing_RoccoW_suno_TTA_001.mp3,0.6370406746864319,0.6352598071098328,0.7316756248474121
MIX::data\raw\public_v9\mlaad_tiny\fake\en\RVC\emerald_city_of_oz_05_f000077.wav|data\raw\public_v9\sonics\fake_09214_suno_0.mp3,0.6686059832572937,0.6539777517318726,0.5040076971054077
MIX::data\raw\public_v9\mlaad_tiny\fake\en\RVC\emerald_city_of_oz_05_f000077.wav|data\raw\public_v9\sonics\fake_10003_suno_0.mp3,0.6860752105712891,0.6645663976669312,0.4643653631210327
MIX::data\raw\public_v9\mlaad_tiny\fake\en\Higgs-Audio-V2\emerald_city_of_oz_05_f000091.wav|data\raw\public_v9\sonics\fake_09912_suno_0.mp3,0.6864457130432129,0.6654947996139526,0.8139541745185852
MIX::data\raw\public_v9\mlaad_tiny\fake\en\FireRedTTS-2.0\emerald_city_of_oz_08_f000059.wav|data\raw\public_v9\echoes_fma_paired\fake\Celia_Ergo_Phizmiz_brev_TTA_001.mp3,0.653895914554596,0.646545946598053,0.7475501894950867
MIX::data\raw\public_v9\mlaad_tiny\fake\en\FireRedTTS-2.0\emerald_city_of_oz_08_f000073.wav|data\raw\public_v9\echoes_fma_paired\fake\Digital_Lightning_Cloudkicker_brev_TTA_001.mp3,0.6656189560890198,0.6648240089416504,0.7478723526000977
MIX::data\raw\public_v9\mlaad_tiny\fake\en\Chatterbox\emerald_city_of_oz_13_f000060.wav|data\raw\public_v9\echoes_fma_paired\fake\Digital_Lightning_Cloudkicker_elevenlabs_TTA_001.mp3,0.741477370262146,0.6831886768341064,0.7683267593383789
MIX::data\raw\public_v9\mlaad_tiny\fake\en\FishTTS\emerald_city_of_oz_24_f000069.wav|data\raw\public_v9\echoes_fma_paired\fake\Celia_Ergo_Phizmiz_elevenlabs_TTA_001.mp3,0.6783767938613892,0.6705397367477417,0.932655394077301
MIX::data\raw\public_v9\mlaad_tiny\fake\en\f5-tts\hunters_space_05_f000015.wav|data\raw\public_v9\echoes_fma_paired\fake\Busby_Berkeley_Ergo_Phizmiz_producer_ATA_001.mp3,0.6479098200798035,0.6477042436599731,0.7263363003730774
MIX::data\raw\public_v9\mlaad_tiny\fake\en\FishTTS\hunters_space_05_f000074.wav|data\raw\public_v9\echoes_fma_paired\fake\Cold_Chains_Rolemusic_audioldm_ATA_001.mp3,0.6518437266349792,0.6425617933273315,0.8748690485954285
MIX::data\raw\public_v9\mlaad_tiny\fake\en\Qwen2.5-Omni\hunters_space_05_f000109.wav|data\raw\public_v9\echoes_fma_paired\fake\Digital_Lightning_Cloudkicker_udio_TTA_001.mp3,0.6395024657249451,0.639715313911438,0.6151028275489807
MIX::data\raw\public_v9\mlaad_tiny\fake\en\Higgs-Audio-V2\hunters_space_06_f000014.wav|data\raw\public_v9\echoes_fma_paired\fake\Celia_Ergo_Phizmiz_suno_TTA_001.mp3,0.6674489378929138,0.6698938608169556,0.887242317199707
MIX::data\raw\public_v9\mlaad_tiny\fake\en\f5-tts\hunters_space_06_f000023.wav|data\raw\public_v9\echoes_fma_paired\fake\Fuckaboing_RoccoW_mubert_TTA_001.mp3,0.7437265515327454,0.742154598236084,0.9234282970428467
MIX::data\raw\public_v9\mlaad_tiny\fake\en\MiniCPM-o-2.6\hunters_space_06_f000036.wav|data\raw\public_v9\sonics\fake_09164_suno_0.mp3,0.7150795459747314,0.7160278558731079,0.9668247699737549
MIX::data\raw\public_v9\mlaad_tiny\fake\en\MiniCPM-o-2.6\hunters_space_06_f000036.wav|data\raw\public_v9\echoes_fma_paired\fake\Cloudy_Subway_Sonicbeat_audioldm_ATA_001.mp3,0.6717101335525513,0.6749187707901001,0.943601131439209
MIX::data\raw\public_v9\mlaad_tiny\fake\en\Higgs-Audio-V2\hunters_space_08_f000081.wav|data\raw\public_v9\sonics\fake_09922_suno_0.mp3,0.7108787894248962,0.6922564506530762,0.8290693163871765
MIX::data\raw\public_v9\mlaad_tiny\fake\en\MiniCPM-o-2.6\hunters_space_08_f000103.wav|data\raw\public_v9\echoes_fma_paired\fake\Digital_Lightning_Cloudkicker_musicgen_ATA_001.wav,0.6906084418296814,0.6773771643638611,0.5057914853096008
MIX::data\raw\public_v9\mlaad_tiny\fake\en\FishTTS\hunters_space_17_f000018.wav|data\raw\public_v9\sonics\fake_09214_suno_0.mp3,0.6550031304359436,0.637654185295105,0.7212494015693665
MIX::data\raw\public_v9\mlaad_tiny\fake\en\Chatterbox\hunters_space_18_f000010.wav|data\raw\public_v9\echoes_fma_paired\fake\Cold_Chains_Rolemusic_elevenlabs_TTA_001.mp3,0.7172606587409973,0.6892247796058655,0.8564149737358093
MIX::data\raw\public_v9\mlaad_tiny\fake\en\OpenVoiceV2\hunters_space_18_f000024.wav|data\raw\public_v9\echoes_fma_paired\fake\Busby_Berkeley_Ergo_Phizmiz_musicgen_ATA_001.wav,0.6990554332733154,0.6878441572189331,0.8796255588531494
MIX::data\raw\public_v9\mlaad_tiny\fake\en\Chatterbox\jane_eyre_05_f000047.wav|data\raw\public_v9\echoes_fma_paired\fake\Digital_Lightning_Cloudkicker_stableaudio_TTA_001.mp3,0.6332751512527466,0.6295892000198364,0.5682821869850159
MIX::data\raw\public_v9\mlaad_tiny\fake\en\OpenVoiceV2\jane_eyre_05_f000054.wav|data\raw\public_v9\sonics\fake_09584_suno_0.mp3,0.7426614761352539,0.717343807220459,0.8298646807670593
MIX::data\raw\public_v9\mlaad_tiny\fake\en\Microsoft VibeVoice 1.5B\jane_eyre_05_f000057.wav|data\raw\public_v9\sonics\fake_10148_suno_0.mp3,0.7410111427307129,0.7368754148483276,0.9697935581207275
MIX::data\raw\public_v9\mlaad_tiny\fake\en\OpenVoiceV2\jane_eyre_05_f000097.wav|data\raw\public_v9\sonics\fake_10686_suno_0.mp3,0.6853200793266296,0.661699116230011,0.7332315444946289
MIX::data\raw\public_v9\mlaad_tiny\fake\en\suno_bark\jane_eyre_05_f000137.wav|data\raw\public_v9\sonics\fake_09437_suno_0.mp3,0.6694535613059998,0.6499385237693787,0.5556096434593201
MIX::data\raw\public_v9\mlaad_tiny\fake\en\Microsoft VibeVoice 1.5B\jane_eyre_05_f000180.wav|data\raw\public_v9\echoes_fma_paired\fake\Busby_Berkeley_Ergo_Phizmiz_brev_TTA_001.mp3,0.6609684228897095,0.655015230178833,0.6561676263809204
MIX::data\raw\public_v9\mlaad_tiny\fake\en\Chatterbox\jane_eyre_06_f000021.wav|data\raw\public_v9\sonics\fake_09699_suno_0.mp3,0.6381085515022278,0.6358832120895386,0.6049337983131409
MIX::data\raw\public_v9\mlaad_tiny\fake\en\FireRedTTS-2.0\jane_eyre_17_f000177.wav|data\raw\public_v9\sonics\fake_10686_suno_0.mp3,0.7088232040405273,0.6903932094573975,0.9089201092720032
MIX::data\raw\public_v9\mlaad_tiny\fake\en\FireRedTTS-2.0\jane_eyre_17_f000177.wav|data\raw\public_v9\echoes_fma_paired\fake\Cold_Chains_Rolemusic_musicgen_ATA_001.wav,0.7039414048194885,0.682133674621582,0.8728006482124329
MIX::data\raw\public_v9\mlaad_tiny\fake\en\FireRedTTS-2.0\jane_eyre_17_f000379.wav|data\raw\public_v9\echoes_fma_paired\fake\Dr._Bodysnatcher_Modey_Lemon_acestep_TTA_001.mp3,0.6544185280799866,0.6405054330825806,0.6667285561561584
MIX::data\raw\public_v9\mlaad_tiny\fake\en\Chatterbox\jane_eyre_18_f000063.wav|data\raw\public_v9\echoes_fma_paired\fake\Cold_Chains_Rolemusic_musicgen_ATA_001.wav,0.7170013189315796,0.6833040714263916,0.8376069068908691
MIX::data\raw\public_v9\mlaad_tiny\fake\en\RVC\dorothy_and_wizard_oz_07_f000014.wav|data\raw\public_v9\real_music\jamendo\11100.low.mp3,0.6884067058563232,0.6815685629844666,0.8508933186531067
MIX::data\raw\public_v9\mlaad_tiny\fake\en\FishTTS\dorothy_and_wizard_oz_07_f000046.wav|data\raw\public_v9\real_music\guitarset\00_BN3-154-E_solo_mic.wav,0.6552361249923706,0.6584271192550659,0.8693921566009521
MIX::data\raw\public_v9\mlaad_tiny\fake\en\Higgs-Audio-V2\dorothy_and_wizard_oz_08_f000005.wav|data\raw\public_v9\echoes_fma_paired\real\fma_61491.mp3,0.6684755086898804,0.6572601795196533,0.5021952986717224
MIX::data\raw\public_v9\mlaad_tiny\fake\en\RVC\dorothy_and_wizard_oz_08_f000016.wav|data\raw\public_v9\real_music\guitarset\00_Rock3-148-C_comp_mic.wav,0.6673202514648438,0.6572939157485962,0.7775458693504333
MIX::data\raw\public_v9\mlaad_tiny\fake\en\Chatterbox\dorothy_and_wizard_oz_08_f000065.wav|data\raw\public_v9\real_music\jamendo\374600.low.mp3,0.6695810556411743,0.6648692488670349,0.8418116569519043
MIX::data\raw\public_v9\mlaad_tiny\fake\en\f5-tts\dorothy_and_wizard_oz_14_f000043.wav|data\raw\public_v9\real_music\jamendo\1347100.low.mp3,0.7325260043144226,0.6849273443222046,0.7083099484443665
MIX::data\raw\public_v9\mlaad_tiny\fake\en\Microsoft VibeVoice 1.5B\dorothy_and_wizard_oz_14_f000082.wav|data\raw\public_v9\echoes_fma_paired\real\fma_22473.mp3,0.7014491558074951,0.6809661388397217,0.9046438336372375
MIX::data\raw\public_v9\mlaad_tiny\fake\en\Chatterbox\dorothy_and_wizard_oz_14_f000118.wav|data\raw\public_v9\real_music\guitarset\00_SS1-68-E_solo_mic.wav,0.6655800938606262,0.6640324592590332,0.7761878967285156
MIX::data\raw\public_v9\mlaad_tiny\fake\en\Chatterbox\dorothy_and_wizard_oz_14_f000118.wav|data\raw\public_v9\echoes_fma_paired\real\fma_22480.mp3,0.6882525682449341,0.6890270709991455,0.953386127948761
MIX::data\raw\public_v9\mlaad_tiny\fake\en\FireRedTTS-2.0\dorothy_and_wizard_oz_14_f000119.wav|data\raw\public_v9\real_music\guitarset\00_SS3-84-Bb_solo_mic.wav,0.6599214673042297,0.6602003574371338,0.9182098507881165
MIX::data\raw\public_v9\mlaad_tiny\fake\en\FishTTS\emerald_city_of_oz_05_f000014.wav|data\raw\public_v9\real_music\guitarset\00_Jazz2-187-F#_solo_mic.wav,0.7283576130867004,0.7171447277069092,0.9591506719589233
MIX::data\raw\public_v9\mlaad_tiny\fake\en\Higgs-Audio-V2\emerald_city_of_oz_05_f000024.wav|data\raw\public_v9\real_music\guitarset\00_SS2-107-Ab_solo_mic.wav,0.6729785799980164,0.6718316078186035,0.8453164100646973
MIX::data\raw\public_v9\mlaad_tiny\fake\en\RVC\emerald_city_of_oz_05_f000077.wav|data\raw\public_v9\real_music\jamendo\1173500.low.mp3,0.7195845246315002,0.6782382726669312,0.8288444876670837
MIX::data\raw\public_v9\mlaad_tiny\fake\en\Higgs-Audio-V2\emerald_city_of_oz_05_f000091.wav|data\raw\public_v9\real_music\guitarset\00_SS2-88-F_comp_mic.wav,0.6901843547821045,0.6809151768684387,0.9507378935813904
MIX::data\raw\public_v9\mlaad_tiny\fake\en\FireRedTTS-2.0\emerald_city_of_oz_08_f000059.wav|data\raw\public_v9\real_music\jamendo\433300.low.mp3,0.6744712591171265,0.67502760887146,0.916178286075592
MIX::data\raw\public_v9\mlaad_tiny\fake\en\FireRedTTS-2.0\emerald_city_of_oz_08_f000073.wav|data\raw\public_v9\real_music\guitarset\00_Jazz2-110-Bb_solo_mic.wav,0.6731832027435303,0.6611520051956177,0.8207692503929138
MIX::data\raw\public_v9\mlaad_tiny\fake\en\Chatterbox\emerald_city_of_oz_13_f000060.wav|data\raw\public_v9\real_music\guitarset\00_Jazz2-187-F#_comp_mic.wav,0.7438365817070007,0.747353732585907,0.974018394947052
MIX::data\raw\public_v9\mlaad_tiny\fake\en\FishTTS\emerald_city_of_oz_24_f000069.wav|data\raw\public_v9\real_music\guitarset\00_Funk2-119-G_comp_mic.wav,0.7143954038619995,0.7049129009246826,0.9140227437019348
MIX::data\raw\public_v9\mlaad_tiny\fake\en\FishTTS\emerald_city_of_oz_24_f000069.wav|data\raw\public_v9\echoes_fma_paired\real\fma_112315.mp3,0.6309035420417786,0.6190341711044312,0.7407180666923523
MIX::data\raw\public_v9\mlaad_tiny\fake\en\f5-tts\hunters_space_05_f000015.wav|data\raw\public_v9\real_music\jamendo\117300.low.mp3,0.7243362665176392,0.6844931840896606,0.9323980808258057
MIX::data\raw\public_v9\mlaad_tiny\fake\en\f5-tts\hunters_space_05_f000015.wav|data\raw\public_v9\real_music\jamendo\1270100.low.mp3,0.6521538496017456,0.6472262144088745,0.5745572447776794
MIX::data\raw\public_v9\mlaad_tiny\fake\en\FishTTS\hunters_space_05_f000074.wav|data\raw\public_v9\real_music\guitarset\00_BN1-147-Gb_solo_mic.wav,0.6725654602050781,0.6700292825698853,0.8960338830947876
MIX::data\raw\public_v9\mlaad_tiny\fake\en\Qwen2.5-Omni\hunters_space_05_f000109.wav|data\raw\public_v9\real_music\jamendo\490800.low.mp3,0.7887538075447083,0.7837570905685425,0.9926617741584778
MIX::data\raw\public_v9\mlaad_tiny\fake\en\Higgs-Audio-V2\hunters_space_06_f000014.wav|data\raw\public_v9\real_music\guitarset\00_Jazz1-130-D_solo_mic.wav,0.6658253073692322,0.6645709276199341,0.9105270504951477
MIX::data\raw\public_v9\mlaad_tiny\fake\en\f5-tts\hunters_space_06_f000023.wav|data\raw\public_v9\real_music\jamendo\394600.low.mp3,0.6755346059799194,0.659699559211731,0.6241209506988525
MIX::data\raw\public_v9\mlaad_tiny\fake\en\MiniCPM-o-2.6\hunters_space_06_f000036.wav|data\raw\public_v9\real_music\guitarset\00_Jazz2-110-Bb_comp_mic.wav,0.674980878829956,0.6795698404312134,0.9485060572624207
MIX::data\raw\public_v9\mlaad_tiny\fake\en\Higgs-Audio-V2\hunters_space_08_f000081.wav|data\raw\public_v9\real_music\jamendo\1089300.low.mp3,0.6433293223381042,0.6365652084350586,0.7589580416679382
MIX::data\raw\public_v9\mlaad_tiny\fake\en\MiniCPM-o-2.6\hunters_space_08_f000103.wav|data\raw\public_v9\real_music\guitarset\00_SS3-98-C_solo_mic.wav,0.6785863041877747,0.6706865429878235,0.7253921031951904
MIX::data\raw\public_v9\mlaad_tiny\fake\en\FishTTS\hunters_space_17_f000018.wav|data\raw\public_v9\real_music\jamendo\1257400.low.mp3,0.6606417894363403,0.6551463603973389,0.6567711234092712
MIX::data\raw\public_v9\mlaad_tiny\fake\en\Chatterbox\hunters_space_18_f000010.wav|data\raw\public_v9\real_music\jamendo\1266300.low.mp3,0.7034316062927246,0.7087744474411011,0.8707210421562195
MIX::data\raw\public_v9\mlaad_tiny\fake\en\OpenVoiceV2\hunters_space_18_f000024.wav|data\raw\public_v9\real_music\guitarset\00_Funk2-108-Eb_comp_mic.wav,0.715968668460846,0.7182528376579285,0.934457004070282
MIX::data\raw\public_v9\mlaad_tiny\fake\en\Chatterbox\jane_eyre_05_f000047.wav|data\raw\public_v9\real_music\guitarset\00_BN1-129-Eb_comp_mic.wav,0.6671987175941467,0.6699646711349487,0.7976996898651123
MIX::data\raw\public_v9\mlaad_tiny\fake\en\OpenVoiceV2\jane_eyre_05_f000054.wav|data\raw\public_v9\real_music\guitarset\00_Rock2-142-D_solo_mic.wav,0.6884517073631287,0.6952331066131592,0.7710766792297363
MIX::data\raw\public_v9\mlaad_tiny\fake\en\Microsoft VibeVoice 1.5B\jane_eyre_05_f000057.wav|data\raw\public_v9\real_music\guitarset\00_Jazz3-150-C_solo_mic.wav,0.669269859790802,0.6727772951126099,0.8623064160346985
MIX::data\raw\public_v9\mlaad_tiny\fake\en\OpenVoiceV2\jane_eyre_05_f000097.wav|data\raw\public_v9\real_music\jamendo\1311300.low.mp3,0.6619831919670105,0.6566358208656311,0.7213582992553711
MIX::data\raw\public_v9\mlaad_tiny\fake\en\suno_bark\jane_eyre_05_f000137.wav|data\raw\public_v9\real_music\jamendo\1162600.low.mp3,0.6578466892242432,0.6430443525314331,0.5671862959861755
MIX::data\raw\public_v9\mlaad_tiny\fake\en\Microsoft VibeVoice 1.5B\jane_eyre_05_f000180.wav|data\raw\public_v9\real_music\guitarset\00_Jazz3-137-Eb_comp_mic.wav,0.6892390251159668,0.6890941858291626,0.8903713822364807
MIX::data\raw\public_v9\mlaad_tiny\fake\en\Chatterbox\jane_eyre_06_f000021.wav|data\raw\public_v9\real_music\guitarset\00_BN2-166-Ab_solo_mic.wav,0.7258304357528687,0.7229164838790894,0.9584981203079224
MIX::data\raw\public_v9\mlaad_tiny\fake\en\FireRedTTS-2.0\jane_eyre_17_f000177.wav|data\raw\public_v9\real_music\guitarset\00_Funk1-97-C_comp_mic.wav,0.7100419998168945,0.7060607671737671,0.9765892624855042
MIX::data\raw\public_v9\mlaad_tiny\fake\en\FireRedTTS-2.0\jane_eyre_17_f000379.wav|data\raw\public_v9\real_music\jamendo\1339600.low.mp3,0.7325979471206665,0.7326128482818604,0.9478071331977844
MIX::data\raw\public_v9\mlaad_tiny\fake\en\Chatterbox\jane_eyre_18_f000063.wav|data\raw\public_v9\real_music\guitarset\00_Funk1-114-Ab_comp_mic.wav,0.7396789789199829,0.7302286624908447,0.9067845344543457
MIX::data\raw\public_v9\mlaad_tiny\original\en\dorothy_and_wizard_oz_07_f000014.wav|data\raw\public_v9\sonics\fake_09699_suno_0.mp3,0.6326583623886108,0.6279815435409546,0.7011480927467346
MIX::data\raw\public_v9\mlaad_tiny\original\en\dorothy_and_wizard_oz_07_f000046.wav|data\raw\public_v9\sonics\fake_10581_suno_0.mp3,0.657684326171875,0.65816330909729,0.788999080657959
MIX::data\raw\public_v9\mlaad_tiny\original\en\dorothy_and_wizard_oz_08_f000005.wav|data\raw\public_v9\echoes_fma_paired\fake\Fuckaboing_RoccoW_suno_TTA_001.mp3,0.6638849377632141,0.6533886194229126,0.5359631180763245
MIX::data\raw\public_v9\mlaad_tiny\original\en\dorothy_and_wizard_oz_08_f000005.wav|data\raw\public_v9\echoes_fma_paired\fake\Celia_Ergo_Phizmiz_elevenlabs_TTA_001.mp3,0.672407329082489,0.6680948734283447,0.9300713539123535
MIX::data\raw\public_v9\mlaad_tiny\original\en\dorothy_and_wizard_oz_08_f000016.wav|data\raw\public_v9\echoes_fma_paired\fake\Celia_Ergo_Phizmiz_stableaudio_TTA_001.mp3,0.6522814631462097,0.6455792784690857,0.6539983153343201
MIX::data\raw\public_v9\mlaad_tiny\original\en\dorothy_and_wizard_oz_08_f000065.wav|data\raw\public_v9\echoes_fma_paired\fake\Fuckaboing_RoccoW_udio_TTA_001.mp3,0.6626703143119812,0.6421326994895935,0.9320773482322693
MIX::data\raw\public_v9\mlaad_tiny\original\en\dorothy_and_wizard_oz_14_f000043.wav|data\raw\public_v9\echoes_fma_paired\fake\Busby_Berkeley_Ergo_Phizmiz_acestep_TTA_001.mp3,0.7289012670516968,0.6816309690475464,0.7232072353363037
MIX::data\raw\public_v9\mlaad_tiny\original\en\dorothy_and_wizard_oz_14_f000082.wav|data\raw\public_v9\echoes_fma_paired\fake\Celia_Ergo_Phizmiz_musicgen_ATA_001.wav,0.7154233455657959,0.7037053108215332,0.9150487780570984
MIX::data\raw\public_v9\mlaad_tiny\original\en\dorothy_and_wizard_oz_14_f000118.wav|data\raw\public_v9\sonics\fake_09912_suno_0.mp3,0.7101844549179077,0.6959972381591797,0.9015884399414062
MIX::data\raw\public_v9\mlaad_tiny\original\en\dorothy_and_wizard_oz_14_f000119.wav|data\raw\public_v9\echoes_fma_paired\fake\Digital_Lightning_Cloudkicker_suno_TTA_001.mp3,0.6630586385726929,0.6441365480422974,0.805060863494873
MIX::data\raw\public_v9\mlaad_tiny\original\en\emerald_city_of_oz_05_f000014.wav|data\raw\public_v9\echoes_fma_paired\fake\Digital_Lightning_Cloudkicker_producer_ATA_001.mp3,0.7033383846282959,0.6765981912612915,0.6752521395683289
MIX::data\raw\public_v9\mlaad_tiny\original\en\emerald_city_of_oz_05_f000024.wav|data\raw\public_v9\sonics\fake_10148_suno_0.mp3,0.713217556476593,0.7122114896774292,0.9134218096733093
MIX::data\raw\public_v9\mlaad_tiny\original\en\emerald_city_of_oz_05_f000077.wav|data\raw\public_v9\sonics\fake_10259_suno_0.mp3,0.6531015038490295,0.6405456066131592,0.5343312621116638
MIX::data\raw\public_v9\mlaad_tiny\original\en\emerald_city_of_oz_05_f000091.wav|data\raw\public_v9\echoes_fma_paired\fake\Fuckaboing_RoccoW_udio_TTA_001.mp3,0.7225915193557739,0.6701279282569885,0.9230362772941589
MIX::data\raw\public_v9\mlaad_tiny\original\en\emerald_city_of_oz_05_f000091.wav|data\raw\public_v9\echoes_fma_paired\fake\Digital_Lightning_Cloudkicker_acestep_TTA_001.mp3,0.7007250785827637,0.6381797194480896,0.8493511080741882
MIX::data\raw\public_v9\mlaad_tiny\original\en\emerald_city_of_oz_08_f000059.wav|data\raw\public_v9\echoes_fma_paired\fake\Cold_Chains_Rolemusic_audioldm_ATA_001.mp3,0.6416146159172058,0.6373804807662964,0.6843035221099854
MIX::data\raw\public_v9\mlaad_tiny\original\en\emerald_city_of_oz_08_f000073.wav|data\raw\public_v9\echoes_fma_paired\fake\Digital_Lightning_Cloudkicker_acestep_TTA_001.mp3,0.6691116690635681,0.6220757961273193,0.8318734765052795
MIX::data\raw\public_v9\mlaad_tiny\original\en\emerald_city_of_oz_13_f000060.wav|data\raw\public_v9\sonics\fake_09584_suno_0.mp3,0.7380757927894592,0.7217282056808472,0.9327033162117004
MIX::data\raw\public_v9\mlaad_tiny\original\en\emerald_city_of_oz_24_f000069.wav|data\raw\public_v9\echoes_fma_paired\fake\Cold_Chains_Rolemusic_udio_TTA_001.mp3,0.8255468010902405,0.7745394706726074,0.9406225085258484
MIX::data\raw\public_v9\mlaad_tiny\original\en\hunters_space_05_f000015.wav|data\raw\public_v9\echoes_fma_paired\fake\Cloudy_Subway_Sonicbeat_musicgen_ATA_001.wav,0.7017780542373657,0.6941591501235962,0.9254085421562195
MIX::data\raw\public_v9\mlaad_tiny\original\en\hunters_space_05_f000074.wav|data\raw\public_v9\sonics\fake_09771_suno_0.mp3,0.6738081574440002,0.6608980298042297,0.8391160368919373
MIX::data\raw\public_v9\mlaad_tiny\original\en\hunters_space_05_f000109.wav|data\raw\public_v9\sonics\fake_09897_suno_0.mp3,0.6457659006118774,0.6358425617218018,0.734915018081665
MIX::data\raw\public_v9\mlaad_tiny\original\en\hunters_space_06_f000014.wav|data\raw\public_v9\echoes_fma_paired\fake\Busby_Berkeley_Ergo_Phizmiz_udio_TTA_001.mp3,0.6862883567810059,0.6755949854850769,0.877393901348114
MIX::data\raw\public_v9\mlaad_tiny\original\en\hunters_space_06_f000023.wav|data\raw\public_v9\echoes_fma_paired\fake\Celia_Ergo_Phizmiz_audioldm_ATA_001.mp3,0.6926097869873047,0.6864312887191772,0.8902681469917297
MIX::data\raw\public_v9\mlaad_tiny\original\en\hunters_space_06_f000036.wav|data\raw\public_v9\echoes_fma_paired\fake\Busby_Berkeley_Ergo_Phizmiz_audioldm_ATA_001.mp3,0.6679827570915222,0.6702431440353394,0.7930219769477844
MIX::data\raw\public_v9\mlaad_tiny\original\en\hunters_space_08_f000081.wav|data\raw\public_v9\echoes_fma_paired\fake\Burn_Room_For_A_Ghost_musicgen_ATA_001.wav,0.6711455583572388,0.6527748107910156,0.88631671667099
MIX::data\raw\public_v9\mlaad_tiny\original\en\hunters_space_08_f000103.wav|data\raw\public_v9\echoes_fma_paired\fake\Celia_Ergo_Phizmiz_elevenlabs_TTA_001.mp3,0.6872820854187012,0.6740817427635193,0.9475882649421692
MIX::data\raw\public_v9\mlaad_tiny\original\en\hunters_space_17_f000018.wav|data\raw\public_v9\echoes_fma_paired\fake\Digital_Lightning_Cloudkicker_brev_TTA_001.mp3,0.6694888472557068,0.650404691696167,0.7597854733467102
MIX::data\raw\public_v9\mlaad_tiny\original\en\hunters_space_18_f000010.wav|data\raw\public_v9\echoes_fma_paired\fake\Dr_Bodysnatcher_Modey_Lemon_musicgen_ATA_001.wav,0.6934729218482971,0.6855248808860779,0.6531750559806824
MIX::data\raw\public_v9\mlaad_tiny\original\en\hunters_space_18_f000024.wav|data\raw\public_v9\echoes_fma_paired\fake\Digital_Lightning_Cloudkicker_elevenlabs_TTA_001.mp3,0.7034928798675537,0.6696212887763977,0.7950432896614075
MIX::data\raw\public_v9\mlaad_tiny\original\en\jane_eyre_05_f000047.wav|data\raw\public_v9\sonics\fake_09233_suno_0.mp3,0.63282310962677,0.6311984062194824,0.6719002723693848
MIX::data\raw\public_v9\mlaad_tiny\original\en\jane_eyre_05_f000054.wav|data\raw\public_v9\sonics\fake_09000_suno_0.mp3,0.6492576003074646,0.6430904865264893,0.6893778443336487
MIX::data\raw\public_v9\mlaad_tiny\original\en\jane_eyre_05_f000057.wav|data\raw\public_v9\sonics\fake_09918_suno_0.mp3,0.7066532969474792,0.7123105525970459,0.9605660438537598
MIX::data\raw\public_v9\mlaad_tiny\original\en\jane_eyre_05_f000097.wav|data\raw\public_v9\sonics\fake_09788_suno_1.mp3,0.6820617914199829,0.6709440350532532,0.8431148529052734
MIX::data\raw\public_v9\mlaad_tiny\original\en\jane_eyre_05_f000137.wav|data\raw\public_v9\echoes_fma_paired\fake\Digital_Lightning_Cloudkicker_udio_TTA_001.mp3,0.627265214920044,0.6231123208999634,0.6797776222229004
MIX::data\raw\public_v9\mlaad_tiny\original\en\jane_eyre_05_f000180.wav|data\raw\public_v9\echoes_fma_paired\fake\Fuckaboing_RoccoW_suno_TTA_001.mp3,0.6370058655738831,0.6340612769126892,0.5887921452522278
MIX::data\raw\public_v9\mlaad_tiny\original\en\jane_eyre_05_f000180.wav|data\raw\public_v9\echoes_fma_paired\fake\Digital_Lightning_Cloudkicker_suno_TTA_001.mp3,0.6199185252189636,0.616642951965332,0.7494645118713379
MIX::data\raw\public_v9\mlaad_tiny\original\en\jane_eyre_06_f000021.wav|data\raw\public_v9\echoes_fma_paired\fake\Fuckaboing_RoccoW_mubert_TTA_001.mp3,0.742468535900116,0.7417261600494385,0.9697055220603943
MIX::data\raw\public_v9\mlaad_tiny\original\en\jane_eyre_17_f000177.wav|data\raw\public_v9\sonics\fake_09924_suno_0.mp3,0.6455507278442383,0.6317110657691956,0.6834054589271545
MIX::data\raw\public_v9\mlaad_tiny\original\en\jane_eyre_17_f000379.wav|data\raw\public_v9\sonics\fake_09924_suno_0.mp3,0.6493405699729919,0.6419728398323059,0.6047737002372742
MIX::data\raw\public_v9\mlaad_tiny\original\en\jane_eyre_17_f000379.wav|data\raw\public_v9\echoes_fma_paired\fake\Digital_Lightning_Cloudkicker_producer_ATA_001.mp3,0.6373692750930786,0.6393952369689941,0.6826264262199402
MIX::data\raw\public_v9\mlaad_tiny\original\en\jane_eyre_18_f000063.wav|data\raw\public_v9\sonics\fake_09996_suno_0.mp3,0.6896677613258362,0.6929216384887695,0.9080111980438232
MIX::data\raw\public_v9\mlaad_tiny\original\en\dorothy_and_wizard_oz_07_f000014.wav|data\raw\public_v9\real_music\jamendo\209800.low.mp3,0.6884225606918335,0.6585177779197693,0.6922513842582703
MIX::data\raw\public_v9\mlaad_tiny\original\en\dorothy_and_wizard_oz_07_f000046.wav|data\raw\public_v9\real_music\guitarset\00_Jazz3-150-C_solo_mic.wav,0.6775156259536743,0.6750683188438416,0.7747180461883545
MIX::data\raw\public_v9\mlaad_tiny\original\en\dorothy_and_wizard_oz_08_f000005.wav|data\raw\public_v9\real_music\jamendo\390000.low.mp3,0.6847167015075684,0.6647982001304626,0.9345652461051941
MIX::data\raw\public_v9\mlaad_tiny\original\en\dorothy_and_wizard_oz_08_f000016.wav|data\raw\public_v9\real_music\guitarset\00_SS2-107-Ab_solo_mic.wav,0.6628748178482056,0.6657123565673828,0.8294047713279724
MIX::data\raw\public_v9\mlaad_tiny\original\en\dorothy_and_wizard_oz_08_f000065.wav|data\raw\public_v9\real_music\jamendo\769000.low.mp3,0.6620494723320007,0.66057288646698,0.855724036693573
MIX::data\raw\public_v9\mlaad_tiny\original\en\dorothy_and_wizard_oz_14_f000043.wav|data\raw\public_v9\real_music\jamendo\1089300.low.mp3,0.6370036602020264,0.6337400674819946,0.5850192904472351
MIX::data\raw\public_v9\mlaad_tiny\original\en\dorothy_and_wizard_oz_14_f000082.wav|data\raw\public_v9\real_music\jamendo\477400.low.mp3,0.6644823551177979,0.6659489870071411,0.7626374363899231
MIX::data\raw\public_v9\mlaad_tiny\original\en\dorothy_and_wizard_oz_14_f000118.wav|data\raw\public_v9\real_music\guitarset\00_BN1-147-Gb_solo_mic.wav,0.6697173714637756,0.6733834743499756,0.9346870183944702
MIX::data\raw\public_v9\mlaad_tiny\original\en\dorothy_and_wizard_oz_14_f000118.wav|data\raw\public_v9\real_music\guitarset\00_BN2-166-Ab_comp_mic.wav,0.6865298748016357,0.6902658939361572,0.958308219909668
MIX::data\raw\public_v9\mlaad_tiny\original\en\dorothy_and_wizard_oz_14_f000119.wav|data\raw\public_v9\real_music\guitarset\00_SS3-98-C_comp_mic.wav,0.6852700114250183,0.6538583040237427,0.926363468170166
MIX::data\raw\public_v9\mlaad_tiny\original\en\emerald_city_of_oz_05_f000014.wav|data\raw\public_v9\real_music\guitarset\00_BN1-129-Eb_comp_mic.wav,0.6621837615966797,0.6623008251190186,0.8358327150344849
MIX::data\raw\public_v9\mlaad_tiny\original\en\emerald_city_of_oz_05_f000024.wav|data\raw\public_v9\real_music\jamendo\1159700.low.mp3,0.6886634826660156,0.6737784147262573,0.8048601150512695
MIX::data\raw\public_v9\mlaad_tiny\original\en\emerald_city_of_oz_05_f000077.wav|data\raw\public_v9\real_music\jamendo\1170400.low.mp3,0.7029051184654236,0.6975812911987305,0.6303657293319702
MIX::data\raw\public_v9\mlaad_tiny\original\en\emerald_city_of_oz_05_f000091.wav|data\raw\public_v9\real_music\guitarset\00_SS1-100-C#_comp_mic.wav,0.6682108044624329,0.6694984436035156,0.7471101880073547
MIX::data\raw\public_v9\mlaad_tiny\original\en\emerald_city_of_oz_08_f000059.wav|data\raw\public_v9\real_music\guitarset\00_Jazz1-130-D_solo_mic.wav,0.6686064004898071,0.6663020849227905,0.741028904914856
MIX::data\raw\public_v9\mlaad_tiny\original\en\emerald_city_of_oz_08_f000073.wav|data\raw\public_v9\echoes_fma_paired\real\fma_106336.mp3,0.724676787853241,0.7063566446304321,0.823498547077179
MIX::data\raw\public_v9\mlaad_tiny\original\en\emerald_city_of_oz_08_f000073.wav|data\raw\public_v9\real_music\jamendo\117300.low.mp3,0.6993700861930847,0.6654343008995056,0.93035489320755
MIX::data\raw\public_v9\mlaad_tiny\original\en\emerald_city_of_oz_13_f000060.wav|data\raw\public_v9\real_music\jamendo\383000.low.mp3,0.6720694303512573,0.6442441344261169,0.7246785163879395
MIX::data\raw\public_v9\mlaad_tiny\original\en\emerald_city_of_oz_24_f000069.wav|data\raw\public_v9\real_music\jamendo\1162600.low.mp3,0.6343291997909546,0.6302156448364258,0.6758092045783997
MIX::data\raw\public_v9\mlaad_tiny\original\en\hunters_space_05_f000015.wav|data\raw\public_v9\real_music\jamendo\342300.low.mp3,0.6447902321815491,0.6370140910148621,0.6398754119873047
MIX::data\raw\public_v9\mlaad_tiny\original\en\hunters_space_05_f000074.wav|data\raw\public_v9\real_music\guitarset\00_SS1-68-E_comp_mic.wav,0.668717086315155,0.6582858562469482,0.9197003245353699
MIX::data\raw\public_v9\mlaad_tiny\original\en\hunters_space_05_f000109.wav|data\raw\public_v9\real_music\guitarset\00_Jazz3-150-C_comp_mic.wav,0.6701251268386841,0.6772844791412354,0.8888492584228516
MIX::data\raw\public_v9\mlaad_tiny\original\en\hunters_space_05_f000109.wav|data\raw\public_v9\real_music\jamendo\1072900.low.mp3,0.8453432321548462,0.8251924514770508,0.9963849186897278
MIX::data\raw\public_v9\mlaad_tiny\original\en\hunters_space_06_f000014.wav|data\raw\public_v9\real_music\guitarset\00_Rock1-90-C#_comp_mic.wav,0.6730996966362,0.6744229793548584,0.90816330909729
MIX::data\raw\public_v9\mlaad_tiny\original\en\hunters_space_06_f000023.wav|data\raw\public_v9\real_music\jamendo\1165500.low.mp3,0.6793903708457947,0.6752915382385254,0.9297704100608826
MIX::data\raw\public_v9\mlaad_tiny\original\en\hunters_space_06_f000036.wav|data\raw\public_v9\real_music\jamendo\374600.low.mp3,0.6777619123458862,0.6755512952804565,0.8323566317558289
MIX::data\raw\public_v9\mlaad_tiny\original\en\hunters_space_06_f000036.wav|data\raw\public_v9\real_music\jamendo\398700.low.mp3,0.7145950794219971,0.6648101806640625,0.7317683696746826
MIX::data\raw\public_v9\mlaad_tiny\original\en\hunters_space_08_f000081.wav|data\raw\public_v9\real_music\guitarset\00_BN2-131-B_comp_mic.wav,0.6886112093925476,0.6927587985992432,0.9109905362129211
MIX::data\raw\public_v9\mlaad_tiny\original\en\hunters_space_08_f000103.wav|data\raw\public_v9\real_music\guitarset\00_SS3-84-Bb_solo_mic.wav,0.6753036975860596,0.667162299156189,0.9016305804252625
MIX::data\raw\public_v9\mlaad_tiny\original\en\hunters_space_17_f000018.wav|data\raw\public_v9\real_music\guitarset\00_Jazz2-187-F#_solo_mic.wav,0.6567317247390747,0.6595622301101685,0.8134616613388062
MIX::data\raw\public_v9\mlaad_tiny\original\en\hunters_space_18_f000010.wav|data\raw\public_v9\real_music\guitarset\00_Jazz2-110-Bb_comp_mic.wav,0.7003110647201538,0.6924595236778259,0.9217713475227356
MIX::data\raw\public_v9\mlaad_tiny\original\en\hunters_space_18_f000024.wav|data\raw\public_v9\real_music\jamendo\1314100.low.mp3,0.6632022857666016,0.6575894355773926,0.5856103301048279
MIX::data\raw\public_v9\mlaad_tiny\original\en\jane_eyre_05_f000047.wav|data\raw\public_v9\real_music\jamendo\1218700.low.mp3,0.676103413105011,0.6784402132034302,0.9115555882453918
MIX::data\raw\public_v9\mlaad_tiny\original\en\jane_eyre_05_f000054.wav|data\raw\public_v9\real_music\jamendo\1173500.low.mp3,0.6580415368080139,0.6311420202255249,0.8842501640319824
MIX::data\raw\public_v9\mlaad_tiny\original\en\jane_eyre_05_f000057.wav|data\raw\public_v9\real_music\guitarset\00_Rock2-85-F_solo_mic.wav,0.6838442087173462,0.67484450340271,0.8459237217903137
MIX::data\raw\public_v9\mlaad_tiny\original\en\jane_eyre_05_f000097.wav|data\raw\public_v9\real_music\jamendo\1088000.low.mp3,0.6711647510528564,0.6753955483436584,0.8478934168815613
MIX::data\raw\public_v9\mlaad_tiny\original\en\jane_eyre_05_f000137.wav|data\raw\public_v9\real_music\guitarset\00_Funk2-108-Eb_solo_mic.wav,0.6700302362442017,0.6693835258483887,0.892784833908081
MIX::data\raw\public_v9\mlaad_tiny\original\en\jane_eyre_05_f000180.wav|data\raw\public_v9\real_music\jamendo\485800.low.mp3,0.6514005064964294,0.6454163193702698,0.8512489199638367
MIX::data\raw\public_v9\mlaad_tiny\original\en\jane_eyre_06_f000021.wav|data\raw\public_v9\real_music\jamendo\201900.low.mp3,0.6539671421051025,0.6523933410644531,0.8097930550575256
MIX::data\raw\public_v9\mlaad_tiny\original\en\jane_eyre_17_f000177.wav|data\raw\public_v9\echoes_fma_paired\real\fma_3966.mp3,0.710881769657135,0.6751452684402466,0.8248984813690186
MIX::data\raw\public_v9\mlaad_tiny\original\en\jane_eyre_17_f000379.wav|data\raw\public_v9\real_music\jamendo\1231600.low.mp3,0.6547356247901917,0.6408551335334778,0.7191323637962341
MIX::data\raw\public_v9\mlaad_tiny\original\en\jane_eyre_18_f000063.wav|data\raw\public_v9\real_music\guitarset\00_SS2-107-Ab_comp_mic.wav,0.6491241455078125,0.6423386335372925,0.859130859375
MIX::data\raw\public_v9\mlaad_tiny\fake\en\RVC\dorothy_and_wizard_oz_07_f000014.wav|data\raw\public_v9\sonics\fake_09918_suno_0.mp3,0.6876242756843567,0.6888724565505981,0.8032720685005188
MIX::data\raw\public_v9\mlaad_tiny\fake\en\FishTTS\dorothy_and_wizard_oz_07_f000046.wav|data\raw\public_v9\sonics\fake_09924_suno_0.mp3,0.6791878342628479,0.6557838916778564,0.809481143951416
MIX::data\raw\public_v9\mlaad_tiny\fake\en\Higgs-Audio-V2\dorothy_and_wizard_oz_08_f000005.wav|data\raw\public_v9\sonics\fake_09519_suno_0.mp3,0.6434948444366455,0.6322497725486755,0.5822878479957581
MIX::data\raw\public_v9\mlaad_tiny\fake\en\RVC\dorothy_and_wizard_oz_08_f000016.wav|data\raw\public_v9\sonics\fake_10039_suno_0.mp3,0.6605708599090576,0.6527974009513855,0.6733441352844238
MIX::data\raw\public_v9\mlaad_tiny\fake\en\Chatterbox\dorothy_and_wizard_oz_08_f000065.wav|data\raw\public_v9\echoes_fma_paired\fake\Celia_Ergo_Phizmiz_acestep_TTA_001.mp3,0.668501079082489,0.6537769436836243,0.9332926273345947
MIX::data\raw\public_v9\mlaad_tiny\fake\en\f5-tts\dorothy_and_wizard_oz_14_f000043.wav|data\raw\public_v9\echoes_fma_paired\fake\Dr_Bodysnatcher_Modey_Lemon_musicgen_ATA_001.wav,0.71788489818573,0.7028592824935913,0.4901553690433502
MIX::data\raw\public_v9\mlaad_tiny\fake\en\Microsoft VibeVoice 1.5B\dorothy_and_wizard_oz_14_f000082.wav|data\raw\public_v9\echoes_fma_paired\fake\Busby_Berkeley_Ergo_Phizmiz_audioldm_ATA_001.mp3,0.6599559783935547,0.6565696001052856,0.8822779655456543
MIX::data\raw\public_v9\mlaad_tiny\fake\en\Chatterbox\dorothy_and_wizard_oz_14_f000118.wav|data\raw\public_v9\sonics\fake_10259_suno_0.mp3,0.6463858485221863,0.6283764839172363,0.7148616313934326
MIX::data\raw\public_v9\mlaad_tiny\fake\en\FireRedTTS-2.0\dorothy_and_wizard_oz_14_f000119.wav|data\raw\public_v9\echoes_fma_paired\fake\Digital_Lightning_Cloudkicker_producer_ATA_001.mp3,0.6368395090103149,0.6420292854309082,0.8898115158081055
MIX::data\raw\public_v9\mlaad_tiny\fake\en\FishTTS\emerald_city_of_oz_05_f000014.wav|data\raw\public_v9\sonics\fake_09771_suno_0.mp3,0.6621373295783997,0.648176908493042,0.7825538516044617
MIX::data\raw\public_v9\mlaad_tiny\fake\en\Higgs-Audio-V2\emerald_city_of_oz_05_f000024.wav|data\raw\public_v9\sonics\fake_09996_suno_0.mp3,0.6906675100326538,0.6937848329544067,0.9196872711181641
MIX::data\raw\public_v9\mlaad_tiny\fake\en\RVC\emerald_city_of_oz_05_f000077.wav|data\raw\public_v9\sonics\fake_09574_suno_0.mp3,0.6612371802330017,0.6507445573806763,0.5569375157356262
MIX::data\raw\public_v9\mlaad_tiny\fake\en\Higgs-Audio-V2\emerald_city_of_oz_05_f000091.wav|data\raw\public_v9\sonics\fake_09607_suno_0.mp3,0.6430686116218567,0.6373940706253052,0.7811052203178406
MIX::data\raw\public_v9\mlaad_tiny\fake\en\Higgs-Audio-V2\emerald_city_of_oz_05_f000091.wav|data\raw\public_v9\echoes_fma_paired\fake\Busby_Berkeley_Ergo_Phizmiz_mubert_TTA_001.mp3,0.657651424407959,0.6597061157226562,0.7654218673706055
MIX::data\raw\public_v9\mlaad_tiny\fake\en\FireRedTTS-2.0\emerald_city_of_oz_08_f000059.wav|data\raw\public_v9\sonics\fake_10581_suno_0.mp3,0.6623098254203796,0.6601120233535767,0.8839913010597229
MIX::data\raw\public_v9\mlaad_tiny\fake\en\FireRedTTS-2.0\emerald_city_of_oz_08_f000059.wav|data\raw\public_v9\echoes_fma_paired\fake\Busby_Berkeley_Ergo_Phizmiz_audioldm_ATA_001.mp3,0.676421582698822,0.6640503406524658,0.925693690776825
MIX::data\raw\public_v9\mlaad_tiny\fake\en\FireRedTTS-2.0\emerald_city_of_oz_08_f000073.wav|data\raw\public_v9\sonics\fake_09233_suno_0.mp3,0.6423090696334839,0.6391798257827759,0.7215743660926819
MIX::data\raw\public_v9\mlaad_tiny\fake\en\Chatterbox\emerald_city_of_oz_13_f000060.wav|data\raw\public_v9\sonics\fake_10604_suno_0.mp3,0.6813714504241943,0.681506872177124,0.7557370066642761
MIX::data\raw\public_v9\mlaad_tiny\fake\en\FishTTS\emerald_city_of_oz_24_f000069.wav|data\raw\public_v9\echoes_fma_paired\fake\Food_and_War_Ergo_Phizmiz_mubert_TTA_001.mp3,0.6756951212882996,0.6791484355926514,0.8401861190795898
MIX::data\raw\public_v9\mlaad_tiny\fake\en\f5-tts\hunters_space_05_f000015.wav|data\raw\public_v9\echoes_fma_paired\fake\Celia_Ergo_Phizmiz_musicgen_ATA_001.wav,0.6925160884857178,0.6937702298164368,0.8085028529167175
MIX::data\raw\public_v9\mlaad_tiny\fake\en\FishTTS\hunters_space_05_f000074.wav|data\raw\public_v9\echoes_fma_paired\fake\Busby_Berkeley_Ergo_Phizmiz_acestep_TTA_001.mp3,0.672296404838562,0.6488385200500488,0.7301187515258789
MIX::data\raw\public_v9\mlaad_tiny\fake\en\Qwen2.5-Omni\hunters_space_05_f000109.wav|data\raw\public_v9\echoes_fma_paired\fake\Chipho_instrumental_RoccoW_audioldm_ATA_001.mp3,0.7268418669700623,0.7132241725921631,0.8874889016151428
MIX::data\raw\public_v9\mlaad_tiny\fake\en\Higgs-Audio-V2\hunters_space_06_f000014.wav|data\raw\public_v9\echoes_fma_paired\fake\Food_and_War_Ergo_Phizmiz_producer_ATA_001.mp3,0.6923956871032715,0.6788152456283569,0.9048071503639221
MIX::data\raw\public_v9\mlaad_tiny\fake\en\f5-tts\hunters_space_06_f000023.wav|data\raw\public_v9\echoes_fma_paired\fake\Busby_Berkeley_Ergo_Phizmiz_suno_TTA_001.mp3,0.6814555525779724,0.6734610795974731,0.5408270359039307
MIX::data\raw\public_v9\mlaad_tiny\fake\en\MiniCPM-o-2.6\hunters_space_06_f000036.wav|data\raw\public_v9\echoes_fma_paired\fake\Digital_Lightning_Cloudkicker_audioldm_ATA_001.mp3,0.6140952706336975,0.6102046966552734,0.65379399061203
MIX::data\raw\public_v9\mlaad_tiny\fake\en\Higgs-Audio-V2\hunters_space_08_f000081.wav|data\raw\public_v9\echoes_fma_paired\fake\Cold_Chains_Rolemusic_suno_TTA_001.mp3,0.6347960233688354,0.6248079538345337,0.722121000289917
MIX::data\raw\public_v9\mlaad_tiny\fake\en\MiniCPM-o-2.6\hunters_space_08_f000103.wav|data\raw\public_v9\sonics\fake_10437_suno_0.mp3,0.6557446718215942,0.6456619501113892,0.5104755759239197
MIX::data\raw\public_v9\mlaad_tiny\fake\en\FishTTS\hunters_space_17_f000018.wav|data\raw\public_v9\sonics\fake_09543_suno_0.mp3,0.6612054109573364,0.6629339456558228,0.8414894938468933
MIX::data\raw\public_v9\mlaad_tiny\fake\en\Chatterbox\hunters_space_18_f000010.wav|data\raw\public_v9\echoes_fma_paired\fake\Busby_Berkeley_Ergo_Phizmiz_mubert_TTA_001.mp3,0.6606011390686035,0.6638662815093994,0.7507824897766113
MIX::data\raw\public_v9\mlaad_tiny\fake\en\Chatterbox\hunters_space_18_f000010.wav|data\raw\public_v9\echoes_fma_paired\fake\Food_and_War_Ergo_Phizmiz_mubert_TTA_001.mp3,0.6775332689285278,0.6738162040710449,0.7641506195068359
MIX::data\raw\public_v9\mlaad_tiny\fake\en\OpenVoiceV2\hunters_space_18_f000024.wav|data\raw\public_v9\sonics\fake_09701_suno_0.mp3,0.6296563744544983,0.6223831176757812,0.6104824542999268
MIX::data\raw\public_v9\mlaad_tiny\fake\en\Chatterbox\jane_eyre_05_f000047.wav|data\raw\public_v9\echoes_fma_paired\fake\Burn_Room_For_A_Ghost_audioldm_ATA_001.mp3,0.667356014251709,0.6454521417617798,0.6886932253837585
MIX::data\raw\public_v9\mlaad_tiny\fake\en\OpenVoiceV2\jane_eyre_05_f000054.wav|data\raw\public_v9\sonics\fake_09519_suno_0.mp3,0.6401288509368896,0.6308253407478333,0.5832526683807373
MIX::data\raw\public_v9\mlaad_tiny\fake\en\OpenVoiceV2\jane_eyre_05_f000054.wav|data\raw\public_v9\sonics\fake_10378_suno_0.mp3,0.7302153706550598,0.7311645150184631,0.9455147385597229
MIX::data\raw\public_v9\mlaad_tiny\fake\en\Microsoft VibeVoice 1.5B\jane_eyre_05_f000057.wav|data\raw\public_v9\sonics\fake_10581_suno_0.mp3,0.6797427535057068,0.6705803871154785,0.8748490214347839
MIX::data\raw\public_v9\mlaad_tiny\fake\en\OpenVoiceV2\jane_eyre_05_f000097.wav|data\raw\public_v9\echoes_fma_paired\fake\Digital_Lightning_Cloudkicker_acestep_TTA_001.mp3,0.6177782416343689,0.6159491539001465,0.6489394307136536
MIX::data\raw\public_v9\mlaad_tiny\fake\en\suno_bark\jane_eyre_05_f000137.wav|data\raw\public_v9\echoes_fma_paired\fake\Celia_Ergo_Phizmiz_audioldm_ATA_001.mp3,0.6577295660972595,0.6563534140586853,0.728069007396698
MIX::data\raw\public_v9\mlaad_tiny\fake\en\Microsoft VibeVoice 1.5B\jane_eyre_05_f000180.wav|data\raw\public_v9\echoes_fma_paired\fake\Burn_Room_For_A_Ghost_acestep_TTA_001.mp3,0.6882572770118713,0.6618518233299255,0.8545525074005127
MIX::data\raw\public_v9\mlaad_tiny\fake\en\Chatterbox\jane_eyre_06_f000021.wav|data\raw\public_v9\sonics\fake_09607_suno_0.mp3,0.636612057685852,0.6318220496177673,0.7185861468315125
MIX::data\raw\public_v9\mlaad_tiny\fake\en\FireRedTTS-2.0\jane_eyre_17_f000177.wav|data\raw\public_v9\sonics\fake_09788_suno_1.mp3,0.7138662338256836,0.712441086769104,0.9514226317405701
MIX::data\raw\public_v9\mlaad_tiny\fake\en\FireRedTTS-2.0\jane_eyre_17_f000379.wav|data\raw\public_v9\sonics\fake_10378_suno_0.mp3,0.7523068189620972,0.7482273578643799,0.9606025218963623
MIX::data\raw\public_v9\mlaad_tiny\fake\en\Chatterbox\jane_eyre_18_f000063.wav|data\raw\public_v9\sonics\fake_09896_suno_0.mp3,0.6631503105163574,0.6518409252166748,0.8244566917419434
MIX::data\raw\public_v9\mlaad_tiny\fake\en\RVC\dorothy_and_wizard_oz_07_f000014.wav|data\raw\public_v9\real_music\guitarset\00_BN1-147-Gb_comp_mic.wav,0.6798441410064697,0.6824613809585571,0.7424325942993164
MIX::data\raw\public_v9\mlaad_tiny\fake\en\FishTTS\dorothy_and_wizard_oz_07_f000046.wav|data\raw\public_v9\real_music\jamendo\19200.low.mp3,0.7297223210334778,0.6868845224380493,0.8649569153785706
MIX::data\raw\public_v9\mlaad_tiny\fake\en\Higgs-Audio-V2\dorothy_and_wizard_oz_08_f000005.wav|data\raw\public_v9\real_music\guitarset\00_Jazz1-200-B_comp_mic.wav,0.7066239714622498,0.7076467275619507,0.9166690111160278
MIX::data\raw\public_v9\mlaad_tiny\fake\en\RVC\dorothy_and_wizard_oz_08_f000016.wav|data\raw\public_v9\real_music\guitarset\00_SS2-107-Ab_comp_mic.wav,0.6662836074829102,0.6672300100326538,0.7658650875091553
MIX::data\raw\public_v9\mlaad_tiny\fake\en\Chatterbox\dorothy_and_wizard_oz_08_f000065.wav|data\raw\public_v9\real_music\jamendo\769000.low.mp3,0.6519786715507507,0.6530766487121582,0.9361428618431091
MIX::data\raw\public_v9\mlaad_tiny\fake\en\f5-tts\dorothy_and_wizard_oz_14_f000043.wav|data\raw\public_v9\real_music\guitarset\00_Rock1-90-C#_comp_mic.wav,0.6646895408630371,0.6654230356216431,0.7025918364524841
MIX::data\raw\public_v9\mlaad_tiny\fake\en\Microsoft VibeVoice 1.5B\dorothy_and_wizard_oz_14_f000082.wav|data\raw\public_v9\real_music\jamendo\308500.low.mp3,0.6871070265769958,0.6726040244102478,0.7343282699584961
MIX::data\raw\public_v9\mlaad_tiny\fake\en\Chatterbox\dorothy_and_wizard_oz_14_f000118.wav|data\raw\public_v9\real_music\jamendo\342300.low.mp3,0.6383753418922424,0.6273602843284607,0.7148477435112
MIX::data\raw\public_v9\mlaad_tiny\fake\en\FireRedTTS-2.0\dorothy_and_wizard_oz_14_f000119.wav|data\raw\public_v9\real_music\jamendo\1165500.low.mp3,0.6491681337356567,0.6476032137870789,0.9588543772697449
MIX::data\raw\public_v9\mlaad_tiny\fake\en\FishTTS\emerald_city_of_oz_05_f000014.wav|data\raw\public_v9\real_music\guitarset\00_BN1-129-Eb_solo_mic.wav,0.6862989068031311,0.6699571013450623,0.7835699319839478
MIX::data\raw\public_v9\mlaad_tiny\fake\en\Higgs-Audio-V2\emerald_city_of_oz_05_f000024.wav|data\raw\public_v9\real_music\guitarset\00_BN2-131-B_comp_mic.wav,0.7034939527511597,0.6967215538024902,0.9485475420951843
MIX::data\raw\public_v9\mlaad_tiny\fake\en\RVC\emerald_city_of_oz_05_f000077.wav|data\raw\public_v9\real_music\guitarset\00_Funk2-108-Eb_solo_mic.wav,0.6962895393371582,0.6837849617004395,0.852238655090332
MIX::data\raw\public_v9\mlaad_tiny\fake\en\Higgs-Audio-V2\emerald_city_of_oz_05_f000091.wav|data\raw\public_v9\real_music\guitarset\00_BN3-119-G_comp_mic.wav,0.6597399115562439,0.6691350936889648,0.8693307042121887
MIX::data\raw\public_v9\mlaad_tiny\fake\en\FireRedTTS-2.0\emerald_city_of_oz_08_f000059.wav|data\raw\public_v9\real_music\guitarset\00_Jazz1-200-B_solo_mic.wav,0.6854065656661987,0.6641286611557007,0.8350349068641663
MIX::data\raw\public_v9\mlaad_tiny\fake\en\FireRedTTS-2.0\emerald_city_of_oz_08_f000073.wav|data\raw\public_v9\real_music\jamendo\1088000.low.mp3,0.6810145974159241,0.6839226484298706,0.773745596408844
MIX::data\raw\public_v9\mlaad_tiny\fake\en\Chatterbox\emerald_city_of_oz_13_f000060.wav|data\raw\public_v9\real_music\jamendo\1156400.low.mp3,0.6473198533058167,0.6416043639183044,0.5703648328781128
MIX::data\raw\public_v9\mlaad_tiny\fake\en\FishTTS\emerald_city_of_oz_24_f000069.wav|data\raw\public_v9\real_music\jamendo\1226700.low.mp3,0.6937267780303955,0.6600284576416016,0.8202502727508545
MIX::data\raw\public_v9\mlaad_tiny\fake\en\f5-tts\hunters_space_05_f000015.wav|data\raw\public_v9\real_music\jamendo\1157600.low.mp3,0.7304270267486572,0.7187502384185791,0.8311981558799744
MIX::data\raw\public_v9\mlaad_tiny\fake\en\FishTTS\hunters_space_05_f000074.wav|data\raw\public_v9\real_music\guitarset\00_Funk3-98-A_solo_mic.wav,0.6735715866088867,0.6731746196746826,0.7605192065238953
MIX::data\raw\public_v9\mlaad_tiny\fake\en\Qwen2.5-Omni\hunters_space_05_f000109.wav|data\raw\public_v9\real_music\guitarset\00_BN3-154-E_comp_mic.wav,0.6691648364067078,0.6782105565071106,0.8992228507995605
MIX::data\raw\public_v9\mlaad_tiny\fake\en\Qwen2.5-Omni\hunters_space_05_f000109.wav|data\raw\public_v9\echoes_fma_paired\real\fma_74900.mp3,0.6492129564285278,0.6410462856292725,0.6277346014976501
MIX::data\raw\public_v9\mlaad_tiny\fake\en\Higgs-Audio-V2\hunters_space_06_f000014.wav|data\raw\public_v9\real_music\guitarset\00_BN2-166-Ab_comp_mic.wav,0.6892074942588806,0.694422721862793,0.943189799785614
MIX::data\raw\public_v9\mlaad_tiny\fake\en\f5-tts\hunters_space_06_f000023.wav|data\raw\public_v9\real_music\jamendo\383000.low.mp3,0.6881935596466064,0.6559947729110718,0.6898808479309082
MIX::data\raw\public_v9\mlaad_tiny\fake\en\MiniCPM-o-2.6\hunters_space_06_f000036.wav|data\raw\public_v9\real_music\guitarset\00_Rock2-85-F_solo_mic.wav,0.6925792694091797,0.694614827632904,0.9592925906181335
MIX::data\raw\public_v9\mlaad_tiny\fake\en\MiniCPM-o-2.6\hunters_space_06_f000036.wav|data\raw\public_v9\real_music\guitarset\00_SS1-68-E_comp_mic.wav,0.6562782526016235,0.656226634979248,0.9356060028076172
MIX::data\raw\public_v9\mlaad_tiny\fake\en\Higgs-Audio-V2\hunters_space_08_f000081.wav|data\raw\public_v9\real_music\jamendo\47900.low.mp3,0.7051255702972412,0.6822205781936646,0.9470682144165039
MIX::data\raw\public_v9\mlaad_tiny\fake\en\MiniCPM-o-2.6\hunters_space_08_f000103.wav|data\raw\public_v9\real_music\guitarset\00_SS3-84-Bb_comp_mic.wav,0.6887327432632446,0.6858035326004028,0.8656260371208191
MIX::data\raw\public_v9\mlaad_tiny\fake\en\FishTTS\hunters_space_17_f000018.wav|data\raw\public_v9\real_music\jamendo\1093500.low.mp3,0.6548169255256653,0.6547465324401855,0.8376462459564209
MIX::data\raw\public_v9\mlaad_tiny\fake\en\Chatterbox\hunters_space_18_f000010.wav|data\raw\public_v9\real_music\jamendo\485800.low.mp3,0.6879246234893799,0.6762557625770569,0.8428013324737549
MIX::data\raw\public_v9\mlaad_tiny\fake\en\OpenVoiceV2\hunters_space_18_f000024.wav|data\raw\public_v9\echoes_fma_paired\real\fma_3988.mp3,0.6741060614585876,0.6570682525634766,0.8301551938056946
MIX::data\raw\public_v9\mlaad_tiny\fake\en\OpenVoiceV2\hunters_space_18_f000024.wav|data\raw\public_v9\real_music\jamendo\514000.low.mp3,0.6633690595626831,0.6589078307151794,0.6822628378868103
MIX::data\raw\public_v9\mlaad_tiny\fake\en\Chatterbox\jane_eyre_05_f000047.wav|data\raw\public_v9\real_music\jamendo\1159700.low.mp3,0.6820144653320312,0.6667635440826416,0.7850756645202637
MIX::data\raw\public_v9\mlaad_tiny\fake\en\OpenVoiceV2\jane_eyre_05_f000054.wav|data\raw\public_v9\real_music\jamendo\1420700.low.mp3,0.6869958639144897,0.6658570170402527,0.698553740978241
MIX::data\raw\public_v9\mlaad_tiny\fake\en\Microsoft VibeVoice 1.5B\jane_eyre_05_f000057.wav|data\raw\public_v9\real_music\jamendo\398700.low.mp3,0.6903494000434875,0.6515436768531799,0.8051641583442688
MIX::data\raw\public_v9\mlaad_tiny\fake\en\OpenVoiceV2\jane_eyre_05_f000097.wav|data\raw\public_v9\real_music\jamendo\1149700.low.mp3,0.7152605056762695,0.6710226535797119,0.7615504860877991
MIX::data\raw\public_v9\mlaad_tiny\fake\en\suno_bark\jane_eyre_05_f000137.wav|data\raw\public_v9\real_music\guitarset\00_SS2-88-F_solo_mic.wav,0.6869168877601624,0.68263840675354,0.7279675602912903
MIX::data\raw\public_v9\mlaad_tiny\fake\en\suno_bark\jane_eyre_05_f000137.wav|data\raw\public_v9\real_music\jamendo\1045700.low.mp3,0.7223036289215088,0.6811784505844116,0.7840485572814941
MIX::data\raw\public_v9\mlaad_tiny\fake\en\Microsoft VibeVoice 1.5B\jane_eyre_05_f000180.wav|data\raw\public_v9\real_music\jamendo\1417800.low.mp3,0.6577867269515991,0.6446681022644043,0.6159780621528625
MIX::data\raw\public_v9\mlaad_tiny\fake\en\Chatterbox\jane_eyre_06_f000021.wav|data\raw\public_v9\real_music\guitarset\00_SS3-98-C_comp_mic.wav,0.6449725031852722,0.6474564671516418,0.7587253451347351
MIX::data\raw\public_v9\mlaad_tiny\fake\en\FireRedTTS-2.0\jane_eyre_17_f000177.wav|data\raw\public_v9\real_music\jamendo\201900.low.mp3,0.6716033220291138,0.6705130338668823,0.8807523250579834
MIX::data\raw\public_v9\mlaad_tiny\fake\en\FireRedTTS-2.0\jane_eyre_17_f000379.wav|data\raw\public_v9\real_music\guitarset\00_Rock3-117-Bb_solo_mic.wav,0.7047309279441833,0.6924580335617065,0.874300479888916
MIX::data\raw\public_v9\mlaad_tiny\fake\en\Chatterbox\jane_eyre_18_f000063.wav|data\raw\public_v9\real_music\guitarset\00_SS1-100-C#_solo_mic.wav,0.6999548673629761,0.6821452379226685,0.9115595817565918
MIX::data\raw\public_v9\mlaad_tiny\original\en\dorothy_and_wizard_oz_07_f000014.wav|data\raw\public_v9\echoes_fma_paired\fake\Fuckaboing_RoccoW_brev_TTA_001.mp3,0.7324262261390686,0.7303264737129211,0.9456512331962585
MIX::data\raw\public_v9\mlaad_tiny\original\en\dorothy_and_wizard_oz_07_f000046.wav|data\raw\public_v9\echoes_fma_paired\fake\Cold_Chains_Rolemusic_suno_TTA_001.mp3,0.6529930233955383,0.6422586441040039,0.5139206051826477
MIX::data\raw\public_v9\mlaad_tiny\original\en\dorothy_and_wizard_oz_08_f000005.wav|data\raw\public_v9\echoes_fma_paired\fake\Busby_Berkeley_Ergo_Phizmiz_producer_ATA_001.mp3,0.6451967358589172,0.6450013518333435,0.7251502871513367
MIX::data\raw\public_v9\mlaad_tiny\original\en\dorothy_and_wizard_oz_08_f000016.wav|data\raw\public_v9\echoes_fma_paired\fake\Busby_Berkeley_Ergo_Phizmiz_brev_TTA_001.mp3,0.6878568530082703,0.6713538765907288,0.7935305237770081
MIX::data\raw\public_v9\mlaad_tiny\original\en\dorothy_and_wizard_oz_08_f000065.wav|data\raw\public_v9\echoes_fma_paired\fake\Cloudy_Subway_Sonicbeat_audioldm_ATA_001.mp3,0.6848381161689758,0.6869409680366516,0.9110719561576843
MIX::data\raw\public_v9\mlaad_tiny\original\en\dorothy_and_wizard_oz_14_f000043.wav|data\raw\public_v9\echoes_fma_paired\fake\Busby_Berkeley_Ergo_Phizmiz_mubert_TTA_001.mp3,0.6738088726997375,0.6503201723098755,0.9184160828590393
MIX::data\raw\public_v9\mlaad_tiny\original\en\dorothy_and_wizard_oz_14_f000082.wav|data\raw\public_v9\echoes_fma_paired\fake\Cold_Chains_Rolemusic_brev_TTA_001.mp3,0.7362908720970154,0.7217594385147095,0.9168353080749512
MIX::data\raw\public_v9\mlaad_tiny\original\en\dorothy_and_wizard_oz_14_f000118.wav|data\raw\public_v9\echoes_fma_paired\fake\Celia_Ergo_Phizmiz_brev_TTA_001.mp3,0.6544623374938965,0.665196418762207,0.9365550875663757
MIX::data\raw\public_v9\mlaad_tiny\original\en\dorothy_and_wizard_oz_14_f000119.wav|data\raw\public_v9\sonics\fake_09896_suno_0.mp3,0.6284173130989075,0.6229411363601685,0.6411421895027161
MIX::data\raw\public_v9\mlaad_tiny\original\en\emerald_city_of_oz_05_f000014.wav|data\raw\public_v9\echoes_fma_paired\fake\Cold_Chains_Rolemusic_mubert_TTA_001.mp3,0.7285670638084412,0.7133234739303589,0.866452693939209
MIX::data\raw\public_v9\mlaad_tiny\original\en\emerald_city_of_oz_05_f000024.wav|data\raw\public_v9\sonics\fake_10331_suno_0.mp3,0.6568748354911804,0.649048924446106,0.7721471786499023
MIX::data\raw\public_v9\mlaad_tiny\original\en\emerald_city_of_oz_05_f000077.wav|data\raw\public_v9\sonics\fake_09056_suno_0.mp3,0.6892516016960144,0.6904510259628296,0.8646869659423828
MIX::data\raw\public_v9\mlaad_tiny\original\en\emerald_city_of_oz_05_f000091.wav|data\raw\public_v9\echoes_fma_paired\fake\Celia_Ergo_Phizmiz_acestep_TTA_001.mp3,0.6678953170776367,0.6603418588638306,0.594793975353241
MIX::data\raw\public_v9\mlaad_tiny\original\en\emerald_city_of_oz_08_f000059.wav|data\raw\public_v9\sonics\fake_09059_suno_0.mp3,0.6577096581459045,0.6475701332092285,0.5107197761535645
MIX::data\raw\public_v9\mlaad_tiny\original\en\emerald_city_of_oz_08_f000073.wav|data\raw\public_v9\sonics\fake_10604_suno_0.mp3,0.6863611340522766,0.6827613115310669,0.7855432629585266
MIX::data\raw\public_v9\mlaad_tiny\original\en\emerald_city_of_oz_13_f000060.wav|data\raw\public_v9\sonics\fake_09543_suno_0.mp3,0.6742275357246399,0.6632677316665649,0.5466644167900085
MIX::data\raw\public_v9\mlaad_tiny\original\en\emerald_city_of_oz_24_f000069.wav|data\raw\public_v9\sonics\fake_09150_suno_0.mp3,0.6635350584983826,0.6533257365226746,0.5653407573699951
MIX::data\raw\public_v9\mlaad_tiny\original\en\emerald_city_of_oz_24_f000069.wav|data\raw\public_v9\sonics\fake_09743_suno_0.mp3,0.6942656636238098,0.6558871269226074,0.7709522843360901
MIX::data\raw\public_v9\mlaad_tiny\original\en\hunters_space_05_f000015.wav|data\raw\public_v9\echoes_fma_paired\fake\Busby_Berkeley_Ergo_Phizmiz_suno_TTA_001.mp3,0.6743489503860474,0.654787003993988,0.7650651931762695
MIX::data\raw\public_v9\mlaad_tiny\original\en\hunters_space_05_f000074.wav|data\raw\public_v9\sonics\fake_09150_suno_0.mp3,0.6457556486129761,0.6423174142837524,0.6161708831787109
MIX::data\raw\public_v9\mlaad_tiny\original\en\hunters_space_05_f000109.wav|data\raw\public_v9\sonics\fake_10686_suno_0.mp3,0.690751850605011,0.6722093820571899,0.8559784889221191
MIX::data\raw\public_v9\mlaad_tiny\original\en\hunters_space_06_f000014.wav|data\raw\public_v9\echoes_fma_paired\fake\Celia_Ergo_Phizmiz_mubert_TTA_001.mp3,0.6368486881256104,0.6321616172790527,0.8024945855140686
MIX::data\raw\public_v9\mlaad_tiny\original\en\hunters_space_06_f000023.wav|data\raw\public_v9\echoes_fma_paired\fake\Food_and_War_Ergo_Phizmiz_elevenlabs_TTA_001.mp3,0.6926976442337036,0.6939729452133179,0.9409768581390381
MIX::data\raw\public_v9\mlaad_tiny\original\en\hunters_space_06_f000036.wav|data\raw\public_v9\echoes_fma_paired\fake\Cold_Chains_Rolemusic_musicgen_ATA_001.wav,0.7159001231193542,0.690490186214447,0.7176604270935059
MIX::data\raw\public_v9\mlaad_tiny\original\en\hunters_space_08_f000081.wav|data\raw\public_v9\sonics\fake_09743_suno_0.mp3,0.6982912421226501,0.6687601804733276,0.8580071330070496
MIX::data\raw\public_v9\mlaad_tiny\original\en\hunters_space_08_f000103.wav|data\raw\public_v9\echoes_fma_paired\fake\Celia_Ergo_Phizmiz_udio_TTA_001.mp3,0.6998798251152039,0.6770861744880676,0.922641932964325
MIX::data\raw\public_v9\mlaad_tiny\original\en\hunters_space_17_f000018.wav|data\raw\public_v9\echoes_fma_paired\fake\Chipho_instrumental_RoccoW_audioldm_ATA_001.mp3,0.7562741041183472,0.7346775531768799,0.9456677436828613
MIX::data\raw\public_v9\mlaad_tiny\original\en\hunters_space_18_f000010.wav|data\raw\public_v9\sonics\fake_09519_suno_0.mp3,0.6335113048553467,0.6249544620513916,0.6088117957115173
MIX::data\raw\public_v9\mlaad_tiny\original\en\hunters_space_18_f000024.wav|data\raw\public_v9\echoes_fma_paired\fake\Food_and_War_Ergo_Phizmiz_suno_TTA_001.mp3,0.6834993958473206,0.6782189607620239,0.9073150157928467
MIX::data\raw\public_v9\mlaad_tiny\original\en\jane_eyre_05_f000047.wav|data\raw\public_v9\sonics\fake_10686_suno_0.mp3,0.6683199405670166,0.66020667552948,0.8336456418037415
MIX::data\raw\public_v9\mlaad_tiny\original\en\jane_eyre_05_f000047.wav|data\raw\public_v9\echoes_fma_paired\fake\Cold_Chains_Rolemusic_musicgen_ATA_001.wav,0.6716209650039673,0.6599400043487549,0.809826672077179
MIX::data\raw\public_v9\mlaad_tiny\original\en\jane_eyre_05_f000054.wav|data\raw\public_v9\echoes_fma_paired\fake\Cold_Chains_Rolemusic_brev_TTA_001.mp3,0.6958656311035156,0.691105306148529,0.9037878513336182
MIX::data\raw\public_v9\mlaad_tiny\original\en\jane_eyre_05_f000054.wav|data\raw\public_v9\echoes_fma_paired\fake\Busby_Berkeley_Ergo_Phizmiz_suno_TTA_001.mp3,0.6738335490226746,0.6552951335906982,0.7423381209373474
MIX::data\raw\public_v9\mlaad_tiny\original\en\jane_eyre_05_f000057.wav|data\raw\public_v9\sonics\fake_10567_suno_0.mp3,0.6510502696037292,0.6550546884536743,0.7921976447105408
MIX::data\raw\public_v9\mlaad_tiny\original\en\jane_eyre_05_f000097.wav|data\raw\public_v9\echoes_fma_paired\fake\Cold_Chains_Rolemusic_elevenlabs_TTA_001.mp3,0.6493234038352966,0.6434432864189148,0.5800095200538635
MIX::data\raw\public_v9\mlaad_tiny\original\en\jane_eyre_05_f000137.wav|data\raw\public_v9\sonics\fake_10146_suno_0.mp3,0.7154247760772705,0.7191770672798157,0.9318509101867676
MIX::data\raw\public_v9\mlaad_tiny\original\en\jane_eyre_05_f000180.wav|data\raw\public_v9\echoes_fma_paired\fake\Burn_Room_For_A_Ghost_stableaudio_TTA_001.mp3,0.6262723803520203,0.6244505643844604,0.6638700366020203
MIX::data\raw\public_v9\mlaad_tiny\original\en\jane_eyre_06_f000021.wav|data\raw\public_v9\echoes_fma_paired\fake\Busby_Berkeley_Ergo_Phizmiz_musicgen_ATA_001.wav,0.7101807594299316,0.697588324546814,0.9085654616355896
MIX::data\raw\public_v9\mlaad_tiny\original\en\jane_eyre_17_f000177.wav|data\raw\public_v9\echoes_fma_paired\fake\Cold_Chains_Rolemusic_acestep_TTA_001.mp3,0.6887423992156982,0.6512020826339722,0.7739037871360779
MIX::data\raw\public_v9\mlaad_tiny\original\en\jane_eyre_17_f000379.wav|data\raw\public_v9\sonics\fake_09380_suno_0.mp3,0.6672570109367371,0.6535642147064209,0.8316558003425598
MIX::data\raw\public_v9\mlaad_tiny\original\en\jane_eyre_18_f000063.wav|data\raw\public_v9\echoes_fma_paired\fake\Food_and_War_Ergo_Phizmiz_producer_ATA_001.mp3,0.7016928195953369,0.6889791488647461,0.9792410731315613
MIX::data\raw\public_v9\mlaad_tiny\original\en\dorothy_and_wizard_oz_07_f000014.wav|data\raw\public_v9\real_music\jamendo\308500.low.mp3,0.6856388449668884,0.6610179543495178,0.8273444175720215
MIX::data\raw\public_v9\mlaad_tiny\original\en\dorothy_and_wizard_oz_07_f000046.wav|data\raw\public_v9\real_music\jamendo\1194600.low.mp3,0.7823562622070312,0.7359538674354553,0.9108405709266663
MIX::data\raw\public_v9\mlaad_tiny\original\en\dorothy_and_wizard_oz_08_f000005.wav|data\raw\public_v9\real_music\guitarset\00_SS1-100-C#_solo_mic.wav,0.6743519306182861,0.6703712940216064,0.6985816359519958
MIX::data\raw\public_v9\mlaad_tiny\original\en\dorothy_and_wizard_oz_08_f000016.wav|data\raw\public_v9\real_music\jamendo\11100.low.mp3,0.7023300528526306,0.6825864315032959,0.9325076937675476
MIX::data\raw\public_v9\mlaad_tiny\original\en\dorothy_and_wizard_oz_08_f000065.wav|data\raw\public_v9\echoes_fma_paired\real\fma_74900.mp3,0.6699141263961792,0.668135404586792,0.8620514869689941
MIX::data\raw\public_v9\mlaad_tiny\original\en\dorothy_and_wizard_oz_14_f000043.wav|data\raw\public_v9\real_music\guitarset\00_Funk1-97-C_solo_mic.wav,0.6812647581100464,0.6793626546859741,0.8455944657325745
MIX::data\raw\public_v9\mlaad_tiny\original\en\dorothy_and_wizard_oz_14_f000043.wav|data\raw\public_v9\real_music\guitarset\00_SS3-98-C_solo_mic.wav,0.7017120122909546,0.6826918125152588,0.854023277759552
MIX::data\raw\public_v9\mlaad_tiny\original\en\dorothy_and_wizard_oz_14_f000082.wav|data\raw\public_v9\real_music\jamendo\1378200.low.mp3,0.7240201830863953,0.710383951663971,0.9205016493797302
MIX::data\raw\public_v9\mlaad_tiny\original\en\dorothy_and_wizard_oz_14_f000118.wav|data\raw\public_v9\real_music\guitarset\00_BN3-154-E_comp_mic.wav,0.6466204524040222,0.6527527570724487,0.9660619497299194
MIX::data\raw\public_v9\mlaad_tiny\original\en\dorothy_and_wizard_oz_14_f000119.wav|data\raw\public_v9\real_music\jamendo\1226700.low.mp3,0.6210311651229858,0.6143245697021484,0.6296353936195374
MIX::data\raw\public_v9\mlaad_tiny\original\en\emerald_city_of_oz_05_f000014.wav|data\raw\public_v9\real_music\guitarset\00_SS2-88-F_solo_mic.wav,0.6953874826431274,0.6910305023193359,0.8296310305595398
MIX::data\raw\public_v9\mlaad_tiny\original\en\emerald_city_of_oz_05_f000024.wav|data\raw\public_v9\real_music\guitarset\00_Jazz1-200-B_comp_mic.wav,0.7107434868812561,0.7192098498344421,0.9476522207260132
MIX::data\raw\public_v9\mlaad_tiny\original\en\emerald_city_of_oz_05_f000077.wav|data\raw\public_v9\real_music\guitarset\00_Jazz2-187-F#_comp_mic.wav,0.7470195293426514,0.7255016565322876,0.9499804377555847
MIX::data\raw\public_v9\mlaad_tiny\original\en\emerald_city_of_oz_05_f000091.wav|data\raw\public_v9\echoes_fma_paired\real\fma_3988.mp3,0.6543807983398438,0.6437932848930359,0.6877114176750183
MIX::data\raw\public_v9\mlaad_tiny\original\en\emerald_city_of_oz_08_f000059.wav|data\raw\public_v9\real_music\jamendo\1257400.low.mp3,0.69028240442276,0.6838635206222534,0.8268144130706787
MIX::data\raw\public_v9\mlaad_tiny\original\en\emerald_city_of_oz_08_f000073.wav|data\raw\public_v9\real_music\guitarset\00_Jazz3-137-Eb_solo_mic.wav,0.6846010088920593,0.6682515740394592,0.8937886357307434
MIX::data\raw\public_v9\mlaad_tiny\original\en\emerald_city_of_oz_13_f000060.wav|data\raw\public_v9\real_music\guitarset\00_Funk3-112-C#_comp_mic.wav,0.7084546685218811,0.7104345560073853,0.9116926193237305
MIX::data\raw\public_v9\mlaad_tiny\original\en\emerald_city_of_oz_13_f000060.wav|data\raw\public_v9\echoes_fma_paired\real\fma_61491.mp3,0.749136745929718,0.689887523651123,0.8330073952674866
MIX::data\raw\public_v9\mlaad_tiny\original\en\emerald_city_of_oz_24_f000069.wav|data\raw\public_v9\real_music\guitarset\00_BN3-119-G_solo_mic.wav,0.6518028974533081,0.6528435945510864,0.8524749279022217
MIX::data\raw\public_v9\mlaad_tiny\original\en\hunters_space_05_f000015.wav|data\raw\public_v9\real_music\guitarset\00_SS2-88-F_comp_mic.wav,0.6812413930892944,0.6789246797561646,0.9407334327697754
MIX::data\raw\public_v9\mlaad_tiny\original\en\hunters_space_05_f000074.wav|data\raw\public_v9\real_music\guitarset\00_Funk2-119-G_solo_mic.wav,0.666968822479248,0.6668432950973511,0.7743862271308899
MIX::data\raw\public_v9\mlaad_tiny\original\en\hunters_space_05_f000109.wav|data\raw\public_v9\real_music\guitarset\00_BN2-166-Ab_solo_mic.wav,0.732273280620575,0.7313923239707947,0.975763738155365
MIX::data\raw\public_v9\mlaad_tiny\original\en\hunters_space_06_f000014.wav|data\raw\public_v9\real_music\jamendo\1383900.low.mp3,0.6410051584243774,0.6357725858688354,0.563169538974762
MIX::data\raw\public_v9\mlaad_tiny\original\en\hunters_space_06_f000023.wav|data\raw\public_v9\real_music\guitarset\00_Rock2-85-F_comp_mic.wav,0.6700968742370605,0.6661392450332642,0.7604348659515381
MIX::data\raw\public_v9\mlaad_tiny\original\en\hunters_space_06_f000023.wav|data\raw\public_v9\real_music\guitarset\00_SS1-68-E_solo_mic.wav,0.665607750415802,0.6585406064987183,0.7619147300720215
MIX::data\raw\public_v9\mlaad_tiny\original\en\hunters_space_06_f000036.wav|data\raw\public_v9\real_music\guitarset\00_Rock3-148-C_comp_mic.wav,0.6510007381439209,0.6500978469848633,0.6123701333999634
MIX::data\raw\public_v9\mlaad_tiny\original\en\hunters_space_08_f000081.wav|data\raw\public_v9\real_music\jamendo\1093500.low.mp3,0.6529428958892822,0.6518765687942505,0.7992666363716125
MIX::data\raw\public_v9\mlaad_tiny\original\en\hunters_space_08_f000103.wav|data\raw\public_v9\real_music\guitarset\00_Rock2-142-D_solo_mic.wav,0.6894580125808716,0.6963735222816467,0.7729818820953369
MIX::data\raw\public_v9\mlaad_tiny\original\en\hunters_space_17_f000018.wav|data\raw\public_v9\real_music\guitarset\00_Rock3-117-Bb_solo_mic.wav,0.7121385931968689,0.7106992602348328,0.9202683568000793
MIX::data\raw\public_v9\mlaad_tiny\original\en\hunters_space_18_f000010.wav|data\raw\public_v9\real_music\guitarset\00_BN3-119-G_comp_mic.wav,0.6772622466087341,0.6787314414978027,0.859459400177002
MIX::data\raw\public_v9\mlaad_tiny\original\en\hunters_space_18_f000024.wav|data\raw\public_v9\real_music\guitarset\00_Jazz2-110-Bb_solo_mic.wav,0.6655558943748474,0.6699378490447998,0.8083429336547852
MIX::data\raw\public_v9\mlaad_tiny\original\en\jane_eyre_05_f000047.wav|data\raw\public_v9\real_music\guitarset\00_BN1-147-Gb_comp_mic.wav,0.6619210839271545,0.6683976650238037,0.8308026790618896
MIX::data\raw\public_v9\mlaad_tiny\original\en\jane_eyre_05_f000054.wav|data\raw\public_v9\real_music\guitarset\00_BN2-131-B_solo_mic.wav,0.6961257457733154,0.6860744953155518,0.9323639869689941
MIX::data\raw\public_v9\mlaad_tiny\original\en\jane_eyre_05_f000054.wav|data\raw\public_v9\real_music\jamendo\307100.low.mp3,0.627943217754364,0.6245584487915039,0.5885170102119446
MIX::data\raw\public_v9\mlaad_tiny\original\en\jane_eyre_05_f000057.wav|data\raw\public_v9\real_music\guitarset\00_Jazz3-137-Eb_comp_mic.wav,0.6530181169509888,0.6532853245735168,0.9028158187866211
MIX::data\raw\public_v9\mlaad_tiny\original\en\jane_eyre_05_f000097.wav|data\raw\public_v9\real_music\jamendo\1149700.low.mp3,0.6453465223312378,0.6396034955978394,0.8124334216117859
MIX::data\raw\public_v9\mlaad_tiny\original\en\jane_eyre_05_f000137.wav|data\raw\public_v9\real_music\guitarset\00_Funk3-112-C#_solo_mic.wav,0.7066264152526855,0.6951732635498047,0.8849060535430908
MIX::data\raw\public_v9\mlaad_tiny\original\en\jane_eyre_05_f000180.wav|data\raw\public_v9\real_music\guitarset\00_Funk1-114-Ab_comp_mic.wav,0.6854507923126221,0.6859550476074219,0.8508937954902649
MIX::data\raw\public_v9\mlaad_tiny\original\en\jane_eyre_06_f000021.wav|data\raw\public_v9\echoes_fma_paired\real\fma_71506.mp3,0.7341897487640381,0.7159131765365601,0.8972034454345703
MIX::data\raw\public_v9\mlaad_tiny\original\en\jane_eyre_17_f000177.wav|data\raw\public_v9\real_music\guitarset\00_Funk1-114-Ab_solo_mic.wav,0.7032862305641174,0.7002629041671753,0.9554426074028015
MIX::data\raw\public_v9\mlaad_tiny\original\en\jane_eyre_17_f000379.wav|data\raw\public_v9\real_music\jamendo\1420700.low.mp3,0.6709082722663879,0.664528489112854,0.846118688583374
MIX::data\raw\public_v9\mlaad_tiny\original\en\jane_eyre_18_f000063.wav|data\raw\public_v9\real_music\jamendo\47900.low.mp3,0.6595937013626099,0.6618741750717163,0.9273448586463928
MIX::data\raw\public_v9\mlaad_tiny\fake\en\RVC\dorothy_and_wizard_oz_07_f000014.wav|data\raw\public_v9\echoes_fma_paired\fake\Digital_Lightning_Cloudkicker_suno_TTA_001.mp3,0.6318668723106384,0.6308941841125488,0.6538480520248413
MIX::data\raw\public_v9\mlaad_tiny\fake\en\FishTTS\dorothy_and_wizard_oz_07_f000046.wav|data\raw\public_v9\echoes_fma_paired\fake\Digital_Lightning_Cloudkicker_mubert_TTA_001.mp3,0.7074103951454163,0.6719319820404053,0.934550940990448
MIX::data\raw\public_v9\mlaad_tiny\fake\en\Higgs-Audio-V2\dorothy_and_wizard_oz_08_f000005.wav|data\raw\public_v9\echoes_fma_paired\fake\Cloudy_Subway_Sonicbeat_musicgen_ATA_001.wav,0.6864645481109619,0.6796215772628784,0.7940255999565125
MIX::data\raw\public_v9\mlaad_tiny\fake\en\RVC\dorothy_and_wizard_oz_08_f000016.wav|data\raw\public_v9\echoes_fma_paired\fake\Fuckaboing_RoccoW_brev_TTA_001.mp3,0.7734110951423645,0.731325626373291,0.8941330313682556
MIX::data\raw\public_v9\mlaad_tiny\fake\en\RVC\dorothy_and_wizard_oz_08_f000016.wav|data\raw\public_v9\echoes_fma_paired\fake\Busby_Berkeley_Ergo_Phizmiz_stableaudio_TTA_001.mp3,0.6945285797119141,0.6983280181884766,0.7866082191467285
MIX::data\raw\public_v9\mlaad_tiny\fake\en\Chatterbox\dorothy_and_wizard_oz_08_f000065.wav|data\raw\public_v9\echoes_fma_paired\fake\Cold_Chains_Rolemusic_acestep_TTA_001.mp3,0.6327780485153198,0.6263772249221802,0.744892418384552
MIX::data\raw\public_v9\mlaad_tiny\fake\en\f5-tts\dorothy_and_wizard_oz_14_f000043.wav|data\raw\public_v9\sonics\fake_10146_suno_0.mp3,0.7109326124191284,0.7015072107315063,0.7965416312217712
MIX::data\raw\public_v9\mlaad_tiny\fake\en\Microsoft VibeVoice 1.5B\dorothy_and_wizard_oz_14_f000082.wav|data\raw\public_v9\sonics\fake_09897_suno_0.mp3,0.6412264704704285,0.6352385878562927,0.7437684535980225
MIX::data\raw\public_v9\mlaad_tiny\fake\en\Chatterbox\dorothy_and_wizard_oz_14_f000118.wav|data\raw\public_v9\echoes_fma_paired\fake\Busby_Berkeley_Ergo_Phizmiz_elevenlabs_TTA_001.mp3,0.7333013415336609,0.7005243897438049,0.943061888217926
MIX::data\raw\public_v9\mlaad_tiny\fake\en\FireRedTTS-2.0\dorothy_and_wizard_oz_14_f000119.wav|data\raw\public_v9\echoes_fma_paired\fake\Busby_Berkeley_Ergo_Phizmiz_stableaudio_TTA_001.mp3,0.6524690389633179,0.6619340777397156,0.9487929344177246
MIX::data\raw\public_v9\mlaad_tiny\fake\en\FishTTS\emerald_city_of_oz_05_f000014.wav|data\raw\public_v9\echoes_fma_paired\fake\Dr._Bodysnatcher_Modey_Lemon_audioldm_ATA_001.mp3,0.694778561592102,0.6648719906806946,0.8507459163665771
MIX::data\raw\public_v9\mlaad_tiny\fake\en\Higgs-Audio-V2\emerald_city_of_oz_05_f000024.wav|data\raw\public_v9\sonics\fake_09150_suno_0.mp3,0.6551679372787476,0.6440852880477905,0.7134831547737122
MIX::data\raw\public_v9\mlaad_tiny\fake\en\RVC\emerald_city_of_oz_05_f000077.wav|data\raw\public_v9\echoes_fma_paired\fake\Food_and_War_Ergo_Phizmiz_elevenlabs_TTA_001.mp3,0.7817186713218689,0.736070990562439,0.9467036724090576
MIX::data\raw\public_v9\mlaad_tiny\fake\en\Higgs-Audio-V2\emerald_city_of_oz_05_f000091.wav|data\raw\public_v9\echoes_fma_paired\fake\Fuckaboing_RoccoW_producer_ATA_001.mp3,0.8931886553764343,0.8541865944862366,0.9381160736083984
MIX::data\raw\public_v9\mlaad_tiny\fake\en\FireRedTTS-2.0\emerald_city_of_oz_08_f000059.wav|data\raw\public_v9\echoes_fma_paired\fake\Food_and_War_Ergo_Phizmiz_brev_TTA_001.mp3,0.689362108707428,0.6801167130470276,0.7815963625907898
MIX::data\raw\public_v9\mlaad_tiny\fake\en\FireRedTTS-2.0\emerald_city_of_oz_08_f000073.wav|data\raw\public_v9\echoes_fma_paired\fake\Eyes_Getting_Louder_Mod_Fun_stableaudio_TTA_001.mp3,0.6879791617393494,0.673088788986206,0.46924757957458496
MIX::data\raw\public_v9\mlaad_tiny\fake\en\Chatterbox\emerald_city_of_oz_13_f000060.wav|data\raw\public_v9\sonics\fake_10567_suno_0.mp3,0.6645990610122681,0.6617192029953003,0.6930832266807556
MIX::data\raw\public_v9\mlaad_tiny\fake\en\FishTTS\emerald_city_of_oz_24_f000069.wav|data\raw\public_v9\sonics\fake_09056_suno_0.mp3,0.6952984929084778,0.6904687881469727,0.9326440691947937
MIX::data\raw\public_v9\mlaad_tiny\fake\en\f5-tts\hunters_space_05_f000015.wav|data\raw\public_v9\sonics\fake_10567_suno_0.mp3,0.6675485968589783,0.6646918058395386,0.6568429470062256
MIX::data\raw\public_v9\mlaad_tiny\fake\en\f5-tts\hunters_space_05_f000015.wav|data\raw\public_v9\echoes_fma_paired\fake\Food_and_War_Ergo_Phizmiz_udio_TTA_001.mp3,0.6541909575462341,0.6368821859359741,0.5729301571846008
MIX::data\raw\public_v9\mlaad_tiny\fake\en\FishTTS\hunters_space_05_f000074.wav|data\raw\public_v9\echoes_fma_paired\fake\Cold_Chains_Rolemusic_stableaudio_TTA_001.mp3,0.7144411206245422,0.7154031991958618,0.9544393420219421
MIX::data\raw\public_v9\mlaad_tiny\fake\en\Qwen2.5-Omni\hunters_space_05_f000109.wav|data\raw\public_v9\sonics\fake_09000_suno_0.mp3,0.6548627018928528,0.6494277715682983,0.580402135848999
MIX::data\raw\public_v9\mlaad_tiny\fake\en\Higgs-Audio-V2\hunters_space_06_f000014.wav|data\raw\public_v9\sonics\fake_10440_suno_0.mp3,0.6384317874908447,0.6297330856323242,0.7401525974273682
MIX::data\raw\public_v9\mlaad_tiny\fake\en\Higgs-Audio-V2\hunters_space_06_f000014.wav|data\raw\public_v9\echoes_fma_paired\fake\Eyes_Getting_Louder_Mod_Fun_stableaudio_TTA_001.mp3,0.6408891081809998,0.6379595994949341,0.7143004536628723
MIX::data\raw\public_v9\mlaad_tiny\fake\en\f5-tts\hunters_space_06_f000023.wav|data\raw\public_v9\sonics\fake_10440_suno_0.mp3,0.6463667154312134,0.6366864442825317,0.5530605912208557
MIX::data\raw\public_v9\mlaad_tiny\fake\en\MiniCPM-o-2.6\hunters_space_06_f000036.wav|data\raw\public_v9\sonics\fake_09059_suno_0.mp3,0.6611642837524414,0.6594398617744446,0.8403732180595398
MIX::data\raw\public_v9\mlaad_tiny\fake\en\Higgs-Audio-V2\hunters_space_08_f000081.wav|data\raw\public_v9\echoes_fma_paired\fake\Fuckaboing_RoccoW_brev_TTA_001.mp3,0.7727029919624329,0.7556102275848389,0.9672170281410217
MIX::data\raw\public_v9\mlaad_tiny\fake\en\MiniCPM-o-2.6\hunters_space_08_f000103.wav|data\raw\public_v9\echoes_fma_paired\fake\Food_and_War_Ergo_Phizmiz_udio_TTA_001.mp3,0.6584563851356506,0.639471173286438,0.5675607323646545
MIX::data\raw\public_v9\mlaad_tiny\fake\en\FishTTS\hunters_space_17_f000018.wav|data\raw\public_v9\sonics\fake_10026_suno_0.mp3,0.6428648829460144,0.6374883651733398,0.6760735511779785
MIX::data\raw\public_v9\mlaad_tiny\fake\en\Chatterbox\hunters_space_18_f000010.wav|data\raw\public_v9\echoes_fma_paired\fake\Cloudy_Subway_Sonicbeat_acestep_TTA_001.mp3,0.7177438139915466,0.7147054672241211,0.9328137040138245
MIX::data\raw\public_v9\mlaad_tiny\fake\en\OpenVoiceV2\hunters_space_18_f000024.wav|data\raw\public_v9\echoes_fma_paired\fake\Fuckaboing_RoccoW_udio_TTA_001.mp3,0.6603455543518066,0.6417218446731567,0.9375643730163574
MIX::data\raw\public_v9\mlaad_tiny\fake\en\Chatterbox\jane_eyre_05_f000047.wav|data\raw\public_v9\echoes_fma_paired\fake\Cold_Chains_Rolemusic_udio_TTA_001.mp3,0.8090310096740723,0.7639256715774536,0.9578058123588562
MIX::data\raw\public_v9\mlaad_tiny\fake\en\OpenVoiceV2\jane_eyre_05_f000054.wav|data\raw\public_v9\sonics\fake_10331_suno_0.mp3,0.6453778147697449,0.6375136375427246,0.7216485142707825
MIX::data\raw\public_v9\mlaad_tiny\fake\en\Microsoft VibeVoice 1.5B\jane_eyre_05_f000057.wav|data\raw\public_v9\echoes_fma_paired\fake\Burn_Room_For_A_Ghost_stableaudio_TTA_001.mp3,0.6252774000167847,0.6233211755752563,0.6668422818183899
MIX::data\raw\public_v9\mlaad_tiny\fake\en\OpenVoiceV2\jane_eyre_05_f000097.wav|data\raw\public_v9\echoes_fma_paired\fake\Fuckaboing_RoccoW_elevenlabs_TTA_001.mp3,0.7897865176200867,0.7323423624038696,0.791802704334259
MIX::data\raw\public_v9\mlaad_tiny\fake\en\suno_bark\jane_eyre_05_f000137.wav|data\raw\public_v9\echoes_fma_paired\fake\Busby_Berkeley_Ergo_Phizmiz_udio_TTA_001.mp3,0.6813231706619263,0.6550983190536499,0.6203473210334778
MIX::data\raw\public_v9\mlaad_tiny\fake\en\Microsoft VibeVoice 1.5B\jane_eyre_05_f000180.wav|data\raw\public_v9\echoes_fma_paired\fake\Cold_Chains_Rolemusic_brev_TTA_001.mp3,0.718062162399292,0.7136740684509277,0.9196106791496277
MIX::data\raw\public_v9\mlaad_tiny\fake\en\Chatterbox\jane_eyre_06_f000021.wav|data\raw\public_v9\echoes_fma_paired\fake\Chipho_instrumental_RoccoW_musicgen_ATA_001.wav,0.6971498727798462,0.6791378259658813,0.5828068852424622
MIX::data\raw\public_v9\mlaad_tiny\fake\en\FireRedTTS-2.0\jane_eyre_17_f000177.wav|data\raw\public_v9\echoes_fma_paired\fake\Cold_Chains_Rolemusic_mubert_TTA_001.mp3,0.7267224788665771,0.712890625,0.8841938376426697
MIX::data\raw\public_v9\mlaad_tiny\fake\en\FireRedTTS-2.0\jane_eyre_17_f000379.wav|data\raw\public_v9\echoes_fma_paired\fake\Food_and_War_Ergo_Phizmiz_suno_TTA_001.mp3,0.713559627532959,0.6955640316009521,0.9393115639686584
MIX::data\raw\public_v9\mlaad_tiny\fake\en\Chatterbox\jane_eyre_18_f000063.wav|data\raw\public_v9\echoes_fma_paired\fake\Celia_Ergo_Phizmiz_udio_TTA_001.mp3,0.7057408690452576,0.6794549822807312,0.8584651350975037
MIX::data\raw\public_v9\mlaad_tiny\fake\en\RVC\dorothy_and_wizard_oz_07_f000014.wav|data\raw\public_v9\real_music\guitarset\00_BN2-131-B_solo_mic.wav,0.6767815947532654,0.6712313890457153,0.7471063137054443
MIX::data\raw\public_v9\mlaad_tiny\fake\en\FishTTS\dorothy_and_wizard_oz_07_f000046.wav|data\raw\public_v9\real_music\jamendo\1383900.low.mp3,0.6230244636535645,0.6220730543136597,0.6487665772438049
MIX::data\raw\public_v9\mlaad_tiny\fake\en\Higgs-Audio-V2\dorothy_and_wizard_oz_08_f000005.wav|data\raw\public_v9\real_music\jamendo\1231600.low.mp3,0.6911472082138062,0.6560024619102478,0.7435114979743958
MIX::data\raw\public_v9\mlaad_tiny\fake\en\RVC\dorothy_and_wizard_oz_08_f000016.wav|data\raw\public_v9\real_music\guitarset\00_SS1-100-C#_comp_mic.wav,0.655804455280304,0.6603529453277588,0.730737030506134
MIX::data\raw\public_v9\mlaad_tiny\fake\en\Chatterbox\dorothy_and_wizard_oz_08_f000065.wav|data\raw\public_v9\real_music\jamendo\1088100.low.mp3,0.6488844156265259,0.6401116847991943,0.7297976613044739
MIX::data\raw\public_v9\mlaad_tiny\fake\en\f5-tts\dorothy_and_wizard_oz_14_f000043.wav|data\raw\public_v9\real_music\jamendo\389700.low.mp3,0.6936566829681396,0.6402416825294495,0.7747199535369873
MIX::data\raw\public_v9\mlaad_tiny\fake\en\Microsoft VibeVoice 1.5B\dorothy_and_wizard_oz_14_f000082.wav|data\raw\public_v9\real_music\jamendo\1194600.low.mp3,0.731306254863739,0.6996874809265137,0.849590003490448
MIX::data\raw\public_v9\mlaad_tiny\fake\en\Chatterbox\dorothy_and_wizard_oz_14_f000118.wav|data\raw\public_v9\real_music\jamendo\1218700.low.mp3,0.6888630986213684,0.6887874007225037,0.9327912330627441
MIX::data\raw\public_v9\mlaad_tiny\fake\en\FireRedTTS-2.0\dorothy_and_wizard_oz_14_f000119.wav|data\raw\public_v9\real_music\jamendo\307100.low.mp3,0.654401421546936,0.6551071405410767,0.9287092089653015
MIX::data\raw\public_v9\mlaad_tiny\fake\en\FishTTS\emerald_city_of_oz_05_f000014.wav|data\raw\public_v9\real_music\guitarset\00_Funk1-97-C_solo_mic.wav,0.7021552324295044,0.6872032880783081,0.8940340876579285
MIX::data\raw\public_v9\mlaad_tiny\fake\en\Higgs-Audio-V2\emerald_city_of_oz_05_f000024.wav|data\raw\public_v9\echoes_fma_paired\real\fma_114004.mp3,0.6544724106788635,0.6494971513748169,0.6006997227668762
MIX::data\raw\public_v9\mlaad_tiny\fake\en\RVC\emerald_city_of_oz_05_f000077.wav|data\raw\public_v9\real_music\guitarset\00_Jazz1-130-D_comp_mic.wav,0.6751877069473267,0.6636880040168762,0.8030314445495605
MIX::data\raw\public_v9\mlaad_tiny\fake\en\Higgs-Audio-V2\emerald_city_of_oz_05_f000091.wav|data\raw\public_v9\real_music\guitarset\00_Rock1-90-C#_solo_mic.wav,0.6816086173057556,0.6850227117538452,0.8562799096107483
MIX::data\raw\public_v9\mlaad_tiny\fake\en\FireRedTTS-2.0\emerald_city_of_oz_08_f000059.wav|data\raw\public_v9\real_music\guitarset\00_Rock1-130-A_comp_mic.wav,0.6562082767486572,0.6533560752868652,0.797183632850647
MIX::data\raw\public_v9\mlaad_tiny\fake\en\FireRedTTS-2.0\emerald_city_of_oz_08_f000059.wav|data\raw\public_v9\echoes_fma_paired\real\fma_22472.mp3,0.6989291906356812,0.6941853761672974,0.8982617259025574
MIX::data\raw\public_v9\mlaad_tiny\fake\en\FireRedTTS-2.0\emerald_city_of_oz_08_f000073.wav|data\raw\public_v9\echoes_fma_paired\real\fma_106336.mp3,0.7252004146575928,0.7074472904205322,0.8294141292572021
MIX::data\raw\public_v9\mlaad_tiny\fake\en\FireRedTTS-2.0\emerald_city_of_oz_08_f000073.wav|data\raw\public_v9\real_music\jamendo\1294000.low.mp3,0.7021250128746033,0.6959441304206848,0.8774850368499756
MIX::data\raw\public_v9\mlaad_tiny\fake\en\Chatterbox\emerald_city_of_oz_13_f000060.wav|data\raw\public_v9\real_music\jamendo\1208600.low.mp3,0.6607635617256165,0.6524260640144348,0.7467639446258545
MIX::data\raw\public_v9\mlaad_tiny\fake\en\FishTTS\emerald_city_of_oz_24_f000069.wav|data\raw\public_v9\real_music\jamendo\451400.low.mp3,0.7198905348777771,0.7043769359588623,0.8210965991020203
MIX::data\raw\public_v9\mlaad_tiny\fake\en\f5-tts\hunters_space_05_f000015.wav|data\raw\public_v9\real_music\guitarset\00_Funk3-112-C#_solo_mic.wav,0.6821802258491516,0.6747910380363464,0.6463982462882996
MIX::data\raw\public_v9\mlaad_tiny\fake\en\FishTTS\hunters_space_05_f000074.wav|data\raw\public_v9\real_music\guitarset\00_Rock2-142-D_comp_mic.wav,0.6675815582275391,0.663353681564331,0.8301141262054443
MIX::data\raw\public_v9\mlaad_tiny\fake\en\Qwen2.5-Omni\hunters_space_05_f000109.wav|data\raw\public_v9\real_music\jamendo\1378200.low.mp3,0.7873235940933228,0.7330794334411621,0.8626384735107422
MIX::data\raw\public_v9\mlaad_tiny\fake\en\Higgs-Audio-V2\hunters_space_06_f000014.wav|data\raw\public_v9\real_music\jamendo\39700.low.mp3,0.6514960527420044,0.6542303562164307,0.8666255474090576
MIX::data\raw\public_v9\mlaad_tiny\fake\en\f5-tts\hunters_space_06_f000023.wav|data\raw\public_v9\real_music\guitarset\00_Rock2-85-F_comp_mic.wav,0.6731981635093689,0.6766598224639893,0.828711211681366
MIX::data\raw\public_v9\mlaad_tiny\fake\en\MiniCPM-o-2.6\hunters_space_06_f000036.wav|data\raw\public_v9\real_music\jamendo\1072900.low.mp3,0.7903423309326172,0.779050350189209,0.9954738616943359
MIX::data\raw\public_v9\mlaad_tiny\fake\en\Higgs-Audio-V2\hunters_space_08_f000081.wav|data\raw\public_v9\real_music\guitarset\00_Funk3-112-C#_comp_mic.wav,0.710278332233429,0.7092369794845581,0.9048242568969727
MIX::data\raw\public_v9\mlaad_tiny\fake\en\MiniCPM-o-2.6\hunters_space_08_f000103.wav|data\raw\public_v9\echoes_fma_paired\real\fma_3966.mp3,0.7528089880943298,0.6969199180603027,0.7980399131774902
MIX::data\raw\public_v9\mlaad_tiny\fake\en\FishTTS\hunters_space_17_f000018.wav|data\raw\public_v9\echoes_fma_paired\real\fma_71506.mp3,0.7007043957710266,0.6953784227371216,0.9364192485809326
MIX::data\raw\public_v9\mlaad_tiny\fake\en\Chatterbox\hunters_space_18_f000010.wav|data\raw\public_v9\real_music\guitarset\00_Rock3-117-Bb_comp_mic.wav,0.6913158297538757,0.6809135675430298,0.7693668007850647
MIX::data\raw\public_v9\mlaad_tiny\fake\en\Chatterbox\hunters_space_18_f000010.wav|data\raw\public_v9\real_music\guitarset\00_Rock3-148-C_solo_mic.wav,0.713459849357605,0.6945759057998657,0.7271128296852112
MIX::data\raw\public_v9\mlaad_tiny\fake\en\OpenVoiceV2\hunters_space_18_f000024.wav|data\raw\public_v9\real_music\jamendo\1170400.low.mp3,0.6807539463043213,0.6819114685058594,0.6976284384727478
MIX::data\raw\public_v9\mlaad_tiny\fake\en\Chatterbox\jane_eyre_05_f000047.wav|data\raw\public_v9\real_music\jamendo\1248600.low.mp3,0.6894977688789368,0.6805649995803833,0.9225878715515137
MIX::data\raw\public_v9\mlaad_tiny\fake\en\OpenVoiceV2\jane_eyre_05_f000054.wav|data\raw\public_v9\real_music\jamendo\390000.low.mp3,0.6691359877586365,0.6537631154060364,0.9168868064880371
MIX::data\raw\public_v9\mlaad_tiny\fake\en\Microsoft VibeVoice 1.5B\jane_eyre_05_f000057.wav|data\raw\public_v9\real_music\guitarset\00_BN3-119-G_solo_mic.wav,0.645954966545105,0.64784836769104,0.802610456943512
MIX::data\raw\public_v9\mlaad_tiny\fake\en\OpenVoiceV2\jane_eyre_05_f000097.wav|data\raw\public_v9\real_music\jamendo\1314100.low.mp3,0.6740185022354126,0.6624490022659302,0.5352006554603577
MIX::data\raw\public_v9\mlaad_tiny\fake\en\suno_bark\jane_eyre_05_f000137.wav|data\raw\public_v9\real_music\guitarset\00_Jazz3-150-C_comp_mic.wav,0.670412003993988,0.6777446269989014,0.9153690934181213
MIX::data\raw\public_v9\mlaad_tiny\fake\en\Microsoft VibeVoice 1.5B\jane_eyre_05_f000180.wav|data\raw\public_v9\real_music\guitarset\00_Rock1-130-A_solo_mic.wav,0.6940097212791443,0.6931390762329102,0.8502499461174011
MIX::data\raw\public_v9\mlaad_tiny\fake\en\Chatterbox\jane_eyre_06_f000021.wav|data\raw\public_v9\real_music\guitarset\00_Funk3-98-A_comp_mic.wav,0.7173498868942261,0.7118680477142334,0.9243028163909912
MIX::data\raw\public_v9\mlaad_tiny\fake\en\Chatterbox\jane_eyre_06_f000021.wav|data\raw\public_v9\real_music\jamendo\209800.low.mp3,0.6659061312675476,0.6509709358215332,0.49785658717155457
MIX::data\raw\public_v9\mlaad_tiny\fake\en\FireRedTTS-2.0\jane_eyre_17_f000177.wav|data\raw\public_v9\real_music\guitarset\00_Jazz3-137-Eb_solo_mic.wav,0.6789759397506714,0.6632298231124878,0.9336400628089905
MIX::data\raw\public_v9\mlaad_tiny\fake\en\FireRedTTS-2.0\jane_eyre_17_f000379.wav|data\raw\public_v9\real_music\guitarset\00_Funk1-114-Ab_solo_mic.wav,0.6777829527854919,0.6636381149291992,0.8769042491912842
MIX::data\raw\public_v9\mlaad_tiny\fake\en\Chatterbox\jane_eyre_18_f000063.wav|data\raw\public_v9\real_music\jamendo\1381000.low.mp3,0.7529509663581848,0.7552331686019897,0.9658504128456116
MIX::data\raw\public_v9\mlaad_tiny\original\en\dorothy_and_wizard_oz_07_f000014.wav|data\raw\public_v9\sonics\fake_10003_suno_0.mp3,0.6453672051429749,0.6376238465309143,0.543651819229126
MIX::data\raw\public_v9\mlaad_tiny\original\en\dorothy_and_wizard_oz_07_f000046.wav|data\raw\public_v9\echoes_fma_paired\fake\Digital_Lightning_Cloudkicker_mubert_TTA_001.mp3,0.721440851688385,0.6754318475723267,0.922983705997467
MIX::data\raw\public_v9\mlaad_tiny\original\en\dorothy_and_wizard_oz_08_f000005.wav|data\raw\public_v9\echoes_fma_paired\fake\Burn_Room_For_A_Ghost_acestep_TTA_001.mp3,0.7053272128105164,0.6713821887969971,0.8842495083808899
MIX::data\raw\public_v9\mlaad_tiny\original\en\dorothy_and_wizard_oz_08_f000016.wav|data\raw\public_v9\echoes_fma_paired\fake\Eyes_Getting_Louder_Mod_Fun_stableaudio_TTA_001.mp3,0.7244153022766113,0.6883985996246338,0.8519111275672913
MIX::data\raw\public_v9\mlaad_tiny\original\en\dorothy_and_wizard_oz_08_f000065.wav|data\raw\public_v9\sonics\fake_10026_suno_0.mp3,0.6426530480384827,0.6371653079986572,0.6606611609458923
MIX::data\raw\public_v9\mlaad_tiny\original\en\dorothy_and_wizard_oz_14_f000043.wav|data\raw\public_v9\echoes_fma_paired\fake\Food_and_War_Ergo_Phizmiz_udio_TTA_001.mp3,0.6636407971382141,0.6556791663169861,0.8377787470817566
MIX::data\raw\public_v9\mlaad_tiny\original\en\dorothy_and_wizard_oz_14_f000082.wav|data\raw\public_v9\sonics\fake_09574_suno_0.mp3,0.6897891163825989,0.6792903542518616,0.890693187713623
MIX::data\raw\public_v9\mlaad_tiny\original\en\dorothy_and_wizard_oz_14_f000118.wav|data\raw\public_v9\echoes_fma_paired\fake\Digital_Lightning_Cloudkicker_audioldm_ATA_001.mp3,0.6107937097549438,0.6076569557189941,0.6617820858955383
MIX::data\raw\public_v9\mlaad_tiny\original\en\dorothy_and_wizard_oz_14_f000118.wav|data\raw\public_v9\echoes_fma_paired\fake\Chipho_instrumental_RoccoW_musicgen_ATA_001.wav,0.6634400486946106,0.6629120707511902,0.8735972046852112
MIX::data\raw\public_v9\mlaad_tiny\original\en\dorothy_and_wizard_oz_14_f000119.wav|data\raw\public_v9\echoes_fma_paired\fake\Dr._Bodysnatcher_Modey_Lemon_acestep_TTA_001.mp3,0.6628324389457703,0.6395980715751648,0.7565808296203613
MIX::data\raw\public_v9\mlaad_tiny\original\en\emerald_city_of_oz_05_f000014.wav|data\raw\public_v9\sonics\fake_10437_suno_0.mp3,0.6586507558822632,0.6463695764541626,0.5055425763130188
MIX::data\raw\public_v9\mlaad_tiny\original\en\emerald_city_of_oz_05_f000024.wav|data\raw\public_v9\echoes_fma_paired\fake\Digital_Lightning_Cloudkicker_audioldm_ATA_001.mp3,0.6661105155944824,0.6531367301940918,0.49171701073646545
MIX::data\raw\public_v9\mlaad_tiny\original\en\emerald_city_of_oz_05_f000077.wav|data\raw\public_v9\sonics\fake_09437_suno_0.mp3,0.6446599364280701,0.6419714689254761,0.7678249478340149
MIX::data\raw\public_v9\mlaad_tiny\original\en\emerald_city_of_oz_05_f000091.wav|data\raw\public_v9\echoes_fma_paired\fake\Busby_Berkeley_Ergo_Phizmiz_elevenlabs_TTA_001.mp3,0.7481247186660767,0.7303582429885864,0.8402432799339294
MIX::data\raw\public_v9\mlaad_tiny\original\en\emerald_city_of_oz_08_f000059.wav|data\raw\public_v9\sonics\fake_10039_suno_0.mp3,0.6543629169464111,0.6491082310676575,0.6547340750694275
MIX::data\raw\public_v9\mlaad_tiny\original\en\emerald_city_of_oz_08_f000073.wav|data\raw\public_v9\sonics\fake_09607_suno_0.mp3,0.6528275012969971,0.6381769180297852,0.690912663936615
MIX::data\raw\public_v9\mlaad_tiny\original\en\emerald_city_of_oz_13_f000060.wav|data\raw\public_v9\echoes_fma_paired\fake\Celia_Ergo_Phizmiz_producer_ATA_001.mp3,0.7195789217948914,0.7103359699249268,0.8811235427856445
MIX::data\raw\public_v9\mlaad_tiny\original\en\emerald_city_of_oz_24_f000069.wav|data\raw\public_v9\echoes_fma_paired\fake\Cold_Chains_Rolemusic_producer_ATA_001.mp3,0.8252485990524292,0.8081151247024536,0.9502012133598328
MIX::data\raw\public_v9\mlaad_tiny\original\en\hunters_space_05_f000015.wav|data\raw\public_v9\echoes_fma_paired\fake\Food_and_War_Ergo_Phizmiz_brev_TTA_001.mp3,0.6922169923782349,0.6842126846313477,0.88616544008255
MIX::data\raw\public_v9\mlaad_tiny\original\en\hunters_space_05_f000074.wav|data\raw\public_v9\sonics\fake_09701_suno_0.mp3,0.6298850178718567,0.6245263814926147,0.6994876861572266
MIX::data\raw\public_v9\mlaad_tiny\original\en\hunters_space_05_f000109.wav|data\raw\public_v9\sonics\fake_09164_suno_0.mp3,0.6866313815116882,0.683997631072998,0.8232409954071045
MIX::data\raw\public_v9\mlaad_tiny\original\en\hunters_space_06_f000014.wav|data\raw\public_v9\sonics\fake_10440_suno_0.mp3,0.6306604743003845,0.6232709884643555,0.7064220309257507
MIX::data\raw\public_v9\mlaad_tiny\original\en\hunters_space_06_f000023.wav|data\raw\public_v9\echoes_fma_paired\fake\Chipho_instrumental_RoccoW_musicgen_ATA_001.wav,0.674578845500946,0.6732468605041504,0.8237333297729492
MIX::data\raw\public_v9\mlaad_tiny\original\en\hunters_space_06_f000036.wav|data\raw\public_v9\sonics\fake_09214_suno_0.mp3,0.6589709520339966,0.6376268267631531,0.7152593731880188
MIX::data\raw\public_v9\mlaad_tiny\original\en\hunters_space_08_f000081.wav|data\raw\public_v9\sonics\fake_09922_suno_0.mp3,0.7094850540161133,0.6930646896362305,0.842099666595459
MIX::data\raw\public_v9\mlaad_tiny\original\en\hunters_space_08_f000103.wav|data\raw\public_v9\echoes_fma_paired\fake\Fuckaboing_RoccoW_elevenlabs_TTA_001.mp3,0.7835401296615601,0.7275687456130981,0.7753799557685852
MIX::data\raw\public_v9\mlaad_tiny\original\en\hunters_space_17_f000018.wav|data\raw\public_v9\echoes_fma_paired\fake\Dr._Bodysnatcher_Modey_Lemon_audioldm_ATA_001.mp3,0.625302791595459,0.617740273475647,0.7841640114784241
MIX::data\raw\public_v9\mlaad_tiny\original\en\hunters_space_17_f000018.wav|data\raw\public_v9\echoes_fma_paired\fake\Cloudy_Subway_Sonicbeat_acestep_TTA_001.mp3,0.7162078022956848,0.6983071565628052,0.9659242630004883
MIX::data\raw\public_v9\mlaad_tiny\original\en\hunters_space_18_f000010.wav|data\raw\public_v9\sonics\fake_10378_suno_0.mp3,0.7529252171516418,0.7489316463470459,0.9644548296928406
MIX::data\raw\public_v9\mlaad_tiny\original\en\hunters_space_18_f000024.wav|data\raw\public_v9\echoes_fma_paired\fake\Busby_Berkeley_Ergo_Phizmiz_stableaudio_TTA_001.mp3,0.6865801811218262,0.6921494603157043,0.8584499359130859
MIX::data\raw\public_v9\mlaad_tiny\original\en\jane_eyre_05_f000047.wav|data\raw\public_v9\echoes_fma_paired\fake\Burn_Room_For_A_Ghost_audioldm_ATA_001.mp3,0.6675494909286499,0.6419262886047363,0.8177394866943359
MIX::data\raw\public_v9\mlaad_tiny\original\en\jane_eyre_05_f000054.wav|data\raw\public_v9\echoes_fma_paired\fake\Food_and_War_Ergo_Phizmiz_mubert_TTA_001.mp3,0.6695488691329956,0.6692761778831482,0.8960322737693787
MIX::data\raw\public_v9\mlaad_tiny\original\en\jane_eyre_05_f000057.wav|data\raw\public_v9\echoes_fma_paired\fake\Celia_Ergo_Phizmiz_producer_ATA_001.mp3,0.6795046329498291,0.6843553781509399,0.9062018990516663
MIX::data\raw\public_v9\mlaad_tiny\original\en\jane_eyre_05_f000057.wav|data\raw\public_v9\echoes_fma_paired\fake\Eyes_Getting_Louder_Mod_Fun_stableaudio_TTA_001.mp3,0.6789858341217041,0.6653033494949341,0.8654473423957825
MIX::data\raw\public_v9\mlaad_tiny\original\en\jane_eyre_05_f000097.wav|data\raw\public_v9\echoes_fma_paired\fake\Dr._Bodysnatcher_Modey_Lemon_audioldm_ATA_001.mp3,0.6275854110717773,0.6279483437538147,0.7272093892097473
MIX::data\raw\public_v9\mlaad_tiny\original\en\jane_eyre_05_f000137.wav|data\raw\public_v9\sonics\fake_10003_suno_0.mp3,0.6421672105789185,0.6347633600234985,0.5568193793296814
MIX::data\raw\public_v9\mlaad_tiny\original\en\jane_eyre_05_f000137.wav|data\raw\public_v9\echoes_fma_paired\fake\Cloudy_Subway_Sonicbeat_acestep_TTA_001.mp3,0.7338522672653198,0.7201821804046631,0.9573284983634949
MIX::data\raw\public_v9\mlaad_tiny\original\en\jane_eyre_05_f000180.wav|data\raw\public_v9\echoes_fma_paired\fake\Fuckaboing_RoccoW_producer_ATA_001.mp3,0.7861883044242859,0.759703516960144,0.9472292065620422
MIX::data\raw\public_v9\mlaad_tiny\original\en\jane_eyre_06_f000021.wav|data\raw\public_v9\echoes_fma_paired\fake\Digital_Lightning_Cloudkicker_musicgen_ATA_001.wav,0.6700687408447266,0.6576820611953735,0.7868112921714783
MIX::data\raw\public_v9\mlaad_tiny\original\en\jane_eyre_17_f000177.wav|data\raw\public_v9\echoes_fma_paired\fake\Celia_Ergo_Phizmiz_suno_TTA_001.mp3,0.6624835729598999,0.6627082824707031,0.8903252482414246
MIX::data\raw\public_v9\mlaad_tiny\original\en\jane_eyre_17_f000379.wav|data\raw\public_v9\echoes_fma_paired\fake\Cold_Chains_Rolemusic_stableaudio_TTA_001.mp3,0.6915701627731323,0.672234296798706,0.7275664210319519
MIX::data\raw\public_v9\mlaad_tiny\original\en\jane_eyre_18_f000063.wav|data\raw\public_v9\echoes_fma_paired\fake\Digital_Lightning_Cloudkicker_stableaudio_TTA_001.mp3,0.6124712824821472,0.6053272485733032,0.685677707195282
MIX::data\raw\public_v9\mlaad_tiny\original\en\dorothy_and_wizard_oz_07_f000014.wav|data\raw\public_v9\real_music\guitarset\00_Rock1-130-A_solo_mic.wav,0.6862947344779968,0.6851601600646973,0.811441957950592
MIX::data\raw\public_v9\mlaad_tiny\original\en\dorothy_and_wizard_oz_07_f000014.wav|data\raw\public_v9\real_music\guitarset\00_Rock1-90-C#_solo_mic.wav,0.6901049613952637,0.6939976811408997,0.9018695950508118
MIX::data\raw\public_v9\mlaad_tiny\original\en\dorothy_and_wizard_oz_07_f000046.wav|data\raw\public_v9\real_music\jamendo\1417800.low.mp3,0.6635536551475525,0.6484595537185669,0.6009955406188965
MIX::data\raw\public_v9\mlaad_tiny\original\en\dorothy_and_wizard_oz_08_f000005.wav|data\raw\public_v9\real_music\guitarset\00_Jazz1-200-B_solo_mic.wav,0.6907696723937988,0.6668696403503418,0.8137784004211426
MIX::data\raw\public_v9\mlaad_tiny\original\en\dorothy_and_wizard_oz_08_f000005.wav|data\raw\public_v9\real_music\jamendo\394600.low.mp3,0.6873449683189392,0.6766917705535889,0.8429951667785645
MIX::data\raw\public_v9\mlaad_tiny\original\en\dorothy_and_wizard_oz_08_f000016.wav|data\raw\public_v9\real_music\jamendo\1266300.low.mp3,0.7061779499053955,0.7110472321510315,0.8210377097129822
MIX::data\raw\public_v9\mlaad_tiny\original\en\dorothy_and_wizard_oz_08_f000065.wav|data\raw\public_v9\real_music\jamendo\1156400.low.mp3,0.6473202705383301,0.641596794128418,0.5703400373458862
MIX::data\raw\public_v9\mlaad_tiny\original\en\dorothy_and_wizard_oz_14_f000043.wav|data\raw\public_v9\real_music\guitarset\00_Rock1-130-A_comp_mic.wav,0.6688754558563232,0.6708388924598694,0.8878473043441772
MIX::data\raw\public_v9\mlaad_tiny\original\en\dorothy_and_wizard_oz_14_f000082.wav|data\raw\public_v9\real_music\guitarset\00_BN1-129-Eb_solo_mic.wav,0.7083293795585632,0.6813820600509644,0.9435008764266968
MIX::data\raw\public_v9\mlaad_tiny\original\en\dorothy_and_wizard_oz_14_f000118.wav|data\raw\public_v9\real_music\guitarset\00_BN3-154-E_solo_mic.wav,0.6409074664115906,0.6425763368606567,0.9357575178146362
MIX::data\raw\public_v9\mlaad_tiny\original\en\dorothy_and_wizard_oz_14_f000119.wav|data\raw\public_v9\real_music\guitarset\00_Funk1-97-C_comp_mic.wav,0.7598055601119995,0.7351568937301636,0.9702529907226562
MIX::data\raw\public_v9\mlaad_tiny\original\en\emerald_city_of_oz_05_f000014.wav|data\raw\public_v9\real_music\jamendo\19200.low.mp3,0.6860678791999817,0.6732383966445923,0.5453440546989441
MIX::data\raw\public_v9\mlaad_tiny\original\en\emerald_city_of_oz_05_f000024.wav|data\raw\public_v9\echoes_fma_paired\real\fma_22480.mp3,0.7209097743034363,0.7140616178512573,0.854794442653656
MIX::data\raw\public_v9\mlaad_tiny\original\en\emerald_city_of_oz_05_f000077.wav|data\raw\public_v9\real_music\jamendo\39700.low.mp3,0.6785845756530762,0.6675982475280762,0.870930016040802
MIX::data\raw\public_v9\mlaad_tiny\original\en\emerald_city_of_oz_05_f000091.wav|data\raw\public_v9\echoes_fma_paired\real\fma_22472.mp3,0.7543930411338806,0.7333949208259583,0.9174030423164368
MIX::data\raw\public_v9\mlaad_tiny\original\en\emerald_city_of_oz_08_f000059.wav|data\raw\public_v9\real_music\guitarset\00_Funk2-119-G_comp_mic.wav,0.7111524939537048,0.7029070854187012,0.7888571619987488
MIX::data\raw\public_v9\mlaad_tiny\original\en\emerald_city_of_oz_08_f000073.wav|data\raw\public_v9\real_music\jamendo\1088100.low.mp3,0.6315968632698059,0.6274193525314331,0.6808342933654785
MIX::data\raw\public_v9\mlaad_tiny\original\en\emerald_city_of_oz_13_f000060.wav|data\raw\public_v9\real_music\jamendo\1248600.low.mp3,0.6593447327613831,0.6613044738769531,0.7619351744651794
MIX::data\raw\public_v9\mlaad_tiny\original\en\emerald_city_of_oz_24_f000069.wav|data\raw\public_v9\real_music\jamendo\1208600.low.mp3,0.6556129455566406,0.6497395038604736,0.6085153222084045
MIX::data\raw\public_v9\mlaad_tiny\original\en\hunters_space_05_f000015.wav|data\raw\public_v9\real_music\guitarset\00_Funk3-98-A_comp_mic.wav,0.7201927304267883,0.7220690846443176,0.9667423367500305
MIX::data\raw\public_v9\mlaad_tiny\original\en\hunters_space_05_f000074.wav|data\raw\public_v9\real_music\guitarset\00_Funk2-108-Eb_comp_mic.wav,0.7124127149581909,0.7108001708984375,0.9052665829658508
MIX::data\raw\public_v9\mlaad_tiny\original\en\hunters_space_05_f000109.wav|data\raw\public_v9\real_music\jamendo\514000.low.mp3,0.7447834610939026,0.6952472925186157,0.9123730063438416
MIX::data\raw\public_v9\mlaad_tiny\original\en\hunters_space_06_f000014.wav|data\raw\public_v9\real_music\jamendo\1157600.low.mp3,0.7416026592254639,0.7218001484870911,0.892793595790863
MIX::data\raw\public_v9\mlaad_tiny\original\en\hunters_space_06_f000023.wav|data\raw\public_v9\real_music\jamendo\1311300.low.mp3,0.7038888931274414,0.7078069448471069,0.9430785179138184
MIX::data\raw\public_v9\mlaad_tiny\original\en\hunters_space_06_f000036.wav|data\raw\public_v9\real_music\guitarset\00_Funk3-98-A_solo_mic.wav,0.6755260825157166,0.674551784992218,0.6945082545280457
MIX::data\raw\public_v9\mlaad_tiny\original\en\hunters_space_08_f000081.wav|data\raw\public_v9\real_music\jamendo\433300.low.mp3,0.6913283467292786,0.6861329078674316,0.9277178645133972
MIX::data\raw\public_v9\mlaad_tiny\original\en\hunters_space_08_f000103.wav|data\raw\public_v9\real_music\jamendo\451400.low.mp3,0.7247171401977539,0.7086213827133179,0.8575658798217773
MIX::data\raw\public_v9\mlaad_tiny\original\en\hunters_space_17_f000018.wav|data\raw\public_v9\real_music\guitarset\00_Jazz1-130-D_comp_mic.wav,0.6672781109809875,0.6646641492843628,0.9394491910934448
MIX::data\raw\public_v9\mlaad_tiny\original\en\hunters_space_18_f000010.wav|data\raw\public_v9\echoes_fma_paired\real\fma_114004.mp3,0.6499553918838501,0.6452807188034058,0.6477364301681519
MIX::data\raw\public_v9\mlaad_tiny\original\en\hunters_space_18_f000010.wav|data\raw\public_v9\real_music\jamendo\1381000.low.mp3,0.7298312783241272,0.7322749495506287,0.9294517636299133
MIX::data\raw\public_v9\mlaad_tiny\original\en\hunters_space_18_f000024.wav|data\raw\public_v9\echoes_fma_paired\real\fma_112315.mp3,0.6303702592849731,0.6188588738441467,0.7374591827392578
MIX::data\raw\public_v9\mlaad_tiny\original\en\jane_eyre_05_f000047.wav|data\raw\public_v9\real_music\jamendo\389700.low.mp3,0.5674946308135986,0.5759848952293396,0.7932782173156738
MIX::data\raw\public_v9\mlaad_tiny\original\en\jane_eyre_05_f000054.wav|data\raw\public_v9\echoes_fma_paired\real\fma_22473.mp3,0.652341902256012,0.6499961614608765,0.7512204647064209
MIX::data\raw\public_v9\mlaad_tiny\original\en\jane_eyre_05_f000057.wav|data\raw\public_v9\real_music\guitarset\00_Rock3-148-C_solo_mic.wav,0.7109377980232239,0.7083317041397095,0.9613766074180603
MIX::data\raw\public_v9\mlaad_tiny\original\en\jane_eyre_05_f000097.wav|data\raw\public_v9\real_music\jamendo\1339600.low.mp3,0.7081164717674255,0.7061184644699097,0.8898947238922119
MIX::data\raw\public_v9\mlaad_tiny\original\en\jane_eyre_05_f000137.wav|data\raw\public_v9\real_music\jamendo\490800.low.mp3,0.772939920425415,0.7750658392906189,0.9666332602500916
MIX::data\raw\public_v9\mlaad_tiny\original\en\jane_eyre_05_f000180.wav|data\raw\public_v9\real_music\jamendo\1347100.low.mp3,0.640322208404541,0.6335752010345459,0.7470123767852783
MIX::data\raw\public_v9\mlaad_tiny\original\en\jane_eyre_06_f000021.wav|data\raw\public_v9\real_music\jamendo\1045700.low.mp3,0.6566817760467529,0.6474071741104126,0.9546203017234802
MIX::data\raw\public_v9\mlaad_tiny\original\en\jane_eyre_17_f000177.wav|data\raw\public_v9\real_music\jamendo\1294000.low.mp3,0.6795924305915833,0.6777044534683228,0.844839870929718
MIX::data\raw\public_v9\mlaad_tiny\original\en\jane_eyre_17_f000379.wav|data\raw\public_v9\real_music\guitarset\00_Rock2-142-D_comp_mic.wav,0.6653990149497986,0.6599429845809937,0.6318959593772888
MIX::data\raw\public_v9\mlaad_tiny\original\en\jane_eyre_18_f000063.wav|data\raw\public_v9\real_music\guitarset\00_Rock3-117-Bb_comp_mic.wav,0.7068451642990112,0.7047790288925171,0.9585015177726746
