split,calibration_fold,source,generator,is_mixed,y_file_fake,y_voice_fake,y_music_fake,y_voice_present,y_music_present,df,df_primary,df_second,df_has_second,duration_sec,vf,mf,vfile,mfile,vp_model,mp_model,vp_panns,mp_panns,baseline_vf,baseline_mf,baseline_vfile,baseline_mfile,baseline_vp_model,baseline_mp_model
fusion_calibration,cal_b,wavefake_ajay,WF7,False,1.0,1.0,0.0,1.0,0.0,0.9968982981699537,0.9982430241550168,0.9955535721848905,True,6.4319375,0.7611958384513855,0.8488308191299438,0.7685592174530029,0.8474522829055786,0.9945576190948486,0.25697240233421326,0.5025386214256287,0.5043371915817261,0.649151623249054,0.2564580738544464,0.6559118032455444,0.3148840367794037,0.9897165894508362,0.04230972006917
fusion_calibration,cal_b,split_internal_mix,mix::LibriSpeech::GTZAN_genre_4,True,0.0,0.0,0.0,1.0,1.0,0.2667470711641598,0.25293032284235484,0.28056381948596476,True,33.348375,0.3893548250198364,0.023424722254276276,0.3921581208705902,0.02356814034283161,0.9670242667198181,0.9186927676200867,0.5018997192382812,0.5033650398254395,0.057588428258895874,0.07250116765499115,0.05900353938341141,0.08289683610200882,0.6881382465362549,0.3316057324409485
fusion_calibration,cal_a,split_internal_mix,mix::R::AudioLDM2,True,1.0,0.0,1.0,1.0,1.0,0.5208485570636823,0.5827182244567978,0.4589788896705667,True,7.1576875,0.768788754940033,0.9781876802444458,0.7748167514801025,0.9773406982421875,0.9862566590309143,0.7030009627342224,0.5023105144500732,0.5037565231323242,0.7497532963752747,0.5323925614356995,0.7498571276664734,0.5715103149414062,0.88654625415802,0.1637878566980362
fusion_calibration,cal_c,split_internal_mix,mix::WF2::MusicGen,True,1.0,1.0,1.0,1.0,1.0,0.7917599020939396,0.7917599020939396,,False,7.006125,0.5563545227050781,0.9999605417251587,0.5777063369750977,0.9999510049819946,0.6369823813438416,0.9977703094482422,0.50129634141922,0.5020419359207153,0.7891562581062317,0.999671220779419,0.7891069054603577,0.9996984004974365,0.0349653884768486,0.9752995371818542
fusion_calibration,cal_a,split_internal_mix,mix::WF7::GTZAN_genre_0,True,1.0,1.0,0.0,1.0,1.0,0.3554295617690892,0.5416378985475898,0.16922122499058853,True,36.7204375,0.5275619029998779,0.0019141845405101776,0.5338343381881714,0.0019750059582293034,0.5716705918312073,0.9970554709434509,0.5015107989311218,0.5025574564933777,0.15569818019866943,0.4211733639240265,0.16350017488002777,0.41087520122528076,0.014973619021475315,0.8344216346740723
fusion_calibration,cal_c,split_internal_mix,mix::LibriSpeech::AudioLDM2,True,1.0,0.0,1.0,1.0,1.0,0.44297955340268313,0.03378294491283517,0.8521761618925311,True,7.6894375,0.48789283633232117,0.9992473125457764,0.4924249053001404,0.9991393089294434,0.9880068302154541,0.9798132181167603,0.503125011920929,0.5049301981925964,0.05699421837925911,0.61592698097229,0.056820109486579895,0.6874856352806091,0.8520848155021667,0.07111835479736328
fusion_calibration,cal_a,split_internal_mix,mix::WF7::AudioLDM2,True,1.0,1.0,1.0,1.0,1.0,0.73847843308173,0.941974710193519,0.5349821559699409,True,14.626625,0.6219552755355835,0.9957103729248047,0.637138307094574,0.9953832030296326,0.8140881657600403,0.9331082105636597,0.5022732019424438,0.5040018558502197,0.7998952865600586,0.9290875196456909,0.8007084727287292,0.947181224822998,0.4530337154865265,0.5268933773040771
fusion_calibration,cal_b,split_internal_mix,mix::A01::AudioLDM2,True,1.0,1.0,1.0,1.0,1.0,0.9630207346642217,0.9630207346642217,,False,5.63025,0.606700599193573,0.9999877214431763,0.6264680027961731,0.9999843835830688,0.7572983503341675,0.9993878602981567,0.5021527409553528,0.5028929114341736,0.7028857469558716,0.9995602965354919,0.7109588980674744,0.9995899796485901,0.005793118383735418,0.977841854095459
fusion_calibration,cal_a,fake_music_generated,AudioLDM2,False,1.0,0.0,1.0,0.0,1.0,0.9654992877924538,0.9654992877924538,,False,5.479125,0.5172942280769348,0.9999858140945435,0.5438485145568848,0.9999818801879883,0.7033067941665649,0.9991748929023743,0.501418948173523,0.5018925666809082,0.6985824108123779,0.9996470212936401,0.7111589908599854,0.999677300453186,0.024935802444815636,0.9594405889511108
fusion_calibration,cal_c,split_internal_mix,mix::LibriSpeech::GTZAN_genre_0,True,0.0,0.0,0.0,1.0,1.0,0.20867280331938914,0.28547147123622413,0.1318741354025542,True,34.598375,0.5278018712997437,0.0014071649638935924,0.5332837104797363,0.0014496434014290571,0.5508974194526672,0.9979392886161804,0.5014958381652832,0.502543032169342,0.16633635759353638,0.4452452063560486,0.17433053255081177,0.4334350526332855,0.012326397933065891,0.8471638560295105
fusion_calibration,cal_c,librispeech_dev,LibriSpeech,False,0.0,0.0,0.0,1.0,0.0,0.013206067697805343,0.013206067697805343,,False,5.57,0.20221509039402008,0.5164409279823303,0.20733964443206787,0.5144835114479065,0.9976123571395874,0.29607322812080383,0.5031474232673645,0.5056298971176147,0.0020077768713235855,0.1417090892791748,0.0023324736393988132,0.1931130737066269,0.9992483258247375,0.015827948227524757
fusion_calibration,cal_b,gtzan_real,GTZAN_genre_8,False,0.0,0.0,0.0,0.0,1.0,0.41297649013519316,0.3848363075578788,0.44111667271250754,True,30.0001875,0.547409176826477,0.0005019950913265347,0.5523231029510498,0.0005050795152783394,0.5386261940002441,0.9988293647766113,0.5012627243995667,0.5021695494651794,0.28365859389305115,0.07927562296390533,0.29686543345451355,0.07943490147590637,0.007811295334249735,0.8128227591514587
fusion_calibration,cal_b,librispeech_dev,LibriSpeech,False,0.0,0.0,0.0,1.0,0.0,0.06977469817680197,0.06977469817680197,,False,2.255,0.42281800508499146,0.45150163769721985,0.43426093459129333,0.4521603286266327,0.9890339374542236,0.37656834721565247,0.5035273432731628,0.5061882734298706,0.04156818985939026,0.13537023961544037,0.04309212788939476,0.20794516801834106,0.9982869029045105,0.002468257676810026
fusion_calibration,cal_c,librispeech_dev,LibriSpeech,False,0.0,0.0,0.0,1.0,0.0,0.01349106958556068,0.021789038985137336,0.0051931001859840216,True,11.975,0.2956610321998596,0.5529585480690002,0.3015934228897095,0.5545482635498047,0.996772825717926,0.2735558748245239,0.5033257007598877,0.5054628849029541,0.0038856719620525837,0.1504308134317398,0.004351725801825523,0.20525333285331726,0.999099612236023,0.012237264774739742
fusion_calibration,cal_b,split_internal_mix,mix::LibriSpeech::AudioLDM2,True,1.0,0.0,1.0,1.0,1.0,0.4052689039439081,0.04476918090810569,0.7657686269797105,True,7.7333125,0.49428728222846985,0.9997323155403137,0.4942147731781006,0.9997010827064514,0.929532527923584,0.9968568086624146,0.5035601258277893,0.5052770972251892,0.029996002092957497,0.907425582408905,0.03075009398162365,0.9234862923622131,0.09658494591712952,0.3318450450897217
fusion_calibration,cal_b,librispeech_dev,LibriSpeech,False,0.0,0.0,0.0,1.0,0.0,0.02010247566422692,0.02010247566422692,,False,2.86,0.4086439907550812,0.42107638716697693,0.4188653528690338,0.41891756653785706,0.9839286804199219,0.4075472056865692,0.5028169751167297,0.5054986476898193,0.029350832104682922,0.10221457481384277,0.030875705182552338,0.15608108043670654,0.9984301924705505,0.004698961041867733
fusion_calibration,cal_b,split_internal_mix,mix::WF5::AudioLDM2,True,1.0,1.0,1.0,1.0,1.0,0.9600537734354083,0.9988785089541005,0.9212290379167162,True,9.8935,0.6485697031021118,0.7133665680885315,0.6585626602172852,0.7152678370475769,0.9918220043182373,0.3450472354888916,0.5034710764884949,0.5059667229652405,0.5056787729263306,0.1572953164577484,0.5072631239891052,0.2267344892024994,0.9920696020126343,0.005604580044746399
fusion_calibration,cal_c,split_internal_mix,mix::LibriSpeech::GTZAN_genre_0,True,0.0,0.0,0.0,1.0,1.0,0.03437278189009097,0.06285603228982685,0.005889531490355088,True,37.968375,0.3484949469566345,0.003962523769587278,0.3400624692440033,0.004096164833754301,0.901897132396698,0.9969162940979004,0.5022257566452026,0.5041389465332031,0.008201327174901962,0.3569851517677307,0.009231229312717915,0.38901451230049133,0.1467369645833969,0.34788528084754944
fusion_calibration,cal_b,split_internal_mix,mix::LibriSpeech::GTZAN_genre_1,True,0.0,0.0,0.0,1.0,1.0,0.14791320785938578,0.04092433809360575,0.2549020776251658,True,32.373375,0.410660058259964,0.03740791231393814,0.4077610373497009,0.03685444965958595,0.8869423270225525,0.9663322567939758,0.501290500164032,0.5032234787940979,0.044694166630506516,0.05941474065184593,0.047702185809612274,0.06993691623210907,0.3486809730529785,0.3762930929660797
fusion_calibration,cal_b,split_internal_mix,mix::A01::AudioLDM2,True,1.0,1.0,1.0,1.0,1.0,0.9529896882061004,0.9997236633307011,0.9062557130814998,True,7.9010625,0.4797959327697754,0.8763463497161865,0.4936788082122803,0.8744072914123535,0.9994423985481262,0.16634072363376617,0.5030434727668762,0.5050971508026123,0.020393505692481995,0.11027618497610092,0.021806765347719193,0.1669335663318634,0.9996581077575684,0.0031739315018057823
fusion_calibration,cal_c,wavefake_ajay,WF3,False,1.0,1.0,0.0,1.0,0.0,0.9888015721815994,0.9888015721815994,,False,3.03025,0.7712200284004211,0.7349510788917542,0.7849659323692322,0.7402662038803101,0.9971683621406555,0.15827275812625885,0.5034583210945129,0.505816638469696,0.7303922772407532,0.11861217767000198,0.7344762682914734,0.18166323006153107,0.9992650151252747,0.0025049508549273014
fusion_calibration,cal_a,split_internal_mix,mix::R::MusicGen,True,1.0,0.0,1.0,1.0,1.0,0.7453445827541263,0.9222808235713991,0.5684083419368535,True,12.1996875,0.5121217370033264,0.9999027252197266,0.5264573693275452,0.9998819828033447,0.8022780418395996,0.9960423707962036,0.5011484622955322,0.5025481581687927,0.6970911622047424,0.9990578293800354,0.6923798322677612,0.9992473125457764,0.10401064157485962,0.8450525999069214
fusion_calibration,cal_c,split_internal_mix,mix::WF7::GTZAN_genre_5,True,1.0,1.0,0.0,1.0,1.0,0.9610918535230674,0.97923336077533,0.9429503462708048,True,36.53375,0.4140050709247589,0.3665392994880676,0.42032909393310547,0.36664628982543945,0.9927266240119934,0.7406304478645325,0.5035954117774963,0.5065452456474304,0.30418577790260315,0.1896028369665146,0.3066399395465851,0.2681538760662079,0.9938847422599792,0.006765107158571482
fusion_calibration,cal_b,wavefake_ajay,WF6,False,1.0,1.0,0.0,1.0,0.0,0.9994923379110193,0.9994923379110193,,False,3.1115,0.771093487739563,0.6936160922050476,0.7820731401443481,0.691604733467102,0.9877338409423828,0.22062838077545166,0.5029827356338501,0.5054481029510498,0.8182973265647888,0.15152734518051147,0.8212664723396301,0.21612830460071564,0.9958147406578064,0.006822924129664898
fusion_calibration,cal_b,librispeech_dev,LibriSpeech,False,0.0,0.0,0.0,1.0,0.0,0.014803104345882041,0.014803104345882041,,False,5.08,0.3353613018989563,0.7161788940429688,0.33990731835365295,0.7059974074363708,0.9976896047592163,0.2922837436199188,0.5021128058433533,0.5031246542930603,0.001895613269880414,0.15704050660133362,0.002145215170457959,0.19428350031375885,0.9992517828941345,0.04590437561273575
fusion_calibration,cal_b,gtzan_real,GTZAN_genre_4,False,0.0,0.0,0.0,0.0,1.0,0.6056643200349056,0.5075954316027841,0.703733208467027,True,30.013375,0.5449498891830444,0.003258737036958337,0.5541300773620605,0.0032285191118717194,0.4702482521533966,0.9811659455299377,0.5010997653007507,0.5022373795509338,0.6633384227752686,0.004373426083475351,0.6652984619140625,0.004703084006905556,0.11340827494859695,0.8964810371398926
fusion_calibration,cal_a,split_internal_mix,mix::WF5::GTZAN_genre_6,True,1.0,1.0,0.0,1.0,1.0,0.9966911085550427,0.9973361283315102,0.9960460887785753,True,37.7704375,0.563032865524292,0.42292818427085876,0.5696668028831482,0.4231407940387726,0.9680356383323669,0.7347484230995178,0.502131998538971,0.5033413171768188,0.3645627498626709,0.15985062718391418,0.3692597448825836,0.1985856294631958,0.8102355003356934,0.14446298778057098
fusion_calibration,cal_a,split_internal_mix,mix::WF7::AudioLDM2,True,1.0,1.0,1.0,1.0,1.0,0.986898945675329,0.9777518025720827,0.9960460887785753,True,12.65375,0.7142311334609985,0.82066810131073,0.7231771945953369,0.822216272354126,0.9957252740859985,0.21258288621902466,0.5028600692749023,0.5052322149276733,0.7579562664031982,0.17541095614433289,0.7652721405029297,0.2406207025051117,0.9983960390090942,0.009602567180991173
fusion_calibration,cal_a,split_internal_mix,mix::R::GTZAN_genre_7,True,0.0,0.0,0.0,1.0,1.0,0.787992380424013,0.6771364193963421,0.8988483414516839,True,30.0001875,0.5332452058792114,1.819599128793925e-05,0.530422568321228,1.846737359301187e-05,0.3965413570404053,0.9999022483825684,0.5014638304710388,0.5027742385864258,0.4741358757019043,0.0026200669817626476,0.4880618453025818,0.0028039156459271908,0.011092334054410458,0.9829509854316711
fusion_calibration,cal_a,split_internal_mix,mix::WF3::AudioLDM2,True,1.0,1.0,1.0,1.0,1.0,0.8496806394335188,0.908702599373568,0.7906586794934695,True,11.2504375,0.5661177039146423,0.9999139308929443,0.5751769542694092,0.9998965263366699,0.8174444437026978,0.9969044923782349,0.5018183588981628,0.50269615650177,0.6324575543403625,0.9968151450157166,0.6334083080291748,0.9970430135726929,0.05548214167356491,0.8834688663482666
fusion_calibration,cal_b,split_internal_mix,mix::bonafide::GTZAN_genre_4,True,0.0,0.0,0.0,1.0,1.0,0.5162407106195713,0.42117064831446904,0.6113107729246736,True,32.752625,0.5505822896957397,0.0028061142656952143,0.5588456392288208,0.0027802512049674988,0.4618259370326996,0.9837661385536194,0.5011485815048218,0.5022458434104919,0.6117715835571289,0.006346633192151785,0.6190674304962158,0.006775825750082731,0.10936959832906723,0.8797707557678223
fusion_calibration,cal_c,split_internal_mix,mix::WF5::GTZAN_genre_0,True,1.0,1.0,0.0,1.0,1.0,0.5315766333498726,0.15660950760664516,0.9065437590931001,True,30.013375,0.3345724940299988,0.024396460503339767,0.3278748393058777,0.02459176443517208,0.9341399073600769,0.9729762673377991,0.5020525455474854,0.5034967064857483,0.00920941773802042,0.2890973687171936,0.010136573575437069,0.3112117648124695,0.3448818624019623,0.397517591714859
fusion_calibration,cal_b,gtzan_real,GTZAN_genre_3,False,0.0,0.0,0.0,0.0,1.0,0.48283576422951924,0.6503977203574828,0.31527380810155575,True,30.0001875,0.5449590682983398,4.790536331711337e-05,0.545873761177063,4.765546691487543e-05,0.4182479679584503,0.9996487498283386,0.5012150406837463,0.5023078322410583,0.5685012340545654,0.003818592755123973,0.5808212161064148,0.004042779095470905,0.013991142623126507,0.9625322222709656
fusion_calibration,cal_b,gtzan_real,GTZAN_genre_7,False,0.0,0.0,0.0,0.0,1.0,0.7908456540335816,0.6755292258428828,0.9061620822242805,True,30.0001875,0.5332555770874023,1.7917009245138615e-05,0.5287785530090332,1.83778720383998e-05,0.3901883661746979,0.999908447265625,0.5015563368797302,0.5028859376907349,0.47239428758621216,0.0031691151671111584,0.4856967031955719,0.003363471943885088,0.0096975052729249,0.983521044254303
fusion_calibration,cal_b,split_internal_mix,mix::bonafide::AudioLDM2,True,1.0,0.0,1.0,1.0,1.0,0.464513858577272,0.8487543748802997,0.08027334227424435,True,7.4465,0.6452746987342834,0.9999873638153076,0.645913302898407,0.9999842643737793,0.8593249320983887,0.9995061159133911,0.5032069683074951,0.5046373605728149,0.5855395197868347,0.982772171497345,0.581627607345581,0.9848389625549316,0.008147427812218666,0.8443995714187622
fusion_calibration,cal_a,split_internal_mix,mix::WF7::AudioLDM2,True,1.0,1.0,1.0,1.0,1.0,0.985024542483423,0.9737756217276444,0.9962734632392014,True,10.8609375,0.7445974946022034,0.7980139255523682,0.7544645667076111,0.7978169918060303,0.9960476756095886,0.2361871600151062,0.5031777620315552,0.5056666135787964,0.6815922856330872,0.17864257097244263,0.6890865564346313,0.24827270209789276,0.9979977607727051,0.007782617583870888
fusion_calibration,cal_b,split_internal_mix,mix::LibriSpeech::AudioLDM2,True,1.0,0.0,1.0,1.0,1.0,0.08627350434766085,0.027881714775162457,0.14466529392015923,True,8.82,0.17147260904312134,0.8981213569641113,0.17476250231266022,0.900676965713501,0.9984664916992188,0.7468487024307251,0.5030498504638672,0.5048937797546387,0.00018841844575945288,0.1721515655517578,0.00022556829208042473,0.22138461470603943,0.9994535446166992,0.03659796714782715
fusion_calibration,cal_a,wavefake_ajay,WF7,False,1.0,1.0,0.0,1.0,0.0,0.9641733806856846,0.9787547422261457,0.9495920191452235,True,9.4505625,0.7471039295196533,0.7992594242095947,0.7551770210266113,0.7991535663604736,0.9927566647529602,0.20326223969459534,0.5026984214782715,0.504801869392395,0.7375413179397583,0.16809803247451782,0.7438973188400269,0.22599369287490845,0.9968690276145935,0.01654694229364395
fusion_calibration,cal_b,gtzan_real,GTZAN_genre_2,False,0.0,0.0,0.0,0.0,1.0,0.43163800258359336,0.23067477760420643,0.6326012275629803,True,30.013375,0.5226706266403198,0.00018910630024038255,0.5379431247711182,0.00019441015319898725,0.5321661829948425,0.9992895722389221,0.5013512969017029,0.5022844672203064,0.4436284899711609,0.003110653255134821,0.4536014199256897,0.003400367684662342,0.019459372386336327,0.9579765200614929
fusion_calibration,cal_b,split_internal_mix,mix::WF5::AudioLDM2,True,1.0,1.0,1.0,1.0,1.0,0.9126529176430402,0.8639772452691383,0.9613285900169422,True,11.24325,0.6544543504714966,0.9999068975448608,0.6617053747177124,0.9998890161514282,0.8529573678970337,0.9976317882537842,0.5028445720672607,0.5039460062980652,0.6191184520721436,0.9852408170700073,0.6125082969665527,0.9863138198852539,0.05894734337925911,0.8380416631698608
fusion_calibration,cal_c,split_internal_mix,mix::LibriSpeech::AudioLDM2,True,1.0,0.0,1.0,1.0,1.0,0.4888050466753122,0.02763774109528326,0.9499723522553412,True,8.7350625,0.31867921352386475,0.9089733958244324,0.326704204082489,0.9107898473739624,0.9901483058929443,0.7497910261154175,0.503711462020874,0.5066450834274292,0.0028761602006852627,0.11999358236789703,0.0031061163172125816,0.18117572367191315,0.9924668073654175,0.004073744174093008
fusion_calibration,cal_b,asvspoof2019,A02,False,1.0,1.0,0.0,1.0,0.0,0.9949629748425334,0.9949629748425334,,False,3.146375,0.7162290811538696,0.6577096581459045,0.7301291227340698,0.6606979370117188,0.9947329759597778,0.12971001863479614,0.5031927824020386,0.5065751671791077,0.6175606846809387,0.07614074647426605,0.614854097366333,0.1345260590314865,0.9992111921310425,0.0004914550227113068
fusion_calibration,cal_a,split_internal_mix,mix::WF4::AudioLDM2,True,1.0,1.0,1.0,1.0,1.0,0.999115195557106,0.9990179518201902,0.999212439294022,True,11.6131875,0.7540653944015503,0.8549481630325317,0.7594923377037048,0.854369044303894,0.9923198223114014,0.23908212780952454,0.5025603771209717,0.5044936537742615,0.8423100113868713,0.1777561604976654,0.8457797169685364,0.22935813665390015,0.9933089017868042,0.03442351520061493
fusion_calibration,cal_b,split_internal_mix,mix::LibriSpeech::AudioLDM2,True,1.0,0.0,1.0,1.0,1.0,0.7083177602256974,0.8529724624363152,0.5636630580150797,True,7.551625,0.5280815362930298,0.999943733215332,0.5484864115715027,0.9999312162399292,0.6978347301483154,0.9982609152793884,0.5011556148529053,0.5018632411956787,0.671065092086792,0.9996788501739502,0.6683036088943481,0.9997076392173767,0.017319796606898308,0.9717925786972046
fusion_calibration,cal_c,gtzan_real,GTZAN_genre_2,False,0.0,0.0,0.0,0.0,1.0,0.43163800258359336,0.23067477760420643,0.6326012275629803,True,30.013375,0.5226706266403198,0.00018910630024038255,0.5379431247711182,0.00019441015319898725,0.5321661829948425,0.9992895722389221,0.5013512969017029,0.5022844672203064,0.4436284899711609,0.003110653255134821,0.4536014199256897,0.003400367684662342,0.019459372386336327,0.9579765200614929
fusion_calibration,cal_b,split_internal_mix,mix::LibriSpeech::AudioLDM2,True,1.0,0.0,1.0,1.0,1.0,0.46276989817296743,0.8906390994066934,0.03490069693924151,True,8.7675625,0.6289619207382202,0.9999901056289673,0.6361019015312195,0.9999873042106628,0.7713310122489929,0.9994902610778809,0.5027109384536743,0.5039180517196655,0.5107765197753906,0.9962462186813354,0.5164521932601929,0.9964773654937744,0.01624266430735588,0.9512771368026733
fusion_calibration,cal_c,wavefake_ajay,R,False,0.0,0.0,0.0,1.0,0.0,0.33750220243492846,0.5389871417864651,0.1360172630833918,True,8.5753125,0.7595901489257812,0.8461506366729736,0.7659835815429688,0.8467603325843811,0.9954755306243896,0.19335490465164185,0.5027267932891846,0.504970133304596,0.6929581165313721,0.1692201793193817,0.7017718553543091,0.22989316284656525,0.9983557462692261,0.012753291986882687
fusion_calibration,cal_b,wavefake_ajay,WF7,False,1.0,1.0,0.0,1.0,0.0,0.9837243186642843,0.9980477722682118,0.9694008650603567,True,6.420375,0.7717763185501099,0.8344224095344543,0.7801588177680969,0.8332318067550659,0.9906670451164246,0.22165359556674957,0.5027610659599304,0.5049454569816589,0.7454107403755188,0.14437183737754822,0.7516089081764221,0.19605261087417603,0.9959073066711426,0.01868436485528946
fusion_calibration,cal_c,split_internal_mix,mix::WF7::GTZAN_genre_9,True,1.0,1.0,0.0,1.0,1.0,0.9976808529268046,0.999407180152551,0.9959545257010584,True,38.2735,0.6200418472290039,0.4351833164691925,0.627540647983551,0.4357074499130249,0.9486193060874939,0.7251061797142029,0.5014788508415222,0.502438485622406,0.5259066224098206,0.12105719745159149,0.5291492342948914,0.1583811640739441,0.4008128345012665,0.2816888093948364
fusion_calibration,cal_a,split_internal_mix,mix::R::AudioLDM2,True,1.0,0.0,1.0,1.0,1.0,0.5663710640428836,0.8694081677686566,0.26333396031711065,True,13.263,0.6348633766174316,0.998235821723938,0.6377774477005005,0.9980806708335876,0.8926025032997131,0.9765107035636902,0.503231406211853,0.5054183006286621,0.8062993288040161,0.8871490955352783,0.8040434718132019,0.9195995330810547,0.3500237464904785,0.4662207067012787
fusion_calibration,cal_a,gtzan_real,GTZAN_genre_4,False,0.0,0.0,0.0,0.0,1.0,0.6118995946883619,0.5003512836414761,0.7234479057352476,True,30.013375,0.5449498891830444,0.003258737036958337,0.5541300773620605,0.0032285191118717194,0.4702482521533966,0.9811659455299377,0.5010997653007507,0.5022373795509338,0.6633384227752686,0.004373426083475351,0.6652984619140625,0.004703084006905556,0.11340827494859695,0.8964810371398926
fusion_calibration,cal_c,split_internal_mix,mix::LibriSpeech::GTZAN_genre_2,True,0.0,0.0,0.0,1.0,1.0,0.15916166944893834,0.145513617946479,0.1728097209513977,True,37.868375,0.5231727957725525,0.0014467139262706041,0.5356601476669312,0.0014843748649582267,0.8558712601661682,0.9965284466743469,0.500929594039917,0.501690149307251,0.1699165403842926,0.02569163776934147,0.1713447868824005,0.027332715690135956,0.0786895900964737,0.6775965690612793
fusion_calibration,cal_c,split_internal_mix,mix::WF2::GTZAN_genre_9,True,1.0,1.0,0.0,1.0,1.0,0.6779636810834342,0.5426547203136571,0.8132726418532111,True,35.6458125,0.5171844959259033,0.0006354231154546142,0.5293299555778503,0.0006496916175819933,0.5530852675437927,0.9985145926475525,0.5010243058204651,0.5020802617073059,0.48722732067108154,0.004361225292086601,0.4967056214809418,0.004664398729801178,0.020389985293149948,0.961329996585846
fusion_calibration,cal_c,librispeech_dev,LibriSpeech,False,0.0,0.0,0.0,1.0,0.0,0.01103638505414444,0.014508814957767784,0.007563955150521097,True,13.6,0.24915702641010284,0.5339473485946655,0.25359490513801575,0.5316799879074097,0.9986588954925537,0.23377715051174164,0.5032230615615845,0.5055965185165405,0.0034767109900712967,0.14050903916358948,0.00391304912045598,0.1984533965587616,0.9992809295654297,0.007389577571302652
fusion_calibration,cal_c,split_internal_mix,mix::LibriSpeech::AudioLDM2,True,1.0,0.0,1.0,1.0,1.0,0.010621687842159222,0.016984553466293517,0.004258822218024926,True,18.06075,0.29955148696899414,0.548417866230011,0.3056871294975281,0.5512722730636597,0.9961245059967041,0.2793760299682617,0.5038045644760132,0.50669264793396,0.007376636378467083,0.14819690585136414,0.008097026497125626,0.2191442847251892,0.99937903881073,0.0034454641863703728
fusion_calibration,cal_b,split_internal_mix,mix::WF5::MusicGen,True,1.0,1.0,1.0,1.0,1.0,0.6854257089302825,0.41556215630441523,0.9552892615561499,True,9.9265625,0.6354249715805054,0.9954642057418823,0.6495888829231262,0.9953774809837341,0.8192144632339478,0.9598598480224609,0.5015660524368286,0.5025769472122192,0.8567952513694763,0.9255989789962769,0.854939341545105,0.9251245260238647,0.21026036143302917,0.6126748323440552
fusion_calibration,cal_b,split_internal_mix,mix::WF5::MusicGen,True,1.0,1.0,1.0,1.0,1.0,0.9959026986446426,0.9972748534492635,0.9945305438400219,True,14.3949375,0.6455883979797363,0.7209433913230896,0.6533095240592957,0.720374345779419,0.9941602945327759,0.27045267820358276,0.5033912062644958,0.5056254863739014,0.4491424560546875,0.1799314320087433,0.4554845094680786,0.25028103590011597,0.9957702159881592,0.007513762451708317
fusion_calibration,cal_b,split_internal_mix,mix::bonafide::AudioLDM2,True,1.0,0.0,1.0,1.0,1.0,0.4879536259298511,0.9323957801254686,0.04351147173423348,True,7.448125,0.6139299273490906,0.9999812841415405,0.6310913562774658,0.9999768733978271,0.8152991533279419,0.999297022819519,0.5023376941680908,0.5030612349510193,0.5601367354393005,0.9956356883049011,0.5641205310821533,0.995744526386261,0.00646077748388052,0.9228911399841309
fusion_calibration,cal_c,gtzan_real,GTZAN_genre_0,False,0.0,0.0,0.0,0.0,1.0,0.1343948853545645,0.14202913010547963,0.12676064060364942,True,30.013375,0.5289738178253174,0.0020005120895802975,0.533863365650177,0.00205599470064044,0.5473184585571289,0.9986007809638977,0.5014836192131042,0.5025736689567566,0.12565985321998596,0.5423194766044617,0.13251177966594696,0.5298465490341187,0.0077757202088832855,0.8455700874328613
fusion_calibration,cal_a,split_internal_mix,mix::WF7::AudioLDM2,True,1.0,1.0,1.0,1.0,1.0,0.797014580577323,0.8173874043408619,0.776641756813784,True,11.669375,0.6982661485671997,0.9979835748672485,0.7115249633789062,0.9978104829788208,0.8928846716880798,0.9646515846252441,0.5023029446601868,0.5033544898033142,0.676591157913208,0.9644619226455688,0.6675357222557068,0.9692374467849731,0.23227235674858093,0.6433159112930298
fusion_calibration,cal_a,gtzan_real,GTZAN_genre_2,False,0.0,0.0,0.0,0.0,1.0,0.43109090552285456,0.22331739417382004,0.6388644168718891,True,30.013375,0.5226625204086304,0.00018956640269607306,0.5379391312599182,0.0001948834105860442,0.5322230458259583,0.9992877840995789,0.5013512969017029,0.5022844672203064,0.44352155923843384,0.00311095267534256,0.4534897804260254,0.0034006766509264708,0.0194783303886652,0.9579707980155945
fusion_calibration,cal_c,librispeech_dev,LibriSpeech,False,0.0,0.0,0.0,1.0,0.0,0.052404914762298783,0.052404914762298783,,False,1.505,0.48871731758117676,0.4017711579799652,0.5047817230224609,0.40166184306144714,0.9926849603652954,0.267435759305954,0.5044392943382263,0.5078973770141602,0.353391170501709,0.0995023176074028,0.35127007961273193,0.180214524269104,0.9983112812042236,0.00028877268778160214
fusion_calibration,cal_b,split_internal_mix,mix::WF4::MusicGen,True,1.0,1.0,1.0,1.0,1.0,0.9388932862760723,0.878459779592116,0.9993267929600286,True,10.9964375,0.7361863851547241,0.9814646244049072,0.742408275604248,0.9806572198867798,0.9685340523719788,0.7483552694320679,0.5023868083953857,0.503788948059082,0.8611692190170288,0.7405829429626465,0.859017014503479,0.7735795974731445,0.7178375124931335,0.3200015723705292
fusion_calibration,cal_a,split_internal_mix,mix::R::GTZAN_genre_3,True,0.0,0.0,0.0,1.0,1.0,0.5187241990801746,0.7580557621388336,0.2793926360215156,True,37.7284375,0.5457538366317749,0.00010580189700704068,0.5538264513015747,0.00010523769014980644,0.4868772029876709,0.999357283115387,0.5011469721794128,0.5020882487297058,0.5074734687805176,0.004708057269454002,0.5220507383346558,0.005013863556087017,0.010196876712143421,0.9416770339012146
fusion_calibration,cal_a,split_internal_mix,mix::WF4::GTZAN_genre_6,True,1.0,1.0,0.0,1.0,1.0,0.7244816659667357,0.48501860953082604,0.9639447224026453,True,30.013375,0.5092806816101074,0.0006309001473709941,0.5248664021492004,0.000641913153231144,0.6090697646141052,0.9982398152351379,0.5008387565612793,0.5016847252845764,0.49897798895835876,0.004224842879921198,0.5082508325576782,0.004537687636911869,0.020417004823684692,0.9470918774604797
fusion_calibration,cal_c,split_internal_mix,mix::LibriSpeech::GTZAN_genre_2,True,0.0,0.0,0.0,1.0,1.0,0.3665834021530889,0.1560319654477681,0.5771348388584097,True,37.768375,0.5173392295837402,0.0006501234020106494,0.5325207710266113,0.0006654547178186476,0.7916495203971863,0.9981979727745056,0.5009777545928955,0.5016063451766968,0.24466592073440552,0.014651501551270485,0.24778123199939728,0.015509555116295815,0.047969963401556015,0.8079350590705872
fusion_calibration,cal_c,fake_music_generated,AudioLDM2,False,1.0,0.0,1.0,0.0,1.0,0.9650040277754313,0.9650040277754313,,False,4.36825,0.5189521908760071,0.999984860420227,0.5445706844329834,0.9999804496765137,0.7074633836746216,0.9989548921585083,0.501443088054657,0.5018672347068787,0.7101314067840576,0.9996654987335205,0.7188279032707214,0.9996941089630127,0.037556834518909454,0.9623948335647583
fusion_calibration,cal_a,split_internal_mix,mix::WF7::AudioLDM2,True,1.0,1.0,1.0,1.0,1.0,0.772960035106056,0.9976830944160132,0.5482369757960989,True,12.5859375,0.7672300338745117,0.94761061668396,0.7746216058731079,0.9465569257736206,0.9874272346496582,0.35991328954696655,0.502282977104187,0.504462480545044,0.8153206706047058,0.3186130225658417,0.8177168369293213,0.3861570954322815,0.9912216663360596,0.03019801899790764
fusion_calibration,cal_b,split_internal_mix,mix::LibriSpeech::MusicGen,True,1.0,0.0,1.0,1.0,1.0,0.5785034154187231,0.8536245807653764,0.3033822500720698,True,12.0325,0.6308026313781738,0.9999664425849915,0.6461580991744995,0.9999594688415527,0.8359266519546509,0.9990801811218262,0.5024563670158386,0.5033664703369141,0.8563348054885864,0.9956915378570557,0.8582205772399902,0.9958918690681458,0.011131484992802143,0.9294739365577698
fusion_calibration,cal_c,split_internal_mix,mix::LibriSpeech::AudioLDM2,True,1.0,0.0,1.0,1.0,1.0,0.029079808562093794,0.016852360539240708,0.04130725658494688,True,20.5456875,0.2628665566444397,0.7599272727966309,0.2676369547843933,0.760978102684021,0.9980587363243103,0.35022157430648804,0.5034769177436829,0.5059815645217896,0.0571528859436512,0.19516928493976593,0.058962877839803696,0.2732224464416504,0.9959185719490051,0.006451664492487907
fusion_calibration,cal_b,split_internal_mix,mix::LibriSpeech::GTZAN_genre_4,True,0.0,0.0,0.0,1.0,1.0,0.3183573997984816,0.1714192742873858,0.4652955253095774,True,31.149625,0.5157942771911621,0.05590849369764328,0.5265752673149109,0.05545397102832794,0.8300703167915344,0.8709926605224609,0.5011712908744812,0.5020725131034851,0.47391682863235474,0.0248708538711071,0.46984925866127014,0.02943861298263073,0.28585347533226013,0.5677335858345032
fusion_calibration,cal_b,librispeech_dev,LibriSpeech,False,0.0,0.0,0.0,1.0,0.0,0.014228520765229695,0.014228520765229695,,False,4.36,0.3351162374019623,0.6010531187057495,0.34112879633903503,0.598253071308136,0.9962796568870544,0.46895548701286316,0.5026678442955017,0.503844141960144,0.0024579206947237253,0.1644008904695511,0.00275630597025156,0.22081759572029114,0.9994052648544312,0.018176505342125893
fusion_calibration,cal_b,split_internal_mix,mix::LibriSpeech::GTZAN_genre_3,True,0.0,0.0,0.0,1.0,1.0,0.4945717253275973,0.7235464742400152,0.2655969764151795,True,34.4951875,0.37023890018463135,0.39685672521591187,0.3712042570114136,0.3957456648349762,0.9545888900756836,0.7425786852836609,0.5019719004631042,0.5037444233894348,0.06314907968044281,0.11199378967285156,0.06672289967536926,0.155897319316864,0.3844600021839142,0.40931883454322815
fusion_calibration,cal_a,split_internal_mix,mix::R::GTZAN_genre_7,True,0.0,0.0,0.0,1.0,1.0,0.3484797966599224,0.3321404963566703,0.3648190969631745,True,39.587125,0.5682793855667114,0.40356263518333435,0.5732978582382202,0.40288275480270386,0.9520063400268555,0.7411271929740906,0.5018661022186279,0.5035385489463806,0.34870320558547974,0.11470343172550201,0.3531399071216583,0.14792285859584808,0.5240585207939148,0.269829660654068
fusion_calibration,cal_b,wavefake_ajay,WF2,False,1.0,1.0,0.0,1.0,0.0,0.9966616408207218,0.9982588870501033,0.9950643945913404,True,6.4319375,0.7256439924240112,0.8499522805213928,0.730778157711029,0.8488309383392334,0.9966741800308228,0.24743469059467316,0.5025896430015564,0.5044668912887573,0.619482696056366,0.2471155971288681,0.6272209882736206,0.3107401132583618,0.9899319410324097,0.03087017498910427
fusion_calibration,cal_b,split_internal_mix,mix::bonafide::AudioLDM2,True,1.0,0.0,1.0,1.0,1.0,0.3874594518879037,0.3874594518879037,,False,5.104125,0.6332423686981201,0.9999667406082153,0.6331637501716614,0.9999585151672363,0.911319375038147,0.9985263347625732,0.5027058720588684,0.5039596557617188,0.11642570793628693,0.9831432700157166,0.11673511564731598,0.9842590093612671,0.03526309132575989,0.8178414702415466
fusion_calibration,cal_b,asvspoof2019,bonafide,False,0.0,0.0,0.0,1.0,0.0,0.027765000284510552,0.027765000284510552,,False,2.63925,0.4640365540981293,0.5720295906066895,0.47636279463768005,0.5711989998817444,0.9939590692520142,0.14761090278625488,0.5033908486366272,0.5068989992141724,0.1954670548439026,0.06325885653495789,0.1964007467031479,0.11624076962471008,0.9985654950141907,0.00041070484439842403
fusion_calibration,cal_a,gtzan_real,GTZAN_genre_0,False,0.0,0.0,0.0,0.0,1.0,0.12807511110601366,0.1342177288966233,0.12193249331540404,True,30.013375,0.5291163921356201,0.0017563662258908153,0.5338443517684937,0.0018063236493617296,0.546424150466919,0.998741865158081,0.5014836192131042,0.5025736689567566,0.1294846534729004,0.5421072244644165,0.13654440641403198,0.5296313762664795,0.00742980046197772,0.8456940650939941
fusion_calibration,cal_a,split_internal_mix,mix::R::AudioLDM2,True,1.0,0.0,1.0,1.0,1.0,0.23729300504207196,0.0937798508972472,0.3808061591868967,True,13.1245625,0.6478016376495361,0.8399115204811096,0.65367192029953,0.8379184007644653,0.9945088624954224,0.358183890581131,0.5034070014953613,0.5061005353927612,0.2626834511756897,0.19388118386268616,0.26927241683006287,0.26861777901649475,0.9939348101615906,0.008448448963463306
fusion_calibration,cal_b,librispeech_dev,LibriSpeech,False,0.0,0.0,0.0,1.0,0.0,0.040293684662205675,0.040293684662205675,,False,3.37,0.3547437787055969,0.30079346895217896,0.3625973165035248,0.2992875576019287,0.9945772886276245,0.5293619632720947,0.5028609037399292,0.5056515336036682,0.00915787648409605,0.13310852646827698,0.009861228987574577,0.20250962674617767,0.998713493347168,0.0030880607664585114
fusion_calibration,cal_c,librispeech_dev,LibriSpeech,False,0.0,0.0,0.0,1.0,0.0,0.01635820258896866,0.01635820258896866,,False,2.3,0.34835347533226013,0.48629578948020935,0.3568803369998932,0.4889276623725891,0.9968696236610413,0.22200091183185577,0.5043413043022156,0.5075297355651855,0.0364236943423748,0.10268786549568176,0.03848782926797867,0.17686770856380463,0.9990849494934082,0.0005988845368847251
fusion_calibration,cal_a,split_internal_mix,mix::R::GTZAN_genre_4,True,0.0,0.0,0.0,1.0,1.0,0.45974943486632414,0.5213210181344262,0.39817785159822205,True,31.489625,0.5890684127807617,0.19964328408241272,0.5950554609298706,0.19356384873390198,0.8597508072853088,0.7421541213989258,0.501173198223114,0.5019354820251465,0.5423959493637085,0.023677293211221695,0.541860818862915,0.026365287601947784,0.39715561270713806,0.5903026461601257
fusion_calibration,cal_c,split_internal_mix,mix::WF7::AudioLDM2,True,1.0,1.0,1.0,1.0,1.0,0.7939000634079585,0.9969582760881794,0.5908418507277376,True,8.701125,0.7024824619293213,0.8965480327606201,0.712710440158844,0.8945620656013489,0.9871892929077148,0.5763294100761414,0.503698468208313,0.5069534778594971,0.7710880041122437,0.1584450900554657,0.7700462341308594,0.23821306228637695,0.966658353805542,0.0028994427993893623
fusion_calibration,cal_c,librispeech_dev,LibriSpeech,False,0.0,0.0,0.0,1.0,0.0,0.0099653786079337,0.008382692529207364,0.011548064686660036,True,10.465,0.22779373824596405,0.8858209848403931,0.23136970400810242,0.884333610534668,0.9983381032943726,0.38155514001846313,0.5027326345443726,0.5046932697296143,0.03761220723390579,0.3336985111236572,0.0383794903755188,0.41304710507392883,0.9945492744445801,0.03190433233976364
fusion_calibration,cal_b,split_internal_mix,mix::A02::AudioLDM2,True,1.0,1.0,1.0,1.0,1.0,0.8805484571253313,0.8883967197256856,0.8727001945249768,True,8.8060625,0.6058955788612366,0.9999567866325378,0.6199435591697693,0.9999465942382812,0.83461594581604,0.9986120462417603,0.5019865036010742,0.502668023109436,0.568414568901062,0.9985553026199341,0.5766571164131165,0.9986234903335571,0.004071997012943029,0.9519168138504028
fusion_calibration,cal_a,split_internal_mix,mix::R::GTZAN_genre_7,True,0.0,0.0,0.0,1.0,1.0,0.337510608781144,0.4542100755448741,0.2208111420174139,True,38.087125,0.6037711501121521,0.45091140270233154,0.6103488802909851,0.4495565891265869,0.9141613841056824,0.7533932328224182,0.501548707485199,0.5029857158660889,0.38852810859680176,0.11549971252679825,0.39323264360427856,0.14626933634281158,0.37730565667152405,0.4116164743900299
fusion_calibration,cal_b,librispeech_dev,LibriSpeech,False,0.0,0.0,0.0,1.0,0.0,0.03137275233214134,0.03137275233214134,,False,3.08,0.48607969284057617,0.6010136604309082,0.4997043013572693,0.5986440181732178,0.9945935606956482,0.3100990056991577,0.5030390024185181,0.505821168422699,0.013334416784346104,0.14347879588603973,0.014221416786313057,0.2196209877729416,0.9992734789848328,0.002569998847320676
fusion_calibration,cal_a,split_internal_mix,mix::WF7::GTZAN_genre_6,True,1.0,1.0,0.0,1.0,1.0,0.3379360850153873,0.5273693738718396,0.14850279615893508,True,37.4205625,0.5320538282394409,0.0001709990610834211,0.5282607078552246,0.0001744454202707857,0.40494275093078613,0.9993565082550049,0.5012597441673279,0.5025684833526611,0.5498389005661011,0.0007047475664876401,0.5628066062927246,0.0007937226328067482,0.010898259468376637,0.9910905361175537
fusion_calibration,cal_c,fake_music_generated,MusicGen,False,1.0,0.0,1.0,0.0,1.0,0.9034183255166975,0.9034183255166975,,False,5.556,0.5257936716079712,0.999983549118042,0.5444936752319336,0.9999788999557495,0.7360952496528625,0.9989827275276184,0.5012478828430176,0.5021523237228394,0.6093065738677979,0.9997833371162415,0.6130521893501282,0.999800980091095,0.009047714993357658,0.9791725873947144
fusion_calibration,cal_c,split_internal_mix,mix::LibriSpeech::AudioLDM2,True,1.0,0.0,1.0,1.0,1.0,0.46027259650090757,0.03482244344377173,0.8857227495580434,True,9.0258125,0.41577842831611633,0.9712229371070862,0.42374974489212036,0.9700521230697632,0.9941838979721069,0.7920358777046204,0.5041683912277222,0.5071794390678406,0.23331473767757416,0.19613105058670044,0.23131705820560455,0.28718987107276917,0.9528993368148804,0.002836689818650484
fusion_calibration,cal_a,split_internal_mix,mix::R::GTZAN_genre_5,True,0.0,0.0,0.0,1.0,1.0,0.41779351213813604,0.7785433470409173,0.057043677235354744,True,34.442125,0.448102742433548,0.3916294574737549,0.45238566398620605,0.3917537033557892,0.9947630763053894,0.7250101566314697,0.503568708896637,0.5062840580940247,0.3769516348838806,0.20196574926376343,0.3801998794078827,0.2771328091621399,0.9855551719665527,0.008542339317500591
fusion_calibration,cal_a,fake_music_generated,MusicGen,False,1.0,0.0,1.0,0.0,1.0,0.9210953524547574,0.9210953524547574,,False,4.3830625,0.5454152226448059,0.9999765157699585,0.567202627658844,0.9999709129333496,0.6616582870483398,0.9990713596343994,0.5013243556022644,0.5019596815109253,0.7057021260261536,0.999785840511322,0.7169944643974304,0.9998067021369934,0.004661431070417166,0.9795743227005005
fusion_calibration,cal_a,split_internal_mix,mix::WF3::GTZAN_genre_9,True,1.0,1.0,0.0,1.0,1.0,0.9569506107324826,0.9987765896852074,0.9151246317797578,True,36.532,0.6377526521682739,0.4070260524749756,0.6463265419006348,0.4059613347053528,0.9329026341438293,0.7543742656707764,0.501371443271637,0.5025478005409241,0.5297003984451294,0.12050807476043701,0.531957745552063,0.15639519691467285,0.37467172741889954,0.3418126106262207
fusion_calibration,cal_a,split_internal_mix,mix::R::GTZAN_genre_5,True,0.0,0.0,0.0,1.0,1.0,0.651896907761794,0.7324294333877533,0.5713643821358345,True,39.1003125,0.524260938167572,0.0021017291583120823,0.5216403007507324,0.0021149246022105217,0.6524797081947327,0.9950981140136719,0.5015473365783691,0.5024935603141785,0.22998754680156708,0.19987690448760986,0.24084126949310303,0.2051231861114502,0.009186306037008762,0.788364589214325
fusion_calibration,cal_a,gtzan_real,GTZAN_genre_6,False,0.0,0.0,0.0,0.0,1.0,0.25173228787102786,0.28410342256480337,0.2193611531772524,True,30.013375,0.534272313117981,0.0001420255721313879,0.5302670001983643,0.00014462863327935338,0.37598881125450134,0.9995415806770325,0.5013892650604248,0.5028140544891357,0.5573389530181885,0.0007291585206985474,0.5709401369094849,0.0007959482609294355,0.006944695487618446,0.9928228259086609
fusion_calibration,cal_b,asvspoof2019,bonafide,False,0.0,0.0,0.0,1.0,0.0,0.03237013122372244,0.03237013122372244,,False,2.856125,0.55283123254776,0.5945826172828674,0.5683737397193909,0.5943140983581543,0.9958829879760742,0.13144560158252716,0.5039037466049194,0.5072916150093079,0.15058712661266327,0.0729653537273407,0.15271306037902832,0.13480491936206818,0.9994024038314819,0.0003193643060512841
fusion_calibration,cal_a,split_internal_mix,mix::WF4::AudioLDM2,True,1.0,1.0,1.0,1.0,1.0,0.9991467307472155,0.9996479708166632,0.9986454906777679,True,13.9345,0.7427321672439575,0.8095718622207642,0.7498595714569092,0.8084420561790466,0.994767427444458,0.22891026735305786,0.5029082298278809,0.5049425363540649,0.7882243990898132,0.17966246604919434,0.7934987545013428,0.2398274540901184,0.9964881539344788,0.017247334122657776
fusion_calibration,cal_a,split_internal_mix,mix::WF7::GTZAN_genre_2,True,1.0,1.0,0.0,1.0,1.0,0.5655194784032953,0.2853215501847419,0.8457174066218486,True,32.38475,0.5316765308380127,7.308890053536743e-05,0.5405381917953491,7.514344906667247e-05,0.47480472922325134,0.9997326731681824,0.5014054179191589,0.502358615398407,0.4808874726295471,0.003287348197773099,0.4929717183113098,0.0035668511409312487,0.012212616391479969,0.964007556438446
fusion_calibration,cal_b,split_internal_mix,mix::A02::AudioLDM2,True,1.0,1.0,1.0,1.0,1.0,0.7357322251236067,0.7357322251236067,,False,5.8046875,0.5892444849014282,0.9999604225158691,0.6118999123573303,0.9999514818191528,0.657036542892456,0.998195230960846,0.5018948912620544,0.5024421215057373,0.4778344929218292,0.997454822063446,0.4826141595840454,0.9974756836891174,0.011266748420894146,0.9353723526000977
fusion_calibration,cal_c,split_internal_mix,mix::WF6::GTZAN_genre_1,True,1.0,1.0,0.0,1.0,1.0,0.16146098116055266,0.1485440206825075,0.17437794163859782,True,34.508,0.6437935829162598,0.3784916400909424,0.6479648947715759,0.3775125741958618,0.7797961235046387,0.7435216307640076,0.5016379356384277,0.5034382939338684,0.4900539517402649,0.10956791043281555,0.49414053559303284,0.14287841320037842,0.3362760543823242,0.5446422696113586
fusion_calibration,cal_c,split_internal_mix,mix::WF7::AudioLDM2,True,1.0,1.0,1.0,1.0,1.0,0.7822892186192064,0.7822892186192064,,False,6.378875,0.6594304442405701,0.9998959302902222,0.6663503050804138,0.9998782873153687,0.8310954570770264,0.9976557493209839,0.5028804540634155,0.5043008923530579,0.6832786798477173,0.9755147099494934,0.6763462424278259,0.9773169159889221,0.016902802512049675,0.8290821313858032
fusion_calibration,cal_a,split_internal_mix,mix::WF5::GTZAN_genre_8,True,1.0,1.0,0.0,1.0,1.0,0.31894881888600124,0.30163992861082867,0.3362577091611738,True,39.55075,0.4746355414390564,0.001337551511824131,0.4674278497695923,0.0013462373754009604,0.8333595395088196,0.9961776733398438,0.5016691088676453,0.5030806064605713,0.0782013088464737,0.05791278928518295,0.0831412523984909,0.06384509056806564,0.0461249053478241,0.5703238844871521
fusion_calibration,cal_a,wavefake_ajay,WF3,False,1.0,1.0,0.0,1.0,0.0,0.9958337777734123,0.9974998015133586,0.9941677540334659,True,8.347625,0.7887669801712036,0.8791519403457642,0.7965549230575562,0.8811802864074707,0.997387707233429,0.1722627580165863,0.5022305846214294,0.5039362907409668,0.7799973487854004,0.18722254037857056,0.7881041765213013,0.24272215366363525,0.9984580874443054,0.022304285317659378
fusion_calibration,cal_b,split_internal_mix,mix::LibriSpeech::MusicGen,True,1.0,0.0,1.0,1.0,1.0,0.027862008786995476,0.020721104125502463,0.035002913448488486,True,12.9148125,0.27763473987579346,0.899488091468811,0.2846370339393616,0.8969593048095703,0.998251736164093,0.30031460523605347,0.5027883052825928,0.5042861700057983,0.006227552890777588,0.16516993939876556,0.006733986549079418,0.22494550049304962,0.999442458152771,0.013220738619565964
fusion_calibration,cal_c,split_internal_mix,mix::LibriSpeech::AudioLDM2,True,1.0,0.0,1.0,1.0,1.0,0.0973099166004754,0.0973099166004754,,False,4.9144375,0.37465232610702515,0.9980353713035583,0.37431055307388306,0.9979384541511536,0.9847545623779297,0.9842770099639893,0.503363311290741,0.5058497190475464,0.012636147439479828,0.27600646018981934,0.013434364460408688,0.35671645402908325,0.7063555717468262,0.03010958433151245
fusion_calibration,cal_b,asvspoof2019,bonafide,False,0.0,0.0,0.0,1.0,0.0,0.1306165012698427,0.1306165012698427,,False,2.253875,0.5431179404258728,0.4764243960380554,0.5601946115493774,0.4795863628387451,0.993309736251831,0.1800324022769928,0.5042441487312317,0.507713794708252,0.20936810970306396,0.08598353713750839,0.21144771575927734,0.15960343182086945,0.9994370341300964,0.000232018661336042
fusion_calibration,cal_c,gtzan_real,GTZAN_genre_0,False,0.0,0.0,0.0,0.0,1.0,0.13337473700027913,0.13851817733831814,0.1282312966622401,True,30.013375,0.5289738178253174,0.0020005120895802975,0.533863365650177,0.00205599470064044,0.5473184585571289,0.9986007809638977,0.5014836192131042,0.5025736689567566,0.12565985321998596,0.5423194766044617,0.13251177966594696,0.5298465490341187,0.0077757202088832855,0.8455700874328613
fusion_calibration,cal_a,gtzan_real,GTZAN_genre_7,False,0.0,0.0,0.0,0.0,1.0,0.7879659848372713,0.670001664654091,0.9059303050204517,True,30.0001875,0.5332555770874023,1.7917009245138615e-05,0.5287785530090332,1.83778720383998e-05,0.3901883661746979,0.999908447265625,0.5015563368797302,0.5028859376907349,0.47239428758621216,0.0031691151671111584,0.4856967031955719,0.003363471943885088,0.0096975052729249,0.983521044254303
fusion_calibration,cal_a,split_internal_mix,mix::WF5::MusicGen,True,1.0,1.0,1.0,1.0,1.0,0.869279515321963,0.9622909928733608,0.7762680377705652,True,10.7280625,0.7124110460281372,0.7789042592048645,0.7231003642082214,0.7774364948272705,0.9954383969306946,0.2803715467453003,0.5034388303756714,0.5059399604797363,0.5887169241905212,0.18515309691429138,0.595959484577179,0.25861889123916626,0.9971528053283691,0.006738180294632912
fusion_calibration,cal_b,split_internal_mix,mix::bonafide::GTZAN_genre_7,True,0.0,0.0,0.0,1.0,1.0,0.26016972745799233,0.12975884401225823,0.3905806109037264,True,33.47025,0.48558539152145386,0.2063506692647934,0.49656909704208374,0.20606490969657898,0.9583856463432312,0.7264201045036316,0.5022584795951843,0.5040901303291321,0.04523420333862305,0.0799485445022583,0.04735139384865761,0.11499181389808655,0.6854059100151062,0.24913591146469116
fusion_calibration,cal_a,wavefake_ajay,R,False,0.0,0.0,0.0,1.0,0.0,0.8500475096442536,0.8500475096442536,,False,5.905,0.7519607543945312,0.8132781386375427,0.7585803270339966,0.8141067624092102,0.9960009455680847,0.17925840616226196,0.5027723908424377,0.5047373175621033,0.8161566257476807,0.17504379153251648,0.8215820789337158,0.23683546483516693,0.9973191618919373,0.014146434143185616
fusion_calibration,cal_a,gtzan_real,GTZAN_genre_4,False,0.0,0.0,0.0,0.0,1.0,0.6012710809422697,0.5016443781874091,0.7008977836971302,True,30.013375,0.5449498891830444,0.003258737036958337,0.5541300773620605,0.0032285191118717194,0.4702482521533966,0.9811659455299377,0.5010997653007507,0.5022373795509338,0.6633384227752686,0.004373426083475351,0.6652984619140625,0.004703084006905556,0.11340827494859695,0.8964810371398926
fusion_calibration,cal_c,wavefake_ajay,WF7,False,1.0,1.0,0.0,1.0,0.0,0.9607542452588579,0.989169660397737,0.9323388301199788,True,6.420375,0.7003217935562134,0.7764360904693604,0.7075951099395752,0.7749218940734863,0.9868872761726379,0.2264043539762497,0.5024860501289368,0.5048916339874268,0.7849947810173035,0.14182142913341522,0.7898127436637878,0.1901322603225708,0.9946953654289246,0.02442506141960621
fusion_calibration,cal_b,wavefake_ajay,WF3,False,1.0,1.0,0.0,1.0,0.0,0.9545973285665668,0.9144840345338768,0.9947106225992567,True,9.5318125,0.7077088356018066,0.8115490078926086,0.7139769792556763,0.8115824460983276,0.9892798662185669,0.2345188856124878,0.5027062892913818,0.5049296617507935,0.639173150062561,0.20972055196762085,0.6480305194854736,0.26859739422798157,0.9970657825469971,0.026156440377235413
fusion_calibration,cal_c,split_internal_mix,mix::WF7::AudioLDM2,True,1.0,1.0,1.0,1.0,1.0,0.8336855346054493,0.8336855346054493,,False,5.8508125,0.692272424697876,0.9997970461845398,0.7024909257888794,0.9997668862342834,0.8542927503585815,0.996298611164093,0.5026128888130188,0.5041400194168091,0.7283037304878235,0.9642567038536072,0.7209951281547546,0.9648649096488953,0.025618258863687515,0.8153054714202881
fusion_calibration,cal_b,asvspoof2019,A01,False,1.0,1.0,0.0,1.0,0.0,0.9996680832618625,0.9996680832618625,,False,3.832125,0.5470737814903259,0.7433422803878784,0.5630283355712891,0.742203414440155,0.9993589520454407,0.08542462438344955,0.5028032660484314,0.5047976970672607,0.07050064206123352,0.09014781564474106,0.07458672672510147,0.1376620978116989,0.9998370409011841,0.0028368711937218904
fusion_calibration,cal_c,split_internal_mix,mix::WF5::GTZAN_genre_0,True,1.0,1.0,0.0,1.0,1.0,0.1412973451785398,0.15490619211437948,0.12768849824270015,True,40.3238125,0.5380828380584717,0.010333864949643612,0.5414894223213196,0.010619094595313072,0.6403441429138184,0.9945051074028015,0.501631498336792,0.5030138492584229,0.16589364409446716,0.47538840770721436,0.17117170989513397,0.48544639348983765,0.0180335845798254,0.6914874911308289
fusion_calibration,cal_c,split_internal_mix,mix::LibriSpeech::GTZAN_genre_0,True,0.0,0.0,0.0,1.0,1.0,0.10043420411001425,0.11840017097722244,0.08246823724280604,True,30.013375,0.4902709722518921,0.003698561806231737,0.488605260848999,0.003788040019571781,0.6716545224189758,0.9975246787071228,0.5016425848007202,0.5029796957969666,0.03828071802854538,0.45423197746276855,0.04245705157518387,0.45247483253479004,0.02254631370306015,0.7429825663566589
fusion_calibration,cal_a,split_internal_mix,mix::R::GTZAN_genre_2,True,0.0,0.0,0.0,1.0,1.0,0.40962253361981793,0.17906004104088874,0.6401850261987471,True,30.013375,0.5289613008499146,0.0001228618057211861,0.5374408960342407,0.00012614992738235742,0.47018948197364807,0.9995011687278748,0.5014970302581787,0.5025544166564941,0.4721808433532715,0.0021275514736771584,0.4835340976715088,0.0023428774438798428,0.016155630350112915,0.9723313450813293
fusion_calibration,cal_a,fake_music_generated,AudioLDM2,False,1.0,0.0,1.0,0.0,1.0,0.9092431581583658,0.9092431581583658,,False,4.7318125,0.5238350033760071,0.9999878406524658,0.5458430051803589,0.9999845027923584,0.6941167116165161,0.9991461038589478,0.501255989074707,0.5019717216491699,0.6305738687515259,0.9995443224906921,0.6400750279426575,0.9995781779289246,0.009855094365775585,0.9664766788482666
fusion_calibration,cal_c,wavefake_ajay,WF2,False,1.0,1.0,0.0,1.0,0.0,0.9985876744703989,0.9985876744703989,,False,4.6324375,0.7688918709754944,0.8678100109100342,0.7766318321228027,0.8663032054901123,0.9906100630760193,0.22733809053897858,0.502537190914154,0.5045418739318848,0.7996998429298401,0.20252466201782227,0.8023826479911804,0.2598843276500702,0.9928213953971863,0.02921575866639614
fusion_calibration,cal_c,librispeech_dev,LibriSpeech,False,0.0,0.0,0.0,1.0,0.0,0.01697218402782997,0.01697218402782997,,False,4.835,0.5238321423530579,0.9279115200042725,0.5267156362533569,0.9262139797210693,0.990746259689331,0.4724659323692322,0.5025029182434082,0.5039520263671875,0.1433653086423874,0.30672353506088257,0.1445389688014984,0.37008655071258545,0.9844425320625305,0.043492596596479416
fusion_calibration,cal_c,split_internal_mix,mix::LibriSpeech::GTZAN_genre_5,True,0.0,0.0,0.0,1.0,1.0,0.6009378706226255,0.7530168338902802,0.44885890735497086,True,32.731375,0.49633854627609253,0.000507766380906105,0.4910273849964142,0.000511361111421138,0.7124590873718262,0.9986658096313477,0.5016384720802307,0.5027634501457214,0.11462276428937912,0.28908348083496094,0.12406754493713379,0.28587326407432556,0.011570066213607788,0.7942842841148376
fusion_calibration,cal_b,fake_music_generated,AudioLDM2,False,1.0,0.0,1.0,0.0,1.0,0.8931986028936325,0.8931986028936325,,False,4.486625,0.5238916277885437,0.9999855756759644,0.5451100468635559,0.9999814033508301,0.740990400314331,0.9990925788879395,0.5011516809463501,0.5019845962524414,0.6813424229621887,0.9998021721839905,0.6840054392814636,0.9998204112052917,0.013276485726237297,0.9784874320030212
fusion_calibration,cal_a,gtzan_real,GTZAN_genre_8,False,0.0,0.0,0.0,0.0,1.0,0.3926105294854523,0.37074843869218066,0.4144726202787239,True,30.0001875,0.5473505854606628,0.0005013752379454672,0.5522403120994568,0.0005044546560384333,0.5387875437736511,0.9988303184509277,0.5012630820274353,0.5021702647209167,0.2837039828300476,0.07927772402763367,0.29691171646118164,0.07943859696388245,0.007804593537002802,0.812777578830719
fusion_calibration,cal_a,split_internal_mix,mix::WF7::GTZAN_genre_9,True,1.0,1.0,0.0,1.0,1.0,0.586080413400267,0.577474830957349,0.5946859958431849,True,30.013375,0.5219132900238037,0.0004671074857469648,0.5282224416732788,0.0004782933392561972,0.48137974739074707,0.9987602233886719,0.5011457800865173,0.5022597908973694,0.5148706436157227,0.002093232236802578,0.5253063440322876,0.002282842295244336,0.018883714452385902,0.978949248790741
fusion_calibration,cal_c,split_internal_mix,mix::LibriSpeech::AudioLDM2,True,1.0,0.0,1.0,1.0,1.0,0.47784567543576756,0.9231171810310727,0.032574169840462415,True,9.2415,0.6152844429016113,0.9999130964279175,0.6364846229553223,0.9998936057090759,0.755886435508728,0.9973444938659668,0.5020681619644165,0.5032385587692261,0.9057126045227051,0.9948009252548218,0.9071813821792603,0.9948849678039551,0.07163219898939133,0.8933284282684326
fusion_calibration,cal_c,wavefake_ajay,WF7,False,1.0,1.0,0.0,1.0,0.0,0.9975828110300925,0.9993619567839686,0.9958036652762164,True,8.510125,0.7207187414169312,0.854434609413147,0.729250431060791,0.8551473617553711,0.9962897300720215,0.19911566376686096,0.5028542280197144,0.5048370361328125,0.7584667205810547,0.17953388392925262,0.7643735408782959,0.24203205108642578,0.9969910383224487,0.014082176610827446
fusion_calibration,cal_b,split_internal_mix,mix::WF1::GTZAN_genre_7,True,1.0,1.0,0.0,1.0,1.0,0.7463596732814497,0.9956519396887823,0.497067406874117,True,32.787375,0.5226548314094543,0.11827845871448517,0.5275071263313293,0.1191415786743164,0.9604023098945618,0.8431682586669922,0.5020807385444641,0.5037660002708435,0.14550764858722687,0.11181791871786118,0.14685630798339844,0.14074189960956573,0.7400191426277161,0.2167069911956787
fusion_calibration,cal_b,gtzan_real,GTZAN_genre_6,False,0.0,0.0,0.0,0.0,1.0,0.24406852438010285,0.260152086523891,0.2279849622363147,True,30.013375,0.534272313117981,0.0001426499948138371,0.5302671194076538,0.00014525749429594725,0.3760118782520294,0.9995400309562683,0.5013892650604248,0.5028140544891357,0.557144045829773,0.0007291586371138692,0.5707394480705261,0.0007959484355524182,0.006953102070838213,0.9928213953971863
fusion_calibration,cal_a,split_internal_mix,mix::R::AudioLDM2,True,1.0,0.0,1.0,1.0,1.0,0.47695017345773283,0.8799468837616113,0.07395346315385432,True,10.5868125,0.7152417898178101,0.8089390993118286,0.7223618030548096,0.8099942207336426,0.9953873157501221,0.187281534075737,0.5027555227279663,0.5049216747283936,0.80830979347229,0.18549573421478271,0.8139715790748596,0.24816849827766418,0.9974532127380371,0.014725662767887115
fusion_calibration,cal_c,wavefake_ajay,R,False,0.0,0.0,0.0,1.0,0.0,0.5068207924416247,0.7960037022893978,0.21763788259385172,True,9.9685,0.7479597926139832,0.8097684383392334,0.7553726434707642,0.808272659778595,0.9945576190948486,0.23204033076763153,0.5030337572097778,0.5051819086074829,0.7169069051742554,0.18273621797561646,0.7230528593063354,0.24604761600494385,0.996332049369812,0.013280222192406654
fusion_calibration,cal_c,fake_music_generated,AudioLDM2,False,1.0,0.0,1.0,0.0,1.0,0.9359959264827555,0.9359959264827555,,False,4.42275,0.5349876284599304,0.9999892711639404,0.5584431290626526,0.9999862909317017,0.6668087244033813,0.9992414712905884,0.5013338923454285,0.5021077990531921,0.6160279512405396,0.9996672868728638,0.6288214325904846,0.9996944665908813,0.006960442755371332,0.9728252291679382
fusion_calibration,cal_c,librispeech_dev,LibriSpeech,False,0.0,0.0,0.0,1.0,0.0,0.016783343080518705,0.018243746122619094,0.015322940038418316,True,15.15,0.3008307218551636,0.6904035806655884,0.3051404654979706,0.6911662817001343,0.9959170818328857,0.21103435754776,0.502816379070282,0.5052268505096436,0.0037956838496029377,0.1287895143032074,0.0042318906635046005,0.1778739094734192,0.9993889927864075,0.012585312128067017
fusion_calibration,cal_a,fake_music_generated,AudioLDM2,False,1.0,0.0,1.0,0.0,1.0,0.9674497628121123,0.9674497628121123,,False,5.07875,0.5370135307312012,0.999968409538269,0.5598059296607971,0.9999605417251587,0.7066885232925415,0.9987119436264038,0.5013576149940491,0.502301037311554,0.6995734572410583,0.9997950196266174,0.709936797618866,0.9998130202293396,0.007031218148767948,0.9800353646278381
fusion_calibration,cal_a,fake_music_generated,AudioLDM2,False,1.0,0.0,1.0,0.0,1.0,0.9741492105841827,0.9741492105841827,,False,4.2426875,0.5086144208908081,0.9999822378158569,0.5319646000862122,0.9999769926071167,0.7428781390190125,0.9987202882766724,0.5012725591659546,0.5017134547233582,0.7080413699150085,0.9994754195213318,0.7133287787437439,0.9995146989822388,0.04557105153799057,0.95125812292099
fusion_calibration,cal_a,split_internal_mix,mix::R::AudioLDM2,True,1.0,0.0,1.0,1.0,1.0,0.546806473250524,0.8416297432288682,0.25198320327217977,True,12.153625,0.6242309808731079,0.9985753297805786,0.6321274638175964,0.9984792470932007,0.8689523935317993,0.9809646606445312,0.5023107528686523,0.5035703182220459,0.785449743270874,0.9617911577224731,0.784237265586853,0.9671909809112549,0.2587469220161438,0.6477287411689758
fusion_calibration,cal_b,gtzan_real,GTZAN_genre_4,False,0.0,0.0,0.0,0.0,1.0,0.6148583607828204,0.5044467953101497,0.7252699262554911,True,30.013375,0.5449563264846802,0.0032796275336295366,0.5541450381278992,0.0032489572186022997,0.4703482389450073,0.981076717376709,0.5010997653007507,0.5022373795509338,0.6630064249038696,0.004374681506305933,0.664954423904419,0.0047044469974935055,0.11359194666147232,0.8964307904243469
fusion_calibration,cal_c,split_internal_mix,mix::R::GTZAN_genre_0,True,0.0,0.0,0.0,1.0,1.0,0.2694043823693919,0.3889267133888166,0.14988205134996715,True,39.881875,0.5363622307777405,0.0008199485018849373,0.5388306975364685,0.000847480958327651,0.5124011635780334,0.9990441203117371,0.5014253258705139,0.5024163722991943,0.16790013015270233,0.5500533580780029,0.17571261525154114,0.534425675868988,0.00562237948179245,0.866075336933136
fusion_calibration,cal_c,gtzan_real,GTZAN_genre_6,False,0.0,0.0,0.0,0.0,1.0,0.24406852438010285,0.260152086523891,0.2279849622363147,True,30.013375,0.534272313117981,0.0001426499948138371,0.5302671194076538,0.00014525749429594725,0.3760118782520294,0.9995400309562683,0.5013892650604248,0.5028140544891357,0.557144045829773,0.0007291586371138692,0.5707394480705261,0.0007959484355524182,0.006953102070838213,0.9928213953971863
fusion_calibration,cal_c,split_internal_mix,mix::LibriSpeech::AudioLDM2,True,1.0,0.0,1.0,1.0,1.0,0.4266012160228327,0.756019690017257,0.09718274202840842,True,20.0868125,0.571368932723999,0.9983965158462524,0.5774166584014893,0.9982631206512451,0.9476595520973206,0.9815205335617065,0.503876805305481,0.5063368082046509,0.6129918098449707,0.6914983987808228,0.607048511505127,0.7637490034103394,0.42294496297836304,0.11080745607614517
fusion_calibration,cal_c,fake_music_generated,AudioLDM2,False,1.0,0.0,1.0,0.0,1.0,0.9512312510312775,0.9512312510312775,,False,4.9144375,0.5347337126731873,0.9999867677688599,0.5598061680793762,0.9999829530715942,0.6850659847259521,0.9989997744560242,0.5016396641731262,0.5020971894264221,0.7001708745956421,0.9995970129966736,0.7111436724662781,0.9996271133422852,0.027962103486061096,0.9638210535049438
fusion_calibration,cal_c,split_internal_mix,mix::WF7::AudioLDM2,True,1.0,1.0,1.0,1.0,1.0,0.760801556290831,0.760801556290831,,False,4.6605625,0.7082613706588745,0.9994499087333679,0.7181893587112427,0.9993865489959717,0.9000160098075867,0.991950511932373,0.5029253363609314,0.5050760507583618,0.7251312732696533,0.6617708206176758,0.719169020652771,0.6998101472854614,0.06974248588085175,0.26932284235954285
fusion_calibration,cal_b,split_internal_mix,mix::WF5::GTZAN_genre_2,True,1.0,1.0,0.0,1.0,1.0,0.465853688377984,0.4325009579180762,0.4992064188378919,True,38.18325,0.5119357109069824,0.00045708127436228096,0.52885502576828,0.0004704651073552668,0.7088649868965149,0.9987810254096985,0.5010735392570496,0.5017401576042175,0.3223772644996643,0.008220727555453777,0.3276263475418091,0.008771433494985104,0.03283757343888283,0.8873650431632996
fusion_calibration,cal_c,split_internal_mix,mix::LibriSpeech::GTZAN_genre_9,True,0.0,0.0,0.0,1.0,1.0,0.005800363414437746,0.007458558714880648,0.004142168113994843,True,40.273375,0.4758925437927246,0.30383890867233276,0.4807308614253998,0.3014846444129944,0.9684681296348572,0.7464966773986816,0.5015612244606018,0.5028242468833923,0.04715453088283539,0.10365916788578033,0.04873792454600334,0.12854674458503723,0.6318864226341248,0.1387050896883011
fusion_calibration,cal_a,wavefake_ajay,WF7,False,1.0,1.0,0.0,1.0,0.0,0.993804723244993,0.993804723244993,,False,3.1463125,0.6878224015235901,0.772650957107544,0.6990432739257812,0.7706581950187683,0.9943602681159973,0.20998795330524445,0.5027964115142822,0.5055484771728516,0.7342597842216492,0.18834957480430603,0.7386838793754578,0.2696797549724579,0.9963741898536682,0.0051913452334702015
fusion_calibration,cal_c,split_internal_mix,mix::LibriSpeech::AudioLDM2,True,1.0,0.0,1.0,1.0,1.0,0.20889318964764575,0.1334753546794063,0.2843110246158852,True,6.1231875,0.26133936643600464,0.9906595945358276,0.26386064291000366,0.990387499332428,0.9906803965568542,0.9247131943702698,0.5025928616523743,0.505030632019043,0.0021168736275285482,0.1717034876346588,0.0024444551672786474,0.2091110795736313,0.9466869235038757,0.1134980246424675
fusion_calibration,cal_a,split_internal_mix,mix::R::MusicGen,True,1.0,0.0,1.0,1.0,1.0,0.5002989954890052,0.5002989954890052,,False,5.905,0.6389480233192444,0.9922155737876892,0.6370089650154114,0.992020308971405,0.9872679114341736,0.9312811493873596,0.502856969833374,0.5047737956047058,0.16277341544628143,0.2296302318572998,0.16593405604362488,0.274971604347229,0.5894564986228943,0.10197263211011887
fusion_calibration,cal_c,split_internal_mix,mix::LibriSpeech::GTZAN_genre_9,True,0.0,0.0,0.0,1.0,1.0,0.6384102592992655,0.5712372213638256,0.7055832972347056,True,30.013375,0.5017733573913574,0.0011379688512533903,0.5169867277145386,0.0011670871172100306,0.6720361709594727,0.997441291809082,0.5008882880210876,0.5017512440681458,0.49293896555900574,0.004868043586611748,0.4973348379135132,0.005232152529060841,0.03279531002044678,0.9398727416992188
fusion_calibration,cal_a,split_internal_mix,mix::WF5::GTZAN_genre_5,True,1.0,1.0,0.0,1.0,1.0,0.909750062821127,0.8358973007559525,0.9836028248863017,True,37.7704375,0.6200042963027954,0.40050193667411804,0.6197691559791565,0.40174344182014465,0.8902008533477783,0.725616991519928,0.502153217792511,0.5038716793060303,0.42145445942878723,0.25081008672714233,0.42777323722839355,0.28300580382347107,0.347382515668869,0.4939788281917572
fusion_calibration,cal_b,fake_music_generated,AudioLDM2,False,1.0,0.0,1.0,0.0,1.0,0.8442921472338303,0.8442921472338303,,False,5.345625,0.5537093281745911,0.9999619722366333,0.5696754455566406,0.9999527931213379,0.7301353216171265,0.9983845949172974,0.5014529824256897,0.5020898580551147,0.6671208143234253,0.9997081160545349,0.6627320051193237,0.9997348189353943,0.01941431313753128,0.9760829210281372
fusion_calibration,cal_c,wavefake_ajay,R,False,0.0,0.0,0.0,1.0,0.0,0.4271235150781709,0.4271235150781709,,False,2.422,0.750615656375885,0.4847390353679657,0.7631856203079224,0.48999646306037903,0.9840459823608398,0.4009198546409607,0.5038228034973145,0.5068318247795105,0.768194854259491,0.203482523560524,0.7639783620834351,0.32365861535072327,0.9871286153793335,0.0013205304276198149
fusion_calibration,cal_a,fake_music_generated,AudioLDM2,False,1.0,0.0,1.0,0.0,1.0,0.7856171035067198,0.7856171035067198,,False,4.437625,0.5382739901542664,0.9999563694000244,0.5580302476882935,0.9999462366104126,0.68748939037323,0.9982727766036987,0.5013113617897034,0.5020225644111633,0.6412757039070129,0.9997386336326599,0.6386732459068298,0.9997624754905701,0.013820525258779526,0.9767529368400574
fusion_calibration,cal_a,split_internal_mix,mix::WF4::GTZAN_genre_6,True,1.0,1.0,0.0,1.0,1.0,0.9991220166570159,0.9995226415791745,0.9987213917348574,True,37.459875,0.5405173301696777,0.410347044467926,0.5445283055305481,0.4098303020000458,0.9816023707389832,0.7369851469993591,0.5025339722633362,0.5037953853607178,0.36239418387413025,0.193742573261261,0.36554059386253357,0.23397007584571838,0.9751090407371521,0.13233891129493713
fusion_calibration,cal_c,fake_music_generated,AudioLDM2,False,1.0,0.0,1.0,0.0,1.0,0.9390809286417348,0.9390809286417348,,False,5.9868125,0.5275134444236755,0.999970555305481,0.5513717532157898,0.9999635219573975,0.6941211223602295,0.998313307762146,0.5015637874603271,0.5021642446517944,0.795020580291748,0.9995110034942627,0.8048335909843445,0.9995425939559937,0.015613989904522896,0.9677451848983765
fusion_calibration,cal_b,librispeech_dev,LibriSpeech,False,0.0,0.0,0.0,1.0,0.0,0.016163121196012643,0.016163121196012643,,False,5.02,0.2886485457420349,0.788421094417572,0.29161715507507324,0.7810785174369812,0.9965386390686035,0.3673395812511444,0.5022915005683899,0.5029807090759277,0.005233240779489279,0.13834139704704285,0.005581687670201063,0.17399786412715912,0.9993444085121155,0.03918272629380226
fusion_calibration,cal_c,split_internal_mix,mix::LibriSpeech::AudioLDM2,True,1.0,0.0,1.0,1.0,1.0,0.030449349465123034,0.011008066618477896,0.04989063231176817,True,12.7165,0.17407040297985077,0.37221622467041016,0.17826849222183228,0.3718894124031067,0.9987561702728271,0.31079721450805664,0.5036048889160156,0.5062739849090576,0.0023463075049221516,0.12128720432519913,0.002697705291211605,0.18626970052719116,0.9995802044868469,0.003364220727235079
fusion_calibration,cal_c,librispeech_dev,LibriSpeech,False,0.0,0.0,0.0,1.0,0.0,0.03663343706686637,0.023031874429377746,0.050234999704355,True,16.67,0.28227534890174866,0.8884680271148682,0.2869645059108734,0.886150598526001,0.998688817024231,0.2707672715187073,0.5025926828384399,0.504270076751709,0.049414440989494324,0.2831500768661499,0.05151679366827011,0.35774144530296326,0.997683048248291,0.02538182958960533
fusion_calibration,cal_a,split_internal_mix,mix::WF7::AudioLDM2,True,1.0,1.0,1.0,1.0,1.0,0.9894431387899011,0.9799289242807564,0.9989573532990458,True,12.1946875,0.6953004002571106,0.80206298828125,0.7039164304733276,0.8021092414855957,0.9970173239707947,0.2370106726884842,0.5032519102096558,0.5058075189590454,0.6775259971618652,0.16884109377861023,0.685786247253418,0.24097830057144165,0.9979115724563599,0.005630629602819681
fusion_calibration,cal_b,split_internal_mix,mix::WF2::AudioLDM2,True,1.0,1.0,1.0,1.0,1.0,0.9026787209628923,0.8107403231026968,0.9946171188230877,True,8.993625,0.7067775726318359,0.9980950355529785,0.7146956324577332,0.9979511499404907,0.9042618274688721,0.9750046133995056,0.5026023387908936,0.5039663314819336,0.5832672119140625,0.9290255308151245,0.5754508376121521,0.93548184633255,0.09897498786449432,0.6198528409004211
fusion_calibration,cal_b,split_internal_mix,mix::bonafide::MusicGen,True,1.0,0.0,1.0,1.0,1.0,0.48984022555190027,0.48984022555190027,,False,5.5598125,0.6708751916885376,0.9999052286148071,0.6785084009170532,0.9998859167098999,0.8812410831451416,0.9973742961883545,0.5026754140853882,0.5038377046585083,0.307878315448761,0.9849125146865845,0.3042057156562805,0.9857223033905029,0.012468873523175716,0.8550397753715515
fusion_calibration,cal_b,gtzan_real,GTZAN_genre_2,False,0.0,0.0,0.0,0.0,1.0,0.4471212509140779,0.23987097571038227,0.6543715261177735,True,30.013375,0.5226898193359375,0.000188011908903718,0.5379520654678345,0.00019328491180203855,0.5320308804512024,0.9992937445640564,0.5013512969017029,0.5022844672203064,0.44387704133987427,0.0031099990010261536,0.45386022329330444,0.003399695735424757,0.019417840987443924,0.9579892754554749
fusion_calibration,cal_b,wavefake_ajay,WF7,False,1.0,1.0,0.0,1.0,0.0,0.9830234955341773,0.9830234955341773,,False,5.61925,0.7678958773612976,0.9202370643615723,0.7738491296768188,0.9179697036743164,0.9877603650093079,0.38651615381240845,0.5024199485778809,0.5048800110816956,0.7811099290847778,0.23070019483566284,0.7847910523414612,0.29029205441474915,0.9845950603485107,0.03263532742857933
fusion_calibration,cal_b,split_internal_mix,mix::LibriSpeech::AudioLDM2,True,1.0,0.0,1.0,1.0,1.0,0.03093937153862018,0.021204036892539857,0.0406747061847005,True,14.8533125,0.30659645795822144,0.9132665395736694,0.31407395005226135,0.9130986928939819,0.9986728429794312,0.23023709654808044,0.5025895833969116,0.503994345664978,0.009823638945817947,0.16883805394172668,0.010739966295659542,0.22973288595676422,0.9996790885925293,0.013451145961880684
fusion_calibration,cal_c,split_internal_mix,mix::LibriSpeech::GTZAN_genre_5,True,0.0,0.0,0.0,1.0,1.0,0.6666067187320912,0.7533201498057562,0.5798932876584262,True,47.183375,0.5288172960281372,0.012384717352688313,0.5255573987960815,0.012429296039044857,0.6893441081047058,0.9738852381706238,0.5015267133712769,0.5027201771736145,0.24540215730667114,0.09189240634441376,0.25695687532424927,0.09067884832620621,0.08651087433099747,0.7967306971549988
fusion_calibration,cal_c,librispeech_dev,LibriSpeech,False,0.0,0.0,0.0,1.0,0.0,0.02461321387976827,0.02461321387976827,,False,6.015,0.37469249963760376,0.9157738089561462,0.3824180066585541,0.9139044284820557,0.9986590147018433,0.2175672948360443,0.5026814341545105,0.504040539264679,0.05542200431227684,0.2721690833568573,0.058182019740343094,0.34653016924858093,0.9987480640411377,0.02074098400771618
fusion_calibration,cal_c,split_internal_mix,mix::WF3::AudioLDM2,True,1.0,1.0,1.0,1.0,1.0,0.6896706036199436,0.8684143499377406,0.5109268573021465,True,7.82175,0.6340675354003906,0.9999741315841675,0.6527174711227417,0.9999687671661377,0.7405669689178467,0.9992318153381348,0.502717912197113,0.5036020874977112,0.8437106013298035,0.997575581073761,0.8474383354187012,0.9976758360862732,0.010251563042402267,0.9600372910499573
fusion_calibration,cal_c,fake_music_generated,AudioLDM2,False,1.0,0.0,1.0,0.0,1.0,0.84583643772905,0.84583643772905,,False,5.42575,0.5369768142700195,0.9999545812606812,0.5575344562530518,0.9999439716339111,0.6738265156745911,0.9982550740242004,0.5013065934181213,0.50197434425354,0.6538795828819275,0.9997714161872864,0.6524264216423035,0.9997920393943787,0.011144513264298439,0.9790345430374146
fusion_calibration,cal_c,split_internal_mix,mix::LibriSpeech::GTZAN_genre_2,True,0.0,0.0,0.0,1.0,1.0,0.48491638776244095,0.4589696127816351,0.5108631627432467,True,35.463375,0.5299090147018433,9.979339665733278e-05,0.5404949188232422,0.0001025659148581326,0.4863981306552887,0.9996548295021057,0.5012957453727722,0.5022878646850586,0.4768378734588623,0.0034619381185621023,0.48823249340057373,0.003757513128221035,0.012931772507727146,0.9589666724205017
fusion_calibration,cal_a,split_internal_mix,mix::R::GTZAN_genre_5,True,0.0,0.0,0.0,1.0,1.0,0.7801973647751856,0.8792676602444033,0.6811270693059679,True,38.7003125,0.5499932765960693,0.0014676370192319155,0.5527452230453491,0.0014835280599072576,0.523603618144989,0.9961798191070557,0.5015203356742859,0.5022931098937988,0.29273632168769836,0.2292875349521637,0.3066929876804352,0.22173212468624115,0.006454853340983391,0.8899805545806885
fusion_calibration,cal_c,split_internal_mix,mix::WF7::GTZAN_genre_0,True,1.0,1.0,0.0,1.0,1.0,0.9849122374742235,0.9861289507810111,0.9836955241674359,True,36.93375,0.47173041105270386,0.3764666020870209,0.47194838523864746,0.37597885727882385,0.9576595425605774,0.7467491030693054,0.502512514591217,0.5047258734703064,0.35776934027671814,0.2663423717021942,0.36060193181037903,0.3110424280166626,0.4881002902984619,0.18929336965084076
fusion_calibration,cal_c,split_internal_mix,mix::WF3::GTZAN_genre_2,True,1.0,1.0,0.0,1.0,1.0,0.8126442926853583,0.6888406794121988,0.9364479059585177,True,32.543625,0.6251264214515686,0.17219239473342896,0.6359188556671143,0.16950006783008575,0.8270581364631653,0.7977492213249207,0.5013238787651062,0.5023362636566162,0.4812517464160919,0.030127719044685364,0.4869973659515381,0.037999752908945084,0.3448197841644287,0.5973421931266785
fusion_calibration,cal_a,split_internal_mix,mix::WF7::GTZAN_genre_5,True,1.0,1.0,0.0,1.0,1.0,0.6305588499093681,0.9946270253690442,0.2664906744496919,True,36.6798125,0.46480125188827515,0.4242641031742096,0.4681524634361267,0.4229031205177307,0.9931671023368835,0.7533394694328308,0.5031687617301941,0.5059797167778015,0.32855790853500366,0.2322055846452713,0.33075088262557983,0.30187204480171204,0.9324261546134949,0.016046768054366112
fusion_calibration,cal_b,split_internal_mix,mix::WF5::AudioLDM2,True,1.0,1.0,1.0,1.0,1.0,0.9965205920598793,0.9973184584029625,0.9957227257167961,True,16.25475,0.7115508317947388,0.7594118118286133,0.7188241481781006,0.7602842450141907,0.9954812526702881,0.23098570108413696,0.503258228302002,0.5055335760116577,0.686780571937561,0.1712842583656311,0.6943628787994385,0.23890849947929382,0.997809648513794,0.007741154171526432
fusion_calibration,cal_c,split_internal_mix,mix::WF7::AudioLDM2,True,1.0,1.0,1.0,1.0,1.0,0.8079824150300882,0.6476001619000316,0.9683646681601448,True,9.188,0.7096465826034546,0.9999380707740784,0.7193133234977722,0.999923825263977,0.8908743262290955,0.9977895617485046,0.5031063556671143,0.504318356513977,0.5961150527000427,0.9919507503509521,0.5945985317230225,0.9929216504096985,0.0373321957886219,0.8734024167060852
fusion_calibration,cal_c,librispeech_dev,LibriSpeech,False,0.0,0.0,0.0,1.0,0.0,0.026204020219861256,0.026204020219861256,,False,3.265,0.2857019305229187,0.76153564453125,0.29327449202537537,0.759211540222168,0.9966288208961487,0.26657259464263916,0.5031670331954956,0.506142258644104,0.19445031881332397,0.2177266776561737,0.1977585107088089,0.31359946727752686,0.9962655901908875,0.004063640721142292
fusion_calibration,cal_c,split_internal_mix,mix::WF6::GTZAN_genre_2,True,1.0,1.0,0.0,1.0,1.0,0.5309086446041279,0.9931958141789917,0.068621475029264,True,33.1148125,0.6096068620681763,0.29282525181770325,0.6182444095611572,0.29240450263023376,0.9293360710144043,0.7514590620994568,0.501853883266449,0.5040225386619568,0.356296181678772,0.101180300116539,0.3559908866882324,0.13845409452915192,0.5040996670722961,0.22831158339977264
fusion_calibration,cal_b,split_internal_mix,mix::LibriSpeech::MusicGen,True,1.0,0.0,1.0,1.0,1.0,0.5408880710817644,0.8952902230721134,0.18648591909141538,True,9.0843125,0.6055947542190552,0.999949038028717,0.6186230182647705,0.9999378323554993,0.8074157238006592,0.9985186457633972,0.5020084381103516,0.5027220249176025,0.6878576278686523,0.9991961717605591,0.6830600500106812,0.9992843270301819,0.018390707671642303,0.9502490162849426
fusion_calibration,cal_c,librispeech_dev,LibriSpeech,False,0.0,0.0,0.0,1.0,0.0,0.14469332237144156,0.14469332237144156,,False,2.25,0.37146925926208496,0.38110587000846863,0.38182753324508667,0.38248753547668457,0.9970365762710571,0.2492721527814865,0.50445157289505,0.5080325603485107,0.054876185953617096,0.08205930888652802,0.05732761695981026,0.1572403460741043,0.9989150762557983,0.00018813955830410123
fusion_calibration,cal_c,split_internal_mix,mix::WF7::GTZAN_genre_2,True,1.0,1.0,0.0,1.0,1.0,0.14829525308380925,0.15814308477882244,0.1384474213887961,True,30.013375,0.5547480583190918,0.011512525379657745,0.5612686276435852,0.011741806752979755,0.8940010666847229,0.9735812544822693,0.5012621283531189,0.5026473999023438,0.15269474685192108,0.06369217485189438,0.15092496573925018,0.07047794759273529,0.2820732295513153,0.3901374638080597
fusion_calibration,cal_c,split_internal_mix,mix::WF1::AudioLDM2,True,1.0,1.0,1.0,1.0,1.0,0.9585964728874617,0.998906348997737,0.9182865967771865,True,8.2240625,0.6002126336097717,0.9730552434921265,0.608972430229187,0.9716654419898987,0.9947545528411865,0.7696580290794373,0.5041670799255371,0.5073333382606506,0.1876257061958313,0.15128497779369354,0.18972770869731903,0.23262594640254974,0.9920262098312378,0.0024322716053575277
fusion_calibration,cal_b,fake_music_generated,AudioLDM2,False,1.0,0.0,1.0,0.0,1.0,0.9430289170878837,0.9430289170878837,,False,4.0153125,0.511425256729126,0.9999641180038452,0.5345604419708252,0.9999558925628662,0.7257413864135742,0.9983885288238525,0.5012284517288208,0.5019610524177551,0.811551034450531,0.9993382096290588,0.820968747138977,0.999386191368103,0.018156681209802628,0.9553729295730591
fusion_calibration,cal_c,split_internal_mix,mix::R::GTZAN_genre_2,True,0.0,0.0,0.0,1.0,1.0,0.22041238900776106,0.10601159485181831,0.3348131831637038,True,30.013375,0.5282009840011597,0.002221290022134781,0.5411349534988403,0.0022842639591544867,0.8457247614860535,0.9943185448646545,0.500923216342926,0.5016949772834778,0.20322075486183167,0.029462460428476334,0.20332202315330505,0.030993834137916565,0.06942359358072281,0.6713618636131287
fusion_calibration,cal_c,split_internal_mix,mix::LibriSpeech::GTZAN_genre_1,True,0.0,0.0,0.0,1.0,1.0,0.1201905894655437,0.07568794773752255,0.16469323119356485,True,30.829625,0.516799807548523,0.00033679831540212035,0.5189145803451538,0.0003440062573645264,0.6315636038780212,0.9992344975471497,0.5011472105979919,0.5023056864738464,0.19087757170200348,0.04605827480554581,0.20158837735652924,0.04830474406480789,0.01548017282038927,0.8362123966217041
fusion_calibration,cal_a,split_internal_mix,mix::WF5::GTZAN_genre_4,True,1.0,1.0,0.0,1.0,1.0,0.9968530903260546,0.99706394359957,0.9966422370525394,True,37.7704375,0.49285775423049927,0.43837684392929077,0.49709948897361755,0.4387025535106659,0.9868507981300354,0.6631054878234863,0.5023520588874817,0.5042131543159485,0.3646392226219177,0.13165058195590973,0.3698352575302124,0.17134229838848114,0.9014355540275574,0.1928856372833252
fusion_calibration,cal_c,split_internal_mix,mix::LibriSpeech::MusicGen,True,1.0,0.0,1.0,1.0,1.0,0.1942094852300821,0.3745429078181349,0.013876062642029353,True,13.6,0.24422314763069153,0.9892098307609558,0.24668577313423157,0.9890922904014587,0.9916130304336548,0.947993814945221,0.5028034448623657,0.5052516460418701,0.0021714591421186924,0.2364547848701477,0.002488824538886547,0.28951549530029297,0.9360858201980591,0.08594781160354614
fusion_calibration,cal_b,split_internal_mix,mix::LibriSpeech::MusicGen,True,1.0,0.0,1.0,1.0,1.0,0.022105149058552362,0.019556733506797905,0.02465356461030682,True,20.1025,0.3225630223751068,0.4580678343772888,0.33192649483680725,0.4588196277618408,0.9977421164512634,0.27705690264701843,0.5041107535362244,0.5072599649429321,0.00395768228918314,0.12061800062656403,0.004428716376423836,0.20444262027740479,0.999472975730896,0.0006749252788722515
fusion_calibration,cal_b,librispeech_dev,LibriSpeech,False,0.0,0.0,0.0,1.0,0.0,0.05094776497192299,0.05094776497192299,,False,2.15,0.4630850553512573,0.49189844727516174,0.47717994451522827,0.49019569158554077,0.9976171851158142,0.1968703716993332,0.5040670037269592,0.5072498917579651,0.055244263261556625,0.09302470833063126,0.057942017912864685,0.17249275743961334,0.9993661046028137,0.0002511288330424577
fusion_calibration,cal_c,split_internal_mix,mix::WF6::MusicGen,True,1.0,1.0,1.0,1.0,1.0,0.8996193056803291,0.9291517795894144,0.8700868317712438,True,7.7236875,0.633541464805603,0.9982950091362,0.6359094381332397,0.9980936646461487,0.9873641133308411,0.9592376351356506,0.5029719471931458,0.5052802562713623,0.8198716640472412,0.6025198101997375,0.8149812817573547,0.6850389838218689,0.7226844429969788,0.0544489361345768
fusion_calibration,cal_b,librispeech_dev,LibriSpeech,False,0.0,0.0,0.0,1.0,0.0,0.025315740697468905,0.025315740697468905,,False,3.335,0.25557440519332886,0.7842746376991272,0.2616230249404907,0.7814408540725708,0.9974470138549805,0.20969609916210175,0.5028979182243347,0.5054467916488647,0.02780039608478546,0.10767778009176254,0.029450424015522003,0.17007845640182495,0.9987848401069641,0.002370628295466304
fusion_calibration,cal_b,split_internal_mix,mix::LibriSpeech::MusicGen,True,1.0,0.0,1.0,1.0,1.0,0.02529801863806249,0.02287789048409434,0.027718146792030645,True,17.0998125,0.3012073040008545,0.9405665993690491,0.3045245110988617,0.9404811263084412,0.9938896298408508,0.5674089193344116,0.5025957226753235,0.504725456237793,0.05337977409362793,0.5786203145980835,0.053968630731105804,0.6334508657455444,0.9464990496635437,0.17212702333927155
fusion_calibration,cal_b,gtzan_real,GTZAN_genre_5,False,0.0,0.0,0.0,0.0,1.0,0.6367469512445961,0.7064978376752096,0.5669960648139827,True,30.013375,0.5241193771362305,0.0016967335250228643,0.522228479385376,0.0017132022185251117,0.6512101292610168,0.9965394139289856,0.5015366673469543,0.5025630593299866,0.2003856599330902,0.23095595836639404,0.21100202202796936,0.23095446825027466,0.012426420114934444,0.8089134693145752
fusion_calibration,cal_c,librispeech_dev,LibriSpeech,False,0.0,0.0,0.0,1.0,0.0,0.010640301011348599,0.010640301011348599,,False,5.85,0.23848497867584229,0.5093752145767212,0.2426978349685669,0.5068869590759277,0.9974601864814758,0.26420822739601135,0.5031594038009644,0.5052719116210938,0.0021556776482611895,0.13616231083869934,0.0024906513281166553,0.19200778007507324,0.9994210004806519,0.007832883857190609
fusion_calibration,cal_a,split_internal_mix,mix::R::GTZAN_genre_2,True,0.0,0.0,0.0,1.0,1.0,0.4556541876154393,0.24457799382094889,0.6667303814099297,True,36.418375,0.5261986255645752,0.0001245150197064504,0.5393386483192444,0.00012783860438503325,0.48439815640449524,0.9995729923248291,0.5014196634292603,0.5024013519287109,0.48736947774887085,0.0026643213350325823,0.49860402941703796,0.0029174129012972116,0.01492893323302269,0.9655888676643372
fusion_calibration,cal_b,librispeech_dev,LibriSpeech,False,0.0,0.0,0.0,1.0,0.0,0.02047159172937735,0.023412115085958116,0.017531068372796586,True,6.855,0.3614926040172577,0.944973349571228,0.36850816011428833,0.94376540184021,0.9970269799232483,0.26430612802505493,0.5027416348457336,0.5038161277770996,0.013533039949834347,0.17350037395954132,0.014719869010150433,0.23310920596122742,0.9995326995849609,0.015048028901219368
fusion_calibration,cal_b,fake_music_generated,MusicGen,False,1.0,0.0,1.0,0.0,1.0,0.9038997940016822,0.9038997940016822,,False,5.0043125,0.5492998957633972,0.9999667406082153,0.5688305497169495,0.9999586343765259,0.7013108134269714,0.9987505674362183,0.5014577507972717,0.5021275877952576,0.7204625606536865,0.9997743964195251,0.7230191230773926,0.9997953772544861,0.011137095279991627,0.9791508913040161
fusion_calibration,cal_b,split_internal_mix,mix::WF3::GTZAN_genre_4,True,1.0,1.0,0.0,1.0,1.0,0.5236826781687716,0.4649668038100149,0.5823985525275283,True,30.013375,0.5281919240951538,0.0068226964212954044,0.5411792993545532,0.006776397116482258,0.6952633857727051,0.9606971144676208,0.5009849071502686,0.5017890334129333,0.5588998794555664,0.007537257857620716,0.5523523092269897,0.00814550369977951,0.1471366286277771,0.7978950142860413
fusion_calibration,cal_c,librispeech_dev,LibriSpeech,False,0.0,0.0,0.0,1.0,0.0,0.02104790609510782,0.02104790609510782,,False,5.35,0.38249313831329346,0.891960620880127,0.3876943588256836,0.8893548846244812,0.9969452023506165,0.2687148153781891,0.50242680311203,0.504172682762146,0.10362817347049713,0.3124409019947052,0.10809498280286789,0.39555686712265015,0.997973620891571,0.02185031585395336
fusion_calibration,cal_c,split_internal_mix,mix::WF7::AudioLDM2,True,1.0,1.0,1.0,1.0,1.0,0.934351586183717,0.9590430655604802,0.9096601068069537,True,11.5460625,0.5774364471435547,0.9989895820617676,0.590679407119751,0.9988852739334106,0.8255615234375,0.9776805639266968,0.502064049243927,0.5036324262619019,0.8115602731704712,0.9746474027633667,0.8134216070175171,0.9815772771835327,0.3388114273548126,0.5498631000518799
fusion_calibration,cal_a,split_internal_mix,mix::R::AudioLDM2,True,1.0,0.0,1.0,1.0,1.0,0.29715923031195307,0.38482040145740226,0.2094980591665039,True,13.0908125,0.7475363612174988,0.8918472528457642,0.7526265978813171,0.8893181085586548,0.9869143962860107,0.25415804982185364,0.502528190612793,0.5047274231910706,0.6824447512626648,0.18749302625656128,0.6898712515830994,0.2417265623807907,0.9931150674819946,0.03043750487267971
fusion_calibration,cal_b,split_internal_mix,mix::WF4::GTZAN_genre_2,True,1.0,1.0,0.0,1.0,1.0,0.9992627975121205,0.9991918665173654,0.9993337285068757,True,37.6340625,0.652302622795105,0.3533675968647003,0.6536455750465393,0.35291266441345215,0.9417349696159363,0.7228887677192688,0.5023652911186218,0.504214346408844,0.4029174745082855,0.12198252975940704,0.4059257507324219,0.15655015408992767,0.8334264755249023,0.13167007267475128
fusion_calibration,cal_a,split_internal_mix,mix::R::AudioLDM2,True,1.0,0.0,1.0,1.0,1.0,0.4846339454980371,0.8686499293212584,0.10061796167481585,True,7.9959375,0.7327921390533447,0.7663381099700928,0.7399733662605286,0.766112744808197,0.9963259100914001,0.2050757259130478,0.5030534863471985,0.5051477551460266,0.7557094693183899,0.1792582869529724,0.7617518305778503,0.2431628257036209,0.9968540072441101,0.012184062041342258
fusion_calibration,cal_c,split_internal_mix,mix::WF7::AudioLDM2,True,1.0,1.0,1.0,1.0,1.0,0.8812160370983341,0.8387463297750265,0.9236857444216416,True,8.150375,0.6953016519546509,0.9891424775123596,0.7029645442962646,0.9885380864143372,0.8798959255218506,0.827747642993927,0.5027178525924683,0.504170835018158,0.8217387795448303,0.7433782815933228,0.824688732624054,0.770211935043335,0.4821114242076874,0.5210132598876953
fusion_calibration,cal_a,split_internal_mix,mix::WF5::GTZAN_genre_4,True,1.0,1.0,0.0,1.0,1.0,0.9905521234703855,0.9847137916948423,0.9963904552459286,True,36.7704375,0.589094877243042,0.4433923065662384,0.5968893766403198,0.4440314769744873,0.9363945126533508,0.6879715323448181,0.501671314239502,0.5029992461204529,0.5054924488067627,0.09752976149320602,0.5083344578742981,0.1281614601612091,0.4873918294906616,0.3842006027698517
fusion_calibration,cal_b,gtzan_real,GTZAN_genre_7,False,0.0,0.0,0.0,0.0,1.0,0.7925472060449132,0.6782017395727823,0.9068926725170443,True,30.0001875,0.5332555770874023,1.7917009245138615e-05,0.5287785530090332,1.83778720383998e-05,0.3901883661746979,0.999908447265625,0.5015563368797302,0.5028859376907349,0.47239428758621216,0.0031691151671111584,0.4856967031955719,0.003363471943885088,0.0096975052729249,0.983521044254303
fusion_calibration,cal_b,split_internal_mix,mix::bonafide::GTZAN_genre_1,True,0.0,0.0,0.0,1.0,1.0,0.22142196786741888,0.24844580794290613,0.19439812779193164,True,33.2165,0.5390956997871399,6.559164830832742e-06,0.5387846231460571,6.708071850880515e-06,0.41800546646118164,0.9999696612358093,0.5014364123344421,0.5023133158683777,0.38767048716545105,0.019136153161525726,0.4041837155818939,0.019459497183561325,0.001770799863152206,0.9590420722961426
fusion_calibration,cal_a,wavefake_ajay,WF5,False,1.0,1.0,0.0,1.0,0.0,0.9913679258847652,0.9857600580451333,0.996975793724397,True,6.7570625,0.7916138172149658,0.7948532104492188,0.8020643591880798,0.797064483165741,0.9966183304786682,0.19157542288303375,0.5030269026756287,0.5053361058235168,0.7903375625610352,0.16219870746135712,0.7969345450401306,0.22623521089553833,0.9990185499191284,0.008038760162889957
fusion_calibration,cal_a,split_internal_mix,mix::R::AudioLDM2,True,1.0,0.0,1.0,1.0,1.0,0.348996410149754,0.6040139387144609,0.09397888158504719,True,8.5869375,0.5688893795013428,0.999841570854187,0.588934063911438,0.999809741973877,0.6890019178390503,0.9939901828765869,0.5013867616653442,0.5021681785583496,0.8115357160568237,0.9990859031677246,0.8120447397232056,0.9991434812545776,0.05902012437582016,0.9510890245437622
fusion_calibration,cal_c,split_internal_mix,mix::LibriSpeech::MusicGen,True,1.0,0.0,1.0,1.0,1.0,0.49881940042660616,0.9259488691243587,0.07168993172885366,True,14.0004375,0.5535471439361572,0.9994329810142517,0.564862847328186,0.999356210231781,0.8265769481658936,0.9892585277557373,0.5021125674247742,0.5036410093307495,0.7303580045700073,0.9953320026397705,0.726423978805542,0.9966895580291748,0.212539404630661,0.6437197923660278
fusion_calibration,cal_c,split_internal_mix,mix::LibriSpeech::AudioLDM2,True,1.0,0.0,1.0,1.0,1.0,0.02599340989516131,0.015056861196997222,0.0369299585933254,True,14.7056875,0.2641161382198334,0.7215728759765625,0.26964834332466125,0.7211288213729858,0.9970455169677734,0.5083001255989075,0.5031590461730957,0.5054893493652344,0.0027999049052596092,0.186288982629776,0.0031396811828017235,0.24883824586868286,0.9931414127349854,0.017335545271635056
fusion_calibration,cal_b,asvspoof2019,A02,False,1.0,1.0,0.0,1.0,0.0,0.9943356527050891,0.9943356527050891,,False,2.6488125,0.67710280418396,0.5453262329101562,0.6926341652870178,0.545694887638092,0.9926562905311584,0.1764621138572693,0.5041574239730835,0.5075409412384033,0.5535039901733398,0.08249684423208237,0.5466594696044922,0.15252436697483063,0.9982118606567383,0.00027038942789658904
fusion_calibration,cal_c,split_internal_mix,mix::WF7::GTZAN_genre_7,True,1.0,1.0,0.0,1.0,1.0,0.7889099642885546,0.6763015052336858,0.9015184233434236,True,30.0001875,0.5292080640792847,2.930566915892996e-05,0.530053973197937,2.9647186238435097e-05,0.4342578649520874,0.9998449683189392,0.5013009905815125,0.5024610161781311,0.46448463201522827,0.003285642946138978,0.476323664188385,0.003510438371449709,0.014408360235393047,0.9756228923797607
fusion_calibration,cal_b,split_internal_mix,mix::A01::GTZAN_genre_6,True,1.0,1.0,0.0,1.0,1.0,0.5712981815769924,0.9945417297771357,0.14805463337684915,True,31.346875,0.4356251358985901,0.031311389058828354,0.43480807542800903,0.03145678713917732,0.9650065302848816,0.9311857223510742,0.501983106136322,0.5027704834938049,0.00859484076499939,0.1227663904428482,0.00956335011869669,0.1460033506155014,0.7430774569511414,0.1896359920501709
fusion_calibration,cal_a,split_internal_mix,mix::R::GTZAN_genre_9,True,0.0,0.0,0.0,1.0,1.0,0.5552590141555134,0.7439871839321189,0.36653084437890776,True,35.918375,0.5214171409606934,0.3638210594654083,0.5275592803955078,0.36410635709762573,0.9723711013793945,0.7113392949104309,0.5024800300598145,0.5040705800056458,0.3252258598804474,0.15274927020072937,0.32972365617752075,0.19695204496383667,0.9567261338233948,0.13689430058002472
fusion_calibration,cal_a,gtzan_real,GTZAN_genre_4,False,0.0,0.0,0.0,0.0,1.0,0.6115701942526364,0.5021167606313616,0.721023627873911,True,30.013375,0.5449498891830444,0.003258737036958337,0.5541300773620605,0.0032285191118717194,0.4702482521533966,0.9811659455299377,0.5010997653007507,0.5022373795509338,0.6633384227752686,0.004373426083475351,0.6652984619140625,0.004703084006905556,0.11340827494859695,0.8964810371398926
fusion_calibration,cal_b,split_internal_mix,mix::LibriSpeech::AudioLDM2,True,1.0,0.0,1.0,1.0,1.0,0.8469340143461948,0.8469340143461948,,False,5.7345625,0.565915048122406,0.9999204874038696,0.5771756768226624,0.9999054670333862,0.6991382837295532,0.9978037476539612,0.5021538734436035,0.5031745433807373,0.2990722060203552,0.9921958446502686,0.2964586019515991,0.9920039772987366,0.05074147880077362,0.9144973158836365
fusion_calibration,cal_a,split_internal_mix,mix::WF3::GTZAN_genre_6,True,1.0,1.0,0.0,1.0,1.0,0.6038044998748788,0.20985256094895277,0.997756438800805,True,37.861,0.6718066334724426,0.4475221633911133,0.6837111711502075,0.449139267206192,0.698231041431427,0.7087762951850891,0.5012295842170715,0.5024241805076599,0.6998879909515381,0.05977018550038338,0.7060710787773132,0.07716349512338638,0.34762322902679443,0.6545518040657043
fusion_calibration,cal_c,gtzan_real,GTZAN_genre_4,False,0.0,0.0,0.0,0.0,1.0,0.6115701942526364,0.5021167606313616,0.721023627873911,True,30.013375,0.5449498891830444,0.003258737036958337,0.5541300773620605,0.0032285191118717194,0.4702482521533966,0.9811659455299377,0.5010997653007507,0.5022373795509338,0.6633384227752686,0.004373426083475351,0.6652984619140625,0.004703084006905556,0.11340827494859695,0.8964810371398926
fusion_calibration,cal_c,split_internal_mix,mix::R::MusicGen,True,1.0,0.0,1.0,1.0,1.0,0.687468360348247,0.6194596395414489,0.7554770811550452,True,9.407375,0.6322444677352905,0.9220580458641052,0.6370977163314819,0.9218225479125977,0.9899753332138062,0.6400542259216309,0.5030485391616821,0.5051522254943848,0.345434308052063,0.22624534368515015,0.3506692051887512,0.2981816530227661,0.9443950057029724,0.020633123815059662
fusion_calibration,cal_c,librispeech_dev,LibriSpeech,False,0.0,0.0,0.0,1.0,0.0,0.010398741389125714,0.012614711796792289,0.008182770981459139,True,15.07,0.414836585521698,0.8975945711135864,0.42140063643455505,0.894869327545166,0.9982993602752686,0.30262261629104614,0.5028296709060669,0.505000114440918,0.1303478181362152,0.3124016523361206,0.13271000981330872,0.39884382486343384,0.9937083125114441,0.01926732435822487
fusion_calibration,cal_a,gtzan_real,GTZAN_genre_3,False,0.0,0.0,0.0,0.0,1.0,0.4793751940792324,0.6484204468322793,0.3103299413261855,True,30.0001875,0.5449594259262085,4.795224958797917e-05,0.545879602432251,4.770206578541547e-05,0.41826629638671875,0.99964839220047,0.5012150406837463,0.5023078322410583,0.5683505535125732,0.003818834898993373,0.580674409866333,0.004043028689920902,0.01399842370301485,0.9625268578529358
fusion_calibration,cal_b,librispeech_dev,LibriSpeech,False,0.0,0.0,0.0,1.0,0.0,0.016121103325821423,0.018846739216575113,0.013395467435067736,True,14.11,0.3627283573150635,0.400437593460083,0.3729117810726166,0.39821988344192505,0.9961092472076416,0.3181648850440979,0.5036249160766602,0.5064858198165894,0.004971765913069248,0.14613686501979828,0.00547125656157732,0.22365039587020874,0.9992777109146118,0.0023196949623525143
fusion_calibration,cal_a,wavefake_ajay,WF4,False,1.0,1.0,0.0,1.0,0.0,0.9991550300134429,0.9994995628975956,0.99881049712929,True,7.5465,0.7684800028800964,0.844930112361908,0.7731232643127441,0.8437293767929077,0.9911196827888489,0.2111184000968933,0.5023590326309204,0.5042577981948853,0.8021878004074097,0.16592150926589966,0.8066794276237488,0.2106049656867981,0.9946073889732361,0.03944096714258194
fusion_calibration,cal_a,split_internal_mix,mix::WF3::GTZAN_genre_8,True,1.0,1.0,0.0,1.0,1.0,0.665868971549306,0.3538515852186671,0.9778863578799449,True,36.2609375,0.5896128416061401,0.42155569791793823,0.5905250310897827,0.42289790511131287,0.8851185441017151,0.7268858551979065,0.5019688606262207,0.5034477710723877,0.33852386474609375,0.11806057393550873,0.346890389919281,0.14856673777103424,0.3505111038684845,0.4191906452178955
fusion_calibration,cal_a,fake_music_generated,AudioLDM2,False,1.0,0.0,1.0,0.0,1.0,0.928717149157894,0.928717149157894,,False,5.8966875,0.5180244445800781,0.999987006187439,0.5393305420875549,0.9999834299087524,0.7207038402557373,0.9991051554679871,0.5011563301086426,0.5019202828407288,0.633863627910614,0.999586284160614,0.6366912126541138,0.9996196031570435,0.01769222505390644,0.967625081539154
fusion_calibration,cal_b,asvspoof2019,A01,False,1.0,1.0,0.0,1.0,0.0,0.9997750496155291,0.9997750496155291,,False,1.4816875,0.6933873891830444,0.5622142553329468,0.7111485004425049,0.5619730949401855,0.9974870681762695,0.14459611475467682,0.5047143697738647,0.5082135796546936,0.44739362597465515,0.06175364926457405,0.4424245357513428,0.13258685171604156,0.9989739656448364,5.614324254565872e-05
fusion_calibration,cal_b,split_internal_mix,mix::A02::MusicGen,True,1.0,1.0,1.0,1.0,1.0,0.9060844147873726,0.9907859558145293,0.8213828737602159,True,8.2400625,0.5549774169921875,0.9974590539932251,0.5611406564712524,0.9972271919250488,0.9674469232559204,0.9655284881591797,0.5039034485816956,0.5060787200927734,0.13941289484500885,0.7215429544448853,0.1380774825811386,0.8026944398880005,0.4538640081882477,0.29915404319763184
fusion_calibration,cal_c,gtzan_real,GTZAN_genre_2,False,0.0,0.0,0.0,0.0,1.0,0.425423887020299,0.22002027420057302,0.630827499840025,True,30.013375,0.5227076411247253,0.00018662051297724247,0.5379570722579956,0.00019185828568879515,0.531865119934082,0.9992988705635071,0.5013512969017029,0.5022844672203064,0.444147527217865,0.003109392710030079,0.4541422724723816,0.003399075008928776,0.01937015913426876,0.9580035209655762
fusion_calibration,cal_b,split_internal_mix,mix::WF3::GTZAN_genre_4,True,1.0,1.0,0.0,1.0,1.0,0.9933041215037277,0.9956572345070016,0.9909510085004539,True,32.495,0.518939197063446,0.5524189472198486,0.5209676027297974,0.5487877130508423,0.986746609210968,0.4828411638736725,0.502068817615509,0.5037240982055664,0.2628384828567505,0.09329207241535187,0.26649290323257446,0.1135152280330658,0.9805148243904114,0.13834214210510254
fusion_calibration,cal_c,split_internal_mix,mix::LibriSpeech::MusicGen,True,1.0,0.0,1.0,1.0,1.0,0.7006004493123726,0.7006004493123726,,False,5.7001875,0.5377433896064758,0.999840259552002,0.5599169135093689,0.9998118281364441,0.7072995901107788,0.9963384866714478,0.5013457536697388,0.5022069811820984,0.7011504173278809,0.9993867874145508,0.7091417908668518,0.999427855014801,0.012809673324227333,0.961088240146637
fusion_calibration,cal_b,split_internal_mix,mix::WF5::MusicGen,True,1.0,1.0,1.0,1.0,1.0,0.7396328448136184,0.9858583151372236,0.4934073744900132,True,6.4668125,0.7293969988822937,0.9910728335380554,0.7405412197113037,0.990984320640564,0.8990855813026428,0.9261179566383362,0.5020888447761536,0.5034112930297852,0.6948761940002441,0.7072055339813232,0.6867691278457642,0.7132918834686279,0.09169656038284302,0.5799407362937927
fusion_calibration,cal_b,wavefake_ajay,WF5,False,1.0,1.0,0.0,1.0,0.0,0.941879794893601,0.9980559121196251,0.8857036776675768,True,8.219875,0.7162377238273621,0.7882388830184937,0.7196611166000366,0.7871774435043335,0.9943838119506836,0.20839831233024597,0.5028297305107117,0.5054694414138794,0.7300757169723511,0.11644324660301208,0.7374593019485474,0.16734743118286133,0.9967659115791321,0.010927850380539894
fusion_calibration,cal_b,wavefake_ajay,WF4,False,1.0,1.0,0.0,1.0,0.0,0.9993297389275247,0.9993297389275247,,False,5.0039375,0.7816941142082214,0.8309035897254944,0.7874293923377991,0.8300514817237854,0.9920672178268433,0.2586631774902344,0.502625048160553,0.5049220323562622,0.8004109263420105,0.24369899928569794,0.8048731684684753,0.31313011050224304,0.9918179512023926,0.02333008497953415
fusion_calibration,cal_a,fake_music_generated,AudioLDM2,False,1.0,0.0,1.0,0.0,1.0,0.9454093312841771,0.9454093312841771,,False,4.1818125,0.5246703028678894,0.9999018907546997,0.5516571998596191,0.9998794794082642,0.741664469242096,0.9964843988418579,0.5013272166252136,0.5019481182098389,0.8505978584289551,0.9979181885719299,0.8582126498222351,0.9980610013008118,0.060424190014600754,0.8611561059951782
fusion_calibration,cal_b,split_internal_mix,mix::WF7::AudioLDM2,True,1.0,1.0,1.0,1.0,1.0,0.6426865658321398,0.905040553681755,0.3803325779825247,True,8.3593125,0.671335756778717,0.9998693466186523,0.6794929504394531,0.9998464584350586,0.8382115364074707,0.9969960451126099,0.50245201587677,0.5037699937820435,0.7193928956985474,0.976044774055481,0.7123262882232666,0.9765822291374207,0.029239816591143608,0.8553118705749512
fusion_calibration,cal_c,librispeech_dev,LibriSpeech,False,0.0,0.0,0.0,1.0,0.0,0.015606413481561101,0.015606413481561101,,False,4.415,0.21188028156757355,0.7862833142280579,0.21443815529346466,0.7843799591064453,0.999300479888916,0.21926529705524445,0.502700924873352,0.5043497681617737,0.028472771868109703,0.24510698020458221,0.030323781073093414,0.3187360167503357,0.9987819790840149,0.017369983717799187
fusion_calibration,cal_a,split_internal_mix,mix::R::AudioLDM2,True,1.0,0.0,1.0,1.0,1.0,0.3017369608905009,0.5150269339350452,0.08844698784595663,True,8.5869375,0.6489529609680176,0.9994874000549316,0.663222074508667,0.9994266033172607,0.7901219725608826,0.9864203929901123,0.5016560554504395,0.5025389790534973,0.7555711269378662,0.9788386225700378,0.749803900718689,0.978163480758667,0.08164949715137482,0.8079807162284851
fusion_calibration,cal_b,wavefake_ajay,WF1,False,1.0,1.0,0.0,1.0,0.0,0.999239809994225,0.999239809994225,,False,2.2871875,0.7250165939331055,0.6618317365646362,0.7401943206787109,0.6632938385009766,0.9961428046226501,0.1752341091632843,0.504138708114624,0.5073735117912292,0.7256205677986145,0.08883658051490784,0.7272205948829651,0.161420539021492,0.9987844824790955,0.0003984202048741281
fusion_calibration,cal_c,split_internal_mix,mix::WF5::GTZAN_genre_1,True,1.0,1.0,0.0,1.0,1.0,0.22644305197380615,0.19601087872671763,0.2568752252208947,True,30.013375,0.538945198059082,1.1085457117587794e-05,0.5376213788986206,1.1409236321924254e-05,0.4392199218273163,0.999960720539093,0.5014399886131287,0.5022261142730713,0.3858721852302551,0.02970346063375473,0.40017151832580566,0.02955947443842888,0.0020232277456671,0.9583690166473389
fusion_calibration,cal_b,split_internal_mix,mix::WF1::MusicGen,True,1.0,1.0,1.0,1.0,1.0,0.9086321163396902,0.9989538046448445,0.8183104280345358,True,8.0658125,0.7393063902854919,0.9838602542877197,0.7439708709716797,0.9832047820091248,0.9726176857948303,0.8404440879821777,0.5027538537979126,0.5045677423477173,0.6851858496665955,0.7036177515983582,0.6837053298950195,0.741199254989624,0.739088237285614,0.2005152553319931
fusion_calibration,cal_c,split_internal_mix,mix::LibriSpeech::GTZAN_genre_5,True,0.0,0.0,0.0,1.0,1.0,0.34948059049977986,0.07081377022327659,0.6281474107762831,True,32.673375,0.18787109851837158,0.02779107168316841,0.1895100176334381,0.028477540239691734,0.9949763417243958,0.9629421830177307,0.503678023815155,0.5064714550971985,0.0008555394597351551,0.20269665122032166,0.0010024583898484707,0.27769529819488525,0.9804360866546631,0.008406770415604115
fusion_calibration,cal_c,split_internal_mix,mix::WF7::MusicGen,True,1.0,1.0,1.0,1.0,1.0,0.6505465925520388,0.8336146964508707,0.46747848865320685,True,14.108125,0.5978928208351135,0.9999482035636902,0.6108396053314209,0.9999371767044067,0.7928483486175537,0.998438835144043,0.5018422603607178,0.5025588274002075,0.6189893484115601,0.9991856813430786,0.6167474985122681,0.9992630481719971,0.015188584104180336,0.9539930820465088
fusion_calibration,cal_c,gtzan_real,GTZAN_genre_2,False,0.0,0.0,0.0,0.0,1.0,0.4153337133449305,0.22364440775081293,0.6070230189390481,True,30.013375,0.5226948857307434,0.00018769563757814467,0.5379540920257568,0.00019296038954053074,0.5319929718971252,0.9992949366569519,0.5013512969017029,0.5022844672203064,0.4439416825771332,0.003109837882220745,0.4539276659488678,0.0033995304256677628,0.019406959414482117,0.9579927325248718
fusion_calibration,cal_b,split_internal_mix,mix::WF2::MusicGen,True,1.0,1.0,1.0,1.0,1.0,0.9289775551775195,0.9648501973418865,0.8931049130131523,True,10.9066875,0.5157719850540161,0.9991123080253601,0.526447057723999,0.9989948272705078,0.835331916809082,0.9788993000984192,0.5016595125198364,0.5023855566978455,0.8333501815795898,0.984633207321167,0.8364831209182739,0.9873597621917725,0.27454042434692383,0.5741185545921326
fusion_calibration,cal_c,split_internal_mix,mix::WF7::GTZAN_genre_5,True,1.0,1.0,0.0,1.0,1.0,0.6312275289726315,0.8048695892192632,0.45758546872599964,True,31.7316875,0.5359865427017212,0.000583894841838628,0.5340641736984253,0.0005883912090212107,0.5819635391235352,0.9983757138252258,0.5015354752540588,0.5024276375770569,0.23888333141803741,0.27262452244758606,0.25394731760025024,0.2649458944797516,0.006227558478713036,0.8688305020332336
fusion_calibration,cal_c,wavefake_ajay,WF5,False,1.0,1.0,0.0,1.0,0.0,0.9936276102768014,0.9942574457683365,0.9929977747852663,True,7.163375,0.6379459500312805,0.8331699967384338,0.6440456509590149,0.8327227234840393,0.997368574142456,0.22039496898651123,0.5027005672454834,0.5052192807197571,0.7500185966491699,0.1656782329082489,0.7566829323768616,0.22682185471057892,0.9970531463623047,0.011980065144598484
fusion_calibration,cal_c,librispeech_dev,LibriSpeech,False,0.0,0.0,0.0,1.0,0.0,0.01353053514335653,0.01353053514335653,,False,4.66,0.11475276201963425,0.5935536026954651,0.11773891001939774,0.5890862941741943,0.9996157884597778,0.23918157815933228,0.5032722353935242,0.5055401921272278,0.0006423471495509148,0.13742206990718842,0.000782508053816855,0.19319723546504974,0.9996925592422485,0.009020466357469559
fusion_calibration,cal_b,split_internal_mix,mix::WF7::GTZAN_genre_4,True,1.0,1.0,0.0,1.0,1.0,0.15905292330800525,0.07991406661225339,0.23819178000375707,True,30.013375,0.32384949922561646,0.07620656490325928,0.3251289129257202,0.0759965181350708,0.9863407015800476,0.836586058139801,0.5021209716796875,0.5038402676582336,0.02233031764626503,0.10012158006429672,0.0232834592461586,0.1126667857170105,0.9254105687141418,0.2450896054506302
fusion_calibration,cal_a,split_internal_mix,mix::WF4::GTZAN_genre_3,True,1.0,1.0,0.0,1.0,1.0,0.4662739417427797,0.6466214610753028,0.28592642241025656,True,38.0466875,0.5424045324325562,9.480486187385395e-05,0.5480067729949951,9.417177352588624e-05,0.48587116599082947,0.9994408488273621,0.5011278986930847,0.5020236968994141,0.507994532585144,0.004742957651615143,0.5217123031616211,0.0050588445737957954,0.009761716239154339,0.9418383240699768
fusion_calibration,cal_b,split_internal_mix,mix::LibriSpeech::GTZAN_genre_1,True,0.0,0.0,0.0,1.0,1.0,0.010387730416878314,0.011979545276015137,0.008795915557741493,True,30.013375,0.25480809807777405,0.5188033580780029,0.25376975536346436,0.5172481536865234,0.9889276623725891,0.6503048539161682,0.5019240379333496,0.5047211647033691,0.03455750644207001,0.15574169158935547,0.03538487106561661,0.19987885653972626,0.9358260035514832,0.0672701820731163
fusion_calibration,cal_b,split_internal_mix,mix::LibriSpeech::GTZAN_genre_4,True,0.0,0.0,0.0,1.0,1.0,0.48784201596996946,0.2961957753680607,0.6794882565718783,True,40.759375,0.5516554117202759,0.010237748734652996,0.5640331506729126,0.010148616507649422,0.6598979830741882,0.9482727646827698,0.5010494589805603,0.5019146800041199,0.5534143447875977,0.011952882632613182,0.5484403371810913,0.012683087959885597,0.17279191315174103,0.7854869365692139
fusion_calibration,cal_b,split_internal_mix,mix::A02::GTZAN_genre_2,True,1.0,1.0,0.0,1.0,1.0,0.9444846401501277,0.9865720089947564,0.9023972713054988,True,32.65975,0.6073840260505676,0.08109762519598007,0.6199585199356079,0.07919205725193024,0.6956267356872559,0.8430838584899902,0.5015450716018677,0.5029669404029846,0.45347094535827637,0.01938924938440323,0.4579184353351593,0.02860702946782112,0.3386082947254181,0.6364383101463318
fusion_calibration,cal_a,split_internal_mix,mix::WF7::AudioLDM2,True,1.0,1.0,1.0,1.0,1.0,0.9316885577584166,0.8935222652003547,0.9698548503164786,True,10.5460625,0.5508172512054443,0.9989194869995117,0.5615435838699341,0.9987878203392029,0.8266125321388245,0.9746912717819214,0.5016525387763977,0.5024369359016418,0.7177587747573853,0.9843323230743408,0.7164705991744995,0.9870434999465942,0.40156036615371704,0.6101113557815552
fusion_calibration,cal_b,librispeech_dev,LibriSpeech,False,0.0,0.0,0.0,1.0,0.0,0.019064143376340867,0.01517583224286359,0.022952454509818143,True,8.37,0.3007391095161438,0.3833792209625244,0.30348023772239685,0.3831580579280853,0.985200047492981,0.7024282217025757,0.5025293827056885,0.5050885677337646,0.006595440674573183,0.36241546273231506,0.007060646079480648,0.4467198848724365,0.9896347522735596,0.032423730939626694
fusion_calibration,cal_c,split_internal_mix,mix::WF5::AudioLDM2,True,1.0,1.0,1.0,1.0,1.0,0.9988987878201429,0.9996287828780558,0.9981687927622299,True,9.7291875,0.7499101161956787,0.905075192451477,0.7555646300315857,0.9047373533248901,0.9742076396942139,0.4445657730102539,0.5020058155059814,0.5036386847496033,0.7401388883590698,0.08170432597398758,0.7454142570495605,0.09871478378772736,0.9318137168884277,0.18675965070724487
fusion_calibration,cal_b,split_internal_mix,mix::WF7::GTZAN_genre_2,True,1.0,1.0,0.0,1.0,1.0,0.6806256350695579,0.9985281465633038,0.3627231235758119,True,34.3446875,0.61461341381073,0.37266409397125244,0.6231939792633057,0.3736322224140167,0.9159708023071289,0.7337069511413574,0.5016862750053406,0.5032446980476379,0.32664576172828674,0.09934884309768677,0.3334631025791168,0.13293775916099548,0.3837548792362213,0.36774441599845886
fusion_calibration,cal_b,fake_music_generated,AudioLDM2,False,1.0,0.0,1.0,0.0,1.0,0.9553340007252,0.9553340007252,,False,5.7345625,0.5380890965461731,0.999984860420227,0.5651570558547974,0.9999804496765137,0.669691264629364,0.9989070892333984,0.5015323162078857,0.5019495487213135,0.7213307619094849,0.9996333122253418,0.7325223684310913,0.9996629953384399,0.029004739597439766,0.9630391001701355
fusion_calibration,cal_c,split_internal_mix,mix::WF6::AudioLDM2,True,1.0,1.0,1.0,1.0,1.0,0.7501957826590866,0.9927417950605986,0.5076497702575746,True,7.917375,0.7623733878135681,0.9357197880744934,0.7683573961257935,0.9337477684020996,0.9914692044258118,0.500728189945221,0.502721905708313,0.5050113201141357,0.7778316736221313,0.2067071944475174,0.7798455357551575,0.270651638507843,0.9777392745018005,0.02054121531546116
fusion_calibration,cal_b,split_internal_mix,mix::LibriSpeech::GTZAN_genre_8,True,0.0,0.0,0.0,1.0,1.0,0.022474053476343347,0.011171083928272223,0.033777023024414474,True,30.0001875,0.23902609944343567,0.05231923609972,0.2382296770811081,0.05185289680957794,0.989676296710968,0.94482421875,0.5028653740882874,0.5047962665557861,0.00318943802267313,0.17837223410606384,0.003608680795878172,0.23646822571754456,0.9448069930076599,0.11448508501052856
fusion_calibration,cal_b,split_internal_mix,mix::WF5::GTZAN_genre_2,True,1.0,1.0,0.0,1.0,1.0,0.46273581502439254,0.33002698615172466,0.5954446438970604,True,33.2468125,0.5315685272216797,7.579458178952336e-05,0.5412684679031372,7.805423956597224e-05,0.48299458622932434,0.9996821880340576,0.5013771653175354,0.5023362040519714,0.47498252987861633,0.0035757720470428467,0.4862843453884125,0.003872529836371541,0.012244239449501038,0.9606854319572449
fusion_calibration,cal_c,wavefake_ajay,R,False,0.0,0.0,0.0,1.0,0.0,0.5042856142921239,0.5042856142921239,,False,3.7571875,0.7312490344047546,0.7143934369087219,0.7361003160476685,0.7133159637451172,0.9882799386978149,0.23697668313980103,0.5026163458824158,0.5048418641090393,0.6130576133728027,0.1705659180879593,0.6193209886550903,0.23077891767024994,0.982815682888031,0.017357494682073593
fusion_calibration,cal_b,split_internal_mix,mix::A02::GTZAN_genre_4,True,1.0,1.0,0.0,1.0,1.0,0.7616506207116969,0.7316981000982301,0.7916031413251636,True,32.523375,0.5490720272064209,0.007277628406882286,0.5586115717887878,0.007204760797321796,0.6891339421272278,0.9621620178222656,0.5010706782341003,0.5019382834434509,0.559015154838562,0.012473470531404018,0.5531439185142517,0.013332899659872055,0.17748355865478516,0.7870433926582336
fusion_calibration,cal_c,fake_music_generated,MusicGen,False,1.0,0.0,1.0,0.0,1.0,0.8990153649981859,0.8990153649981859,,False,4.1011875,0.5424327850341797,0.9999899864196777,0.5646712779998779,0.9999871253967285,0.6749076247215271,0.9992215633392334,0.5013763308525085,0.5022315382957458,0.6410886645317078,0.9995996356010437,0.6514177918434143,0.9996281862258911,0.009091186337172985,0.9724358320236206
fusion_calibration,cal_c,split_internal_mix,mix::LibriSpeech::GTZAN_genre_5,True,0.0,0.0,0.0,1.0,1.0,0.6339422716422444,0.7238003402692553,0.5440842030152334,True,31.997875,0.5350399017333984,0.000621383951511234,0.5323625206947327,0.0006236980552785099,0.610173225402832,0.9980677962303162,0.5015415549278259,0.5024394392967224,0.22571542859077454,0.2983764111995697,0.24002306163311005,0.2894723415374756,0.006044699344784021,0.8603008389472961
fusion_calibration,cal_b,split_internal_mix,mix::WF5::AudioLDM2,True,1.0,1.0,1.0,1.0,1.0,0.8975570311297092,0.9264601817674705,0.868653880491948,True,12.34325,0.6270507574081421,0.9998236894607544,0.6392424702644348,0.9997950792312622,0.8225764632225037,0.995826005935669,0.5025137662887573,0.5041412115097046,0.6000049710273743,0.986985445022583,0.5944592952728271,0.990223228931427,0.1214519813656807,0.6114900708198547
fusion_calibration,cal_a,split_internal_mix,mix::R::GTZAN_genre_6,True,0.0,0.0,0.0,1.0,1.0,0.5554975877694652,0.7964243499083955,0.31457082563053484,True,32.965875,0.6031256914138794,0.3363320529460907,0.6074210405349731,0.33273202180862427,0.919366180896759,0.7413439750671387,0.5012422204017639,0.5021040439605713,0.47190922498703003,0.08616597950458527,0.47836747765541077,0.103312186896801,0.3592264652252197,0.38377055525779724
fusion_calibration,cal_b,gtzan_real,GTZAN_genre_2,False,0.0,0.0,0.0,0.0,1.0,0.42964287032566406,0.21589301339100536,0.6433927272603227,True,30.013375,0.5226956009864807,0.0001876444002846256,0.5379543304443359,0.00019290775526314974,0.5319868326187134,0.9992950558662415,0.5013512969017029,0.5022844672203064,0.44395172595977783,0.003109813667833805,0.4539380967617035,0.0033995043486356735,0.01940520852804184,0.9579932689666748
fusion_calibration,cal_b,wavefake_ajay,WF5,False,1.0,1.0,0.0,1.0,0.0,0.9972614557570084,0.9976129053549224,0.9969100061590944,True,9.5201875,0.7015068531036377,0.7991471290588379,0.7066272497177124,0.7973943948745728,0.9939695596694946,0.22085517644882202,0.5030316114425659,0.5051459074020386,0.7398352026939392,0.18004673719406128,0.7452365159988403,0.24839752912521362,0.996579110622406,0.009786109440028667
fusion_calibration,cal_c,librispeech_dev,LibriSpeech,False,0.0,0.0,0.0,1.0,0.0,0.011508958347371524,0.012108174618858561,0.010909742075884485,True,7.855,0.2567199766635895,0.7550673484802246,0.259523868560791,0.7583809494972229,0.9968337416648865,0.45148321986198425,0.5026817917823792,0.5046809315681458,0.060042280703783035,0.3304506838321686,0.06156919524073601,0.406306654214859,0.9932823181152344,0.034281566739082336
fusion_calibration,cal_b,asvspoof2019,A02,False,1.0,1.0,0.0,1.0,0.0,0.9970345789640364,0.9970345789640364,,False,2.23575,0.6578313112258911,0.4663883447647095,0.6748794317245483,0.46666350960731506,0.995092511177063,0.1901378482580185,0.5048657059669495,0.5086761116981506,0.4907159209251404,0.07026733458042145,0.48485514521598816,0.14543592929840088,0.9987757802009583,7.162403198890388e-05
fusion_calibration,cal_a,split_internal_mix,mix::WF7::AudioLDM2,True,1.0,1.0,1.0,1.0,1.0,0.928118941774875,0.9081244150917213,0.9481134684580287,True,15.4296875,0.6342737078666687,0.7324787974357605,0.6423887014389038,0.7311106324195862,0.9958851337432861,0.24117127060890198,0.503413200378418,0.5058274865150452,0.5576059222221375,0.16779586672782898,0.56572425365448,0.2376941442489624,0.99697345495224,0.006333702243864536
fusion_calibration,cal_b,split_internal_mix,mix::WF4::GTZAN_genre_4,True,1.0,1.0,0.0,1.0,1.0,0.5724656666597658,0.9966835661834849,0.1482477671360467,True,33.3005625,0.40849119424819946,0.34472817182540894,0.4154996871948242,0.3451099395751953,0.9968409538269043,0.5961928367614746,0.5034312605857849,0.5058322548866272,0.19347602128982544,0.19477242231369019,0.19834914803504944,0.24793174862861633,0.9970962405204773,0.023073280230164528
fusion_calibration,cal_c,split_internal_mix,mix::LibriSpeech::MusicGen,True,1.0,0.0,1.0,1.0,1.0,0.4852363940142444,0.14648420226959516,0.8239885857588937,True,8.79725,0.6339848637580872,0.9999792575836182,0.6329201459884644,0.9999746084213257,0.8562597036361694,0.9993846416473389,0.5029945373535156,0.5048221945762634,0.8599100112915039,0.9873199462890625,0.8651517629623413,0.9890824556350708,0.005367625039070845,0.8567432165145874
fusion_calibration,cal_a,gtzan_real,GTZAN_genre_5,False,0.0,0.0,0.0,0.0,1.0,0.6463529835885538,0.7018308998499878,0.5908750673271197,True,30.013375,0.5249983072280884,0.0017073542112484574,0.5232666730880737,0.0017237141728401184,0.6494014263153076,0.9965206980705261,0.5015363693237305,0.5025628209114075,0.19922563433647156,0.2309994101524353,0.20974576473236084,0.23097997903823853,0.012663893401622772,0.8090466856956482
fusion_calibration,cal_c,librispeech_dev,LibriSpeech,False,0.0,0.0,0.0,1.0,0.0,0.022042119354407908,0.022042119354407908,,False,3.48,0.28777822852134705,0.5670616030693054,0.2942269742488861,0.566135048866272,0.9981489181518555,0.20441743731498718,0.5035173296928406,0.5063567757606506,0.004788111429661512,0.12179907411336899,0.0053111594170331955,0.18728934228420258,0.9995362758636475,0.0025734039954841137
fusion_calibration,cal_a,split_internal_mix,mix::WF7::AudioLDM2,True,1.0,1.0,1.0,1.0,1.0,0.8213793233522738,0.8213793233522738,,False,6.68325,0.5573723316192627,0.9999539852142334,0.5768830180168152,0.9999439716339111,0.7456507086753845,0.998252809047699,0.5015291571617126,0.5022575855255127,0.6336543560028076,0.9988453388214111,0.6390750408172607,0.9989047050476074,0.01640407182276249,0.9482188820838928
fusion_calibration,cal_a,fake_music_generated,AudioLDM2,False,1.0,0.0,1.0,0.0,1.0,0.8680654354714281,0.8680654354714281,,False,4.603875,0.5691426396369934,0.9999779462814331,0.5890226364135742,0.9999723434448242,0.7056688666343689,0.9990296363830566,0.5017431974411011,0.5023137927055359,0.717513918876648,0.999744713306427,0.7211400866508484,0.9997685551643372,0.010178709402680397,0.9799985289573669
fusion_calibration,cal_a,fake_music_generated,AudioLDM2,False,1.0,0.0,1.0,0.0,1.0,0.8678887228197579,0.8678887228197579,,False,5.129875,0.5538602471351624,0.9999833106994629,0.5756330490112305,0.9999792575836182,0.648526132106781,0.9992955923080444,0.5015416741371155,0.5022492408752441,0.6514431238174438,0.9998940229415894,0.6575812697410583,0.9999066591262817,0.006518261041492224,0.9869411587715149
fusion_calibration,cal_a,split_internal_mix,mix::R::GTZAN_genre_1,True,0.0,0.0,0.0,1.0,1.0,0.22620627951957667,0.1947915533023474,0.2576210057368059,True,39.6003125,0.5424807071685791,3.590337428249768e-06,0.5403051376342773,3.6860683394479565e-06,0.4271151125431061,0.9999833703041077,0.5014081597328186,0.5021738409996033,0.36547255516052246,0.03173629194498062,0.3798016309738159,0.03144048899412155,0.001363673247396946,0.9589878916740417
fusion_calibration,cal_b,split_internal_mix,mix::LibriSpeech::AudioLDM2,True,1.0,0.0,1.0,1.0,1.0,0.16617751952407975,0.16617751952407975,,False,5.058875,0.21045300364494324,0.9774651527404785,0.21276791393756866,0.9788212776184082,0.9927657842636108,0.956724226474762,0.503109872341156,0.5059713125228882,0.001754079945385456,0.15627536177635193,0.0020012580789625645,0.21777166426181793,0.922174870967865,0.013176915235817432
fusion_calibration,cal_b,split_internal_mix,mix::A02::GTZAN_genre_6,True,1.0,1.0,0.0,1.0,1.0,0.2394509585739626,0.2505420035433058,0.22835991360461938,True,33.523375,0.5319658517837524,0.00023304004571400583,0.5309422016143799,0.00023493781918659806,0.41592279076576233,0.9992215037345886,0.5012027621269226,0.5025148987770081,0.557915449142456,0.0009465963812544942,0.5699557065963745,0.001060397014953196,0.012118621729314327,0.9879636168479919
fusion_calibration,cal_c,split_internal_mix,mix::LibriSpeech::MusicGen,True,1.0,0.0,1.0,1.0,1.0,0.010817648384508275,0.012365168394079869,0.009270128374936683,True,20.69225,0.4167354106903076,0.907636821269989,0.4213041067123413,0.9049365520477295,0.9967538118362427,0.30429983139038086,0.5025906562805176,0.5045305490493774,0.19122374057769775,0.34749025106430054,0.1931769996881485,0.4259939193725586,0.9922759532928467,0.03273455426096916
fusion_calibration,cal_b,librispeech_dev,LibriSpeech,False,0.0,0.0,0.0,1.0,0.0,0.01680413684644231,0.01714947962977024,0.016458794063114374,True,11.94,0.19415712356567383,0.8809049725532532,0.20027989149093628,0.8802394866943359,0.9993408918380737,0.2023441195487976,0.5027824640274048,0.5053203105926514,0.02732103317975998,0.23908013105392456,0.0289396271109581,0.33295029401779175,0.9991734027862549,0.005940678529441357
fusion_calibration,cal_a,split_internal_mix,mix::WF5::GTZAN_genre_4,True,1.0,1.0,0.0,1.0,1.0,0.5857271394741113,0.49060400746936583,0.6808502714788566,True,30.013375,0.5389362573623657,0.002596342470496893,0.5507465600967407,0.0025895116850733757,0.4945427477359772,0.9845401644706726,0.5010319352149963,0.5021045804023743,0.6305221915245056,0.004731026012450457,0.6306623816490173,0.00505833700299263,0.0995078980922699,0.8964593410491943
fusion_calibration,cal_b,split_internal_mix,mix::bonafide::AudioLDM2,True,1.0,0.0,1.0,1.0,1.0,0.5785770701089884,0.2972884492842553,0.8598656909337216,True,7.4999375,0.4645453095436096,0.9994581341743469,0.4710691273212433,0.9993771910667419,0.9907698035240173,0.9874890446662903,0.5036302804946899,0.5060404539108276,0.047239430248737335,0.4920079708099365,0.047854285687208176,0.6017294526100159,0.7619384527206421,0.018365545198321342
fusion_calibration,cal_c,gtzan_real,GTZAN_genre_5,False,0.0,0.0,0.0,0.0,1.0,0.6463529835885538,0.7018308998499878,0.5908750673271197,True,30.013375,0.5249983072280884,0.0017073542112484574,0.5232666730880737,0.0017237141728401184,0.6494014263153076,0.9965206980705261,0.5015363693237305,0.5025628209114075,0.19922563433647156,0.2309994101524353,0.20974576473236084,0.23097997903823853,0.012663893401622772,0.8090466856956482
fusion_calibration,cal_a,gtzan_real,GTZAN_genre_5,False,0.0,0.0,0.0,0.0,1.0,0.6463529835885538,0.7018308998499878,0.5908750673271197,True,30.013375,0.5249983072280884,0.0017073542112484574,0.5232666730880737,0.0017237141728401184,0.6494014263153076,0.9965206980705261,0.5015363693237305,0.5025628209114075,0.19922563433647156,0.2309994101524353,0.20974576473236084,0.23097997903823853,0.012663893401622772,0.8090466856956482
fusion_calibration,cal_b,asvspoof2019,bonafide,False,0.0,0.0,0.0,1.0,0.0,0.041304447798452465,0.041304447798452465,,False,2.4700625,0.5360162258148193,0.4803861081600189,0.5537613034248352,0.48035112023353577,0.9965492486953735,0.15099693834781647,0.5041730403900146,0.5076809525489807,0.10283052921295166,0.07182169705629349,0.10534282773733139,0.14004848897457123,0.9995854496955872,0.00015080060984473675
fusion_calibration,cal_a,split_internal_mix,mix::R::GTZAN_genre_0,True,0.0,0.0,0.0,1.0,1.0,0.335954033596161,0.40030020994530674,0.27160785724701525,True,39.6003125,0.586942195892334,0.4520348906517029,0.5842549204826355,0.450703501701355,0.8562329411506653,0.7534945011138916,0.5021646618843079,0.5040384531021118,0.3521133065223694,0.41395503282546997,0.3566815257072449,0.4268624782562256,0.369627982378006,0.3912842571735382
fusion_calibration,cal_b,fake_music_generated,AudioLDM2,False,1.0,0.0,1.0,0.0,1.0,0.9579650400661189,0.9579650400661189,,False,5.058875,0.5160781741142273,0.9999798536300659,0.5361554622650146,0.9999743700027466,0.7249310612678528,0.9987351298332214,0.5010954737663269,0.5018665194511414,0.6171671748161316,0.9990910291671753,0.6230807900428772,0.9991412162780762,0.012255646288394928,0.950874924659729
fusion_calibration,cal_b,split_internal_mix,mix::WF1::AudioLDM2,True,1.0,1.0,1.0,1.0,1.0,0.9343281010058113,0.9986421790532274,0.8700140229583951,True,7.287,0.7493728399276733,0.9867897629737854,0.754648745059967,0.98602294921875,0.9811320304870605,0.8005106449127197,0.5025060176849365,0.5044034123420715,0.6046968102455139,0.31677132844924927,0.6112534403800964,0.3735814094543457,0.9426165819168091,0.05675782635807991
fusion_calibration,cal_a,split_internal_mix,mix::WF5::AudioLDM2,True,1.0,1.0,1.0,1.0,1.0,0.9296830080996905,0.8788258186428157,0.9805401975565652,True,6.7570625,0.6760795712471008,0.9995338916778564,0.680519163608551,0.9994654059410095,0.9260410666465759,0.9927491545677185,0.502342939376831,0.5036507844924927,0.5411224961280823,0.9388880729675293,0.5302943587303162,0.9390581250190735,0.08422107249498367,0.7179830074310303
fusion_calibration,cal_c,split_internal_mix,mix::LibriSpeech::GTZAN_genre_2,True,0.0,0.0,0.0,1.0,1.0,0.22970177960536603,0.27181106935970706,0.18759248985102503,True,31.848375,0.5259783267974854,0.010860279202461243,0.5401694178581238,0.010979264043271542,0.6644735932350159,0.9776167869567871,0.5015440583229065,0.5026509761810303,0.44070911407470703,0.014051413163542747,0.4510205388069153,0.016507253050804138,0.2684538662433624,0.8027921319007874
fusion_calibration,cal_c,split_internal_mix,mix::WF7::AudioLDM2,True,1.0,1.0,1.0,1.0,1.0,0.8139613039409996,0.8783859901987066,0.7495366176832926,True,8.3280625,0.635043740272522,0.9999669790267944,0.6496989727020264,0.9999604225158691,0.773535430431366,0.9990752339363098,0.5027680397033691,0.5037120580673218,0.8443576097488403,0.997018575668335,0.8455040454864502,0.9971790909767151,0.01342562586069107,0.9511679410934448
fusion_calibration,cal_c,librispeech_dev,LibriSpeech,False,0.0,0.0,0.0,1.0,0.0,0.017372558838247978,0.017372558838247978,,False,3.585,0.1891789436340332,0.44480061531066895,0.19631168246269226,0.4485572874546051,0.9991833567619324,0.22064094245433807,0.5036894083023071,0.506470263004303,0.002481865929439664,0.14492551982402802,0.0028566806577146053,0.218843013048172,0.9998127818107605,0.002354862168431282
fusion_calibration,cal_c,wavefake_ajay,WF7,False,1.0,1.0,0.0,1.0,0.0,0.9479340942599105,0.9479340942599105,,False,3.308875,0.7385076284408569,0.8627098202705383,0.7467238306999207,0.8596928715705872,0.9829997420310974,0.24488036334514618,0.5027474761009216,0.5048927068710327,0.7466933727264404,0.17714403569698334,0.7509905695915222,0.2453005611896515,0.9950182437896729,0.010174962691962719
fusion_calibration,cal_b,wavefake_ajay,WF5,False,1.0,1.0,0.0,1.0,0.0,0.9976080134963237,0.9987974779982544,0.996418548994393,True,6.4668125,0.7413097620010376,0.7692334055900574,0.748769998550415,0.7677615284919739,0.9896710515022278,0.2490653246641159,0.5029793381690979,0.5052577257156372,0.7510929107666016,0.16033236682415009,0.753290593624115,0.22228996455669403,0.992348313331604,0.011524699628353119
fusion_calibration,cal_b,split_internal_mix,mix::bonafide::GTZAN_genre_4,True,0.0,0.0,0.0,1.0,1.0,0.21195994231462734,0.13373407226621944,0.2901858123630352,True,30.013375,0.3868935704231262,0.06676819920539856,0.38927900791168213,0.06557305157184601,0.9738169312477112,0.8149933218955994,0.5017015933990479,0.5030028223991394,0.05982480198144913,0.051932450383901596,0.06091056764125824,0.05726425349712372,0.7571844458580017,0.3399352729320526
fusion_calibration,cal_c,split_internal_mix,mix::WF5::MusicGen,True,1.0,1.0,1.0,1.0,1.0,0.9925685072827589,0.9934582115330414,0.9916788030324765,True,9.7291875,0.7392563223838806,0.9789830446243286,0.7506276369094849,0.9785627126693726,0.9158397912979126,0.7117918729782104,0.5017815232276917,0.5028023719787598,0.8283957242965698,0.38977545499801636,0.828266978263855,0.40074247121810913,0.7033243179321289,0.47783493995666504
fusion_calibration,cal_b,split_internal_mix,mix::LibriSpeech::AudioLDM2,True,1.0,0.0,1.0,1.0,1.0,0.480596006662014,0.9195888292045674,0.041603184119460665,True,13.013875,0.6120432615280151,0.9997983574867249,0.6195372343063354,0.9997657537460327,0.8803000450134277,0.9959014654159546,0.5024511814117432,0.5035703182220459,0.5327529907226562,0.9808589220046997,0.5282859802246094,0.9838026762008667,0.10348911583423615,0.6678511500358582
fusion_calibration,cal_a,split_internal_mix,mix::R::AudioLDM2,True,1.0,0.0,1.0,1.0,1.0,0.6909109834789718,0.8918950144472509,0.4899269525106928,True,13.81875,0.5726250410079956,0.9994791746139526,0.5834269523620605,0.9994162917137146,0.8182877898216248,0.9894989728927612,0.502112865447998,0.5033965706825256,0.675627589225769,0.9861632585525513,0.6748250722885132,0.9897620677947998,0.19786325097084045,0.5911175608634949
fusion_calibration,cal_a,fake_music_generated,AudioLDM2,False,1.0,0.0,1.0,0.0,1.0,0.9361435759636686,0.9361435759636686,,False,4.1760625,0.5422420501708984,0.9999699592590332,0.568120002746582,0.9999632835388184,0.6670463681221008,0.9987834095954895,0.5018132925033569,0.5024594068527222,0.8143461346626282,0.9995143413543701,0.8247601985931396,0.9995476603507996,0.011565239168703556,0.968364417552948
fusion_calibration,cal_a,split_internal_mix,mix::WF5::AudioLDM2,True,1.0,1.0,1.0,1.0,1.0,0.9906750351310945,0.9842190739216545,0.9971309963405343,True,11.0156875,0.7637304067611694,0.8536653518676758,0.7723391056060791,0.8555474281311035,0.994857668876648,0.1919293850660324,0.5026130676269531,0.504849374294281,0.8164578676223755,0.16531586647033691,0.8231526613235474,0.22308272123336792,0.9986456632614136,0.014532031491398811
fusion_calibration,cal_b,split_internal_mix,mix::A01::AudioLDM2,True,1.0,1.0,1.0,1.0,1.0,0.9299955430864244,0.999641809308115,0.8603492768647338,True,8.6585625,0.4965917766094208,0.9073954820632935,0.5091646313667297,0.9069221019744873,0.9989092946052551,0.39962702989578247,0.5030146837234497,0.5050767660140991,0.08567790687084198,0.1755528748035431,0.08775632083415985,0.24518384039402008,0.9965634346008301,0.0060670762322843075
fusion_calibration,cal_c,split_internal_mix,mix::LibriSpeech::GTZAN_genre_0,True,0.0,0.0,0.0,1.0,1.0,0.046434969001374324,0.013052506891129877,0.07981743111161876,True,36.083375,0.1433120220899582,0.3670705258846283,0.14580318331718445,0.3699128031730652,0.9984604716300964,0.6740790009498596,0.5041020512580872,0.5071882605552673,0.0066444361582398415,0.15136247873306274,0.007121391594409943,0.23641040921211243,0.9978621602058411,0.002835139399394393
fusion_calibration,cal_b,wavefake_ajay,WF1,False,1.0,1.0,0.0,1.0,0.0,0.9996116280025741,0.9996116280025741,,False,4.7020625,0.7943558096885681,0.8329065442085266,0.8014613389968872,0.8317430019378662,0.9887356162071228,0.27714619040489197,0.5025832056999207,0.5049787163734436,0.770790159702301,0.25854116678237915,0.7756734490394592,0.32618412375450134,0.9858825206756592,0.027678873389959335
fusion_calibration,cal_b,split_internal_mix,mix::LibriSpeech::GTZAN_genre_3,True,0.0,0.0,0.0,1.0,1.0,0.49168384239052565,0.6985080598724922,0.2848596249085591,True,30.0001875,0.5409655570983887,8.02338618086651e-05,0.5473529100418091,7.97318498371169e-05,0.46773967146873474,0.9994423389434814,0.5011199116706848,0.5020621418952942,0.5259230136871338,0.004693714901804924,0.5402817726135254,0.004971017129719257,0.01291938778012991,0.9473719596862793
fusion_calibration,cal_a,split_internal_mix,mix::R::GTZAN_genre_6,True,0.0,0.0,0.0,1.0,1.0,0.556655818217791,0.37624062425376525,0.7370710121818168,True,38.7003125,0.5254534482955933,0.000374070048565045,0.5313997268676758,0.0003781896666623652,0.4704643487930298,0.9986615180969238,0.5010192394256592,0.5021741390228271,0.5332653522491455,0.001548444153741002,0.5439406633377075,0.001716307015158236,0.01704426482319832,0.9806132316589355
fusion_calibration,cal_c,split_internal_mix,mix::R::GTZAN_genre_2,True,0.0,0.0,0.0,1.0,1.0,0.05621565061804319,0.09346923999286037,0.018962061243226015,True,30.013375,0.5874700546264648,0.03553072363138199,0.593583345413208,0.036198511719703674,0.8935713768005371,0.9399914145469666,0.5014358758926392,0.5027061104774475,0.21028299629688263,0.06412076950073242,0.20828109979629517,0.07104147970676422,0.48352429270744324,0.348893404006958
fusion_calibration,cal_c,fake_music_generated,AudioLDM2,False,1.0,0.0,1.0,0.0,1.0,0.9465833929284705,0.9465833929284705,,False,4.4995625,0.548906683921814,0.9998352527618408,0.5757868885993958,0.9998021721839905,0.6639186143875122,0.9953961968421936,0.5017262697219849,0.5026020407676697,0.8648203611373901,0.9972635507583618,0.8684939742088318,0.9973721504211426,0.06560740619897842,0.874923586845398
fusion_calibration,cal_a,split_internal_mix,mix::R::GTZAN_genre_7,True,0.0,0.0,0.0,1.0,1.0,0.3640912271696669,0.20933351691303306,0.5188489374263008,True,38.687125,0.4836024343967438,0.00017663170001469553,0.4942949116230011,0.00017896971257869154,0.8189437389373779,0.999347984790802,0.5009080171585083,0.5014815926551819,0.2708965241909027,0.027583545073866844,0.27122360467910767,0.02850770391523838,0.025592608377337456,0.7419230341911316
fusion_calibration,cal_b,wavefake_ajay,WF7,False,1.0,1.0,0.0,1.0,0.0,0.9988249387876328,0.9988249387876328,,False,5.921125,0.80199134349823,0.8781703114509583,0.809542715549469,0.8778901100158691,0.9974870681762695,0.20806962251663208,0.5025515556335449,0.5045372247695923,0.733985185623169,0.18144530057907104,0.7439770698547363,0.24315662682056427,0.9987070560455322,0.013493414036929607
fusion_calibration,cal_c,split_internal_mix,mix::WF3::GTZAN_genre_9,True,1.0,1.0,0.0,1.0,1.0,0.6100785108427119,0.9718760815483254,0.24828094013709842,True,32.943625,0.4664611220359802,0.3633762001991272,0.4693261981010437,0.3652097284793854,0.9894992709159851,0.6631317138671875,0.5031320452690125,0.5047520995140076,0.11837597191333771,0.2545856833457947,0.12476222217082977,0.29514265060424805,0.9975862503051758,0.07539206743240356
fusion_calibration,cal_c,split_internal_mix,mix::WF4::AudioLDM2,True,1.0,1.0,1.0,1.0,1.0,0.5728332948904543,0.2990207268700655,0.8466458629108431,True,7.34775,0.5952885746955872,0.9963911175727844,0.5957490801811218,0.9963476061820984,0.9825640320777893,0.9764388799667358,0.5033445358276367,0.5052054524421692,0.12113367766141891,0.6746551990509033,0.12088609486818314,0.7447701096534729,0.4502764046192169,0.07211962342262268
fusion_calibration,cal_b,split_internal_mix,mix::WF1::GTZAN_genre_2,True,1.0,1.0,0.0,1.0,1.0,0.6339630740526336,0.980935463852452,0.2869906842528154,True,30.013375,0.5393816232681274,0.009893159382045269,0.551287055015564,0.010159313678741455,0.8605049252510071,0.9826846718788147,0.5009961128234863,0.5018562078475952,0.22298158705234528,0.03606173396110535,0.21961113810539246,0.03887100890278816,0.13988280296325684,0.5802698135375977
fusion_calibration,cal_b,split_internal_mix,mix::WF3::AudioLDM2,True,1.0,1.0,1.0,1.0,1.0,0.8337416401284236,0.6778051423613523,0.9896781378954949,True,11.0481875,0.5775138139724731,0.9993855357170105,0.5845284461975098,0.9992989301681519,0.8315471410751343,0.9726293087005615,0.5014479160308838,0.5023758411407471,0.7476442456245422,0.9917216300964355,0.7448059916496277,0.9922497272491455,0.22063487768173218,0.8152519464492798
fusion_calibration,cal_a,split_internal_mix,mix::WF5::AudioLDM2,True,1.0,1.0,1.0,1.0,1.0,0.6159340707083654,0.2737504240336123,0.9581177173831185,True,11.483875,0.7084060907363892,0.8811972141265869,0.716612696647644,0.8807001113891602,0.9489902853965759,0.6039949655532837,0.5027949213981628,0.5046284198760986,0.7722169756889343,0.5664105415344238,0.7727665305137634,0.5989719033241272,0.5137361884117126,0.4133670926094055
fusion_calibration,cal_c,wavefake_ajay,WF7,False,1.0,1.0,0.0,1.0,0.0,0.9963700957854195,0.9963700957854195,,False,3.4365625,0.7296609282493591,0.7948949933052063,0.739215612411499,0.7977979779243469,0.9961954355239868,0.17801614105701447,0.5031971335411072,0.5052578449249268,0.650542676448822,0.13354766368865967,0.658560037612915,0.19611933827400208,0.9984598159790039,0.004839855711907148
fusion_calibration,cal_c,split_internal_mix,mix::LibriSpeech::GTZAN_genre_2,True,0.0,0.0,0.0,1.0,1.0,0.030564465374625014,0.02576821322506634,0.03536071752418369,True,36.898375,0.264546662569046,0.2424749881029129,0.2630276083946228,0.24309572577476501,0.9934231638908386,0.5713356733322144,0.5040106773376465,0.5069789290428162,0.07292807847261429,0.19013915956020355,0.07765975594520569,0.2663116455078125,0.9981638789176941,0.004000176675617695
fusion_calibration,cal_a,split_internal_mix,mix::R::MusicGen,True,1.0,0.0,1.0,1.0,1.0,0.3949408980173108,0.3252193137921878,0.46466248224243384,True,14.158375,0.7214028835296631,0.9100314378738403,0.7257852554321289,0.9079421162605286,0.9900352954864502,0.34411561489105225,0.502505898475647,0.5048695206642151,0.5838059782981873,0.18201150000095367,0.5919476747512817,0.24218928813934326,0.992755651473999,0.02339160069823265
fusion_calibration,cal_b,split_internal_mix,mix::WF7::GTZAN_genre_2,True,1.0,1.0,0.0,1.0,1.0,0.5919042123325773,0.9848577312139449,0.1989506934512097,True,34.828625,0.6378474235534668,0.40430521965026855,0.6489763855934143,0.4034495949745178,0.8562453389167786,0.7459118962287903,0.5016695857048035,0.5028942227363586,0.47200143337249756,0.0831705629825592,0.47817718982696533,0.11316721141338348,0.3532778322696686,0.5408193469047546
fusion_calibration,cal_b,split_internal_mix,mix::LibriSpeech::AudioLDM2,True,1.0,0.0,1.0,1.0,1.0,0.37885319381645227,0.7341778969808996,0.023528490652004866,True,8.4833125,0.6258919835090637,0.9999531507492065,0.6259084343910217,0.9999438524246216,0.8684245347976685,0.9990214109420776,0.503247857093811,0.5043951272964478,0.17367973923683167,0.9895048141479492,0.17719179391860962,0.991097092628479,0.007234082091599703,0.8567790985107422
fusion_calibration,cal_a,gtzan_real,GTZAN_genre_8,False,0.0,0.0,0.0,0.0,1.0,0.40454952571929803,0.37891516021888333,0.4301838912197128,True,30.0001875,0.5445868968963623,0.00047335599083453417,0.548276424407959,0.00047619291581213474,0.5460391640663147,0.9988756775856018,0.5012645125389099,0.5021728873252869,0.2873323857784271,0.07930494844913483,0.3005844056606293,0.0795348510146141,0.007502564694732428,0.8106660842895508
fusion_calibration,cal_c,split_internal_mix,mix::LibriSpeech::AudioLDM2,True,1.0,0.0,1.0,1.0,1.0,0.5464930404080364,0.8716537811785047,0.22133229963756798,True,17.2955625,0.46557939052581787,0.9909974336624146,0.4697774648666382,0.9904369115829468,0.9525775909423828,0.9230830669403076,0.5040179491043091,0.5063438415527344,0.39155879616737366,0.6062473654747009,0.3865537643432617,0.6748653054237366,0.5038336515426636,0.11417901515960693
fusion_calibration,cal_c,fake_music_generated,AudioLDM2,False,1.0,0.0,1.0,0.0,1.0,0.9216515979606172,0.9216515979606172,,False,4.6605625,0.54449063539505,0.9999874830245972,0.5690587162971497,0.9999842643737793,0.6577240228652954,0.9992245435714722,0.5015929937362671,0.5024450421333313,0.5707801580429077,0.9995290040969849,0.5855528712272644,0.999563992023468,0.006786135025322437,0.9676405787467957
fusion_calibration,cal_b,librispeech_dev,LibriSpeech,False,0.0,0.0,0.0,1.0,0.0,0.029638011622825616,0.019967193595762118,0.03930882964988911,True,8.73,0.3577513098716736,0.9407994151115417,0.365858793258667,0.9390051364898682,0.9979629516601562,0.2976168990135193,0.5024983286857605,0.5039500594139099,0.009856503456830978,0.17850635945796967,0.010708892717957497,0.24052998423576355,0.9995723366737366,0.01615261845290661
fusion_calibration,cal_c,split_internal_mix,mix::WF5::MusicGen,True,1.0,1.0,1.0,1.0,1.0,0.9743954719154446,0.9612158714907671,0.987575072340122,True,14.9061875,0.5576231479644775,0.9997950792312622,0.5689003467559814,0.9997569918632507,0.8306126594543457,0.9872273206710815,0.5015397071838379,0.5022057294845581,0.7686598896980286,0.9935199618339539,0.7707319259643555,0.9943167567253113,0.3666401505470276,0.7286974787712097
fusion_calibration,cal_b,split_internal_mix,mix::WF6::GTZAN_genre_4,True,1.0,1.0,0.0,1.0,1.0,0.6807266040567954,0.9967050981969078,0.36474810991668294,True,33.124875,0.6069418787956238,0.3341255187988281,0.6126587390899658,0.33053192496299744,0.9448724389076233,0.689038097858429,0.5016281604766846,0.5027393102645874,0.45054614543914795,0.06850773096084595,0.4539003372192383,0.08159735798835754,0.6036743521690369,0.39847898483276367
fusion_calibration,cal_b,split_internal_mix,mix::LibriSpeech::AudioLDM2,True,1.0,0.0,1.0,1.0,1.0,0.40608876776443126,0.7433786769227807,0.0687988586060818,True,13.1990625,0.6437106728553772,0.9999393224716187,0.6451915502548218,0.9999281167984009,0.8953956365585327,0.9986914992332458,0.5027691125869751,0.503928542137146,0.3402959704399109,0.9933090209960938,0.3451831638813019,0.9938230514526367,0.007738232612609863,0.9168034791946411
fusion_calibration,cal_b,gtzan_real,GTZAN_genre_1,False,0.0,0.0,0.0,0.0,1.0,0.20976856646084113,0.18106644583434378,0.2384706870873385,True,30.013375,0.48908084630966187,3.747556547750719e-05,0.48941338062286377,3.854112947010435e-05,0.670096218585968,0.9998905658721924,0.5010640025138855,0.5022934079170227,0.13277435302734375,0.04405634477734566,0.13808701932430267,0.04552805423736572,0.004754978697746992,0.8504206538200378
fusion_calibration,cal_a,split_internal_mix,mix::R::AudioLDM2,True,1.0,0.0,1.0,1.0,1.0,0.147127038521909,0.1818726247317523,0.11238145231206573,True,13.153625,0.7019090056419373,0.8650819063186646,0.7073441743850708,0.8623567819595337,0.9927979111671448,0.32271233201026917,0.5031275749206543,0.5057126879692078,0.40067094564437866,0.1957838237285614,0.40948477387428284,0.2665444016456604,0.9933663606643677,0.012807389721274376
fusion_calibration,cal_a,split_internal_mix,mix::R::AudioLDM2,True,1.0,0.0,1.0,1.0,1.0,0.8292143761681668,0.9453123552157602,0.7131163971205735,True,14.9749375,0.6298196315765381,0.9996824264526367,0.6456842422485352,0.9996371269226074,0.8102346062660217,0.9932036399841309,0.5023869276046753,0.5039829015731812,0.6605448722839355,0.9886605739593506,0.6557404398918152,0.9919818639755249,0.177444189786911,0.5755098462104797
fusion_calibration,cal_c,split_internal_mix,mix::R::AudioLDM2,True,1.0,0.0,1.0,1.0,1.0,0.4954380303056268,0.765495337208041,0.2253807234032126,True,7.94775,0.6266634464263916,0.9999614953994751,0.6368681192398071,0.9999532699584961,0.8096504211425781,0.9989872574806213,0.5025654435157776,0.5033223628997803,0.45600372552871704,0.9973222613334656,0.45962244272232056,0.9974833130836487,0.004781533032655716,0.9514715671539307
fusion_calibration,cal_a,split_internal_mix,mix::R::GTZAN_genre_5,True,0.0,0.0,0.0,1.0,1.0,0.7848236727660063,0.8825138389428024,0.6871335065892102,True,35.668375,0.5466475486755371,0.0008323354413732886,0.5487345457077026,0.0008361620712094009,0.5330009460449219,0.997327983379364,0.5014949440956116,0.5023525357246399,0.2954016923904419,0.23890148103237152,0.3105614185333252,0.23075568675994873,0.00501253129914403,0.8936139941215515
fusion_calibration,cal_a,gtzan_real,GTZAN_genre_9,False,0.0,0.0,0.0,0.0,1.0,0.5759929501324064,0.5721604539577293,0.5798254463070835,True,30.013375,0.5221657752990723,0.00046151119749993086,0.528255045413971,0.0004725540056824684,0.4797011911869049,0.9987723231315613,0.5011497139930725,0.5022668242454529,0.5152314901351929,0.002072711940854788,0.5257315635681152,0.0022606889251619577,0.018722830340266228,0.9792038798332214
fusion_calibration,cal_b,split_internal_mix,mix::LibriSpeech::GTZAN_genre_6,True,0.0,0.0,0.0,1.0,1.0,0.022149302641086978,0.017419566437523418,0.02687903884465054,True,37.858375,0.420670747756958,0.29560598731040955,0.4245142936706543,0.29686105251312256,0.9679336547851562,0.8545388579368591,0.5021944046020508,0.5032004714012146,0.009420042857527733,0.15213027596473694,0.010696256533265114,0.1919718086719513,0.7772135138511658,0.15422801673412323
fusion_calibration,cal_b,split_internal_mix,mix::LibriSpeech::MusicGen,True,1.0,0.0,1.0,1.0,1.0,0.027385510288675925,0.02195389703999893,0.032817123537352916,True,12.9548125,0.465765118598938,0.8328468799591064,0.47146743535995483,0.8261927962303162,0.9952859878540039,0.25031089782714844,0.5022827386856079,0.503933310508728,0.006162961944937706,0.169996976852417,0.006686296314001083,0.228885218501091,0.9996869564056396,0.0143270930275321
fusion_calibration,cal_b,asvspoof2019,A02,False,1.0,1.0,0.0,1.0,0.0,0.9972215903611837,0.9972215903611837,,False,3.7130625,0.7428072094917297,0.7387740015983582,0.7597218751907349,0.7406977415084839,0.9978308081626892,0.10590428113937378,0.5032863020896912,0.5063462257385254,0.3331790566444397,0.08656574040651321,0.33461299538612366,0.14688526093959808,0.9994475245475769,0.0007895296439528465
fusion_calibration,cal_b,fake_music_generated,AudioLDM2,False,1.0,0.0,1.0,0.0,1.0,0.9052401144903747,0.9052401144903747,,False,5.2960625,0.5165627002716064,0.9999520778656006,0.5355499982833862,0.9999401569366455,0.7450079321861267,0.9979335069656372,0.501081645488739,0.501916229724884,0.6672638058662415,0.9995902180671692,0.6695393919944763,0.9996215105056763,0.011756577529013157,0.9678097367286682
fusion_calibration,cal_a,split_internal_mix,mix::R::MusicGen,True,1.0,0.0,1.0,1.0,1.0,0.914821611024106,0.913562820151709,0.916080401896503,True,11.0405,0.6933492422103882,0.9218686819076538,0.6965606212615967,0.9228212237358093,0.9109563231468201,0.5785831212997437,0.5026847124099731,0.5042673349380493,0.6737970113754272,0.5773581862449646,0.6780899167060852,0.605146586894989,0.5081017017364502,0.4794662594795227
fusion_calibration,cal_a,split_internal_mix,mix::R::AudioLDM2,True,1.0,0.0,1.0,1.0,1.0,0.523417464741557,0.9619831830500669,0.0848517464330472,True,10.014375,0.5825772285461426,0.9999824166297913,0.6050255298614502,0.999977707862854,0.7484244108200073,0.9991102814674377,0.5018653869628906,0.5025731921195984,0.6388527750968933,0.9990737438201904,0.6493176221847534,0.9991210699081421,0.01917906105518341,0.9538284540176392
fusion_calibration,cal_c,librispeech_dev,LibriSpeech,False,0.0,0.0,0.0,1.0,0.0,0.016366890241771063,0.016366890241771063,,False,4.835,0.3043610751628876,0.6633861660957336,0.30804240703582764,0.6631998419761658,0.996840238571167,0.2088109701871872,0.5032059550285339,0.5056880116462708,0.003893996123224497,0.12557294964790344,0.004349258728325367,0.17735914885997772,0.9993984699249268,0.009421223774552345
fusion_calibration,cal_a,split_internal_mix,mix::WF4::GTZAN_genre_2,True,1.0,1.0,0.0,1.0,1.0,0.9990348704854419,0.9995211124064315,0.9985486285644525,True,37.659875,0.5971064567565918,0.39760974049568176,0.5946130752563477,0.3971409201622009,0.9608561396598816,0.7405560612678528,0.5027924180030823,0.5048413276672363,0.33465296030044556,0.18265731632709503,0.33767759799957275,0.23102641105651855,0.9595584869384766,0.06459351629018784
fusion_calibration,cal_a,split_internal_mix,mix::WF3::AudioLDM2,True,1.0,1.0,1.0,1.0,1.0,0.7532021078797462,0.6773604520204874,0.8290437637390049,True,8.347625,0.611601710319519,0.999616265296936,0.6275407671928406,0.9995564222335815,0.7779405117034912,0.9900389313697815,0.5016055107116699,0.5021520853042603,0.7593519687652588,0.9966478943824768,0.7531242370605469,0.9967261552810669,0.055423371493816376,0.9074825048446655
fusion_calibration,cal_a,split_internal_mix,mix::R::GTZAN_genre_1,True,0.0,0.0,0.0,1.0,1.0,0.311993584089324,0.5871030823896891,0.03688408578895885,True,30.013375,0.38044029474258423,0.16200445592403412,0.376997709274292,0.16138491034507751,0.9787497520446777,0.8362879753112793,0.5025849938392639,0.5055442452430725,0.10208442807197571,0.1697268784046173,0.10424354672431946,0.22555014491081238,0.9425313472747803,0.040642764419317245
fusion_calibration,cal_b,split_internal_mix,mix::WF4::AudioLDM2,True,1.0,1.0,1.0,1.0,1.0,0.9983094428007214,0.9976764506263984,0.9989424349750444,True,13.45525,0.7824400663375854,0.8903523683547974,0.790215253829956,0.8901112079620361,0.982770562171936,0.44535917043685913,0.5025787353515625,0.5050866603851318,0.6597960591316223,0.17604702711105347,0.6648199558258057,0.23378506302833557,0.9748597145080566,0.02132211998105049
fusion_calibration,cal_b,librispeech_dev,LibriSpeech,False,0.0,0.0,0.0,1.0,0.0,0.024260468792264716,0.019020434117604443,0.02950050346692499,True,8.82,0.3883512616157532,0.49013078212738037,0.39621633291244507,0.4806501269340515,0.9977338314056396,0.3590922951698303,0.5027469396591187,0.5044025778770447,0.003719086991623044,0.14140266180038452,0.004084909334778786,0.19411122798919678,0.9996172189712524,0.013743291608989239
fusion_calibration,cal_b,fake_music_generated,AudioLDM2,False,1.0,0.0,1.0,0.0,1.0,0.9367639488318605,0.9367639488318605,,False,4.5689375,0.5382535457611084,0.9999682903289795,0.5593275427818298,0.9999600648880005,0.7104069590568542,0.9984442591667175,0.5013043284416199,0.5021907091140747,0.6926637887954712,0.9996980428695679,0.6989582180976868,0.9997217059135437,0.010122940875589848,0.9752861857414246
fusion_calibration,cal_b,fake_music_generated,MusicGen,False,1.0,0.0,1.0,0.0,1.0,0.8613151668509108,0.8613151668509108,,False,5.5598125,0.5314310193061829,0.9999569654464722,0.5517827272415161,0.9999467134475708,0.7318451404571533,0.9983464479446411,0.5012071132659912,0.5020942091941833,0.7110182642936707,0.9997320771217346,0.7190825939178467,0.9997543692588806,0.009093265980482101,0.9750123023986816
fusion_calibration,cal_a,split_internal_mix,mix::WF7::AudioLDM2,True,1.0,1.0,1.0,1.0,1.0,0.9939766041541308,0.9914724771742005,0.9964807311340611,True,6.7570625,0.7278507947921753,0.995642900466919,0.737453818321228,0.995473325252533,0.9360415935516357,0.9408950209617615,0.5021771192550659,0.5039528608322144,0.8572722673416138,0.6535249948501587,0.8515708446502686,0.6680338382720947,0.2994755208492279,0.4296382963657379
fusion_calibration,cal_c,split_internal_mix,mix::WF6::AudioLDM2,True,1.0,1.0,1.0,1.0,1.0,0.8088943131966252,0.8329549436881718,0.7848336827050786,True,6.66175,0.7522706985473633,0.9942370653152466,0.7591169476509094,0.9939218759536743,0.9717715382575989,0.9353051781654358,0.5026947855949402,0.5046445727348328,0.6145728230476379,0.6681310534477234,0.6113173365592957,0.7069507241249084,0.5581218600273132,0.1868266612291336
fusion_calibration,cal_b,split_internal_mix,mix::A01::GTZAN_genre_4,True,1.0,1.0,0.0,1.0,1.0,0.6593967479214107,0.9996502042735261,0.3191432915692953,True,33.5955,0.4662930965423584,0.3825080692768097,0.47597938776016235,0.3811466693878174,0.9533384442329407,0.6567779183387756,0.5017554759979248,0.5031415820121765,0.1577138900756836,0.059212952852249146,0.15757587552070618,0.08343406766653061,0.5297591090202332,0.3441024720668793
fusion_calibration,cal_a,split_internal_mix,mix::R::GTZAN_genre_7,True,0.0,0.0,0.0,1.0,1.0,0.7585245132449433,0.669150030851025,0.8478989956388616,True,35.9051875,0.4926954209804535,0.00010949786519631743,0.504979133605957,0.00011122209252789617,0.7301999926567078,0.9995810389518738,0.5008918046951294,0.5015090107917786,0.4075930714607239,0.014828607439994812,0.41189470887184143,0.015340957790613174,0.021092599257826805,0.8601946234703064
fusion_calibration,cal_c,split_internal_mix,mix::LibriSpeech::MusicGen,True,1.0,0.0,1.0,1.0,1.0,0.49217235914753127,0.9036200603627739,0.08072465793228863,True,15.4054375,0.6104350686073303,0.998987078666687,0.6152011156082153,0.9988840818405151,0.9100281596183777,0.9881352186203003,0.5035706758499146,0.5054584741592407,0.569648265838623,0.92606520652771,0.5623457431793213,0.9532356262207031,0.3101331889629364,0.4807400107383728
fusion_calibration,cal_a,split_internal_mix,mix::WF3::GTZAN_genre_8,True,1.0,1.0,0.0,1.0,1.0,0.9958215193657558,0.9972814733491258,0.9943615653823857,True,38.8478125,0.45796918869018555,0.4239993691444397,0.4610767960548401,0.4254416227340698,0.994095504283905,0.7221007347106934,0.5028666853904724,0.5049322247505188,0.30882611870765686,0.17204254865646362,0.3152199685573578,0.2252691388130188,0.8379935622215271,0.04316486045718193
fusion_calibration,cal_b,split_internal_mix,mix::WF7::GTZAN_genre_8,True,1.0,1.0,0.0,1.0,1.0,0.21765234148256196,0.23507295455697133,0.20023172840815257,True,34.8315,0.6088935136795044,0.39031821489334106,0.609948992729187,0.3915833830833435,0.8011000156402588,0.7299067974090576,0.5018698573112488,0.5033534169197083,0.43695297837257385,0.09841230511665344,0.44742822647094727,0.12902981042861938,0.33990153670310974,0.5077924132347107
fusion_calibration,cal_b,librispeech_dev,LibriSpeech,False,0.0,0.0,0.0,1.0,0.0,0.0251980659528855,0.02062489385885825,0.02977123804691275,True,7.895,0.4272425174713135,0.8095235228538513,0.4335019588470459,0.8066311478614807,0.9966128468513489,0.37772345542907715,0.502489447593689,0.5042921900749207,0.0031210246961563826,0.1841280162334442,0.0033994317054748535,0.2502792775630951,0.9996230602264404,0.01304243877530098
fusion_calibration,cal_b,split_internal_mix,mix::LibriSpeech::GTZAN_genre_4,True,0.0,0.0,0.0,1.0,1.0,0.23783058585862527,0.013608937447349582,0.46205223426990094,True,32.553375,0.3087100684642792,0.2717433571815491,0.3092801570892334,0.2667415142059326,0.9877970218658447,0.7170994877815247,0.5022791624069214,0.5038314461708069,0.0148012675344944,0.10698911547660828,0.015780657529830933,0.13081449270248413,0.9645266532897949,0.14658911526203156
fusion_calibration,cal_b,split_internal_mix,mix::bonafide::GTZAN_genre_8,True,0.0,0.0,0.0,1.0,1.0,0.426106135333037,0.4009513611464459,0.45126090951962805,True,33.1394375,0.5493178367614746,8.841095404932275e-05,0.5520972013473511,8.791744767222553e-05,0.5185182690620422,0.9996757507324219,0.5012733340263367,0.5021073818206787,0.35192978382110596,0.05619405582547188,0.37075352668762207,0.0569714680314064,0.004557775799185038,0.830000102519989
fusion_calibration,cal_a,split_internal_mix,mix::R::AudioLDM2,True,1.0,0.0,1.0,1.0,1.0,0.3323492617948168,0.4262066959077639,0.2384918276818697,True,9.632375,0.6902522444725037,0.9836910963058472,0.6973145008087158,0.9839123487472534,0.8943440914154053,0.9178057909011841,0.5021799206733704,0.5039183497428894,0.8396333456039429,0.7186903953552246,0.8349357843399048,0.7358314990997314,0.39600470662117004,0.4899032711982727
fusion_calibration,cal_c,split_internal_mix,mix::WF6::GTZAN_genre_2,True,1.0,1.0,0.0,1.0,1.0,0.5276027821208834,0.9929689936793782,0.06223657056238852,True,33.1148125,0.6049326062202454,0.31005823612213135,0.6086442470550537,0.3093740940093994,0.9387968182563782,0.7397055625915527,0.5023940205574036,0.5047476291656494,0.3273344933986664,0.1322232484817505,0.3296404480934143,0.17786449193954468,0.7714383006095886,0.12831170856952667
fusion_calibration,cal_b,wavefake_ajay,WF5,False,1.0,1.0,0.0,1.0,0.0,0.9990218819188914,0.9987454607863342,0.9992983030514487,True,9.9265625,0.7804561853408813,0.8684545755386353,0.7869046926498413,0.8676515817642212,0.9898834824562073,0.21586072444915771,0.5024046301841736,0.5043831467628479,0.7433323860168457,0.14483490586280823,0.7489310503005981,0.18802356719970703,0.9925804138183594,0.030349358916282654
fusion_calibration,cal_b,split_internal_mix,mix::LibriSpeech::AudioLDM2,True,1.0,0.0,1.0,1.0,1.0,0.42609239836953855,0.7770053024901513,0.0751794942489258,True,8.755625,0.6462123394012451,0.9999680519104004,0.6601034998893738,0.9999610781669617,0.8276820182800293,0.9991488456726074,0.5025935769081116,0.5032601356506348,0.4311745762825012,0.9976397156715393,0.42969852685928345,0.9977884292602539,0.00939922034740448,0.953233540058136
fusion_calibration,cal_c,librispeech_dev,LibriSpeech,False,0.0,0.0,0.0,1.0,0.0,0.005326269850279621,0.006728861779142714,0.003923677921416527,True,9.26,0.2119421660900116,0.5813168287277222,0.21381595730781555,0.5778616666793823,0.9980353116989136,0.27237051725387573,0.5025812387466431,0.5050674676895142,0.0016893385909497738,0.13700056076049805,0.001960054272785783,0.18710318207740784,0.999273419380188,0.014466341584920883
fusion_calibration,cal_a,wavefake_ajay,WF7,False,1.0,1.0,0.0,1.0,0.0,0.997475279091112,0.9976362059636631,0.9973143522185609,True,9.485375,0.8197993040084839,0.8594236969947815,0.8292360901832581,0.8626384735107422,0.9955142736434937,0.16683074831962585,0.5027569532394409,0.5045591592788696,0.7600367069244385,0.14747163653373718,0.7682964205741882,0.2014482319355011,0.9989873766899109,0.013768380507826805
fusion_calibration,cal_a,split_internal_mix,mix::R::AudioLDM2,True,1.0,0.0,1.0,1.0,1.0,0.5154327904825015,0.9210982808291908,0.10976730013581223,True,12.51875,0.6456303596496582,0.9987149238586426,0.6450480222702026,0.9985834360122681,0.9130532741546631,0.9811515808105469,0.5031114816665649,0.5053977966308594,0.8268945217132568,0.8751603364944458,0.8230646252632141,0.90343177318573,0.33128929138183594,0.4604630768299103
fusion_calibration,cal_c,split_internal_mix,mix::LibriSpeech::GTZAN_genre_2,True,0.0,0.0,0.0,1.0,1.0,0.23603453100149574,0.10824247832358044,0.363826583679411,True,32.763375,0.5194283723831177,0.0016655025538057089,0.5308834314346313,0.0017094812355935574,0.867178738117218,0.9953441619873047,0.5008849501609802,0.5017507672309875,0.2043389081954956,0.029002659022808075,0.20231229066848755,0.030989009886980057,0.09448675066232681,0.6531819701194763
fusion_calibration,cal_a,fake_music_generated,MusicGen,False,1.0,0.0,1.0,0.0,1.0,0.9220251122862049,0.9220251122862049,,False,5.2946875,0.5262481570243835,0.9999779462814331,0.544979989528656,0.9999719858169556,0.7784274220466614,0.9988589286804199,0.5012232661247253,0.5020621418952942,0.6310284733772278,0.999687910079956,0.6368932723999023,0.9997125267982483,0.009602869860827923,0.9730046987533569
fusion_calibration,cal_b,split_internal_mix,mix::LibriSpeech::GTZAN_genre_2,True,0.0,0.0,0.0,1.0,1.0,0.2917586834599399,0.13890268035836725,0.44461468656151254,True,32.973375,0.5143401026725769,0.0014305638615041971,0.5269376039505005,0.0014712836127728224,0.8406123518943787,0.9960724711418152,0.5009352564811707,0.5016430020332336,0.22722230851650238,0.021647922694683075,0.2261843979358673,0.023049063980579376,0.07625782489776611,0.7278831005096436
fusion_calibration,cal_a,gtzan_real,GTZAN_genre_5,False,0.0,0.0,0.0,0.0,1.0,0.6492160195614478,0.7058674275377866,0.5925646115851089,True,30.013375,0.5276694297790527,0.001727556111291051,0.5264080762863159,0.0017438246868550777,0.6427728533744812,0.9964842796325684,0.5015354752540588,0.5025623440742493,0.19755819439888,0.2311047613620758,0.2079104483127594,0.23099511861801147,0.013148996978998184,0.8098651766777039
fusion_calibration,cal_a,fake_music_generated,MusicGen,False,1.0,0.0,1.0,0.0,1.0,0.9668972526604721,0.9668972526604721,,False,5.1355,0.5322800278663635,0.999982476234436,0.5583508014678955,0.9999774694442749,0.6853257417678833,0.9988435506820679,0.5016525387763977,0.5021482706069946,0.7118218541145325,0.9995095729827881,0.7227250337600708,0.9995465874671936,0.028691912069916725,0.9565140604972839
fusion_calibration,cal_b,split_internal_mix,mix::LibriSpeech::GTZAN_genre_4,True,0.0,0.0,0.0,1.0,1.0,0.46296196574555765,0.42308410059031143,0.5028398309008039,True,32.105875,0.5273309946060181,0.03997398912906647,0.5439828038215637,0.03902120888233185,0.7204527258872986,0.9081816077232361,0.501118004322052,0.5022429823875427,0.5758827924728394,0.054267168045043945,0.5709691047668457,0.06386485695838928,0.3705633878707886,0.608738124370575
fusion_calibration,cal_c,librispeech_dev,LibriSpeech,False,0.0,0.0,0.0,1.0,0.0,0.03096000740101316,0.03096000740101316,,False,2.205,0.4933529198169708,0.391454815864563,0.5074966549873352,0.3908597528934479,0.98945552110672,0.2429465800523758,0.5037539005279541,0.5069411993026733,0.12649747729301453,0.09656713902950287,0.12857407331466675,0.1615074723958969,0.998664379119873,0.0010206602746620774
fusion_calibration,cal_b,librispeech_dev,LibriSpeech,False,0.0,0.0,0.0,1.0,0.0,0.008382413094938323,0.008382413094938323,,False,2.425,0.47549518942832947,0.4627615511417389,0.49225297570228577,0.4607219994068146,0.9975517392158508,0.21452374756336212,0.5041007399559021,0.5064985156059265,0.03641531243920326,0.1254897117614746,0.038939766585826874,0.2045937031507492,0.9997251629829407,0.0009659260977059603
fusion_calibration,cal_a,gtzan_real,GTZAN_genre_6,False,0.0,0.0,0.0,0.0,1.0,0.2412713722130746,0.261695666118511,0.22084707830763822,True,30.013375,0.534272313117981,0.00014258830924518406,0.5302671790122986,0.00014519511023536325,0.37600982189178467,0.9995401501655579,0.5013892650604248,0.5028140544891357,0.5571616888046265,0.0007291584624908864,0.5707576274871826,0.0007959482609294355,0.006952323019504547,0.9928215146064758
fusion_calibration,cal_a,split_internal_mix,mix::WF7::GTZAN_genre_5,True,1.0,1.0,0.0,1.0,1.0,0.7396271834213926,0.8488746167073291,0.630379750135456,True,31.5865625,0.5409652590751648,0.00264006108045578,0.5430487394332886,0.0026510851457715034,0.6504799723625183,0.9923928380012512,0.5016391277313232,0.5026436448097229,0.18054991960525513,0.19873550534248352,0.18870113790035248,0.19428089261054993,0.016126226633787155,0.8287758827209473
fusion_calibration,cal_c,fake_music_generated,MusicGen,False,1.0,0.0,1.0,0.0,1.0,0.9261673951000913,0.9261673951000913,,False,5.62225,0.5343472957611084,0.9999691247940063,0.5603707432746887,0.999962329864502,0.7282009124755859,0.9988635778427124,0.5015668869018555,0.5022153854370117,0.7907736301422119,0.9994308352470398,0.8019174337387085,0.9994723200798035,0.0111981350928545,0.9605951905250549
fusion_calibration,cal_c,librispeech_dev,LibriSpeech,False,0.0,0.0,0.0,1.0,0.0,0.009192118820537533,0.010655390780930828,0.007728846860144236,True,11.12,0.2708445191383362,0.711888313293457,0.2749563455581665,0.7126527428627014,0.9979586601257324,0.21752671897411346,0.5027716159820557,0.5053676962852478,0.0027636773884296417,0.1299300342798233,0.0031418479047715664,0.17797186970710754,0.9992817640304565,0.01594414934515953
fusion_calibration,cal_a,gtzan_real,GTZAN_genre_0,False,0.0,0.0,0.0,0.0,1.0,0.13256498553683088,0.14059062335746408,0.1245393477161977,True,30.013375,0.5288746356964111,0.0021763702388852835,0.533894419670105,0.002235447522252798,0.5477597713470459,0.9985048770904541,0.5014836192131042,0.5025736689567566,0.12242931127548218,0.542538046836853,0.12912669777870178,0.5300623774528503,0.008064362220466137,0.8454894423484802
fusion_calibration,cal_c,split_internal_mix,mix::LibriSpeech::GTZAN_genre_0,True,0.0,0.0,0.0,1.0,1.0,0.2108097389771904,0.19742920393775068,0.2241902740166301,True,34.948375,0.5263092517852783,0.0016095374012365937,0.5327363014221191,0.0016565581317991018,0.5719990730285645,0.9973881840705872,0.5014946460723877,0.5025468468666077,0.16029319167137146,0.4256463646888733,0.1681162416934967,0.4144022464752197,0.01549332682043314,0.8437333703041077
fusion_calibration,cal_b,wavefake_ajay,WF4,False,1.0,1.0,0.0,1.0,0.0,0.9993233301997886,0.9992711519664019,0.9993755084331752,True,7.7206875,0.7695189714431763,0.734818696975708,0.7775667905807495,0.7345921993255615,0.9821403622627258,0.18369776010513306,0.5026417374610901,0.5046303272247314,0.8121081590652466,0.11391223222017288,0.8160303235054016,0.15765176713466644,0.9950358271598816,0.019921325147151947
fusion_calibration,cal_a,split_internal_mix,mix::WF3::AudioLDM2,True,1.0,1.0,1.0,1.0,1.0,0.9327127239896231,0.8822728398812878,0.9831526080979586,True,11.4609375,0.5829567909240723,0.9997788667678833,0.5942864418029785,0.99974125623703,0.7979352474212646,0.9937584400177002,0.5018409490585327,0.5027333498001099,0.7568445801734924,0.998146116733551,0.7565904855728149,0.998426079750061,0.18306775391101837,0.8661198616027832
fusion_calibration,cal_a,split_internal_mix,mix::R::AudioLDM2,True,1.0,0.0,1.0,1.0,1.0,0.5258205737566628,0.876056651208425,0.1755844963049006,True,13.69775,0.5918182134628296,0.9994651675224304,0.5911186337471008,0.9993997812271118,0.9370168447494507,0.9938943982124329,0.5031393766403198,0.5045467615127563,0.2908862233161926,0.9510165452957153,0.285622775554657,0.960761547088623,0.1345181167125702,0.5758336186408997
fusion_calibration,cal_a,split_internal_mix,mix::WF5::AudioLDM2,True,1.0,1.0,1.0,1.0,1.0,0.9910338422312749,0.9925855877861346,0.9894820966764152,True,6.7570625,0.7462112307548523,0.9945192933082581,0.7515687942504883,0.9943222999572754,0.9798673391342163,0.932503879070282,0.5026566386222839,0.504499077796936,0.6683096289634705,0.18267439305782318,0.6704983115196228,0.2111598700284958,0.6537980437278748,0.17475362122058868
fusion_calibration,cal_c,fake_music_generated,AudioLDM2,False,1.0,0.0,1.0,0.0,1.0,0.9424745305683975,0.9424745305683975,,False,5.6350625,0.5353782176971436,0.9998624324798584,0.5615710616111755,0.9998325109481812,0.6772470474243164,0.9953122138977051,0.5014688968658447,0.5021597146987915,0.8563405275344849,0.9970802664756775,0.8632301092147827,0.997227132320404,0.05833147093653679,0.8499883413314819
fusion_calibration,cal_c,split_internal_mix,mix::WF3::AudioLDM2,True,1.0,1.0,1.0,1.0,1.0,0.7046747766228204,0.7046747766228204,,False,5.1258125,0.6052573919296265,0.9999498128890991,0.6259718537330627,0.9999376535415649,0.736439049243927,0.9978925585746765,0.5018086433410645,0.502495527267456,0.6533878445625305,0.9976264834403992,0.6503880620002747,0.9976195693016052,0.05037683993577957,0.9371885657310486
fusion_calibration,cal_b,wavefake_ajay,WF1,False,1.0,1.0,0.0,1.0,0.0,0.9994546477361492,0.9994546477361492,,False,3.1115,0.7685880064964294,0.693662166595459,0.7788034677505493,0.69161456823349,0.9902382493019104,0.21616417169570923,0.5030830502510071,0.5057198405265808,0.816483199596405,0.14075970649719238,0.819749653339386,0.20852652192115784,0.9960644841194153,0.004325712565332651
fusion_calibration,cal_a,split_internal_mix,mix::WF4::GTZAN_genre_4,True,1.0,1.0,0.0,1.0,1.0,0.5199510110196138,0.5815922711279602,0.45830975091126747,True,37.509875,0.5254008769989014,0.009572891518473625,0.5346568822860718,0.009550311602652073,0.8028886914253235,0.9568554759025574,0.5011377930641174,0.5018908381462097,0.4875820279121399,0.01378524862229824,0.48255956172943115,0.014784379862248898,0.14703886210918427,0.751321017742157
fusion_calibration,cal_b,fake_music_generated,AudioLDM2,False,1.0,0.0,1.0,0.0,1.0,0.8403016619652329,0.8403016619652329,,False,4.296625,0.5448764562606812,0.9999452829360962,0.5618973970413208,0.9999332427978516,0.7294594049453735,0.9984157085418701,0.501308798789978,0.5019225478172302,0.6488199830055237,0.9996035695075989,0.6452344655990601,0.9996371269226074,0.010928953997790813,0.9689184427261353
fusion_calibration,cal_c,split_internal_mix,mix::LibriSpeech::AudioLDM2,True,1.0,0.0,1.0,1.0,1.0,0.6921603610922926,0.8319001194593892,0.5524206027251961,True,11.4508125,0.4747726321220398,0.9999918341636658,0.47449517250061035,0.9999898076057434,0.9698758125305176,0.9996248483657837,0.5044882297515869,0.5068196058273315,0.6187967658042908,0.596744954586029,0.602925717830658,0.6995605230331421,0.0339767150580883,0.025654684752225876
fusion_calibration,cal_c,librispeech_dev,LibriSpeech,False,0.0,0.0,0.0,1.0,0.0,0.028548850902644415,0.023572667184566833,0.033525034620722,True,9.18,0.16857129335403442,0.421944260597229,0.17336459457874298,0.4218147397041321,0.9989219903945923,0.3046472370624542,0.5038371682167053,0.5064616203308105,0.0016134725883603096,0.13608646392822266,0.0018954833503812551,0.2060961127281189,0.999535322189331,0.0029505034908652306
fusion_calibration,cal_b,wavefake_ajay,WF4,False,1.0,1.0,0.0,1.0,0.0,0.9996370402269247,0.9996370402269247,,False,5.2825625,0.7788492441177368,0.8302534222602844,0.7862709760665894,0.8283860087394714,0.9852622151374817,0.23572441935539246,0.502338707447052,0.5053608417510986,0.7711028456687927,0.1336069256067276,0.7742734551429749,0.1797868311405182,0.9869470596313477,0.02345571480691433
fusion_calibration,cal_b,split_internal_mix,mix::bonafide::GTZAN_genre_7,True,0.0,0.0,0.0,1.0,1.0,0.7729696252165077,0.9461290935846693,0.5998101568483462,True,33.5533125,0.5295412540435791,1.9690522094606422e-05,0.5262498259544373,2.0236653654137626e-05,0.40618136525154114,0.9999032020568848,0.5014805197715759,0.5027482509613037,0.45313695073127747,0.0034141321666538715,0.46586161851882935,0.0036192084662616253,0.011605657637119293,0.9814866185188293
fusion_calibration,cal_b,split_internal_mix,mix::LibriSpeech::MusicGen,True,1.0,0.0,1.0,1.0,1.0,0.7852591543740866,0.7852591543740866,,False,5.8925,0.49451062083244324,0.9999021291732788,0.5184959173202515,0.9998856782913208,0.7185466289520264,0.9976444840431213,0.5011882185935974,0.50178062915802,0.6351673603057861,0.9990478157997131,0.6358318328857422,0.9991068243980408,0.014807415194809437,0.9459959864616394
fusion_calibration,cal_b,wavefake_ajay,WF7,False,1.0,1.0,0.0,1.0,0.0,0.9975269098784434,0.9975269098784434,,False,3.8313125,0.7186042666435242,0.7802718877792358,0.7264757752418518,0.7828087210655212,0.9962357878684998,0.1914384961128235,0.50269615650177,0.5049779415130615,0.645576000213623,0.15273495018482208,0.6556771993637085,0.21193067729473114,0.998724639415741,0.010477283969521523
fusion_calibration,cal_c,split_internal_mix,mix::LibriSpeech::GTZAN_genre_2,True,0.0,0.0,0.0,1.0,1.0,0.25982164522950213,0.24431167682167926,0.27533161363732506,True,33.388375,0.5300019979476929,0.36695870757102966,0.5395458936691284,0.36910417675971985,0.9078940749168396,0.8010925650596619,0.5015226006507874,0.5030240416526794,0.13123373687267303,0.13273310661315918,0.13232168555259705,0.1735762506723404,0.3649274408817291,0.40336522459983826
fusion_calibration,cal_c,split_internal_mix,mix::WF5::GTZAN_genre_2,True,1.0,1.0,0.0,1.0,1.0,0.9953708740633238,0.9957653714545274,0.9949763766721204,True,37.17675,0.6266512870788574,0.42292046546936035,0.6349522471427917,0.42441093921661377,0.9073605537414551,0.7186782956123352,0.5014662146568298,0.5028229355812073,0.4898946285247803,0.06803703308105469,0.49347642064094543,0.09252676367759705,0.38977083563804626,0.4389892816543579
fusion_calibration,cal_a,split_internal_mix,mix::WF7::AudioLDM2,True,1.0,1.0,1.0,1.0,1.0,0.6860548730327287,0.7897744072200328,0.5823353388454248,True,13.923,0.6688225865364075,0.9985649585723877,0.6780940890312195,0.9984113574028015,0.8888258934020996,0.9718291759490967,0.502346396446228,0.5033260583877563,0.6253833770751953,0.9679626822471619,0.62110835313797,0.9730690717697144,0.37149810791015625,0.6284485459327698
fusion_calibration,cal_b,split_internal_mix,mix::WF5::GTZAN_genre_2,True,1.0,1.0,0.0,1.0,1.0,0.4471213029477836,0.2756689314999135,0.6185736743956538,True,30.013375,0.5288493633270264,0.0001414081489201635,0.5372615456581116,0.00014490836474578828,0.4725683629512787,0.9994437098503113,0.5014815330505371,0.502535343170166,0.4757843613624573,0.0020449780859053135,0.4869004487991333,0.0022567566484212875,0.016919663175940514,0.9722142815589905
fusion_calibration,cal_b,split_internal_mix,mix::LibriSpeech::AudioLDM2,True,1.0,0.0,1.0,1.0,1.0,0.023594312894744146,0.017270609723470758,0.029918016066017537,True,8.9353125,0.3570936322212219,0.8411951661109924,0.3605033755302429,0.8365508317947388,0.9938074946403503,0.3455323278903961,0.5021218657493591,0.5032405853271484,0.013770943507552147,0.1354517638683319,0.014534322544932365,0.17683421075344086,0.9987541437149048,0.026193134486675262
fusion_calibration,cal_c,split_internal_mix,mix::R::AudioLDM2,True,1.0,0.0,1.0,1.0,1.0,0.24671063785918895,0.45706056948115326,0.03636070623722466,True,9.9685,0.5397612452507019,0.9322594404220581,0.5405726432800293,0.9338011145591736,0.9945108294487,0.7597599625587463,0.5034427642822266,0.5059493780136108,0.09532542526721954,0.16119074821472168,0.09762275218963623,0.2211405634880066,0.9386615753173828,0.0156015083193779
fusion_calibration,cal_b,fake_music_generated,AudioLDM2,False,1.0,0.0,1.0,0.0,1.0,0.9129944077772862,0.9129944077772862,,False,4.8764375,0.55339515209198,0.9999872446060181,0.5779755115509033,0.9999839067459106,0.6821914911270142,0.99930739402771,0.5016126036643982,0.5023685693740845,0.585641622543335,0.9994612336158752,0.5995498299598694,0.9994989633560181,0.0061449697241187096,0.9658867716789246
fusion_calibration,cal_b,split_internal_mix,mix::LibriSpeech::GTZAN_genre_2,True,0.0,0.0,0.0,1.0,1.0,0.4401618572521502,0.25140579511032174,0.6289179193939786,True,30.013375,0.5239313840866089,0.00018205659580416977,0.538147509098053,0.00018707341223489493,0.5169852375984192,0.999319314956665,0.5013887286186218,0.5023505687713623,0.45189547538757324,0.0027935763355344534,0.46217095851898193,0.0030619283206760883,0.01879122667014599,0.9620541930198669
fusion_calibration,cal_c,wavefake_ajay,WF6,False,1.0,1.0,0.0,1.0,0.0,0.9955065778575393,0.9955065778575393,,False,2.1014375,0.7052178382873535,0.722463071346283,0.7231980562210083,0.721717894077301,0.9964612126350403,0.19194500148296356,0.504338264465332,0.5075041055679321,0.699661135673523,0.10666332393884659,0.7008007168769836,0.18890683352947235,0.9981215596199036,0.00043222977546975017
fusion_calibration,cal_c,gtzan_real,GTZAN_genre_2,False,0.0,0.0,0.0,0.0,1.0,0.42571613010735576,0.22073512965265382,0.6306971305620577,True,30.013375,0.522704005241394,0.00018698351050261408,0.5379565954208374,0.00019223015988245606,0.5319094657897949,0.9992974400520325,0.5013512969017029,0.5022844672203064,0.4440787136554718,0.0031095235608518124,0.45407047867774963,0.003399207489565015,0.019383259117603302,0.9579998850822449
fusion_calibration,cal_c,split_internal_mix,mix::LibriSpeech::GTZAN_genre_9,True,0.0,0.0,0.0,1.0,1.0,0.011008776814897155,0.012853927198355921,0.00916362643143839,True,44.583375,0.38092589378356934,0.7887341380119324,0.3847162127494812,0.7879449129104614,0.9836050868034363,0.45811668038368225,0.5021807551383972,0.5037621259689331,0.08463354408740997,0.23564039170742035,0.08891858905553818,0.30709221959114075,0.7929800152778625,0.07146137207746506
fusion_calibration,cal_a,split_internal_mix,mix::WF7::GTZAN_genre_4,True,1.0,1.0,0.0,1.0,1.0,0.5139244830634284,0.7581208503088611,0.2697281158179958,True,30.013375,0.41086459159851074,0.12514963746070862,0.41425561904907227,0.12269443273544312,0.9680467247962952,0.7944900989532471,0.501711368560791,0.503082275390625,0.07978753745555878,0.07829660922288895,0.08032785356044769,0.08541637659072876,0.8211038708686829,0.31475746631622314
fusion_calibration,cal_b,split_internal_mix,mix::WF7::GTZAN_genre_4,True,1.0,1.0,0.0,1.0,1.0,0.3611223658642323,0.34450101596810834,0.3777437157603563,True,30.013375,0.5310595035552979,0.012891849502921104,0.5409373641014099,0.012782702222466469,0.7932061553001404,0.9395965933799744,0.5010571479797363,0.5018869042396545,0.48255228996276855,0.011196115985512733,0.47796064615249634,0.012104449793696404,0.2113102674484253,0.7230124473571777
fusion_calibration,cal_c,split_internal_mix,mix::WF2::GTZAN_genre_0,True,1.0,1.0,0.0,1.0,1.0,0.09140331465874302,0.09981643651409966,0.08299019280338638,True,34.7458125,0.42231935262680054,0.002418060787022114,0.4170166850090027,0.0024765818379819393,0.8369500041007996,0.9954652786254883,0.5019398331642151,0.503709077835083,0.02684413269162178,0.27095428109169006,0.02938295155763626,0.28225865960121155,0.08005709201097488,0.5506921410560608
fusion_calibration,cal_a,fake_music_generated,MusicGen,False,1.0,0.0,1.0,0.0,1.0,0.9125010665176964,0.9125010665176964,,False,5.702375,0.5499930381774902,0.9999840259552002,0.5741777420043945,0.9999799728393555,0.6713371276855469,0.9990456700325012,0.50162273645401,0.502425491809845,0.5892637372016907,0.9995189905166626,0.5994044542312622,0.9995545744895935,0.009143220260739326,0.9672278165817261
fusion_calibration,cal_c,split_internal_mix,mix::LibriSpeech::AudioLDM2,True,1.0,0.0,1.0,1.0,1.0,0.5241150888758705,0.8556431704813467,0.19258700727039446,True,17.0613125,0.5658368468284607,0.9995663166046143,0.5698662400245667,0.9995119571685791,0.9170194268226624,0.9940375089645386,0.5032925605773926,0.5050556659698486,0.22630198299884796,0.9491877555847168,0.23043473064899445,0.9601408243179321,0.17063426971435547,0.5497372150421143
fusion_calibration,cal_b,split_internal_mix,mix::LibriSpeech::GTZAN_genre_4,True,0.0,0.0,0.0,1.0,1.0,0.0708861732886685,0.041593089588630096,0.10017925698870692,True,33.848375,0.2197890728712082,0.41499820351600647,0.2235202044248581,0.4132916033267975,0.9959855079650879,0.6405333876609802,0.5028213262557983,0.5050098896026611,0.014637356624007225,0.1650867760181427,0.01559513434767723,0.19687524437904358,0.9922803044319153,0.07173343747854233
fusion_calibration,cal_c,split_internal_mix,mix::LibriSpeech::MusicGen,True,1.0,0.0,1.0,1.0,1.0,0.41764352767917723,0.8218392003253201,0.013447855033034358,True,9.051,0.6558932065963745,0.9999873042106628,0.6642894744873047,0.9999839067459106,0.8501684665679932,0.9994754791259766,0.5027375221252441,0.5037478804588318,0.3939974904060364,0.9959656000137329,0.39476943016052246,0.9962218403816223,0.005973951891064644,0.9451248645782471
fusion_calibration,cal_a,split_internal_mix,mix::WF3::GTZAN_genre_3,True,1.0,1.0,0.0,1.0,1.0,0.2212081429196977,0.26685014925956024,0.17556613657983514,True,30.0001875,0.39968425035476685,0.006533782463520765,0.4004782438278198,0.006568981800228357,0.9274647831916809,0.9834436774253845,0.5015098452568054,0.5027375221252441,0.05750025808811188,0.03443904593586922,0.06177768483757973,0.037228912115097046,0.1296989470720291,0.6345991492271423
fusion_calibration,cal_a,split_internal_mix,mix::R::GTZAN_genre_7,True,0.0,0.0,0.0,1.0,1.0,0.1946177675228579,0.24268111199248688,0.1465544230532289,True,39.087125,0.5727308988571167,0.44514816999435425,0.5786961317062378,0.443660169839859,0.9497267603874207,0.7636402249336243,0.5017899870872498,0.5034549832344055,0.30731603503227234,0.13113869726657867,0.3126663863658905,0.16878463327884674,0.4498441219329834,0.30693569779396057
fusion_calibration,cal_a,gtzan_real,GTZAN_genre_8,False,0.0,0.0,0.0,0.0,1.0,0.40536941629420453,0.38035986583383785,0.43037896675457127,True,30.0001875,0.5441837310791016,0.00046881212620064616,0.5476720333099365,0.00047161601833067834,0.5472041368484497,0.9988828301429749,0.5012645125389099,0.5021728873252869,0.28810712695121765,0.07930229604244232,0.30136698484420776,0.0795428603887558,0.007461036089807749,0.8103143572807312
fusion_calibration,cal_b,fake_music_generated,MusicGen,False,1.0,0.0,1.0,0.0,1.0,0.969914923310025,0.969914923310025,,False,4.37475,0.523112416267395,0.9998815059661865,0.5496801733970642,0.9998561143875122,0.7277229428291321,0.9962843060493469,0.5013675093650818,0.5019837021827698,0.8494950532913208,0.9976378679275513,0.8578224778175354,0.9977920055389404,0.046153660863637924,0.8497852087020874
fusion_calibration,cal_a,gtzan_real,GTZAN_genre_7,False,0.0,0.0,0.0,0.0,1.0,0.7943614167239976,0.682137734509307,0.9065850989386881,True,30.0001875,0.5332555770874023,1.7917009245138615e-05,0.5287785530090332,1.83778720383998e-05,0.3901883661746979,0.999908447265625,0.5015563368797302,0.5028859376907349,0.47239428758621216,0.0031691151671111584,0.4856967031955719,0.003363471943885088,0.0096975052729249,0.983521044254303
fusion_calibration,cal_c,split_internal_mix,mix::LibriSpeech::GTZAN_genre_6,True,0.0,0.0,0.0,1.0,1.0,0.1928424027190383,0.24842212531752747,0.1372626801205491,True,31.645875,0.47796767950057983,0.03648921847343445,0.4872474670410156,0.03667756915092468,0.9034951329231262,0.9542315006256104,0.5008764863014221,0.5016850829124451,0.26044946908950806,0.07729604095220566,0.2671751081943512,0.08899945765733719,0.2107509821653366,0.4507234990596771
fusion_calibration,cal_c,split_internal_mix,mix::LibriSpeech::AudioLDM2,True,1.0,0.0,1.0,1.0,1.0,0.4496239334450718,0.8788723878402912,0.020375479049852343,True,9.0855,0.6186507940292358,0.9999502301216125,0.6326782703399658,0.999941349029541,0.7731156349182129,0.9988278150558472,0.5026838779449463,0.5036115050315857,0.8067233562469482,0.9968657493591309,0.8047894239425659,0.9969971179962158,0.01574973575770855,0.9472788572311401
fusion_calibration,cal_c,wavefake_ajay,WF6,False,1.0,1.0,0.0,1.0,0.0,0.9992362576700827,0.9992362576700827,,False,3.494625,0.7848525643348694,0.7564382553100586,0.794614315032959,0.7545803189277649,0.9934512376785278,0.22792494297027588,0.5030528903007507,0.5054731965065002,0.8144861459732056,0.1608528196811676,0.8156638145446777,0.22672241926193237,0.9930296540260315,0.008174974471330643
fusion_calibration,cal_c,fake_music_generated,MusicGen,False,1.0,0.0,1.0,0.0,1.0,0.8688329780781266,0.8688329780781266,,False,5.848,0.5395639538764954,0.9999758005142212,0.560080349445343,0.9999699592590332,0.6758967041969299,0.9989720582962036,0.5013387203216553,0.5020415782928467,0.6792194843292236,0.9998358488082886,0.6774468421936035,0.9998531341552734,0.01448910403996706,0.9820482730865479
fusion_calibration,cal_a,split_internal_mix,mix::R::MusicGen,True,1.0,0.0,1.0,1.0,1.0,0.2705380179811036,0.4398238059048973,0.10125223005730993,True,8.5869375,0.6063333749771118,0.9628986120223999,0.6066125631332397,0.9629510641098022,0.9895275831222534,0.7938080430030823,0.5030290484428406,0.5056203603744507,0.06267116963863373,0.1593206375837326,0.06591501832008362,0.21091759204864502,0.9237701892852783,0.03371365740895271
fusion_calibration,cal_a,split_internal_mix,mix::WF4::MusicGen,True,1.0,1.0,1.0,1.0,1.0,0.9989883403750133,0.9994766234356395,0.998500057314387,True,12.4295625,0.6806393265724182,0.7820588946342468,0.6860183477401733,0.7808462381362915,0.9961687922477722,0.2649409770965576,0.5031201839447021,0.5054916739463806,0.6359739303588867,0.18075628578662872,0.6423105001449585,0.244562029838562,0.9955283999443054,0.013098537921905518
fusion_calibration,cal_a,split_internal_mix,mix::R::AudioLDM2,True,1.0,0.0,1.0,1.0,1.0,0.6046019275844055,0.8917872171505996,0.31741663801821124,True,12.8455625,0.5578751564025879,0.9997849464416504,0.5663376450538635,0.9997539520263672,0.7978336811065674,0.9930689334869385,0.5016567707061768,0.5025405883789062,0.6718782782554626,0.9951984286308289,0.673084020614624,0.9956838488578796,0.11841695755720139,0.8226856589317322
fusion_calibration,cal_a,split_internal_mix,mix::R::AudioLDM2,True,1.0,0.0,1.0,1.0,1.0,0.520989136868912,0.9731761463331946,0.06880212740462942,True,11.0158125,0.6224499940872192,0.9998672008514404,0.6291451454162598,0.9998420476913452,0.882621169090271,0.9971795082092285,0.5023712515830994,0.503339409828186,0.5702950954437256,0.9950400590896606,0.5607391595840454,0.9955891370773315,0.05286286771297455,0.8451352715492249
fusion_calibration,cal_b,split_internal_mix,mix::LibriSpeech::GTZAN_genre_4,True,0.0,0.0,0.0,1.0,1.0,0.21727746381137222,0.06618933328546654,0.3683655943372779,True,30.013375,0.48480820655822754,0.02678186073899269,0.49290433526039124,0.0265544131398201,0.882834255695343,0.9106667637825012,0.5011658072471619,0.5020373463630676,0.3350389003753662,0.024513524025678635,0.3316088914871216,0.02617398463189602,0.27883973717689514,0.6016939878463745
fusion_calibration,cal_b,split_internal_mix,mix::LibriSpeech::GTZAN_genre_7,True,0.0,0.0,0.0,1.0,1.0,0.7836726480234053,0.6447699928258226,0.9225753032209881,True,32.8801875,0.4852767586708069,0.00012167642125859857,0.4975392818450928,0.00012234188034199178,0.7227271199226379,0.9994500279426575,0.5008821487426758,0.5015580654144287,0.43043428659439087,0.013037381693720818,0.42976295948028564,0.013531629927456379,0.031030042096972466,0.866532027721405
fusion_calibration,cal_b,librispeech_dev,LibriSpeech,False,0.0,0.0,0.0,1.0,0.0,0.008593176447471521,0.008925157184234978,0.008261195710708064,True,7.455,0.2036696970462799,0.9069334864616394,0.20780661702156067,0.9046246409416199,0.9975934624671936,0.2713559865951538,0.5019024610519409,0.5041447281837463,0.023011034354567528,0.18594326078891754,0.02422904223203659,0.23938848078250885,0.9973183274269104,0.029614098370075226
fusion_calibration,cal_b,librispeech_dev,LibriSpeech,False,0.0,0.0,0.0,1.0,0.0,0.007455703494339488,0.007455703494339488,,False,6.04,0.29249563813209534,0.7472711205482483,0.2967164218425751,0.7412751913070679,0.9977705478668213,0.3056918680667877,0.502428412437439,0.5039796829223633,0.0025373573880642653,0.15363039076328278,0.0028081147465854883,0.21125397086143494,0.9997709393501282,0.012197884730994701
fusion_calibration,cal_c,fake_music_generated,AudioLDM2,False,1.0,0.0,1.0,0.0,1.0,0.9187657225804179,0.9187657225804179,,False,4.8915,0.5276440978050232,0.9999673366546631,0.5541108846664429,0.9999604225158691,0.6840074062347412,0.9987885355949402,0.5015315413475037,0.5022425651550293,0.8171271085739136,0.9995827078819275,0.8270302414894104,0.999614953994751,0.016373131424188614,0.967170000076294
fusion_calibration,cal_b,split_internal_mix,mix::WF7::GTZAN_genre_4,True,1.0,1.0,0.0,1.0,1.0,0.49032740607692077,0.5791280119432021,0.40152680021063947,True,33.2293125,0.5460302829742432,0.00770937092602253,0.5560449361801147,0.00763082318007946,0.7057856917381287,0.9629163146018982,0.5010483860969543,0.5019489526748657,0.5358967781066895,0.013127675279974937,0.5307868719100952,0.014053527265787125,0.17831647396087646,0.7840277552604675
fusion_calibration,cal_a,split_internal_mix,mix::R::GTZAN_genre_6,True,0.0,0.0,0.0,1.0,1.0,0.7547205072786874,0.9727724994081584,0.5366685151492165,True,30.013375,0.5034879446029663,0.0017606327310204506,0.517990231513977,0.0017853773897513747,0.7023965716362,0.9952890276908875,0.5007404685020447,0.5014647841453552,0.47002923488616943,0.008177783340215683,0.47588521242141724,0.008629996329545975,0.02736346237361431,0.8920433521270752
fusion_calibration,cal_a,gtzan_real,GTZAN_genre_0,False,0.0,0.0,0.0,0.0,1.0,0.12480047527634705,0.13226315794769544,0.11733779260499866,True,30.013375,0.5290854573249817,0.0018058776622638106,0.5338455438613892,0.00185696582775563,0.5466263890266418,0.9987130165100098,0.5014836192131042,0.5025736689567566,0.12875798344612122,0.542141318321228,0.13577759265899658,0.5296664237976074,0.007495759520679712,0.8456695675849915
fusion_calibration,cal_c,fake_music_generated,AudioLDM2,False,1.0,0.0,1.0,0.0,1.0,0.9010419247496034,0.9010419247496034,,False,5.380625,0.5191351175308228,0.9999908208847046,0.5439978837966919,0.999988317489624,0.6918013095855713,0.9993932247161865,0.5011976957321167,0.5019776821136475,0.6053916215896606,0.999685525894165,0.61553555727005,0.9997115731239319,0.00885962788015604,0.9720309972763062
fusion_calibration,cal_c,librispeech_dev,LibriSpeech,False,0.0,0.0,0.0,1.0,0.0,0.052604128516452256,0.052604128516452256,,False,2.875,0.5482955574989319,0.813373863697052,0.5611895322799683,0.8106012940406799,0.9903765320777893,0.29334327578544617,0.5031048059463501,0.5060433745384216,0.20558957755565643,0.2304282784461975,0.20634035766124725,0.3385586738586426,0.9945465326309204,0.0033395658247172832
fusion_calibration,cal_a,split_internal_mix,mix::WF3::AudioLDM2,True,1.0,1.0,1.0,1.0,1.0,0.9905925594356171,0.9829963029198513,0.998188815951383,True,12.60375,0.7282670736312866,0.8228194713592529,0.7363557815551758,0.8244137763977051,0.9965784549713135,0.20846964418888092,0.50296550989151,0.5053255558013916,0.747081995010376,0.16695517301559448,0.7555593252182007,0.23227635025978088,0.9988034963607788,0.008473411202430725
fusion_calibration,cal_a,wavefake_ajay,WF5,False,1.0,1.0,0.0,1.0,0.0,0.9674714723537075,0.9792561986720288,0.955686746035386,True,9.4505625,0.740290641784668,0.7995823621749878,0.7477020025253296,0.7995387315750122,0.993494987487793,0.2024117261171341,0.5027381777763367,0.5049045085906982,0.7320772409439087,0.1661403477191925,0.738567590713501,0.2249813973903656,0.9969136714935303,0.014795035123825073
fusion_calibration,cal_a,split_internal_mix,mix::WF3::AudioLDM2,True,1.0,1.0,1.0,1.0,1.0,0.9460415525755022,0.9024597833914221,0.9896233217595821,True,8.347625,0.7593279480934143,0.9887139201164246,0.7712981700897217,0.9883856773376465,0.9242808818817139,0.8053880929946899,0.5016152858734131,0.5027723908424377,0.8831826448440552,0.5433236956596375,0.8809634447097778,0.5474685430526733,0.5883611440658569,0.5092604160308838
fusion_calibration,cal_a,wavefake_ajay,WF3,False,1.0,1.0,0.0,1.0,0.0,0.9986386036204554,0.9986386036204554,,False,6.768625,0.7696020007133484,0.8108850121498108,0.7769012451171875,0.808570921421051,0.9906162619590759,0.2438560128211975,0.5026137828826904,0.5051842331886292,0.7183416485786438,0.18529358506202698,0.723545491695404,0.25380513072013855,0.9935785531997681,0.01133349072188139
fusion_calibration,cal_c,split_internal_mix,mix::WF5::AudioLDM2,True,1.0,1.0,1.0,1.0,1.0,0.9981543764045077,0.9994765796580063,0.996832173151009,True,15.6206875,0.7719102501869202,0.8745585680007935,0.7780493497848511,0.8742626309394836,0.992925763130188,0.26115286350250244,0.5024920701980591,0.5044164657592773,0.7188965678215027,0.14933562278747559,0.7261151075363159,0.19655421376228333,0.9928926229476929,0.029387092217803
fusion_calibration,cal_a,split_internal_mix,mix::R::AudioLDM2,True,1.0,0.0,1.0,1.0,1.0,0.25043083065937927,0.39299737051044464,0.10786429080831385,True,14.09775,0.5851802825927734,0.9092535376548767,0.5913830995559692,0.9078181982040405,0.9858958125114441,0.6304394602775574,0.5032098293304443,0.5056353807449341,0.3362334966659546,0.5197548866271973,0.3359796404838562,0.5761803984642029,0.6563894152641296,0.07075566798448563
fusion_calibration,cal_b,wavefake_ajay,WF2,False,1.0,1.0,0.0,1.0,0.0,0.9992808570872633,0.9992808570872633,,False,2.2871875,0.7286471128463745,0.6603900790214539,0.7435628175735474,0.6621499061584473,0.9951611161231995,0.1786424070596695,0.5040204524993896,0.5071144700050354,0.7314473390579224,0.09756603837013245,0.7330643534660339,0.16840672492980957,0.998760461807251,0.000695497845299542
fusion_calibration,cal_c,split_internal_mix,mix::LibriSpeech::AudioLDM2,True,1.0,0.0,1.0,1.0,1.0,0.009499757986897277,0.0116909680718579,0.007308547901936653,True,15.07,0.34968459606170654,0.8767077922821045,0.3546828031539917,0.8741276860237122,0.9988968968391418,0.3351261019706726,0.5031975507736206,0.5055928826332092,0.07543656975030899,0.266354501247406,0.07704738527536392,0.35481321811676025,0.994002103805542,0.009863147512078285
fusion_calibration,cal_a,gtzan_real,GTZAN_genre_0,False,0.0,0.0,0.0,0.0,1.0,0.12480047527634705,0.13226315794769544,0.11733779260499866,True,30.013375,0.5290854573249817,0.0018058776622638106,0.5338455438613892,0.00185696582775563,0.5466263890266418,0.9987130165100098,0.5014836192131042,0.5025736689567566,0.12875798344612122,0.542141318321228,0.13577759265899658,0.5296664237976074,0.007495759520679712,0.8456695675849915
fusion_calibration,cal_a,split_internal_mix,mix::WF3::GTZAN_genre_8,True,1.0,1.0,0.0,1.0,1.0,0.520428760212789,0.5622146526801928,0.4786428677453854,True,37.75725,0.553095281124115,0.0002554951061028987,0.5576477646827698,0.0002557520638220012,0.5122795701026917,0.9990768432617188,0.5012772679328918,0.5020659565925598,0.33984851837158203,0.03921179473400116,0.3548209071159363,0.039755601435899734,0.006121008191257715,0.8292869925498962
fusion_calibration,cal_b,fake_music_generated,AudioLDM2,False,1.0,0.0,1.0,0.0,1.0,0.7954433143921742,0.7954433143921742,,False,5.1233125,0.5493909120559692,0.9999457597732544,0.5712292790412903,0.9999339580535889,0.6582648754119873,0.9983037710189819,0.5013298988342285,0.5020204186439514,0.662896454334259,0.9998043179512024,0.6628902554512024,0.9998236298561096,0.011159677989780903,0.9802877902984619
fusion_calibration,cal_b,split_internal_mix,mix::A02::AudioLDM2,True,1.0,1.0,1.0,1.0,1.0,0.9645803067793334,0.9645803067793334,,False,4.8764375,0.5153862833976746,0.9999547004699707,0.5165930986404419,0.999945878982544,0.9700160026550293,0.9985679388046265,0.5038585662841797,0.5060809254646301,0.26309525966644287,0.5781135559082031,0.2571151554584503,0.6691882610321045,0.09107609838247299,0.04598785564303398
fusion_calibration,cal_c,split_internal_mix,mix::R::GTZAN_genre_9,True,0.0,0.0,0.0,1.0,1.0,0.19104055572345277,0.045699965237230154,0.3363811462096754,True,30.013375,0.475462943315506,0.0937756896018982,0.4741368293762207,0.09423129260540009,0.9688742756843567,0.8825104236602783,0.50246661901474,0.5037496089935303,0.027420155704021454,0.19799214601516724,0.028100645169615746,0.2253672480583191,0.9719395637512207,0.18882596492767334
fusion_calibration,cal_a,split_internal_mix,mix::R::GTZAN_genre_4,True,0.0,0.0,0.0,1.0,1.0,0.6749050705720339,0.5110553549472877,0.8387547861967801,True,35.818375,0.536849856376648,0.010942761786282063,0.5521683692932129,0.01093544065952301,0.6650950312614441,0.9562371373176575,0.5009947419166565,0.501879870891571,0.5884634256362915,0.008456805720925331,0.5829116702079773,0.009082327596843243,0.13704901933670044,0.8140138983726501
fusion_calibration,cal_b,split_internal_mix,mix::WF1::MusicGen,True,1.0,1.0,1.0,1.0,1.0,0.9775580498731495,0.9775580498731495,,False,5.5598125,0.6590368151664734,0.9986473917961121,0.6602790951728821,0.9985378980636597,0.9663101434707642,0.9804220795631409,0.5028938055038452,0.504905641078949,0.3367336690425873,0.6076016426086426,0.33264291286468506,0.6531505584716797,0.23380762338638306,0.17578062415122986
fusion_calibration,cal_a,fake_music_generated,AudioLDM2,False,1.0,0.0,1.0,0.0,1.0,0.9032673680925518,0.9032673680925518,,False,4.0666875,0.5274214148521423,0.9999607801437378,0.5507439970970154,0.9999521970748901,0.7183046340942383,0.998258650302887,0.5013247728347778,0.5020115971565247,0.807864785194397,0.9994162321090698,0.8150051832199097,0.9994550347328186,0.024068059399724007,0.9615918397903442
fusion_calibration,cal_c,split_internal_mix,mix::WF6::GTZAN_genre_4,True,1.0,1.0,0.0,1.0,1.0,0.5937325656256409,0.6234132367441415,0.5640518945071403,True,31.6148125,0.551188588142395,0.009261080995202065,0.5606471300125122,0.009186914190649986,0.7289535999298096,0.9533867239952087,0.5010642409324646,0.5019010901451111,0.532943606376648,0.013307962566614151,0.5273256301879883,0.014244932681322098,0.22148306667804718,0.7499032616615295
fusion_calibration,cal_c,split_internal_mix,mix::WF5::GTZAN_genre_0,True,1.0,1.0,0.0,1.0,1.0,0.9941265259124021,0.9944945964588883,0.993758455365916,True,36.4604375,0.34403562545776367,0.4305194318294525,0.3481180965900421,0.43150410056114197,0.9965065121650696,0.7382335662841797,0.50371253490448,0.5063084959983826,0.2602933943271637,0.20410405099391937,0.26426929235458374,0.27543044090270996,0.9834306836128235,0.009599314071238041
fusion_calibration,cal_a,gtzan_real,GTZAN_genre_2,False,0.0,0.0,0.0,0.0,1.0,0.4324113535714171,0.23037399079054988,0.6344487163522843,True,30.013375,0.5226706266403198,0.00018910630024038255,0.5379431247711182,0.00019441015319898725,0.5321661829948425,0.9992895722389221,0.5013512969017029,0.5022844672203064,0.4436284899711609,0.003110653255134821,0.4536014199256897,0.003400367684662342,0.019459372386336327,0.9579765200614929
fusion_calibration,cal_c,split_internal_mix,mix::LibriSpeech::AudioLDM2,True,1.0,0.0,1.0,1.0,1.0,0.3812773343159329,0.3812773343159329,,False,5.2520625,0.5969391465187073,0.9985144734382629,0.6076366305351257,0.9983647465705872,0.9632939100265503,0.9840563535690308,0.5045551061630249,0.5081732869148254,0.007589550223201513,0.13860024511814117,0.007578636519610882,0.21614378690719604,0.9614624381065369,0.0019219586392864585
fusion_calibration,cal_b,split_internal_mix,mix::WF5::GTZAN_genre_2,True,1.0,1.0,0.0,1.0,1.0,0.5346411667633807,0.2712865853994357,0.7979957481273257,True,39.4835625,0.5383868217468262,0.00021679748897440732,0.5513207912445068,0.00022247778542805463,0.5066632628440857,0.9993079304695129,0.501495361328125,0.5026006102561951,0.49033015966415405,0.003312984248623252,0.4965238571166992,0.0036719166673719883,0.019090183079242706,0.9474496245384216
fusion_calibration,cal_c,librispeech_dev,LibriSpeech,False,0.0,0.0,0.0,1.0,0.0,0.022416848047184683,0.006859332597144176,0.03797436349722519,True,12.77,0.1897687315940857,0.3962445855140686,0.19507595896720886,0.39766669273376465,0.998460054397583,0.2950505018234253,0.5035818815231323,0.5062772035598755,0.00293666310608387,0.14510244131088257,0.0033586667850613594,0.21242335438728333,0.9994978904724121,0.0042687756940722466
fusion_calibration,cal_c,librispeech_dev,LibriSpeech,False,0.0,0.0,0.0,1.0,0.0,0.01370669792098451,0.01370669792098451,,False,5.585,0.2738703489303589,0.6627403497695923,0.27630698680877686,0.6625432968139648,0.9978616833686829,0.24369651079177856,0.5028039216995239,0.5048394799232483,0.0013393289409577847,0.16632692515850067,0.001595794572494924,0.215585857629776,0.9995318651199341,0.02733544632792473
fusion_calibration,cal_c,wavefake_ajay,WF5,False,1.0,1.0,0.0,1.0,0.0,0.9982870152341838,0.9995181194025541,0.9970559110658135,True,9.7291875,0.7849582433700562,0.898028552532196,0.7922238111495972,0.8969985246658325,0.989903450012207,0.24563226103782654,0.5022008419036865,0.5038626194000244,0.8032907843589783,0.14133258163928986,0.8081372976303101,0.17924906313419342,0.9930293560028076,0.04620099067687988
fusion_calibration,cal_b,split_internal_mix,mix::LibriSpeech::GTZAN_genre_8,True,0.0,0.0,0.0,1.0,1.0,0.11783556814750805,0.017048203627823555,0.21862293266719254,True,33.2001875,0.1827569305896759,0.09019671380519867,0.18536335229873657,0.09095442295074463,0.9975853562355042,0.8509487509727478,0.5036888718605042,0.5062218308448792,0.0009130586986429989,0.18162347376346588,0.0010775472037494183,0.2528262734413147,0.9963350296020508,0.007714524399489164
fusion_calibration,cal_a,split_internal_mix,mix::WF7::GTZAN_genre_0,True,1.0,1.0,0.0,1.0,1.0,0.9973936569980406,0.9976214333442193,0.9971658806518618,True,39.99875,0.5609890222549438,0.4034101068973541,0.560316801071167,0.4051794111728668,0.9539045691490173,0.7231758236885071,0.502657949924469,0.5046341419219971,0.29329174757003784,0.3311523199081421,0.29909181594848633,0.36631935834884644,0.48519206047058105,0.1786412000656128
fusion_calibration,cal_c,split_internal_mix,mix::LibriSpeech::AudioLDM2,True,1.0,0.0,1.0,1.0,1.0,0.40454407349920635,0.7832627182931376,0.025825428705274996,True,8.3218125,0.6343546509742737,0.9999808073043823,0.6342147588729858,0.9999764561653137,0.8710137009620667,0.999346137046814,0.5030335187911987,0.5046343803405762,0.8387168645858765,0.9908698201179504,0.8415077924728394,0.9920979738235474,0.007657071575522423,0.8856126666069031
fusion_calibration,cal_a,gtzan_real,GTZAN_genre_3,False,0.0,0.0,0.0,0.0,1.0,0.4771793410028874,0.6481904872986756,0.30616819470709916,True,30.0001875,0.5449590682983398,4.790536331711337e-05,0.545873761177063,4.765546691487543e-05,0.4182479679584503,0.9996487498283386,0.5012150406837463,0.5023078322410583,0.5685012340545654,0.003818592755123973,0.58082115650177,0.004042778164148331,0.013991142623126507,0.9625322222709656
fusion_calibration,cal_a,split_internal_mix,mix::WF5::AudioLDM2,True,1.0,1.0,1.0,1.0,1.0,0.9364220030444238,0.9408120905286079,0.9320319155602397,True,15.5293125,0.7133421897888184,0.7635811567306519,0.7217813730239868,0.7627288103103638,0.9930648803710938,0.22260147333145142,0.5030144453048706,0.5051950216293335,0.6872676014900208,0.17355692386627197,0.6942446231842041,0.23677468299865723,0.9970191717147827,0.01122373715043068
fusion_calibration,cal_a,gtzan_real,GTZAN_genre_9,False,0.0,0.0,0.0,0.0,1.0,0.5547235308362637,0.5351898353313631,0.5742572263411643,True,30.013375,0.5221657752990723,0.00046151119749993086,0.5282549858093262,0.0004725540056824684,0.47970566153526306,0.9987722039222717,0.5011497139930725,0.5022668242454529,0.5152314901351929,0.0020727619994431734,0.5257315635681152,0.0022607408463954926,0.018723174929618835,0.9792034029960632
fusion_calibration,cal_c,split_internal_mix,mix::WF5::GTZAN_genre_7,True,1.0,1.0,0.0,1.0,1.0,0.862149101068156,0.9307321558258274,0.7935660463104847,True,37.1635625,0.5300586819648743,1.785826862032991e-05,0.5270413756370544,1.8342889234190807e-05,0.406792551279068,0.9999141097068787,0.5015066266059875,0.5027629733085632,0.45633596181869507,0.0033461020793765783,0.4704225957393646,0.003548659849911928,0.009543539956212044,0.9816699624061584
fusion_calibration,cal_c,wavefake_ajay,WF4,False,1.0,1.0,0.0,1.0,0.0,0.45600070252907615,0.45600070252907615,,False,2.422,0.7502126097679138,0.48439592123031616,0.7633528113365173,0.4891755282878876,0.9774388670921326,0.41470882296562195,0.503611147403717,0.5063064694404602,0.7716588973999023,0.2301376610994339,0.7675036191940308,0.3422355651855469,0.9867108464241028,0.002868651645258069
fusion_calibration,cal_c,split_internal_mix,mix::WF6::AudioLDM2,True,1.0,1.0,1.0,1.0,1.0,0.7789375848654786,0.9986000237954715,0.5592751459354857,True,8.82525,0.7389065027236938,0.9716134071350098,0.7438252568244934,0.9706540107727051,0.9821110367774963,0.7556657791137695,0.5029928684234619,0.5051143169403076,0.7816441059112549,0.41988974809646606,0.780336856842041,0.48702502250671387,0.8468453884124756,0.056340668350458145
fusion_calibration,cal_b,librispeech_dev,LibriSpeech,False,0.0,0.0,0.0,1.0,0.0,0.02484377622214771,0.02484377622214771,,False,3.71,0.3208291232585907,0.21045634150505066,0.3284057080745697,0.20896151661872864,0.9894068837165833,0.5757701992988586,0.5027391314506531,0.505571722984314,0.006929923314601183,0.13561072945594788,0.007508754264563322,0.1992967128753662,0.9964249730110168,0.005338303744792938
fusion_calibration,cal_c,split_internal_mix,mix::WF1::GTZAN_genre_5,True,1.0,1.0,0.0,1.0,1.0,0.6568588472927382,0.8676633134762005,0.4460543811092759,True,32.773,0.5386961698532104,0.00046750472392886877,0.536207914352417,0.0004706255276687443,0.5587825775146484,0.9985964894294739,0.5015153884887695,0.5023614764213562,0.2339397668838501,0.32231420278549194,0.24871599674224854,0.31054452061653137,0.0047079590149223804,0.8819254040718079
fusion_calibration,cal_b,split_internal_mix,mix::LibriSpeech::AudioLDM2,True,1.0,0.0,1.0,1.0,1.0,0.019601831768934208,0.014699270246276961,0.02450439329159145,True,14.65875,0.447830468416214,0.5293264389038086,0.4555976390838623,0.5143458843231201,0.9967688322067261,0.2723081409931183,0.5024285912513733,0.5041342973709106,0.004468481056392193,0.12714707851409912,0.0048615699633955956,0.17685918509960175,0.9996252655982971,0.012321759015321732
fusion_calibration,cal_b,split_internal_mix,mix::A02::GTZAN_genre_3,True,1.0,1.0,0.0,1.0,1.0,0.5369660658265809,0.7388787323420898,0.33505339931107203,True,30.7526875,0.5415670871734619,0.00012672673619817942,0.5494140386581421,0.00012562742631416768,0.46997663378715515,0.9991304278373718,0.501128613948822,0.5020870566368103,0.5027952194213867,0.0044284118339419365,0.5173667669296265,0.004696272313594818,0.011674989014863968,0.9491588473320007
fusion_calibration,cal_a,split_internal_mix,mix::WF7::GTZAN_genre_6,True,1.0,1.0,0.0,1.0,1.0,0.6159394715953509,0.4291698608286993,0.8027090823620024,True,34.7386875,0.5228990316390991,0.00036407486186362803,0.5275190472602844,0.00037013296969234943,0.468851774930954,0.9987937808036804,0.5009647011756897,0.5020766854286194,0.51705002784729,0.0014672577381134033,0.5284355878829956,0.001616014400497079,0.01725813001394272,0.9831179976463318
fusion_calibration,cal_b,asvspoof2019,A01,False,1.0,1.0,0.0,1.0,0.0,0.9996355781256058,0.9996355781256058,,False,1.18825,0.6269919872283936,0.4740949869155884,0.6450138688087463,0.4750612676143646,0.9946550130844116,0.17130489647388458,0.5044533610343933,0.5079081654548645,0.5557246208190918,0.07368838787078857,0.5496370196342468,0.14247454702854156,0.9988952875137329,0.000166718105901964
fusion_calibration,cal_c,split_internal_mix,mix::WF5::AudioLDM2,True,1.0,1.0,1.0,1.0,1.0,0.9982631713835093,0.9992594591002023,0.9972668836668163,True,15.6910625,0.6507242918014526,0.7606217861175537,0.6586874723434448,0.7592273950576782,0.9957960247993469,0.24771663546562195,0.5031012892723083,0.5053742527961731,0.37984389066696167,0.1897432804107666,0.3890005052089691,0.2566807270050049,0.9965301752090454,0.011241627857089043
fusion_calibration,cal_c,librispeech_dev,LibriSpeech,False,0.0,0.0,0.0,1.0,0.0,0.01766265786643509,0.01766265786643509,,False,2.675,0.45960748195648193,0.681548535823822,0.47154897451400757,0.6779158711433411,0.9940364360809326,0.21930494904518127,0.5034998655319214,0.5060672163963318,0.1534624844789505,0.17831075191497803,0.15702907741069794,0.26362478733062744,0.9990617632865906,0.002675429917871952
fusion_calibration,cal_b,fake_music_generated,AudioLDM2,False,1.0,0.0,1.0,0.0,1.0,0.9677251902605228,0.9677251902605228,,False,4.692,0.5515734553337097,0.9999862909317017,0.5724433064460754,0.9999823570251465,0.7096915245056152,0.9991577863693237,0.5014838576316833,0.5024544596672058,0.7196661233901978,0.9998252987861633,0.7298032641410828,0.9998408555984497,0.008881514891982079,0.9823516011238098
fusion_calibration,cal_b,gtzan_real,GTZAN_genre_4,False,0.0,0.0,0.0,0.0,1.0,0.6007818245253712,0.49865316180301267,0.7029104872477298,True,30.013375,0.5449498891830444,0.003258737036958337,0.5541300773620605,0.0032285191118717194,0.4702482521533966,0.9811659455299377,0.5010997653007507,0.5022373795509338,0.6633384227752686,0.004373426083475351,0.6652984619140625,0.004703084006905556,0.11340827494859695,0.8964810371398926
fusion_calibration,cal_b,split_internal_mix,mix::WF5::GTZAN_genre_4,True,1.0,1.0,0.0,1.0,1.0,0.9961052066416327,0.9966020106101501,0.9956084026731152,True,39.6335625,0.4289035499095917,0.427010178565979,0.43673375248908997,0.42909449338912964,0.9971176981925964,0.4684615433216095,0.5037650465965271,0.5064911842346191,0.289985716342926,0.18677929043769836,0.29595687985420227,0.2541741132736206,0.9988872408866882,0.006846973206847906
fusion_calibration,cal_b,split_internal_mix,mix::WF1::AudioLDM2,True,1.0,1.0,1.0,1.0,1.0,0.9996058079476667,0.9996058079476667,,False,4.7020625,0.7595375180244446,0.9153664708137512,0.7671995759010315,0.9191493988037109,0.9570698142051697,0.7892764806747437,0.5022611021995544,0.5043595433235168,0.42914634943008423,0.1689986139535904,0.43255436420440674,0.1958571821451187,0.5231344103813171,0.19508789479732513
fusion_calibration,cal_b,split_internal_mix,mix::LibriSpeech::GTZAN_genre_3,True,0.0,0.0,0.0,1.0,1.0,0.46858124148394786,0.653722164424141,0.28344031854375473,True,39.3701875,0.5567271709442139,0.00010493065929040313,0.5657328367233276,0.00010470212146174163,0.5129765868186951,0.9993438720703125,0.5012039542198181,0.5023108124732971,0.5279531478881836,0.0065441615879535675,0.534551739692688,0.007305195555090904,0.016887186095118523,0.880206286907196
fusion_calibration,cal_a,split_internal_mix,mix::WF5::AudioLDM2,True,1.0,1.0,1.0,1.0,1.0,0.6219562736149846,0.9317213826135431,0.3121911646164261,True,15.3385625,0.6562671661376953,0.9996510148048401,0.667927622795105,0.9996050000190735,0.8451650738716125,0.9935109615325928,0.5027680397033691,0.5040439367294312,0.677247166633606,0.979304313659668,0.6701916456222534,0.982607901096344,0.16911423206329346,0.7046316862106323
fusion_calibration,cal_c,split_internal_mix,mix::WF6::GTZAN_genre_4,True,1.0,1.0,0.0,1.0,1.0,0.29944460565676334,0.29196249599708035,0.3069267153164464,True,31.5894375,0.39898478984832764,0.21893274784088135,0.40264827013015747,0.21766965091228485,0.9754490852355957,0.7439653277397156,0.5018897652626038,0.5033097267150879,0.08533285558223724,0.08032670617103577,0.0867699384689331,0.09395736455917358,0.7501294016838074,0.3108082413673401
fusion_calibration,cal_b,gtzan_real,GTZAN_genre_4,False,0.0,0.0,0.0,0.0,1.0,0.604453382755668,0.5002925749534228,0.7086141905579131,True,30.013375,0.5449498891830444,0.003258737036958337,0.5541300773620605,0.0032285191118717194,0.4702482521533966,0.9811659455299377,0.5010997653007507,0.5022373795509338,0.6633384227752686,0.004373426083475351,0.6652984619140625,0.004703084006905556,0.11340827494859695,0.8964810371398926
fusion_calibration,cal_a,split_internal_mix,mix::R::GTZAN_genre_8,True,0.0,0.0,0.0,1.0,1.0,0.17266866401690895,0.13141452096322093,0.213922807070597,True,38.537125,0.4791067838668823,0.43232250213623047,0.479740709066391,0.4311032295227051,0.9618764519691467,0.7911178469657898,0.5025954842567444,0.5045844316482544,0.150958850979805,0.1492309719324112,0.15471267700195312,0.1936936378479004,0.44080862402915955,0.2191591113805771
fusion_calibration,cal_c,split_internal_mix,mix::LibriSpeech::GTZAN_genre_9,True,0.0,0.0,0.0,1.0,1.0,0.3591770332700209,0.11284951230426009,0.6055045542357816,True,30.013375,0.4798121452331543,0.01855960674583912,0.48524773120880127,0.018834447488188744,0.9415392875671387,0.9696063995361328,0.5010929703712463,0.5015885829925537,0.1359109729528427,0.06750039011240005,0.1371259093284607,0.07362188398838043,0.2608877718448639,0.32144856452941895
fusion_calibration,cal_a,split_internal_mix,mix::WF7::AudioLDM2,True,1.0,1.0,1.0,1.0,1.0,0.9623492685796875,0.941692567182346,0.983005969977029,True,13.532375,0.6031336784362793,0.9978060126304626,0.6172235608100891,0.9974942207336426,0.8586452603340149,0.9046499133110046,0.5016589164733887,0.5025615096092224,0.8503392934799194,0.9200570583343506,0.8544785380363464,0.9322411417961121,0.5014720559120178,0.5054622888565063
fusion_calibration,cal_c,split_internal_mix,mix::WF6::AudioLDM2,True,1.0,1.0,1.0,1.0,1.0,0.9314278870733719,0.9314278870733719,,False,5.70175,0.6282457709312439,0.9990482926368713,0.6345102190971375,0.998948872089386,0.9889545440673828,0.9860509037971497,0.5038770437240601,0.5064939856529236,0.7385830283164978,0.2710459232330322,0.7310670614242554,0.35886383056640625,0.4530819356441498,0.012403984554111958
fusion_calibration,cal_b,split_internal_mix,mix::LibriSpeech::GTZAN_genre_4,True,0.0,0.0,0.0,1.0,1.0,0.35685647552896294,0.3234520376699832,0.3902609133879427,True,34.993375,0.45969557762145996,0.03361239656805992,0.4652054011821747,0.03373335301876068,0.95107102394104,0.8820385336875916,0.5015203356742859,0.5026866793632507,0.11772345006465912,0.04812440276145935,0.11781463027000427,0.05297434329986572,0.5761571526527405,0.4108223617076874
fusion_calibration,cal_c,split_internal_mix,mix::LibriSpeech::AudioLDM2,True,1.0,0.0,1.0,1.0,1.0,0.01449510553817433,0.012319045943429354,0.016671165132919306,True,17.815625,0.2803669571876526,0.6188663840293884,0.283915638923645,0.6129981279373169,0.9968858957290649,0.22391127049922943,0.502761960029602,0.5051311254501343,0.0024701077491045,0.13197050988674164,0.0028080015908926725,0.17964787781238556,0.9993293285369873,0.016222620382905006
fusion_calibration,cal_c,split_internal_mix,mix::WF7::MusicGen,True,1.0,1.0,1.0,1.0,1.0,0.9357257987487542,0.8731482226593753,0.998303374838133,True,9.582,0.5548533201217651,0.9999768137931824,0.5554766654968262,0.999971330165863,0.9395108222961426,0.9992508888244629,0.5037298798561096,0.5056233406066895,0.30712559819221497,0.9607775807380676,0.30393099784851074,0.9709363579750061,0.0117021594196558,0.3823291063308716
fusion_calibration,cal_b,split_internal_mix,mix::A02::GTZAN_genre_4,True,1.0,1.0,0.0,1.0,1.0,0.5132663789363395,0.7460377870128648,0.28049497085981423,True,30.013375,0.40232470631599426,0.10471267253160477,0.40475547313690186,0.10267717391252518,0.9717643857002258,0.7774310111999512,0.5016245245933533,0.5029228329658508,0.06887040287256241,0.0492558479309082,0.06925775110721588,0.05478113144636154,0.7413854598999023,0.3545394837856293
fusion_calibration,cal_b,wavefake_ajay,WF3,False,1.0,1.0,0.0,1.0,0.0,0.9903852494856673,0.9852661954676807,0.9955043035036539,True,8.428875,0.7453223466873169,0.8232797980308533,0.752600908279419,0.8212988376617432,0.9917921423912048,0.24072371423244476,0.5025259852409363,0.5050523281097412,0.8049946427345276,0.1594431847333908,0.8099037408828735,0.2184630036354065,0.9965482950210571,0.013973062857985497
fusion_calibration,cal_b,split_internal_mix,mix::WF7::MusicGen,True,1.0,1.0,1.0,1.0,1.0,0.9142758747829013,0.8448725615358491,0.9836791880299535,True,8.735625,0.5525602102279663,0.9999582171440125,0.5700684785842896,0.9999484419822693,0.7114259004592896,0.99852454662323,0.5014586448669434,0.502129077911377,0.7157809138298035,0.9997141361236572,0.7162014245986938,0.9997398853302002,0.014130529016256332,0.9754016399383545
fusion_calibration,cal_a,split_internal_mix,mix::R::GTZAN_genre_8,True,0.0,0.0,0.0,1.0,1.0,0.495877435045279,0.8276667320471134,0.1640881380434446,True,36.4051875,0.4475643038749695,0.4101816713809967,0.45036959648132324,0.41070228815078735,0.9950714707374573,0.7192070484161377,0.5030543208122253,0.5051618218421936,0.4087695777416229,0.1863195300102234,0.41163066029548645,0.24078962206840515,0.9327167868614197,0.029162058606743813
fusion_calibration,cal_c,gtzan_real,GTZAN_genre_9,False,0.0,0.0,0.0,0.0,1.0,0.5718495564846527,0.5740386636148207,0.5696604493544848,True,30.013375,0.5221657752990723,0.00046151119749993086,0.5282551050186157,0.0004725540056824684,0.4797001779079437,0.9987723231315613,0.5011497139930725,0.5022668242454529,0.5152314901351929,0.002072704955935478,0.5257315635681152,0.002260680077597499,0.01872275583446026,0.9792038798332214
fusion_calibration,cal_c,split_internal_mix,mix::WF3::GTZAN_genre_5,True,1.0,1.0,0.0,1.0,1.0,0.6794825777754587,0.6555555774449274,0.7034095781059899,True,30.013375,0.43220359086990356,0.00229291501455009,0.4290560483932495,0.002333112061023712,0.8319169878959656,0.9959907531738281,0.5017625689506531,0.5031930804252625,0.07127177715301514,0.26905953884124756,0.0756930485367775,0.2845306098461151,0.06587836891412735,0.581058919429779
fusion_calibration,cal_c,gtzan_real,GTZAN_genre_5,False,0.0,0.0,0.0,0.0,1.0,0.650521160448044,0.7098491028824516,0.5911932180136363,True,30.013375,0.5239992141723633,0.0016950180288404226,0.5220857262611389,0.0017115020891651511,0.6514442563056946,0.9965424537658691,0.5015367269515991,0.5025630593299866,0.20057906210422516,0.23094987869262695,0.21121129393577576,0.23095041513442993,0.01238919422030449,0.80889892578125
fusion_calibration,cal_a,split_internal_mix,mix::R::AudioLDM2,True,1.0,0.0,1.0,1.0,1.0,0.21356208198260632,0.27707312114489124,0.1500510428203214,True,14.7168125,0.7001879215240479,0.8728783130645752,0.7041093111038208,0.8701870441436768,0.9934788942337036,0.2845376133918762,0.5028448104858398,0.5052964687347412,0.560965895652771,0.18599346280097961,0.5703079700469971,0.2511218190193176,0.9921959638595581,0.016745446249842644
fusion_calibration,cal_c,split_internal_mix,mix::LibriSpeech::MusicGen,True,1.0,0.0,1.0,1.0,1.0,0.2939959106429616,0.5645170392648583,0.02347478202106486,True,9.18,0.27225491404533386,0.9967500567436218,0.27506786584854126,0.9966293573379517,0.9837934374809265,0.9754409790039062,0.5028515458106995,0.5050270557403564,0.00753073301166296,0.6260666847229004,0.008137540891766548,0.6762765645980835,0.5838718414306641,0.23675693571567535
fusion_calibration,cal_b,librispeech_dev,LibriSpeech,False,0.0,0.0,0.0,1.0,0.0,0.009787809289108355,0.010754557206325016,0.008821061371891694,True,12.75,0.1787053346633911,0.9241993427276611,0.1825050413608551,0.9235140681266785,0.9983013868331909,0.19748839735984802,0.5021841526031494,0.5044443607330322,0.05687680095434189,0.24750986695289612,0.0595891959965229,0.32642000913619995,0.99755859375,0.01562521606683731
fusion_calibration,cal_c,fake_music_generated,MusicGen,False,1.0,0.0,1.0,0.0,1.0,0.9449022058783355,0.9449022058783355,,False,5.7001875,0.5377311706542969,0.999972939491272,0.5603537559509277,0.9999661445617676,0.7294747829437256,0.9989314675331116,0.5013692378997803,0.5023038387298584,0.7404372096061707,0.9997839331626892,0.7526611089706421,0.9998028874397278,0.007133904844522476,0.9784508943557739
fusion_calibration,cal_b,split_internal_mix,mix::LibriSpeech::MusicGen,True,1.0,0.0,1.0,1.0,1.0,0.6506830803346033,0.925548369246505,0.3758177914227016,True,13.67325,0.5030173659324646,0.9999186992645264,0.5245213508605957,0.9999042749404907,0.7657824158668518,0.9978331327438354,0.5012639760971069,0.5018739700317383,0.7131236791610718,0.9991439580917358,0.7187080979347229,0.9991968870162964,0.014456886798143387,0.9506217241287231
fusion_calibration,cal_b,librispeech_dev,LibriSpeech,False,0.0,0.0,0.0,1.0,0.0,0.011306352980711575,0.011306352980711575,,False,3.2,0.4425824284553528,0.5050471425056458,0.4533005654811859,0.49987342953681946,0.9978466033935547,0.2733202576637268,0.5031034350395203,0.5057499408721924,0.01065768301486969,0.11980199068784714,0.011412490159273148,0.1883963644504547,0.9995033740997314,0.002101575257256627
fusion_calibration,cal_c,librispeech_dev,LibriSpeech,False,0.0,0.0,0.0,1.0,0.0,0.0192770484982678,0.0192770484982678,,False,2.875,0.3870556354522705,0.6589181423187256,0.39910441637039185,0.6606642603874207,0.9981335997581482,0.20232175290584564,0.5033718347549438,0.5061065554618835,0.14615637063980103,0.14032523334026337,0.15005116164684296,0.22058553993701935,0.9991312623023987,0.0015784753486514091
fusion_calibration,cal_a,split_internal_mix,mix::WF5::AudioLDM2,True,1.0,1.0,1.0,1.0,1.0,0.8982770529840679,0.9267396222912408,0.869814483676895,True,9.4505625,0.674999475479126,0.9994728565216064,0.6834608316421509,0.9994014501571655,0.8864946365356445,0.9903408288955688,0.5021626949310303,0.503413736820221,0.7076926231384277,0.9559203386306763,0.7008007764816284,0.9564138054847717,0.08301801979541779,0.7465692162513733
fusion_calibration,cal_c,split_internal_mix,mix::WF2::AudioLDM2,True,1.0,1.0,1.0,1.0,1.0,0.9946071045932092,0.9946071045932092,,False,4.6324375,0.7277602553367615,0.9861780405044556,0.737067461013794,0.9858077764511108,0.934865415096283,0.830901026725769,0.5019280314445496,0.5032869577407837,0.6966468691825867,0.49773460626602173,0.6962417364120483,0.5118765234947205,0.5833739638328552,0.458283931016922
fusion_calibration,cal_a,split_internal_mix,mix::R::MusicGen,True,1.0,0.0,1.0,1.0,1.0,0.1715838558189942,0.21520265569837507,0.12796505593961338,True,8.5869375,0.6978018283843994,0.9878559708595276,0.700759768486023,0.9879963397979736,0.9613523483276367,0.9321534633636475,0.5023995637893677,0.5044527053833008,0.5857516527175903,0.2572479248046875,0.5869228839874268,0.2931717038154602,0.35653552412986755,0.25216981768608093
fusion_calibration,cal_b,fake_music_generated,MusicGen,False,1.0,0.0,1.0,0.0,1.0,0.8662634625743768,0.8662634625743768,,False,5.1598125,0.538788378238678,0.9999654293060303,0.5577782392501831,0.9999570846557617,0.7100099325180054,0.9986018538475037,0.501358151435852,0.5020725131034851,0.6875636577606201,0.9997425675392151,0.6860739588737488,0.9997665286064148,0.01678948849439621,0.9767539501190186
fusion_calibration,cal_b,librispeech_dev,LibriSpeech,False,0.0,0.0,0.0,1.0,0.0,0.015929150866201995,0.015929150866201995,,False,2.495,0.3914843797683716,0.7796958684921265,0.4046034514904022,0.777132511138916,0.9971820116043091,0.19351862370967865,0.5035940408706665,0.5068134665489197,0.10850847512483597,0.09918567538261414,0.11178138107061386,0.17763584852218628,0.9991390705108643,0.00041508660069666803
fusion_calibration,cal_a,gtzan_real,GTZAN_genre_1,False,0.0,0.0,0.0,0.0,1.0,0.21010325457059076,0.18100879218060018,0.23919771696058137,True,30.013375,0.4887850284576416,3.6962774174753577e-05,0.48904192447662354,3.8014772144379094e-05,0.6707401275634766,0.9998919367790222,0.5010640025138855,0.5022934079170227,0.13391561806201935,0.04405292123556137,0.13926033675670624,0.04552507400512695,0.004680436570197344,0.8504030704498291
fusion_calibration,cal_c,gtzan_real,GTZAN_genre_9,False,0.0,0.0,0.0,0.0,1.0,0.5773489011961874,0.5556758102346472,0.5990219921577278,True,30.013375,0.5221657752990723,0.00046151119749993086,0.5282551050186157,0.0004725540056824684,0.4797004759311676,0.9987723231315613,0.5011497139930725,0.5022668242454529,0.5152314901351929,0.00207270635291934,0.5257315635681152,0.002260681940242648,0.0187227725982666,0.9792038798332214
fusion_calibration,cal_c,split_internal_mix,mix::LibriSpeech::GTZAN_genre_2,True,0.0,0.0,0.0,1.0,1.0,0.09330358562744073,0.18053156118916405,0.006075610065717427,True,42.988375,0.48813891410827637,0.3908906579017639,0.48662105202674866,0.3901066780090332,0.9734964966773987,0.5209311842918396,0.503175675868988,0.50566166639328,0.0541023351252079,0.12559141218662262,0.05538041517138481,0.1701008379459381,0.9490278363227844,0.04326559230685234
fusion_calibration,cal_a,split_internal_mix,mix::R::MusicGen,True,1.0,0.0,1.0,1.0,1.0,0.18514723869743357,0.2611711747241119,0.10912330267075525,True,8.5869375,0.6880021691322327,0.9967745542526245,0.6913480758666992,0.9966131448745728,0.9473072290420532,0.9689298868179321,0.502273678779602,0.5040924549102783,0.27195674180984497,0.6540173292160034,0.2738959789276123,0.6735398173332214,0.39723730087280273,0.4288981556892395
fusion_calibration,cal_c,split_internal_mix,mix::WF3::AudioLDM2,True,1.0,1.0,1.0,1.0,1.0,0.9348317508688229,0.9778147246715151,0.8918487770661305,True,8.153,0.5928417444229126,0.9919843673706055,0.600078284740448,0.9911899566650391,0.9973698854446411,0.7831239700317383,0.5033960342407227,0.5055365562438965,0.14903083443641663,0.17494113743305206,0.15206730365753174,0.24824492633342743,0.9936331510543823,0.005702921189367771
fusion_calibration,cal_c,wavefake_ajay,WF7,False,1.0,1.0,0.0,1.0,0.0,0.9996955528440818,0.9996955528440818,,False,2.809625,0.7672176361083984,0.7878290414810181,0.7785574197769165,0.7857496738433838,0.989991307258606,0.20634154975414276,0.5035676956176758,0.5064335465431213,0.7645837068557739,0.13551513850688934,0.7684836387634277,0.2103118896484375,0.996212363243103,0.0023914682678878307
fusion_calibration,cal_b,fake_music_generated,AudioLDM2,False,1.0,0.0,1.0,0.0,1.0,0.9563735049926566,0.9563735049926566,,False,5.83875,0.5586161017417908,0.9999731779098511,0.5780355334281921,0.9999661445617676,0.6989632844924927,0.9987269043922424,0.5015134811401367,0.5023612976074219,0.6774539947509766,0.999691367149353,0.6903783679008484,0.9997137188911438,0.005951246712356806,0.9773300886154175
fusion_calibration,cal_c,fake_music_generated,MusicGen,False,1.0,0.0,1.0,0.0,1.0,0.9582672232962273,0.9582672232962273,,False,5.277,0.5129693150520325,0.9999843835830688,0.5359308123588562,0.9999798536300659,0.7423080205917358,0.9988638162612915,0.5013566613197327,0.5017772912979126,0.7055143713951111,0.9994171857833862,0.7150883078575134,0.9994599223136902,0.03568882867693901,0.9447724223136902
fusion_calibration,cal_c,gtzan_real,GTZAN_genre_1,False,0.0,0.0,0.0,0.0,1.0,0.2052916534307604,0.17365459244453413,0.23692871441698668,True,30.013375,0.4888564944267273,3.709977681864984e-05,0.48913225531578064,3.815543095697649e-05,0.6705853343009949,0.9998915791511536,0.5010640025138855,0.5022934079170227,0.1336166262626648,0.0440538115799427,0.13895300030708313,0.04552586376667023,0.004699805285781622,0.850407063961029
fusion_calibration,cal_a,gtzan_real,GTZAN_genre_2,False,0.0,0.0,0.0,0.0,1.0,0.4367890641519738,0.2255807902655254,0.6479973380384222,True,30.013375,0.5227012634277344,0.00018721329979598522,0.5379559397697449,0.0001924655371112749,0.5319364666938782,0.9992966651916504,0.5013512969017029,0.5022844672203064,0.44403478503227234,0.0031096176244318485,0.45402467250823975,0.003399305045604706,0.019390955567359924,0.9579975605010986
fusion_calibration,cal_b,split_internal_mix,mix::LibriSpeech::AudioLDM2,True,1.0,0.0,1.0,1.0,1.0,0.20700226788800405,0.3900483185549692,0.023956217221038915,True,8.969125,0.48363131284713745,0.9978718161582947,0.4826766848564148,0.9978224039077759,0.8863154649734497,0.9744086265563965,0.5020754337310791,0.5030834674835205,0.02262834832072258,0.8972558975219727,0.023394057527184486,0.9033156633377075,0.4680599272251129,0.5893094539642334
fusion_calibration,cal_c,split_internal_mix,mix::LibriSpeech::GTZAN_genre_7,True,0.0,0.0,0.0,1.0,1.0,0.6904343397629723,0.8436904385912593,0.5371782409346854,True,32.2501875,0.3883475065231323,0.023865370079874992,0.3912351131439209,0.0244965311139822,0.9666852951049805,0.949996292591095,0.5021505355834961,0.5039374232292175,0.015462279319763184,0.11238612979650497,0.016501042991876602,0.14251641929149628,0.7014457583427429,0.22189636528491974
fusion_calibration,cal_b,split_internal_mix,mix::LibriSpeech::AudioLDM2,True,1.0,0.0,1.0,1.0,1.0,0.06257771443626883,0.06257771443626883,,False,5.02,0.30484119057655334,0.9476646184921265,0.3045884370803833,0.9504298567771912,0.9781427383422852,0.8850680589675903,0.5021709203720093,0.5029796957969666,0.0016399574233219028,0.18520745635032654,0.001876811613328755,0.20131555199623108,0.9217990040779114,0.3614896833896637
fusion_calibration,cal_a,wavefake_ajay,WF7,False,1.0,1.0,0.0,1.0,0.0,0.9906114843350756,0.9849350644774983,0.9962879041926529,True,6.7570625,0.7725292444229126,0.7967537045478821,0.781400203704834,0.7991712093353271,0.9974126219749451,0.1897726207971573,0.5030653476715088,0.5054264068603516,0.7744410634040833,0.1564832329750061,0.7818400859832764,0.2218751162290573,0.9991043210029602,0.006576464977115393
fusion_calibration,cal_c,split_internal_mix,mix::LibriSpeech::GTZAN_genre_4,True,0.0,0.0,0.0,1.0,1.0,0.5321271031711502,0.4441596964255084,0.6200945099167919,True,34.598375,0.5316911935806274,0.01737508922815323,0.5414448976516724,0.017171693965792656,0.7990830540657043,0.9188861846923828,0.5011131167411804,0.5019035339355469,0.49489450454711914,0.011574252508580685,0.4905961751937866,0.012489194050431252,0.21098089218139648,0.7329158782958984
fusion_calibration,cal_b,split_internal_mix,mix::LibriSpeech::GTZAN_genre_4,True,0.0,0.0,0.0,1.0,1.0,0.01983143551222174,0.021523922438650218,0.018138948585793263,True,42.953375,0.32979923486709595,0.7508554458618164,0.33380940556526184,0.7505757808685303,0.9840078949928284,0.4538925588130951,0.502457320690155,0.5046191811561584,0.06941080093383789,0.20060694217681885,0.07134237885475159,0.28614866733551025,0.783179759979248,0.17742033302783966
fusion_calibration,cal_a,split_internal_mix,mix::R::GTZAN_genre_6,True,0.0,0.0,0.0,1.0,1.0,0.5083897642852763,0.2181453418047631,0.7986341867657893,True,35.327875,0.5166323184967041,0.0004243253788445145,0.5271360874176025,0.0004311484226491302,0.5160753130912781,0.9985974431037903,0.5008840560913086,0.5019371509552002,0.5123663544654846,0.0018026565667241812,0.5230583548545837,0.0019873101264238358,0.020082691684365273,0.9755786061286926
fusion_calibration,cal_a,split_internal_mix,mix::WF3::GTZAN_genre_0,True,1.0,1.0,0.0,1.0,1.0,0.22573373139489195,0.2995839033139372,0.15188355947584672,True,36.282,0.529010534286499,0.0026759575121104717,0.5345114469528198,0.002746167592704296,0.5796194076538086,0.9955314993858337,0.5014925003051758,0.5025705099105835,0.16288375854492188,0.40145182609558105,0.170903742313385,0.3917354643344879,0.021606439724564552,0.8342905044555664
fusion_calibration,cal_a,wavefake_ajay,R,False,0.0,0.0,0.0,1.0,0.0,0.17222646036911832,0.19533089287945887,0.14912202785877776,True,8.5869375,0.7518261671066284,0.8814883232116699,0.7587160468101501,0.8784834146499634,0.9876762628555298,0.2873629331588745,0.5027270317077637,0.5049756169319153,0.59496009349823,0.1998843252658844,0.602928876876831,0.25904110074043274,0.9935801029205322,0.02678835764527321
fusion_calibration,cal_b,split_internal_mix,mix::LibriSpeech::GTZAN_genre_4,True,0.0,0.0,0.0,1.0,1.0,0.629411374271097,0.5442864326386826,0.7145363159035113,True,34.458375,0.526094913482666,0.00813679862767458,0.5429192185401917,0.008109611459076405,0.6142351627349854,0.9695982336997986,0.5010221600532532,0.5018249154090881,0.5830541849136353,0.007020905613899231,0.5827356576919556,0.007524311076849699,0.10193902254104614,0.8616349101066589
fusion_calibration,cal_a,fake_music_generated,AudioLDM2,False,1.0,0.0,1.0,0.0,1.0,0.9404241467581559,0.9404241467581559,,False,5.388,0.541584312915802,0.9999815225601196,0.5672413110733032,0.9999769926071167,0.6660033464431763,0.9990645051002502,0.5014011263847351,0.5022619962692261,0.6353680491447449,0.9995556473731995,0.6468570828437805,0.9995914101600647,0.010159089230000973,0.9639982581138611
fusion_calibration,cal_b,split_internal_mix,mix::WF4::GTZAN_genre_7,True,1.0,1.0,0.0,1.0,1.0,0.9915873339865581,0.9992933754253818,0.9838812925477344,True,36.004125,0.6140488386154175,0.4286963939666748,0.6217560768127441,0.42770490050315857,0.938986599445343,0.767913281917572,0.5016350150108337,0.5030173659324646,0.42942821979522705,0.14739444851875305,0.4324256181716919,0.17927034199237823,0.4265694320201874,0.3308289349079132
fusion_calibration,cal_a,fake_music_generated,MusicGen,False,1.0,0.0,1.0,0.0,1.0,0.9389054122722926,0.9389054122722926,,False,5.5714375,0.562263548374176,0.9999834299087524,0.5843955874443054,0.9999790191650391,0.6916549205780029,0.9989168643951416,0.501582682132721,0.5023313164710999,0.5941914319992065,0.9993690848350525,0.6038800477981567,0.99941086769104,0.00906637404114008,0.9629529714584351
fusion_calibration,cal_c,fake_music_generated,AudioLDM2,False,1.0,0.0,1.0,0.0,1.0,0.95276591119113,0.95276591119113,,False,4.1256875,0.527108371257782,0.9999713897705078,0.5510810613632202,0.999964714050293,0.696230411529541,0.9987547397613525,0.5014973878860474,0.5021663904190063,0.809640645980835,0.9993683695793152,0.8211984038352966,0.9994111061096191,0.011617280542850494,0.9605246186256409
fusion_calibration,cal_b,wavefake_ajay,WF4,False,1.0,1.0,0.0,1.0,0.0,0.99926593046231,0.99926593046231,,False,2.2871875,0.7323943972587585,0.658032238483429,0.7468804121017456,0.6600214838981628,0.9918191432952881,0.18751133978366852,0.5037165880203247,0.5064646601676941,0.7464526891708374,0.1210414320230484,0.7479131817817688,0.18881836533546448,0.9985557198524475,0.002140247030183673
fusion_calibration,cal_b,wavefake_ajay,WF3,False,1.0,1.0,0.0,1.0,0.0,0.9989966239440733,0.9986713511102391,0.9993218967779074,True,9.9265625,0.7853915691375732,0.8658680319786072,0.7938125133514404,0.8649483919143677,0.9864428639411926,0.22109773755073547,0.5023317337036133,0.5041910409927368,0.7582035064697266,0.1487816721200943,0.763118326663971,0.187715083360672,0.9922628402709961,0.04211793094873428
fusion_calibration,cal_b,split_internal_mix,mix::LibriSpeech::GTZAN_genre_1,True,0.0,0.0,0.0,1.0,1.0,0.11489067456734771,0.027354728607920573,0.20242662052677485,True,33.713375,0.43974268436431885,0.22321197390556335,0.44175517559051514,0.22141103446483612,0.964120090007782,0.7717148661613464,0.5025495886802673,0.5054112076759338,0.01427677646279335,0.1542673110961914,0.014866966754198074,0.20960649847984314,0.8420179486274719,0.027251997962594032
fusion_calibration,cal_a,split_internal_mix,mix::R::MusicGen,True,1.0,0.0,1.0,1.0,1.0,0.4958877389109833,0.14942247189027302,0.8423530059316936,True,13.4724375,0.6186241507530212,0.9320366382598877,0.6238676309585571,0.9307786226272583,0.9578449726104736,0.6919745802879333,0.5035423040390015,0.5061997175216675,0.18000926077365875,0.5322800278663635,0.18374785780906677,0.5940265655517578,0.5432514548301697,0.04484175890684128
fusion_calibration,cal_a,split_internal_mix,mix::WF3::GTZAN_genre_8,True,1.0,1.0,0.0,1.0,1.0,0.12250287223934583,0.08488905890343347,0.1601166855752582,True,30.0001875,0.3099331259727478,0.006366262212395668,0.3075639307498932,0.006397065240889788,0.9660499095916748,0.9865182042121887,0.5022979378700256,0.5040675401687622,0.012933557853102684,0.10519368946552277,0.014284225180745125,0.12540532648563385,0.4269190728664398,0.25870171189308167
fusion_calibration,cal_b,split_internal_mix,mix::LibriSpeech::GTZAN_genre_1,True,0.0,0.0,0.0,1.0,1.0,0.008528176229149446,0.009108720766869716,0.007947631691429176,True,39.575875,0.3448445200920105,0.7817943096160889,0.345592737197876,0.7815502882003784,0.9793617129325867,0.547349214553833,0.5019726157188416,0.5046794414520264,0.07906097173690796,0.21315330266952515,0.08045722544193268,0.27035313844680786,0.9420481324195862,0.05393722280859947
fusion_calibration,cal_a,split_internal_mix,mix::WF3::AudioLDM2,True,1.0,1.0,1.0,1.0,1.0,0.991653112131111,0.9855947792396628,0.9977114450225593,True,12.1861875,0.7650486826896667,0.8259598612785339,0.7754465937614441,0.8268523812294006,0.9944632053375244,0.21766453981399536,0.5028591156005859,0.5051281452178955,0.7837709188461304,0.18241086602210999,0.790285050868988,0.24646812677383423,0.997970461845398,0.012167583219707012
fusion_calibration,cal_b,split_internal_mix,mix::LibriSpeech::AudioLDM2,True,1.0,0.0,1.0,1.0,1.0,0.026904865169416214,0.015011902752877622,0.038797827585954806,True,11.0428125,0.28366202116012573,0.3587159812450409,0.28885066509246826,0.36117982864379883,0.9851360321044922,0.7309607267379761,0.502760648727417,0.5054373145103455,0.0044620707631111145,0.3327770531177521,0.0048514436930418015,0.4200299084186554,0.9899048805236816,0.025681091472506523
fusion_calibration,cal_c,split_internal_mix,mix::WF5::MusicGen,True,1.0,1.0,1.0,1.0,1.0,0.7475405034528272,0.5830801049585348,0.9120009019471196,True,9.7291875,0.639723539352417,0.9987747669219971,0.6578064560890198,0.998684823513031,0.7245829701423645,0.9834108948707581,0.501674473285675,0.5024902820587158,0.8220017552375793,0.9916799664497375,0.8200935125350952,0.991493284702301,0.06865663826465607,0.883194088935852
fusion_calibration,cal_c,librispeech_dev,LibriSpeech,False,0.0,0.0,0.0,1.0,0.0,0.00978890413734388,0.010317963561912126,0.009259844712775635,True,20.47,0.22937513887882233,0.8978662490844727,0.23206549882888794,0.896113932132721,0.9987375140190125,0.3523796498775482,0.5026463270187378,0.5043455958366394,0.04168110713362694,0.3829774856567383,0.04288284108042717,0.46997272968292236,0.9975196719169617,0.02848723717033863
fusion_calibration,cal_c,split_internal_mix,mix::WF5::GTZAN_genre_2,True,1.0,1.0,0.0,1.0,1.0,0.47484332084461356,0.27069838934106333,0.6789882523481638,True,33.5950625,0.5319589972496033,6.874625978525728e-05,0.5412388443946838,7.062152144499123e-05,0.48319101333618164,0.9997237324714661,0.5013667941093445,0.5023400783538818,0.48446124792099,0.003525977022945881,0.49605345726013184,0.0038201138377189636,0.012140453793108463,0.9612806439399719
fusion_calibration,cal_c,librispeech_dev,LibriSpeech,False,0.0,0.0,0.0,1.0,0.0,0.013989722337052521,0.013544827849133047,0.014434616824971994,True,12.535,0.21042603254318237,0.5477986335754395,0.21413077414035797,0.546707034111023,0.9982802867889404,0.2650509178638458,0.5035791397094727,0.5060534477233887,0.0022758296690881252,0.14289909601211548,0.0026143756695091724,0.2032783329486847,0.9994921684265137,0.006827826611697674
fusion_calibration,cal_b,split_internal_mix,mix::A01::AudioLDM2,True,1.0,1.0,1.0,1.0,1.0,0.9705450129637979,0.9997858135843624,0.9413042123432335,True,8.9010625,0.37853556871414185,0.8168395757675171,0.39018964767456055,0.8155511617660522,0.9995125532150269,0.2951502203941345,0.5038001537322998,0.5063192844390869,0.017977751791477203,0.11641818284988403,0.019178373739123344,0.18786287307739258,0.9994902014732361,0.0012549415696412325
fusion_calibration,cal_a,fake_music_generated,AudioLDM2,False,1.0,0.0,1.0,0.0,1.0,0.9325680502109724,0.9325680502109724,,False,5.0108125,0.5288058519363403,0.9999574422836304,0.5444722771644592,0.9999473094940186,0.7424788475036621,0.9984169006347656,0.5013489723205566,0.5019814372062683,0.6674041152000427,0.9996232986450195,0.6653361916542053,0.9996562004089355,0.014027024619281292,0.970986545085907
fusion_calibration,cal_c,fake_music_generated,AudioLDM2,False,1.0,0.0,1.0,0.0,1.0,0.9460669635297984,0.9460669635297984,,False,5.8665,0.5310033559799194,0.9998958110809326,0.5572232604026794,0.9998722076416016,0.7469413876533508,0.996090829372406,0.5013386011123657,0.5020690560340881,0.8599601984024048,0.9974849224090576,0.8665985465049744,0.9976239800453186,0.06436493992805481,0.8587539792060852
fusion_calibration,cal_c,librispeech_dev,LibriSpeech,False,0.0,0.0,0.0,1.0,0.0,0.011344868044363743,0.011344868044363743,,False,2.835,0.22301624715328217,0.5244491100311279,0.22944453358650208,0.5268906354904175,0.9989500641822815,0.18809086084365845,0.5039719343185425,0.5069785714149475,0.01085938885807991,0.11049128323793411,0.011739851906895638,0.17940476536750793,0.9994565844535828,0.0013211896875873208
fusion_calibration,cal_b,split_internal_mix,mix::A02::AudioLDM2,True,1.0,1.0,1.0,1.0,1.0,0.938595584128912,0.8892314548230643,0.9879597134347595,True,6.532375,0.6188393235206604,0.9999572038650513,0.6328650116920471,0.999948263168335,0.8132445812225342,0.9990492463111877,0.5022085309028625,0.5028199553489685,0.47940996289253235,0.9981288313865662,0.4810897409915924,0.9982321858406067,0.005167505703866482,0.9490011930465698
fusion_calibration,cal_a,split_internal_mix,mix::R::GTZAN_genre_2,True,0.0,0.0,0.0,1.0,1.0,0.1170881248531374,0.09377330646035942,0.14040294324591537,True,30.013375,0.5771114826202393,0.10160375386476517,0.5813074707984924,0.10288188606500626,0.8911020755767822,0.9117172360420227,0.5014384388923645,0.5028391480445862,0.2099505513906479,0.0752052366733551,0.20841683447360992,0.0837063118815422,0.43959856033325195,0.3530980050563812
fusion_calibration,cal_a,split_internal_mix,mix::R::GTZAN_genre_4,True,0.0,0.0,0.0,1.0,1.0,0.41148975649000896,0.7860433128734852,0.03693620010653278,True,35.868375,0.4954850673675537,0.3945986330509186,0.4984791874885559,0.3942529261112213,0.9896352887153625,0.6390282511711121,0.5027009844779968,0.5046076774597168,0.3369898498058319,0.1379714012145996,0.34114280343055725,0.1816612184047699,0.9581136703491211,0.13608108460903168
fusion_calibration,cal_a,split_internal_mix,mix::R::AudioLDM2,True,1.0,0.0,1.0,1.0,1.0,0.507172592900698,0.9111878596165409,0.10315732618485511,True,10.242625,0.7402712106704712,0.842083215713501,0.745993971824646,0.8448179960250854,0.9960867166519165,0.16155001521110535,0.5025738477706909,0.5046688318252563,0.8346008062362671,0.16675670444965363,0.8398321866989136,0.22731107473373413,0.997792661190033,0.013093437999486923
fusion_calibration,cal_b,split_internal_mix,mix::WF4::GTZAN_genre_2,True,1.0,1.0,0.0,1.0,1.0,0.4766539225136117,0.1858064774673826,0.7675013675598408,True,38.7340625,0.5327008366584778,0.000151499843923375,0.5494710206985474,0.00015562077169306576,0.5229024291038513,0.9995071291923523,0.501327395439148,0.5022918581962585,0.4601650834083557,0.003241410478949547,0.47129130363464355,0.0035374928265810013,0.016023019328713417,0.9577226638793945
fusion_calibration,cal_b,split_internal_mix,mix::LibriSpeech::GTZAN_genre_8,True,0.0,0.0,0.0,1.0,1.0,0.4316295309969228,0.40523574712393884,0.45802331486990683,True,32.9951875,0.5498126745223999,9.362589480588213e-05,0.5495691299438477,9.303564002038911e-05,0.5250553488731384,0.9996495246887207,0.5012809038162231,0.5021330118179321,0.3491729497909546,0.053189411759376526,0.367756187915802,0.05380592122673988,0.00428279722109437,0.8349516987800598
fusion_calibration,cal_b,wavefake_ajay,WF7,False,1.0,1.0,0.0,1.0,0.0,0.9981714134988471,0.9981714134988471,,False,6.002375,0.7596991062164307,0.8668158054351807,0.7675605416297913,0.8681521415710449,0.9948728680610657,0.186021625995636,0.5023799538612366,0.5045338869094849,0.7303102612495422,0.15090136229991913,0.736423909664154,0.20668931305408478,0.9976382255554199,0.014567799866199493
fusion_calibration,cal_b,librispeech_dev,LibriSpeech,False,0.0,0.0,0.0,1.0,0.0,0.03082260630836059,0.03082260630836059,,False,4.545,0.2999904751777649,0.8593512773513794,0.3062595725059509,0.8598101735115051,0.9992173910140991,0.17783083021640778,0.5024969577789307,0.5044621825218201,0.04629693180322647,0.2190914899110794,0.04939158633351326,0.2993124723434448,0.9994574189186096,0.009441728703677654
fusion_calibration,cal_c,split_internal_mix,mix::WF2::GTZAN_genre_0,True,1.0,1.0,0.0,1.0,1.0,0.842947505732929,0.9983374328477124,0.6875575786181456,True,35.1458125,0.4497934579849243,0.43174731731414795,0.4493391513824463,0.4310089647769928,0.9903182983398438,0.7472529411315918,0.5030299425125122,0.5053644776344299,0.36414507031440735,0.24305114150047302,0.36611196398735046,0.30988019704818726,0.812154233455658,0.04071445018053055
fusion_calibration,cal_c,fake_music_generated,AudioLDM2,False,1.0,0.0,1.0,0.0,1.0,0.8744471398541284,0.8744471398541284,,False,5.6514375,0.562536895275116,0.9999840259552002,0.5848548412322998,0.9999797344207764,0.6659625172615051,0.9991542100906372,0.5015467405319214,0.5025057792663574,0.6688977479934692,0.9998445510864258,0.6809191107749939,0.9998586177825928,0.004907023627310991,0.9848084449768066
fusion_calibration,cal_c,split_internal_mix,mix::WF5::GTZAN_genre_0,True,1.0,1.0,0.0,1.0,1.0,0.9958800067500259,0.9954402949180718,0.9963197185819799,True,30.013375,0.4328988194465637,0.47339653968811035,0.42885923385620117,0.4697387218475342,0.896756649017334,0.7313756346702576,0.5018426179885864,0.5031997561454773,0.06441390514373779,0.3002697825431824,0.06476517021656036,0.3211742043495178,0.5842221975326538,0.35405513644218445
fusion_calibration,cal_b,fake_music_generated,MusicGen,False,1.0,0.0,1.0,0.0,1.0,0.9515893255093928,0.9515893255093928,,False,5.8925,0.5038619637489319,0.9999597072601318,0.5283098816871643,0.9999512434005737,0.7582882642745972,0.998641312122345,0.5011786818504333,0.5018321871757507,0.75843745470047,0.9995298385620117,0.7680116295814514,0.9995680451393127,0.01211604755371809,0.9618610143661499
fusion_calibration,cal_b,split_internal_mix,mix::WF7::GTZAN_genre_2,True,1.0,1.0,0.0,1.0,1.0,0.45299997206906567,0.23509628785589007,0.6709036562822412,True,36.93375,0.5268851518630981,0.00016001908807083964,0.5388182401657104,0.00016464725194964558,0.48286008834838867,0.9994978308677673,0.5014134645462036,0.5024123787879944,0.4804110527038574,0.002504248870536685,0.4919598400592804,0.0027498328126966953,0.014422200620174408,0.9671338200569153
fusion_calibration,cal_c,split_internal_mix,mix::WF7::AudioLDM2,True,1.0,1.0,1.0,1.0,1.0,0.780779116385669,0.8668306007962954,0.6947276319750425,True,12.7711875,0.643440842628479,0.9999843239784241,0.6568466424942017,0.9999805092811584,0.8006033897399902,0.9993612170219421,0.5028560757637024,0.503903865814209,0.660609245300293,0.995596170425415,0.6567800045013428,0.9959890246391296,0.020133990794420242,0.9231687188148499
fusion_calibration,cal_a,wavefake_ajay,WF3,False,1.0,1.0,0.0,1.0,0.0,0.9911375654892846,0.9851893397773837,0.9970857912011855,True,6.7570625,0.8008303046226501,0.7932891249656677,0.8125380873680115,0.7953305840492249,0.9958004355430603,0.19342155754566193,0.5029865503311157,0.505233645439148,0.8033800721168518,0.16721627116203308,0.8093538880348206,0.23014357686042786,0.9989342093467712,0.009582546539604664
fusion_calibration,cal_b,split_internal_mix,mix::A01::AudioLDM2,True,1.0,1.0,1.0,1.0,1.0,0.9326271199222715,0.9954245571248955,0.8698296827196477,True,8.7085625,0.6499722003936768,0.8981655836105347,0.6650476455688477,0.8976619243621826,0.998073935508728,0.38090452551841736,0.5027854442596436,0.5048576593399048,0.16987234354019165,0.1560433804988861,0.17280758917331696,0.2229568362236023,0.9982926845550537,0.005347554571926594
fusion_calibration,cal_b,split_internal_mix,mix::WF5::MusicGen,True,1.0,1.0,1.0,1.0,1.0,0.85599020195009,0.7877393288206136,0.9242410750795663,True,9.9265625,0.6989099979400635,0.9990711212158203,0.7121026515960693,0.9989669322967529,0.851672351360321,0.9857597351074219,0.5018939971923828,0.5029762387275696,0.687554121017456,0.9706684350967407,0.6764550805091858,0.9698842167854309,0.05566469207406044,0.8192487955093384
fusion_calibration,cal_b,librispeech_dev,LibriSpeech,False,0.0,0.0,0.0,1.0,0.0,0.02481795875159886,0.02481795875159886,,False,2.91,0.389801949262619,0.15492184460163116,0.3996015191078186,0.15614794194698334,0.9937422871589661,0.5582557916641235,0.503838062286377,0.506600558757782,0.0076592788100242615,0.14591869711875916,0.008376832120120525,0.22372928261756897,0.9993541836738586,0.0019139095675200224
fusion_calibration,cal_c,split_internal_mix,mix::WF4::GTZAN_genre_5,True,1.0,1.0,0.0,1.0,1.0,0.6287238083445434,0.8110092448625671,0.4464383718265198,True,32.385375,0.5491074323654175,0.0004194843932054937,0.5496854782104492,0.0004210614424664527,0.5090742707252502,0.9985812306404114,0.5014995336532593,0.5022907257080078,0.28780922293663025,0.31470945477485657,0.3040590286254883,0.30095532536506653,0.004498669411987066,0.9019289016723633
fusion_calibration,cal_a,wavefake_ajay,WF7,False,1.0,1.0,0.0,1.0,0.0,0.8532505517993646,0.9963889517782188,0.7101121518205104,True,7.4071875,0.7868877053260803,0.8835924863815308,0.7969737648963928,0.8819828629493713,0.9860379099845886,0.22660507261753082,0.5022258162498474,0.5046505928039551,0.810112476348877,0.1820441484451294,0.8128145933151245,0.23622338473796844,0.9943323135375977,0.025041047483682632
fusion_calibration,cal_c,split_internal_mix,mix::WF7::GTZAN_genre_0,True,1.0,1.0,0.0,1.0,1.0,0.4473934241619437,0.7758974132200089,0.1188894351038785,True,30.840625,0.3754425048828125,0.29503965377807617,0.3696018159389496,0.2941170036792755,0.9503557085990906,0.8982868790626526,0.5024996399879456,0.5043368935585022,0.05129244178533554,0.25984156131744385,0.05204194411635399,0.30245018005371094,0.5727613568305969,0.159417524933815
fusion_calibration,cal_c,librispeech_dev,LibriSpeech,False,0.0,0.0,0.0,1.0,0.0,0.014511296906219547,0.014511296906219547,,False,3.02,0.3332388997077942,0.5707018375396729,0.3416200578212738,0.5742539763450623,0.9977380037307739,0.20984618365764618,0.5036234259605408,0.5060588717460632,0.009345991536974907,0.13920505344867706,0.010238826274871826,0.2036392092704773,0.9995336532592773,0.004349192604422569
fusion_calibration,cal_a,split_internal_mix,mix::WF4::GTZAN_genre_0,True,1.0,1.0,0.0,1.0,1.0,0.14574938576002158,0.14945890601523384,0.14203986550480932,True,38.059875,0.5314406752586365,0.000830157077871263,0.5342727899551392,0.0008569648489356041,0.5273570418357849,0.9989525675773621,0.5014400482177734,0.5025174617767334,0.17014247179031372,0.5678642988204956,0.17781254649162292,0.5533769130706787,0.006429321598261595,0.8554858565330505
fusion_calibration,cal_c,fake_music_generated,AudioLDM2,False,1.0,0.0,1.0,0.0,1.0,0.8913226737476274,0.8913226737476274,,False,5.8508125,0.5455828309059143,0.9999909400939941,0.5701738595962524,0.9999884366989136,0.6738921999931335,0.9994229078292847,0.5015410780906677,0.5023102760314941,0.6222177743911743,0.999657392501831,0.6380085349082947,0.9996851682662964,0.005669279024004936,0.9729659557342529
fusion_calibration,cal_c,librispeech_dev,LibriSpeech,False,0.0,0.0,0.0,1.0,0.0,0.03661932857429035,0.03661932857429035,,False,3.1,0.25811299681663513,0.3082551062107086,0.26692232489585876,0.3103419840335846,0.9958048462867737,0.3376213610172272,0.5035232901573181,0.5065476894378662,0.007561873644590378,0.13104605674743652,0.008304853923618793,0.1976713389158249,0.99913090467453,0.003060675924643874
fusion_calibration,cal_c,librispeech_dev,LibriSpeech,False,0.0,0.0,0.0,1.0,0.0,0.014383758718365482,0.014383758718365482,,False,7.34,0.3165414035320282,0.8841664791107178,0.3200875520706177,0.8829389810562134,0.9957343935966492,0.41342246532440186,0.5027936697006226,0.5047612190246582,0.03292134404182434,0.34987062215805054,0.03340959921479225,0.4247620105743408,0.9913763403892517,0.04182766377925873
fusion_calibration,cal_c,split_internal_mix,mix::WF6::GTZAN_genre_7,True,1.0,1.0,0.0,1.0,1.0,0.7812955836412272,0.658930832131816,0.9036603351506385,True,33.9948125,0.5349888801574707,1.1326126696076244e-05,0.5316522121429443,1.1592937880777754e-05,0.3902865946292877,0.9999330639839172,0.501527726650238,0.5028257369995117,0.48206859827041626,0.003997050225734711,0.4960634112358093,0.004156856797635555,0.009680342860519886,0.982891857624054
fusion_calibration,cal_c,split_internal_mix,mix::WF7::MusicGen,True,1.0,1.0,1.0,1.0,1.0,0.9494429601751767,0.9684029470920751,0.9304829732582783,True,13.887125,0.5252861976623535,0.9998564720153809,0.5385836362838745,0.9998283982276917,0.8061975240707397,0.9934636950492859,0.5015767812728882,0.5022671222686768,0.7502076625823975,0.9961774349212646,0.7502568960189819,0.9966291189193726,0.2433377206325531,0.7815088033676147
fusion_calibration,cal_b,split_internal_mix,mix::LibriSpeech::AudioLDM2,True,1.0,0.0,1.0,1.0,1.0,0.4766482493804591,0.9113249341331288,0.04197156462778942,True,10.1089375,0.6222556829452515,0.9998799562454224,0.6277205944061279,0.9998576641082764,0.8828768134117126,0.9971710443496704,0.5025120377540588,0.5033584833145142,0.3975440263748169,0.9923298358917236,0.39655229449272156,0.9927186965942383,0.05824815109372139,0.8769738674163818
fusion_calibration,cal_b,gtzan_real,GTZAN_genre_4,False,0.0,0.0,0.0,0.0,1.0,0.62256131773501,0.5284527677125946,0.7166698677574252,True,30.013375,0.5449502468109131,0.0032604211010038853,0.5541313886642456,0.003230165923014283,0.4702562987804413,0.9811586737632751,0.5010997653007507,0.5022373795509338,0.6633114814758301,0.00437350757420063,0.6652704477310181,0.004703175742179155,0.1134241446852684,0.8964770436286926
fusion_calibration,cal_a,split_internal_mix,mix::R::GTZAN_genre_0,True,0.0,0.0,0.0,1.0,1.0,0.20097013313447923,0.25741775885479246,0.144522507414166,True,32.160125,0.5340006947517395,0.0105024054646492,0.538532018661499,0.010697497986257076,0.5805177092552185,0.9929141402244568,0.5015010833740234,0.5025553107261658,0.1856275498867035,0.39107123017311096,0.19495385885238647,0.38072746992111206,0.01661444641649723,0.8401581645011902
fusion_calibration,cal_b,split_internal_mix,mix::WF3::AudioLDM2,True,1.0,1.0,1.0,1.0,1.0,0.9957929419886936,0.9971605979383508,0.9944252860390365,True,16.222625,0.7353233098983765,0.8497097492218018,0.7418314218521118,0.8477556705474854,0.9918068051338196,0.26872485876083374,0.5026001930236816,0.504651665687561,0.6247840523719788,0.16580325365066528,0.6320385932922363,0.21969561278820038,0.994259238243103,0.02235129475593567
fusion_calibration,cal_b,split_internal_mix,mix::WF6::GTZAN_genre_7,True,1.0,1.0,0.0,1.0,1.0,0.6987835400547978,0.5678877334806752,0.8296793466289204,True,33.2116875,0.49768900871276855,0.00014073347847443074,0.5107684135437012,0.00014143867883831263,0.7219403386116028,0.9993929862976074,0.500937283039093,0.5015162825584412,0.4063938856124878,0.013422839343547821,0.4066135287284851,0.013900728896260262,0.02550274133682251,0.8492329120635986
fusion_calibration,cal_c,gtzan_real,GTZAN_genre_0,False,0.0,0.0,0.0,0.0,1.0,0.1367548783970135,0.14461647618260984,0.1288932806114172,True,30.013375,0.5289623737335205,0.0020209038630127907,0.5338655710220337,0.0020768260583281517,0.5473839640617371,0.9985894560813904,0.5014836192131042,0.5025736689567566,0.12532386183738708,0.5423420667648315,0.13215795159339905,0.5298690795898438,0.007806689944118261,0.8455600738525391
fusion_calibration,cal_c,librispeech_dev,LibriSpeech,False,0.0,0.0,0.0,1.0,0.0,0.054731447652018754,0.054731447652018754,,False,2.71,0.3387628495693207,0.4173567593097687,0.34668952226638794,0.4174962639808655,0.9964483976364136,0.2598719298839569,0.5039087533950806,0.5065226554870605,0.013066448271274567,0.11805136501789093,0.014064095914363861,0.18863379955291748,0.9992597699165344,0.0014514129143208265
fusion_calibration,cal_a,gtzan_real,GTZAN_genre_9,False,0.0,0.0,0.0,0.0,1.0,0.5708402629604017,0.5760808900709639,0.5655996358498395,True,30.013375,0.5221657752990723,0.00046151119749993086,0.5282549858093262,0.0004725540056824684,0.47970613837242126,0.998772144317627,0.5011497139930725,0.5022668242454529,0.5152314901351929,0.002072767587378621,0.5257315635681152,0.0022607462015002966,0.018723206594586372,0.9792032241821289
fusion_calibration,cal_c,wavefake_ajay,WF1,False,1.0,1.0,0.0,1.0,0.0,0.9996916064376774,0.9996916064376774,,False,2.809625,0.7666636109352112,0.7881309390068054,0.7785272598266602,0.7859830260276794,0.9867618083953857,0.21220390498638153,0.5034474730491638,0.5060655474662781,0.7698050737380981,0.15142707526683807,0.7737417817115784,0.22177830338478088,0.9960720539093018,0.004585855174809694
fusion_calibration,cal_b,split_internal_mix,mix::WF4::GTZAN_genre_4,True,1.0,1.0,0.0,1.0,1.0,0.5828520197555902,0.4975486445141745,0.6681553949970058,True,35.0173125,0.5383076667785645,0.0042463140562176704,0.5441557765007019,0.004257807508111,0.473568320274353,0.981809675693512,0.5011025071144104,0.5021784901618958,0.6293771862983704,0.004104235675185919,0.6353867053985596,0.0043905689381062984,0.08408268541097641,0.9230074286460876
fusion_calibration,cal_c,fake_music_generated,MusicGen,False,1.0,0.0,1.0,0.0,1.0,0.9272163280400868,0.9272163280400868,,False,5.1454375,0.5431623458862305,0.9999679327011108,0.5640692114830017,0.9999597072601318,0.7103522419929504,0.9985839128494263,0.5015438795089722,0.5024000406265259,0.7380143404006958,0.9997852444648743,0.7458510398864746,0.9998037219047546,0.010544254444539547,0.9801087975502014
fusion_calibration,cal_c,gtzan_real,GTZAN_genre_7,False,0.0,0.0,0.0,0.0,1.0,0.7975682638351906,0.6798817886507011,0.9152547390196802,True,30.0001875,0.5332555770874023,1.7917009245138615e-05,0.5287785530090332,1.83778720383998e-05,0.3901883661746979,0.999908447265625,0.5015563368797302,0.5028859376907349,0.47239428758621216,0.0031691151671111584,0.4856966733932495,0.003363471943885088,0.0096975052729249,0.983521044254303
fusion_calibration,cal_c,wavefake_ajay,WF5,False,1.0,1.0,0.0,1.0,0.0,0.9987103228294232,0.9990776506677272,0.998342994991119,True,9.8104375,0.7240294218063354,0.8204059600830078,0.7301204800605774,0.8205323219299316,0.9933793544769287,0.20802035927772522,0.5024756193161011,0.5046584606170654,0.7312176823616028,0.1853083372116089,0.7376894950866699,0.24619686603546143,0.996498703956604,0.01773577183485031
fusion_calibration,cal_a,split_internal_mix,mix::WF7::MusicGen,True,1.0,1.0,1.0,1.0,1.0,0.8869866299590486,0.9219405906815582,0.8520326692365391,True,14.6800625,0.622718334197998,0.9998042583465576,0.6331607103347778,0.9997678995132446,0.8833943605422974,0.9915081262588501,0.501853883266449,0.502708911895752,0.6505460739135742,0.9941848516464233,0.6500076055526733,0.9947060346603394,0.1541525274515152,0.8118159174919128
fusion_calibration,cal_a,split_internal_mix,mix::WF3::GTZAN_genre_6,True,1.0,1.0,0.0,1.0,1.0,0.9811839435431732,0.9978981313005176,0.9644697557858287,True,31.7055,0.534785270690918,0.23542441427707672,0.5352218151092529,0.23475414514541626,0.9439414143562317,0.828403651714325,0.501528263092041,0.5024020671844482,0.16837070882320404,0.11550460755825043,0.170654296875,0.13341009616851807,0.4672897756099701,0.23086194694042206
fusion_calibration,cal_b,asvspoof2019,bonafide,False,0.0,0.0,0.0,1.0,0.0,0.0523379493267589,0.0523379493267589,,False,3.453125,0.6492961049079895,0.5602114200592041,0.663783848285675,0.5574537515640259,0.9826231002807617,0.1858309656381607,0.5033242106437683,0.5065967440605164,0.20901624858379364,0.07838673889636993,0.21003831923007965,0.13128702342510223,0.997000515460968,0.001345955883152783
fusion_calibration,cal_a,split_internal_mix,mix::R::AudioLDM2,True,1.0,0.0,1.0,1.0,1.0,0.5856214894052754,0.8568574325396937,0.31438554627085713,True,12.7304375,0.6650290489196777,0.9996025562286377,0.6776829361915588,0.9995527267456055,0.8556126952171326,0.9921970367431641,0.5023171901702881,0.5033243894577026,0.6919749975204468,0.9918664693832397,0.6877495050430298,0.9926040172576904,0.11972653120756149,0.8243775963783264
fusion_calibration,cal_a,split_internal_mix,mix::R::GTZAN_genre_9,True,0.0,0.0,0.0,1.0,1.0,0.06573438997668321,0.06656326329953124,0.06490551665383516,True,30.013375,0.5119739174842834,0.030186237767338753,0.5196528434753418,0.030293995514512062,0.9299895763397217,0.9566395878791809,0.5011098980903625,0.5016205310821533,0.22551056742668152,0.06632579863071442,0.22413191199302673,0.07232391834259033,0.2744152247905731,0.3457496464252472
fusion_calibration,cal_c,split_internal_mix,mix::WF3::GTZAN_genre_4,True,1.0,1.0,0.0,1.0,1.0,0.5979126343195112,0.41313401696390434,0.7826912516751182,True,30.7709375,0.5515965223312378,0.003501705126836896,0.5608710050582886,0.0034729018807411194,0.4816940128803253,0.9805273413658142,0.5011265277862549,0.5021660923957825,0.6157611608505249,0.006658462807536125,0.6198631525039673,0.0071106827817857265,0.12811161577701569,0.873303234577179
fusion_calibration,cal_a,split_internal_mix,mix::R::GTZAN_genre_0,True,0.0,0.0,0.0,1.0,1.0,0.20942930266165732,0.2941904166837991,0.12466818863951554,True,35.818375,0.5150985717773438,0.006574414670467377,0.5201037526130676,0.006694295443594456,0.650825560092926,0.9900245666503906,0.5015867352485657,0.5028512477874756,0.08122587203979492,0.387102872133255,0.08691340684890747,0.38260430097579956,0.05070289969444275,0.7764247059822083
fusion_calibration,cal_b,asvspoof2019,A02,False,1.0,1.0,0.0,1.0,0.0,0.991236711305285,0.991236711305285,,False,3.01,0.677405834197998,0.604590654373169,0.6935605406761169,0.6053389310836792,0.9924628734588623,0.1513035148382187,0.5038854479789734,0.5073024034500122,0.5461530089378357,0.08588238805532455,0.540511965751648,0.15286602079868317,0.9983615279197693,0.00042570577352307737
fusion_calibration,cal_c,split_internal_mix,mix::LibriSpeech::GTZAN_genre_6,True,0.0,0.0,0.0,1.0,1.0,0.011484058246953591,0.012159598539947492,0.01080851795395969,True,50.483375,0.2973838448524475,0.7716871500015259,0.3041975796222687,0.7730605602264404,0.9915544986724854,0.5703572630882263,0.5030832886695862,0.5048708319664001,0.016047876328229904,0.19576948881149292,0.016963791102170944,0.2719423174858093,0.9902513027191162,0.07845292240381241
fusion_calibration,cal_c,librispeech_dev,LibriSpeech,False,0.0,0.0,0.0,1.0,0.0,0.06564153129890536,0.06564153129890536,,False,1.97,0.4545535743236542,0.420179158449173,0.4678155779838562,0.422216534614563,0.994073212146759,0.2375805526971817,0.5042842030525208,0.5075697302818298,0.0574328750371933,0.10574384778738022,0.06007242202758789,0.18026836216449738,0.9991022348403931,0.0006244408432394266
fusion_calibration,cal_c,librispeech_dev,LibriSpeech,False,0.0,0.0,0.0,1.0,0.0,0.010524847092600747,0.011212692871464524,0.009837001313736972,True,12.94,0.3177225887775421,0.795606791973114,0.32420992851257324,0.7939872741699219,0.9971043467521667,0.27812817692756653,0.5026092529296875,0.5046955347061157,0.047035809606313705,0.2318176031112671,0.04944668710231781,0.30215150117874146,0.9982302188873291,0.01905909739434719
