path,component_fake,file_fake,component_present
MIX::data\raw\public_v9\mlaad_tiny\fake\en\RVC\dorothy_and_wizard_oz_07_f000014.wav|data\raw\public_v9\echoes_fma_paired\fake\Celia_Ergo_Phizmiz_producer_ATA_001.mp3,0.6505048871040344,0.6543944478034973,0.6963181495666504
MIX::data\raw\public_v9\mlaad_tiny\fake\en\RVC\dorothy_and_wizard_oz_07_f000014.wav|data\raw\public_v9\echoes_fma_paired\fake\Cloudy_Subway_Sonicbeat_audioldm_ATA_001.mp3,0.6068397164344788,0.6089277267456055,0.7907529473304749
MIX::data\raw\public_v9\mlaad_tiny\fake\en\FishTTS\dorothy_and_wizard_oz_07_f000046.wav|data\raw\public_v9\echoes_fma_paired\fake\Burn_Room_For_A_Ghost_musicgen_ATA_001.wav,0.6155123710632324,0.6214849948883057,0.8269512057304382
MIX::data\raw\public_v9\mlaad_tiny\fake\en\Higgs-Audio-V2\dorothy_and_wizard_oz_08_f000005.wav|data\raw\public_v9\sonics\fake_09743_suno_0.mp3,0.6349955201148987,0.6081596612930298,0.7160689234733582
MIX::data\raw\public_v9\mlaad_tiny\fake\en\RVC\dorothy_and_wizard_oz_08_f000016.wav|data\raw\public_v9\echoes_fma_paired\fake\Celia_Ergo_Phizmiz_stableaudio_TTA_001.mp3,0.6293473839759827,0.623695969581604,0.5811920762062073
MIX::data\raw\public_v9\mlaad_tiny\fake\en\Chatterbox\dorothy_and_wizard_oz_08_f000065.wav|data\raw\public_v9\sonics\fake_09164_suno_0.mp3,0.654395580291748,0.6518681049346924,0.930492639541626
MIX::data\raw\public_v9\mlaad_tiny\fake\en\f5-tts\dorothy_and_wizard_oz_14_f000043.wav|data\raw\public_v9\echoes_fma_paired\fake\Cold_Chains_Rolemusic_producer_ATA_001.mp3,0.7780372500419617,0.751740038394928,0.9294589161872864
MIX::data\raw\public_v9\mlaad_tiny\fake\en\Microsoft VibeVoice 1.5B\dorothy_and_wizard_oz_14_f000082.wav|data\raw\public_v9\sonics\fake_09380_suno_0.mp3,0.6129528284072876,0.6147434711456299,0.7044300436973572
MIX::data\raw\public_v9\mlaad_tiny\fake\en\Chatterbox\dorothy_and_wizard_oz_14_f000118.wav|data\raw\public_v9\sonics\fake_10003_suno_0.mp3,0.5945685505867004,0.589134931564331,0.6643953919410706
MIX::data\raw\public_v9\mlaad_tiny\fake\en\FireRedTTS-2.0\dorothy_and_wizard_oz_14_f000119.wav|data\raw\public_v9\echoes_fma_paired\fake\Celia_Ergo_Phizmiz_mubert_TTA_001.mp3,0.5901420712471008,0.595054566860199,0.8709235787391663
MIX::data\raw\public_v9\mlaad_tiny\fake\en\FishTTS\emerald_city_of_oz_05_f000014.wav|data\raw\public_v9\echoes_fma_paired\fake\Celia_Ergo_Phizmiz_producer_ATA_001.mp3,0.6303472518920898,0.6365724205970764,0.8092345595359802
MIX::data\raw\public_v9\mlaad_tiny\fake\en\Higgs-Audio-V2\emerald_city_of_oz_05_f000024.wav|data\raw\public_v9\echoes_fma_paired\fake\Fuckaboing_RoccoW_suno_TTA_001.mp3,0.5958603024482727,0.5941323041915894,0.7185130715370178
MIX::data\raw\public_v9\mlaad_tiny\fake\en\RVC\emerald_city_of_oz_05_f000077.wav|data\raw\public_v9\sonics\fake_09214_suno_0.mp3,0.6395771503448486,0.6313842535018921,0.5224900841712952
MIX::data\raw\public_v9\mlaad_tiny\fake\en\RVC\emerald_city_of_oz_05_f000077.wav|data\raw\public_v9\sonics\fake_10003_suno_0.mp3,0.6637809872627258,0.6485984921455383,0.4972439706325531
MIX::data\raw\public_v9\mlaad_tiny\fake\en\Higgs-Audio-V2\emerald_city_of_oz_05_f000091.wav|data\raw\public_v9\sonics\fake_09912_suno_0.mp3,0.6259870529174805,0.6100605726242065,0.7611631751060486
MIX::data\raw\public_v9\mlaad_tiny\fake\en\FireRedTTS-2.0\emerald_city_of_oz_08_f000059.wav|data\raw\public_v9\echoes_fma_paired\fake\Celia_Ergo_Phizmiz_brev_TTA_001.mp3,0.6038885712623596,0.599035382270813,0.719560444355011
MIX::data\raw\public_v9\mlaad_tiny\fake\en\FireRedTTS-2.0\emerald_city_of_oz_08_f000073.wav|data\raw\public_v9\echoes_fma_paired\fake\Digital_Lightning_Cloudkicker_brev_TTA_001.mp3,0.6137503981590271,0.6162431240081787,0.7458617091178894
MIX::data\raw\public_v9\mlaad_tiny\fake\en\Chatterbox\emerald_city_of_oz_13_f000060.wav|data\raw\public_v9\echoes_fma_paired\fake\Digital_Lightning_Cloudkicker_elevenlabs_TTA_001.mp3,0.6834402084350586,0.6338624358177185,0.7672469019889832
MIX::data\raw\public_v9\mlaad_tiny\fake\en\FishTTS\emerald_city_of_oz_24_f000069.wav|data\raw\public_v9\echoes_fma_paired\fake\Celia_Ergo_Phizmiz_elevenlabs_TTA_001.mp3,0.6290877461433411,0.6200574040412903,0.8956661820411682
MIX::data\raw\public_v9\mlaad_tiny\fake\en\f5-tts\hunters_space_05_f000015.wav|data\raw\public_v9\echoes_fma_paired\fake\Busby_Berkeley_Ergo_Phizmiz_producer_ATA_001.mp3,0.6133089661598206,0.6103693246841431,0.7256078720092773
MIX::data\raw\public_v9\mlaad_tiny\fake\en\FishTTS\hunters_space_05_f000074.wav|data\raw\public_v9\echoes_fma_paired\fake\Cold_Chains_Rolemusic_audioldm_ATA_001.mp3,0.5947449803352356,0.5889081954956055,0.8311166763305664
MIX::data\raw\public_v9\mlaad_tiny\fake\en\Qwen2.5-Omni\hunters_space_05_f000109.wav|data\raw\public_v9\echoes_fma_paired\fake\Digital_Lightning_Cloudkicker_udio_TTA_001.mp3,0.6086427569389343,0.61040198802948,0.648861825466156
MIX::data\raw\public_v9\mlaad_tiny\fake\en\Higgs-Audio-V2\hunters_space_06_f000014.wav|data\raw\public_v9\echoes_fma_paired\fake\Celia_Ergo_Phizmiz_suno_TTA_001.mp3,0.6064437031745911,0.611395537853241,0.826684296131134
MIX::data\raw\public_v9\mlaad_tiny\fake\en\f5-tts\hunters_space_06_f000023.wav|data\raw\public_v9\echoes_fma_paired\fake\Fuckaboing_RoccoW_mubert_TTA_001.mp3,0.6884528398513794,0.682517409324646,0.8962550163269043
MIX::data\raw\public_v9\mlaad_tiny\fake\en\MiniCPM-o-2.6\hunters_space_06_f000036.wav|data\raw\public_v9\sonics\fake_09164_suno_0.mp3,0.6547443270683289,0.6524748802185059,0.9504451751708984
MIX::data\raw\public_v9\mlaad_tiny\fake\en\MiniCPM-o-2.6\hunters_space_06_f000036.wav|data\raw\public_v9\echoes_fma_paired\fake\Cloudy_Subway_Sonicbeat_audioldm_ATA_001.mp3,0.6182036399841309,0.6187430620193481,0.9211668372154236
MIX::data\raw\public_v9\mlaad_tiny\fake\en\Higgs-Audio-V2\hunters_space_08_f000081.wav|data\raw\public_v9\sonics\fake_09922_suno_0.mp3,0.6487576961517334,0.6346485614776611,0.7844527363777161
MIX::data\raw\public_v9\mlaad_tiny\fake\en\MiniCPM-o-2.6\hunters_space_08_f000103.wav|data\raw\public_v9\echoes_fma_paired\fake\Digital_Lightning_Cloudkicker_musicgen_ATA_001.wav,0.668634295463562,0.6588646769523621,0.550581693649292
MIX::data\raw\public_v9\mlaad_tiny\fake\en\FishTTS\hunters_space_17_f000018.wav|data\raw\public_v9\sonics\fake_09214_suno_0.mp3,0.6021769046783447,0.5902324914932251,0.6825352311134338
MIX::data\raw\public_v9\mlaad_tiny\fake\en\Chatterbox\hunters_space_18_f000010.wav|data\raw\public_v9\echoes_fma_paired\fake\Cold_Chains_Rolemusic_elevenlabs_TTA_001.mp3,0.6535788774490356,0.6330451965332031,0.8156490921974182
MIX::data\raw\public_v9\mlaad_tiny\fake\en\OpenVoiceV2\hunters_space_18_f000024.wav|data\raw\public_v9\echoes_fma_paired\fake\Busby_Berkeley_Ergo_Phizmiz_musicgen_ATA_001.wav,0.6264045238494873,0.6219256520271301,0.8443792462348938
MIX::data\raw\public_v9\mlaad_tiny\fake\en\Chatterbox\jane_eyre_05_f000047.wav|data\raw\public_v9\echoes_fma_paired\fake\Digital_Lightning_Cloudkicker_stableaudio_TTA_001.mp3,0.6080576777458191,0.6026889681816101,0.5875673890113831
MIX::data\raw\public_v9\mlaad_tiny\fake\en\OpenVoiceV2\jane_eyre_05_f000054.wav|data\raw\public_v9\sonics\fake_09584_suno_0.mp3,0.6797578930854797,0.6621579527854919,0.802108108997345
MIX::data\raw\public_v9\mlaad_tiny\fake\en\Microsoft VibeVoice 1.5B\jane_eyre_05_f000057.wav|data\raw\public_v9\sonics\fake_10148_suno_0.mp3,0.6676023602485657,0.6661156415939331,0.9517945647239685
MIX::data\raw\public_v9\mlaad_tiny\fake\en\OpenVoiceV2\jane_eyre_05_f000097.wav|data\raw\public_v9\sonics\fake_10686_suno_0.mp3,0.631054162979126,0.6195221543312073,0.7186072468757629
MIX::data\raw\public_v9\mlaad_tiny\fake\en\suno_bark\jane_eyre_05_f000137.wav|data\raw\public_v9\sonics\fake_09437_suno_0.mp3,0.6434178352355957,0.6240720748901367,0.5534929633140564
MIX::data\raw\public_v9\mlaad_tiny\fake\en\Microsoft VibeVoice 1.5B\jane_eyre_05_f000180.wav|data\raw\public_v9\echoes_fma_paired\fake\Busby_Berkeley_Ergo_Phizmiz_brev_TTA_001.mp3,0.6312410831451416,0.6222202777862549,0.6282058358192444
MIX::data\raw\public_v9\mlaad_tiny\fake\en\Chatterbox\jane_eyre_06_f000021.wav|data\raw\public_v9\sonics\fake_09699_suno_0.mp3,0.6060847640037537,0.6061987280845642,0.6075162887573242
MIX::data\raw\public_v9\mlaad_tiny\fake\en\FireRedTTS-2.0\jane_eyre_17_f000177.wav|data\raw\public_v9\sonics\fake_10686_suno_0.mp3,0.6480923891067505,0.6297764778137207,0.8761503100395203
MIX::data\raw\public_v9\mlaad_tiny\fake\en\FireRedTTS-2.0\jane_eyre_17_f000177.wav|data\raw\public_v9\echoes_fma_paired\fake\Cold_Chains_Rolemusic_musicgen_ATA_001.wav,0.6465407013893127,0.6246231198310852,0.8420937061309814
MIX::data\raw\public_v9\mlaad_tiny\fake\en\FireRedTTS-2.0\jane_eyre_17_f000379.wav|data\raw\public_v9\echoes_fma_paired\fake\Dr._Bodysnatcher_Modey_Lemon_acestep_TTA_001.mp3,0.6006444096565247,0.5988575220108032,0.6546590924263
MIX::data\raw\public_v9\mlaad_tiny\fake\en\Chatterbox\jane_eyre_18_f000063.wav|data\raw\public_v9\echoes_fma_paired\fake\Cold_Chains_Rolemusic_musicgen_ATA_001.wav,0.6569909453392029,0.6290500164031982,0.8132103085517883
MIX::data\raw\public_v9\mlaad_tiny\fake\en\RVC\dorothy_and_wizard_oz_07_f000014.wav|data\raw\public_v9\real_music\jamendo\11100.low.mp3,0.6338843703269958,0.6237785220146179,0.8167330622673035
MIX::data\raw\public_v9\mlaad_tiny\fake\en\FishTTS\dorothy_and_wizard_oz_07_f000046.wav|data\raw\public_v9\real_music\guitarset\00_BN3-154-E_solo_mic.wav,0.6088238954544067,0.6129707098007202,0.8378893733024597
MIX::data\raw\public_v9\mlaad_tiny\fake\en\Higgs-Audio-V2\dorothy_and_wizard_oz_08_f000005.wav|data\raw\public_v9\echoes_fma_paired\real\fma_61491.mp3,0.6389482617378235,0.6354304552078247,0.5491731762886047
MIX::data\raw\public_v9\mlaad_tiny\fake\en\RVC\dorothy_and_wizard_oz_08_f000016.wav|data\raw\public_v9\real_music\guitarset\00_Rock3-148-C_comp_mic.wav,0.6164532899856567,0.610252857208252,0.7588196396827698
MIX::data\raw\public_v9\mlaad_tiny\fake\en\Chatterbox\dorothy_and_wizard_oz_08_f000065.wav|data\raw\public_v9\real_music\jamendo\374600.low.mp3,0.613061785697937,0.6080491542816162,0.8057202696800232
MIX::data\raw\public_v9\mlaad_tiny\fake\en\f5-tts\dorothy_and_wizard_oz_14_f000043.wav|data\raw\public_v9\real_music\jamendo\1347100.low.mp3,0.6758604049682617,0.6407577991485596,0.7126181721687317
MIX::data\raw\public_v9\mlaad_tiny\fake\en\Microsoft VibeVoice 1.5B\dorothy_and_wizard_oz_14_f000082.wav|data\raw\public_v9\echoes_fma_paired\real\fma_22473.mp3,0.6394494771957397,0.624163031578064,0.8807663321495056
MIX::data\raw\public_v9\mlaad_tiny\fake\en\Chatterbox\dorothy_and_wizard_oz_14_f000118.wav|data\raw\public_v9\real_music\guitarset\00_SS1-68-E_solo_mic.wav,0.6407485008239746,0.6356852054595947,0.697404682636261
MIX::data\raw\public_v9\mlaad_tiny\fake\en\Chatterbox\dorothy_and_wizard_oz_14_f000118.wav|data\raw\public_v9\echoes_fma_paired\real\fma_22480.mp3,0.6241728663444519,0.6211929321289062,0.921018660068512
MIX::data\raw\public_v9\mlaad_tiny\fake\en\FireRedTTS-2.0\dorothy_and_wizard_oz_14_f000119.wav|data\raw\public_v9\real_music\guitarset\00_SS3-84-Bb_solo_mic.wav,0.6191043257713318,0.6114386320114136,0.8484088778495789
MIX::data\raw\public_v9\mlaad_tiny\fake\en\FishTTS\emerald_city_of_oz_05_f000014.wav|data\raw\public_v9\real_music\guitarset\00_Jazz2-187-F#_solo_mic.wav,0.6638146042823792,0.6517307162284851,0.9336881637573242
MIX::data\raw\public_v9\mlaad_tiny\fake\en\Higgs-Audio-V2\emerald_city_of_oz_05_f000024.wav|data\raw\public_v9\real_music\guitarset\00_SS2-107-Ab_solo_mic.wav,0.6447076797485352,0.6348605155944824,0.7890720367431641
MIX::data\raw\public_v9\mlaad_tiny\fake\en\RVC\emerald_city_of_oz_05_f000077.wav|data\raw\public_v9\real_music\jamendo\1173500.low.mp3,0.6613296270370483,0.6301591396331787,0.7983601093292236
MIX::data\raw\public_v9\mlaad_tiny\fake\en\Higgs-Audio-V2\emerald_city_of_oz_05_f000091.wav|data\raw\public_v9\real_music\guitarset\00_SS2-88-F_comp_mic.wav,0.6350363492965698,0.62830650806427,0.919981062412262
MIX::data\raw\public_v9\mlaad_tiny\fake\en\FireRedTTS-2.0\emerald_city_of_oz_08_f000059.wav|data\raw\public_v9\real_music\jamendo\433300.low.mp3,0.6120122075080872,0.6153063774108887,0.8769717216491699
MIX::data\raw\public_v9\mlaad_tiny\fake\en\FireRedTTS-2.0\emerald_city_of_oz_08_f000073.wav|data\raw\public_v9\real_music\guitarset\00_Jazz2-110-Bb_solo_mic.wav,0.6613183617591858,0.6385816335678101,0.7223825454711914
MIX::data\raw\public_v9\mlaad_tiny\fake\en\Chatterbox\emerald_city_of_oz_13_f000060.wav|data\raw\public_v9\real_music\guitarset\00_Jazz2-187-F#_comp_mic.wav,0.6911014914512634,0.6909712553024292,0.9680615663528442
MIX::data\raw\public_v9\mlaad_tiny\fake\en\FishTTS\emerald_city_of_oz_24_f000069.wav|data\raw\public_v9\real_music\guitarset\00_Funk2-119-G_comp_mic.wav,0.6529846787452698,0.6459633708000183,0.8862935900688171
MIX::data\raw\public_v9\mlaad_tiny\fake\en\FishTTS\emerald_city_of_oz_24_f000069.wav|data\raw\public_v9\echoes_fma_paired\real\fma_112315.mp3,0.5847129821777344,0.5803141593933105,0.7385880351066589
MIX::data\raw\public_v9\mlaad_tiny\fake\en\f5-tts\hunters_space_05_f000015.wav|data\raw\public_v9\real_music\jamendo\117300.low.mp3,0.678842306137085,0.6386173963546753,0.8683916926383972
MIX::data\raw\public_v9\mlaad_tiny\fake\en\f5-tts\hunters_space_05_f000015.wav|data\raw\public_v9\real_music\jamendo\1270100.low.mp3,0.6209744811058044,0.6199144721031189,0.6059302687644958
MIX::data\raw\public_v9\mlaad_tiny\fake\en\FishTTS\hunters_space_05_f000074.wav|data\raw\public_v9\real_music\guitarset\00_BN1-147-Gb_solo_mic.wav,0.6145555973052979,0.6166691780090332,0.8721425533294678
MIX::data\raw\public_v9\mlaad_tiny\fake\en\Qwen2.5-Omni\hunters_space_05_f000109.wav|data\raw\public_v9\real_music\jamendo\490800.low.mp3,0.7280688285827637,0.7188409566879272,0.9869301319122314
MIX::data\raw\public_v9\mlaad_tiny\fake\en\Higgs-Audio-V2\hunters_space_06_f000014.wav|data\raw\public_v9\real_music\guitarset\00_Jazz1-130-D_solo_mic.wav,0.6171541810035706,0.6240473985671997,0.8522313237190247
MIX::data\raw\public_v9\mlaad_tiny\fake\en\f5-tts\hunters_space_06_f000023.wav|data\raw\public_v9\real_music\jamendo\394600.low.mp3,0.626956582069397,0.6195290088653564,0.6079748272895813
MIX::data\raw\public_v9\mlaad_tiny\fake\en\MiniCPM-o-2.6\hunters_space_06_f000036.wav|data\raw\public_v9\real_music\guitarset\00_Jazz2-110-Bb_comp_mic.wav,0.6247442364692688,0.6280852556228638,0.9190285801887512
MIX::data\raw\public_v9\mlaad_tiny\fake\en\Higgs-Audio-V2\hunters_space_08_f000081.wav|data\raw\public_v9\real_music\jamendo\1089300.low.mp3,0.5925553441047668,0.5919674634933472,0.728533923625946
MIX::data\raw\public_v9\mlaad_tiny\fake\en\MiniCPM-o-2.6\hunters_space_08_f000103.wav|data\raw\public_v9\real_music\guitarset\00_SS3-98-C_solo_mic.wav,0.6450226902961731,0.6399927139282227,0.6831368803977966
MIX::data\raw\public_v9\mlaad_tiny\fake\en\FishTTS\hunters_space_17_f000018.wav|data\raw\public_v9\real_music\jamendo\1257400.low.mp3,0.6208992004394531,0.6158066987991333,0.6346908807754517
MIX::data\raw\public_v9\mlaad_tiny\fake\en\Chatterbox\hunters_space_18_f000010.wav|data\raw\public_v9\real_music\jamendo\1266300.low.mp3,0.6472882628440857,0.6524305939674377,0.816042959690094
MIX::data\raw\public_v9\mlaad_tiny\fake\en\OpenVoiceV2\hunters_space_18_f000024.wav|data\raw\public_v9\real_music\guitarset\00_Funk2-108-Eb_comp_mic.wav,0.6519967317581177,0.6539161801338196,0.8992233872413635
MIX::data\raw\public_v9\mlaad_tiny\fake\en\Chatterbox\jane_eyre_05_f000047.wav|data\raw\public_v9\real_music\guitarset\00_BN1-129-Eb_comp_mic.wav,0.6265991926193237,0.6285725235939026,0.7528753280639648
MIX::data\raw\public_v9\mlaad_tiny\fake\en\OpenVoiceV2\jane_eyre_05_f000054.wav|data\raw\public_v9\real_music\guitarset\00_Rock2-142-D_solo_mic.wav,0.6520041227340698,0.6568876504898071,0.7321742177009583
MIX::data\raw\public_v9\mlaad_tiny\fake\en\Microsoft VibeVoice 1.5B\jane_eyre_05_f000057.wav|data\raw\public_v9\real_music\guitarset\00_Jazz3-150-C_solo_mic.wav,0.632669985294342,0.6400327682495117,0.7849135994911194
MIX::data\raw\public_v9\mlaad_tiny\fake\en\OpenVoiceV2\jane_eyre_05_f000097.wav|data\raw\public_v9\real_music\jamendo\1311300.low.mp3,0.6220581531524658,0.6189218759536743,0.7114055752754211
MIX::data\raw\public_v9\mlaad_tiny\fake\en\suno_bark\jane_eyre_05_f000137.wav|data\raw\public_v9\real_music\jamendo\1162600.low.mp3,0.6250033974647522,0.6117054224014282,0.575598418712616
MIX::data\raw\public_v9\mlaad_tiny\fake\en\Microsoft VibeVoice 1.5B\jane_eyre_05_f000180.wav|data\raw\public_v9\real_music\guitarset\00_Jazz3-137-Eb_comp_mic.wav,0.6371574997901917,0.6393424868583679,0.8539733290672302
MIX::data\raw\public_v9\mlaad_tiny\fake\en\Chatterbox\jane_eyre_06_f000021.wav|data\raw\public_v9\real_music\guitarset\00_BN2-166-Ab_solo_mic.wav,0.6812540292739868,0.6736712455749512,0.9368283748626709
MIX::data\raw\public_v9\mlaad_tiny\fake\en\FireRedTTS-2.0\jane_eyre_17_f000177.wav|data\raw\public_v9\real_music\guitarset\00_Funk1-97-C_comp_mic.wav,0.6466395854949951,0.6384390592575073,0.9530909061431885
MIX::data\raw\public_v9\mlaad_tiny\fake\en\FireRedTTS-2.0\jane_eyre_17_f000379.wav|data\raw\public_v9\real_music\jamendo\1339600.low.mp3,0.6713084578514099,0.6649755239486694,0.9290506839752197
MIX::data\raw\public_v9\mlaad_tiny\fake\en\Chatterbox\jane_eyre_18_f000063.wav|data\raw\public_v9\real_music\guitarset\00_Funk1-114-Ab_comp_mic.wav,0.6810072660446167,0.6736758351325989,0.8825107216835022
MIX::data\raw\public_v9\mlaad_tiny\original\en\dorothy_and_wizard_oz_07_f000014.wav|data\raw\public_v9\sonics\fake_09699_suno_0.mp3,0.5922276973724365,0.5898531675338745,0.6777405738830566
MIX::data\raw\public_v9\mlaad_tiny\original\en\dorothy_and_wizard_oz_07_f000046.wav|data\raw\public_v9\sonics\fake_10581_suno_0.mp3,0.6064496040344238,0.607633113861084,0.7492453455924988
MIX::data\raw\public_v9\mlaad_tiny\original\en\dorothy_and_wizard_oz_08_f000005.wav|data\raw\public_v9\echoes_fma_paired\fake\Fuckaboing_RoccoW_suno_TTA_001.mp3,0.6349539160728455,0.630959153175354,0.5613996386528015
MIX::data\raw\public_v9\mlaad_tiny\original\en\dorothy_and_wizard_oz_08_f000005.wav|data\raw\public_v9\echoes_fma_paired\fake\Celia_Ergo_Phizmiz_elevenlabs_TTA_001.mp3,0.6214478611946106,0.6169588565826416,0.8898976445198059
MIX::data\raw\public_v9\mlaad_tiny\original\en\dorothy_and_wizard_oz_08_f000016.wav|data\raw\public_v9\echoes_fma_paired\fake\Celia_Ergo_Phizmiz_stableaudio_TTA_001.mp3,0.610895037651062,0.6103140711784363,0.6426780819892883
MIX::data\raw\public_v9\mlaad_tiny\original\en\dorothy_and_wizard_oz_08_f000065.wav|data\raw\public_v9\echoes_fma_paired\fake\Fuckaboing_RoccoW_udio_TTA_001.mp3,0.6168191432952881,0.6003663539886475,0.8622263073921204
MIX::data\raw\public_v9\mlaad_tiny\original\en\dorothy_and_wizard_oz_14_f000043.wav|data\raw\public_v9\echoes_fma_paired\fake\Busby_Berkeley_Ergo_Phizmiz_acestep_TTA_001.mp3,0.6644552946090698,0.6316159963607788,0.7268538475036621
MIX::data\raw\public_v9\mlaad_tiny\original\en\dorothy_and_wizard_oz_14_f000082.wav|data\raw\public_v9\echoes_fma_paired\fake\Celia_Ergo_Phizmiz_musicgen_ATA_001.wav,0.6554136872291565,0.6456269025802612,0.871381938457489
MIX::data\raw\public_v9\mlaad_tiny\original\en\dorothy_and_wizard_oz_14_f000118.wav|data\raw\public_v9\sonics\fake_09912_suno_0.mp3,0.6309674978256226,0.622847318649292,0.8467397689819336
MIX::data\raw\public_v9\mlaad_tiny\original\en\dorothy_and_wizard_oz_14_f000119.wav|data\raw\public_v9\echoes_fma_paired\fake\Digital_Lightning_Cloudkicker_suno_TTA_001.mp3,0.5982164740562439,0.5877842903137207,0.7786723971366882
MIX::data\raw\public_v9\mlaad_tiny\original\en\emerald_city_of_oz_05_f000014.wav|data\raw\public_v9\echoes_fma_paired\fake\Digital_Lightning_Cloudkicker_producer_ATA_001.mp3,0.6497926115989685,0.6366602778434753,0.6885054111480713
MIX::data\raw\public_v9\mlaad_tiny\original\en\emerald_city_of_oz_05_f000024.wav|data\raw\public_v9\sonics\fake_10148_suno_0.mp3,0.6469711065292358,0.6491447687149048,0.88167405128479
MIX::data\raw\public_v9\mlaad_tiny\original\en\emerald_city_of_oz_05_f000077.wav|data\raw\public_v9\sonics\fake_10259_suno_0.mp3,0.6229700446128845,0.6156432032585144,0.5490211844444275
MIX::data\raw\public_v9\mlaad_tiny\original\en\emerald_city_of_oz_05_f000091.wav|data\raw\public_v9\echoes_fma_paired\fake\Fuckaboing_RoccoW_udio_TTA_001.mp3,0.6715676784515381,0.6276587247848511,0.8534631133079529
MIX::data\raw\public_v9\mlaad_tiny\original\en\emerald_city_of_oz_05_f000091.wav|data\raw\public_v9\echoes_fma_paired\fake\Digital_Lightning_Cloudkicker_acestep_TTA_001.mp3,0.6480851769447327,0.5931904315948486,0.7860603332519531
MIX::data\raw\public_v9\mlaad_tiny\original\en\emerald_city_of_oz_08_f000059.wav|data\raw\public_v9\echoes_fma_paired\fake\Cold_Chains_Rolemusic_audioldm_ATA_001.mp3,0.614598274230957,0.6062060594558716,0.6666424870491028
MIX::data\raw\public_v9\mlaad_tiny\original\en\emerald_city_of_oz_08_f000073.wav|data\raw\public_v9\echoes_fma_paired\fake\Digital_Lightning_Cloudkicker_acestep_TTA_001.mp3,0.6215464472770691,0.5798568725585938,0.765386164188385
MIX::data\raw\public_v9\mlaad_tiny\original\en\emerald_city_of_oz_13_f000060.wav|data\raw\public_v9\sonics\fake_09584_suno_0.mp3,0.6703764200210571,0.658832311630249,0.903680145740509
MIX::data\raw\public_v9\mlaad_tiny\original\en\emerald_city_of_oz_24_f000069.wav|data\raw\public_v9\echoes_fma_paired\fake\Cold_Chains_Rolemusic_udio_TTA_001.mp3,0.7645124197006226,0.7149390578269958,0.9152297973632812
MIX::data\raw\public_v9\mlaad_tiny\original\en\hunters_space_05_f000015.wav|data\raw\public_v9\echoes_fma_paired\fake\Cloudy_Subway_Sonicbeat_musicgen_ATA_001.wav,0.6400374174118042,0.6281976103782654,0.8977199196815491
MIX::data\raw\public_v9\mlaad_tiny\original\en\hunters_space_05_f000074.wav|data\raw\public_v9\sonics\fake_09771_suno_0.mp3,0.613137423992157,0.6060512065887451,0.7979657649993896
MIX::data\raw\public_v9\mlaad_tiny\original\en\hunters_space_05_f000109.wav|data\raw\public_v9\sonics\fake_09897_suno_0.mp3,0.5947152972221375,0.5886299014091492,0.7042548060417175
MIX::data\raw\public_v9\mlaad_tiny\original\en\hunters_space_06_f000014.wav|data\raw\public_v9\echoes_fma_paired\fake\Busby_Berkeley_Ergo_Phizmiz_udio_TTA_001.mp3,0.6188088655471802,0.6179755926132202,0.8267616629600525
MIX::data\raw\public_v9\mlaad_tiny\original\en\hunters_space_06_f000023.wav|data\raw\public_v9\echoes_fma_paired\fake\Celia_Ergo_Phizmiz_audioldm_ATA_001.mp3,0.617556095123291,0.6168452501296997,0.8545165061950684
MIX::data\raw\public_v9\mlaad_tiny\original\en\hunters_space_06_f000036.wav|data\raw\public_v9\echoes_fma_paired\fake\Busby_Berkeley_Ergo_Phizmiz_audioldm_ATA_001.mp3,0.6224815845489502,0.6250189542770386,0.7820103168487549
MIX::data\raw\public_v9\mlaad_tiny\original\en\hunters_space_08_f000081.wav|data\raw\public_v9\echoes_fma_paired\fake\Burn_Room_For_A_Ghost_musicgen_ATA_001.wav,0.611119270324707,0.6013096570968628,0.8460615277290344
MIX::data\raw\public_v9\mlaad_tiny\original\en\hunters_space_08_f000103.wav|data\raw\public_v9\echoes_fma_paired\fake\Celia_Ergo_Phizmiz_elevenlabs_TTA_001.mp3,0.632061243057251,0.6191422939300537,0.9109492301940918
MIX::data\raw\public_v9\mlaad_tiny\original\en\hunters_space_17_f000018.wav|data\raw\public_v9\echoes_fma_paired\fake\Digital_Lightning_Cloudkicker_brev_TTA_001.mp3,0.6085875034332275,0.608600378036499,0.7465019822120667
MIX::data\raw\public_v9\mlaad_tiny\original\en\hunters_space_18_f000010.wav|data\raw\public_v9\echoes_fma_paired\fake\Dr_Bodysnatcher_Modey_Lemon_musicgen_ATA_001.wav,0.6504186391830444,0.6501250863075256,0.6754058003425598
MIX::data\raw\public_v9\mlaad_tiny\original\en\hunters_space_18_f000024.wav|data\raw\public_v9\echoes_fma_paired\fake\Digital_Lightning_Cloudkicker_elevenlabs_TTA_001.mp3,0.6437621116638184,0.6123949289321899,0.7815002799034119
MIX::data\raw\public_v9\mlaad_tiny\original\en\jane_eyre_05_f000047.wav|data\raw\public_v9\sonics\fake_09233_suno_0.mp3,0.5937532186508179,0.5930016040802002,0.6671732068061829
MIX::data\raw\public_v9\mlaad_tiny\original\en\jane_eyre_05_f000054.wav|data\raw\public_v9\sonics\fake_09000_suno_0.mp3,0.6006863117218018,0.6002110242843628,0.6483201384544373
MIX::data\raw\public_v9\mlaad_tiny\original\en\jane_eyre_05_f000057.wav|data\raw\public_v9\sonics\fake_09918_suno_0.mp3,0.650085985660553,0.6509954929351807,0.9432706236839294
MIX::data\raw\public_v9\mlaad_tiny\original\en\jane_eyre_05_f000097.wav|data\raw\public_v9\sonics\fake_09788_suno_1.mp3,0.6079393029212952,0.6049972772598267,0.7850208878517151
MIX::data\raw\public_v9\mlaad_tiny\original\en\jane_eyre_05_f000137.wav|data\raw\public_v9\echoes_fma_paired\fake\Digital_Lightning_Cloudkicker_udio_TTA_001.mp3,0.5921338796615601,0.5923984050750732,0.6884737014770508
MIX::data\raw\public_v9\mlaad_tiny\original\en\jane_eyre_05_f000180.wav|data\raw\public_v9\echoes_fma_paired\fake\Fuckaboing_RoccoW_suno_TTA_001.mp3,0.606907844543457,0.6061562299728394,0.6059384942054749
MIX::data\raw\public_v9\mlaad_tiny\original\en\jane_eyre_05_f000180.wav|data\raw\public_v9\echoes_fma_paired\fake\Digital_Lightning_Cloudkicker_suno_TTA_001.mp3,0.5724791288375854,0.5723655819892883,0.7318174242973328
MIX::data\raw\public_v9\mlaad_tiny\original\en\jane_eyre_06_f000021.wav|data\raw\public_v9\echoes_fma_paired\fake\Fuckaboing_RoccoW_mubert_TTA_001.mp3,0.6710166335105896,0.6751121282577515,0.9470354914665222
MIX::data\raw\public_v9\mlaad_tiny\original\en\jane_eyre_17_f000177.wav|data\raw\public_v9\sonics\fake_09924_suno_0.mp3,0.5984916687011719,0.5944299697875977,0.6769339442253113
MIX::data\raw\public_v9\mlaad_tiny\original\en\jane_eyre_17_f000379.wav|data\raw\public_v9\sonics\fake_09924_suno_0.mp3,0.6130687594413757,0.612854540348053,0.6149883270263672
MIX::data\raw\public_v9\mlaad_tiny\original\en\jane_eyre_17_f000379.wav|data\raw\public_v9\echoes_fma_paired\fake\Digital_Lightning_Cloudkicker_producer_ATA_001.mp3,0.6009374260902405,0.602286696434021,0.6858403086662292
MIX::data\raw\public_v9\mlaad_tiny\original\en\jane_eyre_18_f000063.wav|data\raw\public_v9\sonics\fake_09996_suno_0.mp3,0.6225759983062744,0.6299883127212524,0.8674030900001526
MIX::data\raw\public_v9\mlaad_tiny\original\en\dorothy_and_wizard_oz_07_f000014.wav|data\raw\public_v9\real_music\jamendo\209800.low.mp3,0.6250271797180176,0.6132317781448364,0.7067574858665466
MIX::data\raw\public_v9\mlaad_tiny\original\en\dorothy_and_wizard_oz_07_f000046.wav|data\raw\public_v9\real_music\guitarset\00_Jazz3-150-C_solo_mic.wav,0.6484746336936951,0.6495228409767151,0.7167626023292542
MIX::data\raw\public_v9\mlaad_tiny\original\en\dorothy_and_wizard_oz_08_f000005.wav|data\raw\public_v9\real_music\jamendo\390000.low.mp3,0.6281741261482239,0.6098505258560181,0.8878677487373352
MIX::data\raw\public_v9\mlaad_tiny\original\en\dorothy_and_wizard_oz_08_f000016.wav|data\raw\public_v9\real_music\guitarset\00_SS2-107-Ab_solo_mic.wav,0.6468897461891174,0.6293895244598389,0.7737435698509216
MIX::data\raw\public_v9\mlaad_tiny\original\en\dorothy_and_wizard_oz_08_f000065.wav|data\raw\public_v9\real_music\jamendo\769000.low.mp3,0.5981519818305969,0.6029976606369019,0.8129510283470154
MIX::data\raw\public_v9\mlaad_tiny\original\en\dorothy_and_wizard_oz_14_f000043.wav|data\raw\public_v9\real_music\jamendo\1089300.low.mp3,0.6077371835708618,0.6054407358169556,0.5919701457023621
MIX::data\raw\public_v9\mlaad_tiny\original\en\dorothy_and_wizard_oz_14_f000082.wav|data\raw\public_v9\real_music\jamendo\477400.low.mp3,0.6240567564964294,0.62608802318573,0.7468797564506531
MIX::data\raw\public_v9\mlaad_tiny\original\en\dorothy_and_wizard_oz_14_f000118.wav|data\raw\public_v9\real_music\guitarset\00_BN1-147-Gb_solo_mic.wav,0.6190446019172668,0.6197016835212708,0.9133402705192566
MIX::data\raw\public_v9\mlaad_tiny\original\en\dorothy_and_wizard_oz_14_f000118.wav|data\raw\public_v9\real_music\guitarset\00_BN2-166-Ab_comp_mic.wav,0.637638509273529,0.6398060321807861,0.9371887445449829
MIX::data\raw\public_v9\mlaad_tiny\original\en\dorothy_and_wizard_oz_14_f000119.wav|data\raw\public_v9\real_music\guitarset\00_SS3-98-C_comp_mic.wav,0.6267793774604797,0.6007390022277832,0.886979877948761
MIX::data\raw\public_v9\mlaad_tiny\original\en\emerald_city_of_oz_05_f000014.wav|data\raw\public_v9\real_music\guitarset\00_BN1-129-Eb_comp_mic.wav,0.6304778456687927,0.6283630132675171,0.7826929092407227
MIX::data\raw\public_v9\mlaad_tiny\original\en\emerald_city_of_oz_05_f000024.wav|data\raw\public_v9\real_music\jamendo\1159700.low.mp3,0.6281529068946838,0.6146520376205444,0.7824606895446777
MIX::data\raw\public_v9\mlaad_tiny\original\en\emerald_city_of_oz_05_f000077.wav|data\raw\public_v9\real_music\jamendo\1170400.low.mp3,0.6712322235107422,0.6649658679962158,0.6241958737373352
MIX::data\raw\public_v9\mlaad_tiny\original\en\emerald_city_of_oz_05_f000091.wav|data\raw\public_v9\real_music\guitarset\00_SS1-100-C#_comp_mic.wav,0.631928563117981,0.6342242956161499,0.7170014977455139
MIX::data\raw\public_v9\mlaad_tiny\original\en\emerald_city_of_oz_08_f000059.wav|data\raw\public_v9\real_music\guitarset\00_Jazz1-130-D_solo_mic.wav,0.6302945613861084,0.6313410401344299,0.708289384841919
MIX::data\raw\public_v9\mlaad_tiny\original\en\emerald_city_of_oz_08_f000073.wav|data\raw\public_v9\echoes_fma_paired\real\fma_106336.mp3,0.6719613075256348,0.6605021953582764,0.8332675099372864
MIX::data\raw\public_v9\mlaad_tiny\original\en\emerald_city_of_oz_08_f000073.wav|data\raw\public_v9\real_music\jamendo\117300.low.mp3,0.6479209661483765,0.6172389984130859,0.8694921135902405
MIX::data\raw\public_v9\mlaad_tiny\original\en\emerald_city_of_oz_13_f000060.wav|data\raw\public_v9\real_music\jamendo\383000.low.mp3,0.6138428449630737,0.5968093872070312,0.7051311135292053
MIX::data\raw\public_v9\mlaad_tiny\original\en\emerald_city_of_oz_24_f000069.wav|data\raw\public_v9\real_music\jamendo\1162600.low.mp3,0.5947065949440002,0.5893465280532837,0.658879280090332
MIX::data\raw\public_v9\mlaad_tiny\original\en\hunters_space_05_f000015.wav|data\raw\public_v9\real_music\jamendo\342300.low.mp3,0.6036627292633057,0.6048562526702881,0.6530320048332214
MIX::data\raw\public_v9\mlaad_tiny\original\en\hunters_space_05_f000074.wav|data\raw\public_v9\real_music\guitarset\00_SS1-68-E_comp_mic.wav,0.6145744323730469,0.6068518161773682,0.8808334469795227
MIX::data\raw\public_v9\mlaad_tiny\original\en\hunters_space_05_f000109.wav|data\raw\public_v9\real_music\guitarset\00_Jazz3-150-C_comp_mic.wav,0.6304287314414978,0.6354347467422485,0.8555653095245361
MIX::data\raw\public_v9\mlaad_tiny\original\en\hunters_space_05_f000109.wav|data\raw\public_v9\real_music\jamendo\1072900.low.mp3,0.7905797958374023,0.7617698311805725,0.9945950508117676
MIX::data\raw\public_v9\mlaad_tiny\original\en\hunters_space_06_f000014.wav|data\raw\public_v9\real_music\guitarset\00_Rock1-90-C#_comp_mic.wav,0.6123382449150085,0.616365373134613,0.8680787682533264
MIX::data\raw\public_v9\mlaad_tiny\original\en\hunters_space_06_f000023.wav|data\raw\public_v9\real_music\jamendo\1165500.low.mp3,0.6236206889152527,0.616794228553772,0.8960228562355042
MIX::data\raw\public_v9\mlaad_tiny\original\en\hunters_space_06_f000036.wav|data\raw\public_v9\real_music\jamendo\374600.low.mp3,0.6268150210380554,0.6248447895050049,0.8087326884269714
MIX::data\raw\public_v9\mlaad_tiny\original\en\hunters_space_06_f000036.wav|data\raw\public_v9\real_music\jamendo\398700.low.mp3,0.6569841504096985,0.6191936731338501,0.740769624710083
MIX::data\raw\public_v9\mlaad_tiny\original\en\hunters_space_08_f000081.wav|data\raw\public_v9\real_music\guitarset\00_BN2-131-B_comp_mic.wav,0.6426740884780884,0.6480571031570435,0.8799583315849304
MIX::data\raw\public_v9\mlaad_tiny\original\en\hunters_space_08_f000103.wav|data\raw\public_v9\real_music\guitarset\00_SS3-84-Bb_solo_mic.wav,0.6304715275764465,0.6180223226547241,0.8434364199638367
MIX::data\raw\public_v9\mlaad_tiny\original\en\hunters_space_17_f000018.wav|data\raw\public_v9\real_music\guitarset\00_Jazz2-187-F#_solo_mic.wav,0.6263512969017029,0.6291559338569641,0.7229179739952087
MIX::data\raw\public_v9\mlaad_tiny\original\en\hunters_space_18_f000010.wav|data\raw\public_v9\real_music\guitarset\00_Jazz2-110-Bb_comp_mic.wav,0.6459009647369385,0.6400322914123535,0.8978884816169739
MIX::data\raw\public_v9\mlaad_tiny\original\en\hunters_space_18_f000024.wav|data\raw\public_v9\real_music\jamendo\1314100.low.mp3,0.6299775242805481,0.6306811571121216,0.6264154314994812
MIX::data\raw\public_v9\mlaad_tiny\original\en\jane_eyre_05_f000047.wav|data\raw\public_v9\real_music\jamendo\1218700.low.mp3,0.6235702037811279,0.6204845905303955,0.8734965324401855
MIX::data\raw\public_v9\mlaad_tiny\original\en\jane_eyre_05_f000054.wav|data\raw\public_v9\real_music\jamendo\1173500.low.mp3,0.6043534874916077,0.584579586982727,0.840916633605957
MIX::data\raw\public_v9\mlaad_tiny\original\en\jane_eyre_05_f000057.wav|data\raw\public_v9\real_music\guitarset\00_Rock2-85-F_solo_mic.wav,0.6541828513145447,0.636441707611084,0.7659048438072205
MIX::data\raw\public_v9\mlaad_tiny\original\en\jane_eyre_05_f000097.wav|data\raw\public_v9\real_music\jamendo\1088000.low.mp3,0.6137211918830872,0.6185474395751953,0.8145115971565247
MIX::data\raw\public_v9\mlaad_tiny\original\en\jane_eyre_05_f000137.wav|data\raw\public_v9\real_music\guitarset\00_Funk2-108-Eb_solo_mic.wav,0.6211104393005371,0.6215046048164368,0.8541021347045898
MIX::data\raw\public_v9\mlaad_tiny\original\en\jane_eyre_05_f000180.wav|data\raw\public_v9\real_music\jamendo\485800.low.mp3,0.5939432978630066,0.593776524066925,0.8281108736991882
MIX::data\raw\public_v9\mlaad_tiny\original\en\jane_eyre_06_f000021.wav|data\raw\public_v9\real_music\jamendo\201900.low.mp3,0.5973969101905823,0.5993342399597168,0.7758814692497253
MIX::data\raw\public_v9\mlaad_tiny\original\en\jane_eyre_17_f000177.wav|data\raw\public_v9\echoes_fma_paired\real\fma_3966.mp3,0.6451478004455566,0.6181631088256836,0.8010830879211426
MIX::data\raw\public_v9\mlaad_tiny\original\en\jane_eyre_17_f000379.wav|data\raw\public_v9\real_music\jamendo\1231600.low.mp3,0.6045253872871399,0.5968785285949707,0.6965904235839844
MIX::data\raw\public_v9\mlaad_tiny\original\en\jane_eyre_18_f000063.wav|data\raw\public_v9\real_music\guitarset\00_SS2-107-Ab_comp_mic.wav,0.6052213907241821,0.6056488156318665,0.8089275360107422
MIX::data\raw\public_v9\mlaad_tiny\fake\en\RVC\dorothy_and_wizard_oz_07_f000014.wav|data\raw\public_v9\sonics\fake_09918_suno_0.mp3,0.638576328754425,0.6372675895690918,0.7664522528648376
MIX::data\raw\public_v9\mlaad_tiny\fake\en\FishTTS\dorothy_and_wizard_oz_07_f000046.wav|data\raw\public_v9\sonics\fake_09924_suno_0.mp3,0.6142750978469849,0.6015088558197021,0.7709290385246277
MIX::data\raw\public_v9\mlaad_tiny\fake\en\Higgs-Audio-V2\dorothy_and_wizard_oz_08_f000005.wav|data\raw\public_v9\sonics\fake_09519_suno_0.mp3,0.6118353605270386,0.6050630807876587,0.5934113264083862
MIX::data\raw\public_v9\mlaad_tiny\fake\en\RVC\dorothy_and_wizard_oz_08_f000016.wav|data\raw\public_v9\sonics\fake_10039_suno_0.mp3,0.6185179352760315,0.6102838516235352,0.6423030495643616
MIX::data\raw\public_v9\mlaad_tiny\fake\en\Chatterbox\dorothy_and_wizard_oz_08_f000065.wav|data\raw\public_v9\echoes_fma_paired\fake\Celia_Ergo_Phizmiz_acestep_TTA_001.mp3,0.6102951169013977,0.5997636914253235,0.8769181370735168
MIX::data\raw\public_v9\mlaad_tiny\fake\en\f5-tts\dorothy_and_wizard_oz_14_f000043.wav|data\raw\public_v9\echoes_fma_paired\fake\Dr_Bodysnatcher_Modey_Lemon_musicgen_ATA_001.wav,0.693952202796936,0.68217933177948,0.5249228477478027
MIX::data\raw\public_v9\mlaad_tiny\fake\en\Microsoft VibeVoice 1.5B\dorothy_and_wizard_oz_14_f000082.wav|data\raw\public_v9\echoes_fma_paired\fake\Busby_Berkeley_Ergo_Phizmiz_audioldm_ATA_001.mp3,0.6116766333580017,0.6106181144714355,0.8652353286743164
MIX::data\raw\public_v9\mlaad_tiny\fake\en\Chatterbox\dorothy_and_wizard_oz_14_f000118.wav|data\raw\public_v9\sonics\fake_10259_suno_0.mp3,0.5901687741279602,0.5802915096282959,0.6791278719902039
MIX::data\raw\public_v9\mlaad_tiny\fake\en\FireRedTTS-2.0\dorothy_and_wizard_oz_14_f000119.wav|data\raw\public_v9\echoes_fma_paired\fake\Digital_Lightning_Cloudkicker_producer_ATA_001.mp3,0.574441134929657,0.5798684358596802,0.8447211384773254
MIX::data\raw\public_v9\mlaad_tiny\fake\en\FishTTS\emerald_city_of_oz_05_f000014.wav|data\raw\public_v9\sonics\fake_09771_suno_0.mp3,0.6034681797027588,0.5996328592300415,0.7517092823982239
MIX::data\raw\public_v9\mlaad_tiny\fake\en\Higgs-Audio-V2\emerald_city_of_oz_05_f000024.wav|data\raw\public_v9\sonics\fake_09996_suno_0.mp3,0.6275051236152649,0.6315727829933167,0.8831192851066589
MIX::data\raw\public_v9\mlaad_tiny\fake\en\RVC\emerald_city_of_oz_05_f000077.wav|data\raw\public_v9\sonics\fake_09574_suno_0.mp3,0.6334915161132812,0.6253586411476135,0.5624496340751648
MIX::data\raw\public_v9\mlaad_tiny\fake\en\Higgs-Audio-V2\emerald_city_of_oz_05_f000091.wav|data\raw\public_v9\sonics\fake_09607_suno_0.mp3,0.5946992635726929,0.5881391763687134,0.7281391024589539
MIX::data\raw\public_v9\mlaad_tiny\fake\en\Higgs-Audio-V2\emerald_city_of_oz_05_f000091.wav|data\raw\public_v9\echoes_fma_paired\fake\Busby_Berkeley_Ergo_Phizmiz_mubert_TTA_001.mp3,0.6147241592407227,0.6197127103805542,0.7247393727302551
MIX::data\raw\public_v9\mlaad_tiny\fake\en\FireRedTTS-2.0\emerald_city_of_oz_08_f000059.wav|data\raw\public_v9\sonics\fake_10581_suno_0.mp3,0.6069540977478027,0.6075223088264465,0.8511018753051758
MIX::data\raw\public_v9\mlaad_tiny\fake\en\FireRedTTS-2.0\emerald_city_of_oz_08_f000059.wav|data\raw\public_v9\echoes_fma_paired\fake\Busby_Berkeley_Ergo_Phizmiz_audioldm_ATA_001.mp3,0.6246967315673828,0.6141641736030579,0.9053499102592468
MIX::data\raw\public_v9\mlaad_tiny\fake\en\FireRedTTS-2.0\emerald_city_of_oz_08_f000073.wav|data\raw\public_v9\sonics\fake_09233_suno_0.mp3,0.6026625037193298,0.5974888801574707,0.7067558169364929
MIX::data\raw\public_v9\mlaad_tiny\fake\en\Chatterbox\emerald_city_of_oz_13_f000060.wav|data\raw\public_v9\sonics\fake_10604_suno_0.mp3,0.6348061561584473,0.6349511742591858,0.733538806438446
MIX::data\raw\public_v9\mlaad_tiny\fake\en\FishTTS\emerald_city_of_oz_24_f000069.wav|data\raw\public_v9\echoes_fma_paired\fake\Food_and_War_Ergo_Phizmiz_mubert_TTA_001.mp3,0.6245452165603638,0.6286211013793945,0.8299939036369324
MIX::data\raw\public_v9\mlaad_tiny\fake\en\f5-tts\hunters_space_05_f000015.wav|data\raw\public_v9\echoes_fma_paired\fake\Celia_Ergo_Phizmiz_musicgen_ATA_001.wav,0.6469151377677917,0.6494565010070801,0.7831416726112366
MIX::data\raw\public_v9\mlaad_tiny\fake\en\FishTTS\hunters_space_05_f000074.wav|data\raw\public_v9\echoes_fma_paired\fake\Busby_Berkeley_Ergo_Phizmiz_acestep_TTA_001.mp3,0.6181405186653137,0.6014745831489563,0.7220317721366882
MIX::data\raw\public_v9\mlaad_tiny\fake\en\Qwen2.5-Omni\hunters_space_05_f000109.wav|data\raw\public_v9\echoes_fma_paired\fake\Chipho_instrumental_RoccoW_audioldm_ATA_001.mp3,0.6691679954528809,0.6553115248680115,0.8711621165275574
MIX::data\raw\public_v9\mlaad_tiny\fake\en\Higgs-Audio-V2\hunters_space_06_f000014.wav|data\raw\public_v9\echoes_fma_paired\fake\Food_and_War_Ergo_Phizmiz_producer_ATA_001.mp3,0.6305933594703674,0.622337818145752,0.8740057945251465
MIX::data\raw\public_v9\mlaad_tiny\fake\en\f5-tts\hunters_space_06_f000023.wav|data\raw\public_v9\echoes_fma_paired\fake\Busby_Berkeley_Ergo_Phizmiz_suno_TTA_001.mp3,0.6574407815933228,0.6499710083007812,0.5592570900917053
MIX::data\raw\public_v9\mlaad_tiny\fake\en\MiniCPM-o-2.6\hunters_space_06_f000036.wav|data\raw\public_v9\echoes_fma_paired\fake\Digital_Lightning_Cloudkicker_audioldm_ATA_001.mp3,0.5828646421432495,0.5810668468475342,0.6721376776695251
MIX::data\raw\public_v9\mlaad_tiny\fake\en\Higgs-Audio-V2\hunters_space_08_f000081.wav|data\raw\public_v9\echoes_fma_paired\fake\Cold_Chains_Rolemusic_suno_TTA_001.mp3,0.5879078507423401,0.5824358463287354,0.710609495639801
MIX::data\raw\public_v9\mlaad_tiny\fake\en\MiniCPM-o-2.6\hunters_space_08_f000103.wav|data\raw\public_v9\sonics\fake_10437_suno_0.mp3,0.6298526525497437,0.6240707635879517,0.5397005081176758
MIX::data\raw\public_v9\mlaad_tiny\fake\en\FishTTS\hunters_space_17_f000018.wav|data\raw\public_v9\sonics\fake_09543_suno_0.mp3,0.611042320728302,0.6161457300186157,0.7936976552009583
MIX::data\raw\public_v9\mlaad_tiny\fake\en\Chatterbox\hunters_space_18_f000010.wav|data\raw\public_v9\echoes_fma_paired\fake\Busby_Berkeley_Ergo_Phizmiz_mubert_TTA_001.mp3,0.6176428198814392,0.6233588457107544,0.7095815539360046
MIX::data\raw\public_v9\mlaad_tiny\fake\en\Chatterbox\hunters_space_18_f000010.wav|data\raw\public_v9\echoes_fma_paired\fake\Food_and_War_Ergo_Phizmiz_mubert_TTA_001.mp3,0.6282926797866821,0.6276001930236816,0.7568469047546387
MIX::data\raw\public_v9\mlaad_tiny\fake\en\OpenVoiceV2\hunters_space_18_f000024.wav|data\raw\public_v9\sonics\fake_09701_suno_0.mp3,0.6020078063011169,0.5921447277069092,0.6075406074523926
MIX::data\raw\public_v9\mlaad_tiny\fake\en\Chatterbox\jane_eyre_05_f000047.wav|data\raw\public_v9\echoes_fma_paired\fake\Burn_Room_For_A_Ghost_audioldm_ATA_001.mp3,0.6189362406730652,0.6069602966308594,0.7085654735565186
MIX::data\raw\public_v9\mlaad_tiny\fake\en\OpenVoiceV2\jane_eyre_05_f000054.wav|data\raw\public_v9\sonics\fake_09519_suno_0.mp3,0.6094006896018982,0.6040870547294617,0.5936502814292908
MIX::data\raw\public_v9\mlaad_tiny\fake\en\OpenVoiceV2\jane_eyre_05_f000054.wav|data\raw\public_v9\sonics\fake_10378_suno_0.mp3,0.6627950072288513,0.6656431555747986,0.9171478748321533
MIX::data\raw\public_v9\mlaad_tiny\fake\en\Microsoft VibeVoice 1.5B\jane_eyre_05_f000057.wav|data\raw\public_v9\sonics\fake_10581_suno_0.mp3,0.6223136782646179,0.6178044080734253,0.8430054783821106
MIX::data\raw\public_v9\mlaad_tiny\fake\en\OpenVoiceV2\jane_eyre_05_f000097.wav|data\raw\public_v9\echoes_fma_paired\fake\Digital_Lightning_Cloudkicker_acestep_TTA_001.mp3,0.5802154541015625,0.5801296234130859,0.6123891472816467
MIX::data\raw\public_v9\mlaad_tiny\fake\en\suno_bark\jane_eyre_05_f000137.wav|data\raw\public_v9\echoes_fma_paired\fake\Celia_Ergo_Phizmiz_audioldm_ATA_001.mp3,0.6262614130973816,0.620349645614624,0.7284114956855774
MIX::data\raw\public_v9\mlaad_tiny\fake\en\Microsoft VibeVoice 1.5B\jane_eyre_05_f000180.wav|data\raw\public_v9\echoes_fma_paired\fake\Burn_Room_For_A_Ghost_acestep_TTA_001.mp3,0.6288019418716431,0.6098912358283997,0.8097102046012878
MIX::data\raw\public_v9\mlaad_tiny\fake\en\Chatterbox\jane_eyre_06_f000021.wav|data\raw\public_v9\sonics\fake_09607_suno_0.mp3,0.5909083485603333,0.5872169733047485,0.6773093342781067
MIX::data\raw\public_v9\mlaad_tiny\fake\en\FireRedTTS-2.0\jane_eyre_17_f000177.wav|data\raw\public_v9\sonics\fake_09788_suno_1.mp3,0.6448470950126648,0.647220253944397,0.9279714226722717
MIX::data\raw\public_v9\mlaad_tiny\fake\en\FireRedTTS-2.0\jane_eyre_17_f000379.wav|data\raw\public_v9\sonics\fake_10378_suno_0.mp3,0.6778014898300171,0.6753731369972229,0.9417969584465027
MIX::data\raw\public_v9\mlaad_tiny\fake\en\Chatterbox\jane_eyre_18_f000063.wav|data\raw\public_v9\sonics\fake_09896_suno_0.mp3,0.6038751006126404,0.5967742204666138,0.7841542363166809
MIX::data\raw\public_v9\mlaad_tiny\fake\en\RVC\dorothy_and_wizard_oz_07_f000014.wav|data\raw\public_v9\real_music\guitarset\00_BN1-147-Gb_comp_mic.wav,0.6420812606811523,0.6455711126327515,0.7117910385131836
MIX::data\raw\public_v9\mlaad_tiny\fake\en\FishTTS\dorothy_and_wizard_oz_07_f000046.wav|data\raw\public_v9\real_music\jamendo\19200.low.mp3,0.6563877463340759,0.6230614185333252,0.8331041932106018
MIX::data\raw\public_v9\mlaad_tiny\fake\en\Higgs-Audio-V2\dorothy_and_wizard_oz_08_f000005.wav|data\raw\public_v9\real_music\guitarset\00_Jazz1-200-B_comp_mic.wav,0.6546173095703125,0.6562821865081787,0.8975623846054077
MIX::data\raw\public_v9\mlaad_tiny\fake\en\RVC\dorothy_and_wizard_oz_08_f000016.wav|data\raw\public_v9\real_music\guitarset\00_SS2-107-Ab_comp_mic.wav,0.6286088824272156,0.6304105520248413,0.7181145548820496
MIX::data\raw\public_v9\mlaad_tiny\fake\en\Chatterbox\dorothy_and_wizard_oz_08_f000065.wav|data\raw\public_v9\real_music\jamendo\769000.low.mp3,0.605722963809967,0.5999956130981445,0.9094536900520325
MIX::data\raw\public_v9\mlaad_tiny\fake\en\f5-tts\dorothy_and_wizard_oz_14_f000043.wav|data\raw\public_v9\real_music\guitarset\00_Rock1-90-C#_comp_mic.wav,0.6288208365440369,0.6290085315704346,0.6850296854972839
MIX::data\raw\public_v9\mlaad_tiny\fake\en\Microsoft VibeVoice 1.5B\dorothy_and_wizard_oz_14_f000082.wav|data\raw\public_v9\real_music\jamendo\308500.low.mp3,0.6258454918861389,0.6236696243286133,0.690333366394043
MIX::data\raw\public_v9\mlaad_tiny\fake\en\Chatterbox\dorothy_and_wizard_oz_14_f000118.wav|data\raw\public_v9\real_music\jamendo\342300.low.mp3,0.5898085236549377,0.58950275182724,0.7072989344596863
MIX::data\raw\public_v9\mlaad_tiny\fake\en\FireRedTTS-2.0\dorothy_and_wizard_oz_14_f000119.wav|data\raw\public_v9\real_music\jamendo\1165500.low.mp3,0.5895681977272034,0.5863878130912781,0.9228995442390442
MIX::data\raw\public_v9\mlaad_tiny\fake\en\FishTTS\emerald_city_of_oz_05_f000014.wav|data\raw\public_v9\real_music\guitarset\00_BN1-129-Eb_solo_mic.wav,0.6451008915901184,0.637372612953186,0.7158420085906982
MIX::data\raw\public_v9\mlaad_tiny\fake\en\Higgs-Audio-V2\emerald_city_of_oz_05_f000024.wav|data\raw\public_v9\real_music\guitarset\00_BN2-131-B_comp_mic.wav,0.6486218571662903,0.642576277256012,0.921623170375824
MIX::data\raw\public_v9\mlaad_tiny\fake\en\RVC\emerald_city_of_oz_05_f000077.wav|data\raw\public_v9\real_music\guitarset\00_Funk2-108-Eb_solo_mic.wav,0.6500700116157532,0.6403805017471313,0.814229428768158
MIX::data\raw\public_v9\mlaad_tiny\fake\en\Higgs-Audio-V2\emerald_city_of_oz_05_f000091.wav|data\raw\public_v9\real_music\guitarset\00_BN3-119-G_comp_mic.wav,0.6242259740829468,0.6302633285522461,0.8202075958251953
MIX::data\raw\public_v9\mlaad_tiny\fake\en\FireRedTTS-2.0\emerald_city_of_oz_08_f000059.wav|data\raw\public_v9\real_music\guitarset\00_Jazz1-200-B_solo_mic.wav,0.6393110156059265,0.6202470660209656,0.8113839626312256
MIX::data\raw\public_v9\mlaad_tiny\fake\en\FireRedTTS-2.0\emerald_city_of_oz_08_f000073.wav|data\raw\public_v9\real_music\jamendo\1088000.low.mp3,0.6295179128646851,0.6296695470809937,0.7552197575569153
MIX::data\raw\public_v9\mlaad_tiny\fake\en\Chatterbox\emerald_city_of_oz_13_f000060.wav|data\raw\public_v9\real_music\jamendo\1156400.low.mp3,0.6194864511489868,0.6178460717201233,0.6045672297477722
MIX::data\raw\public_v9\mlaad_tiny\fake\en\FishTTS\emerald_city_of_oz_24_f000069.wav|data\raw\public_v9\real_music\jamendo\1226700.low.mp3,0.6419796347618103,0.6128331422805786,0.7895522117614746
MIX::data\raw\public_v9\mlaad_tiny\fake\en\f5-tts\hunters_space_05_f000015.wav|data\raw\public_v9\real_music\jamendo\1157600.low.mp3,0.673726499080658,0.6575227379798889,0.8210587501525879
MIX::data\raw\public_v9\mlaad_tiny\fake\en\FishTTS\hunters_space_05_f000074.wav|data\raw\public_v9\real_music\guitarset\00_Funk3-98-A_solo_mic.wav,0.6558012962341309,0.6506677269935608,0.6590476632118225
MIX::data\raw\public_v9\mlaad_tiny\fake\en\Qwen2.5-Omni\hunters_space_05_f000109.wav|data\raw\public_v9\real_music\guitarset\00_BN3-154-E_comp_mic.wav,0.628574013710022,0.6352918148040771,0.8611553907394409
MIX::data\raw\public_v9\mlaad_tiny\fake\en\Qwen2.5-Omni\hunters_space_05_f000109.wav|data\raw\public_v9\echoes_fma_paired\real\fma_74900.mp3,0.6183874011039734,0.6106581687927246,0.6154276728630066
MIX::data\raw\public_v9\mlaad_tiny\fake\en\Higgs-Audio-V2\hunters_space_06_f000014.wav|data\raw\public_v9\real_music\guitarset\00_BN2-166-Ab_comp_mic.wav,0.6437060832977295,0.6476366519927979,0.9213626980781555
MIX::data\raw\public_v9\mlaad_tiny\fake\en\f5-tts\hunters_space_06_f000023.wav|data\raw\public_v9\real_music\jamendo\383000.low.mp3,0.6321285963058472,0.6133641004562378,0.6908003687858582
MIX::data\raw\public_v9\mlaad_tiny\fake\en\MiniCPM-o-2.6\hunters_space_06_f000036.wav|data\raw\public_v9\real_music\guitarset\00_Rock2-85-F_solo_mic.wav,0.6358613967895508,0.6439193487167358,0.9165526032447815
MIX::data\raw\public_v9\mlaad_tiny\fake\en\MiniCPM-o-2.6\hunters_space_06_f000036.wav|data\raw\public_v9\real_music\guitarset\00_SS1-68-E_comp_mic.wav,0.6032103896141052,0.6041824817657471,0.8929160237312317
MIX::data\raw\public_v9\mlaad_tiny\fake\en\Higgs-Audio-V2\hunters_space_08_f000081.wav|data\raw\public_v9\real_music\jamendo\47900.low.mp3,0.627465546131134,0.6194989681243896,0.9190288186073303
MIX::data\raw\public_v9\mlaad_tiny\fake\en\MiniCPM-o-2.6\hunters_space_08_f000103.wav|data\raw\public_v9\real_music\guitarset\00_SS3-84-Bb_comp_mic.wav,0.6446728110313416,0.6472174525260925,0.8053234219551086
MIX::data\raw\public_v9\mlaad_tiny\fake\en\FishTTS\hunters_space_17_f000018.wav|data\raw\public_v9\real_music\jamendo\1093500.low.mp3,0.6005731821060181,0.6009820699691772,0.8052369952201843
MIX::data\raw\public_v9\mlaad_tiny\fake\en\Chatterbox\hunters_space_18_f000010.wav|data\raw\public_v9\real_music\jamendo\485800.low.mp3,0.6322851777076721,0.6229453086853027,0.8318054676055908
MIX::data\raw\public_v9\mlaad_tiny\fake\en\OpenVoiceV2\hunters_space_18_f000024.wav|data\raw\public_v9\echoes_fma_paired\real\fma_3988.mp3,0.6134901642799377,0.6034709215164185,0.8123245239257812
MIX::data\raw\public_v9\mlaad_tiny\fake\en\OpenVoiceV2\hunters_space_18_f000024.wav|data\raw\public_v9\real_music\jamendo\514000.low.mp3,0.6144936084747314,0.6137021780014038,0.6519859433174133
MIX::data\raw\public_v9\mlaad_tiny\fake\en\Chatterbox\jane_eyre_05_f000047.wav|data\raw\public_v9\real_music\jamendo\1159700.low.mp3,0.624578595161438,0.6114705801010132,0.767284631729126
MIX::data\raw\public_v9\mlaad_tiny\fake\en\OpenVoiceV2\jane_eyre_05_f000054.wav|data\raw\public_v9\real_music\jamendo\1420700.low.mp3,0.6292344927787781,0.6192365884780884,0.7032806277275085
MIX::data\raw\public_v9\mlaad_tiny\fake\en\Microsoft VibeVoice 1.5B\jane_eyre_05_f000057.wav|data\raw\public_v9\real_music\jamendo\398700.low.mp3,0.6324056386947632,0.6006529927253723,0.7878022789955139
MIX::data\raw\public_v9\mlaad_tiny\fake\en\OpenVoiceV2\jane_eyre_05_f000097.wav|data\raw\public_v9\real_music\jamendo\1149700.low.mp3,0.6412648558616638,0.6163915991783142,0.762090265750885
MIX::data\raw\public_v9\mlaad_tiny\fake\en\suno_bark\jane_eyre_05_f000137.wav|data\raw\public_v9\real_music\guitarset\00_SS2-88-F_solo_mic.wav,0.6698170304298401,0.6579413414001465,0.6800045967102051
MIX::data\raw\public_v9\mlaad_tiny\fake\en\suno_bark\jane_eyre_05_f000137.wav|data\raw\public_v9\real_music\jamendo\1045700.low.mp3,0.677873969078064,0.64353346824646,0.7484337687492371
MIX::data\raw\public_v9\mlaad_tiny\fake\en\Microsoft VibeVoice 1.5B\jane_eyre_05_f000180.wav|data\raw\public_v9\real_music\jamendo\1417800.low.mp3,0.6288964152336121,0.615415096282959,0.61869877576828
MIX::data\raw\public_v9\mlaad_tiny\fake\en\Chatterbox\jane_eyre_06_f000021.wav|data\raw\public_v9\real_music\guitarset\00_SS3-98-C_comp_mic.wav,0.6060328483581543,0.6096293926239014,0.7360158562660217
MIX::data\raw\public_v9\mlaad_tiny\fake\en\FireRedTTS-2.0\jane_eyre_17_f000177.wav|data\raw\public_v9\real_music\jamendo\201900.low.mp3,0.6064853072166443,0.6097335815429688,0.8416855335235596
MIX::data\raw\public_v9\mlaad_tiny\fake\en\FireRedTTS-2.0\jane_eyre_17_f000379.wav|data\raw\public_v9\real_music\guitarset\00_Rock3-117-Bb_solo_mic.wav,0.6500676274299622,0.6467658281326294,0.8087213635444641
MIX::data\raw\public_v9\mlaad_tiny\fake\en\Chatterbox\jane_eyre_18_f000063.wav|data\raw\public_v9\real_music\guitarset\00_SS1-100-C#_solo_mic.wav,0.6418062448501587,0.6329247951507568,0.8667157292366028
MIX::data\raw\public_v9\mlaad_tiny\original\en\dorothy_and_wizard_oz_07_f000014.wav|data\raw\public_v9\echoes_fma_paired\fake\Fuckaboing_RoccoW_brev_TTA_001.mp3,0.6701925992965698,0.6642201542854309,0.9186325073242188
MIX::data\raw\public_v9\mlaad_tiny\original\en\dorothy_and_wizard_oz_07_f000046.wav|data\raw\public_v9\echoes_fma_paired\fake\Cold_Chains_Rolemusic_suno_TTA_001.mp3,0.6272690296173096,0.6211808919906616,0.5379020571708679
MIX::data\raw\public_v9\mlaad_tiny\original\en\dorothy_and_wizard_oz_08_f000005.wav|data\raw\public_v9\echoes_fma_paired\fake\Busby_Berkeley_Ergo_Phizmiz_producer_ATA_001.mp3,0.6046385765075684,0.6068193316459656,0.7218403220176697
MIX::data\raw\public_v9\mlaad_tiny\original\en\dorothy_and_wizard_oz_08_f000016.wav|data\raw\public_v9\echoes_fma_paired\fake\Busby_Berkeley_Ergo_Phizmiz_brev_TTA_001.mp3,0.6293560862541199,0.6188246011734009,0.7455043792724609
MIX::data\raw\public_v9\mlaad_tiny\original\en\dorothy_and_wizard_oz_08_f000065.wav|data\raw\public_v9\echoes_fma_paired\fake\Cloudy_Subway_Sonicbeat_audioldm_ATA_001.mp3,0.618131160736084,0.6224933862686157,0.8774337768554688
MIX::data\raw\public_v9\mlaad_tiny\original\en\dorothy_and_wizard_oz_14_f000043.wav|data\raw\public_v9\echoes_fma_paired\fake\Busby_Berkeley_Ergo_Phizmiz_mubert_TTA_001.mp3,0.6193609237670898,0.5987842679023743,0.8709658980369568
MIX::data\raw\public_v9\mlaad_tiny\original\en\dorothy_and_wizard_oz_14_f000082.wav|data\raw\public_v9\echoes_fma_paired\fake\Cold_Chains_Rolemusic_brev_TTA_001.mp3,0.6736128926277161,0.6620464324951172,0.8751893043518066
MIX::data\raw\public_v9\mlaad_tiny\original\en\dorothy_and_wizard_oz_14_f000118.wav|data\raw\public_v9\echoes_fma_paired\fake\Celia_Ergo_Phizmiz_brev_TTA_001.mp3,0.5977340936660767,0.6032817363739014,0.8975005149841309
MIX::data\raw\public_v9\mlaad_tiny\original\en\dorothy_and_wizard_oz_14_f000119.wav|data\raw\public_v9\sonics\fake_09896_suno_0.mp3,0.5913430452346802,0.590064287185669,0.6386149525642395
MIX::data\raw\public_v9\mlaad_tiny\original\en\emerald_city_of_oz_05_f000014.wav|data\raw\public_v9\echoes_fma_paired\fake\Cold_Chains_Rolemusic_mubert_TTA_001.mp3,0.6705245971679688,0.6579776406288147,0.8592767119407654
MIX::data\raw\public_v9\mlaad_tiny\original\en\emerald_city_of_oz_05_f000024.wav|data\raw\public_v9\sonics\fake_10331_suno_0.mp3,0.6057081818580627,0.5972975492477417,0.731123149394989
MIX::data\raw\public_v9\mlaad_tiny\original\en\emerald_city_of_oz_05_f000077.wav|data\raw\public_v9\sonics\fake_09056_suno_0.mp3,0.6287862658500671,0.6284365653991699,0.821551501750946
MIX::data\raw\public_v9\mlaad_tiny\original\en\emerald_city_of_oz_05_f000091.wav|data\raw\public_v9\echoes_fma_paired\fake\Celia_Ergo_Phizmiz_acestep_TTA_001.mp3,0.6389497518539429,0.6359999775886536,0.5835819244384766
MIX::data\raw\public_v9\mlaad_tiny\original\en\emerald_city_of_oz_08_f000059.wav|data\raw\public_v9\sonics\fake_09059_suno_0.mp3,0.6327928304672241,0.6264370679855347,0.521747887134552
MIX::data\raw\public_v9\mlaad_tiny\original\en\emerald_city_of_oz_08_f000073.wav|data\raw\public_v9\sonics\fake_10604_suno_0.mp3,0.631006121635437,0.6348701119422913,0.7572121620178223
MIX::data\raw\public_v9\mlaad_tiny\original\en\emerald_city_of_oz_13_f000060.wav|data\raw\public_v9\sonics\fake_09543_suno_0.mp3,0.6489817500114441,0.6393691897392273,0.5391731858253479
MIX::data\raw\public_v9\mlaad_tiny\original\en\emerald_city_of_oz_24_f000069.wav|data\raw\public_v9\sonics\fake_09150_suno_0.mp3,0.6287426352500916,0.6227710843086243,0.5459520220756531
MIX::data\raw\public_v9\mlaad_tiny\original\en\emerald_city_of_oz_24_f000069.wav|data\raw\public_v9\sonics\fake_09743_suno_0.mp3,0.6357473731040955,0.6075713634490967,0.7352266311645508
MIX::data\raw\public_v9\mlaad_tiny\original\en\hunters_space_05_f000015.wav|data\raw\public_v9\echoes_fma_paired\fake\Busby_Berkeley_Ergo_Phizmiz_suno_TTA_001.mp3,0.6236513257026672,0.6122117042541504,0.749896228313446
MIX::data\raw\public_v9\mlaad_tiny\original\en\hunters_space_05_f000074.wav|data\raw\public_v9\sonics\fake_09150_suno_0.mp3,0.6092557311058044,0.6079296469688416,0.5860927700996399
MIX::data\raw\public_v9\mlaad_tiny\original\en\hunters_space_05_f000109.wav|data\raw\public_v9\sonics\fake_10686_suno_0.mp3,0.6327685713768005,0.6177499890327454,0.8234241604804993
MIX::data\raw\public_v9\mlaad_tiny\original\en\hunters_space_06_f000014.wav|data\raw\public_v9\echoes_fma_paired\fake\Celia_Ergo_Phizmiz_mubert_TTA_001.mp3,0.5909943580627441,0.5940843820571899,0.7874277234077454
MIX::data\raw\public_v9\mlaad_tiny\original\en\hunters_space_06_f000023.wav|data\raw\public_v9\echoes_fma_paired\fake\Food_and_War_Ergo_Phizmiz_elevenlabs_TTA_001.mp3,0.6351165771484375,0.6323583126068115,0.9105982184410095
MIX::data\raw\public_v9\mlaad_tiny\original\en\hunters_space_06_f000036.wav|data\raw\public_v9\echoes_fma_paired\fake\Cold_Chains_Rolemusic_musicgen_ATA_001.wav,0.6626357436180115,0.650070071220398,0.7307716012001038
MIX::data\raw\public_v9\mlaad_tiny\original\en\hunters_space_08_f000081.wav|data\raw\public_v9\sonics\fake_09743_suno_0.mp3,0.6371802687644958,0.6123818755149841,0.823314905166626
MIX::data\raw\public_v9\mlaad_tiny\original\en\hunters_space_08_f000103.wav|data\raw\public_v9\echoes_fma_paired\fake\Celia_Ergo_Phizmiz_udio_TTA_001.mp3,0.6418276429176331,0.6194802522659302,0.8840476870536804
MIX::data\raw\public_v9\mlaad_tiny\original\en\hunters_space_17_f000018.wav|data\raw\public_v9\echoes_fma_paired\fake\Chipho_instrumental_RoccoW_audioldm_ATA_001.mp3,0.6923815608024597,0.6709530353546143,0.926731288433075
MIX::data\raw\public_v9\mlaad_tiny\original\en\hunters_space_18_f000010.wav|data\raw\public_v9\sonics\fake_09519_suno_0.mp3,0.5993531346321106,0.5946508646011353,0.6135194897651672
MIX::data\raw\public_v9\mlaad_tiny\original\en\hunters_space_18_f000024.wav|data\raw\public_v9\echoes_fma_paired\fake\Food_and_War_Ergo_Phizmiz_suno_TTA_001.mp3,0.6282637715339661,0.6233526468276978,0.8724486231803894
MIX::data\raw\public_v9\mlaad_tiny\original\en\jane_eyre_05_f000047.wav|data\raw\public_v9\sonics\fake_10686_suno_0.mp3,0.612060010433197,0.6078671216964722,0.7994902729988098
MIX::data\raw\public_v9\mlaad_tiny\original\en\jane_eyre_05_f000047.wav|data\raw\public_v9\echoes_fma_paired\fake\Cold_Chains_Rolemusic_musicgen_ATA_001.wav,0.6138674020767212,0.6088759303092957,0.7854309678077698
MIX::data\raw\public_v9\mlaad_tiny\original\en\jane_eyre_05_f000054.wav|data\raw\public_v9\echoes_fma_paired\fake\Cold_Chains_Rolemusic_brev_TTA_001.mp3,0.6381051540374756,0.6353293657302856,0.8577963709831238
MIX::data\raw\public_v9\mlaad_tiny\original\en\jane_eyre_05_f000054.wav|data\raw\public_v9\echoes_fma_paired\fake\Busby_Berkeley_Ergo_Phizmiz_suno_TTA_001.mp3,0.6259006857872009,0.6147741079330444,0.7329456210136414
MIX::data\raw\public_v9\mlaad_tiny\original\en\jane_eyre_05_f000057.wav|data\raw\public_v9\sonics\fake_10567_suno_0.mp3,0.60706627368927,0.6103639602661133,0.755523681640625
MIX::data\raw\public_v9\mlaad_tiny\original\en\jane_eyre_05_f000097.wav|data\raw\public_v9\echoes_fma_paired\fake\Cold_Chains_Rolemusic_elevenlabs_TTA_001.mp3,0.627522349357605,0.62055504322052,0.5904393792152405
MIX::data\raw\public_v9\mlaad_tiny\original\en\jane_eyre_05_f000137.wav|data\raw\public_v9\sonics\fake_10146_suno_0.mp3,0.6472803354263306,0.6524513363838196,0.90353924036026
MIX::data\raw\public_v9\mlaad_tiny\original\en\jane_eyre_05_f000180.wav|data\raw\public_v9\echoes_fma_paired\fake\Burn_Room_For_A_Ghost_stableaudio_TTA_001.mp3,0.5915093421936035,0.5930066704750061,0.6730878949165344
MIX::data\raw\public_v9\mlaad_tiny\original\en\jane_eyre_06_f000021.wav|data\raw\public_v9\echoes_fma_paired\fake\Busby_Berkeley_Ergo_Phizmiz_musicgen_ATA_001.wav,0.6328259706497192,0.6268409490585327,0.8687038421630859
MIX::data\raw\public_v9\mlaad_tiny\original\en\jane_eyre_17_f000177.wav|data\raw\public_v9\echoes_fma_paired\fake\Cold_Chains_Rolemusic_acestep_TTA_001.mp3,0.6294847726821899,0.6025159358978271,0.7200204730033875
MIX::data\raw\public_v9\mlaad_tiny\original\en\jane_eyre_17_f000379.wav|data\raw\public_v9\sonics\fake_09380_suno_0.mp3,0.6172286868095398,0.6078932285308838,0.7955600619316101
MIX::data\raw\public_v9\mlaad_tiny\original\en\jane_eyre_18_f000063.wav|data\raw\public_v9\echoes_fma_paired\fake\Food_and_War_Ergo_Phizmiz_producer_ATA_001.mp3,0.6385467052459717,0.622384250164032,0.954681396484375
MIX::data\raw\public_v9\mlaad_tiny\original\en\dorothy_and_wizard_oz_07_f000014.wav|data\raw\public_v9\real_music\jamendo\308500.low.mp3,0.6332859992980957,0.610687792301178,0.7781789898872375
MIX::data\raw\public_v9\mlaad_tiny\original\en\dorothy_and_wizard_oz_07_f000046.wav|data\raw\public_v9\real_music\jamendo\1194600.low.mp3,0.7137882113456726,0.6697325706481934,0.8858169913291931
MIX::data\raw\public_v9\mlaad_tiny\original\en\dorothy_and_wizard_oz_08_f000005.wav|data\raw\public_v9\real_music\guitarset\00_SS1-100-C#_solo_mic.wav,0.6457704305648804,0.6382178068161011,0.6726823449134827
MIX::data\raw\public_v9\mlaad_tiny\original\en\dorothy_and_wizard_oz_08_f000016.wav|data\raw\public_v9\real_music\jamendo\11100.low.mp3,0.6430091261863708,0.6280038356781006,0.9143663048744202
MIX::data\raw\public_v9\mlaad_tiny\original\en\dorothy_and_wizard_oz_08_f000065.wav|data\raw\public_v9\echoes_fma_paired\real\fma_74900.mp3,0.6147052049636841,0.6096644401550293,0.8070505261421204
MIX::data\raw\public_v9\mlaad_tiny\original\en\dorothy_and_wizard_oz_14_f000043.wav|data\raw\public_v9\real_music\guitarset\00_Funk1-97-C_solo_mic.wav,0.6364397406578064,0.6384165287017822,0.7919190526008606
MIX::data\raw\public_v9\mlaad_tiny\original\en\dorothy_and_wizard_oz_14_f000043.wav|data\raw\public_v9\real_music\guitarset\00_SS3-98-C_solo_mic.wav,0.6464511156082153,0.6339945793151855,0.8029844760894775
MIX::data\raw\public_v9\mlaad_tiny\original\en\dorothy_and_wizard_oz_14_f000082.wav|data\raw\public_v9\real_music\jamendo\1378200.low.mp3,0.661888599395752,0.6483166217803955,0.8954992294311523
MIX::data\raw\public_v9\mlaad_tiny\original\en\dorothy_and_wizard_oz_14_f000118.wav|data\raw\public_v9\real_music\guitarset\00_BN3-154-E_comp_mic.wav,0.5995714068412781,0.6017249226570129,0.9367645978927612
MIX::data\raw\public_v9\mlaad_tiny\original\en\dorothy_and_wizard_oz_14_f000119.wav|data\raw\public_v9\real_music\jamendo\1226700.low.mp3,0.5997096300125122,0.5889590978622437,0.6342790126800537
MIX::data\raw\public_v9\mlaad_tiny\original\en\emerald_city_of_oz_05_f000014.wav|data\raw\public_v9\real_music\guitarset\00_SS2-88-F_solo_mic.wav,0.6651157140731812,0.6568752527236938,0.7608628273010254
MIX::data\raw\public_v9\mlaad_tiny\original\en\emerald_city_of_oz_05_f000024.wav|data\raw\public_v9\real_music\guitarset\00_Jazz1-200-B_comp_mic.wav,0.6613574624061584,0.67021644115448,0.9352539777755737
MIX::data\raw\public_v9\mlaad_tiny\original\en\emerald_city_of_oz_05_f000077.wav|data\raw\public_v9\real_music\guitarset\00_Jazz2-187-F#_comp_mic.wav,0.6941753625869751,0.6732282638549805,0.9366195201873779
MIX::data\raw\public_v9\mlaad_tiny\original\en\emerald_city_of_oz_05_f000091.wav|data\raw\public_v9\echoes_fma_paired\real\fma_3988.mp3,0.6128348112106323,0.6074272394180298,0.7049805521965027
MIX::data\raw\public_v9\mlaad_tiny\original\en\emerald_city_of_oz_08_f000059.wav|data\raw\public_v9\real_music\jamendo\1257400.low.mp3,0.633939266204834,0.6316838264465332,0.8007552623748779
MIX::data\raw\public_v9\mlaad_tiny\original\en\emerald_city_of_oz_08_f000073.wav|data\raw\public_v9\real_music\guitarset\00_Jazz3-137-Eb_solo_mic.wav,0.6410588026046753,0.6266699433326721,0.8335362076759338
MIX::data\raw\public_v9\mlaad_tiny\original\en\emerald_city_of_oz_13_f000060.wav|data\raw\public_v9\real_music\guitarset\00_Funk3-112-C#_comp_mic.wav,0.6529453992843628,0.6576035022735596,0.8726087212562561
MIX::data\raw\public_v9\mlaad_tiny\original\en\emerald_city_of_oz_13_f000060.wav|data\raw\public_v9\echoes_fma_paired\real\fma_61491.mp3,0.6781744956970215,0.6347315311431885,0.8294401168823242
MIX::data\raw\public_v9\mlaad_tiny\original\en\emerald_city_of_oz_24_f000069.wav|data\raw\public_v9\real_music\guitarset\00_BN3-119-G_solo_mic.wav,0.6168279051780701,0.6197590231895447,0.8016435503959656
MIX::data\raw\public_v9\mlaad_tiny\original\en\hunters_space_05_f000015.wav|data\raw\public_v9\real_music\guitarset\00_SS2-88-F_comp_mic.wav,0.6324507594108582,0.6291849613189697,0.9107487201690674
MIX::data\raw\public_v9\mlaad_tiny\original\en\hunters_space_05_f000074.wav|data\raw\public_v9\real_music\guitarset\00_Funk2-119-G_solo_mic.wav,0.6642975211143494,0.648759126663208,0.682060956954956
MIX::data\raw\public_v9\mlaad_tiny\original\en\hunters_space_05_f000109.wav|data\raw\public_v9\real_music\guitarset\00_BN2-166-Ab_solo_mic.wav,0.6816366910934448,0.6765644550323486,0.9580070972442627
MIX::data\raw\public_v9\mlaad_tiny\original\en\hunters_space_06_f000014.wav|data\raw\public_v9\real_music\jamendo\1383900.low.mp3,0.608363687992096,0.6101722717285156,0.6226258277893066
MIX::data\raw\public_v9\mlaad_tiny\original\en\hunters_space_06_f000023.wav|data\raw\public_v9\real_music\guitarset\00_Rock2-85-F_comp_mic.wav,0.6349124312400818,0.626693844795227,0.7341179847717285
MIX::data\raw\public_v9\mlaad_tiny\original\en\hunters_space_06_f000023.wav|data\raw\public_v9\real_music\guitarset\00_SS1-68-E_solo_mic.wav,0.6395219564437866,0.6303950548171997,0.6969658732414246
MIX::data\raw\public_v9\mlaad_tiny\original\en\hunters_space_06_f000036.wav|data\raw\public_v9\real_music\guitarset\00_Rock3-148-C_comp_mic.wav,0.6180356740951538,0.6204380393028259,0.6403887271881104
MIX::data\raw\public_v9\mlaad_tiny\original\en\hunters_space_08_f000081.wav|data\raw\public_v9\real_music\jamendo\1093500.low.mp3,0.5940717458724976,0.5972521305084229,0.7679173350334167
MIX::data\raw\public_v9\mlaad_tiny\original\en\hunters_space_08_f000103.wav|data\raw\public_v9\real_music\guitarset\00_Rock2-142-D_solo_mic.wav,0.6525976061820984,0.6579459309577942,0.7374314665794373
MIX::data\raw\public_v9\mlaad_tiny\original\en\hunters_space_17_f000018.wav|data\raw\public_v9\real_music\guitarset\00_Rock3-117-Bb_solo_mic.wav,0.6554684638977051,0.6560774445533752,0.8723457455635071
MIX::data\raw\public_v9\mlaad_tiny\original\en\hunters_space_18_f000010.wav|data\raw\public_v9\real_music\guitarset\00_BN3-119-G_comp_mic.wav,0.632164716720581,0.6372921466827393,0.8233886361122131
MIX::data\raw\public_v9\mlaad_tiny\original\en\hunters_space_18_f000024.wav|data\raw\public_v9\real_music\guitarset\00_Jazz2-110-Bb_solo_mic.wav,0.6418642997741699,0.6449223160743713,0.7186343669891357
MIX::data\raw\public_v9\mlaad_tiny\original\en\jane_eyre_05_f000047.wav|data\raw\public_v9\real_music\guitarset\00_BN1-147-Gb_comp_mic.wav,0.6241788864135742,0.6263666152954102,0.7962391376495361
MIX::data\raw\public_v9\mlaad_tiny\original\en\jane_eyre_05_f000054.wav|data\raw\public_v9\real_music\guitarset\00_BN2-131-B_solo_mic.wav,0.6404707431793213,0.632643461227417,0.8748905062675476
MIX::data\raw\public_v9\mlaad_tiny\original\en\jane_eyre_05_f000054.wav|data\raw\public_v9\real_music\jamendo\307100.low.mp3,0.5947455763816833,0.5953172445297241,0.6156942248344421
MIX::data\raw\public_v9\mlaad_tiny\original\en\jane_eyre_05_f000057.wav|data\raw\public_v9\real_music\guitarset\00_Jazz3-137-Eb_comp_mic.wav,0.5996477603912354,0.6044391989707947,0.8550602793693542
MIX::data\raw\public_v9\mlaad_tiny\original\en\jane_eyre_05_f000097.wav|data\raw\public_v9\real_music\jamendo\1149700.low.mp3,0.5854573249816895,0.5866336226463318,0.7825629115104675
MIX::data\raw\public_v9\mlaad_tiny\original\en\jane_eyre_05_f000137.wav|data\raw\public_v9\real_music\guitarset\00_Funk3-112-C#_solo_mic.wav,0.6432886719703674,0.6490226984024048,0.8114714622497559
MIX::data\raw\public_v9\mlaad_tiny\original\en\jane_eyre_05_f000180.wav|data\raw\public_v9\real_music\guitarset\00_Funk1-114-Ab_comp_mic.wav,0.6330870389938354,0.6377643942832947,0.819352388381958
MIX::data\raw\public_v9\mlaad_tiny\original\en\jane_eyre_06_f000021.wav|data\raw\public_v9\echoes_fma_paired\real\fma_71506.mp3,0.6542357206344604,0.644589900970459,0.8612726330757141
MIX::data\raw\public_v9\mlaad_tiny\original\en\jane_eyre_17_f000177.wav|data\raw\public_v9\real_music\guitarset\00_Funk1-114-Ab_solo_mic.wav,0.6402055621147156,0.6423841118812561,0.9258241057395935
MIX::data\raw\public_v9\mlaad_tiny\original\en\jane_eyre_17_f000379.wav|data\raw\public_v9\real_music\jamendo\1420700.low.mp3,0.605479896068573,0.6088440418243408,0.810373842716217
MIX::data\raw\public_v9\mlaad_tiny\original\en\jane_eyre_18_f000063.wav|data\raw\public_v9\real_music\jamendo\47900.low.mp3,0.6119370460510254,0.6068922877311707,0.892418622970581
MIX::data\raw\public_v9\mlaad_tiny\fake\en\RVC\dorothy_and_wizard_oz_07_f000014.wav|data\raw\public_v9\echoes_fma_paired\fake\Digital_Lightning_Cloudkicker_suno_TTA_001.mp3,0.5945016145706177,0.5974727869033813,0.6705922484397888
MIX::data\raw\public_v9\mlaad_tiny\fake\en\FishTTS\dorothy_and_wizard_oz_07_f000046.wav|data\raw\public_v9\echoes_fma_paired\fake\Digital_Lightning_Cloudkicker_mubert_TTA_001.mp3,0.6500965356826782,0.6203314065933228,0.8655176162719727
MIX::data\raw\public_v9\mlaad_tiny\fake\en\Higgs-Audio-V2\dorothy_and_wizard_oz_08_f000005.wav|data\raw\public_v9\echoes_fma_paired\fake\Cloudy_Subway_Sonicbeat_musicgen_ATA_001.wav,0.6288948059082031,0.6299031972885132,0.7688004970550537
MIX::data\raw\public_v9\mlaad_tiny\fake\en\RVC\dorothy_and_wizard_oz_08_f000016.wav|data\raw\public_v9\echoes_fma_paired\fake\Fuckaboing_RoccoW_brev_TTA_001.mp3,0.7111736536026001,0.6719968318939209,0.8646056056022644
MIX::data\raw\public_v9\mlaad_tiny\fake\en\RVC\dorothy_and_wizard_oz_08_f000016.wav|data\raw\public_v9\echoes_fma_paired\fake\Busby_Berkeley_Ergo_Phizmiz_stableaudio_TTA_001.mp3,0.6534035205841064,0.6579609513282776,0.7379627227783203
MIX::data\raw\public_v9\mlaad_tiny\fake\en\Chatterbox\dorothy_and_wizard_oz_08_f000065.wav|data\raw\public_v9\echoes_fma_paired\fake\Cold_Chains_Rolemusic_acestep_TTA_001.mp3,0.5912032127380371,0.584393322467804,0.6761126518249512
MIX::data\raw\public_v9\mlaad_tiny\fake\en\f5-tts\dorothy_and_wizard_oz_14_f000043.wav|data\raw\public_v9\sonics\fake_10146_suno_0.mp3,0.6643916964530945,0.6559649705886841,0.7584236264228821
MIX::data\raw\public_v9\mlaad_tiny\fake\en\Microsoft VibeVoice 1.5B\dorothy_and_wizard_oz_14_f000082.wav|data\raw\public_v9\sonics\fake_09897_suno_0.mp3,0.5944728255271912,0.5885547399520874,0.7096994519233704
MIX::data\raw\public_v9\mlaad_tiny\fake\en\Chatterbox\dorothy_and_wizard_oz_14_f000118.wav|data\raw\public_v9\echoes_fma_paired\fake\Busby_Berkeley_Ergo_Phizmiz_elevenlabs_TTA_001.mp3,0.6625930070877075,0.629660964012146,0.9173256754875183
MIX::data\raw\public_v9\mlaad_tiny\fake\en\FireRedTTS-2.0\dorothy_and_wizard_oz_14_f000119.wav|data\raw\public_v9\echoes_fma_paired\fake\Busby_Berkeley_Ergo_Phizmiz_stableaudio_TTA_001.mp3,0.5964505076408386,0.6051679253578186,0.8996378779411316
MIX::data\raw\public_v9\mlaad_tiny\fake\en\FishTTS\emerald_city_of_oz_05_f000014.wav|data\raw\public_v9\echoes_fma_paired\fake\Dr._Bodysnatcher_Modey_Lemon_audioldm_ATA_001.mp3,0.638671338558197,0.6132760047912598,0.8352339863777161
MIX::data\raw\public_v9\mlaad_tiny\fake\en\Higgs-Audio-V2\emerald_city_of_oz_05_f000024.wav|data\raw\public_v9\sonics\fake_09150_suno_0.mp3,0.6074007153511047,0.6008485555648804,0.6600549221038818
MIX::data\raw\public_v9\mlaad_tiny\fake\en\RVC\emerald_city_of_oz_05_f000077.wav|data\raw\public_v9\echoes_fma_paired\fake\Food_and_War_Ergo_Phizmiz_elevenlabs_TTA_001.mp3,0.7114348411560059,0.6694049835205078,0.9176072478294373
MIX::data\raw\public_v9\mlaad_tiny\fake\en\Higgs-Audio-V2\emerald_city_of_oz_05_f000091.wav|data\raw\public_v9\echoes_fma_paired\fake\Fuckaboing_RoccoW_producer_ATA_001.mp3,0.8360767364501953,0.7972506284713745,0.9341399073600769
MIX::data\raw\public_v9\mlaad_tiny\fake\en\FireRedTTS-2.0\emerald_city_of_oz_08_f000059.wav|data\raw\public_v9\echoes_fma_paired\fake\Food_and_War_Ergo_Phizmiz_brev_TTA_001.mp3,0.627539873123169,0.6286260485649109,0.7698857188224792
MIX::data\raw\public_v9\mlaad_tiny\fake\en\FireRedTTS-2.0\emerald_city_of_oz_08_f000073.wav|data\raw\public_v9\echoes_fma_paired\fake\Eyes_Getting_Louder_Mod_Fun_stableaudio_TTA_001.mp3,0.6648349165916443,0.6576310396194458,0.5345491766929626
MIX::data\raw\public_v9\mlaad_tiny\fake\en\Chatterbox\emerald_city_of_oz_13_f000060.wav|data\raw\public_v9\sonics\fake_10567_suno_0.mp3,0.6245769262313843,0.6242376565933228,0.6704311370849609
MIX::data\raw\public_v9\mlaad_tiny\fake\en\FishTTS\emerald_city_of_oz_24_f000069.wav|data\raw\public_v9\sonics\fake_09056_suno_0.mp3,0.6298568844795227,0.6300036907196045,0.9042813181877136
MIX::data\raw\public_v9\mlaad_tiny\fake\en\f5-tts\hunters_space_05_f000015.wav|data\raw\public_v9\sonics\fake_10567_suno_0.mp3,0.6316037774085999,0.6303289532661438,0.6351235508918762
MIX::data\raw\public_v9\mlaad_tiny\fake\en\f5-tts\hunters_space_05_f000015.wav|data\raw\public_v9\echoes_fma_paired\fake\Food_and_War_Ergo_Phizmiz_udio_TTA_001.mp3,0.625800371170044,0.6131546497344971,0.5840166807174683
MIX::data\raw\public_v9\mlaad_tiny\fake\en\FishTTS\hunters_space_05_f000074.wav|data\raw\public_v9\echoes_fma_paired\fake\Cold_Chains_Rolemusic_stableaudio_TTA_001.mp3,0.6490237712860107,0.6499555110931396,0.926166832447052
MIX::data\raw\public_v9\mlaad_tiny\fake\en\Qwen2.5-Omni\hunters_space_05_f000109.wav|data\raw\public_v9\sonics\fake_09000_suno_0.mp3,0.6286225914955139,0.6222503185272217,0.5758171081542969
MIX::data\raw\public_v9\mlaad_tiny\fake\en\Higgs-Audio-V2\hunters_space_06_f000014.wav|data\raw\public_v9\sonics\fake_10440_suno_0.mp3,0.5901609659194946,0.5861316919326782,0.7141900062561035
MIX::data\raw\public_v9\mlaad_tiny\fake\en\Higgs-Audio-V2\hunters_space_06_f000014.wav|data\raw\public_v9\echoes_fma_paired\fake\Eyes_Getting_Louder_Mod_Fun_stableaudio_TTA_001.mp3,0.6038674712181091,0.6043834090232849,0.7349902987480164
MIX::data\raw\public_v9\mlaad_tiny\fake\en\f5-tts\hunters_space_06_f000023.wav|data\raw\public_v9\sonics\fake_10440_suno_0.mp3,0.6172471642494202,0.6118313074111938,0.570570170879364
MIX::data\raw\public_v9\mlaad_tiny\fake\en\MiniCPM-o-2.6\hunters_space_06_f000036.wav|data\raw\public_v9\sonics\fake_09059_suno_0.mp3,0.5972338318824768,0.6005123853683472,0.7892224788665771
MIX::data\raw\public_v9\mlaad_tiny\fake\en\Higgs-Audio-V2\hunters_space_08_f000081.wav|data\raw\public_v9\echoes_fma_paired\fake\Fuckaboing_RoccoW_brev_TTA_001.mp3,0.7041736245155334,0.6855965256690979,0.9484162330627441
MIX::data\raw\public_v9\mlaad_tiny\fake\en\MiniCPM-o-2.6\hunters_space_08_f000103.wav|data\raw\public_v9\echoes_fma_paired\fake\Food_and_War_Ergo_Phizmiz_udio_TTA_001.mp3,0.6287078857421875,0.6155067682266235,0.5805835127830505
MIX::data\raw\public_v9\mlaad_tiny\fake\en\FishTTS\hunters_space_17_f000018.wav|data\raw\public_v9\sonics\fake_10026_suno_0.mp3,0.5975984334945679,0.5941983461380005,0.6472680568695068
MIX::data\raw\public_v9\mlaad_tiny\fake\en\Chatterbox\hunters_space_18_f000010.wav|data\raw\public_v9\echoes_fma_paired\fake\Cloudy_Subway_Sonicbeat_acestep_TTA_001.mp3,0.6472551226615906,0.6456711292266846,0.8945596218109131
MIX::data\raw\public_v9\mlaad_tiny\fake\en\OpenVoiceV2\hunters_space_18_f000024.wav|data\raw\public_v9\echoes_fma_paired\fake\Fuckaboing_RoccoW_udio_TTA_001.mp3,0.6126584410667419,0.5992169380187988,0.868567168712616
MIX::data\raw\public_v9\mlaad_tiny\fake\en\Chatterbox\jane_eyre_05_f000047.wav|data\raw\public_v9\echoes_fma_paired\fake\Cold_Chains_Rolemusic_udio_TTA_001.mp3,0.7514395117759705,0.7060424089431763,0.9374356269836426
MIX::data\raw\public_v9\mlaad_tiny\fake\en\OpenVoiceV2\jane_eyre_05_f000054.wav|data\raw\public_v9\sonics\fake_10331_suno_0.mp3,0.5988607406616211,0.5926578044891357,0.6954352855682373
MIX::data\raw\public_v9\mlaad_tiny\fake\en\Microsoft VibeVoice 1.5B\jane_eyre_05_f000057.wav|data\raw\public_v9\echoes_fma_paired\fake\Burn_Room_For_A_Ghost_stableaudio_TTA_001.mp3,0.5904423594474792,0.5917321443557739,0.6760132908821106
MIX::data\raw\public_v9\mlaad_tiny\fake\en\OpenVoiceV2\jane_eyre_05_f000097.wav|data\raw\public_v9\echoes_fma_paired\fake\Fuckaboing_RoccoW_elevenlabs_TTA_001.mp3,0.7272348999977112,0.6785575747489929,0.796299397945404
MIX::data\raw\public_v9\mlaad_tiny\fake\en\suno_bark\jane_eyre_05_f000137.wav|data\raw\public_v9\echoes_fma_paired\fake\Busby_Berkeley_Ergo_Phizmiz_udio_TTA_001.mp3,0.6565234065055847,0.628558337688446,0.6125195026397705
MIX::data\raw\public_v9\mlaad_tiny\fake\en\Microsoft VibeVoice 1.5B\jane_eyre_05_f000180.wav|data\raw\public_v9\echoes_fma_paired\fake\Cold_Chains_Rolemusic_brev_TTA_001.mp3,0.6573397517204285,0.6545315980911255,0.8798487186431885
MIX::data\raw\public_v9\mlaad_tiny\fake\en\Chatterbox\jane_eyre_06_f000021.wav|data\raw\public_v9\echoes_fma_paired\fake\Chipho_instrumental_RoccoW_musicgen_ATA_001.wav,0.6710448265075684,0.6592445373535156,0.5925350785255432
MIX::data\raw\public_v9\mlaad_tiny\fake\en\FireRedTTS-2.0\jane_eyre_17_f000177.wav|data\raw\public_v9\echoes_fma_paired\fake\Cold_Chains_Rolemusic_mubert_TTA_001.mp3,0.6668039560317993,0.6554125547409058,0.8740283846855164
MIX::data\raw\public_v9\mlaad_tiny\fake\en\FireRedTTS-2.0\jane_eyre_17_f000379.wav|data\raw\public_v9\echoes_fma_paired\fake\Food_and_War_Ergo_Phizmiz_suno_TTA_001.mp3,0.653422474861145,0.6339086890220642,0.9073295593261719
MIX::data\raw\public_v9\mlaad_tiny\fake\en\Chatterbox\jane_eyre_18_f000063.wav|data\raw\public_v9\echoes_fma_paired\fake\Celia_Ergo_Phizmiz_udio_TTA_001.mp3,0.6465579271316528,0.6255195736885071,0.8261955380439758
MIX::data\raw\public_v9\mlaad_tiny\fake\en\RVC\dorothy_and_wizard_oz_07_f000014.wav|data\raw\public_v9\real_music\guitarset\00_BN2-131-B_solo_mic.wav,0.6559816598892212,0.6501806974411011,0.6452277302742004
MIX::data\raw\public_v9\mlaad_tiny\fake\en\FishTTS\dorothy_and_wizard_oz_07_f000046.wav|data\raw\public_v9\real_music\jamendo\1383900.low.mp3,0.5917352437973022,0.5919293165206909,0.6902788281440735
MIX::data\raw\public_v9\mlaad_tiny\fake\en\Higgs-Audio-V2\dorothy_and_wizard_oz_08_f000005.wav|data\raw\public_v9\real_music\jamendo\1231600.low.mp3,0.633845329284668,0.6081035137176514,0.7169691920280457
MIX::data\raw\public_v9\mlaad_tiny\fake\en\RVC\dorothy_and_wizard_oz_08_f000016.wav|data\raw\public_v9\real_music\guitarset\00_SS1-100-C#_comp_mic.wav,0.6276549100875854,0.6288970708847046,0.6933598518371582
MIX::data\raw\public_v9\mlaad_tiny\fake\en\Chatterbox\dorothy_and_wizard_oz_08_f000065.wav|data\raw\public_v9\real_music\jamendo\1088100.low.mp3,0.5779696702957153,0.5792468786239624,0.687586784362793
MIX::data\raw\public_v9\mlaad_tiny\fake\en\f5-tts\dorothy_and_wizard_oz_14_f000043.wav|data\raw\public_v9\real_music\jamendo\389700.low.mp3,0.6458204984664917,0.6014527678489685,0.7260097861289978
MIX::data\raw\public_v9\mlaad_tiny\fake\en\Microsoft VibeVoice 1.5B\dorothy_and_wizard_oz_14_f000082.wav|data\raw\public_v9\real_music\jamendo\1194600.low.mp3,0.6674171090126038,0.6404310464859009,0.8305414319038391
MIX::data\raw\public_v9\mlaad_tiny\fake\en\Chatterbox\dorothy_and_wizard_oz_14_f000118.wav|data\raw\public_v9\real_music\jamendo\1218700.low.mp3,0.6297773718833923,0.629531741142273,0.8969538807868958
MIX::data\raw\public_v9\mlaad_tiny\fake\en\FireRedTTS-2.0\dorothy_and_wizard_oz_14_f000119.wav|data\raw\public_v9\real_music\jamendo\307100.low.mp3,0.5903602838516235,0.5939696431159973,0.8912134170532227
MIX::data\raw\public_v9\mlaad_tiny\fake\en\FishTTS\emerald_city_of_oz_05_f000014.wav|data\raw\public_v9\real_music\guitarset\00_Funk1-97-C_solo_mic.wav,0.6417384743690491,0.6399279236793518,0.8414454460144043
MIX::data\raw\public_v9\mlaad_tiny\fake\en\Higgs-Audio-V2\emerald_city_of_oz_05_f000024.wav|data\raw\public_v9\echoes_fma_paired\real\fma_114004.mp3,0.625092089176178,0.6163028478622437,0.6141626238822937
MIX::data\raw\public_v9\mlaad_tiny\fake\en\RVC\emerald_city_of_oz_05_f000077.wav|data\raw\public_v9\real_music\guitarset\00_Jazz1-130-D_comp_mic.wav,0.632331371307373,0.6221344470977783,0.7741233110427856
MIX::data\raw\public_v9\mlaad_tiny\fake\en\Higgs-Audio-V2\emerald_city_of_oz_05_f000091.wav|data\raw\public_v9\real_music\guitarset\00_Rock1-90-C#_solo_mic.wav,0.6322615146636963,0.6353989839553833,0.8311975598335266
MIX::data\raw\public_v9\mlaad_tiny\fake\en\FireRedTTS-2.0\emerald_city_of_oz_08_f000059.wav|data\raw\public_v9\real_music\guitarset\00_Rock1-130-A_comp_mic.wav,0.6066523790359497,0.607109546661377,0.7811036109924316
MIX::data\raw\public_v9\mlaad_tiny\fake\en\FireRedTTS-2.0\emerald_city_of_oz_08_f000059.wav|data\raw\public_v9\echoes_fma_paired\real\fma_22472.mp3,0.6377255916595459,0.6337457299232483,0.8826375603675842
MIX::data\raw\public_v9\mlaad_tiny\fake\en\FireRedTTS-2.0\emerald_city_of_oz_08_f000073.wav|data\raw\public_v9\echoes_fma_paired\real\fma_106336.mp3,0.6739199757575989,0.6624865531921387,0.8412291407585144
MIX::data\raw\public_v9\mlaad_tiny\fake\en\FireRedTTS-2.0\emerald_city_of_oz_08_f000073.wav|data\raw\public_v9\real_music\jamendo\1294000.low.mp3,0.6438537240028381,0.6388185024261475,0.8410903811454773
MIX::data\raw\public_v9\mlaad_tiny\fake\en\Chatterbox\emerald_city_of_oz_13_f000060.wav|data\raw\public_v9\real_music\jamendo\1208600.low.mp3,0.6158443689346313,0.6076358556747437,0.7203572392463684
MIX::data\raw\public_v9\mlaad_tiny\fake\en\FishTTS\emerald_city_of_oz_24_f000069.wav|data\raw\public_v9\real_music\jamendo\451400.low.mp3,0.6575242877006531,0.6406792402267456,0.7937604784965515
MIX::data\raw\public_v9\mlaad_tiny\fake\en\f5-tts\hunters_space_05_f000015.wav|data\raw\public_v9\real_music\guitarset\00_Funk3-112-C#_solo_mic.wav,0.6852676868438721,0.6580536365509033,0.6180022358894348
MIX::data\raw\public_v9\mlaad_tiny\fake\en\FishTTS\hunters_space_05_f000074.wav|data\raw\public_v9\real_music\guitarset\00_Rock2-142-D_comp_mic.wav,0.6107996106147766,0.6095291376113892,0.7967479825019836
MIX::data\raw\public_v9\mlaad_tiny\fake\en\Qwen2.5-Omni\hunters_space_05_f000109.wav|data\raw\public_v9\real_music\jamendo\1378200.low.mp3,0.7245804071426392,0.673094630241394,0.8446264266967773
MIX::data\raw\public_v9\mlaad_tiny\fake\en\Higgs-Audio-V2\hunters_space_06_f000014.wav|data\raw\public_v9\real_music\jamendo\39700.low.mp3,0.6028719544410706,0.6049616932868958,0.8428916335105896
MIX::data\raw\public_v9\mlaad_tiny\fake\en\f5-tts\hunters_space_06_f000023.wav|data\raw\public_v9\real_music\guitarset\00_Rock2-85-F_comp_mic.wav,0.627360999584198,0.6324654817581177,0.7953460216522217
MIX::data\raw\public_v9\mlaad_tiny\fake\en\MiniCPM-o-2.6\hunters_space_06_f000036.wav|data\raw\public_v9\real_music\jamendo\1072900.low.mp3,0.7365989089012146,0.7166793942451477,0.9926716685295105
MIX::data\raw\public_v9\mlaad_tiny\fake\en\Higgs-Audio-V2\hunters_space_08_f000081.wav|data\raw\public_v9\real_music\guitarset\00_Funk3-112-C#_comp_mic.wav,0.6519247889518738,0.6566814184188843,0.8639070987701416
MIX::data\raw\public_v9\mlaad_tiny\fake\en\MiniCPM-o-2.6\hunters_space_08_f000103.wav|data\raw\public_v9\echoes_fma_paired\real\fma_3966.mp3,0.6915135383605957,0.6432449817657471,0.7852468490600586
MIX::data\raw\public_v9\mlaad_tiny\fake\en\FishTTS\hunters_space_17_f000018.wav|data\raw\public_v9\echoes_fma_paired\real\fma_71506.mp3,0.6378009915351868,0.6318354606628418,0.9118687510490417
MIX::data\raw\public_v9\mlaad_tiny\fake\en\Chatterbox\hunters_space_18_f000010.wav|data\raw\public_v9\real_music\guitarset\00_Rock3-117-Bb_comp_mic.wav,0.6477851867675781,0.6392439603805542,0.7527344822883606
MIX::data\raw\public_v9\mlaad_tiny\fake\en\Chatterbox\hunters_space_18_f000010.wav|data\raw\public_v9\real_music\guitarset\00_Rock3-148-C_solo_mic.wav,0.6694884896278381,0.664021372795105,0.6844098567962646
MIX::data\raw\public_v9\mlaad_tiny\fake\en\OpenVoiceV2\hunters_space_18_f000024.wav|data\raw\public_v9\real_music\jamendo\1170400.low.mp3,0.6430431008338928,0.6392408609390259,0.6828907132148743
MIX::data\raw\public_v9\mlaad_tiny\fake\en\Chatterbox\jane_eyre_05_f000047.wav|data\raw\public_v9\real_music\jamendo\1248600.low.mp3,0.6266448497772217,0.6236186027526855,0.8928780555725098
MIX::data\raw\public_v9\mlaad_tiny\fake\en\OpenVoiceV2\jane_eyre_05_f000054.wav|data\raw\public_v9\real_music\jamendo\390000.low.mp3,0.61164391040802,0.6003141403198242,0.8683331608772278
MIX::data\raw\public_v9\mlaad_tiny\fake\en\Microsoft VibeVoice 1.5B\jane_eyre_05_f000057.wav|data\raw\public_v9\real_music\guitarset\00_BN3-119-G_solo_mic.wav,0.6217958331108093,0.6191551685333252,0.7485966086387634
MIX::data\raw\public_v9\mlaad_tiny\fake\en\OpenVoiceV2\jane_eyre_05_f000097.wav|data\raw\public_v9\real_music\jamendo\1314100.low.mp3,0.6450704336166382,0.6403388381004333,0.579195499420166
MIX::data\raw\public_v9\mlaad_tiny\fake\en\suno_bark\jane_eyre_05_f000137.wav|data\raw\public_v9\real_music\guitarset\00_Jazz3-150-C_comp_mic.wav,0.6307722330093384,0.6359020471572876,0.8793855309486389
MIX::data\raw\public_v9\mlaad_tiny\fake\en\Microsoft VibeVoice 1.5B\jane_eyre_05_f000180.wav|data\raw\public_v9\real_music\guitarset\00_Rock1-130-A_solo_mic.wav,0.6430034041404724,0.6421008706092834,0.8324933052062988
MIX::data\raw\public_v9\mlaad_tiny\fake\en\Chatterbox\jane_eyre_06_f000021.wav|data\raw\public_v9\real_music\guitarset\00_Funk3-98-A_comp_mic.wav,0.6541081070899963,0.6531425714492798,0.901319682598114
MIX::data\raw\public_v9\mlaad_tiny\fake\en\Chatterbox\jane_eyre_06_f000021.wav|data\raw\public_v9\real_music\jamendo\209800.low.mp3,0.6364532709121704,0.6286929845809937,0.5475839972496033
MIX::data\raw\public_v9\mlaad_tiny\fake\en\FireRedTTS-2.0\jane_eyre_17_f000177.wav|data\raw\public_v9\real_music\guitarset\00_Jazz3-137-Eb_solo_mic.wav,0.6278170943260193,0.6141069531440735,0.8823213577270508
MIX::data\raw\public_v9\mlaad_tiny\fake\en\FireRedTTS-2.0\jane_eyre_17_f000379.wav|data\raw\public_v9\real_music\guitarset\00_Funk1-114-Ab_solo_mic.wav,0.6385107040405273,0.6252034902572632,0.8421290516853333
MIX::data\raw\public_v9\mlaad_tiny\fake\en\Chatterbox\jane_eyre_18_f000063.wav|data\raw\public_v9\real_music\jamendo\1381000.low.mp3,0.6841807961463928,0.6840811967849731,0.9505210518836975
MIX::data\raw\public_v9\mlaad_tiny\original\en\dorothy_and_wizard_oz_07_f000014.wav|data\raw\public_v9\sonics\fake_10003_suno_0.mp3,0.6193326711654663,0.6131526231765747,0.559211254119873
MIX::data\raw\public_v9\mlaad_tiny\original\en\dorothy_and_wizard_oz_07_f000046.wav|data\raw\public_v9\echoes_fma_paired\fake\Digital_Lightning_Cloudkicker_mubert_TTA_001.mp3,0.6617288589477539,0.6236180067062378,0.8543252348899841
MIX::data\raw\public_v9\mlaad_tiny\original\en\dorothy_and_wizard_oz_08_f000005.wav|data\raw\public_v9\echoes_fma_paired\fake\Burn_Room_For_A_Ghost_acestep_TTA_001.mp3,0.6435674428939819,0.6142295002937317,0.8400138020515442
MIX::data\raw\public_v9\mlaad_tiny\original\en\dorothy_and_wizard_oz_08_f000016.wav|data\raw\public_v9\echoes_fma_paired\fake\Eyes_Getting_Louder_Mod_Fun_stableaudio_TTA_001.mp3,0.6596148014068604,0.6333887577056885,0.8439444899559021
MIX::data\raw\public_v9\mlaad_tiny\original\en\dorothy_and_wizard_oz_08_f000065.wav|data\raw\public_v9\sonics\fake_10026_suno_0.mp3,0.5992419719696045,0.5956496596336365,0.6359859108924866
MIX::data\raw\public_v9\mlaad_tiny\original\en\dorothy_and_wizard_oz_14_f000043.wav|data\raw\public_v9\echoes_fma_paired\fake\Food_and_War_Ergo_Phizmiz_udio_TTA_001.mp3,0.6069164276123047,0.6024512052536011,0.7967079281806946
MIX::data\raw\public_v9\mlaad_tiny\original\en\dorothy_and_wizard_oz_14_f000082.wav|data\raw\public_v9\sonics\fake_09574_suno_0.mp3,0.6266407370567322,0.6205106973648071,0.858816921710968
MIX::data\raw\public_v9\mlaad_tiny\original\en\dorothy_and_wizard_oz_14_f000118.wav|data\raw\public_v9\echoes_fma_paired\fake\Digital_Lightning_Cloudkicker_audioldm_ATA_001.mp3,0.5793067812919617,0.5786978006362915,0.6766182780265808
MIX::data\raw\public_v9\mlaad_tiny\original\en\dorothy_and_wizard_oz_14_f000118.wav|data\raw\public_v9\echoes_fma_paired\fake\Chipho_instrumental_RoccoW_musicgen_ATA_001.wav,0.608404278755188,0.6102677583694458,0.841823399066925
MIX::data\raw\public_v9\mlaad_tiny\original\en\dorothy_and_wizard_oz_14_f000119.wav|data\raw\public_v9\echoes_fma_paired\fake\Dr._Bodysnatcher_Modey_Lemon_acestep_TTA_001.mp3,0.6048365235328674,0.5927859544754028,0.7318550944328308
MIX::data\raw\public_v9\mlaad_tiny\original\en\emerald_city_of_oz_05_f000014.wav|data\raw\public_v9\sonics\fake_10437_suno_0.mp3,0.6329190731048584,0.625467836856842,0.5354094505310059
MIX::data\raw\public_v9\mlaad_tiny\original\en\emerald_city_of_oz_05_f000024.wav|data\raw\public_v9\echoes_fma_paired\fake\Digital_Lightning_Cloudkicker_audioldm_ATA_001.mp3,0.6383377909660339,0.6341215968132019,0.5447772741317749
MIX::data\raw\public_v9\mlaad_tiny\original\en\emerald_city_of_oz_05_f000077.wav|data\raw\public_v9\sonics\fake_09437_suno_0.mp3,0.596596360206604,0.5911972522735596,0.715728759765625
MIX::data\raw\public_v9\mlaad_tiny\original\en\emerald_city_of_oz_05_f000091.wav|data\raw\public_v9\echoes_fma_paired\fake\Busby_Berkeley_Ergo_Phizmiz_elevenlabs_TTA_001.mp3,0.6783530116081238,0.666330099105835,0.8324265480041504
MIX::data\raw\public_v9\mlaad_tiny\original\en\emerald_city_of_oz_08_f000059.wav|data\raw\public_v9\sonics\fake_10039_suno_0.mp3,0.6170414090156555,0.6090104579925537,0.626470148563385
MIX::data\raw\public_v9\mlaad_tiny\original\en\emerald_city_of_oz_08_f000073.wav|data\raw\public_v9\sonics\fake_09607_suno_0.mp3,0.6072807312011719,0.5954937934875488,0.6577897071838379
MIX::data\raw\public_v9\mlaad_tiny\original\en\emerald_city_of_oz_13_f000060.wav|data\raw\public_v9\echoes_fma_paired\fake\Celia_Ergo_Phizmiz_producer_ATA_001.mp3,0.6600743532180786,0.6526858806610107,0.8590317368507385
MIX::data\raw\public_v9\mlaad_tiny\original\en\emerald_city_of_oz_24_f000069.wav|data\raw\public_v9\echoes_fma_paired\fake\Cold_Chains_Rolemusic_producer_ATA_001.mp3,0.7720580697059631,0.7545874118804932,0.9370504021644592
MIX::data\raw\public_v9\mlaad_tiny\original\en\hunters_space_05_f000015.wav|data\raw\public_v9\echoes_fma_paired\fake\Food_and_War_Ergo_Phizmiz_brev_TTA_001.mp3,0.6308990120887756,0.6262425184249878,0.8544881343841553
MIX::data\raw\public_v9\mlaad_tiny\original\en\hunters_space_05_f000074.wav|data\raw\public_v9\sonics\fake_09701_suno_0.mp3,0.5844794511795044,0.5823783874511719,0.6743529438972473
MIX::data\raw\public_v9\mlaad_tiny\original\en\hunters_space_05_f000109.wav|data\raw\public_v9\sonics\fake_09164_suno_0.mp3,0.6219675540924072,0.6238672733306885,0.782562255859375
MIX::data\raw\public_v9\mlaad_tiny\original\en\hunters_space_06_f000014.wav|data\raw\public_v9\sonics\fake_10440_suno_0.mp3,0.5837311148643494,0.5820961594581604,0.6887598037719727
MIX::data\raw\public_v9\mlaad_tiny\original\en\hunters_space_06_f000023.wav|data\raw\public_v9\echoes_fma_paired\fake\Chipho_instrumental_RoccoW_musicgen_ATA_001.wav,0.6240338087081909,0.6244426965713501,0.8102045059204102
MIX::data\raw\public_v9\mlaad_tiny\original\en\hunters_space_06_f000036.wav|data\raw\public_v9\sonics\fake_09214_suno_0.mp3,0.6078643202781677,0.5915672779083252,0.6805619597434998
MIX::data\raw\public_v9\mlaad_tiny\original\en\hunters_space_08_f000081.wav|data\raw\public_v9\sonics\fake_09922_suno_0.mp3,0.6476501226425171,0.6343917846679688,0.7975141406059265
MIX::data\raw\public_v9\mlaad_tiny\original\en\hunters_space_08_f000103.wav|data\raw\public_v9\echoes_fma_paired\fake\Fuckaboing_RoccoW_elevenlabs_TTA_001.mp3,0.7222896218299866,0.6760451793670654,0.7826445698738098
MIX::data\raw\public_v9\mlaad_tiny\original\en\hunters_space_17_f000018.wav|data\raw\public_v9\echoes_fma_paired\fake\Dr._Bodysnatcher_Modey_Lemon_audioldm_ATA_001.mp3,0.5826640725135803,0.5814390182495117,0.7688133120536804
MIX::data\raw\public_v9\mlaad_tiny\original\en\hunters_space_17_f000018.wav|data\raw\public_v9\echoes_fma_paired\fake\Cloudy_Subway_Sonicbeat_acestep_TTA_001.mp3,0.6590992212295532,0.6409742832183838,0.948009192943573
MIX::data\raw\public_v9\mlaad_tiny\original\en\hunters_space_18_f000010.wav|data\raw\public_v9\sonics\fake_10378_suno_0.mp3,0.6794127821922302,0.6766413450241089,0.9475927948951721
MIX::data\raw\public_v9\mlaad_tiny\original\en\hunters_space_18_f000024.wav|data\raw\public_v9\echoes_fma_paired\fake\Busby_Berkeley_Ergo_Phizmiz_stableaudio_TTA_001.mp3,0.6352412104606628,0.6427996158599854,0.8077991604804993
MIX::data\raw\public_v9\mlaad_tiny\original\en\jane_eyre_05_f000047.wav|data\raw\public_v9\echoes_fma_paired\fake\Burn_Room_For_A_Ghost_audioldm_ATA_001.mp3,0.6095576286315918,0.5918287038803101,0.8007277846336365
MIX::data\raw\public_v9\mlaad_tiny\original\en\jane_eyre_05_f000054.wav|data\raw\public_v9\echoes_fma_paired\fake\Food_and_War_Ergo_Phizmiz_mubert_TTA_001.mp3,0.6142484545707703,0.617233395576477,0.878420352935791
MIX::data\raw\public_v9\mlaad_tiny\original\en\jane_eyre_05_f000057.wav|data\raw\public_v9\echoes_fma_paired\fake\Celia_Ergo_Phizmiz_producer_ATA_001.mp3,0.6176827549934387,0.6229096055030823,0.8709563612937927
MIX::data\raw\public_v9\mlaad_tiny\original\en\jane_eyre_05_f000057.wav|data\raw\public_v9\echoes_fma_paired\fake\Eyes_Getting_Louder_Mod_Fun_stableaudio_TTA_001.mp3,0.6191406846046448,0.6098167896270752,0.8422200679779053
MIX::data\raw\public_v9\mlaad_tiny\original\en\jane_eyre_05_f000097.wav|data\raw\public_v9\echoes_fma_paired\fake\Dr._Bodysnatcher_Modey_Lemon_audioldm_ATA_001.mp3,0.5887733697891235,0.5880657434463501,0.7225728631019592
MIX::data\raw\public_v9\mlaad_tiny\original\en\jane_eyre_05_f000137.wav|data\raw\public_v9\sonics\fake_10003_suno_0.mp3,0.6128570437431335,0.6095075607299805,0.5711073279380798
MIX::data\raw\public_v9\mlaad_tiny\original\en\jane_eyre_05_f000137.wav|data\raw\public_v9\echoes_fma_paired\fake\Cloudy_Subway_Sonicbeat_acestep_TTA_001.mp3,0.6665372252464294,0.6542227268218994,0.9383931756019592
MIX::data\raw\public_v9\mlaad_tiny\original\en\jane_eyre_05_f000180.wav|data\raw\public_v9\echoes_fma_paired\fake\Fuckaboing_RoccoW_producer_ATA_001.mp3,0.7183384895324707,0.690710723400116,0.9285460114479065
MIX::data\raw\public_v9\mlaad_tiny\original\en\jane_eyre_06_f000021.wav|data\raw\public_v9\echoes_fma_paired\fake\Digital_Lightning_Cloudkicker_musicgen_ATA_001.wav,0.6125718951225281,0.6082384586334229,0.7690248489379883
MIX::data\raw\public_v9\mlaad_tiny\original\en\jane_eyre_17_f000177.wav|data\raw\public_v9\echoes_fma_paired\fake\Celia_Ergo_Phizmiz_suno_TTA_001.mp3,0.6019076108932495,0.6073319911956787,0.8292436599731445
MIX::data\raw\public_v9\mlaad_tiny\original\en\jane_eyre_17_f000379.wav|data\raw\public_v9\echoes_fma_paired\fake\Cold_Chains_Rolemusic_stableaudio_TTA_001.mp3,0.6480699181556702,0.6373568773269653,0.7101607918739319
MIX::data\raw\public_v9\mlaad_tiny\original\en\jane_eyre_18_f000063.wav|data\raw\public_v9\echoes_fma_paired\fake\Digital_Lightning_Cloudkicker_stableaudio_TTA_001.mp3,0.5696811079978943,0.5697168707847595,0.6716074347496033
MIX::data\raw\public_v9\mlaad_tiny\original\en\dorothy_and_wizard_oz_07_f000014.wav|data\raw\public_v9\real_music\guitarset\00_Rock1-130-A_solo_mic.wav,0.6404934525489807,0.6390671730041504,0.7960007190704346
MIX::data\raw\public_v9\mlaad_tiny\original\en\dorothy_and_wizard_oz_07_f000014.wav|data\raw\public_v9\real_music\guitarset\00_Rock1-90-C#_solo_mic.wav,0.6341518759727478,0.6381698250770569,0.8722922205924988
MIX::data\raw\public_v9\mlaad_tiny\original\en\dorothy_and_wizard_oz_07_f000046.wav|data\raw\public_v9\real_music\jamendo\1417800.low.mp3,0.6354619860649109,0.6204544305801392,0.6052042841911316
MIX::data\raw\public_v9\mlaad_tiny\original\en\dorothy_and_wizard_oz_08_f000005.wav|data\raw\public_v9\real_music\guitarset\00_Jazz1-200-B_solo_mic.wav,0.6459678411483765,0.6246669292449951,0.7901716232299805
MIX::data\raw\public_v9\mlaad_tiny\original\en\dorothy_and_wizard_oz_08_f000005.wav|data\raw\public_v9\real_music\jamendo\394600.low.mp3,0.6216754913330078,0.6181815266609192,0.7996299266815186
MIX::data\raw\public_v9\mlaad_tiny\original\en\dorothy_and_wizard_oz_08_f000016.wav|data\raw\public_v9\real_music\jamendo\1266300.low.mp3,0.655719518661499,0.6603918671607971,0.7575175166130066
MIX::data\raw\public_v9\mlaad_tiny\original\en\dorothy_and_wizard_oz_08_f000065.wav|data\raw\public_v9\real_music\jamendo\1156400.low.mp3,0.6194877624511719,0.617846667766571,0.604537308216095
MIX::data\raw\public_v9\mlaad_tiny\original\en\dorothy_and_wizard_oz_14_f000043.wav|data\raw\public_v9\real_music\guitarset\00_Rock1-130-A_comp_mic.wav,0.6109753251075745,0.6136976480484009,0.8571183681488037
MIX::data\raw\public_v9\mlaad_tiny\original\en\dorothy_and_wizard_oz_14_f000082.wav|data\raw\public_v9\real_music\guitarset\00_BN1-129-Eb_solo_mic.wav,0.6500346660614014,0.6300855875015259,0.8982740640640259
MIX::data\raw\public_v9\mlaad_tiny\original\en\dorothy_and_wizard_oz_14_f000118.wav|data\raw\public_v9\real_music\guitarset\00_BN3-154-E_solo_mic.wav,0.5918272733688354,0.5903898477554321,0.8840519785881042
MIX::data\raw\public_v9\mlaad_tiny\original\en\dorothy_and_wizard_oz_14_f000119.wav|data\raw\public_v9\real_music\guitarset\00_Funk1-97-C_comp_mic.wav,0.6903553605079651,0.6663920879364014,0.9455100893974304
MIX::data\raw\public_v9\mlaad_tiny\original\en\emerald_city_of_oz_05_f000014.wav|data\raw\public_v9\real_music\jamendo\19200.low.mp3,0.6624746918678284,0.6516282558441162,0.5672832131385803
MIX::data\raw\public_v9\mlaad_tiny\original\en\emerald_city_of_oz_05_f000024.wav|data\raw\public_v9\echoes_fma_paired\real\fma_22480.mp3,0.6605871915817261,0.6550861597061157,0.8354964256286621
MIX::data\raw\public_v9\mlaad_tiny\original\en\emerald_city_of_oz_05_f000077.wav|data\raw\public_v9\real_music\jamendo\39700.low.mp3,0.6225621104240417,0.6182828545570374,0.8448826670646667
MIX::data\raw\public_v9\mlaad_tiny\original\en\emerald_city_of_oz_05_f000091.wav|data\raw\public_v9\echoes_fma_paired\real\fma_22472.mp3,0.6849965453147888,0.6673238277435303,0.9051032662391663
MIX::data\raw\public_v9\mlaad_tiny\original\en\emerald_city_of_oz_08_f000059.wav|data\raw\public_v9\real_music\guitarset\00_Funk2-119-G_comp_mic.wav,0.6608076095581055,0.6574503183364868,0.7701744437217712
MIX::data\raw\public_v9\mlaad_tiny\original\en\emerald_city_of_oz_08_f000073.wav|data\raw\public_v9\real_music\jamendo\1088100.low.mp3,0.586952269077301,0.5865483283996582,0.6602022051811218
MIX::data\raw\public_v9\mlaad_tiny\original\en\emerald_city_of_oz_13_f000060.wav|data\raw\public_v9\real_music\jamendo\1248600.low.mp3,0.6110427975654602,0.6108686923980713,0.7220690250396729
MIX::data\raw\public_v9\mlaad_tiny\original\en\emerald_city_of_oz_24_f000069.wav|data\raw\public_v9\real_music\jamendo\1208600.low.mp3,0.6266614198684692,0.6214959025382996,0.5904669761657715
MIX::data\raw\public_v9\mlaad_tiny\original\en\hunters_space_05_f000015.wav|data\raw\public_v9\real_music\guitarset\00_Funk3-98-A_comp_mic.wav,0.6550328135490417,0.6574835181236267,0.9504305720329285
MIX::data\raw\public_v9\mlaad_tiny\original\en\hunters_space_05_f000074.wav|data\raw\public_v9\real_music\guitarset\00_Funk2-108-Eb_comp_mic.wav,0.6520804166793823,0.6517424583435059,0.8742580413818359
MIX::data\raw\public_v9\mlaad_tiny\original\en\hunters_space_05_f000109.wav|data\raw\public_v9\real_music\jamendo\514000.low.mp3,0.6798155903816223,0.6385321021080017,0.8855481743812561
MIX::data\raw\public_v9\mlaad_tiny\original\en\hunters_space_06_f000014.wav|data\raw\public_v9\real_music\jamendo\1157600.low.mp3,0.6598802804946899,0.6512531042098999,0.8682515025138855
MIX::data\raw\public_v9\mlaad_tiny\original\en\hunters_space_06_f000023.wav|data\raw\public_v9\real_music\jamendo\1311300.low.mp3,0.6460025310516357,0.6425234079360962,0.9106993079185486
MIX::data\raw\public_v9\mlaad_tiny\original\en\hunters_space_06_f000036.wav|data\raw\public_v9\real_music\guitarset\00_Funk3-98-A_solo_mic.wav,0.6616735458374023,0.6530455946922302,0.6153454184532166
MIX::data\raw\public_v9\mlaad_tiny\original\en\hunters_space_08_f000081.wav|data\raw\public_v9\real_music\jamendo\433300.low.mp3,0.627798318862915,0.6241554021835327,0.8955457210540771
MIX::data\raw\public_v9\mlaad_tiny\original\en\hunters_space_08_f000103.wav|data\raw\public_v9\real_music\jamendo\451400.low.mp3,0.662888765335083,0.6460382342338562,0.8279778361320496
MIX::data\raw\public_v9\mlaad_tiny\original\en\hunters_space_17_f000018.wav|data\raw\public_v9\real_music\guitarset\00_Jazz1-130-D_comp_mic.wav,0.6095901727676392,0.6066768169403076,0.8989274501800537
MIX::data\raw\public_v9\mlaad_tiny\original\en\hunters_space_18_f000010.wav|data\raw\public_v9\echoes_fma_paired\real\fma_114004.mp3,0.6097976565361023,0.6092356443405151,0.6551647782325745
MIX::data\raw\public_v9\mlaad_tiny\original\en\hunters_space_18_f000010.wav|data\raw\public_v9\real_music\jamendo\1381000.low.mp3,0.6663105487823486,0.6650182008743286,0.9044084548950195
MIX::data\raw\public_v9\mlaad_tiny\original\en\hunters_space_18_f000024.wav|data\raw\public_v9\echoes_fma_paired\real\fma_112315.mp3,0.5843005180358887,0.5796871185302734,0.7337000966072083
MIX::data\raw\public_v9\mlaad_tiny\original\en\jane_eyre_05_f000047.wav|data\raw\public_v9\real_music\jamendo\389700.low.mp3,0.5425736308097839,0.5426489114761353,0.7128186821937561
MIX::data\raw\public_v9\mlaad_tiny\original\en\jane_eyre_05_f000054.wav|data\raw\public_v9\echoes_fma_paired\real\fma_22473.mp3,0.6051324009895325,0.6051614284515381,0.7324730753898621
MIX::data\raw\public_v9\mlaad_tiny\original\en\jane_eyre_05_f000057.wav|data\raw\public_v9\real_music\guitarset\00_Rock3-148-C_solo_mic.wav,0.6466618180274963,0.6512603759765625,0.9222574830055237
MIX::data\raw\public_v9\mlaad_tiny\original\en\jane_eyre_05_f000097.wav|data\raw\public_v9\real_music\jamendo\1339600.low.mp3,0.6516925096511841,0.6475452780723572,0.8723371624946594
MIX::data\raw\public_v9\mlaad_tiny\original\en\jane_eyre_05_f000137.wav|data\raw\public_v9\real_music\jamendo\490800.low.mp3,0.7118380069732666,0.7133085131645203,0.9505639672279358
MIX::data\raw\public_v9\mlaad_tiny\original\en\jane_eyre_05_f000180.wav|data\raw\public_v9\real_music\jamendo\1347100.low.mp3,0.5861318111419678,0.5851868391036987,0.7254384160041809
MIX::data\raw\public_v9\mlaad_tiny\original\en\jane_eyre_06_f000021.wav|data\raw\public_v9\real_music\jamendo\1045700.low.mp3,0.5980092883110046,0.5879517793655396,0.910748302936554
MIX::data\raw\public_v9\mlaad_tiny\original\en\jane_eyre_17_f000177.wav|data\raw\public_v9\real_music\jamendo\1294000.low.mp3,0.6218955516815186,0.624434232711792,0.8126830458641052
MIX::data\raw\public_v9\mlaad_tiny\original\en\jane_eyre_17_f000379.wav|data\raw\public_v9\real_music\guitarset\00_Rock2-142-D_comp_mic.wav,0.6374508738517761,0.6319265365600586,0.6353228092193604
MIX::data\raw\public_v9\mlaad_tiny\original\en\jane_eyre_18_f000063.wav|data\raw\public_v9\real_music\guitarset\00_Rock3-117-Bb_comp_mic.wav,0.6388386487960815,0.6383966207504272,0.930689811706543
