path,file_fake,voice_fake,music_fake,voice_present,music_present,speaker_id,generator,source,dataset,hf_id,original_id,split_group_id,source_url,version,license,allowed_for_competition,redistribution_allowed,commercial_restriction,dataset_name,content_hash,near_duplicate_group,data_role,upstream_split,upstream_label,content_group,generator_family,competition_use_status,base_audio_id,base_voice_id,base_music_id,voice_content_group,music_content_group,voice_generator_family,music_generator_family,parent_real_id,parent_fake_id,augmentation,approval_basis,license_source,license_snapshot_sha256,reviewed_at,v13b_role,audio_sha256,source_path,source_audio_sha256,sample_rate,codec,extension,channel_policy,augment
C:\Users\lLrich\ai_voice_data_v13b\processed\canonical16k_pcm16\mlaad_tiny_matched\5cae411321039205e5174508ad50b16a898b7c5451f3d5bc1552c2fdb59692dc.wav,0,0,0,1,0,mlaad::dorothy_and_wizard_oz_06,MLAAD_original,mlaad_tiny_matched,mlaad_tiny_matched,mueller91/MLAAD-tiny,dorothy_and_wizard_oz_06_f000068,mlaad_tiny::en::dorothy_and_wizard_oz_06_f000068,https://huggingface.co/datasets/mueller91/MLAAD-tiny,9143e5ea709575ebab6bec52840a1043aada7bb1,M-AILABS original corpus license (see MLAAD LICENSE),YES,YES_WITH_NOTICE,NO_FOR_ORIGINAL_SUBSET,MLAAD-tiny-original,5cae411321039205e5174508ad50b16a898b7c5451f3d5bc1552c2fdb59692dc,mlaad_tiny::en::dorothy_and_wizard_oz_06_f000068,paired_core,not_applicable,not_applicable,dorothy_and_wizard_oz_06_f000068,MLAAD_original,APPROVED,dorothy_and_wizard_oz_06_f000068,dorothy_and_wizard_oz_06_f000068,ABSENT,dorothy_and_wizard_oz_06_f000068,ABSENT,MLAAD_original,ABSENT,dorothy_and_wizard_oz_06_f000068,ABSENT,none,"pinned source manifest records URL, revision, CC BY-NC 4.0, and competition-use review",data/public_v9/mlaad_tiny_manifest.csv,10a43f18db51d2afeafafb46b8f1bb3436434921b728dddb198ca852fd878d8b,2026-09-01,cal_v13b,f366ec323b2ff0a6a95d83e7c76e6d8ce8f41524c9f26f1fae1b783f55346696,C:\Users\lLrich\Desktop\보이스ai해커톤\data\raw\public_v9\mlaad_tiny\original\en\dorothy_and_wizard_oz_06_f000068.wav,5cae411321039205e5174508ad50b16a898b7c5451f3d5bc1552c2fdb59692dc,16000,PCM_S16LE,.wav,canonical16k_pcm16_label_independent_v1,none
C:\Users\lLrich\ai_voice_data_v13b\processed\canonical16k_pcm16\mlaad_tiny_matched\8b62287436a0966de76ff489f952159170bc703efe96fa18b2a21035053a38b3.wav,1,1,0,1,0,mlaad::dorothy_and_wizard_oz_06,MLAAD::f5-tts,mlaad_tiny_matched,mlaad_tiny_matched,mueller91/MLAAD-tiny,dorothy_and_wizard_oz_06_f000068,mlaad_tiny::en::dorothy_and_wizard_oz_06_f000068,https://huggingface.co/datasets/mueller91/MLAAD-tiny,9143e5ea709575ebab6bec52840a1043aada7bb1,CC BY-NC 4.0,YES,YES_WITH_ATTRIBUTION_NONCOMMERCIAL,YES_NONCOMMERCIAL_ONLY,MLAAD-tiny-fake,8b62287436a0966de76ff489f952159170bc703efe96fa18b2a21035053a38b3,mlaad_tiny::en::dorothy_and_wizard_oz_06_f000068,paired_core,not_applicable,not_applicable,dorothy_and_wizard_oz_06_f000068,MLAAD::f5-tts,APPROVED,dorothy_and_wizard_oz_06_f000068,dorothy_and_wizard_oz_06_f000068,ABSENT,dorothy_and_wizard_oz_06_f000068,ABSENT,MLAAD::f5-tts,ABSENT,ABSENT,dorothy_and_wizard_oz_06_f000068,none,"pinned source manifest records URL, revision, CC BY-NC 4.0, and competition-use review",data/public_v9/mlaad_tiny_manifest.csv,10a43f18db51d2afeafafb46b8f1bb3436434921b728dddb198ca852fd878d8b,2026-09-01,cal_v13b,d4fc9b36f06502a50023cec801aa1f34298485a010b1bdd0331b9d2d63598ff5,C:\Users\lLrich\Desktop\보이스ai해커톤\data\raw\public_v9\mlaad_tiny\fake\en\f5-tts\dorothy_and_wizard_oz_06_f000068.wav,8b62287436a0966de76ff489f952159170bc703efe96fa18b2a21035053a38b3,16000,PCM_S16LE,.wav,canonical16k_pcm16_label_independent_v1,none
C:\Users\lLrich\ai_voice_data_v13b\processed\canonical16k_pcm16\mlaad_tiny_matched\219f99e786246bf6d082b2e155fb87ea8f0edcd57aedde147bc95edc355fbf16.wav,0,0,0,1,0,mlaad::dorothy_and_wizard_oz_10,MLAAD_original,mlaad_tiny_matched,mlaad_tiny_matched,mueller91/MLAAD-tiny,dorothy_and_wizard_oz_10_f000004,mlaad_tiny::en::dorothy_and_wizard_oz_10_f000004,https://huggingface.co/datasets/mueller91/MLAAD-tiny,9143e5ea709575ebab6bec52840a1043aada7bb1,M-AILABS original corpus license (see MLAAD LICENSE),YES,YES_WITH_NOTICE,NO_FOR_ORIGINAL_SUBSET,MLAAD-tiny-original,219f99e786246bf6d082b2e155fb87ea8f0edcd57aedde147bc95edc355fbf16,mlaad_tiny::en::dorothy_and_wizard_oz_10_f000004,paired_core,not_applicable,not_applicable,dorothy_and_wizard_oz_10_f000004,MLAAD_original,APPROVED,dorothy_and_wizard_oz_10_f000004,dorothy_and_wizard_oz_10_f000004,ABSENT,dorothy_and_wizard_oz_10_f000004,ABSENT,MLAAD_original,ABSENT,dorothy_and_wizard_oz_10_f000004,ABSENT,none,"pinned source manifest records URL, revision, CC BY-NC 4.0, and competition-use review",data/public_v9/mlaad_tiny_manifest.csv,10a43f18db51d2afeafafb46b8f1bb3436434921b728dddb198ca852fd878d8b,2026-09-01,cal_v13b,362b6e32af82fcb70d73cbf61324397abf3c500dbea2fc3f85fe9d3a48fded5e,C:\Users\lLrich\Desktop\보이스ai해커톤\data\raw\public_v9\mlaad_tiny\original\en\dorothy_and_wizard_oz_10_f000004.wav,219f99e786246bf6d082b2e155fb87ea8f0edcd57aedde147bc95edc355fbf16,16000,PCM_S16LE,.wav,canonical16k_pcm16_label_independent_v1,none
C:\Users\lLrich\ai_voice_data_v13b\processed\canonical16k_pcm16\mlaad_tiny_matched\3df57f3240ba03d7fa08de42359e550451d3e417faf94d152a136f60e1c153e8.wav,1,1,0,1,0,mlaad::dorothy_and_wizard_oz_10,MLAAD::f5-tts,mlaad_tiny_matched,mlaad_tiny_matched,mueller91/MLAAD-tiny,dorothy_and_wizard_oz_10_f000004,mlaad_tiny::en::dorothy_and_wizard_oz_10_f000004,https://huggingface.co/datasets/mueller91/MLAAD-tiny,9143e5ea709575ebab6bec52840a1043aada7bb1,CC BY-NC 4.0,YES,YES_WITH_ATTRIBUTION_NONCOMMERCIAL,YES_NONCOMMERCIAL_ONLY,MLAAD-tiny-fake,3df57f3240ba03d7fa08de42359e550451d3e417faf94d152a136f60e1c153e8,mlaad_tiny::en::dorothy_and_wizard_oz_10_f000004,paired_core,not_applicable,not_applicable,dorothy_and_wizard_oz_10_f000004,MLAAD::f5-tts,APPROVED,dorothy_and_wizard_oz_10_f000004,dorothy_and_wizard_oz_10_f000004,ABSENT,dorothy_and_wizard_oz_10_f000004,ABSENT,MLAAD::f5-tts,ABSENT,ABSENT,dorothy_and_wizard_oz_10_f000004,none,"pinned source manifest records URL, revision, CC BY-NC 4.0, and competition-use review",data/public_v9/mlaad_tiny_manifest.csv,10a43f18db51d2afeafafb46b8f1bb3436434921b728dddb198ca852fd878d8b,2026-09-01,cal_v13b,acf9a35f5a0721a3e1d9935091b80e54257d75ddad09ca673363f69ae14a0dd2,C:\Users\lLrich\Desktop\보이스ai해커톤\data\raw\public_v9\mlaad_tiny\fake\en\f5-tts\dorothy_and_wizard_oz_10_f000004.wav,3df57f3240ba03d7fa08de42359e550451d3e417faf94d152a136f60e1c153e8,16000,PCM_S16LE,.wav,canonical16k_pcm16_label_independent_v1,none
C:\Users\lLrich\ai_voice_data_v13b\processed\canonical16k_pcm16\mlaad_tiny_matched\f348a888289a3b8762e53f3059a2c557fc62bd9d1fcb4d27fe24f978476f56a8.wav,0,0,0,1,0,mlaad::dorothy_and_wizard_oz_14,MLAAD_original,mlaad_tiny_matched,mlaad_tiny_matched,mueller91/MLAAD-tiny,dorothy_and_wizard_oz_14_f000043,mlaad_tiny::en::dorothy_and_wizard_oz_14_f000043,https://huggingface.co/datasets/mueller91/MLAAD-tiny,9143e5ea709575ebab6bec52840a1043aada7bb1,M-AILABS original corpus license (see MLAAD LICENSE),YES,YES_WITH_NOTICE,NO_FOR_ORIGINAL_SUBSET,MLAAD-tiny-original,f348a888289a3b8762e53f3059a2c557fc62bd9d1fcb4d27fe24f978476f56a8,mlaad_tiny::en::dorothy_and_wizard_oz_14_f000043,paired_core,not_applicable,not_applicable,dorothy_and_wizard_oz_14_f000043,MLAAD_original,APPROVED,dorothy_and_wizard_oz_14_f000043,dorothy_and_wizard_oz_14_f000043,ABSENT,dorothy_and_wizard_oz_14_f000043,ABSENT,MLAAD_original,ABSENT,dorothy_and_wizard_oz_14_f000043,ABSENT,none,"pinned source manifest records URL, revision, CC BY-NC 4.0, and competition-use review",data/public_v9/mlaad_tiny_manifest.csv,10a43f18db51d2afeafafb46b8f1bb3436434921b728dddb198ca852fd878d8b,2026-09-01,cal_v13b,d4de4076361d6e1f0fe20b86c2858096dadb6d0e545bd92dbac7a5a1513d6007,C:\Users\lLrich\Desktop\보이스ai해커톤\data\raw\public_v9\mlaad_tiny\original\en\dorothy_and_wizard_oz_14_f000043.wav,f348a888289a3b8762e53f3059a2c557fc62bd9d1fcb4d27fe24f978476f56a8,16000,PCM_S16LE,.wav,canonical16k_pcm16_label_independent_v1,none
C:\Users\lLrich\ai_voice_data_v13b\processed\canonical16k_pcm16\mlaad_tiny_matched\72f6aa1b1e8517a5f5595c72726b8530659685d7df219bbe07aada915e456c0e.wav,1,1,0,1,0,mlaad::dorothy_and_wizard_oz_14,MLAAD::f5-tts,mlaad_tiny_matched,mlaad_tiny_matched,mueller91/MLAAD-tiny,dorothy_and_wizard_oz_14_f000043,mlaad_tiny::en::dorothy_and_wizard_oz_14_f000043,https://huggingface.co/datasets/mueller91/MLAAD-tiny,9143e5ea709575ebab6bec52840a1043aada7bb1,CC BY-NC 4.0,YES,YES_WITH_ATTRIBUTION_NONCOMMERCIAL,YES_NONCOMMERCIAL_ONLY,MLAAD-tiny-fake,72f6aa1b1e8517a5f5595c72726b8530659685d7df219bbe07aada915e456c0e,mlaad_tiny::en::dorothy_and_wizard_oz_14_f000043,paired_core,not_applicable,not_applicable,dorothy_and_wizard_oz_14_f000043,MLAAD::f5-tts,APPROVED,dorothy_and_wizard_oz_14_f000043,dorothy_and_wizard_oz_14_f000043,ABSENT,dorothy_and_wizard_oz_14_f000043,ABSENT,MLAAD::f5-tts,ABSENT,ABSENT,dorothy_and_wizard_oz_14_f000043,none,"pinned source manifest records URL, revision, CC BY-NC 4.0, and competition-use review",data/public_v9/mlaad_tiny_manifest.csv,10a43f18db51d2afeafafb46b8f1bb3436434921b728dddb198ca852fd878d8b,2026-09-01,cal_v13b,4622fa48ac2c9ff74503da31967bdbdbaa07c9c6888c625b973acacace9e7728,C:\Users\lLrich\Desktop\보이스ai해커톤\data\raw\public_v9\mlaad_tiny\fake\en\f5-tts\dorothy_and_wizard_oz_14_f000043.wav,72f6aa1b1e8517a5f5595c72726b8530659685d7df219bbe07aada915e456c0e,16000,PCM_S16LE,.wav,canonical16k_pcm16_label_independent_v1,none
C:\Users\lLrich\ai_voice_data_v13b\processed\canonical16k_pcm16\mlaad_tiny_matched\dc6da5ee4309c97c6daa2867b648bd5b540c56449c096a8814ee8b5731b30966.wav,0,0,0,1,0,mlaad::emerald_city_of_oz_25,MLAAD_original,mlaad_tiny_matched,mlaad_tiny_matched,mueller91/MLAAD-tiny,emerald_city_of_oz_25_f000012,mlaad_tiny::en::emerald_city_of_oz_25_f000012,https://huggingface.co/datasets/mueller91/MLAAD-tiny,9143e5ea709575ebab6bec52840a1043aada7bb1,M-AILABS original corpus license (see MLAAD LICENSE),YES,YES_WITH_NOTICE,NO_FOR_ORIGINAL_SUBSET,MLAAD-tiny-original,dc6da5ee4309c97c6daa2867b648bd5b540c56449c096a8814ee8b5731b30966,mlaad_tiny::en::emerald_city_of_oz_25_f000012,paired_core,not_applicable,not_applicable,emerald_city_of_oz_25_f000012,MLAAD_original,APPROVED,emerald_city_of_oz_25_f000012,emerald_city_of_oz_25_f000012,ABSENT,emerald_city_of_oz_25_f000012,ABSENT,MLAAD_original,ABSENT,emerald_city_of_oz_25_f000012,ABSENT,none,"pinned source manifest records URL, revision, CC BY-NC 4.0, and competition-use review",data/public_v9/mlaad_tiny_manifest.csv,10a43f18db51d2afeafafb46b8f1bb3436434921b728dddb198ca852fd878d8b,2026-09-01,cal_v13b,8e9ddafe2bb90dfe03ace4691f123d3046f7250a55866b52f470e82a3cc01dce,C:\Users\lLrich\Desktop\보이스ai해커톤\data\raw\public_v9\mlaad_tiny\original\en\emerald_city_of_oz_25_f000012.wav,dc6da5ee4309c97c6daa2867b648bd5b540c56449c096a8814ee8b5731b30966,16000,PCM_S16LE,.wav,canonical16k_pcm16_label_independent_v1,none
C:\Users\lLrich\ai_voice_data_v13b\processed\canonical16k_pcm16\mlaad_tiny_matched\34b3482364208305f862027cabfb1a9bc004371b70b066afeff31ca25c051f29.wav,1,1,0,1,0,mlaad::emerald_city_of_oz_25,MLAAD::f5-tts,mlaad_tiny_matched,mlaad_tiny_matched,mueller91/MLAAD-tiny,emerald_city_of_oz_25_f000012,mlaad_tiny::en::emerald_city_of_oz_25_f000012,https://huggingface.co/datasets/mueller91/MLAAD-tiny,9143e5ea709575ebab6bec52840a1043aada7bb1,CC BY-NC 4.0,YES,YES_WITH_ATTRIBUTION_NONCOMMERCIAL,YES_NONCOMMERCIAL_ONLY,MLAAD-tiny-fake,34b3482364208305f862027cabfb1a9bc004371b70b066afeff31ca25c051f29,mlaad_tiny::en::emerald_city_of_oz_25_f000012,paired_core,not_applicable,not_applicable,emerald_city_of_oz_25_f000012,MLAAD::f5-tts,APPROVED,emerald_city_of_oz_25_f000012,emerald_city_of_oz_25_f000012,ABSENT,emerald_city_of_oz_25_f000012,ABSENT,MLAAD::f5-tts,ABSENT,ABSENT,emerald_city_of_oz_25_f000012,none,"pinned source manifest records URL, revision, CC BY-NC 4.0, and competition-use review",data/public_v9/mlaad_tiny_manifest.csv,10a43f18db51d2afeafafb46b8f1bb3436434921b728dddb198ca852fd878d8b,2026-09-01,cal_v13b,188ab48d32cf2d766cf22f2de617d49652cb283006d2a5374ab4d60a8fd07ad8,C:\Users\lLrich\Desktop\보이스ai해커톤\data\raw\public_v9\mlaad_tiny\fake\en\f5-tts\emerald_city_of_oz_25_f000012.wav,34b3482364208305f862027cabfb1a9bc004371b70b066afeff31ca25c051f29,16000,PCM_S16LE,.wav,canonical16k_pcm16_label_independent_v1,none
C:\Users\lLrich\ai_voice_data_v13b\processed\canonical16k_pcm16\mlaad_tiny_matched\5a5305da1c58b004657a5713f6787bddde9f3fa0261fe653e80f7f8b407d388e.wav,0,0,0,1,0,mlaad::hunters_space_05,MLAAD_original,mlaad_tiny_matched,mlaad_tiny_matched,mueller91/MLAAD-tiny,hunters_space_05_f000015,mlaad_tiny::en::hunters_space_05_f000015,https://huggingface.co/datasets/mueller91/MLAAD-tiny,9143e5ea709575ebab6bec52840a1043aada7bb1,M-AILABS original corpus license (see MLAAD LICENSE),YES,YES_WITH_NOTICE,NO_FOR_ORIGINAL_SUBSET,MLAAD-tiny-original,5a5305da1c58b004657a5713f6787bddde9f3fa0261fe653e80f7f8b407d388e,mlaad_tiny::en::hunters_space_05_f000015,paired_core,not_applicable,not_applicable,hunters_space_05_f000015,MLAAD_original,APPROVED,hunters_space_05_f000015,hunters_space_05_f000015,ABSENT,hunters_space_05_f000015,ABSENT,MLAAD_original,ABSENT,hunters_space_05_f000015,ABSENT,none,"pinned source manifest records URL, revision, CC BY-NC 4.0, and competition-use review",data/public_v9/mlaad_tiny_manifest.csv,10a43f18db51d2afeafafb46b8f1bb3436434921b728dddb198ca852fd878d8b,2026-09-01,cal_v13b,afc40d76b5cc2b5c6998ffa7936329e1f0c671560f751fd4221766bcc1c6a103,C:\Users\lLrich\Desktop\보이스ai해커톤\data\raw\public_v9\mlaad_tiny\original\en\hunters_space_05_f000015.wav,5a5305da1c58b004657a5713f6787bddde9f3fa0261fe653e80f7f8b407d388e,16000,PCM_S16LE,.wav,canonical16k_pcm16_label_independent_v1,none
C:\Users\lLrich\ai_voice_data_v13b\processed\canonical16k_pcm16\mlaad_tiny_matched\197cd6c10e69a4ba5b365b88d6c05d4937cb77a38597fd4de0097eff44c83ad2.wav,1,1,0,1,0,mlaad::hunters_space_05,MLAAD::f5-tts,mlaad_tiny_matched,mlaad_tiny_matched,mueller91/MLAAD-tiny,hunters_space_05_f000015,mlaad_tiny::en::hunters_space_05_f000015,https://huggingface.co/datasets/mueller91/MLAAD-tiny,9143e5ea709575ebab6bec52840a1043aada7bb1,CC BY-NC 4.0,YES,YES_WITH_ATTRIBUTION_NONCOMMERCIAL,YES_NONCOMMERCIAL_ONLY,MLAAD-tiny-fake,197cd6c10e69a4ba5b365b88d6c05d4937cb77a38597fd4de0097eff44c83ad2,mlaad_tiny::en::hunters_space_05_f000015,paired_core,not_applicable,not_applicable,hunters_space_05_f000015,MLAAD::f5-tts,APPROVED,hunters_space_05_f000015,hunters_space_05_f000015,ABSENT,hunters_space_05_f000015,ABSENT,MLAAD::f5-tts,ABSENT,ABSENT,hunters_space_05_f000015,none,"pinned source manifest records URL, revision, CC BY-NC 4.0, and competition-use review",data/public_v9/mlaad_tiny_manifest.csv,10a43f18db51d2afeafafb46b8f1bb3436434921b728dddb198ca852fd878d8b,2026-09-01,cal_v13b,073555a9053cf0f11aea0018e4ab8784e0c70058bc3dd019711625ff1482f893,C:\Users\lLrich\Desktop\보이스ai해커톤\data\raw\public_v9\mlaad_tiny\fake\en\f5-tts\hunters_space_05_f000015.wav,197cd6c10e69a4ba5b365b88d6c05d4937cb77a38597fd4de0097eff44c83ad2,16000,PCM_S16LE,.wav,canonical16k_pcm16_label_independent_v1,none
C:\Users\lLrich\ai_voice_data_v13b\processed\canonical16k_pcm16\mlaad_tiny_matched\86e7cb91406c5024a88bf4a45278b10452612463bff2041e44726e4c5f0e2303.wav,0,0,0,1,0,mlaad::hunters_space_06,MLAAD_original,mlaad_tiny_matched,mlaad_tiny_matched,mueller91/MLAAD-tiny,hunters_space_06_f000023,mlaad_tiny::en::hunters_space_06_f000023,https://huggingface.co/datasets/mueller91/MLAAD-tiny,9143e5ea709575ebab6bec52840a1043aada7bb1,M-AILABS original corpus license (see MLAAD LICENSE),YES,YES_WITH_NOTICE,NO_FOR_ORIGINAL_SUBSET,MLAAD-tiny-original,86e7cb91406c5024a88bf4a45278b10452612463bff2041e44726e4c5f0e2303,mlaad_tiny::en::hunters_space_06_f000023,paired_core,not_applicable,not_applicable,hunters_space_06_f000023,MLAAD_original,APPROVED,hunters_space_06_f000023,hunters_space_06_f000023,ABSENT,hunters_space_06_f000023,ABSENT,MLAAD_original,ABSENT,hunters_space_06_f000023,ABSENT,none,"pinned source manifest records URL, revision, CC BY-NC 4.0, and competition-use review",data/public_v9/mlaad_tiny_manifest.csv,10a43f18db51d2afeafafb46b8f1bb3436434921b728dddb198ca852fd878d8b,2026-09-01,cal_v13b,746ceb7e211f2f8ea20d51e5f5b90cbb0d5e4f90fda39b4f5c8f85c8ade1a828,C:\Users\lLrich\Desktop\보이스ai해커톤\data\raw\public_v9\mlaad_tiny\original\en\hunters_space_06_f000023.wav,86e7cb91406c5024a88bf4a45278b10452612463bff2041e44726e4c5f0e2303,16000,PCM_S16LE,.wav,canonical16k_pcm16_label_independent_v1,none
C:\Users\lLrich\ai_voice_data_v13b\processed\canonical16k_pcm16\mlaad_tiny_matched\3741609df7e0595ed770ccad4f9a55be8c9f01bb2c29e890d93009c0d7afd9f1.wav,1,1,0,1,0,mlaad::hunters_space_06,MLAAD::f5-tts,mlaad_tiny_matched,mlaad_tiny_matched,mueller91/MLAAD-tiny,hunters_space_06_f000023,mlaad_tiny::en::hunters_space_06_f000023,https://huggingface.co/datasets/mueller91/MLAAD-tiny,9143e5ea709575ebab6bec52840a1043aada7bb1,CC BY-NC 4.0,YES,YES_WITH_ATTRIBUTION_NONCOMMERCIAL,YES_NONCOMMERCIAL_ONLY,MLAAD-tiny-fake,3741609df7e0595ed770ccad4f9a55be8c9f01bb2c29e890d93009c0d7afd9f1,mlaad_tiny::en::hunters_space_06_f000023,paired_core,not_applicable,not_applicable,hunters_space_06_f000023,MLAAD::f5-tts,APPROVED,hunters_space_06_f000023,hunters_space_06_f000023,ABSENT,hunters_space_06_f000023,ABSENT,MLAAD::f5-tts,ABSENT,ABSENT,hunters_space_06_f000023,none,"pinned source manifest records URL, revision, CC BY-NC 4.0, and competition-use review",data/public_v9/mlaad_tiny_manifest.csv,10a43f18db51d2afeafafb46b8f1bb3436434921b728dddb198ca852fd878d8b,2026-09-01,cal_v13b,3033de804a9d3cef1c728d85e6cc3d9d6257c13f9fb9ba68a07ff620c8dce757,C:\Users\lLrich\Desktop\보이스ai해커톤\data\raw\public_v9\mlaad_tiny\fake\en\f5-tts\hunters_space_06_f000023.wav,3741609df7e0595ed770ccad4f9a55be8c9f01bb2c29e890d93009c0d7afd9f1,16000,PCM_S16LE,.wav,canonical16k_pcm16_label_independent_v1,none
C:\Users\lLrich\ai_voice_data_v13b\processed\canonical16k_pcm16\mlaad_tiny_matched\411d94a99179f3e472d5832edee58279a0b45dd1bedd2ceec5f292b205d3f3aa.wav,0,0,0,1,0,mlaad::hunters_space_15,MLAAD_original,mlaad_tiny_matched,mlaad_tiny_matched,mueller91/MLAAD-tiny,hunters_space_15_f000040,mlaad_tiny::en::hunters_space_15_f000040,https://huggingface.co/datasets/mueller91/MLAAD-tiny,9143e5ea709575ebab6bec52840a1043aada7bb1,M-AILABS original corpus license (see MLAAD LICENSE),YES,YES_WITH_NOTICE,NO_FOR_ORIGINAL_SUBSET,MLAAD-tiny-original,411d94a99179f3e472d5832edee58279a0b45dd1bedd2ceec5f292b205d3f3aa,mlaad_tiny::en::hunters_space_15_f000040,paired_core,not_applicable,not_applicable,hunters_space_15_f000040,MLAAD_original,APPROVED,hunters_space_15_f000040,hunters_space_15_f000040,ABSENT,hunters_space_15_f000040,ABSENT,MLAAD_original,ABSENT,hunters_space_15_f000040,ABSENT,none,"pinned source manifest records URL, revision, CC BY-NC 4.0, and competition-use review",data/public_v9/mlaad_tiny_manifest.csv,10a43f18db51d2afeafafb46b8f1bb3436434921b728dddb198ca852fd878d8b,2026-09-01,cal_v13b,b10e3b94e7398f969005f3400db3696f1967a2e76f891e3f2b95e95a74873562,C:\Users\lLrich\Desktop\보이스ai해커톤\data\raw\public_v9\mlaad_tiny\original\en\hunters_space_15_f000040.wav,411d94a99179f3e472d5832edee58279a0b45dd1bedd2ceec5f292b205d3f3aa,16000,PCM_S16LE,.wav,canonical16k_pcm16_label_independent_v1,none
C:\Users\lLrich\ai_voice_data_v13b\processed\canonical16k_pcm16\mlaad_tiny_matched\0fb918b2424050c9a40db6be833d448bd4fd154fbde99933f0537e0d380986eb.wav,1,1,0,1,0,mlaad::hunters_space_15,MLAAD::f5-tts,mlaad_tiny_matched,mlaad_tiny_matched,mueller91/MLAAD-tiny,hunters_space_15_f000040,mlaad_tiny::en::hunters_space_15_f000040,https://huggingface.co/datasets/mueller91/MLAAD-tiny,9143e5ea709575ebab6bec52840a1043aada7bb1,CC BY-NC 4.0,YES,YES_WITH_ATTRIBUTION_NONCOMMERCIAL,YES_NONCOMMERCIAL_ONLY,MLAAD-tiny-fake,0fb918b2424050c9a40db6be833d448bd4fd154fbde99933f0537e0d380986eb,mlaad_tiny::en::hunters_space_15_f000040,paired_core,not_applicable,not_applicable,hunters_space_15_f000040,MLAAD::f5-tts,APPROVED,hunters_space_15_f000040,hunters_space_15_f000040,ABSENT,hunters_space_15_f000040,ABSENT,MLAAD::f5-tts,ABSENT,ABSENT,hunters_space_15_f000040,none,"pinned source manifest records URL, revision, CC BY-NC 4.0, and competition-use review",data/public_v9/mlaad_tiny_manifest.csv,10a43f18db51d2afeafafb46b8f1bb3436434921b728dddb198ca852fd878d8b,2026-09-01,cal_v13b,d61eaaf63b7b29bcd79b95cc0a26678f4753a758c93dd23aa01f15501ab216f4,C:\Users\lLrich\Desktop\보이스ai해커톤\data\raw\public_v9\mlaad_tiny\fake\en\f5-tts\hunters_space_15_f000040.wav,0fb918b2424050c9a40db6be833d448bd4fd154fbde99933f0537e0d380986eb,16000,PCM_S16LE,.wav,canonical16k_pcm16_label_independent_v1,none
C:\Users\lLrich\ai_voice_data_v13b\processed\canonical16k_pcm16\mlaad_tiny_matched\7dc031d04409fcbf4c01cf4198bee09f81fa5ba858dd7f8f95c8c21cea1fca6d.wav,0,0,0,1,0,mlaad::hunters_space_19,MLAAD_original,mlaad_tiny_matched,mlaad_tiny_matched,mueller91/MLAAD-tiny,hunters_space_19_f000016,mlaad_tiny::en::hunters_space_19_f000016,https://huggingface.co/datasets/mueller91/MLAAD-tiny,9143e5ea709575ebab6bec52840a1043aada7bb1,M-AILABS original corpus license (see MLAAD LICENSE),YES,YES_WITH_NOTICE,NO_FOR_ORIGINAL_SUBSET,MLAAD-tiny-original,7dc031d04409fcbf4c01cf4198bee09f81fa5ba858dd7f8f95c8c21cea1fca6d,mlaad_tiny::en::hunters_space_19_f000016,paired_core,not_applicable,not_applicable,hunters_space_19_f000016,MLAAD_original,APPROVED,hunters_space_19_f000016,hunters_space_19_f000016,ABSENT,hunters_space_19_f000016,ABSENT,MLAAD_original,ABSENT,hunters_space_19_f000016,ABSENT,none,"pinned source manifest records URL, revision, CC BY-NC 4.0, and competition-use review",data/public_v9/mlaad_tiny_manifest.csv,10a43f18db51d2afeafafb46b8f1bb3436434921b728dddb198ca852fd878d8b,2026-09-01,cal_v13b,3d34474d6d1bb6a15f75ecb4fef436a54ecbbe980e868aa5c6f866f414273976,C:\Users\lLrich\Desktop\보이스ai해커톤\data\raw\public_v9\mlaad_tiny\original\en\hunters_space_19_f000016.wav,7dc031d04409fcbf4c01cf4198bee09f81fa5ba858dd7f8f95c8c21cea1fca6d,16000,PCM_S16LE,.wav,canonical16k_pcm16_label_independent_v1,none
C:\Users\lLrich\ai_voice_data_v13b\processed\canonical16k_pcm16\mlaad_tiny_matched\a3238c9ee6f5d956b646f049457508d5f44aee1a6defa508b9ac5a8456c21fd9.wav,1,1,0,1,0,mlaad::hunters_space_19,MLAAD::f5-tts,mlaad_tiny_matched,mlaad_tiny_matched,mueller91/MLAAD-tiny,hunters_space_19_f000016,mlaad_tiny::en::hunters_space_19_f000016,https://huggingface.co/datasets/mueller91/MLAAD-tiny,9143e5ea709575ebab6bec52840a1043aada7bb1,CC BY-NC 4.0,YES,YES_WITH_ATTRIBUTION_NONCOMMERCIAL,YES_NONCOMMERCIAL_ONLY,MLAAD-tiny-fake,a3238c9ee6f5d956b646f049457508d5f44aee1a6defa508b9ac5a8456c21fd9,mlaad_tiny::en::hunters_space_19_f000016,paired_core,not_applicable,not_applicable,hunters_space_19_f000016,MLAAD::f5-tts,APPROVED,hunters_space_19_f000016,hunters_space_19_f000016,ABSENT,hunters_space_19_f000016,ABSENT,MLAAD::f5-tts,ABSENT,ABSENT,hunters_space_19_f000016,none,"pinned source manifest records URL, revision, CC BY-NC 4.0, and competition-use review",data/public_v9/mlaad_tiny_manifest.csv,10a43f18db51d2afeafafb46b8f1bb3436434921b728dddb198ca852fd878d8b,2026-09-01,cal_v13b,e0b047bcbbb7f21a4324148589204c5c9f66ee16516e82a74c5905cae2ca62ed,C:\Users\lLrich\Desktop\보이스ai해커톤\data\raw\public_v9\mlaad_tiny\fake\en\f5-tts\hunters_space_19_f000016.wav,a3238c9ee6f5d956b646f049457508d5f44aee1a6defa508b9ac5a8456c21fd9,16000,PCM_S16LE,.wav,canonical16k_pcm16_label_independent_v1,none
C:\Users\lLrich\ai_voice_data_v13b\processed\canonical16k_pcm16\mlaad_tiny_matched\b2cdaa03db42cd90426c85216555bf461693b334bd531adf417e8614e7346f94.wav,0,0,0,1,0,mlaad::jane_eyre_09,MLAAD_original,mlaad_tiny_matched,mlaad_tiny_matched,mueller91/MLAAD-tiny,jane_eyre_09_f000010,mlaad_tiny::en::jane_eyre_09_f000010,https://huggingface.co/datasets/mueller91/MLAAD-tiny,9143e5ea709575ebab6bec52840a1043aada7bb1,M-AILABS original corpus license (see MLAAD LICENSE),YES,YES_WITH_NOTICE,NO_FOR_ORIGINAL_SUBSET,MLAAD-tiny-original,b2cdaa03db42cd90426c85216555bf461693b334bd531adf417e8614e7346f94,mlaad_tiny::en::jane_eyre_09_f000010,paired_core,not_applicable,not_applicable,jane_eyre_09_f000010,MLAAD_original,APPROVED,jane_eyre_09_f000010,jane_eyre_09_f000010,ABSENT,jane_eyre_09_f000010,ABSENT,MLAAD_original,ABSENT,jane_eyre_09_f000010,ABSENT,none,"pinned source manifest records URL, revision, CC BY-NC 4.0, and competition-use review",data/public_v9/mlaad_tiny_manifest.csv,10a43f18db51d2afeafafb46b8f1bb3436434921b728dddb198ca852fd878d8b,2026-09-01,cal_v13b,189f322285f60d1406c9b7a64a3679e510eeef8abe3cf6d5220de256d3ede266,C:\Users\lLrich\Desktop\보이스ai해커톤\data\raw\public_v9\mlaad_tiny\original\en\jane_eyre_09_f000010.wav,b2cdaa03db42cd90426c85216555bf461693b334bd531adf417e8614e7346f94,16000,PCM_S16LE,.wav,canonical16k_pcm16_label_independent_v1,none
C:\Users\lLrich\ai_voice_data_v13b\processed\canonical16k_pcm16\mlaad_tiny_matched\5426839d27e632bff6ddc88b2389a55a220d31bb4fa03cf48bc8e3e6b3c5601b.wav,1,1,0,1,0,mlaad::jane_eyre_09,MLAAD::f5-tts,mlaad_tiny_matched,mlaad_tiny_matched,mueller91/MLAAD-tiny,jane_eyre_09_f000010,mlaad_tiny::en::jane_eyre_09_f000010,https://huggingface.co/datasets/mueller91/MLAAD-tiny,9143e5ea709575ebab6bec52840a1043aada7bb1,CC BY-NC 4.0,YES,YES_WITH_ATTRIBUTION_NONCOMMERCIAL,YES_NONCOMMERCIAL_ONLY,MLAAD-tiny-fake,5426839d27e632bff6ddc88b2389a55a220d31bb4fa03cf48bc8e3e6b3c5601b,mlaad_tiny::en::jane_eyre_09_f000010,paired_core,not_applicable,not_applicable,jane_eyre_09_f000010,MLAAD::f5-tts,APPROVED,jane_eyre_09_f000010,jane_eyre_09_f000010,ABSENT,jane_eyre_09_f000010,ABSENT,MLAAD::f5-tts,ABSENT,ABSENT,jane_eyre_09_f000010,none,"pinned source manifest records URL, revision, CC BY-NC 4.0, and competition-use review",data/public_v9/mlaad_tiny_manifest.csv,10a43f18db51d2afeafafb46b8f1bb3436434921b728dddb198ca852fd878d8b,2026-09-01,cal_v13b,aee17cb48e42b930ddaac7f0aae21f2c764f3c6141241c322339e0a75d361c5b,C:\Users\lLrich\Desktop\보이스ai해커톤\data\raw\public_v9\mlaad_tiny\fake\en\f5-tts\jane_eyre_09_f000010.wav,5426839d27e632bff6ddc88b2389a55a220d31bb4fa03cf48bc8e3e6b3c5601b,16000,PCM_S16LE,.wav,canonical16k_pcm16_label_independent_v1,none
C:\Users\lLrich\ai_voice_data_v13b\processed\canonical16k_pcm16\mlaad_tiny_matched\b9a47c06111b2afd24317f18e83cf0b391befa776dd5e2660ad56967a0067be8.wav,0,0,0,1,0,mlaad::jane_eyre_12,MLAAD_original,mlaad_tiny_matched,mlaad_tiny_matched,mueller91/MLAAD-tiny,jane_eyre_12_f000178,mlaad_tiny::en::jane_eyre_12_f000178,https://huggingface.co/datasets/mueller91/MLAAD-tiny,9143e5ea709575ebab6bec52840a1043aada7bb1,M-AILABS original corpus license (see MLAAD LICENSE),YES,YES_WITH_NOTICE,NO_FOR_ORIGINAL_SUBSET,MLAAD-tiny-original,b9a47c06111b2afd24317f18e83cf0b391befa776dd5e2660ad56967a0067be8,mlaad_tiny::en::jane_eyre_12_f000178,paired_core,not_applicable,not_applicable,jane_eyre_12_f000178,MLAAD_original,APPROVED,jane_eyre_12_f000178,jane_eyre_12_f000178,ABSENT,jane_eyre_12_f000178,ABSENT,MLAAD_original,ABSENT,jane_eyre_12_f000178,ABSENT,none,"pinned source manifest records URL, revision, CC BY-NC 4.0, and competition-use review",data/public_v9/mlaad_tiny_manifest.csv,10a43f18db51d2afeafafb46b8f1bb3436434921b728dddb198ca852fd878d8b,2026-09-01,cal_v13b,ad8784703b3b9bf83064cc9b0aaff1358102bd36480a9591ba2d978e07d6630b,C:\Users\lLrich\Desktop\보이스ai해커톤\data\raw\public_v9\mlaad_tiny\original\en\jane_eyre_12_f000178.wav,b9a47c06111b2afd24317f18e83cf0b391befa776dd5e2660ad56967a0067be8,16000,PCM_S16LE,.wav,canonical16k_pcm16_label_independent_v1,none
C:\Users\lLrich\ai_voice_data_v13b\processed\canonical16k_pcm16\mlaad_tiny_matched\210793044f7e3dfec69abb1afde71318cff62f298bb10bb89b823a37822f776d.wav,1,1,0,1,0,mlaad::jane_eyre_12,MLAAD::f5-tts,mlaad_tiny_matched,mlaad_tiny_matched,mueller91/MLAAD-tiny,jane_eyre_12_f000178,mlaad_tiny::en::jane_eyre_12_f000178,https://huggingface.co/datasets/mueller91/MLAAD-tiny,9143e5ea709575ebab6bec52840a1043aada7bb1,CC BY-NC 4.0,YES,YES_WITH_ATTRIBUTION_NONCOMMERCIAL,YES_NONCOMMERCIAL_ONLY,MLAAD-tiny-fake,210793044f7e3dfec69abb1afde71318cff62f298bb10bb89b823a37822f776d,mlaad_tiny::en::jane_eyre_12_f000178,paired_core,not_applicable,not_applicable,jane_eyre_12_f000178,MLAAD::f5-tts,APPROVED,jane_eyre_12_f000178,jane_eyre_12_f000178,ABSENT,jane_eyre_12_f000178,ABSENT,MLAAD::f5-tts,ABSENT,ABSENT,jane_eyre_12_f000178,none,"pinned source manifest records URL, revision, CC BY-NC 4.0, and competition-use review",data/public_v9/mlaad_tiny_manifest.csv,10a43f18db51d2afeafafb46b8f1bb3436434921b728dddb198ca852fd878d8b,2026-09-01,cal_v13b,9768b20582cefcc41b698fc0cb13ec399b1f34599ea0a056288a29edec6988e7,C:\Users\lLrich\Desktop\보이스ai해커톤\data\raw\public_v9\mlaad_tiny\fake\en\f5-tts\jane_eyre_12_f000178.wav,210793044f7e3dfec69abb1afde71318cff62f298bb10bb89b823a37822f776d,16000,PCM_S16LE,.wav,canonical16k_pcm16_label_independent_v1,none
C:\Users\lLrich\ai_voice_data_v13b\processed\canonical16k_pcm16\mlaad_tiny_matched\cf300693c1030918b7eeb46cd3eaf9f771e017eaabb81684983384e70ed191e9.wav,0,0,0,1,0,mlaad::dorothy_and_wizard_oz_03,MLAAD_original,mlaad_tiny_matched,mlaad_tiny_matched,mueller91/MLAAD-tiny,dorothy_and_wizard_oz_03_f000011,mlaad_tiny::en::dorothy_and_wizard_oz_03_f000011,https://huggingface.co/datasets/mueller91/MLAAD-tiny,9143e5ea709575ebab6bec52840a1043aada7bb1,M-AILABS original corpus license (see MLAAD LICENSE),YES,YES_WITH_NOTICE,NO_FOR_ORIGINAL_SUBSET,MLAAD-tiny-original,cf300693c1030918b7eeb46cd3eaf9f771e017eaabb81684983384e70ed191e9,mlaad_tiny::en::dorothy_and_wizard_oz_03_f000011,paired_core,not_applicable,not_applicable,dorothy_and_wizard_oz_03_f000011,MLAAD_original,APPROVED,dorothy_and_wizard_oz_03_f000011,dorothy_and_wizard_oz_03_f000011,ABSENT,dorothy_and_wizard_oz_03_f000011,ABSENT,MLAAD_original,ABSENT,dorothy_and_wizard_oz_03_f000011,ABSENT,none,"pinned source manifest records URL, revision, CC BY-NC 4.0, and competition-use review",data/public_v9/mlaad_tiny_manifest.csv,10a43f18db51d2afeafafb46b8f1bb3436434921b728dddb198ca852fd878d8b,2026-09-01,cal_v13b,2543739ae2a537b56089d4a1815782ed44eed881e5064f07dc603c52054252ff,C:\Users\lLrich\Desktop\보이스ai해커톤\data\raw\public_v9\mlaad_tiny\original\en\dorothy_and_wizard_oz_03_f000011.wav,cf300693c1030918b7eeb46cd3eaf9f771e017eaabb81684983384e70ed191e9,16000,PCM_S16LE,.wav,canonical16k_pcm16_label_independent_v1,none
C:\Users\lLrich\ai_voice_data_v13b\processed\canonical16k_pcm16\mlaad_tiny_matched\4f69034cbd1e222d53a5ca64ab0ca92e9932a0b8efebbe5e7636c5e5049bbfc8.wav,1,1,0,1,0,mlaad::dorothy_and_wizard_oz_03,MLAAD::suno_bark,mlaad_tiny_matched,mlaad_tiny_matched,mueller91/MLAAD-tiny,dorothy_and_wizard_oz_03_f000011,mlaad_tiny::en::dorothy_and_wizard_oz_03_f000011,https://huggingface.co/datasets/mueller91/MLAAD-tiny,9143e5ea709575ebab6bec52840a1043aada7bb1,CC BY-NC 4.0,YES,YES_WITH_ATTRIBUTION_NONCOMMERCIAL,YES_NONCOMMERCIAL_ONLY,MLAAD-tiny-fake,4f69034cbd1e222d53a5ca64ab0ca92e9932a0b8efebbe5e7636c5e5049bbfc8,mlaad_tiny::en::dorothy_and_wizard_oz_03_f000011,paired_core,not_applicable,not_applicable,dorothy_and_wizard_oz_03_f000011,MLAAD::suno_bark,APPROVED,dorothy_and_wizard_oz_03_f000011,dorothy_and_wizard_oz_03_f000011,ABSENT,dorothy_and_wizard_oz_03_f000011,ABSENT,MLAAD::suno_bark,ABSENT,ABSENT,dorothy_and_wizard_oz_03_f000011,none,"pinned source manifest records URL, revision, CC BY-NC 4.0, and competition-use review",data/public_v9/mlaad_tiny_manifest.csv,10a43f18db51d2afeafafb46b8f1bb3436434921b728dddb198ca852fd878d8b,2026-09-01,cal_v13b,7e61948f73d6bcba257ae6ed8270ce5445e0781db6eb95245144a1f5e5e06edb,C:\Users\lLrich\Desktop\보이스ai해커톤\data\raw\public_v9\mlaad_tiny\fake\en\suno_bark\dorothy_and_wizard_oz_03_f000011.wav,4f69034cbd1e222d53a5ca64ab0ca92e9932a0b8efebbe5e7636c5e5049bbfc8,16000,PCM_S16LE,.wav,canonical16k_pcm16_label_independent_v1,none
C:\Users\lLrich\ai_voice_data_v13b\processed\canonical16k_pcm16\mlaad_tiny_matched\3552884eeeeac77b2f18daa57b16e1ccfd5c7c94446c0658dece6488cf463df2.wav,0,0,0,1,0,mlaad::dorothy_and_wizard_oz_09,MLAAD_original,mlaad_tiny_matched,mlaad_tiny_matched,mueller91/MLAAD-tiny,dorothy_and_wizard_oz_09_f000127,mlaad_tiny::en::dorothy_and_wizard_oz_09_f000127,https://huggingface.co/datasets/mueller91/MLAAD-tiny,9143e5ea709575ebab6bec52840a1043aada7bb1,M-AILABS original corpus license (see MLAAD LICENSE),YES,YES_WITH_NOTICE,NO_FOR_ORIGINAL_SUBSET,MLAAD-tiny-original,3552884eeeeac77b2f18daa57b16e1ccfd5c7c94446c0658dece6488cf463df2,mlaad_tiny::en::dorothy_and_wizard_oz_09_f000127,paired_core,not_applicable,not_applicable,dorothy_and_wizard_oz_09_f000127,MLAAD_original,APPROVED,dorothy_and_wizard_oz_09_f000127,dorothy_and_wizard_oz_09_f000127,ABSENT,dorothy_and_wizard_oz_09_f000127,ABSENT,MLAAD_original,ABSENT,dorothy_and_wizard_oz_09_f000127,ABSENT,none,"pinned source manifest records URL, revision, CC BY-NC 4.0, and competition-use review",data/public_v9/mlaad_tiny_manifest.csv,10a43f18db51d2afeafafb46b8f1bb3436434921b728dddb198ca852fd878d8b,2026-09-01,cal_v13b,23aa84f42d635691cc80bfbf82f7afadb9e65a61eba86c96912f12c6b78c350b,C:\Users\lLrich\Desktop\보이스ai해커톤\data\raw\public_v9\mlaad_tiny\original\en\dorothy_and_wizard_oz_09_f000127.wav,3552884eeeeac77b2f18daa57b16e1ccfd5c7c94446c0658dece6488cf463df2,16000,PCM_S16LE,.wav,canonical16k_pcm16_label_independent_v1,none
C:\Users\lLrich\ai_voice_data_v13b\processed\canonical16k_pcm16\mlaad_tiny_matched\251c84e64c6f5108913f29c7636ef9d5ec53e5ef295e2e5b2c469d292413cf2a.wav,1,1,0,1,0,mlaad::dorothy_and_wizard_oz_09,MLAAD::suno_bark,mlaad_tiny_matched,mlaad_tiny_matched,mueller91/MLAAD-tiny,dorothy_and_wizard_oz_09_f000127,mlaad_tiny::en::dorothy_and_wizard_oz_09_f000127,https://huggingface.co/datasets/mueller91/MLAAD-tiny,9143e5ea709575ebab6bec52840a1043aada7bb1,CC BY-NC 4.0,YES,YES_WITH_ATTRIBUTION_NONCOMMERCIAL,YES_NONCOMMERCIAL_ONLY,MLAAD-tiny-fake,251c84e64c6f5108913f29c7636ef9d5ec53e5ef295e2e5b2c469d292413cf2a,mlaad_tiny::en::dorothy_and_wizard_oz_09_f000127,paired_core,not_applicable,not_applicable,dorothy_and_wizard_oz_09_f000127,MLAAD::suno_bark,APPROVED,dorothy_and_wizard_oz_09_f000127,dorothy_and_wizard_oz_09_f000127,ABSENT,dorothy_and_wizard_oz_09_f000127,ABSENT,MLAAD::suno_bark,ABSENT,ABSENT,dorothy_and_wizard_oz_09_f000127,none,"pinned source manifest records URL, revision, CC BY-NC 4.0, and competition-use review",data/public_v9/mlaad_tiny_manifest.csv,10a43f18db51d2afeafafb46b8f1bb3436434921b728dddb198ca852fd878d8b,2026-09-01,cal_v13b,f9d5c1b4467b148f40c96fa44415e0423f8c2e91664843357d76231a2a2c6348,C:\Users\lLrich\Desktop\보이스ai해커톤\data\raw\public_v9\mlaad_tiny\fake\en\suno_bark\dorothy_and_wizard_oz_09_f000127.wav,251c84e64c6f5108913f29c7636ef9d5ec53e5ef295e2e5b2c469d292413cf2a,16000,PCM_S16LE,.wav,canonical16k_pcm16_label_independent_v1,none
C:\Users\lLrich\ai_voice_data_v13b\processed\canonical16k_pcm16\mlaad_tiny_matched\93e0b6007846e779d2d02618d4ad16b855379c2fd3209fce3e50dc42d6263b25.wav,0,0,0,1,0,mlaad::dorothy_and_wizard_oz_16,MLAAD_original,mlaad_tiny_matched,mlaad_tiny_matched,mueller91/MLAAD-tiny,dorothy_and_wizard_oz_16_f000035,mlaad_tiny::en::dorothy_and_wizard_oz_16_f000035,https://huggingface.co/datasets/mueller91/MLAAD-tiny,9143e5ea709575ebab6bec52840a1043aada7bb1,M-AILABS original corpus license (see MLAAD LICENSE),YES,YES_WITH_NOTICE,NO_FOR_ORIGINAL_SUBSET,MLAAD-tiny-original,93e0b6007846e779d2d02618d4ad16b855379c2fd3209fce3e50dc42d6263b25,mlaad_tiny::en::dorothy_and_wizard_oz_16_f000035,paired_core,not_applicable,not_applicable,dorothy_and_wizard_oz_16_f000035,MLAAD_original,APPROVED,dorothy_and_wizard_oz_16_f000035,dorothy_and_wizard_oz_16_f000035,ABSENT,dorothy_and_wizard_oz_16_f000035,ABSENT,MLAAD_original,ABSENT,dorothy_and_wizard_oz_16_f000035,ABSENT,none,"pinned source manifest records URL, revision, CC BY-NC 4.0, and competition-use review",data/public_v9/mlaad_tiny_manifest.csv,10a43f18db51d2afeafafb46b8f1bb3436434921b728dddb198ca852fd878d8b,2026-09-01,cal_v13b,0b30cc342a02a12251d905621e000ce39239af873f833864e6e16731f424274f,C:\Users\lLrich\Desktop\보이스ai해커톤\data\raw\public_v9\mlaad_tiny\original\en\dorothy_and_wizard_oz_16_f000035.wav,93e0b6007846e779d2d02618d4ad16b855379c2fd3209fce3e50dc42d6263b25,16000,PCM_S16LE,.wav,canonical16k_pcm16_label_independent_v1,none
C:\Users\lLrich\ai_voice_data_v13b\processed\canonical16k_pcm16\mlaad_tiny_matched\df08bd2df60003a498b69512311c811d5e85591934a2c6726ab25b9009cbd34d.wav,1,1,0,1,0,mlaad::dorothy_and_wizard_oz_16,MLAAD::suno_bark,mlaad_tiny_matched,mlaad_tiny_matched,mueller91/MLAAD-tiny,dorothy_and_wizard_oz_16_f000035,mlaad_tiny::en::dorothy_and_wizard_oz_16_f000035,https://huggingface.co/datasets/mueller91/MLAAD-tiny,9143e5ea709575ebab6bec52840a1043aada7bb1,CC BY-NC 4.0,YES,YES_WITH_ATTRIBUTION_NONCOMMERCIAL,YES_NONCOMMERCIAL_ONLY,MLAAD-tiny-fake,df08bd2df60003a498b69512311c811d5e85591934a2c6726ab25b9009cbd34d,mlaad_tiny::en::dorothy_and_wizard_oz_16_f000035,paired_core,not_applicable,not_applicable,dorothy_and_wizard_oz_16_f000035,MLAAD::suno_bark,APPROVED,dorothy_and_wizard_oz_16_f000035,dorothy_and_wizard_oz_16_f000035,ABSENT,dorothy_and_wizard_oz_16_f000035,ABSENT,MLAAD::suno_bark,ABSENT,ABSENT,dorothy_and_wizard_oz_16_f000035,none,"pinned source manifest records URL, revision, CC BY-NC 4.0, and competition-use review",data/public_v9/mlaad_tiny_manifest.csv,10a43f18db51d2afeafafb46b8f1bb3436434921b728dddb198ca852fd878d8b,2026-09-01,cal_v13b,497bbd3d0e08749125b6116c3540dcc12a7465827d830def373a599edff07c7a,C:\Users\lLrich\Desktop\보이스ai해커톤\data\raw\public_v9\mlaad_tiny\fake\en\suno_bark\dorothy_and_wizard_oz_16_f000035.wav,df08bd2df60003a498b69512311c811d5e85591934a2c6726ab25b9009cbd34d,16000,PCM_S16LE,.wav,canonical16k_pcm16_label_independent_v1,none
C:\Users\lLrich\ai_voice_data_v13b\processed\canonical16k_pcm16\mlaad_tiny_matched\933fe0c2a0f395571a83247bd34ea7ca6555007c0104271b3774234c8affdaa7.wav,0,0,0,1,0,mlaad::emerald_city_of_oz_16,MLAAD_original,mlaad_tiny_matched,mlaad_tiny_matched,mueller91/MLAAD-tiny,emerald_city_of_oz_16_f000007,mlaad_tiny::en::emerald_city_of_oz_16_f000007,https://huggingface.co/datasets/mueller91/MLAAD-tiny,9143e5ea709575ebab6bec52840a1043aada7bb1,M-AILABS original corpus license (see MLAAD LICENSE),YES,YES_WITH_NOTICE,NO_FOR_ORIGINAL_SUBSET,MLAAD-tiny-original,933fe0c2a0f395571a83247bd34ea7ca6555007c0104271b3774234c8affdaa7,mlaad_tiny::en::emerald_city_of_oz_16_f000007,paired_core,not_applicable,not_applicable,emerald_city_of_oz_16_f000007,MLAAD_original,APPROVED,emerald_city_of_oz_16_f000007,emerald_city_of_oz_16_f000007,ABSENT,emerald_city_of_oz_16_f000007,ABSENT,MLAAD_original,ABSENT,emerald_city_of_oz_16_f000007,ABSENT,none,"pinned source manifest records URL, revision, CC BY-NC 4.0, and competition-use review",data/public_v9/mlaad_tiny_manifest.csv,10a43f18db51d2afeafafb46b8f1bb3436434921b728dddb198ca852fd878d8b,2026-09-01,cal_v13b,28e767b6a8146dbf59413a360c68401ef7dda2c3b9ce73182403f4727b1a6fc0,C:\Users\lLrich\Desktop\보이스ai해커톤\data\raw\public_v9\mlaad_tiny\original\en\emerald_city_of_oz_16_f000007.wav,933fe0c2a0f395571a83247bd34ea7ca6555007c0104271b3774234c8affdaa7,16000,PCM_S16LE,.wav,canonical16k_pcm16_label_independent_v1,none
C:\Users\lLrich\ai_voice_data_v13b\processed\canonical16k_pcm16\mlaad_tiny_matched\d069d643b68113685c77971b643b74257506e97fab75e8a583e5b25ea1dd9084.wav,1,1,0,1,0,mlaad::emerald_city_of_oz_16,MLAAD::suno_bark,mlaad_tiny_matched,mlaad_tiny_matched,mueller91/MLAAD-tiny,emerald_city_of_oz_16_f000007,mlaad_tiny::en::emerald_city_of_oz_16_f000007,https://huggingface.co/datasets/mueller91/MLAAD-tiny,9143e5ea709575ebab6bec52840a1043aada7bb1,CC BY-NC 4.0,YES,YES_WITH_ATTRIBUTION_NONCOMMERCIAL,YES_NONCOMMERCIAL_ONLY,MLAAD-tiny-fake,d069d643b68113685c77971b643b74257506e97fab75e8a583e5b25ea1dd9084,mlaad_tiny::en::emerald_city_of_oz_16_f000007,paired_core,not_applicable,not_applicable,emerald_city_of_oz_16_f000007,MLAAD::suno_bark,APPROVED,emerald_city_of_oz_16_f000007,emerald_city_of_oz_16_f000007,ABSENT,emerald_city_of_oz_16_f000007,ABSENT,MLAAD::suno_bark,ABSENT,ABSENT,emerald_city_of_oz_16_f000007,none,"pinned source manifest records URL, revision, CC BY-NC 4.0, and competition-use review",data/public_v9/mlaad_tiny_manifest.csv,10a43f18db51d2afeafafb46b8f1bb3436434921b728dddb198ca852fd878d8b,2026-09-01,cal_v13b,10deabdaebcc573e0b9956c25fd08940d70522bbe591ceb1029b1e5b6244275b,C:\Users\lLrich\Desktop\보이스ai해커톤\data\raw\public_v9\mlaad_tiny\fake\en\suno_bark\emerald_city_of_oz_16_f000007.wav,d069d643b68113685c77971b643b74257506e97fab75e8a583e5b25ea1dd9084,16000,PCM_S16LE,.wav,canonical16k_pcm16_label_independent_v1,none
C:\Users\lLrich\ai_voice_data_v13b\processed\canonical16k_pcm16\mlaad_tiny_matched\1c7180b2004bd7287309662afa1b1ff2c5bb5c0e1e33e9c6b19208b2f448faf6.wav,0,0,0,1,0,mlaad::hunters_space_02,MLAAD_original,mlaad_tiny_matched,mlaad_tiny_matched,mueller91/MLAAD-tiny,hunters_space_02_f000110,mlaad_tiny::en::hunters_space_02_f000110,https://huggingface.co/datasets/mueller91/MLAAD-tiny,9143e5ea709575ebab6bec52840a1043aada7bb1,M-AILABS original corpus license (see MLAAD LICENSE),YES,YES_WITH_NOTICE,NO_FOR_ORIGINAL_SUBSET,MLAAD-tiny-original,1c7180b2004bd7287309662afa1b1ff2c5bb5c0e1e33e9c6b19208b2f448faf6,mlaad_tiny::en::hunters_space_02_f000110,paired_core,not_applicable,not_applicable,hunters_space_02_f000110,MLAAD_original,APPROVED,hunters_space_02_f000110,hunters_space_02_f000110,ABSENT,hunters_space_02_f000110,ABSENT,MLAAD_original,ABSENT,hunters_space_02_f000110,ABSENT,none,"pinned source manifest records URL, revision, CC BY-NC 4.0, and competition-use review",data/public_v9/mlaad_tiny_manifest.csv,10a43f18db51d2afeafafb46b8f1bb3436434921b728dddb198ca852fd878d8b,2026-09-01,cal_v13b,dc604306a2766b5101e6b8690972ed5781774eb4857e57c6b78409b7298b56bb,C:\Users\lLrich\Desktop\보이스ai해커톤\data\raw\public_v9\mlaad_tiny\original\en\hunters_space_02_f000110.wav,1c7180b2004bd7287309662afa1b1ff2c5bb5c0e1e33e9c6b19208b2f448faf6,16000,PCM_S16LE,.wav,canonical16k_pcm16_label_independent_v1,none
C:\Users\lLrich\ai_voice_data_v13b\processed\canonical16k_pcm16\mlaad_tiny_matched\cfb84d7de21fb1dc195337d3ea5b1c234d41f0bce755eef8cffbae8be09c4b8e.wav,1,1,0,1,0,mlaad::hunters_space_02,MLAAD::suno_bark,mlaad_tiny_matched,mlaad_tiny_matched,mueller91/MLAAD-tiny,hunters_space_02_f000110,mlaad_tiny::en::hunters_space_02_f000110,https://huggingface.co/datasets/mueller91/MLAAD-tiny,9143e5ea709575ebab6bec52840a1043aada7bb1,CC BY-NC 4.0,YES,YES_WITH_ATTRIBUTION_NONCOMMERCIAL,YES_NONCOMMERCIAL_ONLY,MLAAD-tiny-fake,cfb84d7de21fb1dc195337d3ea5b1c234d41f0bce755eef8cffbae8be09c4b8e,mlaad_tiny::en::hunters_space_02_f000110,paired_core,not_applicable,not_applicable,hunters_space_02_f000110,MLAAD::suno_bark,APPROVED,hunters_space_02_f000110,hunters_space_02_f000110,ABSENT,hunters_space_02_f000110,ABSENT,MLAAD::suno_bark,ABSENT,ABSENT,hunters_space_02_f000110,none,"pinned source manifest records URL, revision, CC BY-NC 4.0, and competition-use review",data/public_v9/mlaad_tiny_manifest.csv,10a43f18db51d2afeafafb46b8f1bb3436434921b728dddb198ca852fd878d8b,2026-09-01,cal_v13b,0de74697656ef757696dc566e64dfc0f315a568caee8aaa4d0944abfc90e71d3,C:\Users\lLrich\Desktop\보이스ai해커톤\data\raw\public_v9\mlaad_tiny\fake\en\suno_bark\hunters_space_02_f000110.wav,cfb84d7de21fb1dc195337d3ea5b1c234d41f0bce755eef8cffbae8be09c4b8e,16000,PCM_S16LE,.wav,canonical16k_pcm16_label_independent_v1,none
C:\Users\lLrich\ai_voice_data_v13b\processed\canonical16k_pcm16\mlaad_tiny_matched\2229d0a05cdf35f19f5e7ba19223b7017ff005c965253c8e3fd271ba267c8d4d.wav,0,0,0,1,0,mlaad::hunters_space_10,MLAAD_original,mlaad_tiny_matched,mlaad_tiny_matched,mueller91/MLAAD-tiny,hunters_space_10_f000009,mlaad_tiny::en::hunters_space_10_f000009,https://huggingface.co/datasets/mueller91/MLAAD-tiny,9143e5ea709575ebab6bec52840a1043aada7bb1,M-AILABS original corpus license (see MLAAD LICENSE),YES,YES_WITH_NOTICE,NO_FOR_ORIGINAL_SUBSET,MLAAD-tiny-original,2229d0a05cdf35f19f5e7ba19223b7017ff005c965253c8e3fd271ba267c8d4d,mlaad_tiny::en::hunters_space_10_f000009,paired_core,not_applicable,not_applicable,hunters_space_10_f000009,MLAAD_original,APPROVED,hunters_space_10_f000009,hunters_space_10_f000009,ABSENT,hunters_space_10_f000009,ABSENT,MLAAD_original,ABSENT,hunters_space_10_f000009,ABSENT,none,"pinned source manifest records URL, revision, CC BY-NC 4.0, and competition-use review",data/public_v9/mlaad_tiny_manifest.csv,10a43f18db51d2afeafafb46b8f1bb3436434921b728dddb198ca852fd878d8b,2026-09-01,cal_v13b,5d472d4df9cafc83ca47f246b770323ee462fb88e4e80e90e9c767974da35d18,C:\Users\lLrich\Desktop\보이스ai해커톤\data\raw\public_v9\mlaad_tiny\original\en\hunters_space_10_f000009.wav,2229d0a05cdf35f19f5e7ba19223b7017ff005c965253c8e3fd271ba267c8d4d,16000,PCM_S16LE,.wav,canonical16k_pcm16_label_independent_v1,none
C:\Users\lLrich\ai_voice_data_v13b\processed\canonical16k_pcm16\mlaad_tiny_matched\982d64d3919e7e54be0c839df41761146a46b6b7f06ffcd53e2774f1b0629852.wav,1,1,0,1,0,mlaad::hunters_space_10,MLAAD::suno_bark,mlaad_tiny_matched,mlaad_tiny_matched,mueller91/MLAAD-tiny,hunters_space_10_f000009,mlaad_tiny::en::hunters_space_10_f000009,https://huggingface.co/datasets/mueller91/MLAAD-tiny,9143e5ea709575ebab6bec52840a1043aada7bb1,CC BY-NC 4.0,YES,YES_WITH_ATTRIBUTION_NONCOMMERCIAL,YES_NONCOMMERCIAL_ONLY,MLAAD-tiny-fake,982d64d3919e7e54be0c839df41761146a46b6b7f06ffcd53e2774f1b0629852,mlaad_tiny::en::hunters_space_10_f000009,paired_core,not_applicable,not_applicable,hunters_space_10_f000009,MLAAD::suno_bark,APPROVED,hunters_space_10_f000009,hunters_space_10_f000009,ABSENT,hunters_space_10_f000009,ABSENT,MLAAD::suno_bark,ABSENT,ABSENT,hunters_space_10_f000009,none,"pinned source manifest records URL, revision, CC BY-NC 4.0, and competition-use review",data/public_v9/mlaad_tiny_manifest.csv,10a43f18db51d2afeafafb46b8f1bb3436434921b728dddb198ca852fd878d8b,2026-09-01,cal_v13b,5fcf75b4aaa2cc7c06b464aec883faae04f9f62d081afd8678cd09da701e264b,C:\Users\lLrich\Desktop\보이스ai해커톤\data\raw\public_v9\mlaad_tiny\fake\en\suno_bark\hunters_space_10_f000009.wav,982d64d3919e7e54be0c839df41761146a46b6b7f06ffcd53e2774f1b0629852,16000,PCM_S16LE,.wav,canonical16k_pcm16_label_independent_v1,none
C:\Users\lLrich\ai_voice_data_v13b\processed\canonical16k_pcm16\mlaad_tiny_matched\b968c79213291a09c0003a02380618af1089981a4b02a0ce06c0029d459c3911.wav,0,0,0,1,0,mlaad::jane_eyre_02,MLAAD_original,mlaad_tiny_matched,mlaad_tiny_matched,mueller91/MLAAD-tiny,jane_eyre_02_f000021,mlaad_tiny::en::jane_eyre_02_f000021,https://huggingface.co/datasets/mueller91/MLAAD-tiny,9143e5ea709575ebab6bec52840a1043aada7bb1,M-AILABS original corpus license (see MLAAD LICENSE),YES,YES_WITH_NOTICE,NO_FOR_ORIGINAL_SUBSET,MLAAD-tiny-original,b968c79213291a09c0003a02380618af1089981a4b02a0ce06c0029d459c3911,mlaad_tiny::en::jane_eyre_02_f000021,paired_core,not_applicable,not_applicable,jane_eyre_02_f000021,MLAAD_original,APPROVED,jane_eyre_02_f000021,jane_eyre_02_f000021,ABSENT,jane_eyre_02_f000021,ABSENT,MLAAD_original,ABSENT,jane_eyre_02_f000021,ABSENT,none,"pinned source manifest records URL, revision, CC BY-NC 4.0, and competition-use review",data/public_v9/mlaad_tiny_manifest.csv,10a43f18db51d2afeafafb46b8f1bb3436434921b728dddb198ca852fd878d8b,2026-09-01,cal_v13b,8958119d6c6d2e45aed2df2f45e3fed9883ccf82ba203a36704dedec76d2299b,C:\Users\lLrich\Desktop\보이스ai해커톤\data\raw\public_v9\mlaad_tiny\original\en\jane_eyre_02_f000021.wav,b968c79213291a09c0003a02380618af1089981a4b02a0ce06c0029d459c3911,16000,PCM_S16LE,.wav,canonical16k_pcm16_label_independent_v1,none
C:\Users\lLrich\ai_voice_data_v13b\processed\canonical16k_pcm16\mlaad_tiny_matched\34040ba0552a0197e1b823546a1cb9fd5ef6f7fdb441722f7f82791b4f3ac77e.wav,1,1,0,1,0,mlaad::jane_eyre_02,MLAAD::suno_bark,mlaad_tiny_matched,mlaad_tiny_matched,mueller91/MLAAD-tiny,jane_eyre_02_f000021,mlaad_tiny::en::jane_eyre_02_f000021,https://huggingface.co/datasets/mueller91/MLAAD-tiny,9143e5ea709575ebab6bec52840a1043aada7bb1,CC BY-NC 4.0,YES,YES_WITH_ATTRIBUTION_NONCOMMERCIAL,YES_NONCOMMERCIAL_ONLY,MLAAD-tiny-fake,34040ba0552a0197e1b823546a1cb9fd5ef6f7fdb441722f7f82791b4f3ac77e,mlaad_tiny::en::jane_eyre_02_f000021,paired_core,not_applicable,not_applicable,jane_eyre_02_f000021,MLAAD::suno_bark,APPROVED,jane_eyre_02_f000021,jane_eyre_02_f000021,ABSENT,jane_eyre_02_f000021,ABSENT,MLAAD::suno_bark,ABSENT,ABSENT,jane_eyre_02_f000021,none,"pinned source manifest records URL, revision, CC BY-NC 4.0, and competition-use review",data/public_v9/mlaad_tiny_manifest.csv,10a43f18db51d2afeafafb46b8f1bb3436434921b728dddb198ca852fd878d8b,2026-09-01,cal_v13b,4627b3d347aa855e69a340e17d5e453e110a5650e1de7f9de0e3a6e96c0a93af,C:\Users\lLrich\Desktop\보이스ai해커톤\data\raw\public_v9\mlaad_tiny\fake\en\suno_bark\jane_eyre_02_f000021.wav,34040ba0552a0197e1b823546a1cb9fd5ef6f7fdb441722f7f82791b4f3ac77e,16000,PCM_S16LE,.wav,canonical16k_pcm16_label_independent_v1,none
C:\Users\lLrich\ai_voice_data_v13b\processed\canonical16k_pcm16\mlaad_tiny_matched\2ed1d95e75b2dbe474c1a21550e1456e98eda005e445f0a9810934960d8e1e08.wav,0,0,0,1,0,mlaad::jane_eyre_03,MLAAD_original,mlaad_tiny_matched,mlaad_tiny_matched,mueller91/MLAAD-tiny,jane_eyre_03_f000013,mlaad_tiny::en::jane_eyre_03_f000013,https://huggingface.co/datasets/mueller91/MLAAD-tiny,9143e5ea709575ebab6bec52840a1043aada7bb1,M-AILABS original corpus license (see MLAAD LICENSE),YES,YES_WITH_NOTICE,NO_FOR_ORIGINAL_SUBSET,MLAAD-tiny-original,2ed1d95e75b2dbe474c1a21550e1456e98eda005e445f0a9810934960d8e1e08,mlaad_tiny::en::jane_eyre_03_f000013,paired_core,not_applicable,not_applicable,jane_eyre_03_f000013,MLAAD_original,APPROVED,jane_eyre_03_f000013,jane_eyre_03_f000013,ABSENT,jane_eyre_03_f000013,ABSENT,MLAAD_original,ABSENT,jane_eyre_03_f000013,ABSENT,none,"pinned source manifest records URL, revision, CC BY-NC 4.0, and competition-use review",data/public_v9/mlaad_tiny_manifest.csv,10a43f18db51d2afeafafb46b8f1bb3436434921b728dddb198ca852fd878d8b,2026-09-01,cal_v13b,b4ba7f6d3ccbe22495c0f8125a70fd1abd8fc9c398a00efc9d64a652d6e1932a,C:\Users\lLrich\Desktop\보이스ai해커톤\data\raw\public_v9\mlaad_tiny\original\en\jane_eyre_03_f000013.wav,2ed1d95e75b2dbe474c1a21550e1456e98eda005e445f0a9810934960d8e1e08,16000,PCM_S16LE,.wav,canonical16k_pcm16_label_independent_v1,none
C:\Users\lLrich\ai_voice_data_v13b\processed\canonical16k_pcm16\mlaad_tiny_matched\32112d53e2b1d6f2e97ff1b9ce27eed83fea99f9a9b56821bd0d182baa16c620.wav,1,1,0,1,0,mlaad::jane_eyre_03,MLAAD::suno_bark,mlaad_tiny_matched,mlaad_tiny_matched,mueller91/MLAAD-tiny,jane_eyre_03_f000013,mlaad_tiny::en::jane_eyre_03_f000013,https://huggingface.co/datasets/mueller91/MLAAD-tiny,9143e5ea709575ebab6bec52840a1043aada7bb1,CC BY-NC 4.0,YES,YES_WITH_ATTRIBUTION_NONCOMMERCIAL,YES_NONCOMMERCIAL_ONLY,MLAAD-tiny-fake,32112d53e2b1d6f2e97ff1b9ce27eed83fea99f9a9b56821bd0d182baa16c620,mlaad_tiny::en::jane_eyre_03_f000013,paired_core,not_applicable,not_applicable,jane_eyre_03_f000013,MLAAD::suno_bark,APPROVED,jane_eyre_03_f000013,jane_eyre_03_f000013,ABSENT,jane_eyre_03_f000013,ABSENT,MLAAD::suno_bark,ABSENT,ABSENT,jane_eyre_03_f000013,none,"pinned source manifest records URL, revision, CC BY-NC 4.0, and competition-use review",data/public_v9/mlaad_tiny_manifest.csv,10a43f18db51d2afeafafb46b8f1bb3436434921b728dddb198ca852fd878d8b,2026-09-01,cal_v13b,f511f5a7aeca8af8398497ecf49a3b239c7ac341a989ddaafaca2ae53cd713e9,C:\Users\lLrich\Desktop\보이스ai해커톤\data\raw\public_v9\mlaad_tiny\fake\en\suno_bark\jane_eyre_03_f000013.wav,32112d53e2b1d6f2e97ff1b9ce27eed83fea99f9a9b56821bd0d182baa16c620,16000,PCM_S16LE,.wav,canonical16k_pcm16_label_independent_v1,none
C:\Users\lLrich\ai_voice_data_v13b\processed\canonical16k_pcm16\mlaad_tiny_matched\376aae5565113dced5e22c75c1e8502e6780037b6d435ae2c297b7fcce365ba7.wav,0,0,0,1,0,mlaad::jane_eyre_04,MLAAD_original,mlaad_tiny_matched,mlaad_tiny_matched,mueller91/MLAAD-tiny,jane_eyre_04_f000138,mlaad_tiny::en::jane_eyre_04_f000138,https://huggingface.co/datasets/mueller91/MLAAD-tiny,9143e5ea709575ebab6bec52840a1043aada7bb1,M-AILABS original corpus license (see MLAAD LICENSE),YES,YES_WITH_NOTICE,NO_FOR_ORIGINAL_SUBSET,MLAAD-tiny-original,376aae5565113dced5e22c75c1e8502e6780037b6d435ae2c297b7fcce365ba7,mlaad_tiny::en::jane_eyre_04_f000138,paired_core,not_applicable,not_applicable,jane_eyre_04_f000138,MLAAD_original,APPROVED,jane_eyre_04_f000138,jane_eyre_04_f000138,ABSENT,jane_eyre_04_f000138,ABSENT,MLAAD_original,ABSENT,jane_eyre_04_f000138,ABSENT,none,"pinned source manifest records URL, revision, CC BY-NC 4.0, and competition-use review",data/public_v9/mlaad_tiny_manifest.csv,10a43f18db51d2afeafafb46b8f1bb3436434921b728dddb198ca852fd878d8b,2026-09-01,cal_v13b,64a94a15d1e68b914fbd967d30c2a69a1059c72b3893f887c4339f435e3ea932,C:\Users\lLrich\Desktop\보이스ai해커톤\data\raw\public_v9\mlaad_tiny\original\en\jane_eyre_04_f000138.wav,376aae5565113dced5e22c75c1e8502e6780037b6d435ae2c297b7fcce365ba7,16000,PCM_S16LE,.wav,canonical16k_pcm16_label_independent_v1,none
C:\Users\lLrich\ai_voice_data_v13b\processed\canonical16k_pcm16\mlaad_tiny_matched\64d30f14cc7cbe76cecc89f5039ec401b428ce978d558d7bc925fa1ae4bcf3f7.wav,1,1,0,1,0,mlaad::jane_eyre_04,MLAAD::suno_bark,mlaad_tiny_matched,mlaad_tiny_matched,mueller91/MLAAD-tiny,jane_eyre_04_f000138,mlaad_tiny::en::jane_eyre_04_f000138,https://huggingface.co/datasets/mueller91/MLAAD-tiny,9143e5ea709575ebab6bec52840a1043aada7bb1,CC BY-NC 4.0,YES,YES_WITH_ATTRIBUTION_NONCOMMERCIAL,YES_NONCOMMERCIAL_ONLY,MLAAD-tiny-fake,64d30f14cc7cbe76cecc89f5039ec401b428ce978d558d7bc925fa1ae4bcf3f7,mlaad_tiny::en::jane_eyre_04_f000138,paired_core,not_applicable,not_applicable,jane_eyre_04_f000138,MLAAD::suno_bark,APPROVED,jane_eyre_04_f000138,jane_eyre_04_f000138,ABSENT,jane_eyre_04_f000138,ABSENT,MLAAD::suno_bark,ABSENT,ABSENT,jane_eyre_04_f000138,none,"pinned source manifest records URL, revision, CC BY-NC 4.0, and competition-use review",data/public_v9/mlaad_tiny_manifest.csv,10a43f18db51d2afeafafb46b8f1bb3436434921b728dddb198ca852fd878d8b,2026-09-01,cal_v13b,52c4ca798514d6f92e10068d1b44a074c6d0678e4d04310f5178effc6642b9da,C:\Users\lLrich\Desktop\보이스ai해커톤\data\raw\public_v9\mlaad_tiny\fake\en\suno_bark\jane_eyre_04_f000138.wav,64d30f14cc7cbe76cecc89f5039ec401b428ce978d558d7bc925fa1ae4bcf3f7,16000,PCM_S16LE,.wav,canonical16k_pcm16_label_independent_v1,none
C:\Users\lLrich\ai_voice_data_v13b\processed\canonical16k_pcm16\mlaad_tiny_matched\ab003f5a35cf80534e1789148d7e74c4fbd190b8cb227109e00cdde8ebee7a6a.wav,0,0,0,1,0,mlaad::jane_eyre_05,MLAAD_original,mlaad_tiny_matched,mlaad_tiny_matched,mueller91/MLAAD-tiny,jane_eyre_05_f000137,mlaad_tiny::en::jane_eyre_05_f000137,https://huggingface.co/datasets/mueller91/MLAAD-tiny,9143e5ea709575ebab6bec52840a1043aada7bb1,M-AILABS original corpus license (see MLAAD LICENSE),YES,YES_WITH_NOTICE,NO_FOR_ORIGINAL_SUBSET,MLAAD-tiny-original,ab003f5a35cf80534e1789148d7e74c4fbd190b8cb227109e00cdde8ebee7a6a,mlaad_tiny::en::jane_eyre_05_f000137,paired_core,not_applicable,not_applicable,jane_eyre_05_f000137,MLAAD_original,APPROVED,jane_eyre_05_f000137,jane_eyre_05_f000137,ABSENT,jane_eyre_05_f000137,ABSENT,MLAAD_original,ABSENT,jane_eyre_05_f000137,ABSENT,none,"pinned source manifest records URL, revision, CC BY-NC 4.0, and competition-use review",data/public_v9/mlaad_tiny_manifest.csv,10a43f18db51d2afeafafb46b8f1bb3436434921b728dddb198ca852fd878d8b,2026-09-01,cal_v13b,afe00cd3375dbe3f99738b771cf2b17207c38169eef06671eabb1d32376e473e,C:\Users\lLrich\Desktop\보이스ai해커톤\data\raw\public_v9\mlaad_tiny\original\en\jane_eyre_05_f000137.wav,ab003f5a35cf80534e1789148d7e74c4fbd190b8cb227109e00cdde8ebee7a6a,16000,PCM_S16LE,.wav,canonical16k_pcm16_label_independent_v1,none
C:\Users\lLrich\ai_voice_data_v13b\processed\canonical16k_pcm16\mlaad_tiny_matched\e6f0ba7f927cad4a51c3f66528ef07778349708e4f7e9b48bc86564df6600f43.wav,1,1,0,1,0,mlaad::jane_eyre_05,MLAAD::suno_bark,mlaad_tiny_matched,mlaad_tiny_matched,mueller91/MLAAD-tiny,jane_eyre_05_f000137,mlaad_tiny::en::jane_eyre_05_f000137,https://huggingface.co/datasets/mueller91/MLAAD-tiny,9143e5ea709575ebab6bec52840a1043aada7bb1,CC BY-NC 4.0,YES,YES_WITH_ATTRIBUTION_NONCOMMERCIAL,YES_NONCOMMERCIAL_ONLY,MLAAD-tiny-fake,e6f0ba7f927cad4a51c3f66528ef07778349708e4f7e9b48bc86564df6600f43,mlaad_tiny::en::jane_eyre_05_f000137,paired_core,not_applicable,not_applicable,jane_eyre_05_f000137,MLAAD::suno_bark,APPROVED,jane_eyre_05_f000137,jane_eyre_05_f000137,ABSENT,jane_eyre_05_f000137,ABSENT,MLAAD::suno_bark,ABSENT,ABSENT,jane_eyre_05_f000137,none,"pinned source manifest records URL, revision, CC BY-NC 4.0, and competition-use review",data/public_v9/mlaad_tiny_manifest.csv,10a43f18db51d2afeafafb46b8f1bb3436434921b728dddb198ca852fd878d8b,2026-09-01,cal_v13b,3c46c60404e4baf7cde38341778333ca9e3b2dd99665c7aa662434373100f977,C:\Users\lLrich\Desktop\보이스ai해커톤\data\raw\public_v9\mlaad_tiny\fake\en\suno_bark\jane_eyre_05_f000137.wav,e6f0ba7f927cad4a51c3f66528ef07778349708e4f7e9b48bc86564df6600f43,16000,PCM_S16LE,.wav,canonical16k_pcm16_label_independent_v1,none
C:\Users\lLrich\ai_voice_data_v13b\processed\canonical16k_pcm16\mlaad_tiny_matched\afe34aca112465a5f7dc5cdb9d8ba589f40361580c240f7fc37c3e921ba4f0d8.wav,0,0,0,1,0,mlaad::dorothy_and_wizard_oz_02,MLAAD_original,mlaad_tiny_matched,mlaad_tiny_matched,mueller91/MLAAD-tiny,dorothy_and_wizard_oz_02_f000009,mlaad_tiny::en::dorothy_and_wizard_oz_02_f000009,https://huggingface.co/datasets/mueller91/MLAAD-tiny,9143e5ea709575ebab6bec52840a1043aada7bb1,M-AILABS original corpus license (see MLAAD LICENSE),YES,YES_WITH_NOTICE,NO_FOR_ORIGINAL_SUBSET,MLAAD-tiny-original,afe34aca112465a5f7dc5cdb9d8ba589f40361580c240f7fc37c3e921ba4f0d8,mlaad_tiny::en::dorothy_and_wizard_oz_02_f000009,paired_core,not_applicable,not_applicable,dorothy_and_wizard_oz_02_f000009,MLAAD_original,APPROVED,dorothy_and_wizard_oz_02_f000009,dorothy_and_wizard_oz_02_f000009,ABSENT,dorothy_and_wizard_oz_02_f000009,ABSENT,MLAAD_original,ABSENT,dorothy_and_wizard_oz_02_f000009,ABSENT,none,"pinned source manifest records URL, revision, CC BY-NC 4.0, and competition-use review",data/public_v9/mlaad_tiny_manifest.csv,10a43f18db51d2afeafafb46b8f1bb3436434921b728dddb198ca852fd878d8b,2026-09-01,cal_v13b,03aac58253d867d4b40770f2c4939552bd21cefbba150431ab20be21ddc2f93c,C:\Users\lLrich\Desktop\보이스ai해커톤\data\raw\public_v9\mlaad_tiny\original\en\dorothy_and_wizard_oz_02_f000009.wav,afe34aca112465a5f7dc5cdb9d8ba589f40361580c240f7fc37c3e921ba4f0d8,16000,PCM_S16LE,.wav,canonical16k_pcm16_label_independent_v1,none
C:\Users\lLrich\ai_voice_data_v13b\processed\canonical16k_pcm16\mlaad_tiny_matched\396eae42748f62c9ed080eea88d2cc3bcd82db32ca7e63fa661c2242fcc07332.wav,1,1,0,1,0,mlaad::dorothy_and_wizard_oz_02,MLAAD::zonosTTS-v0.1,mlaad_tiny_matched,mlaad_tiny_matched,mueller91/MLAAD-tiny,dorothy_and_wizard_oz_02_f000009,mlaad_tiny::en::dorothy_and_wizard_oz_02_f000009,https://huggingface.co/datasets/mueller91/MLAAD-tiny,9143e5ea709575ebab6bec52840a1043aada7bb1,CC BY-NC 4.0,YES,YES_WITH_ATTRIBUTION_NONCOMMERCIAL,YES_NONCOMMERCIAL_ONLY,MLAAD-tiny-fake,396eae42748f62c9ed080eea88d2cc3bcd82db32ca7e63fa661c2242fcc07332,mlaad_tiny::en::dorothy_and_wizard_oz_02_f000009,paired_core,not_applicable,not_applicable,dorothy_and_wizard_oz_02_f000009,MLAAD::zonosTTS-v0.1,APPROVED,dorothy_and_wizard_oz_02_f000009,dorothy_and_wizard_oz_02_f000009,ABSENT,dorothy_and_wizard_oz_02_f000009,ABSENT,MLAAD::zonosTTS-v0.1,ABSENT,ABSENT,dorothy_and_wizard_oz_02_f000009,none,"pinned source manifest records URL, revision, CC BY-NC 4.0, and competition-use review",data/public_v9/mlaad_tiny_manifest.csv,10a43f18db51d2afeafafb46b8f1bb3436434921b728dddb198ca852fd878d8b,2026-09-01,cal_v13b,feed4099a9e192c8958b37f1cafd95db668720135bf96e27badfb9646a976b5a,C:\Users\lLrich\Desktop\보이스ai해커톤\data\raw\public_v9\mlaad_tiny\fake\en\zonosTTS-v0.1\dorothy_and_wizard_oz_02_f000009.wav,396eae42748f62c9ed080eea88d2cc3bcd82db32ca7e63fa661c2242fcc07332,16000,PCM_S16LE,.wav,canonical16k_pcm16_label_independent_v1,none
C:\Users\lLrich\ai_voice_data_v13b\processed\canonical16k_pcm16\mlaad_tiny_matched\ba1cd13c6d15a6675331b3a78906ee52f94c3497c7f9b60d5b1969f0d30cf21c.wav,0,0,0,1,0,mlaad::dorothy_and_wizard_oz_12,MLAAD_original,mlaad_tiny_matched,mlaad_tiny_matched,mueller91/MLAAD-tiny,dorothy_and_wizard_oz_12_f000071,mlaad_tiny::en::dorothy_and_wizard_oz_12_f000071,https://huggingface.co/datasets/mueller91/MLAAD-tiny,9143e5ea709575ebab6bec52840a1043aada7bb1,M-AILABS original corpus license (see MLAAD LICENSE),YES,YES_WITH_NOTICE,NO_FOR_ORIGINAL_SUBSET,MLAAD-tiny-original,ba1cd13c6d15a6675331b3a78906ee52f94c3497c7f9b60d5b1969f0d30cf21c,mlaad_tiny::en::dorothy_and_wizard_oz_12_f000071,paired_core,not_applicable,not_applicable,dorothy_and_wizard_oz_12_f000071,MLAAD_original,APPROVED,dorothy_and_wizard_oz_12_f000071,dorothy_and_wizard_oz_12_f000071,ABSENT,dorothy_and_wizard_oz_12_f000071,ABSENT,MLAAD_original,ABSENT,dorothy_and_wizard_oz_12_f000071,ABSENT,none,"pinned source manifest records URL, revision, CC BY-NC 4.0, and competition-use review",data/public_v9/mlaad_tiny_manifest.csv,10a43f18db51d2afeafafb46b8f1bb3436434921b728dddb198ca852fd878d8b,2026-09-01,cal_v13b,7404a8e69bafa0d68ea7be65f08eca5a41aa566881a4acc234b4e0f555ebf1ac,C:\Users\lLrich\Desktop\보이스ai해커톤\data\raw\public_v9\mlaad_tiny\original\en\dorothy_and_wizard_oz_12_f000071.wav,ba1cd13c6d15a6675331b3a78906ee52f94c3497c7f9b60d5b1969f0d30cf21c,16000,PCM_S16LE,.wav,canonical16k_pcm16_label_independent_v1,none
C:\Users\lLrich\ai_voice_data_v13b\processed\canonical16k_pcm16\mlaad_tiny_matched\505788cbf28c96c3812943afdea934defed3ebe4ee3b2fbe4addd1879a4c4a24.wav,1,1,0,1,0,mlaad::dorothy_and_wizard_oz_12,MLAAD::zonosTTS-v0.1,mlaad_tiny_matched,mlaad_tiny_matched,mueller91/MLAAD-tiny,dorothy_and_wizard_oz_12_f000071,mlaad_tiny::en::dorothy_and_wizard_oz_12_f000071,https://huggingface.co/datasets/mueller91/MLAAD-tiny,9143e5ea709575ebab6bec52840a1043aada7bb1,CC BY-NC 4.0,YES,YES_WITH_ATTRIBUTION_NONCOMMERCIAL,YES_NONCOMMERCIAL_ONLY,MLAAD-tiny-fake,505788cbf28c96c3812943afdea934defed3ebe4ee3b2fbe4addd1879a4c4a24,mlaad_tiny::en::dorothy_and_wizard_oz_12_f000071,paired_core,not_applicable,not_applicable,dorothy_and_wizard_oz_12_f000071,MLAAD::zonosTTS-v0.1,APPROVED,dorothy_and_wizard_oz_12_f000071,dorothy_and_wizard_oz_12_f000071,ABSENT,dorothy_and_wizard_oz_12_f000071,ABSENT,MLAAD::zonosTTS-v0.1,ABSENT,ABSENT,dorothy_and_wizard_oz_12_f000071,none,"pinned source manifest records URL, revision, CC BY-NC 4.0, and competition-use review",data/public_v9/mlaad_tiny_manifest.csv,10a43f18db51d2afeafafb46b8f1bb3436434921b728dddb198ca852fd878d8b,2026-09-01,cal_v13b,100e1a1bbca52bb178a260746b85978911b6f99f4124aed0c4a6113421099c23,C:\Users\lLrich\Desktop\보이스ai해커톤\data\raw\public_v9\mlaad_tiny\fake\en\zonosTTS-v0.1\dorothy_and_wizard_oz_12_f000071.wav,505788cbf28c96c3812943afdea934defed3ebe4ee3b2fbe4addd1879a4c4a24,16000,PCM_S16LE,.wav,canonical16k_pcm16_label_independent_v1,none
C:\Users\lLrich\ai_voice_data_v13b\processed\canonical16k_pcm16\mlaad_tiny_matched\e45a471c35ec2b368b0a18a31b8c1a6b0b8a188f16aa1df9b9756734549a694d.wav,0,0,0,1,0,mlaad::dorothy_and_wizard_oz_19,MLAAD_original,mlaad_tiny_matched,mlaad_tiny_matched,mueller91/MLAAD-tiny,dorothy_and_wizard_oz_19_f000025,mlaad_tiny::en::dorothy_and_wizard_oz_19_f000025,https://huggingface.co/datasets/mueller91/MLAAD-tiny,9143e5ea709575ebab6bec52840a1043aada7bb1,M-AILABS original corpus license (see MLAAD LICENSE),YES,YES_WITH_NOTICE,NO_FOR_ORIGINAL_SUBSET,MLAAD-tiny-original,e45a471c35ec2b368b0a18a31b8c1a6b0b8a188f16aa1df9b9756734549a694d,mlaad_tiny::en::dorothy_and_wizard_oz_19_f000025,paired_core,not_applicable,not_applicable,dorothy_and_wizard_oz_19_f000025,MLAAD_original,APPROVED,dorothy_and_wizard_oz_19_f000025,dorothy_and_wizard_oz_19_f000025,ABSENT,dorothy_and_wizard_oz_19_f000025,ABSENT,MLAAD_original,ABSENT,dorothy_and_wizard_oz_19_f000025,ABSENT,none,"pinned source manifest records URL, revision, CC BY-NC 4.0, and competition-use review",data/public_v9/mlaad_tiny_manifest.csv,10a43f18db51d2afeafafb46b8f1bb3436434921b728dddb198ca852fd878d8b,2026-09-01,cal_v13b,0195c3d5ded7ba4bdd3d730ca374f5a9d542526f69cec2982137514e971f2ca1,C:\Users\lLrich\Desktop\보이스ai해커톤\data\raw\public_v9\mlaad_tiny\original\en\dorothy_and_wizard_oz_19_f000025.wav,e45a471c35ec2b368b0a18a31b8c1a6b0b8a188f16aa1df9b9756734549a694d,16000,PCM_S16LE,.wav,canonical16k_pcm16_label_independent_v1,none
C:\Users\lLrich\ai_voice_data_v13b\processed\canonical16k_pcm16\mlaad_tiny_matched\d880f814af16668433971a6fe1a1a1b94a91ac9947944dfbcb2414985ef99cd9.wav,1,1,0,1,0,mlaad::dorothy_and_wizard_oz_19,MLAAD::zonosTTS-v0.1,mlaad_tiny_matched,mlaad_tiny_matched,mueller91/MLAAD-tiny,dorothy_and_wizard_oz_19_f000025,mlaad_tiny::en::dorothy_and_wizard_oz_19_f000025,https://huggingface.co/datasets/mueller91/MLAAD-tiny,9143e5ea709575ebab6bec52840a1043aada7bb1,CC BY-NC 4.0,YES,YES_WITH_ATTRIBUTION_NONCOMMERCIAL,YES_NONCOMMERCIAL_ONLY,MLAAD-tiny-fake,d880f814af16668433971a6fe1a1a1b94a91ac9947944dfbcb2414985ef99cd9,mlaad_tiny::en::dorothy_and_wizard_oz_19_f000025,paired_core,not_applicable,not_applicable,dorothy_and_wizard_oz_19_f000025,MLAAD::zonosTTS-v0.1,APPROVED,dorothy_and_wizard_oz_19_f000025,dorothy_and_wizard_oz_19_f000025,ABSENT,dorothy_and_wizard_oz_19_f000025,ABSENT,MLAAD::zonosTTS-v0.1,ABSENT,ABSENT,dorothy_and_wizard_oz_19_f000025,none,"pinned source manifest records URL, revision, CC BY-NC 4.0, and competition-use review",data/public_v9/mlaad_tiny_manifest.csv,10a43f18db51d2afeafafb46b8f1bb3436434921b728dddb198ca852fd878d8b,2026-09-01,cal_v13b,d05f9ac9ac5447d68e111512ebaaf470f0d9e5af9ed5641918191cbbed1c731e,C:\Users\lLrich\Desktop\보이스ai해커톤\data\raw\public_v9\mlaad_tiny\fake\en\zonosTTS-v0.1\dorothy_and_wizard_oz_19_f000025.wav,d880f814af16668433971a6fe1a1a1b94a91ac9947944dfbcb2414985ef99cd9,16000,PCM_S16LE,.wav,canonical16k_pcm16_label_independent_v1,none
C:\Users\lLrich\ai_voice_data_v13b\processed\canonical16k_pcm16\mlaad_tiny_matched\a5c3626384fdc6b4ace8a78872212d70d7f739c5b127e3ab153fddbe9d251378.wav,0,0,0,1,0,mlaad::dorothy_and_wizard_oz_20,MLAAD_original,mlaad_tiny_matched,mlaad_tiny_matched,mueller91/MLAAD-tiny,dorothy_and_wizard_oz_20_f000022,mlaad_tiny::en::dorothy_and_wizard_oz_20_f000022,https://huggingface.co/datasets/mueller91/MLAAD-tiny,9143e5ea709575ebab6bec52840a1043aada7bb1,M-AILABS original corpus license (see MLAAD LICENSE),YES,YES_WITH_NOTICE,NO_FOR_ORIGINAL_SUBSET,MLAAD-tiny-original,a5c3626384fdc6b4ace8a78872212d70d7f739c5b127e3ab153fddbe9d251378,mlaad_tiny::en::dorothy_and_wizard_oz_20_f000022,paired_core,not_applicable,not_applicable,dorothy_and_wizard_oz_20_f000022,MLAAD_original,APPROVED,dorothy_and_wizard_oz_20_f000022,dorothy_and_wizard_oz_20_f000022,ABSENT,dorothy_and_wizard_oz_20_f000022,ABSENT,MLAAD_original,ABSENT,dorothy_and_wizard_oz_20_f000022,ABSENT,none,"pinned source manifest records URL, revision, CC BY-NC 4.0, and competition-use review",data/public_v9/mlaad_tiny_manifest.csv,10a43f18db51d2afeafafb46b8f1bb3436434921b728dddb198ca852fd878d8b,2026-09-01,cal_v13b,0fc474723866a76f75e6180350f173694fbb971aa3d721458c2722e61ca51a2d,C:\Users\lLrich\Desktop\보이스ai해커톤\data\raw\public_v9\mlaad_tiny\original\en\dorothy_and_wizard_oz_20_f000022.wav,a5c3626384fdc6b4ace8a78872212d70d7f739c5b127e3ab153fddbe9d251378,16000,PCM_S16LE,.wav,canonical16k_pcm16_label_independent_v1,none
C:\Users\lLrich\ai_voice_data_v13b\processed\canonical16k_pcm16\mlaad_tiny_matched\5258ad3477dbe9b35bad344bf2352f97c9121d409c5862b3352de5ccc9596bab.wav,1,1,0,1,0,mlaad::dorothy_and_wizard_oz_20,MLAAD::zonosTTS-v0.1,mlaad_tiny_matched,mlaad_tiny_matched,mueller91/MLAAD-tiny,dorothy_and_wizard_oz_20_f000022,mlaad_tiny::en::dorothy_and_wizard_oz_20_f000022,https://huggingface.co/datasets/mueller91/MLAAD-tiny,9143e5ea709575ebab6bec52840a1043aada7bb1,CC BY-NC 4.0,YES,YES_WITH_ATTRIBUTION_NONCOMMERCIAL,YES_NONCOMMERCIAL_ONLY,MLAAD-tiny-fake,5258ad3477dbe9b35bad344bf2352f97c9121d409c5862b3352de5ccc9596bab,mlaad_tiny::en::dorothy_and_wizard_oz_20_f000022,paired_core,not_applicable,not_applicable,dorothy_and_wizard_oz_20_f000022,MLAAD::zonosTTS-v0.1,APPROVED,dorothy_and_wizard_oz_20_f000022,dorothy_and_wizard_oz_20_f000022,ABSENT,dorothy_and_wizard_oz_20_f000022,ABSENT,MLAAD::zonosTTS-v0.1,ABSENT,ABSENT,dorothy_and_wizard_oz_20_f000022,none,"pinned source manifest records URL, revision, CC BY-NC 4.0, and competition-use review",data/public_v9/mlaad_tiny_manifest.csv,10a43f18db51d2afeafafb46b8f1bb3436434921b728dddb198ca852fd878d8b,2026-09-01,cal_v13b,7965147f6c7ace089ad69f1933fce7dc9f4f165334358012bebf4a54318cc2be,C:\Users\lLrich\Desktop\보이스ai해커톤\data\raw\public_v9\mlaad_tiny\fake\en\zonosTTS-v0.1\dorothy_and_wizard_oz_20_f000022.wav,5258ad3477dbe9b35bad344bf2352f97c9121d409c5862b3352de5ccc9596bab,16000,PCM_S16LE,.wav,canonical16k_pcm16_label_independent_v1,none
C:\Users\lLrich\ai_voice_data_v13b\processed\canonical16k_pcm16\mlaad_tiny_matched\ef5a901b0d2f812ccb21d43cd7b0e40d34897a25d10bc13c15f61f8592333e4a.wav,0,0,0,1,0,mlaad::emerald_city_of_oz_07,MLAAD_original,mlaad_tiny_matched,mlaad_tiny_matched,mueller91/MLAAD-tiny,emerald_city_of_oz_07_f000100,mlaad_tiny::en::emerald_city_of_oz_07_f000100,https://huggingface.co/datasets/mueller91/MLAAD-tiny,9143e5ea709575ebab6bec52840a1043aada7bb1,M-AILABS original corpus license (see MLAAD LICENSE),YES,YES_WITH_NOTICE,NO_FOR_ORIGINAL_SUBSET,MLAAD-tiny-original,ef5a901b0d2f812ccb21d43cd7b0e40d34897a25d10bc13c15f61f8592333e4a,mlaad_tiny::en::emerald_city_of_oz_07_f000100,paired_core,not_applicable,not_applicable,emerald_city_of_oz_07_f000100,MLAAD_original,APPROVED,emerald_city_of_oz_07_f000100,emerald_city_of_oz_07_f000100,ABSENT,emerald_city_of_oz_07_f000100,ABSENT,MLAAD_original,ABSENT,emerald_city_of_oz_07_f000100,ABSENT,none,"pinned source manifest records URL, revision, CC BY-NC 4.0, and competition-use review",data/public_v9/mlaad_tiny_manifest.csv,10a43f18db51d2afeafafb46b8f1bb3436434921b728dddb198ca852fd878d8b,2026-09-01,cal_v13b,c96d467871d84b0e35885dcdeecc0a028e35e65ca96487a4c3b2453fe3110cbb,C:\Users\lLrich\Desktop\보이스ai해커톤\data\raw\public_v9\mlaad_tiny\original\en\emerald_city_of_oz_07_f000100.wav,ef5a901b0d2f812ccb21d43cd7b0e40d34897a25d10bc13c15f61f8592333e4a,16000,PCM_S16LE,.wav,canonical16k_pcm16_label_independent_v1,none
C:\Users\lLrich\ai_voice_data_v13b\processed\canonical16k_pcm16\mlaad_tiny_matched\dd7eb7ea3a907a269a9cc44e5c188abb4d39de0aea127530404cce0a9ac4d82e.wav,1,1,0,1,0,mlaad::emerald_city_of_oz_07,MLAAD::zonosTTS-v0.1,mlaad_tiny_matched,mlaad_tiny_matched,mueller91/MLAAD-tiny,emerald_city_of_oz_07_f000100,mlaad_tiny::en::emerald_city_of_oz_07_f000100,https://huggingface.co/datasets/mueller91/MLAAD-tiny,9143e5ea709575ebab6bec52840a1043aada7bb1,CC BY-NC 4.0,YES,YES_WITH_ATTRIBUTION_NONCOMMERCIAL,YES_NONCOMMERCIAL_ONLY,MLAAD-tiny-fake,dd7eb7ea3a907a269a9cc44e5c188abb4d39de0aea127530404cce0a9ac4d82e,mlaad_tiny::en::emerald_city_of_oz_07_f000100,paired_core,not_applicable,not_applicable,emerald_city_of_oz_07_f000100,MLAAD::zonosTTS-v0.1,APPROVED,emerald_city_of_oz_07_f000100,emerald_city_of_oz_07_f000100,ABSENT,emerald_city_of_oz_07_f000100,ABSENT,MLAAD::zonosTTS-v0.1,ABSENT,ABSENT,emerald_city_of_oz_07_f000100,none,"pinned source manifest records URL, revision, CC BY-NC 4.0, and competition-use review",data/public_v9/mlaad_tiny_manifest.csv,10a43f18db51d2afeafafb46b8f1bb3436434921b728dddb198ca852fd878d8b,2026-09-01,cal_v13b,fe2a41abadbc0498b0984d334eb0385435b16720cbc66b2ad579865e741015b8,C:\Users\lLrich\Desktop\보이스ai해커톤\data\raw\public_v9\mlaad_tiny\fake\en\zonosTTS-v0.1\emerald_city_of_oz_07_f000100.wav,dd7eb7ea3a907a269a9cc44e5c188abb4d39de0aea127530404cce0a9ac4d82e,16000,PCM_S16LE,.wav,canonical16k_pcm16_label_independent_v1,none
C:\Users\lLrich\ai_voice_data_v13b\processed\canonical16k_pcm16\mlaad_tiny_matched\3e9537dd074dbe7975cdf6e2ee4d16c755756f821d9bded28a47d7d823e784d4.wav,0,0,0,1,0,mlaad::hunters_space_12,MLAAD_original,mlaad_tiny_matched,mlaad_tiny_matched,mueller91/MLAAD-tiny,hunters_space_12_f000024,mlaad_tiny::en::hunters_space_12_f000024,https://huggingface.co/datasets/mueller91/MLAAD-tiny,9143e5ea709575ebab6bec52840a1043aada7bb1,M-AILABS original corpus license (see MLAAD LICENSE),YES,YES_WITH_NOTICE,NO_FOR_ORIGINAL_SUBSET,MLAAD-tiny-original,3e9537dd074dbe7975cdf6e2ee4d16c755756f821d9bded28a47d7d823e784d4,mlaad_tiny::en::hunters_space_12_f000024,paired_core,not_applicable,not_applicable,hunters_space_12_f000024,MLAAD_original,APPROVED,hunters_space_12_f000024,hunters_space_12_f000024,ABSENT,hunters_space_12_f000024,ABSENT,MLAAD_original,ABSENT,hunters_space_12_f000024,ABSENT,none,"pinned source manifest records URL, revision, CC BY-NC 4.0, and competition-use review",data/public_v9/mlaad_tiny_manifest.csv,10a43f18db51d2afeafafb46b8f1bb3436434921b728dddb198ca852fd878d8b,2026-09-01,cal_v13b,c59dbd3bedc2981f08fc9996ba951852d49ca57b41f03f7ad05acc8a98781a39,C:\Users\lLrich\Desktop\보이스ai해커톤\data\raw\public_v9\mlaad_tiny\original\en\hunters_space_12_f000024.wav,3e9537dd074dbe7975cdf6e2ee4d16c755756f821d9bded28a47d7d823e784d4,16000,PCM_S16LE,.wav,canonical16k_pcm16_label_independent_v1,none
C:\Users\lLrich\ai_voice_data_v13b\processed\canonical16k_pcm16\mlaad_tiny_matched\fd66737fab9bbdbe1aec15e432c81f3b4005b5533b710b20a911a525eaee4259.wav,1,1,0,1,0,mlaad::hunters_space_12,MLAAD::zonosTTS-v0.1,mlaad_tiny_matched,mlaad_tiny_matched,mueller91/MLAAD-tiny,hunters_space_12_f000024,mlaad_tiny::en::hunters_space_12_f000024,https://huggingface.co/datasets/mueller91/MLAAD-tiny,9143e5ea709575ebab6bec52840a1043aada7bb1,CC BY-NC 4.0,YES,YES_WITH_ATTRIBUTION_NONCOMMERCIAL,YES_NONCOMMERCIAL_ONLY,MLAAD-tiny-fake,fd66737fab9bbdbe1aec15e432c81f3b4005b5533b710b20a911a525eaee4259,mlaad_tiny::en::hunters_space_12_f000024,paired_core,not_applicable,not_applicable,hunters_space_12_f000024,MLAAD::zonosTTS-v0.1,APPROVED,hunters_space_12_f000024,hunters_space_12_f000024,ABSENT,hunters_space_12_f000024,ABSENT,MLAAD::zonosTTS-v0.1,ABSENT,ABSENT,hunters_space_12_f000024,none,"pinned source manifest records URL, revision, CC BY-NC 4.0, and competition-use review",data/public_v9/mlaad_tiny_manifest.csv,10a43f18db51d2afeafafb46b8f1bb3436434921b728dddb198ca852fd878d8b,2026-09-01,cal_v13b,43a95e85a39f529144a2bbe33e9de2bf132afbfdb0a2238276ee761c38d16e89,C:\Users\lLrich\Desktop\보이스ai해커톤\data\raw\public_v9\mlaad_tiny\fake\en\zonosTTS-v0.1\hunters_space_12_f000024.wav,fd66737fab9bbdbe1aec15e432c81f3b4005b5533b710b20a911a525eaee4259,16000,PCM_S16LE,.wav,canonical16k_pcm16_label_independent_v1,none
C:\Users\lLrich\ai_voice_data_v13b\processed\canonical16k_pcm16\mlaad_tiny_matched\7ae0655b8b2e7befddde7728917ab7d58f7fc8ba906b097cb2dba25f1b743410.wav,0,0,0,1,0,mlaad::hunters_space_19,MLAAD_original,mlaad_tiny_matched,mlaad_tiny_matched,mueller91/MLAAD-tiny,hunters_space_19_f000042,mlaad_tiny::en::hunters_space_19_f000042,https://huggingface.co/datasets/mueller91/MLAAD-tiny,9143e5ea709575ebab6bec52840a1043aada7bb1,M-AILABS original corpus license (see MLAAD LICENSE),YES,YES_WITH_NOTICE,NO_FOR_ORIGINAL_SUBSET,MLAAD-tiny-original,7ae0655b8b2e7befddde7728917ab7d58f7fc8ba906b097cb2dba25f1b743410,mlaad_tiny::en::hunters_space_19_f000042,paired_core,not_applicable,not_applicable,hunters_space_19_f000042,MLAAD_original,APPROVED,hunters_space_19_f000042,hunters_space_19_f000042,ABSENT,hunters_space_19_f000042,ABSENT,MLAAD_original,ABSENT,hunters_space_19_f000042,ABSENT,none,"pinned source manifest records URL, revision, CC BY-NC 4.0, and competition-use review",data/public_v9/mlaad_tiny_manifest.csv,10a43f18db51d2afeafafb46b8f1bb3436434921b728dddb198ca852fd878d8b,2026-09-01,cal_v13b,08b4f34d3697ad4745c90d5cf9980e3258dc74b295ae657c0ba6826e494256fe,C:\Users\lLrich\Desktop\보이스ai해커톤\data\raw\public_v9\mlaad_tiny\original\en\hunters_space_19_f000042.wav,7ae0655b8b2e7befddde7728917ab7d58f7fc8ba906b097cb2dba25f1b743410,16000,PCM_S16LE,.wav,canonical16k_pcm16_label_independent_v1,none
C:\Users\lLrich\ai_voice_data_v13b\processed\canonical16k_pcm16\mlaad_tiny_matched\9fdf50ecccfd47060723f762eb6c7535f41a094b307b3bcbce94bb34fca0bd44.wav,1,1,0,1,0,mlaad::hunters_space_19,MLAAD::zonosTTS-v0.1,mlaad_tiny_matched,mlaad_tiny_matched,mueller91/MLAAD-tiny,hunters_space_19_f000042,mlaad_tiny::en::hunters_space_19_f000042,https://huggingface.co/datasets/mueller91/MLAAD-tiny,9143e5ea709575ebab6bec52840a1043aada7bb1,CC BY-NC 4.0,YES,YES_WITH_ATTRIBUTION_NONCOMMERCIAL,YES_NONCOMMERCIAL_ONLY,MLAAD-tiny-fake,9fdf50ecccfd47060723f762eb6c7535f41a094b307b3bcbce94bb34fca0bd44,mlaad_tiny::en::hunters_space_19_f000042,paired_core,not_applicable,not_applicable,hunters_space_19_f000042,MLAAD::zonosTTS-v0.1,APPROVED,hunters_space_19_f000042,hunters_space_19_f000042,ABSENT,hunters_space_19_f000042,ABSENT,MLAAD::zonosTTS-v0.1,ABSENT,ABSENT,hunters_space_19_f000042,none,"pinned source manifest records URL, revision, CC BY-NC 4.0, and competition-use review",data/public_v9/mlaad_tiny_manifest.csv,10a43f18db51d2afeafafb46b8f1bb3436434921b728dddb198ca852fd878d8b,2026-09-01,cal_v13b,a8674bad6807f079c52abf876a009b6d3f85cac3763823d59c24a5a4b286031e,C:\Users\lLrich\Desktop\보이스ai해커톤\data\raw\public_v9\mlaad_tiny\fake\en\zonosTTS-v0.1\hunters_space_19_f000042.wav,9fdf50ecccfd47060723f762eb6c7535f41a094b307b3bcbce94bb34fca0bd44,16000,PCM_S16LE,.wav,canonical16k_pcm16_label_independent_v1,none
C:\Users\lLrich\ai_voice_data_v13b\processed\canonical16k_pcm16\mlaad_tiny_matched\eb90d33d81791285ec6b274647e65333a269faedf3e3d8f5a69a4dc72ba2e766.wav,0,0,0,1,0,mlaad::jane_eyre_13,MLAAD_original,mlaad_tiny_matched,mlaad_tiny_matched,mueller91/MLAAD-tiny,jane_eyre_13_f000059,mlaad_tiny::en::jane_eyre_13_f000059,https://huggingface.co/datasets/mueller91/MLAAD-tiny,9143e5ea709575ebab6bec52840a1043aada7bb1,M-AILABS original corpus license (see MLAAD LICENSE),YES,YES_WITH_NOTICE,NO_FOR_ORIGINAL_SUBSET,MLAAD-tiny-original,eb90d33d81791285ec6b274647e65333a269faedf3e3d8f5a69a4dc72ba2e766,mlaad_tiny::en::jane_eyre_13_f000059,paired_core,not_applicable,not_applicable,jane_eyre_13_f000059,MLAAD_original,APPROVED,jane_eyre_13_f000059,jane_eyre_13_f000059,ABSENT,jane_eyre_13_f000059,ABSENT,MLAAD_original,ABSENT,jane_eyre_13_f000059,ABSENT,none,"pinned source manifest records URL, revision, CC BY-NC 4.0, and competition-use review",data/public_v9/mlaad_tiny_manifest.csv,10a43f18db51d2afeafafb46b8f1bb3436434921b728dddb198ca852fd878d8b,2026-09-01,cal_v13b,885fa088dd55007d033d7e23b5a901c309efcc9cc69cce4aa2994ee48fd9bbfe,C:\Users\lLrich\Desktop\보이스ai해커톤\data\raw\public_v9\mlaad_tiny\original\en\jane_eyre_13_f000059.wav,eb90d33d81791285ec6b274647e65333a269faedf3e3d8f5a69a4dc72ba2e766,16000,PCM_S16LE,.wav,canonical16k_pcm16_label_independent_v1,none
C:\Users\lLrich\ai_voice_data_v13b\processed\canonical16k_pcm16\mlaad_tiny_matched\b293da512a35afe0e43557bade7f8780e477e13efe65ea4d70a82d5de440c673.wav,1,1,0,1,0,mlaad::jane_eyre_13,MLAAD::zonosTTS-v0.1,mlaad_tiny_matched,mlaad_tiny_matched,mueller91/MLAAD-tiny,jane_eyre_13_f000059,mlaad_tiny::en::jane_eyre_13_f000059,https://huggingface.co/datasets/mueller91/MLAAD-tiny,9143e5ea709575ebab6bec52840a1043aada7bb1,CC BY-NC 4.0,YES,YES_WITH_ATTRIBUTION_NONCOMMERCIAL,YES_NONCOMMERCIAL_ONLY,MLAAD-tiny-fake,b293da512a35afe0e43557bade7f8780e477e13efe65ea4d70a82d5de440c673,mlaad_tiny::en::jane_eyre_13_f000059,paired_core,not_applicable,not_applicable,jane_eyre_13_f000059,MLAAD::zonosTTS-v0.1,APPROVED,jane_eyre_13_f000059,jane_eyre_13_f000059,ABSENT,jane_eyre_13_f000059,ABSENT,MLAAD::zonosTTS-v0.1,ABSENT,ABSENT,jane_eyre_13_f000059,none,"pinned source manifest records URL, revision, CC BY-NC 4.0, and competition-use review",data/public_v9/mlaad_tiny_manifest.csv,10a43f18db51d2afeafafb46b8f1bb3436434921b728dddb198ca852fd878d8b,2026-09-01,cal_v13b,a6efe4c057b76293518ea68c2a6df9c256d6d762ed5ffed45d9616c25256a7c2,C:\Users\lLrich\Desktop\보이스ai해커톤\data\raw\public_v9\mlaad_tiny\fake\en\zonosTTS-v0.1\jane_eyre_13_f000059.wav,b293da512a35afe0e43557bade7f8780e477e13efe65ea4d70a82d5de440c673,16000,PCM_S16LE,.wav,canonical16k_pcm16_label_independent_v1,none
C:\Users\lLrich\ai_voice_data_v13b\processed\canonical16k_pcm16\mlaad_tiny_matched\ec86d79543c650a544b498438b68d000efd05c2f2da49aa7ae52a1363afbc40b.wav,0,0,0,1,0,mlaad::jane_eyre_19,MLAAD_original,mlaad_tiny_matched,mlaad_tiny_matched,mueller91/MLAAD-tiny,jane_eyre_19_f000225,mlaad_tiny::en::jane_eyre_19_f000225,https://huggingface.co/datasets/mueller91/MLAAD-tiny,9143e5ea709575ebab6bec52840a1043aada7bb1,M-AILABS original corpus license (see MLAAD LICENSE),YES,YES_WITH_NOTICE,NO_FOR_ORIGINAL_SUBSET,MLAAD-tiny-original,ec86d79543c650a544b498438b68d000efd05c2f2da49aa7ae52a1363afbc40b,mlaad_tiny::en::jane_eyre_19_f000225,paired_core,not_applicable,not_applicable,jane_eyre_19_f000225,MLAAD_original,APPROVED,jane_eyre_19_f000225,jane_eyre_19_f000225,ABSENT,jane_eyre_19_f000225,ABSENT,MLAAD_original,ABSENT,jane_eyre_19_f000225,ABSENT,none,"pinned source manifest records URL, revision, CC BY-NC 4.0, and competition-use review",data/public_v9/mlaad_tiny_manifest.csv,10a43f18db51d2afeafafb46b8f1bb3436434921b728dddb198ca852fd878d8b,2026-09-01,cal_v13b,ffba4aa715d2e931dbe2870eb8f8a16fd1e5c0c6b9007892816753f5b765b7d2,C:\Users\lLrich\Desktop\보이스ai해커톤\data\raw\public_v9\mlaad_tiny\original\en\jane_eyre_19_f000225.wav,ec86d79543c650a544b498438b68d000efd05c2f2da49aa7ae52a1363afbc40b,16000,PCM_S16LE,.wav,canonical16k_pcm16_label_independent_v1,none
C:\Users\lLrich\ai_voice_data_v13b\processed\canonical16k_pcm16\mlaad_tiny_matched\3a90c64ea95367ad36986917a662b5e2e897f7f29f8f6121f12a95e9612f55c7.wav,1,1,0,1,0,mlaad::jane_eyre_19,MLAAD::zonosTTS-v0.1,mlaad_tiny_matched,mlaad_tiny_matched,mueller91/MLAAD-tiny,jane_eyre_19_f000225,mlaad_tiny::en::jane_eyre_19_f000225,https://huggingface.co/datasets/mueller91/MLAAD-tiny,9143e5ea709575ebab6bec52840a1043aada7bb1,CC BY-NC 4.0,YES,YES_WITH_ATTRIBUTION_NONCOMMERCIAL,YES_NONCOMMERCIAL_ONLY,MLAAD-tiny-fake,3a90c64ea95367ad36986917a662b5e2e897f7f29f8f6121f12a95e9612f55c7,mlaad_tiny::en::jane_eyre_19_f000225,paired_core,not_applicable,not_applicable,jane_eyre_19_f000225,MLAAD::zonosTTS-v0.1,APPROVED,jane_eyre_19_f000225,jane_eyre_19_f000225,ABSENT,jane_eyre_19_f000225,ABSENT,MLAAD::zonosTTS-v0.1,ABSENT,ABSENT,jane_eyre_19_f000225,none,"pinned source manifest records URL, revision, CC BY-NC 4.0, and competition-use review",data/public_v9/mlaad_tiny_manifest.csv,10a43f18db51d2afeafafb46b8f1bb3436434921b728dddb198ca852fd878d8b,2026-09-01,cal_v13b,2f033a98d6180587aea59e44bdab94d60e39acdfbdf33c6ace5a58a7c8cc10c5,C:\Users\lLrich\Desktop\보이스ai해커톤\data\raw\public_v9\mlaad_tiny\fake\en\zonosTTS-v0.1\jane_eyre_19_f000225.wav,3a90c64ea95367ad36986917a662b5e2e897f7f29f8f6121f12a95e9612f55c7,16000,PCM_S16LE,.wav,canonical16k_pcm16_label_independent_v1,none
C:\Users\lLrich\ai_voice_data_v13b\processed\canonical16k_pcm16\mlaad_tiny_matched\771e5fbf995a0c6940c0ab881b77fbfa2c27aef274cd2e9df48234a0caa0f54f.wav,0,0,0,1,0,mlaad::jane_eyre_21,MLAAD_original,mlaad_tiny_matched,mlaad_tiny_matched,mueller91/MLAAD-tiny,jane_eyre_21_f000014,mlaad_tiny::en::jane_eyre_21_f000014,https://huggingface.co/datasets/mueller91/MLAAD-tiny,9143e5ea709575ebab6bec52840a1043aada7bb1,M-AILABS original corpus license (see MLAAD LICENSE),YES,YES_WITH_NOTICE,NO_FOR_ORIGINAL_SUBSET,MLAAD-tiny-original,771e5fbf995a0c6940c0ab881b77fbfa2c27aef274cd2e9df48234a0caa0f54f,mlaad_tiny::en::jane_eyre_21_f000014,paired_core,not_applicable,not_applicable,jane_eyre_21_f000014,MLAAD_original,APPROVED,jane_eyre_21_f000014,jane_eyre_21_f000014,ABSENT,jane_eyre_21_f000014,ABSENT,MLAAD_original,ABSENT,jane_eyre_21_f000014,ABSENT,none,"pinned source manifest records URL, revision, CC BY-NC 4.0, and competition-use review",data/public_v9/mlaad_tiny_manifest.csv,10a43f18db51d2afeafafb46b8f1bb3436434921b728dddb198ca852fd878d8b,2026-09-01,cal_v13b,8af75c0087ab65dfbf980af4b20c02736899186e814c55c0c17cfceaf6b55664,C:\Users\lLrich\Desktop\보이스ai해커톤\data\raw\public_v9\mlaad_tiny\original\en\jane_eyre_21_f000014.wav,771e5fbf995a0c6940c0ab881b77fbfa2c27aef274cd2e9df48234a0caa0f54f,16000,PCM_S16LE,.wav,canonical16k_pcm16_label_independent_v1,none
C:\Users\lLrich\ai_voice_data_v13b\processed\canonical16k_pcm16\mlaad_tiny_matched\133b886668095dd4e418143c215c646fd526d22f6ed34f4c5d37a688b376a553.wav,1,1,0,1,0,mlaad::jane_eyre_21,MLAAD::zonosTTS-v0.1,mlaad_tiny_matched,mlaad_tiny_matched,mueller91/MLAAD-tiny,jane_eyre_21_f000014,mlaad_tiny::en::jane_eyre_21_f000014,https://huggingface.co/datasets/mueller91/MLAAD-tiny,9143e5ea709575ebab6bec52840a1043aada7bb1,CC BY-NC 4.0,YES,YES_WITH_ATTRIBUTION_NONCOMMERCIAL,YES_NONCOMMERCIAL_ONLY,MLAAD-tiny-fake,133b886668095dd4e418143c215c646fd526d22f6ed34f4c5d37a688b376a553,mlaad_tiny::en::jane_eyre_21_f000014,paired_core,not_applicable,not_applicable,jane_eyre_21_f000014,MLAAD::zonosTTS-v0.1,APPROVED,jane_eyre_21_f000014,jane_eyre_21_f000014,ABSENT,jane_eyre_21_f000014,ABSENT,MLAAD::zonosTTS-v0.1,ABSENT,ABSENT,jane_eyre_21_f000014,none,"pinned source manifest records URL, revision, CC BY-NC 4.0, and competition-use review",data/public_v9/mlaad_tiny_manifest.csv,10a43f18db51d2afeafafb46b8f1bb3436434921b728dddb198ca852fd878d8b,2026-09-01,cal_v13b,96e3e2908b402a6d8c8e04eb876c33c88b23ff3597c1d3bf5760e14ba8c1bc52,C:\Users\lLrich\Desktop\보이스ai해커톤\data\raw\public_v9\mlaad_tiny\fake\en\zonosTTS-v0.1\jane_eyre_21_f000014.wav,133b886668095dd4e418143c215c646fd526d22f6ed34f4c5d37a688b376a553,16000,PCM_S16LE,.wav,canonical16k_pcm16_label_independent_v1,none
C:\Users\lLrich\ai_voice_data_v13b\processed\canonical16k_pcm16\dfadd_vctk_paired\05193597e2b777a20d704afc1aad0c884ebcd1ca767e4162533a7ee52ad2a8ec.wav,0,0,0,1,0,p264,REAL,dfadd_vctk_paired,DFADD/VCTK,,p264_143,dfadd::p264_143,https://huggingface.co/datasets/isjwdu/DFADD,dfc1eeab3cb0068db8e87a2b89a1ebd103665b1f,MIT (DFADD release); CC BY 4.0 (VCTK originals),,SEE_UPSTREAM_TERMS,NONE_RECORDED,,,dfadd::p264_143,paired_core,,,dfadd::p264_143,REAL,APPROVED,dfadd::p264_143,dfadd::p264_143,ABSENT,dfadd::p264_143,ABSENT,REAL,ABSENT,dfadd::p264_143,ABSENT,none,official DFADD release is MIT; upstream VCTK originals are CC BY 4.0; exact pair filenames and archive hash recorded,external provenance/dfadd_repo/LICENSE,c30560542bcd1305f605ee1077c0d18057e757d59591b53f7d1eecab8f1225e9,2026-09-01,cal_v13b,bfaef882de21eb2934f514ce6af8444215163fd39fd625e14637c5e08f027b0c,C:\Users\lLrich\ai_voice_data_v13b\raw\dfadd\real\p264\p264_143.wav,05193597e2b777a20d704afc1aad0c884ebcd1ca767e4162533a7ee52ad2a8ec,16000,PCM_S16LE,.wav,canonical16k_pcm16_label_independent_v1,none
C:\Users\lLrich\ai_voice_data_v13b\processed\canonical16k_pcm16\dfadd_vctk_paired\241d5fda3d43a1039e7f110d6f2cd21720065869227b42170db3ce19b793905e.wav,1,1,0,1,0,p264,DFADD::pflow,dfadd_vctk_paired,DFADD/VCTK,,p264_143,dfadd::p264_143,https://huggingface.co/datasets/isjwdu/DFADD,dfc1eeab3cb0068db8e87a2b89a1ebd103665b1f,MIT (DFADD release); CC BY 4.0 (VCTK originals),,SEE_UPSTREAM_TERMS,NONE_RECORDED,,,dfadd::p264_143,paired_core,,,dfadd::p264_143,DFADD::pflow,APPROVED,dfadd::p264_143,dfadd::p264_143,ABSENT,dfadd::p264_143,ABSENT,DFADD::pflow,ABSENT,ABSENT,dfadd::p264_143,none,official DFADD release is MIT; upstream VCTK originals are CC BY 4.0; exact pair filenames and archive hash recorded,external provenance/dfadd_repo/LICENSE,c30560542bcd1305f605ee1077c0d18057e757d59591b53f7d1eecab8f1225e9,2026-09-01,cal_v13b,e77e65b561cd3439630397e5bef22b0412e067711a61d422ed06a3c876ee8d6a,C:\Users\lLrich\ai_voice_data_v13b\raw\dfadd\fake\pflow\p264_143_pflow.wav,241d5fda3d43a1039e7f110d6f2cd21720065869227b42170db3ce19b793905e,16000,PCM_S16LE,.wav,canonical16k_pcm16_label_independent_v1,none
C:\Users\lLrich\ai_voice_data_v13b\processed\canonical16k_pcm16\dfadd_vctk_paired\c287c9306b46d30ac2a2fd4cef858ed79d86c151f9583e38df3af1066dab342c.wav,0,0,0,1,0,p326,REAL,dfadd_vctk_paired,DFADD/VCTK,,p326_145,dfadd::p326_145,https://huggingface.co/datasets/isjwdu/DFADD,dfc1eeab3cb0068db8e87a2b89a1ebd103665b1f,MIT (DFADD release); CC BY 4.0 (VCTK originals),,SEE_UPSTREAM_TERMS,NONE_RECORDED,,,dfadd::p326_145,paired_core,,,dfadd::p326_145,REAL,APPROVED,dfadd::p326_145,dfadd::p326_145,ABSENT,dfadd::p326_145,ABSENT,REAL,ABSENT,dfadd::p326_145,ABSENT,none,official DFADD release is MIT; upstream VCTK originals are CC BY 4.0; exact pair filenames and archive hash recorded,external provenance/dfadd_repo/LICENSE,c30560542bcd1305f605ee1077c0d18057e757d59591b53f7d1eecab8f1225e9,2026-09-01,cal_v13b,712043ea500e82a687dcff9f016cf8a3ce50a6aa67c9d3c1873cfbbfc047cf17,C:\Users\lLrich\ai_voice_data_v13b\raw\dfadd\real\p326\p326_145.wav,c287c9306b46d30ac2a2fd4cef858ed79d86c151f9583e38df3af1066dab342c,16000,PCM_S16LE,.wav,canonical16k_pcm16_label_independent_v1,none
C:\Users\lLrich\ai_voice_data_v13b\processed\canonical16k_pcm16\dfadd_vctk_paired\b3a792e109e24bc28b62512e672f0e6d2a33dc6315ca3314f2e7fd0a7c1c86bc.wav,1,1,0,1,0,p326,DFADD::pflow,dfadd_vctk_paired,DFADD/VCTK,,p326_145,dfadd::p326_145,https://huggingface.co/datasets/isjwdu/DFADD,dfc1eeab3cb0068db8e87a2b89a1ebd103665b1f,MIT (DFADD release); CC BY 4.0 (VCTK originals),,SEE_UPSTREAM_TERMS,NONE_RECORDED,,,dfadd::p326_145,paired_core,,,dfadd::p326_145,DFADD::pflow,APPROVED,dfadd::p326_145,dfadd::p326_145,ABSENT,dfadd::p326_145,ABSENT,DFADD::pflow,ABSENT,ABSENT,dfadd::p326_145,none,official DFADD release is MIT; upstream VCTK originals are CC BY 4.0; exact pair filenames and archive hash recorded,external provenance/dfadd_repo/LICENSE,c30560542bcd1305f605ee1077c0d18057e757d59591b53f7d1eecab8f1225e9,2026-09-01,cal_v13b,19d1702a367a1728f76443a6e0fe5235f24148e2816f4a665b63360a8740826e,C:\Users\lLrich\ai_voice_data_v13b\raw\dfadd\fake\pflow\p326_145_pflow.wav,b3a792e109e24bc28b62512e672f0e6d2a33dc6315ca3314f2e7fd0a7c1c86bc,16000,PCM_S16LE,.wav,canonical16k_pcm16_label_independent_v1,none
C:\Users\lLrich\ai_voice_data_v13b\processed\canonical16k_pcm16\dfadd_vctk_paired\6a7ef2790b885adc6846fe0a95877f8b784314db4a0c1e8a2cec7b18e8a6f8a8.wav,0,0,0,1,0,p304,REAL,dfadd_vctk_paired,DFADD/VCTK,,p304_012,dfadd::p304_012,https://huggingface.co/datasets/isjwdu/DFADD,dfc1eeab3cb0068db8e87a2b89a1ebd103665b1f,MIT (DFADD release); CC BY 4.0 (VCTK originals),,SEE_UPSTREAM_TERMS,NONE_RECORDED,,,dfadd::p304_012,paired_core,,,dfadd::p304_012,REAL,APPROVED,dfadd::p304_012,dfadd::p304_012,ABSENT,dfadd::p304_012,ABSENT,REAL,ABSENT,dfadd::p304_012,ABSENT,none,official DFADD release is MIT; upstream VCTK originals are CC BY 4.0; exact pair filenames and archive hash recorded,external provenance/dfadd_repo/LICENSE,c30560542bcd1305f605ee1077c0d18057e757d59591b53f7d1eecab8f1225e9,2026-09-01,cal_v13b,fcb001ceaf94f0a142fa9d0682ac07dc04219c8d3d4e816152b388ef6b39f3ee,C:\Users\lLrich\ai_voice_data_v13b\raw\dfadd\real\p304\p304_012.wav,6a7ef2790b885adc6846fe0a95877f8b784314db4a0c1e8a2cec7b18e8a6f8a8,16000,PCM_S16LE,.wav,canonical16k_pcm16_label_independent_v1,none
C:\Users\lLrich\ai_voice_data_v13b\processed\canonical16k_pcm16\dfadd_vctk_paired\55a65ff31afdafd8859e32c89c8350768379fb5bb08f4b156451caa2c9486d67.wav,1,1,0,1,0,p304,DFADD::pflow,dfadd_vctk_paired,DFADD/VCTK,,p304_012,dfadd::p304_012,https://huggingface.co/datasets/isjwdu/DFADD,dfc1eeab3cb0068db8e87a2b89a1ebd103665b1f,MIT (DFADD release); CC BY 4.0 (VCTK originals),,SEE_UPSTREAM_TERMS,NONE_RECORDED,,,dfadd::p304_012,paired_core,,,dfadd::p304_012,DFADD::pflow,APPROVED,dfadd::p304_012,dfadd::p304_012,ABSENT,dfadd::p304_012,ABSENT,DFADD::pflow,ABSENT,ABSENT,dfadd::p304_012,none,official DFADD release is MIT; upstream VCTK originals are CC BY 4.0; exact pair filenames and archive hash recorded,external provenance/dfadd_repo/LICENSE,c30560542bcd1305f605ee1077c0d18057e757d59591b53f7d1eecab8f1225e9,2026-09-01,cal_v13b,12e9875358bec9f11150a602795db8aea9c1e56935a91ae42abca2d1cc033572,C:\Users\lLrich\ai_voice_data_v13b\raw\dfadd\fake\pflow\p304_012_pflow.wav,55a65ff31afdafd8859e32c89c8350768379fb5bb08f4b156451caa2c9486d67,16000,PCM_S16LE,.wav,canonical16k_pcm16_label_independent_v1,none
C:\Users\lLrich\ai_voice_data_v13b\processed\canonical16k_pcm16\dfadd_vctk_paired\612cd03c07f04fa5b9cf264b1b476d01a74abbe447fb96c7f5d94c0af27ed018.wav,0,0,0,1,0,p262,REAL,dfadd_vctk_paired,DFADD/VCTK,,p262_149,dfadd::p262_149,https://huggingface.co/datasets/isjwdu/DFADD,dfc1eeab3cb0068db8e87a2b89a1ebd103665b1f,MIT (DFADD release); CC BY 4.0 (VCTK originals),,SEE_UPSTREAM_TERMS,NONE_RECORDED,,,dfadd::p262_149,paired_core,,,dfadd::p262_149,REAL,APPROVED,dfadd::p262_149,dfadd::p262_149,ABSENT,dfadd::p262_149,ABSENT,REAL,ABSENT,dfadd::p262_149,ABSENT,none,official DFADD release is MIT; upstream VCTK originals are CC BY 4.0; exact pair filenames and archive hash recorded,external provenance/dfadd_repo/LICENSE,c30560542bcd1305f605ee1077c0d18057e757d59591b53f7d1eecab8f1225e9,2026-09-01,cal_v13b,3afab2b73eb1c725caa198409e8108eaa47083821c58c68ec04303aec0bb16a2,C:\Users\lLrich\ai_voice_data_v13b\raw\dfadd\real\p262\p262_149.wav,612cd03c07f04fa5b9cf264b1b476d01a74abbe447fb96c7f5d94c0af27ed018,16000,PCM_S16LE,.wav,canonical16k_pcm16_label_independent_v1,none
C:\Users\lLrich\ai_voice_data_v13b\processed\canonical16k_pcm16\dfadd_vctk_paired\1e81b4ce6ebd7f370729e2fdd357d075a45ff5fffb3e4fd105e7a9897a24287b.wav,1,1,0,1,0,p262,DFADD::pflow,dfadd_vctk_paired,DFADD/VCTK,,p262_149,dfadd::p262_149,https://huggingface.co/datasets/isjwdu/DFADD,dfc1eeab3cb0068db8e87a2b89a1ebd103665b1f,MIT (DFADD release); CC BY 4.0 (VCTK originals),,SEE_UPSTREAM_TERMS,NONE_RECORDED,,,dfadd::p262_149,paired_core,,,dfadd::p262_149,DFADD::pflow,APPROVED,dfadd::p262_149,dfadd::p262_149,ABSENT,dfadd::p262_149,ABSENT,DFADD::pflow,ABSENT,ABSENT,dfadd::p262_149,none,official DFADD release is MIT; upstream VCTK originals are CC BY 4.0; exact pair filenames and archive hash recorded,external provenance/dfadd_repo/LICENSE,c30560542bcd1305f605ee1077c0d18057e757d59591b53f7d1eecab8f1225e9,2026-09-01,cal_v13b,7836e7ad678cfd64b45eacc5a6f8524e46c6a871b8d8dbbe2bf749b753f21ad0,C:\Users\lLrich\ai_voice_data_v13b\raw\dfadd\fake\pflow\p262_149_pflow.wav,1e81b4ce6ebd7f370729e2fdd357d075a45ff5fffb3e4fd105e7a9897a24287b,16000,PCM_S16LE,.wav,canonical16k_pcm16_label_independent_v1,none
C:\Users\lLrich\ai_voice_data_v13b\processed\canonical16k_pcm16\dfadd_vctk_paired\edd44748d248727d8c9c8429790661cad8a06d81cca8a1a554d19d49745ee6aa.wav,0,0,0,1,0,p361,REAL,dfadd_vctk_paired,DFADD/VCTK,,p361_142,dfadd::p361_142,https://huggingface.co/datasets/isjwdu/DFADD,dfc1eeab3cb0068db8e87a2b89a1ebd103665b1f,MIT (DFADD release); CC BY 4.0 (VCTK originals),,SEE_UPSTREAM_TERMS,NONE_RECORDED,,,dfadd::p361_142,paired_core,,,dfadd::p361_142,REAL,APPROVED,dfadd::p361_142,dfadd::p361_142,ABSENT,dfadd::p361_142,ABSENT,REAL,ABSENT,dfadd::p361_142,ABSENT,none,official DFADD release is MIT; upstream VCTK originals are CC BY 4.0; exact pair filenames and archive hash recorded,external provenance/dfadd_repo/LICENSE,c30560542bcd1305f605ee1077c0d18057e757d59591b53f7d1eecab8f1225e9,2026-09-01,cal_v13b,112ea398c6316752c5caf0e1a23ff15ec1b3f7a272b77ba19fb9e284331d88fd,C:\Users\lLrich\ai_voice_data_v13b\raw\dfadd\real\p361\p361_142.wav,edd44748d248727d8c9c8429790661cad8a06d81cca8a1a554d19d49745ee6aa,16000,PCM_S16LE,.wav,canonical16k_pcm16_label_independent_v1,none
C:\Users\lLrich\ai_voice_data_v13b\processed\canonical16k_pcm16\dfadd_vctk_paired\821629b1699b173219444a8920ea818ce3985d70b8b302b9da261b73975a4eec.wav,1,1,0,1,0,p361,DFADD::pflow,dfadd_vctk_paired,DFADD/VCTK,,p361_142,dfadd::p361_142,https://huggingface.co/datasets/isjwdu/DFADD,dfc1eeab3cb0068db8e87a2b89a1ebd103665b1f,MIT (DFADD release); CC BY 4.0 (VCTK originals),,SEE_UPSTREAM_TERMS,NONE_RECORDED,,,dfadd::p361_142,paired_core,,,dfadd::p361_142,DFADD::pflow,APPROVED,dfadd::p361_142,dfadd::p361_142,ABSENT,dfadd::p361_142,ABSENT,DFADD::pflow,ABSENT,ABSENT,dfadd::p361_142,none,official DFADD release is MIT; upstream VCTK originals are CC BY 4.0; exact pair filenames and archive hash recorded,external provenance/dfadd_repo/LICENSE,c30560542bcd1305f605ee1077c0d18057e757d59591b53f7d1eecab8f1225e9,2026-09-01,cal_v13b,ba4247195efdd2b1adb844f54407d2e9a42c7ae5e9a9b8949d78807bd055c333,C:\Users\lLrich\ai_voice_data_v13b\raw\dfadd\fake\pflow\p361_142_pflow.wav,821629b1699b173219444a8920ea818ce3985d70b8b302b9da261b73975a4eec,16000,PCM_S16LE,.wav,canonical16k_pcm16_label_independent_v1,none
C:\Users\lLrich\ai_voice_data_v13b\processed\canonical16k_pcm16\dfadd_vctk_paired\dd341de80f0795f867abfe75800c7bcf8d901f79dfd5e4979cf414354e8043d8.wav,0,0,0,1,0,p245,REAL,dfadd_vctk_paired,DFADD/VCTK,,p245_143,dfadd::p245_143,https://huggingface.co/datasets/isjwdu/DFADD,dfc1eeab3cb0068db8e87a2b89a1ebd103665b1f,MIT (DFADD release); CC BY 4.0 (VCTK originals),,SEE_UPSTREAM_TERMS,NONE_RECORDED,,,dfadd::p245_143,paired_core,,,dfadd::p245_143,REAL,APPROVED,dfadd::p245_143,dfadd::p245_143,ABSENT,dfadd::p245_143,ABSENT,REAL,ABSENT,dfadd::p245_143,ABSENT,none,official DFADD release is MIT; upstream VCTK originals are CC BY 4.0; exact pair filenames and archive hash recorded,external provenance/dfadd_repo/LICENSE,c30560542bcd1305f605ee1077c0d18057e757d59591b53f7d1eecab8f1225e9,2026-09-01,cal_v13b,1cad01ef95d610a66163127fe8343c4d20851ab8ce7bb90bf2a007968d020523,C:\Users\lLrich\ai_voice_data_v13b\raw\dfadd\real\p245\p245_143.wav,dd341de80f0795f867abfe75800c7bcf8d901f79dfd5e4979cf414354e8043d8,16000,PCM_S16LE,.wav,canonical16k_pcm16_label_independent_v1,none
C:\Users\lLrich\ai_voice_data_v13b\processed\canonical16k_pcm16\dfadd_vctk_paired\a7aea3094507f10590a51fc5219acae09e006df44936fef532018d03a2dbd54c.wav,1,1,0,1,0,p245,DFADD::pflow,dfadd_vctk_paired,DFADD/VCTK,,p245_143,dfadd::p245_143,https://huggingface.co/datasets/isjwdu/DFADD,dfc1eeab3cb0068db8e87a2b89a1ebd103665b1f,MIT (DFADD release); CC BY 4.0 (VCTK originals),,SEE_UPSTREAM_TERMS,NONE_RECORDED,,,dfadd::p245_143,paired_core,,,dfadd::p245_143,DFADD::pflow,APPROVED,dfadd::p245_143,dfadd::p245_143,ABSENT,dfadd::p245_143,ABSENT,DFADD::pflow,ABSENT,ABSENT,dfadd::p245_143,none,official DFADD release is MIT; upstream VCTK originals are CC BY 4.0; exact pair filenames and archive hash recorded,external provenance/dfadd_repo/LICENSE,c30560542bcd1305f605ee1077c0d18057e757d59591b53f7d1eecab8f1225e9,2026-09-01,cal_v13b,1852de71a7ba9cea07824056fb39d9d42e9c0f990ac66d8fe8f40a587723c821,C:\Users\lLrich\ai_voice_data_v13b\raw\dfadd\fake\pflow\p245_143_pflow.wav,a7aea3094507f10590a51fc5219acae09e006df44936fef532018d03a2dbd54c,16000,PCM_S16LE,.wav,canonical16k_pcm16_label_independent_v1,none
C:\Users\lLrich\ai_voice_data_v13b\processed\canonical16k_pcm16\dfadd_vctk_paired\b7021e3ef18cd3e5346b7a493405a7a1f2cf75c412438d51a6ff1f70c8344c6a.wav,0,0,0,1,0,p313,REAL,dfadd_vctk_paired,DFADD/VCTK,,p313_231,dfadd::p313_231,https://huggingface.co/datasets/isjwdu/DFADD,dfc1eeab3cb0068db8e87a2b89a1ebd103665b1f,MIT (DFADD release); CC BY 4.0 (VCTK originals),,SEE_UPSTREAM_TERMS,NONE_RECORDED,,,dfadd::p313_231,paired_core,,,dfadd::p313_231,REAL,APPROVED,dfadd::p313_231,dfadd::p313_231,ABSENT,dfadd::p313_231,ABSENT,REAL,ABSENT,dfadd::p313_231,ABSENT,none,official DFADD release is MIT; upstream VCTK originals are CC BY 4.0; exact pair filenames and archive hash recorded,external provenance/dfadd_repo/LICENSE,c30560542bcd1305f605ee1077c0d18057e757d59591b53f7d1eecab8f1225e9,2026-09-01,cal_v13b,e2d36dc6b98089baa9c853a292dfbd8ef4dbcf98ea653cf4759c01a679681e0e,C:\Users\lLrich\ai_voice_data_v13b\raw\dfadd\real\p313\p313_231.wav,b7021e3ef18cd3e5346b7a493405a7a1f2cf75c412438d51a6ff1f70c8344c6a,16000,PCM_S16LE,.wav,canonical16k_pcm16_label_independent_v1,none
C:\Users\lLrich\ai_voice_data_v13b\processed\canonical16k_pcm16\dfadd_vctk_paired\1003eb9e2d1bd2d25103a83701b6ef93e5e2ad2bfd9355d8c81ad28bc09ff0f9.wav,1,1,0,1,0,p313,DFADD::pflow,dfadd_vctk_paired,DFADD/VCTK,,p313_231,dfadd::p313_231,https://huggingface.co/datasets/isjwdu/DFADD,dfc1eeab3cb0068db8e87a2b89a1ebd103665b1f,MIT (DFADD release); CC BY 4.0 (VCTK originals),,SEE_UPSTREAM_TERMS,NONE_RECORDED,,,dfadd::p313_231,paired_core,,,dfadd::p313_231,DFADD::pflow,APPROVED,dfadd::p313_231,dfadd::p313_231,ABSENT,dfadd::p313_231,ABSENT,DFADD::pflow,ABSENT,ABSENT,dfadd::p313_231,none,official DFADD release is MIT; upstream VCTK originals are CC BY 4.0; exact pair filenames and archive hash recorded,external provenance/dfadd_repo/LICENSE,c30560542bcd1305f605ee1077c0d18057e757d59591b53f7d1eecab8f1225e9,2026-09-01,cal_v13b,509ac6a4e34db3b44b8a8ea4562a9964e401d783b84d87f7fd9c70c19f47477f,C:\Users\lLrich\ai_voice_data_v13b\raw\dfadd\fake\pflow\p313_231_pflow.wav,1003eb9e2d1bd2d25103a83701b6ef93e5e2ad2bfd9355d8c81ad28bc09ff0f9,16000,PCM_S16LE,.wav,canonical16k_pcm16_label_independent_v1,none
C:\Users\lLrich\ai_voice_data_v13b\processed\canonical16k_pcm16\dfadd_vctk_paired\ffc2cdda77105425cbc287868f5d479abc47f4902c010d992c8da6cbe755eb85.wav,0,0,0,1,0,p364,REAL,dfadd_vctk_paired,DFADD/VCTK,,p364_249,dfadd::p364_249,https://huggingface.co/datasets/isjwdu/DFADD,dfc1eeab3cb0068db8e87a2b89a1ebd103665b1f,MIT (DFADD release); CC BY 4.0 (VCTK originals),,SEE_UPSTREAM_TERMS,NONE_RECORDED,,,dfadd::p364_249,paired_core,,,dfadd::p364_249,REAL,APPROVED,dfadd::p364_249,dfadd::p364_249,ABSENT,dfadd::p364_249,ABSENT,REAL,ABSENT,dfadd::p364_249,ABSENT,none,official DFADD release is MIT; upstream VCTK originals are CC BY 4.0; exact pair filenames and archive hash recorded,external provenance/dfadd_repo/LICENSE,c30560542bcd1305f605ee1077c0d18057e757d59591b53f7d1eecab8f1225e9,2026-09-01,cal_v13b,49d2d23df1fe9e4d70793f2f4e582c125e2c91623324bd768b03fb4508f6fec1,C:\Users\lLrich\ai_voice_data_v13b\raw\dfadd\real\p364\p364_249.wav,ffc2cdda77105425cbc287868f5d479abc47f4902c010d992c8da6cbe755eb85,16000,PCM_S16LE,.wav,canonical16k_pcm16_label_independent_v1,none
C:\Users\lLrich\ai_voice_data_v13b\processed\canonical16k_pcm16\dfadd_vctk_paired\ad973262790fcaaf2d8676eb2b6e7fceb3cd9c94f702f443b8da8f2a01897244.wav,1,1,0,1,0,p364,DFADD::pflow,dfadd_vctk_paired,DFADD/VCTK,,p364_249,dfadd::p364_249,https://huggingface.co/datasets/isjwdu/DFADD,dfc1eeab3cb0068db8e87a2b89a1ebd103665b1f,MIT (DFADD release); CC BY 4.0 (VCTK originals),,SEE_UPSTREAM_TERMS,NONE_RECORDED,,,dfadd::p364_249,paired_core,,,dfadd::p364_249,DFADD::pflow,APPROVED,dfadd::p364_249,dfadd::p364_249,ABSENT,dfadd::p364_249,ABSENT,DFADD::pflow,ABSENT,ABSENT,dfadd::p364_249,none,official DFADD release is MIT; upstream VCTK originals are CC BY 4.0; exact pair filenames and archive hash recorded,external provenance/dfadd_repo/LICENSE,c30560542bcd1305f605ee1077c0d18057e757d59591b53f7d1eecab8f1225e9,2026-09-01,cal_v13b,6e0ba8e67c51e9a6b91f418a6036e37d294363fbf0adf5e7c9c9ace1a29606a1,C:\Users\lLrich\ai_voice_data_v13b\raw\dfadd\fake\pflow\p364_249_pflow.wav,ad973262790fcaaf2d8676eb2b6e7fceb3cd9c94f702f443b8da8f2a01897244,16000,PCM_S16LE,.wav,canonical16k_pcm16_label_independent_v1,none
C:\Users\lLrich\ai_voice_data_v13b\processed\canonical16k_pcm16\dfadd_vctk_paired\4a77dab33b79e1009dc2e1498d589699151c8c5020aa5d104dae42a769891b30.wav,0,0,0,1,0,p330,REAL,dfadd_vctk_paired,DFADD/VCTK,,p330_109,dfadd::p330_109,https://huggingface.co/datasets/isjwdu/DFADD,dfc1eeab3cb0068db8e87a2b89a1ebd103665b1f,MIT (DFADD release); CC BY 4.0 (VCTK originals),,SEE_UPSTREAM_TERMS,NONE_RECORDED,,,dfadd::p330_109,paired_core,,,dfadd::p330_109,REAL,APPROVED,dfadd::p330_109,dfadd::p330_109,ABSENT,dfadd::p330_109,ABSENT,REAL,ABSENT,dfadd::p330_109,ABSENT,none,official DFADD release is MIT; upstream VCTK originals are CC BY 4.0; exact pair filenames and archive hash recorded,external provenance/dfadd_repo/LICENSE,c30560542bcd1305f605ee1077c0d18057e757d59591b53f7d1eecab8f1225e9,2026-09-01,cal_v13b,52d8469c41e0e3e4a15432066d9dd7152234a424c3bd5644db94155eb7829c62,C:\Users\lLrich\ai_voice_data_v13b\raw\dfadd\real\p330\p330_109.wav,4a77dab33b79e1009dc2e1498d589699151c8c5020aa5d104dae42a769891b30,16000,PCM_S16LE,.wav,canonical16k_pcm16_label_independent_v1,none
C:\Users\lLrich\ai_voice_data_v13b\processed\canonical16k_pcm16\dfadd_vctk_paired\ce49d3d4feec01d24c54b3345121afea386f2d79cd82feb0f9c3f9e8e171c5bc.wav,1,1,0,1,0,p330,DFADD::pflow,dfadd_vctk_paired,DFADD/VCTK,,p330_109,dfadd::p330_109,https://huggingface.co/datasets/isjwdu/DFADD,dfc1eeab3cb0068db8e87a2b89a1ebd103665b1f,MIT (DFADD release); CC BY 4.0 (VCTK originals),,SEE_UPSTREAM_TERMS,NONE_RECORDED,,,dfadd::p330_109,paired_core,,,dfadd::p330_109,DFADD::pflow,APPROVED,dfadd::p330_109,dfadd::p330_109,ABSENT,dfadd::p330_109,ABSENT,DFADD::pflow,ABSENT,ABSENT,dfadd::p330_109,none,official DFADD release is MIT; upstream VCTK originals are CC BY 4.0; exact pair filenames and archive hash recorded,external provenance/dfadd_repo/LICENSE,c30560542bcd1305f605ee1077c0d18057e757d59591b53f7d1eecab8f1225e9,2026-09-01,cal_v13b,f06229ef10edcb3cd1c43ccc677f50d56a31f7bbe40593382e4508a845d83051,C:\Users\lLrich\ai_voice_data_v13b\raw\dfadd\fake\pflow\p330_109_pflow.wav,ce49d3d4feec01d24c54b3345121afea386f2d79cd82feb0f9c3f9e8e171c5bc,16000,PCM_S16LE,.wav,canonical16k_pcm16_label_independent_v1,none
C:\Users\lLrich\ai_voice_data_v13b\processed\canonical16k_pcm16\dfadd_vctk_paired\08a726c1ff634b17e2d30ffe7e212df4b372a9994e4d5da44266db91e9813171.wav,0,0,0,1,0,p236,REAL,dfadd_vctk_paired,DFADD/VCTK,,p236_234,dfadd::p236_234,https://huggingface.co/datasets/isjwdu/DFADD,dfc1eeab3cb0068db8e87a2b89a1ebd103665b1f,MIT (DFADD release); CC BY 4.0 (VCTK originals),,SEE_UPSTREAM_TERMS,NONE_RECORDED,,,dfadd::p236_234,paired_core,,,dfadd::p236_234,REAL,APPROVED,dfadd::p236_234,dfadd::p236_234,ABSENT,dfadd::p236_234,ABSENT,REAL,ABSENT,dfadd::p236_234,ABSENT,none,official DFADD release is MIT; upstream VCTK originals are CC BY 4.0; exact pair filenames and archive hash recorded,external provenance/dfadd_repo/LICENSE,c30560542bcd1305f605ee1077c0d18057e757d59591b53f7d1eecab8f1225e9,2026-09-01,cal_v13b,a47f44678188be4d60ce2fe1f655caa5b88b8ba755143c0bce1867e99a5d96c4,C:\Users\lLrich\ai_voice_data_v13b\raw\dfadd\real\p236\p236_234.wav,08a726c1ff634b17e2d30ffe7e212df4b372a9994e4d5da44266db91e9813171,16000,PCM_S16LE,.wav,canonical16k_pcm16_label_independent_v1,none
C:\Users\lLrich\ai_voice_data_v13b\processed\canonical16k_pcm16\dfadd_vctk_paired\2dc7c6682120fd22f1a5d758d0c374a85669353a88bed8b173f21741f3abb7ab.wav,1,1,0,1,0,p236,DFADD::pflow,dfadd_vctk_paired,DFADD/VCTK,,p236_234,dfadd::p236_234,https://huggingface.co/datasets/isjwdu/DFADD,dfc1eeab3cb0068db8e87a2b89a1ebd103665b1f,MIT (DFADD release); CC BY 4.0 (VCTK originals),,SEE_UPSTREAM_TERMS,NONE_RECORDED,,,dfadd::p236_234,paired_core,,,dfadd::p236_234,DFADD::pflow,APPROVED,dfadd::p236_234,dfadd::p236_234,ABSENT,dfadd::p236_234,ABSENT,DFADD::pflow,ABSENT,ABSENT,dfadd::p236_234,none,official DFADD release is MIT; upstream VCTK originals are CC BY 4.0; exact pair filenames and archive hash recorded,external provenance/dfadd_repo/LICENSE,c30560542bcd1305f605ee1077c0d18057e757d59591b53f7d1eecab8f1225e9,2026-09-01,cal_v13b,d8743994755648e313c726cc6d340149f5ee45fdf6b8696c18850717fc450288,C:\Users\lLrich\ai_voice_data_v13b\raw\dfadd\fake\pflow\p236_234_pflow.wav,2dc7c6682120fd22f1a5d758d0c374a85669353a88bed8b173f21741f3abb7ab,16000,PCM_S16LE,.wav,canonical16k_pcm16_label_independent_v1,none
C:\Users\lLrich\ai_voice_data_v13b\processed\canonical16k_pcm16\dfadd_vctk_paired\a55af7351153801118ff0923562510643cb27c123fc1237c011f402c156992b5.wav,0,0,0,1,0,p266,REAL,dfadd_vctk_paired,DFADD/VCTK,,p266_022,dfadd::p266_022,https://huggingface.co/datasets/isjwdu/DFADD,dfc1eeab3cb0068db8e87a2b89a1ebd103665b1f,MIT (DFADD release); CC BY 4.0 (VCTK originals),,SEE_UPSTREAM_TERMS,NONE_RECORDED,,,dfadd::p266_022,paired_core,,,dfadd::p266_022,REAL,APPROVED,dfadd::p266_022,dfadd::p266_022,ABSENT,dfadd::p266_022,ABSENT,REAL,ABSENT,dfadd::p266_022,ABSENT,none,official DFADD release is MIT; upstream VCTK originals are CC BY 4.0; exact pair filenames and archive hash recorded,external provenance/dfadd_repo/LICENSE,c30560542bcd1305f605ee1077c0d18057e757d59591b53f7d1eecab8f1225e9,2026-09-01,cal_v13b,5a97d2835718510eb829329ae181d4d1a1570ed16ac5ca2351953bcd3e90b386,C:\Users\lLrich\ai_voice_data_v13b\raw\dfadd\real\p266\p266_022.wav,a55af7351153801118ff0923562510643cb27c123fc1237c011f402c156992b5,16000,PCM_S16LE,.wav,canonical16k_pcm16_label_independent_v1,none
C:\Users\lLrich\ai_voice_data_v13b\processed\canonical16k_pcm16\dfadd_vctk_paired\0547307769895f8f2b772e9bff31da0754819f6c8c0acfe66bc3b9305f5ab941.wav,1,1,0,1,0,p266,DFADD::pflow,dfadd_vctk_paired,DFADD/VCTK,,p266_022,dfadd::p266_022,https://huggingface.co/datasets/isjwdu/DFADD,dfc1eeab3cb0068db8e87a2b89a1ebd103665b1f,MIT (DFADD release); CC BY 4.0 (VCTK originals),,SEE_UPSTREAM_TERMS,NONE_RECORDED,,,dfadd::p266_022,paired_core,,,dfadd::p266_022,DFADD::pflow,APPROVED,dfadd::p266_022,dfadd::p266_022,ABSENT,dfadd::p266_022,ABSENT,DFADD::pflow,ABSENT,ABSENT,dfadd::p266_022,none,official DFADD release is MIT; upstream VCTK originals are CC BY 4.0; exact pair filenames and archive hash recorded,external provenance/dfadd_repo/LICENSE,c30560542bcd1305f605ee1077c0d18057e757d59591b53f7d1eecab8f1225e9,2026-09-01,cal_v13b,efc642bcb082a7e04d7e385ce2dc47b9ae1a8943fba6f030e0d4b97959d78ca3,C:\Users\lLrich\ai_voice_data_v13b\raw\dfadd\fake\pflow\p266_022_pflow.wav,0547307769895f8f2b772e9bff31da0754819f6c8c0acfe66bc3b9305f5ab941,16000,PCM_S16LE,.wav,canonical16k_pcm16_label_independent_v1,none
C:\Users\lLrich\ai_voice_data_v13b\processed\canonical16k_pcm16\dfadd_vctk_paired\7e8fdea3c23320f9d73d9532d7371dba4a34f6cc277d8556c9612ab960b2d577.wav,0,0,0,1,0,p341,REAL,dfadd_vctk_paired,DFADD/VCTK,,p341_206,dfadd::p341_206,https://huggingface.co/datasets/isjwdu/DFADD,dfc1eeab3cb0068db8e87a2b89a1ebd103665b1f,MIT (DFADD release); CC BY 4.0 (VCTK originals),,SEE_UPSTREAM_TERMS,NONE_RECORDED,,,dfadd::p341_206,paired_core,,,dfadd::p341_206,REAL,APPROVED,dfadd::p341_206,dfadd::p341_206,ABSENT,dfadd::p341_206,ABSENT,REAL,ABSENT,dfadd::p341_206,ABSENT,none,official DFADD release is MIT; upstream VCTK originals are CC BY 4.0; exact pair filenames and archive hash recorded,external provenance/dfadd_repo/LICENSE,c30560542bcd1305f605ee1077c0d18057e757d59591b53f7d1eecab8f1225e9,2026-09-01,cal_v13b,c9b8fc08d4b46dc9295a9a7de284de37b4966ff7cdeff65cd3b5676489a5296f,C:\Users\lLrich\ai_voice_data_v13b\raw\dfadd\real\p341\p341_206.wav,7e8fdea3c23320f9d73d9532d7371dba4a34f6cc277d8556c9612ab960b2d577,16000,PCM_S16LE,.wav,canonical16k_pcm16_label_independent_v1,none
C:\Users\lLrich\ai_voice_data_v13b\processed\canonical16k_pcm16\dfadd_vctk_paired\cee0603597fd2119f760038ce4176d3f3f3ede6e4df59aa22f892f8d0ddf3a61.wav,1,1,0,1,0,p341,DFADD::pflow,dfadd_vctk_paired,DFADD/VCTK,,p341_206,dfadd::p341_206,https://huggingface.co/datasets/isjwdu/DFADD,dfc1eeab3cb0068db8e87a2b89a1ebd103665b1f,MIT (DFADD release); CC BY 4.0 (VCTK originals),,SEE_UPSTREAM_TERMS,NONE_RECORDED,,,dfadd::p341_206,paired_core,,,dfadd::p341_206,DFADD::pflow,APPROVED,dfadd::p341_206,dfadd::p341_206,ABSENT,dfadd::p341_206,ABSENT,DFADD::pflow,ABSENT,ABSENT,dfadd::p341_206,none,official DFADD release is MIT; upstream VCTK originals are CC BY 4.0; exact pair filenames and archive hash recorded,external provenance/dfadd_repo/LICENSE,c30560542bcd1305f605ee1077c0d18057e757d59591b53f7d1eecab8f1225e9,2026-09-01,cal_v13b,d04e6d554fdac0ba5e89f6ec4b1bd576bdc0c28cb11a89599f3d800d6b47ff0c,C:\Users\lLrich\ai_voice_data_v13b\raw\dfadd\fake\pflow\p341_206_pflow.wav,cee0603597fd2119f760038ce4176d3f3f3ede6e4df59aa22f892f8d0ddf3a61,16000,PCM_S16LE,.wav,canonical16k_pcm16_label_independent_v1,none
C:\Users\lLrich\ai_voice_data_v13b\processed\canonical16k_pcm16\dfadd_vctk_paired\2c61ddd3dfa503eb8fdb7b2b15fed7d554f142220184b03f3b2150a41f461499.wav,0,0,0,1,0,p292,REAL,dfadd_vctk_paired,DFADD/VCTK,,p292_177,dfadd::p292_177,https://huggingface.co/datasets/isjwdu/DFADD,dfc1eeab3cb0068db8e87a2b89a1ebd103665b1f,MIT (DFADD release); CC BY 4.0 (VCTK originals),,SEE_UPSTREAM_TERMS,NONE_RECORDED,,,dfadd::p292_177,paired_core,,,dfadd::p292_177,REAL,APPROVED,dfadd::p292_177,dfadd::p292_177,ABSENT,dfadd::p292_177,ABSENT,REAL,ABSENT,dfadd::p292_177,ABSENT,none,official DFADD release is MIT; upstream VCTK originals are CC BY 4.0; exact pair filenames and archive hash recorded,external provenance/dfadd_repo/LICENSE,c30560542bcd1305f605ee1077c0d18057e757d59591b53f7d1eecab8f1225e9,2026-09-01,cal_v13b,4f2741fcf4d468ba83fa84c329f9782f2cff95f8bb51ec453430709a29cb19bc,C:\Users\lLrich\ai_voice_data_v13b\raw\dfadd\real\p292\p292_177.wav,2c61ddd3dfa503eb8fdb7b2b15fed7d554f142220184b03f3b2150a41f461499,16000,PCM_S16LE,.wav,canonical16k_pcm16_label_independent_v1,none
C:\Users\lLrich\ai_voice_data_v13b\processed\canonical16k_pcm16\dfadd_vctk_paired\b2d054c751298b0ac6bbf1bb9808d9c21f633d04ae56467b316c91b69bddf9bc.wav,1,1,0,1,0,p292,DFADD::pflow,dfadd_vctk_paired,DFADD/VCTK,,p292_177,dfadd::p292_177,https://huggingface.co/datasets/isjwdu/DFADD,dfc1eeab3cb0068db8e87a2b89a1ebd103665b1f,MIT (DFADD release); CC BY 4.0 (VCTK originals),,SEE_UPSTREAM_TERMS,NONE_RECORDED,,,dfadd::p292_177,paired_core,,,dfadd::p292_177,DFADD::pflow,APPROVED,dfadd::p292_177,dfadd::p292_177,ABSENT,dfadd::p292_177,ABSENT,DFADD::pflow,ABSENT,ABSENT,dfadd::p292_177,none,official DFADD release is MIT; upstream VCTK originals are CC BY 4.0; exact pair filenames and archive hash recorded,external provenance/dfadd_repo/LICENSE,c30560542bcd1305f605ee1077c0d18057e757d59591b53f7d1eecab8f1225e9,2026-09-01,cal_v13b,d53b21b1b3edccc6fc692b13993027680279b6f07b4cd18f53f61d6ea9d0c5c1,C:\Users\lLrich\ai_voice_data_v13b\raw\dfadd\fake\pflow\p292_177_pflow.wav,b2d054c751298b0ac6bbf1bb9808d9c21f633d04ae56467b316c91b69bddf9bc,16000,PCM_S16LE,.wav,canonical16k_pcm16_label_independent_v1,none
C:\Users\lLrich\ai_voice_data_v13b\processed\canonical16k_pcm16\dfadd_vctk_paired\38af3993ee3efe130e9a549bb4b631ab57354e47d87580599b92d2d19adfed7c.wav,0,0,0,1,0,p236,REAL,dfadd_vctk_paired,DFADD/VCTK,,p236_141,dfadd::p236_141,https://huggingface.co/datasets/isjwdu/DFADD,dfc1eeab3cb0068db8e87a2b89a1ebd103665b1f,MIT (DFADD release); CC BY 4.0 (VCTK originals),,SEE_UPSTREAM_TERMS,NONE_RECORDED,,,dfadd::p236_141,paired_core,,,dfadd::p236_141,REAL,APPROVED,dfadd::p236_141,dfadd::p236_141,ABSENT,dfadd::p236_141,ABSENT,REAL,ABSENT,dfadd::p236_141,ABSENT,none,official DFADD release is MIT; upstream VCTK originals are CC BY 4.0; exact pair filenames and archive hash recorded,external provenance/dfadd_repo/LICENSE,c30560542bcd1305f605ee1077c0d18057e757d59591b53f7d1eecab8f1225e9,2026-09-01,cal_v13b,dbd16ef9b6d0f2de1f458a7c9ca67cd1d1c1bde6e671a9dd2df1c7dd1e14cc25,C:\Users\lLrich\ai_voice_data_v13b\raw\dfadd\real\p236\p236_141.wav,38af3993ee3efe130e9a549bb4b631ab57354e47d87580599b92d2d19adfed7c,16000,PCM_S16LE,.wav,canonical16k_pcm16_label_independent_v1,none
C:\Users\lLrich\ai_voice_data_v13b\processed\canonical16k_pcm16\dfadd_vctk_paired\41ed02ddff294ee59469acdd6c9caf3b04e9183c30cb03b864093617fa67fcaa.wav,1,1,0,1,0,p236,DFADD::pflow,dfadd_vctk_paired,DFADD/VCTK,,p236_141,dfadd::p236_141,https://huggingface.co/datasets/isjwdu/DFADD,dfc1eeab3cb0068db8e87a2b89a1ebd103665b1f,MIT (DFADD release); CC BY 4.0 (VCTK originals),,SEE_UPSTREAM_TERMS,NONE_RECORDED,,,dfadd::p236_141,paired_core,,,dfadd::p236_141,DFADD::pflow,APPROVED,dfadd::p236_141,dfadd::p236_141,ABSENT,dfadd::p236_141,ABSENT,DFADD::pflow,ABSENT,ABSENT,dfadd::p236_141,none,official DFADD release is MIT; upstream VCTK originals are CC BY 4.0; exact pair filenames and archive hash recorded,external provenance/dfadd_repo/LICENSE,c30560542bcd1305f605ee1077c0d18057e757d59591b53f7d1eecab8f1225e9,2026-09-01,cal_v13b,28940196fd781446a302bcd6c68b41e994cbe536927aa43ebdf4a25e89d089ae,C:\Users\lLrich\ai_voice_data_v13b\raw\dfadd\fake\pflow\p236_141_pflow.wav,41ed02ddff294ee59469acdd6c9caf3b04e9183c30cb03b864093617fa67fcaa,16000,PCM_S16LE,.wav,canonical16k_pcm16_label_independent_v1,none
C:\Users\lLrich\ai_voice_data_v13b\processed\canonical16k_pcm16\dfadd_vctk_paired\96a2f77292c8e2a31c6ae322bb72241669461a47567da26d8ac8051a7da9becf.wav,0,0,0,1,0,p255,REAL,dfadd_vctk_paired,DFADD/VCTK,,p255_070,dfadd::p255_070,https://huggingface.co/datasets/isjwdu/DFADD,dfc1eeab3cb0068db8e87a2b89a1ebd103665b1f,MIT (DFADD release); CC BY 4.0 (VCTK originals),,SEE_UPSTREAM_TERMS,NONE_RECORDED,,,dfadd::p255_070,paired_core,,,dfadd::p255_070,REAL,APPROVED,dfadd::p255_070,dfadd::p255_070,ABSENT,dfadd::p255_070,ABSENT,REAL,ABSENT,dfadd::p255_070,ABSENT,none,official DFADD release is MIT; upstream VCTK originals are CC BY 4.0; exact pair filenames and archive hash recorded,external provenance/dfadd_repo/LICENSE,c30560542bcd1305f605ee1077c0d18057e757d59591b53f7d1eecab8f1225e9,2026-09-01,cal_v13b,dad1426068a62a814fad53f3d88e46ea9ccc7115480818f8f8f3e2b456d7bed2,C:\Users\lLrich\ai_voice_data_v13b\raw\dfadd\real\p255\p255_070.wav,96a2f77292c8e2a31c6ae322bb72241669461a47567da26d8ac8051a7da9becf,16000,PCM_S16LE,.wav,canonical16k_pcm16_label_independent_v1,none
C:\Users\lLrich\ai_voice_data_v13b\processed\canonical16k_pcm16\dfadd_vctk_paired\c68af39c029dd3710d67cd370a8c2124d5e6dc7a7b868de6c9fb63607471fdef.wav,1,1,0,1,0,p255,DFADD::pflow,dfadd_vctk_paired,DFADD/VCTK,,p255_070,dfadd::p255_070,https://huggingface.co/datasets/isjwdu/DFADD,dfc1eeab3cb0068db8e87a2b89a1ebd103665b1f,MIT (DFADD release); CC BY 4.0 (VCTK originals),,SEE_UPSTREAM_TERMS,NONE_RECORDED,,,dfadd::p255_070,paired_core,,,dfadd::p255_070,DFADD::pflow,APPROVED,dfadd::p255_070,dfadd::p255_070,ABSENT,dfadd::p255_070,ABSENT,DFADD::pflow,ABSENT,ABSENT,dfadd::p255_070,none,official DFADD release is MIT; upstream VCTK originals are CC BY 4.0; exact pair filenames and archive hash recorded,external provenance/dfadd_repo/LICENSE,c30560542bcd1305f605ee1077c0d18057e757d59591b53f7d1eecab8f1225e9,2026-09-01,cal_v13b,c3ad0f359f6270ada2871a2159526a22a423ceecfe8b3b74c2a9787f37130591,C:\Users\lLrich\ai_voice_data_v13b\raw\dfadd\fake\pflow\p255_070_pflow.wav,c68af39c029dd3710d67cd370a8c2124d5e6dc7a7b868de6c9fb63607471fdef,16000,PCM_S16LE,.wav,canonical16k_pcm16_label_independent_v1,none
C:\Users\lLrich\ai_voice_data_v13b\processed\canonical16k_pcm16\dfadd_vctk_paired\01dfcadf6386dede93e0134c14761424e3ee9b81c213fcf0999c98f2a0f4a2eb.wav,0,0,0,1,0,p345,REAL,dfadd_vctk_paired,DFADD/VCTK,,p345_278,dfadd::p345_278,https://huggingface.co/datasets/isjwdu/DFADD,dfc1eeab3cb0068db8e87a2b89a1ebd103665b1f,MIT (DFADD release); CC BY 4.0 (VCTK originals),,SEE_UPSTREAM_TERMS,NONE_RECORDED,,,dfadd::p345_278,paired_core,,,dfadd::p345_278,REAL,APPROVED,dfadd::p345_278,dfadd::p345_278,ABSENT,dfadd::p345_278,ABSENT,REAL,ABSENT,dfadd::p345_278,ABSENT,none,official DFADD release is MIT; upstream VCTK originals are CC BY 4.0; exact pair filenames and archive hash recorded,external provenance/dfadd_repo/LICENSE,c30560542bcd1305f605ee1077c0d18057e757d59591b53f7d1eecab8f1225e9,2026-09-01,cal_v13b,26a39cbe1410774f57f5c21fb7a766dc04ab7e69a5bfdd92f63d98b5d5dec23e,C:\Users\lLrich\ai_voice_data_v13b\raw\dfadd\real\p345\p345_278.wav,01dfcadf6386dede93e0134c14761424e3ee9b81c213fcf0999c98f2a0f4a2eb,16000,PCM_S16LE,.wav,canonical16k_pcm16_label_independent_v1,none
C:\Users\lLrich\ai_voice_data_v13b\processed\canonical16k_pcm16\dfadd_vctk_paired\a3fcd3ee27e73c220020dc5f12f7520a967d0afcb20ea0275f830291babe5ca9.wav,1,1,0,1,0,p345,DFADD::pflow,dfadd_vctk_paired,DFADD/VCTK,,p345_278,dfadd::p345_278,https://huggingface.co/datasets/isjwdu/DFADD,dfc1eeab3cb0068db8e87a2b89a1ebd103665b1f,MIT (DFADD release); CC BY 4.0 (VCTK originals),,SEE_UPSTREAM_TERMS,NONE_RECORDED,,,dfadd::p345_278,paired_core,,,dfadd::p345_278,DFADD::pflow,APPROVED,dfadd::p345_278,dfadd::p345_278,ABSENT,dfadd::p345_278,ABSENT,DFADD::pflow,ABSENT,ABSENT,dfadd::p345_278,none,official DFADD release is MIT; upstream VCTK originals are CC BY 4.0; exact pair filenames and archive hash recorded,external provenance/dfadd_repo/LICENSE,c30560542bcd1305f605ee1077c0d18057e757d59591b53f7d1eecab8f1225e9,2026-09-01,cal_v13b,698887a8558e234ce38a88c5ef3430d971a95994e582e2dabe48d40a8e125875,C:\Users\lLrich\ai_voice_data_v13b\raw\dfadd\fake\pflow\p345_278_pflow.wav,a3fcd3ee27e73c220020dc5f12f7520a967d0afcb20ea0275f830291babe5ca9,16000,PCM_S16LE,.wav,canonical16k_pcm16_label_independent_v1,none
C:\Users\lLrich\ai_voice_data_v13b\processed\canonical16k_pcm16\dfadd_vctk_paired\7d9c97da81334720255eac97cf5f1a53f0755e2413d29096cc4045b4fe557d42.wav,0,0,0,1,0,p280,REAL,dfadd_vctk_paired,DFADD/VCTK,,p280_140,dfadd::p280_140,https://huggingface.co/datasets/isjwdu/DFADD,dfc1eeab3cb0068db8e87a2b89a1ebd103665b1f,MIT (DFADD release); CC BY 4.0 (VCTK originals),,SEE_UPSTREAM_TERMS,NONE_RECORDED,,,dfadd::p280_140,paired_core,,,dfadd::p280_140,REAL,APPROVED,dfadd::p280_140,dfadd::p280_140,ABSENT,dfadd::p280_140,ABSENT,REAL,ABSENT,dfadd::p280_140,ABSENT,none,official DFADD release is MIT; upstream VCTK originals are CC BY 4.0; exact pair filenames and archive hash recorded,external provenance/dfadd_repo/LICENSE,c30560542bcd1305f605ee1077c0d18057e757d59591b53f7d1eecab8f1225e9,2026-09-01,cal_v13b,035256f7bb18fd3606c985d32e3b31f3c2d697882aa26c8d0589b4d33dba0434,C:\Users\lLrich\ai_voice_data_v13b\raw\dfadd\real\p280\p280_140.wav,7d9c97da81334720255eac97cf5f1a53f0755e2413d29096cc4045b4fe557d42,16000,PCM_S16LE,.wav,canonical16k_pcm16_label_independent_v1,none
C:\Users\lLrich\ai_voice_data_v13b\processed\canonical16k_pcm16\dfadd_vctk_paired\e5ecb1f5f2e417db0f82a115580bebd582017791e67d11661e77805faaef80b6.wav,1,1,0,1,0,p280,DFADD::pflow,dfadd_vctk_paired,DFADD/VCTK,,p280_140,dfadd::p280_140,https://huggingface.co/datasets/isjwdu/DFADD,dfc1eeab3cb0068db8e87a2b89a1ebd103665b1f,MIT (DFADD release); CC BY 4.0 (VCTK originals),,SEE_UPSTREAM_TERMS,NONE_RECORDED,,,dfadd::p280_140,paired_core,,,dfadd::p280_140,DFADD::pflow,APPROVED,dfadd::p280_140,dfadd::p280_140,ABSENT,dfadd::p280_140,ABSENT,DFADD::pflow,ABSENT,ABSENT,dfadd::p280_140,none,official DFADD release is MIT; upstream VCTK originals are CC BY 4.0; exact pair filenames and archive hash recorded,external provenance/dfadd_repo/LICENSE,c30560542bcd1305f605ee1077c0d18057e757d59591b53f7d1eecab8f1225e9,2026-09-01,cal_v13b,434fd7e2ca26d640c41675b92169397ac55bb22f212ae0297e2855e5d4f2772a,C:\Users\lLrich\ai_voice_data_v13b\raw\dfadd\fake\pflow\p280_140_pflow.wav,e5ecb1f5f2e417db0f82a115580bebd582017791e67d11661e77805faaef80b6,16000,PCM_S16LE,.wav,canonical16k_pcm16_label_independent_v1,none
C:\Users\lLrich\ai_voice_data_v13b\processed\canonical16k_pcm16\dfadd_vctk_paired\d7fa086ef45f8108c748eb3510ccd817d891eab35219d10b81209cad199a30f1.wav,0,0,0,1,0,p301,REAL,dfadd_vctk_paired,DFADD/VCTK,,p301_019,dfadd::p301_019,https://huggingface.co/datasets/isjwdu/DFADD,dfc1eeab3cb0068db8e87a2b89a1ebd103665b1f,MIT (DFADD release); CC BY 4.0 (VCTK originals),,SEE_UPSTREAM_TERMS,NONE_RECORDED,,,dfadd::p301_019,paired_core,,,dfadd::p301_019,REAL,APPROVED,dfadd::p301_019,dfadd::p301_019,ABSENT,dfadd::p301_019,ABSENT,REAL,ABSENT,dfadd::p301_019,ABSENT,none,official DFADD release is MIT; upstream VCTK originals are CC BY 4.0; exact pair filenames and archive hash recorded,external provenance/dfadd_repo/LICENSE,c30560542bcd1305f605ee1077c0d18057e757d59591b53f7d1eecab8f1225e9,2026-09-01,cal_v13b,f60ef3ce0bad474485282e1a6f1876f20f64bd5abc4589631ef7d9141a13ff8a,C:\Users\lLrich\ai_voice_data_v13b\raw\dfadd\real\p301\p301_019.wav,d7fa086ef45f8108c748eb3510ccd817d891eab35219d10b81209cad199a30f1,16000,PCM_S16LE,.wav,canonical16k_pcm16_label_independent_v1,none
C:\Users\lLrich\ai_voice_data_v13b\processed\canonical16k_pcm16\dfadd_vctk_paired\d7f9527ccc877ac1aad7b26641ba84cd606e6f90ee4c9c7db1625fedd06086ac.wav,1,1,0,1,0,p301,DFADD::pflow,dfadd_vctk_paired,DFADD/VCTK,,p301_019,dfadd::p301_019,https://huggingface.co/datasets/isjwdu/DFADD,dfc1eeab3cb0068db8e87a2b89a1ebd103665b1f,MIT (DFADD release); CC BY 4.0 (VCTK originals),,SEE_UPSTREAM_TERMS,NONE_RECORDED,,,dfadd::p301_019,paired_core,,,dfadd::p301_019,DFADD::pflow,APPROVED,dfadd::p301_019,dfadd::p301_019,ABSENT,dfadd::p301_019,ABSENT,DFADD::pflow,ABSENT,ABSENT,dfadd::p301_019,none,official DFADD release is MIT; upstream VCTK originals are CC BY 4.0; exact pair filenames and archive hash recorded,external provenance/dfadd_repo/LICENSE,c30560542bcd1305f605ee1077c0d18057e757d59591b53f7d1eecab8f1225e9,2026-09-01,cal_v13b,8615cd6301feabdb9a3dfbde8eb8bd35bc54046169e8db941ecd72b83028eb27,C:\Users\lLrich\ai_voice_data_v13b\raw\dfadd\fake\pflow\p301_019_pflow.wav,d7f9527ccc877ac1aad7b26641ba84cd606e6f90ee4c9c7db1625fedd06086ac,16000,PCM_S16LE,.wav,canonical16k_pcm16_label_independent_v1,none
C:\Users\lLrich\ai_voice_data_v13b\processed\canonical16k_pcm16\dfadd_vctk_paired\a39cba7498baa3c1423580630ba2343205108b4be91257d67d75a414f81f0891.wav,0,0,0,1,0,p284,REAL,dfadd_vctk_paired,DFADD/VCTK,,p284_078,dfadd::p284_078,https://huggingface.co/datasets/isjwdu/DFADD,dfc1eeab3cb0068db8e87a2b89a1ebd103665b1f,MIT (DFADD release); CC BY 4.0 (VCTK originals),,SEE_UPSTREAM_TERMS,NONE_RECORDED,,,dfadd::p284_078,paired_core,,,dfadd::p284_078,REAL,APPROVED,dfadd::p284_078,dfadd::p284_078,ABSENT,dfadd::p284_078,ABSENT,REAL,ABSENT,dfadd::p284_078,ABSENT,none,official DFADD release is MIT; upstream VCTK originals are CC BY 4.0; exact pair filenames and archive hash recorded,external provenance/dfadd_repo/LICENSE,c30560542bcd1305f605ee1077c0d18057e757d59591b53f7d1eecab8f1225e9,2026-09-01,cal_v13b,2f6f6b509fb4ab48322d36ec002665078bec62298cc3a9a90954997b1fdf480c,C:\Users\lLrich\ai_voice_data_v13b\raw\dfadd\real\p284\p284_078.wav,a39cba7498baa3c1423580630ba2343205108b4be91257d67d75a414f81f0891,16000,PCM_S16LE,.wav,canonical16k_pcm16_label_independent_v1,none
C:\Users\lLrich\ai_voice_data_v13b\processed\canonical16k_pcm16\dfadd_vctk_paired\6050d01b342da8cc7a85458b4015287a6043349f52e5cb7633935b86173bebea.wav,1,1,0,1,0,p284,DFADD::pflow,dfadd_vctk_paired,DFADD/VCTK,,p284_078,dfadd::p284_078,https://huggingface.co/datasets/isjwdu/DFADD,dfc1eeab3cb0068db8e87a2b89a1ebd103665b1f,MIT (DFADD release); CC BY 4.0 (VCTK originals),,SEE_UPSTREAM_TERMS,NONE_RECORDED,,,dfadd::p284_078,paired_core,,,dfadd::p284_078,DFADD::pflow,APPROVED,dfadd::p284_078,dfadd::p284_078,ABSENT,dfadd::p284_078,ABSENT,DFADD::pflow,ABSENT,ABSENT,dfadd::p284_078,none,official DFADD release is MIT; upstream VCTK originals are CC BY 4.0; exact pair filenames and archive hash recorded,external provenance/dfadd_repo/LICENSE,c30560542bcd1305f605ee1077c0d18057e757d59591b53f7d1eecab8f1225e9,2026-09-01,cal_v13b,93cd54e6edf6ffc7530b44f4accb59c914fbc72b209931e5a05d3df8d240698d,C:\Users\lLrich\ai_voice_data_v13b\raw\dfadd\fake\pflow\p284_078_pflow.wav,6050d01b342da8cc7a85458b4015287a6043349f52e5cb7633935b86173bebea,16000,PCM_S16LE,.wav,canonical16k_pcm16_label_independent_v1,none
C:\Users\lLrich\ai_voice_data_v13b\processed\canonical16k_pcm16\dfadd_vctk_paired\712fa79c42cdc099fae8371428a9f5706777bdd3950681fd5a8c023d04eda03d.wav,0,0,0,1,0,p266,REAL,dfadd_vctk_paired,DFADD/VCTK,,p266_255,dfadd::p266_255,https://huggingface.co/datasets/isjwdu/DFADD,dfc1eeab3cb0068db8e87a2b89a1ebd103665b1f,MIT (DFADD release); CC BY 4.0 (VCTK originals),,SEE_UPSTREAM_TERMS,NONE_RECORDED,,,dfadd::p266_255,paired_core,,,dfadd::p266_255,REAL,APPROVED,dfadd::p266_255,dfadd::p266_255,ABSENT,dfadd::p266_255,ABSENT,REAL,ABSENT,dfadd::p266_255,ABSENT,none,official DFADD release is MIT; upstream VCTK originals are CC BY 4.0; exact pair filenames and archive hash recorded,external provenance/dfadd_repo/LICENSE,c30560542bcd1305f605ee1077c0d18057e757d59591b53f7d1eecab8f1225e9,2026-09-01,cal_v13b,a676ca537b2986bebf20ee50d2d109931c9bb0aecca394f1321f829e2f3ee107,C:\Users\lLrich\ai_voice_data_v13b\raw\dfadd\real\p266\p266_255.wav,712fa79c42cdc099fae8371428a9f5706777bdd3950681fd5a8c023d04eda03d,16000,PCM_S16LE,.wav,canonical16k_pcm16_label_independent_v1,none
C:\Users\lLrich\ai_voice_data_v13b\processed\canonical16k_pcm16\dfadd_vctk_paired\0024a674e24887a985aef3de82e69028d20db179920fd4aa78d91105feb03b6d.wav,1,1,0,1,0,p266,DFADD::pflow,dfadd_vctk_paired,DFADD/VCTK,,p266_255,dfadd::p266_255,https://huggingface.co/datasets/isjwdu/DFADD,dfc1eeab3cb0068db8e87a2b89a1ebd103665b1f,MIT (DFADD release); CC BY 4.0 (VCTK originals),,SEE_UPSTREAM_TERMS,NONE_RECORDED,,,dfadd::p266_255,paired_core,,,dfadd::p266_255,DFADD::pflow,APPROVED,dfadd::p266_255,dfadd::p266_255,ABSENT,dfadd::p266_255,ABSENT,DFADD::pflow,ABSENT,ABSENT,dfadd::p266_255,none,official DFADD release is MIT; upstream VCTK originals are CC BY 4.0; exact pair filenames and archive hash recorded,external provenance/dfadd_repo/LICENSE,c30560542bcd1305f605ee1077c0d18057e757d59591b53f7d1eecab8f1225e9,2026-09-01,cal_v13b,3318a570f7be4212b6bc5c08b2134cd1b72c660bbc99346b7cd1bfa20712fb53,C:\Users\lLrich\ai_voice_data_v13b\raw\dfadd\fake\pflow\p266_255_pflow.wav,0024a674e24887a985aef3de82e69028d20db179920fd4aa78d91105feb03b6d,16000,PCM_S16LE,.wav,canonical16k_pcm16_label_independent_v1,none
C:\Users\lLrich\ai_voice_data_v13b\processed\canonical16k_pcm16\echoes_fma_paired\fdc89dbd163e7d62db1224497de74282c477fe263852df26b0b360b81d626d8b.wav,0,0,0,0,1,fma_artist_11018,Echoes::FMA_original,echoes_fma_paired,echoes_fma_paired,Octavian97/Echoes + official FMA,fma_112315,echoes_fma::112315,https://huggingface.co/datasets/Octavian97/Echoes ; https://github.com/mdeff/fma,Echoes 14b0c76c6a691c42fadfab9fb6a4eb1ee8c628a2; FMA metadata rc1,generated CC BY-SA 4.0; original http://creativecommons.org/licenses/by/4.0/,YES,FOLLOW_CC_ATTRIBUTION_AND_SHAREALIKE,FOLLOW_ORIGINAL_FMA_TRACK_LICENSE,Echoes-FMA-paired,fdc89dbd163e7d62db1224497de74282c477fe263852df26b0b360b81d626d8b,echoes_fma::112315,paired_core,TTA,real,fma_112315,Echoes::FMA_original,APPROVED,fma_112315,ABSENT,fma_112315,ABSENT,fma_112315,ABSENT,Echoes::FMA_original,fma_112315,ABSENT,none,generated tracks CC BY-SA 4.0 and selected FMA originals retain explicit row-level CC URLs,data/public_v9/echoes_fma_paired_manifest.csv,c5ed2108cdd091df7c668fc72bd0a4d9c3d2a19b3db27934219e06fcea60eea4,2026-09-01,cal_v13b,ccb846b384d1b989a405519a3958688e19215712067d0a8478c65749de626553,C:\Users\lLrich\Desktop\보이스ai해커톤\data\raw\public_v9\echoes_fma_paired\real\fma_112315.mp3,fdc89dbd163e7d62db1224497de74282c477fe263852df26b0b360b81d626d8b,16000,PCM_S16LE,.wav,canonical16k_pcm16_label_independent_v1,none
C:\Users\lLrich\ai_voice_data_v13b\processed\canonical16k_pcm16\echoes_fma_paired\2ab66dfb41c91c012e522ebf0e3e5d5ad2acf75cd0667faeaf17941318a81809.wav,1,0,1,0,1,fma_artist_11018,Echoes::udio,echoes_fma_paired,echoes_fma_paired,Octavian97/Echoes + official FMA,fma_112315,echoes_fma::112315,https://huggingface.co/datasets/Octavian97/Echoes ; https://github.com/mdeff/fma,Echoes 14b0c76c6a691c42fadfab9fb6a4eb1ee8c628a2; FMA metadata rc1,generated CC BY-SA 4.0; original http://creativecommons.org/licenses/by/4.0/,YES,FOLLOW_CC_ATTRIBUTION_AND_SHAREALIKE,FOLLOW_ORIGINAL_FMA_TRACK_LICENSE,Echoes-FMA-paired,2ab66dfb41c91c012e522ebf0e3e5d5ad2acf75cd0667faeaf17941318a81809,echoes_fma::112315,paired_core,TTA,fake,fma_112315,Echoes::udio,APPROVED,fma_112315,ABSENT,fma_112315,ABSENT,fma_112315,ABSENT,Echoes::udio,ABSENT,fma_112315,none,generated tracks CC BY-SA 4.0 and selected FMA originals retain explicit row-level CC URLs,data/public_v9/echoes_fma_paired_manifest.csv,c5ed2108cdd091df7c668fc72bd0a4d9c3d2a19b3db27934219e06fcea60eea4,2026-09-01,cal_v13b,6824291a6f3ca5aeef87962a0b738b8d4b75c2e9a925082d5ee3396ce512fcb0,C:\Users\lLrich\Desktop\보이스ai해커톤\data\raw\public_v9\echoes_fma_paired\fake\Digital_Lightning_Cloudkicker_udio_TTA_001.mp3,2ab66dfb41c91c012e522ebf0e3e5d5ad2acf75cd0667faeaf17941318a81809,16000,PCM_S16LE,.wav,canonical16k_pcm16_label_independent_v1,none
C:\Users\lLrich\ai_voice_data_v13b\processed\canonical16k_pcm16\echoes_fma_paired\26d7eee5652d2840f6717267e4e510e4c4b44254dff18ed7d6ed223f8fc444f0.wav,0,0,0,0,1,fma_artist_19498,Echoes::FMA_original,echoes_fma_paired,echoes_fma_paired,Octavian97/Echoes + official FMA,fma_114404,echoes_fma::114404,https://huggingface.co/datasets/Octavian97/Echoes ; https://github.com/mdeff/fma,Echoes 14b0c76c6a691c42fadfab9fb6a4eb1ee8c628a2; FMA metadata rc1,generated CC BY-SA 4.0; original http://creativecommons.org/licenses/by/4.0/,YES,FOLLOW_CC_ATTRIBUTION_AND_SHAREALIKE,FOLLOW_ORIGINAL_FMA_TRACK_LICENSE,Echoes-FMA-paired,26d7eee5652d2840f6717267e4e510e4c4b44254dff18ed7d6ed223f8fc444f0,echoes_fma::114404,paired_core,TTA,real,fma_114404,Echoes::FMA_original,APPROVED,fma_114404,ABSENT,fma_114404,ABSENT,fma_114404,ABSENT,Echoes::FMA_original,fma_114404,ABSENT,none,generated tracks CC BY-SA 4.0 and selected FMA originals retain explicit row-level CC URLs,data/public_v9/echoes_fma_paired_manifest.csv,c5ed2108cdd091df7c668fc72bd0a4d9c3d2a19b3db27934219e06fcea60eea4,2026-09-01,cal_v13b,757f09c7b246f7d414d5177125436ba689971e606626a28fdeeed25ea426d11e,C:\Users\lLrich\Desktop\보이스ai해커톤\data\raw\public_v9\echoes_fma_paired\real\fma_114404.mp3,26d7eee5652d2840f6717267e4e510e4c4b44254dff18ed7d6ed223f8fc444f0,16000,PCM_S16LE,.wav,canonical16k_pcm16_label_independent_v1,none
C:\Users\lLrich\ai_voice_data_v13b\processed\canonical16k_pcm16\echoes_fma_paired\5de67f48a77b605e6f2db6fbf3e43fbdc997275d60da222b3600ed7e88b73ea0.wav,1,0,1,0,1,fma_artist_19498,Echoes::udio,echoes_fma_paired,echoes_fma_paired,Octavian97/Echoes + official FMA,fma_114404,echoes_fma::114404,https://huggingface.co/datasets/Octavian97/Echoes ; https://github.com/mdeff/fma,Echoes 14b0c76c6a691c42fadfab9fb6a4eb1ee8c628a2; FMA metadata rc1,generated CC BY-SA 4.0; original http://creativecommons.org/licenses/by/4.0/,YES,FOLLOW_CC_ATTRIBUTION_AND_SHAREALIKE,FOLLOW_ORIGINAL_FMA_TRACK_LICENSE,Echoes-FMA-paired,5de67f48a77b605e6f2db6fbf3e43fbdc997275d60da222b3600ed7e88b73ea0,echoes_fma::114404,paired_core,TTA,fake,fma_114404,Echoes::udio,APPROVED,fma_114404,ABSENT,fma_114404,ABSENT,fma_114404,ABSENT,Echoes::udio,ABSENT,fma_114404,none,generated tracks CC BY-SA 4.0 and selected FMA originals retain explicit row-level CC URLs,data/public_v9/echoes_fma_paired_manifest.csv,c5ed2108cdd091df7c668fc72bd0a4d9c3d2a19b3db27934219e06fcea60eea4,2026-09-01,cal_v13b,e854eb81cc2ad888ba035bbbab18411dbdc49d73acb8320c9c965061cf3935a1,C:\Users\lLrich\Desktop\보이스ai해커톤\data\raw\public_v9\echoes_fma_paired\fake\Colossal_Stillness_Scott_Holmes_udio_TTA_001.mp3,5de67f48a77b605e6f2db6fbf3e43fbdc997275d60da222b3600ed7e88b73ea0,16000,PCM_S16LE,.wav,canonical16k_pcm16_label_independent_v1,none
C:\Users\lLrich\ai_voice_data_v13b\processed\canonical16k_pcm16\echoes_fma_paired\91644839ac6f302d77a9d8ea31302a4b9be3ab2ff257269927f85a2358db2c64.wav,0,0,0,0,1,fma_artist_21081,Echoes::FMA_original,echoes_fma_paired,echoes_fma_paired,Octavian97/Echoes + official FMA,fma_127296,echoes_fma::127296,https://huggingface.co/datasets/Octavian97/Echoes ; https://github.com/mdeff/fma,Echoes 14b0c76c6a691c42fadfab9fb6a4eb1ee8c628a2; FMA metadata rc1,generated CC BY-SA 4.0; original http://creativecommons.org/licenses/by/4.0/,YES,FOLLOW_CC_ATTRIBUTION_AND_SHAREALIKE,FOLLOW_ORIGINAL_FMA_TRACK_LICENSE,Echoes-FMA-paired,91644839ac6f302d77a9d8ea31302a4b9be3ab2ff257269927f85a2358db2c64,echoes_fma::127296,paired_core,TTA,real,fma_127296,Echoes::FMA_original,APPROVED,fma_127296,ABSENT,fma_127296,ABSENT,fma_127296,ABSENT,Echoes::FMA_original,fma_127296,ABSENT,none,generated tracks CC BY-SA 4.0 and selected FMA originals retain explicit row-level CC URLs,data/public_v9/echoes_fma_paired_manifest.csv,c5ed2108cdd091df7c668fc72bd0a4d9c3d2a19b3db27934219e06fcea60eea4,2026-09-01,cal_v13b,e0dcd8e6732d41d6b0293ce32331f2fed9d0bd84b3cca1c6a94f3be994095add,C:\Users\lLrich\Desktop\보이스ai해커톤\data\raw\public_v9\echoes_fma_paired\real\fma_127296.mp3,91644839ac6f302d77a9d8ea31302a4b9be3ab2ff257269927f85a2358db2c64,16000,PCM_S16LE,.wav,canonical16k_pcm16_label_independent_v1,none
C:\Users\lLrich\ai_voice_data_v13b\processed\canonical16k_pcm16\echoes_fma_paired\2a8dac9850155e00599294ba54f3cb9dbb7565648901f7acbf9e37edf502a3d8.wav,1,0,1,0,1,fma_artist_21081,Echoes::udio,echoes_fma_paired,echoes_fma_paired,Octavian97/Echoes + official FMA,fma_127296,echoes_fma::127296,https://huggingface.co/datasets/Octavian97/Echoes ; https://github.com/mdeff/fma,Echoes 14b0c76c6a691c42fadfab9fb6a4eb1ee8c628a2; FMA metadata rc1,generated CC BY-SA 4.0; original http://creativecommons.org/licenses/by/4.0/,YES,FOLLOW_CC_ATTRIBUTION_AND_SHAREALIKE,FOLLOW_ORIGINAL_FMA_TRACK_LICENSE,Echoes-FMA-paired,2a8dac9850155e00599294ba54f3cb9dbb7565648901f7acbf9e37edf502a3d8,echoes_fma::127296,paired_core,TTA,fake,fma_127296,Echoes::udio,APPROVED,fma_127296,ABSENT,fma_127296,ABSENT,fma_127296,ABSENT,Echoes::udio,ABSENT,fma_127296,none,generated tracks CC BY-SA 4.0 and selected FMA originals retain explicit row-level CC URLs,data/public_v9/echoes_fma_paired_manifest.csv,c5ed2108cdd091df7c668fc72bd0a4d9c3d2a19b3db27934219e06fcea60eea4,2026-09-01,cal_v13b,a64a92457d54d4fc232d8357aa1a2358062e68260353263b90e4f2c6c9d5f780,C:\Users\lLrich\Desktop\보이스ai해커톤\data\raw\public_v9\echoes_fma_paired\fake\First_Glance_Oh_Yeah_the_Future_udio_TTA_001.mp3,2a8dac9850155e00599294ba54f3cb9dbb7565648901f7acbf9e37edf502a3d8,16000,PCM_S16LE,.wav,canonical16k_pcm16_label_independent_v1,none
C:\Users\lLrich\ai_voice_data_v13b\processed\canonical16k_pcm16\echoes_fma_paired\73550e48b278d75ee92e1e097037edd967f49dc4d80f09285a55b120f3034e17.wav,0,0,0,0,1,fma_artist_22128,Echoes::FMA_original,echoes_fma_paired,echoes_fma_paired,Octavian97/Echoes + official FMA,fma_149414,echoes_fma::149414,https://huggingface.co/datasets/Octavian97/Echoes ; https://github.com/mdeff/fma,Echoes 14b0c76c6a691c42fadfab9fb6a4eb1ee8c628a2; FMA metadata rc1,generated CC BY-SA 4.0; original http://creativecommons.org/licenses/by/4.0/,YES,FOLLOW_CC_ATTRIBUTION_AND_SHAREALIKE,FOLLOW_ORIGINAL_FMA_TRACK_LICENSE,Echoes-FMA-paired,73550e48b278d75ee92e1e097037edd967f49dc4d80f09285a55b120f3034e17,echoes_fma::149414,paired_core,TTA,real,fma_149414,Echoes::FMA_original,APPROVED,fma_149414,ABSENT,fma_149414,ABSENT,fma_149414,ABSENT,Echoes::FMA_original,fma_149414,ABSENT,none,generated tracks CC BY-SA 4.0 and selected FMA originals retain explicit row-level CC URLs,data/public_v9/echoes_fma_paired_manifest.csv,c5ed2108cdd091df7c668fc72bd0a4d9c3d2a19b3db27934219e06fcea60eea4,2026-09-01,cal_v13b,1d9a3a98d1cd108c60db47baa82b52da29ccebd616a97819f3e3c62ff5512e0a,C:\Users\lLrich\Desktop\보이스ai해커톤\data\raw\public_v9\echoes_fma_paired\real\fma_149414.mp3,73550e48b278d75ee92e1e097037edd967f49dc4d80f09285a55b120f3034e17,16000,PCM_S16LE,.wav,canonical16k_pcm16_label_independent_v1,none
C:\Users\lLrich\ai_voice_data_v13b\processed\canonical16k_pcm16\echoes_fma_paired\1c2fe48b74292ea0e256bd26a8bfc9ea84ff7066796f6fe215d9613dd5f528b1.wav,1,0,1,0,1,fma_artist_22128,Echoes::suno,echoes_fma_paired,echoes_fma_paired,Octavian97/Echoes + official FMA,fma_149414,echoes_fma::149414,https://huggingface.co/datasets/Octavian97/Echoes ; https://github.com/mdeff/fma,Echoes 14b0c76c6a691c42fadfab9fb6a4eb1ee8c628a2; FMA metadata rc1,generated CC BY-SA 4.0; original http://creativecommons.org/licenses/by/4.0/,YES,FOLLOW_CC_ATTRIBUTION_AND_SHAREALIKE,FOLLOW_ORIGINAL_FMA_TRACK_LICENSE,Echoes-FMA-paired,1c2fe48b74292ea0e256bd26a8bfc9ea84ff7066796f6fe215d9613dd5f528b1,echoes_fma::149414,paired_core,TTA,fake,fma_149414,Echoes::suno,APPROVED,fma_149414,ABSENT,fma_149414,ABSENT,fma_149414,ABSENT,Echoes::suno,ABSENT,fma_149414,none,generated tracks CC BY-SA 4.0 and selected FMA originals retain explicit row-level CC URLs,data/public_v9/echoes_fma_paired_manifest.csv,c5ed2108cdd091df7c668fc72bd0a4d9c3d2a19b3db27934219e06fcea60eea4,2026-09-01,cal_v13b,4627e2d6c59817a5bb2adc515994d5eac93a5100ee91f8adf26818c08e483bfa,C:\Users\lLrich\Desktop\보이스ai해커톤\data\raw\public_v9\echoes_fma_paired\fake\Formic_Acid_for_Blood_Punk_Rock_Opera_suno_TTA_001.mp3,1c2fe48b74292ea0e256bd26a8bfc9ea84ff7066796f6fe215d9613dd5f528b1,16000,PCM_S16LE,.wav,canonical16k_pcm16_label_independent_v1,none
C:\Users\lLrich\ai_voice_data_v13b\processed\canonical16k_pcm16\echoes_fma_paired\4f4e823d75d74ea259ceda929001ea3af55fdc07cc8a5cac18f220b7c598e5d2.wav,0,0,0,0,1,fma_artist_129,Echoes::FMA_original,echoes_fma_paired,echoes_fma_paired,Octavian97/Echoes + official FMA,fma_22480,echoes_fma::22480,https://huggingface.co/datasets/Octavian97/Echoes ; https://github.com/mdeff/fma,Echoes 14b0c76c6a691c42fadfab9fb6a4eb1ee8c628a2; FMA metadata rc1,generated CC BY-SA 4.0; original http://creativecommons.org/licenses/by/3.0/us/,YES,FOLLOW_CC_ATTRIBUTION_AND_SHAREALIKE,FOLLOW_ORIGINAL_FMA_TRACK_LICENSE,Echoes-FMA-paired,4f4e823d75d74ea259ceda929001ea3af55fdc07cc8a5cac18f220b7c598e5d2,echoes_fma::22480,paired_core,TTA,real,fma_22480,Echoes::FMA_original,APPROVED,fma_22480,ABSENT,fma_22480,ABSENT,fma_22480,ABSENT,Echoes::FMA_original,fma_22480,ABSENT,none,generated tracks CC BY-SA 4.0 and selected FMA originals retain explicit row-level CC URLs,data/public_v9/echoes_fma_paired_manifest.csv,c5ed2108cdd091df7c668fc72bd0a4d9c3d2a19b3db27934219e06fcea60eea4,2026-09-01,cal_v13b,8c6ec28416c18025d385dbb88bd635a7abe4ba867e9608d19597fe8b4aa908a4,C:\Users\lLrich\Desktop\보이스ai해커톤\data\raw\public_v9\echoes_fma_paired\real\fma_22480.mp3,4f4e823d75d74ea259ceda929001ea3af55fdc07cc8a5cac18f220b7c598e5d2,16000,PCM_S16LE,.wav,canonical16k_pcm16_label_independent_v1,none
C:\Users\lLrich\ai_voice_data_v13b\processed\canonical16k_pcm16\echoes_fma_paired\f36f61199334b4049261c0a779e3902cdf628169f6b9157984064d3866375b0f.wav,1,0,1,0,1,fma_artist_129,Echoes::suno,echoes_fma_paired,echoes_fma_paired,Octavian97/Echoes + official FMA,fma_22480,echoes_fma::22480,https://huggingface.co/datasets/Octavian97/Echoes ; https://github.com/mdeff/fma,Echoes 14b0c76c6a691c42fadfab9fb6a4eb1ee8c628a2; FMA metadata rc1,generated CC BY-SA 4.0; original http://creativecommons.org/licenses/by/3.0/us/,YES,FOLLOW_CC_ATTRIBUTION_AND_SHAREALIKE,FOLLOW_ORIGINAL_FMA_TRACK_LICENSE,Echoes-FMA-paired,f36f61199334b4049261c0a779e3902cdf628169f6b9157984064d3866375b0f,echoes_fma::22480,paired_core,TTA,fake,fma_22480,Echoes::suno,APPROVED,fma_22480,ABSENT,fma_22480,ABSENT,fma_22480,ABSENT,Echoes::suno,ABSENT,fma_22480,none,generated tracks CC BY-SA 4.0 and selected FMA originals retain explicit row-level CC URLs,data/public_v9/echoes_fma_paired_manifest.csv,c5ed2108cdd091df7c668fc72bd0a4d9c3d2a19b3db27934219e06fcea60eea4,2026-09-01,cal_v13b,2acec14c2643e63b6aa41f1c392ce52e75cf2e2d0b8e8171f154b5e1fc68db18,C:\Users\lLrich\Desktop\보이스ai해커톤\data\raw\public_v9\echoes_fma_paired\fake\Celia_Ergo_Phizmiz_suno_TTA_001.mp3,f36f61199334b4049261c0a779e3902cdf628169f6b9157984064d3866375b0f,16000,PCM_S16LE,.wav,canonical16k_pcm16_label_independent_v1,none
C:\Users\lLrich\ai_voice_data_v13b\processed\canonical16k_pcm16\echoes_fma_paired\d31d3f99cf2241671ca8a892d5ccff36ef2ba5db09031da13990cffc8906d683.wav,0,0,0,0,1,fma_artist_15502,Echoes::FMA_original,echoes_fma_paired,echoes_fma_paired,Octavian97/Echoes + official FMA,fma_71505,echoes_fma::71505,https://huggingface.co/datasets/Octavian97/Echoes ; https://github.com/mdeff/fma,Echoes 14b0c76c6a691c42fadfab9fb6a4eb1ee8c628a2; FMA metadata rc1,generated CC BY-SA 4.0; original http://creativecommons.org/licenses/by/3.0/,YES,FOLLOW_CC_ATTRIBUTION_AND_SHAREALIKE,FOLLOW_ORIGINAL_FMA_TRACK_LICENSE,Echoes-FMA-paired,d31d3f99cf2241671ca8a892d5ccff36ef2ba5db09031da13990cffc8906d683,echoes_fma::71505,paired_core,TTA,real,fma_71505,Echoes::FMA_original,APPROVED,fma_71505,ABSENT,fma_71505,ABSENT,fma_71505,ABSENT,Echoes::FMA_original,fma_71505,ABSENT,none,generated tracks CC BY-SA 4.0 and selected FMA originals retain explicit row-level CC URLs,data/public_v9/echoes_fma_paired_manifest.csv,c5ed2108cdd091df7c668fc72bd0a4d9c3d2a19b3db27934219e06fcea60eea4,2026-09-01,cal_v13b,5a912b678a53dc573a9d6afee3f04a0fe0b8b242c680d923bbd6ec4264833e2c,C:\Users\lLrich\Desktop\보이스ai해커톤\data\raw\public_v9\echoes_fma_paired\real\fma_71505.mp3,d31d3f99cf2241671ca8a892d5ccff36ef2ba5db09031da13990cffc8906d683,16000,PCM_S16LE,.wav,canonical16k_pcm16_label_independent_v1,none
C:\Users\lLrich\ai_voice_data_v13b\processed\canonical16k_pcm16\echoes_fma_paired\61554b35ccda5ac46d8a0b4a68ccb8f594a4959abe72d8f49b8812918fb77980.wav,1,0,1,0,1,fma_artist_15502,Echoes::udio,echoes_fma_paired,echoes_fma_paired,Octavian97/Echoes + official FMA,fma_71505,echoes_fma::71505,https://huggingface.co/datasets/Octavian97/Echoes ; https://github.com/mdeff/fma,Echoes 14b0c76c6a691c42fadfab9fb6a4eb1ee8c628a2; FMA metadata rc1,generated CC BY-SA 4.0; original http://creativecommons.org/licenses/by/3.0/,YES,FOLLOW_CC_ATTRIBUTION_AND_SHAREALIKE,FOLLOW_ORIGINAL_FMA_TRACK_LICENSE,Echoes-FMA-paired,61554b35ccda5ac46d8a0b4a68ccb8f594a4959abe72d8f49b8812918fb77980,echoes_fma::71505,paired_core,TTA,fake,fma_71505,Echoes::udio,APPROVED,fma_71505,ABSENT,fma_71505,ABSENT,fma_71505,ABSENT,Echoes::udio,ABSENT,fma_71505,none,generated tracks CC BY-SA 4.0 and selected FMA originals retain explicit row-level CC URLs,data/public_v9/echoes_fma_paired_manifest.csv,c5ed2108cdd091df7c668fc72bd0a4d9c3d2a19b3db27934219e06fcea60eea4,2026-09-01,cal_v13b,3922f56f6fbf2e0865d67abb6e280008bc8d7997599272ea8657b8d6980e2557,C:\Users\lLrich\Desktop\보이스ai해커톤\data\raw\public_v9\echoes_fma_paired\fake\Empower_Thee_vargero_udio_TTA_001.mp3,61554b35ccda5ac46d8a0b4a68ccb8f594a4959abe72d8f49b8812918fb77980,16000,PCM_S16LE,.wav,canonical16k_pcm16_label_independent_v1,none
