path,file_fake,voice_fake,music_fake,voice_present,music_present,speaker_id,generator,source,dataset,hf_id,original_id,split_group_id,source_url,version,license,allowed_for_competition,redistribution_allowed,commercial_restriction,dataset_name,content_hash,near_duplicate_group,audio_sha256,generation_seed,generator_family,recommended_split,generated_by,external_assets_used,base_voice_id,base_music_id,duration_sec,sample_rate,peak,rms,dc_offset,clipping_fraction,mix_snr_db
data/generated_v8/audio/train/voice/proc_voice_train_00000__additive_formant.wav,1,1,0,1,0,proc_train_speaker_30,proc_voice_additive_formant,project_procedural_v8,procedural_v8,,proc_voice_train_00000,proc::voice::train::00000,LOCAL:tools/procedural_audio_v8.py,procedural-v8.1,PROJECT_AUTHORED_PROCEDURAL_OUTPUT_NO_EXTERNAL_ASSETS,YES,YES_PROJECT_OWNED,NO_EXTERNAL_RESTRICTION,procedural_v8,42e7139a5d7175f0ff4fb858c581f0fdafb7c873badc227704207ed833a6b039,proc::voice::train::00000,6b84bf70dff5ef5264d5e3b112dd9389caa5e81d893f519ee8a599e2345ceed2,23684908,proc_voice_additive_formant,train,numpy_scipy_project_generator,NO,,,4.275000,16000,0.73951751,0.21989342,-0.00000066,0.00000000,
data/generated_v8/audio/train/voice/proc_voice_train_00000__pulse_lpc.wav,1,1,0,1,0,proc_train_speaker_30,proc_voice_pulse_lpc,project_procedural_v8,procedural_v8,,proc_voice_train_00000,proc::voice::train::00000,LOCAL:tools/procedural_audio_v8.py,procedural-v8.1,PROJECT_AUTHORED_PROCEDURAL_OUTPUT_NO_EXTERNAL_ASSETS,YES,YES_PROJECT_OWNED,NO_EXTERNAL_RESTRICTION,procedural_v8,42e7139a5d7175f0ff4fb858c581f0fdafb7c873badc227704207ed833a6b039,proc::voice::train::00000,b88be015a3cc770bb9def352740b17f3d2800f8132b071be2aa9f9b81cdd5790,23684908,proc_voice_pulse_lpc,train,numpy_scipy_project_generator,NO,,,4.275000,16000,0.81977105,0.31204286,-0.00001886,0.00000000,
data/generated_v8/audio/train/voice/proc_voice_train_00000__codec_phase.wav,1,1,0,1,0,proc_train_speaker_30,proc_voice_codec_phase,project_procedural_v8,procedural_v8,,proc_voice_train_00000,proc::voice::train::00000,LOCAL:tools/procedural_audio_v8.py,procedural-v8.1,PROJECT_AUTHORED_PROCEDURAL_OUTPUT_NO_EXTERNAL_ASSETS,YES,YES_PROJECT_OWNED,NO_EXTERNAL_RESTRICTION,procedural_v8,42e7139a5d7175f0ff4fb858c581f0fdafb7c873badc227704207ed833a6b039,proc::voice::train::00000,12685b9620d72ff1516255a106aef0058b00770b467cc50c2297b2bc8c4412a5,23684908,proc_voice_codec_phase,train,numpy_scipy_project_generator,NO,,,4.275000,16000,0.91093385,0.32210101,-0.00000373,0.00000000,
data/generated_v8/audio/train/voice/proc_voice_train_00001__additive_formant.wav,1,1,0,1,0,proc_train_speaker_31,proc_voice_additive_formant,project_procedural_v8,procedural_v8,,proc_voice_train_00001,proc::voice::train::00001,LOCAL:tools/procedural_audio_v8.py,procedural-v8.1,PROJECT_AUTHORED_PROCEDURAL_OUTPUT_NO_EXTERNAL_ASSETS,YES,YES_PROJECT_OWNED,NO_EXTERNAL_RESTRICTION,procedural_v8,04abe91534078fc732f1764cdee8ec11fd0f8f61a418041ada65e8b37ae5f488,proc::voice::train::00001,726bb4b310be9ee8f1b51bdff78e4c09c89f9c92dae550cb15c3f2e2dadcbfff,23684909,proc_voice_additive_formant,train,numpy_scipy_project_generator,NO,,,5.708000,16000,0.82837784,0.18915103,-0.00000186,0.00000000,
data/generated_v8/audio/train/voice/proc_voice_train_00001__pulse_lpc.wav,1,1,0,1,0,proc_train_speaker_31,proc_voice_pulse_lpc,project_procedural_v8,procedural_v8,,proc_voice_train_00001,proc::voice::train::00001,LOCAL:tools/procedural_audio_v8.py,procedural-v8.1,PROJECT_AUTHORED_PROCEDURAL_OUTPUT_NO_EXTERNAL_ASSETS,YES,YES_PROJECT_OWNED,NO_EXTERNAL_RESTRICTION,procedural_v8,04abe91534078fc732f1764cdee8ec11fd0f8f61a418041ada65e8b37ae5f488,proc::voice::train::00001,8e60cf98524b915f28105ce7bf7669d737e8aaa174585c8956e990976d37c71a,23684909,proc_voice_pulse_lpc,train,numpy_scipy_project_generator,NO,,,5.708000,16000,0.91260684,0.26484280,-0.00000706,0.00000000,
data/generated_v8/audio/train/voice/proc_voice_train_00001__codec_phase.wav,1,1,0,1,0,proc_train_speaker_31,proc_voice_codec_phase,project_procedural_v8,procedural_v8,,proc_voice_train_00001,proc::voice::train::00001,LOCAL:tools/procedural_audio_v8.py,procedural-v8.1,PROJECT_AUTHORED_PROCEDURAL_OUTPUT_NO_EXTERNAL_ASSETS,YES,YES_PROJECT_OWNED,NO_EXTERNAL_RESTRICTION,procedural_v8,04abe91534078fc732f1764cdee8ec11fd0f8f61a418041ada65e8b37ae5f488,proc::voice::train::00001,d7d6d445e597e97555bc4233452528c9aa7c769c244188441aee76c6f1f64a52,23684909,proc_voice_codec_phase,train,numpy_scipy_project_generator,NO,,,5.708000,16000,0.90163738,0.22746263,-0.00000192,0.00000000,
data/generated_v8/audio/train/voice/proc_voice_train_00002__additive_formant.wav,1,1,0,1,0,proc_train_speaker_32,proc_voice_additive_formant,project_procedural_v8,procedural_v8,,proc_voice_train_00002,proc::voice::train::00002,LOCAL:tools/procedural_audio_v8.py,procedural-v8.1,PROJECT_AUTHORED_PROCEDURAL_OUTPUT_NO_EXTERNAL_ASSETS,YES,YES_PROJECT_OWNED,NO_EXTERNAL_RESTRICTION,procedural_v8,fc94c4c469c5c759d568b8f3f19430d83b16dcd808f60e661d2e1250df06427d,proc::voice::train::00002,9d3346b1f4c1b1b1f5b596cab7dbf02a3ce280aef739ee28587f5dc228fab992,23684910,proc_voice_additive_formant,train,numpy_scipy_project_generator,NO,,,4.263000,16000,0.86742258,0.16266020,0.00000318,0.00000000,
data/generated_v8/audio/train/voice/proc_voice_train_00002__pulse_lpc.wav,1,1,0,1,0,proc_train_speaker_32,proc_voice_pulse_lpc,project_procedural_v8,procedural_v8,,proc_voice_train_00002,proc::voice::train::00002,LOCAL:tools/procedural_audio_v8.py,procedural-v8.1,PROJECT_AUTHORED_PROCEDURAL_OUTPUT_NO_EXTERNAL_ASSETS,YES,YES_PROJECT_OWNED,NO_EXTERNAL_RESTRICTION,procedural_v8,fc94c4c469c5c759d568b8f3f19430d83b16dcd808f60e661d2e1250df06427d,proc::voice::train::00002,e4bcbd5e307cc4a028e6ae4733acca745041bcca30302e6f36d73742652febc2,23684910,proc_voice_pulse_lpc,train,numpy_scipy_project_generator,NO,,,4.263000,16000,0.72184807,0.20148968,-0.00000521,0.00000000,
data/generated_v8/audio/train/voice/proc_voice_train_00002__codec_phase.wav,1,1,0,1,0,proc_train_speaker_32,proc_voice_codec_phase,project_procedural_v8,procedural_v8,,proc_voice_train_00002,proc::voice::train::00002,LOCAL:tools/procedural_audio_v8.py,procedural-v8.1,PROJECT_AUTHORED_PROCEDURAL_OUTPUT_NO_EXTERNAL_ASSETS,YES,YES_PROJECT_OWNED,NO_EXTERNAL_RESTRICTION,procedural_v8,fc94c4c469c5c759d568b8f3f19430d83b16dcd808f60e661d2e1250df06427d,proc::voice::train::00002,1510d03d59157c0966d736629892df0ce3ec1be1ae380fce401a7294c1df5ed3,23684910,proc_voice_codec_phase,train,numpy_scipy_project_generator,NO,,,4.263000,16000,0.76807141,0.18935301,-0.00000087,0.00000000,
data/generated_v8/audio/train/voice/proc_voice_train_00003__additive_formant.wav,1,1,0,1,0,proc_train_speaker_33,proc_voice_additive_formant,project_procedural_v8,procedural_v8,,proc_voice_train_00003,proc::voice::train::00003,LOCAL:tools/procedural_audio_v8.py,procedural-v8.1,PROJECT_AUTHORED_PROCEDURAL_OUTPUT_NO_EXTERNAL_ASSETS,YES,YES_PROJECT_OWNED,NO_EXTERNAL_RESTRICTION,procedural_v8,23a94d2e2ea9b2b35e38904b5d5a764d3a586fc06d15f550e34ca37b5832eae0,proc::voice::train::00003,56ddc063c89bf8f6ac5619af82a07d78dd931150e0140c883a13488f4eaa6656,23684911,proc_voice_additive_formant,train,numpy_scipy_project_generator,NO,,,3.828000,16000,0.74186885,0.18704844,-0.00000017,0.00000000,
data/generated_v8/audio/train/voice/proc_voice_train_00003__pulse_lpc.wav,1,1,0,1,0,proc_train_speaker_33,proc_voice_pulse_lpc,project_procedural_v8,procedural_v8,,proc_voice_train_00003,proc::voice::train::00003,LOCAL:tools/procedural_audio_v8.py,procedural-v8.1,PROJECT_AUTHORED_PROCEDURAL_OUTPUT_NO_EXTERNAL_ASSETS,YES,YES_PROJECT_OWNED,NO_EXTERNAL_RESTRICTION,procedural_v8,23a94d2e2ea9b2b35e38904b5d5a764d3a586fc06d15f550e34ca37b5832eae0,proc::voice::train::00003,b60c5c7a01df991b005ebd6f29a67091b98f844727e938ecd0dbe2a756b6973e,23684911,proc_voice_pulse_lpc,train,numpy_scipy_project_generator,NO,,,3.828000,16000,0.90279233,0.32041379,-0.00001828,0.00000000,
data/generated_v8/audio/train/voice/proc_voice_train_00003__codec_phase.wav,1,1,0,1,0,proc_train_speaker_33,proc_voice_codec_phase,project_procedural_v8,procedural_v8,,proc_voice_train_00003,proc::voice::train::00003,LOCAL:tools/procedural_audio_v8.py,procedural-v8.1,PROJECT_AUTHORED_PROCEDURAL_OUTPUT_NO_EXTERNAL_ASSETS,YES,YES_PROJECT_OWNED,NO_EXTERNAL_RESTRICTION,procedural_v8,23a94d2e2ea9b2b35e38904b5d5a764d3a586fc06d15f550e34ca37b5832eae0,proc::voice::train::00003,a229ff8d15eeb1e85c8b31502c4f197cab812f1799aa5d313439ccf216c56d1a,23684911,proc_voice_codec_phase,train,numpy_scipy_project_generator,NO,,,3.828000,16000,0.72517359,0.24884156,-0.00000732,0.00000000,
data/generated_v8/audio/train/voice/proc_voice_train_00004__additive_formant.wav,1,1,0,1,0,proc_train_speaker_34,proc_voice_additive_formant,project_procedural_v8,procedural_v8,,proc_voice_train_00004,proc::voice::train::00004,LOCAL:tools/procedural_audio_v8.py,procedural-v8.1,PROJECT_AUTHORED_PROCEDURAL_OUTPUT_NO_EXTERNAL_ASSETS,YES,YES_PROJECT_OWNED,NO_EXTERNAL_RESTRICTION,procedural_v8,0c42a31a516e45b441bd8f24e81756c3611dc29b51fdade6f62701e17d450c10,proc::voice::train::00004,7f543ac877fb1795800259702880ab4e79f38215475d77f8347ffb5e9201051c,23684912,proc_voice_additive_formant,train,numpy_scipy_project_generator,NO,,,3.440000,16000,0.72780037,0.15950635,-0.00001406,0.00000000,
data/generated_v8/audio/train/voice/proc_voice_train_00004__pulse_lpc.wav,1,1,0,1,0,proc_train_speaker_34,proc_voice_pulse_lpc,project_procedural_v8,procedural_v8,,proc_voice_train_00004,proc::voice::train::00004,LOCAL:tools/procedural_audio_v8.py,procedural-v8.1,PROJECT_AUTHORED_PROCEDURAL_OUTPUT_NO_EXTERNAL_ASSETS,YES,YES_PROJECT_OWNED,NO_EXTERNAL_RESTRICTION,procedural_v8,0c42a31a516e45b441bd8f24e81756c3611dc29b51fdade6f62701e17d450c10,proc::voice::train::00004,5d917d9edc19bf9a0f38a4a1914c2926c1c268c382602fdc0ec376c5e08f1b43,23684912,proc_voice_pulse_lpc,train,numpy_scipy_project_generator,NO,,,3.440000,16000,0.79823112,0.24255565,-0.00001492,0.00000000,
data/generated_v8/audio/train/voice/proc_voice_train_00004__codec_phase.wav,1,1,0,1,0,proc_train_speaker_34,proc_voice_codec_phase,project_procedural_v8,procedural_v8,,proc_voice_train_00004,proc::voice::train::00004,LOCAL:tools/procedural_audio_v8.py,procedural-v8.1,PROJECT_AUTHORED_PROCEDURAL_OUTPUT_NO_EXTERNAL_ASSETS,YES,YES_PROJECT_OWNED,NO_EXTERNAL_RESTRICTION,procedural_v8,0c42a31a516e45b441bd8f24e81756c3611dc29b51fdade6f62701e17d450c10,proc::voice::train::00004,374de67ac6e812d183cf0331e7ba93a4c900e66d6186c421634cb753637732d2,23684912,proc_voice_codec_phase,train,numpy_scipy_project_generator,NO,,,3.440000,16000,0.85729694,0.24568295,-0.00001043,0.00000000,
data/generated_v8/audio/train/voice/proc_voice_train_00005__additive_formant.wav,1,1,0,1,0,proc_train_speaker_35,proc_voice_additive_formant,project_procedural_v8,procedural_v8,,proc_voice_train_00005,proc::voice::train::00005,LOCAL:tools/procedural_audio_v8.py,procedural-v8.1,PROJECT_AUTHORED_PROCEDURAL_OUTPUT_NO_EXTERNAL_ASSETS,YES,YES_PROJECT_OWNED,NO_EXTERNAL_RESTRICTION,procedural_v8,605e1986dad122b3c439fc960c64b636e9854521e959731d6da7fe910e99ea04,proc::voice::train::00005,8fc509d54b746204b61c85370f090c9a3d9376f80673067d7a111c94ffce9090,23684913,proc_voice_additive_formant,train,numpy_scipy_project_generator,NO,,,6.272000,16000,0.78862262,0.18671597,0.00000182,0.00000000,
data/generated_v8/audio/train/voice/proc_voice_train_00005__pulse_lpc.wav,1,1,0,1,0,proc_train_speaker_35,proc_voice_pulse_lpc,project_procedural_v8,procedural_v8,,proc_voice_train_00005,proc::voice::train::00005,LOCAL:tools/procedural_audio_v8.py,procedural-v8.1,PROJECT_AUTHORED_PROCEDURAL_OUTPUT_NO_EXTERNAL_ASSETS,YES,YES_PROJECT_OWNED,NO_EXTERNAL_RESTRICTION,procedural_v8,605e1986dad122b3c439fc960c64b636e9854521e959731d6da7fe910e99ea04,proc::voice::train::00005,ba696964d064880e7784c6670e39a11c5aa13d4107d6d7ba29b6a9fb90326e1c,23684913,proc_voice_pulse_lpc,train,numpy_scipy_project_generator,NO,,,6.272000,16000,0.79776108,0.26601966,-0.00001280,0.00000000,
data/generated_v8/audio/train/voice/proc_voice_train_00005__codec_phase.wav,1,1,0,1,0,proc_train_speaker_35,proc_voice_codec_phase,project_procedural_v8,procedural_v8,,proc_voice_train_00005,proc::voice::train::00005,LOCAL:tools/procedural_audio_v8.py,procedural-v8.1,PROJECT_AUTHORED_PROCEDURAL_OUTPUT_NO_EXTERNAL_ASSETS,YES,YES_PROJECT_OWNED,NO_EXTERNAL_RESTRICTION,procedural_v8,605e1986dad122b3c439fc960c64b636e9854521e959731d6da7fe910e99ea04,proc::voice::train::00005,f72fbe6008b6ba210fff2071a91897fadcf9cd92503774654277d2733ac09360,23684913,proc_voice_codec_phase,train,numpy_scipy_project_generator,NO,,,6.272000,16000,0.91282123,0.26067592,0.00000142,0.00000000,
data/generated_v8/audio/train/voice/proc_voice_train_00006__additive_formant.wav,1,1,0,1,0,proc_train_speaker_36,proc_voice_additive_formant,project_procedural_v8,procedural_v8,,proc_voice_train_00006,proc::voice::train::00006,LOCAL:tools/procedural_audio_v8.py,procedural-v8.1,PROJECT_AUTHORED_PROCEDURAL_OUTPUT_NO_EXTERNAL_ASSETS,YES,YES_PROJECT_OWNED,NO_EXTERNAL_RESTRICTION,procedural_v8,53550f65653498b287004f21ebf6c5f159982f469a0aa77c5f83a7bdb47de851,proc::voice::train::00006,70c1f33cd2dc7c08fd50309b4b482cafb337b7d1679924c0d25413abe4302a7a,23684914,proc_voice_additive_formant,train,numpy_scipy_project_generator,NO,,,7.131000,16000,0.88266093,0.16106926,-0.00000016,0.00000000,
data/generated_v8/audio/train/voice/proc_voice_train_00006__pulse_lpc.wav,1,1,0,1,0,proc_train_speaker_36,proc_voice_pulse_lpc,project_procedural_v8,procedural_v8,,proc_voice_train_00006,proc::voice::train::00006,LOCAL:tools/procedural_audio_v8.py,procedural-v8.1,PROJECT_AUTHORED_PROCEDURAL_OUTPUT_NO_EXTERNAL_ASSETS,YES,YES_PROJECT_OWNED,NO_EXTERNAL_RESTRICTION,procedural_v8,53550f65653498b287004f21ebf6c5f159982f469a0aa77c5f83a7bdb47de851,proc::voice::train::00006,3f8f40800979922c4d9e88ed8ea23b69474ac8af8b6361ca9144e9345a7944b1,23684914,proc_voice_pulse_lpc,train,numpy_scipy_project_generator,NO,,,7.131000,16000,0.80181015,0.23460973,-0.00000575,0.00000000,
data/generated_v8/audio/train/voice/proc_voice_train_00006__codec_phase.wav,1,1,0,1,0,proc_train_speaker_36,proc_voice_codec_phase,project_procedural_v8,procedural_v8,,proc_voice_train_00006,proc::voice::train::00006,LOCAL:tools/procedural_audio_v8.py,procedural-v8.1,PROJECT_AUTHORED_PROCEDURAL_OUTPUT_NO_EXTERNAL_ASSETS,YES,YES_PROJECT_OWNED,NO_EXTERNAL_RESTRICTION,procedural_v8,53550f65653498b287004f21ebf6c5f159982f469a0aa77c5f83a7bdb47de851,proc::voice::train::00006,bf92c4d8f80906211a6a5f80ee134a77c0a49c0004cd571ad200805ae2455b55,23684914,proc_voice_codec_phase,train,numpy_scipy_project_generator,NO,,,7.131000,16000,0.90588093,0.25725278,-0.00000246,0.00000000,
data/generated_v8/audio/train/voice/proc_voice_train_00007__additive_formant.wav,1,1,0,1,0,proc_train_speaker_37,proc_voice_additive_formant,project_procedural_v8,procedural_v8,,proc_voice_train_00007,proc::voice::train::00007,LOCAL:tools/procedural_audio_v8.py,procedural-v8.1,PROJECT_AUTHORED_PROCEDURAL_OUTPUT_NO_EXTERNAL_ASSETS,YES,YES_PROJECT_OWNED,NO_EXTERNAL_RESTRICTION,procedural_v8,51c3bab4d16a179bde55644e7d5949c19a4f121c2778dec908c204ae2ca9c111,proc::voice::train::00007,58eadbbcf8bb65d225d55729f3f9c0c216a3cbb2b6370042853f2310f60231c5,23684915,proc_voice_additive_formant,train,numpy_scipy_project_generator,NO,,,5.944000,16000,0.80728573,0.17482259,-0.00000598,0.00000000,
data/generated_v8/audio/train/voice/proc_voice_train_00007__pulse_lpc.wav,1,1,0,1,0,proc_train_speaker_37,proc_voice_pulse_lpc,project_procedural_v8,procedural_v8,,proc_voice_train_00007,proc::voice::train::00007,LOCAL:tools/procedural_audio_v8.py,procedural-v8.1,PROJECT_AUTHORED_PROCEDURAL_OUTPUT_NO_EXTERNAL_ASSETS,YES,YES_PROJECT_OWNED,NO_EXTERNAL_RESTRICTION,procedural_v8,51c3bab4d16a179bde55644e7d5949c19a4f121c2778dec908c204ae2ca9c111,proc::voice::train::00007,b0f1e614b972ed520a63c9d799f1d1ef366736b3f167468471a2f6c90f03ebee,23684915,proc_voice_pulse_lpc,train,numpy_scipy_project_generator,NO,,,5.944000,16000,0.81632614,0.25826497,-0.00000823,0.00000000,
data/generated_v8/audio/train/voice/proc_voice_train_00007__codec_phase.wav,1,1,0,1,0,proc_train_speaker_37,proc_voice_codec_phase,project_procedural_v8,procedural_v8,,proc_voice_train_00007,proc::voice::train::00007,LOCAL:tools/procedural_audio_v8.py,procedural-v8.1,PROJECT_AUTHORED_PROCEDURAL_OUTPUT_NO_EXTERNAL_ASSETS,YES,YES_PROJECT_OWNED,NO_EXTERNAL_RESTRICTION,procedural_v8,51c3bab4d16a179bde55644e7d5949c19a4f121c2778dec908c204ae2ca9c111,proc::voice::train::00007,ad4479cef01f5130dcc65f1454788bd33c2eb77fdaf317fe15de0b679ffcbd39,23684915,proc_voice_codec_phase,train,numpy_scipy_project_generator,NO,,,5.944000,16000,0.73721915,0.22792687,0.00000921,0.00000000,
data/generated_v8/audio/train/voice/proc_voice_train_00008__additive_formant.wav,1,1,0,1,0,proc_train_speaker_38,proc_voice_additive_formant,project_procedural_v8,procedural_v8,,proc_voice_train_00008,proc::voice::train::00008,LOCAL:tools/procedural_audio_v8.py,procedural-v8.1,PROJECT_AUTHORED_PROCEDURAL_OUTPUT_NO_EXTERNAL_ASSETS,YES,YES_PROJECT_OWNED,NO_EXTERNAL_RESTRICTION,procedural_v8,4199ab6dfe9f3cd199d4cfc06ebca006d958df750b19a7081423c4f3c2bad1e6,proc::voice::train::00008,11ae54777dc474f829581a02f54080cb6e0dd72af229f4d95899878e6b0a20e0,23684916,proc_voice_additive_formant,train,numpy_scipy_project_generator,NO,,,4.817000,16000,0.89471072,0.16442220,-0.00000321,0.00000000,
data/generated_v8/audio/train/voice/proc_voice_train_00008__pulse_lpc.wav,1,1,0,1,0,proc_train_speaker_38,proc_voice_pulse_lpc,project_procedural_v8,procedural_v8,,proc_voice_train_00008,proc::voice::train::00008,LOCAL:tools/procedural_audio_v8.py,procedural-v8.1,PROJECT_AUTHORED_PROCEDURAL_OUTPUT_NO_EXTERNAL_ASSETS,YES,YES_PROJECT_OWNED,NO_EXTERNAL_RESTRICTION,procedural_v8,4199ab6dfe9f3cd199d4cfc06ebca006d958df750b19a7081423c4f3c2bad1e6,proc::voice::train::00008,34ebb602d8e8b8de385944a1f9796a3afa62463759c06ea4f4167d07dd6fe983,23684916,proc_voice_pulse_lpc,train,numpy_scipy_project_generator,NO,,,4.817000,16000,0.90557444,0.24056549,-0.00001210,0.00000000,
data/generated_v8/audio/train/voice/proc_voice_train_00008__codec_phase.wav,1,1,0,1,0,proc_train_speaker_38,proc_voice_codec_phase,project_procedural_v8,procedural_v8,,proc_voice_train_00008,proc::voice::train::00008,LOCAL:tools/procedural_audio_v8.py,procedural-v8.1,PROJECT_AUTHORED_PROCEDURAL_OUTPUT_NO_EXTERNAL_ASSETS,YES,YES_PROJECT_OWNED,NO_EXTERNAL_RESTRICTION,procedural_v8,4199ab6dfe9f3cd199d4cfc06ebca006d958df750b19a7081423c4f3c2bad1e6,proc::voice::train::00008,2aafc3d3fcac2dd418f56b72bedceb17d4f56cee2e7aa3acf06ce3620f579456,23684916,proc_voice_codec_phase,train,numpy_scipy_project_generator,NO,,,4.817000,16000,0.74805319,0.17965704,-0.00000217,0.00000000,
data/generated_v8/audio/train/voice/proc_voice_train_00009__additive_formant.wav,1,1,0,1,0,proc_train_speaker_39,proc_voice_additive_formant,project_procedural_v8,procedural_v8,,proc_voice_train_00009,proc::voice::train::00009,LOCAL:tools/procedural_audio_v8.py,procedural-v8.1,PROJECT_AUTHORED_PROCEDURAL_OUTPUT_NO_EXTERNAL_ASSETS,YES,YES_PROJECT_OWNED,NO_EXTERNAL_RESTRICTION,procedural_v8,b401d6a0f86dee2a1e166c0162aa5a68f59f506411c4189959bf5fae6735381a,proc::voice::train::00009,eacbb83029594e2147b8e801e1502270973c22dce3e86d00f936086336d7de9d,23684917,proc_voice_additive_formant,train,numpy_scipy_project_generator,NO,,,4.612000,16000,0.80081218,0.16402837,-0.00000052,0.00000000,
data/generated_v8/audio/train/voice/proc_voice_train_00009__pulse_lpc.wav,1,1,0,1,0,proc_train_speaker_39,proc_voice_pulse_lpc,project_procedural_v8,procedural_v8,,proc_voice_train_00009,proc::voice::train::00009,LOCAL:tools/procedural_audio_v8.py,procedural-v8.1,PROJECT_AUTHORED_PROCEDURAL_OUTPUT_NO_EXTERNAL_ASSETS,YES,YES_PROJECT_OWNED,NO_EXTERNAL_RESTRICTION,procedural_v8,b401d6a0f86dee2a1e166c0162aa5a68f59f506411c4189959bf5fae6735381a,proc::voice::train::00009,3e9b3fed3734e0958163600d7a897f6dd10e00974df85889fc19790a8ef3c878,23684917,proc_voice_pulse_lpc,train,numpy_scipy_project_generator,NO,,,4.612000,16000,0.75681305,0.23731780,-0.00001308,0.00000000,
data/generated_v8/audio/train/voice/proc_voice_train_00009__codec_phase.wav,1,1,0,1,0,proc_train_speaker_39,proc_voice_codec_phase,project_procedural_v8,procedural_v8,,proc_voice_train_00009,proc::voice::train::00009,LOCAL:tools/procedural_audio_v8.py,procedural-v8.1,PROJECT_AUTHORED_PROCEDURAL_OUTPUT_NO_EXTERNAL_ASSETS,YES,YES_PROJECT_OWNED,NO_EXTERNAL_RESTRICTION,procedural_v8,b401d6a0f86dee2a1e166c0162aa5a68f59f506411c4189959bf5fae6735381a,proc::voice::train::00009,621a358ecf8f400a82ee073290b00b54a29841972ef0a852ebaf254c210a105c,23684917,proc_voice_codec_phase,train,numpy_scipy_project_generator,NO,,,4.612000,16000,0.89719152,0.27800064,-0.00001270,0.00000000,
data/generated_v8/audio/train/voice/proc_voice_train_00010__additive_formant.wav,1,1,0,1,0,proc_train_speaker_40,proc_voice_additive_formant,project_procedural_v8,procedural_v8,,proc_voice_train_00010,proc::voice::train::00010,LOCAL:tools/procedural_audio_v8.py,procedural-v8.1,PROJECT_AUTHORED_PROCEDURAL_OUTPUT_NO_EXTERNAL_ASSETS,YES,YES_PROJECT_OWNED,NO_EXTERNAL_RESTRICTION,procedural_v8,c9dce95600539e6410953db22528a8503093c39f920a6d3cb9cebf057329c460,proc::voice::train::00010,37e103e1e8a5963d6e74b0582dc8dbbe80db0d26fe8abf1c15ce725c92eff4d2,23684918,proc_voice_additive_formant,train,numpy_scipy_project_generator,NO,,,3.650000,16000,0.79612619,0.21242200,-0.00000024,0.00000000,
data/generated_v8/audio/train/voice/proc_voice_train_00010__pulse_lpc.wav,1,1,0,1,0,proc_train_speaker_40,proc_voice_pulse_lpc,project_procedural_v8,procedural_v8,,proc_voice_train_00010,proc::voice::train::00010,LOCAL:tools/procedural_audio_v8.py,procedural-v8.1,PROJECT_AUTHORED_PROCEDURAL_OUTPUT_NO_EXTERNAL_ASSETS,YES,YES_PROJECT_OWNED,NO_EXTERNAL_RESTRICTION,procedural_v8,c9dce95600539e6410953db22528a8503093c39f920a6d3cb9cebf057329c460,proc::voice::train::00010,53d6c8d0f4681fd5fb5ce07100a0f7b1e2d5c266c208cbb91e7d6acbdecc4fec,23684918,proc_voice_pulse_lpc,train,numpy_scipy_project_generator,NO,,,3.650000,16000,0.79910564,0.26555318,-0.00001372,0.00000000,
data/generated_v8/audio/train/voice/proc_voice_train_00010__codec_phase.wav,1,1,0,1,0,proc_train_speaker_40,proc_voice_codec_phase,project_procedural_v8,procedural_v8,,proc_voice_train_00010,proc::voice::train::00010,LOCAL:tools/procedural_audio_v8.py,procedural-v8.1,PROJECT_AUTHORED_PROCEDURAL_OUTPUT_NO_EXTERNAL_ASSETS,YES,YES_PROJECT_OWNED,NO_EXTERNAL_RESTRICTION,procedural_v8,c9dce95600539e6410953db22528a8503093c39f920a6d3cb9cebf057329c460,proc::voice::train::00010,33fa04d52a19b16ab17c6daabdec06a10b19b24768859b07980cce4e0a6ae0df,23684918,proc_voice_codec_phase,train,numpy_scipy_project_generator,NO,,,3.650000,16000,0.76438332,0.20410045,-0.00000056,0.00000000,
data/generated_v8/audio/train/voice/proc_voice_train_00011__additive_formant.wav,1,1,0,1,0,proc_train_speaker_41,proc_voice_additive_formant,project_procedural_v8,procedural_v8,,proc_voice_train_00011,proc::voice::train::00011,LOCAL:tools/procedural_audio_v8.py,procedural-v8.1,PROJECT_AUTHORED_PROCEDURAL_OUTPUT_NO_EXTERNAL_ASSETS,YES,YES_PROJECT_OWNED,NO_EXTERNAL_RESTRICTION,procedural_v8,75939ac400936a9dfa3ace71dd15d95b6bc9966ca84e2e0c3b52ac9699621255,proc::voice::train::00011,2390f0ce12e76997bf0433cee594bee81b79794fcf38fc4b60d5697490ea5ea4,23684919,proc_voice_additive_formant,train,numpy_scipy_project_generator,NO,,,5.776000,16000,0.74950922,0.21618273,0.00000124,0.00000000,
data/generated_v8/audio/train/voice/proc_voice_train_00011__pulse_lpc.wav,1,1,0,1,0,proc_train_speaker_41,proc_voice_pulse_lpc,project_procedural_v8,procedural_v8,,proc_voice_train_00011,proc::voice::train::00011,LOCAL:tools/procedural_audio_v8.py,procedural-v8.1,PROJECT_AUTHORED_PROCEDURAL_OUTPUT_NO_EXTERNAL_ASSETS,YES,YES_PROJECT_OWNED,NO_EXTERNAL_RESTRICTION,procedural_v8,75939ac400936a9dfa3ace71dd15d95b6bc9966ca84e2e0c3b52ac9699621255,proc::voice::train::00011,aea774fa821a3577ddeae38b70d00f05ad4cd961800ca3a9366414e03e4803bd,23684919,proc_voice_pulse_lpc,train,numpy_scipy_project_generator,NO,,,5.776000,16000,0.82731438,0.32335209,-0.00001157,0.00000000,
data/generated_v8/audio/train/voice/proc_voice_train_00011__codec_phase.wav,1,1,0,1,0,proc_train_speaker_41,proc_voice_codec_phase,project_procedural_v8,procedural_v8,,proc_voice_train_00011,proc::voice::train::00011,LOCAL:tools/procedural_audio_v8.py,procedural-v8.1,PROJECT_AUTHORED_PROCEDURAL_OUTPUT_NO_EXTERNAL_ASSETS,YES,YES_PROJECT_OWNED,NO_EXTERNAL_RESTRICTION,procedural_v8,75939ac400936a9dfa3ace71dd15d95b6bc9966ca84e2e0c3b52ac9699621255,proc::voice::train::00011,a5c8105285837765ac592edf52c069f969a32b278a44d716dcd103c739f23ec2,23684919,proc_voice_codec_phase,train,numpy_scipy_project_generator,NO,,,5.776000,16000,0.83661461,0.28303675,-0.00000373,0.00000000,
data/generated_v8/audio/train/voice/proc_voice_train_00012__additive_formant.wav,1,1,0,1,0,proc_train_speaker_42,proc_voice_additive_formant,project_procedural_v8,procedural_v8,,proc_voice_train_00012,proc::voice::train::00012,LOCAL:tools/procedural_audio_v8.py,procedural-v8.1,PROJECT_AUTHORED_PROCEDURAL_OUTPUT_NO_EXTERNAL_ASSETS,YES,YES_PROJECT_OWNED,NO_EXTERNAL_RESTRICTION,procedural_v8,f6c14ed346cc2390c68b8559327042aa68e10f6fd46f2b082177e84a6a5543a2,proc::voice::train::00012,73ca5933bab5f94754157d84d47a65dc4216fcbb8bcb2251b245aabd61ce2179,23684920,proc_voice_additive_formant,train,numpy_scipy_project_generator,NO,,,6.302000,16000,0.75438482,0.14534168,0.00000007,0.00000000,
data/generated_v8/audio/train/voice/proc_voice_train_00012__pulse_lpc.wav,1,1,0,1,0,proc_train_speaker_42,proc_voice_pulse_lpc,project_procedural_v8,procedural_v8,,proc_voice_train_00012,proc::voice::train::00012,LOCAL:tools/procedural_audio_v8.py,procedural-v8.1,PROJECT_AUTHORED_PROCEDURAL_OUTPUT_NO_EXTERNAL_ASSETS,YES,YES_PROJECT_OWNED,NO_EXTERNAL_RESTRICTION,procedural_v8,f6c14ed346cc2390c68b8559327042aa68e10f6fd46f2b082177e84a6a5543a2,proc::voice::train::00012,53b427239abda8e8e3bb96852ef20c357d16ff783e8375f80e825f9cf6536102,23684920,proc_voice_pulse_lpc,train,numpy_scipy_project_generator,NO,,,6.302000,16000,0.75083762,0.22539980,-0.00000842,0.00000000,
data/generated_v8/audio/train/voice/proc_voice_train_00012__codec_phase.wav,1,1,0,1,0,proc_train_speaker_42,proc_voice_codec_phase,project_procedural_v8,procedural_v8,,proc_voice_train_00012,proc::voice::train::00012,LOCAL:tools/procedural_audio_v8.py,procedural-v8.1,PROJECT_AUTHORED_PROCEDURAL_OUTPUT_NO_EXTERNAL_ASSETS,YES,YES_PROJECT_OWNED,NO_EXTERNAL_RESTRICTION,procedural_v8,f6c14ed346cc2390c68b8559327042aa68e10f6fd46f2b082177e84a6a5543a2,proc::voice::train::00012,b4f1caf3d6951b9438f4d2629832bb0cab6e0f897c0da2f9b970fbd4c3511cb6,23684920,proc_voice_codec_phase,train,numpy_scipy_project_generator,NO,,,6.302000,16000,0.89030457,0.26677149,-0.00000704,0.00000000,
data/generated_v8/audio/train/voice/proc_voice_train_00013__additive_formant.wav,1,1,0,1,0,proc_train_speaker_43,proc_voice_additive_formant,project_procedural_v8,procedural_v8,,proc_voice_train_00013,proc::voice::train::00013,LOCAL:tools/procedural_audio_v8.py,procedural-v8.1,PROJECT_AUTHORED_PROCEDURAL_OUTPUT_NO_EXTERNAL_ASSETS,YES,YES_PROJECT_OWNED,NO_EXTERNAL_RESTRICTION,procedural_v8,894f1faae82c1847dc4f3809b781d51e4038a5e09ec0db6302ccdf721cb43d51,proc::voice::train::00013,9c02e9dceafdb1e0f3fcbc2bbc17a67695e1eb711543ddfc983c0fd22b6ba4f6,23684921,proc_voice_additive_formant,train,numpy_scipy_project_generator,NO,,,5.668000,16000,0.73020214,0.13570823,-0.00000073,0.00000000,
data/generated_v8/audio/train/voice/proc_voice_train_00013__pulse_lpc.wav,1,1,0,1,0,proc_train_speaker_43,proc_voice_pulse_lpc,project_procedural_v8,procedural_v8,,proc_voice_train_00013,proc::voice::train::00013,LOCAL:tools/procedural_audio_v8.py,procedural-v8.1,PROJECT_AUTHORED_PROCEDURAL_OUTPUT_NO_EXTERNAL_ASSETS,YES,YES_PROJECT_OWNED,NO_EXTERNAL_RESTRICTION,procedural_v8,894f1faae82c1847dc4f3809b781d51e4038a5e09ec0db6302ccdf721cb43d51,proc::voice::train::00013,7b983a8630ec63eed7d4e44c38bf527984195fe48be822587174d3f0ce4c2a83,23684921,proc_voice_pulse_lpc,train,numpy_scipy_project_generator,NO,,,5.668000,16000,0.76148486,0.22039338,-0.00000926,0.00000000,
data/generated_v8/audio/train/voice/proc_voice_train_00013__codec_phase.wav,1,1,0,1,0,proc_train_speaker_43,proc_voice_codec_phase,project_procedural_v8,procedural_v8,,proc_voice_train_00013,proc::voice::train::00013,LOCAL:tools/procedural_audio_v8.py,procedural-v8.1,PROJECT_AUTHORED_PROCEDURAL_OUTPUT_NO_EXTERNAL_ASSETS,YES,YES_PROJECT_OWNED,NO_EXTERNAL_RESTRICTION,procedural_v8,894f1faae82c1847dc4f3809b781d51e4038a5e09ec0db6302ccdf721cb43d51,proc::voice::train::00013,5c6f873b080a57b408dc69e70bb5f8350b3fac9982447b7a8e78e61a38665d3a,23684921,proc_voice_codec_phase,train,numpy_scipy_project_generator,NO,,,5.668000,16000,0.87524027,0.24034501,-0.00000459,0.00000000,
data/generated_v8/audio/train/voice/proc_voice_train_00014__additive_formant.wav,1,1,0,1,0,proc_train_speaker_44,proc_voice_additive_formant,project_procedural_v8,procedural_v8,,proc_voice_train_00014,proc::voice::train::00014,LOCAL:tools/procedural_audio_v8.py,procedural-v8.1,PROJECT_AUTHORED_PROCEDURAL_OUTPUT_NO_EXTERNAL_ASSETS,YES,YES_PROJECT_OWNED,NO_EXTERNAL_RESTRICTION,procedural_v8,143d195f9553e7a41745776c2631d00d7a01a2644e07c2af855a4925495d83df,proc::voice::train::00014,33e79e5b7dc6197d841a43d8767031568d694268b7a01241c7c8491bea4252b5,23684922,proc_voice_additive_formant,train,numpy_scipy_project_generator,NO,,,6.769000,16000,0.88711131,0.16667020,-0.00000844,0.00000000,
data/generated_v8/audio/train/voice/proc_voice_train_00014__pulse_lpc.wav,1,1,0,1,0,proc_train_speaker_44,proc_voice_pulse_lpc,project_procedural_v8,procedural_v8,,proc_voice_train_00014,proc::voice::train::00014,LOCAL:tools/procedural_audio_v8.py,procedural-v8.1,PROJECT_AUTHORED_PROCEDURAL_OUTPUT_NO_EXTERNAL_ASSETS,YES,YES_PROJECT_OWNED,NO_EXTERNAL_RESTRICTION,procedural_v8,143d195f9553e7a41745776c2631d00d7a01a2644e07c2af855a4925495d83df,proc::voice::train::00014,772a4fd1b978ebd3083e41eb4abf62a7dbbd3bd21ec690fad49f59e8d14d45dc,23684922,proc_voice_pulse_lpc,train,numpy_scipy_project_generator,NO,,,6.769000,16000,0.86106777,0.26451089,-0.00001907,0.00000000,
data/generated_v8/audio/train/voice/proc_voice_train_00014__codec_phase.wav,1,1,0,1,0,proc_train_speaker_44,proc_voice_codec_phase,project_procedural_v8,procedural_v8,,proc_voice_train_00014,proc::voice::train::00014,LOCAL:tools/procedural_audio_v8.py,procedural-v8.1,PROJECT_AUTHORED_PROCEDURAL_OUTPUT_NO_EXTERNAL_ASSETS,YES,YES_PROJECT_OWNED,NO_EXTERNAL_RESTRICTION,procedural_v8,143d195f9553e7a41745776c2631d00d7a01a2644e07c2af855a4925495d83df,proc::voice::train::00014,596f8d03211af9738476e3e4d7a60e6fec20f8756b2f7bb387c2c2dcc1ae7de1,23684922,proc_voice_codec_phase,train,numpy_scipy_project_generator,NO,,,6.769000,16000,0.77620631,0.23415667,0.00000333,0.00000000,
data/generated_v8/audio/train/voice/proc_voice_train_00015__additive_formant.wav,1,1,0,1,0,proc_train_speaker_45,proc_voice_additive_formant,project_procedural_v8,procedural_v8,,proc_voice_train_00015,proc::voice::train::00015,LOCAL:tools/procedural_audio_v8.py,procedural-v8.1,PROJECT_AUTHORED_PROCEDURAL_OUTPUT_NO_EXTERNAL_ASSETS,YES,YES_PROJECT_OWNED,NO_EXTERNAL_RESTRICTION,procedural_v8,8485044179429b1e157269c64bd4fb6f94fa0cb512384851cb73894a2a093177,proc::voice::train::00015,26d580829b7eec7bffef534d361b401dcaf6d8cec4f126a3a3b15dba6f0ed8d8,23684923,proc_voice_additive_formant,train,numpy_scipy_project_generator,NO,,,4.647000,16000,0.77633387,0.09721300,0.00000705,0.00000000,
data/generated_v8/audio/train/voice/proc_voice_train_00015__pulse_lpc.wav,1,1,0,1,0,proc_train_speaker_45,proc_voice_pulse_lpc,project_procedural_v8,procedural_v8,,proc_voice_train_00015,proc::voice::train::00015,LOCAL:tools/procedural_audio_v8.py,procedural-v8.1,PROJECT_AUTHORED_PROCEDURAL_OUTPUT_NO_EXTERNAL_ASSETS,YES,YES_PROJECT_OWNED,NO_EXTERNAL_RESTRICTION,procedural_v8,8485044179429b1e157269c64bd4fb6f94fa0cb512384851cb73894a2a093177,proc::voice::train::00015,83f7d14d438eac280a46574306a603a00b7eefb1b6b50f408bb0e664905d60d3,23684923,proc_voice_pulse_lpc,train,numpy_scipy_project_generator,NO,,,4.647000,16000,0.90952766,0.20416275,0.00002256,0.00000000,
data/generated_v8/audio/train/voice/proc_voice_train_00015__codec_phase.wav,1,1,0,1,0,proc_train_speaker_45,proc_voice_codec_phase,project_procedural_v8,procedural_v8,,proc_voice_train_00015,proc::voice::train::00015,LOCAL:tools/procedural_audio_v8.py,procedural-v8.1,PROJECT_AUTHORED_PROCEDURAL_OUTPUT_NO_EXTERNAL_ASSETS,YES,YES_PROJECT_OWNED,NO_EXTERNAL_RESTRICTION,procedural_v8,8485044179429b1e157269c64bd4fb6f94fa0cb512384851cb73894a2a093177,proc::voice::train::00015,60a106463b7d84c90b7f52c9efc78c192675aeee401287aefd89d9026d97843f,23684923,proc_voice_codec_phase,train,numpy_scipy_project_generator,NO,,,4.647000,16000,0.78392059,0.16598249,-0.00000500,0.00000000,
data/generated_v8/audio/train/voice/proc_voice_train_00016__additive_formant.wav,1,1,0,1,0,proc_train_speaker_46,proc_voice_additive_formant,project_procedural_v8,procedural_v8,,proc_voice_train_00016,proc::voice::train::00016,LOCAL:tools/procedural_audio_v8.py,procedural-v8.1,PROJECT_AUTHORED_PROCEDURAL_OUTPUT_NO_EXTERNAL_ASSETS,YES,YES_PROJECT_OWNED,NO_EXTERNAL_RESTRICTION,procedural_v8,eab80b2e5be2a6078a3e3567a8bd321c599f9d56914385536f5f3dffc6e893d5,proc::voice::train::00016,6b50d993732ee6150aa6050bdeaa559365d8537d54958091b900fcd969bba093,23684924,proc_voice_additive_formant,train,numpy_scipy_project_generator,NO,,,4.552000,16000,0.74420559,0.14820842,-0.00000013,0.00000000,
data/generated_v8/audio/train/voice/proc_voice_train_00016__pulse_lpc.wav,1,1,0,1,0,proc_train_speaker_46,proc_voice_pulse_lpc,project_procedural_v8,procedural_v8,,proc_voice_train_00016,proc::voice::train::00016,LOCAL:tools/procedural_audio_v8.py,procedural-v8.1,PROJECT_AUTHORED_PROCEDURAL_OUTPUT_NO_EXTERNAL_ASSETS,YES,YES_PROJECT_OWNED,NO_EXTERNAL_RESTRICTION,procedural_v8,eab80b2e5be2a6078a3e3567a8bd321c599f9d56914385536f5f3dffc6e893d5,proc::voice::train::00016,5a8d265f88af96ee6b1ac0d49a268cb376c0fe04aff7da59f9c19b80c3e1792e,23684924,proc_voice_pulse_lpc,train,numpy_scipy_project_generator,NO,,,4.552000,16000,0.77989727,0.22160674,-0.00000953,0.00000000,
data/generated_v8/audio/train/voice/proc_voice_train_00016__codec_phase.wav,1,1,0,1,0,proc_train_speaker_46,proc_voice_codec_phase,project_procedural_v8,procedural_v8,,proc_voice_train_00016,proc::voice::train::00016,LOCAL:tools/procedural_audio_v8.py,procedural-v8.1,PROJECT_AUTHORED_PROCEDURAL_OUTPUT_NO_EXTERNAL_ASSETS,YES,YES_PROJECT_OWNED,NO_EXTERNAL_RESTRICTION,procedural_v8,eab80b2e5be2a6078a3e3567a8bd321c599f9d56914385536f5f3dffc6e893d5,proc::voice::train::00016,395c94d69447fb96e4bcd5485aeac372871f54a8865dc14e65820cbf2aea3c5d,23684924,proc_voice_codec_phase,train,numpy_scipy_project_generator,NO,,,4.552000,16000,0.79645020,0.20372575,-0.00000164,0.00000000,
data/generated_v8/audio/train/voice/proc_voice_train_00017__additive_formant.wav,1,1,0,1,0,proc_train_speaker_47,proc_voice_additive_formant,project_procedural_v8,procedural_v8,,proc_voice_train_00017,proc::voice::train::00017,LOCAL:tools/procedural_audio_v8.py,procedural-v8.1,PROJECT_AUTHORED_PROCEDURAL_OUTPUT_NO_EXTERNAL_ASSETS,YES,YES_PROJECT_OWNED,NO_EXTERNAL_RESTRICTION,procedural_v8,885d2a25b7cb969c0869c5aa2a18d46f3e473dce9bde1677ec255a012e40f5f8,proc::voice::train::00017,cc875d2dd56ebbf10df29e1544324eab493854ea2635198e75761d0cc75a50b8,23684925,proc_voice_additive_formant,train,numpy_scipy_project_generator,NO,,,6.816000,16000,0.89068687,0.16855866,-0.00000001,0.00000000,
data/generated_v8/audio/train/voice/proc_voice_train_00017__pulse_lpc.wav,1,1,0,1,0,proc_train_speaker_47,proc_voice_pulse_lpc,project_procedural_v8,procedural_v8,,proc_voice_train_00017,proc::voice::train::00017,LOCAL:tools/procedural_audio_v8.py,procedural-v8.1,PROJECT_AUTHORED_PROCEDURAL_OUTPUT_NO_EXTERNAL_ASSETS,YES,YES_PROJECT_OWNED,NO_EXTERNAL_RESTRICTION,procedural_v8,885d2a25b7cb969c0869c5aa2a18d46f3e473dce9bde1677ec255a012e40f5f8,proc::voice::train::00017,5541d3208d35999b5e5ee54b2c2f59cc79d3f01dd44a3465074d412aaeb36aef,23684925,proc_voice_pulse_lpc,train,numpy_scipy_project_generator,NO,,,6.816000,16000,0.83960658,0.24311978,-0.00000900,0.00000000,
data/generated_v8/audio/train/voice/proc_voice_train_00017__codec_phase.wav,1,1,0,1,0,proc_train_speaker_47,proc_voice_codec_phase,project_procedural_v8,procedural_v8,,proc_voice_train_00017,proc::voice::train::00017,LOCAL:tools/procedural_audio_v8.py,procedural-v8.1,PROJECT_AUTHORED_PROCEDURAL_OUTPUT_NO_EXTERNAL_ASSETS,YES,YES_PROJECT_OWNED,NO_EXTERNAL_RESTRICTION,procedural_v8,885d2a25b7cb969c0869c5aa2a18d46f3e473dce9bde1677ec255a012e40f5f8,proc::voice::train::00017,585389cbe28cb9a33a1aeeb0930bb13888ddb825a7cf52ca120eb23183c87b07,23684925,proc_voice_codec_phase,train,numpy_scipy_project_generator,NO,,,6.816000,16000,0.84431779,0.24710876,-0.00000507,0.00000000,
data/generated_v8/audio/train/voice/proc_voice_train_00018__additive_formant.wav,1,1,0,1,0,proc_train_speaker_48,proc_voice_additive_formant,project_procedural_v8,procedural_v8,,proc_voice_train_00018,proc::voice::train::00018,LOCAL:tools/procedural_audio_v8.py,procedural-v8.1,PROJECT_AUTHORED_PROCEDURAL_OUTPUT_NO_EXTERNAL_ASSETS,YES,YES_PROJECT_OWNED,NO_EXTERNAL_RESTRICTION,procedural_v8,d3e5597c091b5405a3f6d6b2ad3360335abd936f16792f3d17d78ee664cadfef,proc::voice::train::00018,b00f54a9ccb5f6d1deac25b77f1585e1b6e0ea9b287376bcae8f8f653bafbb06,23684926,proc_voice_additive_formant,train,numpy_scipy_project_generator,NO,,,4.345000,16000,0.72117651,0.14872273,-0.00000030,0.00000000,
data/generated_v8/audio/train/voice/proc_voice_train_00018__pulse_lpc.wav,1,1,0,1,0,proc_train_speaker_48,proc_voice_pulse_lpc,project_procedural_v8,procedural_v8,,proc_voice_train_00018,proc::voice::train::00018,LOCAL:tools/procedural_audio_v8.py,procedural-v8.1,PROJECT_AUTHORED_PROCEDURAL_OUTPUT_NO_EXTERNAL_ASSETS,YES,YES_PROJECT_OWNED,NO_EXTERNAL_RESTRICTION,procedural_v8,d3e5597c091b5405a3f6d6b2ad3360335abd936f16792f3d17d78ee664cadfef,proc::voice::train::00018,d8a1d3febb51326c5bf1b0e1bee2144577a474872925e6fd6ea5e7029831b9f2,23684926,proc_voice_pulse_lpc,train,numpy_scipy_project_generator,NO,,,4.345000,16000,0.74423468,0.19809908,-0.00001387,0.00000000,
data/generated_v8/audio/train/voice/proc_voice_train_00018__codec_phase.wav,1,1,0,1,0,proc_train_speaker_48,proc_voice_codec_phase,project_procedural_v8,procedural_v8,,proc_voice_train_00018,proc::voice::train::00018,LOCAL:tools/procedural_audio_v8.py,procedural-v8.1,PROJECT_AUTHORED_PROCEDURAL_OUTPUT_NO_EXTERNAL_ASSETS,YES,YES_PROJECT_OWNED,NO_EXTERNAL_RESTRICTION,procedural_v8,d3e5597c091b5405a3f6d6b2ad3360335abd936f16792f3d17d78ee664cadfef,proc::voice::train::00018,37f6340aa20adf597a6d2765d5cb6ce9a2839f9473244bd6d001ffea5aecb61b,23684926,proc_voice_codec_phase,train,numpy_scipy_project_generator,NO,,,4.345000,16000,0.75057894,0.17371291,0.00000280,0.00000000,
data/generated_v8/audio/train/voice/proc_voice_train_00019__additive_formant.wav,1,1,0,1,0,proc_train_speaker_49,proc_voice_additive_formant,project_procedural_v8,procedural_v8,,proc_voice_train_00019,proc::voice::train::00019,LOCAL:tools/procedural_audio_v8.py,procedural-v8.1,PROJECT_AUTHORED_PROCEDURAL_OUTPUT_NO_EXTERNAL_ASSETS,YES,YES_PROJECT_OWNED,NO_EXTERNAL_RESTRICTION,procedural_v8,a88047a278174d418db10b638b58a262d6fbfcbe9cd57faab6df9e4c4d20af6f,proc::voice::train::00019,87a220ed49470032dba7e4084d3aeecafb39af94b9f090dbb14076b168f7b7bb,23684927,proc_voice_additive_formant,train,numpy_scipy_project_generator,NO,,,5.431000,16000,0.78402883,0.16091605,-0.00000783,0.00000000,
data/generated_v8/audio/train/voice/proc_voice_train_00019__pulse_lpc.wav,1,1,0,1,0,proc_train_speaker_49,proc_voice_pulse_lpc,project_procedural_v8,procedural_v8,,proc_voice_train_00019,proc::voice::train::00019,LOCAL:tools/procedural_audio_v8.py,procedural-v8.1,PROJECT_AUTHORED_PROCEDURAL_OUTPUT_NO_EXTERNAL_ASSETS,YES,YES_PROJECT_OWNED,NO_EXTERNAL_RESTRICTION,procedural_v8,a88047a278174d418db10b638b58a262d6fbfcbe9cd57faab6df9e4c4d20af6f,proc::voice::train::00019,3fbdcdb1178efc7723e334be59fe9151dc6927eca6d212a247a475f5513498fe,23684927,proc_voice_pulse_lpc,train,numpy_scipy_project_generator,NO,,,5.431000,16000,0.80668408,0.28501230,-0.00002407,0.00000000,
data/generated_v8/audio/train/voice/proc_voice_train_00019__codec_phase.wav,1,1,0,1,0,proc_train_speaker_49,proc_voice_codec_phase,project_procedural_v8,procedural_v8,,proc_voice_train_00019,proc::voice::train::00019,LOCAL:tools/procedural_audio_v8.py,procedural-v8.1,PROJECT_AUTHORED_PROCEDURAL_OUTPUT_NO_EXTERNAL_ASSETS,YES,YES_PROJECT_OWNED,NO_EXTERNAL_RESTRICTION,procedural_v8,a88047a278174d418db10b638b58a262d6fbfcbe9cd57faab6df9e4c4d20af6f,proc::voice::train::00019,e3fa78fc6ed89acad6758b2f1f53ece1d39687c493582d0ba48660de9903e975,23684927,proc_voice_codec_phase,train,numpy_scipy_project_generator,NO,,,5.431000,16000,0.78777140,0.28663038,-0.00000602,0.00000000,
data/generated_v8/audio/train/voice/proc_voice_train_00020__additive_formant.wav,1,1,0,1,0,proc_train_speaker_50,proc_voice_additive_formant,project_procedural_v8,procedural_v8,,proc_voice_train_00020,proc::voice::train::00020,LOCAL:tools/procedural_audio_v8.py,procedural-v8.1,PROJECT_AUTHORED_PROCEDURAL_OUTPUT_NO_EXTERNAL_ASSETS,YES,YES_PROJECT_OWNED,NO_EXTERNAL_RESTRICTION,procedural_v8,20598e6e01b583ee36fc654f39888def4e9c784d13dece04d42325f0ad573472,proc::voice::train::00020,ff4c8187e97dd8672d58cf9f4fc2967f43279461a411a1f6dc6130d782f8c997,23684928,proc_voice_additive_formant,train,numpy_scipy_project_generator,NO,,,5.869000,16000,0.78731328,0.17404753,0.00000015,0.00000000,
data/generated_v8/audio/train/voice/proc_voice_train_00020__pulse_lpc.wav,1,1,0,1,0,proc_train_speaker_50,proc_voice_pulse_lpc,project_procedural_v8,procedural_v8,,proc_voice_train_00020,proc::voice::train::00020,LOCAL:tools/procedural_audio_v8.py,procedural-v8.1,PROJECT_AUTHORED_PROCEDURAL_OUTPUT_NO_EXTERNAL_ASSETS,YES,YES_PROJECT_OWNED,NO_EXTERNAL_RESTRICTION,procedural_v8,20598e6e01b583ee36fc654f39888def4e9c784d13dece04d42325f0ad573472,proc::voice::train::00020,0c345d53bafe5d1040b4a6ab1d746d98d9a12bf5ec9c8d65783c92ebb630f549,23684928,proc_voice_pulse_lpc,train,numpy_scipy_project_generator,NO,,,5.869000,16000,0.80793732,0.25923597,-0.00001234,0.00000000,
data/generated_v8/audio/train/voice/proc_voice_train_00020__codec_phase.wav,1,1,0,1,0,proc_train_speaker_50,proc_voice_codec_phase,project_procedural_v8,procedural_v8,,proc_voice_train_00020,proc::voice::train::00020,LOCAL:tools/procedural_audio_v8.py,procedural-v8.1,PROJECT_AUTHORED_PROCEDURAL_OUTPUT_NO_EXTERNAL_ASSETS,YES,YES_PROJECT_OWNED,NO_EXTERNAL_RESTRICTION,procedural_v8,20598e6e01b583ee36fc654f39888def4e9c784d13dece04d42325f0ad573472,proc::voice::train::00020,fd906d0c0ceeb2197b67b927852ffdf4ed11c7b61e01db75faaf56f7e5364891,23684928,proc_voice_codec_phase,train,numpy_scipy_project_generator,NO,,,5.869000,16000,0.86210477,0.26242356,-0.00000443,0.00000000,
data/generated_v8/audio/train/voice/proc_voice_train_00021__additive_formant.wav,1,1,0,1,0,proc_train_speaker_51,proc_voice_additive_formant,project_procedural_v8,procedural_v8,,proc_voice_train_00021,proc::voice::train::00021,LOCAL:tools/procedural_audio_v8.py,procedural-v8.1,PROJECT_AUTHORED_PROCEDURAL_OUTPUT_NO_EXTERNAL_ASSETS,YES,YES_PROJECT_OWNED,NO_EXTERNAL_RESTRICTION,procedural_v8,d9cb6e13f5d9102fbb544bc38637f6446c542431e618d2b712ed9e7ff39ae5f9,proc::voice::train::00021,55460cebff218efbaf316357e7ec3acdf3f5512395c8c43a335ba928ad84c3e3,23684929,proc_voice_additive_formant,train,numpy_scipy_project_generator,NO,,,7.174000,16000,0.76628286,0.16673540,-0.00000020,0.00000000,
data/generated_v8/audio/train/voice/proc_voice_train_00021__pulse_lpc.wav,1,1,0,1,0,proc_train_speaker_51,proc_voice_pulse_lpc,project_procedural_v8,procedural_v8,,proc_voice_train_00021,proc::voice::train::00021,LOCAL:tools/procedural_audio_v8.py,procedural-v8.1,PROJECT_AUTHORED_PROCEDURAL_OUTPUT_NO_EXTERNAL_ASSETS,YES,YES_PROJECT_OWNED,NO_EXTERNAL_RESTRICTION,procedural_v8,d9cb6e13f5d9102fbb544bc38637f6446c542431e618d2b712ed9e7ff39ae5f9,proc::voice::train::00021,441374949fb1982f4a333496b7b57c45b40945ea67ad1a4e8466179415e2d9c3,23684929,proc_voice_pulse_lpc,train,numpy_scipy_project_generator,NO,,,7.174000,16000,0.90200555,0.25553403,-0.00000837,0.00000000,
data/generated_v8/audio/train/voice/proc_voice_train_00021__codec_phase.wav,1,1,0,1,0,proc_train_speaker_51,proc_voice_codec_phase,project_procedural_v8,procedural_v8,,proc_voice_train_00021,proc::voice::train::00021,LOCAL:tools/procedural_audio_v8.py,procedural-v8.1,PROJECT_AUTHORED_PROCEDURAL_OUTPUT_NO_EXTERNAL_ASSETS,YES,YES_PROJECT_OWNED,NO_EXTERNAL_RESTRICTION,procedural_v8,d9cb6e13f5d9102fbb544bc38637f6446c542431e618d2b712ed9e7ff39ae5f9,proc::voice::train::00021,e0316b53c5e7b7ad719a34c96f8f4fc0ad461a9a9466509213ffd319a5923f9f,23684929,proc_voice_codec_phase,train,numpy_scipy_project_generator,NO,,,7.174000,16000,0.90388685,0.23642409,-0.00000173,0.00000000,
data/generated_v8/audio/train/voice/proc_voice_train_00022__additive_formant.wav,1,1,0,1,0,proc_train_speaker_52,proc_voice_additive_formant,project_procedural_v8,procedural_v8,,proc_voice_train_00022,proc::voice::train::00022,LOCAL:tools/procedural_audio_v8.py,procedural-v8.1,PROJECT_AUTHORED_PROCEDURAL_OUTPUT_NO_EXTERNAL_ASSETS,YES,YES_PROJECT_OWNED,NO_EXTERNAL_RESTRICTION,procedural_v8,c42253999b1d9183c90713514fe5a2981f8a2ed744f66e0fad3ab8dba3bd355a,proc::voice::train::00022,3f08b0b5277d72d97bb031b39eb26ce156fe0373aa283375421e35ebf766a507,23684930,proc_voice_additive_formant,train,numpy_scipy_project_generator,NO,,,6.264000,16000,0.81761044,0.16048855,0.00000394,0.00000000,
data/generated_v8/audio/train/voice/proc_voice_train_00022__pulse_lpc.wav,1,1,0,1,0,proc_train_speaker_52,proc_voice_pulse_lpc,project_procedural_v8,procedural_v8,,proc_voice_train_00022,proc::voice::train::00022,LOCAL:tools/procedural_audio_v8.py,procedural-v8.1,PROJECT_AUTHORED_PROCEDURAL_OUTPUT_NO_EXTERNAL_ASSETS,YES,YES_PROJECT_OWNED,NO_EXTERNAL_RESTRICTION,procedural_v8,c42253999b1d9183c90713514fe5a2981f8a2ed744f66e0fad3ab8dba3bd355a,proc::voice::train::00022,344734ea24c93a9665dc5004ba8b1b6078c166a0264f3d3c503f04fc9164e718,23684930,proc_voice_pulse_lpc,train,numpy_scipy_project_generator,NO,,,6.264000,16000,0.72894394,0.21318780,-0.00000381,0.00000000,
data/generated_v8/audio/train/voice/proc_voice_train_00022__codec_phase.wav,1,1,0,1,0,proc_train_speaker_52,proc_voice_codec_phase,project_procedural_v8,procedural_v8,,proc_voice_train_00022,proc::voice::train::00022,LOCAL:tools/procedural_audio_v8.py,procedural-v8.1,PROJECT_AUTHORED_PROCEDURAL_OUTPUT_NO_EXTERNAL_ASSETS,YES,YES_PROJECT_OWNED,NO_EXTERNAL_RESTRICTION,procedural_v8,c42253999b1d9183c90713514fe5a2981f8a2ed744f66e0fad3ab8dba3bd355a,proc::voice::train::00022,b632c3ebbaf3c998362102db63e44da40413cb86f28b0ef327e5b53de051790a,23684930,proc_voice_codec_phase,train,numpy_scipy_project_generator,NO,,,6.264000,16000,0.74274832,0.20039813,0.00000203,0.00000000,
data/generated_v8/audio/train/voice/proc_voice_train_00023__additive_formant.wav,1,1,0,1,0,proc_train_speaker_53,proc_voice_additive_formant,project_procedural_v8,procedural_v8,,proc_voice_train_00023,proc::voice::train::00023,LOCAL:tools/procedural_audio_v8.py,procedural-v8.1,PROJECT_AUTHORED_PROCEDURAL_OUTPUT_NO_EXTERNAL_ASSETS,YES,YES_PROJECT_OWNED,NO_EXTERNAL_RESTRICTION,procedural_v8,9b69daaf1a13dd035299d1e3503909c1e99563f73988db943105b52a0cefe285,proc::voice::train::00023,fd9094f4173a709a8e4e328973f03d171661cd0790e0a6e5d67a10b420cd4009,23684931,proc_voice_additive_formant,train,numpy_scipy_project_generator,NO,,,6.193000,16000,0.80750382,0.17991995,0.00000131,0.00000000,
data/generated_v8/audio/train/voice/proc_voice_train_00023__pulse_lpc.wav,1,1,0,1,0,proc_train_speaker_53,proc_voice_pulse_lpc,project_procedural_v8,procedural_v8,,proc_voice_train_00023,proc::voice::train::00023,LOCAL:tools/procedural_audio_v8.py,procedural-v8.1,PROJECT_AUTHORED_PROCEDURAL_OUTPUT_NO_EXTERNAL_ASSETS,YES,YES_PROJECT_OWNED,NO_EXTERNAL_RESTRICTION,procedural_v8,9b69daaf1a13dd035299d1e3503909c1e99563f73988db943105b52a0cefe285,proc::voice::train::00023,b90c4559bbca24d9b50a199ff8df635efb3b18805cf7a29be879974ee73e7636,23684931,proc_voice_pulse_lpc,train,numpy_scipy_project_generator,NO,,,6.193000,16000,0.79175162,0.23806589,-0.00000688,0.00000000,
data/generated_v8/audio/train/voice/proc_voice_train_00023__codec_phase.wav,1,1,0,1,0,proc_train_speaker_53,proc_voice_codec_phase,project_procedural_v8,procedural_v8,,proc_voice_train_00023,proc::voice::train::00023,LOCAL:tools/procedural_audio_v8.py,procedural-v8.1,PROJECT_AUTHORED_PROCEDURAL_OUTPUT_NO_EXTERNAL_ASSETS,YES,YES_PROJECT_OWNED,NO_EXTERNAL_RESTRICTION,procedural_v8,9b69daaf1a13dd035299d1e3503909c1e99563f73988db943105b52a0cefe285,proc::voice::train::00023,2b5e481de7521deed1ea1b665a8596a8cbde83509b7040ab2addda3b88166b52,23684931,proc_voice_codec_phase,train,numpy_scipy_project_generator,NO,,,6.193000,16000,0.89164215,0.21990544,0.00000264,0.00000000,
data/generated_v8/audio/train/voice/proc_voice_train_00024__additive_formant.wav,1,1,0,1,0,proc_train_speaker_54,proc_voice_additive_formant,project_procedural_v8,procedural_v8,,proc_voice_train_00024,proc::voice::train::00024,LOCAL:tools/procedural_audio_v8.py,procedural-v8.1,PROJECT_AUTHORED_PROCEDURAL_OUTPUT_NO_EXTERNAL_ASSETS,YES,YES_PROJECT_OWNED,NO_EXTERNAL_RESTRICTION,procedural_v8,4de57a03e522bbf1d411babf2c18ff6b4ef2faa4fe1bed3a7ad77a0d88bc064d,proc::voice::train::00024,6de3e893ed30ddf1b323aa5baeaee94684ada4583d08d2cb7f384906692e22a5,23684932,proc_voice_additive_formant,train,numpy_scipy_project_generator,NO,,,4.079000,16000,0.87037772,0.13802075,-0.00000326,0.00000000,
data/generated_v8/audio/train/voice/proc_voice_train_00024__pulse_lpc.wav,1,1,0,1,0,proc_train_speaker_54,proc_voice_pulse_lpc,project_procedural_v8,procedural_v8,,proc_voice_train_00024,proc::voice::train::00024,LOCAL:tools/procedural_audio_v8.py,procedural-v8.1,PROJECT_AUTHORED_PROCEDURAL_OUTPUT_NO_EXTERNAL_ASSETS,YES,YES_PROJECT_OWNED,NO_EXTERNAL_RESTRICTION,procedural_v8,4de57a03e522bbf1d411babf2c18ff6b4ef2faa4fe1bed3a7ad77a0d88bc064d,proc::voice::train::00024,52971a4509de07286f0ebc33f30aeab7dd6d61c7fb957d71bea694e1e7551a1a,23684932,proc_voice_pulse_lpc,train,numpy_scipy_project_generator,NO,,,4.079000,16000,0.87152231,0.23579722,-0.00000550,0.00000000,
data/generated_v8/audio/train/voice/proc_voice_train_00024__codec_phase.wav,1,1,0,1,0,proc_train_speaker_54,proc_voice_codec_phase,project_procedural_v8,procedural_v8,,proc_voice_train_00024,proc::voice::train::00024,LOCAL:tools/procedural_audio_v8.py,procedural-v8.1,PROJECT_AUTHORED_PROCEDURAL_OUTPUT_NO_EXTERNAL_ASSETS,YES,YES_PROJECT_OWNED,NO_EXTERNAL_RESTRICTION,procedural_v8,4de57a03e522bbf1d411babf2c18ff6b4ef2faa4fe1bed3a7ad77a0d88bc064d,proc::voice::train::00024,d8fd601f5687d9391dc77c7637437f59191b3877793f2c4ea2d0b625d57a7b7e,23684932,proc_voice_codec_phase,train,numpy_scipy_project_generator,NO,,,4.079000,16000,0.72557974,0.18733466,-0.00000936,0.00000000,
data/generated_v8/audio/train/voice/proc_voice_train_00025__additive_formant.wav,1,1,0,1,0,proc_train_speaker_55,proc_voice_additive_formant,project_procedural_v8,procedural_v8,,proc_voice_train_00025,proc::voice::train::00025,LOCAL:tools/procedural_audio_v8.py,procedural-v8.1,PROJECT_AUTHORED_PROCEDURAL_OUTPUT_NO_EXTERNAL_ASSETS,YES,YES_PROJECT_OWNED,NO_EXTERNAL_RESTRICTION,procedural_v8,f109fad7af34cace5fa4a7c95b56acd9f94f58ac43ecb2beb925125232f445fb,proc::voice::train::00025,e01128b8f8a2fd0281e11048e2bd4cb95f6fe6b60dd2f2f8e64597f8d009e5ed,23684933,proc_voice_additive_formant,train,numpy_scipy_project_generator,NO,,,7.128000,16000,0.72442257,0.16746604,-0.00000014,0.00000000,
data/generated_v8/audio/train/voice/proc_voice_train_00025__pulse_lpc.wav,1,1,0,1,0,proc_train_speaker_55,proc_voice_pulse_lpc,project_procedural_v8,procedural_v8,,proc_voice_train_00025,proc::voice::train::00025,LOCAL:tools/procedural_audio_v8.py,procedural-v8.1,PROJECT_AUTHORED_PROCEDURAL_OUTPUT_NO_EXTERNAL_ASSETS,YES,YES_PROJECT_OWNED,NO_EXTERNAL_RESTRICTION,procedural_v8,f109fad7af34cace5fa4a7c95b56acd9f94f58ac43ecb2beb925125232f445fb,proc::voice::train::00025,8b0c74e1049fab1dfdb87f23ebcc84f8129aead5c174e44fdfd94bb685276c90,23684933,proc_voice_pulse_lpc,train,numpy_scipy_project_generator,NO,,,7.128000,16000,0.75408059,0.26307518,-0.00001059,0.00000000,
data/generated_v8/audio/train/voice/proc_voice_train_00025__codec_phase.wav,1,1,0,1,0,proc_train_speaker_55,proc_voice_codec_phase,project_procedural_v8,procedural_v8,,proc_voice_train_00025,proc::voice::train::00025,LOCAL:tools/procedural_audio_v8.py,procedural-v8.1,PROJECT_AUTHORED_PROCEDURAL_OUTPUT_NO_EXTERNAL_ASSETS,YES,YES_PROJECT_OWNED,NO_EXTERNAL_RESTRICTION,procedural_v8,f109fad7af34cace5fa4a7c95b56acd9f94f58ac43ecb2beb925125232f445fb,proc::voice::train::00025,dd4957273d3b5ad6e16432e9defdef71a011bf2846c71d3580269c1523ef407b,23684933,proc_voice_codec_phase,train,numpy_scipy_project_generator,NO,,,7.128000,16000,0.87083530,0.30502229,-0.00000376,0.00000000,
data/generated_v8/audio/train/voice/proc_voice_train_00026__additive_formant.wav,1,1,0,1,0,proc_train_speaker_56,proc_voice_additive_formant,project_procedural_v8,procedural_v8,,proc_voice_train_00026,proc::voice::train::00026,LOCAL:tools/procedural_audio_v8.py,procedural-v8.1,PROJECT_AUTHORED_PROCEDURAL_OUTPUT_NO_EXTERNAL_ASSETS,YES,YES_PROJECT_OWNED,NO_EXTERNAL_RESTRICTION,procedural_v8,97229b5c3cc6cdad6ef818910254d5882592a65d167aeb78ac42321428b94555,proc::voice::train::00026,562b8154360fc6792de384929abce397d87cd3ca230c57f566de1cae5edd71ff,23684934,proc_voice_additive_formant,train,numpy_scipy_project_generator,NO,,,5.447000,16000,0.84123063,0.14342528,-0.00000229,0.00000000,
data/generated_v8/audio/train/voice/proc_voice_train_00026__pulse_lpc.wav,1,1,0,1,0,proc_train_speaker_56,proc_voice_pulse_lpc,project_procedural_v8,procedural_v8,,proc_voice_train_00026,proc::voice::train::00026,LOCAL:tools/procedural_audio_v8.py,procedural-v8.1,PROJECT_AUTHORED_PROCEDURAL_OUTPUT_NO_EXTERNAL_ASSETS,YES,YES_PROJECT_OWNED,NO_EXTERNAL_RESTRICTION,procedural_v8,97229b5c3cc6cdad6ef818910254d5882592a65d167aeb78ac42321428b94555,proc::voice::train::00026,2db05fcc459b96575029aa6d73db0159d8b1646734dca8740eaa6c7fa92335b8,23684934,proc_voice_pulse_lpc,train,numpy_scipy_project_generator,NO,,,5.447000,16000,0.85419077,0.23485330,-0.00001433,0.00000000,
data/generated_v8/audio/train/voice/proc_voice_train_00026__codec_phase.wav,1,1,0,1,0,proc_train_speaker_56,proc_voice_codec_phase,project_procedural_v8,procedural_v8,,proc_voice_train_00026,proc::voice::train::00026,LOCAL:tools/procedural_audio_v8.py,procedural-v8.1,PROJECT_AUTHORED_PROCEDURAL_OUTPUT_NO_EXTERNAL_ASSETS,YES,YES_PROJECT_OWNED,NO_EXTERNAL_RESTRICTION,procedural_v8,97229b5c3cc6cdad6ef818910254d5882592a65d167aeb78ac42321428b94555,proc::voice::train::00026,82fbdceb8062da5095ff2d44402c0eb8d521765be25eb3da547c393907858873,23684934,proc_voice_codec_phase,train,numpy_scipy_project_generator,NO,,,5.447000,16000,0.73062867,0.18976076,-0.00000584,0.00000000,
data/generated_v8/audio/train/voice/proc_voice_train_00027__additive_formant.wav,1,1,0,1,0,proc_train_speaker_57,proc_voice_additive_formant,project_procedural_v8,procedural_v8,,proc_voice_train_00027,proc::voice::train::00027,LOCAL:tools/procedural_audio_v8.py,procedural-v8.1,PROJECT_AUTHORED_PROCEDURAL_OUTPUT_NO_EXTERNAL_ASSETS,YES,YES_PROJECT_OWNED,NO_EXTERNAL_RESTRICTION,procedural_v8,65fedd127f51d3f6c1f11190c506edff5ad13fe8808bf81d8464572a8bb5d938,proc::voice::train::00027,8ee58d81b2b89148b4c2c6b5287ff2e144bdbe5a279331f7ed013fee143295c8,23684935,proc_voice_additive_formant,train,numpy_scipy_project_generator,NO,,,6.517000,16000,0.82106519,0.15160424,-0.00000251,0.00000000,
data/generated_v8/audio/train/voice/proc_voice_train_00027__pulse_lpc.wav,1,1,0,1,0,proc_train_speaker_57,proc_voice_pulse_lpc,project_procedural_v8,procedural_v8,,proc_voice_train_00027,proc::voice::train::00027,LOCAL:tools/procedural_audio_v8.py,procedural-v8.1,PROJECT_AUTHORED_PROCEDURAL_OUTPUT_NO_EXTERNAL_ASSETS,YES,YES_PROJECT_OWNED,NO_EXTERNAL_RESTRICTION,procedural_v8,65fedd127f51d3f6c1f11190c506edff5ad13fe8808bf81d8464572a8bb5d938,proc::voice::train::00027,64c835cf08e488c1f716193825778a401f546268d42d699088d91b0bca5b493e,23684935,proc_voice_pulse_lpc,train,numpy_scipy_project_generator,NO,,,6.517000,16000,0.90204436,0.26200622,-0.00000627,0.00000000,
data/generated_v8/audio/train/voice/proc_voice_train_00027__codec_phase.wav,1,1,0,1,0,proc_train_speaker_57,proc_voice_codec_phase,project_procedural_v8,procedural_v8,,proc_voice_train_00027,proc::voice::train::00027,LOCAL:tools/procedural_audio_v8.py,procedural-v8.1,PROJECT_AUTHORED_PROCEDURAL_OUTPUT_NO_EXTERNAL_ASSETS,YES,YES_PROJECT_OWNED,NO_EXTERNAL_RESTRICTION,procedural_v8,65fedd127f51d3f6c1f11190c506edff5ad13fe8808bf81d8464572a8bb5d938,proc::voice::train::00027,e31f22bbf7c95618e7df50563c473f02e34646153c39667743cea85d3325c3d3,23684935,proc_voice_codec_phase,train,numpy_scipy_project_generator,NO,,,6.517000,16000,0.76267767,0.21241999,-0.00000220,0.00000000,
data/generated_v8/audio/train/voice/proc_voice_train_00028__additive_formant.wav,1,1,0,1,0,proc_train_speaker_58,proc_voice_additive_formant,project_procedural_v8,procedural_v8,,proc_voice_train_00028,proc::voice::train::00028,LOCAL:tools/procedural_audio_v8.py,procedural-v8.1,PROJECT_AUTHORED_PROCEDURAL_OUTPUT_NO_EXTERNAL_ASSETS,YES,YES_PROJECT_OWNED,NO_EXTERNAL_RESTRICTION,procedural_v8,0ac5ef24c5f69908cb5780a428da6173c0871876590ad49dae2552d76e710887,proc::voice::train::00028,001ec3a8a7ecf3386928827f70e0ac62ebf2d4b381d2a3d35fcb97b0375b2bbc,23684936,proc_voice_additive_formant,train,numpy_scipy_project_generator,NO,,,4.986000,16000,0.75523442,0.16163735,-0.00000453,0.00000000,
data/generated_v8/audio/train/voice/proc_voice_train_00028__pulse_lpc.wav,1,1,0,1,0,proc_train_speaker_58,proc_voice_pulse_lpc,project_procedural_v8,procedural_v8,,proc_voice_train_00028,proc::voice::train::00028,LOCAL:tools/procedural_audio_v8.py,procedural-v8.1,PROJECT_AUTHORED_PROCEDURAL_OUTPUT_NO_EXTERNAL_ASSETS,YES,YES_PROJECT_OWNED,NO_EXTERNAL_RESTRICTION,procedural_v8,0ac5ef24c5f69908cb5780a428da6173c0871876590ad49dae2552d76e710887,proc::voice::train::00028,079aad7e19b5fa343046cee5e70e62c1fd3c9d2dd3adfad6b0a33e7bb2216dfa,23684936,proc_voice_pulse_lpc,train,numpy_scipy_project_generator,NO,,,4.986000,16000,0.81937236,0.25505624,-0.00001760,0.00000000,
data/generated_v8/audio/train/voice/proc_voice_train_00028__codec_phase.wav,1,1,0,1,0,proc_train_speaker_58,proc_voice_codec_phase,project_procedural_v8,procedural_v8,,proc_voice_train_00028,proc::voice::train::00028,LOCAL:tools/procedural_audio_v8.py,procedural-v8.1,PROJECT_AUTHORED_PROCEDURAL_OUTPUT_NO_EXTERNAL_ASSETS,YES,YES_PROJECT_OWNED,NO_EXTERNAL_RESTRICTION,procedural_v8,0ac5ef24c5f69908cb5780a428da6173c0871876590ad49dae2552d76e710887,proc::voice::train::00028,f72423143afb80a94de747e787a770b40f45af8b1e46382ab94e3ce51b36ab2b,23684936,proc_voice_codec_phase,train,numpy_scipy_project_generator,NO,,,4.986000,16000,0.89722407,0.26314782,-0.00000900,0.00000000,
data/generated_v8/audio/train/voice/proc_voice_train_00029__additive_formant.wav,1,1,0,1,0,proc_train_speaker_59,proc_voice_additive_formant,project_procedural_v8,procedural_v8,,proc_voice_train_00029,proc::voice::train::00029,LOCAL:tools/procedural_audio_v8.py,procedural-v8.1,PROJECT_AUTHORED_PROCEDURAL_OUTPUT_NO_EXTERNAL_ASSETS,YES,YES_PROJECT_OWNED,NO_EXTERNAL_RESTRICTION,procedural_v8,33b15919f964daf3dddae4064572d0650c31237472bb3d0619924faf14a1a24d,proc::voice::train::00029,6176422d20b8f1af7129f072c3cbdd68ac52e2c8c334ac2890f7f145dd5c3df2,23684937,proc_voice_additive_formant,train,numpy_scipy_project_generator,NO,,,5.653000,16000,0.78342247,0.18000980,0.00000153,0.00000000,
data/generated_v8/audio/train/voice/proc_voice_train_00029__pulse_lpc.wav,1,1,0,1,0,proc_train_speaker_59,proc_voice_pulse_lpc,project_procedural_v8,procedural_v8,,proc_voice_train_00029,proc::voice::train::00029,LOCAL:tools/procedural_audio_v8.py,procedural-v8.1,PROJECT_AUTHORED_PROCEDURAL_OUTPUT_NO_EXTERNAL_ASSETS,YES,YES_PROJECT_OWNED,NO_EXTERNAL_RESTRICTION,procedural_v8,33b15919f964daf3dddae4064572d0650c31237472bb3d0619924faf14a1a24d,proc::voice::train::00029,a1858637a992018c33fa4c65ced629854f391ec82bda06e7c7d1f6dabc5c4b13,23684937,proc_voice_pulse_lpc,train,numpy_scipy_project_generator,NO,,,5.653000,16000,0.89586240,0.31598410,-0.00002001,0.00000000,
data/generated_v8/audio/train/voice/proc_voice_train_00029__codec_phase.wav,1,1,0,1,0,proc_train_speaker_59,proc_voice_codec_phase,project_procedural_v8,procedural_v8,,proc_voice_train_00029,proc::voice::train::00029,LOCAL:tools/procedural_audio_v8.py,procedural-v8.1,PROJECT_AUTHORED_PROCEDURAL_OUTPUT_NO_EXTERNAL_ASSETS,YES,YES_PROJECT_OWNED,NO_EXTERNAL_RESTRICTION,procedural_v8,33b15919f964daf3dddae4064572d0650c31237472bb3d0619924faf14a1a24d,proc::voice::train::00029,85e6f7f70ed33be2d6409324078d77ad29b0c93269a66790b06a03205393e388,23684937,proc_voice_codec_phase,train,numpy_scipy_project_generator,NO,,,5.653000,16000,0.72653025,0.25574912,-0.00000549,0.00000000,
data/generated_v8/audio/train/voice/proc_voice_train_00030__additive_formant.wav,1,1,0,1,0,proc_train_speaker_60,proc_voice_additive_formant,project_procedural_v8,procedural_v8,,proc_voice_train_00030,proc::voice::train::00030,LOCAL:tools/procedural_audio_v8.py,procedural-v8.1,PROJECT_AUTHORED_PROCEDURAL_OUTPUT_NO_EXTERNAL_ASSETS,YES,YES_PROJECT_OWNED,NO_EXTERNAL_RESTRICTION,procedural_v8,71ddd9f17ef79a0a7520f8e7d0c4a2a9834fc202b9c9ee1c58f3d2d7279c21ed,proc::voice::train::00030,9cfd4426355ea5c789ba1848366ce3e0e962503b5031e232555529da9b5d2b8e,23684938,proc_voice_additive_formant,train,numpy_scipy_project_generator,NO,,,3.459000,16000,0.91720748,0.19790452,0.00000022,0.00000000,
data/generated_v8/audio/train/voice/proc_voice_train_00030__pulse_lpc.wav,1,1,0,1,0,proc_train_speaker_60,proc_voice_pulse_lpc,project_procedural_v8,procedural_v8,,proc_voice_train_00030,proc::voice::train::00030,LOCAL:tools/procedural_audio_v8.py,procedural-v8.1,PROJECT_AUTHORED_PROCEDURAL_OUTPUT_NO_EXTERNAL_ASSETS,YES,YES_PROJECT_OWNED,NO_EXTERNAL_RESTRICTION,procedural_v8,71ddd9f17ef79a0a7520f8e7d0c4a2a9834fc202b9c9ee1c58f3d2d7279c21ed,proc::voice::train::00030,224d9e1a13ef6aba00be810f2df89f0732e764f580c07177d99b6c57f445c8e0,23684938,proc_voice_pulse_lpc,train,numpy_scipy_project_generator,NO,,,3.459000,16000,0.88538659,0.27498666,-0.00002312,0.00000000,
data/generated_v8/audio/train/voice/proc_voice_train_00030__codec_phase.wav,1,1,0,1,0,proc_train_speaker_60,proc_voice_codec_phase,project_procedural_v8,procedural_v8,,proc_voice_train_00030,proc::voice::train::00030,LOCAL:tools/procedural_audio_v8.py,procedural-v8.1,PROJECT_AUTHORED_PROCEDURAL_OUTPUT_NO_EXTERNAL_ASSETS,YES,YES_PROJECT_OWNED,NO_EXTERNAL_RESTRICTION,procedural_v8,71ddd9f17ef79a0a7520f8e7d0c4a2a9834fc202b9c9ee1c58f3d2d7279c21ed,proc::voice::train::00030,b216c3d26950c590aa4edf83b7c9d9af9ced2dcf091c1d84538f61c93d4a8e4c,23684938,proc_voice_codec_phase,train,numpy_scipy_project_generator,NO,,,3.459000,16000,0.85420501,0.24144003,0.00000043,0.00000000,
data/generated_v8/audio/train/voice/proc_voice_train_00031__additive_formant.wav,1,1,0,1,0,proc_train_speaker_61,proc_voice_additive_formant,project_procedural_v8,procedural_v8,,proc_voice_train_00031,proc::voice::train::00031,LOCAL:tools/procedural_audio_v8.py,procedural-v8.1,PROJECT_AUTHORED_PROCEDURAL_OUTPUT_NO_EXTERNAL_ASSETS,YES,YES_PROJECT_OWNED,NO_EXTERNAL_RESTRICTION,procedural_v8,e880461eee7c9306fc2ed81787eb1512446094f8bb0c227c55fc99e5748fd435,proc::voice::train::00031,463e493ed1a3f9bddd24836fae8c1d2236d3dd6040eebdb48a60b902eef07ec9,23684939,proc_voice_additive_formant,train,numpy_scipy_project_generator,NO,,,4.019000,16000,0.81731653,0.15165982,0.00000163,0.00000000,
data/generated_v8/audio/train/voice/proc_voice_train_00031__pulse_lpc.wav,1,1,0,1,0,proc_train_speaker_61,proc_voice_pulse_lpc,project_procedural_v8,procedural_v8,,proc_voice_train_00031,proc::voice::train::00031,LOCAL:tools/procedural_audio_v8.py,procedural-v8.1,PROJECT_AUTHORED_PROCEDURAL_OUTPUT_NO_EXTERNAL_ASSETS,YES,YES_PROJECT_OWNED,NO_EXTERNAL_RESTRICTION,procedural_v8,e880461eee7c9306fc2ed81787eb1512446094f8bb0c227c55fc99e5748fd435,proc::voice::train::00031,23f0fb3794be696b84363f048c65e1c1994d67aced44d4f656e9e0b9799b3fe1,23684939,proc_voice_pulse_lpc,train,numpy_scipy_project_generator,NO,,,4.019000,16000,0.91014761,0.24092632,-0.00001097,0.00000000,
data/generated_v8/audio/train/voice/proc_voice_train_00031__codec_phase.wav,1,1,0,1,0,proc_train_speaker_61,proc_voice_codec_phase,project_procedural_v8,procedural_v8,,proc_voice_train_00031,proc::voice::train::00031,LOCAL:tools/procedural_audio_v8.py,procedural-v8.1,PROJECT_AUTHORED_PROCEDURAL_OUTPUT_NO_EXTERNAL_ASSETS,YES,YES_PROJECT_OWNED,NO_EXTERNAL_RESTRICTION,procedural_v8,e880461eee7c9306fc2ed81787eb1512446094f8bb0c227c55fc99e5748fd435,proc::voice::train::00031,dba245fe0f0c61d7c09e6c2bc7e6a3509c2921c0bfb210bc60f2c4a6e82659d7,23684939,proc_voice_codec_phase,train,numpy_scipy_project_generator,NO,,,4.019000,16000,0.72947502,0.17331992,-0.00000175,0.00000000,
data/generated_v8/audio/train/voice/proc_voice_train_00032__additive_formant.wav,1,1,0,1,0,proc_train_speaker_62,proc_voice_additive_formant,project_procedural_v8,procedural_v8,,proc_voice_train_00032,proc::voice::train::00032,LOCAL:tools/procedural_audio_v8.py,procedural-v8.1,PROJECT_AUTHORED_PROCEDURAL_OUTPUT_NO_EXTERNAL_ASSETS,YES,YES_PROJECT_OWNED,NO_EXTERNAL_RESTRICTION,procedural_v8,bda7c3d1652ba374f5ad8eb8d270070df21fd4a918c73e89f3665d6b2dae02a8,proc::voice::train::00032,630e1da023658087b8a3381f5fdc341df8123d88a1d5827294b2ce432e1fa4ef,23684940,proc_voice_additive_formant,train,numpy_scipy_project_generator,NO,,,4.277000,16000,0.79027385,0.15475948,-0.00000196,0.00000000,
data/generated_v8/audio/train/voice/proc_voice_train_00032__pulse_lpc.wav,1,1,0,1,0,proc_train_speaker_62,proc_voice_pulse_lpc,project_procedural_v8,procedural_v8,,proc_voice_train_00032,proc::voice::train::00032,LOCAL:tools/procedural_audio_v8.py,procedural-v8.1,PROJECT_AUTHORED_PROCEDURAL_OUTPUT_NO_EXTERNAL_ASSETS,YES,YES_PROJECT_OWNED,NO_EXTERNAL_RESTRICTION,procedural_v8,bda7c3d1652ba374f5ad8eb8d270070df21fd4a918c73e89f3665d6b2dae02a8,proc::voice::train::00032,67e31033f378de75655bfbcf7e7772d4135dc2e8146379396916d28a5d9e4b6b,23684940,proc_voice_pulse_lpc,train,numpy_scipy_project_generator,NO,,,4.277000,16000,0.88748032,0.29134014,-0.00003285,0.00000000,
data/generated_v8/audio/train/voice/proc_voice_train_00032__codec_phase.wav,1,1,0,1,0,proc_train_speaker_62,proc_voice_codec_phase,project_procedural_v8,procedural_v8,,proc_voice_train_00032,proc::voice::train::00032,LOCAL:tools/procedural_audio_v8.py,procedural-v8.1,PROJECT_AUTHORED_PROCEDURAL_OUTPUT_NO_EXTERNAL_ASSETS,YES,YES_PROJECT_OWNED,NO_EXTERNAL_RESTRICTION,procedural_v8,bda7c3d1652ba374f5ad8eb8d270070df21fd4a918c73e89f3665d6b2dae02a8,proc::voice::train::00032,a07527445a8eeb6386fb05055286f63a42d8cca7ff245c3c4017cb837ffe192c,23684940,proc_voice_codec_phase,train,numpy_scipy_project_generator,NO,,,4.277000,16000,0.75596267,0.25501137,-0.00002876,0.00000000,
data/generated_v8/audio/train/voice/proc_voice_train_00033__additive_formant.wav,1,1,0,1,0,proc_train_speaker_63,proc_voice_additive_formant,project_procedural_v8,procedural_v8,,proc_voice_train_00033,proc::voice::train::00033,LOCAL:tools/procedural_audio_v8.py,procedural-v8.1,PROJECT_AUTHORED_PROCEDURAL_OUTPUT_NO_EXTERNAL_ASSETS,YES,YES_PROJECT_OWNED,NO_EXTERNAL_RESTRICTION,procedural_v8,7164d18b72ea46b7cdad2014aed4f6f3deea22f39899ae33ab05ea3839fe9159,proc::voice::train::00033,0e3e9f77eb42ee1aa4f6b024c1bbdfe3d9c590cfa5ffa2adc3112597cac96878,23684941,proc_voice_additive_formant,train,numpy_scipy_project_generator,NO,,,4.333000,16000,0.79595244,0.12530062,0.00000207,0.00000000,
data/generated_v8/audio/train/voice/proc_voice_train_00033__pulse_lpc.wav,1,1,0,1,0,proc_train_speaker_63,proc_voice_pulse_lpc,project_procedural_v8,procedural_v8,,proc_voice_train_00033,proc::voice::train::00033,LOCAL:tools/procedural_audio_v8.py,procedural-v8.1,PROJECT_AUTHORED_PROCEDURAL_OUTPUT_NO_EXTERNAL_ASSETS,YES,YES_PROJECT_OWNED,NO_EXTERNAL_RESTRICTION,procedural_v8,7164d18b72ea46b7cdad2014aed4f6f3deea22f39899ae33ab05ea3839fe9159,proc::voice::train::00033,736c13cab3af6d8e7ae976e90c7ae0544e446fe801c93fe62a83df3ceaa19e1f,23684941,proc_voice_pulse_lpc,train,numpy_scipy_project_generator,NO,,,4.333000,16000,0.74667913,0.17271147,-0.00000619,0.00000000,
data/generated_v8/audio/train/voice/proc_voice_train_00033__codec_phase.wav,1,1,0,1,0,proc_train_speaker_63,proc_voice_codec_phase,project_procedural_v8,procedural_v8,,proc_voice_train_00033,proc::voice::train::00033,LOCAL:tools/procedural_audio_v8.py,procedural-v8.1,PROJECT_AUTHORED_PROCEDURAL_OUTPUT_NO_EXTERNAL_ASSETS,YES,YES_PROJECT_OWNED,NO_EXTERNAL_RESTRICTION,procedural_v8,7164d18b72ea46b7cdad2014aed4f6f3deea22f39899ae33ab05ea3839fe9159,proc::voice::train::00033,9cbf5dccfe8cdfcb8110b69fbd112629b10d4057ed88b1c7ab7885f601c70b68,23684941,proc_voice_codec_phase,train,numpy_scipy_project_generator,NO,,,4.333000,16000,0.87671500,0.16510532,0.00000037,0.00000000,
data/generated_v8/audio/train/voice/proc_voice_train_00034__additive_formant.wav,1,1,0,1,0,proc_train_speaker_64,proc_voice_additive_formant,project_procedural_v8,procedural_v8,,proc_voice_train_00034,proc::voice::train::00034,LOCAL:tools/procedural_audio_v8.py,procedural-v8.1,PROJECT_AUTHORED_PROCEDURAL_OUTPUT_NO_EXTERNAL_ASSETS,YES,YES_PROJECT_OWNED,NO_EXTERNAL_RESTRICTION,procedural_v8,e112045a5faa326ffdb17f48e39847726e5baa82b6699b7913fe6798d2157475,proc::voice::train::00034,54fd16fe31b9866f604ddbc73fa14f982c366c64e806a89fa1e470cc7e6221a1,23684942,proc_voice_additive_formant,train,numpy_scipy_project_generator,NO,,,3.871000,16000,0.86413211,0.20357205,-0.00000349,0.00000000,
data/generated_v8/audio/train/voice/proc_voice_train_00034__pulse_lpc.wav,1,1,0,1,0,proc_train_speaker_64,proc_voice_pulse_lpc,project_procedural_v8,procedural_v8,,proc_voice_train_00034,proc::voice::train::00034,LOCAL:tools/procedural_audio_v8.py,procedural-v8.1,PROJECT_AUTHORED_PROCEDURAL_OUTPUT_NO_EXTERNAL_ASSETS,YES,YES_PROJECT_OWNED,NO_EXTERNAL_RESTRICTION,procedural_v8,e112045a5faa326ffdb17f48e39847726e5baa82b6699b7913fe6798d2157475,proc::voice::train::00034,ad89422ba35e0015e9ba5bcbd9fc9d329667b2b62f571ac837c4516bd0097227,23684942,proc_voice_pulse_lpc,train,numpy_scipy_project_generator,NO,,,3.871000,16000,0.91642934,0.30283286,-0.00001832,0.00000000,
data/generated_v8/audio/train/voice/proc_voice_train_00034__codec_phase.wav,1,1,0,1,0,proc_train_speaker_64,proc_voice_codec_phase,project_procedural_v8,procedural_v8,,proc_voice_train_00034,proc::voice::train::00034,LOCAL:tools/procedural_audio_v8.py,procedural-v8.1,PROJECT_AUTHORED_PROCEDURAL_OUTPUT_NO_EXTERNAL_ASSETS,YES,YES_PROJECT_OWNED,NO_EXTERNAL_RESTRICTION,procedural_v8,e112045a5faa326ffdb17f48e39847726e5baa82b6699b7913fe6798d2157475,proc::voice::train::00034,0eac64cb34e41c1fd5bd4920c67ddeba9c82feb401a1786fd717afc627c28406,23684942,proc_voice_codec_phase,train,numpy_scipy_project_generator,NO,,,3.871000,16000,0.90326667,0.26829296,-0.00000018,0.00000000,
data/generated_v8/audio/train/voice/proc_voice_train_00035__additive_formant.wav,1,1,0,1,0,proc_train_speaker_65,proc_voice_additive_formant,project_procedural_v8,procedural_v8,,proc_voice_train_00035,proc::voice::train::00035,LOCAL:tools/procedural_audio_v8.py,procedural-v8.1,PROJECT_AUTHORED_PROCEDURAL_OUTPUT_NO_EXTERNAL_ASSETS,YES,YES_PROJECT_OWNED,NO_EXTERNAL_RESTRICTION,procedural_v8,e8528db3770b23b5db9ba9631f88ead3c6eeda7d92bd4ee866acc397aadd4746,proc::voice::train::00035,7c1b8dfb9731e5cb6b2150796f53c0c142e2b4bfe5ace060ed4fa428006a7a51,23684943,proc_voice_additive_formant,train,numpy_scipy_project_generator,NO,,,6.752000,16000,0.81485742,0.15269750,-0.00000012,0.00000000,
data/generated_v8/audio/train/voice/proc_voice_train_00035__pulse_lpc.wav,1,1,0,1,0,proc_train_speaker_65,proc_voice_pulse_lpc,project_procedural_v8,procedural_v8,,proc_voice_train_00035,proc::voice::train::00035,LOCAL:tools/procedural_audio_v8.py,procedural-v8.1,PROJECT_AUTHORED_PROCEDURAL_OUTPUT_NO_EXTERNAL_ASSETS,YES,YES_PROJECT_OWNED,NO_EXTERNAL_RESTRICTION,procedural_v8,e8528db3770b23b5db9ba9631f88ead3c6eeda7d92bd4ee866acc397aadd4746,proc::voice::train::00035,43ee342a79dcf5081859e452488bfc2c8e8327e75cc2803f5656e94ad63cb984,23684943,proc_voice_pulse_lpc,train,numpy_scipy_project_generator,NO,,,6.752000,16000,0.88774168,0.24930481,-0.00000936,0.00000000,
data/generated_v8/audio/train/voice/proc_voice_train_00035__codec_phase.wav,1,1,0,1,0,proc_train_speaker_65,proc_voice_codec_phase,project_procedural_v8,procedural_v8,,proc_voice_train_00035,proc::voice::train::00035,LOCAL:tools/procedural_audio_v8.py,procedural-v8.1,PROJECT_AUTHORED_PROCEDURAL_OUTPUT_NO_EXTERNAL_ASSETS,YES,YES_PROJECT_OWNED,NO_EXTERNAL_RESTRICTION,procedural_v8,e8528db3770b23b5db9ba9631f88ead3c6eeda7d92bd4ee866acc397aadd4746,proc::voice::train::00035,b141a4316379ffb8015b269b6751396cb5204df5ba0aa1afe65fe5a950d0e7c3,23684943,proc_voice_codec_phase,train,numpy_scipy_project_generator,NO,,,6.752000,16000,0.72093683,0.19697361,-0.00000307,0.00000000,
data/generated_v8/audio/train/voice/proc_voice_train_00036__additive_formant.wav,1,1,0,1,0,proc_train_speaker_66,proc_voice_additive_formant,project_procedural_v8,procedural_v8,,proc_voice_train_00036,proc::voice::train::00036,LOCAL:tools/procedural_audio_v8.py,procedural-v8.1,PROJECT_AUTHORED_PROCEDURAL_OUTPUT_NO_EXTERNAL_ASSETS,YES,YES_PROJECT_OWNED,NO_EXTERNAL_RESTRICTION,procedural_v8,96a04c4b468c395a5567af7abdb62922dd7a7592539b020188bf9693ba897638,proc::voice::train::00036,36d0751c65f9acec6695568df83c9d3806883fc47cceb942dd0256e91d11fae4,23684944,proc_voice_additive_formant,train,numpy_scipy_project_generator,NO,,,6.630000,16000,0.88360977,0.19419435,-0.00000032,0.00000000,
data/generated_v8/audio/train/voice/proc_voice_train_00036__pulse_lpc.wav,1,1,0,1,0,proc_train_speaker_66,proc_voice_pulse_lpc,project_procedural_v8,procedural_v8,,proc_voice_train_00036,proc::voice::train::00036,LOCAL:tools/procedural_audio_v8.py,procedural-v8.1,PROJECT_AUTHORED_PROCEDURAL_OUTPUT_NO_EXTERNAL_ASSETS,YES,YES_PROJECT_OWNED,NO_EXTERNAL_RESTRICTION,procedural_v8,96a04c4b468c395a5567af7abdb62922dd7a7592539b020188bf9693ba897638,proc::voice::train::00036,bede40c22a08df4fe6096c09a66369f9ab0652078bd26c435938af9de7f1a8b4,23684944,proc_voice_pulse_lpc,train,numpy_scipy_project_generator,NO,,,6.630000,16000,0.78195828,0.25004904,-0.00000558,0.00000000,
data/generated_v8/audio/train/voice/proc_voice_train_00036__codec_phase.wav,1,1,0,1,0,proc_train_speaker_66,proc_voice_codec_phase,project_procedural_v8,procedural_v8,,proc_voice_train_00036,proc::voice::train::00036,LOCAL:tools/procedural_audio_v8.py,procedural-v8.1,PROJECT_AUTHORED_PROCEDURAL_OUTPUT_NO_EXTERNAL_ASSETS,YES,YES_PROJECT_OWNED,NO_EXTERNAL_RESTRICTION,procedural_v8,96a04c4b468c395a5567af7abdb62922dd7a7592539b020188bf9693ba897638,proc::voice::train::00036,19fcb2c928b297caf621a1f40167bd08444454183866a71282ca8bfc6902437a,23684944,proc_voice_codec_phase,train,numpy_scipy_project_generator,NO,,,6.630000,16000,0.82225019,0.24285018,-0.00000144,0.00000000,
data/generated_v8/audio/train/voice/proc_voice_train_00037__additive_formant.wav,1,1,0,1,0,proc_train_speaker_67,proc_voice_additive_formant,project_procedural_v8,procedural_v8,,proc_voice_train_00037,proc::voice::train::00037,LOCAL:tools/procedural_audio_v8.py,procedural-v8.1,PROJECT_AUTHORED_PROCEDURAL_OUTPUT_NO_EXTERNAL_ASSETS,YES,YES_PROJECT_OWNED,NO_EXTERNAL_RESTRICTION,procedural_v8,752343e8d3c231caacbef6ae4e8591a727edc4affaca52646de0cc1de424a3c7,proc::voice::train::00037,b033e471ca7331b6a54cd9b15cbd7b0dd9c881c1f9d2dbe82a711fcbe014b560,23684945,proc_voice_additive_formant,train,numpy_scipy_project_generator,NO,,,6.733000,16000,0.74699754,0.13867447,-0.00000067,0.00000000,
data/generated_v8/audio/train/voice/proc_voice_train_00037__pulse_lpc.wav,1,1,0,1,0,proc_train_speaker_67,proc_voice_pulse_lpc,project_procedural_v8,procedural_v8,,proc_voice_train_00037,proc::voice::train::00037,LOCAL:tools/procedural_audio_v8.py,procedural-v8.1,PROJECT_AUTHORED_PROCEDURAL_OUTPUT_NO_EXTERNAL_ASSETS,YES,YES_PROJECT_OWNED,NO_EXTERNAL_RESTRICTION,procedural_v8,752343e8d3c231caacbef6ae4e8591a727edc4affaca52646de0cc1de424a3c7,proc::voice::train::00037,7c7c4a7411cc2c96f300fc31eca618b1bc257a65690fc6d1b69e23f302d07505,23684945,proc_voice_pulse_lpc,train,numpy_scipy_project_generator,NO,,,6.733000,16000,0.89841747,0.24429868,-0.00000548,0.00000000,
data/generated_v8/audio/train/voice/proc_voice_train_00037__codec_phase.wav,1,1,0,1,0,proc_train_speaker_67,proc_voice_codec_phase,project_procedural_v8,procedural_v8,,proc_voice_train_00037,proc::voice::train::00037,LOCAL:tools/procedural_audio_v8.py,procedural-v8.1,PROJECT_AUTHORED_PROCEDURAL_OUTPUT_NO_EXTERNAL_ASSETS,YES,YES_PROJECT_OWNED,NO_EXTERNAL_RESTRICTION,procedural_v8,752343e8d3c231caacbef6ae4e8591a727edc4affaca52646de0cc1de424a3c7,proc::voice::train::00037,a2cb83f87b4f966207360061661c8be2458f28ad473e3dec1ffddd31be0a7c78,23684945,proc_voice_codec_phase,train,numpy_scipy_project_generator,NO,,,6.733000,16000,0.86706990,0.19199783,-0.00000064,0.00000000,
data/generated_v8/audio/train/voice/proc_voice_train_00038__additive_formant.wav,1,1,0,1,0,proc_train_speaker_68,proc_voice_additive_formant,project_procedural_v8,procedural_v8,,proc_voice_train_00038,proc::voice::train::00038,LOCAL:tools/procedural_audio_v8.py,procedural-v8.1,PROJECT_AUTHORED_PROCEDURAL_OUTPUT_NO_EXTERNAL_ASSETS,YES,YES_PROJECT_OWNED,NO_EXTERNAL_RESTRICTION,procedural_v8,93195fa2d85229fe8239d95e7fde760d573535cac0f79b3a4740a2b7fdf925c3,proc::voice::train::00038,c54370bf287267e92cd62f7e71fa60722793ce7d20be74dda88e715a35367ed0,23684946,proc_voice_additive_formant,train,numpy_scipy_project_generator,NO,,,6.485000,16000,0.83946580,0.18866503,0.00000079,0.00000000,
data/generated_v8/audio/train/voice/proc_voice_train_00038__pulse_lpc.wav,1,1,0,1,0,proc_train_speaker_68,proc_voice_pulse_lpc,project_procedural_v8,procedural_v8,,proc_voice_train_00038,proc::voice::train::00038,LOCAL:tools/procedural_audio_v8.py,procedural-v8.1,PROJECT_AUTHORED_PROCEDURAL_OUTPUT_NO_EXTERNAL_ASSETS,YES,YES_PROJECT_OWNED,NO_EXTERNAL_RESTRICTION,procedural_v8,93195fa2d85229fe8239d95e7fde760d573535cac0f79b3a4740a2b7fdf925c3,proc::voice::train::00038,770e9bb14bcd85dfc4a7a86706395d6eec260b691358b60bc098933e825d157b,23684946,proc_voice_pulse_lpc,train,numpy_scipy_project_generator,NO,,,6.485000,16000,0.89340287,0.30827968,-0.00001940,0.00000000,
data/generated_v8/audio/train/voice/proc_voice_train_00038__codec_phase.wav,1,1,0,1,0,proc_train_speaker_68,proc_voice_codec_phase,project_procedural_v8,procedural_v8,,proc_voice_train_00038,proc::voice::train::00038,LOCAL:tools/procedural_audio_v8.py,procedural-v8.1,PROJECT_AUTHORED_PROCEDURAL_OUTPUT_NO_EXTERNAL_ASSETS,YES,YES_PROJECT_OWNED,NO_EXTERNAL_RESTRICTION,procedural_v8,93195fa2d85229fe8239d95e7fde760d573535cac0f79b3a4740a2b7fdf925c3,proc::voice::train::00038,ae1f07076d412232927beda7019011dc8920e88a988aa3c7899f278b0c440316,23684946,proc_voice_codec_phase,train,numpy_scipy_project_generator,NO,,,6.485000,16000,0.79160792,0.27167489,-0.00001055,0.00000000,
data/generated_v8/audio/train/voice/proc_voice_train_00039__additive_formant.wav,1,1,0,1,0,proc_train_speaker_69,proc_voice_additive_formant,project_procedural_v8,procedural_v8,,proc_voice_train_00039,proc::voice::train::00039,LOCAL:tools/procedural_audio_v8.py,procedural-v8.1,PROJECT_AUTHORED_PROCEDURAL_OUTPUT_NO_EXTERNAL_ASSETS,YES,YES_PROJECT_OWNED,NO_EXTERNAL_RESTRICTION,procedural_v8,81a708f6cb752903d3017e2bbf044d8e0f015e3043644fc825b57527dcb27abd,proc::voice::train::00039,772e04272891a3ce96e693ff0914a07e72da099815c0db453e99cbdc3661c1b1,23684947,proc_voice_additive_formant,train,numpy_scipy_project_generator,NO,,,6.232000,16000,0.88544357,0.19663648,-0.00000038,0.00000000,
data/generated_v8/audio/train/voice/proc_voice_train_00039__pulse_lpc.wav,1,1,0,1,0,proc_train_speaker_69,proc_voice_pulse_lpc,project_procedural_v8,procedural_v8,,proc_voice_train_00039,proc::voice::train::00039,LOCAL:tools/procedural_audio_v8.py,procedural-v8.1,PROJECT_AUTHORED_PROCEDURAL_OUTPUT_NO_EXTERNAL_ASSETS,YES,YES_PROJECT_OWNED,NO_EXTERNAL_RESTRICTION,procedural_v8,81a708f6cb752903d3017e2bbf044d8e0f015e3043644fc825b57527dcb27abd,proc::voice::train::00039,0098c82733be816902093a796a77e574aa4e82dc77098ae3495bcc37ac93e56c,23684947,proc_voice_pulse_lpc,train,numpy_scipy_project_generator,NO,,,6.232000,16000,0.72544044,0.23147878,-0.00000954,0.00000000,
data/generated_v8/audio/train/voice/proc_voice_train_00039__codec_phase.wav,1,1,0,1,0,proc_train_speaker_69,proc_voice_codec_phase,project_procedural_v8,procedural_v8,,proc_voice_train_00039,proc::voice::train::00039,LOCAL:tools/procedural_audio_v8.py,procedural-v8.1,PROJECT_AUTHORED_PROCEDURAL_OUTPUT_NO_EXTERNAL_ASSETS,YES,YES_PROJECT_OWNED,NO_EXTERNAL_RESTRICTION,procedural_v8,81a708f6cb752903d3017e2bbf044d8e0f015e3043644fc825b57527dcb27abd,proc::voice::train::00039,24849b22802b72da216ed55afd124c31c3c31cf576ce5b1c167fcfd06c38e3c9,23684947,proc_voice_codec_phase,train,numpy_scipy_project_generator,NO,,,6.232000,16000,0.91537768,0.28444933,-0.00000393,0.00000000,
data/generated_v8/audio/train/voice/proc_voice_train_00040__additive_formant.wav,1,1,0,1,0,proc_train_speaker_70,proc_voice_additive_formant,project_procedural_v8,procedural_v8,,proc_voice_train_00040,proc::voice::train::00040,LOCAL:tools/procedural_audio_v8.py,procedural-v8.1,PROJECT_AUTHORED_PROCEDURAL_OUTPUT_NO_EXTERNAL_ASSETS,YES,YES_PROJECT_OWNED,NO_EXTERNAL_RESTRICTION,procedural_v8,b753d947cae02bf0b2ef63c92facfc8b23d7982aa47bb2f85d63b33522b9c470,proc::voice::train::00040,e4eb1bb676c7ca24d87d1d41ea9f3c8c1d6136ed2320696430f70e1c63f779c5,23684948,proc_voice_additive_formant,train,numpy_scipy_project_generator,NO,,,6.231000,16000,0.86919951,0.18237157,-0.00000008,0.00000000,
data/generated_v8/audio/train/voice/proc_voice_train_00040__pulse_lpc.wav,1,1,0,1,0,proc_train_speaker_70,proc_voice_pulse_lpc,project_procedural_v8,procedural_v8,,proc_voice_train_00040,proc::voice::train::00040,LOCAL:tools/procedural_audio_v8.py,procedural-v8.1,PROJECT_AUTHORED_PROCEDURAL_OUTPUT_NO_EXTERNAL_ASSETS,YES,YES_PROJECT_OWNED,NO_EXTERNAL_RESTRICTION,procedural_v8,b753d947cae02bf0b2ef63c92facfc8b23d7982aa47bb2f85d63b33522b9c470,proc::voice::train::00040,66cba0f873e715783d01c8f370ee877ada3d17408e4afdbb6cf98d0da30dc97e,23684948,proc_voice_pulse_lpc,train,numpy_scipy_project_generator,NO,,,6.231000,16000,0.72579437,0.20238383,-0.00000710,0.00000000,
data/generated_v8/audio/train/voice/proc_voice_train_00040__codec_phase.wav,1,1,0,1,0,proc_train_speaker_70,proc_voice_codec_phase,project_procedural_v8,procedural_v8,,proc_voice_train_00040,proc::voice::train::00040,LOCAL:tools/procedural_audio_v8.py,procedural-v8.1,PROJECT_AUTHORED_PROCEDURAL_OUTPUT_NO_EXTERNAL_ASSETS,YES,YES_PROJECT_OWNED,NO_EXTERNAL_RESTRICTION,procedural_v8,b753d947cae02bf0b2ef63c92facfc8b23d7982aa47bb2f85d63b33522b9c470,proc::voice::train::00040,c70a60df96e0f375d28cfbb8263bd5f08c6ef627bfeb29575c682a5127d4b5fd,23684948,proc_voice_codec_phase,train,numpy_scipy_project_generator,NO,,,6.231000,16000,0.73214799,0.18669332,0.00000017,0.00000000,
data/generated_v8/audio/train/voice/proc_voice_train_00041__additive_formant.wav,1,1,0,1,0,proc_train_speaker_71,proc_voice_additive_formant,project_procedural_v8,procedural_v8,,proc_voice_train_00041,proc::voice::train::00041,LOCAL:tools/procedural_audio_v8.py,procedural-v8.1,PROJECT_AUTHORED_PROCEDURAL_OUTPUT_NO_EXTERNAL_ASSETS,YES,YES_PROJECT_OWNED,NO_EXTERNAL_RESTRICTION,procedural_v8,97298cb98360d8b3eb7c9824671dbc97b229e47c10d28f14424d17013e56986b,proc::voice::train::00041,cf5217ffff186a9112228f466b112d80b72fc393473df080531d12410ed26a54,23684949,proc_voice_additive_formant,train,numpy_scipy_project_generator,NO,,,6.718000,16000,0.90032208,0.19582756,-0.00000022,0.00000000,
data/generated_v8/audio/train/voice/proc_voice_train_00041__pulse_lpc.wav,1,1,0,1,0,proc_train_speaker_71,proc_voice_pulse_lpc,project_procedural_v8,procedural_v8,,proc_voice_train_00041,proc::voice::train::00041,LOCAL:tools/procedural_audio_v8.py,procedural-v8.1,PROJECT_AUTHORED_PROCEDURAL_OUTPUT_NO_EXTERNAL_ASSETS,YES,YES_PROJECT_OWNED,NO_EXTERNAL_RESTRICTION,procedural_v8,97298cb98360d8b3eb7c9824671dbc97b229e47c10d28f14424d17013e56986b,proc::voice::train::00041,0abf91131cddde20712f1541712353ae791b72a0bec1bdd1324d4b2d929cd218,23684949,proc_voice_pulse_lpc,train,numpy_scipy_project_generator,NO,,,6.718000,16000,0.89145130,0.27440222,-0.00000735,0.00000000,
data/generated_v8/audio/train/voice/proc_voice_train_00041__codec_phase.wav,1,1,0,1,0,proc_train_speaker_71,proc_voice_codec_phase,project_procedural_v8,procedural_v8,,proc_voice_train_00041,proc::voice::train::00041,LOCAL:tools/procedural_audio_v8.py,procedural-v8.1,PROJECT_AUTHORED_PROCEDURAL_OUTPUT_NO_EXTERNAL_ASSETS,YES,YES_PROJECT_OWNED,NO_EXTERNAL_RESTRICTION,procedural_v8,97298cb98360d8b3eb7c9824671dbc97b229e47c10d28f14424d17013e56986b,proc::voice::train::00041,aa10428b248bf1539287117f83124c020c530d490739cb3234e10cf591cf9a62,23684949,proc_voice_codec_phase,train,numpy_scipy_project_generator,NO,,,6.718000,16000,0.79530889,0.23293146,-0.00000456,0.00000000,
data/generated_v8/audio/train/voice/proc_voice_train_00042__additive_formant.wav,1,1,0,1,0,proc_train_speaker_72,proc_voice_additive_formant,project_procedural_v8,procedural_v8,,proc_voice_train_00042,proc::voice::train::00042,LOCAL:tools/procedural_audio_v8.py,procedural-v8.1,PROJECT_AUTHORED_PROCEDURAL_OUTPUT_NO_EXTERNAL_ASSETS,YES,YES_PROJECT_OWNED,NO_EXTERNAL_RESTRICTION,procedural_v8,f5a21bbc361b70387b91812f64df17d31ac33e34303f2354986f732c7bfa24b6,proc::voice::train::00042,2e089bbab547631d4e7601eb2724f624a76044e995eb1b18ce3da479c17ca6b3,23684950,proc_voice_additive_formant,train,numpy_scipy_project_generator,NO,,,6.435000,16000,0.79618472,0.14895845,0.00000130,0.00000000,
data/generated_v8/audio/train/voice/proc_voice_train_00042__pulse_lpc.wav,1,1,0,1,0,proc_train_speaker_72,proc_voice_pulse_lpc,project_procedural_v8,procedural_v8,,proc_voice_train_00042,proc::voice::train::00042,LOCAL:tools/procedural_audio_v8.py,procedural-v8.1,PROJECT_AUTHORED_PROCEDURAL_OUTPUT_NO_EXTERNAL_ASSETS,YES,YES_PROJECT_OWNED,NO_EXTERNAL_RESTRICTION,procedural_v8,f5a21bbc361b70387b91812f64df17d31ac33e34303f2354986f732c7bfa24b6,proc::voice::train::00042,fda5acf04bdd2bc5c1cd3d7bf125511ff37c356961c8822e07991c40b57c74a7,23684950,proc_voice_pulse_lpc,train,numpy_scipy_project_generator,NO,,,6.435000,16000,0.78612429,0.23064544,-0.00001062,0.00000000,
data/generated_v8/audio/train/voice/proc_voice_train_00042__codec_phase.wav,1,1,0,1,0,proc_train_speaker_72,proc_voice_codec_phase,project_procedural_v8,procedural_v8,,proc_voice_train_00042,proc::voice::train::00042,LOCAL:tools/procedural_audio_v8.py,procedural-v8.1,PROJECT_AUTHORED_PROCEDURAL_OUTPUT_NO_EXTERNAL_ASSETS,YES,YES_PROJECT_OWNED,NO_EXTERNAL_RESTRICTION,procedural_v8,f5a21bbc361b70387b91812f64df17d31ac33e34303f2354986f732c7bfa24b6,proc::voice::train::00042,d4904ea1ab8dceb04c60b2a65ad193cfd583e37648540b59f44c4b477fd22b62,23684950,proc_voice_codec_phase,train,numpy_scipy_project_generator,NO,,,6.435000,16000,0.82586437,0.23679255,-0.00000695,0.00000000,
data/generated_v8/audio/train/voice/proc_voice_train_00043__additive_formant.wav,1,1,0,1,0,proc_train_speaker_73,proc_voice_additive_formant,project_procedural_v8,procedural_v8,,proc_voice_train_00043,proc::voice::train::00043,LOCAL:tools/procedural_audio_v8.py,procedural-v8.1,PROJECT_AUTHORED_PROCEDURAL_OUTPUT_NO_EXTERNAL_ASSETS,YES,YES_PROJECT_OWNED,NO_EXTERNAL_RESTRICTION,procedural_v8,64a2ef41c5e8a316b04e97e2ec80ad5ce0699fd0750d7a767b011a02431b48fd,proc::voice::train::00043,ccfae995e73540fdb6937c2d653a2c48ebf68129a4c9defdc512e9236c41c69c,23684951,proc_voice_additive_formant,train,numpy_scipy_project_generator,NO,,,6.661000,16000,0.89032912,0.18712439,0.00000045,0.00000000,
data/generated_v8/audio/train/voice/proc_voice_train_00043__pulse_lpc.wav,1,1,0,1,0,proc_train_speaker_73,proc_voice_pulse_lpc,project_procedural_v8,procedural_v8,,proc_voice_train_00043,proc::voice::train::00043,LOCAL:tools/procedural_audio_v8.py,procedural-v8.1,PROJECT_AUTHORED_PROCEDURAL_OUTPUT_NO_EXTERNAL_ASSETS,YES,YES_PROJECT_OWNED,NO_EXTERNAL_RESTRICTION,procedural_v8,64a2ef41c5e8a316b04e97e2ec80ad5ce0699fd0750d7a767b011a02431b48fd,proc::voice::train::00043,2cfb1cf0a3afc4d9b0780df1ef9514cf8d49a3ad1f70913b0ee462e1ea3bd84f,23684951,proc_voice_pulse_lpc,train,numpy_scipy_project_generator,NO,,,6.661000,16000,0.87898594,0.24602620,-0.00000699,0.00000000,
data/generated_v8/audio/train/voice/proc_voice_train_00043__codec_phase.wav,1,1,0,1,0,proc_train_speaker_73,proc_voice_codec_phase,project_procedural_v8,procedural_v8,,proc_voice_train_00043,proc::voice::train::00043,LOCAL:tools/procedural_audio_v8.py,procedural-v8.1,PROJECT_AUTHORED_PROCEDURAL_OUTPUT_NO_EXTERNAL_ASSETS,YES,YES_PROJECT_OWNED,NO_EXTERNAL_RESTRICTION,procedural_v8,64a2ef41c5e8a316b04e97e2ec80ad5ce0699fd0750d7a767b011a02431b48fd,proc::voice::train::00043,69fcde69c5fb56450e8d942adb1234c7748eec5208cd836cdc2d731bed61dd2b,23684951,proc_voice_codec_phase,train,numpy_scipy_project_generator,NO,,,6.661000,16000,0.88585770,0.22615057,-0.00000222,0.00000000,
data/generated_v8/audio/train/voice/proc_voice_train_00044__additive_formant.wav,1,1,0,1,0,proc_train_speaker_74,proc_voice_additive_formant,project_procedural_v8,procedural_v8,,proc_voice_train_00044,proc::voice::train::00044,LOCAL:tools/procedural_audio_v8.py,procedural-v8.1,PROJECT_AUTHORED_PROCEDURAL_OUTPUT_NO_EXTERNAL_ASSETS,YES,YES_PROJECT_OWNED,NO_EXTERNAL_RESTRICTION,procedural_v8,28c2a7415a48751937da38bee1ad0e8ee456104bde716f3c7d4d7174017a8208,proc::voice::train::00044,6f503112e2c19031e6aabc2dcfaea273a1db2929fd006ea6ed6abdca85934dad,23684952,proc_voice_additive_formant,train,numpy_scipy_project_generator,NO,,,6.005000,16000,0.72881365,0.15128814,-0.00000073,0.00000000,
data/generated_v8/audio/train/voice/proc_voice_train_00044__pulse_lpc.wav,1,1,0,1,0,proc_train_speaker_74,proc_voice_pulse_lpc,project_procedural_v8,procedural_v8,,proc_voice_train_00044,proc::voice::train::00044,LOCAL:tools/procedural_audio_v8.py,procedural-v8.1,PROJECT_AUTHORED_PROCEDURAL_OUTPUT_NO_EXTERNAL_ASSETS,YES,YES_PROJECT_OWNED,NO_EXTERNAL_RESTRICTION,procedural_v8,28c2a7415a48751937da38bee1ad0e8ee456104bde716f3c7d4d7174017a8208,proc::voice::train::00044,0c320f90217572723b36b8490b50f8efc181394cd7ac06665ec06154ebc91fe3,23684952,proc_voice_pulse_lpc,train,numpy_scipy_project_generator,NO,,,6.005000,16000,0.90244472,0.25646199,-0.00001435,0.00000000,
data/generated_v8/audio/train/voice/proc_voice_train_00044__codec_phase.wav,1,1,0,1,0,proc_train_speaker_74,proc_voice_codec_phase,project_procedural_v8,procedural_v8,,proc_voice_train_00044,proc::voice::train::00044,LOCAL:tools/procedural_audio_v8.py,procedural-v8.1,PROJECT_AUTHORED_PROCEDURAL_OUTPUT_NO_EXTERNAL_ASSETS,YES,YES_PROJECT_OWNED,NO_EXTERNAL_RESTRICTION,procedural_v8,28c2a7415a48751937da38bee1ad0e8ee456104bde716f3c7d4d7174017a8208,proc::voice::train::00044,506b2e751eb4eb7c3d13770bc9140b75c00c8d6463100fc7ab3416711e6de359,23684952,proc_voice_codec_phase,train,numpy_scipy_project_generator,NO,,,6.005000,16000,0.76337677,0.20750253,-0.00000212,0.00000000,
data/generated_v8/audio/train/voice/proc_voice_train_00045__additive_formant.wav,1,1,0,1,0,proc_train_speaker_75,proc_voice_additive_formant,project_procedural_v8,procedural_v8,,proc_voice_train_00045,proc::voice::train::00045,LOCAL:tools/procedural_audio_v8.py,procedural-v8.1,PROJECT_AUTHORED_PROCEDURAL_OUTPUT_NO_EXTERNAL_ASSETS,YES,YES_PROJECT_OWNED,NO_EXTERNAL_RESTRICTION,procedural_v8,c22b7963d088f9e63c04d4be21659cefe9089b612976d03e4d5800621250cca5,proc::voice::train::00045,ac7c87d1c7af2913fd8d6566391eb39b866c5593731ffaf9563cdfaa4ea44456,23684953,proc_voice_additive_formant,train,numpy_scipy_project_generator,NO,,,3.467000,16000,0.90628278,0.16288943,0.00000030,0.00000000,
data/generated_v8/audio/train/voice/proc_voice_train_00045__pulse_lpc.wav,1,1,0,1,0,proc_train_speaker_75,proc_voice_pulse_lpc,project_procedural_v8,procedural_v8,,proc_voice_train_00045,proc::voice::train::00045,LOCAL:tools/procedural_audio_v8.py,procedural-v8.1,PROJECT_AUTHORED_PROCEDURAL_OUTPUT_NO_EXTERNAL_ASSETS,YES,YES_PROJECT_OWNED,NO_EXTERNAL_RESTRICTION,procedural_v8,c22b7963d088f9e63c04d4be21659cefe9089b612976d03e4d5800621250cca5,proc::voice::train::00045,063cb1a936936efb118abf1c67e3cec022ed549175dfdd027704e34051e1cb1d,23684953,proc_voice_pulse_lpc,train,numpy_scipy_project_generator,NO,,,3.467000,16000,0.89337122,0.24088664,-0.00001679,0.00000000,
data/generated_v8/audio/train/voice/proc_voice_train_00045__codec_phase.wav,1,1,0,1,0,proc_train_speaker_75,proc_voice_codec_phase,project_procedural_v8,procedural_v8,,proc_voice_train_00045,proc::voice::train::00045,LOCAL:tools/procedural_audio_v8.py,procedural-v8.1,PROJECT_AUTHORED_PROCEDURAL_OUTPUT_NO_EXTERNAL_ASSETS,YES,YES_PROJECT_OWNED,NO_EXTERNAL_RESTRICTION,procedural_v8,c22b7963d088f9e63c04d4be21659cefe9089b612976d03e4d5800621250cca5,proc::voice::train::00045,47dc5bf0e6854b069305156bdd1b6d4b7670e97e79fe30202f1677efbb2fbeae,23684953,proc_voice_codec_phase,train,numpy_scipy_project_generator,NO,,,3.467000,16000,0.77922440,0.19260664,-0.00000487,0.00000000,
data/generated_v8/audio/train/voice/proc_voice_train_00046__additive_formant.wav,1,1,0,1,0,proc_train_speaker_76,proc_voice_additive_formant,project_procedural_v8,procedural_v8,,proc_voice_train_00046,proc::voice::train::00046,LOCAL:tools/procedural_audio_v8.py,procedural-v8.1,PROJECT_AUTHORED_PROCEDURAL_OUTPUT_NO_EXTERNAL_ASSETS,YES,YES_PROJECT_OWNED,NO_EXTERNAL_RESTRICTION,procedural_v8,cffce5b48cb3883f24665cac869629db029408491ba2ca9f20cb51766a852894,proc::voice::train::00046,50a5efb89a9079e6cdcdac819c8daf62b2f160ca038cce64b51e37605f76d209,23684954,proc_voice_additive_formant,train,numpy_scipy_project_generator,NO,,,6.021000,16000,0.72871256,0.13692825,0.00000721,0.00000000,
data/generated_v8/audio/train/voice/proc_voice_train_00046__pulse_lpc.wav,1,1,0,1,0,proc_train_speaker_76,proc_voice_pulse_lpc,project_procedural_v8,procedural_v8,,proc_voice_train_00046,proc::voice::train::00046,LOCAL:tools/procedural_audio_v8.py,procedural-v8.1,PROJECT_AUTHORED_PROCEDURAL_OUTPUT_NO_EXTERNAL_ASSETS,YES,YES_PROJECT_OWNED,NO_EXTERNAL_RESTRICTION,procedural_v8,cffce5b48cb3883f24665cac869629db029408491ba2ca9f20cb51766a852894,proc::voice::train::00046,0990e7007d876bd0b77c6aa0cf01956c531d0f4a95f1649da6cfda3363cae5a3,23684954,proc_voice_pulse_lpc,train,numpy_scipy_project_generator,NO,,,6.021000,16000,0.89803153,0.27177660,-0.00000446,0.00000000,
data/generated_v8/audio/train/voice/proc_voice_train_00046__codec_phase.wav,1,1,0,1,0,proc_train_speaker_76,proc_voice_codec_phase,project_procedural_v8,procedural_v8,,proc_voice_train_00046,proc::voice::train::00046,LOCAL:tools/procedural_audio_v8.py,procedural-v8.1,PROJECT_AUTHORED_PROCEDURAL_OUTPUT_NO_EXTERNAL_ASSETS,YES,YES_PROJECT_OWNED,NO_EXTERNAL_RESTRICTION,procedural_v8,cffce5b48cb3883f24665cac869629db029408491ba2ca9f20cb51766a852894,proc::voice::train::00046,0b58d071320efa313d58f8c6ff4630352fe2875bb031fb8e5af50fdc8db423ce,23684954,proc_voice_codec_phase,train,numpy_scipy_project_generator,NO,,,6.021000,16000,0.81635040,0.24400072,-0.00001711,0.00000000,
data/generated_v8/audio/train/voice/proc_voice_train_00047__additive_formant.wav,1,1,0,1,0,proc_train_speaker_77,proc_voice_additive_formant,project_procedural_v8,procedural_v8,,proc_voice_train_00047,proc::voice::train::00047,LOCAL:tools/procedural_audio_v8.py,procedural-v8.1,PROJECT_AUTHORED_PROCEDURAL_OUTPUT_NO_EXTERNAL_ASSETS,YES,YES_PROJECT_OWNED,NO_EXTERNAL_RESTRICTION,procedural_v8,b5a5f3a2a30902eef0119671c746a8a1c4186b06ef49b4cc5d0214938698480b,proc::voice::train::00047,c64478534b380e4061632c16bf366b617780001f86f6a0f712d5cd0b20ffd921,23684955,proc_voice_additive_formant,train,numpy_scipy_project_generator,NO,,,6.093000,16000,0.79488224,0.16805065,-0.00000061,0.00000000,
data/generated_v8/audio/train/voice/proc_voice_train_00047__pulse_lpc.wav,1,1,0,1,0,proc_train_speaker_77,proc_voice_pulse_lpc,project_procedural_v8,procedural_v8,,proc_voice_train_00047,proc::voice::train::00047,LOCAL:tools/procedural_audio_v8.py,procedural-v8.1,PROJECT_AUTHORED_PROCEDURAL_OUTPUT_NO_EXTERNAL_ASSETS,YES,YES_PROJECT_OWNED,NO_EXTERNAL_RESTRICTION,procedural_v8,b5a5f3a2a30902eef0119671c746a8a1c4186b06ef49b4cc5d0214938698480b,proc::voice::train::00047,321947f5a4b8cc1700e19a6ce7eccb956c1708f0778a6bd7aac74007cdfb54e7,23684955,proc_voice_pulse_lpc,train,numpy_scipy_project_generator,NO,,,6.093000,16000,0.85636264,0.23122094,-0.00000722,0.00000000,
data/generated_v8/audio/train/voice/proc_voice_train_00047__codec_phase.wav,1,1,0,1,0,proc_train_speaker_77,proc_voice_codec_phase,project_procedural_v8,procedural_v8,,proc_voice_train_00047,proc::voice::train::00047,LOCAL:tools/procedural_audio_v8.py,procedural-v8.1,PROJECT_AUTHORED_PROCEDURAL_OUTPUT_NO_EXTERNAL_ASSETS,YES,YES_PROJECT_OWNED,NO_EXTERNAL_RESTRICTION,procedural_v8,b5a5f3a2a30902eef0119671c746a8a1c4186b06ef49b4cc5d0214938698480b,proc::voice::train::00047,00b519737c0910d8e11e5154cb325c45be0fe964794ebbca93d79f1cfe215b83,23684955,proc_voice_codec_phase,train,numpy_scipy_project_generator,NO,,,6.093000,16000,0.91381747,0.19881793,-0.00000079,0.00000000,
data/generated_v8/audio/train/voice/proc_voice_train_00048__additive_formant.wav,1,1,0,1,0,proc_train_speaker_78,proc_voice_additive_formant,project_procedural_v8,procedural_v8,,proc_voice_train_00048,proc::voice::train::00048,LOCAL:tools/procedural_audio_v8.py,procedural-v8.1,PROJECT_AUTHORED_PROCEDURAL_OUTPUT_NO_EXTERNAL_ASSETS,YES,YES_PROJECT_OWNED,NO_EXTERNAL_RESTRICTION,procedural_v8,6ff6fdb96c4541ad0c2cec7534da31e7f381584c85ab9c591fff2f3209f61cc8,proc::voice::train::00048,691903236bed2ba2447562f8734eb9ee413bd12fbbc0ef2baa381077a4d8c4fc,23684956,proc_voice_additive_formant,train,numpy_scipy_project_generator,NO,,,6.067000,16000,0.84306568,0.12880018,0.00000006,0.00000000,
data/generated_v8/audio/train/voice/proc_voice_train_00048__pulse_lpc.wav,1,1,0,1,0,proc_train_speaker_78,proc_voice_pulse_lpc,project_procedural_v8,procedural_v8,,proc_voice_train_00048,proc::voice::train::00048,LOCAL:tools/procedural_audio_v8.py,procedural-v8.1,PROJECT_AUTHORED_PROCEDURAL_OUTPUT_NO_EXTERNAL_ASSETS,YES,YES_PROJECT_OWNED,NO_EXTERNAL_RESTRICTION,procedural_v8,6ff6fdb96c4541ad0c2cec7534da31e7f381584c85ab9c591fff2f3209f61cc8,proc::voice::train::00048,1833ef98e52020b4932afd55a2cbd717152a0bc03dd481a763409ffad0cb1138,23684956,proc_voice_pulse_lpc,train,numpy_scipy_project_generator,NO,,,6.067000,16000,0.76660645,0.20089486,-0.00000773,0.00000000,
data/generated_v8/audio/train/voice/proc_voice_train_00048__codec_phase.wav,1,1,0,1,0,proc_train_speaker_78,proc_voice_codec_phase,project_procedural_v8,procedural_v8,,proc_voice_train_00048,proc::voice::train::00048,LOCAL:tools/procedural_audio_v8.py,procedural-v8.1,PROJECT_AUTHORED_PROCEDURAL_OUTPUT_NO_EXTERNAL_ASSETS,YES,YES_PROJECT_OWNED,NO_EXTERNAL_RESTRICTION,procedural_v8,6ff6fdb96c4541ad0c2cec7534da31e7f381584c85ab9c591fff2f3209f61cc8,proc::voice::train::00048,d573c2a4ae359da47e37fa579481656145b9ceaad683e1fd56bd25225eb9f3b1,23684956,proc_voice_codec_phase,train,numpy_scipy_project_generator,NO,,,6.067000,16000,0.73452371,0.18942119,-0.00000308,0.00000000,
data/generated_v8/audio/train/voice/proc_voice_train_00049__additive_formant.wav,1,1,0,1,0,proc_train_speaker_79,proc_voice_additive_formant,project_procedural_v8,procedural_v8,,proc_voice_train_00049,proc::voice::train::00049,LOCAL:tools/procedural_audio_v8.py,procedural-v8.1,PROJECT_AUTHORED_PROCEDURAL_OUTPUT_NO_EXTERNAL_ASSETS,YES,YES_PROJECT_OWNED,NO_EXTERNAL_RESTRICTION,procedural_v8,47efb7ac52dbc5d07846fa95d2c539f64eece33f3174c46e73f365e27f20ae72,proc::voice::train::00049,6b7ad30de820e6cf92f9fb0a5d604c52ede4b6def9601248342cf3aeac76f816,23684957,proc_voice_additive_formant,train,numpy_scipy_project_generator,NO,,,4.701000,16000,0.81608117,0.16802307,-0.00000113,0.00000000,
data/generated_v8/audio/train/voice/proc_voice_train_00049__pulse_lpc.wav,1,1,0,1,0,proc_train_speaker_79,proc_voice_pulse_lpc,project_procedural_v8,procedural_v8,,proc_voice_train_00049,proc::voice::train::00049,LOCAL:tools/procedural_audio_v8.py,procedural-v8.1,PROJECT_AUTHORED_PROCEDURAL_OUTPUT_NO_EXTERNAL_ASSETS,YES,YES_PROJECT_OWNED,NO_EXTERNAL_RESTRICTION,procedural_v8,47efb7ac52dbc5d07846fa95d2c539f64eece33f3174c46e73f365e27f20ae72,proc::voice::train::00049,cd3806fa008337f0bc8a8ae75a41d1adf1eb3082fbe223aa4999347e2d89432d,23684957,proc_voice_pulse_lpc,train,numpy_scipy_project_generator,NO,,,4.701000,16000,0.85936624,0.25251535,-0.00001713,0.00000000,
data/generated_v8/audio/train/voice/proc_voice_train_00049__codec_phase.wav,1,1,0,1,0,proc_train_speaker_79,proc_voice_codec_phase,project_procedural_v8,procedural_v8,,proc_voice_train_00049,proc::voice::train::00049,LOCAL:tools/procedural_audio_v8.py,procedural-v8.1,PROJECT_AUTHORED_PROCEDURAL_OUTPUT_NO_EXTERNAL_ASSETS,YES,YES_PROJECT_OWNED,NO_EXTERNAL_RESTRICTION,procedural_v8,47efb7ac52dbc5d07846fa95d2c539f64eece33f3174c46e73f365e27f20ae72,proc::voice::train::00049,edf858848ed981823c7c7a095d74bbc9c848a7e3a5571add8afccbd9fea811ce,23684957,proc_voice_codec_phase,train,numpy_scipy_project_generator,NO,,,4.701000,16000,0.73310822,0.19368287,-0.00000411,0.00000000,
data/generated_v8/audio/train/voice/proc_voice_train_00050__additive_formant.wav,1,1,0,1,0,proc_train_speaker_80,proc_voice_additive_formant,project_procedural_v8,procedural_v8,,proc_voice_train_00050,proc::voice::train::00050,LOCAL:tools/procedural_audio_v8.py,procedural-v8.1,PROJECT_AUTHORED_PROCEDURAL_OUTPUT_NO_EXTERNAL_ASSETS,YES,YES_PROJECT_OWNED,NO_EXTERNAL_RESTRICTION,procedural_v8,9a41855cc9ade96d40cd81c0d5da4fdff2ceadbba5d26c5c891ca347e80b3375,proc::voice::train::00050,0df3ecdeb279274754bcd95a4057c5ea550d69a03e6deb30db38736a5ec87b54,23684958,proc_voice_additive_formant,train,numpy_scipy_project_generator,NO,,,6.095000,16000,0.84982222,0.17008682,-0.00000231,0.00000000,
data/generated_v8/audio/train/voice/proc_voice_train_00050__pulse_lpc.wav,1,1,0,1,0,proc_train_speaker_80,proc_voice_pulse_lpc,project_procedural_v8,procedural_v8,,proc_voice_train_00050,proc::voice::train::00050,LOCAL:tools/procedural_audio_v8.py,procedural-v8.1,PROJECT_AUTHORED_PROCEDURAL_OUTPUT_NO_EXTERNAL_ASSETS,YES,YES_PROJECT_OWNED,NO_EXTERNAL_RESTRICTION,procedural_v8,9a41855cc9ade96d40cd81c0d5da4fdff2ceadbba5d26c5c891ca347e80b3375,proc::voice::train::00050,cb5e365738fe49962b997a2d73107a75501d24f56998a8352861611a6ff41e25,23684958,proc_voice_pulse_lpc,train,numpy_scipy_project_generator,NO,,,6.095000,16000,0.74155492,0.20218954,-0.00000538,0.00000000,
data/generated_v8/audio/train/voice/proc_voice_train_00050__codec_phase.wav,1,1,0,1,0,proc_train_speaker_80,proc_voice_codec_phase,project_procedural_v8,procedural_v8,,proc_voice_train_00050,proc::voice::train::00050,LOCAL:tools/procedural_audio_v8.py,procedural-v8.1,PROJECT_AUTHORED_PROCEDURAL_OUTPUT_NO_EXTERNAL_ASSETS,YES,YES_PROJECT_OWNED,NO_EXTERNAL_RESTRICTION,procedural_v8,9a41855cc9ade96d40cd81c0d5da4fdff2ceadbba5d26c5c891ca347e80b3375,proc::voice::train::00050,9b7ef630e51b6b149ee5619ab0f88bca844eb18a2b261b5f4469853e7b456387,23684958,proc_voice_codec_phase,train,numpy_scipy_project_generator,NO,,,6.095000,16000,0.82667702,0.20498639,-0.00000131,0.00000000,
data/generated_v8/audio/train/voice/proc_voice_train_00051__additive_formant.wav,1,1,0,1,0,proc_train_speaker_81,proc_voice_additive_formant,project_procedural_v8,procedural_v8,,proc_voice_train_00051,proc::voice::train::00051,LOCAL:tools/procedural_audio_v8.py,procedural-v8.1,PROJECT_AUTHORED_PROCEDURAL_OUTPUT_NO_EXTERNAL_ASSETS,YES,YES_PROJECT_OWNED,NO_EXTERNAL_RESTRICTION,procedural_v8,9060ff8e44d1b490f46d5406cd3ddf0383e9232c312c400be083f351067e1866,proc::voice::train::00051,ee2b7a336989f8a635635d9b6a79d4312079b890eef9f748a50e6a036b17e0bf,23684959,proc_voice_additive_formant,train,numpy_scipy_project_generator,NO,,,6.983000,16000,0.74645275,0.18086689,-0.00000012,0.00000000,
data/generated_v8/audio/train/voice/proc_voice_train_00051__pulse_lpc.wav,1,1,0,1,0,proc_train_speaker_81,proc_voice_pulse_lpc,project_procedural_v8,procedural_v8,,proc_voice_train_00051,proc::voice::train::00051,LOCAL:tools/procedural_audio_v8.py,procedural-v8.1,PROJECT_AUTHORED_PROCEDURAL_OUTPUT_NO_EXTERNAL_ASSETS,YES,YES_PROJECT_OWNED,NO_EXTERNAL_RESTRICTION,procedural_v8,9060ff8e44d1b490f46d5406cd3ddf0383e9232c312c400be083f351067e1866,proc::voice::train::00051,eaf84aae5f125de15a38651de3f83e68784a6422a0368504d4e118b067ac4a21,23684959,proc_voice_pulse_lpc,train,numpy_scipy_project_generator,NO,,,6.983000,16000,0.85889947,0.28352366,-0.00001336,0.00000000,
data/generated_v8/audio/train/voice/proc_voice_train_00051__codec_phase.wav,1,1,0,1,0,proc_train_speaker_81,proc_voice_codec_phase,project_procedural_v8,procedural_v8,,proc_voice_train_00051,proc::voice::train::00051,LOCAL:tools/procedural_audio_v8.py,procedural-v8.1,PROJECT_AUTHORED_PROCEDURAL_OUTPUT_NO_EXTERNAL_ASSETS,YES,YES_PROJECT_OWNED,NO_EXTERNAL_RESTRICTION,procedural_v8,9060ff8e44d1b490f46d5406cd3ddf0383e9232c312c400be083f351067e1866,proc::voice::train::00051,cd87db384be6fd45a2ffd4e4721d91f2f95d65a37737246747f8219b4c70e094,23684959,proc_voice_codec_phase,train,numpy_scipy_project_generator,NO,,,6.983000,16000,0.85949111,0.25727646,-0.00000295,0.00000000,
data/generated_v8/audio/train/voice/proc_voice_train_00052__additive_formant.wav,1,1,0,1,0,proc_train_speaker_82,proc_voice_additive_formant,project_procedural_v8,procedural_v8,,proc_voice_train_00052,proc::voice::train::00052,LOCAL:tools/procedural_audio_v8.py,procedural-v8.1,PROJECT_AUTHORED_PROCEDURAL_OUTPUT_NO_EXTERNAL_ASSETS,YES,YES_PROJECT_OWNED,NO_EXTERNAL_RESTRICTION,procedural_v8,f34d39339f88a7b05713332d992b4d8acf04760caaf945e9167f21977c558755,proc::voice::train::00052,4beec04ed70e343c672cbe2afc633b8194a77ff11e99ee6133844a8dc99a6465,23684960,proc_voice_additive_formant,train,numpy_scipy_project_generator,NO,,,3.813000,16000,0.88714832,0.18506004,-0.00000189,0.00000000,
data/generated_v8/audio/train/voice/proc_voice_train_00052__pulse_lpc.wav,1,1,0,1,0,proc_train_speaker_82,proc_voice_pulse_lpc,project_procedural_v8,procedural_v8,,proc_voice_train_00052,proc::voice::train::00052,LOCAL:tools/procedural_audio_v8.py,procedural-v8.1,PROJECT_AUTHORED_PROCEDURAL_OUTPUT_NO_EXTERNAL_ASSETS,YES,YES_PROJECT_OWNED,NO_EXTERNAL_RESTRICTION,procedural_v8,f34d39339f88a7b05713332d992b4d8acf04760caaf945e9167f21977c558755,proc::voice::train::00052,2f8d80e7b7eb2e0a8e303aeac80603ed76ae98b65206fee78341b8513adedef5,23684960,proc_voice_pulse_lpc,train,numpy_scipy_project_generator,NO,,,3.813000,16000,0.84152681,0.28461712,-0.00002521,0.00000000,
data/generated_v8/audio/train/voice/proc_voice_train_00052__codec_phase.wav,1,1,0,1,0,proc_train_speaker_82,proc_voice_codec_phase,project_procedural_v8,procedural_v8,,proc_voice_train_00052,proc::voice::train::00052,LOCAL:tools/procedural_audio_v8.py,procedural-v8.1,PROJECT_AUTHORED_PROCEDURAL_OUTPUT_NO_EXTERNAL_ASSETS,YES,YES_PROJECT_OWNED,NO_EXTERNAL_RESTRICTION,procedural_v8,f34d39339f88a7b05713332d992b4d8acf04760caaf945e9167f21977c558755,proc::voice::train::00052,15d31fb63cbb2860ff437b0dcac3960a0d83b0cabca30891643c74f54a8f0b99,23684960,proc_voice_codec_phase,train,numpy_scipy_project_generator,NO,,,3.813000,16000,0.75166875,0.26147248,-0.00002024,0.00000000,
data/generated_v8/audio/train/voice/proc_voice_train_00053__additive_formant.wav,1,1,0,1,0,proc_train_speaker_83,proc_voice_additive_formant,project_procedural_v8,procedural_v8,,proc_voice_train_00053,proc::voice::train::00053,LOCAL:tools/procedural_audio_v8.py,procedural-v8.1,PROJECT_AUTHORED_PROCEDURAL_OUTPUT_NO_EXTERNAL_ASSETS,YES,YES_PROJECT_OWNED,NO_EXTERNAL_RESTRICTION,procedural_v8,6f08a1078133e65de5aa67d2f5bf17dde3748b9047fbbcab12ddf8b94a3db10d,proc::voice::train::00053,bb8e3c85b42b35eb35e2e6ec179ee6885caecc70616cd594b9dab2b28fd08528,23684961,proc_voice_additive_formant,train,numpy_scipy_project_generator,NO,,,6.802000,16000,0.78836989,0.16706573,0.00000035,0.00000000,
data/generated_v8/audio/train/voice/proc_voice_train_00053__pulse_lpc.wav,1,1,0,1,0,proc_train_speaker_83,proc_voice_pulse_lpc,project_procedural_v8,procedural_v8,,proc_voice_train_00053,proc::voice::train::00053,LOCAL:tools/procedural_audio_v8.py,procedural-v8.1,PROJECT_AUTHORED_PROCEDURAL_OUTPUT_NO_EXTERNAL_ASSETS,YES,YES_PROJECT_OWNED,NO_EXTERNAL_RESTRICTION,procedural_v8,6f08a1078133e65de5aa67d2f5bf17dde3748b9047fbbcab12ddf8b94a3db10d,proc::voice::train::00053,2c36f4eb77376775cefd97a2062e89d8e70afd2a230cb6b56db73e34a1b00b65,23684961,proc_voice_pulse_lpc,train,numpy_scipy_project_generator,NO,,,6.802000,16000,0.74301535,0.21657763,-0.00000938,0.00000000,
data/generated_v8/audio/train/voice/proc_voice_train_00053__codec_phase.wav,1,1,0,1,0,proc_train_speaker_83,proc_voice_codec_phase,project_procedural_v8,procedural_v8,,proc_voice_train_00053,proc::voice::train::00053,LOCAL:tools/procedural_audio_v8.py,procedural-v8.1,PROJECT_AUTHORED_PROCEDURAL_OUTPUT_NO_EXTERNAL_ASSETS,YES,YES_PROJECT_OWNED,NO_EXTERNAL_RESTRICTION,procedural_v8,6f08a1078133e65de5aa67d2f5bf17dde3748b9047fbbcab12ddf8b94a3db10d,proc::voice::train::00053,6e8e57985482e39b2645e2a9a59be0856dc0c2fb29987e55205cb9bd2716a786,23684961,proc_voice_codec_phase,train,numpy_scipy_project_generator,NO,,,6.802000,16000,0.85015452,0.22974939,-0.00000343,0.00000000,
data/generated_v8/audio/train/voice/proc_voice_train_00054__additive_formant.wav,1,1,0,1,0,proc_train_speaker_84,proc_voice_additive_formant,project_procedural_v8,procedural_v8,,proc_voice_train_00054,proc::voice::train::00054,LOCAL:tools/procedural_audio_v8.py,procedural-v8.1,PROJECT_AUTHORED_PROCEDURAL_OUTPUT_NO_EXTERNAL_ASSETS,YES,YES_PROJECT_OWNED,NO_EXTERNAL_RESTRICTION,procedural_v8,cc2194b16608b82e8f17a478106d72ab5e2c7967e6bff1ba0ed1209add632edd,proc::voice::train::00054,054f7ddeaa7724bc09cd280a6ecd295aa463af1d12f12c4fa3d4676701ad8497,23684962,proc_voice_additive_formant,train,numpy_scipy_project_generator,NO,,,3.571000,16000,0.81764698,0.19390280,0.00000661,0.00000000,
data/generated_v8/audio/train/voice/proc_voice_train_00054__pulse_lpc.wav,1,1,0,1,0,proc_train_speaker_84,proc_voice_pulse_lpc,project_procedural_v8,procedural_v8,,proc_voice_train_00054,proc::voice::train::00054,LOCAL:tools/procedural_audio_v8.py,procedural-v8.1,PROJECT_AUTHORED_PROCEDURAL_OUTPUT_NO_EXTERNAL_ASSETS,YES,YES_PROJECT_OWNED,NO_EXTERNAL_RESTRICTION,procedural_v8,cc2194b16608b82e8f17a478106d72ab5e2c7967e6bff1ba0ed1209add632edd,proc::voice::train::00054,7d2be811f51a0c79fbecb563b752a9366ca7980aa949a8c6e43ddacfeb58676a,23684962,proc_voice_pulse_lpc,train,numpy_scipy_project_generator,NO,,,3.571000,16000,0.83876508,0.25254206,-0.00001268,0.00000000,
data/generated_v8/audio/train/voice/proc_voice_train_00054__codec_phase.wav,1,1,0,1,0,proc_train_speaker_84,proc_voice_codec_phase,project_procedural_v8,procedural_v8,,proc_voice_train_00054,proc::voice::train::00054,LOCAL:tools/procedural_audio_v8.py,procedural-v8.1,PROJECT_AUTHORED_PROCEDURAL_OUTPUT_NO_EXTERNAL_ASSETS,YES,YES_PROJECT_OWNED,NO_EXTERNAL_RESTRICTION,procedural_v8,cc2194b16608b82e8f17a478106d72ab5e2c7967e6bff1ba0ed1209add632edd,proc::voice::train::00054,d07c94ed535dfd11f0d183d26d34f2c729bd0c81d432cb898cc9b6112a84bdfb,23684962,proc_voice_codec_phase,train,numpy_scipy_project_generator,NO,,,3.571000,16000,0.82081735,0.20559722,-0.00000747,0.00000000,
data/generated_v8/audio/train/voice/proc_voice_train_00055__additive_formant.wav,1,1,0,1,0,proc_train_speaker_85,proc_voice_additive_formant,project_procedural_v8,procedural_v8,,proc_voice_train_00055,proc::voice::train::00055,LOCAL:tools/procedural_audio_v8.py,procedural-v8.1,PROJECT_AUTHORED_PROCEDURAL_OUTPUT_NO_EXTERNAL_ASSETS,YES,YES_PROJECT_OWNED,NO_EXTERNAL_RESTRICTION,procedural_v8,9b81bb0b3833ed5100df8d35823405c8caf0784fb8a8b3f688e6fcfaa0b2f29d,proc::voice::train::00055,08dd3afe7922ea9c69c8ba8aae1095f1a3deb39694b3544b0c431bc5ecbe2c21,23684963,proc_voice_additive_formant,train,numpy_scipy_project_generator,NO,,,3.432000,16000,0.81826818,0.16165404,-0.00000055,0.00000000,
data/generated_v8/audio/train/voice/proc_voice_train_00055__pulse_lpc.wav,1,1,0,1,0,proc_train_speaker_85,proc_voice_pulse_lpc,project_procedural_v8,procedural_v8,,proc_voice_train_00055,proc::voice::train::00055,LOCAL:tools/procedural_audio_v8.py,procedural-v8.1,PROJECT_AUTHORED_PROCEDURAL_OUTPUT_NO_EXTERNAL_ASSETS,YES,YES_PROJECT_OWNED,NO_EXTERNAL_RESTRICTION,procedural_v8,9b81bb0b3833ed5100df8d35823405c8caf0784fb8a8b3f688e6fcfaa0b2f29d,proc::voice::train::00055,36ac13dddec9b4f6535b5123a51cab6ed610b885d05ddcad1112be7ae8c79f1e,23684963,proc_voice_pulse_lpc,train,numpy_scipy_project_generator,NO,,,3.432000,16000,0.80237669,0.24770554,-0.00001813,0.00000000,
data/generated_v8/audio/train/voice/proc_voice_train_00055__codec_phase.wav,1,1,0,1,0,proc_train_speaker_85,proc_voice_codec_phase,project_procedural_v8,procedural_v8,,proc_voice_train_00055,proc::voice::train::00055,LOCAL:tools/procedural_audio_v8.py,procedural-v8.1,PROJECT_AUTHORED_PROCEDURAL_OUTPUT_NO_EXTERNAL_ASSETS,YES,YES_PROJECT_OWNED,NO_EXTERNAL_RESTRICTION,procedural_v8,9b81bb0b3833ed5100df8d35823405c8caf0784fb8a8b3f688e6fcfaa0b2f29d,proc::voice::train::00055,06e97f89348e6013b0badffc8a0781b94019a0f4b58dc33ef3c363a5e931b741,23684963,proc_voice_codec_phase,train,numpy_scipy_project_generator,NO,,,3.432000,16000,0.77362013,0.21594350,-0.00000628,0.00000000,
data/generated_v8/audio/train/voice/proc_voice_train_00056__additive_formant.wav,1,1,0,1,0,proc_train_speaker_86,proc_voice_additive_formant,project_procedural_v8,procedural_v8,,proc_voice_train_00056,proc::voice::train::00056,LOCAL:tools/procedural_audio_v8.py,procedural-v8.1,PROJECT_AUTHORED_PROCEDURAL_OUTPUT_NO_EXTERNAL_ASSETS,YES,YES_PROJECT_OWNED,NO_EXTERNAL_RESTRICTION,procedural_v8,9a77ceaa7c31a73a5f74467b2efa16dc4b09584793f124e00e28bc1d60e90e85,proc::voice::train::00056,034acdd2b4947ff797f6fa4b6eda88dfb64f1b27d2092c59972176b2510bc7c3,23684964,proc_voice_additive_formant,train,numpy_scipy_project_generator,NO,,,5.721000,16000,0.75518560,0.19819920,0.00000070,0.00000000,
data/generated_v8/audio/train/voice/proc_voice_train_00056__pulse_lpc.wav,1,1,0,1,0,proc_train_speaker_86,proc_voice_pulse_lpc,project_procedural_v8,procedural_v8,,proc_voice_train_00056,proc::voice::train::00056,LOCAL:tools/procedural_audio_v8.py,procedural-v8.1,PROJECT_AUTHORED_PROCEDURAL_OUTPUT_NO_EXTERNAL_ASSETS,YES,YES_PROJECT_OWNED,NO_EXTERNAL_RESTRICTION,procedural_v8,9a77ceaa7c31a73a5f74467b2efa16dc4b09584793f124e00e28bc1d60e90e85,proc::voice::train::00056,8a7e76724c1f942155dce39e271afe7f1773a7d4d21c474d1d2b1e56ec289a54,23684964,proc_voice_pulse_lpc,train,numpy_scipy_project_generator,NO,,,5.721000,16000,0.87050205,0.32623345,-0.00001885,0.00000000,
data/generated_v8/audio/train/voice/proc_voice_train_00056__codec_phase.wav,1,1,0,1,0,proc_train_speaker_86,proc_voice_codec_phase,project_procedural_v8,procedural_v8,,proc_voice_train_00056,proc::voice::train::00056,LOCAL:tools/procedural_audio_v8.py,procedural-v8.1,PROJECT_AUTHORED_PROCEDURAL_OUTPUT_NO_EXTERNAL_ASSETS,YES,YES_PROJECT_OWNED,NO_EXTERNAL_RESTRICTION,procedural_v8,9a77ceaa7c31a73a5f74467b2efa16dc4b09584793f124e00e28bc1d60e90e85,proc::voice::train::00056,8d6c4579ff3dfd7a882ca959f6c8a6ae4faa002eb2b06a153d0454a058c216a8,23684964,proc_voice_codec_phase,train,numpy_scipy_project_generator,NO,,,5.721000,16000,0.89190292,0.33443776,-0.00001271,0.00000000,
data/generated_v8/audio/train/voice/proc_voice_train_00057__additive_formant.wav,1,1,0,1,0,proc_train_speaker_87,proc_voice_additive_formant,project_procedural_v8,procedural_v8,,proc_voice_train_00057,proc::voice::train::00057,LOCAL:tools/procedural_audio_v8.py,procedural-v8.1,PROJECT_AUTHORED_PROCEDURAL_OUTPUT_NO_EXTERNAL_ASSETS,YES,YES_PROJECT_OWNED,NO_EXTERNAL_RESTRICTION,procedural_v8,454aa7012cdee9b2187008033102e3191198f2eb84f77ce4657f483c15bb5dbf,proc::voice::train::00057,9f823dc06ab4da2f5e96f8979f63d77dc1c9dae25f753d445fdca0eb227ea86d,23684965,proc_voice_additive_formant,train,numpy_scipy_project_generator,NO,,,5.099000,16000,0.88228011,0.13956488,0.00000098,0.00000000,
data/generated_v8/audio/train/voice/proc_voice_train_00057__pulse_lpc.wav,1,1,0,1,0,proc_train_speaker_87,proc_voice_pulse_lpc,project_procedural_v8,procedural_v8,,proc_voice_train_00057,proc::voice::train::00057,LOCAL:tools/procedural_audio_v8.py,procedural-v8.1,PROJECT_AUTHORED_PROCEDURAL_OUTPUT_NO_EXTERNAL_ASSETS,YES,YES_PROJECT_OWNED,NO_EXTERNAL_RESTRICTION,procedural_v8,454aa7012cdee9b2187008033102e3191198f2eb84f77ce4657f483c15bb5dbf,proc::voice::train::00057,a3412a7c7b730e07ba630eb610798b7ffafde081662b4e2c2474f5cfa7b0363f,23684965,proc_voice_pulse_lpc,train,numpy_scipy_project_generator,NO,,,5.099000,16000,0.78964388,0.18086562,-0.00000341,0.00000000,
data/generated_v8/audio/train/voice/proc_voice_train_00057__codec_phase.wav,1,1,0,1,0,proc_train_speaker_87,proc_voice_codec_phase,project_procedural_v8,procedural_v8,,proc_voice_train_00057,proc::voice::train::00057,LOCAL:tools/procedural_audio_v8.py,procedural-v8.1,PROJECT_AUTHORED_PROCEDURAL_OUTPUT_NO_EXTERNAL_ASSETS,YES,YES_PROJECT_OWNED,NO_EXTERNAL_RESTRICTION,procedural_v8,454aa7012cdee9b2187008033102e3191198f2eb84f77ce4657f483c15bb5dbf,proc::voice::train::00057,9d85672714ed64450432ccd6c5e53f84d2d45f3fc9a1a696c19a9d1e7c704bde,23684965,proc_voice_codec_phase,train,numpy_scipy_project_generator,NO,,,5.099000,16000,0.83738899,0.16246033,-0.00000244,0.00000000,
data/generated_v8/audio/train/voice/proc_voice_train_00058__additive_formant.wav,1,1,0,1,0,proc_train_speaker_88,proc_voice_additive_formant,project_procedural_v8,procedural_v8,,proc_voice_train_00058,proc::voice::train::00058,LOCAL:tools/procedural_audio_v8.py,procedural-v8.1,PROJECT_AUTHORED_PROCEDURAL_OUTPUT_NO_EXTERNAL_ASSETS,YES,YES_PROJECT_OWNED,NO_EXTERNAL_RESTRICTION,procedural_v8,aa643b285ef0ba40ef4e161e9d32a83e5a203b4ea5e5814f113e8d987dd024c0,proc::voice::train::00058,048c011d5aa5a839fd252ebe8aa96bce5a3020b5ac1ac9631a5661183a912056,23684966,proc_voice_additive_formant,train,numpy_scipy_project_generator,NO,,,4.844000,16000,0.88074684,0.12755359,-0.00000519,0.00000000,
data/generated_v8/audio/train/voice/proc_voice_train_00058__pulse_lpc.wav,1,1,0,1,0,proc_train_speaker_88,proc_voice_pulse_lpc,project_procedural_v8,procedural_v8,,proc_voice_train_00058,proc::voice::train::00058,LOCAL:tools/procedural_audio_v8.py,procedural-v8.1,PROJECT_AUTHORED_PROCEDURAL_OUTPUT_NO_EXTERNAL_ASSETS,YES,YES_PROJECT_OWNED,NO_EXTERNAL_RESTRICTION,procedural_v8,aa643b285ef0ba40ef4e161e9d32a83e5a203b4ea5e5814f113e8d987dd024c0,proc::voice::train::00058,cea8824303b5dbcd9fc691f8ec91575294b6acb0ffedc3a2905cc7d2f17ab1c7,23684966,proc_voice_pulse_lpc,train,numpy_scipy_project_generator,NO,,,4.844000,16000,0.74602634,0.18735405,-0.00001617,0.00000000,
data/generated_v8/audio/train/voice/proc_voice_train_00058__codec_phase.wav,1,1,0,1,0,proc_train_speaker_88,proc_voice_codec_phase,project_procedural_v8,procedural_v8,,proc_voice_train_00058,proc::voice::train::00058,LOCAL:tools/procedural_audio_v8.py,procedural-v8.1,PROJECT_AUTHORED_PROCEDURAL_OUTPUT_NO_EXTERNAL_ASSETS,YES,YES_PROJECT_OWNED,NO_EXTERNAL_RESTRICTION,procedural_v8,aa643b285ef0ba40ef4e161e9d32a83e5a203b4ea5e5814f113e8d987dd024c0,proc::voice::train::00058,5d0e651c63f036bc1a753c6cbe71162032102fe781565a5231faa2f98b8fc480,23684966,proc_voice_codec_phase,train,numpy_scipy_project_generator,NO,,,4.844000,16000,0.88472706,0.20662452,0.00000463,0.00000000,
data/generated_v8/audio/train/voice/proc_voice_train_00059__additive_formant.wav,1,1,0,1,0,proc_train_speaker_89,proc_voice_additive_formant,project_procedural_v8,procedural_v8,,proc_voice_train_00059,proc::voice::train::00059,LOCAL:tools/procedural_audio_v8.py,procedural-v8.1,PROJECT_AUTHORED_PROCEDURAL_OUTPUT_NO_EXTERNAL_ASSETS,YES,YES_PROJECT_OWNED,NO_EXTERNAL_RESTRICTION,procedural_v8,f63bec9fb09dae897f823aca7b36ab84e0f089697489241c91af98eeca98e4f2,proc::voice::train::00059,7d767c0bbcaeb6f6ef8ed3dcbb990f822e26bc9c4849e168e168a80485ead976,23684967,proc_voice_additive_formant,train,numpy_scipy_project_generator,NO,,,5.228000,16000,0.85359466,0.19799748,0.00000355,0.00000000,
data/generated_v8/audio/train/voice/proc_voice_train_00059__pulse_lpc.wav,1,1,0,1,0,proc_train_speaker_89,proc_voice_pulse_lpc,project_procedural_v8,procedural_v8,,proc_voice_train_00059,proc::voice::train::00059,LOCAL:tools/procedural_audio_v8.py,procedural-v8.1,PROJECT_AUTHORED_PROCEDURAL_OUTPUT_NO_EXTERNAL_ASSETS,YES,YES_PROJECT_OWNED,NO_EXTERNAL_RESTRICTION,procedural_v8,f63bec9fb09dae897f823aca7b36ab84e0f089697489241c91af98eeca98e4f2,proc::voice::train::00059,3b13f0d804e50ccc3c229b175ad99213019c32b04f26ecda0cbe6e7d05da3bc9,23684967,proc_voice_pulse_lpc,train,numpy_scipy_project_generator,NO,,,5.228000,16000,0.76760268,0.26495950,-0.00001423,0.00000000,
data/generated_v8/audio/train/voice/proc_voice_train_00059__codec_phase.wav,1,1,0,1,0,proc_train_speaker_89,proc_voice_codec_phase,project_procedural_v8,procedural_v8,,proc_voice_train_00059,proc::voice::train::00059,LOCAL:tools/procedural_audio_v8.py,procedural-v8.1,PROJECT_AUTHORED_PROCEDURAL_OUTPUT_NO_EXTERNAL_ASSETS,YES,YES_PROJECT_OWNED,NO_EXTERNAL_RESTRICTION,procedural_v8,f63bec9fb09dae897f823aca7b36ab84e0f089697489241c91af98eeca98e4f2,proc::voice::train::00059,5d0a4af0b908389177741b9850b364dbc4e59ce3981e1802b05330d5d35ac33d,23684967,proc_voice_codec_phase,train,numpy_scipy_project_generator,NO,,,5.228000,16000,0.88480896,0.29574913,-0.00000747,0.00000000,
data/generated_v8/audio/train/voice/proc_voice_train_00060__additive_formant.wav,1,1,0,1,0,proc_train_speaker_90,proc_voice_additive_formant,project_procedural_v8,procedural_v8,,proc_voice_train_00060,proc::voice::train::00060,LOCAL:tools/procedural_audio_v8.py,procedural-v8.1,PROJECT_AUTHORED_PROCEDURAL_OUTPUT_NO_EXTERNAL_ASSETS,YES,YES_PROJECT_OWNED,NO_EXTERNAL_RESTRICTION,procedural_v8,87df694eb979040ebe52ca483dbf0028eeadfb448d838657a61a993b01684042,proc::voice::train::00060,985b4b9127f9db7349fcca092ea17c54fdc36406f124261c2be9b71e1ba11b1e,23684968,proc_voice_additive_formant,train,numpy_scipy_project_generator,NO,,,6.444000,16000,0.81783319,0.14884299,-0.00000305,0.00000000,
data/generated_v8/audio/train/voice/proc_voice_train_00060__pulse_lpc.wav,1,1,0,1,0,proc_train_speaker_90,proc_voice_pulse_lpc,project_procedural_v8,procedural_v8,,proc_voice_train_00060,proc::voice::train::00060,LOCAL:tools/procedural_audio_v8.py,procedural-v8.1,PROJECT_AUTHORED_PROCEDURAL_OUTPUT_NO_EXTERNAL_ASSETS,YES,YES_PROJECT_OWNED,NO_EXTERNAL_RESTRICTION,procedural_v8,87df694eb979040ebe52ca483dbf0028eeadfb448d838657a61a993b01684042,proc::voice::train::00060,981ff2be640b028434b71a2ef512593ad2443dfb80b0dc499fc662448a72e675,23684968,proc_voice_pulse_lpc,train,numpy_scipy_project_generator,NO,,,6.444000,16000,0.81478184,0.25506208,-0.00001731,0.00000000,
data/generated_v8/audio/train/voice/proc_voice_train_00060__codec_phase.wav,1,1,0,1,0,proc_train_speaker_90,proc_voice_codec_phase,project_procedural_v8,procedural_v8,,proc_voice_train_00060,proc::voice::train::00060,LOCAL:tools/procedural_audio_v8.py,procedural-v8.1,PROJECT_AUTHORED_PROCEDURAL_OUTPUT_NO_EXTERNAL_ASSETS,YES,YES_PROJECT_OWNED,NO_EXTERNAL_RESTRICTION,procedural_v8,87df694eb979040ebe52ca483dbf0028eeadfb448d838657a61a993b01684042,proc::voice::train::00060,d233b06cd33d91e4c87d7bfa7c887558f5a36dfee5dd4370b287e211f032b3be,23684968,proc_voice_codec_phase,train,numpy_scipy_project_generator,NO,,,6.444000,16000,0.86143714,0.26955072,-0.00001047,0.00000000,
data/generated_v8/audio/train/voice/proc_voice_train_00061__additive_formant.wav,1,1,0,1,0,proc_train_speaker_91,proc_voice_additive_formant,project_procedural_v8,procedural_v8,,proc_voice_train_00061,proc::voice::train::00061,LOCAL:tools/procedural_audio_v8.py,procedural-v8.1,PROJECT_AUTHORED_PROCEDURAL_OUTPUT_NO_EXTERNAL_ASSETS,YES,YES_PROJECT_OWNED,NO_EXTERNAL_RESTRICTION,procedural_v8,2aa5e769b1b6e5bc4b230afe89cadc8bc8b7521baa34916c5e22963a24204b73,proc::voice::train::00061,398707679856a13bdd5aa6570e2ac527f910c704f6dc231df2d4af0a8047f693,23684969,proc_voice_additive_formant,train,numpy_scipy_project_generator,NO,,,4.002000,16000,0.83771169,0.15197669,0.00000442,0.00000000,
data/generated_v8/audio/train/voice/proc_voice_train_00061__pulse_lpc.wav,1,1,0,1,0,proc_train_speaker_91,proc_voice_pulse_lpc,project_procedural_v8,procedural_v8,,proc_voice_train_00061,proc::voice::train::00061,LOCAL:tools/procedural_audio_v8.py,procedural-v8.1,PROJECT_AUTHORED_PROCEDURAL_OUTPUT_NO_EXTERNAL_ASSETS,YES,YES_PROJECT_OWNED,NO_EXTERNAL_RESTRICTION,procedural_v8,2aa5e769b1b6e5bc4b230afe89cadc8bc8b7521baa34916c5e22963a24204b73,proc::voice::train::00061,588e51df5467612c84e1506d1464df4bd72a4cfdf13267ccb1baa5b4f08b174a,23684969,proc_voice_pulse_lpc,train,numpy_scipy_project_generator,NO,,,4.002000,16000,0.83297378,0.23816309,-0.00001473,0.00000000,
data/generated_v8/audio/train/voice/proc_voice_train_00061__codec_phase.wav,1,1,0,1,0,proc_train_speaker_91,proc_voice_codec_phase,project_procedural_v8,procedural_v8,,proc_voice_train_00061,proc::voice::train::00061,LOCAL:tools/procedural_audio_v8.py,procedural-v8.1,PROJECT_AUTHORED_PROCEDURAL_OUTPUT_NO_EXTERNAL_ASSETS,YES,YES_PROJECT_OWNED,NO_EXTERNAL_RESTRICTION,procedural_v8,2aa5e769b1b6e5bc4b230afe89cadc8bc8b7521baa34916c5e22963a24204b73,proc::voice::train::00061,0a0363cb333b9dbb5757c7737f1b8256c7873d9291da87aae764a206bc4f6e1c,23684969,proc_voice_codec_phase,train,numpy_scipy_project_generator,NO,,,4.002000,16000,0.87199569,0.24535310,-0.00000777,0.00000000,
data/generated_v8/audio/train/voice/proc_voice_train_00062__additive_formant.wav,1,1,0,1,0,proc_train_speaker_92,proc_voice_additive_formant,project_procedural_v8,procedural_v8,,proc_voice_train_00062,proc::voice::train::00062,LOCAL:tools/procedural_audio_v8.py,procedural-v8.1,PROJECT_AUTHORED_PROCEDURAL_OUTPUT_NO_EXTERNAL_ASSETS,YES,YES_PROJECT_OWNED,NO_EXTERNAL_RESTRICTION,procedural_v8,418e086220649765dff606698821b44e4c704665b3548f9cc47541bede7d0447,proc::voice::train::00062,8327f7ad14facee9f9362b9a372c6467f68f4e7815194f99324efa0f8f2dd70c,23684970,proc_voice_additive_formant,train,numpy_scipy_project_generator,NO,,,6.238000,16000,0.87337279,0.18969090,-0.00000058,0.00000000,
data/generated_v8/audio/train/voice/proc_voice_train_00062__pulse_lpc.wav,1,1,0,1,0,proc_train_speaker_92,proc_voice_pulse_lpc,project_procedural_v8,procedural_v8,,proc_voice_train_00062,proc::voice::train::00062,LOCAL:tools/procedural_audio_v8.py,procedural-v8.1,PROJECT_AUTHORED_PROCEDURAL_OUTPUT_NO_EXTERNAL_ASSETS,YES,YES_PROJECT_OWNED,NO_EXTERNAL_RESTRICTION,procedural_v8,418e086220649765dff606698821b44e4c704665b3548f9cc47541bede7d0447,proc::voice::train::00062,7a94fb604c77bed5eecbb8ee4b246dd2559e039410d3da3d5a43469f17474570,23684970,proc_voice_pulse_lpc,train,numpy_scipy_project_generator,NO,,,6.238000,16000,0.79983115,0.26000785,-0.00001636,0.00000000,
data/generated_v8/audio/train/voice/proc_voice_train_00062__codec_phase.wav,1,1,0,1,0,proc_train_speaker_92,proc_voice_codec_phase,project_procedural_v8,procedural_v8,,proc_voice_train_00062,proc::voice::train::00062,LOCAL:tools/procedural_audio_v8.py,procedural-v8.1,PROJECT_AUTHORED_PROCEDURAL_OUTPUT_NO_EXTERNAL_ASSETS,YES,YES_PROJECT_OWNED,NO_EXTERNAL_RESTRICTION,procedural_v8,418e086220649765dff606698821b44e4c704665b3548f9cc47541bede7d0447,proc::voice::train::00062,d1f054f34464785ed90987cdd1112834559a6d354a0527b6b59523855d6a0067,23684970,proc_voice_codec_phase,train,numpy_scipy_project_generator,NO,,,6.238000,16000,0.89566505,0.28901955,-0.00001408,0.00000000,
data/generated_v8/audio/train/voice/proc_voice_train_00063__additive_formant.wav,1,1,0,1,0,proc_train_speaker_93,proc_voice_additive_formant,project_procedural_v8,procedural_v8,,proc_voice_train_00063,proc::voice::train::00063,LOCAL:tools/procedural_audio_v8.py,procedural-v8.1,PROJECT_AUTHORED_PROCEDURAL_OUTPUT_NO_EXTERNAL_ASSETS,YES,YES_PROJECT_OWNED,NO_EXTERNAL_RESTRICTION,procedural_v8,f83a238a965ae180f14710b0e8475815f2517f1fa17fb6fea376b1e93db01169,proc::voice::train::00063,ec235dd09ff99016daaadfbe57db167edce4cca60f0e5e422524476371491881,23684971,proc_voice_additive_formant,train,numpy_scipy_project_generator,NO,,,3.557000,16000,0.85394025,0.16362361,0.00000365,0.00000000,
data/generated_v8/audio/train/voice/proc_voice_train_00063__pulse_lpc.wav,1,1,0,1,0,proc_train_speaker_93,proc_voice_pulse_lpc,project_procedural_v8,procedural_v8,,proc_voice_train_00063,proc::voice::train::00063,LOCAL:tools/procedural_audio_v8.py,procedural-v8.1,PROJECT_AUTHORED_PROCEDURAL_OUTPUT_NO_EXTERNAL_ASSETS,YES,YES_PROJECT_OWNED,NO_EXTERNAL_RESTRICTION,procedural_v8,f83a238a965ae180f14710b0e8475815f2517f1fa17fb6fea376b1e93db01169,proc::voice::train::00063,662181c33979480e853464fdd3d7e5f40ed57231d084d3498b8a232cdd76ee84,23684971,proc_voice_pulse_lpc,train,numpy_scipy_project_generator,NO,,,3.557000,16000,0.83268303,0.25118763,-0.00002129,0.00000000,
data/generated_v8/audio/train/voice/proc_voice_train_00063__codec_phase.wav,1,1,0,1,0,proc_train_speaker_93,proc_voice_codec_phase,project_procedural_v8,procedural_v8,,proc_voice_train_00063,proc::voice::train::00063,LOCAL:tools/procedural_audio_v8.py,procedural-v8.1,PROJECT_AUTHORED_PROCEDURAL_OUTPUT_NO_EXTERNAL_ASSETS,YES,YES_PROJECT_OWNED,NO_EXTERNAL_RESTRICTION,procedural_v8,f83a238a965ae180f14710b0e8475815f2517f1fa17fb6fea376b1e93db01169,proc::voice::train::00063,a4b0a559c45fd486a5dc4410b510a912b7e73f853a2b08d2431fa21d993eee06,23684971,proc_voice_codec_phase,train,numpy_scipy_project_generator,NO,,,3.557000,16000,0.84075242,0.24898798,-0.00000998,0.00000000,
data/generated_v8/audio/train/voice/proc_voice_train_00064__additive_formant.wav,1,1,0,1,0,proc_train_speaker_94,proc_voice_additive_formant,project_procedural_v8,procedural_v8,,proc_voice_train_00064,proc::voice::train::00064,LOCAL:tools/procedural_audio_v8.py,procedural-v8.1,PROJECT_AUTHORED_PROCEDURAL_OUTPUT_NO_EXTERNAL_ASSETS,YES,YES_PROJECT_OWNED,NO_EXTERNAL_RESTRICTION,procedural_v8,8f4aeb20a82dba40b59b0029f7c689721f7ab12cd8d9eb7ac08ea14e492515ab,proc::voice::train::00064,1e2649a08a8d4e90bc711cc7dd15c32488eb4229041bc7d5ba04e7ce28017c93,23684972,proc_voice_additive_formant,train,numpy_scipy_project_generator,NO,,,4.950000,16000,0.86747259,0.17746632,0.00000399,0.00000000,
data/generated_v8/audio/train/voice/proc_voice_train_00064__pulse_lpc.wav,1,1,0,1,0,proc_train_speaker_94,proc_voice_pulse_lpc,project_procedural_v8,procedural_v8,,proc_voice_train_00064,proc::voice::train::00064,LOCAL:tools/procedural_audio_v8.py,procedural-v8.1,PROJECT_AUTHORED_PROCEDURAL_OUTPUT_NO_EXTERNAL_ASSETS,YES,YES_PROJECT_OWNED,NO_EXTERNAL_RESTRICTION,procedural_v8,8f4aeb20a82dba40b59b0029f7c689721f7ab12cd8d9eb7ac08ea14e492515ab,proc::voice::train::00064,8a36d6054fb7f963298e29233a341bcececd70e60d8397fd8a35bac0dfa8f245,23684972,proc_voice_pulse_lpc,train,numpy_scipy_project_generator,NO,,,4.950000,16000,0.84114552,0.24935567,-0.00001307,0.00000000,
data/generated_v8/audio/train/voice/proc_voice_train_00064__codec_phase.wav,1,1,0,1,0,proc_train_speaker_94,proc_voice_codec_phase,project_procedural_v8,procedural_v8,,proc_voice_train_00064,proc::voice::train::00064,LOCAL:tools/procedural_audio_v8.py,procedural-v8.1,PROJECT_AUTHORED_PROCEDURAL_OUTPUT_NO_EXTERNAL_ASSETS,YES,YES_PROJECT_OWNED,NO_EXTERNAL_RESTRICTION,procedural_v8,8f4aeb20a82dba40b59b0029f7c689721f7ab12cd8d9eb7ac08ea14e492515ab,proc::voice::train::00064,6a9c202fa42f994a94f6c522726d6f91fcf64229739ab8751d0e693f0dba4ede,23684972,proc_voice_codec_phase,train,numpy_scipy_project_generator,NO,,,4.950000,16000,0.90321892,0.24136108,-0.00000395,0.00000000,
data/generated_v8/audio/train/voice/proc_voice_train_00065__additive_formant.wav,1,1,0,1,0,proc_train_speaker_95,proc_voice_additive_formant,project_procedural_v8,procedural_v8,,proc_voice_train_00065,proc::voice::train::00065,LOCAL:tools/procedural_audio_v8.py,procedural-v8.1,PROJECT_AUTHORED_PROCEDURAL_OUTPUT_NO_EXTERNAL_ASSETS,YES,YES_PROJECT_OWNED,NO_EXTERNAL_RESTRICTION,procedural_v8,fd1ef53a62ebedf73ed929035314472d54ae319a27357a1605b7159022a2d527,proc::voice::train::00065,252f83479c64d423a53a7c0d514d05bf97dea6f4c725cd23540e470c5fcea411,23684973,proc_voice_additive_formant,train,numpy_scipy_project_generator,NO,,,5.566000,16000,0.76053172,0.11929452,-0.00000008,0.00000000,
data/generated_v8/audio/train/voice/proc_voice_train_00065__pulse_lpc.wav,1,1,0,1,0,proc_train_speaker_95,proc_voice_pulse_lpc,project_procedural_v8,procedural_v8,,proc_voice_train_00065,proc::voice::train::00065,LOCAL:tools/procedural_audio_v8.py,procedural-v8.1,PROJECT_AUTHORED_PROCEDURAL_OUTPUT_NO_EXTERNAL_ASSETS,YES,YES_PROJECT_OWNED,NO_EXTERNAL_RESTRICTION,procedural_v8,fd1ef53a62ebedf73ed929035314472d54ae319a27357a1605b7159022a2d527,proc::voice::train::00065,03849a68a958c4c8690d8f7d898c3c7c3084ed93bc8fcc266f14e9691f9744cf,23684973,proc_voice_pulse_lpc,train,numpy_scipy_project_generator,NO,,,5.566000,16000,0.80466741,0.19824186,-0.00000717,0.00000000,
data/generated_v8/audio/train/voice/proc_voice_train_00065__codec_phase.wav,1,1,0,1,0,proc_train_speaker_95,proc_voice_codec_phase,project_procedural_v8,procedural_v8,,proc_voice_train_00065,proc::voice::train::00065,LOCAL:tools/procedural_audio_v8.py,procedural-v8.1,PROJECT_AUTHORED_PROCEDURAL_OUTPUT_NO_EXTERNAL_ASSETS,YES,YES_PROJECT_OWNED,NO_EXTERNAL_RESTRICTION,procedural_v8,fd1ef53a62ebedf73ed929035314472d54ae319a27357a1605b7159022a2d527,proc::voice::train::00065,648e76472315df36005dd09298d313812a3e721dcd250a0985be2aff3517255c,23684973,proc_voice_codec_phase,train,numpy_scipy_project_generator,NO,,,5.566000,16000,0.75082415,0.16999761,-0.00000245,0.00000000,
data/generated_v8/audio/train/voice/proc_voice_train_00066__additive_formant.wav,1,1,0,1,0,proc_train_speaker_96,proc_voice_additive_formant,project_procedural_v8,procedural_v8,,proc_voice_train_00066,proc::voice::train::00066,LOCAL:tools/procedural_audio_v8.py,procedural-v8.1,PROJECT_AUTHORED_PROCEDURAL_OUTPUT_NO_EXTERNAL_ASSETS,YES,YES_PROJECT_OWNED,NO_EXTERNAL_RESTRICTION,procedural_v8,da5b2fac381a0c70883e4151805f2baa9a932b92013469225541d14d2c9f029e,proc::voice::train::00066,570258b0cdd2a9a152ab7b01a765a1153e7994e17dc0b62d9fbbf71c56075513,23684974,proc_voice_additive_formant,train,numpy_scipy_project_generator,NO,,,5.577000,16000,0.84332234,0.18389223,-0.00000076,0.00000000,
data/generated_v8/audio/train/voice/proc_voice_train_00066__pulse_lpc.wav,1,1,0,1,0,proc_train_speaker_96,proc_voice_pulse_lpc,project_procedural_v8,procedural_v8,,proc_voice_train_00066,proc::voice::train::00066,LOCAL:tools/procedural_audio_v8.py,procedural-v8.1,PROJECT_AUTHORED_PROCEDURAL_OUTPUT_NO_EXTERNAL_ASSETS,YES,YES_PROJECT_OWNED,NO_EXTERNAL_RESTRICTION,procedural_v8,da5b2fac381a0c70883e4151805f2baa9a932b92013469225541d14d2c9f029e,proc::voice::train::00066,7398ab5a8637b70b912360c4cd0270393a2dff1245c6668672b27bb3c545268e,23684974,proc_voice_pulse_lpc,train,numpy_scipy_project_generator,NO,,,5.577000,16000,0.90706134,0.26706772,-0.00000668,0.00000000,
data/generated_v8/audio/train/voice/proc_voice_train_00066__codec_phase.wav,1,1,0,1,0,proc_train_speaker_96,proc_voice_codec_phase,project_procedural_v8,procedural_v8,,proc_voice_train_00066,proc::voice::train::00066,LOCAL:tools/procedural_audio_v8.py,procedural-v8.1,PROJECT_AUTHORED_PROCEDURAL_OUTPUT_NO_EXTERNAL_ASSETS,YES,YES_PROJECT_OWNED,NO_EXTERNAL_RESTRICTION,procedural_v8,da5b2fac381a0c70883e4151805f2baa9a932b92013469225541d14d2c9f029e,proc::voice::train::00066,0c501a04bf00f43b9fd0babd54edc478e3f70f52b47da73fc566a7e5eea29c1d,23684974,proc_voice_codec_phase,train,numpy_scipy_project_generator,NO,,,5.577000,16000,0.81499016,0.19810704,-0.00000091,0.00000000,
data/generated_v8/audio/train/voice/proc_voice_train_00067__additive_formant.wav,1,1,0,1,0,proc_train_speaker_00,proc_voice_additive_formant,project_procedural_v8,procedural_v8,,proc_voice_train_00067,proc::voice::train::00067,LOCAL:tools/procedural_audio_v8.py,procedural-v8.1,PROJECT_AUTHORED_PROCEDURAL_OUTPUT_NO_EXTERNAL_ASSETS,YES,YES_PROJECT_OWNED,NO_EXTERNAL_RESTRICTION,procedural_v8,3be96b86203154c9ac612b0840600de3e74c36042c3126059bb35371fa234f11,proc::voice::train::00067,557c92ad3b35cf9441013064b33a77969e8f82cc69f660fccf5d35fa3a77fee4,23684975,proc_voice_additive_formant,train,numpy_scipy_project_generator,NO,,,7.112000,16000,0.77814722,0.12055737,0.00000032,0.00000000,
data/generated_v8/audio/train/voice/proc_voice_train_00067__pulse_lpc.wav,1,1,0,1,0,proc_train_speaker_00,proc_voice_pulse_lpc,project_procedural_v8,procedural_v8,,proc_voice_train_00067,proc::voice::train::00067,LOCAL:tools/procedural_audio_v8.py,procedural-v8.1,PROJECT_AUTHORED_PROCEDURAL_OUTPUT_NO_EXTERNAL_ASSETS,YES,YES_PROJECT_OWNED,NO_EXTERNAL_RESTRICTION,procedural_v8,3be96b86203154c9ac612b0840600de3e74c36042c3126059bb35371fa234f11,proc::voice::train::00067,8b348a11142ebc29986a1fcada6d966d0f526aefe263bf441cd7b486ea900621,23684975,proc_voice_pulse_lpc,train,numpy_scipy_project_generator,NO,,,7.112000,16000,0.85133159,0.22138679,-0.00000544,0.00000000,
data/generated_v8/audio/train/voice/proc_voice_train_00067__codec_phase.wav,1,1,0,1,0,proc_train_speaker_00,proc_voice_codec_phase,project_procedural_v8,procedural_v8,,proc_voice_train_00067,proc::voice::train::00067,LOCAL:tools/procedural_audio_v8.py,procedural-v8.1,PROJECT_AUTHORED_PROCEDURAL_OUTPUT_NO_EXTERNAL_ASSETS,YES,YES_PROJECT_OWNED,NO_EXTERNAL_RESTRICTION,procedural_v8,3be96b86203154c9ac612b0840600de3e74c36042c3126059bb35371fa234f11,proc::voice::train::00067,79e0d47c08d031ffff0e1e3fb9d76b65e904c97ee7b908b6e5f4193c7408b324,23684975,proc_voice_codec_phase,train,numpy_scipy_project_generator,NO,,,7.112000,16000,0.86842656,0.21977402,-0.00000323,0.00000000,
data/generated_v8/audio/train/voice/proc_voice_train_00068__additive_formant.wav,1,1,0,1,0,proc_train_speaker_01,proc_voice_additive_formant,project_procedural_v8,procedural_v8,,proc_voice_train_00068,proc::voice::train::00068,LOCAL:tools/procedural_audio_v8.py,procedural-v8.1,PROJECT_AUTHORED_PROCEDURAL_OUTPUT_NO_EXTERNAL_ASSETS,YES,YES_PROJECT_OWNED,NO_EXTERNAL_RESTRICTION,procedural_v8,9f54ec1f135993fd4a6aec7005ae67571939ee84a3cfe945b35be6928b82b76c,proc::voice::train::00068,b6039afcf03630f64f84442b70f17edb17321892d6a21a97c56cbaeb45bd2eac,23684976,proc_voice_additive_formant,train,numpy_scipy_project_generator,NO,,,5.931000,16000,0.88013321,0.19128200,0.00000028,0.00000000,
data/generated_v8/audio/train/voice/proc_voice_train_00068__pulse_lpc.wav,1,1,0,1,0,proc_train_speaker_01,proc_voice_pulse_lpc,project_procedural_v8,procedural_v8,,proc_voice_train_00068,proc::voice::train::00068,LOCAL:tools/procedural_audio_v8.py,procedural-v8.1,PROJECT_AUTHORED_PROCEDURAL_OUTPUT_NO_EXTERNAL_ASSETS,YES,YES_PROJECT_OWNED,NO_EXTERNAL_RESTRICTION,procedural_v8,9f54ec1f135993fd4a6aec7005ae67571939ee84a3cfe945b35be6928b82b76c,proc::voice::train::00068,015047b7525113176dbe30dfaea8233c741686052df3e9e4fb4c6562202f65f0,23684976,proc_voice_pulse_lpc,train,numpy_scipy_project_generator,NO,,,5.931000,16000,0.90077883,0.26395078,-0.00000975,0.00000000,
data/generated_v8/audio/train/voice/proc_voice_train_00068__codec_phase.wav,1,1,0,1,0,proc_train_speaker_01,proc_voice_codec_phase,project_procedural_v8,procedural_v8,,proc_voice_train_00068,proc::voice::train::00068,LOCAL:tools/procedural_audio_v8.py,procedural-v8.1,PROJECT_AUTHORED_PROCEDURAL_OUTPUT_NO_EXTERNAL_ASSETS,YES,YES_PROJECT_OWNED,NO_EXTERNAL_RESTRICTION,procedural_v8,9f54ec1f135993fd4a6aec7005ae67571939ee84a3cfe945b35be6928b82b76c,proc::voice::train::00068,ab7233fde90cd5ceb47d95f4061ebc55a26a5b436d0f9ae95882c6f563bb07b1,23684976,proc_voice_codec_phase,train,numpy_scipy_project_generator,NO,,,5.931000,16000,0.90398002,0.24188998,-0.00000203,0.00000000,
data/generated_v8/audio/train/voice/proc_voice_train_00069__additive_formant.wav,1,1,0,1,0,proc_train_speaker_02,proc_voice_additive_formant,project_procedural_v8,procedural_v8,,proc_voice_train_00069,proc::voice::train::00069,LOCAL:tools/procedural_audio_v8.py,procedural-v8.1,PROJECT_AUTHORED_PROCEDURAL_OUTPUT_NO_EXTERNAL_ASSETS,YES,YES_PROJECT_OWNED,NO_EXTERNAL_RESTRICTION,procedural_v8,fd17b7b6fad92d463af5944a72f306221747c0c0aa1c93851079eb9b1f54df70,proc::voice::train::00069,2e8d352a44ee4ee133eaa6da50bda002e408d393e26f342370d56e94c237e5fe,23684977,proc_voice_additive_formant,train,numpy_scipy_project_generator,NO,,,5.521000,16000,0.89149356,0.17391693,-0.00000028,0.00000000,
data/generated_v8/audio/train/voice/proc_voice_train_00069__pulse_lpc.wav,1,1,0,1,0,proc_train_speaker_02,proc_voice_pulse_lpc,project_procedural_v8,procedural_v8,,proc_voice_train_00069,proc::voice::train::00069,LOCAL:tools/procedural_audio_v8.py,procedural-v8.1,PROJECT_AUTHORED_PROCEDURAL_OUTPUT_NO_EXTERNAL_ASSETS,YES,YES_PROJECT_OWNED,NO_EXTERNAL_RESTRICTION,procedural_v8,fd17b7b6fad92d463af5944a72f306221747c0c0aa1c93851079eb9b1f54df70,proc::voice::train::00069,f4f1b2d1077f4cdb75659e6f3b4ddfb9f8b9c566b862906b1bf1b75243a84a72,23684977,proc_voice_pulse_lpc,train,numpy_scipy_project_generator,NO,,,5.521000,16000,0.80893791,0.18859932,-0.00000415,0.00000000,
data/generated_v8/audio/train/voice/proc_voice_train_00069__codec_phase.wav,1,1,0,1,0,proc_train_speaker_02,proc_voice_codec_phase,project_procedural_v8,procedural_v8,,proc_voice_train_00069,proc::voice::train::00069,LOCAL:tools/procedural_audio_v8.py,procedural-v8.1,PROJECT_AUTHORED_PROCEDURAL_OUTPUT_NO_EXTERNAL_ASSETS,YES,YES_PROJECT_OWNED,NO_EXTERNAL_RESTRICTION,procedural_v8,fd17b7b6fad92d463af5944a72f306221747c0c0aa1c93851079eb9b1f54df70,proc::voice::train::00069,39f2203459300c4258e5e1744aac998ea02b1f537910b8f79165084c4167944c,23684977,proc_voice_codec_phase,train,numpy_scipy_project_generator,NO,,,5.521000,16000,0.88218391,0.16797542,-0.00000065,0.00000000,
data/generated_v8/audio/train/voice/proc_voice_train_00070__additive_formant.wav,1,1,0,1,0,proc_train_speaker_03,proc_voice_additive_formant,project_procedural_v8,procedural_v8,,proc_voice_train_00070,proc::voice::train::00070,LOCAL:tools/procedural_audio_v8.py,procedural-v8.1,PROJECT_AUTHORED_PROCEDURAL_OUTPUT_NO_EXTERNAL_ASSETS,YES,YES_PROJECT_OWNED,NO_EXTERNAL_RESTRICTION,procedural_v8,a6fb8f08423f8672409216533abb129f08222c94521b0dad03a9c35663dc9ff7,proc::voice::train::00070,66ebf87dfbd599a75881af0283c95d53dfab450f8354c748a4ad35f378e08640,23684978,proc_voice_additive_formant,train,numpy_scipy_project_generator,NO,,,7.122000,16000,0.90064389,0.18433790,-0.00000035,0.00000000,
data/generated_v8/audio/train/voice/proc_voice_train_00070__pulse_lpc.wav,1,1,0,1,0,proc_train_speaker_03,proc_voice_pulse_lpc,project_procedural_v8,procedural_v8,,proc_voice_train_00070,proc::voice::train::00070,LOCAL:tools/procedural_audio_v8.py,procedural-v8.1,PROJECT_AUTHORED_PROCEDURAL_OUTPUT_NO_EXTERNAL_ASSETS,YES,YES_PROJECT_OWNED,NO_EXTERNAL_RESTRICTION,procedural_v8,a6fb8f08423f8672409216533abb129f08222c94521b0dad03a9c35663dc9ff7,proc::voice::train::00070,0391e0dd0614d641b1c3db2152e0ecc86aabcede148ffc5f2b20b17159413f71,23684978,proc_voice_pulse_lpc,train,numpy_scipy_project_generator,NO,,,7.122000,16000,0.80761868,0.23128509,-0.00000615,0.00000000,
data/generated_v8/audio/train/voice/proc_voice_train_00070__codec_phase.wav,1,1,0,1,0,proc_train_speaker_03,proc_voice_codec_phase,project_procedural_v8,procedural_v8,,proc_voice_train_00070,proc::voice::train::00070,LOCAL:tools/procedural_audio_v8.py,procedural-v8.1,PROJECT_AUTHORED_PROCEDURAL_OUTPUT_NO_EXTERNAL_ASSETS,YES,YES_PROJECT_OWNED,NO_EXTERNAL_RESTRICTION,procedural_v8,a6fb8f08423f8672409216533abb129f08222c94521b0dad03a9c35663dc9ff7,proc::voice::train::00070,df6c153d29d8221d761fae5a8c90644db6e11e215fcbbfb44efd5d59d39e443c,23684978,proc_voice_codec_phase,train,numpy_scipy_project_generator,NO,,,7.122000,16000,0.88946491,0.22650329,-0.00000268,0.00000000,
data/generated_v8/audio/train/voice/proc_voice_train_00071__additive_formant.wav,1,1,0,1,0,proc_train_speaker_04,proc_voice_additive_formant,project_procedural_v8,procedural_v8,,proc_voice_train_00071,proc::voice::train::00071,LOCAL:tools/procedural_audio_v8.py,procedural-v8.1,PROJECT_AUTHORED_PROCEDURAL_OUTPUT_NO_EXTERNAL_ASSETS,YES,YES_PROJECT_OWNED,NO_EXTERNAL_RESTRICTION,procedural_v8,bab14acc6b868c6d85e3b0ea80764bf6c5e19e2349ecb3bdff8a26bd0f07d4b9,proc::voice::train::00071,11e3f7b1adbc917440e033e25c890730cd8b6b60fe5f12f1eac504c80adb4ca9,23684979,proc_voice_additive_formant,train,numpy_scipy_project_generator,NO,,,4.312000,16000,0.74386591,0.13461441,-0.00000133,0.00000000,
data/generated_v8/audio/train/voice/proc_voice_train_00071__pulse_lpc.wav,1,1,0,1,0,proc_train_speaker_04,proc_voice_pulse_lpc,project_procedural_v8,procedural_v8,,proc_voice_train_00071,proc::voice::train::00071,LOCAL:tools/procedural_audio_v8.py,procedural-v8.1,PROJECT_AUTHORED_PROCEDURAL_OUTPUT_NO_EXTERNAL_ASSETS,YES,YES_PROJECT_OWNED,NO_EXTERNAL_RESTRICTION,procedural_v8,bab14acc6b868c6d85e3b0ea80764bf6c5e19e2349ecb3bdff8a26bd0f07d4b9,proc::voice::train::00071,09cc9b148ceee64bf1cc93521bf733e2f7e53533833d91c6021c76a5be5c3541,23684979,proc_voice_pulse_lpc,train,numpy_scipy_project_generator,NO,,,4.312000,16000,0.72362447,0.20433014,-0.00001852,0.00000000,
data/generated_v8/audio/train/voice/proc_voice_train_00071__codec_phase.wav,1,1,0,1,0,proc_train_speaker_04,proc_voice_codec_phase,project_procedural_v8,procedural_v8,,proc_voice_train_00071,proc::voice::train::00071,LOCAL:tools/procedural_audio_v8.py,procedural-v8.1,PROJECT_AUTHORED_PROCEDURAL_OUTPUT_NO_EXTERNAL_ASSETS,YES,YES_PROJECT_OWNED,NO_EXTERNAL_RESTRICTION,procedural_v8,bab14acc6b868c6d85e3b0ea80764bf6c5e19e2349ecb3bdff8a26bd0f07d4b9,proc::voice::train::00071,730f3a549f3197fcbf32e730962883a711fd72a95ce2a5a3dcd5a5add2b93001,23684979,proc_voice_codec_phase,train,numpy_scipy_project_generator,NO,,,4.312000,16000,0.78914762,0.22665204,-0.00001149,0.00000000,
data/generated_v8/audio/train/voice/proc_voice_train_00072__additive_formant.wav,1,1,0,1,0,proc_train_speaker_05,proc_voice_additive_formant,project_procedural_v8,procedural_v8,,proc_voice_train_00072,proc::voice::train::00072,LOCAL:tools/procedural_audio_v8.py,procedural-v8.1,PROJECT_AUTHORED_PROCEDURAL_OUTPUT_NO_EXTERNAL_ASSETS,YES,YES_PROJECT_OWNED,NO_EXTERNAL_RESTRICTION,procedural_v8,7d6ad371d781a6057352544c7a1948bc07d833b614f8dc37f4201a611a69b6c4,proc::voice::train::00072,986ae428244f857094308876160c79cd5a4333a921ffdbb9014ba9eb8c0b5c30,23684980,proc_voice_additive_formant,train,numpy_scipy_project_generator,NO,,,4.404000,16000,0.74336350,0.09737017,0.00000038,0.00000000,
data/generated_v8/audio/train/voice/proc_voice_train_00072__pulse_lpc.wav,1,1,0,1,0,proc_train_speaker_05,proc_voice_pulse_lpc,project_procedural_v8,procedural_v8,,proc_voice_train_00072,proc::voice::train::00072,LOCAL:tools/procedural_audio_v8.py,procedural-v8.1,PROJECT_AUTHORED_PROCEDURAL_OUTPUT_NO_EXTERNAL_ASSETS,YES,YES_PROJECT_OWNED,NO_EXTERNAL_RESTRICTION,procedural_v8,7d6ad371d781a6057352544c7a1948bc07d833b614f8dc37f4201a611a69b6c4,proc::voice::train::00072,d6d80d11287c68a3258a1ad85dbe2931257508b5751e0b9bfa6f6c1d395e47b5,23684980,proc_voice_pulse_lpc,train,numpy_scipy_project_generator,NO,,,4.404000,16000,0.89986253,0.22468415,-0.00001157,0.00000000,
data/generated_v8/audio/train/voice/proc_voice_train_00072__codec_phase.wav,1,1,0,1,0,proc_train_speaker_05,proc_voice_codec_phase,project_procedural_v8,procedural_v8,,proc_voice_train_00072,proc::voice::train::00072,LOCAL:tools/procedural_audio_v8.py,procedural-v8.1,PROJECT_AUTHORED_PROCEDURAL_OUTPUT_NO_EXTERNAL_ASSETS,YES,YES_PROJECT_OWNED,NO_EXTERNAL_RESTRICTION,procedural_v8,7d6ad371d781a6057352544c7a1948bc07d833b614f8dc37f4201a611a69b6c4,proc::voice::train::00072,ee41be07be9b3560284d126b0031f3e8f793752c8f81c8f1c8c764f2fd367331,23684980,proc_voice_codec_phase,train,numpy_scipy_project_generator,NO,,,4.404000,16000,0.85985345,0.20774140,-0.00000568,0.00000000,
data/generated_v8/audio/train/voice/proc_voice_train_00073__additive_formant.wav,1,1,0,1,0,proc_train_speaker_06,proc_voice_additive_formant,project_procedural_v8,procedural_v8,,proc_voice_train_00073,proc::voice::train::00073,LOCAL:tools/procedural_audio_v8.py,procedural-v8.1,PROJECT_AUTHORED_PROCEDURAL_OUTPUT_NO_EXTERNAL_ASSETS,YES,YES_PROJECT_OWNED,NO_EXTERNAL_RESTRICTION,procedural_v8,7f0f1f293448a0f524970c582936af11573c333f58507a130f1637bd0e4495e1,proc::voice::train::00073,2ec95840c2edfa78ff9cd8096421394b93781c7a9a1b0bb9dc79c7d835729cb1,23684981,proc_voice_additive_formant,train,numpy_scipy_project_generator,NO,,,4.963000,16000,0.78323567,0.13160877,0.00000072,0.00000000,
data/generated_v8/audio/train/voice/proc_voice_train_00073__pulse_lpc.wav,1,1,0,1,0,proc_train_speaker_06,proc_voice_pulse_lpc,project_procedural_v8,procedural_v8,,proc_voice_train_00073,proc::voice::train::00073,LOCAL:tools/procedural_audio_v8.py,procedural-v8.1,PROJECT_AUTHORED_PROCEDURAL_OUTPUT_NO_EXTERNAL_ASSETS,YES,YES_PROJECT_OWNED,NO_EXTERNAL_RESTRICTION,procedural_v8,7f0f1f293448a0f524970c582936af11573c333f58507a130f1637bd0e4495e1,proc::voice::train::00073,4fd4004d4d7ccd6288ad73f7c0958963b8f07351752ef67158b3467e6de17b1c,23684981,proc_voice_pulse_lpc,train,numpy_scipy_project_generator,NO,,,4.963000,16000,0.83822078,0.19658571,-0.00000552,0.00000000,
data/generated_v8/audio/train/voice/proc_voice_train_00073__codec_phase.wav,1,1,0,1,0,proc_train_speaker_06,proc_voice_codec_phase,project_procedural_v8,procedural_v8,,proc_voice_train_00073,proc::voice::train::00073,LOCAL:tools/procedural_audio_v8.py,procedural-v8.1,PROJECT_AUTHORED_PROCEDURAL_OUTPUT_NO_EXTERNAL_ASSETS,YES,YES_PROJECT_OWNED,NO_EXTERNAL_RESTRICTION,procedural_v8,7f0f1f293448a0f524970c582936af11573c333f58507a130f1637bd0e4495e1,proc::voice::train::00073,76135e11a222c8f74c8536e1bf216c7699ec94cfa12638624af6f06f8b13ccda,23684981,proc_voice_codec_phase,train,numpy_scipy_project_generator,NO,,,4.963000,16000,0.88086605,0.16627380,0.00000093,0.00000000,
data/generated_v8/audio/train/voice/proc_voice_train_00074__additive_formant.wav,1,1,0,1,0,proc_train_speaker_07,proc_voice_additive_formant,project_procedural_v8,procedural_v8,,proc_voice_train_00074,proc::voice::train::00074,LOCAL:tools/procedural_audio_v8.py,procedural-v8.1,PROJECT_AUTHORED_PROCEDURAL_OUTPUT_NO_EXTERNAL_ASSETS,YES,YES_PROJECT_OWNED,NO_EXTERNAL_RESTRICTION,procedural_v8,cdc732a03ba1e94f50ab10449a58711e34250769b22ab70a4d74ca327111fec6,proc::voice::train::00074,1f1a8bdb05692b6150d2c83da7b505a38626467e54f947267546f5620da686b6,23684982,proc_voice_additive_formant,train,numpy_scipy_project_generator,NO,,,4.398000,16000,0.79227585,0.20522921,0.00000494,0.00000000,
data/generated_v8/audio/train/voice/proc_voice_train_00074__pulse_lpc.wav,1,1,0,1,0,proc_train_speaker_07,proc_voice_pulse_lpc,project_procedural_v8,procedural_v8,,proc_voice_train_00074,proc::voice::train::00074,LOCAL:tools/procedural_audio_v8.py,procedural-v8.1,PROJECT_AUTHORED_PROCEDURAL_OUTPUT_NO_EXTERNAL_ASSETS,YES,YES_PROJECT_OWNED,NO_EXTERNAL_RESTRICTION,procedural_v8,cdc732a03ba1e94f50ab10449a58711e34250769b22ab70a4d74ca327111fec6,proc::voice::train::00074,140ed1760d0553a32b24fa7f690ea283c7856c4273a4080a6051be78d4708bb8,23684982,proc_voice_pulse_lpc,train,numpy_scipy_project_generator,NO,,,4.398000,16000,0.73471040,0.22619519,-0.00001044,0.00000000,
data/generated_v8/audio/train/voice/proc_voice_train_00074__codec_phase.wav,1,1,0,1,0,proc_train_speaker_07,proc_voice_codec_phase,project_procedural_v8,procedural_v8,,proc_voice_train_00074,proc::voice::train::00074,LOCAL:tools/procedural_audio_v8.py,procedural-v8.1,PROJECT_AUTHORED_PROCEDURAL_OUTPUT_NO_EXTERNAL_ASSETS,YES,YES_PROJECT_OWNED,NO_EXTERNAL_RESTRICTION,procedural_v8,cdc732a03ba1e94f50ab10449a58711e34250769b22ab70a4d74ca327111fec6,proc::voice::train::00074,f149fafc65e13a9165faa3629fce19dae665ce965205e5c84f27aa1c2f12fce3,23684982,proc_voice_codec_phase,train,numpy_scipy_project_generator,NO,,,4.398000,16000,0.84943128,0.23103927,-0.00000587,0.00000000,
data/generated_v8/audio/train/voice/proc_voice_train_00075__additive_formant.wav,1,1,0,1,0,proc_train_speaker_08,proc_voice_additive_formant,project_procedural_v8,procedural_v8,,proc_voice_train_00075,proc::voice::train::00075,LOCAL:tools/procedural_audio_v8.py,procedural-v8.1,PROJECT_AUTHORED_PROCEDURAL_OUTPUT_NO_EXTERNAL_ASSETS,YES,YES_PROJECT_OWNED,NO_EXTERNAL_RESTRICTION,procedural_v8,1c00ac07610f7b2f426f462cd151d48f96cca0ee49054310e8e86361ac90a693,proc::voice::train::00075,add1e7f004c47187ca9e16fdffaa710a2d2efee699451580731a27e1adb99af9,23684983,proc_voice_additive_formant,train,numpy_scipy_project_generator,NO,,,6.491000,16000,0.85175884,0.12234104,-0.00000023,0.00000000,
data/generated_v8/audio/train/voice/proc_voice_train_00075__pulse_lpc.wav,1,1,0,1,0,proc_train_speaker_08,proc_voice_pulse_lpc,project_procedural_v8,procedural_v8,,proc_voice_train_00075,proc::voice::train::00075,LOCAL:tools/procedural_audio_v8.py,procedural-v8.1,PROJECT_AUTHORED_PROCEDURAL_OUTPUT_NO_EXTERNAL_ASSETS,YES,YES_PROJECT_OWNED,NO_EXTERNAL_RESTRICTION,procedural_v8,1c00ac07610f7b2f426f462cd151d48f96cca0ee49054310e8e86361ac90a693,proc::voice::train::00075,1a7c43e91ff0c1cadfc5df37f41f712c3ae0366de59b04076f4766333f2b1cc1,23684983,proc_voice_pulse_lpc,train,numpy_scipy_project_generator,NO,,,6.491000,16000,0.78080201,0.19276815,-0.00000772,0.00000000,
data/generated_v8/audio/train/voice/proc_voice_train_00075__codec_phase.wav,1,1,0,1,0,proc_train_speaker_08,proc_voice_codec_phase,project_procedural_v8,procedural_v8,,proc_voice_train_00075,proc::voice::train::00075,LOCAL:tools/procedural_audio_v8.py,procedural-v8.1,PROJECT_AUTHORED_PROCEDURAL_OUTPUT_NO_EXTERNAL_ASSETS,YES,YES_PROJECT_OWNED,NO_EXTERNAL_RESTRICTION,procedural_v8,1c00ac07610f7b2f426f462cd151d48f96cca0ee49054310e8e86361ac90a693,proc::voice::train::00075,456c2768c39cd58aad0c6138eef3e2e5d2ff8fc8ecb0a856c5206105b4fb8cbc,23684983,proc_voice_codec_phase,train,numpy_scipy_project_generator,NO,,,6.491000,16000,0.90165788,0.21022228,-0.00000467,0.00000000,
data/generated_v8/audio/train/voice/proc_voice_train_00076__additive_formant.wav,1,1,0,1,0,proc_train_speaker_09,proc_voice_additive_formant,project_procedural_v8,procedural_v8,,proc_voice_train_00076,proc::voice::train::00076,LOCAL:tools/procedural_audio_v8.py,procedural-v8.1,PROJECT_AUTHORED_PROCEDURAL_OUTPUT_NO_EXTERNAL_ASSETS,YES,YES_PROJECT_OWNED,NO_EXTERNAL_RESTRICTION,procedural_v8,980e7e06be7e1a06270ac5e8bea1509a6457e32633e2d4fc972c8167476804ff,proc::voice::train::00076,7a2f85ac653e5d111ab79d5bcf5e566a7781c9f744bb8a367b6515f8c70e4fab,23684984,proc_voice_additive_formant,train,numpy_scipy_project_generator,NO,,,5.872000,16000,0.89848542,0.17557705,-0.00000006,0.00000000,
data/generated_v8/audio/train/voice/proc_voice_train_00076__pulse_lpc.wav,1,1,0,1,0,proc_train_speaker_09,proc_voice_pulse_lpc,project_procedural_v8,procedural_v8,,proc_voice_train_00076,proc::voice::train::00076,LOCAL:tools/procedural_audio_v8.py,procedural-v8.1,PROJECT_AUTHORED_PROCEDURAL_OUTPUT_NO_EXTERNAL_ASSETS,YES,YES_PROJECT_OWNED,NO_EXTERNAL_RESTRICTION,procedural_v8,980e7e06be7e1a06270ac5e8bea1509a6457e32633e2d4fc972c8167476804ff,proc::voice::train::00076,ea3b7a8f8fbe46353fa54d30856a5bc665826e5b1e62f3c604bfc5244541e586,23684984,proc_voice_pulse_lpc,train,numpy_scipy_project_generator,NO,,,5.872000,16000,0.73584706,0.22342694,-0.00001128,0.00000000,
data/generated_v8/audio/train/voice/proc_voice_train_00076__codec_phase.wav,1,1,0,1,0,proc_train_speaker_09,proc_voice_codec_phase,project_procedural_v8,procedural_v8,,proc_voice_train_00076,proc::voice::train::00076,LOCAL:tools/procedural_audio_v8.py,procedural-v8.1,PROJECT_AUTHORED_PROCEDURAL_OUTPUT_NO_EXTERNAL_ASSETS,YES,YES_PROJECT_OWNED,NO_EXTERNAL_RESTRICTION,procedural_v8,980e7e06be7e1a06270ac5e8bea1509a6457e32633e2d4fc972c8167476804ff,proc::voice::train::00076,30e836cf8f9d8737f70e36ef913f66edd6d9da3ea1bd96921fd80c66d94d5fe4,23684984,proc_voice_codec_phase,train,numpy_scipy_project_generator,NO,,,5.872000,16000,0.83984333,0.24619170,-0.00000954,0.00000000,
data/generated_v8/audio/train/voice/proc_voice_train_00077__additive_formant.wav,1,1,0,1,0,proc_train_speaker_10,proc_voice_additive_formant,project_procedural_v8,procedural_v8,,proc_voice_train_00077,proc::voice::train::00077,LOCAL:tools/procedural_audio_v8.py,procedural-v8.1,PROJECT_AUTHORED_PROCEDURAL_OUTPUT_NO_EXTERNAL_ASSETS,YES,YES_PROJECT_OWNED,NO_EXTERNAL_RESTRICTION,procedural_v8,a7bb3956c43d0e6af4cccbd3491bdf47744e109a69fac767e891421e202a3bb4,proc::voice::train::00077,68343829404b28d026ae83c51e054aad9f3c82d96163c1f7a17d9b4bba477381,23684985,proc_voice_additive_formant,train,numpy_scipy_project_generator,NO,,,7.157000,16000,0.91812313,0.20819913,-0.00000183,0.00000000,
data/generated_v8/audio/train/voice/proc_voice_train_00077__pulse_lpc.wav,1,1,0,1,0,proc_train_speaker_10,proc_voice_pulse_lpc,project_procedural_v8,procedural_v8,,proc_voice_train_00077,proc::voice::train::00077,LOCAL:tools/procedural_audio_v8.py,procedural-v8.1,PROJECT_AUTHORED_PROCEDURAL_OUTPUT_NO_EXTERNAL_ASSETS,YES,YES_PROJECT_OWNED,NO_EXTERNAL_RESTRICTION,procedural_v8,a7bb3956c43d0e6af4cccbd3491bdf47744e109a69fac767e891421e202a3bb4,proc::voice::train::00077,d200b64cda7abc394ef80ce7d21e26edb950066ff969590465d3120209d841a6,23684985,proc_voice_pulse_lpc,train,numpy_scipy_project_generator,NO,,,7.157000,16000,0.91217971,0.27639165,-0.00000700,0.00000000,
data/generated_v8/audio/train/voice/proc_voice_train_00077__codec_phase.wav,1,1,0,1,0,proc_train_speaker_10,proc_voice_codec_phase,project_procedural_v8,procedural_v8,,proc_voice_train_00077,proc::voice::train::00077,LOCAL:tools/procedural_audio_v8.py,procedural-v8.1,PROJECT_AUTHORED_PROCEDURAL_OUTPUT_NO_EXTERNAL_ASSETS,YES,YES_PROJECT_OWNED,NO_EXTERNAL_RESTRICTION,procedural_v8,a7bb3956c43d0e6af4cccbd3491bdf47744e109a69fac767e891421e202a3bb4,proc::voice::train::00077,3f84d6bd139a252b40dc0c251aec633d942ce77cd02c22a5d21c8d8015aa0135,23684985,proc_voice_codec_phase,train,numpy_scipy_project_generator,NO,,,7.157000,16000,0.80122036,0.20383021,-0.00000106,0.00000000,
data/generated_v8/audio/train/voice/proc_voice_train_00078__additive_formant.wav,1,1,0,1,0,proc_train_speaker_11,proc_voice_additive_formant,project_procedural_v8,procedural_v8,,proc_voice_train_00078,proc::voice::train::00078,LOCAL:tools/procedural_audio_v8.py,procedural-v8.1,PROJECT_AUTHORED_PROCEDURAL_OUTPUT_NO_EXTERNAL_ASSETS,YES,YES_PROJECT_OWNED,NO_EXTERNAL_RESTRICTION,procedural_v8,4d1b10fb1419275bf577ef096b8946c0e0ad931e1044fdd85372855192e600bd,proc::voice::train::00078,18e31d663cdf7119dd3b448c99648045d3960c700f24430b5bdf5a7a75785a96,23684986,proc_voice_additive_formant,train,numpy_scipy_project_generator,NO,,,6.476000,16000,0.79413021,0.13318198,-0.00000515,0.00000000,
data/generated_v8/audio/train/voice/proc_voice_train_00078__pulse_lpc.wav,1,1,0,1,0,proc_train_speaker_11,proc_voice_pulse_lpc,project_procedural_v8,procedural_v8,,proc_voice_train_00078,proc::voice::train::00078,LOCAL:tools/procedural_audio_v8.py,procedural-v8.1,PROJECT_AUTHORED_PROCEDURAL_OUTPUT_NO_EXTERNAL_ASSETS,YES,YES_PROJECT_OWNED,NO_EXTERNAL_RESTRICTION,procedural_v8,4d1b10fb1419275bf577ef096b8946c0e0ad931e1044fdd85372855192e600bd,proc::voice::train::00078,f7455d136b63e31895128c234dc362f98e7f0b7ca723d1c57df4b93b6b782e53,23684986,proc_voice_pulse_lpc,train,numpy_scipy_project_generator,NO,,,6.476000,16000,0.84793961,0.23814455,-0.00002029,0.00000000,
data/generated_v8/audio/train/voice/proc_voice_train_00078__codec_phase.wav,1,1,0,1,0,proc_train_speaker_11,proc_voice_codec_phase,project_procedural_v8,procedural_v8,,proc_voice_train_00078,proc::voice::train::00078,LOCAL:tools/procedural_audio_v8.py,procedural-v8.1,PROJECT_AUTHORED_PROCEDURAL_OUTPUT_NO_EXTERNAL_ASSETS,YES,YES_PROJECT_OWNED,NO_EXTERNAL_RESTRICTION,procedural_v8,4d1b10fb1419275bf577ef096b8946c0e0ad931e1044fdd85372855192e600bd,proc::voice::train::00078,74c33d351637b82dc9a6884cd5ab088a3c34be51d224db6136a112b254843321,23684986,proc_voice_codec_phase,train,numpy_scipy_project_generator,NO,,,6.476000,16000,0.72284794,0.19423798,-0.00001060,0.00000000,
data/generated_v8/audio/train/voice/proc_voice_train_00079__additive_formant.wav,1,1,0,1,0,proc_train_speaker_12,proc_voice_additive_formant,project_procedural_v8,procedural_v8,,proc_voice_train_00079,proc::voice::train::00079,LOCAL:tools/procedural_audio_v8.py,procedural-v8.1,PROJECT_AUTHORED_PROCEDURAL_OUTPUT_NO_EXTERNAL_ASSETS,YES,YES_PROJECT_OWNED,NO_EXTERNAL_RESTRICTION,procedural_v8,bd6d1ab21c330bc8ef7822506bcd41bdfce5b1bfa5c5f2652231028c8dbab573,proc::voice::train::00079,3bd47447900880e00fd7d4eb39155ada661d17789620a2f492ad4ab528180683,23684987,proc_voice_additive_formant,train,numpy_scipy_project_generator,NO,,,3.698000,16000,0.80925685,0.19114584,0.00000021,0.00000000,
data/generated_v8/audio/train/voice/proc_voice_train_00079__pulse_lpc.wav,1,1,0,1,0,proc_train_speaker_12,proc_voice_pulse_lpc,project_procedural_v8,procedural_v8,,proc_voice_train_00079,proc::voice::train::00079,LOCAL:tools/procedural_audio_v8.py,procedural-v8.1,PROJECT_AUTHORED_PROCEDURAL_OUTPUT_NO_EXTERNAL_ASSETS,YES,YES_PROJECT_OWNED,NO_EXTERNAL_RESTRICTION,procedural_v8,bd6d1ab21c330bc8ef7822506bcd41bdfce5b1bfa5c5f2652231028c8dbab573,proc::voice::train::00079,f6c49af5fee5055415a48de8f98ad353c94975783bbe73b4a2f256458b8a1200,23684987,proc_voice_pulse_lpc,train,numpy_scipy_project_generator,NO,,,3.698000,16000,0.79090697,0.25649182,-0.00001347,0.00000000,
data/generated_v8/audio/train/voice/proc_voice_train_00079__codec_phase.wav,1,1,0,1,0,proc_train_speaker_12,proc_voice_codec_phase,project_procedural_v8,procedural_v8,,proc_voice_train_00079,proc::voice::train::00079,LOCAL:tools/procedural_audio_v8.py,procedural-v8.1,PROJECT_AUTHORED_PROCEDURAL_OUTPUT_NO_EXTERNAL_ASSETS,YES,YES_PROJECT_OWNED,NO_EXTERNAL_RESTRICTION,procedural_v8,bd6d1ab21c330bc8ef7822506bcd41bdfce5b1bfa5c5f2652231028c8dbab573,proc::voice::train::00079,a322aaed88b9f0d237c15b4141759146b0304cc10b4985485277b36e2ff28189,23684987,proc_voice_codec_phase,train,numpy_scipy_project_generator,NO,,,3.698000,16000,0.80468494,0.23957213,-0.00000399,0.00000000,
data/generated_v8/audio/train/voice/proc_voice_train_00080__additive_formant.wav,1,1,0,1,0,proc_train_speaker_13,proc_voice_additive_formant,project_procedural_v8,procedural_v8,,proc_voice_train_00080,proc::voice::train::00080,LOCAL:tools/procedural_audio_v8.py,procedural-v8.1,PROJECT_AUTHORED_PROCEDURAL_OUTPUT_NO_EXTERNAL_ASSETS,YES,YES_PROJECT_OWNED,NO_EXTERNAL_RESTRICTION,procedural_v8,1f69e1112d7bac2a6e06947cbe6da4d057f68c3c1ac4a878f966a9cc073efa72,proc::voice::train::00080,0ddd61b8fc31f9cff6c378b11c244703eb9e4320b8fcbce26ee4fbd37a5af913,23684988,proc_voice_additive_formant,train,numpy_scipy_project_generator,NO,,,6.855000,16000,0.78595585,0.16600029,-0.00000144,0.00000000,
data/generated_v8/audio/train/voice/proc_voice_train_00080__pulse_lpc.wav,1,1,0,1,0,proc_train_speaker_13,proc_voice_pulse_lpc,project_procedural_v8,procedural_v8,,proc_voice_train_00080,proc::voice::train::00080,LOCAL:tools/procedural_audio_v8.py,procedural-v8.1,PROJECT_AUTHORED_PROCEDURAL_OUTPUT_NO_EXTERNAL_ASSETS,YES,YES_PROJECT_OWNED,NO_EXTERNAL_RESTRICTION,procedural_v8,1f69e1112d7bac2a6e06947cbe6da4d057f68c3c1ac4a878f966a9cc073efa72,proc::voice::train::00080,fc33d1cfe87ce5c11b09577842d4b3f6aabc1b917fe6ab49c6fc592bab435ff9,23684988,proc_voice_pulse_lpc,train,numpy_scipy_project_generator,NO,,,6.855000,16000,0.90533072,0.23905455,-0.00000386,0.00000000,
data/generated_v8/audio/train/voice/proc_voice_train_00080__codec_phase.wav,1,1,0,1,0,proc_train_speaker_13,proc_voice_codec_phase,project_procedural_v8,procedural_v8,,proc_voice_train_00080,proc::voice::train::00080,LOCAL:tools/procedural_audio_v8.py,procedural-v8.1,PROJECT_AUTHORED_PROCEDURAL_OUTPUT_NO_EXTERNAL_ASSETS,YES,YES_PROJECT_OWNED,NO_EXTERNAL_RESTRICTION,procedural_v8,1f69e1112d7bac2a6e06947cbe6da4d057f68c3c1ac4a878f966a9cc073efa72,proc::voice::train::00080,18f5f1be28494d1165fe26ec1e43e72cf84976d9018c3676aa6ebd4f2b50b0f0,23684988,proc_voice_codec_phase,train,numpy_scipy_project_generator,NO,,,6.855000,16000,0.87001473,0.18578950,-0.00000425,0.00000000,
data/generated_v8/audio/train/voice/proc_voice_train_00081__additive_formant.wav,1,1,0,1,0,proc_train_speaker_14,proc_voice_additive_formant,project_procedural_v8,procedural_v8,,proc_voice_train_00081,proc::voice::train::00081,LOCAL:tools/procedural_audio_v8.py,procedural-v8.1,PROJECT_AUTHORED_PROCEDURAL_OUTPUT_NO_EXTERNAL_ASSETS,YES,YES_PROJECT_OWNED,NO_EXTERNAL_RESTRICTION,procedural_v8,f0e7996da360a793ec07d7ba9a99c194433d1cdf32824340b0e0deabe1135ce2,proc::voice::train::00081,e694a82bf61f202f79942806ce95ba9a6422ace80681985cc642ee56f080b6b9,23684989,proc_voice_additive_formant,train,numpy_scipy_project_generator,NO,,,3.478000,16000,0.91540098,0.20776013,0.00000742,0.00000000,
data/generated_v8/audio/train/voice/proc_voice_train_00081__pulse_lpc.wav,1,1,0,1,0,proc_train_speaker_14,proc_voice_pulse_lpc,project_procedural_v8,procedural_v8,,proc_voice_train_00081,proc::voice::train::00081,LOCAL:tools/procedural_audio_v8.py,procedural-v8.1,PROJECT_AUTHORED_PROCEDURAL_OUTPUT_NO_EXTERNAL_ASSETS,YES,YES_PROJECT_OWNED,NO_EXTERNAL_RESTRICTION,procedural_v8,f0e7996da360a793ec07d7ba9a99c194433d1cdf32824340b0e0deabe1135ce2,proc::voice::train::00081,606ae29805e5ae945521d2041e369bed723a18b75c6c193ff11a175c482f3a25,23684989,proc_voice_pulse_lpc,train,numpy_scipy_project_generator,NO,,,3.478000,16000,0.76440465,0.21672378,-0.00000068,0.00000000,
data/generated_v8/audio/train/voice/proc_voice_train_00081__codec_phase.wav,1,1,0,1,0,proc_train_speaker_14,proc_voice_codec_phase,project_procedural_v8,procedural_v8,,proc_voice_train_00081,proc::voice::train::00081,LOCAL:tools/procedural_audio_v8.py,procedural-v8.1,PROJECT_AUTHORED_PROCEDURAL_OUTPUT_NO_EXTERNAL_ASSETS,YES,YES_PROJECT_OWNED,NO_EXTERNAL_RESTRICTION,procedural_v8,f0e7996da360a793ec07d7ba9a99c194433d1cdf32824340b0e0deabe1135ce2,proc::voice::train::00081,26cf858b096c996d88b2d0af780d37e92fb1e5f5bee984fbe88a8862dfc2298a,23684989,proc_voice_codec_phase,train,numpy_scipy_project_generator,NO,,,3.478000,16000,0.77252638,0.17888384,0.00000725,0.00000000,
data/generated_v8/audio/train/voice/proc_voice_train_00082__additive_formant.wav,1,1,0,1,0,proc_train_speaker_15,proc_voice_additive_formant,project_procedural_v8,procedural_v8,,proc_voice_train_00082,proc::voice::train::00082,LOCAL:tools/procedural_audio_v8.py,procedural-v8.1,PROJECT_AUTHORED_PROCEDURAL_OUTPUT_NO_EXTERNAL_ASSETS,YES,YES_PROJECT_OWNED,NO_EXTERNAL_RESTRICTION,procedural_v8,1f6b86115263dfc89f347f87a6c3425337229df0343806e798567fb3938b32a3,proc::voice::train::00082,e9d0eea60b93976d99c553b362e04b4e557009ac0eafe86cd71a5a9aa8579736,23684990,proc_voice_additive_formant,train,numpy_scipy_project_generator,NO,,,6.132000,16000,0.91208327,0.19447228,-0.00000014,0.00000000,
data/generated_v8/audio/train/voice/proc_voice_train_00082__pulse_lpc.wav,1,1,0,1,0,proc_train_speaker_15,proc_voice_pulse_lpc,project_procedural_v8,procedural_v8,,proc_voice_train_00082,proc::voice::train::00082,LOCAL:tools/procedural_audio_v8.py,procedural-v8.1,PROJECT_AUTHORED_PROCEDURAL_OUTPUT_NO_EXTERNAL_ASSETS,YES,YES_PROJECT_OWNED,NO_EXTERNAL_RESTRICTION,procedural_v8,1f6b86115263dfc89f347f87a6c3425337229df0343806e798567fb3938b32a3,proc::voice::train::00082,4303ded56a5122d45d6d5adc199aa47faef19722106ef3ca158eb63d4b7ea9b2,23684990,proc_voice_pulse_lpc,train,numpy_scipy_project_generator,NO,,,6.132000,16000,0.85868084,0.26572112,-0.00001254,0.00000000,
data/generated_v8/audio/train/voice/proc_voice_train_00082__codec_phase.wav,1,1,0,1,0,proc_train_speaker_15,proc_voice_codec_phase,project_procedural_v8,procedural_v8,,proc_voice_train_00082,proc::voice::train::00082,LOCAL:tools/procedural_audio_v8.py,procedural-v8.1,PROJECT_AUTHORED_PROCEDURAL_OUTPUT_NO_EXTERNAL_ASSETS,YES,YES_PROJECT_OWNED,NO_EXTERNAL_RESTRICTION,procedural_v8,1f6b86115263dfc89f347f87a6c3425337229df0343806e798567fb3938b32a3,proc::voice::train::00082,5349fe68847abc44697b40fa34fe4b7c14a01600ecf5377a206a1fced1f25bc4,23684990,proc_voice_codec_phase,train,numpy_scipy_project_generator,NO,,,6.132000,16000,0.81299418,0.24570562,-0.00000516,0.00000000,
data/generated_v8/audio/train/voice/proc_voice_train_00083__additive_formant.wav,1,1,0,1,0,proc_train_speaker_16,proc_voice_additive_formant,project_procedural_v8,procedural_v8,,proc_voice_train_00083,proc::voice::train::00083,LOCAL:tools/procedural_audio_v8.py,procedural-v8.1,PROJECT_AUTHORED_PROCEDURAL_OUTPUT_NO_EXTERNAL_ASSETS,YES,YES_PROJECT_OWNED,NO_EXTERNAL_RESTRICTION,procedural_v8,7f458d83e643d556723f23219a255627bfaa7094b88209bb7130354be00f19a9,proc::voice::train::00083,3a58b6e94deb1cb420393926a83b35ddf3e22448fc903d5f97a5a7abc75a5b97,23684991,proc_voice_additive_formant,train,numpy_scipy_project_generator,NO,,,4.825000,16000,0.72231179,0.18536793,-0.00000214,0.00000000,
data/generated_v8/audio/train/voice/proc_voice_train_00083__pulse_lpc.wav,1,1,0,1,0,proc_train_speaker_16,proc_voice_pulse_lpc,project_procedural_v8,procedural_v8,,proc_voice_train_00083,proc::voice::train::00083,LOCAL:tools/procedural_audio_v8.py,procedural-v8.1,PROJECT_AUTHORED_PROCEDURAL_OUTPUT_NO_EXTERNAL_ASSETS,YES,YES_PROJECT_OWNED,NO_EXTERNAL_RESTRICTION,procedural_v8,7f458d83e643d556723f23219a255627bfaa7094b88209bb7130354be00f19a9,proc::voice::train::00083,76e868794fbb1ea45f9dff2773f8db6e4b767d7cf03bd9c566c091fde0db0365,23684991,proc_voice_pulse_lpc,train,numpy_scipy_project_generator,NO,,,4.825000,16000,0.88862139,0.30557212,-0.00001214,0.00000000,
data/generated_v8/audio/train/voice/proc_voice_train_00083__codec_phase.wav,1,1,0,1,0,proc_train_speaker_16,proc_voice_codec_phase,project_procedural_v8,procedural_v8,,proc_voice_train_00083,proc::voice::train::00083,LOCAL:tools/procedural_audio_v8.py,procedural-v8.1,PROJECT_AUTHORED_PROCEDURAL_OUTPUT_NO_EXTERNAL_ASSETS,YES,YES_PROJECT_OWNED,NO_EXTERNAL_RESTRICTION,procedural_v8,7f458d83e643d556723f23219a255627bfaa7094b88209bb7130354be00f19a9,proc::voice::train::00083,ef9b6a8d1152f3614b60699e974f96a150b3ce4138c4ae1d65e1ba81e59cd78e,23684991,proc_voice_codec_phase,train,numpy_scipy_project_generator,NO,,,4.825000,16000,0.72847867,0.21734074,-0.00000204,0.00000000,
data/generated_v8/audio/train/voice/proc_voice_train_00084__additive_formant.wav,1,1,0,1,0,proc_train_speaker_17,proc_voice_additive_formant,project_procedural_v8,procedural_v8,,proc_voice_train_00084,proc::voice::train::00084,LOCAL:tools/procedural_audio_v8.py,procedural-v8.1,PROJECT_AUTHORED_PROCEDURAL_OUTPUT_NO_EXTERNAL_ASSETS,YES,YES_PROJECT_OWNED,NO_EXTERNAL_RESTRICTION,procedural_v8,bec340d3f1cc69d15c703259a52987e09a849aa8194287b69581ff3047fb2cf6,proc::voice::train::00084,16ac37888106e5ee054493952e27ee44c44c4d2510ce4562676b5931e76a024c,23684992,proc_voice_additive_formant,train,numpy_scipy_project_generator,NO,,,5.033000,16000,0.75424522,0.15779417,0.00000016,0.00000000,
data/generated_v8/audio/train/voice/proc_voice_train_00084__pulse_lpc.wav,1,1,0,1,0,proc_train_speaker_17,proc_voice_pulse_lpc,project_procedural_v8,procedural_v8,,proc_voice_train_00084,proc::voice::train::00084,LOCAL:tools/procedural_audio_v8.py,procedural-v8.1,PROJECT_AUTHORED_PROCEDURAL_OUTPUT_NO_EXTERNAL_ASSETS,YES,YES_PROJECT_OWNED,NO_EXTERNAL_RESTRICTION,procedural_v8,bec340d3f1cc69d15c703259a52987e09a849aa8194287b69581ff3047fb2cf6,proc::voice::train::00084,13972b2ac031557961b7aabb025d54d7b4c53105b0fd17d8fac2d1b6009f60fe,23684992,proc_voice_pulse_lpc,train,numpy_scipy_project_generator,NO,,,5.033000,16000,0.85866123,0.26205919,-0.00001749,0.00000000,
data/generated_v8/audio/train/voice/proc_voice_train_00084__codec_phase.wav,1,1,0,1,0,proc_train_speaker_17,proc_voice_codec_phase,project_procedural_v8,procedural_v8,,proc_voice_train_00084,proc::voice::train::00084,LOCAL:tools/procedural_audio_v8.py,procedural-v8.1,PROJECT_AUTHORED_PROCEDURAL_OUTPUT_NO_EXTERNAL_ASSETS,YES,YES_PROJECT_OWNED,NO_EXTERNAL_RESTRICTION,procedural_v8,bec340d3f1cc69d15c703259a52987e09a849aa8194287b69581ff3047fb2cf6,proc::voice::train::00084,2be36b9fbc46b321836fa0d2af256af5c3c136ee664a0e9d809d12257f396d0b,23684992,proc_voice_codec_phase,train,numpy_scipy_project_generator,NO,,,5.033000,16000,0.81806886,0.24091096,-0.00001457,0.00000000,
data/generated_v8/audio/train/voice/proc_voice_train_00085__additive_formant.wav,1,1,0,1,0,proc_train_speaker_18,proc_voice_additive_formant,project_procedural_v8,procedural_v8,,proc_voice_train_00085,proc::voice::train::00085,LOCAL:tools/procedural_audio_v8.py,procedural-v8.1,PROJECT_AUTHORED_PROCEDURAL_OUTPUT_NO_EXTERNAL_ASSETS,YES,YES_PROJECT_OWNED,NO_EXTERNAL_RESTRICTION,procedural_v8,44cc10babcdcb7463fb0610d9fc062d642a1211369b29bd91a9aace83578bc7d,proc::voice::train::00085,2b61be687403bd82313abbb7de774466d9585ed4a316942fc34dad73a147b165,23684993,proc_voice_additive_formant,train,numpy_scipy_project_generator,NO,,,5.712000,16000,0.76086849,0.11588508,0.00000185,0.00000000,
data/generated_v8/audio/train/voice/proc_voice_train_00085__pulse_lpc.wav,1,1,0,1,0,proc_train_speaker_18,proc_voice_pulse_lpc,project_procedural_v8,procedural_v8,,proc_voice_train_00085,proc::voice::train::00085,LOCAL:tools/procedural_audio_v8.py,procedural-v8.1,PROJECT_AUTHORED_PROCEDURAL_OUTPUT_NO_EXTERNAL_ASSETS,YES,YES_PROJECT_OWNED,NO_EXTERNAL_RESTRICTION,procedural_v8,44cc10babcdcb7463fb0610d9fc062d642a1211369b29bd91a9aace83578bc7d,proc::voice::train::00085,1a5aa8f8bcdc065716dc6bb2e371f4a383561909496f1fdc17379eebf8be234d,23684993,proc_voice_pulse_lpc,train,numpy_scipy_project_generator,NO,,,5.712000,16000,0.85358226,0.20587306,-0.00000564,0.00000000,
data/generated_v8/audio/train/voice/proc_voice_train_00085__codec_phase.wav,1,1,0,1,0,proc_train_speaker_18,proc_voice_codec_phase,project_procedural_v8,procedural_v8,,proc_voice_train_00085,proc::voice::train::00085,LOCAL:tools/procedural_audio_v8.py,procedural-v8.1,PROJECT_AUTHORED_PROCEDURAL_OUTPUT_NO_EXTERNAL_ASSETS,YES,YES_PROJECT_OWNED,NO_EXTERNAL_RESTRICTION,procedural_v8,44cc10babcdcb7463fb0610d9fc062d642a1211369b29bd91a9aace83578bc7d,proc::voice::train::00085,bc159c33139d8bca10bf2dffb3610375645259292e2cb8ef169482fff0b90efe,23684993,proc_voice_codec_phase,train,numpy_scipy_project_generator,NO,,,5.712000,16000,0.75094527,0.16612012,0.00000146,0.00000000,
data/generated_v8/audio/train/voice/proc_voice_train_00086__additive_formant.wav,1,1,0,1,0,proc_train_speaker_19,proc_voice_additive_formant,project_procedural_v8,procedural_v8,,proc_voice_train_00086,proc::voice::train::00086,LOCAL:tools/procedural_audio_v8.py,procedural-v8.1,PROJECT_AUTHORED_PROCEDURAL_OUTPUT_NO_EXTERNAL_ASSETS,YES,YES_PROJECT_OWNED,NO_EXTERNAL_RESTRICTION,procedural_v8,4d7d20145b2c8756a782445c332f8d89459caeacdc7fc582b59c1bee987e6cb7,proc::voice::train::00086,ced4a989002347c7b612c627ae82cbfb8c8802743ce740b9ac3b5ef2d1c2f19c,23684994,proc_voice_additive_formant,train,numpy_scipy_project_generator,NO,,,4.003000,16000,0.74796021,0.16136285,-0.00000043,0.00000000,
data/generated_v8/audio/train/voice/proc_voice_train_00086__pulse_lpc.wav,1,1,0,1,0,proc_train_speaker_19,proc_voice_pulse_lpc,project_procedural_v8,procedural_v8,,proc_voice_train_00086,proc::voice::train::00086,LOCAL:tools/procedural_audio_v8.py,procedural-v8.1,PROJECT_AUTHORED_PROCEDURAL_OUTPUT_NO_EXTERNAL_ASSETS,YES,YES_PROJECT_OWNED,NO_EXTERNAL_RESTRICTION,procedural_v8,4d7d20145b2c8756a782445c332f8d89459caeacdc7fc582b59c1bee987e6cb7,proc::voice::train::00086,dfa802621ed64a20d5b3fb225f20a1c859e1b74c85be320d914c427093ed9bfa,23684994,proc_voice_pulse_lpc,train,numpy_scipy_project_generator,NO,,,4.003000,16000,0.86251467,0.26706987,-0.00000920,0.00000000,
data/generated_v8/audio/train/voice/proc_voice_train_00086__codec_phase.wav,1,1,0,1,0,proc_train_speaker_19,proc_voice_codec_phase,project_procedural_v8,procedural_v8,,proc_voice_train_00086,proc::voice::train::00086,LOCAL:tools/procedural_audio_v8.py,procedural-v8.1,PROJECT_AUTHORED_PROCEDURAL_OUTPUT_NO_EXTERNAL_ASSETS,YES,YES_PROJECT_OWNED,NO_EXTERNAL_RESTRICTION,procedural_v8,4d7d20145b2c8756a782445c332f8d89459caeacdc7fc582b59c1bee987e6cb7,proc::voice::train::00086,f254758900f994e42759b59cbd9fc5eb7b2ef24636cef51eafa1d33fefc8e4b9,23684994,proc_voice_codec_phase,train,numpy_scipy_project_generator,NO,,,4.003000,16000,0.75884414,0.19934446,-0.00000043,0.00000000,
data/generated_v8/audio/train/voice/proc_voice_train_00087__additive_formant.wav,1,1,0,1,0,proc_train_speaker_20,proc_voice_additive_formant,project_procedural_v8,procedural_v8,,proc_voice_train_00087,proc::voice::train::00087,LOCAL:tools/procedural_audio_v8.py,procedural-v8.1,PROJECT_AUTHORED_PROCEDURAL_OUTPUT_NO_EXTERNAL_ASSETS,YES,YES_PROJECT_OWNED,NO_EXTERNAL_RESTRICTION,procedural_v8,7fa1374179910a3383daa00a9323101ce28244fbe85c172aa9f22487141755b9,proc::voice::train::00087,dfd37d0c50e51f23251f859bcd2dd00e2c7b61a15358f00e6e95dd6b2b8dde6c,23684995,proc_voice_additive_formant,train,numpy_scipy_project_generator,NO,,,5.553000,16000,0.88503438,0.17083909,0.00000035,0.00000000,
data/generated_v8/audio/train/voice/proc_voice_train_00087__pulse_lpc.wav,1,1,0,1,0,proc_train_speaker_20,proc_voice_pulse_lpc,project_procedural_v8,procedural_v8,,proc_voice_train_00087,proc::voice::train::00087,LOCAL:tools/procedural_audio_v8.py,procedural-v8.1,PROJECT_AUTHORED_PROCEDURAL_OUTPUT_NO_EXTERNAL_ASSETS,YES,YES_PROJECT_OWNED,NO_EXTERNAL_RESTRICTION,procedural_v8,7fa1374179910a3383daa00a9323101ce28244fbe85c172aa9f22487141755b9,proc::voice::train::00087,427d6dac389b5383b7f26f8c98ff3486cb08f82ae65647bc329026dc411fe3df,23684995,proc_voice_pulse_lpc,train,numpy_scipy_project_generator,NO,,,5.553000,16000,0.89920360,0.25386808,-0.00001078,0.00000000,
data/generated_v8/audio/train/voice/proc_voice_train_00087__codec_phase.wav,1,1,0,1,0,proc_train_speaker_20,proc_voice_codec_phase,project_procedural_v8,procedural_v8,,proc_voice_train_00087,proc::voice::train::00087,LOCAL:tools/procedural_audio_v8.py,procedural-v8.1,PROJECT_AUTHORED_PROCEDURAL_OUTPUT_NO_EXTERNAL_ASSETS,YES,YES_PROJECT_OWNED,NO_EXTERNAL_RESTRICTION,procedural_v8,7fa1374179910a3383daa00a9323101ce28244fbe85c172aa9f22487141755b9,proc::voice::train::00087,d16eedb57969b781cd4200d73d9a1e8844bd2cd2485c7de403ff0b398af4c362,23684995,proc_voice_codec_phase,train,numpy_scipy_project_generator,NO,,,5.553000,16000,0.80598521,0.20636619,-0.00000126,0.00000000,
data/generated_v8/audio/train/voice/proc_voice_train_00088__additive_formant.wav,1,1,0,1,0,proc_train_speaker_21,proc_voice_additive_formant,project_procedural_v8,procedural_v8,,proc_voice_train_00088,proc::voice::train::00088,LOCAL:tools/procedural_audio_v8.py,procedural-v8.1,PROJECT_AUTHORED_PROCEDURAL_OUTPUT_NO_EXTERNAL_ASSETS,YES,YES_PROJECT_OWNED,NO_EXTERNAL_RESTRICTION,procedural_v8,50f334960a6437accc356c67d12ea63181ccabf09f0a877b3a1cac79503439a4,proc::voice::train::00088,f10732bf54de1e861ec133fe1bbc50ae7cd0695c3ece496e1a182d8176f6a22c,23684996,proc_voice_additive_formant,train,numpy_scipy_project_generator,NO,,,3.416000,16000,0.86944634,0.21162864,0.00000121,0.00000000,
data/generated_v8/audio/train/voice/proc_voice_train_00088__pulse_lpc.wav,1,1,0,1,0,proc_train_speaker_21,proc_voice_pulse_lpc,project_procedural_v8,procedural_v8,,proc_voice_train_00088,proc::voice::train::00088,LOCAL:tools/procedural_audio_v8.py,procedural-v8.1,PROJECT_AUTHORED_PROCEDURAL_OUTPUT_NO_EXTERNAL_ASSETS,YES,YES_PROJECT_OWNED,NO_EXTERNAL_RESTRICTION,procedural_v8,50f334960a6437accc356c67d12ea63181ccabf09f0a877b3a1cac79503439a4,proc::voice::train::00088,a45e8ae95afb5ea8d899150726d5bf18fefca63832671cb6ff6fb5655de443f2,23684996,proc_voice_pulse_lpc,train,numpy_scipy_project_generator,NO,,,3.416000,16000,0.82445425,0.27202231,-0.00002349,0.00000000,
data/generated_v8/audio/train/voice/proc_voice_train_00088__codec_phase.wav,1,1,0,1,0,proc_train_speaker_21,proc_voice_codec_phase,project_procedural_v8,procedural_v8,,proc_voice_train_00088,proc::voice::train::00088,LOCAL:tools/procedural_audio_v8.py,procedural-v8.1,PROJECT_AUTHORED_PROCEDURAL_OUTPUT_NO_EXTERNAL_ASSETS,YES,YES_PROJECT_OWNED,NO_EXTERNAL_RESTRICTION,procedural_v8,50f334960a6437accc356c67d12ea63181ccabf09f0a877b3a1cac79503439a4,proc::voice::train::00088,f54849423b46cb8c2cd6b14369cc8dbd50ec9200854d57be6130cd2d4ae5abd7,23684996,proc_voice_codec_phase,train,numpy_scipy_project_generator,NO,,,3.416000,16000,0.90656173,0.27571494,-0.00000819,0.00000000,
data/generated_v8/audio/train/voice/proc_voice_train_00089__additive_formant.wav,1,1,0,1,0,proc_train_speaker_22,proc_voice_additive_formant,project_procedural_v8,procedural_v8,,proc_voice_train_00089,proc::voice::train::00089,LOCAL:tools/procedural_audio_v8.py,procedural-v8.1,PROJECT_AUTHORED_PROCEDURAL_OUTPUT_NO_EXTERNAL_ASSETS,YES,YES_PROJECT_OWNED,NO_EXTERNAL_RESTRICTION,procedural_v8,2e7d5731cacf72fad7f4940803f0752de86ec9585cc6bdd92e22b65303b3de8a,proc::voice::train::00089,2e5483d01af3bd00982e1886d017e588a63b4033103e8f2cdc7fb40d84314b79,23684997,proc_voice_additive_formant,train,numpy_scipy_project_generator,NO,,,5.212000,16000,0.85959470,0.20770603,-0.00000148,0.00000000,
data/generated_v8/audio/train/voice/proc_voice_train_00089__pulse_lpc.wav,1,1,0,1,0,proc_train_speaker_22,proc_voice_pulse_lpc,project_procedural_v8,procedural_v8,,proc_voice_train_00089,proc::voice::train::00089,LOCAL:tools/procedural_audio_v8.py,procedural-v8.1,PROJECT_AUTHORED_PROCEDURAL_OUTPUT_NO_EXTERNAL_ASSETS,YES,YES_PROJECT_OWNED,NO_EXTERNAL_RESTRICTION,procedural_v8,2e7d5731cacf72fad7f4940803f0752de86ec9585cc6bdd92e22b65303b3de8a,proc::voice::train::00089,0d247cd49cf73d3653c95fae126bb7df7764358eb0ca9f43c4349311a44afaf3,23684997,proc_voice_pulse_lpc,train,numpy_scipy_project_generator,NO,,,5.212000,16000,0.76235795,0.24594208,-0.00001296,0.00000000,
data/generated_v8/audio/train/voice/proc_voice_train_00089__codec_phase.wav,1,1,0,1,0,proc_train_speaker_22,proc_voice_codec_phase,project_procedural_v8,procedural_v8,,proc_voice_train_00089,proc::voice::train::00089,LOCAL:tools/procedural_audio_v8.py,procedural-v8.1,PROJECT_AUTHORED_PROCEDURAL_OUTPUT_NO_EXTERNAL_ASSETS,YES,YES_PROJECT_OWNED,NO_EXTERNAL_RESTRICTION,procedural_v8,2e7d5731cacf72fad7f4940803f0752de86ec9585cc6bdd92e22b65303b3de8a,proc::voice::train::00089,0eabd5dc5adbef2cca5b2576f8cafa2b7ac6bed5c9a0180004b9bdc716a19f28,23684997,proc_voice_codec_phase,train,numpy_scipy_project_generator,NO,,,5.212000,16000,0.80473447,0.25050537,-0.00000743,0.00000000,
data/generated_v8/audio/train/voice/proc_voice_train_00090__additive_formant.wav,1,1,0,1,0,proc_train_speaker_23,proc_voice_additive_formant,project_procedural_v8,procedural_v8,,proc_voice_train_00090,proc::voice::train::00090,LOCAL:tools/procedural_audio_v8.py,procedural-v8.1,PROJECT_AUTHORED_PROCEDURAL_OUTPUT_NO_EXTERNAL_ASSETS,YES,YES_PROJECT_OWNED,NO_EXTERNAL_RESTRICTION,procedural_v8,4f52a3152046cd3e010385242823c566ae7e9b284deb7c4107caf1354647aa68,proc::voice::train::00090,d7709a5c9935309b3df720c140d738e5334557e1ac6f1809faae89b4bc16c3f2,23684998,proc_voice_additive_formant,train,numpy_scipy_project_generator,NO,,,6.778000,16000,0.88233066,0.24022792,0.00000070,0.00000000,
data/generated_v8/audio/train/voice/proc_voice_train_00090__pulse_lpc.wav,1,1,0,1,0,proc_train_speaker_23,proc_voice_pulse_lpc,project_procedural_v8,procedural_v8,,proc_voice_train_00090,proc::voice::train::00090,LOCAL:tools/procedural_audio_v8.py,procedural-v8.1,PROJECT_AUTHORED_PROCEDURAL_OUTPUT_NO_EXTERNAL_ASSETS,YES,YES_PROJECT_OWNED,NO_EXTERNAL_RESTRICTION,procedural_v8,4f52a3152046cd3e010385242823c566ae7e9b284deb7c4107caf1354647aa68,proc::voice::train::00090,493fbd3c5bfded01ce958f1d98a3d1794cd47a5fdff978a91abc8d6d7cabd466,23684998,proc_voice_pulse_lpc,train,numpy_scipy_project_generator,NO,,,6.778000,16000,0.76885754,0.28193997,-0.00001222,0.00000000,
data/generated_v8/audio/train/voice/proc_voice_train_00090__codec_phase.wav,1,1,0,1,0,proc_train_speaker_23,proc_voice_codec_phase,project_procedural_v8,procedural_v8,,proc_voice_train_00090,proc::voice::train::00090,LOCAL:tools/procedural_audio_v8.py,procedural-v8.1,PROJECT_AUTHORED_PROCEDURAL_OUTPUT_NO_EXTERNAL_ASSETS,YES,YES_PROJECT_OWNED,NO_EXTERNAL_RESTRICTION,procedural_v8,4f52a3152046cd3e010385242823c566ae7e9b284deb7c4107caf1354647aa68,proc::voice::train::00090,8ae14137aeb6579ebd1bb137a51ddf606c38d320ba477136fb42f619af06aa9d,23684998,proc_voice_codec_phase,train,numpy_scipy_project_generator,NO,,,6.778000,16000,0.91663998,0.33216284,-0.00000749,0.00000000,
data/generated_v8/audio/train/voice/proc_voice_train_00091__additive_formant.wav,1,1,0,1,0,proc_train_speaker_24,proc_voice_additive_formant,project_procedural_v8,procedural_v8,,proc_voice_train_00091,proc::voice::train::00091,LOCAL:tools/procedural_audio_v8.py,procedural-v8.1,PROJECT_AUTHORED_PROCEDURAL_OUTPUT_NO_EXTERNAL_ASSETS,YES,YES_PROJECT_OWNED,NO_EXTERNAL_RESTRICTION,procedural_v8,805f713e90830bd3536596435b75bdb363f6fed80129c2dab67f5a2eb7ddd9ba,proc::voice::train::00091,18fb24cbcd92e3f4ef0b3610191f11741944f7c3991864bdcde14f2569b45c53,23684999,proc_voice_additive_formant,train,numpy_scipy_project_generator,NO,,,6.218000,16000,0.90392518,0.21511344,-0.00000028,0.00000000,
data/generated_v8/audio/train/voice/proc_voice_train_00091__pulse_lpc.wav,1,1,0,1,0,proc_train_speaker_24,proc_voice_pulse_lpc,project_procedural_v8,procedural_v8,,proc_voice_train_00091,proc::voice::train::00091,LOCAL:tools/procedural_audio_v8.py,procedural-v8.1,PROJECT_AUTHORED_PROCEDURAL_OUTPUT_NO_EXTERNAL_ASSETS,YES,YES_PROJECT_OWNED,NO_EXTERNAL_RESTRICTION,procedural_v8,805f713e90830bd3536596435b75bdb363f6fed80129c2dab67f5a2eb7ddd9ba,proc::voice::train::00091,5ed713697ae319c97e72fafda0bc53235a6a385739e50db40ffd02a5fcf14baa,23684999,proc_voice_pulse_lpc,train,numpy_scipy_project_generator,NO,,,6.218000,16000,0.72896212,0.24731863,-0.00000756,0.00000000,
data/generated_v8/audio/train/voice/proc_voice_train_00091__codec_phase.wav,1,1,0,1,0,proc_train_speaker_24,proc_voice_codec_phase,project_procedural_v8,procedural_v8,,proc_voice_train_00091,proc::voice::train::00091,LOCAL:tools/procedural_audio_v8.py,procedural-v8.1,PROJECT_AUTHORED_PROCEDURAL_OUTPUT_NO_EXTERNAL_ASSETS,YES,YES_PROJECT_OWNED,NO_EXTERNAL_RESTRICTION,procedural_v8,805f713e90830bd3536596435b75bdb363f6fed80129c2dab67f5a2eb7ddd9ba,proc::voice::train::00091,df80917522c17fd08c76c464db8af2497cf363dd2df8de42b3495bdcc65fb4ff,23684999,proc_voice_codec_phase,train,numpy_scipy_project_generator,NO,,,6.218000,16000,0.84979296,0.26489157,-0.00000276,0.00000000,
data/generated_v8/audio/train/voice/proc_voice_train_00092__additive_formant.wav,1,1,0,1,0,proc_train_speaker_25,proc_voice_additive_formant,project_procedural_v8,procedural_v8,,proc_voice_train_00092,proc::voice::train::00092,LOCAL:tools/procedural_audio_v8.py,procedural-v8.1,PROJECT_AUTHORED_PROCEDURAL_OUTPUT_NO_EXTERNAL_ASSETS,YES,YES_PROJECT_OWNED,NO_EXTERNAL_RESTRICTION,procedural_v8,c655da98505af4caca9805063d3385ce0e844cb9f4796a69431d7ecb7c86a065,proc::voice::train::00092,952e6303496563b778167aad49670ff8fcf6e20857056493089e6ef7e2bdc460,23685000,proc_voice_additive_formant,train,numpy_scipy_project_generator,NO,,,3.883000,16000,0.76962429,0.15642015,0.00000036,0.00000000,
data/generated_v8/audio/train/voice/proc_voice_train_00092__pulse_lpc.wav,1,1,0,1,0,proc_train_speaker_25,proc_voice_pulse_lpc,project_procedural_v8,procedural_v8,,proc_voice_train_00092,proc::voice::train::00092,LOCAL:tools/procedural_audio_v8.py,procedural-v8.1,PROJECT_AUTHORED_PROCEDURAL_OUTPUT_NO_EXTERNAL_ASSETS,YES,YES_PROJECT_OWNED,NO_EXTERNAL_RESTRICTION,procedural_v8,c655da98505af4caca9805063d3385ce0e844cb9f4796a69431d7ecb7c86a065,proc::voice::train::00092,353fef84fde1c26ad394a6bcef2c8e392a74a44874a31e57e351cb4dd5f2357b,23685000,proc_voice_pulse_lpc,train,numpy_scipy_project_generator,NO,,,3.883000,16000,0.77514178,0.21563459,-0.00001053,0.00000000,
data/generated_v8/audio/train/voice/proc_voice_train_00092__codec_phase.wav,1,1,0,1,0,proc_train_speaker_25,proc_voice_codec_phase,project_procedural_v8,procedural_v8,,proc_voice_train_00092,proc::voice::train::00092,LOCAL:tools/procedural_audio_v8.py,procedural-v8.1,PROJECT_AUTHORED_PROCEDURAL_OUTPUT_NO_EXTERNAL_ASSETS,YES,YES_PROJECT_OWNED,NO_EXTERNAL_RESTRICTION,procedural_v8,c655da98505af4caca9805063d3385ce0e844cb9f4796a69431d7ecb7c86a065,proc::voice::train::00092,34c64a02b961efb95d260b0d0b9758cc6331ab682e83875f59f098f5e4c6dcd8,23685000,proc_voice_codec_phase,train,numpy_scipy_project_generator,NO,,,3.883000,16000,0.77124995,0.18539959,-0.00000109,0.00000000,
data/generated_v8/audio/train/voice/proc_voice_train_00093__additive_formant.wav,1,1,0,1,0,proc_train_speaker_26,proc_voice_additive_formant,project_procedural_v8,procedural_v8,,proc_voice_train_00093,proc::voice::train::00093,LOCAL:tools/procedural_audio_v8.py,procedural-v8.1,PROJECT_AUTHORED_PROCEDURAL_OUTPUT_NO_EXTERNAL_ASSETS,YES,YES_PROJECT_OWNED,NO_EXTERNAL_RESTRICTION,procedural_v8,90cb290e66e59eefa0139abe828ad33d1e4d2c0b7871b247d53976b960bd0e47,proc::voice::train::00093,daa65354feb0169bbcdff9221e731a1e43f63984759e87ce89ca0acc3e5d5984,23685001,proc_voice_additive_formant,train,numpy_scipy_project_generator,NO,,,5.747000,16000,0.84013534,0.16803010,-0.00000140,0.00000000,
data/generated_v8/audio/train/voice/proc_voice_train_00093__pulse_lpc.wav,1,1,0,1,0,proc_train_speaker_26,proc_voice_pulse_lpc,project_procedural_v8,procedural_v8,,proc_voice_train_00093,proc::voice::train::00093,LOCAL:tools/procedural_audio_v8.py,procedural-v8.1,PROJECT_AUTHORED_PROCEDURAL_OUTPUT_NO_EXTERNAL_ASSETS,YES,YES_PROJECT_OWNED,NO_EXTERNAL_RESTRICTION,procedural_v8,90cb290e66e59eefa0139abe828ad33d1e4d2c0b7871b247d53976b960bd0e47,proc::voice::train::00093,c82ab5301518e57b6277d932bb2aea7b4072e5a112b205d31184967c2b5c00a7,23685001,proc_voice_pulse_lpc,train,numpy_scipy_project_generator,NO,,,5.747000,16000,0.86798787,0.30171363,-0.00001483,0.00000000,
data/generated_v8/audio/train/voice/proc_voice_train_00093__codec_phase.wav,1,1,0,1,0,proc_train_speaker_26,proc_voice_codec_phase,project_procedural_v8,procedural_v8,,proc_voice_train_00093,proc::voice::train::00093,LOCAL:tools/procedural_audio_v8.py,procedural-v8.1,PROJECT_AUTHORED_PROCEDURAL_OUTPUT_NO_EXTERNAL_ASSETS,YES,YES_PROJECT_OWNED,NO_EXTERNAL_RESTRICTION,procedural_v8,90cb290e66e59eefa0139abe828ad33d1e4d2c0b7871b247d53976b960bd0e47,proc::voice::train::00093,3e78a927554e31dce6a1baf0dcd42b9d0e0f753212682cd54a212e29ff5d03d4,23685001,proc_voice_codec_phase,train,numpy_scipy_project_generator,NO,,,5.747000,16000,0.89564168,0.31655359,-0.00000669,0.00000000,
data/generated_v8/audio/train/voice/proc_voice_train_00094__additive_formant.wav,1,1,0,1,0,proc_train_speaker_27,proc_voice_additive_formant,project_procedural_v8,procedural_v8,,proc_voice_train_00094,proc::voice::train::00094,LOCAL:tools/procedural_audio_v8.py,procedural-v8.1,PROJECT_AUTHORED_PROCEDURAL_OUTPUT_NO_EXTERNAL_ASSETS,YES,YES_PROJECT_OWNED,NO_EXTERNAL_RESTRICTION,procedural_v8,fcc9b1628d9af906bbb607a458ee8c682709ce28e5ab4dd7cc02098a5f2cfbb9,proc::voice::train::00094,50a55744f109d425268c57da2c30619b43dafc3fe71ceb248625bfa5b170613b,23685002,proc_voice_additive_formant,train,numpy_scipy_project_generator,NO,,,6.496000,16000,0.81615907,0.15719147,-0.00000069,0.00000000,
data/generated_v8/audio/train/voice/proc_voice_train_00094__pulse_lpc.wav,1,1,0,1,0,proc_train_speaker_27,proc_voice_pulse_lpc,project_procedural_v8,procedural_v8,,proc_voice_train_00094,proc::voice::train::00094,LOCAL:tools/procedural_audio_v8.py,procedural-v8.1,PROJECT_AUTHORED_PROCEDURAL_OUTPUT_NO_EXTERNAL_ASSETS,YES,YES_PROJECT_OWNED,NO_EXTERNAL_RESTRICTION,procedural_v8,fcc9b1628d9af906bbb607a458ee8c682709ce28e5ab4dd7cc02098a5f2cfbb9,proc::voice::train::00094,47476ea7d36e1d871fd8005dbbed50808e6e64a7e1bc43374ae4d384a3d592b2,23685002,proc_voice_pulse_lpc,train,numpy_scipy_project_generator,NO,,,6.496000,16000,0.88572568,0.25705765,-0.00000844,0.00000000,
data/generated_v8/audio/train/voice/proc_voice_train_00094__codec_phase.wav,1,1,0,1,0,proc_train_speaker_27,proc_voice_codec_phase,project_procedural_v8,procedural_v8,,proc_voice_train_00094,proc::voice::train::00094,LOCAL:tools/procedural_audio_v8.py,procedural-v8.1,PROJECT_AUTHORED_PROCEDURAL_OUTPUT_NO_EXTERNAL_ASSETS,YES,YES_PROJECT_OWNED,NO_EXTERNAL_RESTRICTION,procedural_v8,fcc9b1628d9af906bbb607a458ee8c682709ce28e5ab4dd7cc02098a5f2cfbb9,proc::voice::train::00094,694165e3bd5e04cd051df97ac53ff108287ceb8ab3440fe03e3749d04d027a68,23685002,proc_voice_codec_phase,train,numpy_scipy_project_generator,NO,,,6.496000,16000,0.73965448,0.20341784,-0.00000156,0.00000000,
data/generated_v8/audio/train/voice/proc_voice_train_00095__additive_formant.wav,1,1,0,1,0,proc_train_speaker_28,proc_voice_additive_formant,project_procedural_v8,procedural_v8,,proc_voice_train_00095,proc::voice::train::00095,LOCAL:tools/procedural_audio_v8.py,procedural-v8.1,PROJECT_AUTHORED_PROCEDURAL_OUTPUT_NO_EXTERNAL_ASSETS,YES,YES_PROJECT_OWNED,NO_EXTERNAL_RESTRICTION,procedural_v8,5eb31249792e6ae0b2afd6a0f5f2c0def84d71a915c85081f1feb744d9a5f92f,proc::voice::train::00095,6e8a46510e21f0b77b385e1122aceee8ab837ccedfbeefa9161fa738ae9c75f1,23685003,proc_voice_additive_formant,train,numpy_scipy_project_generator,NO,,,5.558000,16000,0.87994558,0.21382417,0.00000022,0.00000000,
data/generated_v8/audio/train/voice/proc_voice_train_00095__pulse_lpc.wav,1,1,0,1,0,proc_train_speaker_28,proc_voice_pulse_lpc,project_procedural_v8,procedural_v8,,proc_voice_train_00095,proc::voice::train::00095,LOCAL:tools/procedural_audio_v8.py,procedural-v8.1,PROJECT_AUTHORED_PROCEDURAL_OUTPUT_NO_EXTERNAL_ASSETS,YES,YES_PROJECT_OWNED,NO_EXTERNAL_RESTRICTION,procedural_v8,5eb31249792e6ae0b2afd6a0f5f2c0def84d71a915c85081f1feb744d9a5f92f,proc::voice::train::00095,147ef6a6a460065547a8c47aa95563afccf1f401151f7c9b42865b9e8981685f,23685003,proc_voice_pulse_lpc,train,numpy_scipy_project_generator,NO,,,5.558000,16000,0.89566016,0.33043305,-0.00001519,0.00000000,
data/generated_v8/audio/train/voice/proc_voice_train_00095__codec_phase.wav,1,1,0,1,0,proc_train_speaker_28,proc_voice_codec_phase,project_procedural_v8,procedural_v8,,proc_voice_train_00095,proc::voice::train::00095,LOCAL:tools/procedural_audio_v8.py,procedural-v8.1,PROJECT_AUTHORED_PROCEDURAL_OUTPUT_NO_EXTERNAL_ASSETS,YES,YES_PROJECT_OWNED,NO_EXTERNAL_RESTRICTION,procedural_v8,5eb31249792e6ae0b2afd6a0f5f2c0def84d71a915c85081f1feb744d9a5f92f,proc::voice::train::00095,6591ae6d4d6230b34d2e415cc5f0f67fbf1ace5099d68a2c7e9c6bdd24458b1e,23685003,proc_voice_codec_phase,train,numpy_scipy_project_generator,NO,,,5.558000,16000,0.87594002,0.31045699,-0.00000286,0.00000000,
data/generated_v8/audio/train/voice/proc_voice_train_00096__additive_formant.wav,1,1,0,1,0,proc_train_speaker_29,proc_voice_additive_formant,project_procedural_v8,procedural_v8,,proc_voice_train_00096,proc::voice::train::00096,LOCAL:tools/procedural_audio_v8.py,procedural-v8.1,PROJECT_AUTHORED_PROCEDURAL_OUTPUT_NO_EXTERNAL_ASSETS,YES,YES_PROJECT_OWNED,NO_EXTERNAL_RESTRICTION,procedural_v8,229c94d687430b4dc1a52397e9ce8efa311a4a16f8d4bed2196d0a682eaf5c5b,proc::voice::train::00096,6928cc54b09a19fbf3a8883c00c6e2f741b94977b31d4cf6d603a9303dca74a2,23685004,proc_voice_additive_formant,train,numpy_scipy_project_generator,NO,,,3.775000,16000,0.84609848,0.19589811,-0.00000221,0.00000000,
data/generated_v8/audio/train/voice/proc_voice_train_00096__pulse_lpc.wav,1,1,0,1,0,proc_train_speaker_29,proc_voice_pulse_lpc,project_procedural_v8,procedural_v8,,proc_voice_train_00096,proc::voice::train::00096,LOCAL:tools/procedural_audio_v8.py,procedural-v8.1,PROJECT_AUTHORED_PROCEDURAL_OUTPUT_NO_EXTERNAL_ASSETS,YES,YES_PROJECT_OWNED,NO_EXTERNAL_RESTRICTION,procedural_v8,229c94d687430b4dc1a52397e9ce8efa311a4a16f8d4bed2196d0a682eaf5c5b,proc::voice::train::00096,c445fb4d21e67b64f40472ae359e33fed59d844803c90396a3317a07c6876d2f,23685004,proc_voice_pulse_lpc,train,numpy_scipy_project_generator,NO,,,3.775000,16000,0.72971839,0.24105917,-0.00001929,0.00000000,
data/generated_v8/audio/train/voice/proc_voice_train_00096__codec_phase.wav,1,1,0,1,0,proc_train_speaker_29,proc_voice_codec_phase,project_procedural_v8,procedural_v8,,proc_voice_train_00096,proc::voice::train::00096,LOCAL:tools/procedural_audio_v8.py,procedural-v8.1,PROJECT_AUTHORED_PROCEDURAL_OUTPUT_NO_EXTERNAL_ASSETS,YES,YES_PROJECT_OWNED,NO_EXTERNAL_RESTRICTION,procedural_v8,229c94d687430b4dc1a52397e9ce8efa311a4a16f8d4bed2196d0a682eaf5c5b,proc::voice::train::00096,7a4077f5fc1aadc4494bdc0038cefe2478010a0fe095df2b1f51aac0c70d10db,23685004,proc_voice_codec_phase,train,numpy_scipy_project_generator,NO,,,3.775000,16000,0.90117908,0.28721528,-0.00000520,0.00000000,
data/generated_v8/audio/train/voice/proc_voice_train_00097__additive_formant.wav,1,1,0,1,0,proc_train_speaker_30,proc_voice_additive_formant,project_procedural_v8,procedural_v8,,proc_voice_train_00097,proc::voice::train::00097,LOCAL:tools/procedural_audio_v8.py,procedural-v8.1,PROJECT_AUTHORED_PROCEDURAL_OUTPUT_NO_EXTERNAL_ASSETS,YES,YES_PROJECT_OWNED,NO_EXTERNAL_RESTRICTION,procedural_v8,289dbf218c372f7da307ca1e6989bdd23df65ed1f95b31e79d953785d82865d8,proc::voice::train::00097,20a395a3e8601caa08e18e114790f12ee4f9ba4e0deea5cb5151df51f01e2f71,23685005,proc_voice_additive_formant,train,numpy_scipy_project_generator,NO,,,7.096000,16000,0.85618705,0.14898423,0.00000019,0.00000000,
data/generated_v8/audio/train/voice/proc_voice_train_00097__pulse_lpc.wav,1,1,0,1,0,proc_train_speaker_30,proc_voice_pulse_lpc,project_procedural_v8,procedural_v8,,proc_voice_train_00097,proc::voice::train::00097,LOCAL:tools/procedural_audio_v8.py,procedural-v8.1,PROJECT_AUTHORED_PROCEDURAL_OUTPUT_NO_EXTERNAL_ASSETS,YES,YES_PROJECT_OWNED,NO_EXTERNAL_RESTRICTION,procedural_v8,289dbf218c372f7da307ca1e6989bdd23df65ed1f95b31e79d953785d82865d8,proc::voice::train::00097,7e17e8cdc8ffcf62b5582cce79ba9e7bc94c8acb47e33d9209420e3a6c61d8bf,23685005,proc_voice_pulse_lpc,train,numpy_scipy_project_generator,NO,,,7.096000,16000,0.91786778,0.27540169,-0.00000988,0.00000000,
data/generated_v8/audio/train/voice/proc_voice_train_00097__codec_phase.wav,1,1,0,1,0,proc_train_speaker_30,proc_voice_codec_phase,project_procedural_v8,procedural_v8,,proc_voice_train_00097,proc::voice::train::00097,LOCAL:tools/procedural_audio_v8.py,procedural-v8.1,PROJECT_AUTHORED_PROCEDURAL_OUTPUT_NO_EXTERNAL_ASSETS,YES,YES_PROJECT_OWNED,NO_EXTERNAL_RESTRICTION,procedural_v8,289dbf218c372f7da307ca1e6989bdd23df65ed1f95b31e79d953785d82865d8,proc::voice::train::00097,849e88ff4e205234557c9cc80ed4e8b84b03e50fff33017594932a9069403849,23685005,proc_voice_codec_phase,train,numpy_scipy_project_generator,NO,,,7.096000,16000,0.91773546,0.27651625,-0.00000574,0.00000000,
data/generated_v8/audio/train/voice/proc_voice_train_00098__additive_formant.wav,1,1,0,1,0,proc_train_speaker_31,proc_voice_additive_formant,project_procedural_v8,procedural_v8,,proc_voice_train_00098,proc::voice::train::00098,LOCAL:tools/procedural_audio_v8.py,procedural-v8.1,PROJECT_AUTHORED_PROCEDURAL_OUTPUT_NO_EXTERNAL_ASSETS,YES,YES_PROJECT_OWNED,NO_EXTERNAL_RESTRICTION,procedural_v8,bfd98a7c115bea587882f51d8dcfd7b0e79a9519e868b2dcffbaa61c49f46d19,proc::voice::train::00098,2304370707724a262fac287dc43be7ce27a2be028d53599042572362adcd6a24,23685006,proc_voice_additive_formant,train,numpy_scipy_project_generator,NO,,,6.824000,16000,0.83861941,0.16233888,-0.00000019,0.00000000,
data/generated_v8/audio/train/voice/proc_voice_train_00098__pulse_lpc.wav,1,1,0,1,0,proc_train_speaker_31,proc_voice_pulse_lpc,project_procedural_v8,procedural_v8,,proc_voice_train_00098,proc::voice::train::00098,LOCAL:tools/procedural_audio_v8.py,procedural-v8.1,PROJECT_AUTHORED_PROCEDURAL_OUTPUT_NO_EXTERNAL_ASSETS,YES,YES_PROJECT_OWNED,NO_EXTERNAL_RESTRICTION,procedural_v8,bfd98a7c115bea587882f51d8dcfd7b0e79a9519e868b2dcffbaa61c49f46d19,proc::voice::train::00098,4695e9b16b6a6bdec2a3d07b376b8baad8ea5a4143bcad7d7b3e36887f2820e0,23685006,proc_voice_pulse_lpc,train,numpy_scipy_project_generator,NO,,,6.824000,16000,0.83457482,0.21764874,-0.00000529,0.00000000,
data/generated_v8/audio/train/voice/proc_voice_train_00098__codec_phase.wav,1,1,0,1,0,proc_train_speaker_31,proc_voice_codec_phase,project_procedural_v8,procedural_v8,,proc_voice_train_00098,proc::voice::train::00098,LOCAL:tools/procedural_audio_v8.py,procedural-v8.1,PROJECT_AUTHORED_PROCEDURAL_OUTPUT_NO_EXTERNAL_ASSETS,YES,YES_PROJECT_OWNED,NO_EXTERNAL_RESTRICTION,procedural_v8,bfd98a7c115bea587882f51d8dcfd7b0e79a9519e868b2dcffbaa61c49f46d19,proc::voice::train::00098,3ac809c6dc10e2509ddcdf885377b2c346c754aab4b95c1d40fa7d2f697a5ae4,23685006,proc_voice_codec_phase,train,numpy_scipy_project_generator,NO,,,6.824000,16000,0.86153281,0.18700032,0.00000114,0.00000000,
data/generated_v8/audio/train/voice/proc_voice_train_00099__additive_formant.wav,1,1,0,1,0,proc_train_speaker_32,proc_voice_additive_formant,project_procedural_v8,procedural_v8,,proc_voice_train_00099,proc::voice::train::00099,LOCAL:tools/procedural_audio_v8.py,procedural-v8.1,PROJECT_AUTHORED_PROCEDURAL_OUTPUT_NO_EXTERNAL_ASSETS,YES,YES_PROJECT_OWNED,NO_EXTERNAL_RESTRICTION,procedural_v8,70e9bb000583859be71d2d3168a24d75d9a03d184a8ac1ee19efbac4220de0e6,proc::voice::train::00099,103cb4c70491465a8d11adc479e13797cc8288a42fd0797cdef273bd0e43220f,23685007,proc_voice_additive_formant,train,numpy_scipy_project_generator,NO,,,5.048000,16000,0.73483288,0.17387912,-0.00000507,0.00000000,
data/generated_v8/audio/train/voice/proc_voice_train_00099__pulse_lpc.wav,1,1,0,1,0,proc_train_speaker_32,proc_voice_pulse_lpc,project_procedural_v8,procedural_v8,,proc_voice_train_00099,proc::voice::train::00099,LOCAL:tools/procedural_audio_v8.py,procedural-v8.1,PROJECT_AUTHORED_PROCEDURAL_OUTPUT_NO_EXTERNAL_ASSETS,YES,YES_PROJECT_OWNED,NO_EXTERNAL_RESTRICTION,procedural_v8,70e9bb000583859be71d2d3168a24d75d9a03d184a8ac1ee19efbac4220de0e6,proc::voice::train::00099,534e5942da002fd1fe0271f20236f5033d99d80ab02693719735ae3f4ebeae00,23685007,proc_voice_pulse_lpc,train,numpy_scipy_project_generator,NO,,,5.048000,16000,0.85830349,0.28240790,-0.00002210,0.00000000,
data/generated_v8/audio/train/voice/proc_voice_train_00099__codec_phase.wav,1,1,0,1,0,proc_train_speaker_32,proc_voice_codec_phase,project_procedural_v8,procedural_v8,,proc_voice_train_00099,proc::voice::train::00099,LOCAL:tools/procedural_audio_v8.py,procedural-v8.1,PROJECT_AUTHORED_PROCEDURAL_OUTPUT_NO_EXTERNAL_ASSETS,YES,YES_PROJECT_OWNED,NO_EXTERNAL_RESTRICTION,procedural_v8,70e9bb000583859be71d2d3168a24d75d9a03d184a8ac1ee19efbac4220de0e6,proc::voice::train::00099,e7d94b434416535ec5a6f7e47a392c677bd705576a639282f8ec5c5d4dc693fb,23685007,proc_voice_codec_phase,train,numpy_scipy_project_generator,NO,,,5.048000,16000,0.84840864,0.27564362,-0.00000166,0.00000000,
data/generated_v8/audio/train/voice/proc_voice_train_00100__additive_formant.wav,1,1,0,1,0,proc_train_speaker_33,proc_voice_additive_formant,project_procedural_v8,procedural_v8,,proc_voice_train_00100,proc::voice::train::00100,LOCAL:tools/procedural_audio_v8.py,procedural-v8.1,PROJECT_AUTHORED_PROCEDURAL_OUTPUT_NO_EXTERNAL_ASSETS,YES,YES_PROJECT_OWNED,NO_EXTERNAL_RESTRICTION,procedural_v8,20fd41afde49ce9eb3cd1bb09c8b08e9f1306e3f878016154c559795e52c248c,proc::voice::train::00100,803ed8e346c2bb1a4facaea6eabaf8fce749c4c69df4fb1159a16b448adfd696,23685008,proc_voice_additive_formant,train,numpy_scipy_project_generator,NO,,,3.781000,16000,0.80627209,0.20024780,-0.00000081,0.00000000,
data/generated_v8/audio/train/voice/proc_voice_train_00100__pulse_lpc.wav,1,1,0,1,0,proc_train_speaker_33,proc_voice_pulse_lpc,project_procedural_v8,procedural_v8,,proc_voice_train_00100,proc::voice::train::00100,LOCAL:tools/procedural_audio_v8.py,procedural-v8.1,PROJECT_AUTHORED_PROCEDURAL_OUTPUT_NO_EXTERNAL_ASSETS,YES,YES_PROJECT_OWNED,NO_EXTERNAL_RESTRICTION,procedural_v8,20fd41afde49ce9eb3cd1bb09c8b08e9f1306e3f878016154c559795e52c248c,proc::voice::train::00100,b7ec95acf981fc7bc1491fe758159fc513f65e04002254566608e694bfbcf1b1,23685008,proc_voice_pulse_lpc,train,numpy_scipy_project_generator,NO,,,3.781000,16000,0.82044166,0.28061818,-0.00001427,0.00000000,
data/generated_v8/audio/train/voice/proc_voice_train_00100__codec_phase.wav,1,1,0,1,0,proc_train_speaker_33,proc_voice_codec_phase,project_procedural_v8,procedural_v8,,proc_voice_train_00100,proc::voice::train::00100,LOCAL:tools/procedural_audio_v8.py,procedural-v8.1,PROJECT_AUTHORED_PROCEDURAL_OUTPUT_NO_EXTERNAL_ASSETS,YES,YES_PROJECT_OWNED,NO_EXTERNAL_RESTRICTION,procedural_v8,20fd41afde49ce9eb3cd1bb09c8b08e9f1306e3f878016154c559795e52c248c,proc::voice::train::00100,d0b19a38cbd137b42c970ef8e77f2fe553d307bb01befd389522e06d48025995,23685008,proc_voice_codec_phase,train,numpy_scipy_project_generator,NO,,,3.781000,16000,0.83142316,0.25503975,0.00000585,0.00000000,
data/generated_v8/audio/train/voice/proc_voice_train_00101__additive_formant.wav,1,1,0,1,0,proc_train_speaker_34,proc_voice_additive_formant,project_procedural_v8,procedural_v8,,proc_voice_train_00101,proc::voice::train::00101,LOCAL:tools/procedural_audio_v8.py,procedural-v8.1,PROJECT_AUTHORED_PROCEDURAL_OUTPUT_NO_EXTERNAL_ASSETS,YES,YES_PROJECT_OWNED,NO_EXTERNAL_RESTRICTION,procedural_v8,e7af6ac890497d6dde5bda7338df831a75029de39b7a9b7c488352b4a1958b43,proc::voice::train::00101,ce903cb3ccdfef89ea59ed8de0334cf9ea812098d4e21aa77213df4711011b55,23685009,proc_voice_additive_formant,train,numpy_scipy_project_generator,NO,,,4.771000,16000,0.83558124,0.24633317,-0.00000288,0.00000000,
data/generated_v8/audio/train/voice/proc_voice_train_00101__pulse_lpc.wav,1,1,0,1,0,proc_train_speaker_34,proc_voice_pulse_lpc,project_procedural_v8,procedural_v8,,proc_voice_train_00101,proc::voice::train::00101,LOCAL:tools/procedural_audio_v8.py,procedural-v8.1,PROJECT_AUTHORED_PROCEDURAL_OUTPUT_NO_EXTERNAL_ASSETS,YES,YES_PROJECT_OWNED,NO_EXTERNAL_RESTRICTION,procedural_v8,e7af6ac890497d6dde5bda7338df831a75029de39b7a9b7c488352b4a1958b43,proc::voice::train::00101,cd7f22652947545b51d4d1d4899ffe507ff5d1350acd8743bf5a86dac03d3d09,23685009,proc_voice_pulse_lpc,train,numpy_scipy_project_generator,NO,,,4.771000,16000,0.80863571,0.28785152,-0.00001407,0.00000000,
data/generated_v8/audio/train/voice/proc_voice_train_00101__codec_phase.wav,1,1,0,1,0,proc_train_speaker_34,proc_voice_codec_phase,project_procedural_v8,procedural_v8,,proc_voice_train_00101,proc::voice::train::00101,LOCAL:tools/procedural_audio_v8.py,procedural-v8.1,PROJECT_AUTHORED_PROCEDURAL_OUTPUT_NO_EXTERNAL_ASSETS,YES,YES_PROJECT_OWNED,NO_EXTERNAL_RESTRICTION,procedural_v8,e7af6ac890497d6dde5bda7338df831a75029de39b7a9b7c488352b4a1958b43,proc::voice::train::00101,600816e2fbd59fb7639e56b9c3c132d4d93dc09ab1a191090cada376e33eefec,23685009,proc_voice_codec_phase,train,numpy_scipy_project_generator,NO,,,4.771000,16000,0.79977113,0.24268232,-0.00000264,0.00000000,
data/generated_v8/audio/train/voice/proc_voice_train_00102__additive_formant.wav,1,1,0,1,0,proc_train_speaker_35,proc_voice_additive_formant,project_procedural_v8,procedural_v8,,proc_voice_train_00102,proc::voice::train::00102,LOCAL:tools/procedural_audio_v8.py,procedural-v8.1,PROJECT_AUTHORED_PROCEDURAL_OUTPUT_NO_EXTERNAL_ASSETS,YES,YES_PROJECT_OWNED,NO_EXTERNAL_RESTRICTION,procedural_v8,46eca7a370e489cebc81cbae81a0f02eea9c21b2405d9f44d9dbb403a57db0fd,proc::voice::train::00102,8b6542be59e5f8ca3d878f8a1e6e2eaff6ef9ecc1f44a58ed565d4282b9affba,23685010,proc_voice_additive_formant,train,numpy_scipy_project_generator,NO,,,4.949000,16000,0.78497100,0.17664984,0.00000033,0.00000000,
data/generated_v8/audio/train/voice/proc_voice_train_00102__pulse_lpc.wav,1,1,0,1,0,proc_train_speaker_35,proc_voice_pulse_lpc,project_procedural_v8,procedural_v8,,proc_voice_train_00102,proc::voice::train::00102,LOCAL:tools/procedural_audio_v8.py,procedural-v8.1,PROJECT_AUTHORED_PROCEDURAL_OUTPUT_NO_EXTERNAL_ASSETS,YES,YES_PROJECT_OWNED,NO_EXTERNAL_RESTRICTION,procedural_v8,46eca7a370e489cebc81cbae81a0f02eea9c21b2405d9f44d9dbb403a57db0fd,proc::voice::train::00102,1b2a83793ff4ba6dbaa3deadd080864f7f0c02d655dc31a5a383d78032864014,23685010,proc_voice_pulse_lpc,train,numpy_scipy_project_generator,NO,,,4.949000,16000,0.91676998,0.26326468,-0.00000808,0.00000000,
data/generated_v8/audio/train/voice/proc_voice_train_00102__codec_phase.wav,1,1,0,1,0,proc_train_speaker_35,proc_voice_codec_phase,project_procedural_v8,procedural_v8,,proc_voice_train_00102,proc::voice::train::00102,LOCAL:tools/procedural_audio_v8.py,procedural-v8.1,PROJECT_AUTHORED_PROCEDURAL_OUTPUT_NO_EXTERNAL_ASSETS,YES,YES_PROJECT_OWNED,NO_EXTERNAL_RESTRICTION,procedural_v8,46eca7a370e489cebc81cbae81a0f02eea9c21b2405d9f44d9dbb403a57db0fd,proc::voice::train::00102,1530bba58e3393429b74315ba235907a2783ba48e374e78123ce125a9b7b95d8,23685010,proc_voice_codec_phase,train,numpy_scipy_project_generator,NO,,,4.949000,16000,0.86251670,0.20873626,0.00000122,0.00000000,
data/generated_v8/audio/train/voice/proc_voice_train_00103__additive_formant.wav,1,1,0,1,0,proc_train_speaker_36,proc_voice_additive_formant,project_procedural_v8,procedural_v8,,proc_voice_train_00103,proc::voice::train::00103,LOCAL:tools/procedural_audio_v8.py,procedural-v8.1,PROJECT_AUTHORED_PROCEDURAL_OUTPUT_NO_EXTERNAL_ASSETS,YES,YES_PROJECT_OWNED,NO_EXTERNAL_RESTRICTION,procedural_v8,a2f992d56a220e19728ec8fabfaeb11cf1a5ae5955980d6276401603e6989970,proc::voice::train::00103,128cb446c16ba106ab10dc920f9f01e293039ff9072ddfe27cc5b66c6f6bc0a0,23685011,proc_voice_additive_formant,train,numpy_scipy_project_generator,NO,,,5.335000,16000,0.84885347,0.16296482,-0.00000008,0.00000000,
data/generated_v8/audio/train/voice/proc_voice_train_00103__pulse_lpc.wav,1,1,0,1,0,proc_train_speaker_36,proc_voice_pulse_lpc,project_procedural_v8,procedural_v8,,proc_voice_train_00103,proc::voice::train::00103,LOCAL:tools/procedural_audio_v8.py,procedural-v8.1,PROJECT_AUTHORED_PROCEDURAL_OUTPUT_NO_EXTERNAL_ASSETS,YES,YES_PROJECT_OWNED,NO_EXTERNAL_RESTRICTION,procedural_v8,a2f992d56a220e19728ec8fabfaeb11cf1a5ae5955980d6276401603e6989970,proc::voice::train::00103,c6a308d1ca1a84bb0c3a1cb126cb6e2ce2adc1f9cca16dcf1abd3f6994119fbc,23685011,proc_voice_pulse_lpc,train,numpy_scipy_project_generator,NO,,,5.335000,16000,0.83088732,0.25414219,-0.00001169,0.00000000,
data/generated_v8/audio/train/voice/proc_voice_train_00103__codec_phase.wav,1,1,0,1,0,proc_train_speaker_36,proc_voice_codec_phase,project_procedural_v8,procedural_v8,,proc_voice_train_00103,proc::voice::train::00103,LOCAL:tools/procedural_audio_v8.py,procedural-v8.1,PROJECT_AUTHORED_PROCEDURAL_OUTPUT_NO_EXTERNAL_ASSETS,YES,YES_PROJECT_OWNED,NO_EXTERNAL_RESTRICTION,procedural_v8,a2f992d56a220e19728ec8fabfaeb11cf1a5ae5955980d6276401603e6989970,proc::voice::train::00103,ea87fd74817d0c69f3e51e2dc8c23650b7fd202597bc056c9bd9ade4c42370ac,23685011,proc_voice_codec_phase,train,numpy_scipy_project_generator,NO,,,5.335000,16000,0.75398076,0.22861005,-0.00000426,0.00000000,
data/generated_v8/audio/train/voice/proc_voice_train_00104__additive_formant.wav,1,1,0,1,0,proc_train_speaker_37,proc_voice_additive_formant,project_procedural_v8,procedural_v8,,proc_voice_train_00104,proc::voice::train::00104,LOCAL:tools/procedural_audio_v8.py,procedural-v8.1,PROJECT_AUTHORED_PROCEDURAL_OUTPUT_NO_EXTERNAL_ASSETS,YES,YES_PROJECT_OWNED,NO_EXTERNAL_RESTRICTION,procedural_v8,ed5e2c6656b710ea5770e595b5e059a5611583e622104b58ba7c8155582ca4b5,proc::voice::train::00104,62fff907373d188884fc02fff2b94d65097aff75073c9c9e20846d7f03a42c61,23685012,proc_voice_additive_formant,train,numpy_scipy_project_generator,NO,,,3.915000,16000,0.87565219,0.24300192,-0.00000293,0.00000000,
data/generated_v8/audio/train/voice/proc_voice_train_00104__pulse_lpc.wav,1,1,0,1,0,proc_train_speaker_37,proc_voice_pulse_lpc,project_procedural_v8,procedural_v8,,proc_voice_train_00104,proc::voice::train::00104,LOCAL:tools/procedural_audio_v8.py,procedural-v8.1,PROJECT_AUTHORED_PROCEDURAL_OUTPUT_NO_EXTERNAL_ASSETS,YES,YES_PROJECT_OWNED,NO_EXTERNAL_RESTRICTION,procedural_v8,ed5e2c6656b710ea5770e595b5e059a5611583e622104b58ba7c8155582ca4b5,proc::voice::train::00104,a94f67d503b5d5e8a09743d0d9535153a85e2f920c403f490d4d68276bba93c5,23685012,proc_voice_pulse_lpc,train,numpy_scipy_project_generator,NO,,,3.915000,16000,0.78910667,0.28834777,-0.00001622,0.00000000,
data/generated_v8/audio/train/voice/proc_voice_train_00104__codec_phase.wav,1,1,0,1,0,proc_train_speaker_37,proc_voice_codec_phase,project_procedural_v8,procedural_v8,,proc_voice_train_00104,proc::voice::train::00104,LOCAL:tools/procedural_audio_v8.py,procedural-v8.1,PROJECT_AUTHORED_PROCEDURAL_OUTPUT_NO_EXTERNAL_ASSETS,YES,YES_PROJECT_OWNED,NO_EXTERNAL_RESTRICTION,procedural_v8,ed5e2c6656b710ea5770e595b5e059a5611583e622104b58ba7c8155582ca4b5,proc::voice::train::00104,c38d5a64f0b8db8f4acf009a21b81152a3f9511db63c4953cbbe85387521dcfe,23685012,proc_voice_codec_phase,train,numpy_scipy_project_generator,NO,,,3.915000,16000,0.82138550,0.28186390,-0.00000792,0.00000000,
data/generated_v8/audio/train/voice/proc_voice_train_00105__additive_formant.wav,1,1,0,1,0,proc_train_speaker_38,proc_voice_additive_formant,project_procedural_v8,procedural_v8,,proc_voice_train_00105,proc::voice::train::00105,LOCAL:tools/procedural_audio_v8.py,procedural-v8.1,PROJECT_AUTHORED_PROCEDURAL_OUTPUT_NO_EXTERNAL_ASSETS,YES,YES_PROJECT_OWNED,NO_EXTERNAL_RESTRICTION,procedural_v8,72235eb39cc1631374d611a66f88fad9607ee2936dcb9459630752c9332e6f02,proc::voice::train::00105,1119defabc7ad42a41b5b6ed63dff3613134911c0667a165b99620674c7d74b9,23685013,proc_voice_additive_formant,train,numpy_scipy_project_generator,NO,,,7.103000,16000,0.86881655,0.16819116,-0.00000061,0.00000000,
data/generated_v8/audio/train/voice/proc_voice_train_00105__pulse_lpc.wav,1,1,0,1,0,proc_train_speaker_38,proc_voice_pulse_lpc,project_procedural_v8,procedural_v8,,proc_voice_train_00105,proc::voice::train::00105,LOCAL:tools/procedural_audio_v8.py,procedural-v8.1,PROJECT_AUTHORED_PROCEDURAL_OUTPUT_NO_EXTERNAL_ASSETS,YES,YES_PROJECT_OWNED,NO_EXTERNAL_RESTRICTION,procedural_v8,72235eb39cc1631374d611a66f88fad9607ee2936dcb9459630752c9332e6f02,proc::voice::train::00105,085f90cf5aeb782f2eae3f509e839e30d8b519e29a97f7db51aeec1f5a4c90b1,23685013,proc_voice_pulse_lpc,train,numpy_scipy_project_generator,NO,,,7.103000,16000,0.84765291,0.25726155,-0.00001086,0.00000000,
data/generated_v8/audio/train/voice/proc_voice_train_00105__codec_phase.wav,1,1,0,1,0,proc_train_speaker_38,proc_voice_codec_phase,project_procedural_v8,procedural_v8,,proc_voice_train_00105,proc::voice::train::00105,LOCAL:tools/procedural_audio_v8.py,procedural-v8.1,PROJECT_AUTHORED_PROCEDURAL_OUTPUT_NO_EXTERNAL_ASSETS,YES,YES_PROJECT_OWNED,NO_EXTERNAL_RESTRICTION,procedural_v8,72235eb39cc1631374d611a66f88fad9607ee2936dcb9459630752c9332e6f02,proc::voice::train::00105,627e788ae445bbfdde823a29e3e592987dd8d2e4ef54f61bbc2506f43d51cc26,23685013,proc_voice_codec_phase,train,numpy_scipy_project_generator,NO,,,7.103000,16000,0.91871035,0.27440276,-0.00000771,0.00000000,
data/generated_v8/audio/train/voice/proc_voice_train_00106__additive_formant.wav,1,1,0,1,0,proc_train_speaker_39,proc_voice_additive_formant,project_procedural_v8,procedural_v8,,proc_voice_train_00106,proc::voice::train::00106,LOCAL:tools/procedural_audio_v8.py,procedural-v8.1,PROJECT_AUTHORED_PROCEDURAL_OUTPUT_NO_EXTERNAL_ASSETS,YES,YES_PROJECT_OWNED,NO_EXTERNAL_RESTRICTION,procedural_v8,97bf2624968266ff3b845b05620e5a99eb4dc4929507f05f9bb6ab6180e03cbc,proc::voice::train::00106,1a7e027735a4717b9fe345d83a74e895c4f93a45858deb0474522ba33993bed8,23685014,proc_voice_additive_formant,train,numpy_scipy_project_generator,NO,,,6.604000,16000,0.77574313,0.18954816,-0.00000154,0.00000000,
data/generated_v8/audio/train/voice/proc_voice_train_00106__pulse_lpc.wav,1,1,0,1,0,proc_train_speaker_39,proc_voice_pulse_lpc,project_procedural_v8,procedural_v8,,proc_voice_train_00106,proc::voice::train::00106,LOCAL:tools/procedural_audio_v8.py,procedural-v8.1,PROJECT_AUTHORED_PROCEDURAL_OUTPUT_NO_EXTERNAL_ASSETS,YES,YES_PROJECT_OWNED,NO_EXTERNAL_RESTRICTION,procedural_v8,97bf2624968266ff3b845b05620e5a99eb4dc4929507f05f9bb6ab6180e03cbc,proc::voice::train::00106,66dcb2fcd89f42076babe58dedb3bd9ef2d2bede641f16c4202fa171fbc384a7,23685014,proc_voice_pulse_lpc,train,numpy_scipy_project_generator,NO,,,6.604000,16000,0.83251148,0.28267523,-0.00001019,0.00000000,
data/generated_v8/audio/train/voice/proc_voice_train_00106__codec_phase.wav,1,1,0,1,0,proc_train_speaker_39,proc_voice_codec_phase,project_procedural_v8,procedural_v8,,proc_voice_train_00106,proc::voice::train::00106,LOCAL:tools/procedural_audio_v8.py,procedural-v8.1,PROJECT_AUTHORED_PROCEDURAL_OUTPUT_NO_EXTERNAL_ASSETS,YES,YES_PROJECT_OWNED,NO_EXTERNAL_RESTRICTION,procedural_v8,97bf2624968266ff3b845b05620e5a99eb4dc4929507f05f9bb6ab6180e03cbc,proc::voice::train::00106,cbd56ab51e7077aabd9cb04274788d1a5844188e0af131ec1e194523a4830758,23685014,proc_voice_codec_phase,train,numpy_scipy_project_generator,NO,,,6.604000,16000,0.72016084,0.23194926,-0.00000479,0.00000000,
data/generated_v8/audio/train/voice/proc_voice_train_00107__additive_formant.wav,1,1,0,1,0,proc_train_speaker_40,proc_voice_additive_formant,project_procedural_v8,procedural_v8,,proc_voice_train_00107,proc::voice::train::00107,LOCAL:tools/procedural_audio_v8.py,procedural-v8.1,PROJECT_AUTHORED_PROCEDURAL_OUTPUT_NO_EXTERNAL_ASSETS,YES,YES_PROJECT_OWNED,NO_EXTERNAL_RESTRICTION,procedural_v8,435d4c7f5c29fab55c47f71556f2f5f2fcf1d08047311ae1ad3e9e6fe568820e,proc::voice::train::00107,605734dc8cb0d507ab158d096093fc34b40aa7a4b52a8801e71fde3704e59f36,23685015,proc_voice_additive_formant,train,numpy_scipy_project_generator,NO,,,5.930000,16000,0.73779726,0.13556355,-0.00000223,0.00000000,
data/generated_v8/audio/train/voice/proc_voice_train_00107__pulse_lpc.wav,1,1,0,1,0,proc_train_speaker_40,proc_voice_pulse_lpc,project_procedural_v8,procedural_v8,,proc_voice_train_00107,proc::voice::train::00107,LOCAL:tools/procedural_audio_v8.py,procedural-v8.1,PROJECT_AUTHORED_PROCEDURAL_OUTPUT_NO_EXTERNAL_ASSETS,YES,YES_PROJECT_OWNED,NO_EXTERNAL_RESTRICTION,procedural_v8,435d4c7f5c29fab55c47f71556f2f5f2fcf1d08047311ae1ad3e9e6fe568820e,proc::voice::train::00107,aac8440c928c95de0f632122df7e957aa2a0c3a06a8f4d9f271f996d44c888a1,23685015,proc_voice_pulse_lpc,train,numpy_scipy_project_generator,NO,,,5.930000,16000,0.81312245,0.21426021,-0.00000917,0.00000000,
data/generated_v8/audio/train/voice/proc_voice_train_00107__codec_phase.wav,1,1,0,1,0,proc_train_speaker_40,proc_voice_codec_phase,project_procedural_v8,procedural_v8,,proc_voice_train_00107,proc::voice::train::00107,LOCAL:tools/procedural_audio_v8.py,procedural-v8.1,PROJECT_AUTHORED_PROCEDURAL_OUTPUT_NO_EXTERNAL_ASSETS,YES,YES_PROJECT_OWNED,NO_EXTERNAL_RESTRICTION,procedural_v8,435d4c7f5c29fab55c47f71556f2f5f2fcf1d08047311ae1ad3e9e6fe568820e,proc::voice::train::00107,00b66de7293ef688608ca0bf2b83e32af74874a0364bc14ffca25b068b9b63c7,23685015,proc_voice_codec_phase,train,numpy_scipy_project_generator,NO,,,5.930000,16000,0.75857812,0.18352881,-0.00000256,0.00000000,
data/generated_v8/audio/train/voice/proc_voice_train_00108__additive_formant.wav,1,1,0,1,0,proc_train_speaker_41,proc_voice_additive_formant,project_procedural_v8,procedural_v8,,proc_voice_train_00108,proc::voice::train::00108,LOCAL:tools/procedural_audio_v8.py,procedural-v8.1,PROJECT_AUTHORED_PROCEDURAL_OUTPUT_NO_EXTERNAL_ASSETS,YES,YES_PROJECT_OWNED,NO_EXTERNAL_RESTRICTION,procedural_v8,3ba8772e363765cb2aa59066274b28cf7a3451fa324c708146b12fec1956cf9b,proc::voice::train::00108,152163d74854473764794a48e7f14234a4ec7503814278885cf5f871741fd005,23685016,proc_voice_additive_formant,train,numpy_scipy_project_generator,NO,,,4.488000,16000,0.81049633,0.18304410,-0.00000003,0.00000000,
data/generated_v8/audio/train/voice/proc_voice_train_00108__pulse_lpc.wav,1,1,0,1,0,proc_train_speaker_41,proc_voice_pulse_lpc,project_procedural_v8,procedural_v8,,proc_voice_train_00108,proc::voice::train::00108,LOCAL:tools/procedural_audio_v8.py,procedural-v8.1,PROJECT_AUTHORED_PROCEDURAL_OUTPUT_NO_EXTERNAL_ASSETS,YES,YES_PROJECT_OWNED,NO_EXTERNAL_RESTRICTION,procedural_v8,3ba8772e363765cb2aa59066274b28cf7a3451fa324c708146b12fec1956cf9b,proc::voice::train::00108,297f7c5ea3cad74445df9cf65cd1a131381353547dd4b4172c93fe58f2695a97,23685016,proc_voice_pulse_lpc,train,numpy_scipy_project_generator,NO,,,4.488000,16000,0.86862475,0.31316747,-0.00002771,0.00000000,
data/generated_v8/audio/train/voice/proc_voice_train_00108__codec_phase.wav,1,1,0,1,0,proc_train_speaker_41,proc_voice_codec_phase,project_procedural_v8,procedural_v8,,proc_voice_train_00108,proc::voice::train::00108,LOCAL:tools/procedural_audio_v8.py,procedural-v8.1,PROJECT_AUTHORED_PROCEDURAL_OUTPUT_NO_EXTERNAL_ASSETS,YES,YES_PROJECT_OWNED,NO_EXTERNAL_RESTRICTION,procedural_v8,3ba8772e363765cb2aa59066274b28cf7a3451fa324c708146b12fec1956cf9b,proc::voice::train::00108,f7a15be2e8592fb4107302cd01ef6ce5b2f342e432e54c32cefff7a2893c2a95,23685016,proc_voice_codec_phase,train,numpy_scipy_project_generator,NO,,,4.488000,16000,0.74731737,0.27773982,-0.00002018,0.00000000,
data/generated_v8/audio/train/voice/proc_voice_train_00109__additive_formant.wav,1,1,0,1,0,proc_train_speaker_42,proc_voice_additive_formant,project_procedural_v8,procedural_v8,,proc_voice_train_00109,proc::voice::train::00109,LOCAL:tools/procedural_audio_v8.py,procedural-v8.1,PROJECT_AUTHORED_PROCEDURAL_OUTPUT_NO_EXTERNAL_ASSETS,YES,YES_PROJECT_OWNED,NO_EXTERNAL_RESTRICTION,procedural_v8,28351ac12d6b3bb08145d51b77326364e3e847c4ae8aa9ea3b5643610f711576,proc::voice::train::00109,425fda1585249b95ec3f324633ccdc501783590b760f393292a925b8c8e47c8a,23685017,proc_voice_additive_formant,train,numpy_scipy_project_generator,NO,,,6.472000,16000,0.86015534,0.21951438,0.00000103,0.00000000,
data/generated_v8/audio/train/voice/proc_voice_train_00109__pulse_lpc.wav,1,1,0,1,0,proc_train_speaker_42,proc_voice_pulse_lpc,project_procedural_v8,procedural_v8,,proc_voice_train_00109,proc::voice::train::00109,LOCAL:tools/procedural_audio_v8.py,procedural-v8.1,PROJECT_AUTHORED_PROCEDURAL_OUTPUT_NO_EXTERNAL_ASSETS,YES,YES_PROJECT_OWNED,NO_EXTERNAL_RESTRICTION,procedural_v8,28351ac12d6b3bb08145d51b77326364e3e847c4ae8aa9ea3b5643610f711576,proc::voice::train::00109,e7e7e5c06b4e53022d5046b1fd8fdec0e0c8472c1d737c9b26bdb1bbcfc7eb04,23685017,proc_voice_pulse_lpc,train,numpy_scipy_project_generator,NO,,,6.472000,16000,0.85237503,0.28511223,-0.00000775,0.00000000,
data/generated_v8/audio/train/voice/proc_voice_train_00109__codec_phase.wav,1,1,0,1,0,proc_train_speaker_42,proc_voice_codec_phase,project_procedural_v8,procedural_v8,,proc_voice_train_00109,proc::voice::train::00109,LOCAL:tools/procedural_audio_v8.py,procedural-v8.1,PROJECT_AUTHORED_PROCEDURAL_OUTPUT_NO_EXTERNAL_ASSETS,YES,YES_PROJECT_OWNED,NO_EXTERNAL_RESTRICTION,procedural_v8,28351ac12d6b3bb08145d51b77326364e3e847c4ae8aa9ea3b5643610f711576,proc::voice::train::00109,147568140566795ff459b22049267632b24e57df0df4388b98a4fccc0ca00ef7,23685017,proc_voice_codec_phase,train,numpy_scipy_project_generator,NO,,,6.472000,16000,0.82372308,0.24060086,-0.00000066,0.00000000,
data/generated_v8/audio/train/voice/proc_voice_train_00110__additive_formant.wav,1,1,0,1,0,proc_train_speaker_43,proc_voice_additive_formant,project_procedural_v8,procedural_v8,,proc_voice_train_00110,proc::voice::train::00110,LOCAL:tools/procedural_audio_v8.py,procedural-v8.1,PROJECT_AUTHORED_PROCEDURAL_OUTPUT_NO_EXTERNAL_ASSETS,YES,YES_PROJECT_OWNED,NO_EXTERNAL_RESTRICTION,procedural_v8,6bb94f81cfec89edd69bae022bd19e40f5d07dfcfdf2dfb93fdd6e67c6d3cd52,proc::voice::train::00110,1a179c6a7afb000e729b3bdd7f50409d41e568f2a44ac90f33eddb6356506c5d,23685018,proc_voice_additive_formant,train,numpy_scipy_project_generator,NO,,,4.128000,16000,0.88359553,0.16087275,0.00000043,0.00000000,
data/generated_v8/audio/train/voice/proc_voice_train_00110__pulse_lpc.wav,1,1,0,1,0,proc_train_speaker_43,proc_voice_pulse_lpc,project_procedural_v8,procedural_v8,,proc_voice_train_00110,proc::voice::train::00110,LOCAL:tools/procedural_audio_v8.py,procedural-v8.1,PROJECT_AUTHORED_PROCEDURAL_OUTPUT_NO_EXTERNAL_ASSETS,YES,YES_PROJECT_OWNED,NO_EXTERNAL_RESTRICTION,procedural_v8,6bb94f81cfec89edd69bae022bd19e40f5d07dfcfdf2dfb93fdd6e67c6d3cd52,proc::voice::train::00110,0ebed02f8234f672ca75334a5f8f3cfe50ce0d13f235458a0f9943d17a8b106d,23685018,proc_voice_pulse_lpc,train,numpy_scipy_project_generator,NO,,,4.128000,16000,0.80253184,0.22770926,-0.00001702,0.00000000,
data/generated_v8/audio/train/voice/proc_voice_train_00110__codec_phase.wav,1,1,0,1,0,proc_train_speaker_43,proc_voice_codec_phase,project_procedural_v8,procedural_v8,,proc_voice_train_00110,proc::voice::train::00110,LOCAL:tools/procedural_audio_v8.py,procedural-v8.1,PROJECT_AUTHORED_PROCEDURAL_OUTPUT_NO_EXTERNAL_ASSETS,YES,YES_PROJECT_OWNED,NO_EXTERNAL_RESTRICTION,procedural_v8,6bb94f81cfec89edd69bae022bd19e40f5d07dfcfdf2dfb93fdd6e67c6d3cd52,proc::voice::train::00110,573f6a066a3303629034058d5dc0b103ad42dcb8cb71e677a0864db2a35d2be1,23685018,proc_voice_codec_phase,train,numpy_scipy_project_generator,NO,,,4.128000,16000,0.91046447,0.25313595,-0.00001169,0.00000000,
data/generated_v8/audio/train/voice/proc_voice_train_00111__additive_formant.wav,1,1,0,1,0,proc_train_speaker_44,proc_voice_additive_formant,project_procedural_v8,procedural_v8,,proc_voice_train_00111,proc::voice::train::00111,LOCAL:tools/procedural_audio_v8.py,procedural-v8.1,PROJECT_AUTHORED_PROCEDURAL_OUTPUT_NO_EXTERNAL_ASSETS,YES,YES_PROJECT_OWNED,NO_EXTERNAL_RESTRICTION,procedural_v8,8f8dd105ac26f10b19331780bef0ecb9d37172b87c597bca3785495a7ab71f3c,proc::voice::train::00111,d2bf63128e0a9c914ae167ac5490739eae2dafb948655cb60402d849134dacd7,23685019,proc_voice_additive_formant,train,numpy_scipy_project_generator,NO,,,6.278000,16000,0.88957626,0.23545781,-0.00000088,0.00000000,
data/generated_v8/audio/train/voice/proc_voice_train_00111__pulse_lpc.wav,1,1,0,1,0,proc_train_speaker_44,proc_voice_pulse_lpc,project_procedural_v8,procedural_v8,,proc_voice_train_00111,proc::voice::train::00111,LOCAL:tools/procedural_audio_v8.py,procedural-v8.1,PROJECT_AUTHORED_PROCEDURAL_OUTPUT_NO_EXTERNAL_ASSETS,YES,YES_PROJECT_OWNED,NO_EXTERNAL_RESTRICTION,procedural_v8,8f8dd105ac26f10b19331780bef0ecb9d37172b87c597bca3785495a7ab71f3c,proc::voice::train::00111,596893bad62fe12337abbd64017537933cf7ef45b89a8d495af298b9180addec,23685019,proc_voice_pulse_lpc,train,numpy_scipy_project_generator,NO,,,6.278000,16000,0.86062580,0.31836479,-0.00001488,0.00000000,
data/generated_v8/audio/train/voice/proc_voice_train_00111__codec_phase.wav,1,1,0,1,0,proc_train_speaker_44,proc_voice_codec_phase,project_procedural_v8,procedural_v8,,proc_voice_train_00111,proc::voice::train::00111,LOCAL:tools/procedural_audio_v8.py,procedural-v8.1,PROJECT_AUTHORED_PROCEDURAL_OUTPUT_NO_EXTERNAL_ASSETS,YES,YES_PROJECT_OWNED,NO_EXTERNAL_RESTRICTION,procedural_v8,8f8dd105ac26f10b19331780bef0ecb9d37172b87c597bca3785495a7ab71f3c,proc::voice::train::00111,9ce5aaa8fea793919ddab515d06db7a9ca60b51b478ea881a058abc32de1f2b7,23685019,proc_voice_codec_phase,train,numpy_scipy_project_generator,NO,,,6.278000,16000,0.73583663,0.27256117,-0.00000895,0.00000000,
data/generated_v8/audio/train/voice/proc_voice_train_00112__additive_formant.wav,1,1,0,1,0,proc_train_speaker_45,proc_voice_additive_formant,project_procedural_v8,procedural_v8,,proc_voice_train_00112,proc::voice::train::00112,LOCAL:tools/procedural_audio_v8.py,procedural-v8.1,PROJECT_AUTHORED_PROCEDURAL_OUTPUT_NO_EXTERNAL_ASSETS,YES,YES_PROJECT_OWNED,NO_EXTERNAL_RESTRICTION,procedural_v8,6735f8d7b9efc34597c0faf7481cf765d294849c5b2c443433e14dae8a1070b6,proc::voice::train::00112,294389cb1279006792d62b7c345946f61dd029d6f15c2a55cbd5b7186022be36,23685020,proc_voice_additive_formant,train,numpy_scipy_project_generator,NO,,,5.467000,16000,0.77134782,0.16833298,0.00000021,0.00000000,
data/generated_v8/audio/train/voice/proc_voice_train_00112__pulse_lpc.wav,1,1,0,1,0,proc_train_speaker_45,proc_voice_pulse_lpc,project_procedural_v8,procedural_v8,,proc_voice_train_00112,proc::voice::train::00112,LOCAL:tools/procedural_audio_v8.py,procedural-v8.1,PROJECT_AUTHORED_PROCEDURAL_OUTPUT_NO_EXTERNAL_ASSETS,YES,YES_PROJECT_OWNED,NO_EXTERNAL_RESTRICTION,procedural_v8,6735f8d7b9efc34597c0faf7481cf765d294849c5b2c443433e14dae8a1070b6,proc::voice::train::00112,bbc469684fa03d7729d3a929a511d1f89f2595405c82942fc02c6dbed3deea37,23685020,proc_voice_pulse_lpc,train,numpy_scipy_project_generator,NO,,,5.467000,16000,0.76659846,0.24163975,-0.00000907,0.00000000,
data/generated_v8/audio/train/voice/proc_voice_train_00112__codec_phase.wav,1,1,0,1,0,proc_train_speaker_45,proc_voice_codec_phase,project_procedural_v8,procedural_v8,,proc_voice_train_00112,proc::voice::train::00112,LOCAL:tools/procedural_audio_v8.py,procedural-v8.1,PROJECT_AUTHORED_PROCEDURAL_OUTPUT_NO_EXTERNAL_ASSETS,YES,YES_PROJECT_OWNED,NO_EXTERNAL_RESTRICTION,procedural_v8,6735f8d7b9efc34597c0faf7481cf765d294849c5b2c443433e14dae8a1070b6,proc::voice::train::00112,298e4228371d1c6f3339a5debec918e972a729017c0d83785c1721f2c7b3209d,23685020,proc_voice_codec_phase,train,numpy_scipy_project_generator,NO,,,5.467000,16000,0.74691921,0.20963042,-0.00000267,0.00000000,
data/generated_v8/audio/train/voice/proc_voice_train_00113__additive_formant.wav,1,1,0,1,0,proc_train_speaker_46,proc_voice_additive_formant,project_procedural_v8,procedural_v8,,proc_voice_train_00113,proc::voice::train::00113,LOCAL:tools/procedural_audio_v8.py,procedural-v8.1,PROJECT_AUTHORED_PROCEDURAL_OUTPUT_NO_EXTERNAL_ASSETS,YES,YES_PROJECT_OWNED,NO_EXTERNAL_RESTRICTION,procedural_v8,a155ce3d2a94cca78d9ffbf080bef81f9e0ce2a5e8d43c5a387eafafc7bc6d18,proc::voice::train::00113,360f48cfae8d8a6548a5fb2a1b1016eface1946ddc5d5c46c3dbdb0f5b48fe2a,23685021,proc_voice_additive_formant,train,numpy_scipy_project_generator,NO,,,4.972000,16000,0.84679180,0.18906499,-0.00000011,0.00000000,
data/generated_v8/audio/train/voice/proc_voice_train_00113__pulse_lpc.wav,1,1,0,1,0,proc_train_speaker_46,proc_voice_pulse_lpc,project_procedural_v8,procedural_v8,,proc_voice_train_00113,proc::voice::train::00113,LOCAL:tools/procedural_audio_v8.py,procedural-v8.1,PROJECT_AUTHORED_PROCEDURAL_OUTPUT_NO_EXTERNAL_ASSETS,YES,YES_PROJECT_OWNED,NO_EXTERNAL_RESTRICTION,procedural_v8,a155ce3d2a94cca78d9ffbf080bef81f9e0ce2a5e8d43c5a387eafafc7bc6d18,proc::voice::train::00113,5122020504574540ee88c97c6d76abe9cf554d5fb5610ecdff58dc891f947f21,23685021,proc_voice_pulse_lpc,train,numpy_scipy_project_generator,NO,,,4.972000,16000,0.81065816,0.25461346,-0.00001179,0.00000000,
data/generated_v8/audio/train/voice/proc_voice_train_00113__codec_phase.wav,1,1,0,1,0,proc_train_speaker_46,proc_voice_codec_phase,project_procedural_v8,procedural_v8,,proc_voice_train_00113,proc::voice::train::00113,LOCAL:tools/procedural_audio_v8.py,procedural-v8.1,PROJECT_AUTHORED_PROCEDURAL_OUTPUT_NO_EXTERNAL_ASSETS,YES,YES_PROJECT_OWNED,NO_EXTERNAL_RESTRICTION,procedural_v8,a155ce3d2a94cca78d9ffbf080bef81f9e0ce2a5e8d43c5a387eafafc7bc6d18,proc::voice::train::00113,20757abd3000ccf592dcb9796cf38b35a384eb062c85e3a617b26df0b72596aa,23685021,proc_voice_codec_phase,train,numpy_scipy_project_generator,NO,,,4.972000,16000,0.76477480,0.22371930,-0.00000100,0.00000000,
data/generated_v8/audio/train/voice/proc_voice_train_00114__additive_formant.wav,1,1,0,1,0,proc_train_speaker_47,proc_voice_additive_formant,project_procedural_v8,procedural_v8,,proc_voice_train_00114,proc::voice::train::00114,LOCAL:tools/procedural_audio_v8.py,procedural-v8.1,PROJECT_AUTHORED_PROCEDURAL_OUTPUT_NO_EXTERNAL_ASSETS,YES,YES_PROJECT_OWNED,NO_EXTERNAL_RESTRICTION,procedural_v8,4fcbef1cb4e542bebfb9f88bd23483f52e7f9ae9108c12ea85560f928c92840e,proc::voice::train::00114,7b53e634c3e56b8a9fbae6822d6afa0664928f8514bf9ab02bdf4ab47f5345fc,23685022,proc_voice_additive_formant,train,numpy_scipy_project_generator,NO,,,7.119000,16000,0.84047294,0.16614097,-0.00000022,0.00000000,
data/generated_v8/audio/train/voice/proc_voice_train_00114__pulse_lpc.wav,1,1,0,1,0,proc_train_speaker_47,proc_voice_pulse_lpc,project_procedural_v8,procedural_v8,,proc_voice_train_00114,proc::voice::train::00114,LOCAL:tools/procedural_audio_v8.py,procedural-v8.1,PROJECT_AUTHORED_PROCEDURAL_OUTPUT_NO_EXTERNAL_ASSETS,YES,YES_PROJECT_OWNED,NO_EXTERNAL_RESTRICTION,procedural_v8,4fcbef1cb4e542bebfb9f88bd23483f52e7f9ae9108c12ea85560f928c92840e,proc::voice::train::00114,c788a6b302666bf4439894f6e94272b44c1167db18e22fb9d25ffbae26652f0b,23685022,proc_voice_pulse_lpc,train,numpy_scipy_project_generator,NO,,,7.119000,16000,0.84907514,0.25361266,-0.00000577,0.00000000,
data/generated_v8/audio/train/voice/proc_voice_train_00114__codec_phase.wav,1,1,0,1,0,proc_train_speaker_47,proc_voice_codec_phase,project_procedural_v8,procedural_v8,,proc_voice_train_00114,proc::voice::train::00114,LOCAL:tools/procedural_audio_v8.py,procedural-v8.1,PROJECT_AUTHORED_PROCEDURAL_OUTPUT_NO_EXTERNAL_ASSETS,YES,YES_PROJECT_OWNED,NO_EXTERNAL_RESTRICTION,procedural_v8,4fcbef1cb4e542bebfb9f88bd23483f52e7f9ae9108c12ea85560f928c92840e,proc::voice::train::00114,d8f732bf3ee09f6bc6f0a583174af6588d15f36aef259f5c7898dd0388d4a64c,23685022,proc_voice_codec_phase,train,numpy_scipy_project_generator,NO,,,7.119000,16000,0.76909113,0.21127091,-0.00000112,0.00000000,
data/generated_v8/audio/train/voice/proc_voice_train_00115__additive_formant.wav,1,1,0,1,0,proc_train_speaker_48,proc_voice_additive_formant,project_procedural_v8,procedural_v8,,proc_voice_train_00115,proc::voice::train::00115,LOCAL:tools/procedural_audio_v8.py,procedural-v8.1,PROJECT_AUTHORED_PROCEDURAL_OUTPUT_NO_EXTERNAL_ASSETS,YES,YES_PROJECT_OWNED,NO_EXTERNAL_RESTRICTION,procedural_v8,a18af0e7c8ea1f1ee4132d6ee89f4da5cc697423bfffc5e1ca92bec1fa217ffa,proc::voice::train::00115,6851470902d041ccf9dd4a047ce787eeb2a169a224fadda089eb6a4fbf84def3,23685023,proc_voice_additive_formant,train,numpy_scipy_project_generator,NO,,,4.098000,16000,0.89075494,0.14296634,-0.00000194,0.00000000,
data/generated_v8/audio/train/voice/proc_voice_train_00115__pulse_lpc.wav,1,1,0,1,0,proc_train_speaker_48,proc_voice_pulse_lpc,project_procedural_v8,procedural_v8,,proc_voice_train_00115,proc::voice::train::00115,LOCAL:tools/procedural_audio_v8.py,procedural-v8.1,PROJECT_AUTHORED_PROCEDURAL_OUTPUT_NO_EXTERNAL_ASSETS,YES,YES_PROJECT_OWNED,NO_EXTERNAL_RESTRICTION,procedural_v8,a18af0e7c8ea1f1ee4132d6ee89f4da5cc697423bfffc5e1ca92bec1fa217ffa,proc::voice::train::00115,b929714da1f2a24f4fc11d20e70b061cc0151a06a307dccdda152888b57a7534,23685023,proc_voice_pulse_lpc,train,numpy_scipy_project_generator,NO,,,4.098000,16000,0.86329550,0.21396619,-0.00001215,0.00000000,
data/generated_v8/audio/train/voice/proc_voice_train_00115__codec_phase.wav,1,1,0,1,0,proc_train_speaker_48,proc_voice_codec_phase,project_procedural_v8,procedural_v8,,proc_voice_train_00115,proc::voice::train::00115,LOCAL:tools/procedural_audio_v8.py,procedural-v8.1,PROJECT_AUTHORED_PROCEDURAL_OUTPUT_NO_EXTERNAL_ASSETS,YES,YES_PROJECT_OWNED,NO_EXTERNAL_RESTRICTION,procedural_v8,a18af0e7c8ea1f1ee4132d6ee89f4da5cc697423bfffc5e1ca92bec1fa217ffa,proc::voice::train::00115,478f5b121b321351fbd1c834793bbc061f7664a0e11a01495be81b6d7426fc66,23685023,proc_voice_codec_phase,train,numpy_scipy_project_generator,NO,,,4.098000,16000,0.88844275,0.20615292,-0.00001080,0.00000000,
data/generated_v8/audio/train/voice/proc_voice_train_00116__additive_formant.wav,1,1,0,1,0,proc_train_speaker_49,proc_voice_additive_formant,project_procedural_v8,procedural_v8,,proc_voice_train_00116,proc::voice::train::00116,LOCAL:tools/procedural_audio_v8.py,procedural-v8.1,PROJECT_AUTHORED_PROCEDURAL_OUTPUT_NO_EXTERNAL_ASSETS,YES,YES_PROJECT_OWNED,NO_EXTERNAL_RESTRICTION,procedural_v8,bdfe760b461ae543061de64c60aaa866e2f75a792cd714a9a178de6877c63f3a,proc::voice::train::00116,7c3c5cfff6ec1dcc5cbf4655fac0e9940e1fbad3f2ee1425e7728d053a745157,23685024,proc_voice_additive_formant,train,numpy_scipy_project_generator,NO,,,6.993000,16000,0.82823461,0.15812539,-0.00000057,0.00000000,
data/generated_v8/audio/train/voice/proc_voice_train_00116__pulse_lpc.wav,1,1,0,1,0,proc_train_speaker_49,proc_voice_pulse_lpc,project_procedural_v8,procedural_v8,,proc_voice_train_00116,proc::voice::train::00116,LOCAL:tools/procedural_audio_v8.py,procedural-v8.1,PROJECT_AUTHORED_PROCEDURAL_OUTPUT_NO_EXTERNAL_ASSETS,YES,YES_PROJECT_OWNED,NO_EXTERNAL_RESTRICTION,procedural_v8,bdfe760b461ae543061de64c60aaa866e2f75a792cd714a9a178de6877c63f3a,proc::voice::train::00116,da4dd854a43a3c58bdbc7e9edac38a55a542024fea8b29e65ce126e8b46f5ca9,23685024,proc_voice_pulse_lpc,train,numpy_scipy_project_generator,NO,,,6.993000,16000,0.73680395,0.21991179,-0.00000891,0.00000000,
data/generated_v8/audio/train/voice/proc_voice_train_00116__codec_phase.wav,1,1,0,1,0,proc_train_speaker_49,proc_voice_codec_phase,project_procedural_v8,procedural_v8,,proc_voice_train_00116,proc::voice::train::00116,LOCAL:tools/procedural_audio_v8.py,procedural-v8.1,PROJECT_AUTHORED_PROCEDURAL_OUTPUT_NO_EXTERNAL_ASSETS,YES,YES_PROJECT_OWNED,NO_EXTERNAL_RESTRICTION,procedural_v8,bdfe760b461ae543061de64c60aaa866e2f75a792cd714a9a178de6877c63f3a,proc::voice::train::00116,69151b10c99cae3d3894d28b1f016c21b7083d15fb88f49cbb0841b7f1b49d1b,23685024,proc_voice_codec_phase,train,numpy_scipy_project_generator,NO,,,6.993000,16000,0.88004106,0.25501594,-0.00000105,0.00000000,
data/generated_v8/audio/train/voice/proc_voice_train_00117__additive_formant.wav,1,1,0,1,0,proc_train_speaker_50,proc_voice_additive_formant,project_procedural_v8,procedural_v8,,proc_voice_train_00117,proc::voice::train::00117,LOCAL:tools/procedural_audio_v8.py,procedural-v8.1,PROJECT_AUTHORED_PROCEDURAL_OUTPUT_NO_EXTERNAL_ASSETS,YES,YES_PROJECT_OWNED,NO_EXTERNAL_RESTRICTION,procedural_v8,9c9ff3cae96bf6067e52958f6c39b97892328d259892f0e6a89edd4907eb6b79,proc::voice::train::00117,a7268ab5cfca7bb00825b1965336b60e7af299d336e76c52e219a73caf0712ab,23685025,proc_voice_additive_formant,train,numpy_scipy_project_generator,NO,,,6.415000,16000,0.80109531,0.15789239,-0.00000029,0.00000000,
data/generated_v8/audio/train/voice/proc_voice_train_00117__pulse_lpc.wav,1,1,0,1,0,proc_train_speaker_50,proc_voice_pulse_lpc,project_procedural_v8,procedural_v8,,proc_voice_train_00117,proc::voice::train::00117,LOCAL:tools/procedural_audio_v8.py,procedural-v8.1,PROJECT_AUTHORED_PROCEDURAL_OUTPUT_NO_EXTERNAL_ASSETS,YES,YES_PROJECT_OWNED,NO_EXTERNAL_RESTRICTION,procedural_v8,9c9ff3cae96bf6067e52958f6c39b97892328d259892f0e6a89edd4907eb6b79,proc::voice::train::00117,ac032ab0f3f5e00e93f3a49d35d936b8d2d477650bd7e7ef54d2657771b0851a,23685025,proc_voice_pulse_lpc,train,numpy_scipy_project_generator,NO,,,6.415000,16000,0.77330339,0.20800799,-0.00000525,0.00000000,
data/generated_v8/audio/train/voice/proc_voice_train_00117__codec_phase.wav,1,1,0,1,0,proc_train_speaker_50,proc_voice_codec_phase,project_procedural_v8,procedural_v8,,proc_voice_train_00117,proc::voice::train::00117,LOCAL:tools/procedural_audio_v8.py,procedural-v8.1,PROJECT_AUTHORED_PROCEDURAL_OUTPUT_NO_EXTERNAL_ASSETS,YES,YES_PROJECT_OWNED,NO_EXTERNAL_RESTRICTION,procedural_v8,9c9ff3cae96bf6067e52958f6c39b97892328d259892f0e6a89edd4907eb6b79,proc::voice::train::00117,cdabbe0a6d90e2ad126fca57cdbd7254bac2be1246fdb3334f1889a93ebebc16,23685025,proc_voice_codec_phase,train,numpy_scipy_project_generator,NO,,,6.415000,16000,0.75752437,0.17586290,-0.00000069,0.00000000,
data/generated_v8/audio/train/voice/proc_voice_train_00118__additive_formant.wav,1,1,0,1,0,proc_train_speaker_51,proc_voice_additive_formant,project_procedural_v8,procedural_v8,,proc_voice_train_00118,proc::voice::train::00118,LOCAL:tools/procedural_audio_v8.py,procedural-v8.1,PROJECT_AUTHORED_PROCEDURAL_OUTPUT_NO_EXTERNAL_ASSETS,YES,YES_PROJECT_OWNED,NO_EXTERNAL_RESTRICTION,procedural_v8,91bdcf7a792bded723075d4d2d7ac936a2ed214207e642d3e2d974fdc4ffaa42,proc::voice::train::00118,7e273f552d6e17b097f880896154ce030c35e373906714927b59d0d140f9b21a,23685026,proc_voice_additive_formant,train,numpy_scipy_project_generator,NO,,,6.829000,16000,0.74723703,0.16665210,-0.00000015,0.00000000,
data/generated_v8/audio/train/voice/proc_voice_train_00118__pulse_lpc.wav,1,1,0,1,0,proc_train_speaker_51,proc_voice_pulse_lpc,project_procedural_v8,procedural_v8,,proc_voice_train_00118,proc::voice::train::00118,LOCAL:tools/procedural_audio_v8.py,procedural-v8.1,PROJECT_AUTHORED_PROCEDURAL_OUTPUT_NO_EXTERNAL_ASSETS,YES,YES_PROJECT_OWNED,NO_EXTERNAL_RESTRICTION,procedural_v8,91bdcf7a792bded723075d4d2d7ac936a2ed214207e642d3e2d974fdc4ffaa42,proc::voice::train::00118,54feae17b9f38f7b0ead3e3e5c13cbfba5a2a470dc3c236c7f7f2b194813b877,23685026,proc_voice_pulse_lpc,train,numpy_scipy_project_generator,NO,,,6.829000,16000,0.77216053,0.24789898,-0.00001181,0.00000000,
data/generated_v8/audio/train/voice/proc_voice_train_00118__codec_phase.wav,1,1,0,1,0,proc_train_speaker_51,proc_voice_codec_phase,project_procedural_v8,procedural_v8,,proc_voice_train_00118,proc::voice::train::00118,LOCAL:tools/procedural_audio_v8.py,procedural-v8.1,PROJECT_AUTHORED_PROCEDURAL_OUTPUT_NO_EXTERNAL_ASSETS,YES,YES_PROJECT_OWNED,NO_EXTERNAL_RESTRICTION,procedural_v8,91bdcf7a792bded723075d4d2d7ac936a2ed214207e642d3e2d974fdc4ffaa42,proc::voice::train::00118,4004b167c439b5aa645447b90f61189e0c77387a909714e1f111b5cc4ad58119,23685026,proc_voice_codec_phase,train,numpy_scipy_project_generator,NO,,,6.829000,16000,0.90538466,0.28048382,-0.00000880,0.00000000,
data/generated_v8/audio/train/voice/proc_voice_train_00119__additive_formant.wav,1,1,0,1,0,proc_train_speaker_52,proc_voice_additive_formant,project_procedural_v8,procedural_v8,,proc_voice_train_00119,proc::voice::train::00119,LOCAL:tools/procedural_audio_v8.py,procedural-v8.1,PROJECT_AUTHORED_PROCEDURAL_OUTPUT_NO_EXTERNAL_ASSETS,YES,YES_PROJECT_OWNED,NO_EXTERNAL_RESTRICTION,procedural_v8,47fb0b9859f10daf6252832a021f4554b917278f3b9c1b035be49ee69c164014,proc::voice::train::00119,e2206ac9906354588b5fa26cf9c79510554148a93ac724b4d1f9d549a88ee80c,23685027,proc_voice_additive_formant,train,numpy_scipy_project_generator,NO,,,5.409000,16000,0.84289992,0.14669096,-0.00000034,0.00000000,
data/generated_v8/audio/train/voice/proc_voice_train_00119__pulse_lpc.wav,1,1,0,1,0,proc_train_speaker_52,proc_voice_pulse_lpc,project_procedural_v8,procedural_v8,,proc_voice_train_00119,proc::voice::train::00119,LOCAL:tools/procedural_audio_v8.py,procedural-v8.1,PROJECT_AUTHORED_PROCEDURAL_OUTPUT_NO_EXTERNAL_ASSETS,YES,YES_PROJECT_OWNED,NO_EXTERNAL_RESTRICTION,procedural_v8,47fb0b9859f10daf6252832a021f4554b917278f3b9c1b035be49ee69c164014,proc::voice::train::00119,340398697da8069cbccd08051bc2cf8994567214431b0ab5d0cdad5d4f3fe94f,23685027,proc_voice_pulse_lpc,train,numpy_scipy_project_generator,NO,,,5.409000,16000,0.77389383,0.19090804,-0.00000697,0.00000000,
data/generated_v8/audio/train/voice/proc_voice_train_00119__codec_phase.wav,1,1,0,1,0,proc_train_speaker_52,proc_voice_codec_phase,project_procedural_v8,procedural_v8,,proc_voice_train_00119,proc::voice::train::00119,LOCAL:tools/procedural_audio_v8.py,procedural-v8.1,PROJECT_AUTHORED_PROCEDURAL_OUTPUT_NO_EXTERNAL_ASSETS,YES,YES_PROJECT_OWNED,NO_EXTERNAL_RESTRICTION,procedural_v8,47fb0b9859f10daf6252832a021f4554b917278f3b9c1b035be49ee69c164014,proc::voice::train::00119,9cddfab326238a1d9af96443f0cd5138b0a00196f36d25ed4f45eb4ea8004afe,23685027,proc_voice_codec_phase,train,numpy_scipy_project_generator,NO,,,5.409000,16000,0.79931724,0.17747156,-0.00000041,0.00000000,
data/generated_v8/audio/val_unseen_generator/voice/proc_voice_val_unseen_generator_00000__phase_locked_unseen.wav,1,1,0,1,0,proc_val_unseen_generator_speaker_39,proc_voice_phase_locked_unseen,project_procedural_v8,procedural_v8,,proc_voice_val_unseen_generator_00000,proc::voice::val_unseen_generator::00000,LOCAL:tools/procedural_audio_v8.py,procedural-v8.1,PROJECT_AUTHORED_PROCEDURAL_OUTPUT_NO_EXTERNAL_ASSETS,YES,YES_PROJECT_OWNED,NO_EXTERNAL_RESTRICTION,procedural_v8,f78b18fa4a3174ad3850d6acfc7ae09621915081df6ae788aa1b6d28a23d0459,proc::voice::val_unseen_generator::00000,a57beb3627ee9a82a86abfe882a2c2541adbbef83157f160c9f0c5381c6c8efe,23694908,proc_voice_phase_locked_unseen,val_unseen_generator,numpy_scipy_project_generator,NO,,,6.990000,16000,0.74704707,0.38570500,-0.00005975,0.00000000,
data/generated_v8/audio/val_unseen_generator/voice/proc_voice_val_unseen_generator_00001__phase_locked_unseen.wav,1,1,0,1,0,proc_val_unseen_generator_speaker_40,proc_voice_phase_locked_unseen,project_procedural_v8,procedural_v8,,proc_voice_val_unseen_generator_00001,proc::voice::val_unseen_generator::00001,LOCAL:tools/procedural_audio_v8.py,procedural-v8.1,PROJECT_AUTHORED_PROCEDURAL_OUTPUT_NO_EXTERNAL_ASSETS,YES,YES_PROJECT_OWNED,NO_EXTERNAL_RESTRICTION,procedural_v8,96dd201a4dac273842d8246396e09c4a440d06d8d8a9c91ce5c11cf52a3697f0,proc::voice::val_unseen_generator::00001,ddf7e8ead47e131c31dee43469f3df6fb5413e62cf3682ba714833c56d8949c3,23694909,proc_voice_phase_locked_unseen,val_unseen_generator,numpy_scipy_project_generator,NO,,,5.685000,16000,0.75119954,0.40239530,-0.00007299,0.00000000,
data/generated_v8/audio/val_unseen_generator/voice/proc_voice_val_unseen_generator_00002__phase_locked_unseen.wav,1,1,0,1,0,proc_val_unseen_generator_speaker_41,proc_voice_phase_locked_unseen,project_procedural_v8,procedural_v8,,proc_voice_val_unseen_generator_00002,proc::voice::val_unseen_generator::00002,LOCAL:tools/procedural_audio_v8.py,procedural-v8.1,PROJECT_AUTHORED_PROCEDURAL_OUTPUT_NO_EXTERNAL_ASSETS,YES,YES_PROJECT_OWNED,NO_EXTERNAL_RESTRICTION,procedural_v8,a0a9b567eefea133749b788647a993c560f11fb31f300c63ec08b650c6ae8111,proc::voice::val_unseen_generator::00002,89e0254ada3b39c49fcad611e60f7b13626d01da5eef2b5e94f0d415a3a903c1,23694910,proc_voice_phase_locked_unseen,val_unseen_generator,numpy_scipy_project_generator,NO,,,3.746000,16000,0.79393184,0.39008913,-0.00008006,0.00000000,
data/generated_v8/audio/val_unseen_generator/voice/proc_voice_val_unseen_generator_00003__phase_locked_unseen.wav,1,1,0,1,0,proc_val_unseen_generator_speaker_42,proc_voice_phase_locked_unseen,project_procedural_v8,procedural_v8,,proc_voice_val_unseen_generator_00003,proc::voice::val_unseen_generator::00003,LOCAL:tools/procedural_audio_v8.py,procedural-v8.1,PROJECT_AUTHORED_PROCEDURAL_OUTPUT_NO_EXTERNAL_ASSETS,YES,YES_PROJECT_OWNED,NO_EXTERNAL_RESTRICTION,procedural_v8,ddaf07cd26de490b653e453ec43a2d5e007e7feedc2893d0e4500390adf23563,proc::voice::val_unseen_generator::00003,cfa8b502f8deb51a596ce24b5e65d1d2c050f8d420561d041670b7a4c6f834a2,23694911,proc_voice_phase_locked_unseen,val_unseen_generator,numpy_scipy_project_generator,NO,,,4.272000,16000,0.85019678,0.36708540,-0.00005215,0.00000000,
data/generated_v8/audio/val_unseen_generator/voice/proc_voice_val_unseen_generator_00004__phase_locked_unseen.wav,1,1,0,1,0,proc_val_unseen_generator_speaker_43,proc_voice_phase_locked_unseen,project_procedural_v8,procedural_v8,,proc_voice_val_unseen_generator_00004,proc::voice::val_unseen_generator::00004,LOCAL:tools/procedural_audio_v8.py,procedural-v8.1,PROJECT_AUTHORED_PROCEDURAL_OUTPUT_NO_EXTERNAL_ASSETS,YES,YES_PROJECT_OWNED,NO_EXTERNAL_RESTRICTION,procedural_v8,819eea97ec3b623a9cf1a5a8b36190ad5a882d5753e01c9975ed32664423ed82,proc::voice::val_unseen_generator::00004,60d5e52eb7d4e27fdb338409b2e167e0c2aef7db7e22ca3cef9b8f7fd6165904,23694912,proc_voice_phase_locked_unseen,val_unseen_generator,numpy_scipy_project_generator,NO,,,5.783000,16000,0.83576322,0.43674106,-0.00008762,0.00000000,
data/generated_v8/audio/val_unseen_generator/voice/proc_voice_val_unseen_generator_00005__phase_locked_unseen.wav,1,1,0,1,0,proc_val_unseen_generator_speaker_44,proc_voice_phase_locked_unseen,project_procedural_v8,procedural_v8,,proc_voice_val_unseen_generator_00005,proc::voice::val_unseen_generator::00005,LOCAL:tools/procedural_audio_v8.py,procedural-v8.1,PROJECT_AUTHORED_PROCEDURAL_OUTPUT_NO_EXTERNAL_ASSETS,YES,YES_PROJECT_OWNED,NO_EXTERNAL_RESTRICTION,procedural_v8,fbb4020b1db27770f79763135554f112438e3e9e48d7541b8f08c9d45fb68655,proc::voice::val_unseen_generator::00005,a64f38bf851310b149984eae4a15822ade4e0d863aa6449abaf35548139889f9,23694913,proc_voice_phase_locked_unseen,val_unseen_generator,numpy_scipy_project_generator,NO,,,5.562000,16000,0.83142632,0.47424704,-0.00007359,0.00000000,
data/generated_v8/audio/val_unseen_generator/voice/proc_voice_val_unseen_generator_00006__phase_locked_unseen.wav,1,1,0,1,0,proc_val_unseen_generator_speaker_45,proc_voice_phase_locked_unseen,project_procedural_v8,procedural_v8,,proc_voice_val_unseen_generator_00006,proc::voice::val_unseen_generator::00006,LOCAL:tools/procedural_audio_v8.py,procedural-v8.1,PROJECT_AUTHORED_PROCEDURAL_OUTPUT_NO_EXTERNAL_ASSETS,YES,YES_PROJECT_OWNED,NO_EXTERNAL_RESTRICTION,procedural_v8,b05a484f1321a6814192d2581cc2ef48c31d3bb827de9368e56fcde91f2d53f0,proc::voice::val_unseen_generator::00006,72fb9dd3d0949a844453faf7f3a1dcace5ab4e4329702799e3b0f41ccc2752ab,23694914,proc_voice_phase_locked_unseen,val_unseen_generator,numpy_scipy_project_generator,NO,,,6.363000,16000,0.79634643,0.44044956,-0.00004461,0.00000000,
data/generated_v8/audio/val_unseen_generator/voice/proc_voice_val_unseen_generator_00007__phase_locked_unseen.wav,1,1,0,1,0,proc_val_unseen_generator_speaker_46,proc_voice_phase_locked_unseen,project_procedural_v8,procedural_v8,,proc_voice_val_unseen_generator_00007,proc::voice::val_unseen_generator::00007,LOCAL:tools/procedural_audio_v8.py,procedural-v8.1,PROJECT_AUTHORED_PROCEDURAL_OUTPUT_NO_EXTERNAL_ASSETS,YES,YES_PROJECT_OWNED,NO_EXTERNAL_RESTRICTION,procedural_v8,d9893b6e238f516d1066758410e10de81090efb18c77bd92f059bdc6997804f8,proc::voice::val_unseen_generator::00007,b17ac71220f035b21a8f541078f242b92468e79f017ce9765743147fa31a9203,23694915,proc_voice_phase_locked_unseen,val_unseen_generator,numpy_scipy_project_generator,NO,,,6.100000,16000,0.84990907,0.50967923,-0.00006120,0.00000000,
data/generated_v8/audio/val_unseen_generator/voice/proc_voice_val_unseen_generator_00008__phase_locked_unseen.wav,1,1,0,1,0,proc_val_unseen_generator_speaker_47,proc_voice_phase_locked_unseen,project_procedural_v8,procedural_v8,,proc_voice_val_unseen_generator_00008,proc::voice::val_unseen_generator::00008,LOCAL:tools/procedural_audio_v8.py,procedural-v8.1,PROJECT_AUTHORED_PROCEDURAL_OUTPUT_NO_EXTERNAL_ASSETS,YES,YES_PROJECT_OWNED,NO_EXTERNAL_RESTRICTION,procedural_v8,f0b49d27284029144cdd09f1d8b7d85ff21c53a293e7fa6ab5f37771b383382e,proc::voice::val_unseen_generator::00008,dd75c1bdf833e88077407f37c2f1ad428758857db1fa0d41b9eb08882d75e680,23694916,proc_voice_phase_locked_unseen,val_unseen_generator,numpy_scipy_project_generator,NO,,,5.898000,16000,0.87679410,0.47930669,-0.00008873,0.00000000,
data/generated_v8/audio/val_unseen_generator/voice/proc_voice_val_unseen_generator_00009__phase_locked_unseen.wav,1,1,0,1,0,proc_val_unseen_generator_speaker_48,proc_voice_phase_locked_unseen,project_procedural_v8,procedural_v8,,proc_voice_val_unseen_generator_00009,proc::voice::val_unseen_generator::00009,LOCAL:tools/procedural_audio_v8.py,procedural-v8.1,PROJECT_AUTHORED_PROCEDURAL_OUTPUT_NO_EXTERNAL_ASSETS,YES,YES_PROJECT_OWNED,NO_EXTERNAL_RESTRICTION,procedural_v8,f4b2d952a5e6e95002833a23eae88d3e3b6ff2b0e985b00525289d3ff08db4a2,proc::voice::val_unseen_generator::00009,c598e471797e8c9a6baa642f6251f087bd41f08d32e44bff53ce17800473c935,23694917,proc_voice_phase_locked_unseen,val_unseen_generator,numpy_scipy_project_generator,NO,,,4.312000,16000,0.78741908,0.38645792,-0.00006725,0.00000000,
data/generated_v8/audio/val_unseen_generator/voice/proc_voice_val_unseen_generator_00010__phase_locked_unseen.wav,1,1,0,1,0,proc_val_unseen_generator_speaker_49,proc_voice_phase_locked_unseen,project_procedural_v8,procedural_v8,,proc_voice_val_unseen_generator_00010,proc::voice::val_unseen_generator::00010,LOCAL:tools/procedural_audio_v8.py,procedural-v8.1,PROJECT_AUTHORED_PROCEDURAL_OUTPUT_NO_EXTERNAL_ASSETS,YES,YES_PROJECT_OWNED,NO_EXTERNAL_RESTRICTION,procedural_v8,c8fbe154b5b3a7af85709d288b63c4c0ce9f8126e3b8434423c3073229257b4f,proc::voice::val_unseen_generator::00010,5cabfb90edb20e2cd003e2601e0a108a024d1595a84bb8d1d98b32fa7056242c,23694918,proc_voice_phase_locked_unseen,val_unseen_generator,numpy_scipy_project_generator,NO,,,6.096000,16000,0.77442944,0.45243867,-0.00006102,0.00000000,
data/generated_v8/audio/val_unseen_generator/voice/proc_voice_val_unseen_generator_00011__phase_locked_unseen.wav,1,1,0,1,0,proc_val_unseen_generator_speaker_50,proc_voice_phase_locked_unseen,project_procedural_v8,procedural_v8,,proc_voice_val_unseen_generator_00011,proc::voice::val_unseen_generator::00011,LOCAL:tools/procedural_audio_v8.py,procedural-v8.1,PROJECT_AUTHORED_PROCEDURAL_OUTPUT_NO_EXTERNAL_ASSETS,YES,YES_PROJECT_OWNED,NO_EXTERNAL_RESTRICTION,procedural_v8,4b44f8f25e206fb047c0e7224aa345dc523cde7c05cf60bd7eb42711213a8ff4,proc::voice::val_unseen_generator::00011,e4bfdc387f61883f952366366b180cd32bcf0d7151c0bb19e50f7f3c32ad5ef4,23694919,proc_voice_phase_locked_unseen,val_unseen_generator,numpy_scipy_project_generator,NO,,,6.952000,16000,0.77638751,0.37900497,-0.00004959,0.00000000,
data/generated_v8/audio/val_unseen_generator/voice/proc_voice_val_unseen_generator_00012__phase_locked_unseen.wav,1,1,0,1,0,proc_val_unseen_generator_speaker_51,proc_voice_phase_locked_unseen,project_procedural_v8,procedural_v8,,proc_voice_val_unseen_generator_00012,proc::voice::val_unseen_generator::00012,LOCAL:tools/procedural_audio_v8.py,procedural-v8.1,PROJECT_AUTHORED_PROCEDURAL_OUTPUT_NO_EXTERNAL_ASSETS,YES,YES_PROJECT_OWNED,NO_EXTERNAL_RESTRICTION,procedural_v8,e95e6f18498d5d9e310f906d8b4b8ef586228bf3d6aeef76d411e9531448e27d,proc::voice::val_unseen_generator::00012,f5643eb753daf9113a0fce033dcaf6ac0906acda4120e81f8b3a19022e90cf3d,23694920,proc_voice_phase_locked_unseen,val_unseen_generator,numpy_scipy_project_generator,NO,,,6.346000,16000,0.74094599,0.40120044,-0.00006293,0.00000000,
data/generated_v8/audio/val_unseen_generator/voice/proc_voice_val_unseen_generator_00013__phase_locked_unseen.wav,1,1,0,1,0,proc_val_unseen_generator_speaker_52,proc_voice_phase_locked_unseen,project_procedural_v8,procedural_v8,,proc_voice_val_unseen_generator_00013,proc::voice::val_unseen_generator::00013,LOCAL:tools/procedural_audio_v8.py,procedural-v8.1,PROJECT_AUTHORED_PROCEDURAL_OUTPUT_NO_EXTERNAL_ASSETS,YES,YES_PROJECT_OWNED,NO_EXTERNAL_RESTRICTION,procedural_v8,f5db26c7aba00bf30114ce06fd3f41dd37fb35a6ec88b7f83097bbf930006764,proc::voice::val_unseen_generator::00013,c6aae5b51679bc9879058eae01bad4f50f1b55dad9b18b5d4dd88344c7690194,23694921,proc_voice_phase_locked_unseen,val_unseen_generator,numpy_scipy_project_generator,NO,,,4.111000,16000,0.74341232,0.31284480,-0.00004120,0.00000000,
data/generated_v8/audio/val_unseen_generator/voice/proc_voice_val_unseen_generator_00014__phase_locked_unseen.wav,1,1,0,1,0,proc_val_unseen_generator_speaker_53,proc_voice_phase_locked_unseen,project_procedural_v8,procedural_v8,,proc_voice_val_unseen_generator_00014,proc::voice::val_unseen_generator::00014,LOCAL:tools/procedural_audio_v8.py,procedural-v8.1,PROJECT_AUTHORED_PROCEDURAL_OUTPUT_NO_EXTERNAL_ASSETS,YES,YES_PROJECT_OWNED,NO_EXTERNAL_RESTRICTION,procedural_v8,cbcc28a6b0f8b06882f956ab6b23d8e7012ffa314ad6930b7fd3d1f8f76822c0,proc::voice::val_unseen_generator::00014,35072bfb38734abe387b3248acfe4a4b0a56a793f6005517ea3521f062689bce,23694922,proc_voice_phase_locked_unseen,val_unseen_generator,numpy_scipy_project_generator,NO,,,4.894000,16000,0.84615809,0.43356322,-0.00008406,0.00000000,
data/generated_v8/audio/val_unseen_generator/voice/proc_voice_val_unseen_generator_00015__phase_locked_unseen.wav,1,1,0,1,0,proc_val_unseen_generator_speaker_54,proc_voice_phase_locked_unseen,project_procedural_v8,procedural_v8,,proc_voice_val_unseen_generator_00015,proc::voice::val_unseen_generator::00015,LOCAL:tools/procedural_audio_v8.py,procedural-v8.1,PROJECT_AUTHORED_PROCEDURAL_OUTPUT_NO_EXTERNAL_ASSETS,YES,YES_PROJECT_OWNED,NO_EXTERNAL_RESTRICTION,procedural_v8,d447080c9edb9e16f9167a8404224e9d49ac772adfd544835652271f5e717b8c,proc::voice::val_unseen_generator::00015,268468e7282af49b326d096bb9ac6e27262061e30c5b6ee613f7136453dfcdee,23694923,proc_voice_phase_locked_unseen,val_unseen_generator,numpy_scipy_project_generator,NO,,,5.768000,16000,0.81507373,0.39631316,-0.00004349,0.00000000,
data/generated_v8/audio/val_unseen_generator/voice/proc_voice_val_unseen_generator_00016__phase_locked_unseen.wav,1,1,0,1,0,proc_val_unseen_generator_speaker_55,proc_voice_phase_locked_unseen,project_procedural_v8,procedural_v8,,proc_voice_val_unseen_generator_00016,proc::voice::val_unseen_generator::00016,LOCAL:tools/procedural_audio_v8.py,procedural-v8.1,PROJECT_AUTHORED_PROCEDURAL_OUTPUT_NO_EXTERNAL_ASSETS,YES,YES_PROJECT_OWNED,NO_EXTERNAL_RESTRICTION,procedural_v8,1869751847567b9d7ea99b4e4d7f126abfc4c04a59a96439ff941a34329546c9,proc::voice::val_unseen_generator::00016,5f837d83357483d3e4eb6a33dc415e202f690f05efbb7ea037b9a1c2bf38ba66,23694924,proc_voice_phase_locked_unseen,val_unseen_generator,numpy_scipy_project_generator,NO,,,7.180000,16000,0.80273837,0.45421245,-0.00006973,0.00000000,
data/generated_v8/audio/val_unseen_generator/voice/proc_voice_val_unseen_generator_00017__phase_locked_unseen.wav,1,1,0,1,0,proc_val_unseen_generator_speaker_56,proc_voice_phase_locked_unseen,project_procedural_v8,procedural_v8,,proc_voice_val_unseen_generator_00017,proc::voice::val_unseen_generator::00017,LOCAL:tools/procedural_audio_v8.py,procedural-v8.1,PROJECT_AUTHORED_PROCEDURAL_OUTPUT_NO_EXTERNAL_ASSETS,YES,YES_PROJECT_OWNED,NO_EXTERNAL_RESTRICTION,procedural_v8,65cbaaaa5248f879b740ad30c55305d104219eb4e8fe956aa9e743f357558bd5,proc::voice::val_unseen_generator::00017,9a92c39c049947617c524c9ab1269ab80221eee19caaafe5184ddf7dbeb4b25b,23694925,proc_voice_phase_locked_unseen,val_unseen_generator,numpy_scipy_project_generator,NO,,,3.440000,16000,0.76464248,0.38947647,-0.00010754,0.00000000,
data/generated_v8/audio/val_unseen_generator/voice/proc_voice_val_unseen_generator_00018__phase_locked_unseen.wav,1,1,0,1,0,proc_val_unseen_generator_speaker_57,proc_voice_phase_locked_unseen,project_procedural_v8,procedural_v8,,proc_voice_val_unseen_generator_00018,proc::voice::val_unseen_generator::00018,LOCAL:tools/procedural_audio_v8.py,procedural-v8.1,PROJECT_AUTHORED_PROCEDURAL_OUTPUT_NO_EXTERNAL_ASSETS,YES,YES_PROJECT_OWNED,NO_EXTERNAL_RESTRICTION,procedural_v8,cae7247ea89f3b5fb20d3bf18b504f9b6771a10b111475ab0c4507fde1d11d75,proc::voice::val_unseen_generator::00018,1d0df373a29174587de29fca362a48d00e5f8cc844edcb91d930dd984c5dd31c,23694926,proc_voice_phase_locked_unseen,val_unseen_generator,numpy_scipy_project_generator,NO,,,7.023000,16000,0.74511915,0.43589444,-0.00007658,0.00000000,
data/generated_v8/audio/val_unseen_generator/voice/proc_voice_val_unseen_generator_00019__phase_locked_unseen.wav,1,1,0,1,0,proc_val_unseen_generator_speaker_58,proc_voice_phase_locked_unseen,project_procedural_v8,procedural_v8,,proc_voice_val_unseen_generator_00019,proc::voice::val_unseen_generator::00019,LOCAL:tools/procedural_audio_v8.py,procedural-v8.1,PROJECT_AUTHORED_PROCEDURAL_OUTPUT_NO_EXTERNAL_ASSETS,YES,YES_PROJECT_OWNED,NO_EXTERNAL_RESTRICTION,procedural_v8,8d396e042f9bf3bf4066027d81d9a6f82adaeb456eb7258d9dee2a3bbf4fdf23,proc::voice::val_unseen_generator::00019,cc7b35700b8225154c43d36cd7d0ced84cfa76df5c7632dbb1ddc99cadde781d,23694927,proc_voice_phase_locked_unseen,val_unseen_generator,numpy_scipy_project_generator,NO,,,3.823000,16000,0.78222769,0.43519887,-0.00011206,0.00000000,
data/generated_v8/audio/val_unseen_generator/voice/proc_voice_val_unseen_generator_00020__phase_locked_unseen.wav,1,1,0,1,0,proc_val_unseen_generator_speaker_59,proc_voice_phase_locked_unseen,project_procedural_v8,procedural_v8,,proc_voice_val_unseen_generator_00020,proc::voice::val_unseen_generator::00020,LOCAL:tools/procedural_audio_v8.py,procedural-v8.1,PROJECT_AUTHORED_PROCEDURAL_OUTPUT_NO_EXTERNAL_ASSETS,YES,YES_PROJECT_OWNED,NO_EXTERNAL_RESTRICTION,procedural_v8,972b91503d4ebb2f6c095e5a523ca512cdc770dd1f07de31a786592d7ec1ed88,proc::voice::val_unseen_generator::00020,5690c4698c522c7b57febae3c97e32d5f5d5566dc077dfbc98a1f6ea51996284,23694928,proc_voice_phase_locked_unseen,val_unseen_generator,numpy_scipy_project_generator,NO,,,7.144000,16000,0.86093080,0.47276691,-0.00005703,0.00000000,
data/generated_v8/audio/val_unseen_generator/voice/proc_voice_val_unseen_generator_00021__phase_locked_unseen.wav,1,1,0,1,0,proc_val_unseen_generator_speaker_60,proc_voice_phase_locked_unseen,project_procedural_v8,procedural_v8,,proc_voice_val_unseen_generator_00021,proc::voice::val_unseen_generator::00021,LOCAL:tools/procedural_audio_v8.py,procedural-v8.1,PROJECT_AUTHORED_PROCEDURAL_OUTPUT_NO_EXTERNAL_ASSETS,YES,YES_PROJECT_OWNED,NO_EXTERNAL_RESTRICTION,procedural_v8,0761a8cd06be0a975d2ee750d309bf8b960bcebf474ee30f57d13f2bbed00d5d,proc::voice::val_unseen_generator::00021,ee7c2739bdd68a8fd21ab118874caf8cb1e5dc4ab89c90dcd94a315150ec16c3,23694929,proc_voice_phase_locked_unseen,val_unseen_generator,numpy_scipy_project_generator,NO,,,6.399000,16000,0.84793049,0.44723159,-0.00004731,0.00000000,
data/generated_v8/audio/val_unseen_generator/voice/proc_voice_val_unseen_generator_00022__phase_locked_unseen.wav,1,1,0,1,0,proc_val_unseen_generator_speaker_61,proc_voice_phase_locked_unseen,project_procedural_v8,procedural_v8,,proc_voice_val_unseen_generator_00022,proc::voice::val_unseen_generator::00022,LOCAL:tools/procedural_audio_v8.py,procedural-v8.1,PROJECT_AUTHORED_PROCEDURAL_OUTPUT_NO_EXTERNAL_ASSETS,YES,YES_PROJECT_OWNED,NO_EXTERNAL_RESTRICTION,procedural_v8,740aa3192c1bf96e2d21b2cb9a7058d41a1da5d49992e65edd3dc2e42a9d7566,proc::voice::val_unseen_generator::00022,d93774ba69f981e415d15930b6e42e45e58274dab5e160efde9380db7f0e5eaa,23694930,proc_voice_phase_locked_unseen,val_unseen_generator,numpy_scipy_project_generator,NO,,,5.524000,16000,0.83441597,0.48001304,-0.00008466,0.00000000,
data/generated_v8/audio/val_unseen_generator/voice/proc_voice_val_unseen_generator_00023__phase_locked_unseen.wav,1,1,0,1,0,proc_val_unseen_generator_speaker_62,proc_voice_phase_locked_unseen,project_procedural_v8,procedural_v8,,proc_voice_val_unseen_generator_00023,proc::voice::val_unseen_generator::00023,LOCAL:tools/procedural_audio_v8.py,procedural-v8.1,PROJECT_AUTHORED_PROCEDURAL_OUTPUT_NO_EXTERNAL_ASSETS,YES,YES_PROJECT_OWNED,NO_EXTERNAL_RESTRICTION,procedural_v8,427ec0d300ab5e01244217a3d2e9a6701d2089cfe6f0aec089bda2cecc8c197a,proc::voice::val_unseen_generator::00023,17f30e210035f70fd42e28b5ede6b71dae2de3178bad20de84a1678e8c90a1ba,23694931,proc_voice_phase_locked_unseen,val_unseen_generator,numpy_scipy_project_generator,NO,,,5.827000,16000,0.83314186,0.52701068,-0.00008814,0.00000000,
data/generated_v8/audio/val_unseen_generator/voice/proc_voice_val_unseen_generator_00024__phase_locked_unseen.wav,1,1,0,1,0,proc_val_unseen_generator_speaker_63,proc_voice_phase_locked_unseen,project_procedural_v8,procedural_v8,,proc_voice_val_unseen_generator_00024,proc::voice::val_unseen_generator::00024,LOCAL:tools/procedural_audio_v8.py,procedural-v8.1,PROJECT_AUTHORED_PROCEDURAL_OUTPUT_NO_EXTERNAL_ASSETS,YES,YES_PROJECT_OWNED,NO_EXTERNAL_RESTRICTION,procedural_v8,a06b4e29d98d492f397b1fb86f8bcf9dfcf07d60318dd9b1e08f375d8dcd6336,proc::voice::val_unseen_generator::00024,1d1625af079bbb57e545e3fc654365b460f90e86eeba164d9487613f797515f0,23694932,proc_voice_phase_locked_unseen,val_unseen_generator,numpy_scipy_project_generator,NO,,,4.623000,16000,0.84245563,0.52150405,-0.00015578,0.00000000,
data/generated_v8/audio/val_unseen_generator/voice/proc_voice_val_unseen_generator_00025__phase_locked_unseen.wav,1,1,0,1,0,proc_val_unseen_generator_speaker_64,proc_voice_phase_locked_unseen,project_procedural_v8,procedural_v8,,proc_voice_val_unseen_generator_00025,proc::voice::val_unseen_generator::00025,LOCAL:tools/procedural_audio_v8.py,procedural-v8.1,PROJECT_AUTHORED_PROCEDURAL_OUTPUT_NO_EXTERNAL_ASSETS,YES,YES_PROJECT_OWNED,NO_EXTERNAL_RESTRICTION,procedural_v8,8326301bfd26bc525279cc92718a13d33614ac0da9921959fae9a17e3f50df6d,proc::voice::val_unseen_generator::00025,f6791bd67309680a3eadb65eddd389eb845250522586dccb01caddc3ad546dde,23694933,proc_voice_phase_locked_unseen,val_unseen_generator,numpy_scipy_project_generator,NO,,,4.273000,16000,0.89833736,0.46380309,-0.00001429,0.00000000,
data/generated_v8/audio/val_unseen_generator/voice/proc_voice_val_unseen_generator_00026__phase_locked_unseen.wav,1,1,0,1,0,proc_val_unseen_generator_speaker_65,proc_voice_phase_locked_unseen,project_procedural_v8,procedural_v8,,proc_voice_val_unseen_generator_00026,proc::voice::val_unseen_generator::00026,LOCAL:tools/procedural_audio_v8.py,procedural-v8.1,PROJECT_AUTHORED_PROCEDURAL_OUTPUT_NO_EXTERNAL_ASSETS,YES,YES_PROJECT_OWNED,NO_EXTERNAL_RESTRICTION,procedural_v8,faf37f74b60f6aa724a1693a45460028cbe82ca0efcb6dd7c397dd01457dca01,proc::voice::val_unseen_generator::00026,eea2080c60c1b9a54d647168ff49399c266556e74c3cd741eb01537ee1573d13,23694934,proc_voice_phase_locked_unseen,val_unseen_generator,numpy_scipy_project_generator,NO,,,4.888000,16000,0.80031276,0.44974212,-0.00008900,0.00000000,
data/generated_v8/audio/val_unseen_generator/voice/proc_voice_val_unseen_generator_00027__phase_locked_unseen.wav,1,1,0,1,0,proc_val_unseen_generator_speaker_66,proc_voice_phase_locked_unseen,project_procedural_v8,procedural_v8,,proc_voice_val_unseen_generator_00027,proc::voice::val_unseen_generator::00027,LOCAL:tools/procedural_audio_v8.py,procedural-v8.1,PROJECT_AUTHORED_PROCEDURAL_OUTPUT_NO_EXTERNAL_ASSETS,YES,YES_PROJECT_OWNED,NO_EXTERNAL_RESTRICTION,procedural_v8,d40709d3a8321d86c577dacef66cd02ead66437640304061f3f85d1e7ab2ecd5,proc::voice::val_unseen_generator::00027,530a5477b47f67cd9f7da9c07fdb375a1ff3ff79c98fa121c50aa28cce828e57,23694935,proc_voice_phase_locked_unseen,val_unseen_generator,numpy_scipy_project_generator,NO,,,6.527000,16000,0.73770064,0.39136438,-0.00005642,0.00000000,
data/generated_v8/audio/val_unseen_generator/voice/proc_voice_val_unseen_generator_00028__phase_locked_unseen.wav,1,1,0,1,0,proc_val_unseen_generator_speaker_67,proc_voice_phase_locked_unseen,project_procedural_v8,procedural_v8,,proc_voice_val_unseen_generator_00028,proc::voice::val_unseen_generator::00028,LOCAL:tools/procedural_audio_v8.py,procedural-v8.1,PROJECT_AUTHORED_PROCEDURAL_OUTPUT_NO_EXTERNAL_ASSETS,YES,YES_PROJECT_OWNED,NO_EXTERNAL_RESTRICTION,procedural_v8,4241504a0bc7ebbc3e961875816832285811d1a0d80292d008d869c0d9690b92,proc::voice::val_unseen_generator::00028,b634a85969cc534ba8ed6a0bc06217023f3836e581eccfbfac3b78f8b3692bc4,23694936,proc_voice_phase_locked_unseen,val_unseen_generator,numpy_scipy_project_generator,NO,,,4.755000,16000,0.89925843,0.53853893,-0.00010205,0.00000000,
data/generated_v8/audio/val_unseen_generator/voice/proc_voice_val_unseen_generator_00029__phase_locked_unseen.wav,1,1,0,1,0,proc_val_unseen_generator_speaker_68,proc_voice_phase_locked_unseen,project_procedural_v8,procedural_v8,,proc_voice_val_unseen_generator_00029,proc::voice::val_unseen_generator::00029,LOCAL:tools/procedural_audio_v8.py,procedural-v8.1,PROJECT_AUTHORED_PROCEDURAL_OUTPUT_NO_EXTERNAL_ASSETS,YES,YES_PROJECT_OWNED,NO_EXTERNAL_RESTRICTION,procedural_v8,f851b3a51d9dc7c065508de76a73af85128eec5577274147db3e822c6b84bf4c,proc::voice::val_unseen_generator::00029,d4d391b31726753cba20fb6472a550ff3eac66e4d0b45c22645888a7cf1fb1c5,23694937,proc_voice_phase_locked_unseen,val_unseen_generator,numpy_scipy_project_generator,NO,,,6.944000,16000,0.77562737,0.43041183,-0.00006012,0.00000000,
data/generated_v8/audio/train/music/proc_music_train_00000__additive_band.wav,1,0,1,0,1,,proc_music_additive_band,project_procedural_v8,procedural_v8,,proc_music_train_00000,proc::music::train::00000,LOCAL:tools/procedural_audio_v8.py,procedural-v8.1,PROJECT_AUTHORED_PROCEDURAL_OUTPUT_NO_EXTERNAL_ASSETS,YES,YES_PROJECT_OWNED,NO_EXTERNAL_RESTRICTION,procedural_v8,a72275cc28ce0a4cc83723907119bfe39b2533a9e1dffea66a3c4b61598b43a4,proc::music::train::00000,4ab7ab1023fc89c51a72983580d15f778a06f8e371abf6d28cac32c1f58ac132,23704908,proc_music_additive_band,train,numpy_scipy_project_generator,NO,,,6.228000,16000,0.81423056,0.19916287,-0.00009430,0.00000000,
data/generated_v8/audio/train/music/proc_music_train_00000__fm_percussive.wav,1,0,1,0,1,,proc_music_fm_percussive,project_procedural_v8,procedural_v8,,proc_music_train_00000,proc::music::train::00000,LOCAL:tools/procedural_audio_v8.py,procedural-v8.1,PROJECT_AUTHORED_PROCEDURAL_OUTPUT_NO_EXTERNAL_ASSETS,YES,YES_PROJECT_OWNED,NO_EXTERNAL_RESTRICTION,procedural_v8,a72275cc28ce0a4cc83723907119bfe39b2533a9e1dffea66a3c4b61598b43a4,proc::music::train::00000,e10b34f56f6ebd4faef1a9cd602aae5d25dcaee229050d5a63f7f5554f13353f,23704908,proc_music_fm_percussive,train,numpy_scipy_project_generator,NO,,,6.228000,16000,0.70577931,0.17519978,-0.00007319,0.00000000,
data/generated_v8/audio/train/music/proc_music_train_00000__subtractive_sequence.wav,1,0,1,0,1,,proc_music_subtractive_sequence,project_procedural_v8,procedural_v8,,proc_music_train_00000,proc::music::train::00000,LOCAL:tools/procedural_audio_v8.py,procedural-v8.1,PROJECT_AUTHORED_PROCEDURAL_OUTPUT_NO_EXTERNAL_ASSETS,YES,YES_PROJECT_OWNED,NO_EXTERNAL_RESTRICTION,procedural_v8,a72275cc28ce0a4cc83723907119bfe39b2533a9e1dffea66a3c4b61598b43a4,proc::music::train::00000,284d873e5ecddb669b696684204d182748de1933644d7ee7af8633e582a58ce1,23704908,proc_music_subtractive_sequence,train,numpy_scipy_project_generator,NO,,,6.228000,16000,0.84664035,0.16312949,-0.00008744,0.00000000,
data/generated_v8/audio/train/music/proc_music_train_00001__additive_band.wav,1,0,1,0,1,,proc_music_additive_band,project_procedural_v8,procedural_v8,,proc_music_train_00001,proc::music::train::00001,LOCAL:tools/procedural_audio_v8.py,procedural-v8.1,PROJECT_AUTHORED_PROCEDURAL_OUTPUT_NO_EXTERNAL_ASSETS,YES,YES_PROJECT_OWNED,NO_EXTERNAL_RESTRICTION,procedural_v8,13fa4b77b014179e24bbab008073177effb3223b67499d3e11ed73aa0794cbd6,proc::music::train::00001,5b043f90550aec7173fb53a1e8bbe838e535d062a0f1538f33d54af90b0bb93c,23704909,proc_music_additive_band,train,numpy_scipy_project_generator,NO,,,6.035000,16000,0.85208309,0.19754917,-0.00007359,0.00000000,
data/generated_v8/audio/train/music/proc_music_train_00001__fm_percussive.wav,1,0,1,0,1,,proc_music_fm_percussive,project_procedural_v8,procedural_v8,,proc_music_train_00001,proc::music::train::00001,LOCAL:tools/procedural_audio_v8.py,procedural-v8.1,PROJECT_AUTHORED_PROCEDURAL_OUTPUT_NO_EXTERNAL_ASSETS,YES,YES_PROJECT_OWNED,NO_EXTERNAL_RESTRICTION,procedural_v8,13fa4b77b014179e24bbab008073177effb3223b67499d3e11ed73aa0794cbd6,proc::music::train::00001,9d8ac1b64f6d35183cfd1d01b90e34fbc570976280468b52c5729034ac486ec9,23704909,proc_music_fm_percussive,train,numpy_scipy_project_generator,NO,,,6.035000,16000,0.78898960,0.20210498,-0.00005886,0.00000000,
data/generated_v8/audio/train/music/proc_music_train_00001__subtractive_sequence.wav,1,0,1,0,1,,proc_music_subtractive_sequence,project_procedural_v8,procedural_v8,,proc_music_train_00001,proc::music::train::00001,LOCAL:tools/procedural_audio_v8.py,procedural-v8.1,PROJECT_AUTHORED_PROCEDURAL_OUTPUT_NO_EXTERNAL_ASSETS,YES,YES_PROJECT_OWNED,NO_EXTERNAL_RESTRICTION,procedural_v8,13fa4b77b014179e24bbab008073177effb3223b67499d3e11ed73aa0794cbd6,proc::music::train::00001,9ab672615bc7a07fcbbb6a2f5f02f116a307ff6caa419dd7847939b4f40a26e5,23704909,proc_music_subtractive_sequence,train,numpy_scipy_project_generator,NO,,,6.035000,16000,0.77174693,0.17634108,-0.00008729,0.00000000,
data/generated_v8/audio/train/music/proc_music_train_00002__additive_band.wav,1,0,1,0,1,,proc_music_additive_band,project_procedural_v8,procedural_v8,,proc_music_train_00002,proc::music::train::00002,LOCAL:tools/procedural_audio_v8.py,procedural-v8.1,PROJECT_AUTHORED_PROCEDURAL_OUTPUT_NO_EXTERNAL_ASSETS,YES,YES_PROJECT_OWNED,NO_EXTERNAL_RESTRICTION,procedural_v8,b0a7cab54865e1bbc8ff66740f399bb4497a72ee6312577a6ca43d12381af254,proc::music::train::00002,45783ef27f4f42f8b4ad90adc23b7cd0b0f85c77f6199517ea25e0dea16e0ee5,23704910,proc_music_additive_band,train,numpy_scipy_project_generator,NO,,,3.980000,16000,0.78677499,0.22204786,-0.00012800,0.00000000,
data/generated_v8/audio/train/music/proc_music_train_00002__fm_percussive.wav,1,0,1,0,1,,proc_music_fm_percussive,project_procedural_v8,procedural_v8,,proc_music_train_00002,proc::music::train::00002,LOCAL:tools/procedural_audio_v8.py,procedural-v8.1,PROJECT_AUTHORED_PROCEDURAL_OUTPUT_NO_EXTERNAL_ASSETS,YES,YES_PROJECT_OWNED,NO_EXTERNAL_RESTRICTION,procedural_v8,b0a7cab54865e1bbc8ff66740f399bb4497a72ee6312577a6ca43d12381af254,proc::music::train::00002,87a82b5884e7b69a9f270d48a0dacc58861077f00ea2f5f93eb1da9aca704e00,23704910,proc_music_fm_percussive,train,numpy_scipy_project_generator,NO,,,3.980000,16000,0.75409919,0.16691297,-0.00011559,0.00000000,
data/generated_v8/audio/train/music/proc_music_train_00002__subtractive_sequence.wav,1,0,1,0,1,,proc_music_subtractive_sequence,project_procedural_v8,procedural_v8,,proc_music_train_00002,proc::music::train::00002,LOCAL:tools/procedural_audio_v8.py,procedural-v8.1,PROJECT_AUTHORED_PROCEDURAL_OUTPUT_NO_EXTERNAL_ASSETS,YES,YES_PROJECT_OWNED,NO_EXTERNAL_RESTRICTION,procedural_v8,b0a7cab54865e1bbc8ff66740f399bb4497a72ee6312577a6ca43d12381af254,proc::music::train::00002,d210114ff42962b9909377a500b23eaf8d7889a339dd120b5fbfc9d93a486eea,23704910,proc_music_subtractive_sequence,train,numpy_scipy_project_generator,NO,,,3.980000,16000,0.78824645,0.17307148,-0.00016584,0.00000000,
data/generated_v8/audio/train/music/proc_music_train_00003__additive_band.wav,1,0,1,0,1,,proc_music_additive_band,project_procedural_v8,procedural_v8,,proc_music_train_00003,proc::music::train::00003,LOCAL:tools/procedural_audio_v8.py,procedural-v8.1,PROJECT_AUTHORED_PROCEDURAL_OUTPUT_NO_EXTERNAL_ASSETS,YES,YES_PROJECT_OWNED,NO_EXTERNAL_RESTRICTION,procedural_v8,94dd059c779efadf52487e3f4978c7df6491f8e11713f3a3be6a8b440a29ac13,proc::music::train::00003,b181eee327711fe115109ea9b35e548277b3447a14ea2de38690a57bcc1611bb,23704911,proc_music_additive_band,train,numpy_scipy_project_generator,NO,,,5.234000,16000,0.86937183,0.26619308,-0.00017861,0.00000000,
data/generated_v8/audio/train/music/proc_music_train_00003__fm_percussive.wav,1,0,1,0,1,,proc_music_fm_percussive,project_procedural_v8,procedural_v8,,proc_music_train_00003,proc::music::train::00003,LOCAL:tools/procedural_audio_v8.py,procedural-v8.1,PROJECT_AUTHORED_PROCEDURAL_OUTPUT_NO_EXTERNAL_ASSETS,YES,YES_PROJECT_OWNED,NO_EXTERNAL_RESTRICTION,procedural_v8,94dd059c779efadf52487e3f4978c7df6491f8e11713f3a3be6a8b440a29ac13,proc::music::train::00003,30f16135f4588c168e7e6439dc3c0eb9e8e9584f56b14e01164e9626fd478fcb,23704911,proc_music_fm_percussive,train,numpy_scipy_project_generator,NO,,,5.234000,16000,0.90302837,0.23603578,-0.00009948,0.00000000,
data/generated_v8/audio/train/music/proc_music_train_00003__subtractive_sequence.wav,1,0,1,0,1,,proc_music_subtractive_sequence,project_procedural_v8,procedural_v8,,proc_music_train_00003,proc::music::train::00003,LOCAL:tools/procedural_audio_v8.py,procedural-v8.1,PROJECT_AUTHORED_PROCEDURAL_OUTPUT_NO_EXTERNAL_ASSETS,YES,YES_PROJECT_OWNED,NO_EXTERNAL_RESTRICTION,procedural_v8,94dd059c779efadf52487e3f4978c7df6491f8e11713f3a3be6a8b440a29ac13,proc::music::train::00003,7cbfd26ceac97d604bc64bd30059f030c8359f885053433d44cd32fd6e88c47d,23704911,proc_music_subtractive_sequence,train,numpy_scipy_project_generator,NO,,,5.234000,16000,0.73816770,0.17898039,-0.00025431,0.00000000,
data/generated_v8/audio/train/music/proc_music_train_00004__additive_band.wav,1,0,1,0,1,,proc_music_additive_band,project_procedural_v8,procedural_v8,,proc_music_train_00004,proc::music::train::00004,LOCAL:tools/procedural_audio_v8.py,procedural-v8.1,PROJECT_AUTHORED_PROCEDURAL_OUTPUT_NO_EXTERNAL_ASSETS,YES,YES_PROJECT_OWNED,NO_EXTERNAL_RESTRICTION,procedural_v8,d2bf6b6b19f860b4142d533a2b58ab4e3657e40f52ca199de65b1dfde3b4d655,proc::music::train::00004,7ab79fe3c9593f35725fc28c8a3cef0072bc4f0d52164a033fa4f432b6597b83,23704912,proc_music_additive_band,train,numpy_scipy_project_generator,NO,,,5.839000,16000,0.82357717,0.19462616,-0.00009385,0.00000000,
data/generated_v8/audio/train/music/proc_music_train_00004__fm_percussive.wav,1,0,1,0,1,,proc_music_fm_percussive,project_procedural_v8,procedural_v8,,proc_music_train_00004,proc::music::train::00004,LOCAL:tools/procedural_audio_v8.py,procedural-v8.1,PROJECT_AUTHORED_PROCEDURAL_OUTPUT_NO_EXTERNAL_ASSETS,YES,YES_PROJECT_OWNED,NO_EXTERNAL_RESTRICTION,procedural_v8,d2bf6b6b19f860b4142d533a2b58ab4e3657e40f52ca199de65b1dfde3b4d655,proc::music::train::00004,3f4ecbc29057996639296f428535a5de4c693fd8ef80835d651331258b03ec67,23704912,proc_music_fm_percussive,train,numpy_scipy_project_generator,NO,,,5.839000,16000,0.72235948,0.18207850,-0.00013569,0.00000000,
data/generated_v8/audio/train/music/proc_music_train_00004__subtractive_sequence.wav,1,0,1,0,1,,proc_music_subtractive_sequence,project_procedural_v8,procedural_v8,,proc_music_train_00004,proc::music::train::00004,LOCAL:tools/procedural_audio_v8.py,procedural-v8.1,PROJECT_AUTHORED_PROCEDURAL_OUTPUT_NO_EXTERNAL_ASSETS,YES,YES_PROJECT_OWNED,NO_EXTERNAL_RESTRICTION,procedural_v8,d2bf6b6b19f860b4142d533a2b58ab4e3657e40f52ca199de65b1dfde3b4d655,proc::music::train::00004,1ee7c4073e377a575d075accb9d6f7c27b443ea4a59c7e9407d73e20e359b819,23704912,proc_music_subtractive_sequence,train,numpy_scipy_project_generator,NO,,,5.839000,16000,0.87940145,0.17570373,-0.00013167,0.00000000,
data/generated_v8/audio/train/music/proc_music_train_00005__additive_band.wav,1,0,1,0,1,,proc_music_additive_band,project_procedural_v8,procedural_v8,,proc_music_train_00005,proc::music::train::00005,LOCAL:tools/procedural_audio_v8.py,procedural-v8.1,PROJECT_AUTHORED_PROCEDURAL_OUTPUT_NO_EXTERNAL_ASSETS,YES,YES_PROJECT_OWNED,NO_EXTERNAL_RESTRICTION,procedural_v8,fdd008b176e83e9373ea80b488b7e6d04003f97be2fc9211aaf7f2ff6a4d4384,proc::music::train::00005,a18cc170297835657b0e3abf4aff505c3050e9e5be510246f8e8c4e5a49ac250,23704913,proc_music_additive_band,train,numpy_scipy_project_generator,NO,,,3.566000,16000,0.87089354,0.18348215,-0.00011847,0.00000000,
data/generated_v8/audio/train/music/proc_music_train_00005__fm_percussive.wav,1,0,1,0,1,,proc_music_fm_percussive,project_procedural_v8,procedural_v8,,proc_music_train_00005,proc::music::train::00005,LOCAL:tools/procedural_audio_v8.py,procedural-v8.1,PROJECT_AUTHORED_PROCEDURAL_OUTPUT_NO_EXTERNAL_ASSETS,YES,YES_PROJECT_OWNED,NO_EXTERNAL_RESTRICTION,procedural_v8,fdd008b176e83e9373ea80b488b7e6d04003f97be2fc9211aaf7f2ff6a4d4384,proc::music::train::00005,1f2057172a4f80972a1f786e6be74e0bfe2449d2284ff63f502a93fd59508bb5,23704913,proc_music_fm_percussive,train,numpy_scipy_project_generator,NO,,,3.566000,16000,0.75050104,0.17563206,-0.00014018,0.00000000,
data/generated_v8/audio/train/music/proc_music_train_00005__subtractive_sequence.wav,1,0,1,0,1,,proc_music_subtractive_sequence,project_procedural_v8,procedural_v8,,proc_music_train_00005,proc::music::train::00005,LOCAL:tools/procedural_audio_v8.py,procedural-v8.1,PROJECT_AUTHORED_PROCEDURAL_OUTPUT_NO_EXTERNAL_ASSETS,YES,YES_PROJECT_OWNED,NO_EXTERNAL_RESTRICTION,procedural_v8,fdd008b176e83e9373ea80b488b7e6d04003f97be2fc9211aaf7f2ff6a4d4384,proc::music::train::00005,84be7e02606faf4554a928e5e6ec8bd4000f48e2bb38950326fff48c13a5e4d4,23704913,proc_music_subtractive_sequence,train,numpy_scipy_project_generator,NO,,,3.566000,16000,0.83388501,0.19581827,-0.00017880,0.00000000,
data/generated_v8/audio/train/music/proc_music_train_00006__additive_band.wav,1,0,1,0,1,,proc_music_additive_band,project_procedural_v8,procedural_v8,,proc_music_train_00006,proc::music::train::00006,LOCAL:tools/procedural_audio_v8.py,procedural-v8.1,PROJECT_AUTHORED_PROCEDURAL_OUTPUT_NO_EXTERNAL_ASSETS,YES,YES_PROJECT_OWNED,NO_EXTERNAL_RESTRICTION,procedural_v8,a308e098c670d85288c0371cdb50c4f0604ee9e3fea8ad5103ceacc4f1fffe79,proc::music::train::00006,f170585c2a5c881142bdd99eb33251eddacba2be58f263d5cf94067f1b3d5068,23704914,proc_music_additive_band,train,numpy_scipy_project_generator,NO,,,4.116000,16000,0.73703355,0.20298336,-0.00009797,0.00000000,
data/generated_v8/audio/train/music/proc_music_train_00006__fm_percussive.wav,1,0,1,0,1,,proc_music_fm_percussive,project_procedural_v8,procedural_v8,,proc_music_train_00006,proc::music::train::00006,LOCAL:tools/procedural_audio_v8.py,procedural-v8.1,PROJECT_AUTHORED_PROCEDURAL_OUTPUT_NO_EXTERNAL_ASSETS,YES,YES_PROJECT_OWNED,NO_EXTERNAL_RESTRICTION,procedural_v8,a308e098c670d85288c0371cdb50c4f0604ee9e3fea8ad5103ceacc4f1fffe79,proc::music::train::00006,e16df8c0564b3c10bdf292567e778e08eb35a49b6170e324130adfc26bdc7013,23704914,proc_music_fm_percussive,train,numpy_scipy_project_generator,NO,,,4.116000,16000,0.80074996,0.17405648,-0.00013529,0.00000000,
data/generated_v8/audio/train/music/proc_music_train_00006__subtractive_sequence.wav,1,0,1,0,1,,proc_music_subtractive_sequence,project_procedural_v8,procedural_v8,,proc_music_train_00006,proc::music::train::00006,LOCAL:tools/procedural_audio_v8.py,procedural-v8.1,PROJECT_AUTHORED_PROCEDURAL_OUTPUT_NO_EXTERNAL_ASSETS,YES,YES_PROJECT_OWNED,NO_EXTERNAL_RESTRICTION,procedural_v8,a308e098c670d85288c0371cdb50c4f0604ee9e3fea8ad5103ceacc4f1fffe79,proc::music::train::00006,bfa718738a74722a74979936df7fc568f98b534054ca760488bed34b58fef5cc,23704914,proc_music_subtractive_sequence,train,numpy_scipy_project_generator,NO,,,4.116000,16000,0.72041219,0.13226794,-0.00014088,0.00000000,
data/generated_v8/audio/train/music/proc_music_train_00007__additive_band.wav,1,0,1,0,1,,proc_music_additive_band,project_procedural_v8,procedural_v8,,proc_music_train_00007,proc::music::train::00007,LOCAL:tools/procedural_audio_v8.py,procedural-v8.1,PROJECT_AUTHORED_PROCEDURAL_OUTPUT_NO_EXTERNAL_ASSETS,YES,YES_PROJECT_OWNED,NO_EXTERNAL_RESTRICTION,procedural_v8,1acd72afd93d1375b1b610b6dcaa31b26be8d53d83d22e5d8a4e404d3eb877ad,proc::music::train::00007,8f3163d78b8a8e5b5144c1253aa1e485910d4d28e5a048e67a0bd735e6c0dd58,23704915,proc_music_additive_band,train,numpy_scipy_project_generator,NO,,,4.399000,16000,0.77040642,0.17650631,-0.00008511,0.00000000,
data/generated_v8/audio/train/music/proc_music_train_00007__fm_percussive.wav,1,0,1,0,1,,proc_music_fm_percussive,project_procedural_v8,procedural_v8,,proc_music_train_00007,proc::music::train::00007,LOCAL:tools/procedural_audio_v8.py,procedural-v8.1,PROJECT_AUTHORED_PROCEDURAL_OUTPUT_NO_EXTERNAL_ASSETS,YES,YES_PROJECT_OWNED,NO_EXTERNAL_RESTRICTION,procedural_v8,1acd72afd93d1375b1b610b6dcaa31b26be8d53d83d22e5d8a4e404d3eb877ad,proc::music::train::00007,f0eb6185ab7dab370600e56cf80deffeb923d5403e581f2f0bcdfe594b8cc3cd,23704915,proc_music_fm_percussive,train,numpy_scipy_project_generator,NO,,,4.399000,16000,0.81245673,0.21064471,-0.00014255,0.00000000,
data/generated_v8/audio/train/music/proc_music_train_00007__subtractive_sequence.wav,1,0,1,0,1,,proc_music_subtractive_sequence,project_procedural_v8,procedural_v8,,proc_music_train_00007,proc::music::train::00007,LOCAL:tools/procedural_audio_v8.py,procedural-v8.1,PROJECT_AUTHORED_PROCEDURAL_OUTPUT_NO_EXTERNAL_ASSETS,YES,YES_PROJECT_OWNED,NO_EXTERNAL_RESTRICTION,procedural_v8,1acd72afd93d1375b1b610b6dcaa31b26be8d53d83d22e5d8a4e404d3eb877ad,proc::music::train::00007,f41c866cc47e03c15534576c869bbc70c1f962cfa13091dab595e8ba2afdfcf4,23704915,proc_music_subtractive_sequence,train,numpy_scipy_project_generator,NO,,,4.399000,16000,0.75418627,0.17172554,-0.00016700,0.00000000,
data/generated_v8/audio/train/music/proc_music_train_00008__additive_band.wav,1,0,1,0,1,,proc_music_additive_band,project_procedural_v8,procedural_v8,,proc_music_train_00008,proc::music::train::00008,LOCAL:tools/procedural_audio_v8.py,procedural-v8.1,PROJECT_AUTHORED_PROCEDURAL_OUTPUT_NO_EXTERNAL_ASSETS,YES,YES_PROJECT_OWNED,NO_EXTERNAL_RESTRICTION,procedural_v8,b46650711ddd751d6a0ca2088f453676fdfddaf7998e3fe4a63f010e545dab62,proc::music::train::00008,cdb294e2c1843a673773a0c2f278f1a7e8e2186d8954f1bd2f9472b7cd9f4470,23704916,proc_music_additive_band,train,numpy_scipy_project_generator,NO,,,6.570000,16000,0.74844080,0.20839769,-0.00009298,0.00000000,
data/generated_v8/audio/train/music/proc_music_train_00008__fm_percussive.wav,1,0,1,0,1,,proc_music_fm_percussive,project_procedural_v8,procedural_v8,,proc_music_train_00008,proc::music::train::00008,LOCAL:tools/procedural_audio_v8.py,procedural-v8.1,PROJECT_AUTHORED_PROCEDURAL_OUTPUT_NO_EXTERNAL_ASSETS,YES,YES_PROJECT_OWNED,NO_EXTERNAL_RESTRICTION,procedural_v8,b46650711ddd751d6a0ca2088f453676fdfddaf7998e3fe4a63f010e545dab62,proc::music::train::00008,6a591afd8ec3c0e48f5c787c1aa287d61dda97378001a4c6b4ba8c9d3b1d1d9a,23704916,proc_music_fm_percussive,train,numpy_scipy_project_generator,NO,,,6.570000,16000,0.75886983,0.15877642,-0.00006549,0.00000000,
data/generated_v8/audio/train/music/proc_music_train_00008__subtractive_sequence.wav,1,0,1,0,1,,proc_music_subtractive_sequence,project_procedural_v8,procedural_v8,,proc_music_train_00008,proc::music::train::00008,LOCAL:tools/procedural_audio_v8.py,procedural-v8.1,PROJECT_AUTHORED_PROCEDURAL_OUTPUT_NO_EXTERNAL_ASSETS,YES,YES_PROJECT_OWNED,NO_EXTERNAL_RESTRICTION,procedural_v8,b46650711ddd751d6a0ca2088f453676fdfddaf7998e3fe4a63f010e545dab62,proc::music::train::00008,c7aa0d1605930ae2db506ddb8b95ec327673dd7f3b6df61994a5964150472e94,23704916,proc_music_subtractive_sequence,train,numpy_scipy_project_generator,NO,,,6.570000,16000,0.82994908,0.19162154,-0.00010835,0.00000000,
data/generated_v8/audio/train/music/proc_music_train_00009__additive_band.wav,1,0,1,0,1,,proc_music_additive_band,project_procedural_v8,procedural_v8,,proc_music_train_00009,proc::music::train::00009,LOCAL:tools/procedural_audio_v8.py,procedural-v8.1,PROJECT_AUTHORED_PROCEDURAL_OUTPUT_NO_EXTERNAL_ASSETS,YES,YES_PROJECT_OWNED,NO_EXTERNAL_RESTRICTION,procedural_v8,7fad1abdc45364f03db633f0a2df6e5b5a50608209c0a9cecb5c205201a958e2,proc::music::train::00009,b72bda8f48f99f1c051438e8996343b60f8afd96a09b977c8a0989c077a36a90,23704917,proc_music_additive_band,train,numpy_scipy_project_generator,NO,,,4.654000,16000,0.72203624,0.19150453,-0.00013096,0.00000000,
data/generated_v8/audio/train/music/proc_music_train_00009__fm_percussive.wav,1,0,1,0,1,,proc_music_fm_percussive,project_procedural_v8,procedural_v8,,proc_music_train_00009,proc::music::train::00009,LOCAL:tools/procedural_audio_v8.py,procedural-v8.1,PROJECT_AUTHORED_PROCEDURAL_OUTPUT_NO_EXTERNAL_ASSETS,YES,YES_PROJECT_OWNED,NO_EXTERNAL_RESTRICTION,procedural_v8,7fad1abdc45364f03db633f0a2df6e5b5a50608209c0a9cecb5c205201a958e2,proc::music::train::00009,d260a9d4c46d29ae3952bd85771632a166205a5f5b08595529a4aae6e6cf83d9,23704917,proc_music_fm_percussive,train,numpy_scipy_project_generator,NO,,,4.654000,16000,0.74561059,0.17376510,-0.00010063,0.00000000,
data/generated_v8/audio/train/music/proc_music_train_00009__subtractive_sequence.wav,1,0,1,0,1,,proc_music_subtractive_sequence,project_procedural_v8,procedural_v8,,proc_music_train_00009,proc::music::train::00009,LOCAL:tools/procedural_audio_v8.py,procedural-v8.1,PROJECT_AUTHORED_PROCEDURAL_OUTPUT_NO_EXTERNAL_ASSETS,YES,YES_PROJECT_OWNED,NO_EXTERNAL_RESTRICTION,procedural_v8,7fad1abdc45364f03db633f0a2df6e5b5a50608209c0a9cecb5c205201a958e2,proc::music::train::00009,5fc12fb584def8aaceb8f65ef8de9fc61222fe948fc753a5d1bdc12231db7085,23704917,proc_music_subtractive_sequence,train,numpy_scipy_project_generator,NO,,,4.654000,16000,0.78500384,0.14627744,-0.00007339,0.00000000,
data/generated_v8/audio/train/music/proc_music_train_00010__additive_band.wav,1,0,1,0,1,,proc_music_additive_band,project_procedural_v8,procedural_v8,,proc_music_train_00010,proc::music::train::00010,LOCAL:tools/procedural_audio_v8.py,procedural-v8.1,PROJECT_AUTHORED_PROCEDURAL_OUTPUT_NO_EXTERNAL_ASSETS,YES,YES_PROJECT_OWNED,NO_EXTERNAL_RESTRICTION,procedural_v8,dc1b392c96c38a1abc4d0093f100fb42a0011ef861d51382fc5b19a442f98b4f,proc::music::train::00010,5ae213d474e0b6cab400c7d51fee7b906977edd8f058dc6cfe29babbf667cb6c,23704918,proc_music_additive_band,train,numpy_scipy_project_generator,NO,,,4.779000,16000,0.73414665,0.18682464,0.00008485,0.00000000,
data/generated_v8/audio/train/music/proc_music_train_00010__fm_percussive.wav,1,0,1,0,1,,proc_music_fm_percussive,project_procedural_v8,procedural_v8,,proc_music_train_00010,proc::music::train::00010,LOCAL:tools/procedural_audio_v8.py,procedural-v8.1,PROJECT_AUTHORED_PROCEDURAL_OUTPUT_NO_EXTERNAL_ASSETS,YES,YES_PROJECT_OWNED,NO_EXTERNAL_RESTRICTION,procedural_v8,dc1b392c96c38a1abc4d0093f100fb42a0011ef861d51382fc5b19a442f98b4f,proc::music::train::00010,94a5e74890c8dbf4a975c34b6923573b050bf6693d88fce65d6c26c7b8d26759,23704918,proc_music_fm_percussive,train,numpy_scipy_project_generator,NO,,,4.779000,16000,0.86819899,0.21663662,0.00013923,0.00000000,
data/generated_v8/audio/train/music/proc_music_train_00010__subtractive_sequence.wav,1,0,1,0,1,,proc_music_subtractive_sequence,project_procedural_v8,procedural_v8,,proc_music_train_00010,proc::music::train::00010,LOCAL:tools/procedural_audio_v8.py,procedural-v8.1,PROJECT_AUTHORED_PROCEDURAL_OUTPUT_NO_EXTERNAL_ASSETS,YES,YES_PROJECT_OWNED,NO_EXTERNAL_RESTRICTION,procedural_v8,dc1b392c96c38a1abc4d0093f100fb42a0011ef861d51382fc5b19a442f98b4f,proc::music::train::00010,7a92f2cdd21755b8696bfc7a2a61196582e30e4bf570ff6358f0baac9e03362e,23704918,proc_music_subtractive_sequence,train,numpy_scipy_project_generator,NO,,,4.779000,16000,0.74235260,0.15212622,-0.00021333,0.00000000,
data/generated_v8/audio/train/music/proc_music_train_00011__additive_band.wav,1,0,1,0,1,,proc_music_additive_band,project_procedural_v8,procedural_v8,,proc_music_train_00011,proc::music::train::00011,LOCAL:tools/procedural_audio_v8.py,procedural-v8.1,PROJECT_AUTHORED_PROCEDURAL_OUTPUT_NO_EXTERNAL_ASSETS,YES,YES_PROJECT_OWNED,NO_EXTERNAL_RESTRICTION,procedural_v8,e3f4eb9899a045dd5d7adfc05aaef6676a16a1e2dba0208c0c7595cc52bd0a65,proc::music::train::00011,37f22f47207a016fbf14b2ce0e420c62005f21c48a6325e05681993db9f9e963,23704919,proc_music_additive_band,train,numpy_scipy_project_generator,NO,,,7.154000,16000,0.76676089,0.19422288,-0.00005510,0.00000000,
data/generated_v8/audio/train/music/proc_music_train_00011__fm_percussive.wav,1,0,1,0,1,,proc_music_fm_percussive,project_procedural_v8,procedural_v8,,proc_music_train_00011,proc::music::train::00011,LOCAL:tools/procedural_audio_v8.py,procedural-v8.1,PROJECT_AUTHORED_PROCEDURAL_OUTPUT_NO_EXTERNAL_ASSETS,YES,YES_PROJECT_OWNED,NO_EXTERNAL_RESTRICTION,procedural_v8,e3f4eb9899a045dd5d7adfc05aaef6676a16a1e2dba0208c0c7595cc52bd0a65,proc::music::train::00011,725a2001e59194a6298bf9a31afb832dfc3cd02943addc40c41e582ee2f4a912,23704919,proc_music_fm_percussive,train,numpy_scipy_project_generator,NO,,,7.154000,16000,0.72108251,0.16621037,-0.00005854,0.00000000,
data/generated_v8/audio/train/music/proc_music_train_00011__subtractive_sequence.wav,1,0,1,0,1,,proc_music_subtractive_sequence,project_procedural_v8,procedural_v8,,proc_music_train_00011,proc::music::train::00011,LOCAL:tools/procedural_audio_v8.py,procedural-v8.1,PROJECT_AUTHORED_PROCEDURAL_OUTPUT_NO_EXTERNAL_ASSETS,YES,YES_PROJECT_OWNED,NO_EXTERNAL_RESTRICTION,procedural_v8,e3f4eb9899a045dd5d7adfc05aaef6676a16a1e2dba0208c0c7595cc52bd0a65,proc::music::train::00011,d2314e64bc589ed940e2d511a766284380b5cf2f662d3223d7d5679f1be0502c,23704919,proc_music_subtractive_sequence,train,numpy_scipy_project_generator,NO,,,7.154000,16000,0.71264714,0.10577131,-0.00004383,0.00000000,
data/generated_v8/audio/train/music/proc_music_train_00012__additive_band.wav,1,0,1,0,1,,proc_music_additive_band,project_procedural_v8,procedural_v8,,proc_music_train_00012,proc::music::train::00012,LOCAL:tools/procedural_audio_v8.py,procedural-v8.1,PROJECT_AUTHORED_PROCEDURAL_OUTPUT_NO_EXTERNAL_ASSETS,YES,YES_PROJECT_OWNED,NO_EXTERNAL_RESTRICTION,procedural_v8,a52b5a34e0df05446a3688f3c2261cbd965bbf8742c88c6b5ed08fbb2001ed29,proc::music::train::00012,27ddf57def6cb3bed1e220b4f0dec70a87556e554fc740a78cc7d5dc3b0da480,23704920,proc_music_additive_band,train,numpy_scipy_project_generator,NO,,,6.980000,16000,0.74338150,0.17150876,-0.00009765,0.00000000,
data/generated_v8/audio/train/music/proc_music_train_00012__fm_percussive.wav,1,0,1,0,1,,proc_music_fm_percussive,project_procedural_v8,procedural_v8,,proc_music_train_00012,proc::music::train::00012,LOCAL:tools/procedural_audio_v8.py,procedural-v8.1,PROJECT_AUTHORED_PROCEDURAL_OUTPUT_NO_EXTERNAL_ASSETS,YES,YES_PROJECT_OWNED,NO_EXTERNAL_RESTRICTION,procedural_v8,a52b5a34e0df05446a3688f3c2261cbd965bbf8742c88c6b5ed08fbb2001ed29,proc::music::train::00012,3bb1222ce04a514d6a27e56aa81ec9c68d25be676326215b4f2fd04cd4123107,23704920,proc_music_fm_percussive,train,numpy_scipy_project_generator,NO,,,6.980000,16000,0.78122944,0.19484933,-0.00013854,0.00000000,
data/generated_v8/audio/train/music/proc_music_train_00012__subtractive_sequence.wav,1,0,1,0,1,,proc_music_subtractive_sequence,project_procedural_v8,procedural_v8,,proc_music_train_00012,proc::music::train::00012,LOCAL:tools/procedural_audio_v8.py,procedural-v8.1,PROJECT_AUTHORED_PROCEDURAL_OUTPUT_NO_EXTERNAL_ASSETS,YES,YES_PROJECT_OWNED,NO_EXTERNAL_RESTRICTION,procedural_v8,a52b5a34e0df05446a3688f3c2261cbd965bbf8742c88c6b5ed08fbb2001ed29,proc::music::train::00012,b6b3c0658ff8a6bcb5afec3a03b9006601bb49de774faaa941d79cb7445d7b08,23704920,proc_music_subtractive_sequence,train,numpy_scipy_project_generator,NO,,,6.980000,16000,0.85301006,0.16718724,-0.00008545,0.00000000,
data/generated_v8/audio/train/music/proc_music_train_00013__additive_band.wav,1,0,1,0,1,,proc_music_additive_band,project_procedural_v8,procedural_v8,,proc_music_train_00013,proc::music::train::00013,LOCAL:tools/procedural_audio_v8.py,procedural-v8.1,PROJECT_AUTHORED_PROCEDURAL_OUTPUT_NO_EXTERNAL_ASSETS,YES,YES_PROJECT_OWNED,NO_EXTERNAL_RESTRICTION,procedural_v8,f375391de9361561333a6b398600db6fb0bec3aa00353459fc8e206d772fbef3,proc::music::train::00013,de44dffa7f7f281cdda3d40e8f86ec3512d2133267d36a09cfe943a37d664c8c,23704921,proc_music_additive_band,train,numpy_scipy_project_generator,NO,,,4.071000,16000,0.74631763,0.20224164,-0.00012753,0.00000000,
data/generated_v8/audio/train/music/proc_music_train_00013__fm_percussive.wav,1,0,1,0,1,,proc_music_fm_percussive,project_procedural_v8,procedural_v8,,proc_music_train_00013,proc::music::train::00013,LOCAL:tools/procedural_audio_v8.py,procedural-v8.1,PROJECT_AUTHORED_PROCEDURAL_OUTPUT_NO_EXTERNAL_ASSETS,YES,YES_PROJECT_OWNED,NO_EXTERNAL_RESTRICTION,procedural_v8,f375391de9361561333a6b398600db6fb0bec3aa00353459fc8e206d772fbef3,proc::music::train::00013,038b1b219a759476d2e965da710751aeee21cf387ece3b3a7af76b35694a65f8,23704921,proc_music_fm_percussive,train,numpy_scipy_project_generator,NO,,,4.071000,16000,0.83392370,0.22442110,-0.00013496,0.00000000,
data/generated_v8/audio/train/music/proc_music_train_00013__subtractive_sequence.wav,1,0,1,0,1,,proc_music_subtractive_sequence,project_procedural_v8,procedural_v8,,proc_music_train_00013,proc::music::train::00013,LOCAL:tools/procedural_audio_v8.py,procedural-v8.1,PROJECT_AUTHORED_PROCEDURAL_OUTPUT_NO_EXTERNAL_ASSETS,YES,YES_PROJECT_OWNED,NO_EXTERNAL_RESTRICTION,procedural_v8,f375391de9361561333a6b398600db6fb0bec3aa00353459fc8e206d772fbef3,proc::music::train::00013,5fdf44361bfc9339c358e92cba03782634ed1dd5079c40ea76c8bb707e3e6cac,23704921,proc_music_subtractive_sequence,train,numpy_scipy_project_generator,NO,,,4.071000,16000,0.86200386,0.20240849,-0.00016009,0.00000000,
data/generated_v8/audio/train/music/proc_music_train_00014__additive_band.wav,1,0,1,0,1,,proc_music_additive_band,project_procedural_v8,procedural_v8,,proc_music_train_00014,proc::music::train::00014,LOCAL:tools/procedural_audio_v8.py,procedural-v8.1,PROJECT_AUTHORED_PROCEDURAL_OUTPUT_NO_EXTERNAL_ASSETS,YES,YES_PROJECT_OWNED,NO_EXTERNAL_RESTRICTION,procedural_v8,3e2b474b564faef43f0066ad6837ce3f70386e22e93cb1268826148fdb71cf68,proc::music::train::00014,ab826d9dc0c9875de1afdc9cdc7cab819893e686cc2e9216f08872258c86e8a3,23704922,proc_music_additive_band,train,numpy_scipy_project_generator,NO,,,3.941000,16000,0.88972890,0.19853905,-0.00011589,0.00000000,
data/generated_v8/audio/train/music/proc_music_train_00014__fm_percussive.wav,1,0,1,0,1,,proc_music_fm_percussive,project_procedural_v8,procedural_v8,,proc_music_train_00014,proc::music::train::00014,LOCAL:tools/procedural_audio_v8.py,procedural-v8.1,PROJECT_AUTHORED_PROCEDURAL_OUTPUT_NO_EXTERNAL_ASSETS,YES,YES_PROJECT_OWNED,NO_EXTERNAL_RESTRICTION,procedural_v8,3e2b474b564faef43f0066ad6837ce3f70386e22e93cb1268826148fdb71cf68,proc::music::train::00014,7efa1a07f79e93385a7753c601a6864f1a0b27e84506fb4187cec6feeaf3918d,23704922,proc_music_fm_percussive,train,numpy_scipy_project_generator,NO,,,3.941000,16000,0.87975854,0.24343864,-0.00024879,0.00000000,
data/generated_v8/audio/train/music/proc_music_train_00014__subtractive_sequence.wav,1,0,1,0,1,,proc_music_subtractive_sequence,project_procedural_v8,procedural_v8,,proc_music_train_00014,proc::music::train::00014,LOCAL:tools/procedural_audio_v8.py,procedural-v8.1,PROJECT_AUTHORED_PROCEDURAL_OUTPUT_NO_EXTERNAL_ASSETS,YES,YES_PROJECT_OWNED,NO_EXTERNAL_RESTRICTION,procedural_v8,3e2b474b564faef43f0066ad6837ce3f70386e22e93cb1268826148fdb71cf68,proc::music::train::00014,016a2edc512e84a347fd0ecc9ef220614b7f2d34a3e8363ccfd5f98136ebda6d,23704922,proc_music_subtractive_sequence,train,numpy_scipy_project_generator,NO,,,3.941000,16000,0.80911422,0.15252315,-0.00019864,0.00000000,
data/generated_v8/audio/train/music/proc_music_train_00015__additive_band.wav,1,0,1,0,1,,proc_music_additive_band,project_procedural_v8,procedural_v8,,proc_music_train_00015,proc::music::train::00015,LOCAL:tools/procedural_audio_v8.py,procedural-v8.1,PROJECT_AUTHORED_PROCEDURAL_OUTPUT_NO_EXTERNAL_ASSETS,YES,YES_PROJECT_OWNED,NO_EXTERNAL_RESTRICTION,procedural_v8,223ddf969477f2bed27d30bafa09b931c817a6a0f09ebf029beaaa37c73b150c,proc::music::train::00015,a63234f9bb1dc38da21601dbb5e55d7d72e1525923aa5f95347cd896a824c7ec,23704923,proc_music_additive_band,train,numpy_scipy_project_generator,NO,,,5.204000,16000,0.90086102,0.22765432,-0.00015141,0.00000000,
data/generated_v8/audio/train/music/proc_music_train_00015__fm_percussive.wav,1,0,1,0,1,,proc_music_fm_percussive,project_procedural_v8,procedural_v8,,proc_music_train_00015,proc::music::train::00015,LOCAL:tools/procedural_audio_v8.py,procedural-v8.1,PROJECT_AUTHORED_PROCEDURAL_OUTPUT_NO_EXTERNAL_ASSETS,YES,YES_PROJECT_OWNED,NO_EXTERNAL_RESTRICTION,procedural_v8,223ddf969477f2bed27d30bafa09b931c817a6a0f09ebf029beaaa37c73b150c,proc::music::train::00015,36ef115de277c8121a769c81c3d8d308c92d0b0e81455f8df826ba53116d990f,23704923,proc_music_fm_percussive,train,numpy_scipy_project_generator,NO,,,5.204000,16000,0.79426301,0.19051637,-0.00013249,0.00000000,
data/generated_v8/audio/train/music/proc_music_train_00015__subtractive_sequence.wav,1,0,1,0,1,,proc_music_subtractive_sequence,project_procedural_v8,procedural_v8,,proc_music_train_00015,proc::music::train::00015,LOCAL:tools/procedural_audio_v8.py,procedural-v8.1,PROJECT_AUTHORED_PROCEDURAL_OUTPUT_NO_EXTERNAL_ASSETS,YES,YES_PROJECT_OWNED,NO_EXTERNAL_RESTRICTION,procedural_v8,223ddf969477f2bed27d30bafa09b931c817a6a0f09ebf029beaaa37c73b150c,proc::music::train::00015,5a2c3fa7b369b9d7b892b682bb733c013ae8093b726196b4a82ad7c2bcd917e0,23704923,proc_music_subtractive_sequence,train,numpy_scipy_project_generator,NO,,,5.204000,16000,0.78337640,0.14210124,-0.00008030,0.00000000,
data/generated_v8/audio/train/music/proc_music_train_00016__additive_band.wav,1,0,1,0,1,,proc_music_additive_band,project_procedural_v8,procedural_v8,,proc_music_train_00016,proc::music::train::00016,LOCAL:tools/procedural_audio_v8.py,procedural-v8.1,PROJECT_AUTHORED_PROCEDURAL_OUTPUT_NO_EXTERNAL_ASSETS,YES,YES_PROJECT_OWNED,NO_EXTERNAL_RESTRICTION,procedural_v8,fbda18d7a202dcb84a40b2b08e6b313b009753c17077c328de6353f87d624e97,proc::music::train::00016,d4d7759e531c276fab52860d5b8004c654c3ceb5886b239e675cd9b995586999,23704924,proc_music_additive_band,train,numpy_scipy_project_generator,NO,,,6.169000,16000,0.75471324,0.18468715,0.00013029,0.00000000,
data/generated_v8/audio/train/music/proc_music_train_00016__fm_percussive.wav,1,0,1,0,1,,proc_music_fm_percussive,project_procedural_v8,procedural_v8,,proc_music_train_00016,proc::music::train::00016,LOCAL:tools/procedural_audio_v8.py,procedural-v8.1,PROJECT_AUTHORED_PROCEDURAL_OUTPUT_NO_EXTERNAL_ASSETS,YES,YES_PROJECT_OWNED,NO_EXTERNAL_RESTRICTION,procedural_v8,fbda18d7a202dcb84a40b2b08e6b313b009753c17077c328de6353f87d624e97,proc::music::train::00016,7092f51fa4e9603de2b167f36cf2d31323f4b47611e3f59a60d793f838c788e0,23704924,proc_music_fm_percussive,train,numpy_scipy_project_generator,NO,,,6.169000,16000,0.77998787,0.16140776,0.00011859,0.00000000,
data/generated_v8/audio/train/music/proc_music_train_00016__subtractive_sequence.wav,1,0,1,0,1,,proc_music_subtractive_sequence,project_procedural_v8,procedural_v8,,proc_music_train_00016,proc::music::train::00016,LOCAL:tools/procedural_audio_v8.py,procedural-v8.1,PROJECT_AUTHORED_PROCEDURAL_OUTPUT_NO_EXTERNAL_ASSETS,YES,YES_PROJECT_OWNED,NO_EXTERNAL_RESTRICTION,procedural_v8,fbda18d7a202dcb84a40b2b08e6b313b009753c17077c328de6353f87d624e97,proc::music::train::00016,2f06fcd1e0c33e73402124d6c97cf0a904910a03f9feaf85c7a6a1b644e97f24,23704924,proc_music_subtractive_sequence,train,numpy_scipy_project_generator,NO,,,6.169000,16000,0.76521075,0.16746003,-0.00011021,0.00000000,
data/generated_v8/audio/train/music/proc_music_train_00017__additive_band.wav,1,0,1,0,1,,proc_music_additive_band,project_procedural_v8,procedural_v8,,proc_music_train_00017,proc::music::train::00017,LOCAL:tools/procedural_audio_v8.py,procedural-v8.1,PROJECT_AUTHORED_PROCEDURAL_OUTPUT_NO_EXTERNAL_ASSETS,YES,YES_PROJECT_OWNED,NO_EXTERNAL_RESTRICTION,procedural_v8,7904d95f959547414b87d434b630093b309cd031ea33fd63b1bee7ab70832fa0,proc::music::train::00017,0962a18089c95a7112aa0eaa97201f6ec9aa122ef10e01d33ece53a75462ed40,23704925,proc_music_additive_band,train,numpy_scipy_project_generator,NO,,,6.382000,16000,0.87603402,0.23051721,-0.00011419,0.00000000,
data/generated_v8/audio/train/music/proc_music_train_00017__fm_percussive.wav,1,0,1,0,1,,proc_music_fm_percussive,project_procedural_v8,procedural_v8,,proc_music_train_00017,proc::music::train::00017,LOCAL:tools/procedural_audio_v8.py,procedural-v8.1,PROJECT_AUTHORED_PROCEDURAL_OUTPUT_NO_EXTERNAL_ASSETS,YES,YES_PROJECT_OWNED,NO_EXTERNAL_RESTRICTION,procedural_v8,7904d95f959547414b87d434b630093b309cd031ea33fd63b1bee7ab70832fa0,proc::music::train::00017,9cbdebeb710d9ef0f5fb72ac911d6ca8eb6e8cd201e9206d82bc2cdd4db15b62,23704925,proc_music_fm_percussive,train,numpy_scipy_project_generator,NO,,,6.382000,16000,0.90616328,0.23120983,-0.00012212,0.00000000,
data/generated_v8/audio/train/music/proc_music_train_00017__subtractive_sequence.wav,1,0,1,0,1,,proc_music_subtractive_sequence,project_procedural_v8,procedural_v8,,proc_music_train_00017,proc::music::train::00017,LOCAL:tools/procedural_audio_v8.py,procedural-v8.1,PROJECT_AUTHORED_PROCEDURAL_OUTPUT_NO_EXTERNAL_ASSETS,YES,YES_PROJECT_OWNED,NO_EXTERNAL_RESTRICTION,procedural_v8,7904d95f959547414b87d434b630093b309cd031ea33fd63b1bee7ab70832fa0,proc::music::train::00017,dccf691c441ce678cb6d7d0d7230082b16247f44902e356cde076d74f5c17cb0,23704925,proc_music_subtractive_sequence,train,numpy_scipy_project_generator,NO,,,6.382000,16000,0.72744477,0.14564273,-0.00008110,0.00000000,
data/generated_v8/audio/train/music/proc_music_train_00018__additive_band.wav,1,0,1,0,1,,proc_music_additive_band,project_procedural_v8,procedural_v8,,proc_music_train_00018,proc::music::train::00018,LOCAL:tools/procedural_audio_v8.py,procedural-v8.1,PROJECT_AUTHORED_PROCEDURAL_OUTPUT_NO_EXTERNAL_ASSETS,YES,YES_PROJECT_OWNED,NO_EXTERNAL_RESTRICTION,procedural_v8,86dba263ae42a9bf81aa15a55be3327295bd969286a03ddfa70226489b65cd53,proc::music::train::00018,8338f748e4447e1fdfbaeaaf9e171895cc7181b92cf9b0921ef6c0667d5faacb,23704926,proc_music_additive_band,train,numpy_scipy_project_generator,NO,,,6.808000,16000,0.74525964,0.17939553,-0.00007597,0.00000000,
data/generated_v8/audio/train/music/proc_music_train_00018__fm_percussive.wav,1,0,1,0,1,,proc_music_fm_percussive,project_procedural_v8,procedural_v8,,proc_music_train_00018,proc::music::train::00018,LOCAL:tools/procedural_audio_v8.py,procedural-v8.1,PROJECT_AUTHORED_PROCEDURAL_OUTPUT_NO_EXTERNAL_ASSETS,YES,YES_PROJECT_OWNED,NO_EXTERNAL_RESTRICTION,procedural_v8,86dba263ae42a9bf81aa15a55be3327295bd969286a03ddfa70226489b65cd53,proc::music::train::00018,be6de86364cc68c6a3673cf224921110e851f751b3e98e9a7a5c97e0a14b80e4,23704926,proc_music_fm_percussive,train,numpy_scipy_project_generator,NO,,,6.808000,16000,0.75188184,0.17569137,-0.00008016,0.00000000,
data/generated_v8/audio/train/music/proc_music_train_00018__subtractive_sequence.wav,1,0,1,0,1,,proc_music_subtractive_sequence,project_procedural_v8,procedural_v8,,proc_music_train_00018,proc::music::train::00018,LOCAL:tools/procedural_audio_v8.py,procedural-v8.1,PROJECT_AUTHORED_PROCEDURAL_OUTPUT_NO_EXTERNAL_ASSETS,YES,YES_PROJECT_OWNED,NO_EXTERNAL_RESTRICTION,procedural_v8,86dba263ae42a9bf81aa15a55be3327295bd969286a03ddfa70226489b65cd53,proc::music::train::00018,b62e034bd0d6cdaa234e232fc9b9cdb06c94a09de670601d5f7a9bd679a6c2a5,23704926,proc_music_subtractive_sequence,train,numpy_scipy_project_generator,NO,,,6.808000,16000,0.80790800,0.15872660,-0.00005466,0.00000000,
data/generated_v8/audio/train/music/proc_music_train_00019__additive_band.wav,1,0,1,0,1,,proc_music_additive_band,project_procedural_v8,procedural_v8,,proc_music_train_00019,proc::music::train::00019,LOCAL:tools/procedural_audio_v8.py,procedural-v8.1,PROJECT_AUTHORED_PROCEDURAL_OUTPUT_NO_EXTERNAL_ASSETS,YES,YES_PROJECT_OWNED,NO_EXTERNAL_RESTRICTION,procedural_v8,e0752f59c7db753e9d4d1b8a9675915a36fda5246ace635f476a20e8c24fbdfa,proc::music::train::00019,6b7b0185a155940918e345a80b69d3027880db3e490c090e3cbb175e946d35f8,23704927,proc_music_additive_band,train,numpy_scipy_project_generator,NO,,,3.960000,16000,0.78360707,0.19560177,-0.00013664,0.00000000,
data/generated_v8/audio/train/music/proc_music_train_00019__fm_percussive.wav,1,0,1,0,1,,proc_music_fm_percussive,project_procedural_v8,procedural_v8,,proc_music_train_00019,proc::music::train::00019,LOCAL:tools/procedural_audio_v8.py,procedural-v8.1,PROJECT_AUTHORED_PROCEDURAL_OUTPUT_NO_EXTERNAL_ASSETS,YES,YES_PROJECT_OWNED,NO_EXTERNAL_RESTRICTION,procedural_v8,e0752f59c7db753e9d4d1b8a9675915a36fda5246ace635f476a20e8c24fbdfa,proc::music::train::00019,41f2af58e18cfdee3f19f6f7d681a1931cc26d56f949583b04f8bf42e782b922,23704927,proc_music_fm_percussive,train,numpy_scipy_project_generator,NO,,,3.960000,16000,0.79514837,0.19183748,-0.00013619,0.00000000,
data/generated_v8/audio/train/music/proc_music_train_00019__subtractive_sequence.wav,1,0,1,0,1,,proc_music_subtractive_sequence,project_procedural_v8,procedural_v8,,proc_music_train_00019,proc::music::train::00019,LOCAL:tools/procedural_audio_v8.py,procedural-v8.1,PROJECT_AUTHORED_PROCEDURAL_OUTPUT_NO_EXTERNAL_ASSETS,YES,YES_PROJECT_OWNED,NO_EXTERNAL_RESTRICTION,procedural_v8,e0752f59c7db753e9d4d1b8a9675915a36fda5246ace635f476a20e8c24fbdfa,proc::music::train::00019,020e2e303487d690e5d5bb4bdbc140b7ab6f3bd550077c73f93f66d6d75d4bbc,23704927,proc_music_subtractive_sequence,train,numpy_scipy_project_generator,NO,,,3.960000,16000,0.81656992,0.15318210,-0.00011238,0.00000000,
data/generated_v8/audio/train/music/proc_music_train_00020__additive_band.wav,1,0,1,0,1,,proc_music_additive_band,project_procedural_v8,procedural_v8,,proc_music_train_00020,proc::music::train::00020,LOCAL:tools/procedural_audio_v8.py,procedural-v8.1,PROJECT_AUTHORED_PROCEDURAL_OUTPUT_NO_EXTERNAL_ASSETS,YES,YES_PROJECT_OWNED,NO_EXTERNAL_RESTRICTION,procedural_v8,260661d2d1e21bad6efd8e7bee4ca3f4723d546ffd04509d93274d77d33c781d,proc::music::train::00020,f0717d5c4d5f20b906d3698d039779899def7dd33098f8e8738b5cbae5ea5d78,23704928,proc_music_additive_band,train,numpy_scipy_project_generator,NO,,,6.725000,16000,0.79976934,0.19070270,-0.00009902,0.00000000,
data/generated_v8/audio/train/music/proc_music_train_00020__fm_percussive.wav,1,0,1,0,1,,proc_music_fm_percussive,project_procedural_v8,procedural_v8,,proc_music_train_00020,proc::music::train::00020,LOCAL:tools/procedural_audio_v8.py,procedural-v8.1,PROJECT_AUTHORED_PROCEDURAL_OUTPUT_NO_EXTERNAL_ASSETS,YES,YES_PROJECT_OWNED,NO_EXTERNAL_RESTRICTION,procedural_v8,260661d2d1e21bad6efd8e7bee4ca3f4723d546ffd04509d93274d77d33c781d,proc::music::train::00020,7dd094813b25f608ceb921e18b4744afa50cdd9dff1bb023136300a44f13cece,23704928,proc_music_fm_percussive,train,numpy_scipy_project_generator,NO,,,6.725000,16000,0.89995813,0.25110900,-0.00012011,0.00000000,
data/generated_v8/audio/train/music/proc_music_train_00020__subtractive_sequence.wav,1,0,1,0,1,,proc_music_subtractive_sequence,project_procedural_v8,procedural_v8,,proc_music_train_00020,proc::music::train::00020,LOCAL:tools/procedural_audio_v8.py,procedural-v8.1,PROJECT_AUTHORED_PROCEDURAL_OUTPUT_NO_EXTERNAL_ASSETS,YES,YES_PROJECT_OWNED,NO_EXTERNAL_RESTRICTION,procedural_v8,260661d2d1e21bad6efd8e7bee4ca3f4723d546ffd04509d93274d77d33c781d,proc::music::train::00020,6ddeae58f9f4f8fb2eaccb79869ffd404493bd55522c62105317bca89b8c59f9,23704928,proc_music_subtractive_sequence,train,numpy_scipy_project_generator,NO,,,6.725000,16000,0.87918288,0.19920475,-0.00005417,0.00000000,
data/generated_v8/audio/train/music/proc_music_train_00021__additive_band.wav,1,0,1,0,1,,proc_music_additive_band,project_procedural_v8,procedural_v8,,proc_music_train_00021,proc::music::train::00021,LOCAL:tools/procedural_audio_v8.py,procedural-v8.1,PROJECT_AUTHORED_PROCEDURAL_OUTPUT_NO_EXTERNAL_ASSETS,YES,YES_PROJECT_OWNED,NO_EXTERNAL_RESTRICTION,procedural_v8,ea87de32dc65b7293c763f6adb3e88dcbdd43f8641753d1bcac89fd90d489a85,proc::music::train::00021,b7a10199a3aebf0d95d91d8ba95cf42f4ba4e063ade6f7acd2783bc056733b67,23704929,proc_music_additive_band,train,numpy_scipy_project_generator,NO,,,4.255000,16000,0.81896681,0.18458338,-0.00003919,0.00000000,
data/generated_v8/audio/train/music/proc_music_train_00021__fm_percussive.wav,1,0,1,0,1,,proc_music_fm_percussive,project_procedural_v8,procedural_v8,,proc_music_train_00021,proc::music::train::00021,LOCAL:tools/procedural_audio_v8.py,procedural-v8.1,PROJECT_AUTHORED_PROCEDURAL_OUTPUT_NO_EXTERNAL_ASSETS,YES,YES_PROJECT_OWNED,NO_EXTERNAL_RESTRICTION,procedural_v8,ea87de32dc65b7293c763f6adb3e88dcbdd43f8641753d1bcac89fd90d489a85,proc::music::train::00021,7cfc80e17797335271214c57cc063dfa45d384364bcb0499b83c0d65848bd49f,23704929,proc_music_fm_percussive,train,numpy_scipy_project_generator,NO,,,4.255000,16000,0.72595894,0.16385354,-0.00008729,0.00000000,
data/generated_v8/audio/train/music/proc_music_train_00021__subtractive_sequence.wav,1,0,1,0,1,,proc_music_subtractive_sequence,project_procedural_v8,procedural_v8,,proc_music_train_00021,proc::music::train::00021,LOCAL:tools/procedural_audio_v8.py,procedural-v8.1,PROJECT_AUTHORED_PROCEDURAL_OUTPUT_NO_EXTERNAL_ASSETS,YES,YES_PROJECT_OWNED,NO_EXTERNAL_RESTRICTION,procedural_v8,ea87de32dc65b7293c763f6adb3e88dcbdd43f8641753d1bcac89fd90d489a85,proc::music::train::00021,927565c9bb46b57ae18c6c5c72d3e5b1fa00829ee1dcf2f5703637971f4cb3cc,23704929,proc_music_subtractive_sequence,train,numpy_scipy_project_generator,NO,,,4.255000,16000,0.80522388,0.15135603,-0.00012009,0.00000000,
data/generated_v8/audio/train/music/proc_music_train_00022__additive_band.wav,1,0,1,0,1,,proc_music_additive_band,project_procedural_v8,procedural_v8,,proc_music_train_00022,proc::music::train::00022,LOCAL:tools/procedural_audio_v8.py,procedural-v8.1,PROJECT_AUTHORED_PROCEDURAL_OUTPUT_NO_EXTERNAL_ASSETS,YES,YES_PROJECT_OWNED,NO_EXTERNAL_RESTRICTION,procedural_v8,de1ac802167711bbced032788547d29bed28d384ae4ad7e6781c4b93a2e10a79,proc::music::train::00022,9777ec4d648af98b6ddb4b6303b2e28a95fb1258dfa71711cc6aeccbc2d41216,23704930,proc_music_additive_band,train,numpy_scipy_project_generator,NO,,,3.484000,16000,0.75033271,0.19904436,-0.00003490,0.00000000,
data/generated_v8/audio/train/music/proc_music_train_00022__fm_percussive.wav,1,0,1,0,1,,proc_music_fm_percussive,project_procedural_v8,procedural_v8,,proc_music_train_00022,proc::music::train::00022,LOCAL:tools/procedural_audio_v8.py,procedural-v8.1,PROJECT_AUTHORED_PROCEDURAL_OUTPUT_NO_EXTERNAL_ASSETS,YES,YES_PROJECT_OWNED,NO_EXTERNAL_RESTRICTION,procedural_v8,de1ac802167711bbced032788547d29bed28d384ae4ad7e6781c4b93a2e10a79,proc::music::train::00022,ea91f24abc08e7bbb832042843ccbdee8155e978ef9babed51b25aa7ca5b066f,23704930,proc_music_fm_percussive,train,numpy_scipy_project_generator,NO,,,3.484000,16000,0.75580305,0.18483932,-0.00009168,0.00000000,
data/generated_v8/audio/train/music/proc_music_train_00022__subtractive_sequence.wav,1,0,1,0,1,,proc_music_subtractive_sequence,project_procedural_v8,procedural_v8,,proc_music_train_00022,proc::music::train::00022,LOCAL:tools/procedural_audio_v8.py,procedural-v8.1,PROJECT_AUTHORED_PROCEDURAL_OUTPUT_NO_EXTERNAL_ASSETS,YES,YES_PROJECT_OWNED,NO_EXTERNAL_RESTRICTION,procedural_v8,de1ac802167711bbced032788547d29bed28d384ae4ad7e6781c4b93a2e10a79,proc::music::train::00022,68ebdba7f404c10800b08c59a91149bd81cbd354a99539b9e187eba2a9f3ec51,23704930,proc_music_subtractive_sequence,train,numpy_scipy_project_generator,NO,,,3.484000,16000,0.73955750,0.14520269,-0.00016596,0.00000000,
data/generated_v8/audio/train/music/proc_music_train_00023__additive_band.wav,1,0,1,0,1,,proc_music_additive_band,project_procedural_v8,procedural_v8,,proc_music_train_00023,proc::music::train::00023,LOCAL:tools/procedural_audio_v8.py,procedural-v8.1,PROJECT_AUTHORED_PROCEDURAL_OUTPUT_NO_EXTERNAL_ASSETS,YES,YES_PROJECT_OWNED,NO_EXTERNAL_RESTRICTION,procedural_v8,313406c017389a857a6178a10d74870d755bdb8b3512962a850198df1645b74c,proc::music::train::00023,452eabab1529c76b07fbc1eabb58aaae604c60cfbe80da7b409ef005f7d19a29,23704931,proc_music_additive_band,train,numpy_scipy_project_generator,NO,,,6.366000,16000,0.83890247,0.22370622,-0.00007003,0.00000000,
data/generated_v8/audio/train/music/proc_music_train_00023__fm_percussive.wav,1,0,1,0,1,,proc_music_fm_percussive,project_procedural_v8,procedural_v8,,proc_music_train_00023,proc::music::train::00023,LOCAL:tools/procedural_audio_v8.py,procedural-v8.1,PROJECT_AUTHORED_PROCEDURAL_OUTPUT_NO_EXTERNAL_ASSETS,YES,YES_PROJECT_OWNED,NO_EXTERNAL_RESTRICTION,procedural_v8,313406c017389a857a6178a10d74870d755bdb8b3512962a850198df1645b74c,proc::music::train::00023,e28c5b27fd8515aaf27b43c2c247dc3958c037b08741f4db3372b9dc0f621e7f,23704931,proc_music_fm_percussive,train,numpy_scipy_project_generator,NO,,,6.366000,16000,0.77259916,0.15844301,-0.00007729,0.00000000,
data/generated_v8/audio/train/music/proc_music_train_00023__subtractive_sequence.wav,1,0,1,0,1,,proc_music_subtractive_sequence,project_procedural_v8,procedural_v8,,proc_music_train_00023,proc::music::train::00023,LOCAL:tools/procedural_audio_v8.py,procedural-v8.1,PROJECT_AUTHORED_PROCEDURAL_OUTPUT_NO_EXTERNAL_ASSETS,YES,YES_PROJECT_OWNED,NO_EXTERNAL_RESTRICTION,procedural_v8,313406c017389a857a6178a10d74870d755bdb8b3512962a850198df1645b74c,proc::music::train::00023,c498d5d8e883041ceaf9c7215a2a5680c32171ae88f6891a03b1dae767187739,23704931,proc_music_subtractive_sequence,train,numpy_scipy_project_generator,NO,,,6.366000,16000,0.85723889,0.15087275,-0.00008906,0.00000000,
data/generated_v8/audio/train/music/proc_music_train_00024__additive_band.wav,1,0,1,0,1,,proc_music_additive_band,project_procedural_v8,procedural_v8,,proc_music_train_00024,proc::music::train::00024,LOCAL:tools/procedural_audio_v8.py,procedural-v8.1,PROJECT_AUTHORED_PROCEDURAL_OUTPUT_NO_EXTERNAL_ASSETS,YES,YES_PROJECT_OWNED,NO_EXTERNAL_RESTRICTION,procedural_v8,8f1b3aec98f6a89ac88e0fbae03526098172c5010df4e1a2adff2d8cbadc4b76,proc::music::train::00024,783a52cce654602dea035b1c01e7703ba27985a94c5829a05eca2acaf1108112,23704932,proc_music_additive_band,train,numpy_scipy_project_generator,NO,,,5.316000,16000,0.75884992,0.19240674,-0.00008854,0.00000000,
data/generated_v8/audio/train/music/proc_music_train_00024__fm_percussive.wav,1,0,1,0,1,,proc_music_fm_percussive,project_procedural_v8,procedural_v8,,proc_music_train_00024,proc::music::train::00024,LOCAL:tools/procedural_audio_v8.py,procedural-v8.1,PROJECT_AUTHORED_PROCEDURAL_OUTPUT_NO_EXTERNAL_ASSETS,YES,YES_PROJECT_OWNED,NO_EXTERNAL_RESTRICTION,procedural_v8,8f1b3aec98f6a89ac88e0fbae03526098172c5010df4e1a2adff2d8cbadc4b76,proc::music::train::00024,524c3bd551335f4bbf6872e24b302dcf875957ee2ee7f37b1ea9498a2510eefa,23704932,proc_music_fm_percussive,train,numpy_scipy_project_generator,NO,,,5.316000,16000,0.70433825,0.16754150,-0.00009463,0.00000000,
data/generated_v8/audio/train/music/proc_music_train_00024__subtractive_sequence.wav,1,0,1,0,1,,proc_music_subtractive_sequence,project_procedural_v8,procedural_v8,,proc_music_train_00024,proc::music::train::00024,LOCAL:tools/procedural_audio_v8.py,procedural-v8.1,PROJECT_AUTHORED_PROCEDURAL_OUTPUT_NO_EXTERNAL_ASSETS,YES,YES_PROJECT_OWNED,NO_EXTERNAL_RESTRICTION,procedural_v8,8f1b3aec98f6a89ac88e0fbae03526098172c5010df4e1a2adff2d8cbadc4b76,proc::music::train::00024,eccf3f56aa3e9454083ca4d727d45001982f04bed5c649f489e4b54fbc6feb8a,23704932,proc_music_subtractive_sequence,train,numpy_scipy_project_generator,NO,,,5.316000,16000,0.70354164,0.15061371,-0.00006185,0.00000000,
data/generated_v8/audio/train/music/proc_music_train_00025__additive_band.wav,1,0,1,0,1,,proc_music_additive_band,project_procedural_v8,procedural_v8,,proc_music_train_00025,proc::music::train::00025,LOCAL:tools/procedural_audio_v8.py,procedural-v8.1,PROJECT_AUTHORED_PROCEDURAL_OUTPUT_NO_EXTERNAL_ASSETS,YES,YES_PROJECT_OWNED,NO_EXTERNAL_RESTRICTION,procedural_v8,07d9dc6e6ddee205a7422d8b912db9f62282a668f2338e0e274dc375af66b6d8,proc::music::train::00025,699b5bac8a2d4af828be48405288b7663099c670d84b0a214016772aee8aa99a,23704933,proc_music_additive_band,train,numpy_scipy_project_generator,NO,,,6.335000,16000,0.76863933,0.17517597,-0.00004507,0.00000000,
data/generated_v8/audio/train/music/proc_music_train_00025__fm_percussive.wav,1,0,1,0,1,,proc_music_fm_percussive,project_procedural_v8,procedural_v8,,proc_music_train_00025,proc::music::train::00025,LOCAL:tools/procedural_audio_v8.py,procedural-v8.1,PROJECT_AUTHORED_PROCEDURAL_OUTPUT_NO_EXTERNAL_ASSETS,YES,YES_PROJECT_OWNED,NO_EXTERNAL_RESTRICTION,procedural_v8,07d9dc6e6ddee205a7422d8b912db9f62282a668f2338e0e274dc375af66b6d8,proc::music::train::00025,1e9efa69b4566b42eede07aa378d7813400d7c5344c9a8571b3e6ef9863fcd98,23704933,proc_music_fm_percussive,train,numpy_scipy_project_generator,NO,,,6.335000,16000,0.81350160,0.16834208,-0.00007860,0.00000000,
data/generated_v8/audio/train/music/proc_music_train_00025__subtractive_sequence.wav,1,0,1,0,1,,proc_music_subtractive_sequence,project_procedural_v8,procedural_v8,,proc_music_train_00025,proc::music::train::00025,LOCAL:tools/procedural_audio_v8.py,procedural-v8.1,PROJECT_AUTHORED_PROCEDURAL_OUTPUT_NO_EXTERNAL_ASSETS,YES,YES_PROJECT_OWNED,NO_EXTERNAL_RESTRICTION,procedural_v8,07d9dc6e6ddee205a7422d8b912db9f62282a668f2338e0e274dc375af66b6d8,proc::music::train::00025,caff3d37d1c8d9b4c360515ed7b245b62681ae2486b949d7ddc202dd8a92ff64,23704933,proc_music_subtractive_sequence,train,numpy_scipy_project_generator,NO,,,6.335000,16000,0.79383028,0.15815294,-0.00006496,0.00000000,
data/generated_v8/audio/train/music/proc_music_train_00026__additive_band.wav,1,0,1,0,1,,proc_music_additive_band,project_procedural_v8,procedural_v8,,proc_music_train_00026,proc::music::train::00026,LOCAL:tools/procedural_audio_v8.py,procedural-v8.1,PROJECT_AUTHORED_PROCEDURAL_OUTPUT_NO_EXTERNAL_ASSETS,YES,YES_PROJECT_OWNED,NO_EXTERNAL_RESTRICTION,procedural_v8,0a7d1abad9136430821adaf0854bda72293f17bc75ea634ff0d4bf7372b46bda,proc::music::train::00026,f756efbd84754d0436c9ec1671f6d5551f78f1e16200be2b5943f66eff9c69fa,23704934,proc_music_additive_band,train,numpy_scipy_project_generator,NO,,,5.654000,16000,0.75302798,0.18967648,-0.00009319,0.00000000,
data/generated_v8/audio/train/music/proc_music_train_00026__fm_percussive.wav,1,0,1,0,1,,proc_music_fm_percussive,project_procedural_v8,procedural_v8,,proc_music_train_00026,proc::music::train::00026,LOCAL:tools/procedural_audio_v8.py,procedural-v8.1,PROJECT_AUTHORED_PROCEDURAL_OUTPUT_NO_EXTERNAL_ASSETS,YES,YES_PROJECT_OWNED,NO_EXTERNAL_RESTRICTION,procedural_v8,0a7d1abad9136430821adaf0854bda72293f17bc75ea634ff0d4bf7372b46bda,proc::music::train::00026,62d9321e8d3b5e9bcdcb2b7bbf13831685d60236a73d417907ae50e9782498d3,23704934,proc_music_fm_percussive,train,numpy_scipy_project_generator,NO,,,5.654000,16000,0.74154615,0.17571358,-0.00010750,0.00000000,
data/generated_v8/audio/train/music/proc_music_train_00026__subtractive_sequence.wav,1,0,1,0,1,,proc_music_subtractive_sequence,project_procedural_v8,procedural_v8,,proc_music_train_00026,proc::music::train::00026,LOCAL:tools/procedural_audio_v8.py,procedural-v8.1,PROJECT_AUTHORED_PROCEDURAL_OUTPUT_NO_EXTERNAL_ASSETS,YES,YES_PROJECT_OWNED,NO_EXTERNAL_RESTRICTION,procedural_v8,0a7d1abad9136430821adaf0854bda72293f17bc75ea634ff0d4bf7372b46bda,proc::music::train::00026,2038fcaf8a4db36c4a95bea61b4d5c83191354c98f224ee6a1f3df804d939167,23704934,proc_music_subtractive_sequence,train,numpy_scipy_project_generator,NO,,,5.654000,16000,0.78697062,0.16469887,-0.00007946,0.00000000,
data/generated_v8/audio/train/music/proc_music_train_00027__additive_band.wav,1,0,1,0,1,,proc_music_additive_band,project_procedural_v8,procedural_v8,,proc_music_train_00027,proc::music::train::00027,LOCAL:tools/procedural_audio_v8.py,procedural-v8.1,PROJECT_AUTHORED_PROCEDURAL_OUTPUT_NO_EXTERNAL_ASSETS,YES,YES_PROJECT_OWNED,NO_EXTERNAL_RESTRICTION,procedural_v8,3f5e2b87ff3a3853d5b1dbefeec3102dab40d4e71b67ceb1992cc692dd7c1463,proc::music::train::00027,b84d66a7445b0136bc996c3c539235099aa6c1c83a4706520c5c5c36ffc0c865,23704935,proc_music_additive_band,train,numpy_scipy_project_generator,NO,,,4.671000,16000,0.72180605,0.18093775,-0.00003057,0.00000000,
data/generated_v8/audio/train/music/proc_music_train_00027__fm_percussive.wav,1,0,1,0,1,,proc_music_fm_percussive,project_procedural_v8,procedural_v8,,proc_music_train_00027,proc::music::train::00027,LOCAL:tools/procedural_audio_v8.py,procedural-v8.1,PROJECT_AUTHORED_PROCEDURAL_OUTPUT_NO_EXTERNAL_ASSETS,YES,YES_PROJECT_OWNED,NO_EXTERNAL_RESTRICTION,procedural_v8,3f5e2b87ff3a3853d5b1dbefeec3102dab40d4e71b67ceb1992cc692dd7c1463,proc::music::train::00027,729b82869ca0f3fa8d34392b37e3298ec3e56659c0efd5fd001959f096f566f6,23704935,proc_music_fm_percussive,train,numpy_scipy_project_generator,NO,,,4.671000,16000,0.87260002,0.21893728,0.00001520,0.00000000,
data/generated_v8/audio/train/music/proc_music_train_00027__subtractive_sequence.wav,1,0,1,0,1,,proc_music_subtractive_sequence,project_procedural_v8,procedural_v8,,proc_music_train_00027,proc::music::train::00027,LOCAL:tools/procedural_audio_v8.py,procedural-v8.1,PROJECT_AUTHORED_PROCEDURAL_OUTPUT_NO_EXTERNAL_ASSETS,YES,YES_PROJECT_OWNED,NO_EXTERNAL_RESTRICTION,procedural_v8,3f5e2b87ff3a3853d5b1dbefeec3102dab40d4e71b67ceb1992cc692dd7c1463,proc::music::train::00027,ef76ea93812ca7122952a8ada68a4cf09d19defb487c2b32af60dedcec8b07d4,23704935,proc_music_subtractive_sequence,train,numpy_scipy_project_generator,NO,,,4.671000,16000,0.82173693,0.19113673,-0.00012323,0.00000000,
data/generated_v8/audio/train/music/proc_music_train_00028__additive_band.wav,1,0,1,0,1,,proc_music_additive_band,project_procedural_v8,procedural_v8,,proc_music_train_00028,proc::music::train::00028,LOCAL:tools/procedural_audio_v8.py,procedural-v8.1,PROJECT_AUTHORED_PROCEDURAL_OUTPUT_NO_EXTERNAL_ASSETS,YES,YES_PROJECT_OWNED,NO_EXTERNAL_RESTRICTION,procedural_v8,e68c07e2910f43ba712eefb01ab38fd966e64321673684818c7c3c8897b6a687,proc::music::train::00028,dca9e1409141d08c27ea8235711513f3c9dc5b451956005247ed5bff32115bd2,23704936,proc_music_additive_band,train,numpy_scipy_project_generator,NO,,,4.918000,16000,0.71589977,0.16849760,-0.00006911,0.00000000,
data/generated_v8/audio/train/music/proc_music_train_00028__fm_percussive.wav,1,0,1,0,1,,proc_music_fm_percussive,project_procedural_v8,procedural_v8,,proc_music_train_00028,proc::music::train::00028,LOCAL:tools/procedural_audio_v8.py,procedural-v8.1,PROJECT_AUTHORED_PROCEDURAL_OUTPUT_NO_EXTERNAL_ASSETS,YES,YES_PROJECT_OWNED,NO_EXTERNAL_RESTRICTION,procedural_v8,e68c07e2910f43ba712eefb01ab38fd966e64321673684818c7c3c8897b6a687,proc::music::train::00028,963b33c12d8d7a01ab01f5a3a6a3d130389921ff3ab30349a367af44a4e96708,23704936,proc_music_fm_percussive,train,numpy_scipy_project_generator,NO,,,4.918000,16000,0.71749485,0.17373054,-0.00005177,0.00000000,
data/generated_v8/audio/train/music/proc_music_train_00028__subtractive_sequence.wav,1,0,1,0,1,,proc_music_subtractive_sequence,project_procedural_v8,procedural_v8,,proc_music_train_00028,proc::music::train::00028,LOCAL:tools/procedural_audio_v8.py,procedural-v8.1,PROJECT_AUTHORED_PROCEDURAL_OUTPUT_NO_EXTERNAL_ASSETS,YES,YES_PROJECT_OWNED,NO_EXTERNAL_RESTRICTION,procedural_v8,e68c07e2910f43ba712eefb01ab38fd966e64321673684818c7c3c8897b6a687,proc::music::train::00028,6348c83e1372fbfb425a785bddbc46701da60d783d28e651874da8181a5b5ff8,23704936,proc_music_subtractive_sequence,train,numpy_scipy_project_generator,NO,,,4.918000,16000,0.72996914,0.13252262,-0.00010646,0.00000000,
data/generated_v8/audio/train/music/proc_music_train_00029__additive_band.wav,1,0,1,0,1,,proc_music_additive_band,project_procedural_v8,procedural_v8,,proc_music_train_00029,proc::music::train::00029,LOCAL:tools/procedural_audio_v8.py,procedural-v8.1,PROJECT_AUTHORED_PROCEDURAL_OUTPUT_NO_EXTERNAL_ASSETS,YES,YES_PROJECT_OWNED,NO_EXTERNAL_RESTRICTION,procedural_v8,7e1d08c346debba6df74cb039b6dfd061fb5576b6dc3d5dd356236876616eb69,proc::music::train::00029,b960ff36989ecfc09eb530dde721cb321461acd054526bef815c8f051cb8a781,23704937,proc_music_additive_band,train,numpy_scipy_project_generator,NO,,,4.176000,16000,0.71271098,0.17787630,-0.00009446,0.00000000,
data/generated_v8/audio/train/music/proc_music_train_00029__fm_percussive.wav,1,0,1,0,1,,proc_music_fm_percussive,project_procedural_v8,procedural_v8,,proc_music_train_00029,proc::music::train::00029,LOCAL:tools/procedural_audio_v8.py,procedural-v8.1,PROJECT_AUTHORED_PROCEDURAL_OUTPUT_NO_EXTERNAL_ASSETS,YES,YES_PROJECT_OWNED,NO_EXTERNAL_RESTRICTION,procedural_v8,7e1d08c346debba6df74cb039b6dfd061fb5576b6dc3d5dd356236876616eb69,proc::music::train::00029,a50df3151c9fd158095aed7f85f665ab1c46980a175bf5e5fde5af676615a2ae,23704937,proc_music_fm_percussive,train,numpy_scipy_project_generator,NO,,,4.176000,16000,0.80418324,0.20441264,-0.00014883,0.00000000,
data/generated_v8/audio/train/music/proc_music_train_00029__subtractive_sequence.wav,1,0,1,0,1,,proc_music_subtractive_sequence,project_procedural_v8,procedural_v8,,proc_music_train_00029,proc::music::train::00029,LOCAL:tools/procedural_audio_v8.py,procedural-v8.1,PROJECT_AUTHORED_PROCEDURAL_OUTPUT_NO_EXTERNAL_ASSETS,YES,YES_PROJECT_OWNED,NO_EXTERNAL_RESTRICTION,procedural_v8,7e1d08c346debba6df74cb039b6dfd061fb5576b6dc3d5dd356236876616eb69,proc::music::train::00029,a90b74c3cf9ba7e13392d119cb08fdc3130ad040629b46a6ea59939326c3ce88,23704937,proc_music_subtractive_sequence,train,numpy_scipy_project_generator,NO,,,4.176000,16000,0.86401975,0.18677049,-0.00014896,0.00000000,
data/generated_v8/audio/train/music/proc_music_train_00030__additive_band.wav,1,0,1,0,1,,proc_music_additive_band,project_procedural_v8,procedural_v8,,proc_music_train_00030,proc::music::train::00030,LOCAL:tools/procedural_audio_v8.py,procedural-v8.1,PROJECT_AUTHORED_PROCEDURAL_OUTPUT_NO_EXTERNAL_ASSETS,YES,YES_PROJECT_OWNED,NO_EXTERNAL_RESTRICTION,procedural_v8,5bff8497968d7673ca2e315164551f928eb0d118595da2ec6a7a9f5c036ede00,proc::music::train::00030,982cf06dfbf04695bcb7b0f9313d560ce33c976281ef462f7b695afa80fd8db7,23704938,proc_music_additive_band,train,numpy_scipy_project_generator,NO,,,6.992000,16000,0.77095842,0.18902817,-0.00005225,0.00000000,
data/generated_v8/audio/train/music/proc_music_train_00030__fm_percussive.wav,1,0,1,0,1,,proc_music_fm_percussive,project_procedural_v8,procedural_v8,,proc_music_train_00030,proc::music::train::00030,LOCAL:tools/procedural_audio_v8.py,procedural-v8.1,PROJECT_AUTHORED_PROCEDURAL_OUTPUT_NO_EXTERNAL_ASSETS,YES,YES_PROJECT_OWNED,NO_EXTERNAL_RESTRICTION,procedural_v8,5bff8497968d7673ca2e315164551f928eb0d118595da2ec6a7a9f5c036ede00,proc::music::train::00030,23c61989768edea83f7b04f8bcf97dfed5e465dbc21deea3fcdce3ec209722e4,23704938,proc_music_fm_percussive,train,numpy_scipy_project_generator,NO,,,6.992000,16000,0.83052510,0.20132842,-0.00009075,0.00000000,
data/generated_v8/audio/train/music/proc_music_train_00030__subtractive_sequence.wav,1,0,1,0,1,,proc_music_subtractive_sequence,project_procedural_v8,procedural_v8,,proc_music_train_00030,proc::music::train::00030,LOCAL:tools/procedural_audio_v8.py,procedural-v8.1,PROJECT_AUTHORED_PROCEDURAL_OUTPUT_NO_EXTERNAL_ASSETS,YES,YES_PROJECT_OWNED,NO_EXTERNAL_RESTRICTION,procedural_v8,5bff8497968d7673ca2e315164551f928eb0d118595da2ec6a7a9f5c036ede00,proc::music::train::00030,4619009c0d9c88e4dc7d07247ce1d3c77e2a65510e8b97c825c60de565c4bf41,23704938,proc_music_subtractive_sequence,train,numpy_scipy_project_generator,NO,,,6.992000,16000,0.77826548,0.17086368,-0.00009726,0.00000000,
data/generated_v8/audio/train/music/proc_music_train_00031__additive_band.wav,1,0,1,0,1,,proc_music_additive_band,project_procedural_v8,procedural_v8,,proc_music_train_00031,proc::music::train::00031,LOCAL:tools/procedural_audio_v8.py,procedural-v8.1,PROJECT_AUTHORED_PROCEDURAL_OUTPUT_NO_EXTERNAL_ASSETS,YES,YES_PROJECT_OWNED,NO_EXTERNAL_RESTRICTION,procedural_v8,a5a852598080cd2dbe9dce2fd817271a09973114b0f82d220c81439ca7111b14,proc::music::train::00031,d773466152dec9f74a33b5b9123c4804a7b2f6f01c0086a21e2c01e4aceb5e82,23704939,proc_music_additive_band,train,numpy_scipy_project_generator,NO,,,4.859000,16000,0.72567719,0.16702705,-0.00009709,0.00000000,
data/generated_v8/audio/train/music/proc_music_train_00031__fm_percussive.wav,1,0,1,0,1,,proc_music_fm_percussive,project_procedural_v8,procedural_v8,,proc_music_train_00031,proc::music::train::00031,LOCAL:tools/procedural_audio_v8.py,procedural-v8.1,PROJECT_AUTHORED_PROCEDURAL_OUTPUT_NO_EXTERNAL_ASSETS,YES,YES_PROJECT_OWNED,NO_EXTERNAL_RESTRICTION,procedural_v8,a5a852598080cd2dbe9dce2fd817271a09973114b0f82d220c81439ca7111b14,proc::music::train::00031,d23c09e7fd7a72aaa56d5eade88e7aa5f0f73c6de478e3a74abbc10029d4a694,23704939,proc_music_fm_percussive,train,numpy_scipy_project_generator,NO,,,4.859000,16000,0.74980432,0.19635382,-0.00012681,0.00000000,
data/generated_v8/audio/train/music/proc_music_train_00031__subtractive_sequence.wav,1,0,1,0,1,,proc_music_subtractive_sequence,project_procedural_v8,procedural_v8,,proc_music_train_00031,proc::music::train::00031,LOCAL:tools/procedural_audio_v8.py,procedural-v8.1,PROJECT_AUTHORED_PROCEDURAL_OUTPUT_NO_EXTERNAL_ASSETS,YES,YES_PROJECT_OWNED,NO_EXTERNAL_RESTRICTION,procedural_v8,a5a852598080cd2dbe9dce2fd817271a09973114b0f82d220c81439ca7111b14,proc::music::train::00031,dcefafc09fad1e272855b79dfd477925623ea7ab70581c908b21d1c2a6639e6b,23704939,proc_music_subtractive_sequence,train,numpy_scipy_project_generator,NO,,,4.859000,16000,0.74215496,0.14062759,-0.00007824,0.00000000,
data/generated_v8/audio/train/music/proc_music_train_00032__additive_band.wav,1,0,1,0,1,,proc_music_additive_band,project_procedural_v8,procedural_v8,,proc_music_train_00032,proc::music::train::00032,LOCAL:tools/procedural_audio_v8.py,procedural-v8.1,PROJECT_AUTHORED_PROCEDURAL_OUTPUT_NO_EXTERNAL_ASSETS,YES,YES_PROJECT_OWNED,NO_EXTERNAL_RESTRICTION,procedural_v8,f3baac6416c96446d3d77a38bd2fba98a468c0ae29b4239da7d993e897542834,proc::music::train::00032,6c444025aa3377d7d0c302aee98498ef2f4d9f8d852dbb61cf7ecc0a6e0d056a,23704940,proc_music_additive_band,train,numpy_scipy_project_generator,NO,,,3.687000,16000,0.78050458,0.18741202,-0.00013342,0.00000000,
data/generated_v8/audio/train/music/proc_music_train_00032__fm_percussive.wav,1,0,1,0,1,,proc_music_fm_percussive,project_procedural_v8,procedural_v8,,proc_music_train_00032,proc::music::train::00032,LOCAL:tools/procedural_audio_v8.py,procedural-v8.1,PROJECT_AUTHORED_PROCEDURAL_OUTPUT_NO_EXTERNAL_ASSETS,YES,YES_PROJECT_OWNED,NO_EXTERNAL_RESTRICTION,procedural_v8,f3baac6416c96446d3d77a38bd2fba98a468c0ae29b4239da7d993e897542834,proc::music::train::00032,723c7ef32f684c9011a6b40a3644ed078b5cc5b3f4eb5459c264ba2dd931e379,23704940,proc_music_fm_percussive,train,numpy_scipy_project_generator,NO,,,3.687000,16000,0.82945460,0.20023326,-0.00017318,0.00000000,
data/generated_v8/audio/train/music/proc_music_train_00032__subtractive_sequence.wav,1,0,1,0,1,,proc_music_subtractive_sequence,project_procedural_v8,procedural_v8,,proc_music_train_00032,proc::music::train::00032,LOCAL:tools/procedural_audio_v8.py,procedural-v8.1,PROJECT_AUTHORED_PROCEDURAL_OUTPUT_NO_EXTERNAL_ASSETS,YES,YES_PROJECT_OWNED,NO_EXTERNAL_RESTRICTION,procedural_v8,f3baac6416c96446d3d77a38bd2fba98a468c0ae29b4239da7d993e897542834,proc::music::train::00032,63336879df5978bd2280946516213174a15713c6f70e81631dc0c2d5d326ddec,23704940,proc_music_subtractive_sequence,train,numpy_scipy_project_generator,NO,,,3.687000,16000,0.74297380,0.15392782,-0.00019379,0.00000000,
data/generated_v8/audio/train/music/proc_music_train_00033__additive_band.wav,1,0,1,0,1,,proc_music_additive_band,project_procedural_v8,procedural_v8,,proc_music_train_00033,proc::music::train::00033,LOCAL:tools/procedural_audio_v8.py,procedural-v8.1,PROJECT_AUTHORED_PROCEDURAL_OUTPUT_NO_EXTERNAL_ASSETS,YES,YES_PROJECT_OWNED,NO_EXTERNAL_RESTRICTION,procedural_v8,a1cefbec60b3d66757ba36a1f6964f1d6d9aa308c474eca108fce7a97746c7b5,proc::music::train::00033,29a9bbaabfe41918ecf0c529f88e697d7eb41e3ea8a46dbf73f453c260147843,23704941,proc_music_additive_band,train,numpy_scipy_project_generator,NO,,,6.015000,16000,0.82620448,0.19346148,-0.00003937,0.00000000,
data/generated_v8/audio/train/music/proc_music_train_00033__fm_percussive.wav,1,0,1,0,1,,proc_music_fm_percussive,project_procedural_v8,procedural_v8,,proc_music_train_00033,proc::music::train::00033,LOCAL:tools/procedural_audio_v8.py,procedural-v8.1,PROJECT_AUTHORED_PROCEDURAL_OUTPUT_NO_EXTERNAL_ASSETS,YES,YES_PROJECT_OWNED,NO_EXTERNAL_RESTRICTION,procedural_v8,a1cefbec60b3d66757ba36a1f6964f1d6d9aa308c474eca108fce7a97746c7b5,proc::music::train::00033,c6c6551c3f36bee427cf6bb62eb14a3c8cf1d267eb5507fc620bb55f19509060,23704941,proc_music_fm_percussive,train,numpy_scipy_project_generator,NO,,,6.015000,16000,0.77120584,0.17815368,-0.00009755,0.00000000,
data/generated_v8/audio/train/music/proc_music_train_00033__subtractive_sequence.wav,1,0,1,0,1,,proc_music_subtractive_sequence,project_procedural_v8,procedural_v8,,proc_music_train_00033,proc::music::train::00033,LOCAL:tools/procedural_audio_v8.py,procedural-v8.1,PROJECT_AUTHORED_PROCEDURAL_OUTPUT_NO_EXTERNAL_ASSETS,YES,YES_PROJECT_OWNED,NO_EXTERNAL_RESTRICTION,procedural_v8,a1cefbec60b3d66757ba36a1f6964f1d6d9aa308c474eca108fce7a97746c7b5,proc::music::train::00033,8e6f2358c2bf57ad41d2322abd19431baea4f70a178f83334025f878d9e6725e,23704941,proc_music_subtractive_sequence,train,numpy_scipy_project_generator,NO,,,6.015000,16000,0.88252187,0.15686335,-0.00007098,0.00000000,
data/generated_v8/audio/train/music/proc_music_train_00034__additive_band.wav,1,0,1,0,1,,proc_music_additive_band,project_procedural_v8,procedural_v8,,proc_music_train_00034,proc::music::train::00034,LOCAL:tools/procedural_audio_v8.py,procedural-v8.1,PROJECT_AUTHORED_PROCEDURAL_OUTPUT_NO_EXTERNAL_ASSETS,YES,YES_PROJECT_OWNED,NO_EXTERNAL_RESTRICTION,procedural_v8,0dc5ccdcde29ba9d2eecb171f0c31c38590539c078724440a0cdd740bcd91804,proc::music::train::00034,955f4ce4b1522ac07ba99f5d5970f423bfa9b60290d992056fc1e4dfc43af045,23704942,proc_music_additive_band,train,numpy_scipy_project_generator,NO,,,7.113000,16000,0.89458454,0.22946580,-0.00007086,0.00000000,
data/generated_v8/audio/train/music/proc_music_train_00034__fm_percussive.wav,1,0,1,0,1,,proc_music_fm_percussive,project_procedural_v8,procedural_v8,,proc_music_train_00034,proc::music::train::00034,LOCAL:tools/procedural_audio_v8.py,procedural-v8.1,PROJECT_AUTHORED_PROCEDURAL_OUTPUT_NO_EXTERNAL_ASSETS,YES,YES_PROJECT_OWNED,NO_EXTERNAL_RESTRICTION,procedural_v8,0dc5ccdcde29ba9d2eecb171f0c31c38590539c078724440a0cdd740bcd91804,proc::music::train::00034,8893e8f3e3aaf80bfc908e74b3868c67d0b5bacf306e37c6b91c121052f349e5,23704942,proc_music_fm_percussive,train,numpy_scipy_project_generator,NO,,,7.113000,16000,0.76924545,0.19220668,-0.00008591,0.00000000,
data/generated_v8/audio/train/music/proc_music_train_00034__subtractive_sequence.wav,1,0,1,0,1,,proc_music_subtractive_sequence,project_procedural_v8,procedural_v8,,proc_music_train_00034,proc::music::train::00034,LOCAL:tools/procedural_audio_v8.py,procedural-v8.1,PROJECT_AUTHORED_PROCEDURAL_OUTPUT_NO_EXTERNAL_ASSETS,YES,YES_PROJECT_OWNED,NO_EXTERNAL_RESTRICTION,procedural_v8,0dc5ccdcde29ba9d2eecb171f0c31c38590539c078724440a0cdd740bcd91804,proc::music::train::00034,c8fcd5d29440e6995a86bf8c9ea9b62bd15e6d0dc5b5aadb57102c97e6767e50,23704942,proc_music_subtractive_sequence,train,numpy_scipy_project_generator,NO,,,7.113000,16000,0.86536539,0.17444345,-0.00009644,0.00000000,
data/generated_v8/audio/train/music/proc_music_train_00035__additive_band.wav,1,0,1,0,1,,proc_music_additive_band,project_procedural_v8,procedural_v8,,proc_music_train_00035,proc::music::train::00035,LOCAL:tools/procedural_audio_v8.py,procedural-v8.1,PROJECT_AUTHORED_PROCEDURAL_OUTPUT_NO_EXTERNAL_ASSETS,YES,YES_PROJECT_OWNED,NO_EXTERNAL_RESTRICTION,procedural_v8,e1509dfc861f33b1a99c980340196cdf0f8a67b707817b34f97f25bab17b65a3,proc::music::train::00035,7b3aad6c4924994861547b0aaa91ff4bee0fa0d12ce9ab0928b37c70bb4af41a,23704943,proc_music_additive_band,train,numpy_scipy_project_generator,NO,,,6.084000,16000,0.76094460,0.20810384,-0.00009372,0.00000000,
data/generated_v8/audio/train/music/proc_music_train_00035__fm_percussive.wav,1,0,1,0,1,,proc_music_fm_percussive,project_procedural_v8,procedural_v8,,proc_music_train_00035,proc::music::train::00035,LOCAL:tools/procedural_audio_v8.py,procedural-v8.1,PROJECT_AUTHORED_PROCEDURAL_OUTPUT_NO_EXTERNAL_ASSETS,YES,YES_PROJECT_OWNED,NO_EXTERNAL_RESTRICTION,procedural_v8,e1509dfc861f33b1a99c980340196cdf0f8a67b707817b34f97f25bab17b65a3,proc::music::train::00035,ca1b229fcf9d181d6758efe850b27ba952084d28c98d27b7df9c205f03a20d03,23704943,proc_music_fm_percussive,train,numpy_scipy_project_generator,NO,,,6.084000,16000,0.70093179,0.18745094,-0.00011653,0.00000000,
data/generated_v8/audio/train/music/proc_music_train_00035__subtractive_sequence.wav,1,0,1,0,1,,proc_music_subtractive_sequence,project_procedural_v8,procedural_v8,,proc_music_train_00035,proc::music::train::00035,LOCAL:tools/procedural_audio_v8.py,procedural-v8.1,PROJECT_AUTHORED_PROCEDURAL_OUTPUT_NO_EXTERNAL_ASSETS,YES,YES_PROJECT_OWNED,NO_EXTERNAL_RESTRICTION,procedural_v8,e1509dfc861f33b1a99c980340196cdf0f8a67b707817b34f97f25bab17b65a3,proc::music::train::00035,81ae78fac67484fafc2139bcefc294369b15c6288293a80064f62e3fd1b36659,23704943,proc_music_subtractive_sequence,train,numpy_scipy_project_generator,NO,,,6.084000,16000,0.87364256,0.17713285,-0.00008680,0.00000000,
data/generated_v8/audio/train/music/proc_music_train_00036__additive_band.wav,1,0,1,0,1,,proc_music_additive_band,project_procedural_v8,procedural_v8,,proc_music_train_00036,proc::music::train::00036,LOCAL:tools/procedural_audio_v8.py,procedural-v8.1,PROJECT_AUTHORED_PROCEDURAL_OUTPUT_NO_EXTERNAL_ASSETS,YES,YES_PROJECT_OWNED,NO_EXTERNAL_RESTRICTION,procedural_v8,53bfb4d34600e7380fa3deb8f9d19513a4c59a6afb575d6e3658fc99f21ed647,proc::music::train::00036,bb7e4b1a0164280672b4534283de9304f090d13c103112d49754b7a5c7d521b8,23704944,proc_music_additive_band,train,numpy_scipy_project_generator,NO,,,4.374000,16000,0.86658269,0.23443199,-0.00009036,0.00000000,
data/generated_v8/audio/train/music/proc_music_train_00036__fm_percussive.wav,1,0,1,0,1,,proc_music_fm_percussive,project_procedural_v8,procedural_v8,,proc_music_train_00036,proc::music::train::00036,LOCAL:tools/procedural_audio_v8.py,procedural-v8.1,PROJECT_AUTHORED_PROCEDURAL_OUTPUT_NO_EXTERNAL_ASSETS,YES,YES_PROJECT_OWNED,NO_EXTERNAL_RESTRICTION,procedural_v8,53bfb4d34600e7380fa3deb8f9d19513a4c59a6afb575d6e3658fc99f21ed647,proc::music::train::00036,d5c67f86bbe2752ab9f141a4072f43ce8dd6e2c1d7943a8f3ba8550f5d96b7a0,23704944,proc_music_fm_percussive,train,numpy_scipy_project_generator,NO,,,4.374000,16000,0.70538902,0.18697793,-0.00011885,0.00000000,
data/generated_v8/audio/train/music/proc_music_train_00036__subtractive_sequence.wav,1,0,1,0,1,,proc_music_subtractive_sequence,project_procedural_v8,procedural_v8,,proc_music_train_00036,proc::music::train::00036,LOCAL:tools/procedural_audio_v8.py,procedural-v8.1,PROJECT_AUTHORED_PROCEDURAL_OUTPUT_NO_EXTERNAL_ASSETS,YES,YES_PROJECT_OWNED,NO_EXTERNAL_RESTRICTION,procedural_v8,53bfb4d34600e7380fa3deb8f9d19513a4c59a6afb575d6e3658fc99f21ed647,proc::music::train::00036,feae626a4c8430061256c5761619837385e2f51aa7a4da2ef033a707c9e25b66,23704944,proc_music_subtractive_sequence,train,numpy_scipy_project_generator,NO,,,4.374000,16000,0.90764636,0.17004681,-0.00017720,0.00000000,
data/generated_v8/audio/train/music/proc_music_train_00037__additive_band.wav,1,0,1,0,1,,proc_music_additive_band,project_procedural_v8,procedural_v8,,proc_music_train_00037,proc::music::train::00037,LOCAL:tools/procedural_audio_v8.py,procedural-v8.1,PROJECT_AUTHORED_PROCEDURAL_OUTPUT_NO_EXTERNAL_ASSETS,YES,YES_PROJECT_OWNED,NO_EXTERNAL_RESTRICTION,procedural_v8,98c8cff2fd49f49139186fc5b88869c5631b17985ae9052c4216e6df5e905d74,proc::music::train::00037,68820dc7fa8eec9f322acff6c1c9d13cd9a9f8c01267c96968e89c803d7419ac,23704945,proc_music_additive_band,train,numpy_scipy_project_generator,NO,,,3.463000,16000,0.87093824,0.22118646,-0.00011672,0.00000000,
data/generated_v8/audio/train/music/proc_music_train_00037__fm_percussive.wav,1,0,1,0,1,,proc_music_fm_percussive,project_procedural_v8,procedural_v8,,proc_music_train_00037,proc::music::train::00037,LOCAL:tools/procedural_audio_v8.py,procedural-v8.1,PROJECT_AUTHORED_PROCEDURAL_OUTPUT_NO_EXTERNAL_ASSETS,YES,YES_PROJECT_OWNED,NO_EXTERNAL_RESTRICTION,procedural_v8,98c8cff2fd49f49139186fc5b88869c5631b17985ae9052c4216e6df5e905d74,proc::music::train::00037,1e286b1de47c3d4e9a03d9ff4917be016a65e134432ba1246566ab6338062a0c,23704945,proc_music_fm_percussive,train,numpy_scipy_project_generator,NO,,,3.463000,16000,0.89318562,0.21230880,-0.00012515,0.00000000,
data/generated_v8/audio/train/music/proc_music_train_00037__subtractive_sequence.wav,1,0,1,0,1,,proc_music_subtractive_sequence,project_procedural_v8,procedural_v8,,proc_music_train_00037,proc::music::train::00037,LOCAL:tools/procedural_audio_v8.py,procedural-v8.1,PROJECT_AUTHORED_PROCEDURAL_OUTPUT_NO_EXTERNAL_ASSETS,YES,YES_PROJECT_OWNED,NO_EXTERNAL_RESTRICTION,procedural_v8,98c8cff2fd49f49139186fc5b88869c5631b17985ae9052c4216e6df5e905d74,proc::music::train::00037,3d0001c1c581ac4777946da759e626a5fd30653203c302a01d9246389d26d69d,23704945,proc_music_subtractive_sequence,train,numpy_scipy_project_generator,NO,,,3.463000,16000,0.79202831,0.16351554,-0.00012534,0.00000000,
data/generated_v8/audio/train/music/proc_music_train_00038__additive_band.wav,1,0,1,0,1,,proc_music_additive_band,project_procedural_v8,procedural_v8,,proc_music_train_00038,proc::music::train::00038,LOCAL:tools/procedural_audio_v8.py,procedural-v8.1,PROJECT_AUTHORED_PROCEDURAL_OUTPUT_NO_EXTERNAL_ASSETS,YES,YES_PROJECT_OWNED,NO_EXTERNAL_RESTRICTION,procedural_v8,2ce2ddc6881420c9b9255ed673ff29011f3ba8f6e62f1a8702548e4241417eed,proc::music::train::00038,2ce092ef22f2ef6e4d5e2e6b6dc365104b51d1e5e1535eb81e64bf0d06106730,23704946,proc_music_additive_band,train,numpy_scipy_project_generator,NO,,,7.140000,16000,0.78967386,0.17578448,-0.00006817,0.00000000,
data/generated_v8/audio/train/music/proc_music_train_00038__fm_percussive.wav,1,0,1,0,1,,proc_music_fm_percussive,project_procedural_v8,procedural_v8,,proc_music_train_00038,proc::music::train::00038,LOCAL:tools/procedural_audio_v8.py,procedural-v8.1,PROJECT_AUTHORED_PROCEDURAL_OUTPUT_NO_EXTERNAL_ASSETS,YES,YES_PROJECT_OWNED,NO_EXTERNAL_RESTRICTION,procedural_v8,2ce2ddc6881420c9b9255ed673ff29011f3ba8f6e62f1a8702548e4241417eed,proc::music::train::00038,7a324d2bafd6689e418f247ddbfe6dc64eb2adcd8d79cbec74d791f1843e82c1,23704946,proc_music_fm_percussive,train,numpy_scipy_project_generator,NO,,,7.140000,16000,0.83998710,0.16751407,-0.00006145,0.00000000,
data/generated_v8/audio/train/music/proc_music_train_00038__subtractive_sequence.wav,1,0,1,0,1,,proc_music_subtractive_sequence,project_procedural_v8,procedural_v8,,proc_music_train_00038,proc::music::train::00038,LOCAL:tools/procedural_audio_v8.py,procedural-v8.1,PROJECT_AUTHORED_PROCEDURAL_OUTPUT_NO_EXTERNAL_ASSETS,YES,YES_PROJECT_OWNED,NO_EXTERNAL_RESTRICTION,procedural_v8,2ce2ddc6881420c9b9255ed673ff29011f3ba8f6e62f1a8702548e4241417eed,proc::music::train::00038,3c83c757a15420ac01e56829d93012c014b5739e6870e5ee70a45a4127db95e8,23704946,proc_music_subtractive_sequence,train,numpy_scipy_project_generator,NO,,,7.140000,16000,0.71688199,0.13103137,-0.00005809,0.00000000,
data/generated_v8/audio/train/music/proc_music_train_00039__additive_band.wav,1,0,1,0,1,,proc_music_additive_band,project_procedural_v8,procedural_v8,,proc_music_train_00039,proc::music::train::00039,LOCAL:tools/procedural_audio_v8.py,procedural-v8.1,PROJECT_AUTHORED_PROCEDURAL_OUTPUT_NO_EXTERNAL_ASSETS,YES,YES_PROJECT_OWNED,NO_EXTERNAL_RESTRICTION,procedural_v8,c022522036218b2bf91e4a0c2e5cdbeb709f0dcc6edbd6574a0470f3faed931b,proc::music::train::00039,160ca673453402655153281880ddb9df0cc6f1642939a39c783f7bfaba440a72,23704947,proc_music_additive_band,train,numpy_scipy_project_generator,NO,,,4.506000,16000,0.83826005,0.21421449,-0.00008012,0.00000000,
data/generated_v8/audio/train/music/proc_music_train_00039__fm_percussive.wav,1,0,1,0,1,,proc_music_fm_percussive,project_procedural_v8,procedural_v8,,proc_music_train_00039,proc::music::train::00039,LOCAL:tools/procedural_audio_v8.py,procedural-v8.1,PROJECT_AUTHORED_PROCEDURAL_OUTPUT_NO_EXTERNAL_ASSETS,YES,YES_PROJECT_OWNED,NO_EXTERNAL_RESTRICTION,procedural_v8,c022522036218b2bf91e4a0c2e5cdbeb709f0dcc6edbd6574a0470f3faed931b,proc::music::train::00039,5ada7a55316fe4b2fb9c549b9c7fa79bea6f9c2a2e6561621168ad4a712031d3,23704947,proc_music_fm_percussive,train,numpy_scipy_project_generator,NO,,,4.506000,16000,0.87444210,0.21967062,-0.00012223,0.00000000,
data/generated_v8/audio/train/music/proc_music_train_00039__subtractive_sequence.wav,1,0,1,0,1,,proc_music_subtractive_sequence,project_procedural_v8,procedural_v8,,proc_music_train_00039,proc::music::train::00039,LOCAL:tools/procedural_audio_v8.py,procedural-v8.1,PROJECT_AUTHORED_PROCEDURAL_OUTPUT_NO_EXTERNAL_ASSETS,YES,YES_PROJECT_OWNED,NO_EXTERNAL_RESTRICTION,procedural_v8,c022522036218b2bf91e4a0c2e5cdbeb709f0dcc6edbd6574a0470f3faed931b,proc::music::train::00039,e5c6a12f2c984652970f9ef85a269c5ef181415b76728f0db6f90bc835aafc4e,23704947,proc_music_subtractive_sequence,train,numpy_scipy_project_generator,NO,,,4.506000,16000,0.75914687,0.15512940,-0.00016072,0.00000000,
data/generated_v8/audio/train/music/proc_music_train_00040__additive_band.wav,1,0,1,0,1,,proc_music_additive_band,project_procedural_v8,procedural_v8,,proc_music_train_00040,proc::music::train::00040,LOCAL:tools/procedural_audio_v8.py,procedural-v8.1,PROJECT_AUTHORED_PROCEDURAL_OUTPUT_NO_EXTERNAL_ASSETS,YES,YES_PROJECT_OWNED,NO_EXTERNAL_RESTRICTION,procedural_v8,5c84324a8bee35047461ddee516003999bdb732a9fcb1e2ff3964addd47bc830,proc::music::train::00040,dff84361e4c6a9d6a00cd586b67aa7964d8c9b530d7d18d7f3a689832f4acd37,23704948,proc_music_additive_band,train,numpy_scipy_project_generator,NO,,,7.031000,16000,0.83698875,0.21712775,-0.00009884,0.00000000,
data/generated_v8/audio/train/music/proc_music_train_00040__fm_percussive.wav,1,0,1,0,1,,proc_music_fm_percussive,project_procedural_v8,procedural_v8,,proc_music_train_00040,proc::music::train::00040,LOCAL:tools/procedural_audio_v8.py,procedural-v8.1,PROJECT_AUTHORED_PROCEDURAL_OUTPUT_NO_EXTERNAL_ASSETS,YES,YES_PROJECT_OWNED,NO_EXTERNAL_RESTRICTION,procedural_v8,5c84324a8bee35047461ddee516003999bdb732a9fcb1e2ff3964addd47bc830,proc::music::train::00040,338507d02c25542c9f88ebbfa55b8f0b0382225ecd304d3412b942c9f38460d9,23704948,proc_music_fm_percussive,train,numpy_scipy_project_generator,NO,,,7.031000,16000,0.80087316,0.19264963,-0.00011543,0.00000000,
data/generated_v8/audio/train/music/proc_music_train_00040__subtractive_sequence.wav,1,0,1,0,1,,proc_music_subtractive_sequence,project_procedural_v8,procedural_v8,,proc_music_train_00040,proc::music::train::00040,LOCAL:tools/procedural_audio_v8.py,procedural-v8.1,PROJECT_AUTHORED_PROCEDURAL_OUTPUT_NO_EXTERNAL_ASSETS,YES,YES_PROJECT_OWNED,NO_EXTERNAL_RESTRICTION,procedural_v8,5c84324a8bee35047461ddee516003999bdb732a9fcb1e2ff3964addd47bc830,proc::music::train::00040,8cfe919be1e92daadc3efc77e80fb4ce6f93f2024a8ddfc07ff1bd1131494cf5,23704948,proc_music_subtractive_sequence,train,numpy_scipy_project_generator,NO,,,7.031000,16000,0.85346341,0.16534250,-0.00006210,0.00000000,
data/generated_v8/audio/train/music/proc_music_train_00041__additive_band.wav,1,0,1,0,1,,proc_music_additive_band,project_procedural_v8,procedural_v8,,proc_music_train_00041,proc::music::train::00041,LOCAL:tools/procedural_audio_v8.py,procedural-v8.1,PROJECT_AUTHORED_PROCEDURAL_OUTPUT_NO_EXTERNAL_ASSETS,YES,YES_PROJECT_OWNED,NO_EXTERNAL_RESTRICTION,procedural_v8,b0a5eb54b7144b9f688ad005987bd2328f10685205b432368af39645d76d9829,proc::music::train::00041,5be25ba2a17128e3f4b99ab303b9cc53f66209fe7fdb36b143fdddae320ce87a,23704949,proc_music_additive_band,train,numpy_scipy_project_generator,NO,,,4.978000,16000,0.81424153,0.21019331,-0.00005080,0.00000000,
data/generated_v8/audio/train/music/proc_music_train_00041__fm_percussive.wav,1,0,1,0,1,,proc_music_fm_percussive,project_procedural_v8,procedural_v8,,proc_music_train_00041,proc::music::train::00041,LOCAL:tools/procedural_audio_v8.py,procedural-v8.1,PROJECT_AUTHORED_PROCEDURAL_OUTPUT_NO_EXTERNAL_ASSETS,YES,YES_PROJECT_OWNED,NO_EXTERNAL_RESTRICTION,procedural_v8,b0a5eb54b7144b9f688ad005987bd2328f10685205b432368af39645d76d9829,proc::music::train::00041,d60ea3ebb3a50dc1730a4066811fe61367525ac2035d9207f6d54af6f0ec082d,23704949,proc_music_fm_percussive,train,numpy_scipy_project_generator,NO,,,4.978000,16000,0.90432078,0.21117435,-0.00006309,0.00000000,
data/generated_v8/audio/train/music/proc_music_train_00041__subtractive_sequence.wav,1,0,1,0,1,,proc_music_subtractive_sequence,project_procedural_v8,procedural_v8,,proc_music_train_00041,proc::music::train::00041,LOCAL:tools/procedural_audio_v8.py,procedural-v8.1,PROJECT_AUTHORED_PROCEDURAL_OUTPUT_NO_EXTERNAL_ASSETS,YES,YES_PROJECT_OWNED,NO_EXTERNAL_RESTRICTION,procedural_v8,b0a5eb54b7144b9f688ad005987bd2328f10685205b432368af39645d76d9829,proc::music::train::00041,5009033a214901da936d0e99d85be79517da2dcc1913a6752b4fcda6d5a76228,23704949,proc_music_subtractive_sequence,train,numpy_scipy_project_generator,NO,,,4.978000,16000,0.73339909,0.14781376,-0.00019500,0.00000000,
data/generated_v8/audio/train/music/proc_music_train_00042__additive_band.wav,1,0,1,0,1,,proc_music_additive_band,project_procedural_v8,procedural_v8,,proc_music_train_00042,proc::music::train::00042,LOCAL:tools/procedural_audio_v8.py,procedural-v8.1,PROJECT_AUTHORED_PROCEDURAL_OUTPUT_NO_EXTERNAL_ASSETS,YES,YES_PROJECT_OWNED,NO_EXTERNAL_RESTRICTION,procedural_v8,ae770657b7698090d340822c7a3770cc52c3c852a82725d7494c1df3f7cae16a,proc::music::train::00042,f4ceab4f88c6e92b17a8ee36a77e9dde2dd340f1a12a0600c97ed10c750be03c,23704950,proc_music_additive_band,train,numpy_scipy_project_generator,NO,,,6.430000,16000,0.89354491,0.21975575,-0.00004916,0.00000000,
data/generated_v8/audio/train/music/proc_music_train_00042__fm_percussive.wav,1,0,1,0,1,,proc_music_fm_percussive,project_procedural_v8,procedural_v8,,proc_music_train_00042,proc::music::train::00042,LOCAL:tools/procedural_audio_v8.py,procedural-v8.1,PROJECT_AUTHORED_PROCEDURAL_OUTPUT_NO_EXTERNAL_ASSETS,YES,YES_PROJECT_OWNED,NO_EXTERNAL_RESTRICTION,procedural_v8,ae770657b7698090d340822c7a3770cc52c3c852a82725d7494c1df3f7cae16a,proc::music::train::00042,544d74a389de28b5fd14b24c629f17ef0556bb814f027a06e1afa0f02462ca36,23704950,proc_music_fm_percussive,train,numpy_scipy_project_generator,NO,,,6.430000,16000,0.79250586,0.21996017,-0.00009318,0.00000000,
data/generated_v8/audio/train/music/proc_music_train_00042__subtractive_sequence.wav,1,0,1,0,1,,proc_music_subtractive_sequence,project_procedural_v8,procedural_v8,,proc_music_train_00042,proc::music::train::00042,LOCAL:tools/procedural_audio_v8.py,procedural-v8.1,PROJECT_AUTHORED_PROCEDURAL_OUTPUT_NO_EXTERNAL_ASSETS,YES,YES_PROJECT_OWNED,NO_EXTERNAL_RESTRICTION,procedural_v8,ae770657b7698090d340822c7a3770cc52c3c852a82725d7494c1df3f7cae16a,proc::music::train::00042,8f67cccc2f8b425f9ce47d6025e21c25fd289a483d01ac07f22ec350a1c697c2,23704950,proc_music_subtractive_sequence,train,numpy_scipy_project_generator,NO,,,6.430000,16000,0.83111823,0.16972187,-0.00007811,0.00000000,
data/generated_v8/audio/train/music/proc_music_train_00043__additive_band.wav,1,0,1,0,1,,proc_music_additive_band,project_procedural_v8,procedural_v8,,proc_music_train_00043,proc::music::train::00043,LOCAL:tools/procedural_audio_v8.py,procedural-v8.1,PROJECT_AUTHORED_PROCEDURAL_OUTPUT_NO_EXTERNAL_ASSETS,YES,YES_PROJECT_OWNED,NO_EXTERNAL_RESTRICTION,procedural_v8,a560b5d6415386f0dd262548df01c635173f6e27797196b8fcbf34f70a5a6bcf,proc::music::train::00043,89684299889cfe0c8595941a2591de3a071b78e4da4a93f3c989accf3c586788,23704951,proc_music_additive_band,train,numpy_scipy_project_generator,NO,,,4.935000,16000,0.80521625,0.21569614,-0.00000222,0.00000000,
data/generated_v8/audio/train/music/proc_music_train_00043__fm_percussive.wav,1,0,1,0,1,,proc_music_fm_percussive,project_procedural_v8,procedural_v8,,proc_music_train_00043,proc::music::train::00043,LOCAL:tools/procedural_audio_v8.py,procedural-v8.1,PROJECT_AUTHORED_PROCEDURAL_OUTPUT_NO_EXTERNAL_ASSETS,YES,YES_PROJECT_OWNED,NO_EXTERNAL_RESTRICTION,procedural_v8,a560b5d6415386f0dd262548df01c635173f6e27797196b8fcbf34f70a5a6bcf,proc::music::train::00043,c897431309f6526b054454dbaaae2fc6f64c05d0a402b91d7370df75ae75c951,23704951,proc_music_fm_percussive,train,numpy_scipy_project_generator,NO,,,4.935000,16000,0.85638416,0.24232844,0.00002913,0.00000000,
data/generated_v8/audio/train/music/proc_music_train_00043__subtractive_sequence.wav,1,0,1,0,1,,proc_music_subtractive_sequence,project_procedural_v8,procedural_v8,,proc_music_train_00043,proc::music::train::00043,LOCAL:tools/procedural_audio_v8.py,procedural-v8.1,PROJECT_AUTHORED_PROCEDURAL_OUTPUT_NO_EXTERNAL_ASSETS,YES,YES_PROJECT_OWNED,NO_EXTERNAL_RESTRICTION,procedural_v8,a560b5d6415386f0dd262548df01c635173f6e27797196b8fcbf34f70a5a6bcf,proc::music::train::00043,992260babf51984fb80a2cbe5446f925512a884b04ca4536caec751830688d5c,23704951,proc_music_subtractive_sequence,train,numpy_scipy_project_generator,NO,,,4.935000,16000,0.75938243,0.18194195,-0.00016241,0.00000000,
data/generated_v8/audio/train/music/proc_music_train_00044__additive_band.wav,1,0,1,0,1,,proc_music_additive_band,project_procedural_v8,procedural_v8,,proc_music_train_00044,proc::music::train::00044,LOCAL:tools/procedural_audio_v8.py,procedural-v8.1,PROJECT_AUTHORED_PROCEDURAL_OUTPUT_NO_EXTERNAL_ASSETS,YES,YES_PROJECT_OWNED,NO_EXTERNAL_RESTRICTION,procedural_v8,4a2cd1336997d36d29dc335c69706f74e891b2b948382f784c8702f395ebec30,proc::music::train::00044,c42c7956129fd87781698d0d71bc74e95e18c4bcaa52920aaefd5f5287bd8093,23704952,proc_music_additive_band,train,numpy_scipy_project_generator,NO,,,5.394000,16000,0.85926813,0.20848270,-0.00011721,0.00000000,
data/generated_v8/audio/train/music/proc_music_train_00044__fm_percussive.wav,1,0,1,0,1,,proc_music_fm_percussive,project_procedural_v8,procedural_v8,,proc_music_train_00044,proc::music::train::00044,LOCAL:tools/procedural_audio_v8.py,procedural-v8.1,PROJECT_AUTHORED_PROCEDURAL_OUTPUT_NO_EXTERNAL_ASSETS,YES,YES_PROJECT_OWNED,NO_EXTERNAL_RESTRICTION,procedural_v8,4a2cd1336997d36d29dc335c69706f74e891b2b948382f784c8702f395ebec30,proc::music::train::00044,70e40c11de633eb83987ba2376addfdb577192cf370021a84367a9b98d51d251,23704952,proc_music_fm_percussive,train,numpy_scipy_project_generator,NO,,,5.394000,16000,0.73952687,0.17668364,-0.00010205,0.00000000,
data/generated_v8/audio/train/music/proc_music_train_00044__subtractive_sequence.wav,1,0,1,0,1,,proc_music_subtractive_sequence,project_procedural_v8,procedural_v8,,proc_music_train_00044,proc::music::train::00044,LOCAL:tools/procedural_audio_v8.py,procedural-v8.1,PROJECT_AUTHORED_PROCEDURAL_OUTPUT_NO_EXTERNAL_ASSETS,YES,YES_PROJECT_OWNED,NO_EXTERNAL_RESTRICTION,procedural_v8,4a2cd1336997d36d29dc335c69706f74e891b2b948382f784c8702f395ebec30,proc::music::train::00044,03ae33c1c15f799597ad1daba754859b37b863125344e5d235bfa2af02d13a0b,23704952,proc_music_subtractive_sequence,train,numpy_scipy_project_generator,NO,,,5.394000,16000,0.77982652,0.16692278,-0.00010914,0.00000000,
data/generated_v8/audio/train/music/proc_music_train_00045__additive_band.wav,1,0,1,0,1,,proc_music_additive_band,project_procedural_v8,procedural_v8,,proc_music_train_00045,proc::music::train::00045,LOCAL:tools/procedural_audio_v8.py,procedural-v8.1,PROJECT_AUTHORED_PROCEDURAL_OUTPUT_NO_EXTERNAL_ASSETS,YES,YES_PROJECT_OWNED,NO_EXTERNAL_RESTRICTION,procedural_v8,d4e448d1686028917f683064b9b83c2b1a320e381686f98c0ac2dc4d4fc8e2f5,proc::music::train::00045,1d1fcb7d05db19386fed8e8c5942c120e6ff1a42c424d28e9863d7d58535600c,23704953,proc_music_additive_band,train,numpy_scipy_project_generator,NO,,,6.373000,16000,0.90276814,0.24059849,-0.00011157,0.00000000,
data/generated_v8/audio/train/music/proc_music_train_00045__fm_percussive.wav,1,0,1,0,1,,proc_music_fm_percussive,project_procedural_v8,procedural_v8,,proc_music_train_00045,proc::music::train::00045,LOCAL:tools/procedural_audio_v8.py,procedural-v8.1,PROJECT_AUTHORED_PROCEDURAL_OUTPUT_NO_EXTERNAL_ASSETS,YES,YES_PROJECT_OWNED,NO_EXTERNAL_RESTRICTION,procedural_v8,d4e448d1686028917f683064b9b83c2b1a320e381686f98c0ac2dc4d4fc8e2f5,proc::music::train::00045,f527abd78b8e24d31ff29edaa3ec2167b941e04746e1fad4c5d16661ac941ac3,23704953,proc_music_fm_percussive,train,numpy_scipy_project_generator,NO,,,6.373000,16000,0.76089633,0.17652045,-0.00009951,0.00000000,
data/generated_v8/audio/train/music/proc_music_train_00045__subtractive_sequence.wav,1,0,1,0,1,,proc_music_subtractive_sequence,project_procedural_v8,procedural_v8,,proc_music_train_00045,proc::music::train::00045,LOCAL:tools/procedural_audio_v8.py,procedural-v8.1,PROJECT_AUTHORED_PROCEDURAL_OUTPUT_NO_EXTERNAL_ASSETS,YES,YES_PROJECT_OWNED,NO_EXTERNAL_RESTRICTION,procedural_v8,d4e448d1686028917f683064b9b83c2b1a320e381686f98c0ac2dc4d4fc8e2f5,proc::music::train::00045,464c3bdd0e329ab08020eb56b816c24a62bcaeff9d9d67b42269dad60854a7e1,23704953,proc_music_subtractive_sequence,train,numpy_scipy_project_generator,NO,,,6.373000,16000,0.78838319,0.16292347,-0.00005062,0.00000000,
data/generated_v8/audio/train/music/proc_music_train_00046__additive_band.wav,1,0,1,0,1,,proc_music_additive_band,project_procedural_v8,procedural_v8,,proc_music_train_00046,proc::music::train::00046,LOCAL:tools/procedural_audio_v8.py,procedural-v8.1,PROJECT_AUTHORED_PROCEDURAL_OUTPUT_NO_EXTERNAL_ASSETS,YES,YES_PROJECT_OWNED,NO_EXTERNAL_RESTRICTION,procedural_v8,09bf46b38312a9394b3382760692e41ea52234e2b95b13e59b5dbf5837a682fa,proc::music::train::00046,5566faf5cbca2bc031ec54df9639f6d76917e505e0a75c8a81273548e11522be,23704954,proc_music_additive_band,train,numpy_scipy_project_generator,NO,,,4.586000,16000,0.90876621,0.19965828,-0.00011183,0.00000000,
data/generated_v8/audio/train/music/proc_music_train_00046__fm_percussive.wav,1,0,1,0,1,,proc_music_fm_percussive,project_procedural_v8,procedural_v8,,proc_music_train_00046,proc::music::train::00046,LOCAL:tools/procedural_audio_v8.py,procedural-v8.1,PROJECT_AUTHORED_PROCEDURAL_OUTPUT_NO_EXTERNAL_ASSETS,YES,YES_PROJECT_OWNED,NO_EXTERNAL_RESTRICTION,procedural_v8,09bf46b38312a9394b3382760692e41ea52234e2b95b13e59b5dbf5837a682fa,proc::music::train::00046,710780aff6a20771ba36636699e66e2b8d9d3162f32a6c2be835fa61b640b5a5,23704954,proc_music_fm_percussive,train,numpy_scipy_project_generator,NO,,,4.586000,16000,0.72197884,0.15536689,-0.00016583,0.00000000,
data/generated_v8/audio/train/music/proc_music_train_00046__subtractive_sequence.wav,1,0,1,0,1,,proc_music_subtractive_sequence,project_procedural_v8,procedural_v8,,proc_music_train_00046,proc::music::train::00046,LOCAL:tools/procedural_audio_v8.py,procedural-v8.1,PROJECT_AUTHORED_PROCEDURAL_OUTPUT_NO_EXTERNAL_ASSETS,YES,YES_PROJECT_OWNED,NO_EXTERNAL_RESTRICTION,procedural_v8,09bf46b38312a9394b3382760692e41ea52234e2b95b13e59b5dbf5837a682fa,proc::music::train::00046,b85c31af0080fb6bb820494557059b7a23975cf9d75046769984dbca713dc39f,23704954,proc_music_subtractive_sequence,train,numpy_scipy_project_generator,NO,,,4.586000,16000,0.78603011,0.16199570,-0.00007915,0.00000000,
data/generated_v8/audio/train/music/proc_music_train_00047__additive_band.wav,1,0,1,0,1,,proc_music_additive_band,project_procedural_v8,procedural_v8,,proc_music_train_00047,proc::music::train::00047,LOCAL:tools/procedural_audio_v8.py,procedural-v8.1,PROJECT_AUTHORED_PROCEDURAL_OUTPUT_NO_EXTERNAL_ASSETS,YES,YES_PROJECT_OWNED,NO_EXTERNAL_RESTRICTION,procedural_v8,859263e435a971fdbd3ade7cee1d10bb4463b19271ae1fb7fcfc2c0c5fc3f5e3,proc::music::train::00047,9fe338b79f1b0e24aa49c8e1983b2365f36a075f4b8095ec7a620fcd77ef743a,23704955,proc_music_additive_band,train,numpy_scipy_project_generator,NO,,,6.825000,16000,0.90375924,0.21567586,-0.00007400,0.00000000,
data/generated_v8/audio/train/music/proc_music_train_00047__fm_percussive.wav,1,0,1,0,1,,proc_music_fm_percussive,project_procedural_v8,procedural_v8,,proc_music_train_00047,proc::music::train::00047,LOCAL:tools/procedural_audio_v8.py,procedural-v8.1,PROJECT_AUTHORED_PROCEDURAL_OUTPUT_NO_EXTERNAL_ASSETS,YES,YES_PROJECT_OWNED,NO_EXTERNAL_RESTRICTION,procedural_v8,859263e435a971fdbd3ade7cee1d10bb4463b19271ae1fb7fcfc2c0c5fc3f5e3,proc::music::train::00047,3c6f92ef2c0b32bf6ffb2b809a52a0d2fbcf7079cf389b308c98a04fd93e9a07,23704955,proc_music_fm_percussive,train,numpy_scipy_project_generator,NO,,,6.825000,16000,0.74538159,0.19461151,-0.00007065,0.00000000,
data/generated_v8/audio/train/music/proc_music_train_00047__subtractive_sequence.wav,1,0,1,0,1,,proc_music_subtractive_sequence,project_procedural_v8,procedural_v8,,proc_music_train_00047,proc::music::train::00047,LOCAL:tools/procedural_audio_v8.py,procedural-v8.1,PROJECT_AUTHORED_PROCEDURAL_OUTPUT_NO_EXTERNAL_ASSETS,YES,YES_PROJECT_OWNED,NO_EXTERNAL_RESTRICTION,procedural_v8,859263e435a971fdbd3ade7cee1d10bb4463b19271ae1fb7fcfc2c0c5fc3f5e3,proc::music::train::00047,7c29f42b33304b0a54c8a741572deedc62714fe89977ec9063f8d68dbe7e3163,23704955,proc_music_subtractive_sequence,train,numpy_scipy_project_generator,NO,,,6.825000,16000,0.79751271,0.15350215,-0.00006534,0.00000000,
data/generated_v8/audio/train/music/proc_music_train_00048__additive_band.wav,1,0,1,0,1,,proc_music_additive_band,project_procedural_v8,procedural_v8,,proc_music_train_00048,proc::music::train::00048,LOCAL:tools/procedural_audio_v8.py,procedural-v8.1,PROJECT_AUTHORED_PROCEDURAL_OUTPUT_NO_EXTERNAL_ASSETS,YES,YES_PROJECT_OWNED,NO_EXTERNAL_RESTRICTION,procedural_v8,062a68e6e04b66c3739e5988536b0f32fcda25dabee5d2a591535989d66ba45c,proc::music::train::00048,6a60decc19112edb9dccd727f6e778819761803e6116fec7fb9528c3628fb513,23704956,proc_music_additive_band,train,numpy_scipy_project_generator,NO,,,5.430000,16000,0.83585501,0.20831485,-0.00007444,0.00000000,
data/generated_v8/audio/train/music/proc_music_train_00048__fm_percussive.wav,1,0,1,0,1,,proc_music_fm_percussive,project_procedural_v8,procedural_v8,,proc_music_train_00048,proc::music::train::00048,LOCAL:tools/procedural_audio_v8.py,procedural-v8.1,PROJECT_AUTHORED_PROCEDURAL_OUTPUT_NO_EXTERNAL_ASSETS,YES,YES_PROJECT_OWNED,NO_EXTERNAL_RESTRICTION,procedural_v8,062a68e6e04b66c3739e5988536b0f32fcda25dabee5d2a591535989d66ba45c,proc::music::train::00048,a949f3f5048eb742d56c1d1c8066402904e574eebbc080fbfd3db7deac48d95a,23704956,proc_music_fm_percussive,train,numpy_scipy_project_generator,NO,,,5.430000,16000,0.85079908,0.19693045,-0.00009127,0.00000000,
data/generated_v8/audio/train/music/proc_music_train_00048__subtractive_sequence.wav,1,0,1,0,1,,proc_music_subtractive_sequence,project_procedural_v8,procedural_v8,,proc_music_train_00048,proc::music::train::00048,LOCAL:tools/procedural_audio_v8.py,procedural-v8.1,PROJECT_AUTHORED_PROCEDURAL_OUTPUT_NO_EXTERNAL_ASSETS,YES,YES_PROJECT_OWNED,NO_EXTERNAL_RESTRICTION,procedural_v8,062a68e6e04b66c3739e5988536b0f32fcda25dabee5d2a591535989d66ba45c,proc::music::train::00048,5d1954eacf5df5178a1d5900a1e3705f8e735b5c66670132ba4eff6e7f42cf6f,23704956,proc_music_subtractive_sequence,train,numpy_scipy_project_generator,NO,,,5.430000,16000,0.75456178,0.16004185,-0.00006666,0.00000000,
data/generated_v8/audio/train/music/proc_music_train_00049__additive_band.wav,1,0,1,0,1,,proc_music_additive_band,project_procedural_v8,procedural_v8,,proc_music_train_00049,proc::music::train::00049,LOCAL:tools/procedural_audio_v8.py,procedural-v8.1,PROJECT_AUTHORED_PROCEDURAL_OUTPUT_NO_EXTERNAL_ASSETS,YES,YES_PROJECT_OWNED,NO_EXTERNAL_RESTRICTION,procedural_v8,0a59a902dbe9424313dab8fff6d97f9846df8804cd0832d885fc4db4d796f787,proc::music::train::00049,15cb13a56afbe44a21eeb47d2206355a44f9ecd7ead6b664673a0cb90c5d8b66,23704957,proc_music_additive_band,train,numpy_scipy_project_generator,NO,,,3.833000,16000,0.85768968,0.22691852,0.00001548,0.00000000,
data/generated_v8/audio/train/music/proc_music_train_00049__fm_percussive.wav,1,0,1,0,1,,proc_music_fm_percussive,project_procedural_v8,procedural_v8,,proc_music_train_00049,proc::music::train::00049,LOCAL:tools/procedural_audio_v8.py,procedural-v8.1,PROJECT_AUTHORED_PROCEDURAL_OUTPUT_NO_EXTERNAL_ASSETS,YES,YES_PROJECT_OWNED,NO_EXTERNAL_RESTRICTION,procedural_v8,0a59a902dbe9424313dab8fff6d97f9846df8804cd0832d885fc4db4d796f787,proc::music::train::00049,a9e6e89bdb59391344b53795242033f6373b847efed0d92fefb9f8614c656f54,23704957,proc_music_fm_percussive,train,numpy_scipy_project_generator,NO,,,3.833000,16000,0.75544727,0.18309932,-0.00005398,0.00000000,
data/generated_v8/audio/train/music/proc_music_train_00049__subtractive_sequence.wav,1,0,1,0,1,,proc_music_subtractive_sequence,project_procedural_v8,procedural_v8,,proc_music_train_00049,proc::music::train::00049,LOCAL:tools/procedural_audio_v8.py,procedural-v8.1,PROJECT_AUTHORED_PROCEDURAL_OUTPUT_NO_EXTERNAL_ASSETS,YES,YES_PROJECT_OWNED,NO_EXTERNAL_RESTRICTION,procedural_v8,0a59a902dbe9424313dab8fff6d97f9846df8804cd0832d885fc4db4d796f787,proc::music::train::00049,bbe90bb82fb75852cec620544ac22e70a712453720c52ded16d47457d41a9350,23704957,proc_music_subtractive_sequence,train,numpy_scipy_project_generator,NO,,,3.833000,16000,0.81823850,0.19720901,-0.00029421,0.00000000,
data/generated_v8/audio/train/music/proc_music_train_00050__additive_band.wav,1,0,1,0,1,,proc_music_additive_band,project_procedural_v8,procedural_v8,,proc_music_train_00050,proc::music::train::00050,LOCAL:tools/procedural_audio_v8.py,procedural-v8.1,PROJECT_AUTHORED_PROCEDURAL_OUTPUT_NO_EXTERNAL_ASSETS,YES,YES_PROJECT_OWNED,NO_EXTERNAL_RESTRICTION,procedural_v8,88419e8c44dbf1ff325b98c989ec3fc05a3e5e0f45c8bea24b49dc143f224216,proc::music::train::00050,193848bad2228c8eb216d0d32d08eff0ac1c449d7378b37eb559da8da16c11fd,23704958,proc_music_additive_band,train,numpy_scipy_project_generator,NO,,,6.431000,16000,0.77768016,0.19218701,-0.00002997,0.00000000,
data/generated_v8/audio/train/music/proc_music_train_00050__fm_percussive.wav,1,0,1,0,1,,proc_music_fm_percussive,project_procedural_v8,procedural_v8,,proc_music_train_00050,proc::music::train::00050,LOCAL:tools/procedural_audio_v8.py,procedural-v8.1,PROJECT_AUTHORED_PROCEDURAL_OUTPUT_NO_EXTERNAL_ASSETS,YES,YES_PROJECT_OWNED,NO_EXTERNAL_RESTRICTION,procedural_v8,88419e8c44dbf1ff325b98c989ec3fc05a3e5e0f45c8bea24b49dc143f224216,proc::music::train::00050,388af70579d34373e2711a13668b8846fcb66b0bcb9551b590ead14e19c8f55e,23704958,proc_music_fm_percussive,train,numpy_scipy_project_generator,NO,,,6.431000,16000,0.89415514,0.18580323,-0.00007853,0.00000000,
data/generated_v8/audio/train/music/proc_music_train_00050__subtractive_sequence.wav,1,0,1,0,1,,proc_music_subtractive_sequence,project_procedural_v8,procedural_v8,,proc_music_train_00050,proc::music::train::00050,LOCAL:tools/procedural_audio_v8.py,procedural-v8.1,PROJECT_AUTHORED_PROCEDURAL_OUTPUT_NO_EXTERNAL_ASSETS,YES,YES_PROJECT_OWNED,NO_EXTERNAL_RESTRICTION,procedural_v8,88419e8c44dbf1ff325b98c989ec3fc05a3e5e0f45c8bea24b49dc143f224216,proc::music::train::00050,b6983278346e770c54f813bda8104ba7a4da4fe0c5ae787d5dfa9383fa71177c,23704958,proc_music_subtractive_sequence,train,numpy_scipy_project_generator,NO,,,6.431000,16000,0.89808387,0.17458695,-0.00011641,0.00000000,
data/generated_v8/audio/train/music/proc_music_train_00051__additive_band.wav,1,0,1,0,1,,proc_music_additive_band,project_procedural_v8,procedural_v8,,proc_music_train_00051,proc::music::train::00051,LOCAL:tools/procedural_audio_v8.py,procedural-v8.1,PROJECT_AUTHORED_PROCEDURAL_OUTPUT_NO_EXTERNAL_ASSETS,YES,YES_PROJECT_OWNED,NO_EXTERNAL_RESTRICTION,procedural_v8,bf44e445e259bdcf7aa9c9ae5e6500ca1dedf8d92d3f0d81662205a90518bec3,proc::music::train::00051,648de19af8ce9504bd10b9ddfc0a9e014a5f68eb9df298df65b4bf62a024f9ae,23704959,proc_music_additive_band,train,numpy_scipy_project_generator,NO,,,5.911000,16000,0.70678985,0.18036798,-0.00008052,0.00000000,
data/generated_v8/audio/train/music/proc_music_train_00051__fm_percussive.wav,1,0,1,0,1,,proc_music_fm_percussive,project_procedural_v8,procedural_v8,,proc_music_train_00051,proc::music::train::00051,LOCAL:tools/procedural_audio_v8.py,procedural-v8.1,PROJECT_AUTHORED_PROCEDURAL_OUTPUT_NO_EXTERNAL_ASSETS,YES,YES_PROJECT_OWNED,NO_EXTERNAL_RESTRICTION,procedural_v8,bf44e445e259bdcf7aa9c9ae5e6500ca1dedf8d92d3f0d81662205a90518bec3,proc::music::train::00051,7bd2ca5f8496573126b6807a6433606326090789ebf90d8ee6d668f7bc053658,23704959,proc_music_fm_percussive,train,numpy_scipy_project_generator,NO,,,5.911000,16000,0.88369101,0.21559966,-0.00009961,0.00000000,
data/generated_v8/audio/train/music/proc_music_train_00051__subtractive_sequence.wav,1,0,1,0,1,,proc_music_subtractive_sequence,project_procedural_v8,procedural_v8,,proc_music_train_00051,proc::music::train::00051,LOCAL:tools/procedural_audio_v8.py,procedural-v8.1,PROJECT_AUTHORED_PROCEDURAL_OUTPUT_NO_EXTERNAL_ASSETS,YES,YES_PROJECT_OWNED,NO_EXTERNAL_RESTRICTION,procedural_v8,bf44e445e259bdcf7aa9c9ae5e6500ca1dedf8d92d3f0d81662205a90518bec3,proc::music::train::00051,8a05bf6a2bf81cd82de6def32282af802fbd78146235c2dab71e1ecf1a5677fa,23704959,proc_music_subtractive_sequence,train,numpy_scipy_project_generator,NO,,,5.911000,16000,0.89889628,0.18779597,-0.00006580,0.00000000,
data/generated_v8/audio/train/music/proc_music_train_00052__additive_band.wav,1,0,1,0,1,,proc_music_additive_band,project_procedural_v8,procedural_v8,,proc_music_train_00052,proc::music::train::00052,LOCAL:tools/procedural_audio_v8.py,procedural-v8.1,PROJECT_AUTHORED_PROCEDURAL_OUTPUT_NO_EXTERNAL_ASSETS,YES,YES_PROJECT_OWNED,NO_EXTERNAL_RESTRICTION,procedural_v8,b0086fafcfe47d9ec3f0db75c577f084afe7eff7d09c73f447119436ebdd2b37,proc::music::train::00052,2eea95874a88c9dcfe557c80089c702aad3690ee000bbf1b5940dd57512693b9,23704960,proc_music_additive_band,train,numpy_scipy_project_generator,NO,,,4.069000,16000,0.73236680,0.18512295,-0.00008333,0.00000000,
data/generated_v8/audio/train/music/proc_music_train_00052__fm_percussive.wav,1,0,1,0,1,,proc_music_fm_percussive,project_procedural_v8,procedural_v8,,proc_music_train_00052,proc::music::train::00052,LOCAL:tools/procedural_audio_v8.py,procedural-v8.1,PROJECT_AUTHORED_PROCEDURAL_OUTPUT_NO_EXTERNAL_ASSETS,YES,YES_PROJECT_OWNED,NO_EXTERNAL_RESTRICTION,procedural_v8,b0086fafcfe47d9ec3f0db75c577f084afe7eff7d09c73f447119436ebdd2b37,proc::music::train::00052,eeab2094ce2f5406159b4ae1b9181230b953d33c8b264b820c0f4c509c8d1694,23704960,proc_music_fm_percussive,train,numpy_scipy_project_generator,NO,,,4.069000,16000,0.86669242,0.20778096,-0.00012142,0.00000000,
data/generated_v8/audio/train/music/proc_music_train_00052__subtractive_sequence.wav,1,0,1,0,1,,proc_music_subtractive_sequence,project_procedural_v8,procedural_v8,,proc_music_train_00052,proc::music::train::00052,LOCAL:tools/procedural_audio_v8.py,procedural-v8.1,PROJECT_AUTHORED_PROCEDURAL_OUTPUT_NO_EXTERNAL_ASSETS,YES,YES_PROJECT_OWNED,NO_EXTERNAL_RESTRICTION,procedural_v8,b0086fafcfe47d9ec3f0db75c577f084afe7eff7d09c73f447119436ebdd2b37,proc::music::train::00052,c5d10eae32be7e52b56bfb7bd8256b582ac51f38560e7ecf0304cec6d7103d48,23704960,proc_music_subtractive_sequence,train,numpy_scipy_project_generator,NO,,,4.069000,16000,0.85103822,0.16948029,-0.00014848,0.00000000,
data/generated_v8/audio/train/music/proc_music_train_00053__additive_band.wav,1,0,1,0,1,,proc_music_additive_band,project_procedural_v8,procedural_v8,,proc_music_train_00053,proc::music::train::00053,LOCAL:tools/procedural_audio_v8.py,procedural-v8.1,PROJECT_AUTHORED_PROCEDURAL_OUTPUT_NO_EXTERNAL_ASSETS,YES,YES_PROJECT_OWNED,NO_EXTERNAL_RESTRICTION,procedural_v8,6dc7b447ef9f00e4aaa520aa50a29d3f3c34bffbf9a659d2558430c8a96b43a6,proc::music::train::00053,2c354822b0ff00348795aae97343c52db31822c9bdd37d3ee8f84d49944a866a,23704961,proc_music_additive_band,train,numpy_scipy_project_generator,NO,,,4.317000,16000,0.89949238,0.25536767,-0.00016789,0.00000000,
data/generated_v8/audio/train/music/proc_music_train_00053__fm_percussive.wav,1,0,1,0,1,,proc_music_fm_percussive,project_procedural_v8,procedural_v8,,proc_music_train_00053,proc::music::train::00053,LOCAL:tools/procedural_audio_v8.py,procedural-v8.1,PROJECT_AUTHORED_PROCEDURAL_OUTPUT_NO_EXTERNAL_ASSETS,YES,YES_PROJECT_OWNED,NO_EXTERNAL_RESTRICTION,procedural_v8,6dc7b447ef9f00e4aaa520aa50a29d3f3c34bffbf9a659d2558430c8a96b43a6,proc::music::train::00053,981a621e76cb488cc1ddca24123f7d08265c6513bf768b870e06ac407d5dc43d,23704961,proc_music_fm_percussive,train,numpy_scipy_project_generator,NO,,,4.317000,16000,0.90940732,0.23162543,-0.00013862,0.00000000,
data/generated_v8/audio/train/music/proc_music_train_00053__subtractive_sequence.wav,1,0,1,0,1,,proc_music_subtractive_sequence,project_procedural_v8,procedural_v8,,proc_music_train_00053,proc::music::train::00053,LOCAL:tools/procedural_audio_v8.py,procedural-v8.1,PROJECT_AUTHORED_PROCEDURAL_OUTPUT_NO_EXTERNAL_ASSETS,YES,YES_PROJECT_OWNED,NO_EXTERNAL_RESTRICTION,procedural_v8,6dc7b447ef9f00e4aaa520aa50a29d3f3c34bffbf9a659d2558430c8a96b43a6,proc::music::train::00053,5108240a4b3dc1de5a851ae002be51f5b0b53488c66bd7c99dbf2ad1aaeb265f,23704961,proc_music_subtractive_sequence,train,numpy_scipy_project_generator,NO,,,4.317000,16000,0.70775878,0.17496793,-0.00009826,0.00000000,
data/generated_v8/audio/train/music/proc_music_train_00054__additive_band.wav,1,0,1,0,1,,proc_music_additive_band,project_procedural_v8,procedural_v8,,proc_music_train_00054,proc::music::train::00054,LOCAL:tools/procedural_audio_v8.py,procedural-v8.1,PROJECT_AUTHORED_PROCEDURAL_OUTPUT_NO_EXTERNAL_ASSETS,YES,YES_PROJECT_OWNED,NO_EXTERNAL_RESTRICTION,procedural_v8,cf54da231bfe8f37e614a037f0929bfd04ce51bce31224dbebc060ce71787f16,proc::music::train::00054,911480310003349a66135ff44d9384e55524d9276080c5ca1f0038a3b9048045,23704962,proc_music_additive_band,train,numpy_scipy_project_generator,NO,,,3.564000,16000,0.73372966,0.19465828,-0.00011596,0.00000000,
data/generated_v8/audio/train/music/proc_music_train_00054__fm_percussive.wav,1,0,1,0,1,,proc_music_fm_percussive,project_procedural_v8,procedural_v8,,proc_music_train_00054,proc::music::train::00054,LOCAL:tools/procedural_audio_v8.py,procedural-v8.1,PROJECT_AUTHORED_PROCEDURAL_OUTPUT_NO_EXTERNAL_ASSETS,YES,YES_PROJECT_OWNED,NO_EXTERNAL_RESTRICTION,procedural_v8,cf54da231bfe8f37e614a037f0929bfd04ce51bce31224dbebc060ce71787f16,proc::music::train::00054,171039333036d26b60d620c4557ef38ca8c571ef7d204fc2a361decfa11a85b4,23704962,proc_music_fm_percussive,train,numpy_scipy_project_generator,NO,,,3.564000,16000,0.76592267,0.18084984,-0.00017221,0.00000000,
data/generated_v8/audio/train/music/proc_music_train_00054__subtractive_sequence.wav,1,0,1,0,1,,proc_music_subtractive_sequence,project_procedural_v8,procedural_v8,,proc_music_train_00054,proc::music::train::00054,LOCAL:tools/procedural_audio_v8.py,procedural-v8.1,PROJECT_AUTHORED_PROCEDURAL_OUTPUT_NO_EXTERNAL_ASSETS,YES,YES_PROJECT_OWNED,NO_EXTERNAL_RESTRICTION,procedural_v8,cf54da231bfe8f37e614a037f0929bfd04ce51bce31224dbebc060ce71787f16,proc::music::train::00054,400e9ae6235e912b953cf71c9cb2347a3a1434c735035ffcbb2a2590cd783cf4,23704962,proc_music_subtractive_sequence,train,numpy_scipy_project_generator,NO,,,3.564000,16000,0.74724674,0.16497772,-0.00017775,0.00000000,
data/generated_v8/audio/train/music/proc_music_train_00055__additive_band.wav,1,0,1,0,1,,proc_music_additive_band,project_procedural_v8,procedural_v8,,proc_music_train_00055,proc::music::train::00055,LOCAL:tools/procedural_audio_v8.py,procedural-v8.1,PROJECT_AUTHORED_PROCEDURAL_OUTPUT_NO_EXTERNAL_ASSETS,YES,YES_PROJECT_OWNED,NO_EXTERNAL_RESTRICTION,procedural_v8,144c25d28bb4a40a7a3af50e7c6c6c205a56bb53862d89299fc5698294a65fbe,proc::music::train::00055,5843047c4507a006e77a84d70412cf24ea827c1d365ff0e569eddfb4f7ad4872,23704963,proc_music_additive_band,train,numpy_scipy_project_generator,NO,,,6.387000,16000,0.83978653,0.21493261,-0.00008589,0.00000000,
data/generated_v8/audio/train/music/proc_music_train_00055__fm_percussive.wav,1,0,1,0,1,,proc_music_fm_percussive,project_procedural_v8,procedural_v8,,proc_music_train_00055,proc::music::train::00055,LOCAL:tools/procedural_audio_v8.py,procedural-v8.1,PROJECT_AUTHORED_PROCEDURAL_OUTPUT_NO_EXTERNAL_ASSETS,YES,YES_PROJECT_OWNED,NO_EXTERNAL_RESTRICTION,procedural_v8,144c25d28bb4a40a7a3af50e7c6c6c205a56bb53862d89299fc5698294a65fbe,proc::music::train::00055,6435ac565ef3b5398f52d3580b4f195a82132aac4cf16f9406c307d5987f8588,23704963,proc_music_fm_percussive,train,numpy_scipy_project_generator,NO,,,6.387000,16000,0.88727844,0.19385726,-0.00006873,0.00000000,
data/generated_v8/audio/train/music/proc_music_train_00055__subtractive_sequence.wav,1,0,1,0,1,,proc_music_subtractive_sequence,project_procedural_v8,procedural_v8,,proc_music_train_00055,proc::music::train::00055,LOCAL:tools/procedural_audio_v8.py,procedural-v8.1,PROJECT_AUTHORED_PROCEDURAL_OUTPUT_NO_EXTERNAL_ASSETS,YES,YES_PROJECT_OWNED,NO_EXTERNAL_RESTRICTION,procedural_v8,144c25d28bb4a40a7a3af50e7c6c6c205a56bb53862d89299fc5698294a65fbe,proc::music::train::00055,20efaa45d13d9f0dae70ceb11fef265afc094c6db7213524e32fad9ebb312d51,23704963,proc_music_subtractive_sequence,train,numpy_scipy_project_generator,NO,,,6.387000,16000,0.79843903,0.17053005,-0.00010730,0.00000000,
data/generated_v8/audio/train/music/proc_music_train_00056__additive_band.wav,1,0,1,0,1,,proc_music_additive_band,project_procedural_v8,procedural_v8,,proc_music_train_00056,proc::music::train::00056,LOCAL:tools/procedural_audio_v8.py,procedural-v8.1,PROJECT_AUTHORED_PROCEDURAL_OUTPUT_NO_EXTERNAL_ASSETS,YES,YES_PROJECT_OWNED,NO_EXTERNAL_RESTRICTION,procedural_v8,50841b732715caeb78b8cff3db72f71f901e423f5ab906f641865f18f6155949,proc::music::train::00056,0359229870b289a1bf25cec0a7835cca7d727e0711aaf4da6e47050ebce070c0,23704964,proc_music_additive_band,train,numpy_scipy_project_generator,NO,,,5.373000,16000,0.81770682,0.22109396,-0.00007370,0.00000000,
data/generated_v8/audio/train/music/proc_music_train_00056__fm_percussive.wav,1,0,1,0,1,,proc_music_fm_percussive,project_procedural_v8,procedural_v8,,proc_music_train_00056,proc::music::train::00056,LOCAL:tools/procedural_audio_v8.py,procedural-v8.1,PROJECT_AUTHORED_PROCEDURAL_OUTPUT_NO_EXTERNAL_ASSETS,YES,YES_PROJECT_OWNED,NO_EXTERNAL_RESTRICTION,procedural_v8,50841b732715caeb78b8cff3db72f71f901e423f5ab906f641865f18f6155949,proc::music::train::00056,48dc6e42f274baeab3ebeaa2eb64f3108bdc0f2e866d1021fa7a9128f3b3c59f,23704964,proc_music_fm_percussive,train,numpy_scipy_project_generator,NO,,,5.373000,16000,0.72715384,0.18983012,-0.00006973,0.00000000,
data/generated_v8/audio/train/music/proc_music_train_00056__subtractive_sequence.wav,1,0,1,0,1,,proc_music_subtractive_sequence,project_procedural_v8,procedural_v8,,proc_music_train_00056,proc::music::train::00056,LOCAL:tools/procedural_audio_v8.py,procedural-v8.1,PROJECT_AUTHORED_PROCEDURAL_OUTPUT_NO_EXTERNAL_ASSETS,YES,YES_PROJECT_OWNED,NO_EXTERNAL_RESTRICTION,procedural_v8,50841b732715caeb78b8cff3db72f71f901e423f5ab906f641865f18f6155949,proc::music::train::00056,8086910619af3a2dbabd8f3e0e22060aadbbc25f553594a70d0df3f0dc4740cb,23704964,proc_music_subtractive_sequence,train,numpy_scipy_project_generator,NO,,,5.373000,16000,0.82151765,0.18622059,-0.00008926,0.00000000,
data/generated_v8/audio/train/music/proc_music_train_00057__additive_band.wav,1,0,1,0,1,,proc_music_additive_band,project_procedural_v8,procedural_v8,,proc_music_train_00057,proc::music::train::00057,LOCAL:tools/procedural_audio_v8.py,procedural-v8.1,PROJECT_AUTHORED_PROCEDURAL_OUTPUT_NO_EXTERNAL_ASSETS,YES,YES_PROJECT_OWNED,NO_EXTERNAL_RESTRICTION,procedural_v8,1ae25f170d5dadb500ec4b0da3c82efca2b83f84c0027ac23d3847d1f2a80df8,proc::music::train::00057,a2d1101cbf6a188de59e905c6720b37a26c9b7f3c0e4e117a2bca6e6ec99290d,23704965,proc_music_additive_band,train,numpy_scipy_project_generator,NO,,,6.969000,16000,0.90423524,0.21677170,-0.00007663,0.00000000,
data/generated_v8/audio/train/music/proc_music_train_00057__fm_percussive.wav,1,0,1,0,1,,proc_music_fm_percussive,project_procedural_v8,procedural_v8,,proc_music_train_00057,proc::music::train::00057,LOCAL:tools/procedural_audio_v8.py,procedural-v8.1,PROJECT_AUTHORED_PROCEDURAL_OUTPUT_NO_EXTERNAL_ASSETS,YES,YES_PROJECT_OWNED,NO_EXTERNAL_RESTRICTION,procedural_v8,1ae25f170d5dadb500ec4b0da3c82efca2b83f84c0027ac23d3847d1f2a80df8,proc::music::train::00057,5102798ee22cabcc276df9044611fabbf14c6c12899d3935cd154fbf7f9ea2f3,23704965,proc_music_fm_percussive,train,numpy_scipy_project_generator,NO,,,6.969000,16000,0.77978522,0.17342176,-0.00007655,0.00000000,
data/generated_v8/audio/train/music/proc_music_train_00057__subtractive_sequence.wav,1,0,1,0,1,,proc_music_subtractive_sequence,project_procedural_v8,procedural_v8,,proc_music_train_00057,proc::music::train::00057,LOCAL:tools/procedural_audio_v8.py,procedural-v8.1,PROJECT_AUTHORED_PROCEDURAL_OUTPUT_NO_EXTERNAL_ASSETS,YES,YES_PROJECT_OWNED,NO_EXTERNAL_RESTRICTION,procedural_v8,1ae25f170d5dadb500ec4b0da3c82efca2b83f84c0027ac23d3847d1f2a80df8,proc::music::train::00057,d8b8b5d9b0287e75885e5fcf8cefd05907663d7f221af6e95783c64bc7d1187a,23704965,proc_music_subtractive_sequence,train,numpy_scipy_project_generator,NO,,,6.969000,16000,0.73122287,0.14168053,-0.00006217,0.00000000,
data/generated_v8/audio/train/music/proc_music_train_00058__additive_band.wav,1,0,1,0,1,,proc_music_additive_band,project_procedural_v8,procedural_v8,,proc_music_train_00058,proc::music::train::00058,LOCAL:tools/procedural_audio_v8.py,procedural-v8.1,PROJECT_AUTHORED_PROCEDURAL_OUTPUT_NO_EXTERNAL_ASSETS,YES,YES_PROJECT_OWNED,NO_EXTERNAL_RESTRICTION,procedural_v8,dd8414753040b6e21052cf13947daa463c87ea28096898a496f1dfbe36f5f7b3,proc::music::train::00058,6e00b238ebf18bd7dc9b61f07a4d857614fdbee90d30449a4a7c24c665d7b086,23704966,proc_music_additive_band,train,numpy_scipy_project_generator,NO,,,3.723000,16000,0.87354225,0.21699483,-0.00010448,0.00000000,
data/generated_v8/audio/train/music/proc_music_train_00058__fm_percussive.wav,1,0,1,0,1,,proc_music_fm_percussive,project_procedural_v8,procedural_v8,,proc_music_train_00058,proc::music::train::00058,LOCAL:tools/procedural_audio_v8.py,procedural-v8.1,PROJECT_AUTHORED_PROCEDURAL_OUTPUT_NO_EXTERNAL_ASSETS,YES,YES_PROJECT_OWNED,NO_EXTERNAL_RESTRICTION,procedural_v8,dd8414753040b6e21052cf13947daa463c87ea28096898a496f1dfbe36f5f7b3,proc::music::train::00058,8c5a3ca233bc472dff92853ba8e72a390b0a5dfd6630e322a0c8df6b893a132e,23704966,proc_music_fm_percussive,train,numpy_scipy_project_generator,NO,,,3.723000,16000,0.78258711,0.21170460,-0.00020313,0.00000000,
data/generated_v8/audio/train/music/proc_music_train_00058__subtractive_sequence.wav,1,0,1,0,1,,proc_music_subtractive_sequence,project_procedural_v8,procedural_v8,,proc_music_train_00058,proc::music::train::00058,LOCAL:tools/procedural_audio_v8.py,procedural-v8.1,PROJECT_AUTHORED_PROCEDURAL_OUTPUT_NO_EXTERNAL_ASSETS,YES,YES_PROJECT_OWNED,NO_EXTERNAL_RESTRICTION,procedural_v8,dd8414753040b6e21052cf13947daa463c87ea28096898a496f1dfbe36f5f7b3,proc::music::train::00058,460bc30b8274d524e02595e99c5128bbc6e3ac17b62d8c87d9697f2b93288c9c,23704966,proc_music_subtractive_sequence,train,numpy_scipy_project_generator,NO,,,3.723000,16000,0.90358788,0.17826494,-0.00018830,0.00000000,
data/generated_v8/audio/train/music/proc_music_train_00059__additive_band.wav,1,0,1,0,1,,proc_music_additive_band,project_procedural_v8,procedural_v8,,proc_music_train_00059,proc::music::train::00059,LOCAL:tools/procedural_audio_v8.py,procedural-v8.1,PROJECT_AUTHORED_PROCEDURAL_OUTPUT_NO_EXTERNAL_ASSETS,YES,YES_PROJECT_OWNED,NO_EXTERNAL_RESTRICTION,procedural_v8,3b77406a68a113ebe76e81e3bcc118779742bc43c2a783f63e6adccaf181ba91,proc::music::train::00059,d829dd269f76d41bc30d1beb7dded843a492986ce0f688a5f9cad52b199ae9f8,23704967,proc_music_additive_band,train,numpy_scipy_project_generator,NO,,,5.410000,16000,0.90319037,0.25906234,0.00001624,0.00000000,
data/generated_v8/audio/train/music/proc_music_train_00059__fm_percussive.wav,1,0,1,0,1,,proc_music_fm_percussive,project_procedural_v8,procedural_v8,,proc_music_train_00059,proc::music::train::00059,LOCAL:tools/procedural_audio_v8.py,procedural-v8.1,PROJECT_AUTHORED_PROCEDURAL_OUTPUT_NO_EXTERNAL_ASSETS,YES,YES_PROJECT_OWNED,NO_EXTERNAL_RESTRICTION,procedural_v8,3b77406a68a113ebe76e81e3bcc118779742bc43c2a783f63e6adccaf181ba91,proc::music::train::00059,93a726cd44b87d0f49ae24c2e55b0bd05970bc45bdfe7df42518b6481c6171bb,23704967,proc_music_fm_percussive,train,numpy_scipy_project_generator,NO,,,5.410000,16000,0.82148939,0.22411571,-0.00005904,0.00000000,
data/generated_v8/audio/train/music/proc_music_train_00059__subtractive_sequence.wav,1,0,1,0,1,,proc_music_subtractive_sequence,project_procedural_v8,procedural_v8,,proc_music_train_00059,proc::music::train::00059,LOCAL:tools/procedural_audio_v8.py,procedural-v8.1,PROJECT_AUTHORED_PROCEDURAL_OUTPUT_NO_EXTERNAL_ASSETS,YES,YES_PROJECT_OWNED,NO_EXTERNAL_RESTRICTION,procedural_v8,3b77406a68a113ebe76e81e3bcc118779742bc43c2a783f63e6adccaf181ba91,proc::music::train::00059,104b3065df81e40fa4a2c5de8c91a81fd15937c0e3b534b26367648d26bcd63f,23704967,proc_music_subtractive_sequence,train,numpy_scipy_project_generator,NO,,,5.410000,16000,0.88217503,0.14765419,-0.00010632,0.00000000,
data/generated_v8/audio/train/music/proc_music_train_00060__additive_band.wav,1,0,1,0,1,,proc_music_additive_band,project_procedural_v8,procedural_v8,,proc_music_train_00060,proc::music::train::00060,LOCAL:tools/procedural_audio_v8.py,procedural-v8.1,PROJECT_AUTHORED_PROCEDURAL_OUTPUT_NO_EXTERNAL_ASSETS,YES,YES_PROJECT_OWNED,NO_EXTERNAL_RESTRICTION,procedural_v8,4b55a589aff88882310c50f131a9df3c60b21908a8ec19b64a531893c29b2924,proc::music::train::00060,70861173ebba97484ce0f826015dac928fc85aa5aa27511817aad4046bd1cc1d,23704968,proc_music_additive_band,train,numpy_scipy_project_generator,NO,,,6.562000,16000,0.75415123,0.18216150,0.00000558,0.00000000,
data/generated_v8/audio/train/music/proc_music_train_00060__fm_percussive.wav,1,0,1,0,1,,proc_music_fm_percussive,project_procedural_v8,procedural_v8,,proc_music_train_00060,proc::music::train::00060,LOCAL:tools/procedural_audio_v8.py,procedural-v8.1,PROJECT_AUTHORED_PROCEDURAL_OUTPUT_NO_EXTERNAL_ASSETS,YES,YES_PROJECT_OWNED,NO_EXTERNAL_RESTRICTION,procedural_v8,4b55a589aff88882310c50f131a9df3c60b21908a8ec19b64a531893c29b2924,proc::music::train::00060,8131e962850466229fc2b813c9cf8f9170ece43c3b79e63162842fe600fcbbc0,23704968,proc_music_fm_percussive,train,numpy_scipy_project_generator,NO,,,6.562000,16000,0.76117653,0.19002239,0.00007500,0.00000000,
data/generated_v8/audio/train/music/proc_music_train_00060__subtractive_sequence.wav,1,0,1,0,1,,proc_music_subtractive_sequence,project_procedural_v8,procedural_v8,,proc_music_train_00060,proc::music::train::00060,LOCAL:tools/procedural_audio_v8.py,procedural-v8.1,PROJECT_AUTHORED_PROCEDURAL_OUTPUT_NO_EXTERNAL_ASSETS,YES,YES_PROJECT_OWNED,NO_EXTERNAL_RESTRICTION,procedural_v8,4b55a589aff88882310c50f131a9df3c60b21908a8ec19b64a531893c29b2924,proc::music::train::00060,3c9ec17850b19ad8025ffd8d707a70898575e2738b46e913abfd409e6ae4b98c,23704968,proc_music_subtractive_sequence,train,numpy_scipy_project_generator,NO,,,6.562000,16000,0.84151930,0.19242081,-0.00011162,0.00000000,
data/generated_v8/audio/train/music/proc_music_train_00061__additive_band.wav,1,0,1,0,1,,proc_music_additive_band,project_procedural_v8,procedural_v8,,proc_music_train_00061,proc::music::train::00061,LOCAL:tools/procedural_audio_v8.py,procedural-v8.1,PROJECT_AUTHORED_PROCEDURAL_OUTPUT_NO_EXTERNAL_ASSETS,YES,YES_PROJECT_OWNED,NO_EXTERNAL_RESTRICTION,procedural_v8,cf4973ad1b9631f3d7e52fcadb14c5d79a6de9b129b7c31f8ccef69e04e7ffd9,proc::music::train::00061,80a990f34c04656afa7cbe3a41a7cba15639715a5d4c71323b9567572083e435,23704969,proc_music_additive_band,train,numpy_scipy_project_generator,NO,,,4.320000,16000,0.81338656,0.20868398,-0.00016239,0.00000000,
data/generated_v8/audio/train/music/proc_music_train_00061__fm_percussive.wav,1,0,1,0,1,,proc_music_fm_percussive,project_procedural_v8,procedural_v8,,proc_music_train_00061,proc::music::train::00061,LOCAL:tools/procedural_audio_v8.py,procedural-v8.1,PROJECT_AUTHORED_PROCEDURAL_OUTPUT_NO_EXTERNAL_ASSETS,YES,YES_PROJECT_OWNED,NO_EXTERNAL_RESTRICTION,procedural_v8,cf4973ad1b9631f3d7e52fcadb14c5d79a6de9b129b7c31f8ccef69e04e7ffd9,proc::music::train::00061,19f4c54023ee5772b1465b1c74a8a3583a2b81e2a9284a0db40dc5e01513c8ce,23704969,proc_music_fm_percussive,train,numpy_scipy_project_generator,NO,,,4.320000,16000,0.81128919,0.17750601,-0.00012676,0.00000000,
data/generated_v8/audio/train/music/proc_music_train_00061__subtractive_sequence.wav,1,0,1,0,1,,proc_music_subtractive_sequence,project_procedural_v8,procedural_v8,,proc_music_train_00061,proc::music::train::00061,LOCAL:tools/procedural_audio_v8.py,procedural-v8.1,PROJECT_AUTHORED_PROCEDURAL_OUTPUT_NO_EXTERNAL_ASSETS,YES,YES_PROJECT_OWNED,NO_EXTERNAL_RESTRICTION,procedural_v8,cf4973ad1b9631f3d7e52fcadb14c5d79a6de9b129b7c31f8ccef69e04e7ffd9,proc::music::train::00061,c07c773fc2f0418d0389a6ce67d54b3c2e00a2c6714ccf49a038f3a3a73ac717,23704969,proc_music_subtractive_sequence,train,numpy_scipy_project_generator,NO,,,4.320000,16000,0.90011632,0.19294910,-0.00008672,0.00000000,
data/generated_v8/audio/train/music/proc_music_train_00062__additive_band.wav,1,0,1,0,1,,proc_music_additive_band,project_procedural_v8,procedural_v8,,proc_music_train_00062,proc::music::train::00062,LOCAL:tools/procedural_audio_v8.py,procedural-v8.1,PROJECT_AUTHORED_PROCEDURAL_OUTPUT_NO_EXTERNAL_ASSETS,YES,YES_PROJECT_OWNED,NO_EXTERNAL_RESTRICTION,procedural_v8,079e980e844fe6ab0877bccf0f63b19905cfac3fc40fee35feb6b842d744a974,proc::music::train::00062,7dc1ebf1a0fe2a759fc73055c9864c2100e250ee998805812c2708ab57af383e,23704970,proc_music_additive_band,train,numpy_scipy_project_generator,NO,,,3.788000,16000,0.90746433,0.23906495,-0.00009393,0.00000000,
data/generated_v8/audio/train/music/proc_music_train_00062__fm_percussive.wav,1,0,1,0,1,,proc_music_fm_percussive,project_procedural_v8,procedural_v8,,proc_music_train_00062,proc::music::train::00062,LOCAL:tools/procedural_audio_v8.py,procedural-v8.1,PROJECT_AUTHORED_PROCEDURAL_OUTPUT_NO_EXTERNAL_ASSETS,YES,YES_PROJECT_OWNED,NO_EXTERNAL_RESTRICTION,procedural_v8,079e980e844fe6ab0877bccf0f63b19905cfac3fc40fee35feb6b842d744a974,proc::music::train::00062,ed86205335b0532f8eea3b72d7fc05c4c1e471fa6f4c61377d95fce1ba296f9e,23704970,proc_music_fm_percussive,train,numpy_scipy_project_generator,NO,,,3.788000,16000,0.80537713,0.19896400,-0.00015371,0.00000000,
data/generated_v8/audio/train/music/proc_music_train_00062__subtractive_sequence.wav,1,0,1,0,1,,proc_music_subtractive_sequence,project_procedural_v8,procedural_v8,,proc_music_train_00062,proc::music::train::00062,LOCAL:tools/procedural_audio_v8.py,procedural-v8.1,PROJECT_AUTHORED_PROCEDURAL_OUTPUT_NO_EXTERNAL_ASSETS,YES,YES_PROJECT_OWNED,NO_EXTERNAL_RESTRICTION,procedural_v8,079e980e844fe6ab0877bccf0f63b19905cfac3fc40fee35feb6b842d744a974,proc::music::train::00062,a5d71ab6c0a85429e008aae386b2e50b6fcc7ecc164e511737de8bb63dbbeccc,23704970,proc_music_subtractive_sequence,train,numpy_scipy_project_generator,NO,,,3.788000,16000,0.81996721,0.19368748,-0.00025105,0.00000000,
data/generated_v8/audio/train/music/proc_music_train_00063__additive_band.wav,1,0,1,0,1,,proc_music_additive_band,project_procedural_v8,procedural_v8,,proc_music_train_00063,proc::music::train::00063,LOCAL:tools/procedural_audio_v8.py,procedural-v8.1,PROJECT_AUTHORED_PROCEDURAL_OUTPUT_NO_EXTERNAL_ASSETS,YES,YES_PROJECT_OWNED,NO_EXTERNAL_RESTRICTION,procedural_v8,f5e62b046a86fd45033cb468852667d67a15657b5f8ae88066a38cb7302b08a5,proc::music::train::00063,00a882f48aea562557b39db265a6ed9f0b553ed6078343f15d0a93d523cbc837,23704971,proc_music_additive_band,train,numpy_scipy_project_generator,NO,,,5.058000,16000,0.74040443,0.18574964,-0.00005655,0.00000000,
data/generated_v8/audio/train/music/proc_music_train_00063__fm_percussive.wav,1,0,1,0,1,,proc_music_fm_percussive,project_procedural_v8,procedural_v8,,proc_music_train_00063,proc::music::train::00063,LOCAL:tools/procedural_audio_v8.py,procedural-v8.1,PROJECT_AUTHORED_PROCEDURAL_OUTPUT_NO_EXTERNAL_ASSETS,YES,YES_PROJECT_OWNED,NO_EXTERNAL_RESTRICTION,procedural_v8,f5e62b046a86fd45033cb468852667d67a15657b5f8ae88066a38cb7302b08a5,proc::music::train::00063,686289dd9cb2caa567595d536e88c10ce104b0ee24f064413354580cdc12b4fe,23704971,proc_music_fm_percussive,train,numpy_scipy_project_generator,NO,,,5.058000,16000,0.81768411,0.18945309,-0.00003266,0.00000000,
data/generated_v8/audio/train/music/proc_music_train_00063__subtractive_sequence.wav,1,0,1,0,1,,proc_music_subtractive_sequence,project_procedural_v8,procedural_v8,,proc_music_train_00063,proc::music::train::00063,LOCAL:tools/procedural_audio_v8.py,procedural-v8.1,PROJECT_AUTHORED_PROCEDURAL_OUTPUT_NO_EXTERNAL_ASSETS,YES,YES_PROJECT_OWNED,NO_EXTERNAL_RESTRICTION,procedural_v8,f5e62b046a86fd45033cb468852667d67a15657b5f8ae88066a38cb7302b08a5,proc::music::train::00063,0ee00db9a46ddf21eb332244bab83f120719a5938b25586ec6d85322a9158528,23704971,proc_music_subtractive_sequence,train,numpy_scipy_project_generator,NO,,,5.058000,16000,0.86674887,0.17764320,-0.00007136,0.00000000,
data/generated_v8/audio/train/music/proc_music_train_00064__additive_band.wav,1,0,1,0,1,,proc_music_additive_band,project_procedural_v8,procedural_v8,,proc_music_train_00064,proc::music::train::00064,LOCAL:tools/procedural_audio_v8.py,procedural-v8.1,PROJECT_AUTHORED_PROCEDURAL_OUTPUT_NO_EXTERNAL_ASSETS,YES,YES_PROJECT_OWNED,NO_EXTERNAL_RESTRICTION,procedural_v8,92b1f098952fce0dfc5fe49a23dc24fc73608431a8edfb0fe4c909bf28ce254a,proc::music::train::00064,75a0999a62ea9276a05e5045c72340b82c0d39dc9266a9a860c21c24d01adf77,23704972,proc_music_additive_band,train,numpy_scipy_project_generator,NO,,,5.516000,16000,0.83725607,0.18984196,-0.00009621,0.00000000,
data/generated_v8/audio/train/music/proc_music_train_00064__fm_percussive.wav,1,0,1,0,1,,proc_music_fm_percussive,project_procedural_v8,procedural_v8,,proc_music_train_00064,proc::music::train::00064,LOCAL:tools/procedural_audio_v8.py,procedural-v8.1,PROJECT_AUTHORED_PROCEDURAL_OUTPUT_NO_EXTERNAL_ASSETS,YES,YES_PROJECT_OWNED,NO_EXTERNAL_RESTRICTION,procedural_v8,92b1f098952fce0dfc5fe49a23dc24fc73608431a8edfb0fe4c909bf28ce254a,proc::music::train::00064,b73b27b813680fdbbe0ee4c64668a2d48d6480e15a18ee67261fd946a8c0ac03,23704972,proc_music_fm_percussive,train,numpy_scipy_project_generator,NO,,,5.516000,16000,0.70175761,0.16260505,-0.00009579,0.00000000,
data/generated_v8/audio/train/music/proc_music_train_00064__subtractive_sequence.wav,1,0,1,0,1,,proc_music_subtractive_sequence,project_procedural_v8,procedural_v8,,proc_music_train_00064,proc::music::train::00064,LOCAL:tools/procedural_audio_v8.py,procedural-v8.1,PROJECT_AUTHORED_PROCEDURAL_OUTPUT_NO_EXTERNAL_ASSETS,YES,YES_PROJECT_OWNED,NO_EXTERNAL_RESTRICTION,procedural_v8,92b1f098952fce0dfc5fe49a23dc24fc73608431a8edfb0fe4c909bf28ce254a,proc::music::train::00064,326e9c9c0f9baa17ed15de2b495f1d7241969674525d443f521fd419b27c7383,23704972,proc_music_subtractive_sequence,train,numpy_scipy_project_generator,NO,,,5.516000,16000,0.85389864,0.18296377,-0.00012890,0.00000000,
data/generated_v8/audio/train/music/proc_music_train_00065__additive_band.wav,1,0,1,0,1,,proc_music_additive_band,project_procedural_v8,procedural_v8,,proc_music_train_00065,proc::music::train::00065,LOCAL:tools/procedural_audio_v8.py,procedural-v8.1,PROJECT_AUTHORED_PROCEDURAL_OUTPUT_NO_EXTERNAL_ASSETS,YES,YES_PROJECT_OWNED,NO_EXTERNAL_RESTRICTION,procedural_v8,0bcf0510bfc9360824a0093e82b61993c53075f1192d52925b70943382835567,proc::music::train::00065,e76e53acb914bb24018998bb9ad8139591844ec9192308a713a87988f874b993,23704973,proc_music_additive_band,train,numpy_scipy_project_generator,NO,,,7.048000,16000,0.81668627,0.22090169,-0.00004785,0.00000000,
data/generated_v8/audio/train/music/proc_music_train_00065__fm_percussive.wav,1,0,1,0,1,,proc_music_fm_percussive,project_procedural_v8,procedural_v8,,proc_music_train_00065,proc::music::train::00065,LOCAL:tools/procedural_audio_v8.py,procedural-v8.1,PROJECT_AUTHORED_PROCEDURAL_OUTPUT_NO_EXTERNAL_ASSETS,YES,YES_PROJECT_OWNED,NO_EXTERNAL_RESTRICTION,procedural_v8,0bcf0510bfc9360824a0093e82b61993c53075f1192d52925b70943382835567,proc::music::train::00065,92fab5caaae6d64696df88e85c0a045813d60faa1acbd1f86cdf437f96da490c,23704973,proc_music_fm_percussive,train,numpy_scipy_project_generator,NO,,,7.048000,16000,0.70371413,0.17321261,-0.00005711,0.00000000,
data/generated_v8/audio/train/music/proc_music_train_00065__subtractive_sequence.wav,1,0,1,0,1,,proc_music_subtractive_sequence,project_procedural_v8,procedural_v8,,proc_music_train_00065,proc::music::train::00065,LOCAL:tools/procedural_audio_v8.py,procedural-v8.1,PROJECT_AUTHORED_PROCEDURAL_OUTPUT_NO_EXTERNAL_ASSETS,YES,YES_PROJECT_OWNED,NO_EXTERNAL_RESTRICTION,procedural_v8,0bcf0510bfc9360824a0093e82b61993c53075f1192d52925b70943382835567,proc::music::train::00065,3b022575259a045b44734d2b43e759dbf148c8a9662cdc79269ba47777077f7c,23704973,proc_music_subtractive_sequence,train,numpy_scipy_project_generator,NO,,,7.048000,16000,0.76644117,0.15756454,-0.00010694,0.00000000,
data/generated_v8/audio/train/music/proc_music_train_00066__additive_band.wav,1,0,1,0,1,,proc_music_additive_band,project_procedural_v8,procedural_v8,,proc_music_train_00066,proc::music::train::00066,LOCAL:tools/procedural_audio_v8.py,procedural-v8.1,PROJECT_AUTHORED_PROCEDURAL_OUTPUT_NO_EXTERNAL_ASSETS,YES,YES_PROJECT_OWNED,NO_EXTERNAL_RESTRICTION,procedural_v8,5022764c7cb8ce97b8768d8bb8ba2188e0983deab340e5eb15cdf7be72a2b570,proc::music::train::00066,f5c568ca75a6644eeb2e8303a1e5a46ed6673287e4470e763ddb23e95a85d2d7,23704974,proc_music_additive_band,train,numpy_scipy_project_generator,NO,,,6.965000,16000,0.75215071,0.18127228,-0.00006707,0.00000000,
data/generated_v8/audio/train/music/proc_music_train_00066__fm_percussive.wav,1,0,1,0,1,,proc_music_fm_percussive,project_procedural_v8,procedural_v8,,proc_music_train_00066,proc::music::train::00066,LOCAL:tools/procedural_audio_v8.py,procedural-v8.1,PROJECT_AUTHORED_PROCEDURAL_OUTPUT_NO_EXTERNAL_ASSETS,YES,YES_PROJECT_OWNED,NO_EXTERNAL_RESTRICTION,procedural_v8,5022764c7cb8ce97b8768d8bb8ba2188e0983deab340e5eb15cdf7be72a2b570,proc::music::train::00066,7d3032213086a5f0472f9c994af36c47690890e8410d8c5c6d42d9cfd34c91c3,23704974,proc_music_fm_percussive,train,numpy_scipy_project_generator,NO,,,6.965000,16000,0.86705583,0.19664388,-0.00003966,0.00000000,
data/generated_v8/audio/train/music/proc_music_train_00066__subtractive_sequence.wav,1,0,1,0,1,,proc_music_subtractive_sequence,project_procedural_v8,procedural_v8,,proc_music_train_00066,proc::music::train::00066,LOCAL:tools/procedural_audio_v8.py,procedural-v8.1,PROJECT_AUTHORED_PROCEDURAL_OUTPUT_NO_EXTERNAL_ASSETS,YES,YES_PROJECT_OWNED,NO_EXTERNAL_RESTRICTION,procedural_v8,5022764c7cb8ce97b8768d8bb8ba2188e0983deab340e5eb15cdf7be72a2b570,proc::music::train::00066,13f18927e2268349c22a32029115aff6d0eccbb143ab21a52aa0061d40549066,23704974,proc_music_subtractive_sequence,train,numpy_scipy_project_generator,NO,,,6.965000,16000,0.72875255,0.16338974,-0.00007566,0.00000000,
data/generated_v8/audio/train/music/proc_music_train_00067__additive_band.wav,1,0,1,0,1,,proc_music_additive_band,project_procedural_v8,procedural_v8,,proc_music_train_00067,proc::music::train::00067,LOCAL:tools/procedural_audio_v8.py,procedural-v8.1,PROJECT_AUTHORED_PROCEDURAL_OUTPUT_NO_EXTERNAL_ASSETS,YES,YES_PROJECT_OWNED,NO_EXTERNAL_RESTRICTION,procedural_v8,695b3a460cef562380e29f09fca3c300ad06e51a89baf3067aa1567f43f3dff8,proc::music::train::00067,f8dca47982f601c906c044ab170ba7cc36ab5765642be02774ce986fad741862,23704975,proc_music_additive_band,train,numpy_scipy_project_generator,NO,,,5.357000,16000,0.72219688,0.15991202,-0.00000357,0.00000000,
data/generated_v8/audio/train/music/proc_music_train_00067__fm_percussive.wav,1,0,1,0,1,,proc_music_fm_percussive,project_procedural_v8,procedural_v8,,proc_music_train_00067,proc::music::train::00067,LOCAL:tools/procedural_audio_v8.py,procedural-v8.1,PROJECT_AUTHORED_PROCEDURAL_OUTPUT_NO_EXTERNAL_ASSETS,YES,YES_PROJECT_OWNED,NO_EXTERNAL_RESTRICTION,procedural_v8,695b3a460cef562380e29f09fca3c300ad06e51a89baf3067aa1567f43f3dff8,proc::music::train::00067,ba83b3de8de128635a710a304147b93dabddad0acbff304171ff90030189ac33,23704975,proc_music_fm_percussive,train,numpy_scipy_project_generator,NO,,,5.357000,16000,0.78432137,0.22594163,-0.00001490,0.00000000,
data/generated_v8/audio/train/music/proc_music_train_00067__subtractive_sequence.wav,1,0,1,0,1,,proc_music_subtractive_sequence,project_procedural_v8,procedural_v8,,proc_music_train_00067,proc::music::train::00067,LOCAL:tools/procedural_audio_v8.py,procedural-v8.1,PROJECT_AUTHORED_PROCEDURAL_OUTPUT_NO_EXTERNAL_ASSETS,YES,YES_PROJECT_OWNED,NO_EXTERNAL_RESTRICTION,procedural_v8,695b3a460cef562380e29f09fca3c300ad06e51a89baf3067aa1567f43f3dff8,proc::music::train::00067,cd742f4891edad0f6156343cbc12288fc17b57a95d7fda3fef5b364a43c70e27,23704975,proc_music_subtractive_sequence,train,numpy_scipy_project_generator,NO,,,5.357000,16000,0.75466710,0.15544894,-0.00011174,0.00000000,
data/generated_v8/audio/train/music/proc_music_train_00068__additive_band.wav,1,0,1,0,1,,proc_music_additive_band,project_procedural_v8,procedural_v8,,proc_music_train_00068,proc::music::train::00068,LOCAL:tools/procedural_audio_v8.py,procedural-v8.1,PROJECT_AUTHORED_PROCEDURAL_OUTPUT_NO_EXTERNAL_ASSETS,YES,YES_PROJECT_OWNED,NO_EXTERNAL_RESTRICTION,procedural_v8,bba74110dc308d096cd629f0dc638a0887e27eb57a39f1c9af6d2d8dd9ff5077,proc::music::train::00068,349155b8f7488953b713336c2e26f277d597002ec417113aaf5f0fe50b182b73,23704976,proc_music_additive_band,train,numpy_scipy_project_generator,NO,,,3.858000,16000,0.75562721,0.19864575,-0.00009224,0.00000000,
data/generated_v8/audio/train/music/proc_music_train_00068__fm_percussive.wav,1,0,1,0,1,,proc_music_fm_percussive,project_procedural_v8,procedural_v8,,proc_music_train_00068,proc::music::train::00068,LOCAL:tools/procedural_audio_v8.py,procedural-v8.1,PROJECT_AUTHORED_PROCEDURAL_OUTPUT_NO_EXTERNAL_ASSETS,YES,YES_PROJECT_OWNED,NO_EXTERNAL_RESTRICTION,procedural_v8,bba74110dc308d096cd629f0dc638a0887e27eb57a39f1c9af6d2d8dd9ff5077,proc::music::train::00068,4f9538a69f11065674501d155209b913e9539a7d39df046e32a04012ee8871d4,23704976,proc_music_fm_percussive,train,numpy_scipy_project_generator,NO,,,3.858000,16000,0.74258232,0.19701505,-0.00022348,0.00000000,
data/generated_v8/audio/train/music/proc_music_train_00068__subtractive_sequence.wav,1,0,1,0,1,,proc_music_subtractive_sequence,project_procedural_v8,procedural_v8,,proc_music_train_00068,proc::music::train::00068,LOCAL:tools/procedural_audio_v8.py,procedural-v8.1,PROJECT_AUTHORED_PROCEDURAL_OUTPUT_NO_EXTERNAL_ASSETS,YES,YES_PROJECT_OWNED,NO_EXTERNAL_RESTRICTION,procedural_v8,bba74110dc308d096cd629f0dc638a0887e27eb57a39f1c9af6d2d8dd9ff5077,proc::music::train::00068,425101c236764a42fb7541f65c707fb6c8ff390283cbd08ee70a1691011a5b2f,23704976,proc_music_subtractive_sequence,train,numpy_scipy_project_generator,NO,,,3.858000,16000,0.77652544,0.18619710,-0.00014005,0.00000000,
data/generated_v8/audio/train/music/proc_music_train_00069__additive_band.wav,1,0,1,0,1,,proc_music_additive_band,project_procedural_v8,procedural_v8,,proc_music_train_00069,proc::music::train::00069,LOCAL:tools/procedural_audio_v8.py,procedural-v8.1,PROJECT_AUTHORED_PROCEDURAL_OUTPUT_NO_EXTERNAL_ASSETS,YES,YES_PROJECT_OWNED,NO_EXTERNAL_RESTRICTION,procedural_v8,a0713c3019e50291d0653693315786e99d5316dd370fd1463945a56a93d9a5cc,proc::music::train::00069,1b98bc2c3c4f769d94575a7495776fb9d03740d7db84180e7a5c4222aab0a756,23704977,proc_music_additive_band,train,numpy_scipy_project_generator,NO,,,6.587000,16000,0.75750047,0.20172466,-0.00006098,0.00000000,
data/generated_v8/audio/train/music/proc_music_train_00069__fm_percussive.wav,1,0,1,0,1,,proc_music_fm_percussive,project_procedural_v8,procedural_v8,,proc_music_train_00069,proc::music::train::00069,LOCAL:tools/procedural_audio_v8.py,procedural-v8.1,PROJECT_AUTHORED_PROCEDURAL_OUTPUT_NO_EXTERNAL_ASSETS,YES,YES_PROJECT_OWNED,NO_EXTERNAL_RESTRICTION,procedural_v8,a0713c3019e50291d0653693315786e99d5316dd370fd1463945a56a93d9a5cc,proc::music::train::00069,aea3ca3c6699ce1106037890563ac8b9ec3f0b086866827293dccbe7f093b77d,23704977,proc_music_fm_percussive,train,numpy_scipy_project_generator,NO,,,6.587000,16000,0.72275054,0.16862195,-0.00007423,0.00000000,
data/generated_v8/audio/train/music/proc_music_train_00069__subtractive_sequence.wav,1,0,1,0,1,,proc_music_subtractive_sequence,project_procedural_v8,procedural_v8,,proc_music_train_00069,proc::music::train::00069,LOCAL:tools/procedural_audio_v8.py,procedural-v8.1,PROJECT_AUTHORED_PROCEDURAL_OUTPUT_NO_EXTERNAL_ASSETS,YES,YES_PROJECT_OWNED,NO_EXTERNAL_RESTRICTION,procedural_v8,a0713c3019e50291d0653693315786e99d5316dd370fd1463945a56a93d9a5cc,proc::music::train::00069,7ece42b10697fbbda9fc090a90b7325e03059c316480cc8c7605a89a3002fd63,23704977,proc_music_subtractive_sequence,train,numpy_scipy_project_generator,NO,,,6.587000,16000,0.70027626,0.13395197,-0.00005979,0.00000000,
data/generated_v8/audio/train/music/proc_music_train_00070__additive_band.wav,1,0,1,0,1,,proc_music_additive_band,project_procedural_v8,procedural_v8,,proc_music_train_00070,proc::music::train::00070,LOCAL:tools/procedural_audio_v8.py,procedural-v8.1,PROJECT_AUTHORED_PROCEDURAL_OUTPUT_NO_EXTERNAL_ASSETS,YES,YES_PROJECT_OWNED,NO_EXTERNAL_RESTRICTION,procedural_v8,bbb9f91ec07b7cb83f294cb2a38626787b891f7eb9c4a5687593a6435d69a7d1,proc::music::train::00070,2da9bc307c8f743d4c3a6539f30b8ff4d40d2f0071f2da5a28c665076d6efd00,23704978,proc_music_additive_band,train,numpy_scipy_project_generator,NO,,,4.492000,16000,0.86749911,0.21395257,-0.00019757,0.00000000,
data/generated_v8/audio/train/music/proc_music_train_00070__fm_percussive.wav,1,0,1,0,1,,proc_music_fm_percussive,project_procedural_v8,procedural_v8,,proc_music_train_00070,proc::music::train::00070,LOCAL:tools/procedural_audio_v8.py,procedural-v8.1,PROJECT_AUTHORED_PROCEDURAL_OUTPUT_NO_EXTERNAL_ASSETS,YES,YES_PROJECT_OWNED,NO_EXTERNAL_RESTRICTION,procedural_v8,bbb9f91ec07b7cb83f294cb2a38626787b891f7eb9c4a5687593a6435d69a7d1,proc::music::train::00070,f3ee2c8584bd84dd74194e59c99f6bd088f99543bdc00f9b6ce3fbc4fea43ce9,23704978,proc_music_fm_percussive,train,numpy_scipy_project_generator,NO,,,4.492000,16000,0.71580601,0.14868190,-0.00022617,0.00000000,
data/generated_v8/audio/train/music/proc_music_train_00070__subtractive_sequence.wav,1,0,1,0,1,,proc_music_subtractive_sequence,project_procedural_v8,procedural_v8,,proc_music_train_00070,proc::music::train::00070,LOCAL:tools/procedural_audio_v8.py,procedural-v8.1,PROJECT_AUTHORED_PROCEDURAL_OUTPUT_NO_EXTERNAL_ASSETS,YES,YES_PROJECT_OWNED,NO_EXTERNAL_RESTRICTION,procedural_v8,bbb9f91ec07b7cb83f294cb2a38626787b891f7eb9c4a5687593a6435d69a7d1,proc::music::train::00070,42f00e7620d53f61579aa731374f66f255ea09a4aaaa452d3c0f10d5371b1c29,23704978,proc_music_subtractive_sequence,train,numpy_scipy_project_generator,NO,,,4.492000,16000,0.82301956,0.16807777,-0.00010106,0.00000000,
data/generated_v8/audio/train/music/proc_music_train_00071__additive_band.wav,1,0,1,0,1,,proc_music_additive_band,project_procedural_v8,procedural_v8,,proc_music_train_00071,proc::music::train::00071,LOCAL:tools/procedural_audio_v8.py,procedural-v8.1,PROJECT_AUTHORED_PROCEDURAL_OUTPUT_NO_EXTERNAL_ASSETS,YES,YES_PROJECT_OWNED,NO_EXTERNAL_RESTRICTION,procedural_v8,c1bc0b9f698c132a2b7af8d6d6d65ddfcf8598f6fe843e945b9d807e54355613,proc::music::train::00071,e6f488a7ae8c22cfe82bca2fdf5d50cf0c21d42a8c405332ff14977db56a4c71,23704979,proc_music_additive_band,train,numpy_scipy_project_generator,NO,,,6.325000,16000,0.90107614,0.22557738,-0.00008553,0.00000000,
data/generated_v8/audio/train/music/proc_music_train_00071__fm_percussive.wav,1,0,1,0,1,,proc_music_fm_percussive,project_procedural_v8,procedural_v8,,proc_music_train_00071,proc::music::train::00071,LOCAL:tools/procedural_audio_v8.py,procedural-v8.1,PROJECT_AUTHORED_PROCEDURAL_OUTPUT_NO_EXTERNAL_ASSETS,YES,YES_PROJECT_OWNED,NO_EXTERNAL_RESTRICTION,procedural_v8,c1bc0b9f698c132a2b7af8d6d6d65ddfcf8598f6fe843e945b9d807e54355613,proc::music::train::00071,e0068da5218fea8e6ce60b6b24cea533008167e6fb2f0c22431b0fc71b7cddb2,23704979,proc_music_fm_percussive,train,numpy_scipy_project_generator,NO,,,6.325000,16000,0.90679651,0.20741549,-0.00009972,0.00000000,
data/generated_v8/audio/train/music/proc_music_train_00071__subtractive_sequence.wav,1,0,1,0,1,,proc_music_subtractive_sequence,project_procedural_v8,procedural_v8,,proc_music_train_00071,proc::music::train::00071,LOCAL:tools/procedural_audio_v8.py,procedural-v8.1,PROJECT_AUTHORED_PROCEDURAL_OUTPUT_NO_EXTERNAL_ASSETS,YES,YES_PROJECT_OWNED,NO_EXTERNAL_RESTRICTION,procedural_v8,c1bc0b9f698c132a2b7af8d6d6d65ddfcf8598f6fe843e945b9d807e54355613,proc::music::train::00071,b9d4a8d01bcea8cc4c2f4e537bf0729b776ec66d2b2e3e60a5b7b9acc222ed0b,23704979,proc_music_subtractive_sequence,train,numpy_scipy_project_generator,NO,,,6.325000,16000,0.87662619,0.19923693,-0.00008033,0.00000000,
data/generated_v8/audio/train/music/proc_music_train_00072__additive_band.wav,1,0,1,0,1,,proc_music_additive_band,project_procedural_v8,procedural_v8,,proc_music_train_00072,proc::music::train::00072,LOCAL:tools/procedural_audio_v8.py,procedural-v8.1,PROJECT_AUTHORED_PROCEDURAL_OUTPUT_NO_EXTERNAL_ASSETS,YES,YES_PROJECT_OWNED,NO_EXTERNAL_RESTRICTION,procedural_v8,3960a3cd75a24ca2795a97bc9f45fe742a6ddd9854a418f5841a7dcc0c323c52,proc::music::train::00072,b299c4d16b8a6d22c8bc506d76becb93235fe55b55229a2765798d02ba37a0a1,23704980,proc_music_additive_band,train,numpy_scipy_project_generator,NO,,,5.807000,16000,0.80584031,0.22187169,-0.00006966,0.00000000,
data/generated_v8/audio/train/music/proc_music_train_00072__fm_percussive.wav,1,0,1,0,1,,proc_music_fm_percussive,project_procedural_v8,procedural_v8,,proc_music_train_00072,proc::music::train::00072,LOCAL:tools/procedural_audio_v8.py,procedural-v8.1,PROJECT_AUTHORED_PROCEDURAL_OUTPUT_NO_EXTERNAL_ASSETS,YES,YES_PROJECT_OWNED,NO_EXTERNAL_RESTRICTION,procedural_v8,3960a3cd75a24ca2795a97bc9f45fe742a6ddd9854a418f5841a7dcc0c323c52,proc::music::train::00072,782dc6991afd7402e95117a3b3911ab54383a72ef9d672e751dd2253e3e7abde,23704980,proc_music_fm_percussive,train,numpy_scipy_project_generator,NO,,,5.807000,16000,0.75092685,0.17682129,-0.00007683,0.00000000,
data/generated_v8/audio/train/music/proc_music_train_00072__subtractive_sequence.wav,1,0,1,0,1,,proc_music_subtractive_sequence,project_procedural_v8,procedural_v8,,proc_music_train_00072,proc::music::train::00072,LOCAL:tools/procedural_audio_v8.py,procedural-v8.1,PROJECT_AUTHORED_PROCEDURAL_OUTPUT_NO_EXTERNAL_ASSETS,YES,YES_PROJECT_OWNED,NO_EXTERNAL_RESTRICTION,procedural_v8,3960a3cd75a24ca2795a97bc9f45fe742a6ddd9854a418f5841a7dcc0c323c52,proc::music::train::00072,eb5f6e9680dc1be4812149b63b770154e4ae39b51465bd3e516e04902bf65cfa,23704980,proc_music_subtractive_sequence,train,numpy_scipy_project_generator,NO,,,5.807000,16000,0.85975331,0.17858808,-0.00014170,0.00000000,
data/generated_v8/audio/train/music/proc_music_train_00073__additive_band.wav,1,0,1,0,1,,proc_music_additive_band,project_procedural_v8,procedural_v8,,proc_music_train_00073,proc::music::train::00073,LOCAL:tools/procedural_audio_v8.py,procedural-v8.1,PROJECT_AUTHORED_PROCEDURAL_OUTPUT_NO_EXTERNAL_ASSETS,YES,YES_PROJECT_OWNED,NO_EXTERNAL_RESTRICTION,procedural_v8,238cb844edc8cf18ac86718588a4d577af2a4e91f22d4ec534257428ea47bb9b,proc::music::train::00073,d591ed7b17c81e840a044ccd4b190829b5a1a9bee8d0b4a6da66d419653e1ff4,23704981,proc_music_additive_band,train,numpy_scipy_project_generator,NO,,,4.157000,16000,0.71830553,0.16929604,-0.00008056,0.00000000,
data/generated_v8/audio/train/music/proc_music_train_00073__fm_percussive.wav,1,0,1,0,1,,proc_music_fm_percussive,project_procedural_v8,procedural_v8,,proc_music_train_00073,proc::music::train::00073,LOCAL:tools/procedural_audio_v8.py,procedural-v8.1,PROJECT_AUTHORED_PROCEDURAL_OUTPUT_NO_EXTERNAL_ASSETS,YES,YES_PROJECT_OWNED,NO_EXTERNAL_RESTRICTION,procedural_v8,238cb844edc8cf18ac86718588a4d577af2a4e91f22d4ec534257428ea47bb9b,proc::music::train::00073,2f912eb0e79852cd1d6f90e95d28068b6b4ae76c6b03a24fce34dbb4da14e6c4,23704981,proc_music_fm_percussive,train,numpy_scipy_project_generator,NO,,,4.157000,16000,0.90228426,0.24752708,-0.00017757,0.00000000,
data/generated_v8/audio/train/music/proc_music_train_00073__subtractive_sequence.wav,1,0,1,0,1,,proc_music_subtractive_sequence,project_procedural_v8,procedural_v8,,proc_music_train_00073,proc::music::train::00073,LOCAL:tools/procedural_audio_v8.py,procedural-v8.1,PROJECT_AUTHORED_PROCEDURAL_OUTPUT_NO_EXTERNAL_ASSETS,YES,YES_PROJECT_OWNED,NO_EXTERNAL_RESTRICTION,procedural_v8,238cb844edc8cf18ac86718588a4d577af2a4e91f22d4ec534257428ea47bb9b,proc::music::train::00073,62302304d91071111a8ae43787721bf9f6cc309272b9c8695812709beab79708,23704981,proc_music_subtractive_sequence,train,numpy_scipy_project_generator,NO,,,4.157000,16000,0.80920798,0.16791106,-0.00012845,0.00000000,
data/generated_v8/audio/train/music/proc_music_train_00074__additive_band.wav,1,0,1,0,1,,proc_music_additive_band,project_procedural_v8,procedural_v8,,proc_music_train_00074,proc::music::train::00074,LOCAL:tools/procedural_audio_v8.py,procedural-v8.1,PROJECT_AUTHORED_PROCEDURAL_OUTPUT_NO_EXTERNAL_ASSETS,YES,YES_PROJECT_OWNED,NO_EXTERNAL_RESTRICTION,procedural_v8,e380b08794d9cc2c4a9a72f6364ffe8da6e598e0dd59386f00bdefb8fab0d8c7,proc::music::train::00074,06a348cba87c4c35e16e454f24fec61f8cbd402033bf8dc934217b2592fdae59,23704982,proc_music_additive_band,train,numpy_scipy_project_generator,NO,,,4.449000,16000,0.73086035,0.18988996,-0.00012477,0.00000000,
data/generated_v8/audio/train/music/proc_music_train_00074__fm_percussive.wav,1,0,1,0,1,,proc_music_fm_percussive,project_procedural_v8,procedural_v8,,proc_music_train_00074,proc::music::train::00074,LOCAL:tools/procedural_audio_v8.py,procedural-v8.1,PROJECT_AUTHORED_PROCEDURAL_OUTPUT_NO_EXTERNAL_ASSETS,YES,YES_PROJECT_OWNED,NO_EXTERNAL_RESTRICTION,procedural_v8,e380b08794d9cc2c4a9a72f6364ffe8da6e598e0dd59386f00bdefb8fab0d8c7,proc::music::train::00074,b49bde79c8ba4269d29d67b800d1133dde73f6d45c90ce7e72f9ac30c1da981c,23704982,proc_music_fm_percussive,train,numpy_scipy_project_generator,NO,,,4.449000,16000,0.70527953,0.14191358,-0.00011521,0.00000000,
data/generated_v8/audio/train/music/proc_music_train_00074__subtractive_sequence.wav,1,0,1,0,1,,proc_music_subtractive_sequence,project_procedural_v8,procedural_v8,,proc_music_train_00074,proc::music::train::00074,LOCAL:tools/procedural_audio_v8.py,procedural-v8.1,PROJECT_AUTHORED_PROCEDURAL_OUTPUT_NO_EXTERNAL_ASSETS,YES,YES_PROJECT_OWNED,NO_EXTERNAL_RESTRICTION,procedural_v8,e380b08794d9cc2c4a9a72f6364ffe8da6e598e0dd59386f00bdefb8fab0d8c7,proc::music::train::00074,cc1f199057bdb0e67934bef3a3e318c900cac5834495fa313b36ca43dbad3b9f,23704982,proc_music_subtractive_sequence,train,numpy_scipy_project_generator,NO,,,4.449000,16000,0.87642872,0.18715485,-0.00013896,0.00000000,
data/generated_v8/audio/train/music/proc_music_train_00075__additive_band.wav,1,0,1,0,1,,proc_music_additive_band,project_procedural_v8,procedural_v8,,proc_music_train_00075,proc::music::train::00075,LOCAL:tools/procedural_audio_v8.py,procedural-v8.1,PROJECT_AUTHORED_PROCEDURAL_OUTPUT_NO_EXTERNAL_ASSETS,YES,YES_PROJECT_OWNED,NO_EXTERNAL_RESTRICTION,procedural_v8,31725bf1b0f9dadf2e8b795a7e36b08cf6b532d0652187862b3608ad97791665,proc::music::train::00075,88652b093399c1b437d5900984f222b0006ef90fea3284f72e1c4eadb6f45e82,23704983,proc_music_additive_band,train,numpy_scipy_project_generator,NO,,,7.038000,16000,0.73832494,0.16217855,-0.00005998,0.00000000,
data/generated_v8/audio/train/music/proc_music_train_00075__fm_percussive.wav,1,0,1,0,1,,proc_music_fm_percussive,project_procedural_v8,procedural_v8,,proc_music_train_00075,proc::music::train::00075,LOCAL:tools/procedural_audio_v8.py,procedural-v8.1,PROJECT_AUTHORED_PROCEDURAL_OUTPUT_NO_EXTERNAL_ASSETS,YES,YES_PROJECT_OWNED,NO_EXTERNAL_RESTRICTION,procedural_v8,31725bf1b0f9dadf2e8b795a7e36b08cf6b532d0652187862b3608ad97791665,proc::music::train::00075,13bc7eb78ae771e586f4472df0dd42bdb86f02260a9599a7704124976d2dc4ea,23704983,proc_music_fm_percussive,train,numpy_scipy_project_generator,NO,,,7.038000,16000,0.85318923,0.19675995,-0.00010180,0.00000000,
data/generated_v8/audio/train/music/proc_music_train_00075__subtractive_sequence.wav,1,0,1,0,1,,proc_music_subtractive_sequence,project_procedural_v8,procedural_v8,,proc_music_train_00075,proc::music::train::00075,LOCAL:tools/procedural_audio_v8.py,procedural-v8.1,PROJECT_AUTHORED_PROCEDURAL_OUTPUT_NO_EXTERNAL_ASSETS,YES,YES_PROJECT_OWNED,NO_EXTERNAL_RESTRICTION,procedural_v8,31725bf1b0f9dadf2e8b795a7e36b08cf6b532d0652187862b3608ad97791665,proc::music::train::00075,1910cb958146f60ecc9839ce9afe28fe5ee66f721879de93dd6a1a492f3918d8,23704983,proc_music_subtractive_sequence,train,numpy_scipy_project_generator,NO,,,7.038000,16000,0.89378780,0.19243460,-0.00008798,0.00000000,
data/generated_v8/audio/train/music/proc_music_train_00076__additive_band.wav,1,0,1,0,1,,proc_music_additive_band,project_procedural_v8,procedural_v8,,proc_music_train_00076,proc::music::train::00076,LOCAL:tools/procedural_audio_v8.py,procedural-v8.1,PROJECT_AUTHORED_PROCEDURAL_OUTPUT_NO_EXTERNAL_ASSETS,YES,YES_PROJECT_OWNED,NO_EXTERNAL_RESTRICTION,procedural_v8,38743daae5dc77f0d233562146753d5def1886673db223ba4b96e6b65bf70c8d,proc::music::train::00076,52935ac576fe6a9b19c20bb8adad9d644f22857aadf4c9194b00ea325e71981c,23704984,proc_music_additive_band,train,numpy_scipy_project_generator,NO,,,6.908000,16000,0.73189056,0.18494040,-0.00008045,0.00000000,
data/generated_v8/audio/train/music/proc_music_train_00076__fm_percussive.wav,1,0,1,0,1,,proc_music_fm_percussive,project_procedural_v8,procedural_v8,,proc_music_train_00076,proc::music::train::00076,LOCAL:tools/procedural_audio_v8.py,procedural-v8.1,PROJECT_AUTHORED_PROCEDURAL_OUTPUT_NO_EXTERNAL_ASSETS,YES,YES_PROJECT_OWNED,NO_EXTERNAL_RESTRICTION,procedural_v8,38743daae5dc77f0d233562146753d5def1886673db223ba4b96e6b65bf70c8d,proc::music::train::00076,3edea01e8df1bd2a69f1059fab7fc6f1fbb0d7137cb8827e5eea2bf568581844,23704984,proc_music_fm_percussive,train,numpy_scipy_project_generator,NO,,,6.908000,16000,0.86802083,0.20086089,-0.00009535,0.00000000,
data/generated_v8/audio/train/music/proc_music_train_00076__subtractive_sequence.wav,1,0,1,0,1,,proc_music_subtractive_sequence,project_procedural_v8,procedural_v8,,proc_music_train_00076,proc::music::train::00076,LOCAL:tools/procedural_audio_v8.py,procedural-v8.1,PROJECT_AUTHORED_PROCEDURAL_OUTPUT_NO_EXTERNAL_ASSETS,YES,YES_PROJECT_OWNED,NO_EXTERNAL_RESTRICTION,procedural_v8,38743daae5dc77f0d233562146753d5def1886673db223ba4b96e6b65bf70c8d,proc::music::train::00076,6685de8f1880cc9eca637a9cae9fc10a9ee340e9cbc46d595275753e6c1f65fd,23704984,proc_music_subtractive_sequence,train,numpy_scipy_project_generator,NO,,,6.908000,16000,0.73863965,0.13816708,-0.00006988,0.00000000,
data/generated_v8/audio/train/music/proc_music_train_00077__additive_band.wav,1,0,1,0,1,,proc_music_additive_band,project_procedural_v8,procedural_v8,,proc_music_train_00077,proc::music::train::00077,LOCAL:tools/procedural_audio_v8.py,procedural-v8.1,PROJECT_AUTHORED_PROCEDURAL_OUTPUT_NO_EXTERNAL_ASSETS,YES,YES_PROJECT_OWNED,NO_EXTERNAL_RESTRICTION,procedural_v8,5049688becfdcf634bf700613fbc1e5f5c7ba90391786736b009b6036dff54bf,proc::music::train::00077,23829a1f19dd83fe99ae8fa08f05958f29584002f3b56cc4f8b50215c95aa30d,23704985,proc_music_additive_band,train,numpy_scipy_project_generator,NO,,,4.394000,16000,0.86413074,0.22243702,-0.00001542,0.00000000,
data/generated_v8/audio/train/music/proc_music_train_00077__fm_percussive.wav,1,0,1,0,1,,proc_music_fm_percussive,project_procedural_v8,procedural_v8,,proc_music_train_00077,proc::music::train::00077,LOCAL:tools/procedural_audio_v8.py,procedural-v8.1,PROJECT_AUTHORED_PROCEDURAL_OUTPUT_NO_EXTERNAL_ASSETS,YES,YES_PROJECT_OWNED,NO_EXTERNAL_RESTRICTION,procedural_v8,5049688becfdcf634bf700613fbc1e5f5c7ba90391786736b009b6036dff54bf,proc::music::train::00077,27faeb94a97daf533a11712a2e3cead6a7e3e7eb20c30b14119df22cf8b40610,23704985,proc_music_fm_percussive,train,numpy_scipy_project_generator,NO,,,4.394000,16000,0.85252082,0.20569421,0.00000253,0.00000000,
data/generated_v8/audio/train/music/proc_music_train_00077__subtractive_sequence.wav,1,0,1,0,1,,proc_music_subtractive_sequence,project_procedural_v8,procedural_v8,,proc_music_train_00077,proc::music::train::00077,LOCAL:tools/procedural_audio_v8.py,procedural-v8.1,PROJECT_AUTHORED_PROCEDURAL_OUTPUT_NO_EXTERNAL_ASSETS,YES,YES_PROJECT_OWNED,NO_EXTERNAL_RESTRICTION,procedural_v8,5049688becfdcf634bf700613fbc1e5f5c7ba90391786736b009b6036dff54bf,proc::music::train::00077,3e1e58c5aa65e8d0c88edf46a8d025f91cf4a0218eb41ee4be4dbbbf8b4aaf97,23704985,proc_music_subtractive_sequence,train,numpy_scipy_project_generator,NO,,,4.394000,16000,0.81861353,0.18902467,-0.00002847,0.00000000,
data/generated_v8/audio/train/music/proc_music_train_00078__additive_band.wav,1,0,1,0,1,,proc_music_additive_band,project_procedural_v8,procedural_v8,,proc_music_train_00078,proc::music::train::00078,LOCAL:tools/procedural_audio_v8.py,procedural-v8.1,PROJECT_AUTHORED_PROCEDURAL_OUTPUT_NO_EXTERNAL_ASSETS,YES,YES_PROJECT_OWNED,NO_EXTERNAL_RESTRICTION,procedural_v8,021f7caed633372aaf314c32a41db4f77330ebc69245bf70e7d14bbd3a81d95c,proc::music::train::00078,a12adb1e9b891d861e75b6e6ce4d475096d42eb7c5844069858be2292be5d428,23704986,proc_music_additive_band,train,numpy_scipy_project_generator,NO,,,4.179000,16000,0.88908648,0.25442309,-0.00010846,0.00000000,
data/generated_v8/audio/train/music/proc_music_train_00078__fm_percussive.wav,1,0,1,0,1,,proc_music_fm_percussive,project_procedural_v8,procedural_v8,,proc_music_train_00078,proc::music::train::00078,LOCAL:tools/procedural_audio_v8.py,procedural-v8.1,PROJECT_AUTHORED_PROCEDURAL_OUTPUT_NO_EXTERNAL_ASSETS,YES,YES_PROJECT_OWNED,NO_EXTERNAL_RESTRICTION,procedural_v8,021f7caed633372aaf314c32a41db4f77330ebc69245bf70e7d14bbd3a81d95c,proc::music::train::00078,ab40bb5830680b4de8f417164a6b45d5885b2f8fe1bbbe030e2356da02ead1cd,23704986,proc_music_fm_percussive,train,numpy_scipy_project_generator,NO,,,4.179000,16000,0.71986252,0.19091564,-0.00010318,0.00000000,
data/generated_v8/audio/train/music/proc_music_train_00078__subtractive_sequence.wav,1,0,1,0,1,,proc_music_subtractive_sequence,project_procedural_v8,procedural_v8,,proc_music_train_00078,proc::music::train::00078,LOCAL:tools/procedural_audio_v8.py,procedural-v8.1,PROJECT_AUTHORED_PROCEDURAL_OUTPUT_NO_EXTERNAL_ASSETS,YES,YES_PROJECT_OWNED,NO_EXTERNAL_RESTRICTION,procedural_v8,021f7caed633372aaf314c32a41db4f77330ebc69245bf70e7d14bbd3a81d95c,proc::music::train::00078,b7b98d3b997485632782d04ca099cfd4e74df24a7097181ba2d9db8fd0bb565f,23704986,proc_music_subtractive_sequence,train,numpy_scipy_project_generator,NO,,,4.179000,16000,0.72838950,0.16298423,-0.00009124,0.00000000,
data/generated_v8/audio/train/music/proc_music_train_00079__additive_band.wav,1,0,1,0,1,,proc_music_additive_band,project_procedural_v8,procedural_v8,,proc_music_train_00079,proc::music::train::00079,LOCAL:tools/procedural_audio_v8.py,procedural-v8.1,PROJECT_AUTHORED_PROCEDURAL_OUTPUT_NO_EXTERNAL_ASSETS,YES,YES_PROJECT_OWNED,NO_EXTERNAL_RESTRICTION,procedural_v8,50bf2a493db2bd01456eca79f92b3a082eb67e31f3e3313c7393d4d04a4f742d,proc::music::train::00079,c26fea1d890f44f67b4e2c766d31b640a6d0904110c9217b84c7d79881e7d177,23704987,proc_music_additive_band,train,numpy_scipy_project_generator,NO,,,5.790000,16000,0.83234614,0.19074917,-0.00003618,0.00000000,
data/generated_v8/audio/train/music/proc_music_train_00079__fm_percussive.wav,1,0,1,0,1,,proc_music_fm_percussive,project_procedural_v8,procedural_v8,,proc_music_train_00079,proc::music::train::00079,LOCAL:tools/procedural_audio_v8.py,procedural-v8.1,PROJECT_AUTHORED_PROCEDURAL_OUTPUT_NO_EXTERNAL_ASSETS,YES,YES_PROJECT_OWNED,NO_EXTERNAL_RESTRICTION,procedural_v8,50bf2a493db2bd01456eca79f92b3a082eb67e31f3e3313c7393d4d04a4f742d,proc::music::train::00079,ab809edcc4c2f12f2df0c5c1cd446e36b72a8b2b58ae26b93cba4e9c1b18c602,23704987,proc_music_fm_percussive,train,numpy_scipy_project_generator,NO,,,5.790000,16000,0.90087789,0.21547409,-0.00009904,0.00000000,
data/generated_v8/audio/train/music/proc_music_train_00079__subtractive_sequence.wav,1,0,1,0,1,,proc_music_subtractive_sequence,project_procedural_v8,procedural_v8,,proc_music_train_00079,proc::music::train::00079,LOCAL:tools/procedural_audio_v8.py,procedural-v8.1,PROJECT_AUTHORED_PROCEDURAL_OUTPUT_NO_EXTERNAL_ASSETS,YES,YES_PROJECT_OWNED,NO_EXTERNAL_RESTRICTION,procedural_v8,50bf2a493db2bd01456eca79f92b3a082eb67e31f3e3313c7393d4d04a4f742d,proc::music::train::00079,f129872ea4128cd858d54c7f4f8434bc863e00dc0b4adfa73e9d12ab63360bac,23704987,proc_music_subtractive_sequence,train,numpy_scipy_project_generator,NO,,,5.790000,16000,0.73224789,0.14729042,-0.00010678,0.00000000,
data/generated_v8/audio/train/music/proc_music_train_00080__additive_band.wav,1,0,1,0,1,,proc_music_additive_band,project_procedural_v8,procedural_v8,,proc_music_train_00080,proc::music::train::00080,LOCAL:tools/procedural_audio_v8.py,procedural-v8.1,PROJECT_AUTHORED_PROCEDURAL_OUTPUT_NO_EXTERNAL_ASSETS,YES,YES_PROJECT_OWNED,NO_EXTERNAL_RESTRICTION,procedural_v8,38e35984b3798797925a982733053566897d481bdbc84f0fb9990c414a311f41,proc::music::train::00080,6152d465daef63e4d44c6783f70bd168df438dde6d2330b1dc25ed6fa41b52f9,23704988,proc_music_additive_band,train,numpy_scipy_project_generator,NO,,,6.792000,16000,0.77071750,0.20233442,-0.00006082,0.00000000,
data/generated_v8/audio/train/music/proc_music_train_00080__fm_percussive.wav,1,0,1,0,1,,proc_music_fm_percussive,project_procedural_v8,procedural_v8,,proc_music_train_00080,proc::music::train::00080,LOCAL:tools/procedural_audio_v8.py,procedural-v8.1,PROJECT_AUTHORED_PROCEDURAL_OUTPUT_NO_EXTERNAL_ASSETS,YES,YES_PROJECT_OWNED,NO_EXTERNAL_RESTRICTION,procedural_v8,38e35984b3798797925a982733053566897d481bdbc84f0fb9990c414a311f41,proc::music::train::00080,685b873e97c8485eca89158c36ad95ce01f88514da71f44ae7202055b09cc0e0,23704988,proc_music_fm_percussive,train,numpy_scipy_project_generator,NO,,,6.792000,16000,0.81355107,0.16943759,-0.00006408,0.00000000,
data/generated_v8/audio/train/music/proc_music_train_00080__subtractive_sequence.wav,1,0,1,0,1,,proc_music_subtractive_sequence,project_procedural_v8,procedural_v8,,proc_music_train_00080,proc::music::train::00080,LOCAL:tools/procedural_audio_v8.py,procedural-v8.1,PROJECT_AUTHORED_PROCEDURAL_OUTPUT_NO_EXTERNAL_ASSETS,YES,YES_PROJECT_OWNED,NO_EXTERNAL_RESTRICTION,procedural_v8,38e35984b3798797925a982733053566897d481bdbc84f0fb9990c414a311f41,proc::music::train::00080,85b0ea60843573ad8b42f34d7ba141562a6b2fda01f68a184708557703494388,23704988,proc_music_subtractive_sequence,train,numpy_scipy_project_generator,NO,,,6.792000,16000,0.83570147,0.16579958,-0.00008454,0.00000000,
data/generated_v8/audio/train/music/proc_music_train_00081__additive_band.wav,1,0,1,0,1,,proc_music_additive_band,project_procedural_v8,procedural_v8,,proc_music_train_00081,proc::music::train::00081,LOCAL:tools/procedural_audio_v8.py,procedural-v8.1,PROJECT_AUTHORED_PROCEDURAL_OUTPUT_NO_EXTERNAL_ASSETS,YES,YES_PROJECT_OWNED,NO_EXTERNAL_RESTRICTION,procedural_v8,9405105309ad1f7ed8c32b4a5e21653422b1fc2c5df92d0ab5b76b144f93806d,proc::music::train::00081,b82e9ad0c910c290d8c110f5623cd6576ec6a257d9320f0633fbcbb54a847184,23704989,proc_music_additive_band,train,numpy_scipy_project_generator,NO,,,3.597000,16000,0.89326859,0.19161507,-0.00014715,0.00000000,
data/generated_v8/audio/train/music/proc_music_train_00081__fm_percussive.wav,1,0,1,0,1,,proc_music_fm_percussive,project_procedural_v8,procedural_v8,,proc_music_train_00081,proc::music::train::00081,LOCAL:tools/procedural_audio_v8.py,procedural-v8.1,PROJECT_AUTHORED_PROCEDURAL_OUTPUT_NO_EXTERNAL_ASSETS,YES,YES_PROJECT_OWNED,NO_EXTERNAL_RESTRICTION,procedural_v8,9405105309ad1f7ed8c32b4a5e21653422b1fc2c5df92d0ab5b76b144f93806d,proc::music::train::00081,e981f3ebe4149f08a067cec1749f65046bd986d7d9d39ff9164649f2ce0b0f85,23704989,proc_music_fm_percussive,train,numpy_scipy_project_generator,NO,,,3.597000,16000,0.84146422,0.23947070,-0.00017855,0.00000000,
data/generated_v8/audio/train/music/proc_music_train_00081__subtractive_sequence.wav,1,0,1,0,1,,proc_music_subtractive_sequence,project_procedural_v8,procedural_v8,,proc_music_train_00081,proc::music::train::00081,LOCAL:tools/procedural_audio_v8.py,procedural-v8.1,PROJECT_AUTHORED_PROCEDURAL_OUTPUT_NO_EXTERNAL_ASSETS,YES,YES_PROJECT_OWNED,NO_EXTERNAL_RESTRICTION,procedural_v8,9405105309ad1f7ed8c32b4a5e21653422b1fc2c5df92d0ab5b76b144f93806d,proc::music::train::00081,7f0786baba54007d8ee99fcdb7bcd9b390356a432506420ab8bb9287bd96a6af,23704989,proc_music_subtractive_sequence,train,numpy_scipy_project_generator,NO,,,3.597000,16000,0.83183515,0.18660726,-0.00014801,0.00000000,
data/generated_v8/audio/train/music/proc_music_train_00082__additive_band.wav,1,0,1,0,1,,proc_music_additive_band,project_procedural_v8,procedural_v8,,proc_music_train_00082,proc::music::train::00082,LOCAL:tools/procedural_audio_v8.py,procedural-v8.1,PROJECT_AUTHORED_PROCEDURAL_OUTPUT_NO_EXTERNAL_ASSETS,YES,YES_PROJECT_OWNED,NO_EXTERNAL_RESTRICTION,procedural_v8,09e86c25d1fbd16e3b3f0e0adc198222eecd2068e2f6e6ba78487a6d6cd4ce92,proc::music::train::00082,f546626671fd7ffc4db81fa3908df4c6148e1f7520d7ead7cb81b5fadfb9266b,23704990,proc_music_additive_band,train,numpy_scipy_project_generator,NO,,,5.100000,16000,0.75847328,0.21074814,-0.00014625,0.00000000,
data/generated_v8/audio/train/music/proc_music_train_00082__fm_percussive.wav,1,0,1,0,1,,proc_music_fm_percussive,project_procedural_v8,procedural_v8,,proc_music_train_00082,proc::music::train::00082,LOCAL:tools/procedural_audio_v8.py,procedural-v8.1,PROJECT_AUTHORED_PROCEDURAL_OUTPUT_NO_EXTERNAL_ASSETS,YES,YES_PROJECT_OWNED,NO_EXTERNAL_RESTRICTION,procedural_v8,09e86c25d1fbd16e3b3f0e0adc198222eecd2068e2f6e6ba78487a6d6cd4ce92,proc::music::train::00082,4a1da38c9a2dfa690720ae33f52a006e97a8044d6a6526c2971821dd4abc2fb8,23704990,proc_music_fm_percussive,train,numpy_scipy_project_generator,NO,,,5.100000,16000,0.87990260,0.19541704,-0.00012571,0.00000000,
data/generated_v8/audio/train/music/proc_music_train_00082__subtractive_sequence.wav,1,0,1,0,1,,proc_music_subtractive_sequence,project_procedural_v8,procedural_v8,,proc_music_train_00082,proc::music::train::00082,LOCAL:tools/procedural_audio_v8.py,procedural-v8.1,PROJECT_AUTHORED_PROCEDURAL_OUTPUT_NO_EXTERNAL_ASSETS,YES,YES_PROJECT_OWNED,NO_EXTERNAL_RESTRICTION,procedural_v8,09e86c25d1fbd16e3b3f0e0adc198222eecd2068e2f6e6ba78487a6d6cd4ce92,proc::music::train::00082,62add44645d6766ef81a419e667a66954469c09256aa79402887e88b9f94c9ce,23704990,proc_music_subtractive_sequence,train,numpy_scipy_project_generator,NO,,,5.100000,16000,0.87447482,0.20708277,-0.00008718,0.00000000,
data/generated_v8/audio/train/music/proc_music_train_00083__additive_band.wav,1,0,1,0,1,,proc_music_additive_band,project_procedural_v8,procedural_v8,,proc_music_train_00083,proc::music::train::00083,LOCAL:tools/procedural_audio_v8.py,procedural-v8.1,PROJECT_AUTHORED_PROCEDURAL_OUTPUT_NO_EXTERNAL_ASSETS,YES,YES_PROJECT_OWNED,NO_EXTERNAL_RESTRICTION,procedural_v8,8aace7b8e4b5bf57944a277d2875490239250d2c4c6194ef0c7bf3b2c1249241,proc::music::train::00083,6786a88aae8e91e5876d6a08d6ec00908cbb419b4de4d45e793c9e76d71c788b,23704991,proc_music_additive_band,train,numpy_scipy_project_generator,NO,,,7.033000,16000,0.90545660,0.25268417,-0.00005271,0.00000000,
data/generated_v8/audio/train/music/proc_music_train_00083__fm_percussive.wav,1,0,1,0,1,,proc_music_fm_percussive,project_procedural_v8,procedural_v8,,proc_music_train_00083,proc::music::train::00083,LOCAL:tools/procedural_audio_v8.py,procedural-v8.1,PROJECT_AUTHORED_PROCEDURAL_OUTPUT_NO_EXTERNAL_ASSETS,YES,YES_PROJECT_OWNED,NO_EXTERNAL_RESTRICTION,procedural_v8,8aace7b8e4b5bf57944a277d2875490239250d2c4c6194ef0c7bf3b2c1249241,proc::music::train::00083,9bd333119b40b1b3581146471762581c2c44412a20550a71e342f8eea9178433,23704991,proc_music_fm_percussive,train,numpy_scipy_project_generator,NO,,,7.033000,16000,0.90891325,0.21368949,-0.00004166,0.00000000,
data/generated_v8/audio/train/music/proc_music_train_00083__subtractive_sequence.wav,1,0,1,0,1,,proc_music_subtractive_sequence,project_procedural_v8,procedural_v8,,proc_music_train_00083,proc::music::train::00083,LOCAL:tools/procedural_audio_v8.py,procedural-v8.1,PROJECT_AUTHORED_PROCEDURAL_OUTPUT_NO_EXTERNAL_ASSETS,YES,YES_PROJECT_OWNED,NO_EXTERNAL_RESTRICTION,procedural_v8,8aace7b8e4b5bf57944a277d2875490239250d2c4c6194ef0c7bf3b2c1249241,proc::music::train::00083,7bc092fcbe8760a1cbfad5ded1cc791746205be80222ce7245c9ccaa8c929d34,23704991,proc_music_subtractive_sequence,train,numpy_scipy_project_generator,NO,,,7.033000,16000,0.76334190,0.15469287,-0.00006361,0.00000000,
data/generated_v8/audio/train/music/proc_music_train_00084__additive_band.wav,1,0,1,0,1,,proc_music_additive_band,project_procedural_v8,procedural_v8,,proc_music_train_00084,proc::music::train::00084,LOCAL:tools/procedural_audio_v8.py,procedural-v8.1,PROJECT_AUTHORED_PROCEDURAL_OUTPUT_NO_EXTERNAL_ASSETS,YES,YES_PROJECT_OWNED,NO_EXTERNAL_RESTRICTION,procedural_v8,e9af33f11b599b8d308b01933e5800fabdbeca2f3d71b29bb495ae3f47bf4d7b,proc::music::train::00084,1a3f9f46de90fcbd1739ba442ba0902e4b6a6ee41db6b418fa22e74db90c588c,23704992,proc_music_additive_band,train,numpy_scipy_project_generator,NO,,,7.106000,16000,0.90825963,0.21881825,-0.00007612,0.00000000,
data/generated_v8/audio/train/music/proc_music_train_00084__fm_percussive.wav,1,0,1,0,1,,proc_music_fm_percussive,project_procedural_v8,procedural_v8,,proc_music_train_00084,proc::music::train::00084,LOCAL:tools/procedural_audio_v8.py,procedural-v8.1,PROJECT_AUTHORED_PROCEDURAL_OUTPUT_NO_EXTERNAL_ASSETS,YES,YES_PROJECT_OWNED,NO_EXTERNAL_RESTRICTION,procedural_v8,e9af33f11b599b8d308b01933e5800fabdbeca2f3d71b29bb495ae3f47bf4d7b,proc::music::train::00084,15ccd30ead2ccc3cf582c24dfa4000d97bd4c9aec60c0901bfc183f50d1656b3,23704992,proc_music_fm_percussive,train,numpy_scipy_project_generator,NO,,,7.106000,16000,0.73723495,0.16805955,-0.00004917,0.00000000,
data/generated_v8/audio/train/music/proc_music_train_00084__subtractive_sequence.wav,1,0,1,0,1,,proc_music_subtractive_sequence,project_procedural_v8,procedural_v8,,proc_music_train_00084,proc::music::train::00084,LOCAL:tools/procedural_audio_v8.py,procedural-v8.1,PROJECT_AUTHORED_PROCEDURAL_OUTPUT_NO_EXTERNAL_ASSETS,YES,YES_PROJECT_OWNED,NO_EXTERNAL_RESTRICTION,procedural_v8,e9af33f11b599b8d308b01933e5800fabdbeca2f3d71b29bb495ae3f47bf4d7b,proc::music::train::00084,75d45bda8a0b1f11369e6643aa81afffbad3e87c55db6db84c9da8cbf7a2ee81,23704992,proc_music_subtractive_sequence,train,numpy_scipy_project_generator,NO,,,7.106000,16000,0.80686545,0.17978283,-0.00011112,0.00000000,
data/generated_v8/audio/train/music/proc_music_train_00085__additive_band.wav,1,0,1,0,1,,proc_music_additive_band,project_procedural_v8,procedural_v8,,proc_music_train_00085,proc::music::train::00085,LOCAL:tools/procedural_audio_v8.py,procedural-v8.1,PROJECT_AUTHORED_PROCEDURAL_OUTPUT_NO_EXTERNAL_ASSETS,YES,YES_PROJECT_OWNED,NO_EXTERNAL_RESTRICTION,procedural_v8,7712b5355ae821bb19aa672cb08a4508f466e34f84e04b8e116c55fffac4c3f5,proc::music::train::00085,9b4a86406dc7777ce362d7b70eaa9c9650149632f97f6139f54d215f7c7dc0c7,23704993,proc_music_additive_band,train,numpy_scipy_project_generator,NO,,,3.715000,16000,0.87428045,0.26599182,-0.00015029,0.00000000,
data/generated_v8/audio/train/music/proc_music_train_00085__fm_percussive.wav,1,0,1,0,1,,proc_music_fm_percussive,project_procedural_v8,procedural_v8,,proc_music_train_00085,proc::music::train::00085,LOCAL:tools/procedural_audio_v8.py,procedural-v8.1,PROJECT_AUTHORED_PROCEDURAL_OUTPUT_NO_EXTERNAL_ASSETS,YES,YES_PROJECT_OWNED,NO_EXTERNAL_RESTRICTION,procedural_v8,7712b5355ae821bb19aa672cb08a4508f466e34f84e04b8e116c55fffac4c3f5,proc::music::train::00085,297176382ec0515a4a4869d435d970f16822df121d30d6b782aeb7adca546aac,23704993,proc_music_fm_percussive,train,numpy_scipy_project_generator,NO,,,3.715000,16000,0.86001515,0.20521267,-0.00017482,0.00000000,
data/generated_v8/audio/train/music/proc_music_train_00085__subtractive_sequence.wav,1,0,1,0,1,,proc_music_subtractive_sequence,project_procedural_v8,procedural_v8,,proc_music_train_00085,proc::music::train::00085,LOCAL:tools/procedural_audio_v8.py,procedural-v8.1,PROJECT_AUTHORED_PROCEDURAL_OUTPUT_NO_EXTERNAL_ASSETS,YES,YES_PROJECT_OWNED,NO_EXTERNAL_RESTRICTION,procedural_v8,7712b5355ae821bb19aa672cb08a4508f466e34f84e04b8e116c55fffac4c3f5,proc::music::train::00085,016e5f2271cba044651294a1cc7fc49c466459419649067e7d001c6e4b219df0,23704993,proc_music_subtractive_sequence,train,numpy_scipy_project_generator,NO,,,3.715000,16000,0.86284518,0.20880332,-0.00021877,0.00000000,
data/generated_v8/audio/train/music/proc_music_train_00086__additive_band.wav,1,0,1,0,1,,proc_music_additive_band,project_procedural_v8,procedural_v8,,proc_music_train_00086,proc::music::train::00086,LOCAL:tools/procedural_audio_v8.py,procedural-v8.1,PROJECT_AUTHORED_PROCEDURAL_OUTPUT_NO_EXTERNAL_ASSETS,YES,YES_PROJECT_OWNED,NO_EXTERNAL_RESTRICTION,procedural_v8,e4938a5b1fbe180e8f685bf917b12731881ecffd94dfe4493f89e332d67a639a,proc::music::train::00086,4721146c12e75e1e7ef954eee5843148deae389f48da90da3cedd30ea9071313,23704994,proc_music_additive_band,train,numpy_scipy_project_generator,NO,,,3.412000,16000,0.90039694,0.26129144,-0.00012449,0.00000000,
data/generated_v8/audio/train/music/proc_music_train_00086__fm_percussive.wav,1,0,1,0,1,,proc_music_fm_percussive,project_procedural_v8,procedural_v8,,proc_music_train_00086,proc::music::train::00086,LOCAL:tools/procedural_audio_v8.py,procedural-v8.1,PROJECT_AUTHORED_PROCEDURAL_OUTPUT_NO_EXTERNAL_ASSETS,YES,YES_PROJECT_OWNED,NO_EXTERNAL_RESTRICTION,procedural_v8,e4938a5b1fbe180e8f685bf917b12731881ecffd94dfe4493f89e332d67a639a,proc::music::train::00086,8117f619742dd8a0cd83f93df35224b940527446df2ff21c42d41b1b5e396569,23704994,proc_music_fm_percussive,train,numpy_scipy_project_generator,NO,,,3.412000,16000,0.76898110,0.20697401,-0.00015971,0.00000000,
data/generated_v8/audio/train/music/proc_music_train_00086__subtractive_sequence.wav,1,0,1,0,1,,proc_music_subtractive_sequence,project_procedural_v8,procedural_v8,,proc_music_train_00086,proc::music::train::00086,LOCAL:tools/procedural_audio_v8.py,procedural-v8.1,PROJECT_AUTHORED_PROCEDURAL_OUTPUT_NO_EXTERNAL_ASSETS,YES,YES_PROJECT_OWNED,NO_EXTERNAL_RESTRICTION,procedural_v8,e4938a5b1fbe180e8f685bf917b12731881ecffd94dfe4493f89e332d67a639a,proc::music::train::00086,6783f8cef2158688690ec97917052776d63d78081acc643623cb156e68447e35,23704994,proc_music_subtractive_sequence,train,numpy_scipy_project_generator,NO,,,3.412000,16000,0.78878945,0.16479641,-0.00016887,0.00000000,
data/generated_v8/audio/train/music/proc_music_train_00087__additive_band.wav,1,0,1,0,1,,proc_music_additive_band,project_procedural_v8,procedural_v8,,proc_music_train_00087,proc::music::train::00087,LOCAL:tools/procedural_audio_v8.py,procedural-v8.1,PROJECT_AUTHORED_PROCEDURAL_OUTPUT_NO_EXTERNAL_ASSETS,YES,YES_PROJECT_OWNED,NO_EXTERNAL_RESTRICTION,procedural_v8,68bde5333d0f1db9e69b5751cf8f02a5f905f29de24c686e11cd1d85bfbc8d00,proc::music::train::00087,04fb16739079ab316e7beb72e9e8b531c28bceb1db67b5b0e58d7a913efaaff4,23704995,proc_music_additive_band,train,numpy_scipy_project_generator,NO,,,6.743000,16000,0.82980430,0.21801980,-0.00006968,0.00000000,
data/generated_v8/audio/train/music/proc_music_train_00087__fm_percussive.wav,1,0,1,0,1,,proc_music_fm_percussive,project_procedural_v8,procedural_v8,,proc_music_train_00087,proc::music::train::00087,LOCAL:tools/procedural_audio_v8.py,procedural-v8.1,PROJECT_AUTHORED_PROCEDURAL_OUTPUT_NO_EXTERNAL_ASSETS,YES,YES_PROJECT_OWNED,NO_EXTERNAL_RESTRICTION,procedural_v8,68bde5333d0f1db9e69b5751cf8f02a5f905f29de24c686e11cd1d85bfbc8d00,proc::music::train::00087,ee6711750bdec0b24970cd2b08dc68aaaf965d7592f06858a0152dcb8bbf2fe3,23704995,proc_music_fm_percussive,train,numpy_scipy_project_generator,NO,,,6.743000,16000,0.90635073,0.20419867,-0.00007704,0.00000000,
data/generated_v8/audio/train/music/proc_music_train_00087__subtractive_sequence.wav,1,0,1,0,1,,proc_music_subtractive_sequence,project_procedural_v8,procedural_v8,,proc_music_train_00087,proc::music::train::00087,LOCAL:tools/procedural_audio_v8.py,procedural-v8.1,PROJECT_AUTHORED_PROCEDURAL_OUTPUT_NO_EXTERNAL_ASSETS,YES,YES_PROJECT_OWNED,NO_EXTERNAL_RESTRICTION,procedural_v8,68bde5333d0f1db9e69b5751cf8f02a5f905f29de24c686e11cd1d85bfbc8d00,proc::music::train::00087,4209bc268072e2cf07955553ca80b80faf282db9f69fc89d130453854ad08812,23704995,proc_music_subtractive_sequence,train,numpy_scipy_project_generator,NO,,,6.743000,16000,0.87331235,0.17995191,-0.00006533,0.00000000,
data/generated_v8/audio/train/music/proc_music_train_00088__additive_band.wav,1,0,1,0,1,,proc_music_additive_band,project_procedural_v8,procedural_v8,,proc_music_train_00088,proc::music::train::00088,LOCAL:tools/procedural_audio_v8.py,procedural-v8.1,PROJECT_AUTHORED_PROCEDURAL_OUTPUT_NO_EXTERNAL_ASSETS,YES,YES_PROJECT_OWNED,NO_EXTERNAL_RESTRICTION,procedural_v8,aef8e9db7170a7bae603eca43b313a6a75965788063564f279b72c3b4f0a578d,proc::music::train::00088,5bc4b72af0fab508aed7dbf9eae2242bcfa66c91ce0da60d4f3f0301acfcdbcb,23704996,proc_music_additive_band,train,numpy_scipy_project_generator,NO,,,4.504000,16000,0.70709461,0.15657286,-0.00010867,0.00000000,
data/generated_v8/audio/train/music/proc_music_train_00088__fm_percussive.wav,1,0,1,0,1,,proc_music_fm_percussive,project_procedural_v8,procedural_v8,,proc_music_train_00088,proc::music::train::00088,LOCAL:tools/procedural_audio_v8.py,procedural-v8.1,PROJECT_AUTHORED_PROCEDURAL_OUTPUT_NO_EXTERNAL_ASSETS,YES,YES_PROJECT_OWNED,NO_EXTERNAL_RESTRICTION,procedural_v8,aef8e9db7170a7bae603eca43b313a6a75965788063564f279b72c3b4f0a578d,proc::music::train::00088,6bd6678ce8ed92da4aa47fc90b64161fd0c21b8f43041809111338417dc6f980,23704996,proc_music_fm_percussive,train,numpy_scipy_project_generator,NO,,,4.504000,16000,0.73584735,0.20300256,-0.00007456,0.00000000,
data/generated_v8/audio/train/music/proc_music_train_00088__subtractive_sequence.wav,1,0,1,0,1,,proc_music_subtractive_sequence,project_procedural_v8,procedural_v8,,proc_music_train_00088,proc::music::train::00088,LOCAL:tools/procedural_audio_v8.py,procedural-v8.1,PROJECT_AUTHORED_PROCEDURAL_OUTPUT_NO_EXTERNAL_ASSETS,YES,YES_PROJECT_OWNED,NO_EXTERNAL_RESTRICTION,procedural_v8,aef8e9db7170a7bae603eca43b313a6a75965788063564f279b72c3b4f0a578d,proc::music::train::00088,152f64dab8b7b54f98ab32f4834ef296856a83732cf2fab2b626f53db4d7f122,23704996,proc_music_subtractive_sequence,train,numpy_scipy_project_generator,NO,,,4.504000,16000,0.80436903,0.18034415,-0.00008806,0.00000000,
data/generated_v8/audio/train/music/proc_music_train_00089__additive_band.wav,1,0,1,0,1,,proc_music_additive_band,project_procedural_v8,procedural_v8,,proc_music_train_00089,proc::music::train::00089,LOCAL:tools/procedural_audio_v8.py,procedural-v8.1,PROJECT_AUTHORED_PROCEDURAL_OUTPUT_NO_EXTERNAL_ASSETS,YES,YES_PROJECT_OWNED,NO_EXTERNAL_RESTRICTION,procedural_v8,a1da9162b34a759a24d02169cdb16e98d888e2224084f51bb198990827bee69d,proc::music::train::00089,aa07ca70480b5b2e8b64733c505f9259e2083fb14892a0cb8430fb83ac5cd856,23704997,proc_music_additive_band,train,numpy_scipy_project_generator,NO,,,5.820000,16000,0.88969588,0.22324141,-0.00009407,0.00000000,
data/generated_v8/audio/train/music/proc_music_train_00089__fm_percussive.wav,1,0,1,0,1,,proc_music_fm_percussive,project_procedural_v8,procedural_v8,,proc_music_train_00089,proc::music::train::00089,LOCAL:tools/procedural_audio_v8.py,procedural-v8.1,PROJECT_AUTHORED_PROCEDURAL_OUTPUT_NO_EXTERNAL_ASSETS,YES,YES_PROJECT_OWNED,NO_EXTERNAL_RESTRICTION,procedural_v8,a1da9162b34a759a24d02169cdb16e98d888e2224084f51bb198990827bee69d,proc::music::train::00089,1cf67c4c18a7d9690364ef37d5a6b9917fdd638387c018c2baa67eba4ed2168e,23704997,proc_music_fm_percussive,train,numpy_scipy_project_generator,NO,,,5.820000,16000,0.76929206,0.17850115,-0.00005791,0.00000000,
data/generated_v8/audio/train/music/proc_music_train_00089__subtractive_sequence.wav,1,0,1,0,1,,proc_music_subtractive_sequence,project_procedural_v8,procedural_v8,,proc_music_train_00089,proc::music::train::00089,LOCAL:tools/procedural_audio_v8.py,procedural-v8.1,PROJECT_AUTHORED_PROCEDURAL_OUTPUT_NO_EXTERNAL_ASSETS,YES,YES_PROJECT_OWNED,NO_EXTERNAL_RESTRICTION,procedural_v8,a1da9162b34a759a24d02169cdb16e98d888e2224084f51bb198990827bee69d,proc::music::train::00089,6173af275b9da7277b0f6184f7da653a1e289ddf047b5d34f040557166bc4eaf,23704997,proc_music_subtractive_sequence,train,numpy_scipy_project_generator,NO,,,5.820000,16000,0.79164636,0.17127432,-0.00010703,0.00000000,
data/generated_v8/audio/train/music/proc_music_train_00090__additive_band.wav,1,0,1,0,1,,proc_music_additive_band,project_procedural_v8,procedural_v8,,proc_music_train_00090,proc::music::train::00090,LOCAL:tools/procedural_audio_v8.py,procedural-v8.1,PROJECT_AUTHORED_PROCEDURAL_OUTPUT_NO_EXTERNAL_ASSETS,YES,YES_PROJECT_OWNED,NO_EXTERNAL_RESTRICTION,procedural_v8,d39d0b8d4a99be4f180a0b21f56a547f83b821f9ea98af8e5d137f402a98e767,proc::music::train::00090,531d488a29f7f7296fa356f61170ebbf5c1051796ea933d73f6c68cf31eb46c4,23704998,proc_music_additive_band,train,numpy_scipy_project_generator,NO,,,3.900000,16000,0.89376622,0.20677523,-0.00010193,0.00000000,
data/generated_v8/audio/train/music/proc_music_train_00090__fm_percussive.wav,1,0,1,0,1,,proc_music_fm_percussive,project_procedural_v8,procedural_v8,,proc_music_train_00090,proc::music::train::00090,LOCAL:tools/procedural_audio_v8.py,procedural-v8.1,PROJECT_AUTHORED_PROCEDURAL_OUTPUT_NO_EXTERNAL_ASSETS,YES,YES_PROJECT_OWNED,NO_EXTERNAL_RESTRICTION,procedural_v8,d39d0b8d4a99be4f180a0b21f56a547f83b821f9ea98af8e5d137f402a98e767,proc::music::train::00090,0f3cc7c9ff0a2fa5288ab698bc551be94357c4da8becfeec273c011774fbe4ad,23704998,proc_music_fm_percussive,train,numpy_scipy_project_generator,NO,,,3.900000,16000,0.88330889,0.24809637,0.00012818,0.00000000,
data/generated_v8/audio/train/music/proc_music_train_00090__subtractive_sequence.wav,1,0,1,0,1,,proc_music_subtractive_sequence,project_procedural_v8,procedural_v8,,proc_music_train_00090,proc::music::train::00090,LOCAL:tools/procedural_audio_v8.py,procedural-v8.1,PROJECT_AUTHORED_PROCEDURAL_OUTPUT_NO_EXTERNAL_ASSETS,YES,YES_PROJECT_OWNED,NO_EXTERNAL_RESTRICTION,procedural_v8,d39d0b8d4a99be4f180a0b21f56a547f83b821f9ea98af8e5d137f402a98e767,proc::music::train::00090,4c8fb8af412815111a384661d5c938f38d1fe6bc3221fa38695a0dd268067c3d,23704998,proc_music_subtractive_sequence,train,numpy_scipy_project_generator,NO,,,3.900000,16000,0.79720187,0.15811329,-0.00007607,0.00000000,
data/generated_v8/audio/train/music/proc_music_train_00091__additive_band.wav,1,0,1,0,1,,proc_music_additive_band,project_procedural_v8,procedural_v8,,proc_music_train_00091,proc::music::train::00091,LOCAL:tools/procedural_audio_v8.py,procedural-v8.1,PROJECT_AUTHORED_PROCEDURAL_OUTPUT_NO_EXTERNAL_ASSETS,YES,YES_PROJECT_OWNED,NO_EXTERNAL_RESTRICTION,procedural_v8,0982e4d5dd625bbe839da2c6604c79440a19ea39401ef0075eb82f6ae4cece99,proc::music::train::00091,747320e73ec157359df7e8baa528f8b1a6329a47cd040cbdf0f6fefffe45e14f,23704999,proc_music_additive_band,train,numpy_scipy_project_generator,NO,,,6.207000,16000,0.76205838,0.19002463,-0.00007442,0.00000000,
data/generated_v8/audio/train/music/proc_music_train_00091__fm_percussive.wav,1,0,1,0,1,,proc_music_fm_percussive,project_procedural_v8,procedural_v8,,proc_music_train_00091,proc::music::train::00091,LOCAL:tools/procedural_audio_v8.py,procedural-v8.1,PROJECT_AUTHORED_PROCEDURAL_OUTPUT_NO_EXTERNAL_ASSETS,YES,YES_PROJECT_OWNED,NO_EXTERNAL_RESTRICTION,procedural_v8,0982e4d5dd625bbe839da2c6604c79440a19ea39401ef0075eb82f6ae4cece99,proc::music::train::00091,0542ac2b507e586c3676bc53964bd8b6bf55b0123c4498bca4f66a20b587060d,23704999,proc_music_fm_percussive,train,numpy_scipy_project_generator,NO,,,6.207000,16000,0.74430519,0.14567427,-0.00010061,0.00000000,
data/generated_v8/audio/train/music/proc_music_train_00091__subtractive_sequence.wav,1,0,1,0,1,,proc_music_subtractive_sequence,project_procedural_v8,procedural_v8,,proc_music_train_00091,proc::music::train::00091,LOCAL:tools/procedural_audio_v8.py,procedural-v8.1,PROJECT_AUTHORED_PROCEDURAL_OUTPUT_NO_EXTERNAL_ASSETS,YES,YES_PROJECT_OWNED,NO_EXTERNAL_RESTRICTION,procedural_v8,0982e4d5dd625bbe839da2c6604c79440a19ea39401ef0075eb82f6ae4cece99,proc::music::train::00091,bb8aa410aad312e9bfe9b306507b832da5e760f0f73469f918a70bf13ca018e7,23704999,proc_music_subtractive_sequence,train,numpy_scipy_project_generator,NO,,,6.207000,16000,0.77848995,0.14306493,-0.00008044,0.00000000,
data/generated_v8/audio/train/music/proc_music_train_00092__additive_band.wav,1,0,1,0,1,,proc_music_additive_band,project_procedural_v8,procedural_v8,,proc_music_train_00092,proc::music::train::00092,LOCAL:tools/procedural_audio_v8.py,procedural-v8.1,PROJECT_AUTHORED_PROCEDURAL_OUTPUT_NO_EXTERNAL_ASSETS,YES,YES_PROJECT_OWNED,NO_EXTERNAL_RESTRICTION,procedural_v8,06684de123892aed368c8b24ca324fe27aa5fdbe51e8998f904b7da0ed7dcc7f,proc::music::train::00092,7c17ad09a77bc6317f943360749a0aaca6fe0c2a9acd44939bca58d35de67df7,23705000,proc_music_additive_band,train,numpy_scipy_project_generator,NO,,,4.870000,16000,0.85860366,0.23204301,-0.00013328,0.00000000,
data/generated_v8/audio/train/music/proc_music_train_00092__fm_percussive.wav,1,0,1,0,1,,proc_music_fm_percussive,project_procedural_v8,procedural_v8,,proc_music_train_00092,proc::music::train::00092,LOCAL:tools/procedural_audio_v8.py,procedural-v8.1,PROJECT_AUTHORED_PROCEDURAL_OUTPUT_NO_EXTERNAL_ASSETS,YES,YES_PROJECT_OWNED,NO_EXTERNAL_RESTRICTION,procedural_v8,06684de123892aed368c8b24ca324fe27aa5fdbe51e8998f904b7da0ed7dcc7f,proc::music::train::00092,1136f6c973ad39f92f6cdf803ed3833fb3fcc302f09b0377eca6368a618df531,23705000,proc_music_fm_percussive,train,numpy_scipy_project_generator,NO,,,4.870000,16000,0.78837645,0.17989910,-0.00011838,0.00000000,
data/generated_v8/audio/train/music/proc_music_train_00092__subtractive_sequence.wav,1,0,1,0,1,,proc_music_subtractive_sequence,project_procedural_v8,procedural_v8,,proc_music_train_00092,proc::music::train::00092,LOCAL:tools/procedural_audio_v8.py,procedural-v8.1,PROJECT_AUTHORED_PROCEDURAL_OUTPUT_NO_EXTERNAL_ASSETS,YES,YES_PROJECT_OWNED,NO_EXTERNAL_RESTRICTION,procedural_v8,06684de123892aed368c8b24ca324fe27aa5fdbe51e8998f904b7da0ed7dcc7f,proc::music::train::00092,91963759ce50944ca2046e4f92715b79372d08606060281e87024ae47042060a,23705000,proc_music_subtractive_sequence,train,numpy_scipy_project_generator,NO,,,4.870000,16000,0.90396881,0.18254010,-0.00016130,0.00000000,
data/generated_v8/audio/train/music/proc_music_train_00093__additive_band.wav,1,0,1,0,1,,proc_music_additive_band,project_procedural_v8,procedural_v8,,proc_music_train_00093,proc::music::train::00093,LOCAL:tools/procedural_audio_v8.py,procedural-v8.1,PROJECT_AUTHORED_PROCEDURAL_OUTPUT_NO_EXTERNAL_ASSETS,YES,YES_PROJECT_OWNED,NO_EXTERNAL_RESTRICTION,procedural_v8,6ad2d83dc500574d30cadaa98156b9c429e6631f279ec1467f03de52e29d9c01,proc::music::train::00093,a2b7cddd9520309fa85c21dab40d979567e7da4be441fdd6e71fb010c013f7ce,23705001,proc_music_additive_band,train,numpy_scipy_project_generator,NO,,,5.831000,16000,0.67754066,0.15946498,-0.00007153,0.00000000,
data/generated_v8/audio/train/music/proc_music_train_00093__fm_percussive.wav,1,0,1,0,1,,proc_music_fm_percussive,project_procedural_v8,procedural_v8,,proc_music_train_00093,proc::music::train::00093,LOCAL:tools/procedural_audio_v8.py,procedural-v8.1,PROJECT_AUTHORED_PROCEDURAL_OUTPUT_NO_EXTERNAL_ASSETS,YES,YES_PROJECT_OWNED,NO_EXTERNAL_RESTRICTION,procedural_v8,6ad2d83dc500574d30cadaa98156b9c429e6631f279ec1467f03de52e29d9c01,proc::music::train::00093,5fd20c5731a25e6de388c8ca7402c2838c44ec9c92fe27b84646745f7843787a,23705001,proc_music_fm_percussive,train,numpy_scipy_project_generator,NO,,,5.831000,16000,0.80721670,0.20618003,-0.00011516,0.00000000,
data/generated_v8/audio/train/music/proc_music_train_00093__subtractive_sequence.wav,1,0,1,0,1,,proc_music_subtractive_sequence,project_procedural_v8,procedural_v8,,proc_music_train_00093,proc::music::train::00093,LOCAL:tools/procedural_audio_v8.py,procedural-v8.1,PROJECT_AUTHORED_PROCEDURAL_OUTPUT_NO_EXTERNAL_ASSETS,YES,YES_PROJECT_OWNED,NO_EXTERNAL_RESTRICTION,procedural_v8,6ad2d83dc500574d30cadaa98156b9c429e6631f279ec1467f03de52e29d9c01,proc::music::train::00093,a1023038a71b0dc6ab6791c2856aad759ceef8a29d831d48fd935fa1e5dd5e43,23705001,proc_music_subtractive_sequence,train,numpy_scipy_project_generator,NO,,,5.831000,16000,0.81654155,0.16126918,-0.00011352,0.00000000,
data/generated_v8/audio/train/music/proc_music_train_00094__additive_band.wav,1,0,1,0,1,,proc_music_additive_band,project_procedural_v8,procedural_v8,,proc_music_train_00094,proc::music::train::00094,LOCAL:tools/procedural_audio_v8.py,procedural-v8.1,PROJECT_AUTHORED_PROCEDURAL_OUTPUT_NO_EXTERNAL_ASSETS,YES,YES_PROJECT_OWNED,NO_EXTERNAL_RESTRICTION,procedural_v8,44c8478700e21aab7b34f9e2ccf7506a12b10a72a34bdf4f4b4438bc8dfb11ac,proc::music::train::00094,808f8f0b329319669a20c53f0a1c7b215f5d3cb356a75689660d7e2a3e2ed8a8,23705002,proc_music_additive_band,train,numpy_scipy_project_generator,NO,,,3.878000,16000,0.72804576,0.17834882,-0.00008692,0.00000000,
data/generated_v8/audio/train/music/proc_music_train_00094__fm_percussive.wav,1,0,1,0,1,,proc_music_fm_percussive,project_procedural_v8,procedural_v8,,proc_music_train_00094,proc::music::train::00094,LOCAL:tools/procedural_audio_v8.py,procedural-v8.1,PROJECT_AUTHORED_PROCEDURAL_OUTPUT_NO_EXTERNAL_ASSETS,YES,YES_PROJECT_OWNED,NO_EXTERNAL_RESTRICTION,procedural_v8,44c8478700e21aab7b34f9e2ccf7506a12b10a72a34bdf4f4b4438bc8dfb11ac,proc::music::train::00094,4c2960670e73bee3f77868f154125ac8fc538a0b0cf02f4c0eda58c9adefba1b,23705002,proc_music_fm_percussive,train,numpy_scipy_project_generator,NO,,,3.878000,16000,0.89549768,0.22390266,-0.00008763,0.00000000,
data/generated_v8/audio/train/music/proc_music_train_00094__subtractive_sequence.wav,1,0,1,0,1,,proc_music_subtractive_sequence,project_procedural_v8,procedural_v8,,proc_music_train_00094,proc::music::train::00094,LOCAL:tools/procedural_audio_v8.py,procedural-v8.1,PROJECT_AUTHORED_PROCEDURAL_OUTPUT_NO_EXTERNAL_ASSETS,YES,YES_PROJECT_OWNED,NO_EXTERNAL_RESTRICTION,procedural_v8,44c8478700e21aab7b34f9e2ccf7506a12b10a72a34bdf4f4b4438bc8dfb11ac,proc::music::train::00094,709315ef33ae4fa720e08df1a6996f1ef9c6217eef0ea08f18f1a5e624daa897,23705002,proc_music_subtractive_sequence,train,numpy_scipy_project_generator,NO,,,3.878000,16000,0.86544114,0.20116259,-0.00020789,0.00000000,
data/generated_v8/audio/train/music/proc_music_train_00095__additive_band.wav,1,0,1,0,1,,proc_music_additive_band,project_procedural_v8,procedural_v8,,proc_music_train_00095,proc::music::train::00095,LOCAL:tools/procedural_audio_v8.py,procedural-v8.1,PROJECT_AUTHORED_PROCEDURAL_OUTPUT_NO_EXTERNAL_ASSETS,YES,YES_PROJECT_OWNED,NO_EXTERNAL_RESTRICTION,procedural_v8,1b6ad51fefd51b30387171c51d2ae02a228fcce75af78f5fea9ba2cad11d9145,proc::music::train::00095,36ac7233c8d073d8cd8fb836524b5d2b36b6a0a554993835d98504240444bf83,23705003,proc_music_additive_band,train,numpy_scipy_project_generator,NO,,,5.006000,16000,0.72504520,0.17012977,-0.00008030,0.00000000,
data/generated_v8/audio/train/music/proc_music_train_00095__fm_percussive.wav,1,0,1,0,1,,proc_music_fm_percussive,project_procedural_v8,procedural_v8,,proc_music_train_00095,proc::music::train::00095,LOCAL:tools/procedural_audio_v8.py,procedural-v8.1,PROJECT_AUTHORED_PROCEDURAL_OUTPUT_NO_EXTERNAL_ASSETS,YES,YES_PROJECT_OWNED,NO_EXTERNAL_RESTRICTION,procedural_v8,1b6ad51fefd51b30387171c51d2ae02a228fcce75af78f5fea9ba2cad11d9145,proc::music::train::00095,a7a00ef7d533c392e216fc1385f638f61cbb27b30c7be84777c96f2f0665ef00,23705003,proc_music_fm_percussive,train,numpy_scipy_project_generator,NO,,,5.006000,16000,0.83074623,0.21828852,-0.00014052,0.00000000,
data/generated_v8/audio/train/music/proc_music_train_00095__subtractive_sequence.wav,1,0,1,0,1,,proc_music_subtractive_sequence,project_procedural_v8,procedural_v8,,proc_music_train_00095,proc::music::train::00095,LOCAL:tools/procedural_audio_v8.py,procedural-v8.1,PROJECT_AUTHORED_PROCEDURAL_OUTPUT_NO_EXTERNAL_ASSETS,YES,YES_PROJECT_OWNED,NO_EXTERNAL_RESTRICTION,procedural_v8,1b6ad51fefd51b30387171c51d2ae02a228fcce75af78f5fea9ba2cad11d9145,proc::music::train::00095,2b6db15b2c5f5b2fa384907e0548d572a99225cfef2607f64a8a38089ec78a77,23705003,proc_music_subtractive_sequence,train,numpy_scipy_project_generator,NO,,,5.006000,16000,0.85969484,0.17915957,-0.00009248,0.00000000,
data/generated_v8/audio/train/music/proc_music_train_00096__additive_band.wav,1,0,1,0,1,,proc_music_additive_band,project_procedural_v8,procedural_v8,,proc_music_train_00096,proc::music::train::00096,LOCAL:tools/procedural_audio_v8.py,procedural-v8.1,PROJECT_AUTHORED_PROCEDURAL_OUTPUT_NO_EXTERNAL_ASSETS,YES,YES_PROJECT_OWNED,NO_EXTERNAL_RESTRICTION,procedural_v8,f553252a82214417774d9a0475652c9b6a2b69ccc4d3e2a7ef0894a54a42e4da,proc::music::train::00096,7d96d89ebdd9e6a2a7dd32e1a14bef684f2266cf267e18f63d714697a4717c5b,23705004,proc_music_additive_band,train,numpy_scipy_project_generator,NO,,,5.840000,16000,0.80062783,0.21278816,-0.00010566,0.00000000,
data/generated_v8/audio/train/music/proc_music_train_00096__fm_percussive.wav,1,0,1,0,1,,proc_music_fm_percussive,project_procedural_v8,procedural_v8,,proc_music_train_00096,proc::music::train::00096,LOCAL:tools/procedural_audio_v8.py,procedural-v8.1,PROJECT_AUTHORED_PROCEDURAL_OUTPUT_NO_EXTERNAL_ASSETS,YES,YES_PROJECT_OWNED,NO_EXTERNAL_RESTRICTION,procedural_v8,f553252a82214417774d9a0475652c9b6a2b69ccc4d3e2a7ef0894a54a42e4da,proc::music::train::00096,6067ddbed42fe9986e3a533c1dbcc45823527c22ed6dec045c7867c20c681958,23705004,proc_music_fm_percussive,train,numpy_scipy_project_generator,NO,,,5.840000,16000,0.71295142,0.12594935,-0.00008439,0.00000000,
data/generated_v8/audio/train/music/proc_music_train_00096__subtractive_sequence.wav,1,0,1,0,1,,proc_music_subtractive_sequence,project_procedural_v8,procedural_v8,,proc_music_train_00096,proc::music::train::00096,LOCAL:tools/procedural_audio_v8.py,procedural-v8.1,PROJECT_AUTHORED_PROCEDURAL_OUTPUT_NO_EXTERNAL_ASSETS,YES,YES_PROJECT_OWNED,NO_EXTERNAL_RESTRICTION,procedural_v8,f553252a82214417774d9a0475652c9b6a2b69ccc4d3e2a7ef0894a54a42e4da,proc::music::train::00096,c0d510dbe55af7ec8f5aa1a0c00dfe5f927b255c73d31387aea6b0ab409fa629,23705004,proc_music_subtractive_sequence,train,numpy_scipy_project_generator,NO,,,5.840000,16000,0.80155826,0.16726234,-0.00007800,0.00000000,
data/generated_v8/audio/train/music/proc_music_train_00097__additive_band.wav,1,0,1,0,1,,proc_music_additive_band,project_procedural_v8,procedural_v8,,proc_music_train_00097,proc::music::train::00097,LOCAL:tools/procedural_audio_v8.py,procedural-v8.1,PROJECT_AUTHORED_PROCEDURAL_OUTPUT_NO_EXTERNAL_ASSETS,YES,YES_PROJECT_OWNED,NO_EXTERNAL_RESTRICTION,procedural_v8,ad6efc66e3affabe6059d0ac733aa0ddca02bb1c72eb2ad969e58a233dd550de,proc::music::train::00097,e2b80f214d99c115fb482c116e00d288decd0b110b4edb0b398d43ecc706be7b,23705005,proc_music_additive_band,train,numpy_scipy_project_generator,NO,,,5.097000,16000,0.84098697,0.19875804,-0.00010993,0.00000000,
data/generated_v8/audio/train/music/proc_music_train_00097__fm_percussive.wav,1,0,1,0,1,,proc_music_fm_percussive,project_procedural_v8,procedural_v8,,proc_music_train_00097,proc::music::train::00097,LOCAL:tools/procedural_audio_v8.py,procedural-v8.1,PROJECT_AUTHORED_PROCEDURAL_OUTPUT_NO_EXTERNAL_ASSETS,YES,YES_PROJECT_OWNED,NO_EXTERNAL_RESTRICTION,procedural_v8,ad6efc66e3affabe6059d0ac733aa0ddca02bb1c72eb2ad969e58a233dd550de,proc::music::train::00097,e8a52c2467cae5f1ca717633bea4a3174c7027cf0300089dbb66fd7f2de0df8a,23705005,proc_music_fm_percussive,train,numpy_scipy_project_generator,NO,,,5.097000,16000,0.78079861,0.17500582,-0.00006456,0.00000000,
data/generated_v8/audio/train/music/proc_music_train_00097__subtractive_sequence.wav,1,0,1,0,1,,proc_music_subtractive_sequence,project_procedural_v8,procedural_v8,,proc_music_train_00097,proc::music::train::00097,LOCAL:tools/procedural_audio_v8.py,procedural-v8.1,PROJECT_AUTHORED_PROCEDURAL_OUTPUT_NO_EXTERNAL_ASSETS,YES,YES_PROJECT_OWNED,NO_EXTERNAL_RESTRICTION,procedural_v8,ad6efc66e3affabe6059d0ac733aa0ddca02bb1c72eb2ad969e58a233dd550de,proc::music::train::00097,02875b317bdd6a3fab3fd0c13fee28017e5c88ba5a8f25cd85b3ee570e88c1f4,23705005,proc_music_subtractive_sequence,train,numpy_scipy_project_generator,NO,,,5.097000,16000,0.85750371,0.17052376,-0.00012655,0.00000000,
data/generated_v8/audio/train/music/proc_music_train_00098__additive_band.wav,1,0,1,0,1,,proc_music_additive_band,project_procedural_v8,procedural_v8,,proc_music_train_00098,proc::music::train::00098,LOCAL:tools/procedural_audio_v8.py,procedural-v8.1,PROJECT_AUTHORED_PROCEDURAL_OUTPUT_NO_EXTERNAL_ASSETS,YES,YES_PROJECT_OWNED,NO_EXTERNAL_RESTRICTION,procedural_v8,5ee62b3edc63b4a63e05ec60f08987f5b8313641689a7b40ee8ae9985bdda2f8,proc::music::train::00098,35b315b9d92ff52d9f3165b7a3fa3fc5fad40bc594530f70b9c9eaedce8671d1,23705006,proc_music_additive_band,train,numpy_scipy_project_generator,NO,,,4.690000,16000,0.89744532,0.25604558,-0.00012377,0.00000000,
data/generated_v8/audio/train/music/proc_music_train_00098__fm_percussive.wav,1,0,1,0,1,,proc_music_fm_percussive,project_procedural_v8,procedural_v8,,proc_music_train_00098,proc::music::train::00098,LOCAL:tools/procedural_audio_v8.py,procedural-v8.1,PROJECT_AUTHORED_PROCEDURAL_OUTPUT_NO_EXTERNAL_ASSETS,YES,YES_PROJECT_OWNED,NO_EXTERNAL_RESTRICTION,procedural_v8,5ee62b3edc63b4a63e05ec60f08987f5b8313641689a7b40ee8ae9985bdda2f8,proc::music::train::00098,857edd2073e96518d337a95de6e0ab53e26ad8e0cc179650152ae1a8b1c80bbf,23705006,proc_music_fm_percussive,train,numpy_scipy_project_generator,NO,,,4.690000,16000,0.77320111,0.20312547,-0.00009289,0.00000000,
data/generated_v8/audio/train/music/proc_music_train_00098__subtractive_sequence.wav,1,0,1,0,1,,proc_music_subtractive_sequence,project_procedural_v8,procedural_v8,,proc_music_train_00098,proc::music::train::00098,LOCAL:tools/procedural_audio_v8.py,procedural-v8.1,PROJECT_AUTHORED_PROCEDURAL_OUTPUT_NO_EXTERNAL_ASSETS,YES,YES_PROJECT_OWNED,NO_EXTERNAL_RESTRICTION,procedural_v8,5ee62b3edc63b4a63e05ec60f08987f5b8313641689a7b40ee8ae9985bdda2f8,proc::music::train::00098,bd12083589e106e372e260899f56115ee2322d3ba2d534d471c8990123d53372,23705006,proc_music_subtractive_sequence,train,numpy_scipy_project_generator,NO,,,4.690000,16000,0.77642518,0.16832719,-0.00009713,0.00000000,
data/generated_v8/audio/train/music/proc_music_train_00099__additive_band.wav,1,0,1,0,1,,proc_music_additive_band,project_procedural_v8,procedural_v8,,proc_music_train_00099,proc::music::train::00099,LOCAL:tools/procedural_audio_v8.py,procedural-v8.1,PROJECT_AUTHORED_PROCEDURAL_OUTPUT_NO_EXTERNAL_ASSETS,YES,YES_PROJECT_OWNED,NO_EXTERNAL_RESTRICTION,procedural_v8,22efa91a7fac10c7d30c0b743fbe0936fd1c5d7def8ce7df300eb166a3f19f8b,proc::music::train::00099,d83367d5eec4df56ea518184da66a08668d0ea2848b894764cb0b5b745ddf712,23705007,proc_music_additive_band,train,numpy_scipy_project_generator,NO,,,4.354000,16000,0.72433251,0.19216301,-0.00007019,0.00000000,
data/generated_v8/audio/train/music/proc_music_train_00099__fm_percussive.wav,1,0,1,0,1,,proc_music_fm_percussive,project_procedural_v8,procedural_v8,,proc_music_train_00099,proc::music::train::00099,LOCAL:tools/procedural_audio_v8.py,procedural-v8.1,PROJECT_AUTHORED_PROCEDURAL_OUTPUT_NO_EXTERNAL_ASSETS,YES,YES_PROJECT_OWNED,NO_EXTERNAL_RESTRICTION,procedural_v8,22efa91a7fac10c7d30c0b743fbe0936fd1c5d7def8ce7df300eb166a3f19f8b,proc::music::train::00099,385fbbf227502a5c65c979617c3240d6311221a411df2bbd543609fd8331d8c5,23705007,proc_music_fm_percussive,train,numpy_scipy_project_generator,NO,,,4.354000,16000,0.83725995,0.22297701,-0.00006617,0.00000000,
data/generated_v8/audio/train/music/proc_music_train_00099__subtractive_sequence.wav,1,0,1,0,1,,proc_music_subtractive_sequence,project_procedural_v8,procedural_v8,,proc_music_train_00099,proc::music::train::00099,LOCAL:tools/procedural_audio_v8.py,procedural-v8.1,PROJECT_AUTHORED_PROCEDURAL_OUTPUT_NO_EXTERNAL_ASSETS,YES,YES_PROJECT_OWNED,NO_EXTERNAL_RESTRICTION,procedural_v8,22efa91a7fac10c7d30c0b743fbe0936fd1c5d7def8ce7df300eb166a3f19f8b,proc::music::train::00099,500096b42818c05a04866f221b1b7aa5b5e90f5089eb04f1117907a868e44c24,23705007,proc_music_subtractive_sequence,train,numpy_scipy_project_generator,NO,,,4.354000,16000,0.82807064,0.18201062,-0.00019940,0.00000000,
data/generated_v8/audio/train/music/proc_music_train_00100__additive_band.wav,1,0,1,0,1,,proc_music_additive_band,project_procedural_v8,procedural_v8,,proc_music_train_00100,proc::music::train::00100,LOCAL:tools/procedural_audio_v8.py,procedural-v8.1,PROJECT_AUTHORED_PROCEDURAL_OUTPUT_NO_EXTERNAL_ASSETS,YES,YES_PROJECT_OWNED,NO_EXTERNAL_RESTRICTION,procedural_v8,2639a8ac9f597ec584bfa021b8454ef55a017e5fca97bebed0977b4a2161d56d,proc::music::train::00100,c2a95e5f6a49ac6194a49774e328d4607520efefcfa4b557ed60b210231fc734,23705008,proc_music_additive_band,train,numpy_scipy_project_generator,NO,,,4.084000,16000,0.87482697,0.25926932,-0.00011075,0.00000000,
data/generated_v8/audio/train/music/proc_music_train_00100__fm_percussive.wav,1,0,1,0,1,,proc_music_fm_percussive,project_procedural_v8,procedural_v8,,proc_music_train_00100,proc::music::train::00100,LOCAL:tools/procedural_audio_v8.py,procedural-v8.1,PROJECT_AUTHORED_PROCEDURAL_OUTPUT_NO_EXTERNAL_ASSETS,YES,YES_PROJECT_OWNED,NO_EXTERNAL_RESTRICTION,procedural_v8,2639a8ac9f597ec584bfa021b8454ef55a017e5fca97bebed0977b4a2161d56d,proc::music::train::00100,adf10711b4a3dde0eb81ab4693741c92241dd0c9e0e5e6b1daa69b074371aaa7,23705008,proc_music_fm_percussive,train,numpy_scipy_project_generator,NO,,,4.084000,16000,0.77602178,0.18852219,-0.00011293,0.00000000,
data/generated_v8/audio/train/music/proc_music_train_00100__subtractive_sequence.wav,1,0,1,0,1,,proc_music_subtractive_sequence,project_procedural_v8,procedural_v8,,proc_music_train_00100,proc::music::train::00100,LOCAL:tools/procedural_audio_v8.py,procedural-v8.1,PROJECT_AUTHORED_PROCEDURAL_OUTPUT_NO_EXTERNAL_ASSETS,YES,YES_PROJECT_OWNED,NO_EXTERNAL_RESTRICTION,procedural_v8,2639a8ac9f597ec584bfa021b8454ef55a017e5fca97bebed0977b4a2161d56d,proc::music::train::00100,3cff0bd35636b671e86a7b844a74c46458a5b586d7d4f71045bafb50c0b43a7a,23705008,proc_music_subtractive_sequence,train,numpy_scipy_project_generator,NO,,,4.084000,16000,0.84364361,0.17693330,-0.00019359,0.00000000,
data/generated_v8/audio/train/music/proc_music_train_00101__additive_band.wav,1,0,1,0,1,,proc_music_additive_band,project_procedural_v8,procedural_v8,,proc_music_train_00101,proc::music::train::00101,LOCAL:tools/procedural_audio_v8.py,procedural-v8.1,PROJECT_AUTHORED_PROCEDURAL_OUTPUT_NO_EXTERNAL_ASSETS,YES,YES_PROJECT_OWNED,NO_EXTERNAL_RESTRICTION,procedural_v8,f23b9d2326e41edfdd35ae83c62845d43c39a461b7f95d03bd77f2cc3d7a8344,proc::music::train::00101,90ba67f34b488bf9e14cabe9db4556b50524d034bfb212f14785dde4035f38ad,23705009,proc_music_additive_band,train,numpy_scipy_project_generator,NO,,,6.288000,16000,0.81515074,0.18322573,-0.00009456,0.00000000,
data/generated_v8/audio/train/music/proc_music_train_00101__fm_percussive.wav,1,0,1,0,1,,proc_music_fm_percussive,project_procedural_v8,procedural_v8,,proc_music_train_00101,proc::music::train::00101,LOCAL:tools/procedural_audio_v8.py,procedural-v8.1,PROJECT_AUTHORED_PROCEDURAL_OUTPUT_NO_EXTERNAL_ASSETS,YES,YES_PROJECT_OWNED,NO_EXTERNAL_RESTRICTION,procedural_v8,f23b9d2326e41edfdd35ae83c62845d43c39a461b7f95d03bd77f2cc3d7a8344,proc::music::train::00101,18007c63057451bb9dfacae120cc0d29a3c0377368e1a8cb83dfebc2c9e2bb74,23705009,proc_music_fm_percussive,train,numpy_scipy_project_generator,NO,,,6.288000,16000,0.76149458,0.13198632,-0.00006014,0.00000000,
data/generated_v8/audio/train/music/proc_music_train_00101__subtractive_sequence.wav,1,0,1,0,1,,proc_music_subtractive_sequence,project_procedural_v8,procedural_v8,,proc_music_train_00101,proc::music::train::00101,LOCAL:tools/procedural_audio_v8.py,procedural-v8.1,PROJECT_AUTHORED_PROCEDURAL_OUTPUT_NO_EXTERNAL_ASSETS,YES,YES_PROJECT_OWNED,NO_EXTERNAL_RESTRICTION,procedural_v8,f23b9d2326e41edfdd35ae83c62845d43c39a461b7f95d03bd77f2cc3d7a8344,proc::music::train::00101,973b79832451250260c774cf45e8d40a19d7dd632c7997166acfa688b24d5497,23705009,proc_music_subtractive_sequence,train,numpy_scipy_project_generator,NO,,,6.288000,16000,0.90800345,0.17776801,-0.00009181,0.00000000,
data/generated_v8/audio/train/music/proc_music_train_00102__additive_band.wav,1,0,1,0,1,,proc_music_additive_band,project_procedural_v8,procedural_v8,,proc_music_train_00102,proc::music::train::00102,LOCAL:tools/procedural_audio_v8.py,procedural-v8.1,PROJECT_AUTHORED_PROCEDURAL_OUTPUT_NO_EXTERNAL_ASSETS,YES,YES_PROJECT_OWNED,NO_EXTERNAL_RESTRICTION,procedural_v8,b1c08e8071867227caccbe56f6f271ca59fee9851e590d3983849e72e6bd319e,proc::music::train::00102,39fc04f549cf8bfca9d580ea5d8d20e40fb3db5048b47dce9ed5e5f13254af74,23705010,proc_music_additive_band,train,numpy_scipy_project_generator,NO,,,5.268000,16000,0.86348307,0.23165297,-0.00015763,0.00000000,
data/generated_v8/audio/train/music/proc_music_train_00102__fm_percussive.wav,1,0,1,0,1,,proc_music_fm_percussive,project_procedural_v8,procedural_v8,,proc_music_train_00102,proc::music::train::00102,LOCAL:tools/procedural_audio_v8.py,procedural-v8.1,PROJECT_AUTHORED_PROCEDURAL_OUTPUT_NO_EXTERNAL_ASSETS,YES,YES_PROJECT_OWNED,NO_EXTERNAL_RESTRICTION,procedural_v8,b1c08e8071867227caccbe56f6f271ca59fee9851e590d3983849e72e6bd319e,proc::music::train::00102,dca8c59195793292d423575c5571d69faab08b5f5b912f20cb827d4bd06014da,23705010,proc_music_fm_percussive,train,numpy_scipy_project_generator,NO,,,5.268000,16000,0.82559890,0.23087572,-0.00025863,0.00000000,
data/generated_v8/audio/train/music/proc_music_train_00102__subtractive_sequence.wav,1,0,1,0,1,,proc_music_subtractive_sequence,project_procedural_v8,procedural_v8,,proc_music_train_00102,proc::music::train::00102,LOCAL:tools/procedural_audio_v8.py,procedural-v8.1,PROJECT_AUTHORED_PROCEDURAL_OUTPUT_NO_EXTERNAL_ASSETS,YES,YES_PROJECT_OWNED,NO_EXTERNAL_RESTRICTION,procedural_v8,b1c08e8071867227caccbe56f6f271ca59fee9851e590d3983849e72e6bd319e,proc::music::train::00102,aca360d0e0fe0f93ef0740aa85e3b0ae5f670ce3b409caa9a6749d28ff6d1229,23705010,proc_music_subtractive_sequence,train,numpy_scipy_project_generator,NO,,,5.268000,16000,0.71641392,0.16446772,-0.00001532,0.00000000,
data/generated_v8/audio/train/music/proc_music_train_00103__additive_band.wav,1,0,1,0,1,,proc_music_additive_band,project_procedural_v8,procedural_v8,,proc_music_train_00103,proc::music::train::00103,LOCAL:tools/procedural_audio_v8.py,procedural-v8.1,PROJECT_AUTHORED_PROCEDURAL_OUTPUT_NO_EXTERNAL_ASSETS,YES,YES_PROJECT_OWNED,NO_EXTERNAL_RESTRICTION,procedural_v8,a8d1058a607e55663eb194062314862ed76483fc273323a2621b3cbc7549b16a,proc::music::train::00103,c9b3aaa825d01e8350b7b284d61b7fc06dda1cf206d531c403a474323bab0986,23705011,proc_music_additive_band,train,numpy_scipy_project_generator,NO,,,3.592000,16000,0.79242510,0.23474404,-0.00014719,0.00000000,
data/generated_v8/audio/train/music/proc_music_train_00103__fm_percussive.wav,1,0,1,0,1,,proc_music_fm_percussive,project_procedural_v8,procedural_v8,,proc_music_train_00103,proc::music::train::00103,LOCAL:tools/procedural_audio_v8.py,procedural-v8.1,PROJECT_AUTHORED_PROCEDURAL_OUTPUT_NO_EXTERNAL_ASSETS,YES,YES_PROJECT_OWNED,NO_EXTERNAL_RESTRICTION,procedural_v8,a8d1058a607e55663eb194062314862ed76483fc273323a2621b3cbc7549b16a,proc::music::train::00103,6a7a9232c2839c12599646807775dd53b105dedc5012e855655e8c5b37091c2f,23705011,proc_music_fm_percussive,train,numpy_scipy_project_generator,NO,,,3.592000,16000,0.81659114,0.20394932,-0.00013714,0.00000000,
data/generated_v8/audio/train/music/proc_music_train_00103__subtractive_sequence.wav,1,0,1,0,1,,proc_music_subtractive_sequence,project_procedural_v8,procedural_v8,,proc_music_train_00103,proc::music::train::00103,LOCAL:tools/procedural_audio_v8.py,procedural-v8.1,PROJECT_AUTHORED_PROCEDURAL_OUTPUT_NO_EXTERNAL_ASSETS,YES,YES_PROJECT_OWNED,NO_EXTERNAL_RESTRICTION,procedural_v8,a8d1058a607e55663eb194062314862ed76483fc273323a2621b3cbc7549b16a,proc::music::train::00103,1371cad3aace5ee3bc9408a8f2b51cc1fa020cbf9517859d607c1fa08b7912c1,23705011,proc_music_subtractive_sequence,train,numpy_scipy_project_generator,NO,,,3.592000,16000,0.74956316,0.16008630,-0.00014675,0.00000000,
data/generated_v8/audio/train/music/proc_music_train_00104__additive_band.wav,1,0,1,0,1,,proc_music_additive_band,project_procedural_v8,procedural_v8,,proc_music_train_00104,proc::music::train::00104,LOCAL:tools/procedural_audio_v8.py,procedural-v8.1,PROJECT_AUTHORED_PROCEDURAL_OUTPUT_NO_EXTERNAL_ASSETS,YES,YES_PROJECT_OWNED,NO_EXTERNAL_RESTRICTION,procedural_v8,d1c34eb114ef5cbcf1a2d09f883b6049ee67e789ebe0973f71b29abc401ed8b5,proc::music::train::00104,32aa3ee155272245e47ac1dec497e3b0b020e284418dbabc743c5caad7b03433,23705012,proc_music_additive_band,train,numpy_scipy_project_generator,NO,,,4.513000,16000,0.70159507,0.18279801,-0.00008252,0.00000000,
data/generated_v8/audio/train/music/proc_music_train_00104__fm_percussive.wav,1,0,1,0,1,,proc_music_fm_percussive,project_procedural_v8,procedural_v8,,proc_music_train_00104,proc::music::train::00104,LOCAL:tools/procedural_audio_v8.py,procedural-v8.1,PROJECT_AUTHORED_PROCEDURAL_OUTPUT_NO_EXTERNAL_ASSETS,YES,YES_PROJECT_OWNED,NO_EXTERNAL_RESTRICTION,procedural_v8,d1c34eb114ef5cbcf1a2d09f883b6049ee67e789ebe0973f71b29abc401ed8b5,proc::music::train::00104,be88bc0274b00047f520dfcc19d3267652046e4ef1c2f1d1f82b33d75ba9f860,23705012,proc_music_fm_percussive,train,numpy_scipy_project_generator,NO,,,4.513000,16000,0.79990470,0.22000552,-0.00011064,0.00000000,
data/generated_v8/audio/train/music/proc_music_train_00104__subtractive_sequence.wav,1,0,1,0,1,,proc_music_subtractive_sequence,project_procedural_v8,procedural_v8,,proc_music_train_00104,proc::music::train::00104,LOCAL:tools/procedural_audio_v8.py,procedural-v8.1,PROJECT_AUTHORED_PROCEDURAL_OUTPUT_NO_EXTERNAL_ASSETS,YES,YES_PROJECT_OWNED,NO_EXTERNAL_RESTRICTION,procedural_v8,d1c34eb114ef5cbcf1a2d09f883b6049ee67e789ebe0973f71b29abc401ed8b5,proc::music::train::00104,8929914745d28f7c9bcec266eb894defdebfa633d7f67eff0c64560e1ff4c0d4,23705012,proc_music_subtractive_sequence,train,numpy_scipy_project_generator,NO,,,4.513000,16000,0.82192582,0.19778260,-0.00015748,0.00000000,
data/generated_v8/audio/train/music/proc_music_train_00105__additive_band.wav,1,0,1,0,1,,proc_music_additive_band,project_procedural_v8,procedural_v8,,proc_music_train_00105,proc::music::train::00105,LOCAL:tools/procedural_audio_v8.py,procedural-v8.1,PROJECT_AUTHORED_PROCEDURAL_OUTPUT_NO_EXTERNAL_ASSETS,YES,YES_PROJECT_OWNED,NO_EXTERNAL_RESTRICTION,procedural_v8,25db05e6cdcfe4cd9c1e5903b3928a64343b6d34424fcd5da8fdad021775a86e,proc::music::train::00105,147ab21e751b513bc653a02e2493c765b6c943525c7dd2a705bd9a761fe760f9,23705013,proc_music_additive_band,train,numpy_scipy_project_generator,NO,,,6.498000,16000,0.70608455,0.16282693,-0.00002397,0.00000000,
data/generated_v8/audio/train/music/proc_music_train_00105__fm_percussive.wav,1,0,1,0,1,,proc_music_fm_percussive,project_procedural_v8,procedural_v8,,proc_music_train_00105,proc::music::train::00105,LOCAL:tools/procedural_audio_v8.py,procedural-v8.1,PROJECT_AUTHORED_PROCEDURAL_OUTPUT_NO_EXTERNAL_ASSETS,YES,YES_PROJECT_OWNED,NO_EXTERNAL_RESTRICTION,procedural_v8,25db05e6cdcfe4cd9c1e5903b3928a64343b6d34424fcd5da8fdad021775a86e,proc::music::train::00105,78bb96eedded8eab3e5e79d791b0898396b2e84eb6047ea28287b9a1576c19da,23705013,proc_music_fm_percussive,train,numpy_scipy_project_generator,NO,,,6.498000,16000,0.90342045,0.21378462,-0.00008278,0.00000000,
data/generated_v8/audio/train/music/proc_music_train_00105__subtractive_sequence.wav,1,0,1,0,1,,proc_music_subtractive_sequence,project_procedural_v8,procedural_v8,,proc_music_train_00105,proc::music::train::00105,LOCAL:tools/procedural_audio_v8.py,procedural-v8.1,PROJECT_AUTHORED_PROCEDURAL_OUTPUT_NO_EXTERNAL_ASSETS,YES,YES_PROJECT_OWNED,NO_EXTERNAL_RESTRICTION,procedural_v8,25db05e6cdcfe4cd9c1e5903b3928a64343b6d34424fcd5da8fdad021775a86e,proc::music::train::00105,d792213a736efe59cda65b5d28da44785af3291d5c67b84de644f49baddd35ca,23705013,proc_music_subtractive_sequence,train,numpy_scipy_project_generator,NO,,,6.498000,16000,0.71133393,0.17033463,-0.00008110,0.00000000,
data/generated_v8/audio/train/music/proc_music_train_00106__additive_band.wav,1,0,1,0,1,,proc_music_additive_band,project_procedural_v8,procedural_v8,,proc_music_train_00106,proc::music::train::00106,LOCAL:tools/procedural_audio_v8.py,procedural-v8.1,PROJECT_AUTHORED_PROCEDURAL_OUTPUT_NO_EXTERNAL_ASSETS,YES,YES_PROJECT_OWNED,NO_EXTERNAL_RESTRICTION,procedural_v8,1920915c9a0c4ec3d7f6d225f003f81bee565f589a1f3dc88e11b10a0d316bd6,proc::music::train::00106,452c88088c85cec9fb2e0e5e646eacb358124c8b876f2579e722c8ef43d69128,23705014,proc_music_additive_band,train,numpy_scipy_project_generator,NO,,,5.526000,16000,0.86189079,0.19769280,-0.00012758,0.00000000,
data/generated_v8/audio/train/music/proc_music_train_00106__fm_percussive.wav,1,0,1,0,1,,proc_music_fm_percussive,project_procedural_v8,procedural_v8,,proc_music_train_00106,proc::music::train::00106,LOCAL:tools/procedural_audio_v8.py,procedural-v8.1,PROJECT_AUTHORED_PROCEDURAL_OUTPUT_NO_EXTERNAL_ASSETS,YES,YES_PROJECT_OWNED,NO_EXTERNAL_RESTRICTION,procedural_v8,1920915c9a0c4ec3d7f6d225f003f81bee565f589a1f3dc88e11b10a0d316bd6,proc::music::train::00106,c810170c9e6883823ac89a59858a02fd8457340d5dee1284b71ef0dd3b8827b1,23705014,proc_music_fm_percussive,train,numpy_scipy_project_generator,NO,,,5.526000,16000,0.80937916,0.19329831,-0.00012346,0.00000000,
data/generated_v8/audio/train/music/proc_music_train_00106__subtractive_sequence.wav,1,0,1,0,1,,proc_music_subtractive_sequence,project_procedural_v8,procedural_v8,,proc_music_train_00106,proc::music::train::00106,LOCAL:tools/procedural_audio_v8.py,procedural-v8.1,PROJECT_AUTHORED_PROCEDURAL_OUTPUT_NO_EXTERNAL_ASSETS,YES,YES_PROJECT_OWNED,NO_EXTERNAL_RESTRICTION,procedural_v8,1920915c9a0c4ec3d7f6d225f003f81bee565f589a1f3dc88e11b10a0d316bd6,proc::music::train::00106,cbd43825c627a88496b62c448c3eb922a5d8eb846089a6440b11a47e8d7afbeb,23705014,proc_music_subtractive_sequence,train,numpy_scipy_project_generator,NO,,,5.526000,16000,0.88690984,0.19040930,-0.00015095,0.00000000,
data/generated_v8/audio/train/music/proc_music_train_00107__additive_band.wav,1,0,1,0,1,,proc_music_additive_band,project_procedural_v8,procedural_v8,,proc_music_train_00107,proc::music::train::00107,LOCAL:tools/procedural_audio_v8.py,procedural-v8.1,PROJECT_AUTHORED_PROCEDURAL_OUTPUT_NO_EXTERNAL_ASSETS,YES,YES_PROJECT_OWNED,NO_EXTERNAL_RESTRICTION,procedural_v8,eef8e774aaf733993eb576e1c07e59eb38e1c0a45ca2ce096063ebda4fb0ad36,proc::music::train::00107,94cd90d9b4dbbc163db7b0ebd2c7365e1f3d42b4329b4d8e4a6e3f1ae2156374,23705015,proc_music_additive_band,train,numpy_scipy_project_generator,NO,,,3.781000,16000,0.75432247,0.17360555,-0.00009630,0.00000000,
data/generated_v8/audio/train/music/proc_music_train_00107__fm_percussive.wav,1,0,1,0,1,,proc_music_fm_percussive,project_procedural_v8,procedural_v8,,proc_music_train_00107,proc::music::train::00107,LOCAL:tools/procedural_audio_v8.py,procedural-v8.1,PROJECT_AUTHORED_PROCEDURAL_OUTPUT_NO_EXTERNAL_ASSETS,YES,YES_PROJECT_OWNED,NO_EXTERNAL_RESTRICTION,procedural_v8,eef8e774aaf733993eb576e1c07e59eb38e1c0a45ca2ce096063ebda4fb0ad36,proc::music::train::00107,3f68ccabc15d40ae42dfd90caac37ba2a2b9d2a1c4c1c7db5a8277f41842d596,23705015,proc_music_fm_percussive,train,numpy_scipy_project_generator,NO,,,3.781000,16000,0.71732825,0.19161712,-0.00013911,0.00000000,
data/generated_v8/audio/train/music/proc_music_train_00107__subtractive_sequence.wav,1,0,1,0,1,,proc_music_subtractive_sequence,project_procedural_v8,procedural_v8,,proc_music_train_00107,proc::music::train::00107,LOCAL:tools/procedural_audio_v8.py,procedural-v8.1,PROJECT_AUTHORED_PROCEDURAL_OUTPUT_NO_EXTERNAL_ASSETS,YES,YES_PROJECT_OWNED,NO_EXTERNAL_RESTRICTION,procedural_v8,eef8e774aaf733993eb576e1c07e59eb38e1c0a45ca2ce096063ebda4fb0ad36,proc::music::train::00107,2f4f3c920fa3d251cf114717513eac71730a0a8432471d9f940534f4ac328f38,23705015,proc_music_subtractive_sequence,train,numpy_scipy_project_generator,NO,,,3.781000,16000,0.88427937,0.17453304,-0.00015827,0.00000000,
data/generated_v8/audio/train/music/proc_music_train_00108__additive_band.wav,1,0,1,0,1,,proc_music_additive_band,project_procedural_v8,procedural_v8,,proc_music_train_00108,proc::music::train::00108,LOCAL:tools/procedural_audio_v8.py,procedural-v8.1,PROJECT_AUTHORED_PROCEDURAL_OUTPUT_NO_EXTERNAL_ASSETS,YES,YES_PROJECT_OWNED,NO_EXTERNAL_RESTRICTION,procedural_v8,861378561b048666838b73c563830e613ea40288e97dabb04bde66f93b850669,proc::music::train::00108,c85d3e0cca348a72f004e8d81375aaa781401dcd591aa8ea0d66a88f5cdb6de8,23705016,proc_music_additive_band,train,numpy_scipy_project_generator,NO,,,6.512000,16000,0.78337449,0.19274011,-0.00007353,0.00000000,
data/generated_v8/audio/train/music/proc_music_train_00108__fm_percussive.wav,1,0,1,0,1,,proc_music_fm_percussive,project_procedural_v8,procedural_v8,,proc_music_train_00108,proc::music::train::00108,LOCAL:tools/procedural_audio_v8.py,procedural-v8.1,PROJECT_AUTHORED_PROCEDURAL_OUTPUT_NO_EXTERNAL_ASSETS,YES,YES_PROJECT_OWNED,NO_EXTERNAL_RESTRICTION,procedural_v8,861378561b048666838b73c563830e613ea40288e97dabb04bde66f93b850669,proc::music::train::00108,5d4a21b9301e2438b6b1970b73eb48d9db7d80ffd49db9ad514fe1009b371742,23705016,proc_music_fm_percussive,train,numpy_scipy_project_generator,NO,,,6.512000,16000,0.76474994,0.18693310,-0.00008043,0.00000000,
data/generated_v8/audio/train/music/proc_music_train_00108__subtractive_sequence.wav,1,0,1,0,1,,proc_music_subtractive_sequence,project_procedural_v8,procedural_v8,,proc_music_train_00108,proc::music::train::00108,LOCAL:tools/procedural_audio_v8.py,procedural-v8.1,PROJECT_AUTHORED_PROCEDURAL_OUTPUT_NO_EXTERNAL_ASSETS,YES,YES_PROJECT_OWNED,NO_EXTERNAL_RESTRICTION,procedural_v8,861378561b048666838b73c563830e613ea40288e97dabb04bde66f93b850669,proc::music::train::00108,16d1a74f76faf5293f1e3f693b00f5113fc8cd379406a32d57048f0ee26691a3,23705016,proc_music_subtractive_sequence,train,numpy_scipy_project_generator,NO,,,6.512000,16000,0.85699654,0.15155661,-0.00005860,0.00000000,
data/generated_v8/audio/train/music/proc_music_train_00109__additive_band.wav,1,0,1,0,1,,proc_music_additive_band,project_procedural_v8,procedural_v8,,proc_music_train_00109,proc::music::train::00109,LOCAL:tools/procedural_audio_v8.py,procedural-v8.1,PROJECT_AUTHORED_PROCEDURAL_OUTPUT_NO_EXTERNAL_ASSETS,YES,YES_PROJECT_OWNED,NO_EXTERNAL_RESTRICTION,procedural_v8,94dbfa9237986a3124c2ea65084bbd641af78074eaca4ae94eb077e8954b43ef,proc::music::train::00109,bcf938457bdb4514ce4acf0a61396528385465ac523bef604097d1d5d4481ca4,23705017,proc_music_additive_band,train,numpy_scipy_project_generator,NO,,,5.630000,16000,0.76763576,0.22392583,-0.00009270,0.00000000,
data/generated_v8/audio/train/music/proc_music_train_00109__fm_percussive.wav,1,0,1,0,1,,proc_music_fm_percussive,project_procedural_v8,procedural_v8,,proc_music_train_00109,proc::music::train::00109,LOCAL:tools/procedural_audio_v8.py,procedural-v8.1,PROJECT_AUTHORED_PROCEDURAL_OUTPUT_NO_EXTERNAL_ASSETS,YES,YES_PROJECT_OWNED,NO_EXTERNAL_RESTRICTION,procedural_v8,94dbfa9237986a3124c2ea65084bbd641af78074eaca4ae94eb077e8954b43ef,proc::music::train::00109,97ba2eb4ddd5e776d488a0e7b74f089b8d7fc1ecf553756973bde9337c288dea,23705017,proc_music_fm_percussive,train,numpy_scipy_project_generator,NO,,,5.630000,16000,0.89507067,0.22516506,-0.00012987,0.00000000,
data/generated_v8/audio/train/music/proc_music_train_00109__subtractive_sequence.wav,1,0,1,0,1,,proc_music_subtractive_sequence,project_procedural_v8,procedural_v8,,proc_music_train_00109,proc::music::train::00109,LOCAL:tools/procedural_audio_v8.py,procedural-v8.1,PROJECT_AUTHORED_PROCEDURAL_OUTPUT_NO_EXTERNAL_ASSETS,YES,YES_PROJECT_OWNED,NO_EXTERNAL_RESTRICTION,procedural_v8,94dbfa9237986a3124c2ea65084bbd641af78074eaca4ae94eb077e8954b43ef,proc::music::train::00109,f0b9f93cf2b2a6b476d35c902f5b34c47d067ca149e4e6564a30c5bdafb83cd4,23705017,proc_music_subtractive_sequence,train,numpy_scipy_project_generator,NO,,,5.630000,16000,0.85166734,0.19102515,-0.00011597,0.00000000,
data/generated_v8/audio/train/music/proc_music_train_00110__additive_band.wav,1,0,1,0,1,,proc_music_additive_band,project_procedural_v8,procedural_v8,,proc_music_train_00110,proc::music::train::00110,LOCAL:tools/procedural_audio_v8.py,procedural-v8.1,PROJECT_AUTHORED_PROCEDURAL_OUTPUT_NO_EXTERNAL_ASSETS,YES,YES_PROJECT_OWNED,NO_EXTERNAL_RESTRICTION,procedural_v8,5bfe9706d959ac985ca4fb631b5aa2d14dad01aa5bae791fdf95fded972dbbd0,proc::music::train::00110,af21c28e31d90c0c8dcfa11c5b9f63dc86bb8029790cb31b4c8cd47e5ddf3bbc,23705018,proc_music_additive_band,train,numpy_scipy_project_generator,NO,,,5.666000,16000,0.78232127,0.18582207,-0.00005042,0.00000000,
data/generated_v8/audio/train/music/proc_music_train_00110__fm_percussive.wav,1,0,1,0,1,,proc_music_fm_percussive,project_procedural_v8,procedural_v8,,proc_music_train_00110,proc::music::train::00110,LOCAL:tools/procedural_audio_v8.py,procedural-v8.1,PROJECT_AUTHORED_PROCEDURAL_OUTPUT_NO_EXTERNAL_ASSETS,YES,YES_PROJECT_OWNED,NO_EXTERNAL_RESTRICTION,procedural_v8,5bfe9706d959ac985ca4fb631b5aa2d14dad01aa5bae791fdf95fded972dbbd0,proc::music::train::00110,258a352b5896063f1e55c694fae314035e9683342132346a731f94ef15ce0f49,23705018,proc_music_fm_percussive,train,numpy_scipy_project_generator,NO,,,5.666000,16000,0.71898234,0.19523739,-0.00008341,0.00000000,
data/generated_v8/audio/train/music/proc_music_train_00110__subtractive_sequence.wav,1,0,1,0,1,,proc_music_subtractive_sequence,project_procedural_v8,procedural_v8,,proc_music_train_00110,proc::music::train::00110,LOCAL:tools/procedural_audio_v8.py,procedural-v8.1,PROJECT_AUTHORED_PROCEDURAL_OUTPUT_NO_EXTERNAL_ASSETS,YES,YES_PROJECT_OWNED,NO_EXTERNAL_RESTRICTION,procedural_v8,5bfe9706d959ac985ca4fb631b5aa2d14dad01aa5bae791fdf95fded972dbbd0,proc::music::train::00110,cd313b839b960ab71dad10ab7d7b3476f1c3a6aa4d8a3ea252385472588aa2bf,23705018,proc_music_subtractive_sequence,train,numpy_scipy_project_generator,NO,,,5.666000,16000,0.72830582,0.15957816,-0.00015660,0.00000000,
data/generated_v8/audio/train/music/proc_music_train_00111__additive_band.wav,1,0,1,0,1,,proc_music_additive_band,project_procedural_v8,procedural_v8,,proc_music_train_00111,proc::music::train::00111,LOCAL:tools/procedural_audio_v8.py,procedural-v8.1,PROJECT_AUTHORED_PROCEDURAL_OUTPUT_NO_EXTERNAL_ASSETS,YES,YES_PROJECT_OWNED,NO_EXTERNAL_RESTRICTION,procedural_v8,e4dcca1aab041b88ccf2e7f2bfd49bad500c8ee1a720b939f5d634014c329ffc,proc::music::train::00111,3d21086b8d1c74f1d48d87551bab79bf7433db0b7df4f097e0d5b833e625a9fe,23705019,proc_music_additive_band,train,numpy_scipy_project_generator,NO,,,4.268000,16000,0.83106506,0.16936801,-0.00005451,0.00000000,
data/generated_v8/audio/train/music/proc_music_train_00111__fm_percussive.wav,1,0,1,0,1,,proc_music_fm_percussive,project_procedural_v8,procedural_v8,,proc_music_train_00111,proc::music::train::00111,LOCAL:tools/procedural_audio_v8.py,procedural-v8.1,PROJECT_AUTHORED_PROCEDURAL_OUTPUT_NO_EXTERNAL_ASSETS,YES,YES_PROJECT_OWNED,NO_EXTERNAL_RESTRICTION,procedural_v8,e4dcca1aab041b88ccf2e7f2bfd49bad500c8ee1a720b939f5d634014c329ffc,proc::music::train::00111,5f5e33970e78d8bd35831e0a0de9ef418eee29f45781af602104016d6fc101fd,23705019,proc_music_fm_percussive,train,numpy_scipy_project_generator,NO,,,4.268000,16000,0.75163609,0.17154823,-0.00016213,0.00000000,
data/generated_v8/audio/train/music/proc_music_train_00111__subtractive_sequence.wav,1,0,1,0,1,,proc_music_subtractive_sequence,project_procedural_v8,procedural_v8,,proc_music_train_00111,proc::music::train::00111,LOCAL:tools/procedural_audio_v8.py,procedural-v8.1,PROJECT_AUTHORED_PROCEDURAL_OUTPUT_NO_EXTERNAL_ASSETS,YES,YES_PROJECT_OWNED,NO_EXTERNAL_RESTRICTION,procedural_v8,e4dcca1aab041b88ccf2e7f2bfd49bad500c8ee1a720b939f5d634014c329ffc,proc::music::train::00111,e02782fa5b0646b17ed787f82bc64ef26d1aef9ef3249d7bc6549c997c4370e7,23705019,proc_music_subtractive_sequence,train,numpy_scipy_project_generator,NO,,,4.268000,16000,0.90171844,0.17835936,-0.00022595,0.00000000,
data/generated_v8/audio/train/music/proc_music_train_00112__additive_band.wav,1,0,1,0,1,,proc_music_additive_band,project_procedural_v8,procedural_v8,,proc_music_train_00112,proc::music::train::00112,LOCAL:tools/procedural_audio_v8.py,procedural-v8.1,PROJECT_AUTHORED_PROCEDURAL_OUTPUT_NO_EXTERNAL_ASSETS,YES,YES_PROJECT_OWNED,NO_EXTERNAL_RESTRICTION,procedural_v8,29ea415bb2f4fa4ac9deeecb40a26b0811deee862adf1736575fb9d8000b5d8f,proc::music::train::00112,114bf96741e2cb189d03a0c53cd028659f629ed41ccb7dc2020b2723795e4890,23705020,proc_music_additive_band,train,numpy_scipy_project_generator,NO,,,4.334000,16000,0.87033236,0.22160653,-0.00011463,0.00000000,
data/generated_v8/audio/train/music/proc_music_train_00112__fm_percussive.wav,1,0,1,0,1,,proc_music_fm_percussive,project_procedural_v8,procedural_v8,,proc_music_train_00112,proc::music::train::00112,LOCAL:tools/procedural_audio_v8.py,procedural-v8.1,PROJECT_AUTHORED_PROCEDURAL_OUTPUT_NO_EXTERNAL_ASSETS,YES,YES_PROJECT_OWNED,NO_EXTERNAL_RESTRICTION,procedural_v8,29ea415bb2f4fa4ac9deeecb40a26b0811deee862adf1736575fb9d8000b5d8f,proc::music::train::00112,774b337f915b29152633757777c49466b5189845069e59d50c382b699ccf3743,23705020,proc_music_fm_percussive,train,numpy_scipy_project_generator,NO,,,4.334000,16000,0.85516554,0.25732720,-0.00017966,0.00000000,
data/generated_v8/audio/train/music/proc_music_train_00112__subtractive_sequence.wav,1,0,1,0,1,,proc_music_subtractive_sequence,project_procedural_v8,procedural_v8,,proc_music_train_00112,proc::music::train::00112,LOCAL:tools/procedural_audio_v8.py,procedural-v8.1,PROJECT_AUTHORED_PROCEDURAL_OUTPUT_NO_EXTERNAL_ASSETS,YES,YES_PROJECT_OWNED,NO_EXTERNAL_RESTRICTION,procedural_v8,29ea415bb2f4fa4ac9deeecb40a26b0811deee862adf1736575fb9d8000b5d8f,proc::music::train::00112,938332cc04112772d889e82a4432f52a9dcf4398431526b4f05bedb6d28381f4,23705020,proc_music_subtractive_sequence,train,numpy_scipy_project_generator,NO,,,4.334000,16000,0.90411037,0.20763446,0.00003474,0.00000000,
data/generated_v8/audio/train/music/proc_music_train_00113__additive_band.wav,1,0,1,0,1,,proc_music_additive_band,project_procedural_v8,procedural_v8,,proc_music_train_00113,proc::music::train::00113,LOCAL:tools/procedural_audio_v8.py,procedural-v8.1,PROJECT_AUTHORED_PROCEDURAL_OUTPUT_NO_EXTERNAL_ASSETS,YES,YES_PROJECT_OWNED,NO_EXTERNAL_RESTRICTION,procedural_v8,b293a23b07caea4a3d82d84030d783b5e91896cb4db4be3fa9c78b906d6c8000,proc::music::train::00113,8c026d49f7ad1561df74491f7090b8f3c7602cff9b8bacfd1894012b977029c6,23705021,proc_music_additive_band,train,numpy_scipy_project_generator,NO,,,6.144000,16000,0.89095747,0.20500511,-0.00008832,0.00000000,
data/generated_v8/audio/train/music/proc_music_train_00113__fm_percussive.wav,1,0,1,0,1,,proc_music_fm_percussive,project_procedural_v8,procedural_v8,,proc_music_train_00113,proc::music::train::00113,LOCAL:tools/procedural_audio_v8.py,procedural-v8.1,PROJECT_AUTHORED_PROCEDURAL_OUTPUT_NO_EXTERNAL_ASSETS,YES,YES_PROJECT_OWNED,NO_EXTERNAL_RESTRICTION,procedural_v8,b293a23b07caea4a3d82d84030d783b5e91896cb4db4be3fa9c78b906d6c8000,proc::music::train::00113,13c84e275920c92bee76fb5d608d958702ee241d34f765f3d26001d68684c55f,23705021,proc_music_fm_percussive,train,numpy_scipy_project_generator,NO,,,6.144000,16000,0.90554070,0.21765477,-0.00008805,0.00000000,
data/generated_v8/audio/train/music/proc_music_train_00113__subtractive_sequence.wav,1,0,1,0,1,,proc_music_subtractive_sequence,project_procedural_v8,procedural_v8,,proc_music_train_00113,proc::music::train::00113,LOCAL:tools/procedural_audio_v8.py,procedural-v8.1,PROJECT_AUTHORED_PROCEDURAL_OUTPUT_NO_EXTERNAL_ASSETS,YES,YES_PROJECT_OWNED,NO_EXTERNAL_RESTRICTION,procedural_v8,b293a23b07caea4a3d82d84030d783b5e91896cb4db4be3fa9c78b906d6c8000,proc::music::train::00113,e4d9872e763a6eb976e38a8e6efce432a85ab8c68ee064f9b1c87a6df7049997,23705021,proc_music_subtractive_sequence,train,numpy_scipy_project_generator,NO,,,6.144000,16000,0.79235065,0.15316370,-0.00006375,0.00000000,
data/generated_v8/audio/train/music/proc_music_train_00114__additive_band.wav,1,0,1,0,1,,proc_music_additive_band,project_procedural_v8,procedural_v8,,proc_music_train_00114,proc::music::train::00114,LOCAL:tools/procedural_audio_v8.py,procedural-v8.1,PROJECT_AUTHORED_PROCEDURAL_OUTPUT_NO_EXTERNAL_ASSETS,YES,YES_PROJECT_OWNED,NO_EXTERNAL_RESTRICTION,procedural_v8,ad6ceb34c655a8ca516ac0860e997ea9b1f460d7a61960c9408a23c00293429d,proc::music::train::00114,71a73fe1a8e9769669182c8c0378b0276fb849e442d11970e1cb244b00695c1f,23705022,proc_music_additive_band,train,numpy_scipy_project_generator,NO,,,4.882000,16000,0.85005963,0.16651432,-0.00007822,0.00000000,
data/generated_v8/audio/train/music/proc_music_train_00114__fm_percussive.wav,1,0,1,0,1,,proc_music_fm_percussive,project_procedural_v8,procedural_v8,,proc_music_train_00114,proc::music::train::00114,LOCAL:tools/procedural_audio_v8.py,procedural-v8.1,PROJECT_AUTHORED_PROCEDURAL_OUTPUT_NO_EXTERNAL_ASSETS,YES,YES_PROJECT_OWNED,NO_EXTERNAL_RESTRICTION,procedural_v8,ad6ceb34c655a8ca516ac0860e997ea9b1f460d7a61960c9408a23c00293429d,proc::music::train::00114,ffd252b08303e26315c8bca8561b5ee93596f5fb4dbdc5e35da51bd5aae941ea,23705022,proc_music_fm_percussive,train,numpy_scipy_project_generator,NO,,,4.882000,16000,0.84232581,0.20090473,-0.00011987,0.00000000,
data/generated_v8/audio/train/music/proc_music_train_00114__subtractive_sequence.wav,1,0,1,0,1,,proc_music_subtractive_sequence,project_procedural_v8,procedural_v8,,proc_music_train_00114,proc::music::train::00114,LOCAL:tools/procedural_audio_v8.py,procedural-v8.1,PROJECT_AUTHORED_PROCEDURAL_OUTPUT_NO_EXTERNAL_ASSETS,YES,YES_PROJECT_OWNED,NO_EXTERNAL_RESTRICTION,procedural_v8,ad6ceb34c655a8ca516ac0860e997ea9b1f460d7a61960c9408a23c00293429d,proc::music::train::00114,33968525e54db78f1dbc47463544f5068e2be3fc41d9d3b152b1991c7df9d766,23705022,proc_music_subtractive_sequence,train,numpy_scipy_project_generator,NO,,,4.882000,16000,0.76569641,0.16710011,-0.00008548,0.00000000,
data/generated_v8/audio/train/music/proc_music_train_00115__additive_band.wav,1,0,1,0,1,,proc_music_additive_band,project_procedural_v8,procedural_v8,,proc_music_train_00115,proc::music::train::00115,LOCAL:tools/procedural_audio_v8.py,procedural-v8.1,PROJECT_AUTHORED_PROCEDURAL_OUTPUT_NO_EXTERNAL_ASSETS,YES,YES_PROJECT_OWNED,NO_EXTERNAL_RESTRICTION,procedural_v8,fcd644f76ff621789ae292380f98e7e7385ed89b8b6fe27d19fd45ce822ccffd,proc::music::train::00115,8dc6174f5a0b7667e2ab9b1c95245e7076be65b4486cabf140be4f73892d3191,23705023,proc_music_additive_band,train,numpy_scipy_project_generator,NO,,,6.129000,16000,0.85741597,0.21004220,-0.00007080,0.00000000,
data/generated_v8/audio/train/music/proc_music_train_00115__fm_percussive.wav,1,0,1,0,1,,proc_music_fm_percussive,project_procedural_v8,procedural_v8,,proc_music_train_00115,proc::music::train::00115,LOCAL:tools/procedural_audio_v8.py,procedural-v8.1,PROJECT_AUTHORED_PROCEDURAL_OUTPUT_NO_EXTERNAL_ASSETS,YES,YES_PROJECT_OWNED,NO_EXTERNAL_RESTRICTION,procedural_v8,fcd644f76ff621789ae292380f98e7e7385ed89b8b6fe27d19fd45ce822ccffd,proc::music::train::00115,98ebd24ac0f05abe47fe570698f3d48529ca3fbe177c6bf057ae47e32adad6bb,23705023,proc_music_fm_percussive,train,numpy_scipy_project_generator,NO,,,6.129000,16000,0.82125181,0.17190234,-0.00008675,0.00000000,
data/generated_v8/audio/train/music/proc_music_train_00115__subtractive_sequence.wav,1,0,1,0,1,,proc_music_subtractive_sequence,project_procedural_v8,procedural_v8,,proc_music_train_00115,proc::music::train::00115,LOCAL:tools/procedural_audio_v8.py,procedural-v8.1,PROJECT_AUTHORED_PROCEDURAL_OUTPUT_NO_EXTERNAL_ASSETS,YES,YES_PROJECT_OWNED,NO_EXTERNAL_RESTRICTION,procedural_v8,fcd644f76ff621789ae292380f98e7e7385ed89b8b6fe27d19fd45ce822ccffd,proc::music::train::00115,75bc4b0c280794f81fc5adf30b398eeb2b12f184fa93daf52c975b90618a73e1,23705023,proc_music_subtractive_sequence,train,numpy_scipy_project_generator,NO,,,6.129000,16000,0.80729765,0.17720274,-0.00008607,0.00000000,
data/generated_v8/audio/train/music/proc_music_train_00116__additive_band.wav,1,0,1,0,1,,proc_music_additive_band,project_procedural_v8,procedural_v8,,proc_music_train_00116,proc::music::train::00116,LOCAL:tools/procedural_audio_v8.py,procedural-v8.1,PROJECT_AUTHORED_PROCEDURAL_OUTPUT_NO_EXTERNAL_ASSETS,YES,YES_PROJECT_OWNED,NO_EXTERNAL_RESTRICTION,procedural_v8,3d7e2ef8c17bd5add5e3f4991acbaf007137825264b140bda1bf1f3935ae7b27,proc::music::train::00116,cd8ba267a44798e240838bce19d14cf52ef9c552250db7fffbeb69f6e7cfc73f,23705024,proc_music_additive_band,train,numpy_scipy_project_generator,NO,,,4.750000,16000,0.83998549,0.21865601,-0.00017886,0.00000000,
data/generated_v8/audio/train/music/proc_music_train_00116__fm_percussive.wav,1,0,1,0,1,,proc_music_fm_percussive,project_procedural_v8,procedural_v8,,proc_music_train_00116,proc::music::train::00116,LOCAL:tools/procedural_audio_v8.py,procedural-v8.1,PROJECT_AUTHORED_PROCEDURAL_OUTPUT_NO_EXTERNAL_ASSETS,YES,YES_PROJECT_OWNED,NO_EXTERNAL_RESTRICTION,procedural_v8,3d7e2ef8c17bd5add5e3f4991acbaf007137825264b140bda1bf1f3935ae7b27,proc::music::train::00116,5e7a1683fc76b3172eeebd60ce04661e052d41279e4ba2884c8f1148c429a91e,23705024,proc_music_fm_percussive,train,numpy_scipy_project_generator,NO,,,4.750000,16000,0.74406403,0.20416532,-0.00024593,0.00000000,
data/generated_v8/audio/train/music/proc_music_train_00116__subtractive_sequence.wav,1,0,1,0,1,,proc_music_subtractive_sequence,project_procedural_v8,procedural_v8,,proc_music_train_00116,proc::music::train::00116,LOCAL:tools/procedural_audio_v8.py,procedural-v8.1,PROJECT_AUTHORED_PROCEDURAL_OUTPUT_NO_EXTERNAL_ASSETS,YES,YES_PROJECT_OWNED,NO_EXTERNAL_RESTRICTION,procedural_v8,3d7e2ef8c17bd5add5e3f4991acbaf007137825264b140bda1bf1f3935ae7b27,proc::music::train::00116,013498487497b4c65085dd02f1ac8c4740f99460d70d465f57f1d08484a9f939,23705024,proc_music_subtractive_sequence,train,numpy_scipy_project_generator,NO,,,4.750000,16000,0.78544587,0.14008968,-0.00007679,0.00000000,
data/generated_v8/audio/train/music/proc_music_train_00117__additive_band.wav,1,0,1,0,1,,proc_music_additive_band,project_procedural_v8,procedural_v8,,proc_music_train_00117,proc::music::train::00117,LOCAL:tools/procedural_audio_v8.py,procedural-v8.1,PROJECT_AUTHORED_PROCEDURAL_OUTPUT_NO_EXTERNAL_ASSETS,YES,YES_PROJECT_OWNED,NO_EXTERNAL_RESTRICTION,procedural_v8,94d03b20d1a2cd724817cf65ec2813400e4f3fa04852d980358a27aa2ec7aa3c,proc::music::train::00117,6c81f6c2db0cf5d00c5a8f8cea3292562c2f1491f90ff9bde5884ac1b88bb771,23705025,proc_music_additive_band,train,numpy_scipy_project_generator,NO,,,5.507000,16000,0.78736424,0.17999532,-0.00006450,0.00000000,
data/generated_v8/audio/train/music/proc_music_train_00117__fm_percussive.wav,1,0,1,0,1,,proc_music_fm_percussive,project_procedural_v8,procedural_v8,,proc_music_train_00117,proc::music::train::00117,LOCAL:tools/procedural_audio_v8.py,procedural-v8.1,PROJECT_AUTHORED_PROCEDURAL_OUTPUT_NO_EXTERNAL_ASSETS,YES,YES_PROJECT_OWNED,NO_EXTERNAL_RESTRICTION,procedural_v8,94d03b20d1a2cd724817cf65ec2813400e4f3fa04852d980358a27aa2ec7aa3c,proc::music::train::00117,a7772c75776dc751505e0482911e73dec9e714c688de83b1948acbb7065b75a8,23705025,proc_music_fm_percussive,train,numpy_scipy_project_generator,NO,,,5.507000,16000,0.80226368,0.22841093,-0.00007993,0.00000000,
data/generated_v8/audio/train/music/proc_music_train_00117__subtractive_sequence.wav,1,0,1,0,1,,proc_music_subtractive_sequence,project_procedural_v8,procedural_v8,,proc_music_train_00117,proc::music::train::00117,LOCAL:tools/procedural_audio_v8.py,procedural-v8.1,PROJECT_AUTHORED_PROCEDURAL_OUTPUT_NO_EXTERNAL_ASSETS,YES,YES_PROJECT_OWNED,NO_EXTERNAL_RESTRICTION,procedural_v8,94d03b20d1a2cd724817cf65ec2813400e4f3fa04852d980358a27aa2ec7aa3c,proc::music::train::00117,5362b8c940cd42ed6286910968c6da3cdeb43938c448a679194f6a56db25f401,23705025,proc_music_subtractive_sequence,train,numpy_scipy_project_generator,NO,,,5.507000,16000,0.77393550,0.16800722,-0.00008101,0.00000000,
data/generated_v8/audio/train/music/proc_music_train_00118__additive_band.wav,1,0,1,0,1,,proc_music_additive_band,project_procedural_v8,procedural_v8,,proc_music_train_00118,proc::music::train::00118,LOCAL:tools/procedural_audio_v8.py,procedural-v8.1,PROJECT_AUTHORED_PROCEDURAL_OUTPUT_NO_EXTERNAL_ASSETS,YES,YES_PROJECT_OWNED,NO_EXTERNAL_RESTRICTION,procedural_v8,b6f0be38ee5345f79489bc4ae1c484b3ce8f01322d1707ae4a3918e0393ebaae,proc::music::train::00118,82c83ca03a25ab6f1a25a65e8f2e610621c8620523f30af86b45a3e26ee694c7,23705026,proc_music_additive_band,train,numpy_scipy_project_generator,NO,,,5.248000,16000,0.81129527,0.21514101,-0.00014303,0.00000000,
data/generated_v8/audio/train/music/proc_music_train_00118__fm_percussive.wav,1,0,1,0,1,,proc_music_fm_percussive,project_procedural_v8,procedural_v8,,proc_music_train_00118,proc::music::train::00118,LOCAL:tools/procedural_audio_v8.py,procedural-v8.1,PROJECT_AUTHORED_PROCEDURAL_OUTPUT_NO_EXTERNAL_ASSETS,YES,YES_PROJECT_OWNED,NO_EXTERNAL_RESTRICTION,procedural_v8,b6f0be38ee5345f79489bc4ae1c484b3ce8f01322d1707ae4a3918e0393ebaae,proc::music::train::00118,c7aa9f462ce05a249cb9e3171b5f8bec0f0dc3c5e686d80c3fe66905adc33f75,23705026,proc_music_fm_percussive,train,numpy_scipy_project_generator,NO,,,5.248000,16000,0.76862752,0.18231178,-0.00013408,0.00000000,
data/generated_v8/audio/train/music/proc_music_train_00118__subtractive_sequence.wav,1,0,1,0,1,,proc_music_subtractive_sequence,project_procedural_v8,procedural_v8,,proc_music_train_00118,proc::music::train::00118,LOCAL:tools/procedural_audio_v8.py,procedural-v8.1,PROJECT_AUTHORED_PROCEDURAL_OUTPUT_NO_EXTERNAL_ASSETS,YES,YES_PROJECT_OWNED,NO_EXTERNAL_RESTRICTION,procedural_v8,b6f0be38ee5345f79489bc4ae1c484b3ce8f01322d1707ae4a3918e0393ebaae,proc::music::train::00118,b1f8d215e7e8495f23cdd7bd391ce0001b6bf2cc19cf8be319fcebf8efa00f20,23705026,proc_music_subtractive_sequence,train,numpy_scipy_project_generator,NO,,,5.248000,16000,0.90235877,0.19904252,-0.00007653,0.00000000,
data/generated_v8/audio/train/music/proc_music_train_00119__additive_band.wav,1,0,1,0,1,,proc_music_additive_band,project_procedural_v8,procedural_v8,,proc_music_train_00119,proc::music::train::00119,LOCAL:tools/procedural_audio_v8.py,procedural-v8.1,PROJECT_AUTHORED_PROCEDURAL_OUTPUT_NO_EXTERNAL_ASSETS,YES,YES_PROJECT_OWNED,NO_EXTERNAL_RESTRICTION,procedural_v8,a98a4a2de6a6357c6343247e5cc5caaa69ea93f3e2ff75a9842442f9b7f3a256,proc::music::train::00119,fd001158bd882db712f2e601e06882c8b04df703bae29535b224f6061e4b5ea5,23705027,proc_music_additive_band,train,numpy_scipy_project_generator,NO,,,5.659000,16000,0.71900171,0.17969004,-0.00006385,0.00000000,
data/generated_v8/audio/train/music/proc_music_train_00119__fm_percussive.wav,1,0,1,0,1,,proc_music_fm_percussive,project_procedural_v8,procedural_v8,,proc_music_train_00119,proc::music::train::00119,LOCAL:tools/procedural_audio_v8.py,procedural-v8.1,PROJECT_AUTHORED_PROCEDURAL_OUTPUT_NO_EXTERNAL_ASSETS,YES,YES_PROJECT_OWNED,NO_EXTERNAL_RESTRICTION,procedural_v8,a98a4a2de6a6357c6343247e5cc5caaa69ea93f3e2ff75a9842442f9b7f3a256,proc::music::train::00119,5329254dd9a8f5cb3f2f8ea44bec2c32917cf1dfe2e00c12f8314551b8abdc54,23705027,proc_music_fm_percussive,train,numpy_scipy_project_generator,NO,,,5.659000,16000,0.83942205,0.22090921,-0.00007355,0.00000000,
data/generated_v8/audio/train/music/proc_music_train_00119__subtractive_sequence.wav,1,0,1,0,1,,proc_music_subtractive_sequence,project_procedural_v8,procedural_v8,,proc_music_train_00119,proc::music::train::00119,LOCAL:tools/procedural_audio_v8.py,procedural-v8.1,PROJECT_AUTHORED_PROCEDURAL_OUTPUT_NO_EXTERNAL_ASSETS,YES,YES_PROJECT_OWNED,NO_EXTERNAL_RESTRICTION,procedural_v8,a98a4a2de6a6357c6343247e5cc5caaa69ea93f3e2ff75a9842442f9b7f3a256,proc::music::train::00119,328a7a3ea150ac3a27abc81c7d730326fbe515f2e05c6fe63f75ec8de23346b7,23705027,proc_music_subtractive_sequence,train,numpy_scipy_project_generator,NO,,,5.659000,16000,0.73998451,0.16524375,-0.00010906,0.00000000,
data/generated_v8/audio/val_unseen_generator/music/proc_music_val_unseen_generator_00000__spectral_block_unseen.wav,1,0,1,0,1,,proc_music_spectral_block_unseen,project_procedural_v8,procedural_v8,,proc_music_val_unseen_generator_00000,proc::music::val_unseen_generator::00000,LOCAL:tools/procedural_audio_v8.py,procedural-v8.1,PROJECT_AUTHORED_PROCEDURAL_OUTPUT_NO_EXTERNAL_ASSETS,YES,YES_PROJECT_OWNED,NO_EXTERNAL_RESTRICTION,procedural_v8,5d746ab819e7e56e6eab18e0451186849160e29aa518c10ff6e936f7f2e51d94,proc::music::val_unseen_generator::00000,cc8fb60261247d3bca16108aa8d158d852142954699b38dfab52e55f174240c2,23714908,proc_music_spectral_block_unseen,val_unseen_generator,numpy_scipy_project_generator,NO,,,3.701000,16000,0.74414068,0.37460626,-0.00021404,0.00000000,
data/generated_v8/audio/val_unseen_generator/music/proc_music_val_unseen_generator_00001__spectral_block_unseen.wav,1,0,1,0,1,,proc_music_spectral_block_unseen,project_procedural_v8,procedural_v8,,proc_music_val_unseen_generator_00001,proc::music::val_unseen_generator::00001,LOCAL:tools/procedural_audio_v8.py,procedural-v8.1,PROJECT_AUTHORED_PROCEDURAL_OUTPUT_NO_EXTERNAL_ASSETS,YES,YES_PROJECT_OWNED,NO_EXTERNAL_RESTRICTION,procedural_v8,3222ecdd9b3487c309466a97b011f5bd49d7147e79c8a060f3f1e2bfca383764,proc::music::val_unseen_generator::00001,42f47c1d8be903dd4d8b6cc83720600ed4b3bce6438b61fdd98337bb3d965634,23714909,proc_music_spectral_block_unseen,val_unseen_generator,numpy_scipy_project_generator,NO,,,4.859000,16000,0.85738462,0.45377130,-0.00022008,0.00000000,
data/generated_v8/audio/val_unseen_generator/music/proc_music_val_unseen_generator_00002__spectral_block_unseen.wav,1,0,1,0,1,,proc_music_spectral_block_unseen,project_procedural_v8,procedural_v8,,proc_music_val_unseen_generator_00002,proc::music::val_unseen_generator::00002,LOCAL:tools/procedural_audio_v8.py,procedural-v8.1,PROJECT_AUTHORED_PROCEDURAL_OUTPUT_NO_EXTERNAL_ASSETS,YES,YES_PROJECT_OWNED,NO_EXTERNAL_RESTRICTION,procedural_v8,b9785bee7ab716914e8eaf439e9fb0169eb45849a0a0bb4d67b8e1e086633623,proc::music::val_unseen_generator::00002,a8ae5ce87e3e878cbbb22ae082549726c2879c22c77d7fa5803ec2db94dde00b,23714910,proc_music_spectral_block_unseen,val_unseen_generator,numpy_scipy_project_generator,NO,,,7.040000,16000,0.77384698,0.42293522,-0.00012036,0.00000000,
data/generated_v8/audio/val_unseen_generator/music/proc_music_val_unseen_generator_00003__spectral_block_unseen.wav,1,0,1,0,1,,proc_music_spectral_block_unseen,project_procedural_v8,procedural_v8,,proc_music_val_unseen_generator_00003,proc::music::val_unseen_generator::00003,LOCAL:tools/procedural_audio_v8.py,procedural-v8.1,PROJECT_AUTHORED_PROCEDURAL_OUTPUT_NO_EXTERNAL_ASSETS,YES,YES_PROJECT_OWNED,NO_EXTERNAL_RESTRICTION,procedural_v8,fc8ccf35f9b396171a50480e224482e564f3b2ef947ed0350033bdb825f3ad88,proc::music::val_unseen_generator::00003,09b338b48b8f74c7a0b1668fbe34afd94ab0eda8f8146a880fabdfd4d78b3a0d,23714911,proc_music_spectral_block_unseen,val_unseen_generator,numpy_scipy_project_generator,NO,,,4.021000,16000,0.82352012,0.40903926,-0.00013692,0.00000000,
data/generated_v8/audio/val_unseen_generator/music/proc_music_val_unseen_generator_00004__spectral_block_unseen.wav,1,0,1,0,1,,proc_music_spectral_block_unseen,project_procedural_v8,procedural_v8,,proc_music_val_unseen_generator_00004,proc::music::val_unseen_generator::00004,LOCAL:tools/procedural_audio_v8.py,procedural-v8.1,PROJECT_AUTHORED_PROCEDURAL_OUTPUT_NO_EXTERNAL_ASSETS,YES,YES_PROJECT_OWNED,NO_EXTERNAL_RESTRICTION,procedural_v8,e45985789ad87ece1ba21fbb616afe46d03805057b00027802f453c9e8641d0d,proc::music::val_unseen_generator::00004,e008a6872bef90f0e4ed9f7f2c3ad7ed749adf9d91966964b268a1ba8469e8a9,23714912,proc_music_spectral_block_unseen,val_unseen_generator,numpy_scipy_project_generator,NO,,,6.370000,16000,0.79349142,0.41771126,-0.00011233,0.00000000,
data/generated_v8/audio/val_unseen_generator/music/proc_music_val_unseen_generator_00005__spectral_block_unseen.wav,1,0,1,0,1,,proc_music_spectral_block_unseen,project_procedural_v8,procedural_v8,,proc_music_val_unseen_generator_00005,proc::music::val_unseen_generator::00005,LOCAL:tools/procedural_audio_v8.py,procedural-v8.1,PROJECT_AUTHORED_PROCEDURAL_OUTPUT_NO_EXTERNAL_ASSETS,YES,YES_PROJECT_OWNED,NO_EXTERNAL_RESTRICTION,procedural_v8,db8b47f79802d3b982b46339cd501808c5fe4a8287499e8c6360df6392a4ecac,proc::music::val_unseen_generator::00005,696a279e4cea73ff4b6ede662f645202f278716d63b32c6fe24bcefb4b848e11,23714913,proc_music_spectral_block_unseen,val_unseen_generator,numpy_scipy_project_generator,NO,,,5.245000,16000,0.88789195,0.46962054,-0.00026511,0.00000000,
data/generated_v8/audio/val_unseen_generator/music/proc_music_val_unseen_generator_00006__spectral_block_unseen.wav,1,0,1,0,1,,proc_music_spectral_block_unseen,project_procedural_v8,procedural_v8,,proc_music_val_unseen_generator_00006,proc::music::val_unseen_generator::00006,LOCAL:tools/procedural_audio_v8.py,procedural-v8.1,PROJECT_AUTHORED_PROCEDURAL_OUTPUT_NO_EXTERNAL_ASSETS,YES,YES_PROJECT_OWNED,NO_EXTERNAL_RESTRICTION,procedural_v8,0c15fe054b0b944b841440ce2452e1c6de44ca3cac76756a74174a7d9e3c1114,proc::music::val_unseen_generator::00006,8cded223b75783f54a698f2448391f5f296888b5ac6e363b18c2f6c5c98fb89e,23714914,proc_music_spectral_block_unseen,val_unseen_generator,numpy_scipy_project_generator,NO,,,5.731000,16000,0.81399608,0.44615484,-0.00011076,0.00000000,
data/generated_v8/audio/val_unseen_generator/music/proc_music_val_unseen_generator_00007__spectral_block_unseen.wav,1,0,1,0,1,,proc_music_spectral_block_unseen,project_procedural_v8,procedural_v8,,proc_music_val_unseen_generator_00007,proc::music::val_unseen_generator::00007,LOCAL:tools/procedural_audio_v8.py,procedural-v8.1,PROJECT_AUTHORED_PROCEDURAL_OUTPUT_NO_EXTERNAL_ASSETS,YES,YES_PROJECT_OWNED,NO_EXTERNAL_RESTRICTION,procedural_v8,e4e9248b33ea425a9bb41094ede8c0d453eb0cb17cf25a575f212b3657f4d844,proc::music::val_unseen_generator::00007,70b1a2a51effb1c097b40330fca3e070f75698b185817fc3163e580fa2d5c958,23714915,proc_music_spectral_block_unseen,val_unseen_generator,numpy_scipy_project_generator,NO,,,4.934000,16000,0.90976304,0.49230234,0.00003371,0.00000000,
data/generated_v8/audio/val_unseen_generator/music/proc_music_val_unseen_generator_00008__spectral_block_unseen.wav,1,0,1,0,1,,proc_music_spectral_block_unseen,project_procedural_v8,procedural_v8,,proc_music_val_unseen_generator_00008,proc::music::val_unseen_generator::00008,LOCAL:tools/procedural_audio_v8.py,procedural-v8.1,PROJECT_AUTHORED_PROCEDURAL_OUTPUT_NO_EXTERNAL_ASSETS,YES,YES_PROJECT_OWNED,NO_EXTERNAL_RESTRICTION,procedural_v8,fb9bdc8f34948c6a155c7ecb6903d810d30fe88ec56a7bb1ce14a0ed5182416e,proc::music::val_unseen_generator::00008,763edb36fbf2510c2252977059d83e23554153acb84e9f416ee126e1b9575fc0,23714916,proc_music_spectral_block_unseen,val_unseen_generator,numpy_scipy_project_generator,NO,,,6.645000,16000,0.72126430,0.38164964,-0.00008451,0.00000000,
data/generated_v8/audio/val_unseen_generator/music/proc_music_val_unseen_generator_00009__spectral_block_unseen.wav,1,0,1,0,1,,proc_music_spectral_block_unseen,project_procedural_v8,procedural_v8,,proc_music_val_unseen_generator_00009,proc::music::val_unseen_generator::00009,LOCAL:tools/procedural_audio_v8.py,procedural-v8.1,PROJECT_AUTHORED_PROCEDURAL_OUTPUT_NO_EXTERNAL_ASSETS,YES,YES_PROJECT_OWNED,NO_EXTERNAL_RESTRICTION,procedural_v8,7c657737b3091b5034974753643d8e94dfbf55fbf6256205b62058fc769ea1c9,proc::music::val_unseen_generator::00009,d16137a01efada2e5d642f844f226a74bdfdca52cd66963c5af27b3130837ff0,23714917,proc_music_spectral_block_unseen,val_unseen_generator,numpy_scipy_project_generator,NO,,,6.969000,16000,0.88082588,0.42464127,-0.00016145,0.00000000,
data/generated_v8/audio/val_unseen_generator/music/proc_music_val_unseen_generator_00010__spectral_block_unseen.wav,1,0,1,0,1,,proc_music_spectral_block_unseen,project_procedural_v8,procedural_v8,,proc_music_val_unseen_generator_00010,proc::music::val_unseen_generator::00010,LOCAL:tools/procedural_audio_v8.py,procedural-v8.1,PROJECT_AUTHORED_PROCEDURAL_OUTPUT_NO_EXTERNAL_ASSETS,YES,YES_PROJECT_OWNED,NO_EXTERNAL_RESTRICTION,procedural_v8,01888bca27ccd32b06cf6bcff39e3e9fde5fe8e6a5d808f3f344ddac2234f2e2,proc::music::val_unseen_generator::00010,bbcfd32766e1f88f13ddbd606f8ac11e6dffd07b0723d0ef4b5f5f0406a46b5c,23714918,proc_music_spectral_block_unseen,val_unseen_generator,numpy_scipy_project_generator,NO,,,5.791000,16000,0.75275105,0.38977576,-0.00005632,0.00000000,
data/generated_v8/audio/val_unseen_generator/music/proc_music_val_unseen_generator_00011__spectral_block_unseen.wav,1,0,1,0,1,,proc_music_spectral_block_unseen,project_procedural_v8,procedural_v8,,proc_music_val_unseen_generator_00011,proc::music::val_unseen_generator::00011,LOCAL:tools/procedural_audio_v8.py,procedural-v8.1,PROJECT_AUTHORED_PROCEDURAL_OUTPUT_NO_EXTERNAL_ASSETS,YES,YES_PROJECT_OWNED,NO_EXTERNAL_RESTRICTION,procedural_v8,1dd1d30b2b015f29292c557136ae179c28c7a0fb42250de4284b35bc1fb7c33d,proc::music::val_unseen_generator::00011,fddf8869df6f5095e850f3aad451d53737fd7a9bc8ceaa076ccaa84c22f14f83,23714919,proc_music_spectral_block_unseen,val_unseen_generator,numpy_scipy_project_generator,NO,,,6.202000,16000,0.87606364,0.47439591,-0.00009990,0.00000000,
data/generated_v8/audio/val_unseen_generator/music/proc_music_val_unseen_generator_00012__spectral_block_unseen.wav,1,0,1,0,1,,proc_music_spectral_block_unseen,project_procedural_v8,procedural_v8,,proc_music_val_unseen_generator_00012,proc::music::val_unseen_generator::00012,LOCAL:tools/procedural_audio_v8.py,procedural-v8.1,PROJECT_AUTHORED_PROCEDURAL_OUTPUT_NO_EXTERNAL_ASSETS,YES,YES_PROJECT_OWNED,NO_EXTERNAL_RESTRICTION,procedural_v8,9437152f7e0cfc4c5576754cdabb26b83e4c0f67f22cabbe8945b3a67369b4e4,proc::music::val_unseen_generator::00012,1c962633fe081451c540d7c6aa9472a9924a8fd50c3fe915f872cb82bfbd8427,23714920,proc_music_spectral_block_unseen,val_unseen_generator,numpy_scipy_project_generator,NO,,,6.178000,16000,0.77026737,0.40772769,-0.00002531,0.00000000,
data/generated_v8/audio/val_unseen_generator/music/proc_music_val_unseen_generator_00013__spectral_block_unseen.wav,1,0,1,0,1,,proc_music_spectral_block_unseen,project_procedural_v8,procedural_v8,,proc_music_val_unseen_generator_00013,proc::music::val_unseen_generator::00013,LOCAL:tools/procedural_audio_v8.py,procedural-v8.1,PROJECT_AUTHORED_PROCEDURAL_OUTPUT_NO_EXTERNAL_ASSETS,YES,YES_PROJECT_OWNED,NO_EXTERNAL_RESTRICTION,procedural_v8,41d4678da842019bab3f731e6cca7a563e8f7c63ea0310bacc4c677c33ffccc2,proc::music::val_unseen_generator::00013,c2507b4f54de97f83803e089c1c35c6b5dc7ca3d71063eaaeddd2664093072c6,23714921,proc_music_spectral_block_unseen,val_unseen_generator,numpy_scipy_project_generator,NO,,,6.147000,16000,0.80623758,0.44066356,-0.00016940,0.00000000,
data/generated_v8/audio/val_unseen_generator/music/proc_music_val_unseen_generator_00014__spectral_block_unseen.wav,1,0,1,0,1,,proc_music_spectral_block_unseen,project_procedural_v8,procedural_v8,,proc_music_val_unseen_generator_00014,proc::music::val_unseen_generator::00014,LOCAL:tools/procedural_audio_v8.py,procedural-v8.1,PROJECT_AUTHORED_PROCEDURAL_OUTPUT_NO_EXTERNAL_ASSETS,YES,YES_PROJECT_OWNED,NO_EXTERNAL_RESTRICTION,procedural_v8,161b1e200e173c00beee11e8baed0c0a1d30570713474190796b60a80254512a,proc::music::val_unseen_generator::00014,1cec6018a3478919bfc40f7a238b78e8ddfb347f9f45d9923bb6bd7f940cc318,23714922,proc_music_spectral_block_unseen,val_unseen_generator,numpy_scipy_project_generator,NO,,,6.393000,16000,0.78563350,0.40488713,-0.00016027,0.00000000,
data/generated_v8/audio/val_unseen_generator/music/proc_music_val_unseen_generator_00015__spectral_block_unseen.wav,1,0,1,0,1,,proc_music_spectral_block_unseen,project_procedural_v8,procedural_v8,,proc_music_val_unseen_generator_00015,proc::music::val_unseen_generator::00015,LOCAL:tools/procedural_audio_v8.py,procedural-v8.1,PROJECT_AUTHORED_PROCEDURAL_OUTPUT_NO_EXTERNAL_ASSETS,YES,YES_PROJECT_OWNED,NO_EXTERNAL_RESTRICTION,procedural_v8,e6c37da12bdeea7bd7f33827ed53288455e8035a0788f91add62b7b7b268548f,proc::music::val_unseen_generator::00015,61a388c46b86a3c9e36e8d54966723a389ec776b723d8fe27d84da38171a9c50,23714923,proc_music_spectral_block_unseen,val_unseen_generator,numpy_scipy_project_generator,NO,,,4.565000,16000,0.86900324,0.41798106,-0.00028655,0.00000000,
data/generated_v8/audio/val_unseen_generator/music/proc_music_val_unseen_generator_00016__spectral_block_unseen.wav,1,0,1,0,1,,proc_music_spectral_block_unseen,project_procedural_v8,procedural_v8,,proc_music_val_unseen_generator_00016,proc::music::val_unseen_generator::00016,LOCAL:tools/procedural_audio_v8.py,procedural-v8.1,PROJECT_AUTHORED_PROCEDURAL_OUTPUT_NO_EXTERNAL_ASSETS,YES,YES_PROJECT_OWNED,NO_EXTERNAL_RESTRICTION,procedural_v8,69bbab71ea74de0a7406e4fe09bc67180160d150804454d65b14ad6e087cc1b6,proc::music::val_unseen_generator::00016,c63d25267291ba2f2a60c9f897b757c17c0ccfe131cf93d606d614e276355ad6,23714924,proc_music_spectral_block_unseen,val_unseen_generator,numpy_scipy_project_generator,NO,,,5.472000,16000,0.71739769,0.35907269,-0.00024211,0.00000000,
data/generated_v8/audio/val_unseen_generator/music/proc_music_val_unseen_generator_00017__spectral_block_unseen.wav,1,0,1,0,1,,proc_music_spectral_block_unseen,project_procedural_v8,procedural_v8,,proc_music_val_unseen_generator_00017,proc::music::val_unseen_generator::00017,LOCAL:tools/procedural_audio_v8.py,procedural-v8.1,PROJECT_AUTHORED_PROCEDURAL_OUTPUT_NO_EXTERNAL_ASSETS,YES,YES_PROJECT_OWNED,NO_EXTERNAL_RESTRICTION,procedural_v8,99a8b278fba45df2ae413ef53cfb4cc20763f50f13c87e7d0c3ed49621af3fbf,proc::music::val_unseen_generator::00017,f64c1f4b888694283377513f21b8b9dc500d3ce7aa507ada041faacd7eccbda5,23714925,proc_music_spectral_block_unseen,val_unseen_generator,numpy_scipy_project_generator,NO,,,5.778000,16000,0.72809178,0.41351477,-0.00019901,0.00000000,
data/generated_v8/audio/val_unseen_generator/music/proc_music_val_unseen_generator_00018__spectral_block_unseen.wav,1,0,1,0,1,,proc_music_spectral_block_unseen,project_procedural_v8,procedural_v8,,proc_music_val_unseen_generator_00018,proc::music::val_unseen_generator::00018,LOCAL:tools/procedural_audio_v8.py,procedural-v8.1,PROJECT_AUTHORED_PROCEDURAL_OUTPUT_NO_EXTERNAL_ASSETS,YES,YES_PROJECT_OWNED,NO_EXTERNAL_RESTRICTION,procedural_v8,e2cfeeb5280c15f28654ff7ae633025cc9896428feaf40c5c18b4e6d855c48aa,proc::music::val_unseen_generator::00018,2ab8a9e3986915902b5fc8c4e2580188de89d412c37297f395703b8d03123ed5,23714926,proc_music_spectral_block_unseen,val_unseen_generator,numpy_scipy_project_generator,NO,,,6.991000,16000,0.88647836,0.49612861,-0.00007902,0.00000000,
data/generated_v8/audio/val_unseen_generator/music/proc_music_val_unseen_generator_00019__spectral_block_unseen.wav,1,0,1,0,1,,proc_music_spectral_block_unseen,project_procedural_v8,procedural_v8,,proc_music_val_unseen_generator_00019,proc::music::val_unseen_generator::00019,LOCAL:tools/procedural_audio_v8.py,procedural-v8.1,PROJECT_AUTHORED_PROCEDURAL_OUTPUT_NO_EXTERNAL_ASSETS,YES,YES_PROJECT_OWNED,NO_EXTERNAL_RESTRICTION,procedural_v8,9b46a5a5d9419cb1570acd924b9c54eae1b7ead68f42b8474f0b58dcee4e9019,proc::music::val_unseen_generator::00019,19819288b641017ffe184e3235b559e5a31abf096196da28d6f2129c840c1f84,23714927,proc_music_spectral_block_unseen,val_unseen_generator,numpy_scipy_project_generator,NO,,,5.146000,16000,0.79861617,0.44463471,-0.00012935,0.00000000,
data/generated_v8/audio/val_unseen_generator/music/proc_music_val_unseen_generator_00020__spectral_block_unseen.wav,1,0,1,0,1,,proc_music_spectral_block_unseen,project_procedural_v8,procedural_v8,,proc_music_val_unseen_generator_00020,proc::music::val_unseen_generator::00020,LOCAL:tools/procedural_audio_v8.py,procedural-v8.1,PROJECT_AUTHORED_PROCEDURAL_OUTPUT_NO_EXTERNAL_ASSETS,YES,YES_PROJECT_OWNED,NO_EXTERNAL_RESTRICTION,procedural_v8,bdf74ea7d77cd5496d843777d931a56a8c7905bdce2e68b8d1a10cc0bc37a2a7,proc::music::val_unseen_generator::00020,05109618f6d91d310f5bc70aef8e8d7ec1a573f8220f063a4da0d81701fc829c,23714928,proc_music_spectral_block_unseen,val_unseen_generator,numpy_scipy_project_generator,NO,,,4.898000,16000,0.87501258,0.46433977,-0.00013254,0.00000000,
data/generated_v8/audio/val_unseen_generator/music/proc_music_val_unseen_generator_00021__spectral_block_unseen.wav,1,0,1,0,1,,proc_music_spectral_block_unseen,project_procedural_v8,procedural_v8,,proc_music_val_unseen_generator_00021,proc::music::val_unseen_generator::00021,LOCAL:tools/procedural_audio_v8.py,procedural-v8.1,PROJECT_AUTHORED_PROCEDURAL_OUTPUT_NO_EXTERNAL_ASSETS,YES,YES_PROJECT_OWNED,NO_EXTERNAL_RESTRICTION,procedural_v8,2352a70cd0d8be05ae0c62f3f60e9996e2881400f565f3b414cfe6ecae8b6cc1,proc::music::val_unseen_generator::00021,9401578daaf7c0394f5e827f22dede1a15cd928162cf68a735cfc9ea118e0809,23714929,proc_music_spectral_block_unseen,val_unseen_generator,numpy_scipy_project_generator,NO,,,4.538000,16000,0.76783907,0.41244871,-0.00007700,0.00000000,
data/generated_v8/audio/val_unseen_generator/music/proc_music_val_unseen_generator_00022__spectral_block_unseen.wav,1,0,1,0,1,,proc_music_spectral_block_unseen,project_procedural_v8,procedural_v8,,proc_music_val_unseen_generator_00022,proc::music::val_unseen_generator::00022,LOCAL:tools/procedural_audio_v8.py,procedural-v8.1,PROJECT_AUTHORED_PROCEDURAL_OUTPUT_NO_EXTERNAL_ASSETS,YES,YES_PROJECT_OWNED,NO_EXTERNAL_RESTRICTION,procedural_v8,67a65a04f2956620e200ec829e0a7715b2403a88d8cc237e71151451c56af490,proc::music::val_unseen_generator::00022,8ea45e4e9202c1b34f18036f2c24a5602ec6da988a93c87a6e77c5f32a1ffd3c,23714930,proc_music_spectral_block_unseen,val_unseen_generator,numpy_scipy_project_generator,NO,,,6.907000,16000,0.79129672,0.45709686,-0.00010221,0.00000000,
data/generated_v8/audio/val_unseen_generator/music/proc_music_val_unseen_generator_00023__spectral_block_unseen.wav,1,0,1,0,1,,proc_music_spectral_block_unseen,project_procedural_v8,procedural_v8,,proc_music_val_unseen_generator_00023,proc::music::val_unseen_generator::00023,LOCAL:tools/procedural_audio_v8.py,procedural-v8.1,PROJECT_AUTHORED_PROCEDURAL_OUTPUT_NO_EXTERNAL_ASSETS,YES,YES_PROJECT_OWNED,NO_EXTERNAL_RESTRICTION,procedural_v8,c179dd8b1fe56bb76c4663caf0e9c39696a89c75b55cb3ec8095055c1bae0a37,proc::music::val_unseen_generator::00023,4189903b2bc340fa538821452bfa8e948aa36c636f18319552d5a2255555d6e2,23714931,proc_music_spectral_block_unseen,val_unseen_generator,numpy_scipy_project_generator,NO,,,4.414000,16000,0.71227604,0.37296592,-0.00027318,0.00000000,
data/generated_v8/audio/val_unseen_generator/music/proc_music_val_unseen_generator_00024__spectral_block_unseen.wav,1,0,1,0,1,,proc_music_spectral_block_unseen,project_procedural_v8,procedural_v8,,proc_music_val_unseen_generator_00024,proc::music::val_unseen_generator::00024,LOCAL:tools/procedural_audio_v8.py,procedural-v8.1,PROJECT_AUTHORED_PROCEDURAL_OUTPUT_NO_EXTERNAL_ASSETS,YES,YES_PROJECT_OWNED,NO_EXTERNAL_RESTRICTION,procedural_v8,002fea7ad504aa63e666c6a45d31a4b8d12cf13437e6399a91936fbd853b665d,proc::music::val_unseen_generator::00024,d60841a60dbadb53f65529cb9a60e356acb60400ea541dfa3db84270031d25f6,23714932,proc_music_spectral_block_unseen,val_unseen_generator,numpy_scipy_project_generator,NO,,,5.354000,16000,0.81966817,0.43249573,-0.00023854,0.00000000,
data/generated_v8/audio/val_unseen_generator/music/proc_music_val_unseen_generator_00025__spectral_block_unseen.wav,1,0,1,0,1,,proc_music_spectral_block_unseen,project_procedural_v8,procedural_v8,,proc_music_val_unseen_generator_00025,proc::music::val_unseen_generator::00025,LOCAL:tools/procedural_audio_v8.py,procedural-v8.1,PROJECT_AUTHORED_PROCEDURAL_OUTPUT_NO_EXTERNAL_ASSETS,YES,YES_PROJECT_OWNED,NO_EXTERNAL_RESTRICTION,procedural_v8,e686c54395d458135e870173ea6360c6024c3cfaec46b18f193a8c89ca93037b,proc::music::val_unseen_generator::00025,9c046787cb53879cf2c61cbfde593c635a97c1528da4b2281420476d02a98634,23714933,proc_music_spectral_block_unseen,val_unseen_generator,numpy_scipy_project_generator,NO,,,5.102000,16000,0.70436817,0.36213271,-0.00015199,0.00000000,
data/generated_v8/audio/val_unseen_generator/music/proc_music_val_unseen_generator_00026__spectral_block_unseen.wav,1,0,1,0,1,,proc_music_spectral_block_unseen,project_procedural_v8,procedural_v8,,proc_music_val_unseen_generator_00026,proc::music::val_unseen_generator::00026,LOCAL:tools/procedural_audio_v8.py,procedural-v8.1,PROJECT_AUTHORED_PROCEDURAL_OUTPUT_NO_EXTERNAL_ASSETS,YES,YES_PROJECT_OWNED,NO_EXTERNAL_RESTRICTION,procedural_v8,01e2869e0bd6bf79a677bdc48a17b7a1774d1e233d046da5ebaffd9a7fc11b86,proc::music::val_unseen_generator::00026,7c56037c33b3c37d27bca43a0c0ecc6a52570f87b299692ed7e9b71e3b08c918,23714934,proc_music_spectral_block_unseen,val_unseen_generator,numpy_scipy_project_generator,NO,,,5.313000,16000,0.71920836,0.35838885,0.00004730,0.00000000,
data/generated_v8/audio/val_unseen_generator/music/proc_music_val_unseen_generator_00027__spectral_block_unseen.wav,1,0,1,0,1,,proc_music_spectral_block_unseen,project_procedural_v8,procedural_v8,,proc_music_val_unseen_generator_00027,proc::music::val_unseen_generator::00027,LOCAL:tools/procedural_audio_v8.py,procedural-v8.1,PROJECT_AUTHORED_PROCEDURAL_OUTPUT_NO_EXTERNAL_ASSETS,YES,YES_PROJECT_OWNED,NO_EXTERNAL_RESTRICTION,procedural_v8,e515f00dcb4a3d4893f80fe9580e33c70f5d69517e64195751389c7d21f18f19,proc::music::val_unseen_generator::00027,51ff118bc95f26feb0ef2bedd4fde07d464c78b4cbe705a0af3892220310d07b,23714935,proc_music_spectral_block_unseen,val_unseen_generator,numpy_scipy_project_generator,NO,,,4.862000,16000,0.90126586,0.51020389,-0.00023507,0.00000000,
data/generated_v8/audio/val_unseen_generator/music/proc_music_val_unseen_generator_00028__spectral_block_unseen.wav,1,0,1,0,1,,proc_music_spectral_block_unseen,project_procedural_v8,procedural_v8,,proc_music_val_unseen_generator_00028,proc::music::val_unseen_generator::00028,LOCAL:tools/procedural_audio_v8.py,procedural-v8.1,PROJECT_AUTHORED_PROCEDURAL_OUTPUT_NO_EXTERNAL_ASSETS,YES,YES_PROJECT_OWNED,NO_EXTERNAL_RESTRICTION,procedural_v8,d2bdff8188c03a60b9c4f899ddf28b25f7b36716897c0e281e1c8144727ba5d1,proc::music::val_unseen_generator::00028,ee20cb16ac79cf925d21fa10056d9c5c816f1ef2977f3d78580dbbc58922abe9,23714936,proc_music_spectral_block_unseen,val_unseen_generator,numpy_scipy_project_generator,NO,,,7.123000,16000,0.71719420,0.35841984,-0.00012096,0.00000000,
data/generated_v8/audio/val_unseen_generator/music/proc_music_val_unseen_generator_00029__spectral_block_unseen.wav,1,0,1,0,1,,proc_music_spectral_block_unseen,project_procedural_v8,procedural_v8,,proc_music_val_unseen_generator_00029,proc::music::val_unseen_generator::00029,LOCAL:tools/procedural_audio_v8.py,procedural-v8.1,PROJECT_AUTHORED_PROCEDURAL_OUTPUT_NO_EXTERNAL_ASSETS,YES,YES_PROJECT_OWNED,NO_EXTERNAL_RESTRICTION,procedural_v8,c4b4559de32d3025ac6fd838708b2c54e18bf145cea1f251559646804176c0c6,proc::music::val_unseen_generator::00029,b9181d7ef558a35bf53bfc7817238376711ac34ee4865886ab53387b210cfc3f,23714937,proc_music_spectral_block_unseen,val_unseen_generator,numpy_scipy_project_generator,NO,,,5.469000,16000,0.79946333,0.41457614,-0.00012869,0.00000000,
data/generated_v8/audio/train/mix/proc_mix_train_00000.wav,1,1,1,1,1,proc_train_speaker_66,proc_mix_additive_formant+additive_band,project_procedural_v8,procedural_v8,,proc_mix_train_00000,proc::mix::train::00000,LOCAL:tools/procedural_audio_v8.py,procedural-v8.1,PROJECT_AUTHORED_PROCEDURAL_OUTPUT_NO_EXTERNAL_ASSETS,YES,YES_PROJECT_OWNED,NO_EXTERNAL_RESTRICTION,procedural_v8,2dca3ed354945e935b18e9f7a4f67b894742a27ce239bd61d17c0deb46ca60f9,proc::mix::train::00000,1241ceec2482230e97844c1d2baddf8ea81630206f768a26afc70ffb16198984,23724908,proc_mix_additive_formant+additive_band,train,numpy_scipy_project_generator,NO,proc_mix_voice_train_00000,proc_mix_music_train_00000,3.437000,16000,0.91122049,0.20180930,-0.00000615,0.00000000,5.9555
data/generated_v8/audio/train/mix/proc_mix_train_00001.wav,1,1,1,1,1,proc_train_speaker_67,proc_mix_codec_phase+additive_band,project_procedural_v8,procedural_v8,,proc_mix_train_00001,proc::mix::train::00001,LOCAL:tools/procedural_audio_v8.py,procedural-v8.1,PROJECT_AUTHORED_PROCEDURAL_OUTPUT_NO_EXTERNAL_ASSETS,YES,YES_PROJECT_OWNED,NO_EXTERNAL_RESTRICTION,procedural_v8,75bacb1bd40dd729479542c1ba3afe6847b7057d193c470b6d8d8b6db439ce52,proc::mix::train::00001,f247a31c8c420a6a27bfcfda1a1c8a748b307fff23732ec43919904fe5baad03,23724909,proc_mix_codec_phase+additive_band,train,numpy_scipy_project_generator,NO,proc_mix_voice_train_00001,proc_mix_music_train_00001,4.494000,16000,0.80936766,0.21942158,-0.00002074,0.00000000,-3.5691
data/generated_v8/audio/train/mix/proc_mix_train_00002.wav,1,1,1,1,1,proc_train_speaker_68,proc_mix_additive_formant+subtractive_sequence,project_procedural_v8,procedural_v8,,proc_mix_train_00002,proc::mix::train::00002,LOCAL:tools/procedural_audio_v8.py,procedural-v8.1,PROJECT_AUTHORED_PROCEDURAL_OUTPUT_NO_EXTERNAL_ASSETS,YES,YES_PROJECT_OWNED,NO_EXTERNAL_RESTRICTION,procedural_v8,42d1f2a7d8780d7e07347e2bad56e4ef0f10d8942e2a8895eab23ddde01b9578,proc::mix::train::00002,9a4ac1b0e0c984ed82ebbfdb2306d48bac53bf0fc712bb31f306d20df71e608b,23724910,proc_mix_additive_formant+subtractive_sequence,train,numpy_scipy_project_generator,NO,proc_mix_voice_train_00002,proc_mix_music_train_00002,6.955000,16000,0.75294214,0.12838943,-0.00001447,0.00000000,-1.1826
data/generated_v8/audio/train/mix/proc_mix_train_00003.wav,1,1,1,1,1,proc_train_speaker_69,proc_mix_pulse_lpc+additive_band,project_procedural_v8,procedural_v8,,proc_mix_train_00003,proc::mix::train::00003,LOCAL:tools/procedural_audio_v8.py,procedural-v8.1,PROJECT_AUTHORED_PROCEDURAL_OUTPUT_NO_EXTERNAL_ASSETS,YES,YES_PROJECT_OWNED,NO_EXTERNAL_RESTRICTION,procedural_v8,ada3d45d67d5003b6fb57a069aec3b4c092e6cae7d5eb6eb30fde0b7b050ebb5,proc::mix::train::00003,1e7eaa2bf63b707431edb7f57875ab0f13122595f2498476ef44df5f1bc5b9d9,23724911,proc_mix_pulse_lpc+additive_band,train,numpy_scipy_project_generator,NO,proc_mix_voice_train_00003,proc_mix_music_train_00003,3.533000,16000,0.79992133,0.21488695,0.00005775,0.00000000,0.0367
data/generated_v8/audio/train/mix/proc_mix_train_00004.wav,1,1,1,1,1,proc_train_speaker_70,proc_mix_additive_formant+additive_band,project_procedural_v8,procedural_v8,,proc_mix_train_00004,proc::mix::train::00004,LOCAL:tools/procedural_audio_v8.py,procedural-v8.1,PROJECT_AUTHORED_PROCEDURAL_OUTPUT_NO_EXTERNAL_ASSETS,YES,YES_PROJECT_OWNED,NO_EXTERNAL_RESTRICTION,procedural_v8,792d17089f7f0a0a02b964a42d6ccb3138babda8aa4d954eccf72d91c4738b01,proc::mix::train::00004,3274359ef85f5bde802e3fcff4948b23850a7d97744fb209e38ef277fe03fdac,23724912,proc_mix_additive_formant+additive_band,train,numpy_scipy_project_generator,NO,proc_mix_voice_train_00004,proc_mix_music_train_00004,3.622000,16000,0.91004127,0.20604527,-0.00000317,0.00000000,6.9630
data/generated_v8/audio/train/mix/proc_mix_train_00005.wav,1,1,1,1,1,proc_train_speaker_71,proc_mix_codec_phase+fm_percussive,project_procedural_v8,procedural_v8,,proc_mix_train_00005,proc::mix::train::00005,LOCAL:tools/procedural_audio_v8.py,procedural-v8.1,PROJECT_AUTHORED_PROCEDURAL_OUTPUT_NO_EXTERNAL_ASSETS,YES,YES_PROJECT_OWNED,NO_EXTERNAL_RESTRICTION,procedural_v8,1c52308c5e70e9168adc9995186d51ba912f6d439fa4aabc72a28688309aef72,proc::mix::train::00005,02f6089daf899f9b54b674c9e0e9fe5e05c12195f84f1e9718c0199500b18a8f,23724913,proc_mix_codec_phase+fm_percussive,train,numpy_scipy_project_generator,NO,proc_mix_voice_train_00005,proc_mix_music_train_00005,4.794000,16000,0.87761950,0.18978237,-0.00001336,0.00000000,-2.0326
data/generated_v8/audio/train/mix/proc_mix_train_00006.wav,1,1,1,1,1,proc_train_speaker_72,proc_mix_codec_phase+fm_percussive,project_procedural_v8,procedural_v8,,proc_mix_train_00006,proc::mix::train::00006,LOCAL:tools/procedural_audio_v8.py,procedural-v8.1,PROJECT_AUTHORED_PROCEDURAL_OUTPUT_NO_EXTERNAL_ASSETS,YES,YES_PROJECT_OWNED,NO_EXTERNAL_RESTRICTION,procedural_v8,a8988509f2f0778cc77149b823a6dcb4cafcc23d4c54e8e9694c3e0b7e1d2917,proc::mix::train::00006,92813adfb2a996035539ddc934d777b30d1c00f4281a1265a677224c7e6a0268,23724914,proc_mix_codec_phase+fm_percussive,train,numpy_scipy_project_generator,NO,proc_mix_voice_train_00006,proc_mix_music_train_00006,5.841000,16000,0.91743821,0.22489511,-0.00001567,0.00000000,-5.4829
data/generated_v8/audio/train/mix/proc_mix_train_00007.wav,1,1,1,1,1,proc_train_speaker_73,proc_mix_additive_formant+additive_band,project_procedural_v8,procedural_v8,,proc_mix_train_00007,proc::mix::train::00007,LOCAL:tools/procedural_audio_v8.py,procedural-v8.1,PROJECT_AUTHORED_PROCEDURAL_OUTPUT_NO_EXTERNAL_ASSETS,YES,YES_PROJECT_OWNED,NO_EXTERNAL_RESTRICTION,procedural_v8,68f30271f361d3f27b5522fd4ad7781bfbe4b073e52b8c8213492901e9a53010,proc::mix::train::00007,6c72fa1886b03caf6b697df6fb2c7c64f832739b6d29be47bc1353bc0b5a6007,23724915,proc_mix_additive_formant+additive_band,train,numpy_scipy_project_generator,NO,proc_mix_voice_train_00007,proc_mix_music_train_00007,3.506000,16000,0.90261143,0.16343834,-0.00000341,0.00000000,6.2576
data/generated_v8/audio/train/mix/proc_mix_train_00008.wav,1,1,1,1,1,proc_train_speaker_74,proc_mix_pulse_lpc+fm_percussive,project_procedural_v8,procedural_v8,,proc_mix_train_00008,proc::mix::train::00008,LOCAL:tools/procedural_audio_v8.py,procedural-v8.1,PROJECT_AUTHORED_PROCEDURAL_OUTPUT_NO_EXTERNAL_ASSETS,YES,YES_PROJECT_OWNED,NO_EXTERNAL_RESTRICTION,procedural_v8,a72abf320f49740da2a9d02433f2496b0194aee08dd61882dc7ff533c4305ee9,proc::mix::train::00008,805d9ded637ae5b11027434e36cddc6f8cae8a554dded1ae9eb9f3b39d28469e,23724916,proc_mix_pulse_lpc+fm_percussive,train,numpy_scipy_project_generator,NO,proc_mix_voice_train_00008,proc_mix_music_train_00008,5.016000,16000,0.77359873,0.17559890,-0.00000092,0.00000000,-1.2193
data/generated_v8/audio/train/mix/proc_mix_train_00009.wav,1,1,1,1,1,proc_train_speaker_75,proc_mix_codec_phase+subtractive_sequence,project_procedural_v8,procedural_v8,,proc_mix_train_00009,proc::mix::train::00009,LOCAL:tools/procedural_audio_v8.py,procedural-v8.1,PROJECT_AUTHORED_PROCEDURAL_OUTPUT_NO_EXTERNAL_ASSETS,YES,YES_PROJECT_OWNED,NO_EXTERNAL_RESTRICTION,procedural_v8,6ad6da30878261433e2d01fb3a1a29e2c453af975b251320677cfae9f6c0a105,proc::mix::train::00009,8e1f8070df04002163c1de98a411afbd10c763fcbe0086170b720827e9db88e3,23724917,proc_mix_codec_phase+subtractive_sequence,train,numpy_scipy_project_generator,NO,proc_mix_voice_train_00009,proc_mix_music_train_00009,7.105000,16000,0.80573058,0.16906283,-0.00000906,0.00000000,1.1060
data/generated_v8/audio/train/mix/proc_mix_train_00010.wav,1,1,1,1,1,proc_train_speaker_76,proc_mix_pulse_lpc+fm_percussive,project_procedural_v8,procedural_v8,,proc_mix_train_00010,proc::mix::train::00010,LOCAL:tools/procedural_audio_v8.py,procedural-v8.1,PROJECT_AUTHORED_PROCEDURAL_OUTPUT_NO_EXTERNAL_ASSETS,YES,YES_PROJECT_OWNED,NO_EXTERNAL_RESTRICTION,procedural_v8,0eb012a351e7cc525758b2002faffd18b0811525563417e566ee73ca5dc6df02,proc::mix::train::00010,32f6a2ded3e8d0e041b7e75d28866fd8528a75e3a112f20def646e7fb8a4aa33,23724918,proc_mix_pulse_lpc+fm_percussive,train,numpy_scipy_project_generator,NO,proc_mix_voice_train_00010,proc_mix_music_train_00010,5.528000,16000,0.75684726,0.19895801,-0.00002244,0.00000000,-6.6879
data/generated_v8/audio/train/mix/proc_mix_train_00011.wav,1,1,1,1,1,proc_train_speaker_77,proc_mix_additive_formant+additive_band,project_procedural_v8,procedural_v8,,proc_mix_train_00011,proc::mix::train::00011,LOCAL:tools/procedural_audio_v8.py,procedural-v8.1,PROJECT_AUTHORED_PROCEDURAL_OUTPUT_NO_EXTERNAL_ASSETS,YES,YES_PROJECT_OWNED,NO_EXTERNAL_RESTRICTION,procedural_v8,c010fa7137203cc7d146ecc02f2669995e6a927243041de5448893231246821a,proc::mix::train::00011,4372fbe43077b672cc004035a767c61968fc5d862c5b9871b2db114a62a39c8d,23724919,proc_mix_additive_formant+additive_band,train,numpy_scipy_project_generator,NO,proc_mix_voice_train_00011,proc_mix_music_train_00011,4.217000,16000,0.83207059,0.18180309,-0.00001438,0.00000000,-6.4050
data/generated_v8/audio/train/mix/proc_mix_train_00012.wav,1,1,1,1,1,proc_train_speaker_78,proc_mix_codec_phase+fm_percussive,project_procedural_v8,procedural_v8,,proc_mix_train_00012,proc::mix::train::00012,LOCAL:tools/procedural_audio_v8.py,procedural-v8.1,PROJECT_AUTHORED_PROCEDURAL_OUTPUT_NO_EXTERNAL_ASSETS,YES,YES_PROJECT_OWNED,NO_EXTERNAL_RESTRICTION,procedural_v8,4855c260e1ff2a8fd3e70d4255529dce82e879e2a0799f88cdaff058fffee014,proc::mix::train::00012,98af555af9074f71f3f6f8c983cf449412c9ec1597019ff50468b07e12f40ee6,23724920,proc_mix_codec_phase+fm_percussive,train,numpy_scipy_project_generator,NO,proc_mix_voice_train_00012,proc_mix_music_train_00012,5.370000,16000,0.88345057,0.19463448,-0.00000367,0.00000000,1.0698
data/generated_v8/audio/train/mix/proc_mix_train_00013.wav,1,1,1,1,1,proc_train_speaker_79,proc_mix_codec_phase+subtractive_sequence,project_procedural_v8,procedural_v8,,proc_mix_train_00013,proc::mix::train::00013,LOCAL:tools/procedural_audio_v8.py,procedural-v8.1,PROJECT_AUTHORED_PROCEDURAL_OUTPUT_NO_EXTERNAL_ASSETS,YES,YES_PROJECT_OWNED,NO_EXTERNAL_RESTRICTION,procedural_v8,e25598daeca48debc3fd3245701e7abdee30ca3814db6bb9dc463c701eaed24e,proc::mix::train::00013,d9bec513932741a1f84c7a92ad00a92791058a4754634d80e1ba3a9454343ec5,23724921,proc_mix_codec_phase+subtractive_sequence,train,numpy_scipy_project_generator,NO,proc_mix_voice_train_00013,proc_mix_music_train_00013,6.610000,16000,0.81090248,0.19484005,-0.00001997,0.00000000,-5.9202
data/generated_v8/audio/train/mix/proc_mix_train_00014.wav,1,1,1,1,1,proc_train_speaker_80,proc_mix_pulse_lpc+fm_percussive,project_procedural_v8,procedural_v8,,proc_mix_train_00014,proc::mix::train::00014,LOCAL:tools/procedural_audio_v8.py,procedural-v8.1,PROJECT_AUTHORED_PROCEDURAL_OUTPUT_NO_EXTERNAL_ASSETS,YES,YES_PROJECT_OWNED,NO_EXTERNAL_RESTRICTION,procedural_v8,6c7430be90c49936937f2e4c86f7f5f5af848199f7f76d4ea57409e47d1d928d,proc::mix::train::00014,091060c1a28fe871d2fc81718e5cf2df4e523026e2524bdd01014b8a58a799b3,23724922,proc_mix_pulse_lpc+fm_percussive,train,numpy_scipy_project_generator,NO,proc_mix_voice_train_00014,proc_mix_music_train_00014,5.000000,16000,0.88728791,0.19059294,-0.00001527,0.00000000,-0.2037
data/generated_v8/audio/train/mix/proc_mix_train_00015.wav,1,1,1,1,1,proc_train_speaker_81,proc_mix_codec_phase+subtractive_sequence,project_procedural_v8,procedural_v8,,proc_mix_train_00015,proc::mix::train::00015,LOCAL:tools/procedural_audio_v8.py,procedural-v8.1,PROJECT_AUTHORED_PROCEDURAL_OUTPUT_NO_EXTERNAL_ASSETS,YES,YES_PROJECT_OWNED,NO_EXTERNAL_RESTRICTION,procedural_v8,72dcc7de46f681c1da395a27e8e2899360df88837d9436c9f2b16d59a7e11636,proc::mix::train::00015,e2cca9c9059f95d11ff3a65e6bd477665c7fb16da58962a164b86e6395672f1c,23724923,proc_mix_codec_phase+subtractive_sequence,train,numpy_scipy_project_generator,NO,proc_mix_voice_train_00015,proc_mix_music_train_00015,6.149000,16000,0.78625387,0.17118999,-0.00001115,0.00000000,-5.3071
data/generated_v8/audio/train/mix/proc_mix_train_00016.wav,1,1,1,1,1,proc_train_speaker_82,proc_mix_codec_phase+additive_band,project_procedural_v8,procedural_v8,,proc_mix_train_00016,proc::mix::train::00016,LOCAL:tools/procedural_audio_v8.py,procedural-v8.1,PROJECT_AUTHORED_PROCEDURAL_OUTPUT_NO_EXTERNAL_ASSETS,YES,YES_PROJECT_OWNED,NO_EXTERNAL_RESTRICTION,procedural_v8,4424bb66e947a7937a63015e3f38c0df35c22ad57b68ca863a46a110ba86c692,proc::mix::train::00016,24f96dcc74bd775fd8ab86ea339c4540acb794b6c8b9e861a3fd57562ddb5a1b,23724924,proc_mix_codec_phase+additive_band,train,numpy_scipy_project_generator,NO,proc_mix_voice_train_00016,proc_mix_music_train_00016,3.733000,16000,0.92865884,0.22969824,-0.00001233,0.00000000,-1.0759
data/generated_v8/audio/train/mix/proc_mix_train_00017.wav,1,1,1,1,1,proc_train_speaker_83,proc_mix_pulse_lpc+additive_band,project_procedural_v8,procedural_v8,,proc_mix_train_00017,proc::mix::train::00017,LOCAL:tools/procedural_audio_v8.py,procedural-v8.1,PROJECT_AUTHORED_PROCEDURAL_OUTPUT_NO_EXTERNAL_ASSETS,YES,YES_PROJECT_OWNED,NO_EXTERNAL_RESTRICTION,procedural_v8,e7e07ac653965ecb5e953c1dc7e9c2bdd03429c1729c31b906d780115a10bc02,proc::mix::train::00017,c97ecc052f18a9661b182cafc5afdda9cf1a059bfd82c51e14847920355dafe5,23724925,proc_mix_pulse_lpc+additive_band,train,numpy_scipy_project_generator,NO,proc_mix_voice_train_00017,proc_mix_music_train_00017,4.147000,16000,0.81217843,0.19393886,-0.00000353,0.00000000,3.0595
data/generated_v8/audio/train/mix/proc_mix_train_00018.wav,1,1,1,1,1,proc_train_speaker_84,proc_mix_additive_formant+fm_percussive,project_procedural_v8,procedural_v8,,proc_mix_train_00018,proc::mix::train::00018,LOCAL:tools/procedural_audio_v8.py,procedural-v8.1,PROJECT_AUTHORED_PROCEDURAL_OUTPUT_NO_EXTERNAL_ASSETS,YES,YES_PROJECT_OWNED,NO_EXTERNAL_RESTRICTION,procedural_v8,2e9e50961d795c6d82df19f321deaabc395b922cacd7b249cf19b2117fbebf18,proc::mix::train::00018,b93546d418f21ad849e23c8c902de3dcf15d0e7eaca184ffaee306c7cbc06490,23724926,proc_mix_additive_formant+fm_percussive,train,numpy_scipy_project_generator,NO,proc_mix_voice_train_00018,proc_mix_music_train_00018,4.902000,16000,0.78286940,0.18858793,-0.00001074,0.00000000,-6.6139
data/generated_v8/audio/train/mix/proc_mix_train_00019.wav,1,1,1,1,1,proc_train_speaker_85,proc_mix_codec_phase+additive_band,project_procedural_v8,procedural_v8,,proc_mix_train_00019,proc::mix::train::00019,LOCAL:tools/procedural_audio_v8.py,procedural-v8.1,PROJECT_AUTHORED_PROCEDURAL_OUTPUT_NO_EXTERNAL_ASSETS,YES,YES_PROJECT_OWNED,NO_EXTERNAL_RESTRICTION,procedural_v8,36b1dbec9906a97b641fe9f7da5d88fe135f54cd52d5fdbb6603834ca3253b35,proc::mix::train::00019,cfa0e0b453720c356104d96bbc8f29cb36a67f5282f28d254b923236480e052a,23724927,proc_mix_codec_phase+additive_band,train,numpy_scipy_project_generator,NO,proc_mix_voice_train_00019,proc_mix_music_train_00019,4.154000,16000,0.75225407,0.19910511,-0.00000786,0.00000000,-6.8889
data/generated_v8/audio/train/mix/proc_mix_train_00020.wav,1,1,1,1,1,proc_train_speaker_86,proc_mix_pulse_lpc+additive_band,project_procedural_v8,procedural_v8,,proc_mix_train_00020,proc::mix::train::00020,LOCAL:tools/procedural_audio_v8.py,procedural-v8.1,PROJECT_AUTHORED_PROCEDURAL_OUTPUT_NO_EXTERNAL_ASSETS,YES,YES_PROJECT_OWNED,NO_EXTERNAL_RESTRICTION,procedural_v8,a8cb72b8f588f56a9969e9492b655fc8912d16ecee79c09d4a5e51af0542f1f2,proc::mix::train::00020,4f38dce060883d125a8304124e35bb6917a93811eae9a5e6946aaa0b69d2d7d9,23724928,proc_mix_pulse_lpc+additive_band,train,numpy_scipy_project_generator,NO,proc_mix_voice_train_00020,proc_mix_music_train_00020,4.189000,16000,0.87187850,0.21264371,-0.00001397,0.00000000,3.1882
data/generated_v8/audio/train/mix/proc_mix_train_00021.wav,1,1,1,1,1,proc_train_speaker_87,proc_mix_codec_phase+fm_percussive,project_procedural_v8,procedural_v8,,proc_mix_train_00021,proc::mix::train::00021,LOCAL:tools/procedural_audio_v8.py,procedural-v8.1,PROJECT_AUTHORED_PROCEDURAL_OUTPUT_NO_EXTERNAL_ASSETS,YES,YES_PROJECT_OWNED,NO_EXTERNAL_RESTRICTION,procedural_v8,fe0213539e74c250a38f8d6826b59e824b656c31ea7bea43b8528a322a0fc4c4,proc::mix::train::00021,d92568e0bafb1bc17e720b9600e70892e0a5c706e7da2afb9fbfe19e3ee8c75a,23724929,proc_mix_codec_phase+fm_percussive,train,numpy_scipy_project_generator,NO,proc_mix_voice_train_00021,proc_mix_music_train_00021,5.306000,16000,0.74040967,0.14920161,-0.00001206,0.00000000,0.0454
data/generated_v8/audio/train/mix/proc_mix_train_00022.wav,1,1,1,1,1,proc_train_speaker_88,proc_mix_additive_formant+subtractive_sequence,project_procedural_v8,procedural_v8,,proc_mix_train_00022,proc::mix::train::00022,LOCAL:tools/procedural_audio_v8.py,procedural-v8.1,PROJECT_AUTHORED_PROCEDURAL_OUTPUT_NO_EXTERNAL_ASSETS,YES,YES_PROJECT_OWNED,NO_EXTERNAL_RESTRICTION,procedural_v8,ab306a9b83b6232cbd66bcd3b7af65cbceec1f3595a0576a82a0f96d4df41359,proc::mix::train::00022,40241e5ac52e1de312a2a5a998dfdffe6419d85805fba06928dadaeb57b5bded,23724930,proc_mix_additive_formant+subtractive_sequence,train,numpy_scipy_project_generator,NO,proc_mix_voice_train_00022,proc_mix_music_train_00022,6.321000,16000,0.78462702,0.16710961,-0.00000739,0.00000000,-2.7173
data/generated_v8/audio/train/mix/proc_mix_train_00023.wav,1,1,1,1,1,proc_train_speaker_89,proc_mix_pulse_lpc+subtractive_sequence,project_procedural_v8,procedural_v8,,proc_mix_train_00023,proc::mix::train::00023,LOCAL:tools/procedural_audio_v8.py,procedural-v8.1,PROJECT_AUTHORED_PROCEDURAL_OUTPUT_NO_EXTERNAL_ASSETS,YES,YES_PROJECT_OWNED,NO_EXTERNAL_RESTRICTION,procedural_v8,c54c55ab08fbaa9ad0ce3ee0b6bc28926977f0002c5780f7a8d2d1d0e4dba574,proc::mix::train::00023,367922d0f1c71c82b74043a607307376970cbc8c105105ea4a8c69b4242cb320,23724931,proc_mix_pulse_lpc+subtractive_sequence,train,numpy_scipy_project_generator,NO,proc_mix_voice_train_00023,proc_mix_music_train_00023,6.618000,16000,0.91224140,0.22179633,-0.00000502,0.00000000,4.4753
data/generated_v8/audio/train/mix/proc_mix_train_00024.wav,1,1,1,1,1,proc_train_speaker_90,proc_mix_pulse_lpc+fm_percussive,project_procedural_v8,procedural_v8,,proc_mix_train_00024,proc::mix::train::00024,LOCAL:tools/procedural_audio_v8.py,procedural-v8.1,PROJECT_AUTHORED_PROCEDURAL_OUTPUT_NO_EXTERNAL_ASSETS,YES,YES_PROJECT_OWNED,NO_EXTERNAL_RESTRICTION,procedural_v8,7d55d66206c699e7dac1afcca1a8eb0bf8feed8871ab2937fd69d3afd7a71603,proc::mix::train::00024,44de2c76c4f0f060a113ecbb1968d9379f467e5b115984198a03ad104b25a317,23724932,proc_mix_pulse_lpc+fm_percussive,train,numpy_scipy_project_generator,NO,proc_mix_voice_train_00024,proc_mix_music_train_00024,4.829000,16000,0.85025877,0.18980571,-0.00001950,0.00000000,-6.4857
data/generated_v8/audio/train/mix/proc_mix_train_00025.wav,1,1,1,1,1,proc_train_speaker_91,proc_mix_codec_phase+subtractive_sequence,project_procedural_v8,procedural_v8,,proc_mix_train_00025,proc::mix::train::00025,LOCAL:tools/procedural_audio_v8.py,procedural-v8.1,PROJECT_AUTHORED_PROCEDURAL_OUTPUT_NO_EXTERNAL_ASSETS,YES,YES_PROJECT_OWNED,NO_EXTERNAL_RESTRICTION,procedural_v8,a74f32e5e41e9c4fd0ef32e5d05d8b1c39e245c1e81550ae9371513877ab71a2,proc::mix::train::00025,0ae16f0a37d27b071bd1713c9ae6e1bc3bd1eefd31fdeba3a7fd1a27b5786319,23724933,proc_mix_codec_phase+subtractive_sequence,train,numpy_scipy_project_generator,NO,proc_mix_voice_train_00025,proc_mix_music_train_00025,6.131000,16000,0.89726627,0.18891163,-0.00000944,0.00000000,-3.5477
data/generated_v8/audio/train/mix/proc_mix_train_00026.wav,1,1,1,1,1,proc_train_speaker_92,proc_mix_pulse_lpc+fm_percussive,project_procedural_v8,procedural_v8,,proc_mix_train_00026,proc::mix::train::00026,LOCAL:tools/procedural_audio_v8.py,procedural-v8.1,PROJECT_AUTHORED_PROCEDURAL_OUTPUT_NO_EXTERNAL_ASSETS,YES,YES_PROJECT_OWNED,NO_EXTERNAL_RESTRICTION,procedural_v8,981bd371ba0e1d2b13018995f781ccf49b7783c09a8fb63ab63fbb3484d7c91a,proc::mix::train::00026,ea9d7344cc39c93706ce0ae8a141d1496f0d81ee77045f3af034a0f9bbacd485,23724934,proc_mix_pulse_lpc+fm_percussive,train,numpy_scipy_project_generator,NO,proc_mix_voice_train_00026,proc_mix_music_train_00026,5.704000,16000,0.92124480,0.25678130,-0.00000565,0.00000000,6.6568
data/generated_v8/audio/train/mix/proc_mix_train_00027.wav,1,1,1,1,1,proc_train_speaker_93,proc_mix_codec_phase+additive_band,project_procedural_v8,procedural_v8,,proc_mix_train_00027,proc::mix::train::00027,LOCAL:tools/procedural_audio_v8.py,procedural-v8.1,PROJECT_AUTHORED_PROCEDURAL_OUTPUT_NO_EXTERNAL_ASSETS,YES,YES_PROJECT_OWNED,NO_EXTERNAL_RESTRICTION,procedural_v8,36063145de25baacf4445aa6af1577cb0af8478769395797d78e2b97b7354fba,proc::mix::train::00027,edf710b51eb50e92a9f8cf1f469558aa995056c0803fd149114cafa3ed5cd890,23724935,proc_mix_codec_phase+additive_band,train,numpy_scipy_project_generator,NO,proc_mix_voice_train_00027,proc_mix_music_train_00027,4.352000,16000,0.78508037,0.24294083,-0.00000268,0.00000000,-4.6631
data/generated_v8/audio/train/mix/proc_mix_train_00028.wav,1,1,1,1,1,proc_train_speaker_94,proc_mix_additive_formant+additive_band,project_procedural_v8,procedural_v8,,proc_mix_train_00028,proc::mix::train::00028,LOCAL:tools/procedural_audio_v8.py,procedural-v8.1,PROJECT_AUTHORED_PROCEDURAL_OUTPUT_NO_EXTERNAL_ASSETS,YES,YES_PROJECT_OWNED,NO_EXTERNAL_RESTRICTION,procedural_v8,9615548c940021eac2207f9049ab08f2c4ad43a01fb64085d5c3f590ec92960e,proc::mix::train::00028,aad8351a1fe293aa817d1bd70770e210fb6445380276036174ee7e0a9b2c8126,23724936,proc_mix_additive_formant+additive_band,train,numpy_scipy_project_generator,NO,proc_mix_voice_train_00028,proc_mix_music_train_00028,3.649000,16000,0.85714132,0.17192254,-0.00000516,0.00000000,2.3360
data/generated_v8/audio/train/mix/proc_mix_train_00029.wav,1,1,1,1,1,proc_train_speaker_95,proc_mix_codec_phase+subtractive_sequence,project_procedural_v8,procedural_v8,,proc_mix_train_00029,proc::mix::train::00029,LOCAL:tools/procedural_audio_v8.py,procedural-v8.1,PROJECT_AUTHORED_PROCEDURAL_OUTPUT_NO_EXTERNAL_ASSETS,YES,YES_PROJECT_OWNED,NO_EXTERNAL_RESTRICTION,procedural_v8,ae03c132c19687ed6aa8d6872354dcc9bcbd96b84208c1c876b1fe48688a919f,proc::mix::train::00029,a3515b337bb94cac79c638e49eb5287af023cd92fc1d2cb26be2d494c087cd44,23724937,proc_mix_codec_phase+subtractive_sequence,train,numpy_scipy_project_generator,NO,proc_mix_voice_train_00029,proc_mix_music_train_00029,6.428000,16000,0.91839337,0.17318934,-0.00001185,0.00000000,-2.5876
data/generated_v8/audio/train/mix/proc_mix_train_00030.wav,1,1,1,1,1,proc_train_speaker_96,proc_mix_pulse_lpc+fm_percussive,project_procedural_v8,procedural_v8,,proc_mix_train_00030,proc::mix::train::00030,LOCAL:tools/procedural_audio_v8.py,procedural-v8.1,PROJECT_AUTHORED_PROCEDURAL_OUTPUT_NO_EXTERNAL_ASSETS,YES,YES_PROJECT_OWNED,NO_EXTERNAL_RESTRICTION,procedural_v8,55d7d75c356d8357d264e6bac996bec3e614438a46d1561d405cf8d3e9b82d75,proc::mix::train::00030,66c3e9117663de6816de956943aa6b36061807e109e6182a1918d945a48ca590,23724938,proc_mix_pulse_lpc+fm_percussive,train,numpy_scipy_project_generator,NO,proc_mix_voice_train_00030,proc_mix_music_train_00030,5.770000,16000,0.86575836,0.21360680,-0.00000877,0.00000000,3.5882
data/generated_v8/audio/train/mix/proc_mix_train_00031.wav,1,1,1,1,1,proc_train_speaker_00,proc_mix_pulse_lpc+subtractive_sequence,project_procedural_v8,procedural_v8,,proc_mix_train_00031,proc::mix::train::00031,LOCAL:tools/procedural_audio_v8.py,procedural-v8.1,PROJECT_AUTHORED_PROCEDURAL_OUTPUT_NO_EXTERNAL_ASSETS,YES,YES_PROJECT_OWNED,NO_EXTERNAL_RESTRICTION,procedural_v8,57283ff4c289ac6b579ea3ce981e3311eb540480b08930c1653341bc7bb426cb,proc::mix::train::00031,2a0f237af36a097c2034d5ded798b5b9901275c44132fe74ddfbf7c5ad590937,23724939,proc_mix_pulse_lpc+subtractive_sequence,train,numpy_scipy_project_generator,NO,proc_mix_voice_train_00031,proc_mix_music_train_00031,7.160000,16000,0.84711856,0.19497931,-0.00000715,0.00000000,2.7606
data/generated_v8/audio/train/mix/proc_mix_train_00032.wav,1,1,1,1,1,proc_train_speaker_01,proc_mix_pulse_lpc+fm_percussive,project_procedural_v8,procedural_v8,,proc_mix_train_00032,proc::mix::train::00032,LOCAL:tools/procedural_audio_v8.py,procedural-v8.1,PROJECT_AUTHORED_PROCEDURAL_OUTPUT_NO_EXTERNAL_ASSETS,YES,YES_PROJECT_OWNED,NO_EXTERNAL_RESTRICTION,procedural_v8,5b2fa07565edf28545e4df698aa001f2008687cdc7b1d8fc90bdec832dcb2370,proc::mix::train::00032,d33d6432c2de381c2fce1bd3e88755a514d64b220b09d11338a6a43ebcfd62df,23724940,proc_mix_pulse_lpc+fm_percussive,train,numpy_scipy_project_generator,NO,proc_mix_voice_train_00032,proc_mix_music_train_00032,5.619000,16000,0.74186391,0.19043504,-0.00000817,0.00000000,1.1118
data/generated_v8/audio/train/mix/proc_mix_train_00033.wav,1,1,1,1,1,proc_train_speaker_02,proc_mix_pulse_lpc+additive_band,project_procedural_v8,procedural_v8,,proc_mix_train_00033,proc::mix::train::00033,LOCAL:tools/procedural_audio_v8.py,procedural-v8.1,PROJECT_AUTHORED_PROCEDURAL_OUTPUT_NO_EXTERNAL_ASSETS,YES,YES_PROJECT_OWNED,NO_EXTERNAL_RESTRICTION,procedural_v8,41967f9814fd1219f1eef3af9c091f07e7baf553cef6921e9f84bd5337e915bd,proc::mix::train::00033,bf8060fbcb31cfe4d39b0c670c63171a5dadccfd69e69f0e25f4d245690789a6,23724941,proc_mix_pulse_lpc+additive_band,train,numpy_scipy_project_generator,NO,proc_mix_voice_train_00033,proc_mix_music_train_00033,4.289000,16000,0.74690908,0.18536658,-0.00000781,0.00000000,2.1287
data/generated_v8/audio/train/mix/proc_mix_train_00034.wav,1,1,1,1,1,proc_train_speaker_03,proc_mix_pulse_lpc+fm_percussive,project_procedural_v8,procedural_v8,,proc_mix_train_00034,proc::mix::train::00034,LOCAL:tools/procedural_audio_v8.py,procedural-v8.1,PROJECT_AUTHORED_PROCEDURAL_OUTPUT_NO_EXTERNAL_ASSETS,YES,YES_PROJECT_OWNED,NO_EXTERNAL_RESTRICTION,procedural_v8,a197da7fd93d1ccc0a3fa0fb7598fcb8d6f41caec86b83114ef097789bdbdc61,proc::mix::train::00034,49174f88b89b24adbb90d2d9f7a64155172d46ed6ab699b8431e610a7836167b,23724942,proc_mix_pulse_lpc+fm_percussive,train,numpy_scipy_project_generator,NO,proc_mix_voice_train_00034,proc_mix_music_train_00034,5.818000,16000,0.79763430,0.18556198,-0.00000756,0.00000000,1.6864
data/generated_v8/audio/train/mix/proc_mix_train_00035.wav,1,1,1,1,1,proc_train_speaker_04,proc_mix_pulse_lpc+fm_percussive,project_procedural_v8,procedural_v8,,proc_mix_train_00035,proc::mix::train::00035,LOCAL:tools/procedural_audio_v8.py,procedural-v8.1,PROJECT_AUTHORED_PROCEDURAL_OUTPUT_NO_EXTERNAL_ASSETS,YES,YES_PROJECT_OWNED,NO_EXTERNAL_RESTRICTION,procedural_v8,0381a1c314fcb166561dfea5156a2ec60f62de35a7ce89d7ba56551d598e96f2,proc::mix::train::00035,0f491b81da2ed6377ea3a752e8a1987ed0f77185b3444ce5f3f92b4a129cb749,23724943,proc_mix_pulse_lpc+fm_percussive,train,numpy_scipy_project_generator,NO,proc_mix_voice_train_00035,proc_mix_music_train_00035,5.700000,16000,0.78306782,0.18864564,-0.00000777,0.00000000,-1.6948
data/generated_v8/audio/train/mix/proc_mix_train_00036.wav,1,1,1,1,1,proc_train_speaker_05,proc_mix_codec_phase+additive_band,project_procedural_v8,procedural_v8,,proc_mix_train_00036,proc::mix::train::00036,LOCAL:tools/procedural_audio_v8.py,procedural-v8.1,PROJECT_AUTHORED_PROCEDURAL_OUTPUT_NO_EXTERNAL_ASSETS,YES,YES_PROJECT_OWNED,NO_EXTERNAL_RESTRICTION,procedural_v8,59ddebd8928df420151f246c1904991958cf912a1948b2698ca665d77b2a7c53,proc::mix::train::00036,20e533ed969f53093fd23d34500c772c6d5cd8d0e9ef63253cead97731788b44,23724944,proc_mix_codec_phase+additive_band,train,numpy_scipy_project_generator,NO,proc_mix_voice_train_00036,proc_mix_music_train_00036,4.481000,16000,0.86880863,0.21459716,-0.00000619,0.00000000,2.8769
data/generated_v8/audio/train/mix/proc_mix_train_00037.wav,1,1,1,1,1,proc_train_speaker_06,proc_mix_codec_phase+fm_percussive,project_procedural_v8,procedural_v8,,proc_mix_train_00037,proc::mix::train::00037,LOCAL:tools/procedural_audio_v8.py,procedural-v8.1,PROJECT_AUTHORED_PROCEDURAL_OUTPUT_NO_EXTERNAL_ASSETS,YES,YES_PROJECT_OWNED,NO_EXTERNAL_RESTRICTION,procedural_v8,3dfa3e949a3283e059ed266abbb0f35199cee0e28d9f5685c38718661290b9d0,proc::mix::train::00037,43725c3534218486065762d7557f76326704c3e6429f1e9da2e255c6c69f09b7,23724945,proc_mix_codec_phase+fm_percussive,train,numpy_scipy_project_generator,NO,proc_mix_voice_train_00037,proc_mix_music_train_00037,5.195000,16000,0.90629596,0.25872876,-0.00001538,0.00000000,0.2060
data/generated_v8/audio/train/mix/proc_mix_train_00038.wav,1,1,1,1,1,proc_train_speaker_07,proc_mix_pulse_lpc+subtractive_sequence,project_procedural_v8,procedural_v8,,proc_mix_train_00038,proc::mix::train::00038,LOCAL:tools/procedural_audio_v8.py,procedural-v8.1,PROJECT_AUTHORED_PROCEDURAL_OUTPUT_NO_EXTERNAL_ASSETS,YES,YES_PROJECT_OWNED,NO_EXTERNAL_RESTRICTION,procedural_v8,40ccea03bcd5dece3e8e900f445202de23b7d4ffc005e6cd222ec13614999a16,proc::mix::train::00038,dd66c6677e549a7bbb3193e05f5ec3f5c46bfe9659f750f18d64882839e20e83,23724946,proc_mix_pulse_lpc+subtractive_sequence,train,numpy_scipy_project_generator,NO,proc_mix_voice_train_00038,proc_mix_music_train_00038,6.135000,16000,0.90614074,0.15217878,-0.00000632,0.00000000,0.0443
data/generated_v8/audio/train/mix/proc_mix_train_00039.wav,1,1,1,1,1,proc_train_speaker_08,proc_mix_codec_phase+subtractive_sequence,project_procedural_v8,procedural_v8,,proc_mix_train_00039,proc::mix::train::00039,LOCAL:tools/procedural_audio_v8.py,procedural-v8.1,PROJECT_AUTHORED_PROCEDURAL_OUTPUT_NO_EXTERNAL_ASSETS,YES,YES_PROJECT_OWNED,NO_EXTERNAL_RESTRICTION,procedural_v8,1e2b2b2c58798041a575cfb318265e7acab7c673994a8d1953db0aaf78242094,proc::mix::train::00039,837eb24f823f533c57e09e9d4bd570c74931517a2acf5a58c2b126303928cbeb,23724947,proc_mix_codec_phase+subtractive_sequence,train,numpy_scipy_project_generator,NO,proc_mix_voice_train_00039,proc_mix_music_train_00039,7.163000,16000,0.82780385,0.15010306,-0.00000858,0.00000000,-4.2093
data/generated_v8/audio/train/mix/proc_mix_train_00040.wav,1,1,1,1,1,proc_train_speaker_09,proc_mix_additive_formant+subtractive_sequence,project_procedural_v8,procedural_v8,,proc_mix_train_00040,proc::mix::train::00040,LOCAL:tools/procedural_audio_v8.py,procedural-v8.1,PROJECT_AUTHORED_PROCEDURAL_OUTPUT_NO_EXTERNAL_ASSETS,YES,YES_PROJECT_OWNED,NO_EXTERNAL_RESTRICTION,procedural_v8,565c26345a9bce342025d407947811ed99f902c3707c4936779e640b57fd69d6,proc::mix::train::00040,1b968f5d40aa8a0062e0b8705f2252745ece230001310cd60c28fda6fe5c5ed8,23724948,proc_mix_additive_formant+subtractive_sequence,train,numpy_scipy_project_generator,NO,proc_mix_voice_train_00040,proc_mix_music_train_00040,7.030000,16000,0.83038706,0.13123189,-0.00000286,0.00000000,6.7413
data/generated_v8/audio/train/mix/proc_mix_train_00041.wav,1,1,1,1,1,proc_train_speaker_10,proc_mix_additive_formant+additive_band,project_procedural_v8,procedural_v8,,proc_mix_train_00041,proc::mix::train::00041,LOCAL:tools/procedural_audio_v8.py,procedural-v8.1,PROJECT_AUTHORED_PROCEDURAL_OUTPUT_NO_EXTERNAL_ASSETS,YES,YES_PROJECT_OWNED,NO_EXTERNAL_RESTRICTION,procedural_v8,4bbe2c0b841b6e87e81262c3f9e947b734361e1bfae43421902f585deda32bd7,proc::mix::train::00041,02eeb2537b547ef374c86e385f71676f1d753a1356b49ea798795e1dbbd514da,23724949,proc_mix_additive_formant+additive_band,train,numpy_scipy_project_generator,NO,proc_mix_voice_train_00041,proc_mix_music_train_00041,4.474000,16000,0.84576887,0.12077900,-0.00000894,0.00000000,0.8266
data/generated_v8/audio/train/mix/proc_mix_train_00042.wav,1,1,1,1,1,proc_train_speaker_11,proc_mix_additive_formant+fm_percussive,project_procedural_v8,procedural_v8,,proc_mix_train_00042,proc::mix::train::00042,LOCAL:tools/procedural_audio_v8.py,procedural-v8.1,PROJECT_AUTHORED_PROCEDURAL_OUTPUT_NO_EXTERNAL_ASSETS,YES,YES_PROJECT_OWNED,NO_EXTERNAL_RESTRICTION,procedural_v8,c576894058c27303c200e57d6487ebf0d57ee927c6a9bdbd1654c2b1290dbacd,proc::mix::train::00042,a946360508243694a2d745b225f7429180f2ca318add56681be6880d1a24fc15,23724950,proc_mix_additive_formant+fm_percussive,train,numpy_scipy_project_generator,NO,proc_mix_voice_train_00042,proc_mix_music_train_00042,4.764000,16000,0.85059839,0.18873715,-0.00000226,0.00000000,6.0589
data/generated_v8/audio/train/mix/proc_mix_train_00043.wav,1,1,1,1,1,proc_train_speaker_12,proc_mix_codec_phase+fm_percussive,project_procedural_v8,procedural_v8,,proc_mix_train_00043,proc::mix::train::00043,LOCAL:tools/procedural_audio_v8.py,procedural-v8.1,PROJECT_AUTHORED_PROCEDURAL_OUTPUT_NO_EXTERNAL_ASSETS,YES,YES_PROJECT_OWNED,NO_EXTERNAL_RESTRICTION,procedural_v8,aaf6cff849bd67ab6007075728bc7675f72075df37174d66dc074ad4541dadd3,proc::mix::train::00043,e9a4344e8c3b0c0484eca92043827c163f12a99d7d9348b7c1a19d9bcad029b1,23724951,proc_mix_codec_phase+fm_percussive,train,numpy_scipy_project_generator,NO,proc_mix_voice_train_00043,proc_mix_music_train_00043,4.894000,16000,0.92733729,0.22458218,0.00000251,0.00000000,2.1161
data/generated_v8/audio/train/mix/proc_mix_train_00044.wav,1,1,1,1,1,proc_train_speaker_13,proc_mix_pulse_lpc+subtractive_sequence,project_procedural_v8,procedural_v8,,proc_mix_train_00044,proc::mix::train::00044,LOCAL:tools/procedural_audio_v8.py,procedural-v8.1,PROJECT_AUTHORED_PROCEDURAL_OUTPUT_NO_EXTERNAL_ASSETS,YES,YES_PROJECT_OWNED,NO_EXTERNAL_RESTRICTION,procedural_v8,eed1b7f25f26009a53499ed754968543d2540207dbbaf39d799f0747edf95695,proc::mix::train::00044,df4213db41ea98a9cc80874251cba17becf76e5bdb35f67e4202d08414558af7,23724952,proc_mix_pulse_lpc+subtractive_sequence,train,numpy_scipy_project_generator,NO,proc_mix_voice_train_00044,proc_mix_music_train_00044,6.776000,16000,0.82794327,0.16662415,-0.00001411,0.00000000,-1.9717
data/generated_v8/audio/train/mix/proc_mix_train_00045.wav,1,1,1,1,1,proc_train_speaker_14,proc_mix_additive_formant+subtractive_sequence,project_procedural_v8,procedural_v8,,proc_mix_train_00045,proc::mix::train::00045,LOCAL:tools/procedural_audio_v8.py,procedural-v8.1,PROJECT_AUTHORED_PROCEDURAL_OUTPUT_NO_EXTERNAL_ASSETS,YES,YES_PROJECT_OWNED,NO_EXTERNAL_RESTRICTION,procedural_v8,be8c56ff9667e9932b4d5489599fbcbcf365ed157360423ac8053249d2662efe,proc::mix::train::00045,900531bb4ae7f23207639ec4c2ddf9d366fd877e0fb509eae40adfeb46905ce8,23724953,proc_mix_additive_formant+subtractive_sequence,train,numpy_scipy_project_generator,NO,proc_mix_voice_train_00045,proc_mix_music_train_00045,5.987000,16000,0.74278998,0.15791911,0.00000479,0.00000000,-2.5543
data/generated_v8/audio/train/mix/proc_mix_train_00046.wav,1,1,1,1,1,proc_train_speaker_15,proc_mix_additive_formant+fm_percussive,project_procedural_v8,procedural_v8,,proc_mix_train_00046,proc::mix::train::00046,LOCAL:tools/procedural_audio_v8.py,procedural-v8.1,PROJECT_AUTHORED_PROCEDURAL_OUTPUT_NO_EXTERNAL_ASSETS,YES,YES_PROJECT_OWNED,NO_EXTERNAL_RESTRICTION,procedural_v8,481e52ea999b48350769963cf9a0c7311dd50300053904e8e2dadcc2563af823,proc::mix::train::00046,9d23a36a31590c92050e9c1222c542a179c57abf3f3e12d46d5637d07831c540,23724954,proc_mix_additive_formant+fm_percussive,train,numpy_scipy_project_generator,NO,proc_mix_voice_train_00046,proc_mix_music_train_00046,4.937000,16000,0.82579011,0.17030085,-0.00000645,0.00000000,1.1460
data/generated_v8/audio/train/mix/proc_mix_train_00047.wav,1,1,1,1,1,proc_train_speaker_16,proc_mix_codec_phase+fm_percussive,project_procedural_v8,procedural_v8,,proc_mix_train_00047,proc::mix::train::00047,LOCAL:tools/procedural_audio_v8.py,procedural-v8.1,PROJECT_AUTHORED_PROCEDURAL_OUTPUT_NO_EXTERNAL_ASSETS,YES,YES_PROJECT_OWNED,NO_EXTERNAL_RESTRICTION,procedural_v8,3a715b57860c9773295b220cd8e1416f89ee56bc0fbe9ea71b35c44deeb366cf,proc::mix::train::00047,13abfd4e46084cdb0d75364afc5abea61758f44832b5352e16f5d79dc2e9238f,23724955,proc_mix_codec_phase+fm_percussive,train,numpy_scipy_project_generator,NO,proc_mix_voice_train_00047,proc_mix_music_train_00047,4.998000,16000,0.78050888,0.18823366,-0.00000521,0.00000000,3.7026
data/generated_v8/audio/train/mix/proc_mix_train_00048.wav,1,1,1,1,1,proc_train_speaker_17,proc_mix_additive_formant+additive_band,project_procedural_v8,procedural_v8,,proc_mix_train_00048,proc::mix::train::00048,LOCAL:tools/procedural_audio_v8.py,procedural-v8.1,PROJECT_AUTHORED_PROCEDURAL_OUTPUT_NO_EXTERNAL_ASSETS,YES,YES_PROJECT_OWNED,NO_EXTERNAL_RESTRICTION,procedural_v8,6c23d87cb58c5b81e0b77cf6464e86eb4eb59252d5f7d51a9a4afe602afd576f,proc::mix::train::00048,b0b831ecedc1525a3ff9e21c67ed846cf02e05729629aec3ee84ce9b2264197c,23724956,proc_mix_additive_formant+additive_band,train,numpy_scipy_project_generator,NO,proc_mix_voice_train_00048,proc_mix_music_train_00048,4.553000,16000,0.91853452,0.18879168,-0.00001023,0.00000000,0.3979
data/generated_v8/audio/train/mix/proc_mix_train_00049.wav,1,1,1,1,1,proc_train_speaker_18,proc_mix_pulse_lpc+subtractive_sequence,project_procedural_v8,procedural_v8,,proc_mix_train_00049,proc::mix::train::00049,LOCAL:tools/procedural_audio_v8.py,procedural-v8.1,PROJECT_AUTHORED_PROCEDURAL_OUTPUT_NO_EXTERNAL_ASSETS,YES,YES_PROJECT_OWNED,NO_EXTERNAL_RESTRICTION,procedural_v8,0d49ce85ffacc5a9e0934c97ceb9062882472c92242ea57373da89d5a4bc389f,proc::mix::train::00049,2148a1d8eb6b79c9930d4fefb1bf34f1aa1fecd23d8aa39bd98997f99e8b6755,23724957,proc_mix_pulse_lpc+subtractive_sequence,train,numpy_scipy_project_generator,NO,proc_mix_voice_train_00049,proc_mix_music_train_00049,6.635000,16000,0.82254678,0.19268428,-0.00001305,0.00000000,2.4617
data/generated_v8/audio/train/mix/proc_mix_train_00050.wav,1,1,1,1,1,proc_train_speaker_19,proc_mix_additive_formant+fm_percussive,project_procedural_v8,procedural_v8,,proc_mix_train_00050,proc::mix::train::00050,LOCAL:tools/procedural_audio_v8.py,procedural-v8.1,PROJECT_AUTHORED_PROCEDURAL_OUTPUT_NO_EXTERNAL_ASSETS,YES,YES_PROJECT_OWNED,NO_EXTERNAL_RESTRICTION,procedural_v8,e4deb5036d1f202973b268523c79497a59ac177cd4a0d3c5879e4662ea35096b,proc::mix::train::00050,20669716c9ee25ad1c3c7cec30378c38e961f65c95bb99eb4ab66d1273bf4c64,23724958,proc_mix_additive_formant+fm_percussive,train,numpy_scipy_project_generator,NO,proc_mix_voice_train_00050,proc_mix_music_train_00050,5.778000,16000,0.91114658,0.21056867,-0.00000638,0.00000000,1.9377
data/generated_v8/audio/train/mix/proc_mix_train_00051.wav,1,1,1,1,1,proc_train_speaker_20,proc_mix_pulse_lpc+subtractive_sequence,project_procedural_v8,procedural_v8,,proc_mix_train_00051,proc::mix::train::00051,LOCAL:tools/procedural_audio_v8.py,procedural-v8.1,PROJECT_AUTHORED_PROCEDURAL_OUTPUT_NO_EXTERNAL_ASSETS,YES,YES_PROJECT_OWNED,NO_EXTERNAL_RESTRICTION,procedural_v8,ba1dc980e9555959f5640869eff563b408a5a21defc525f1575e4aecf3fc4832,proc::mix::train::00051,3b300d43fa8bbe261a7f362dcb7841ea9250453f67975012f9e3aa00137d566c,23724959,proc_mix_pulse_lpc+subtractive_sequence,train,numpy_scipy_project_generator,NO,proc_mix_voice_train_00051,proc_mix_music_train_00051,6.677000,16000,0.92994922,0.22357005,-0.00000657,0.00000000,5.1860
data/generated_v8/audio/train/mix/proc_mix_train_00052.wav,1,1,1,1,1,proc_train_speaker_21,proc_mix_additive_formant+additive_band,project_procedural_v8,procedural_v8,,proc_mix_train_00052,proc::mix::train::00052,LOCAL:tools/procedural_audio_v8.py,procedural-v8.1,PROJECT_AUTHORED_PROCEDURAL_OUTPUT_NO_EXTERNAL_ASSETS,YES,YES_PROJECT_OWNED,NO_EXTERNAL_RESTRICTION,procedural_v8,23af4715f345a4c82a7692b2d21614581a71a84bdac05f0f1caa0c4b8e5a3d3e,proc::mix::train::00052,80b5f88fd98ec4e7c0714583198acb8732fcbec762450f571e0f8c08d516cd78,23724960,proc_mix_additive_formant+additive_band,train,numpy_scipy_project_generator,NO,proc_mix_voice_train_00052,proc_mix_music_train_00052,4.037000,16000,0.76674569,0.16591164,-0.00000814,0.00000000,5.8142
data/generated_v8/audio/train/mix/proc_mix_train_00053.wav,1,1,1,1,1,proc_train_speaker_22,proc_mix_codec_phase+fm_percussive,project_procedural_v8,procedural_v8,,proc_mix_train_00053,proc::mix::train::00053,LOCAL:tools/procedural_audio_v8.py,procedural-v8.1,PROJECT_AUTHORED_PROCEDURAL_OUTPUT_NO_EXTERNAL_ASSETS,YES,YES_PROJECT_OWNED,NO_EXTERNAL_RESTRICTION,procedural_v8,30237cda7d7d646cf70ec9912fda7761c103eeb7112ce5f88ecc941ffdc89f83,proc::mix::train::00053,ca533242a4f1d5f9b87bb8d27c170854b95850d5678530bfaae922f26ed8468f,23724961,proc_mix_codec_phase+fm_percussive,train,numpy_scipy_project_generator,NO,proc_mix_voice_train_00053,proc_mix_music_train_00053,4.997000,16000,0.78211707,0.17726562,-0.00001697,0.00000000,1.8069
data/generated_v8/audio/train/mix/proc_mix_train_00054.wav,1,1,1,1,1,proc_train_speaker_23,proc_mix_codec_phase+subtractive_sequence,project_procedural_v8,procedural_v8,,proc_mix_train_00054,proc::mix::train::00054,LOCAL:tools/procedural_audio_v8.py,procedural-v8.1,PROJECT_AUTHORED_PROCEDURAL_OUTPUT_NO_EXTERNAL_ASSETS,YES,YES_PROJECT_OWNED,NO_EXTERNAL_RESTRICTION,procedural_v8,15a5357adb576d2ef68b979f6ea04d9c48c0ec8bff9b6e46b2942ed0c136e088,proc::mix::train::00054,f1b7ffab7a8b1305f091a9d366a5ab254a7057b8f285658904725d3102d39f23,23724962,proc_mix_codec_phase+subtractive_sequence,train,numpy_scipy_project_generator,NO,proc_mix_voice_train_00054,proc_mix_music_train_00054,6.951000,16000,0.88518965,0.17551861,-0.00000514,0.00000000,3.2012
data/generated_v8/audio/train/mix/proc_mix_train_00055.wav,1,1,1,1,1,proc_train_speaker_24,proc_mix_pulse_lpc+fm_percussive,project_procedural_v8,procedural_v8,,proc_mix_train_00055,proc::mix::train::00055,LOCAL:tools/procedural_audio_v8.py,procedural-v8.1,PROJECT_AUTHORED_PROCEDURAL_OUTPUT_NO_EXTERNAL_ASSETS,YES,YES_PROJECT_OWNED,NO_EXTERNAL_RESTRICTION,procedural_v8,659af47f9db67fcd0b1cea481db5d924443c15312e24c4e30e465197b802a6d9,proc::mix::train::00055,23914d790d54f4d761fdd691b9dc13375d24056c328fb94b0340c07d127b6529,23724963,proc_mix_pulse_lpc+fm_percussive,train,numpy_scipy_project_generator,NO,proc_mix_voice_train_00055,proc_mix_music_train_00055,5.085000,16000,0.80367464,0.18574734,-0.00001709,0.00000000,3.0835
data/generated_v8/audio/train/mix/proc_mix_train_00056.wav,1,1,1,1,1,proc_train_speaker_25,proc_mix_pulse_lpc+subtractive_sequence,project_procedural_v8,procedural_v8,,proc_mix_train_00056,proc::mix::train::00056,LOCAL:tools/procedural_audio_v8.py,procedural-v8.1,PROJECT_AUTHORED_PROCEDURAL_OUTPUT_NO_EXTERNAL_ASSETS,YES,YES_PROJECT_OWNED,NO_EXTERNAL_RESTRICTION,procedural_v8,c0b8637ade45152bfba5aa4ef212da435638be3191c90e724ffa08bbabbbe417,proc::mix::train::00056,2bcaf665f2a34314a34954adee1ce7c8460c38351dc4b561db69b19d1dd67158,23724964,proc_mix_pulse_lpc+subtractive_sequence,train,numpy_scipy_project_generator,NO,proc_mix_voice_train_00056,proc_mix_music_train_00056,5.949000,16000,0.89357793,0.19883852,-0.00001593,0.00000000,-4.5575
data/generated_v8/audio/train/mix/proc_mix_train_00057.wav,1,1,1,1,1,proc_train_speaker_26,proc_mix_codec_phase+subtractive_sequence,project_procedural_v8,procedural_v8,,proc_mix_train_00057,proc::mix::train::00057,LOCAL:tools/procedural_audio_v8.py,procedural-v8.1,PROJECT_AUTHORED_PROCEDURAL_OUTPUT_NO_EXTERNAL_ASSETS,YES,YES_PROJECT_OWNED,NO_EXTERNAL_RESTRICTION,procedural_v8,2a7ab2fe9f510ac9a952e7d9d5c2be8259d0b9db7c7d34bb77f1cb18ded10c7c,proc::mix::train::00057,225b184a6455ba229228607c4c5b6f5f80bcb84b4fb4a9e0268abcde47d45877,23724965,proc_mix_codec_phase+subtractive_sequence,train,numpy_scipy_project_generator,NO,proc_mix_voice_train_00057,proc_mix_music_train_00057,5.934000,16000,0.91948843,0.21303868,-0.00002029,0.00000000,-6.4272
data/generated_v8/audio/train/mix/proc_mix_train_00058.wav,1,1,1,1,1,proc_train_speaker_27,proc_mix_pulse_lpc+subtractive_sequence,project_procedural_v8,procedural_v8,,proc_mix_train_00058,proc::mix::train::00058,LOCAL:tools/procedural_audio_v8.py,procedural-v8.1,PROJECT_AUTHORED_PROCEDURAL_OUTPUT_NO_EXTERNAL_ASSETS,YES,YES_PROJECT_OWNED,NO_EXTERNAL_RESTRICTION,procedural_v8,e9e74a9789903201e169c225fe1202ec265806e88d4509c832110a7a290acbc3,proc::mix::train::00058,6e55ad0cf640b63c493e5610e92ea48d21b64836af04f1d4642938ea7816a8bb,23724966,proc_mix_pulse_lpc+subtractive_sequence,train,numpy_scipy_project_generator,NO,proc_mix_voice_train_00058,proc_mix_music_train_00058,6.959000,16000,0.77478725,0.16221780,-0.00000566,0.00000000,-0.7857
data/generated_v8/audio/train/mix/proc_mix_train_00059.wav,1,1,1,1,1,proc_train_speaker_28,proc_mix_pulse_lpc+fm_percussive,project_procedural_v8,procedural_v8,,proc_mix_train_00059,proc::mix::train::00059,LOCAL:tools/procedural_audio_v8.py,procedural-v8.1,PROJECT_AUTHORED_PROCEDURAL_OUTPUT_NO_EXTERNAL_ASSETS,YES,YES_PROJECT_OWNED,NO_EXTERNAL_RESTRICTION,procedural_v8,a8f5baa5b228e80646caf173dc542343fa2cb65e0319aa13bb83976fbb2c2e67,proc::mix::train::00059,920f009f21ae16d13ee870418a8ad5295e04c1962e6b143e76913e1f6c68e54e,23724967,proc_mix_pulse_lpc+fm_percussive,train,numpy_scipy_project_generator,NO,proc_mix_voice_train_00059,proc_mix_music_train_00059,5.869000,16000,0.76920855,0.16383767,-0.00001310,0.00000000,-3.8176
data/generated_v8/audio/train/mix/proc_mix_train_00060.wav,1,1,1,1,1,proc_train_speaker_29,proc_mix_pulse_lpc+subtractive_sequence,project_procedural_v8,procedural_v8,,proc_mix_train_00060,proc::mix::train::00060,LOCAL:tools/procedural_audio_v8.py,procedural-v8.1,PROJECT_AUTHORED_PROCEDURAL_OUTPUT_NO_EXTERNAL_ASSETS,YES,YES_PROJECT_OWNED,NO_EXTERNAL_RESTRICTION,procedural_v8,1a563aa0eb623a609135e7f94908698abf95bce9719b921d5492a74defaab31d,proc::mix::train::00060,df7a043020a00ed65a53589fba42618d7490ff9d5e5d9babfa2afc47e558514d,23724968,proc_mix_pulse_lpc+subtractive_sequence,train,numpy_scipy_project_generator,NO,proc_mix_voice_train_00060,proc_mix_music_train_00060,6.371000,16000,0.79118699,0.21280122,0.00001783,0.00000000,4.1321
data/generated_v8/audio/train/mix/proc_mix_train_00061.wav,1,1,1,1,1,proc_train_speaker_30,proc_mix_pulse_lpc+subtractive_sequence,project_procedural_v8,procedural_v8,,proc_mix_train_00061,proc::mix::train::00061,LOCAL:tools/procedural_audio_v8.py,procedural-v8.1,PROJECT_AUTHORED_PROCEDURAL_OUTPUT_NO_EXTERNAL_ASSETS,YES,YES_PROJECT_OWNED,NO_EXTERNAL_RESTRICTION,procedural_v8,1d17bfdfc30a8f8256caa67db6e256c489650475aafb3281bc7831ed851abf78,proc::mix::train::00061,40f66ba1b10a373de1ce2068b1d4da6d12f8a3e6b196c434221aae9a3e34856b,23724969,proc_mix_pulse_lpc+subtractive_sequence,train,numpy_scipy_project_generator,NO,proc_mix_voice_train_00061,proc_mix_music_train_00061,7.098000,16000,0.79872435,0.16895554,-0.00000004,0.00000000,-6.5855
data/generated_v8/audio/train/mix/proc_mix_train_00062.wav,1,1,1,1,1,proc_train_speaker_31,proc_mix_codec_phase+fm_percussive,project_procedural_v8,procedural_v8,,proc_mix_train_00062,proc::mix::train::00062,LOCAL:tools/procedural_audio_v8.py,procedural-v8.1,PROJECT_AUTHORED_PROCEDURAL_OUTPUT_NO_EXTERNAL_ASSETS,YES,YES_PROJECT_OWNED,NO_EXTERNAL_RESTRICTION,procedural_v8,bc12912a0d9e05283be5378408ef3561e10d4ace5f17864c41fe802690c334d2,proc::mix::train::00062,8143bd3267ac13f28e5e361567b35ecfdd3120158dc0b8bfd72cde367153114f,23724970,proc_mix_codec_phase+fm_percussive,train,numpy_scipy_project_generator,NO,proc_mix_voice_train_00062,proc_mix_music_train_00062,5.712000,16000,0.83323216,0.18116442,-0.00000669,0.00000000,4.0319
data/generated_v8/audio/train/mix/proc_mix_train_00063.wav,1,1,1,1,1,proc_train_speaker_32,proc_mix_codec_phase+subtractive_sequence,project_procedural_v8,procedural_v8,,proc_mix_train_00063,proc::mix::train::00063,LOCAL:tools/procedural_audio_v8.py,procedural-v8.1,PROJECT_AUTHORED_PROCEDURAL_OUTPUT_NO_EXTERNAL_ASSETS,YES,YES_PROJECT_OWNED,NO_EXTERNAL_RESTRICTION,procedural_v8,c26d50ab966709a581f840439a835d1bc29910ac5aa48d2e8a16697cecc1fd9f,proc::mix::train::00063,5e8953e95f2a13fedb1a5efc0c63a8ccf50216982f7c4be9b09d3d19f7e7a538,23724971,proc_mix_codec_phase+subtractive_sequence,train,numpy_scipy_project_generator,NO,proc_mix_voice_train_00063,proc_mix_music_train_00063,6.858000,16000,0.84664190,0.19379315,-0.00000612,0.00000000,4.0939
data/generated_v8/audio/train/mix/proc_mix_train_00064.wav,1,1,1,1,1,proc_train_speaker_33,proc_mix_additive_formant+additive_band,project_procedural_v8,procedural_v8,,proc_mix_train_00064,proc::mix::train::00064,LOCAL:tools/procedural_audio_v8.py,procedural-v8.1,PROJECT_AUTHORED_PROCEDURAL_OUTPUT_NO_EXTERNAL_ASSETS,YES,YES_PROJECT_OWNED,NO_EXTERNAL_RESTRICTION,procedural_v8,b52faac0bcd07e43f851a869da85718a688867e966ef2e355d958c95469246ad,proc::mix::train::00064,8cf6f456ceca159b424d7a765069fb7120ecd43c486e953ed88cf09ce366ab4b,23724972,proc_mix_additive_formant+additive_band,train,numpy_scipy_project_generator,NO,proc_mix_voice_train_00064,proc_mix_music_train_00064,3.435000,16000,0.88503760,0.16327799,-0.00001218,0.00000000,-0.7808
data/generated_v8/audio/train/mix/proc_mix_train_00065.wav,1,1,1,1,1,proc_train_speaker_34,proc_mix_additive_formant+fm_percussive,project_procedural_v8,procedural_v8,,proc_mix_train_00065,proc::mix::train::00065,LOCAL:tools/procedural_audio_v8.py,procedural-v8.1,PROJECT_AUTHORED_PROCEDURAL_OUTPUT_NO_EXTERNAL_ASSETS,YES,YES_PROJECT_OWNED,NO_EXTERNAL_RESTRICTION,procedural_v8,52ed0333fc34a21a18da6d65ea2c8616869bfe37d40578dbcd7898ce0398ea0e,proc::mix::train::00065,6af6c2b6108b5ffe4ae252512d49c757905df1edbf470fb3098354a6e3809202,23724973,proc_mix_additive_formant+fm_percussive,train,numpy_scipy_project_generator,NO,proc_mix_voice_train_00065,proc_mix_music_train_00065,4.863000,16000,0.78423542,0.16469893,-0.00000838,0.00000000,-4.9646
data/generated_v8/audio/train/mix/proc_mix_train_00066.wav,1,1,1,1,1,proc_train_speaker_35,proc_mix_pulse_lpc+subtractive_sequence,project_procedural_v8,procedural_v8,,proc_mix_train_00066,proc::mix::train::00066,LOCAL:tools/procedural_audio_v8.py,procedural-v8.1,PROJECT_AUTHORED_PROCEDURAL_OUTPUT_NO_EXTERNAL_ASSETS,YES,YES_PROJECT_OWNED,NO_EXTERNAL_RESTRICTION,procedural_v8,cbb41a11fac6434c2eb46e01fa8ab91ca09e99b54a5a22a2854886e31cddc8f1,proc::mix::train::00066,132f69807ada720f53cb0adf73c16f6ae9c449d2ada8b2d6043cc55e15e605c0,23724974,proc_mix_pulse_lpc+subtractive_sequence,train,numpy_scipy_project_generator,NO,proc_mix_voice_train_00066,proc_mix_music_train_00066,6.505000,16000,0.85439479,0.19817261,0.00001010,0.00000000,4.2801
data/generated_v8/audio/train/mix/proc_mix_train_00067.wav,1,1,1,1,1,proc_train_speaker_36,proc_mix_codec_phase+fm_percussive,project_procedural_v8,procedural_v8,,proc_mix_train_00067,proc::mix::train::00067,LOCAL:tools/procedural_audio_v8.py,procedural-v8.1,PROJECT_AUTHORED_PROCEDURAL_OUTPUT_NO_EXTERNAL_ASSETS,YES,YES_PROJECT_OWNED,NO_EXTERNAL_RESTRICTION,procedural_v8,861a5319dc6017847680323c8d03c75eaa3a84051277c1546410d1fa5bcb7ff5,proc::mix::train::00067,94391609263d110278e0ffb883be676cacbc2f1ebb9d6b3c72a8cfe7e662de37,23724975,proc_mix_codec_phase+fm_percussive,train,numpy_scipy_project_generator,NO,proc_mix_voice_train_00067,proc_mix_music_train_00067,5.447000,16000,0.82518053,0.19107158,-0.00000457,0.00000000,-3.5143
data/generated_v8/audio/train/mix/proc_mix_train_00068.wav,1,1,1,1,1,proc_train_speaker_37,proc_mix_additive_formant+fm_percussive,project_procedural_v8,procedural_v8,,proc_mix_train_00068,proc::mix::train::00068,LOCAL:tools/procedural_audio_v8.py,procedural-v8.1,PROJECT_AUTHORED_PROCEDURAL_OUTPUT_NO_EXTERNAL_ASSETS,YES,YES_PROJECT_OWNED,NO_EXTERNAL_RESTRICTION,procedural_v8,ed3adcc179c0cd6dd4864482a37c6de67f57ebab5e7d1a89d8bd4e78678d56ff,proc::mix::train::00068,222009b3d89fbb76ac2921342981a520dd349c22a0890afee49e9e5558b6d78e,23724976,proc_mix_additive_formant+fm_percussive,train,numpy_scipy_project_generator,NO,proc_mix_voice_train_00068,proc_mix_music_train_00068,5.143000,16000,0.76203853,0.18431685,-0.00000812,0.00000000,-5.9322
data/generated_v8/audio/train/mix/proc_mix_train_00069.wav,1,1,1,1,1,proc_train_speaker_38,proc_mix_additive_formant+additive_band,project_procedural_v8,procedural_v8,,proc_mix_train_00069,proc::mix::train::00069,LOCAL:tools/procedural_audio_v8.py,procedural-v8.1,PROJECT_AUTHORED_PROCEDURAL_OUTPUT_NO_EXTERNAL_ASSETS,YES,YES_PROJECT_OWNED,NO_EXTERNAL_RESTRICTION,procedural_v8,e999fd810c420f560308fc5a2d474603bcb6d1d5def719858cbb27d1feb3ca22,proc::mix::train::00069,b6c969b829a30c1bdb9b4c41e4f2a1e68acce79cb932691e5889c85f6cf323d9,23724977,proc_mix_additive_formant+additive_band,train,numpy_scipy_project_generator,NO,proc_mix_voice_train_00069,proc_mix_music_train_00069,4.359000,16000,0.80989063,0.18321717,-0.00001299,0.00000000,0.1893
data/generated_v8/audio/train/mix/proc_mix_train_00070.wav,1,1,1,1,1,proc_train_speaker_39,proc_mix_additive_formant+subtractive_sequence,project_procedural_v8,procedural_v8,,proc_mix_train_00070,proc::mix::train::00070,LOCAL:tools/procedural_audio_v8.py,procedural-v8.1,PROJECT_AUTHORED_PROCEDURAL_OUTPUT_NO_EXTERNAL_ASSETS,YES,YES_PROJECT_OWNED,NO_EXTERNAL_RESTRICTION,procedural_v8,02cc4e39eb540e7517d743a5ef640ff66bd5d9f6b14c9c786fa04ab675995c36,proc::mix::train::00070,77a094610c9b72fda08ef5df6fc4b2a02f26fc206faa3032bb482cd8af358095,23724978,proc_mix_additive_formant+subtractive_sequence,train,numpy_scipy_project_generator,NO,proc_mix_voice_train_00070,proc_mix_music_train_00070,6.219000,16000,0.86496305,0.13925481,-0.00000862,0.00000000,1.9389
data/generated_v8/audio/train/mix/proc_mix_train_00071.wav,1,1,1,1,1,proc_train_speaker_40,proc_mix_pulse_lpc+additive_band,project_procedural_v8,procedural_v8,,proc_mix_train_00071,proc::mix::train::00071,LOCAL:tools/procedural_audio_v8.py,procedural-v8.1,PROJECT_AUTHORED_PROCEDURAL_OUTPUT_NO_EXTERNAL_ASSETS,YES,YES_PROJECT_OWNED,NO_EXTERNAL_RESTRICTION,procedural_v8,f78a01807b880a52b9e5f785d12a0f794955f2a2016777c8d7c1c4618f75a139,proc::mix::train::00071,1a52907d90b9427141ca1606bb876012a324c1687cb8a5ecf32de692de82bac7,23724979,proc_mix_pulse_lpc+additive_band,train,numpy_scipy_project_generator,NO,proc_mix_voice_train_00071,proc_mix_music_train_00071,4.411000,16000,0.78823429,0.20743686,-0.00001175,0.00000000,2.9112
data/generated_v8/audio/train/mix/proc_mix_train_00072.wav,1,1,1,1,1,proc_train_speaker_41,proc_mix_pulse_lpc+additive_band,project_procedural_v8,procedural_v8,,proc_mix_train_00072,proc::mix::train::00072,LOCAL:tools/procedural_audio_v8.py,procedural-v8.1,PROJECT_AUTHORED_PROCEDURAL_OUTPUT_NO_EXTERNAL_ASSETS,YES,YES_PROJECT_OWNED,NO_EXTERNAL_RESTRICTION,procedural_v8,49b34a8453fad4860ff33a3dfd1fb23bc8f495c51d25838db75519dddc0ea04a,proc::mix::train::00072,68d00199eec5da5de17c7f6dbadea0cb9a37cd0ac762ea2cdaeb519bf39cd9a7,23724980,proc_mix_pulse_lpc+additive_band,train,numpy_scipy_project_generator,NO,proc_mix_voice_train_00072,proc_mix_music_train_00072,3.555000,16000,0.85273206,0.20461720,0.00001364,0.00000000,-4.3920
data/generated_v8/audio/train/mix/proc_mix_train_00073.wav,1,1,1,1,1,proc_train_speaker_42,proc_mix_pulse_lpc+fm_percussive,project_procedural_v8,procedural_v8,,proc_mix_train_00073,proc::mix::train::00073,LOCAL:tools/procedural_audio_v8.py,procedural-v8.1,PROJECT_AUTHORED_PROCEDURAL_OUTPUT_NO_EXTERNAL_ASSETS,YES,YES_PROJECT_OWNED,NO_EXTERNAL_RESTRICTION,procedural_v8,230a60522f0281f4caff2fd74c93d7f893b01df5ade1d4f5d5cbf6801d1d271a,proc::mix::train::00073,758e0177177cc1621b183d15e2202f57e8c937682de24024f0e99e3e84f7445c,23724981,proc_mix_pulse_lpc+fm_percussive,train,numpy_scipy_project_generator,NO,proc_mix_voice_train_00073,proc_mix_music_train_00073,5.463000,16000,0.83668518,0.17816310,-0.00000812,0.00000000,-4.1944
data/generated_v8/audio/train/mix/proc_mix_train_00074.wav,1,1,1,1,1,proc_train_speaker_43,proc_mix_codec_phase+fm_percussive,project_procedural_v8,procedural_v8,,proc_mix_train_00074,proc::mix::train::00074,LOCAL:tools/procedural_audio_v8.py,procedural-v8.1,PROJECT_AUTHORED_PROCEDURAL_OUTPUT_NO_EXTERNAL_ASSETS,YES,YES_PROJECT_OWNED,NO_EXTERNAL_RESTRICTION,procedural_v8,2edbc442ad01655ca4898c16a464c656ceb6813687de90bf3f7267b158752f23,proc::mix::train::00074,2ae45bfd07a038fb1a806d64b71d2302d219a21160f77b0bb0894ce1915ec15d,23724982,proc_mix_codec_phase+fm_percussive,train,numpy_scipy_project_generator,NO,proc_mix_voice_train_00074,proc_mix_music_train_00074,5.368000,16000,0.83522201,0.18076575,-0.00000697,0.00000000,3.4448
data/generated_v8/audio/train/mix/proc_mix_train_00075.wav,1,1,1,1,1,proc_train_speaker_44,proc_mix_codec_phase+additive_band,project_procedural_v8,procedural_v8,,proc_mix_train_00075,proc::mix::train::00075,LOCAL:tools/procedural_audio_v8.py,procedural-v8.1,PROJECT_AUTHORED_PROCEDURAL_OUTPUT_NO_EXTERNAL_ASSETS,YES,YES_PROJECT_OWNED,NO_EXTERNAL_RESTRICTION,procedural_v8,f88ceed5c290d918fc39778bb09634b138a73969513bea8b548f6aa1e784996a,proc::mix::train::00075,b715ae8af93d610004cb22ea82fcb9203cb705791a29ec2eec3769c9cf9a111f,23724983,proc_mix_codec_phase+additive_band,train,numpy_scipy_project_generator,NO,proc_mix_voice_train_00075,proc_mix_music_train_00075,4.310000,16000,0.74976110,0.20540805,-0.00000862,0.00000000,3.9771
data/generated_v8/audio/train/mix/proc_mix_train_00076.wav,1,1,1,1,1,proc_train_speaker_45,proc_mix_pulse_lpc+subtractive_sequence,project_procedural_v8,procedural_v8,,proc_mix_train_00076,proc::mix::train::00076,LOCAL:tools/procedural_audio_v8.py,procedural-v8.1,PROJECT_AUTHORED_PROCEDURAL_OUTPUT_NO_EXTERNAL_ASSETS,YES,YES_PROJECT_OWNED,NO_EXTERNAL_RESTRICTION,procedural_v8,35b3734208df113065ed09d1e7c31af5a714c51340c6c35bb0e92b56fa7f371a,proc::mix::train::00076,5c9135fd2795e171ba739cbf52681ed516c0ced2d79c490345fb6fe1fda0c54f,23724984,proc_mix_pulse_lpc+subtractive_sequence,train,numpy_scipy_project_generator,NO,proc_mix_voice_train_00076,proc_mix_music_train_00076,6.971000,16000,0.87541801,0.17681882,-0.00001284,0.00000000,-3.8488
data/generated_v8/audio/train/mix/proc_mix_train_00077.wav,1,1,1,1,1,proc_train_speaker_46,proc_mix_pulse_lpc+additive_band,project_procedural_v8,procedural_v8,,proc_mix_train_00077,proc::mix::train::00077,LOCAL:tools/procedural_audio_v8.py,procedural-v8.1,PROJECT_AUTHORED_PROCEDURAL_OUTPUT_NO_EXTERNAL_ASSETS,YES,YES_PROJECT_OWNED,NO_EXTERNAL_RESTRICTION,procedural_v8,e4d730ab78f8e1d253625d0afacd9a3506afb6aa61e4efd18e070466e98ad8cc,proc::mix::train::00077,b380e8c8ee95e1a809f882133efe99ce4abe4e5a004b7bef89d8c7fcd3754e3e,23724985,proc_mix_pulse_lpc+additive_band,train,numpy_scipy_project_generator,NO,proc_mix_voice_train_00077,proc_mix_music_train_00077,4.657000,16000,0.77865577,0.18867791,-0.00001709,0.00000000,-5.6448
data/generated_v8/audio/train/mix/proc_mix_train_00078.wav,1,1,1,1,1,proc_train_speaker_47,proc_mix_additive_formant+subtractive_sequence,project_procedural_v8,procedural_v8,,proc_mix_train_00078,proc::mix::train::00078,LOCAL:tools/procedural_audio_v8.py,procedural-v8.1,PROJECT_AUTHORED_PROCEDURAL_OUTPUT_NO_EXTERNAL_ASSETS,YES,YES_PROJECT_OWNED,NO_EXTERNAL_RESTRICTION,procedural_v8,27035a16f0fc39c2686456e812834329cea40d1d62f881992e9868ca9f536a6c,proc::mix::train::00078,7e00850f07f616da31b2bebb84a8e07623b005d116d9f9d41e1e08e3ef533549,23724986,proc_mix_additive_formant+subtractive_sequence,train,numpy_scipy_project_generator,NO,proc_mix_voice_train_00078,proc_mix_music_train_00078,7.055000,16000,0.92630839,0.19107980,-0.00000676,0.00000000,-0.5476
data/generated_v8/audio/train/mix/proc_mix_train_00079.wav,1,1,1,1,1,proc_train_speaker_48,proc_mix_additive_formant+additive_band,project_procedural_v8,procedural_v8,,proc_mix_train_00079,proc::mix::train::00079,LOCAL:tools/procedural_audio_v8.py,procedural-v8.1,PROJECT_AUTHORED_PROCEDURAL_OUTPUT_NO_EXTERNAL_ASSETS,YES,YES_PROJECT_OWNED,NO_EXTERNAL_RESTRICTION,procedural_v8,7f563e37f6cc52708d34682f9c34dc22f9e69385b900020d52f53533d770606f,proc::mix::train::00079,cbf7f32a36fc5169b6caaf744167fb7e56c9e6e6418b78e4026742625a984e64,23724987,proc_mix_additive_formant+additive_band,train,numpy_scipy_project_generator,NO,proc_mix_voice_train_00079,proc_mix_music_train_00079,3.535000,16000,0.89790875,0.24241631,-0.00000930,0.00000000,-6.7951
data/generated_v8/audio/train/mix/proc_mix_train_00080.wav,1,1,1,1,1,proc_train_speaker_49,proc_mix_additive_formant+fm_percussive,project_procedural_v8,procedural_v8,,proc_mix_train_00080,proc::mix::train::00080,LOCAL:tools/procedural_audio_v8.py,procedural-v8.1,PROJECT_AUTHORED_PROCEDURAL_OUTPUT_NO_EXTERNAL_ASSETS,YES,YES_PROJECT_OWNED,NO_EXTERNAL_RESTRICTION,procedural_v8,f98287be217ba636e47249db8484006fe09c4bd8c6c459ccfaa2c92df53fa057,proc::mix::train::00080,1d7bbaa409cdf14699f7dcc6a7f9210aaaad57b369ad0ef8ea8838a60517cfd0,23724988,proc_mix_additive_formant+fm_percussive,train,numpy_scipy_project_generator,NO,proc_mix_voice_train_00080,proc_mix_music_train_00080,5.247000,16000,0.92664635,0.23537479,-0.00001220,0.00000000,-2.1892
data/generated_v8/audio/train/mix/proc_mix_train_00081.wav,1,1,1,1,1,proc_train_speaker_50,proc_mix_codec_phase+additive_band,project_procedural_v8,procedural_v8,,proc_mix_train_00081,proc::mix::train::00081,LOCAL:tools/procedural_audio_v8.py,procedural-v8.1,PROJECT_AUTHORED_PROCEDURAL_OUTPUT_NO_EXTERNAL_ASSETS,YES,YES_PROJECT_OWNED,NO_EXTERNAL_RESTRICTION,procedural_v8,f9d9fcff833897fa64b1756c3c36ad2509344a9a9de50146ba8d33c3f7a703a3,proc::mix::train::00081,a0cf4b8a04b461d1d1e53b475a9172f4bea8f675cdc44212468b71ceff9a1b36,23724989,proc_mix_codec_phase+additive_band,train,numpy_scipy_project_generator,NO,proc_mix_voice_train_00081,proc_mix_music_train_00081,3.762000,16000,0.82875568,0.20712277,-0.00001316,0.00000000,5.8015
data/generated_v8/audio/train/mix/proc_mix_train_00082.wav,1,1,1,1,1,proc_train_speaker_51,proc_mix_additive_formant+subtractive_sequence,project_procedural_v8,procedural_v8,,proc_mix_train_00082,proc::mix::train::00082,LOCAL:tools/procedural_audio_v8.py,procedural-v8.1,PROJECT_AUTHORED_PROCEDURAL_OUTPUT_NO_EXTERNAL_ASSETS,YES,YES_PROJECT_OWNED,NO_EXTERNAL_RESTRICTION,procedural_v8,8c168806806ce05da2f97172c436fdafa9280177802355268c5dd3c13f039def,proc::mix::train::00082,5ec142f4dfa0c5c97688f59e762d4eee8ff4a84048352c6a067a155f82e333e7,23724990,proc_mix_additive_formant+subtractive_sequence,train,numpy_scipy_project_generator,NO,proc_mix_voice_train_00082,proc_mix_music_train_00082,6.069000,16000,0.91722953,0.12998161,-0.00000293,0.00000000,4.8442
data/generated_v8/audio/train/mix/proc_mix_train_00083.wav,1,1,1,1,1,proc_train_speaker_52,proc_mix_pulse_lpc+fm_percussive,project_procedural_v8,procedural_v8,,proc_mix_train_00083,proc::mix::train::00083,LOCAL:tools/procedural_audio_v8.py,procedural-v8.1,PROJECT_AUTHORED_PROCEDURAL_OUTPUT_NO_EXTERNAL_ASSETS,YES,YES_PROJECT_OWNED,NO_EXTERNAL_RESTRICTION,procedural_v8,f7614531efc601cf73b4d76fe3d37becc2bd507f39828c2236cfbd412a26925a,proc::mix::train::00083,f59e7b45cb0bbdd0db4b33a533133bdcaeb42460fae3e0af0cc3707e04078b28,23724991,proc_mix_pulse_lpc+fm_percussive,train,numpy_scipy_project_generator,NO,proc_mix_voice_train_00083,proc_mix_music_train_00083,5.314000,16000,0.76704127,0.20536115,-0.00001057,0.00000000,-6.6473
data/generated_v8/audio/train/mix/proc_mix_train_00084.wav,1,1,1,1,1,proc_train_speaker_53,proc_mix_pulse_lpc+subtractive_sequence,project_procedural_v8,procedural_v8,,proc_mix_train_00084,proc::mix::train::00084,LOCAL:tools/procedural_audio_v8.py,procedural-v8.1,PROJECT_AUTHORED_PROCEDURAL_OUTPUT_NO_EXTERNAL_ASSETS,YES,YES_PROJECT_OWNED,NO_EXTERNAL_RESTRICTION,procedural_v8,08abaf0fa46b9796de2b49f07b827ca6ed6196d9094a2cf90e773adc60776ca0,proc::mix::train::00084,01619f46cd1c8d59a3da36844eb96f18cc26cff999886f004bbc94aa811184cd,23724992,proc_mix_pulse_lpc+subtractive_sequence,train,numpy_scipy_project_generator,NO,proc_mix_voice_train_00084,proc_mix_music_train_00084,5.936000,16000,0.75985825,0.16906074,-0.00000368,0.00000000,3.5438
data/generated_v8/audio/train/mix/proc_mix_train_00085.wav,1,1,1,1,1,proc_train_speaker_54,proc_mix_additive_formant+fm_percussive,project_procedural_v8,procedural_v8,,proc_mix_train_00085,proc::mix::train::00085,LOCAL:tools/procedural_audio_v8.py,procedural-v8.1,PROJECT_AUTHORED_PROCEDURAL_OUTPUT_NO_EXTERNAL_ASSETS,YES,YES_PROJECT_OWNED,NO_EXTERNAL_RESTRICTION,procedural_v8,aca6248701684830e2111873068d9d03d94447c69c779355acb5006b52e2d349,proc::mix::train::00085,06e40bfa3c4824739351bf861a7ddac21c885c4c606b7f9d0c6699bfbb2be1e6,23724993,proc_mix_additive_formant+fm_percussive,train,numpy_scipy_project_generator,NO,proc_mix_voice_train_00085,proc_mix_music_train_00085,5.355000,16000,0.77780491,0.16151700,-0.00000523,0.00000000,-0.1188
data/generated_v8/audio/train/mix/proc_mix_train_00086.wav,1,1,1,1,1,proc_train_speaker_55,proc_mix_pulse_lpc+additive_band,project_procedural_v8,procedural_v8,,proc_mix_train_00086,proc::mix::train::00086,LOCAL:tools/procedural_audio_v8.py,procedural-v8.1,PROJECT_AUTHORED_PROCEDURAL_OUTPUT_NO_EXTERNAL_ASSETS,YES,YES_PROJECT_OWNED,NO_EXTERNAL_RESTRICTION,procedural_v8,e6097b8db163e82144f614384673661394b3a4652f183092ff94060f08416bde,proc::mix::train::00086,614e2827a77da840a3c21f2211d5143b7b13ecfac9f822cea9add9238e0dbb50,23724994,proc_mix_pulse_lpc+additive_band,train,numpy_scipy_project_generator,NO,proc_mix_voice_train_00086,proc_mix_music_train_00086,3.901000,16000,0.80882156,0.22252381,0.00000196,0.00000000,-3.3714
data/generated_v8/audio/train/mix/proc_mix_train_00087.wav,1,1,1,1,1,proc_train_speaker_56,proc_mix_codec_phase+subtractive_sequence,project_procedural_v8,procedural_v8,,proc_mix_train_00087,proc::mix::train::00087,LOCAL:tools/procedural_audio_v8.py,procedural-v8.1,PROJECT_AUTHORED_PROCEDURAL_OUTPUT_NO_EXTERNAL_ASSETS,YES,YES_PROJECT_OWNED,NO_EXTERNAL_RESTRICTION,procedural_v8,f23245b428a0ea976fffea06d6b0d79b417edf0ca04e8395191b83de515a1012,proc::mix::train::00087,894eb4b363a9aae9765548c4ea4e95d932d60765bfed12a2e2d9e00a93a10e9c,23724995,proc_mix_codec_phase+subtractive_sequence,train,numpy_scipy_project_generator,NO,proc_mix_voice_train_00087,proc_mix_music_train_00087,6.067000,16000,0.74264789,0.16730017,-0.00001198,0.00000000,-2.3775
data/generated_v8/audio/train/mix/proc_mix_train_00088.wav,1,1,1,1,1,proc_train_speaker_57,proc_mix_codec_phase+subtractive_sequence,project_procedural_v8,procedural_v8,,proc_mix_train_00088,proc::mix::train::00088,LOCAL:tools/procedural_audio_v8.py,procedural-v8.1,PROJECT_AUTHORED_PROCEDURAL_OUTPUT_NO_EXTERNAL_ASSETS,YES,YES_PROJECT_OWNED,NO_EXTERNAL_RESTRICTION,procedural_v8,b859fcdc1b9597ed2ceb033038de9875082c6ae69b155c93e486c66cbc1d7877,proc::mix::train::00088,4e3ffbe1911735ad6d3bbd73582915f98ce43a816847b1c6caf14e64df39df87,23724996,proc_mix_codec_phase+subtractive_sequence,train,numpy_scipy_project_generator,NO,proc_mix_voice_train_00088,proc_mix_music_train_00088,6.981000,16000,0.75402272,0.16721937,-0.00001489,0.00000000,-3.3693
data/generated_v8/audio/train/mix/proc_mix_train_00089.wav,1,1,1,1,1,proc_train_speaker_58,proc_mix_codec_phase+subtractive_sequence,project_procedural_v8,procedural_v8,,proc_mix_train_00089,proc::mix::train::00089,LOCAL:tools/procedural_audio_v8.py,procedural-v8.1,PROJECT_AUTHORED_PROCEDURAL_OUTPUT_NO_EXTERNAL_ASSETS,YES,YES_PROJECT_OWNED,NO_EXTERNAL_RESTRICTION,procedural_v8,082fe9eac9f583015300924bbf292ac074c34bd3993d039b80a0bd048d0f1e59,proc::mix::train::00089,9ee7b6d1a2125a48b7893943566d1fbcc8af79356270386c2db651e9d357a691,23724997,proc_mix_codec_phase+subtractive_sequence,train,numpy_scipy_project_generator,NO,proc_mix_voice_train_00089,proc_mix_music_train_00089,6.966000,16000,0.84686542,0.18126857,-0.00000933,0.00000000,-4.6812
data/generated_v8/audio/train/mix/proc_mix_train_00090.wav,1,1,1,1,1,proc_train_speaker_59,proc_mix_codec_phase+fm_percussive,project_procedural_v8,procedural_v8,,proc_mix_train_00090,proc::mix::train::00090,LOCAL:tools/procedural_audio_v8.py,procedural-v8.1,PROJECT_AUTHORED_PROCEDURAL_OUTPUT_NO_EXTERNAL_ASSETS,YES,YES_PROJECT_OWNED,NO_EXTERNAL_RESTRICTION,procedural_v8,cc2f31fa2ef3c36dd4b20c85678fcac7c34014492234949162bbff6d698464f8,proc::mix::train::00090,20cda0883765fe1df7625a6acc1a2d270fb503afe2ffcab5d7f7fc8d4ebc5541,23724998,proc_mix_codec_phase+fm_percussive,train,numpy_scipy_project_generator,NO,proc_mix_voice_train_00090,proc_mix_music_train_00090,5.784000,16000,0.76225984,0.17704703,-0.00000215,0.00000000,3.3429
data/generated_v8/audio/train/mix/proc_mix_train_00091.wav,1,1,1,1,1,proc_train_speaker_60,proc_mix_additive_formant+subtractive_sequence,project_procedural_v8,procedural_v8,,proc_mix_train_00091,proc::mix::train::00091,LOCAL:tools/procedural_audio_v8.py,procedural-v8.1,PROJECT_AUTHORED_PROCEDURAL_OUTPUT_NO_EXTERNAL_ASSETS,YES,YES_PROJECT_OWNED,NO_EXTERNAL_RESTRICTION,procedural_v8,4eaf2fb6d6e8f8ce0ca90dca2ac432d6634963a72faf49e75e1984f8c4a5a989,proc::mix::train::00091,0df05acc88d89cee316cc0d01593a45cee286cdc784e473fd040b439db34457b,23724999,proc_mix_additive_formant+subtractive_sequence,train,numpy_scipy_project_generator,NO,proc_mix_voice_train_00091,proc_mix_music_train_00091,6.993000,16000,0.81740594,0.14678048,-0.00000128,0.00000000,3.7613
data/generated_v8/audio/train/mix/proc_mix_train_00092.wav,1,1,1,1,1,proc_train_speaker_61,proc_mix_additive_formant+subtractive_sequence,project_procedural_v8,procedural_v8,,proc_mix_train_00092,proc::mix::train::00092,LOCAL:tools/procedural_audio_v8.py,procedural-v8.1,PROJECT_AUTHORED_PROCEDURAL_OUTPUT_NO_EXTERNAL_ASSETS,YES,YES_PROJECT_OWNED,NO_EXTERNAL_RESTRICTION,procedural_v8,b1726d1d977e632e851bf09885690ad74dbede65b557761d5fcb3f467ae6f49f,proc::mix::train::00092,dc36c9014e7fba9200fbd20c67edfaf91e9b1b3e49befadcff248a5d74732c0c,23725000,proc_mix_additive_formant+subtractive_sequence,train,numpy_scipy_project_generator,NO,proc_mix_voice_train_00092,proc_mix_music_train_00092,6.656000,16000,0.78449214,0.15417195,-0.00001879,0.00000000,2.9277
data/generated_v8/audio/train/mix/proc_mix_train_00093.wav,1,1,1,1,1,proc_train_speaker_62,proc_mix_additive_formant+additive_band,project_procedural_v8,procedural_v8,,proc_mix_train_00093,proc::mix::train::00093,LOCAL:tools/procedural_audio_v8.py,procedural-v8.1,PROJECT_AUTHORED_PROCEDURAL_OUTPUT_NO_EXTERNAL_ASSETS,YES,YES_PROJECT_OWNED,NO_EXTERNAL_RESTRICTION,procedural_v8,99e110919e2d1e2fd40678717db346c9d7e5a323780624bf63b45180c6745583,proc::mix::train::00093,ea66ee16479aa8cb14a5f41f4106310ee070c3426c93315e8ce75b3aed35c2e2,23725001,proc_mix_additive_formant+additive_band,train,numpy_scipy_project_generator,NO,proc_mix_voice_train_00093,proc_mix_music_train_00093,4.159000,16000,0.90533036,0.25530258,-0.00001071,0.00000000,-4.7388
data/generated_v8/audio/train/mix/proc_mix_train_00094.wav,1,1,1,1,1,proc_train_speaker_63,proc_mix_codec_phase+additive_band,project_procedural_v8,procedural_v8,,proc_mix_train_00094,proc::mix::train::00094,LOCAL:tools/procedural_audio_v8.py,procedural-v8.1,PROJECT_AUTHORED_PROCEDURAL_OUTPUT_NO_EXTERNAL_ASSETS,YES,YES_PROJECT_OWNED,NO_EXTERNAL_RESTRICTION,procedural_v8,59f979e81b0d63ff353984bd9215dba056777f36b54fa71f107a516f6dee3b3b,proc::mix::train::00094,17f39b35eebd5d7e83c59197f133065045b7297c83fb558f70ec728eee101be5,23725002,proc_mix_codec_phase+additive_band,train,numpy_scipy_project_generator,NO,proc_mix_voice_train_00094,proc_mix_music_train_00094,4.407000,16000,0.87077039,0.22144494,-0.00000906,0.00000000,-1.4955
data/generated_v8/audio/train/mix/proc_mix_train_00095.wav,1,1,1,1,1,proc_train_speaker_64,proc_mix_additive_formant+subtractive_sequence,project_procedural_v8,procedural_v8,,proc_mix_train_00095,proc::mix::train::00095,LOCAL:tools/procedural_audio_v8.py,procedural-v8.1,PROJECT_AUTHORED_PROCEDURAL_OUTPUT_NO_EXTERNAL_ASSETS,YES,YES_PROJECT_OWNED,NO_EXTERNAL_RESTRICTION,procedural_v8,a7f17774916289bcf2b314a8d70ef2b32420e711f7ffcddcc6dfa6a442032ee5,proc::mix::train::00095,ced5c00cd8f456e2717ca8d3106961b729315169ac241c625e414ec346ffdb82,23725003,proc_mix_additive_formant+subtractive_sequence,train,numpy_scipy_project_generator,NO,proc_mix_voice_train_00095,proc_mix_music_train_00095,6.755000,16000,0.81976515,0.16733976,-0.00000324,0.00000000,4.9150
data/generated_v8/audio/train/mix/proc_mix_train_00096.wav,1,1,1,1,1,proc_train_speaker_65,proc_mix_codec_phase+additive_band,project_procedural_v8,procedural_v8,,proc_mix_train_00096,proc::mix::train::00096,LOCAL:tools/procedural_audio_v8.py,procedural-v8.1,PROJECT_AUTHORED_PROCEDURAL_OUTPUT_NO_EXTERNAL_ASSETS,YES,YES_PROJECT_OWNED,NO_EXTERNAL_RESTRICTION,procedural_v8,70312e6f87476f2dfc085786323415fa8daf01f00c449d373c2e021ccb87b341,proc::mix::train::00096,fd9be5c1e04206a985571c497b0a1a027c439cd430f23291cd40b7a5bf03e3a9,23725004,proc_mix_codec_phase+additive_band,train,numpy_scipy_project_generator,NO,proc_mix_voice_train_00096,proc_mix_music_train_00096,4.254000,16000,0.88252467,0.19871969,-0.00000806,0.00000000,6.0444
data/generated_v8/audio/train/mix/proc_mix_train_00097.wav,1,1,1,1,1,proc_train_speaker_66,proc_mix_additive_formant+subtractive_sequence,project_procedural_v8,procedural_v8,,proc_mix_train_00097,proc::mix::train::00097,LOCAL:tools/procedural_audio_v8.py,procedural-v8.1,PROJECT_AUTHORED_PROCEDURAL_OUTPUT_NO_EXTERNAL_ASSETS,YES,YES_PROJECT_OWNED,NO_EXTERNAL_RESTRICTION,procedural_v8,5832bdf53b36ac55786807f5667d9b3ae53c702a2bd9454766d99ac40b39c1e3,proc::mix::train::00097,fff584d4a7aea11288e387fb48bba6c9253b669af6bb07b5bf47f5705672980f,23725005,proc_mix_additive_formant+subtractive_sequence,train,numpy_scipy_project_generator,NO,proc_mix_voice_train_00097,proc_mix_music_train_00097,6.894000,16000,0.85144532,0.12973829,-0.00000483,0.00000000,1.4649
data/generated_v8/audio/train/mix/proc_mix_train_00098.wav,1,1,1,1,1,proc_train_speaker_67,proc_mix_additive_formant+additive_band,project_procedural_v8,procedural_v8,,proc_mix_train_00098,proc::mix::train::00098,LOCAL:tools/procedural_audio_v8.py,procedural-v8.1,PROJECT_AUTHORED_PROCEDURAL_OUTPUT_NO_EXTERNAL_ASSETS,YES,YES_PROJECT_OWNED,NO_EXTERNAL_RESTRICTION,procedural_v8,3230bb4159e231f57bc648458cdbf7ef3478fa6f7edf560da765e41b992451ad,proc::mix::train::00098,ca964905e0d08b60017f84b349bab81d4fe37e1c1c1f67ebda777c95deced6c9,23725006,proc_mix_additive_formant+additive_band,train,numpy_scipy_project_generator,NO,proc_mix_voice_train_00098,proc_mix_music_train_00098,4.411000,16000,0.79742414,0.16931258,-0.00001872,0.00000000,5.0562
data/generated_v8/audio/train/mix/proc_mix_train_00099.wav,1,1,1,1,1,proc_train_speaker_68,proc_mix_additive_formant+subtractive_sequence,project_procedural_v8,procedural_v8,,proc_mix_train_00099,proc::mix::train::00099,LOCAL:tools/procedural_audio_v8.py,procedural-v8.1,PROJECT_AUTHORED_PROCEDURAL_OUTPUT_NO_EXTERNAL_ASSETS,YES,YES_PROJECT_OWNED,NO_EXTERNAL_RESTRICTION,procedural_v8,15b8f89fbbb0fbb15358519328153b2a544b4e586fdb0b209a2e1cd24b815691,proc::mix::train::00099,4131e03894fed1e9747d55870d65c50e1ffc92e494ca28fa4d12f770f3a6a621,23725007,proc_mix_additive_formant+subtractive_sequence,train,numpy_scipy_project_generator,NO,proc_mix_voice_train_00099,proc_mix_music_train_00099,6.215000,16000,0.78448528,0.14243523,-0.00001475,0.00000000,-3.5327
data/generated_v8/audio/train/mix/proc_mix_train_00100.wav,1,1,1,1,1,proc_train_speaker_69,proc_mix_additive_formant+fm_percussive,project_procedural_v8,procedural_v8,,proc_mix_train_00100,proc::mix::train::00100,LOCAL:tools/procedural_audio_v8.py,procedural-v8.1,PROJECT_AUTHORED_PROCEDURAL_OUTPUT_NO_EXTERNAL_ASSETS,YES,YES_PROJECT_OWNED,NO_EXTERNAL_RESTRICTION,procedural_v8,7ef1de67bcad7385f257aaaf7a8bea925921e9a67bc8106c23d52e75c66861d2,proc::mix::train::00100,f0b43a2e026077e9058aec80f044f83810bf15ab2630a1db060fe83f0f58def8,23725008,proc_mix_additive_formant+fm_percussive,train,numpy_scipy_project_generator,NO,proc_mix_voice_train_00100,proc_mix_music_train_00100,5.400000,16000,0.82417399,0.14404016,-0.00000124,0.00000000,2.5019
data/generated_v8/audio/train/mix/proc_mix_train_00101.wav,1,1,1,1,1,proc_train_speaker_70,proc_mix_additive_formant+fm_percussive,project_procedural_v8,procedural_v8,,proc_mix_train_00101,proc::mix::train::00101,LOCAL:tools/procedural_audio_v8.py,procedural-v8.1,PROJECT_AUTHORED_PROCEDURAL_OUTPUT_NO_EXTERNAL_ASSETS,YES,YES_PROJECT_OWNED,NO_EXTERNAL_RESTRICTION,procedural_v8,991f733fbfc8573219fcbe89e31ff0d0c4d0672abe125f61f00a1d93f935fd18,proc::mix::train::00101,7a4b0b2ce3b2c63ad2ad2b6459108343132dfc6bb2ba5c9614caefdbaf803ea8,23725009,proc_mix_additive_formant+fm_percussive,train,numpy_scipy_project_generator,NO,proc_mix_voice_train_00101,proc_mix_music_train_00101,5.675000,16000,0.77457374,0.16276792,-0.00000656,0.00000000,2.1809
data/generated_v8/audio/train/mix/proc_mix_train_00102.wav,1,1,1,1,1,proc_train_speaker_71,proc_mix_pulse_lpc+additive_band,project_procedural_v8,procedural_v8,,proc_mix_train_00102,proc::mix::train::00102,LOCAL:tools/procedural_audio_v8.py,procedural-v8.1,PROJECT_AUTHORED_PROCEDURAL_OUTPUT_NO_EXTERNAL_ASSETS,YES,YES_PROJECT_OWNED,NO_EXTERNAL_RESTRICTION,procedural_v8,5dff42cce68d19509e60f115ea92c5a896ddc2cc4c3cc763da32d328828586d5,proc::mix::train::00102,aa2c50d3c7a21ab5387ddb7acb67394b2a3e39c83dda4595ca56dcbb613f22e8,23725010,proc_mix_pulse_lpc+additive_band,train,numpy_scipy_project_generator,NO,proc_mix_voice_train_00102,proc_mix_music_train_00102,3.965000,16000,0.83872563,0.20507859,-0.00001695,0.00000000,-1.5681
data/generated_v8/audio/train/mix/proc_mix_train_00103.wav,1,1,1,1,1,proc_train_speaker_72,proc_mix_pulse_lpc+subtractive_sequence,project_procedural_v8,procedural_v8,,proc_mix_train_00103,proc::mix::train::00103,LOCAL:tools/procedural_audio_v8.py,procedural-v8.1,PROJECT_AUTHORED_PROCEDURAL_OUTPUT_NO_EXTERNAL_ASSETS,YES,YES_PROJECT_OWNED,NO_EXTERNAL_RESTRICTION,procedural_v8,92769a8117c56c5779fa911483cc92b04c55b6caf01318ce05a91588853ba28d,proc::mix::train::00103,22585ed1a5c810bce514f49370a3152874031e9d0a391046bcdd05b236780138,23725011,proc_mix_pulse_lpc+subtractive_sequence,train,numpy_scipy_project_generator,NO,proc_mix_voice_train_00103,proc_mix_music_train_00103,6.177000,16000,0.85980171,0.17034949,-0.00000958,0.00000000,-5.7387
data/generated_v8/audio/train/mix/proc_mix_train_00104.wav,1,1,1,1,1,proc_train_speaker_73,proc_mix_additive_formant+subtractive_sequence,project_procedural_v8,procedural_v8,,proc_mix_train_00104,proc::mix::train::00104,LOCAL:tools/procedural_audio_v8.py,procedural-v8.1,PROJECT_AUTHORED_PROCEDURAL_OUTPUT_NO_EXTERNAL_ASSETS,YES,YES_PROJECT_OWNED,NO_EXTERNAL_RESTRICTION,procedural_v8,128ee4f3bb0f7bcbcf9821d3c141fcec9bfac84d6635e4ccc6ae79f22d57ccee,proc::mix::train::00104,3f942d197eb93a1fc00c9f5ba62fdae8f4aa098753dfe8ceeded7a1d9e8e5da0,23725012,proc_mix_additive_formant+subtractive_sequence,train,numpy_scipy_project_generator,NO,proc_mix_voice_train_00104,proc_mix_music_train_00104,6.415000,16000,0.82382065,0.17382606,-0.00000928,0.00000000,-1.0157
data/generated_v8/audio/train/mix/proc_mix_train_00105.wav,1,1,1,1,1,proc_train_speaker_74,proc_mix_pulse_lpc+additive_band,project_procedural_v8,procedural_v8,,proc_mix_train_00105,proc::mix::train::00105,LOCAL:tools/procedural_audio_v8.py,procedural-v8.1,PROJECT_AUTHORED_PROCEDURAL_OUTPUT_NO_EXTERNAL_ASSETS,YES,YES_PROJECT_OWNED,NO_EXTERNAL_RESTRICTION,procedural_v8,16e310037e43316cbded2242201b8eaa9a6bddca540f618a8285cc395f46f6e8,proc::mix::train::00105,574546be5d99d50eb3bb76e469f32bf13f6b1bc9215a3829004e5999c0f0aef2,23725013,proc_mix_pulse_lpc+additive_band,train,numpy_scipy_project_generator,NO,proc_mix_voice_train_00105,proc_mix_music_train_00105,4.579000,16000,0.81951773,0.18368819,-0.00000581,0.00000000,0.7709
data/generated_v8/audio/train/mix/proc_mix_train_00106.wav,1,1,1,1,1,proc_train_speaker_75,proc_mix_additive_formant+fm_percussive,project_procedural_v8,procedural_v8,,proc_mix_train_00106,proc::mix::train::00106,LOCAL:tools/procedural_audio_v8.py,procedural-v8.1,PROJECT_AUTHORED_PROCEDURAL_OUTPUT_NO_EXTERNAL_ASSETS,YES,YES_PROJECT_OWNED,NO_EXTERNAL_RESTRICTION,procedural_v8,72a9f6cb83a7aa04f9a24da3cc27c4b1e423f39eeb08accd905db59fc19235c8,proc::mix::train::00106,aa6ad871c104cfe0adb94576e8cc6b7a95289db757f32c6e06b83522f6df2217,23725014,proc_mix_additive_formant+fm_percussive,train,numpy_scipy_project_generator,NO,proc_mix_voice_train_00106,proc_mix_music_train_00106,5.623000,16000,0.81370020,0.21099361,-0.00001285,0.00000000,-5.3914
data/generated_v8/audio/train/mix/proc_mix_train_00107.wav,1,1,1,1,1,proc_train_speaker_76,proc_mix_codec_phase+subtractive_sequence,project_procedural_v8,procedural_v8,,proc_mix_train_00107,proc::mix::train::00107,LOCAL:tools/procedural_audio_v8.py,procedural-v8.1,PROJECT_AUTHORED_PROCEDURAL_OUTPUT_NO_EXTERNAL_ASSETS,YES,YES_PROJECT_OWNED,NO_EXTERNAL_RESTRICTION,procedural_v8,9f66fc705b803334f0512325874b07392a1cb4dc6c7d3c6f68dc86ee7e3992cd,proc::mix::train::00107,58c0c11bbdc4e87692d42081157b756a3dff400cb6db7a7bd70b5a30b2417fd9,23725015,proc_mix_codec_phase+subtractive_sequence,train,numpy_scipy_project_generator,NO,proc_mix_voice_train_00107,proc_mix_music_train_00107,6.936000,16000,0.85385478,0.19030233,-0.00000576,0.00000000,-4.5767
data/generated_v8/audio/train/mix/proc_mix_train_00108.wav,1,1,1,1,1,proc_train_speaker_77,proc_mix_pulse_lpc+fm_percussive,project_procedural_v8,procedural_v8,,proc_mix_train_00108,proc::mix::train::00108,LOCAL:tools/procedural_audio_v8.py,procedural-v8.1,PROJECT_AUTHORED_PROCEDURAL_OUTPUT_NO_EXTERNAL_ASSETS,YES,YES_PROJECT_OWNED,NO_EXTERNAL_RESTRICTION,procedural_v8,9d9d8d1968e3afcafd0571c4921680acc2537a9fa1ed679f26496d83ef917339,proc::mix::train::00108,fccd0a6f91ef4b513ed285d18765f1d00446ad9c5c40f365c3f328eb1f298974,23725016,proc_mix_pulse_lpc+fm_percussive,train,numpy_scipy_project_generator,NO,proc_mix_voice_train_00108,proc_mix_music_train_00108,5.766000,16000,0.84323287,0.22135235,0.00000505,0.00000000,0.0956
data/generated_v8/audio/train/mix/proc_mix_train_00109.wav,1,1,1,1,1,proc_train_speaker_78,proc_mix_additive_formant+fm_percussive,project_procedural_v8,procedural_v8,,proc_mix_train_00109,proc::mix::train::00109,LOCAL:tools/procedural_audio_v8.py,procedural-v8.1,PROJECT_AUTHORED_PROCEDURAL_OUTPUT_NO_EXTERNAL_ASSETS,YES,YES_PROJECT_OWNED,NO_EXTERNAL_RESTRICTION,procedural_v8,07008ba0a84d8933439bcfdc505783c7dfcbee311acb121f820b2d924b576aa8,proc::mix::train::00109,2a02d15217c1898c47194a7c9c4ba2760e55417debe5620a6aa8e4087bdc6d77,23725017,proc_mix_additive_formant+fm_percussive,train,numpy_scipy_project_generator,NO,proc_mix_voice_train_00109,proc_mix_music_train_00109,4.847000,16000,0.78883719,0.19733211,0.00003679,0.00000000,-5.3687
data/generated_v8/audio/train/mix/proc_mix_train_00110.wav,1,1,1,1,1,proc_train_speaker_79,proc_mix_additive_formant+fm_percussive,project_procedural_v8,procedural_v8,,proc_mix_train_00110,proc::mix::train::00110,LOCAL:tools/procedural_audio_v8.py,procedural-v8.1,PROJECT_AUTHORED_PROCEDURAL_OUTPUT_NO_EXTERNAL_ASSETS,YES,YES_PROJECT_OWNED,NO_EXTERNAL_RESTRICTION,procedural_v8,a07042ceeb61940623e89e135c760ed49ae680803d5712ba88fe8fe47b5660d7,proc::mix::train::00110,f04dd4428e04d5863c7b960088dda3723de7c7d251bfa082652f5d130c68829b,23725018,proc_mix_additive_formant+fm_percussive,train,numpy_scipy_project_generator,NO,proc_mix_voice_train_00110,proc_mix_music_train_00110,5.503000,16000,0.85855490,0.21081435,-0.00000634,0.00000000,-2.6456
data/generated_v8/audio/train/mix/proc_mix_train_00111.wav,1,1,1,1,1,proc_train_speaker_80,proc_mix_additive_formant+additive_band,project_procedural_v8,procedural_v8,,proc_mix_train_00111,proc::mix::train::00111,LOCAL:tools/procedural_audio_v8.py,procedural-v8.1,PROJECT_AUTHORED_PROCEDURAL_OUTPUT_NO_EXTERNAL_ASSETS,YES,YES_PROJECT_OWNED,NO_EXTERNAL_RESTRICTION,procedural_v8,7ebde1d47b2c56edfd046f0030457d949421ea8a8ca6728962def692f20b237a,proc::mix::train::00111,c2195ceca880298df437dd70e3a05e0eef891c4eb61886cc6face38b69d13728,23725019,proc_mix_additive_formant+additive_band,train,numpy_scipy_project_generator,NO,proc_mix_voice_train_00111,proc_mix_music_train_00111,3.602000,16000,0.86078215,0.22431091,-0.00001791,0.00000000,-5.1700
data/generated_v8/audio/train/mix/proc_mix_train_00112.wav,1,1,1,1,1,proc_train_speaker_81,proc_mix_pulse_lpc+subtractive_sequence,project_procedural_v8,procedural_v8,,proc_mix_train_00112,proc::mix::train::00112,LOCAL:tools/procedural_audio_v8.py,procedural-v8.1,PROJECT_AUTHORED_PROCEDURAL_OUTPUT_NO_EXTERNAL_ASSETS,YES,YES_PROJECT_OWNED,NO_EXTERNAL_RESTRICTION,procedural_v8,edb7c76c446b6385fa306e4106af57e72879af52e36e01d3a885ff04215dcd20,proc::mix::train::00112,8a33142cd2a55693c4f3c39ebe86dacfcb0500fa97f3e35e253a46d2c98bf38f,23725020,proc_mix_pulse_lpc+subtractive_sequence,train,numpy_scipy_project_generator,NO,proc_mix_voice_train_00112,proc_mix_music_train_00112,6.539000,16000,0.79828507,0.19364530,-0.00000709,0.00000000,2.1594
data/generated_v8/audio/train/mix/proc_mix_train_00113.wav,1,1,1,1,1,proc_train_speaker_82,proc_mix_additive_formant+subtractive_sequence,project_procedural_v8,procedural_v8,,proc_mix_train_00113,proc::mix::train::00113,LOCAL:tools/procedural_audio_v8.py,procedural-v8.1,PROJECT_AUTHORED_PROCEDURAL_OUTPUT_NO_EXTERNAL_ASSETS,YES,YES_PROJECT_OWNED,NO_EXTERNAL_RESTRICTION,procedural_v8,297e78a4fbd1dd646a1da6aee938ccd090ac303eb3240751541d9ed8ea72df62,proc::mix::train::00113,4b67434dc79963c9fbc469d890d04819b49dff0c226b54f37c84b691daa2c398,23725021,proc_mix_additive_formant+subtractive_sequence,train,numpy_scipy_project_generator,NO,proc_mix_voice_train_00113,proc_mix_music_train_00113,6.670000,16000,0.77582526,0.14772928,-0.00000363,0.00000000,-5.8177
data/generated_v8/audio/train/mix/proc_mix_train_00114.wav,1,1,1,1,1,proc_train_speaker_83,proc_mix_pulse_lpc+additive_band,project_procedural_v8,procedural_v8,,proc_mix_train_00114,proc::mix::train::00114,LOCAL:tools/procedural_audio_v8.py,procedural-v8.1,PROJECT_AUTHORED_PROCEDURAL_OUTPUT_NO_EXTERNAL_ASSETS,YES,YES_PROJECT_OWNED,NO_EXTERNAL_RESTRICTION,procedural_v8,06a62a91c259ab55e86be3b64f3893be41d9eb2b8eccbed5ee3c01a23f0e2a69,proc::mix::train::00114,0a8e1b1333c329ffead138a329fea42879828dd0adb828c303d7888f6b70ad28,23725022,proc_mix_pulse_lpc+additive_band,train,numpy_scipy_project_generator,NO,proc_mix_voice_train_00114,proc_mix_music_train_00114,3.829000,16000,0.75354886,0.19016632,-0.00001457,0.00000000,3.5967
data/generated_v8/audio/train/mix/proc_mix_train_00115.wav,1,1,1,1,1,proc_train_speaker_84,proc_mix_additive_formant+additive_band,project_procedural_v8,procedural_v8,,proc_mix_train_00115,proc::mix::train::00115,LOCAL:tools/procedural_audio_v8.py,procedural-v8.1,PROJECT_AUTHORED_PROCEDURAL_OUTPUT_NO_EXTERNAL_ASSETS,YES,YES_PROJECT_OWNED,NO_EXTERNAL_RESTRICTION,procedural_v8,dcf2f23f65939d3a5fd308215acab4e7c70f65511c47762debbad30823540bad,proc::mix::train::00115,7ebf571afb11f3ff3fc829732fcd96a4202dd5b675bf7eff87e2ec61dd4ddf4d,23725023,proc_mix_additive_formant+additive_band,train,numpy_scipy_project_generator,NO,proc_mix_voice_train_00115,proc_mix_music_train_00115,4.658000,16000,0.81189114,0.17035918,-0.00000484,0.00000000,4.0691
data/generated_v8/audio/train/mix/proc_mix_train_00116.wav,1,1,1,1,1,proc_train_speaker_85,proc_mix_pulse_lpc+fm_percussive,project_procedural_v8,procedural_v8,,proc_mix_train_00116,proc::mix::train::00116,LOCAL:tools/procedural_audio_v8.py,procedural-v8.1,PROJECT_AUTHORED_PROCEDURAL_OUTPUT_NO_EXTERNAL_ASSETS,YES,YES_PROJECT_OWNED,NO_EXTERNAL_RESTRICTION,procedural_v8,e5104ed57ac91c313f71c07e0e8ffb455bb6b668419cb344382ffe37e5d2053c,proc::mix::train::00116,a108b8202eab1ef9e4ba570f748141b1a4db61dc80aebd37e631c5e6192dfaf0,23725024,proc_mix_pulse_lpc+fm_percussive,train,numpy_scipy_project_generator,NO,proc_mix_voice_train_00116,proc_mix_music_train_00116,5.009000,16000,0.87524801,0.22258360,-0.00000743,0.00000000,4.2874
data/generated_v8/audio/train/mix/proc_mix_train_00117.wav,1,1,1,1,1,proc_train_speaker_86,proc_mix_additive_formant+fm_percussive,project_procedural_v8,procedural_v8,,proc_mix_train_00117,proc::mix::train::00117,LOCAL:tools/procedural_audio_v8.py,procedural-v8.1,PROJECT_AUTHORED_PROCEDURAL_OUTPUT_NO_EXTERNAL_ASSETS,YES,YES_PROJECT_OWNED,NO_EXTERNAL_RESTRICTION,procedural_v8,f8eb127f34ff2e23baffde8b69902f35b364c559de0493d388cd1f059089a408,proc::mix::train::00117,c4096905efbdb9ea543fd55180bc8df2d7146e07f44ed423480c66635de770d7,23725025,proc_mix_additive_formant+fm_percussive,train,numpy_scipy_project_generator,NO,proc_mix_voice_train_00117,proc_mix_music_train_00117,5.360000,16000,0.78073829,0.18127747,-0.00000458,0.00000000,6.5384
data/generated_v8/audio/train/mix/proc_mix_train_00118.wav,1,1,1,1,1,proc_train_speaker_87,proc_mix_pulse_lpc+fm_percussive,project_procedural_v8,procedural_v8,,proc_mix_train_00118,proc::mix::train::00118,LOCAL:tools/procedural_audio_v8.py,procedural-v8.1,PROJECT_AUTHORED_PROCEDURAL_OUTPUT_NO_EXTERNAL_ASSETS,YES,YES_PROJECT_OWNED,NO_EXTERNAL_RESTRICTION,procedural_v8,39a76b901a714689c53412ec269c9847c9c906759a5ba4717fe2c50542cd11e5,proc::mix::train::00118,5d13d40d5a167228a6c37488629a456479c19a36750d1c78f294f15a75a2c005,23725026,proc_mix_pulse_lpc+fm_percussive,train,numpy_scipy_project_generator,NO,proc_mix_voice_train_00118,proc_mix_music_train_00118,5.873000,16000,0.91068441,0.20761009,-0.00001765,0.00000000,-2.4961
data/generated_v8/audio/train/mix/proc_mix_train_00119.wav,1,1,1,1,1,proc_train_speaker_88,proc_mix_codec_phase+fm_percussive,project_procedural_v8,procedural_v8,,proc_mix_train_00119,proc::mix::train::00119,LOCAL:tools/procedural_audio_v8.py,procedural-v8.1,PROJECT_AUTHORED_PROCEDURAL_OUTPUT_NO_EXTERNAL_ASSETS,YES,YES_PROJECT_OWNED,NO_EXTERNAL_RESTRICTION,procedural_v8,9aee0240cba815d0eabe87d09e830f5f896f9838fe7d7928b49b5ccbb634ea16,proc::mix::train::00119,72b8e3acc16fa79dc14f3a16b0c89d1a40553f9844885e19b258481cc1c1f78c,23725027,proc_mix_codec_phase+fm_percussive,train,numpy_scipy_project_generator,NO,proc_mix_voice_train_00119,proc_mix_music_train_00119,5.918000,16000,0.77749342,0.15060273,-0.00001549,0.00000000,6.3016
data/generated_v8/audio/val_unseen_generator/mix/proc_mix_val_unseen_generator_00000.wav,1,1,1,1,1,proc_val_unseen_generator_speaker_75,proc_mix_phase_locked_unseen+spectral_block_unseen,project_procedural_v8,procedural_v8,,proc_mix_val_unseen_generator_00000,proc::mix::val_unseen_generator::00000,LOCAL:tools/procedural_audio_v8.py,procedural-v8.1,PROJECT_AUTHORED_PROCEDURAL_OUTPUT_NO_EXTERNAL_ASSETS,YES,YES_PROJECT_OWNED,NO_EXTERNAL_RESTRICTION,procedural_v8,59496c4f6ac945ac80ae0d8a2f492536edc81620d3d649a852fc101b3427e571,proc::mix::val_unseen_generator::00000,519c44ec8d0b77190a30f37be29add4a5ebe902100e4e82e924000e7e7ea86ea,23734908,proc_mix_phase_locked_unseen+spectral_block_unseen,val_unseen_generator,numpy_scipy_project_generator,NO,proc_mix_voice_val_unseen_generator_00000,proc_mix_music_val_unseen_generator_00000,5.554000,16000,0.82831025,0.29270179,-0.00000083,0.00000000,0.9358
data/generated_v8/audio/val_unseen_generator/mix/proc_mix_val_unseen_generator_00001.wav,1,1,1,1,1,proc_val_unseen_generator_speaker_76,proc_mix_phase_locked_unseen+spectral_block_unseen,project_procedural_v8,procedural_v8,,proc_mix_val_unseen_generator_00001,proc::mix::val_unseen_generator::00001,LOCAL:tools/procedural_audio_v8.py,procedural-v8.1,PROJECT_AUTHORED_PROCEDURAL_OUTPUT_NO_EXTERNAL_ASSETS,YES,YES_PROJECT_OWNED,NO_EXTERNAL_RESTRICTION,procedural_v8,ba91625fe1901e00b6ebbb73ad60618e060f22aca9106ff3a52c8ac5a86bac7a,proc::mix::val_unseen_generator::00001,0d83e716404b69e36d3ea093a11e9abd89df13c7ea9cccf5d4e270d4a9f6f595,23734909,proc_mix_phase_locked_unseen+spectral_block_unseen,val_unseen_generator,numpy_scipy_project_generator,NO,proc_mix_voice_val_unseen_generator_00001,proc_mix_music_val_unseen_generator_00001,5.965000,16000,0.77314967,0.30767701,-0.00001051,0.00000000,2.4509
data/generated_v8/audio/val_unseen_generator/mix/proc_mix_val_unseen_generator_00002.wav,1,1,1,1,1,proc_val_unseen_generator_speaker_77,proc_mix_phase_locked_unseen+spectral_block_unseen,project_procedural_v8,procedural_v8,,proc_mix_val_unseen_generator_00002,proc::mix::val_unseen_generator::00002,LOCAL:tools/procedural_audio_v8.py,procedural-v8.1,PROJECT_AUTHORED_PROCEDURAL_OUTPUT_NO_EXTERNAL_ASSETS,YES,YES_PROJECT_OWNED,NO_EXTERNAL_RESTRICTION,procedural_v8,53fe08c867df666165f4359e7139ba34fbdecea8962a62f2548e64ed6dfe95be,proc::mix::val_unseen_generator::00002,19365f606efebd78a6f5960cd862208bfb6c0e36d5857f1d059e3b78aa6d35cb,23734910,proc_mix_phase_locked_unseen+spectral_block_unseen,val_unseen_generator,numpy_scipy_project_generator,NO,proc_mix_voice_val_unseen_generator_00002,proc_mix_music_val_unseen_generator_00002,3.600000,16000,0.91804439,0.35032370,-0.00001856,0.00000000,-6.2632
data/generated_v8/audio/val_unseen_generator/mix/proc_mix_val_unseen_generator_00003.wav,1,1,1,1,1,proc_val_unseen_generator_speaker_78,proc_mix_phase_locked_unseen+spectral_block_unseen,project_procedural_v8,procedural_v8,,proc_mix_val_unseen_generator_00003,proc::mix::val_unseen_generator::00003,LOCAL:tools/procedural_audio_v8.py,procedural-v8.1,PROJECT_AUTHORED_PROCEDURAL_OUTPUT_NO_EXTERNAL_ASSETS,YES,YES_PROJECT_OWNED,NO_EXTERNAL_RESTRICTION,procedural_v8,7d5c0597d49e126cf3f57ac2778d107db5980c220f31b5675682de7062f9d3e5,proc::mix::val_unseen_generator::00003,6365436e71c9675df6c5987e5270893203df5eb54fb4c1b5582f80ae30b973ee,23734911,proc_mix_phase_locked_unseen+spectral_block_unseen,val_unseen_generator,numpy_scipy_project_generator,NO,proc_mix_voice_val_unseen_generator_00003,proc_mix_music_val_unseen_generator_00003,4.505000,16000,0.90919250,0.31814225,-0.00002401,0.00000000,-2.9289
data/generated_v8/audio/val_unseen_generator/mix/proc_mix_val_unseen_generator_00004.wav,1,1,1,1,1,proc_val_unseen_generator_speaker_79,proc_mix_phase_locked_unseen+spectral_block_unseen,project_procedural_v8,procedural_v8,,proc_mix_val_unseen_generator_00004,proc::mix::val_unseen_generator::00004,LOCAL:tools/procedural_audio_v8.py,procedural-v8.1,PROJECT_AUTHORED_PROCEDURAL_OUTPUT_NO_EXTERNAL_ASSETS,YES,YES_PROJECT_OWNED,NO_EXTERNAL_RESTRICTION,procedural_v8,2bba0a0e202fa9a14664bcb59c6422491eb8638acf6f2563a24828a298172598,proc::mix::val_unseen_generator::00004,8c1913440de58450009d1c1141e4ff79c3af41c70d412ebcd6607440bfc9e540,23734912,proc_mix_phase_locked_unseen+spectral_block_unseen,val_unseen_generator,numpy_scipy_project_generator,NO,proc_mix_voice_val_unseen_generator_00004,proc_mix_music_val_unseen_generator_00004,5.359000,16000,0.86574990,0.33544945,-0.00002022,0.00000000,0.2190
data/generated_v8/audio/val_unseen_generator/mix/proc_mix_val_unseen_generator_00005.wav,1,1,1,1,1,proc_val_unseen_generator_speaker_80,proc_mix_phase_locked_unseen+spectral_block_unseen,project_procedural_v8,procedural_v8,,proc_mix_val_unseen_generator_00005,proc::mix::val_unseen_generator::00005,LOCAL:tools/procedural_audio_v8.py,procedural-v8.1,PROJECT_AUTHORED_PROCEDURAL_OUTPUT_NO_EXTERNAL_ASSETS,YES,YES_PROJECT_OWNED,NO_EXTERNAL_RESTRICTION,procedural_v8,41513b1f16ec1823c6253eb79c69e76ae262e64fc31e529fafbee7878da7b352,proc::mix::val_unseen_generator::00005,298d6b933892045b58ad61a2eaef4d114f360e56a8da6fd669a8d5afebb10027,23734913,proc_mix_phase_locked_unseen+spectral_block_unseen,val_unseen_generator,numpy_scipy_project_generator,NO,proc_mix_voice_val_unseen_generator_00005,proc_mix_music_val_unseen_generator_00005,4.523000,16000,0.81178313,0.30817182,-0.00002398,0.00000000,-2.8626
data/generated_v8/audio/val_unseen_generator/mix/proc_mix_val_unseen_generator_00006.wav,1,1,1,1,1,proc_val_unseen_generator_speaker_81,proc_mix_phase_locked_unseen+spectral_block_unseen,project_procedural_v8,procedural_v8,,proc_mix_val_unseen_generator_00006,proc::mix::val_unseen_generator::00006,LOCAL:tools/procedural_audio_v8.py,procedural-v8.1,PROJECT_AUTHORED_PROCEDURAL_OUTPUT_NO_EXTERNAL_ASSETS,YES,YES_PROJECT_OWNED,NO_EXTERNAL_RESTRICTION,procedural_v8,0fa0bace7ce88e66e7f49e2cd0a50795676a2a9fec8629874580b42c49d1939b,proc::mix::val_unseen_generator::00006,98fce0e1dcc1885e375f689debdced3c312c0e1297617a773fc40e9a89aa3d2c,23734914,proc_mix_phase_locked_unseen+spectral_block_unseen,val_unseen_generator,numpy_scipy_project_generator,NO,proc_mix_voice_val_unseen_generator_00006,proc_mix_music_val_unseen_generator_00006,3.631000,16000,0.77623945,0.30144571,-0.00001823,0.00000000,-6.1502
data/generated_v8/audio/val_unseen_generator/mix/proc_mix_val_unseen_generator_00007.wav,1,1,1,1,1,proc_val_unseen_generator_speaker_82,proc_mix_phase_locked_unseen+spectral_block_unseen,project_procedural_v8,procedural_v8,,proc_mix_val_unseen_generator_00007,proc::mix::val_unseen_generator::00007,LOCAL:tools/procedural_audio_v8.py,procedural-v8.1,PROJECT_AUTHORED_PROCEDURAL_OUTPUT_NO_EXTERNAL_ASSETS,YES,YES_PROJECT_OWNED,NO_EXTERNAL_RESTRICTION,procedural_v8,73a8e9c3cfc805524e260f666d2279794e8d83be2fa5811e73cc0caadcb29300,proc::mix::val_unseen_generator::00007,9bcc797ba1badcc33278e0a54880c8b2074ed8ec9cc06f782309ff779f3b3c33,23734915,proc_mix_phase_locked_unseen+spectral_block_unseen,val_unseen_generator,numpy_scipy_project_generator,NO,proc_mix_voice_val_unseen_generator_00007,proc_mix_music_val_unseen_generator_00007,3.878000,16000,0.88991630,0.35198755,-0.00001223,0.00000000,-5.2396
data/generated_v8/audio/val_unseen_generator/mix/proc_mix_val_unseen_generator_00008.wav,1,1,1,1,1,proc_val_unseen_generator_speaker_83,proc_mix_phase_locked_unseen+spectral_block_unseen,project_procedural_v8,procedural_v8,,proc_mix_val_unseen_generator_00008,proc::mix::val_unseen_generator::00008,LOCAL:tools/procedural_audio_v8.py,procedural-v8.1,PROJECT_AUTHORED_PROCEDURAL_OUTPUT_NO_EXTERNAL_ASSETS,YES,YES_PROJECT_OWNED,NO_EXTERNAL_RESTRICTION,procedural_v8,78bf7e14e13dbd146680a055252f24c4e6b2eabd4649c4e742976278103a68cf,proc::mix::val_unseen_generator::00008,3d1fa59413f0d794a4ecea817b0e99165c52d935d8e0671d7658410871d1e97b,23734916,proc_mix_phase_locked_unseen+spectral_block_unseen,val_unseen_generator,numpy_scipy_project_generator,NO,proc_mix_voice_val_unseen_generator_00008,proc_mix_music_val_unseen_generator_00008,6.153000,16000,0.77864343,0.30115094,-0.00001751,0.00000000,3.1438
data/generated_v8/audio/val_unseen_generator/mix/proc_mix_val_unseen_generator_00009.wav,1,1,1,1,1,proc_val_unseen_generator_speaker_84,proc_mix_phase_locked_unseen+spectral_block_unseen,project_procedural_v8,procedural_v8,,proc_mix_val_unseen_generator_00009,proc::mix::val_unseen_generator::00009,LOCAL:tools/procedural_audio_v8.py,procedural-v8.1,PROJECT_AUTHORED_PROCEDURAL_OUTPUT_NO_EXTERNAL_ASSETS,YES,YES_PROJECT_OWNED,NO_EXTERNAL_RESTRICTION,procedural_v8,606daf2d591c95bb6b2d96351821bf64d00ed0aa0aaa4f44fff16f88f6f6b7dd,proc::mix::val_unseen_generator::00009,1b789c6fdf60e8f32c7f6e63e98fb3ae4999f11b1ed708ff8b34ef96c00ecddc,23734917,proc_mix_phase_locked_unseen+spectral_block_unseen,val_unseen_generator,numpy_scipy_project_generator,NO,proc_mix_voice_val_unseen_generator_00009,proc_mix_music_val_unseen_generator_00009,4.666000,16000,0.83712739,0.35991369,-0.00001400,0.00000000,-2.3366
data/generated_v8/audio/val_unseen_generator/mix/proc_mix_val_unseen_generator_00010.wav,1,1,1,1,1,proc_val_unseen_generator_speaker_85,proc_mix_phase_locked_unseen+spectral_block_unseen,project_procedural_v8,procedural_v8,,proc_mix_val_unseen_generator_00010,proc::mix::val_unseen_generator::00010,LOCAL:tools/procedural_audio_v8.py,procedural-v8.1,PROJECT_AUTHORED_PROCEDURAL_OUTPUT_NO_EXTERNAL_ASSETS,YES,YES_PROJECT_OWNED,NO_EXTERNAL_RESTRICTION,procedural_v8,ff2496a5b7cfa8c534fe3777d688549f40a7f4c49fb035d449c0c48432bc15df,proc::mix::val_unseen_generator::00010,865a6a496f830a4714194aa13e2d9c03e6dfda703ae8dddc5c00036df5dcab72,23734918,proc_mix_phase_locked_unseen+spectral_block_unseen,val_unseen_generator,numpy_scipy_project_generator,NO,proc_mix_voice_val_unseen_generator_00010,proc_mix_music_val_unseen_generator_00010,5.235000,16000,0.85866338,0.29087620,-0.00000824,0.00000000,-0.2405
data/generated_v8/audio/val_unseen_generator/mix/proc_mix_val_unseen_generator_00011.wav,1,1,1,1,1,proc_val_unseen_generator_speaker_86,proc_mix_phase_locked_unseen+spectral_block_unseen,project_procedural_v8,procedural_v8,,proc_mix_val_unseen_generator_00011,proc::mix::val_unseen_generator::00011,LOCAL:tools/procedural_audio_v8.py,procedural-v8.1,PROJECT_AUTHORED_PROCEDURAL_OUTPUT_NO_EXTERNAL_ASSETS,YES,YES_PROJECT_OWNED,NO_EXTERNAL_RESTRICTION,procedural_v8,d90883cb46d7fda826b2e29362aabcb607bda03307e0ddf20c417f17bbbd0512,proc::mix::val_unseen_generator::00011,d8b6ebe8e8a4c9508292b6de17b0e1a89598d5e895a67d257a6f632d9143d9a3,23734919,proc_mix_phase_locked_unseen+spectral_block_unseen,val_unseen_generator,numpy_scipy_project_generator,NO,proc_mix_voice_val_unseen_generator_00011,proc_mix_music_val_unseen_generator_00011,5.685000,16000,0.76290143,0.29586228,-0.00001879,0.00000000,1.4198
data/generated_v8/audio/val_unseen_generator/mix/proc_mix_val_unseen_generator_00012.wav,1,1,1,1,1,proc_val_unseen_generator_speaker_87,proc_mix_phase_locked_unseen+spectral_block_unseen,project_procedural_v8,procedural_v8,,proc_mix_val_unseen_generator_00012,proc::mix::val_unseen_generator::00012,LOCAL:tools/procedural_audio_v8.py,procedural-v8.1,PROJECT_AUTHORED_PROCEDURAL_OUTPUT_NO_EXTERNAL_ASSETS,YES,YES_PROJECT_OWNED,NO_EXTERNAL_RESTRICTION,procedural_v8,6dae10a9965be625d1db465e1fe29a0b9a50e4c8dbce43afda1f60263b7419ec,proc::mix::val_unseen_generator::00012,45ba4e3794a424fe211a8ceb39b68c61a6d61cee71915eb781a972ee3839edaa,23734920,proc_mix_phase_locked_unseen+spectral_block_unseen,val_unseen_generator,numpy_scipy_project_generator,NO,proc_mix_voice_val_unseen_generator_00012,proc_mix_music_val_unseen_generator_00012,5.436000,16000,0.80116928,0.29527197,-0.00001376,0.00000000,0.5008
data/generated_v8/audio/val_unseen_generator/mix/proc_mix_val_unseen_generator_00013.wav,1,1,1,1,1,proc_val_unseen_generator_speaker_88,proc_mix_phase_locked_unseen+spectral_block_unseen,project_procedural_v8,procedural_v8,,proc_mix_val_unseen_generator_00013,proc::mix::val_unseen_generator::00013,LOCAL:tools/procedural_audio_v8.py,procedural-v8.1,PROJECT_AUTHORED_PROCEDURAL_OUTPUT_NO_EXTERNAL_ASSETS,YES,YES_PROJECT_OWNED,NO_EXTERNAL_RESTRICTION,procedural_v8,1926fccafec4b749158933ff4ac348fd5a956976f3b0766b0c19017ca2bb5118,proc::mix::val_unseen_generator::00013,53ce93313d6c60a02e3d2352ca21cf7bff0f3907b5a4db591366e325e8b84239,23734921,proc_mix_phase_locked_unseen+spectral_block_unseen,val_unseen_generator,numpy_scipy_project_generator,NO,proc_mix_voice_val_unseen_generator_00013,proc_mix_music_val_unseen_generator_00013,5.028000,16000,0.87038958,0.34142931,-0.00002380,0.00000000,-1.0031
data/generated_v8/audio/val_unseen_generator/mix/proc_mix_val_unseen_generator_00014.wav,1,1,1,1,1,proc_val_unseen_generator_speaker_89,proc_mix_phase_locked_unseen+spectral_block_unseen,project_procedural_v8,procedural_v8,,proc_mix_val_unseen_generator_00014,proc::mix::val_unseen_generator::00014,LOCAL:tools/procedural_audio_v8.py,procedural-v8.1,PROJECT_AUTHORED_PROCEDURAL_OUTPUT_NO_EXTERNAL_ASSETS,YES,YES_PROJECT_OWNED,NO_EXTERNAL_RESTRICTION,procedural_v8,dfd743adbd5113a5aa8f6e4c5966862a519256557f6a07bfdb8738fc40605434,proc::mix::val_unseen_generator::00014,7393d4353eee180d3ff41d33ebc1522f2cd83c507eb70c56538ee061ab389c06,23734922,proc_mix_phase_locked_unseen+spectral_block_unseen,val_unseen_generator,numpy_scipy_project_generator,NO,proc_mix_voice_val_unseen_generator_00014,proc_mix_music_val_unseen_generator_00014,6.479000,16000,0.81712669,0.29454529,-0.00001092,0.00000000,4.3436
data/generated_v8/audio/val_unseen_generator/mix/proc_mix_val_unseen_generator_00015.wav,1,1,1,1,1,proc_val_unseen_generator_speaker_90,proc_mix_phase_locked_unseen+spectral_block_unseen,project_procedural_v8,procedural_v8,,proc_mix_val_unseen_generator_00015,proc::mix::val_unseen_generator::00015,LOCAL:tools/procedural_audio_v8.py,procedural-v8.1,PROJECT_AUTHORED_PROCEDURAL_OUTPUT_NO_EXTERNAL_ASSETS,YES,YES_PROJECT_OWNED,NO_EXTERNAL_RESTRICTION,procedural_v8,c4c2c448099390d4eec90ee64e5832362d1b338a9007ec27109046dd27c3a3ca,proc::mix::val_unseen_generator::00015,500c8e59abd7b5766352a11bc0a4c9d939610aa99410ad44872592081932548d,23734923,proc_mix_phase_locked_unseen+spectral_block_unseen,val_unseen_generator,numpy_scipy_project_generator,NO,proc_mix_voice_val_unseen_generator_00015,proc_mix_music_val_unseen_generator_00015,4.407000,16000,0.82401758,0.30538493,-0.00002150,0.00000000,-3.2892
data/generated_v8/audio/val_unseen_generator/mix/proc_mix_val_unseen_generator_00016.wav,1,1,1,1,1,proc_val_unseen_generator_speaker_91,proc_mix_phase_locked_unseen+spectral_block_unseen,project_procedural_v8,procedural_v8,,proc_mix_val_unseen_generator_00016,proc::mix::val_unseen_generator::00016,LOCAL:tools/procedural_audio_v8.py,procedural-v8.1,PROJECT_AUTHORED_PROCEDURAL_OUTPUT_NO_EXTERNAL_ASSETS,YES,YES_PROJECT_OWNED,NO_EXTERNAL_RESTRICTION,procedural_v8,866f4d325bf151b117f041bc36c07440601d54bcacfbd6dc5cf16f7769035d50,proc::mix::val_unseen_generator::00016,7b239510165b4065aa3c899688a1bf1c366f4a4afe0875a516a78b45fd5dcf53,23734924,proc_mix_phase_locked_unseen+spectral_block_unseen,val_unseen_generator,numpy_scipy_project_generator,NO,proc_mix_voice_val_unseen_generator_00016,proc_mix_music_val_unseen_generator_00016,5.806000,16000,0.92140400,0.33798743,-0.00002922,0.00000000,1.8648
data/generated_v8/audio/val_unseen_generator/mix/proc_mix_val_unseen_generator_00017.wav,1,1,1,1,1,proc_val_unseen_generator_speaker_92,proc_mix_phase_locked_unseen+spectral_block_unseen,project_procedural_v8,procedural_v8,,proc_mix_val_unseen_generator_00017,proc::mix::val_unseen_generator::00017,LOCAL:tools/procedural_audio_v8.py,procedural-v8.1,PROJECT_AUTHORED_PROCEDURAL_OUTPUT_NO_EXTERNAL_ASSETS,YES,YES_PROJECT_OWNED,NO_EXTERNAL_RESTRICTION,procedural_v8,f70f0a619c087a2b80d32081bb4ef37063c83a63ce3dee79aee39242269de802,proc::mix::val_unseen_generator::00017,9d0fee480148f691fb606859d5e383309cf280698bf3f34046e7d78a473e16e9,23734925,proc_mix_phase_locked_unseen+spectral_block_unseen,val_unseen_generator,numpy_scipy_project_generator,NO,proc_mix_voice_val_unseen_generator_00017,proc_mix_music_val_unseen_generator_00017,5.845000,16000,0.85090065,0.33205376,-0.00002018,0.00000000,2.0083
data/generated_v8/audio/val_unseen_generator/mix/proc_mix_val_unseen_generator_00018.wav,1,1,1,1,1,proc_val_unseen_generator_speaker_93,proc_mix_phase_locked_unseen+spectral_block_unseen,project_procedural_v8,procedural_v8,,proc_mix_val_unseen_generator_00018,proc::mix::val_unseen_generator::00018,LOCAL:tools/procedural_audio_v8.py,procedural-v8.1,PROJECT_AUTHORED_PROCEDURAL_OUTPUT_NO_EXTERNAL_ASSETS,YES,YES_PROJECT_OWNED,NO_EXTERNAL_RESTRICTION,procedural_v8,1f0bcb927a7bf1a36496ca3f7b1f6cdb6c49cfd0e472598f1d8b9904a7372a91,proc::mix::val_unseen_generator::00018,ac14ee0148a40697839fb95de080a23b67380b7b64a820b6ae27385c21305c9a,23734926,proc_mix_phase_locked_unseen+spectral_block_unseen,val_unseen_generator,numpy_scipy_project_generator,NO,proc_mix_voice_val_unseen_generator_00018,proc_mix_music_val_unseen_generator_00018,5.634000,16000,0.85587335,0.33911240,-0.00001924,0.00000000,1.2319
data/generated_v8/audio/val_unseen_generator/mix/proc_mix_val_unseen_generator_00019.wav,1,1,1,1,1,proc_val_unseen_generator_speaker_94,proc_mix_phase_locked_unseen+spectral_block_unseen,project_procedural_v8,procedural_v8,,proc_mix_val_unseen_generator_00019,proc::mix::val_unseen_generator::00019,LOCAL:tools/procedural_audio_v8.py,procedural-v8.1,PROJECT_AUTHORED_PROCEDURAL_OUTPUT_NO_EXTERNAL_ASSETS,YES,YES_PROJECT_OWNED,NO_EXTERNAL_RESTRICTION,procedural_v8,1f630662e8ef347f309b4f0d6a39ba692304bc093ba2b3f4b2205d530cef8086,proc::mix::val_unseen_generator::00019,d3e038be26cff1065229fa7ffa82acacd87f2a62798c81d5a7deb69c648e968d,23734927,proc_mix_phase_locked_unseen+spectral_block_unseen,val_unseen_generator,numpy_scipy_project_generator,NO,proc_mix_voice_val_unseen_generator_00019,proc_mix_music_val_unseen_generator_00019,6.700000,16000,0.76207060,0.29268571,-0.00001041,0.00000000,5.1589
data/generated_v8/audio/val_unseen_generator/mix/proc_mix_val_unseen_generator_00020.wav,1,1,1,1,1,proc_val_unseen_generator_speaker_95,proc_mix_phase_locked_unseen+spectral_block_unseen,project_procedural_v8,procedural_v8,,proc_mix_val_unseen_generator_00020,proc::mix::val_unseen_generator::00020,LOCAL:tools/procedural_audio_v8.py,procedural-v8.1,PROJECT_AUTHORED_PROCEDURAL_OUTPUT_NO_EXTERNAL_ASSETS,YES,YES_PROJECT_OWNED,NO_EXTERNAL_RESTRICTION,procedural_v8,69053cbd2b8c13d7f64cc0f323a63467a4b295a2b5b5f335df24a7d58266453a,proc::mix::val_unseen_generator::00020,62af633737578b0fdb7c988106afeae35d2a9f4f0917759d19d7593b01085ea8,23734928,proc_mix_phase_locked_unseen+spectral_block_unseen,val_unseen_generator,numpy_scipy_project_generator,NO,proc_mix_voice_val_unseen_generator_00020,proc_mix_music_val_unseen_generator_00020,4.814000,16000,0.83380067,0.31464028,-0.00000895,0.00000000,-1.7916
data/generated_v8/audio/val_unseen_generator/mix/proc_mix_val_unseen_generator_00021.wav,1,1,1,1,1,proc_val_unseen_generator_speaker_96,proc_mix_phase_locked_unseen+spectral_block_unseen,project_procedural_v8,procedural_v8,,proc_mix_val_unseen_generator_00021,proc::mix::val_unseen_generator::00021,LOCAL:tools/procedural_audio_v8.py,procedural-v8.1,PROJECT_AUTHORED_PROCEDURAL_OUTPUT_NO_EXTERNAL_ASSETS,YES,YES_PROJECT_OWNED,NO_EXTERNAL_RESTRICTION,procedural_v8,017d99dabe6155f944e215b4a1d98b238bb7cb45ed8e39b22640c801d890641b,proc::mix::val_unseen_generator::00021,499d8982fc752e9050ed81ccf8517a394f9bde2e92d814bf420c18df60fd3698,23734929,proc_mix_phase_locked_unseen+spectral_block_unseen,val_unseen_generator,numpy_scipy_project_generator,NO,proc_mix_voice_val_unseen_generator_00021,proc_mix_music_val_unseen_generator_00021,3.919000,16000,0.86834317,0.31918795,-0.00001838,0.00000000,-5.0883
data/generated_v8/audio/val_unseen_generator/mix/proc_mix_val_unseen_generator_00022.wav,1,1,1,1,1,proc_val_unseen_generator_speaker_00,proc_mix_phase_locked_unseen+spectral_block_unseen,project_procedural_v8,procedural_v8,,proc_mix_val_unseen_generator_00022,proc::mix::val_unseen_generator::00022,LOCAL:tools/procedural_audio_v8.py,procedural-v8.1,PROJECT_AUTHORED_PROCEDURAL_OUTPUT_NO_EXTERNAL_ASSETS,YES,YES_PROJECT_OWNED,NO_EXTERNAL_RESTRICTION,procedural_v8,561545eb67cecdedfebe3130f85ae32ba6952dccf498892a7ab7ceb1e62e008d,proc::mix::val_unseen_generator::00022,adacaa8b45e39ea92dbdabf68b2c4ebca5ae5ada2b2dd788dd7431aba29f3d10,23734930,proc_mix_phase_locked_unseen+spectral_block_unseen,val_unseen_generator,numpy_scipy_project_generator,NO,proc_mix_voice_val_unseen_generator_00022,proc_mix_music_val_unseen_generator_00022,3.913000,16000,0.92910451,0.35191696,-0.00001200,0.00000000,-5.1100
data/generated_v8/audio/val_unseen_generator/mix/proc_mix_val_unseen_generator_00023.wav,1,1,1,1,1,proc_val_unseen_generator_speaker_01,proc_mix_phase_locked_unseen+spectral_block_unseen,project_procedural_v8,procedural_v8,,proc_mix_val_unseen_generator_00023,proc::mix::val_unseen_generator::00023,LOCAL:tools/procedural_audio_v8.py,procedural-v8.1,PROJECT_AUTHORED_PROCEDURAL_OUTPUT_NO_EXTERNAL_ASSETS,YES,YES_PROJECT_OWNED,NO_EXTERNAL_RESTRICTION,procedural_v8,865bb092f03824234044b98df897b3693a696a65ad4fdc757b94e32cdb3f6652,proc::mix::val_unseen_generator::00023,85bf4392a3ba8fa865a8ad0ac1f13ed5f72a68f6ac14c4347a924385e455224d,23734931,proc_mix_phase_locked_unseen+spectral_block_unseen,val_unseen_generator,numpy_scipy_project_generator,NO,proc_mix_voice_val_unseen_generator_00023,proc_mix_music_val_unseen_generator_00023,5.838000,16000,0.84129369,0.29386335,-0.00001314,0.00000000,1.9825
data/generated_v8/audio/val_unseen_generator/mix/proc_mix_val_unseen_generator_00024.wav,1,1,1,1,1,proc_val_unseen_generator_speaker_02,proc_mix_phase_locked_unseen+spectral_block_unseen,project_procedural_v8,procedural_v8,,proc_mix_val_unseen_generator_00024,proc::mix::val_unseen_generator::00024,LOCAL:tools/procedural_audio_v8.py,procedural-v8.1,PROJECT_AUTHORED_PROCEDURAL_OUTPUT_NO_EXTERNAL_ASSETS,YES,YES_PROJECT_OWNED,NO_EXTERNAL_RESTRICTION,procedural_v8,ce2ee8e6ce5a3976ef700ceeeea13119fb41d33cbf1af23f5fee73cdbf352a37,proc::mix::val_unseen_generator::00024,e5dd8cae0708d573599833b07c0577689b651afdfe1671cc304a0f54270bf026,23734932,proc_mix_phase_locked_unseen+spectral_block_unseen,val_unseen_generator,numpy_scipy_project_generator,NO,proc_mix_voice_val_unseen_generator_00024,proc_mix_music_val_unseen_generator_00024,3.536000,16000,0.83152652,0.30453320,-0.00000931,0.00000000,-6.4984
data/generated_v8/audio/val_unseen_generator/mix/proc_mix_val_unseen_generator_00025.wav,1,1,1,1,1,proc_val_unseen_generator_speaker_03,proc_mix_phase_locked_unseen+spectral_block_unseen,project_procedural_v8,procedural_v8,,proc_mix_val_unseen_generator_00025,proc::mix::val_unseen_generator::00025,LOCAL:tools/procedural_audio_v8.py,procedural-v8.1,PROJECT_AUTHORED_PROCEDURAL_OUTPUT_NO_EXTERNAL_ASSETS,YES,YES_PROJECT_OWNED,NO_EXTERNAL_RESTRICTION,procedural_v8,aa39bdd21a53b9b544aa31af72469618641494e0d58c0a93cac103de50e2fbaf,proc::mix::val_unseen_generator::00025,663e91752c7114f8b4818b5b8f4ea7171449c933affc9da1a528b9e49113b159,23734933,proc_mix_phase_locked_unseen+spectral_block_unseen,val_unseen_generator,numpy_scipy_project_generator,NO,proc_mix_voice_val_unseen_generator_00025,proc_mix_music_val_unseen_generator_00025,6.311000,16000,0.91304547,0.33795134,-0.00000199,0.00000000,3.7258
data/generated_v8/audio/val_unseen_generator/mix/proc_mix_val_unseen_generator_00026.wav,1,1,1,1,1,proc_val_unseen_generator_speaker_04,proc_mix_phase_locked_unseen+spectral_block_unseen,project_procedural_v8,procedural_v8,,proc_mix_val_unseen_generator_00026,proc::mix::val_unseen_generator::00026,LOCAL:tools/procedural_audio_v8.py,procedural-v8.1,PROJECT_AUTHORED_PROCEDURAL_OUTPUT_NO_EXTERNAL_ASSETS,YES,YES_PROJECT_OWNED,NO_EXTERNAL_RESTRICTION,procedural_v8,1521a6d23882fab601565a657d60f153e28c2a33e06f30d70412ac73c79efaf5,proc::mix::val_unseen_generator::00026,df57f520e33c3f0de0f22f86199420e60ed7105f89fbac3b1c1d38c2016c3ec8,23734934,proc_mix_phase_locked_unseen+spectral_block_unseen,val_unseen_generator,numpy_scipy_project_generator,NO,proc_mix_voice_val_unseen_generator_00026,proc_mix_music_val_unseen_generator_00026,4.096000,16000,0.82927960,0.34544895,-0.00003138,0.00000000,-4.4347
data/generated_v8/audio/val_unseen_generator/mix/proc_mix_val_unseen_generator_00027.wav,1,1,1,1,1,proc_val_unseen_generator_speaker_05,proc_mix_phase_locked_unseen+spectral_block_unseen,project_procedural_v8,procedural_v8,,proc_mix_val_unseen_generator_00027,proc::mix::val_unseen_generator::00027,LOCAL:tools/procedural_audio_v8.py,procedural-v8.1,PROJECT_AUTHORED_PROCEDURAL_OUTPUT_NO_EXTERNAL_ASSETS,YES,YES_PROJECT_OWNED,NO_EXTERNAL_RESTRICTION,procedural_v8,1c50f8b964bbe86075a9406f2a2db4c23540745a16f588447a9c5c1835cadb8b,proc::mix::val_unseen_generator::00027,3bbb805d18b9c32b905bc2210c3bbe059b7bff824f18aa341883a8b0465b5d09,23734935,proc_mix_phase_locked_unseen+spectral_block_unseen,val_unseen_generator,numpy_scipy_project_generator,NO,proc_mix_voice_val_unseen_generator_00027,proc_mix_music_val_unseen_generator_00027,5.248000,16000,0.91159743,0.33475844,-0.00001732,0.00000000,-0.1928
data/generated_v8/audio/val_unseen_generator/mix/proc_mix_val_unseen_generator_00028.wav,1,1,1,1,1,proc_val_unseen_generator_speaker_06,proc_mix_phase_locked_unseen+spectral_block_unseen,project_procedural_v8,procedural_v8,,proc_mix_val_unseen_generator_00028,proc::mix::val_unseen_generator::00028,LOCAL:tools/procedural_audio_v8.py,procedural-v8.1,PROJECT_AUTHORED_PROCEDURAL_OUTPUT_NO_EXTERNAL_ASSETS,YES,YES_PROJECT_OWNED,NO_EXTERNAL_RESTRICTION,procedural_v8,e2e1969e0f81d5a61f09803a6d1d6765b0b252bd431b3fec89dcd87fb4ef2490,proc::mix::val_unseen_generator::00028,35c0c7d805f7a0d20176a192e35f9082eda7f1a416da796f02412eb60309b8e9,23734936,proc_mix_phase_locked_unseen+spectral_block_unseen,val_unseen_generator,numpy_scipy_project_generator,NO,proc_mix_voice_val_unseen_generator_00028,proc_mix_music_val_unseen_generator_00028,5.366000,16000,0.81719398,0.33365495,-0.00001896,0.00000000,0.2446
data/generated_v8/audio/val_unseen_generator/mix/proc_mix_val_unseen_generator_00029.wav,1,1,1,1,1,proc_val_unseen_generator_speaker_07,proc_mix_phase_locked_unseen+spectral_block_unseen,project_procedural_v8,procedural_v8,,proc_mix_val_unseen_generator_00029,proc::mix::val_unseen_generator::00029,LOCAL:tools/procedural_audio_v8.py,procedural-v8.1,PROJECT_AUTHORED_PROCEDURAL_OUTPUT_NO_EXTERNAL_ASSETS,YES,YES_PROJECT_OWNED,NO_EXTERNAL_RESTRICTION,procedural_v8,cefa612739023f725e38ed217b2778cedab6b615a1852804d01c188791f09c96,proc::mix::val_unseen_generator::00029,2a93c10ba9dc4c3d44564b143fa2125914059adaac3176a2d32c93d713eb830c,23734937,proc_mix_phase_locked_unseen+spectral_block_unseen,val_unseen_generator,numpy_scipy_project_generator,NO,proc_mix_voice_val_unseen_generator_00029,proc_mix_music_val_unseen_generator_00029,5.102000,16000,0.84610760,0.32302301,-0.00002440,0.00000000,-0.7310
